SMILES,Heat_Capacity_Sat_40C_J_K_Mol,MaxEStateIndex,MinEStateIndex,MaxAbsEStateIndex,MinAbsEStateIndex,qed,MolWt,HeavyAtomMolWt,ExactMolWt,NumValenceElectrons,MaxPartialCharge,MinPartialCharge,MaxAbsPartialCharge,MinAbsPartialCharge,FpDensityMorgan1,FpDensityMorgan2,FpDensityMorgan3,BCUT2D_MWHI,BCUT2D_MWLOW,BCUT2D_CHGHI,BCUT2D_CHGLO,BCUT2D_LOGPHI,BCUT2D_LOGPLOW,BCUT2D_MRHI,BCUT2D_MRLOW,BalabanJ,BertzCT,Chi0,Chi0n,Chi0v,Chi1,Chi1n,Chi1v,Chi2n,Chi2v,Chi3n,Chi3v,Chi4n,Chi4v,HallKierAlpha,Ipc,Kappa1,Kappa2,Kappa3,LabuteASA,PEOE_VSA1,PEOE_VSA10,PEOE_VSA11,PEOE_VSA13,PEOE_VSA14,PEOE_VSA2,PEOE_VSA3,PEOE_VSA5,PEOE_VSA6,PEOE_VSA7,PEOE_VSA8,PEOE_VSA9,SMR_VSA1,SMR_VSA10,SMR_VSA4,SMR_VSA5,SMR_VSA6,SMR_VSA7,SMR_VSA9,SlogP_VSA1,SlogP_VSA11,SlogP_VSA2,SlogP_VSA3,SlogP_VSA4,SlogP_VSA5,SlogP_VSA6,SlogP_VSA8,TPSA,EState_VSA1,EState_VSA10,EState_VSA2,EState_VSA3,EState_VSA4,EState_VSA5,EState_VSA6,EState_VSA7,EState_VSA8,EState_VSA9,VSA_EState1,VSA_EState2,VSA_EState3,VSA_EState4,VSA_EState5,VSA_EState6,VSA_EState7,VSA_EState8,VSA_EState9,FractionCSP3,HeavyAtomCount,NHOHCount,NOCount,NumAliphaticCarbocycles,NumAliphaticRings,NumAromaticCarbocycles,NumAromaticRings,NumHAcceptors,NumHDonors,NumHeteroatoms,NumRotatableBonds,NumSaturatedCarbocycles,NumSaturatedRings,RingCount,MolLogP,MolMR,fr_Al_COO,fr_Al_OH,fr_Al_OH_noTert,fr_Ar_OH,fr_COO,fr_COO2,fr_C_O,fr_C_O_noCOO,fr_allylic_oxid,fr_aryl_methyl,fr_benzene,fr_bicyclic,fr_ester,fr_ether,fr_ketone,fr_ketone_Topliss,fr_methoxy,fr_para_hydroxylation,fr_phenol,fr_phenol_noOrthoHbond,fr_unbrch_alkane
CCOCOCOCOCC,336.0,4.8969907407407405,0.2222222222222223,4.8969907407407405,0.2222222222222223,0.3953664130705376,164.201,148.07299999999998,164.104858992,68,0.1519542881733088,-0.3555996470566448,0.3555996470566448,0.1519542881733088,0.6363636363636364,1.0,1.3636363636363635,16.767598250843673,10.876012080297832,1.85702178194232,-2.0417698027719773,1.809875408265573,-2.0640681484273333,4.084870159343322,-0.1670573138583126,2.6909155266923976,59.46091337656868,8.36396103067893,7.16852706778819,7.16852706778819,5.414213562373096,3.723614639131599,3.723614639131599,1.7474002407106255,1.7474002407106255,0.9082482904638632,0.9082482904638632,0.4114847437072807,0.4114847437072807,-0.16,292.8860629742695,10.840000000000002,9.839999999999998,9.840000000000002,67.38308463223672,18.9474518152002,13.585884612199656,6.792942306099827,0.0,0.0,0.0,0.0,0.0,0.0,13.847474399381248,13.213763929025836,0.0,18.9474518152002,0.0,0.0,13.847474399381248,33.59259084732532,0.0,0.0,0.0,0.0,33.59259084732532,18.9474518152002,0.0,13.847474399381248,0.0,0.0,36.92,0.0,0.0,20.37882691829948,13.213763929025836,0.0,0.0,0.0,13.847474399381248,0.0,18.9474518152002,19.58631708238851,0.0,0.0,0.0,0.0,0.0,0.0,5.91368291761149,0.0,1.0,11,0,4,0,0,0,0,4,0,4,8,0,0,0,0.9651,40.02300000000001,0,0,0,0,0,0,0,0,0,0,0,0,0,4,0,0,0,0,0,0,6
C(C)(=O)OCCOCCOC(C)=O,349.0,10.274797921885314,-0.3300129913076339,10.274797921885314,0.2315523431594859,0.4397550161530396,190.195,176.08299999999997,190.084123548,76,0.3022073009468543,-0.4634225188186796,0.4634225188186796,0.3022073009468543,0.8461538461538461,1.2307692307692308,1.5384615384615383,16.57307641215372,10.672594260733122,1.9402323668872623,-2.0372240951440124,1.8133760198471016,-2.117457674804883,5.656355597795518,-0.1434278925191595,2.9961049979124525,147.91732137225364,10.104448006685086,7.8696685770655055,7.8696685770655055,6.125897657686229,3.9711971193069777,3.9711971193069777,2.292459108348864,2.292459108348864,1.065992211285982,1.065992211285982,0.5907040147123218,0.5907040147123218,-1.1,553.7222910566771,11.9,7.544022314808277,10.9,76.95752571721397,14.210588861400147,13.213763929025836,0.0,0.0,11.9386105759037,9.589074368143644,0.0,0.0,0.0,0.0,13.847474399381248,13.213763929025836,23.79966322954379,11.9386105759037,0.0,13.847474399381248,26.427527858051672,0.0,0.0,0.0,0.0,38.36613843395537,23.79966322954379,0.0,13.847474399381248,0.0,0.0,61.830000000000005,0.0,9.589074368143644,25.152374504929533,13.213763929025836,0.0,13.847474399381248,0.0,0.0,9.473725907600098,4.736862953800049,14.17568672839506,20.549595843770625,0.0,0.0,-0.6600259826152677,0.0,0.0,3.768076743782912,0.0,0.75,13,0,5,0,0,0,0,5,0,5,6,0,0,0,0.1291999999999999,44.08500000000002,0,0,0,0,0,0,2,2,0,0,0,0,2,3,0,0,0,0,0,0,4
CCOCOCOCOCOCC,221.3,4.922335600907029,0.1727430555555555,4.922335600907029,0.1727430555555555,0.3823404255649405,194.227,176.08299999999997,194.115423676,80,0.1519569417599505,-0.3555996470564138,0.3555996470564138,0.1519569417599505,0.5384615384615384,0.8461538461538461,1.1538461538461535,16.78866563166986,10.877498296750057,1.8790923714955936,-2.057283192421537,1.82743179602105,-2.083519887297722,4.088283148340911,-0.1900857505671086,2.758149818433293,78.60357147141794,9.778174593052023,8.283882139438601,8.283882139438601,6.414213562373096,4.300964908321225,4.300964908321225,2.069375516140316,2.069375516140316,1.07491495713053,1.07491495713053,0.5044309996781483,0.5044309996781483,-0.2,812.7027727261354,12.800000000000002,11.8,11.8,78.8615719761402,23.684314769000245,13.585884612199656,13.585884612199656,0.0,0.0,0.0,0.0,0.0,0.0,13.847474399381248,13.213763929025836,0.0,23.684314769000245,0.0,0.0,13.847474399381248,40.38553315342514,0.0,0.0,0.0,0.0,40.38553315342514,23.684314769000245,0.0,13.847474399381248,0.0,0.0,46.150000000000006,0.0,0.0,27.17176922439931,13.213763929025836,0.0,0.0,0.0,13.847474399381248,0.0,23.684314769000245,24.57472158192937,0.0,0.0,0.0,0.0,0.0,0.0,5.925278418070626,0.0,1.0,13,0,5,0,0,0,0,5,0,5,10,0,0,0,0.9392,45.97500000000003,0,0,0,0,0,0,0,0,0,0,0,0,0,5,0,0,0,0,0,0,8
C1(CCCCC1)C(=O)OCC,279.0,11.17587962962963,0.0205555555555558,11.17587962962963,0.0205555555555558,0.572362235900361,156.225,140.09699999999998,156.115029752,64,0.30841465533709,-0.4657656863498713,0.4657656863498713,0.30841465533709,1.3636363636363635,2.0,2.5454545454545454,16.532799927903277,9.89387827801078,2.2097945722316217,-2.1867992048163027,2.238387800174044,-2.195448374828461,5.719104471000437,-0.1485872038129106,2.2652187436469213,125.52442279202944,8.104448006685084,7.136487537236636,7.136487537236636,5.3425352551010965,4.509201921767763,4.509201921767763,3.086982161649192,3.086982161649192,2.225101514585491,2.225101514585491,1.5984009660410865,1.5984009660410865,-0.53,380.17580046477946,8.565510983763133,4.369018590889185,2.5237952602171454,67.92802411902382,4.736862953800049,0.0,0.0,0.0,5.969305287951849,4.794537184071822,0.0,0.0,19.26246486877803,19.765380445542643,0.0,12.52478801067431,9.53140013787187,5.969305287951849,5.917906046161393,39.02784531432067,6.606881964512918,0.0,0.0,0.0,0.0,12.576187252464766,9.53140013787187,5.917906046161393,39.02784531432067,0.0,0.0,26.3,0.0,4.794537184071822,11.887211334113244,6.606881964512918,12.84164324585202,19.26246486877803,0.0,6.923737199690624,0.0,4.736862953800049,4.942407407407408,11.17587962962963,0.0,0.0,0.2323148148148148,0.0,5.764418225623583,2.3849799225245656,0.0,0.8888888888888888,11,0,2,1,1,0,0,2,0,2,2,1,1,1,2.1298000000000004,43.20800000000001,0,0,0,0,0,0,1,1,0,0,0,0,1,1,0,0,0,0,0,0,0
CCCC(=O)c1ccccc1,280.0,11.244675925925923,0.2436111111111114,11.244675925925923,0.2436111111111114,0.6021153369839913,148.20499999999998,136.10899999999998,148.088815004,58,0.162361871778381,-0.2941964481057019,0.2941964481057019,0.162361871778381,1.2727272727272727,1.9090909090909087,2.4545454545454546,16.1380322162025,10.081744664624232,2.0050232448255287,-1.956297148098797,2.0325711107262303,-1.959288454248421,5.953781414348625,0.098152744456883,2.6930079504145,225.88790998034077,8.104448006685086,6.709213198785089,6.709213198785089,5.342535255101096,3.9254679195347126,3.9254679195347126,2.539201738994449,2.539201738994449,1.572826416394295,1.572826416394295,0.9954450044077812,0.9954450044077812,-1.11,380.17580046477946,7.991112234580385,3.914642061623193,2.1874378032478785,67.05269367712717,0.0,0.0,5.783244946364939,0.0,0.0,4.794537184071822,0.0,0.0,37.255572541998674,6.4208216229260096,11.984273114623004,0.0,4.794537184071822,5.783244946364939,0.0,19.765380445542643,0.0,35.89528683400505,0.0,0.0,0.0,5.783244946364939,0.0,0.0,30.12336912131146,30.33183534230805,0.0,17.07,0.0,4.794537184071822,5.783244946364939,6.4208216229260096,11.984273114623004,0.0,0.0,37.255572541998674,0.0,0.0,0.0,11.244675925925923,0.0,0.8281018518518521,0.2436111111111114,9.42113000755858,1.5810922146636432,2.0147222222222223,0.0,0.3,11,0,1,0,0,1,1,1,0,1,3,0,0,1,2.6694000000000013,45.68050000000003,0,0,0,0,0,0,1,1,0,0,1,0,0,0,1,1,0,0,0,0,0
CCCCc1ccccc1,249.31,2.225138888888889,1.2334722222222223,2.225138888888889,1.2334722222222223,0.5957309560911629,134.22199999999998,120.10999999999996,134.109550448,54,-0.0278972951426049,-0.0653710717316953,0.0653710717316953,0.0278972951426049,1.1,1.8,2.4,13.928094568255244,10.100588827164405,1.8687601891678685,-1.9589484955842615,2.025781075883174,-1.8110089866978991,5.138501418975812,0.7949849468755463,2.4265223465879537,164.65300142116237,7.234204518682008,6.508071689507773,6.508071689507773,4.931851652578137,3.971343774302781,3.971343774302781,2.5891519502467637,2.5891519502467637,1.6618298825622126,1.6618298825622126,1.0255780783709258,1.0255780783709258,-0.78,251.66716234355823,7.328459869848157,4.102460621704116,2.218872016802184,62.89117157708339,0.0,0.0,0.0,0.0,0.0,0.0,0.0,0.0,43.67639416492468,18.40509473754901,0.0,0.0,0.0,0.0,0.0,26.186202068468653,0.0,35.89528683400505,0.0,0.0,0.0,0.0,6.4208216229260096,0.0,25.32883193723964,30.33183534230805,0.0,0.0,0.0,0.0,0.0,0.0,0.0,24.825916360475023,0.0,0.0,37.255572541998674,0.0,0.0,0.0,0.0,1.4623611111111112,0.0,10.649555933484503,3.8296107331821614,2.225138888888889,0.0,0.4,10,0,0,0,0,1,1,0,0,0,3,0,0,1,3.029200000000001,45.05400000000003,0,0,0,0,0,0,0,0,0,1,1,0,0,0,0,0,0,0,0,0,0
C1CCC(C1)C2CCCC2,247.02,1.5601851851851851,1.1550925925925923,1.5601851851851851,1.1550925925925923,0.5208798588904004,138.254,120.10999999999996,138.140850576,58,-0.0385845779399849,-0.0530216658653127,0.0530216658653127,0.0385845779399849,0.5,0.8,1.1,14.31976687106913,9.897207366064714,2.2629217019942183,-2.157215987178355,2.394551581182091,-2.057079141302168,4.782737938129133,0.3472280160867091,1.8474671140063967,80.60593781761291,6.811554787871633,6.811554787871632,6.811554787871632,4.966326495188786,4.9663264951887856,4.9663264951887856,4.089073411524035,4.089073411524035,3.4663264951887856,3.4663264951887856,2.857589235347159,2.857589235347159,0.0,497.61234563312325,6.694214876033058,2.938775510204082,1.2098765432098766,64.01206775034058,0.0,0.0,0.0,0.0,0.0,0.0,0.0,0.0,51.36657298340809,11.835812092322788,0.0,0.0,0.0,0.0,11.835812092322788,51.36657298340809,0.0,0.0,0.0,0.0,0.0,0.0,0.0,11.835812092322788,51.36657298340809,0.0,0.0,0.0,0.0,0.0,0.0,0.0,11.835812092322788,25.68328649170404,25.68328649170404,0.0,0.0,0.0,0.0,0.0,0.0,0.0,2.3101851851851847,0.0,12.35648148148148,0.0,0.0,1.0,10,0,0,2,2,0,0,0,0,0,1,2,2,2,3.3668000000000022,43.91600000000002,0,0,0,0,0,0,0,0,0,0,0,0,0,0,0,0,0,0,0,0,0
CCCCCC1CCCC1,295.0,2.2863572373393803,1.1171759259259255,2.2863572373393803,1.1171759259259255,0.521520997225693,140.26999999999998,120.10999999999996,140.15650064,60,-0.0414285774579171,-0.0653823818351082,0.0653823818351082,0.0414285774579171,1.1,1.8,2.4,14.187955573099249,10.00186281733752,2.1281065898937843,-2.057731797268936,2.284061477472353,-1.9125845848294505,4.661542116949925,0.4714833275701119,1.9111701105978576,70.10749561002055,7.234204518682008,7.234204518682008,7.234204518682008,4.931851652578137,4.931851652578136,4.931851652578136,3.646264369941972,3.646264369941972,2.6906706976806576,2.6906706976806576,1.9820508075688763,1.9820508075688763,0.0,310.42300753691114,8.1,4.760330578512397,2.7222222222222223,65.0178989038698,0.0,0.0,0.0,0.0,0.0,0.0,0.0,0.0,58.29031018309871,5.917906046161393,0.0,0.0,0.0,0.0,5.917906046161393,58.29031018309871,0.0,0.0,0.0,0.0,0.0,0.0,0.0,5.917906046161393,58.29031018309871,0.0,0.0,0.0,0.0,0.0,0.0,0.0,5.917906046161393,51.36657298340809,0.0,0.0,6.923737199690624,0.0,0.0,0.0,0.0,0.0,1.1171759259259255,0.0,11.929800170068027,2.2863572373393803,0.0,1.0,10,0,0,1,1,0,0,0,0,0,4,1,1,1,3.7569000000000026,46.10000000000002,0,0,0,0,0,0,0,0,0,0,0,0,0,0,0,0,0,0,0,0,1
CCCCC1CCCCC1,279.55,2.2944706632653062,1.1052777777777776,2.2944706632653062,1.1052777777777776,0.5596727748500233,140.26999999999998,120.10999999999996,140.15650064,60,-0.0414287512409803,-0.0653822096214947,0.0653822096214947,0.0414287512409803,1.1,1.8,2.4,14.17068048607432,9.857824704878302,2.1105493443446264,-2.2023181388859467,2.2686275302842014,-2.0483737703367817,4.645127242480809,0.331253119193752,2.0172372216570547,70.10749561002055,7.234204518682008,7.234204518682008,7.234204518682008,4.931851652578137,4.931851652578136,4.931851652578136,3.6462643699419712,3.6462643699419712,2.690670697680657,2.690670697680657,1.9686140808000383,1.9686140808000383,0.0,251.66716234355823,8.1,4.760330578512397,2.7222222222222223,65.0178989038698,0.0,0.0,0.0,0.0,0.0,0.0,0.0,0.0,58.29031018309871,5.917906046161393,0.0,0.0,0.0,0.0,5.917906046161393,58.29031018309871,0.0,0.0,0.0,0.0,0.0,0.0,0.0,5.917906046161393,58.29031018309871,0.0,0.0,0.0,0.0,0.0,0.0,0.0,5.917906046161393,51.36657298340809,0.0,0.0,6.923737199690624,0.0,0.0,0.0,0.0,0.0,1.1052777777777776,0.0,11.93358489229025,2.2944706632653062,0.0,1.0,10,0,0,1,1,0,0,0,0,0,3,1,1,1,3.7569000000000026,46.10000000000002,0,0,0,0,0,0,0,0,0,0,0,0,0,0,0,0,0,0,0,0,0
CCCCCCCCC=C,307.21,3.694651596749811,1.2005208333333337,3.694651596749811,1.2005208333333337,0.3711511006880484,140.26999999999998,120.10999999999996,140.15650064,60,-0.0353412931099314,-0.1030829789362716,0.1030829789362716,0.0353412931099314,1.0,1.6,2.2,13.92497963638408,10.103471779693356,1.8609118100350828,-1.9606671042641148,2.0584761108411933,-1.7630533860889297,4.646643452681374,0.6112666584803261,2.703789901245323,64.43856189774723,7.656854249492381,7.234204518682008,7.234204518682008,4.914213562373096,4.523603362114273,4.523603362114273,2.845117222155994,2.845117222155994,1.7618016810571366,1.7618016810571366,1.0690052204847231,1.0690052204847231,-0.26,175.07674799821407,9.739999999999998,8.739999999999998,7.739999999999999,65.33412702521478,0.0,0.0,0.0,0.0,0.0,0.0,0.0,6.578935683598497,45.10386542115455,12.84164324585202,0.0,0.0,0.0,0.0,0.0,51.8694885601727,0.0,12.654955790432378,0.0,0.0,0.0,0.0,0.0,0.0,51.8694885601727,12.654955790432378,0.0,0.0,0.0,0.0,0.0,0.0,0.0,44.94575136048208,0.0,6.076020106833881,13.502672883289122,0.0,0.0,0.0,0.0,0.0,0.0,0.0,11.55163737717309,5.948362622826908,0.0,0.8,10,0,0,0,0,0,0,0,0,0,7,0,0,0,3.923000000000004,48.190000000000026,0,0,0,0,0,0,0,0,1,0,0,0,0,0,0,0,0,0,0,0,5
CCCCCCC=CCC,313.0,2.30125,1.1882716049382716,2.30125,1.1882716049382716,0.3872258886729136,140.26999999999998,120.10999999999996,140.15650064,60,-0.0350736427515704,-0.0888135005820475,0.0888135005820475,0.0350736427515704,0.9,1.7,2.3,13.888083016857689,10.140056880687183,1.823274650299423,-1.9249449490549784,2.0223813863703617,-1.725710881240623,4.789658137120742,0.6737661891085024,2.831324584147559,72.10749561002055,7.656854249492381,7.397341225498538,7.397341225498538,4.914213562373096,4.564043476634154,4.564043476634154,2.7289881176295285,2.7289881176295285,1.6267131295540544,1.6267131295540544,0.9734831896562256,0.9734831896562256,-0.26,175.07674799821407,9.739999999999998,8.739999999999998,7.739999999999999,65.33412702521477,0.0,0.0,0.0,0.0,0.0,0.0,0.0,0.0,45.26197948182704,19.26246486877803,0.0,0.0,0.0,0.0,0.0,52.372404136937305,0.0,12.152040213667762,0.0,0.0,0.0,0.0,0.0,0.0,52.372404136937305,12.152040213667762,0.0,0.0,0.0,0.0,0.0,0.0,0.0,38.524929737556064,0.0,0.0,25.99951461304901,0.0,0.0,0.0,0.0,0.0,0.0,0.0,12.56505440602167,4.434945593978332,0.0,0.8,10,0,0,0,0,0,0,0,0,0,6,0,0,0,3.923000000000004,48.190000000000026,0,0,0,0,0,0,0,0,2,0,0,0,0,0,0,0,0,0,0,0,3
CCCC(CCC)CCC,314.0,2.29,1.0277777777777777,2.29,1.0277777777777777,0.5255086598522993,142.286,120.10999999999996,142.172150704,62,-0.0414587566481521,-0.0653722517443104,0.0653722517443104,0.0414587566481521,0.7,1.0,1.2,14.090251217337578,9.937811875440032,2.029932832397789,-2.122524777524159,2.179399030395447,-1.977033473150108,4.56044160884707,0.4070039117164785,3.2950821163049606,42.793987519471216,7.819990956308912,7.819990956308912,7.819990956308912,4.846065214951232,4.846065214951231,4.846065214951231,3.232050807568877,3.232050807568877,2.090770275176028,2.090770275176028,1.657757573283808,1.657757573283808,0.0,153.59701265360627,10.0,7.111111111111111,4.839506172839506,66.02373005739904,0.0,0.0,0.0,0.0,0.0,0.0,0.0,0.0,59.296141336627926,5.917906046161393,0.0,0.0,0.0,0.0,5.917906046161393,59.296141336627926,0.0,0.0,0.0,0.0,0.0,0.0,0.0,5.917906046161393,59.296141336627926,0.0,0.0,0.0,0.0,0.0,0.0,0.0,5.917906046161393,38.524929737556064,0.0,0.0,20.771211599071872,0.0,0.0,0.0,0.0,0.0,1.0277777777777777,0.0,8.435555555555556,6.87,0.0,1.0,10,0,0,0,0,0,0,0,0,0,6,0,0,0,4.002900000000003,48.21400000000003,0,0,0,0,0,0,0,0,0,0,0,0,0,0,0,0,0,0,0,0,0
C(=C)OCCOCCOCCOC=C,415.0,5.183499228395062,0.5308286144270993,5.183499228395062,0.5308286144270993,0.3740532775454849,202.25,184.106,202.120509056,82,0.1105956016046774,-0.4994130496916093,0.4994130496916093,0.1105956016046774,0.6428571428571429,1.0,1.3571428571428572,16.549897424448194,10.676416299618088,1.8923605954750315,-2.0486707618979767,1.8172934135527303,-2.09839010653567,4.481674374664198,0.0186293433811483,2.8439563841089965,120.08368795993285,10.485281374238571,8.444547949727086,8.444547949727086,6.914213562373096,4.519951909287636,4.519951909287636,2.2996598285221186,2.2996598285221186,1.2987547899806575,1.2987547899806575,0.7027181171590515,0.7027181171590515,-1.0,1347.912253342112,13.0,12.0,11.0,85.09870491105804,18.9474518152002,13.213763929025836,0.0,0.0,0.0,0.0,0.0,0.0,13.157871367196996,0.0,0.0,38.95168875489325,18.9474518152002,0.0,0.0,0.0,39.64129178707751,25.682032264038572,0.0,0.0,0.0,39.64129178707751,18.9474518152002,0.0,0.0,25.682032264038572,0.0,36.92,0.0,0.0,0.0,39.64129178707751,0.0,12.52416089684158,0.0,0.0,13.157871367196996,18.9474518152002,20.08728567238037,0.0,0.0,0.0,0.0,0.0,2.7906400232101616,10.12207430440947,0.0,0.6,14,0,4,0,0,0,0,4,0,4,11,0,0,0,1.3398,53.93600000000004,0,0,0,0,0,0,0,0,0,0,0,0,0,4,0,0,0,0,0,0,9
C1CCC(C1)c2ccccc2,265.0,2.2599074074074075,0.8714814814814813,2.2599074074074075,0.8714814814814813,0.5696675549216235,146.233,132.12099999999998,146.109550448,58,-0.0161959583262053,-0.0622483892514565,0.0622483892514565,0.0161959583262053,0.9090909090909092,1.5454545454545454,2.1818181818181817,14.202956599717671,9.981008175940604,2.15170687431869,-2.0692556866521006,2.329426908661824,-1.893285673493526,5.194735096247123,0.7232090914204387,2.156490151637601,206.7397365016785,7.518661569058181,6.792528739883946,6.792528739883946,5.466326495188786,4.515855318045499,4.515855318045499,3.3920640779578086,3.3920640779578086,2.6261487277254183,2.6261487277254183,1.9843497608270528,1.9843497608270528,-0.78,773.814583812942,6.90123830313198,3.080884117573751,1.4477999954212517,68.25028253795077,0.0,0.0,0.0,0.0,0.0,0.0,0.0,0.0,43.17347858816007,24.323000783710405,0.0,0.0,0.0,0.0,0.0,31.601192537865437,0.0,35.89528683400505,0.0,0.0,0.0,0.0,0.0,0.0,37.16464402956243,30.33183534230805,0.0,0.0,0.0,0.0,0.0,0.0,5.917906046161393,25.68328649170404,5.563451491696996,0.0,30.33183534230805,0.0,0.0,0.0,0.0,1.5462962962962965,0.8714814814814813,10.908463718820862,5.673758503401361,0.0,0.0,0.4545454545454545,11,0,0,1,1,1,1,0,0,0,1,1,1,2,3.3442000000000016,47.65100000000004,0,0,0,0,0,0,0,0,0,0,1,0,0,0,0,0,0,0,0,0,0
CCCCCc1ccccc1,285.7,2.241064814814815,1.2447222222222225,2.241064814814815,1.2447222222222225,0.5738222812418071,148.249,132.12099999999998,148.125200512,60,-0.0278874004420058,-0.065382195447884,0.065382195447884,0.0278874004420058,1.0,1.7272727272727273,2.363636363636364,13.94700734825035,10.082431643331075,1.887768199690004,-1.9769721871014363,2.046156788842238,-1.82702864074676,5.138772376714406,0.7172857280056993,2.2758012873675093,176.4896154807834,7.9413112998685556,7.215178470694321,7.215178470694321,5.431851652578137,4.471343774302781,4.471343774302781,2.9427053408400368,2.9427053408400368,1.9118298825622124,1.9118298825622124,1.2238013830742889,1.2238013830742889,-0.78,414.0733220718486,8.31784735812133,4.9486739683719865,3.2185695956027125,69.25611369148,0.0,0.0,0.0,0.0,0.0,0.0,0.0,0.0,50.09721578785069,18.40509473754901,0.0,0.0,0.0,0.0,0.0,32.60702369139466,0.0,35.89528683400505,0.0,0.0,0.0,0.0,6.4208216229260096,0.0,31.749653560165648,30.33183534230805,0.0,0.0,0.0,0.0,0.0,0.0,0.0,31.246737983401037,0.0,0.0,37.255572541998674,0.0,0.0,0.0,0.0,1.473101851851852,0.0,10.705554374527589,5.246945625472411,2.241064814814815,0.0,0.4545454545454545,11,0,0,0,0,1,1,0,0,0,4,0,0,1,3.4193000000000024,49.67100000000004,0,0,0,0,0,0,0,0,0,1,1,0,0,0,0,0,0,0,0,0,1
[CH2]1CC[C]2(CC1)CC[CH2]CC2,277.0,1.5625,0.8576388888888888,1.5625,0.8576388888888888,0.4935624945445509,152.28099999999998,132.12099999999998,152.15650064,64,-0.0297458752341503,-0.0532653047323167,0.0532653047323167,0.0297458752341503,0.4545454545454545,0.8181818181818182,1.181818181818182,14.375625277390393,9.654129078129635,2.321212599182593,-2.4003379809044043,2.465984018774104,-2.259386674175508,4.846419720641945,0.1239487927916413,1.9432067804518804,94.49022499567306,7.571067811865477,7.571067811865477,7.571067811865477,5.414213562373095,5.414213562373095,5.414213562373095,4.621320343559642,4.621320343559642,3.8284271247461903,3.8284271247461903,3.103553390593273,3.103553390593273,0.0,530.0382768945495,7.638888888888889,3.1640625,1.6,70.37700986473718,0.0,0.0,0.0,0.0,0.0,0.0,0.0,0.0,38.524929737556064,31.09827696110082,0.0,0.0,0.0,0.0,5.41499046939678,64.20821622926012,0.0,0.0,0.0,0.0,0.0,0.0,0.0,5.41499046939678,64.20821622926012,0.0,0.0,0.0,0.0,0.0,0.0,0.0,5.41499046939678,38.524929737556064,25.68328649170404,0.0,0.0,0.0,0.0,0.0,0.0,0.8576388888888888,0.0,0.0,15.39236111111111,0.0,0.0,1.0,11,0,0,2,2,0,0,0,0,0,0,2,2,2,3.9010000000000034,48.60300000000003,0,0,0,0,0,0,0,0,0,0,0,0,0,0,0,0,0,0,0,0,0
CC(C)CCC1CCCCC1,307.0,2.3361373299319728,0.9138208616780044,2.3361373299319728,0.9138208616780044,0.5760426182844682,154.29699999999997,132.12099999999998,154.172150704,66,-0.0414187947130966,-0.0627734362293478,0.0627734362293478,0.0414187947130966,1.0909090909090908,1.7272727272727273,2.272727272727273,14.183761630325908,9.845712537363456,2.1238068512503068,-2.214250125177254,2.277469688773196,-2.0648341022221097,4.656107751614202,0.3170558732452017,2.046920975581053,88.2114326716684,8.104448006685086,8.104448006685086,8.104448006685086,5.287693700234704,5.287693700234704,5.287693700234704,4.475232964060863,4.475232964060863,2.8770100977117448,2.8770100977117448,2.0448503947021432,2.0448503947021432,0.0,349.0290980341817,9.090909090909092,4.792899408284024,3.78698224852071,71.3828410182664,0.0,0.0,0.0,0.0,0.0,0.0,0.0,0.0,58.79322575986333,11.835812092322788,0.0,0.0,0.0,0.0,11.835812092322788,58.79322575986333,0.0,0.0,0.0,0.0,0.0,0.0,0.0,11.835812092322788,58.79322575986333,0.0,0.0,0.0,0.0,0.0,0.0,0.0,11.835812092322788,44.94575136048208,0.0,0.0,13.847474399381248,0.0,0.0,0.0,0.0,0.0,2.002848639455782,0.0,10.49154336734694,4.6722746598639455,0.0,1.0,11,0,0,1,1,0,0,0,0,0,3,1,1,1,4.002900000000003,50.647000000000034,0,0,0,0,0,0,0,0,0,0,0,0,0,0,0,0,0,0,0,0,0
CC(CC)(C)C1CCCCC1,296.0,2.433518518518518,0.6115277777777779,2.433518518518518,0.6115277777777779,0.5636195911787056,154.29699999999997,132.12099999999998,154.172150704,66,-0.032851778571697,-0.0648629762348858,0.0648629762348858,0.032851778571697,1.0909090909090908,1.6363636363636365,2.090909090909091,14.332468348235386,9.696874429670512,2.277820182999558,-2.357826315067867,2.3952707337884203,-2.246587445219156,4.789544038859316,0.1523900333423717,2.4343765696254307,107.20671786825557,8.319990956308914,8.319990956308914,8.319990956308914,5.16583188730236,5.16583188730236,5.16583188730236,4.677068452229502,4.677068452229502,3.621574357463557,3.621574357463557,2.1727382260319703,2.1727382260319703,0.0,321.7661601013862,9.090909090909092,3.6,2.2145328719723185,71.3828410182664,0.0,0.0,0.0,0.0,0.0,0.0,0.0,0.0,46.45449809077592,24.17453976141019,0.0,0.0,0.0,0.0,11.332896515558172,59.29614133662794,0.0,0.0,0.0,0.0,0.0,0.0,0.0,11.332896515558172,59.29614133662794,0.0,0.0,0.0,0.0,0.0,0.0,5.41499046939678,5.917906046161393,38.524929737556064,0.0,0.0,20.771211599071872,0.0,0.0,0.0,0.0,0.6115277777777779,1.015046296296296,0.0,8.761740362811791,7.195018896447468,0.0,1.0,11,0,0,1,1,0,0,0,0,0,2,1,1,1,4.002900000000003,50.647000000000034,0,0,0,0,0,0,0,0,0,0,0,0,0,0,0,0,0,0,0,0,0
CCCCCCC1CCCC1,330.0,2.287270565633661,1.1174593726379438,2.287270565633661,1.1174593726379438,0.5218338811152247,154.29699999999997,132.12099999999998,154.172150704,66,-0.0414285760850742,-0.0653823832174964,0.0653823832174964,0.0414285760850742,1.0,1.7272727272727273,2.363636363636364,14.189177117509995,9.995873134600506,2.1293187244522103,-2.06391901874475,2.2856168508556265,-1.91641603350656,4.6629178197848775,0.4666436371396368,1.8566023045538271,80.03910001730775,7.9413112998685556,7.9413112998685556,7.9413112998685556,5.431851652578137,5.431851652578136,5.431851652578136,3.9998177605352456,3.9998177605352456,2.9406706976806576,2.9406706976806576,2.1588275028655133,2.1588275028655133,0.0,522.9032952517146,9.090909090909092,5.625,3.78698224852071,71.3828410182664,0.0,0.0,0.0,0.0,0.0,0.0,0.0,0.0,64.71113180602472,5.917906046161393,0.0,0.0,0.0,0.0,5.917906046161393,64.71113180602472,0.0,0.0,0.0,0.0,0.0,0.0,0.0,5.917906046161393,64.71113180602472,0.0,0.0,0.0,0.0,0.0,0.0,0.0,5.917906046161393,57.7873946063341,0.0,0.0,6.923737199690624,0.0,0.0,0.0,0.0,0.0,1.1174593726379438,0.0,13.428603395061726,2.287270565633661,0.0,1.0,11,0,0,1,1,0,0,0,0,0,5,1,1,1,4.147000000000004,50.717000000000034,0,0,0,0,0,0,0,0,0,0,0,0,0,0,0,0,0,0,0,0,2
CCCCCCCCCC=C,338.0,3.707916059559728,1.2021604938271606,3.707916059559728,1.2021604938271606,0.3607334967648317,154.297,132.12099999999998,154.172150704,66,-0.0353412931099218,-0.1030829789362716,0.1030829789362716,0.0353412931099218,0.9090909090909092,1.4545454545454546,2.0,13.941088859358103,10.088174770755645,1.877008749660025,-1.9759552571571368,2.074494762697347,-1.778439427207045,4.647038797959633,0.5920376544511287,2.7376715685719475,74.10749561002055,8.36396103067893,7.9413112998685556,7.9413112998685556,5.414213562373096,5.023603362114273,5.023603362114273,3.198670612749268,3.198670612749268,2.0118016810571366,2.0118016810571366,1.2457819157813597,1.2457819157813597,-0.26,292.8860629742695,10.74,9.739999999999998,9.74,71.69906913961138,0.0,0.0,0.0,0.0,0.0,0.0,0.0,6.578935683598497,51.524687044080565,12.84164324585202,0.0,0.0,0.0,0.0,0.0,58.29031018309871,0.0,12.654955790432378,0.0,0.0,0.0,0.0,0.0,0.0,58.29031018309871,12.654955790432378,0.0,0.0,0.0,0.0,0.0,0.0,0.0,51.36657298340809,0.0,6.076020106833881,13.502672883289122,0.0,0.0,0.0,0.0,0.0,0.0,0.0,13.03046453766692,5.969535462333081,0.0,0.8181818181818182,11,0,0,0,0,0,0,0,0,0,8,0,0,0,4.313100000000004,52.80700000000004,0,0,0,0,0,0,0,0,1,0,0,0,0,0,0,0,0,0,0,0,6
CCCCCC=CCCCC,343.0,2.338611111111111,1.2803819444444444,2.338611111111111,1.2803819444444444,0.3783637569943113,154.29699999999997,132.12099999999998,154.172150704,66,-0.0350736398781682,-0.0885394572743125,0.0885394572743125,0.0350736398781682,0.7272727272727273,1.2727272727272727,1.818181818181818,13.876739015180624,10.15321912884551,1.810679332768924,-1.9131962154816329,2.011913449965712,-1.711658438392569,4.803950516725852,0.725819781831697,2.9108650912750687,82.03910001730776,8.36396103067893,8.104448006685086,8.104448006685086,5.414213562373096,5.064043476634154,5.064043476634154,3.109414961760478,3.109414961760478,1.8653550716504104,1.8653550716504104,1.0698662333203697,1.0698662333203697,-0.26,292.8860629742695,10.74,9.739999999999998,9.74,71.69906913961137,0.0,0.0,0.0,0.0,0.0,0.0,0.0,0.0,51.68280110475304,19.26246486877803,0.0,0.0,0.0,0.0,0.0,58.79322575986332,0.0,12.152040213667762,0.0,0.0,0.0,0.0,0.0,0.0,58.79322575986332,12.152040213667762,0.0,0.0,0.0,0.0,0.0,0.0,0.0,44.94575136048208,0.0,0.0,25.99951461304901,0.0,0.0,0.0,0.0,0.0,0.0,0.0,14.00821412824389,4.491785871756109,0.0,0.8181818181818182,11,0,0,0,0,0,0,0,0,0,7,0,0,0,4.313100000000003,52.80700000000004,0,0,0,0,0,0,0,0,2,0,0,0,0,0,0,0,0,0,0,0,3
CCCCCCCCCCC,351.6,2.2748838655832704,1.37,2.2748838655832704,1.37,0.4526177505443085,156.313,132.12099999999998,156.187800768,68,-0.0533059755425536,-0.0653823832227926,0.0653823832227926,0.0533059755425536,0.4545454545454545,0.7272727272727273,1.0,13.949555876360234,10.08008307910012,1.8846812289831505,-1.984781956019018,2.08265587636024,-1.7868169208998743,4.441555876360238,0.5720830791001252,2.6909155266923976,49.05865002596163,8.36396103067893,8.36396103067893,8.36396103067893,5.414213562373096,5.414213562373094,5.414213562373094,3.474873734152915,3.474873734152915,2.207106781186547,2.207106781186547,1.3838834764831838,1.3838834764831838,0.0,292.8860629742695,11.0,10.0,10.0,72.38867217179563,0.0,0.0,0.0,0.0,0.0,0.0,0.0,0.0,71.63486900571534,0.0,0.0,0.0,0.0,0.0,0.0,71.63486900571534,0.0,0.0,0.0,0.0,0.0,0.0,0.0,0.0,71.63486900571534,0.0,0.0,0.0,0.0,0.0,0.0,0.0,0.0,57.7873946063341,0.0,0.0,13.847474399381248,0.0,0.0,0.0,0.0,0.0,0.0,0.0,12.95023226883346,4.549767731166541,0.0,1.0,11,0,0,0,0,0,0,0,0,0,8,0,0,0,4.537100000000004,52.90100000000004,0,0,0,0,0,0,0,0,0,0,0,0,0,0,0,0,0,0,0,0,6
C(CCCC)OCCOCCOCCO,450.0,8.423942726749608,0.0699798437893677,8.423942726749608,0.0699798437893677,0.5023417633954602,220.30899999999997,196.117,220.167459248,92,0.0701143936010867,-0.3939803248745097,0.3939803248745097,0.0701143936010867,0.7333333333333333,1.2666666666666666,1.8,16.543185732453882,10.259884052208326,1.9068840997270928,-2.053313599023853,1.9323005413545329,-2.105934521773206,4.369608461097247,0.00723325427828,2.8079257388805243,96.76104380078591,11.19238815542512,9.743026278757023,9.743026278757023,7.414213562373096,5.755385354772264,5.755385354772264,3.26783088602391,3.26783088602391,1.8718701212593127,1.8718701212593127,1.0605623459121345,1.0605623459121345,-0.16,2230.017478996464,14.839999999999998,13.84,13.84,92.52354161251228,19.31711625624085,0.0,0.0,0.0,0.0,0.0,0.0,0.0,19.765380445542643,6.4208216229260096,6.606881964512918,39.64129178707751,19.31711625624085,0.0,0.0,26.186202068468653,46.24817375159042,0.0,0.0,0.0,0.0,51.354701146431125,14.210588861400147,0.0,26.186202068468653,0.0,0.0,47.92,0.0,0.0,6.606881964512918,33.03440982256459,13.027703587438928,12.84164324585202,0.0,0.0,6.923737199690624,19.31711625624085,15.639364967443973,0.0,8.423942726749608,0.0,0.0,0.0,3.5912936538831475,5.845398651923272,0.0,1.0,15,1,4,0,0,0,0,4,1,4,12,0,0,0,1.2187,59.067800000000055,0,1,1,0,0,0,0,0,0,0,0,0,0,3,0,0,0,0,0,0,10
COC(C)COC(C)COC(C)COC,452.0,5.5323726851851855,0.0850982615268329,5.5323726851851855,0.0850982615268329,0.5895347556331317,220.309,196.117,220.167459248,92,0.0781423976300259,-0.3820076725262488,0.3820076725262488,0.0781423976300259,0.7333333333333333,1.2,1.6666666666666667,16.56286886101542,10.358529852333977,2.080184218605448,-2.1833723934100404,1.9895607203499608,-2.255331418978797,4.537451215583248,-0.0709070241614215,3.4354860295618685,140.54961112911752,11.681798275874712,10.486364312983971,10.486364312983971,7.095754112725151,5.3464244448591804,5.3464244448591804,3.789562380901799,3.789562380901799,2.0346454224195054,2.0346454224195054,0.9985248380991024,0.9985248380991024,-0.16,1607.5155572250787,14.839999999999998,9.094017447199263,8.809914487688989,92.84285308982314,18.9474518152002,0.0,0.0,0.0,0.0,0.0,0.0,0.0,0.0,20.771211599071872,14.219595082555069,38.13254505678366,18.9474518152002,0.0,0.0,39.08311076231678,34.04024097609383,0.0,0.0,0.0,0.0,52.35214013933872,18.9474518152002,0.0,20.771211599071872,0.0,0.0,36.92,0.0,0.0,18.31189916324491,19.820645893538757,0.0,0.0,14.219595082555069,20.771211599071872,0.0,18.9474518152002,21.096242929666,0.0,0.0,0.0,0.0,0.0,0.3256049487696308,7.734987323633158,3.3431647979312125,1.0,15,0,4,0,0,0,0,4,0,4,9,0,0,0,1.4779,59.17500000000005,0,0,0,0,0,0,0,0,0,0,0,0,0,4,0,0,2,0,0,0,0
O(c1ccccc1)c2ccccc2,274.2,5.578333333333333,0.8691666666666669,5.578333333333333,0.8691666666666669,0.6700363845267113,170.211,160.13099999999997,170.07316494,64,0.1269277489093993,-0.4573845977458952,0.4573845977458952,0.1269277489093993,0.5384615384615384,0.9230769230769232,1.3076923076923077,16.480495190988087,10.306353265168244,1.919851314970377,-2.0311296921232858,2.188761330683273,-1.809828901342972,5.296597590150415,0.482496726213759,2.1614757505786617,315.89864866417315,8.932875131431276,7.181750982360123,7.181750982360123,6.449489742783179,4.229615495509782,4.229615495509782,2.7281671317862504,2.7281671317862504,1.722112590735371,1.722112590735371,1.1131559826150588,1.1131559826150588,-1.7599999999999998,1589.7182302135147,7.866895638429664,3.7642110484220974,2.089799938442597,77.60204255506788,4.736862953800049,11.49902366656781,0.0,0.0,0.0,0.0,0.0,0.0,36.39820241076966,24.26546827384644,0.0,0.0,4.736862953800049,0.0,0.0,0.0,0.0,60.6636706846161,11.49902366656781,4.736862953800049,11.49902366656781,0.0,0.0,0.0,0.0,60.6636706846161,0.0,9.23,0.0,0.0,0.0,0.0,11.49902366656781,0.0,0.0,60.6636706846161,0.0,4.736862953800049,5.578333333333333,0.0,0.0,0.0,1.7383333333333335,19.516666666666666,0.0,0.0,0.0,0.0,13,0,1,0,0,2,2,1,0,1,2,0,0,2,3.478900000000002,52.95800000000003,0,0,0,0,0,0,0,0,0,0,2,0,0,1,0,0,0,2,0,0,0
CCc1cccc2ccccc12,279.0,2.196759259259259,1.1124537037037037,2.196759259259259,1.1124537037037037,0.5932475127165551,156.22799999999998,144.13199999999998,156.093900384,60,-0.0152028663987378,-0.0616293776662835,0.0616293776662835,0.0152028663987378,0.9166666666666666,1.6666666666666667,2.5,13.99842481751062,10.032197916336491,1.949850930601743,-2.016734451963088,2.1770358544331465,-1.810721467155604,5.850447536862465,1.1596675572834734,2.7909670297392646,382.66537277547695,8.38890505706126,7.248558665513929,7.248558665513929,5.91501490017253,4.382027376825741,4.382027376825741,2.991825670131835,2.991825670131835,2.260836788904124,2.260836788904124,1.6007919502216008,1.6007919502216008,-1.2999999999999998,902.1138495051404,7.354540141719628,2.978591423587164,1.095421436004162,72.84295188002537,0.0,0.0,0.0,0.0,0.0,0.0,0.0,0.0,49.38830667892189,22.7567215435526,0.0,0.0,0.0,10.772448428929591,0.0,13.344558822616634,0.0,48.02802097092827,0.0,0.0,0.0,0.0,6.4208216229260096,0.0,12.48718869138762,42.46456947923127,10.772448428929591,0.0,0.0,0.0,0.0,0.0,6.4208216229260096,16.335899920626588,0.0,0.0,49.38830667892189,0.0,0.0,0.0,2.73550925925926,1.4380555555555556,0.0,15.017777777777775,1.1124537037037037,2.196203703703704,0.0,0.1666666666666666,12,0,0,0,0,2,2,0,0,0,1,0,0,2,3.4022000000000023,53.32600000000004,0,0,0,0,0,0,0,0,0,1,2,1,0,0,0,0,0,0,0,0,0
C1CCC(CC1)C2=CC=CC=C2,272.2,2.2737962962962963,0.8610648148148146,2.2737962962962963,0.8610648148148146,0.5868317354442154,160.26000000000002,144.13199999999998,160.125200512,64,-0.0161959640856327,-0.0622483892514565,0.0622483892514565,0.0161959640856327,0.8333333333333334,1.5,2.1666666666666665,14.18803901978441,9.841437663554515,2.136097200354162,-2.2107207961772755,2.314875978934693,-2.0319748541628218,5.190888705617014,0.4434348844133699,2.082510086938828,219.05344312420405,8.22576835024473,7.499635521070494,7.499635521070494,5.966326495188786,5.015855318045499,5.015855318045499,3.7456174685510817,3.7456174685510817,2.8761487277254183,2.8761487277254183,2.16112645612369,2.16112645612369,-0.78,1023.9527289583552,7.847877885251567,3.7504504585397527,1.6864279426239364,74.61522465234738,0.0,0.0,0.0,0.0,0.0,0.0,0.0,0.0,49.59430021108608,24.323000783710405,0.0,0.0,0.0,0.0,0.0,38.02201416079144,0.0,35.89528683400505,0.0,0.0,0.0,0.0,0.0,0.0,43.58546565248844,30.33183534230805,0.0,0.0,0.0,0.0,0.0,0.0,5.917906046161393,32.10410811463005,5.563451491696996,0.0,30.33183534230805,0.0,0.0,0.0,0.0,1.552962962962963,0.8610648148148146,10.964462159863944,7.1215100623582765,0.0,0.0,0.5,12,0,0,1,1,1,1,0,0,0,1,1,1,2,3.734300000000003,52.26800000000004,0,0,0,0,0,0,0,0,0,0,1,0,0,0,0,0,0,0,0,0,0
C(C)C1CCCC2=CC=CC=C12,283.0,2.308194444444444,0.8425462962962962,2.308194444444444,0.8425462962962962,0.5893703233473433,160.26,144.13199999999998,160.125200512,64,-0.0161739981523086,-0.0647991950697557,0.0647991950697557,0.0161739981523086,1.3333333333333333,2.1666666666666665,3.0,14.215090158294949,9.81493790475141,2.165356113105879,-2.234949842006843,2.3262211998943094,-2.077466038900881,5.317881451479734,0.5397866441338851,2.370355385607297,262.4957497788808,8.38890505706126,7.715178470694321,7.715178470694321,5.91501490017253,4.9931821564919865,4.9931821564919865,3.696213962591164,3.696213962591164,2.986420660278452,2.986420660278452,2.2785901851070403,2.2785901851070403,-0.78,902.1138495051404,7.847877885251567,3.3022582827673137,1.2617881572135614,74.61522465234737,0.0,0.0,0.0,0.0,0.0,0.0,0.0,0.0,31.18920547353706,42.72809552125942,0.0,0.0,0.0,0.0,0.0,38.52492973755605,0.0,35.392371257240434,0.0,0.0,0.0,0.0,6.4208216229260096,0.0,43.231011098024034,24.26546827384644,0.0,0.0,0.0,0.0,0.0,0.0,5.917906046161393,25.68328649170404,11.126902983393991,0.0,31.18920547353706,0.0,0.0,0.0,0.0,3.210046296296297,0.8425462962962962,8.934027777777779,5.381666666666666,2.298379629629629,0.0,0.5,12,0,0,1,1,1,1,0,0,0,1,0,0,2,3.5165000000000024,52.41200000000004,0,0,0,0,0,0,0,0,0,1,1,1,0,0,0,0,0,0,0,0,0
CCCCCCc1ccccc1,310.8,2.25249716553288,1.2508333333333332,2.25249716553288,1.2508333333333332,0.5774504107669273,162.276,144.13199999999998,162.140850576,66,-0.0278872293182178,-0.0653823817435943,0.0653823817435943,0.0278872293182178,0.9166666666666666,1.6666666666666667,2.333333333333333,13.96060460945602,10.069587763365474,1.901166279548733,-1.9899911216213724,2.062562294296294,-1.837025957735932,5.138861071878648,0.6666792987656656,2.157795777203053,188.45310074746277,8.648418081055103,7.922285251880869,7.922285251880869,5.931851652578137,4.97134377430278,4.97134377430278,3.2962587314333103,3.2962587314333103,2.161829882562212,2.161829882562212,1.4005780783709258,1.4005780783709258,-0.78,694.6611541570788,9.309126559714796,5.817954575285077,3.5646069197864145,75.62105580587661,0.0,0.0,0.0,0.0,0.0,0.0,0.0,0.0,56.5180374107767,18.40509473754901,0.0,0.0,0.0,0.0,0.0,39.02784531432067,0.0,35.89528683400505,0.0,0.0,0.0,0.0,6.4208216229260096,0.0,38.17047518309165,30.33183534230805,0.0,0.0,0.0,0.0,0.0,0.0,0.0,37.667559606327046,0.0,0.0,37.255572541998674,0.0,0.0,0.0,0.0,1.4801880196523056,0.0,10.747760377299068,6.686221104182414,2.25249716553288,0.0,0.5,12,0,0,0,0,1,1,0,0,0,5,0,0,1,3.809400000000003,54.288000000000046,0,0,0,0,0,0,0,0,0,1,1,0,0,0,0,0,0,0,0,0,2
CCCC(CC)c1ccccc1,328.0,2.2711574074074075,0.774259259259259,2.2711574074074075,0.774259259259259,0.6278557090925178,162.276,144.13199999999998,162.140850576,66,-0.0164682139765691,-0.0653608536100498,0.0653608536100498,0.0164682139765691,1.0833333333333333,1.75,2.25,14.106008347184542,9.923143573008156,2.0548071743758,-2.128297469796089,2.231977920351004,-1.9512401125413372,5.185253726415708,0.5957878974849075,2.662895642916564,200.53811204568345,8.811554787871634,8.085421958697399,8.085421958697399,5.8805400575618805,4.9300688804185935,4.9300688804185935,3.304530452640312,3.304530452640312,2.4009131391537752,2.4009131391537752,1.680159230598208,1.680159230598208,-0.78,663.6960526543885,9.309126559714796,4.971069415294756,2.3679517911089967,75.62105580587661,0.0,0.0,0.0,0.0,0.0,0.0,0.0,0.0,50.60013136461531,24.323000783710405,0.0,0.0,0.0,0.0,0.0,39.02784531432067,0.0,35.89528683400505,0.0,0.0,0.0,0.0,0.0,0.0,44.59129680601767,30.33183534230805,0.0,0.0,0.0,0.0,0.0,0.0,5.917906046161393,24.825916360475023,0.0,0.0,44.179309741689295,0.0,0.0,0.0,0.0,1.501712962962963,0.774259259259259,10.830481859410432,3.866832955404384,4.5267129629629625,0.0,0.5,12,0,0,0,0,1,1,0,0,0,4,0,0,1,3.9803000000000033,54.38200000000005,0,0,0,0,0,0,0,0,0,0,1,0,0,0,0,0,0,0,0,0,0
C1CCC(CC1)C2CCCCC2,297.49,1.5601851851851851,1.138009259259259,1.5601851851851851,1.138009259259259,0.5487573899267495,166.30799999999996,144.13199999999998,166.172150704,70,-0.0385845807319292,-0.0532853604336563,0.0532853604336563,0.0385845807319292,0.4166666666666667,0.75,1.0833333333333333,14.2969248906232,9.73386480411306,2.2398749722164912,-2.323209147484965,2.373446481407616,-2.1964980735957846,4.760636896141428,0.1958544319585751,1.7997325191361424,100.0,8.22576835024473,8.225768350244728,8.225768350244728,5.966326495188786,5.9663264951887856,5.9663264951887856,4.796180192710584,4.796180192710584,3.966326495188785,3.966326495188785,3.211142625940433,3.211142625940433,0.0,1023.9527289583552,8.591715976331361,4.296875,2.025,76.74195197913379,0.0,0.0,0.0,0.0,0.0,0.0,0.0,0.0,64.20821622926012,11.835812092322788,0.0,0.0,0.0,0.0,11.835812092322788,64.20821622926012,0.0,0.0,0.0,0.0,0.0,0.0,0.0,11.835812092322788,64.20821622926012,0.0,0.0,0.0,0.0,0.0,0.0,0.0,11.835812092322788,38.524929737556064,25.68328649170404,0.0,0.0,0.0,0.0,0.0,0.0,0.0,2.2760185185185184,0.0,15.390648148148149,0.0,0.0,1.0,12,0,0,2,2,0,0,0,0,0,1,2,2,2,4.147000000000004,53.15000000000004,0,0,0,0,0,0,0,0,0,0,0,0,0,0,0,0,0,0,0,0,0
CC(C1CCCC1)C2CCCC2,294.6,2.519814814814815,1.0509259259259258,2.519814814814815,1.0509259259259258,0.58132144483196,166.30799999999996,144.13199999999998,166.172150704,70,-0.0385836872380749,-0.061979418663325,0.061979418663325,0.0385836872380749,0.75,1.0833333333333333,1.4166666666666667,14.34493837394175,9.809944320455278,2.2890572625405383,-2.244002701785254,2.4054235803735944,-2.157959342503248,4.800750916178023,0.2533302820270038,1.844416500284287,110.97373660251154,8.38890505706126,8.38890505706126,8.38890505706126,5.877010097711745,5.877010097711745,5.877010097711745,4.948190167920579,4.948190167920579,4.286799924056,4.286799924056,3.351247219351264,3.351247219351264,0.0,1273.6024296283238,8.591715976331361,3.8062283737024223,1.6735537190082646,76.74195197913379,0.0,0.0,0.0,0.0,0.0,0.0,0.0,0.0,58.29031018309871,17.75371813848418,0.0,0.0,0.0,0.0,17.75371813848418,58.29031018309871,0.0,0.0,0.0,0.0,0.0,0.0,0.0,17.75371813848418,58.29031018309871,0.0,0.0,0.0,0.0,0.0,0.0,0.0,17.75371813848418,51.36657298340809,0.0,0.0,6.923737199690624,0.0,0.0,0.0,0.0,0.0,3.2603703703703704,0.0,12.219814814814814,2.519814814814815,0.0,1.0,12,0,0,2,2,0,0,0,0,0,2,2,2,2,4.002900000000003,53.08000000000004,0,0,0,0,0,0,0,0,0,0,0,0,0,0,0,0,0,0,0,0,0
CCCCCC1CCCCC1C,342.0,2.454139266817838,1.0237093726379438,2.454139266817838,1.0237093726379438,0.545968791773588,168.32399999999998,144.13199999999998,168.187800768,72,-0.0388476823430651,-0.0653823818297836,0.0653823818297836,0.0388476823430651,1.0833333333333333,1.8333333333333333,2.5,14.252651295218795,9.77663610310609,2.194907069580887,-2.281123619411789,2.324457327324592,-2.1583208250876096,4.714071188027791,0.2363724595806292,2.111787854791692,106.6059378176129,8.811554787871634,8.811554787871634,8.811554787871634,5.8425352551010965,5.842535255101096,5.842535255101096,4.51760250573609,4.51760250573609,3.467587105472109,3.467587105472109,2.4784407937340083,2.4784407937340083,0.0,603.1076918832761,10.083333333333334,5.612244897959184,3.1640625,77.747783132663,0.0,0.0,0.0,0.0,0.0,0.0,0.0,0.0,65.21404738278933,11.835812092322788,0.0,0.0,0.0,0.0,11.835812092322788,65.21404738278933,0.0,0.0,0.0,0.0,0.0,0.0,0.0,11.835812092322788,65.21404738278933,0.0,0.0,0.0,0.0,0.0,0.0,0.0,11.835812092322788,51.36657298340809,0.0,0.0,13.847474399381248,0.0,0.0,0.0,0.0,0.0,2.098061224489796,0.0,11.818534737969264,4.750070704207609,0.0,1.0,12,0,0,1,1,0,0,0,0,0,4,1,1,1,4.393000000000004,55.264000000000046,0,0,0,0,0,0,0,0,0,0,0,0,0,0,0,0,0,0,0,0,1
CCC(CC)CC1CCCCC1,338.0,2.344239181783825,1.021388888888889,2.344239181783825,1.021388888888889,0.583636479881731,168.32399999999996,144.13199999999998,168.187800768,72,-0.0411655079013399,-0.065118179974871,0.065118179974871,0.0411655079013399,1.0,1.5833333333333333,2.083333333333333,14.218638109873403,9.81171589022976,2.159793825912293,-2.247144197436333,2.3037170474184228,-2.1082367956597743,4.6866965484554335,0.278553830411943,2.179610751888058,96.6059378176129,8.811554787871634,8.811554787871634,8.811554787871634,5.863703305156274,5.863703305156274,5.863703305156274,4.422260089861567,4.422260089861567,3.546112076437508,3.546112076437508,2.5162549154931755,2.5162549154931755,0.0,655.7826355514705,10.083333333333334,5.612244897959184,3.1640625,77.74778313266302,0.0,0.0,0.0,0.0,0.0,0.0,0.0,0.0,58.79322575986333,18.2566337152488,0.0,0.0,0.0,0.0,11.835812092322788,65.21404738278935,0.0,0.0,0.0,0.0,0.0,0.0,0.0,11.835812092322788,65.21404738278935,0.0,0.0,0.0,0.0,0.0,0.0,0.0,11.835812092322788,51.36657298340809,0.0,0.0,13.847474399381248,0.0,0.0,0.0,0.0,0.0,2.108101851851852,0.0,11.870086451247166,4.68847836356765,0.0,1.0,12,0,0,1,1,0,0,0,0,0,4,1,1,1,4.393000000000004,55.264000000000046,0,0,0,0,0,0,0,0,0,0,0,0,0,0,0,0,0,0,0,0,0
CCCC(CC)C1CCCCC1,332.0,2.369972600151172,1.0512037037037034,2.369972600151172,1.0512037037037034,0.583636479881731,168.32399999999996,144.13199999999998,168.187800768,72,-0.0385948636089953,-0.0653720783541921,0.0653720783541921,0.0385948636089953,1.0833333333333333,1.75,2.25,14.261175143289256,9.768745398648328,2.2040517183963977,-2.288407909137273,2.33359001245602,-2.165886766559418,4.7228444437145445,0.2286740115904756,2.292937768532317,97.85105031544944,8.811554787871634,8.811554787871634,8.811554787871634,5.8805400575618805,5.8805400575618805,5.8805400575618805,4.355093176799812,4.355093176799812,3.500339922411466,3.500339922411466,2.7495218638295955,2.7495218638295955,0.0,663.6960526543885,10.083333333333334,5.612244897959184,2.8027681660899653,77.74778313266302,0.0,0.0,0.0,0.0,0.0,0.0,0.0,0.0,65.21404738278935,11.835812092322788,0.0,0.0,0.0,0.0,11.835812092322788,65.21404738278935,0.0,0.0,0.0,0.0,0.0,0.0,0.0,11.835812092322788,65.21404738278935,0.0,0.0,0.0,0.0,0.0,0.0,0.0,11.835812092322788,51.36657298340809,0.0,0.0,13.847474399381248,0.0,0.0,0.0,0.0,0.0,2.1379629629629626,0.0,11.83384377362056,4.694859930083144,0.0,1.0,12,0,0,1,1,0,0,0,0,0,4,1,1,1,4.393000000000004,55.264000000000046,0,0,0,0,0,0,0,0,0,0,0,0,0,0,0,0,0,0,0,0,0
CC(CCC)(C)C1CCCCC1,352.0,2.464768518518518,0.6202083333333333,2.464768518518518,0.6202083333333333,0.5859090435455716,168.32399999999996,144.13199999999998,168.187800768,72,-0.0325999088798584,-0.0653622219531062,0.0653622219531062,0.0325999088798584,1.0833333333333333,1.6666666666666667,2.1666666666666665,14.340998975821304,9.688834858391916,2.286589310273494,-2.365620992035502,2.404690782823116,-2.2536873582679484,4.798525444011126,0.1448013044243256,2.4138909471267262,118.0,9.02709773749546,9.02709773749546,9.02709773749546,5.66583188730236,5.66583188730236,5.66583188730236,5.073515061636229,5.073515061636229,3.604680998342485,3.604680998342485,2.732524803966496,2.732524803966496,0.0,502.5501648157037,10.083333333333334,4.296875,2.5,77.74778313266302,0.0,0.0,0.0,0.0,0.0,0.0,0.0,0.0,46.45449809077592,30.5953613843362,0.0,0.0,0.0,0.0,11.332896515558172,65.71696295955395,0.0,0.0,0.0,0.0,0.0,0.0,0.0,11.332896515558172,65.71696295955395,0.0,0.0,0.0,0.0,0.0,0.0,5.41499046939678,5.917906046161393,44.94575136048208,0.0,0.0,20.771211599071872,0.0,0.0,0.0,0.0,0.6202083333333333,1.0196296296296294,0.0,10.203862670068029,7.239632700302343,0.0,1.0,12,0,0,1,1,0,0,0,0,0,3,1,1,1,4.393000000000004,55.264000000000046,0,0,0,0,0,0,0,0,0,0,0,0,0,0,0,0,0,0,0,0,0
CCCCCCC1CCCCC1,353.0,2.292270565633661,1.1070427059712773,2.292270565633661,1.1070427059712773,0.5287312673405525,168.32399999999996,144.13199999999998,168.187800768,72,-0.041428578855419,-0.0653823832174964,0.0653823832174964,0.041428578855419,0.9166666666666666,1.6666666666666667,2.333333333333333,14.174742169171688,9.85452341802348,2.114612930245264,-2.205606269989221,2.27345580084822,-2.0510782921463773,4.649553504484131,0.3282499182079118,1.906220771718448,90.2114326716684,8.648418081055103,8.648418081055103,8.648418081055103,5.931851652578137,5.931851652578136,5.931851652578136,4.35337115112852,4.35337115112852,3.1906706976806576,3.1906706976806576,2.3356041981621503,2.3356041981621503,0.0,694.6611541570788,10.083333333333334,6.508875739644971,4.13265306122449,77.74778313266302,0.0,0.0,0.0,0.0,0.0,0.0,0.0,0.0,71.13195342895074,5.917906046161393,0.0,0.0,0.0,0.0,5.917906046161393,71.13195342895074,0.0,0.0,0.0,0.0,0.0,0.0,0.0,5.917906046161393,71.13195342895074,0.0,0.0,0.0,0.0,0.0,0.0,0.0,5.917906046161393,64.20821622926012,0.0,0.0,6.923737199690624,0.0,0.0,0.0,0.0,0.0,1.1070427059712773,0.0,14.934020061728395,2.292270565633661,0.0,1.0,12,0,0,1,1,0,0,0,0,0,5,1,1,1,4.537100000000004,55.334000000000046,0,0,0,0,0,0,0,0,0,0,0,0,0,0,0,0,0,0,0,0,2
CCCCCCCC1CCCC1,364.0,2.28866087175611,1.1172467876039305,2.28866087175611,1.1172467876039305,0.5108185642802159,168.32399999999996,144.13199999999998,168.187800768,72,-0.0414285760798241,-0.0653823832227829,0.0653823832227829,0.0414285760798241,0.9166666666666666,1.5833333333333333,2.25,14.189806843904302,9.9921959906248,2.1299377136314868,-2.067765861215728,2.286467658509888,-1.9185152855075749,4.663647553437496,0.4638268721161714,1.8129733345463457,90.2114326716684,8.648418081055103,8.648418081055103,8.648418081055103,5.931851652578136,5.931851652578136,5.931851652578136,4.35337115112852,4.35337115112852,3.1906706976806576,3.1906706976806576,2.3356041981621503,2.3356041981621503,0.0,867.2674343563772,10.083333333333334,6.508875739644971,4.13265306122449,77.74778313266302,0.0,0.0,0.0,0.0,0.0,0.0,0.0,0.0,71.13195342895074,5.917906046161393,0.0,0.0,0.0,0.0,5.917906046161393,71.13195342895074,0.0,0.0,0.0,0.0,0.0,0.0,0.0,5.917906046161393,71.13195342895074,0.0,0.0,0.0,0.0,0.0,0.0,0.0,5.917906046161393,64.20821622926012,0.0,0.0,6.923737199690624,0.0,0.0,0.0,0.0,0.0,1.1172467876039305,0.0,14.927425673973293,2.28866087175611,0.0,1.0,12,0,0,1,1,0,0,0,0,0,6,1,1,1,4.537100000000004,55.334000000000046,0,0,0,0,0,0,0,0,0,0,0,0,0,0,0,0,0,0,0,0,3
CCCCCCCCCCC=C,368.8,3.718992735409131,1.2033333333333334,3.718992735409131,1.2033333333333334,0.3455135501601761,168.32399999999998,144.13199999999998,168.187800768,72,-0.0353412931099218,-0.1030829789362716,0.1030829789362716,0.0353412931099218,0.8333333333333334,1.3333333333333333,1.8333333333333333,13.95367087240144,10.076405855434649,1.889567181455933,-1.987733102156468,2.087012644090532,-1.7902714052986013,4.647284161057681,0.5775380034502529,2.76676462623148,84.03910001730776,9.071067811865476,8.648418081055103,8.648418081055103,5.914213562373096,5.523603362114273,5.523603362114273,3.552224003342541,3.552224003342541,2.2618016810571366,2.2618016810571366,1.4225586110779964,1.4225586110779964,-0.26,488.92509398668415,11.74,10.74,9.739999999999998,78.064011254008,0.0,0.0,0.0,0.0,0.0,0.0,0.0,6.578935683598497,57.94550866700658,12.84164324585202,0.0,0.0,0.0,0.0,0.0,64.71113180602472,0.0,12.654955790432378,0.0,0.0,0.0,0.0,0.0,0.0,64.71113180602472,12.654955790432378,0.0,0.0,0.0,0.0,0.0,0.0,0.0,57.7873946063341,0.0,6.076020106833881,13.502672883289122,0.0,0.0,0.0,0.0,0.0,0.0,0.0,14.513067843452042,5.986932156547958,0.0,0.8333333333333334,12,0,0,0,0,0,0,0,0,0,9,0,0,0,4.703200000000004,57.42400000000005,0,0,0,0,0,0,0,0,1,0,0,0,0,0,0,0,0,0,0,0,7
CCCCCC=CCCCCC,373.0,2.3525,1.2916319444444444,2.3525,1.2916319444444444,0.3637303419235788,168.32399999999996,144.13199999999998,168.187800768,72,-0.0350736398729305,-0.0885392835555452,0.0885392835555452,0.0350736398729305,0.6666666666666666,1.0833333333333333,1.4166666666666667,13.892158588926874,10.138959106375967,1.8263515269296469,-1.9271953032768585,2.0272110899201743,-1.726017357533438,4.805334394722738,0.7152771557929334,2.932499056311661,80.21143267166839,9.071067811865476,8.811554787871634,8.811554787871634,5.914213562373096,5.564043476634154,5.564043476634154,3.462968352353752,3.462968352353752,2.1153550716504106,2.1153550716504106,1.2600796553858444,1.2600796553858444,-0.26,488.92509398668415,11.74,10.74,9.739999999999998,78.06401125400798,0.0,0.0,0.0,0.0,0.0,0.0,0.0,0.0,51.68280110475304,25.68328649170404,0.0,0.0,0.0,0.0,0.0,65.21404738278933,0.0,12.152040213667762,0.0,0.0,0.0,0.0,0.0,0.0,65.21404738278933,12.152040213667762,0.0,0.0,0.0,0.0,0.0,0.0,0.0,51.36657298340809,0.0,0.0,25.99951461304901,0.0,0.0,0.0,0.0,0.0,0.0,0.0,15.490153747066628,4.509846252933374,0.0,0.8333333333333334,12,0,0,0,0,0,0,0,0,0,8,0,0,0,4.703200000000004,57.42400000000005,0,0,0,0,0,0,0,0,2,0,0,0,0,0,0,0,0,0,0,0,4
CCCCCC=CC(C)CCC,370.0,2.3741666666666665,0.7885430839002266,2.3741666666666665,0.7885430839002266,0.3859811354144734,168.32399999999996,144.13199999999998,168.187800768,72,-0.0262066153539588,-0.088270502197633,0.088270502197633,0.0262066153539588,1.0833333333333333,1.8333333333333333,2.4166666666666665,13.980347584046353,10.04905602487343,1.9190156307961888,-2.012676271575345,2.0765049096162147,-1.8633957598822344,4.853626953147503,0.6294000390769869,3.21989225526533,102.6059378176129,9.234204518682008,8.974691494688164,8.974691494688164,5.808060412490447,5.474727079157114,5.474727079157114,3.6898932846942767,3.6898932846942767,2.1829767550539483,2.1829767550539483,1.392288396839411,1.392288396839411,-0.26,423.6427792848986,11.74,8.833109869646183,7.842669404517453,78.06401125400797,0.0,0.0,0.0,0.0,0.0,0.0,0.0,0.0,52.18571668151766,25.18037091493942,0.0,0.0,0.0,0.0,5.917906046161393,59.296141336627926,0.0,12.152040213667762,0.0,0.0,0.0,0.0,0.0,5.917906046161393,59.296141336627926,12.152040213667762,0.0,0.0,0.0,0.0,0.0,0.0,5.917906046161393,38.524929737556064,0.0,0.0,32.92325181273964,0.0,0.0,0.0,0.0,0.0,0.7885430839002266,0.0,12.7346058515999,6.810184397833207,0.0,0.8333333333333334,12,0,0,0,0,0,0,0,0,0,7,0,0,0,4.559100000000004,57.35400000000005,0,0,0,0,0,0,0,0,2,0,0,0,0,0,0,0,0,0,0,0,2
CCCCC/C(=C/CCCC)/C,374.0,2.415833333333333,1.2861689814814814,2.415833333333333,1.2861689814814814,0.3815070680634605,168.32399999999998,144.13199999999998,168.187800768,72,-0.0323086757315771,-0.085610495248234,0.085610495248234,0.0323086757315771,1.0,1.6666666666666667,2.25,13.957039676131917,10.073146727249762,1.890982564894572,-1.9932858131831188,2.093470122945376,-1.790458026634022,4.96790586764102,0.7081891487470994,3.2893635564055934,111.20671786825557,9.234204518682008,9.02709773749546,9.02709773749546,5.808060412490448,5.464690378025045,5.464690378025045,3.649812122026584,3.649812122026584,2.2251444688392663,2.2251444688392663,1.3084866982898378,1.3084866982898378,-0.26,427.482050430564,11.74,8.833109869646183,7.842669404517453,78.06401125400797,0.0,0.0,0.0,0.0,0.0,0.0,0.0,0.0,51.17988552798843,26.186202068468653,0.0,0.0,0.0,0.0,0.0,65.71696295955394,0.0,11.64912463690315,0.0,0.0,0.0,0.0,0.0,0.0,65.71696295955394,11.64912463690315,0.0,0.0,0.0,0.0,0.0,0.0,0.0,44.94575136048208,5.573104530069267,0.0,26.847231705905752,0.0,0.0,0.0,0.0,1.594351851851852,0.0,0.0,11.79284375787352,6.779471056941295,0.0,0.8333333333333334,12,0,0,0,0,0,0,0,0,0,7,0,0,0,4.703200000000004,57.42400000000005,0,0,0,0,0,0,0,0,2,0,0,0,0,0,0,0,0,0,0,0,2
CCCCCCC(C)CCCC,392.0,2.4043707482993195,0.9738945578231292,2.4043707482993195,0.9738945578231292,0.4596825181238352,170.33999999999995,144.13199999999998,170.203450832,74,-0.0442802479918477,-0.0653823832175062,0.0653823832175062,0.0442802479918477,0.75,1.3333333333333333,1.9166666666666667,14.05704066744433,9.9723698773508,1.99517173074897,-2.089489708872882,2.1539224757187245,-1.93672585686874,4.530772136760486,0.4445749964123471,3.023875219830428,76.10749561002055,9.234204518682008,9.234204518682008,9.234204518682008,5.808060412490447,5.808060412490447,5.808060412490447,4.096735547085259,4.096735547085259,2.600953631303899,2.600953631303899,1.616499400182057,1.616499400182057,0.0,436.6286476621213,12.0,9.090909090909092,8.1,78.75361428619223,0.0,0.0,0.0,0.0,0.0,0.0,0.0,0.0,72.13778458247995,5.917906046161393,0.0,0.0,0.0,0.0,5.917906046161393,72.13778458247995,0.0,0.0,0.0,0.0,0.0,0.0,0.0,5.917906046161393,72.13778458247995,0.0,0.0,0.0,0.0,0.0,0.0,0.0,5.917906046161393,51.36657298340809,0.0,0.0,20.771211599071872,0.0,0.0,0.0,0.0,0.0,0.9738945578231292,0.0,11.395232268833457,6.964206506676745,0.0,1.0,12,0,0,0,0,0,0,0,0,0,8,0,0,0,4.783100000000005,57.44800000000005,0,0,0,0,0,0,0,0,0,0,0,0,0,0,0,0,0,0,0,0,2
CCCCC(CC)CCC(C)C,379.0,2.333981481481481,0.8895153061224488,2.333981481481481,0.8895153061224488,0.5219473363107946,170.34,144.13199999999998,170.203450832,74,-0.0416812492712226,-0.0653822096267725,0.0653822096267725,0.0416812492712226,0.9166666666666666,1.5833333333333333,2.0,14.116125100239524,9.913561667587173,2.055810114402667,-2.1467558097336186,2.2009807840936086,-2.0055090542801257,4.584220195351203,0.3806921279375507,3.3892722494384446,84.03910001730776,9.397341225498538,9.397341225498538,9.397341225498538,5.701907262607799,5.7019072626078,5.7019072626078,4.387699338743366,4.387699338743366,2.6955413217988493,2.6955413217988493,1.614420731316863,1.614420731316863,0.0,382.4770014712856,12.0,7.638888888888889,6.694214876033058,78.75361428619222,0.0,0.0,0.0,0.0,0.0,0.0,0.0,0.0,66.21987853631855,11.835812092322788,0.0,0.0,0.0,0.0,11.835812092322788,66.21987853631855,0.0,0.0,0.0,0.0,0.0,0.0,0.0,11.835812092322788,66.21987853631855,0.0,0.0,0.0,0.0,0.0,0.0,0.0,11.835812092322788,38.524929737556064,0.0,0.0,27.694948798762496,0.0,0.0,0.0,0.0,0.0,1.896320861678004,0.0,8.497627078609222,9.27271872637944,0.0,1.0,12,0,0,0,0,0,0,0,0,0,7,0,0,0,4.639000000000005,57.37800000000005,0,0,0,0,0,0,0,0,0,0,0,0,0,0,0,0,0,0,0,0,0
CCCC(CC)(CCC)CCC,362.0,2.362083333333333,0.6927083333333334,2.362083333333333,0.6927083333333334,0.5154133414287,170.33999999999995,144.13199999999998,170.203450832,74,-0.0300379472453466,-0.0653620501852199,0.0653620501852199,0.0300379472453466,0.6666666666666666,1.0,1.1666666666666667,14.29290087960545,9.735983445432222,2.238753413936424,-2.31821480765796,2.374636856445836,-2.185813591226263,4.759545027587392,0.2017299166001464,4.063709717788591,77.19188266301452,9.449747468305834,9.449747468305834,9.449747468305834,5.742640687119286,5.742640687119284,5.742640687119284,4.103553390593273,4.103553390593273,3.090990257669732,3.090990257669732,2.496320343559642,2.496320343559642,0.0,388.6582777792415,12.0,6.508875739644971,3.6,78.75361428619223,0.0,0.0,0.0,0.0,0.0,0.0,0.0,0.0,53.37823529046653,24.67745533817481,0.0,0.0,0.0,0.0,5.41499046939678,72.64070015924457,0.0,0.0,0.0,0.0,0.0,0.0,0.0,5.41499046939678,72.64070015924457,0.0,0.0,0.0,0.0,0.0,0.0,5.41499046939678,0.0,44.94575136048208,0.0,0.0,27.694948798762496,0.0,0.0,0.0,0.0,0.6927083333333334,0.0,0.0,9.749583333333332,9.307708333333334,0.0,1.0,12,0,0,0,0,0,0,0,0,0,7,0,0,0,4.783100000000005,57.44800000000005,0,0,0,0,0,0,0,0,0,0,0,0,0,0,0,0,0,0,0,0,0
CCCC(CC(C)C)CC(C)C,368.0,2.3362962962962963,0.8752777777777776,2.3362962962962963,0.8752777777777776,0.5505291807483532,170.34,144.13199999999998,170.203450832,74,-0.0409522577831262,-0.0653722489588995,0.0653722489588995,0.0409522577831262,0.8333333333333334,1.25,1.5,14.166554906639586,9.863380422863443,2.107564028094292,-2.1956157699569574,2.2348570922381388,-2.0717002938927944,4.626666823685089,0.3226567231638628,3.692584215515357,82.21143267166839,9.560477932315068,9.560477932315068,9.560477932315068,5.557749310264367,5.557749310264367,5.557749310264367,4.913798759404988,4.913798759404988,2.306399133307406,2.306399133307406,2.0735089290576503,2.0735089290576503,0.0,279.23498869602827,12.0,6.508875739644971,6.694214876033058,78.75361428619222,0.0,0.0,0.0,0.0,0.0,0.0,0.0,0.0,47.46032924430513,30.5953613843362,0.0,0.0,0.0,0.0,17.75371813848418,60.30197249015716,0.0,0.0,0.0,0.0,0.0,0.0,0.0,17.75371813848418,60.30197249015716,0.0,0.0,0.0,0.0,0.0,0.0,0.0,17.75371813848418,25.68328649170404,0.0,0.0,34.61868599845312,0.0,0.0,0.0,0.0,0.0,2.7320370370370366,0.0,5.623518518518519,11.644444444444446,0.0,1.0,12,0,0,0,0,0,0,0,0,0,6,0,0,0,4.494900000000004,57.30800000000005,0,0,0,0,0,0,0,0,0,0,0,0,0,0,0,0,0,0,0,0,0
CCC(C)(C)CCC(C)(C)CC,367.0,2.37375,0.5480555555555555,2.37375,0.5480555555555555,0.5636488686098925,170.33999999999995,144.13199999999998,170.203450832,74,-0.0356636808129735,-0.0648732018874128,0.0648732018874128,0.0356636808129735,0.6666666666666666,0.9166666666666666,1.0833333333333333,14.264880059329707,9.765267375886252,2.208331940827638,-2.291307268725638,2.339664760788844,-2.162910745726978,4.728197335802753,0.2278606933559226,3.820913091355932,104.0,9.828427124746192,9.828427124746192,9.828427124746192,5.328427124746191,5.32842712474619,5.32842712474619,5.535533905932739,5.535533905932739,3.392766952966369,3.392766952966369,1.0303300858899105,1.0303300858899105,0.0,262.4341671199568,12.0,4.296875,4.792899408284024,78.75361428619223,0.0,0.0,0.0,0.0,0.0,0.0,0.0,0.0,54.38406644399576,23.67162418464558,0.0,0.0,0.0,0.0,10.82998093879356,67.22570968984778,0.0,0.0,0.0,0.0,0.0,0.0,0.0,10.82998093879356,67.22570968984778,0.0,0.0,0.0,0.0,0.0,0.0,10.82998093879356,0.0,25.68328649170404,0.0,0.0,41.54242319814374,0.0,0.0,0.0,0.0,1.096111111111111,0.0,0.0,5.327647392290249,14.07624149659864,0.0,1.0,12,0,0,0,0,0,0,0,0,0,5,0,0,0,4.639000000000005,57.37800000000005,0,0,0,0,0,0,0,0,0,0,0,0,0,0,0,0,0,0,0,0,0
CCCCCCC(C)CC(C)C,384.0,2.3947874149659865,0.880717723817922,2.3947874149659865,0.880717723817922,0.4882610433000918,170.34,144.13199999999998,170.203450832,74,-0.0440368502536177,-0.0653823832175061,0.0653823832175061,0.0440368502536177,0.9166666666666666,1.5833333333333333,2.083333333333333,14.0939712396448,9.93550850986117,2.0330012044835644,-2.125454271845764,2.1730805201536896,-1.9923701809452383,4.55885770021498,0.3986231385680819,3.1354291541883987,84.03910001730776,9.397341225498538,9.397341225498538,9.397341225498538,5.663902460147014,5.663902460147015,5.663902460147015,4.584056132410041,4.584056132410041,2.424250263505164,2.424250263505164,1.8421649594455043,1.8421649594455043,0.0,344.1221351341468,12.0,7.638888888888889,8.1,78.75361428619222,0.0,0.0,0.0,0.0,0.0,0.0,0.0,0.0,59.79905691339253,18.2566337152488,0.0,0.0,0.0,0.0,11.835812092322788,66.21987853631855,0.0,0.0,0.0,0.0,0.0,0.0,0.0,11.835812092322788,66.21987853631855,0.0,0.0,0.0,0.0,0.0,0.0,0.0,11.835812092322788,38.524929737556064,0.0,0.0,27.694948798762496,0.0,0.0,0.0,0.0,0.0,1.8268808001595696,0.0,8.525721214411691,9.314064652095404,0.0,1.0,12,0,0,0,0,0,0,0,0,0,7,0,0,0,4.639000000000005,57.37800000000005,0,0,0,0,0,0,0,0,0,0,0,0,0,0,0,0,0,0,0,0,2
CCCCCCCCCCCCO,458.3,8.566063511947316,0.3715277777777777,8.566063511947316,0.3715277777777777,0.5129821812363801,186.339,160.13099999999997,186.198365452,80,0.043052407228889,-0.3963765693422824,0.3963765693422824,0.043052407228889,0.6153846153846154,1.0,1.3846153846153846,16.249927477955328,10.06832556654092,1.906847569022382,-2.001282761980743,2.0944957020580746,-1.8381005645724204,4.461354260921017,0.2819899116250168,2.758149818433293,71.19366193720087,9.778174593052023,9.225388188551984,9.225388188551984,6.414213562373096,6.023334547203385,6.023334547203385,3.905587313089441,3.905587313089441,2.5116672736016925,2.5116672736016925,1.5992402659514466,1.5992402659514466,-0.04,812.7027727261354,12.960000000000004,11.96,11.960000000000004,83.54784803838828,5.106527394840706,0.0,0.0,0.0,0.0,0.0,0.0,0.0,64.71113180602472,6.4208216229260096,6.606881964512918,0.0,5.106527394840706,0.0,0.0,71.13195342895074,6.606881964512918,0.0,0.0,0.0,0.0,11.713409359353625,0.0,0.0,71.13195342895074,0.0,0.0,20.23,0.0,0.0,0.0,6.606881964512918,6.4208216229260096,57.7873946063341,0.0,0.0,6.923737199690624,5.106527394840706,0.0,0.0,8.566063511947316,0.0,0.0,0.0,13.30358903011771,2.6303474579349744,0.0,1.0,13,1,1,0,0,0,0,1,1,1,10,0,0,0,3.899600000000004,58.92980000000006,0,1,1,0,0,0,0,0,0,0,0,0,0,0,0,0,0,0,0,0,8
C(CCCCCCC)OCCCC,414.0,5.480584845049132,0.96375,5.480584845049132,0.96375,0.4653665969185806,186.339,160.13099999999997,186.198365452,80,0.0465533958552838,-0.3814526317194524,0.3814526317194524,0.0465533958552838,0.6153846153846154,1.1538461538461535,1.8461538461538465,16.472858371974553,10.126184963336922,1.899753238096769,-2.0228217934964063,2.0441541652676327,-1.9581076320706448,4.429629298412617,0.1268000335835647,2.758149818433293,71.19366193720087,9.778174593052023,9.47931610232934,9.47931610232934,6.414213562373096,5.99156383156272,5.99156383156272,3.7336927792554366,3.7336927792554366,2.2844570503761727,2.2844570503761727,1.3329159436511795,1.3329159436511795,-0.04,812.7027727261354,12.960000000000004,11.96,11.960000000000004,83.86715951569913,4.736862953800049,0.0,0.0,0.0,0.0,0.0,0.0,0.0,52.372404136937305,12.84164324585202,13.213763929025836,0.0,4.736862953800049,0.0,0.0,65.21404738278933,13.213763929025836,0.0,0.0,0.0,0.0,13.213763929025836,4.736862953800049,0.0,65.21404738278933,0.0,0.0,9.23,0.0,0.0,0.0,0.0,13.213763929025836,51.36657298340809,0.0,0.0,13.847474399381248,4.736862953800049,5.480584845049132,0.0,0.0,0.0,0.0,0.0,10.617081263443549,6.402333891507322,0.0,1.0,13,0,1,0,0,0,0,1,0,1,10,0,0,0,4.163600000000003,59.10300000000006,0,0,0,0,0,0,0,0,0,0,0,0,0,1,0,0,0,0,0,0,8
CCCCCCCCCCCC,385.4,2.279016096988229,1.3708677685950414,2.279016096988229,1.3708677685950414,0.4304643040524984,170.33999999999995,144.13199999999998,170.203450832,74,-0.0533059741710883,-0.0653823832227926,0.0653823832227926,0.0533059741710883,0.4166666666666667,0.6666666666666666,0.9166666666666666,13.960404810851868,10.07005824878275,1.8956419942770424,-1.9946923570827888,2.093504810851858,-1.7968417512172512,4.452404810851859,0.5620582487827479,2.72724281291869,56.43856189774725,9.071067811865476,9.071067811865476,9.071067811865476,5.914213562373096,5.914213562373094,5.914213562373094,3.828427124746189,3.828427124746189,2.457106781186547,2.457106781186547,1.5606601717798203,1.5606601717798203,0.0,488.92509398668415,12.0,11.0,10.0,78.75361428619225,0.0,0.0,0.0,0.0,0.0,0.0,0.0,0.0,78.05569062864136,0.0,0.0,0.0,0.0,0.0,0.0,78.05569062864136,0.0,0.0,0.0,0.0,0.0,0.0,0.0,0.0,78.05569062864136,0.0,0.0,0.0,0.0,0.0,0.0,0.0,0.0,64.20821622926012,0.0,0.0,13.847474399381248,0.0,0.0,0.0,0.0,0.0,0.0,0.0,14.441967806023545,4.558032193976458,0.0,1.0,12,0,0,0,0,0,0,0,0,0,9,0,0,0,4.9272000000000045,57.51800000000005,0,0,0,0,0,0,0,0,0,0,0,0,0,0,0,0,0,0,0,0,7
CCCCCCC(C)CCC=C,366.0,3.7423605040041727,0.902644557823129,3.7423605040041727,0.902644557823129,0.3679959353649627,168.32399999999998,144.13199999999998,168.187800768,72,-0.0350876265708244,-0.1030828063262402,0.1030828063262402,0.0350876265708244,1.1666666666666667,1.9166666666666667,2.5,14.050130056373446,9.979035066093203,1.9894175878407776,-2.0817212565922483,2.146618378745129,-1.9306528983139035,4.675081842697213,0.4631647892563371,3.072644854598306,94.21143267166842,9.234204518682008,8.811554787871634,8.811554787871634,5.808060412490447,5.417450212231626,5.417450212231626,3.820532425681612,3.820532425681612,2.4140669073772925,2.4140669073772925,1.46628246948297,1.46628246948297,-0.26,436.6286476621213,11.74,8.833109869646183,7.842669404517453,78.06401125400798,0.0,0.0,0.0,0.0,0.0,0.0,0.0,6.578935683598497,52.02760262084517,18.75954929201341,0.0,0.0,0.0,0.0,5.917906046161393,58.79322575986332,0.0,12.654955790432378,0.0,0.0,0.0,0.0,0.0,5.917906046161393,58.79322575986332,12.654955790432378,0.0,0.0,0.0,0.0,0.0,0.0,5.917906046161393,44.94575136048208,0.0,6.076020106833881,20.426410082979743,0.0,0.0,0.0,0.0,0.0,0.902644557823129,0.0,11.566714537666918,8.363974237843285,0.0,0.8333333333333334,12,0,0,0,0,0,0,0,0,0,8,0,0,0,4.559100000000004,57.35400000000005,0,0,0,0,0,0,0,0,1,0,0,0,0,0,0,0,0,0,0,0,2
CCCCOCCOCCOCCCC,459.8,5.353338052239567,0.6814008566389519,5.353338052239567,0.6814008566389519,0.4712790638749647,218.33699999999996,192.129,218.188194692,92,0.0701122739744756,-0.3790601955524616,0.3790601955524616,0.0701122739744756,0.5333333333333333,0.8666666666666667,1.2,16.540849425485025,10.358730462737212,1.904678301075077,-2.055258293791811,1.8909721317659451,-2.096671911148968,4.35669685383663,0.0136037996273024,2.8079257388805243,95.04035409497884,11.19238815542512,10.295812683257068,10.295812683257068,7.414213562373096,6.146264369941973,6.146264369941973,3.544224088273931,3.544224088273931,2.028473986232465,2.028473986232465,1.0346877580701572,1.0346877580701572,-0.12,2230.017478996464,14.880000000000004,13.88,13.88,94.09424997471288,14.210588861400147,0.0,0.0,0.0,0.0,0.0,0.0,0.0,26.689117645233267,12.84164324585202,13.213763929025836,26.427527858051672,14.210588861400147,0.0,0.0,39.53076089108528,39.64129178707751,0.0,0.0,0.0,0.0,39.64129178707751,14.210588861400147,0.0,39.53076089108528,0.0,0.0,27.69,0.0,0.0,0.0,26.427527858051672,26.055407174877857,12.84164324585202,0.0,0.0,13.847474399381248,14.210588861400147,16.050739313095914,0.0,0.0,0.0,0.0,0.0,4.651298763643086,8.797961923261,0.0,1.0,15,0,3,0,0,0,0,3,0,3,12,0,0,0,2.636400000000001,62.27300000000006,0,0,0,0,0,0,0,0,0,0,0,0,0,3,0,0,0,0,0,0,10
C(CCCCC)OCCOCCOCCO,491.0,8.441789948971829,0.0703086419753087,8.441789948971829,0.0703086419753087,0.4918217843734542,234.33599999999996,208.128,234.183109312,98,0.0701143936010867,-0.3939803248745097,0.3939803248745097,0.0701143936010867,0.6875,1.25,1.8125,16.543188925376054,10.197284324969129,1.913216469087836,-2.0557015808292203,1.979861729394793,-2.1061160303774464,4.393814428186671,0.0072031631959952,2.828262412638549,105.58638780895902,11.899494936611667,10.450133059943571,10.450133059943571,7.914213562373096,6.255385354772264,6.255385354772264,3.621384276617184,3.621384276617184,2.1218701212593127,2.1218701212593127,1.2373390412087717,1.2373390412087717,-0.16,3682.875586750231,15.84,14.839999999999998,13.84,98.88848372690892,19.31711625624085,0.0,0.0,0.0,0.0,0.0,0.0,0.0,26.186202068468653,6.4208216229260096,6.606881964512918,39.64129178707751,19.31711625624085,0.0,0.0,32.60702369139466,46.24817375159042,0.0,0.0,0.0,0.0,51.354701146431125,14.210588861400147,0.0,32.60702369139466,0.0,0.0,47.92,0.0,0.0,6.606881964512918,33.03440982256459,13.027703587438928,19.26246486877803,0.0,0.0,6.923737199690624,19.31711625624085,15.717386902604186,0.0,8.441789948971829,0.0,0.0,0.0,4.957157851414012,5.883665297009975,0.0,1.0,16,1,4,0,0,0,0,4,1,4,13,0,0,0,1.6087999999999998,63.68480000000006,0,1,1,0,0,0,0,0,0,0,0,0,0,3,0,0,0,0,0,0,11
C(C)OCCOCCOCCOCCOCC,491.0,5.315092592592593,0.5981597222222222,5.315092592592593,0.5981597222222222,0.4321515531694452,250.33499999999992,224.12699999999995,250.178023932,104,0.0701143954653758,-0.3793466986171837,0.3793466986171837,0.0701143954653758,0.4117647058823529,0.6470588235294118,0.8823529411764706,16.55827776627298,10.658469340734383,1.9150017586395491,-2.0649129103634016,1.8276930296340872,-2.126575712186316,4.344946911446407,-0.0093411564708382,2.846262262649495,118.06439568642064,12.606601717798217,11.112309264184791,11.112309264184791,8.414213562373096,6.300964908321225,6.300964908321225,3.230964157204736,3.230964157204736,1.896282162176448,1.896282162176448,1.0662658732337416,1.0662658732337416,-0.2,6072.014357777548,16.8,15.800000000000002,15.8,104.32134043372665,23.684314769000245,0.0,0.0,0.0,0.0,0.0,0.0,0.0,0.0,13.847474399381248,13.213763929025836,52.85505571610334,23.684314769000245,0.0,0.0,13.847474399381248,66.06881964512917,0.0,0.0,0.0,0.0,66.06881964512917,23.684314769000245,0.0,13.847474399381248,0.0,0.0,46.150000000000006,0.0,0.0,0.0,52.85505571610334,13.213763929025836,0.0,0.0,13.847474399381248,0.0,23.684314769000245,26.13954855710267,0.0,0.0,0.0,0.0,0.0,0.0,10.36045144289733,0.0,1.0,17,0,5,0,0,0,0,5,0,5,14,0,0,0,1.1092,65.44300000000005,0,0,0,0,0,0,0,0,0,0,0,0,0,5,0,0,0,0,0,0,12
C(COCCOCCOCCOCCCC)O,539.0,8.44574958489503,0.056688850308642,8.44574958489503,0.056688850308642,0.4630792650545088,250.33499999999992,224.12699999999995,250.178023932,104,0.0701143954653795,-0.3939803248745097,0.3939803248745097,0.0701143954653795,0.6470588235294118,1.0588235294117647,1.4705882352941178,16.553099404168446,10.3594599745107,1.915885287323306,-2.0633010720745704,1.8762677545111268,-2.1229443141601387,4.35540425374436,-0.0056803549931078,2.846262262649495,118.06439568642064,12.606601717798217,10.858381350407436,10.858381350407436,8.414213562373096,6.332735623961889,6.332735623961889,3.526649931126431,3.526649931126431,1.9938785891874595,1.9938785891874595,1.0727510434072989,1.0727510434072989,-0.2,6072.014357777548,16.8,15.800000000000002,15.8,104.00202895641578,24.0539792100409,0.0,0.0,0.0,0.0,0.0,0.0,0.0,13.344558822616634,6.4208216229260096,6.606881964512918,52.85505571610334,24.0539792100409,0.0,0.0,19.765380445542643,59.46193768061625,0.0,0.0,0.0,0.0,64.56846507545696,18.9474518152002,0.0,19.765380445542643,0.0,0.0,57.150000000000006,0.0,0.0,6.606881964512918,46.24817375159042,19.448525210364934,0.0,0.0,0.0,6.923737199690624,24.0539792100409,20.929786766152382,0.0,8.44574958489503,0.0,0.0,0.0,2.2678576486958466,6.856606000256745,0.0,1.0,17,1,5,0,0,0,0,5,1,5,14,0,0,0,0.8452,65.26980000000006,0,1,1,0,0,0,0,0,0,0,0,0,0,4,0,0,0,0,0,0,12
C(c1ccccc1)c2ccccc2,274.92,2.1597222222222223,1.0294444444444444,2.1597222222222223,1.0294444444444444,0.6452001853099995,168.239,156.14299999999997,168.093900384,64,-0.0025775623986511,-0.0622483607098551,0.0622483607098551,0.0025775623986511,0.5384615384615384,0.9230769230769232,1.3076923076923077,13.97339119811324,10.05742132067721,1.920936299713133,-1.9956023134389411,2.07303851673662,-1.8519334180285336,5.248482575259287,1.1934564207687004,2.1614757505786617,310.81248233699284,8.932875131431276,7.480609473082807,7.480609473082807,6.449489742783179,4.528473986232467,4.528473986232467,3.147973814603615,3.147973814603615,2.0938976146188413,2.0938976146188413,1.427425663142413,1.427425663142413,-1.5599999999999996,1589.7182302135147,8.057239275855297,3.902562753362507,2.1870744067645087,78.8534394399576,0.0,0.0,0.0,0.0,0.0,0.0,0.0,0.0,60.6636706846161,17.54772460632,0.0,0.0,0.0,0.0,0.0,6.4208216229260096,0.0,71.7905736680101,0.0,0.0,0.0,0.0,6.4208216229260096,0.0,11.126902983393991,60.6636706846161,0.0,0.0,0.0,0.0,0.0,0.0,6.4208216229260096,11.126902983393991,0.0,0.0,60.6636706846161,0.0,0.0,0.0,0.0,2.7383333333333337,0.0,21.06555555555555,1.0294444444444444,0.0,0.0,0.0769230769230769,13,0,0,0,0,2,2,0,0,0,2,0,0,2,3.277400000000002,55.69000000000003,0,0,0,0,0,0,0,0,0,0,2,0,0,0,0,0,0,0,0,0,0
CCCc1ccc2ccccc2c1,308.0,2.290509259259259,1.1853514739229023,2.290509259259259,1.1853514739229023,0.6428575890632974,170.25499999999997,156.14299999999997,170.109550448,66,-0.0181300293652843,-0.065065435266865,0.065065435266865,0.0181300293652843,0.9230769230769232,1.6923076923076923,2.4615384615384617,13.986746155978953,10.044893942654337,1.9346254214613543,-2.007540114500086,2.157227159880949,-1.818201197599949,5.82451392070942,0.9235451840665264,2.4918857055029697,401.4535471550891,9.096011838247808,7.955665446700477,7.955665446700477,6.398178147766923,4.876044312682033,4.876044312682033,3.431502973077313,3.431502973077313,2.3525518346913104,2.3525518346913104,1.682966654149129,1.682966654149129,-1.2999999999999998,1414.0832834379576,8.305121210242419,3.6098927892717554,1.7198984900932273,79.207893994422,0.0,0.0,0.0,0.0,0.0,0.0,0.0,0.0,55.8091283018479,22.7567215435526,0.0,0.0,0.0,10.772448428929591,0.0,19.765380445542643,0.0,48.02802097092827,0.0,0.0,0.0,0.0,6.4208216229260096,0.0,18.90801031431363,42.46456947923127,10.772448428929591,0.0,0.0,0.0,0.0,0.0,0.0,29.177543166478607,0.0,0.0,49.38830667892189,0.0,0.0,0.0,2.690558390022676,1.4455555555555557,0.0,15.240508078231294,2.405927106953893,2.2174508692365835,0.0,0.2307692307692307,13,0,0,0,0,2,2,0,0,0,2,0,0,2,3.7923000000000022,57.94300000000003,0,0,0,0,0,0,0,0,0,1,2,1,0,0,0,0,0,0,0,0,0
C(CC)C1=CC=CC2=CC=CC=C12,311.0,2.228009259259259,1.181898148148148,2.228009259259259,1.181898148148148,0.6428575890632974,170.25499999999997,156.14299999999997,170.109550448,66,-0.0151926307721391,-0.0650650706885454,0.0650650706885454,0.0151926307721391,0.9230769230769232,1.6923076923076923,2.5384615384615383,14.016867591299976,10.014423556185294,1.9682937659464268,-2.034478817341696,2.18743146398463,-1.84113058623698,5.850811109440976,0.9295033325813388,2.6138711904545664,396.203547155089,9.096011838247808,7.955665446700477,7.955665446700477,6.41501490017253,4.88202737682574,4.88202737682574,3.38827227953856,3.38827227953856,2.399273515672962,2.399273515672962,1.7798300840390016,1.7798300840390016,-1.2999999999999998,1449.6657993930446,8.305121210242419,3.6098927892717554,1.571703312697704,79.207893994422,0.0,0.0,0.0,0.0,0.0,0.0,0.0,0.0,55.8091283018479,22.7567215435526,0.0,0.0,0.0,10.772448428929591,0.0,19.765380445542643,0.0,48.02802097092827,0.0,0.0,0.0,0.0,6.4208216229260096,0.0,18.90801031431363,42.46456947923127,10.772448428929591,0.0,0.0,0.0,0.0,0.0,0.0,29.177543166478607,0.0,0.0,49.38830667892189,0.0,0.0,0.0,2.764166666666667,1.472777777777778,0.0,15.140898526077098,2.3981755479969764,2.2239814814814816,0.0,0.2307692307692307,13,0,0,0,0,2,2,0,0,0,2,0,0,2,3.7923000000000022,57.94300000000004,0,0,0,0,0,0,0,0,0,1,2,1,0,0,0,0,0,0,0,0,0
CC(C)c1cccc2ccccc12,301.0,2.2378703703703704,0.6028703703703704,2.2378703703703704,0.6028703703703704,0.6072735282562534,170.25499999999997,156.14299999999997,170.109550448,66,-0.0149310429111392,-0.0616293748785814,0.0616293748785814,0.0149310429111392,0.8461538461538461,1.5384615384615383,2.3076923076923075,14.067968996453606,9.962950220470844,2.0212110852385528,-2.084071778408678,2.240329657648093,-1.8761259407151525,5.855144705306516,0.8762485926641163,2.756733762067337,407.8127536956116,9.259148545064338,8.11880215351701,8.11880215351701,6.287693700234703,4.764742878019984,4.764742878019984,3.723076211353317,3.723076211353317,2.4453700276886345,2.4453700276886345,1.753917115316043,1.753917115316043,-1.2999999999999998,1269.222326572108,8.305121210242419,3.213517826933512,1.4418682903380866,79.20789399442198,0.0,0.0,0.0,0.0,0.0,0.0,0.0,0.0,56.31204387861251,22.253805966787983,0.0,0.0,0.0,10.772448428929591,0.0,19.76538044554264,0.0,48.02802097092827,0.0,0.0,0.0,0.0,0.0,0.0,25.32883193723963,42.46456947923127,10.772448428929591,0.0,0.0,0.0,0.0,5.917906046161393,0.0,16.335899920626588,0.0,0.0,56.31204387861251,0.0,0.0,0.0,2.7302777777777782,1.4426851851851854,0.6028703703703704,15.08175925925926,0.0,4.475740740740741,0.0,0.2307692307692307,13,0,0,0,0,2,2,0,0,0,1,0,0,2,3.9632000000000014,58.03700000000004,0,0,0,0,0,0,0,0,0,0,2,1,0,0,0,0,0,0,0,0,0
CCC1=C(C2=CC=CC=C2C=C1)C,310.0,2.2337962962962963,1.121694066515495,2.2337962962962963,1.121694066515495,0.6116760674124897,170.25499999999997,156.14299999999997,170.109550448,66,-0.0151989398269137,-0.0616293765312882,0.0616293765312882,0.0151989398269137,1.0,1.7692307692307692,2.5384615384615383,14.04334827923129,9.987955416640936,1.9942254129455796,-2.061441987336663,2.2105904695219807,-1.867305163927403,5.85976109268898,1.118976556479882,2.78910696684952,426.98639808407614,9.259148545064338,8.171208396324303,8.171208396324303,6.325698502695489,4.798694043492407,4.798694043492407,3.424375580401959,3.424375580401959,2.691445240098436,2.691445240098436,1.8552134261595012,1.8552134261595012,-1.2999999999999998,1333.5656423891717,8.305121210242419,3.213517826933512,1.3274811912996445,79.207893994422,0.0,0.0,0.0,0.0,0.0,0.0,0.0,0.0,43.32193961046029,35.243910234940216,0.0,0.0,0.0,10.772448428929591,0.0,20.268296022307258,0.0,47.52510539416365,0.0,0.0,0.0,0.0,6.4208216229260096,6.923737199690624,18.050640183084617,36.39820241076966,10.772448428929591,0.0,0.0,0.0,0.0,0.0,6.4208216229260096,21.899351412323583,0.0,0.0,50.24567681015091,0.0,0.0,0.0,2.735231481481482,2.8882407407407413,0.0,13.006546674225245,1.121694066515495,4.414953703703704,0.0,0.2307692307692307,13,0,0,0,0,2,2,0,0,0,1,0,0,2,3.710620000000002,58.06300000000004,0,0,0,0,0,0,0,0,0,2,2,1,0,0,0,0,0,0,0,0,0
CCC1=CC=CC2=C(C=CC=C21)C,313.0,2.2100925925925927,1.111898148148148,2.2100925925925927,1.111898148148148,0.6116760674124897,170.25499999999997,156.14299999999997,170.109550448,66,-0.0149362849189642,-0.061355690511889,0.061355690511889,0.0149362849189642,0.9230769230769232,1.6153846153846154,2.3846153846153846,14.035721316526685,9.995866120818228,1.988182712533576,-2.052021962697555,2.2140894499722323,-1.8422199521205156,5.878977748480873,1.158824601125771,2.840315492543255,426.98639808407614,9.259148545064338,8.171208396324303,8.171208396324303,6.325698502695488,4.798694043492407,4.798694043492407,3.440721615627512,3.440721615627512,2.6112819390092463,2.6112819390092463,1.8404649669872812,1.8404649669872812,-1.2999999999999998,1310.5586192853784,8.305121210242419,3.213517826933512,1.3274811912996445,79.20789399442198,0.0,0.0,0.0,0.0,0.0,0.0,0.0,0.0,43.32193961046029,35.243910234940216,0.0,0.0,0.0,10.772448428929591,0.0,20.268296022307258,0.0,47.52510539416365,0.0,0.0,0.0,0.0,6.4208216229260096,6.923737199690624,18.050640183084617,36.39820241076966,10.772448428929591,0.0,0.0,0.0,0.0,0.0,6.4208216229260096,21.899351412323583,0.0,0.0,50.24567681015091,0.0,0.0,0.0,2.79800925925926,2.813888888888889,0.0,13.068981481481485,1.111898148148148,4.373888888888889,0.0,0.2307692307692307,13,0,0,0,0,2,2,0,0,0,1,0,0,2,3.710620000000002,58.06300000000003,0,0,0,0,0,0,0,0,0,2,2,1,0,0,0,0,0,0,0,0,0
C1(=CC=CC=C1)CC1=C(C=CC=C1)O,329.0,9.571830120937264,0.3716232048374908,9.571830120937264,0.3716232048374908,0.7603045299219545,184.238,172.14199999999997,184.088815004,70,0.1186012456772463,-0.5076635900165576,0.5076635900165576,0.1186012456772463,0.7857142857142857,1.4285714285714286,2.142857142857143,16.25533754492654,10.045191623859145,1.992640399904404,-2.030447071118026,2.1858420127298945,-1.8692027208888655,5.35638645231448,0.469238841031802,2.2369588843757167,406.590556576089,9.803118619434354,7.850472799393139,7.850472799393139,6.860173345306139,4.6687474506491125,4.6687474506491125,3.291087586615162,3.291087586615162,2.229015894419408,2.229015894419408,1.4760890719461714,1.4760890719461714,-1.7599999999999996,2329.165208002809,8.821411268608355,3.965442907822416,1.937915669188292,83.64767319215363,5.106527394840706,5.749511833283905,0.0,0.0,0.0,0.0,0.0,0.0,48.53093654769288,17.193270051855603,6.4208216229260096,0.0,5.106527394840706,0.0,0.0,6.4208216229260096,0.0,65.72420659954848,5.749511833283905,0.0,5.749511833283905,5.106527394840706,6.4208216229260096,0.0,11.126902983393991,54.59730361615449,0.0,20.23,0.0,5.106527394840706,0.0,5.749511833283905,11.984273114623004,5.563451491696996,6.06636706846161,36.39820241076966,12.13273413692322,0.0,0.0,0.0,9.571830120937264,2.187685185185185,0.3716232048374908,17.58363000755858,0.7852314814814815,0.0,0.0,0.0769230769230769,14,1,1,0,0,2,2,1,1,1,2,0,0,2,2.9830000000000028,57.35480000000003,0,0,0,1,0,0,0,0,0,0,2,0,0,0,0,0,0,1,1,1,0
Cc1ccccc1C2CCCCC2,311.0,2.310833333333333,0.856435185185185,2.310833333333333,0.856435185185185,0.6023850850590757,174.28699999999995,156.14299999999997,174.140850576,70,-0.015933757851971,-0.0619844932433995,0.0619844932433995,0.015933757851971,1.0,1.6923076923076923,2.3846153846153846,14.20748690508485,9.822963397153892,2.1561993247546125,-2.2285247764489453,2.333051239259055,-2.0517119849542125,5.28757041422786,0.4422069895550763,2.183880369350461,269.1217287664019,9.096011838247808,8.422285251880869,8.422285251880869,6.377010097711745,5.4325219847121655,5.4325219847121655,4.191521881974906,4.191521881974906,3.233459501450724,3.233459501450724,2.458438606924599,2.458438606924599,-0.78,1459.756927542627,8.802256288894332,3.9521039064049184,1.931819696821168,80.98016676674399,0.0,0.0,0.0,0.0,0.0,0.0,0.0,0.0,43.52793314262448,36.81018947509803,0.0,0.0,0.0,0.0,0.0,44.94575136048206,0.0,35.392371257240434,0.0,0.0,0.0,0.0,0.0,6.923737199690624,49.14891714418543,24.26546827384644,0.0,0.0,0.0,0.0,0.0,0.0,5.917906046161393,37.667559606327046,5.563451491696996,0.0,31.18920547353706,0.0,0.0,0.0,0.0,3.0801851851851856,0.856435185185185,8.86890660430839,7.121120795540438,2.240018896447468,0.0,0.5384615384615384,13,0,0,1,1,1,1,0,0,0,1,1,1,2,4.042720000000003,57.00500000000004,0,0,0,0,0,0,0,0,0,1,1,0,0,0,0,0,0,0,0,0,0
CC(C)C1CCCc2ccccc12,322.0,2.3400462962962965,0.793009259259259,2.3400462962962965,0.793009259259259,0.6077748915304565,174.287,156.14299999999997,174.140850576,70,-0.0136024525880441,-0.0621890645515376,0.0621890645515376,0.0136024525880441,1.2307692307692308,2.0,2.769230769230769,14.26050482157244,9.770137895334804,2.212167868676871,-2.278360779636313,2.3567042526474564,-2.137730585295424,5.322985656899264,0.4334856924424393,2.36621552496068,285.8447139279425,9.259148545064338,8.585421958697399,8.585421958697399,6.287693700234703,5.365860956554161,5.365860956554161,4.441552255219031,4.441552255219031,3.220546931395355,3.220546931395355,2.4839744022869565,2.4839744022869565,-0.78,1269.222326572108,8.802256288894332,3.530188560115964,1.6259471361132916,80.98016676674399,0.0,0.0,0.0,0.0,0.0,0.0,0.0,0.0,38.112942673227685,42.225179944494805,0.0,0.0,0.0,0.0,5.917906046161393,39.02784531432067,0.0,35.392371257240434,0.0,0.0,0.0,0.0,6.4208216229260096,5.917906046161393,43.73392667478865,24.26546827384644,0.0,0.0,0.0,0.0,0.0,0.0,11.835812092322788,19.26246486877803,11.126902983393991,0.0,38.112942673227685,0.0,0.0,0.0,0.0,3.204814814814815,1.6031481481481478,8.962407407407408,4.049537037037037,4.680092592592593,0.0,0.5384615384615384,13,0,0,1,1,1,1,0,0,0,1,0,0,2,3.762500000000003,56.959000000000046,0,0,0,0,0,0,0,0,0,1,1,1,0,0,0,0,0,0,0,0,0
CC(C)(C)c1ccc2CCCc2c1,317.0,2.405092592592593,0.3031944444444443,2.405092592592593,0.3031944444444443,0.564664738998864,174.28699999999995,156.14299999999997,174.140850576,70,-0.0131749897330467,-0.0584750525997576,0.0584750525997576,0.0131749897330467,1.0,1.6923076923076923,2.3846153846153846,14.217721331466583,9.85389316204336,2.167938013492566,-2.194421057663372,2.282293840595936,-2.107677573907674,5.372450214852187,0.5892102193624684,2.4184022386559825,315.3004621440199,9.474691494688166,8.853371151128522,8.853371151128522,6.071498210711325,5.195140652899133,5.195140652899133,5.087042908137443,5.087042908137443,2.964520555847192,2.964520555847192,2.038339312400104,2.038339312400104,-0.78,1187.6596967440753,8.802256288894332,2.866370635179201,1.6259471361132916,80.98016676674399,0.0,0.0,0.0,0.0,0.0,0.0,0.0,0.0,38.970312804456704,41.367809813265794,0.0,0.0,0.0,0.0,0.0,45.448666937246685,0.0,34.88945568047582,0.0,0.0,0.0,0.0,18.2566337152488,0.0,43.88238769708887,18.19910120538483,0.0,0.0,0.0,0.0,0.0,5.41499046939678,0.0,24.825916360475023,11.126902983393991,0.0,38.970312804456704,0.0,0.0,0.0,0.0,4.950023148148148,0.0,7.023217592592593,3.932479213907785,6.844280045351474,0.0,0.5384615384615384,13,0,0,1,1,1,1,0,0,0,0,0,0,2,3.472800000000002,57.16700000000005,0,0,0,0,0,0,0,0,0,2,1,1,0,0,0,0,0,0,0,0,0
C1CCC2CCC3C(C12)CCCC3,310.0,1.5891203703703705,1.1602777777777775,1.5891203703703705,1.1602777777777775,0.5256549525402422,178.31899999999993,156.14299999999997,178.172150704,74,-0.0354770375091638,-0.0530213104545837,0.0530213104545837,0.0354770375091638,0.4615384615384615,1.0,1.7692307692307692,14.467203567943788,9.6249714322971,2.4138313116504237,-2.428010762831762,2.518363758685134,-2.3341540446329296,4.918685521679103,0.0728934814992675,1.767004920772535,184.4773317567079,8.673362107437434,8.673362107437432,8.673362107437432,6.449489742783179,6.449489742783178,6.449489742783178,5.640579511162203,5.640579511162203,5.143934187227623,5.143934187227623,4.574167096448446,4.574167096448446,0.0,2537.2278026435606,8.32,3.292517006802721,1.3333333333333333,82.10106294000116,0.0,0.0,0.0,0.0,0.0,0.0,0.0,0.0,32.10410811463005,49.3549106763496,0.0,0.0,0.0,0.0,23.671624184645573,57.7873946063341,0.0,0.0,0.0,0.0,0.0,0.0,0.0,23.671624184645573,57.7873946063341,0.0,0.0,0.0,0.0,0.0,0.0,0.0,5.917906046161393,17.75371813848418,57.7873946063341,0.0,0.0,0.0,0.0,0.0,0.0,0.0,4.681944444444444,0.0,14.151388888888889,0.0,0.0,1.0,13,0,0,3,3,0,0,0,0,0,0,3,3,3,4.002900000000003,55.51300000000005,0,0,0,0,0,0,0,0,0,0,0,3,0,0,0,0,0,0,0,0,0
C(C)C1=CC=C(C2=CC=CC=C12)C,308.0,2.2337962962962963,1.111898148148148,2.2337962962962963,1.111898148148148,0.6116760674124897,170.25499999999997,156.14299999999997,170.109550448,66,-0.0149362840865371,-0.0616194803310149,0.0616194803310149,0.0149362840865371,0.9230769230769232,1.6153846153846154,2.3076923076923075,14.040880880035486,9.99056940580884,1.9933354940555963,-2.057313763381447,2.217376916512252,-1.849789670323456,5.879641881157592,1.1568247051846736,2.8445179980827557,426.98639808407614,9.259148545064338,8.171208396324303,8.171208396324303,6.325698502695488,4.798694043492407,4.798694043492407,3.440721615627512,3.440721615627512,2.6132762937238163,2.6132762937238163,1.820451793525148,1.820451793525148,-1.2999999999999998,1332.0134952289022,8.305121210242419,3.213517826933512,1.3274811912996445,79.20789399442198,0.0,0.0,0.0,0.0,0.0,0.0,0.0,0.0,43.32193961046029,35.243910234940216,0.0,0.0,0.0,10.772448428929591,0.0,20.268296022307258,0.0,47.52510539416365,0.0,0.0,0.0,0.0,6.4208216229260096,6.923737199690624,18.050640183084617,36.39820241076966,10.772448428929591,0.0,0.0,0.0,0.0,0.0,6.4208216229260096,21.899351412323583,0.0,0.0,50.24567681015091,0.0,0.0,0.0,2.79800925925926,2.813888888888889,0.0,13.06898148148148,1.111898148148148,4.373888888888889,0.0,0.2307692307692307,13,0,0,0,0,2,2,0,0,0,1,0,0,2,3.710620000000002,58.06300000000003,0,0,0,0,0,0,0,0,0,2,2,1,0,0,0,0,0,0,0,0,0
CCCCCCCc1ccccc1,341.96,2.2611068594104307,1.2545181405895691,2.2611068594104307,1.2545181405895691,0.5697750172321101,176.30300000000005,156.14299999999997,176.15650064,72,-0.02788722794457,-0.0653823832171863,0.0653823832171863,0.02788722794457,0.8461538461538461,1.5384615384615383,2.230769230769231,13.970823828661969,10.060162039373232,1.9110672296793771,-1.9997240028169077,2.0760309314420784,-1.8435537745852453,5.138899461344527,0.6320541102109868,2.0653801840299586,200.53811204568345,9.355524862241651,8.629392033067417,8.629392033067417,6.431851652578136,5.471343774302779,5.471343774302779,3.649812122026584,3.649812122026584,2.411829882562212,2.411829882562212,1.5773547736675622,1.5773547736675622,-0.78,1148.7760826409656,10.301833060556463,6.70550882196095,4.716887369664168,81.98599792027323,0.0,0.0,0.0,0.0,0.0,0.0,0.0,0.0,62.93885903370271,18.40509473754901,0.0,0.0,0.0,0.0,0.0,45.448666937246685,0.0,35.89528683400505,0.0,0.0,0.0,0.0,6.4208216229260096,0.0,44.59129680601767,30.33183534230805,0.0,0.0,0.0,0.0,0.0,0.0,0.0,44.08838122925306,0.0,0.0,37.255572541998674,0.0,0.0,0.0,0.0,1.485183767951625,0.0,10.780731056311414,8.139644982993197,2.2611068594104307,0.0,0.5384615384615384,13,0,0,0,0,1,1,0,0,0,6,0,0,1,4.199500000000003,58.90500000000005,0,0,0,0,0,0,0,0,0,1,1,0,0,0,0,0,0,0,0,0,3
C(CCCCC)C1=CC=C(C=C1)C,363.0,2.255830498866213,1.2502777777777778,2.255830498866213,1.2502777777777778,0.5919794275520847,176.303,156.14299999999997,176.15650064,72,-0.02788689690836,-0.0653823817435943,0.0653823817435943,0.02788689690836,0.9230769230769232,1.6153846153846154,2.230769230769231,13.97862294749947,10.052709497859224,1.9190474103130992,-2.006983984170709,2.0830771312075496,-1.851028697650875,5.206719912374199,0.6666184114179431,2.248742645991836,220.2985556220406,9.518661569058182,8.844934982691242,8.844934982691242,6.32569850269549,5.382027376825739,5.382027376825739,3.796258731433309,3.796258731433309,2.439607660339989,2.439607660339989,1.5106465049006457,1.5106465049006457,-0.78,991.1478946108474,10.301833060556463,5.795560659201102,4.117422127672802,81.98599792027322,0.0,0.0,0.0,0.0,0.0,0.0,0.0,0.0,56.015121834012085,25.32883193723964,0.0,0.0,0.0,0.0,0.0,45.95158251401129,0.0,35.392371257240434,0.0,0.0,0.0,0.0,6.4208216229260096,6.923737199690624,43.73392667478865,24.26546827384644,0.0,0.0,0.0,0.0,0.0,0.0,0.0,43.23101109802404,0.0,0.0,38.112942673227685,0.0,0.0,0.0,0.0,2.846306715587469,0.0,8.90958947467876,6.681861667506509,4.3955754755605945,0.0,0.5384615384615384,13,0,0,0,0,1,1,0,0,0,5,0,0,1,4.117820000000004,59.02500000000005,0,0,0,0,0,0,0,0,0,2,1,0,0,0,0,0,0,0,0,0,2
C1CCC(CC1)CC2CCCCC2,348.0,1.5833333333333337,1.122083333333333,1.5833333333333337,1.122083333333333,0.5851062745215123,180.33499999999995,156.14299999999997,180.187800768,76,-0.0411651607264209,-0.0532857074065373,0.0532857074065373,0.0411651607264209,0.5384615384615384,0.9230769230769232,1.3076923076923077,14.255808917255395,9.776205132194471,2.1972050601491064,-2.2824043772155043,2.343382102167035,-2.140983393912825,4.725145156776327,0.2443385517916103,1.6872141191211394,110.97373660251156,8.932875131431278,8.932875131431276,8.932875131431276,6.449489742783179,6.449489742783178,6.449489742783178,5.2437739499032885,5.2437739499032885,4.116156409449845,4.116156409449845,3.317088374339028,3.317088374339028,0.0,1589.7182302135147,9.551020408163266,5.024221453287197,3.0,83.1068940935304,0.0,0.0,0.0,0.0,0.0,0.0,0.0,0.0,64.20821622926012,18.2566337152488,0.0,0.0,0.0,0.0,11.835812092322788,70.62903785218613,0.0,0.0,0.0,0.0,0.0,0.0,0.0,11.835812092322788,70.62903785218613,0.0,0.0,0.0,0.0,0.0,0.0,0.0,11.835812092322788,38.524929737556064,32.10410811463005,0.0,0.0,0.0,0.0,0.0,0.0,0.0,2.244166666666666,0.0,16.9225,0.0,0.0,1.0,13,0,0,2,2,0,0,0,0,0,2,2,2,2,4.537100000000004,57.76700000000005,0,0,0,0,0,0,0,0,0,0,0,0,0,0,0,0,0,0,0,0,0
CCCCC(C)(C)c1ccccc1,336.0,2.331342592592593,0.3445138888888888,2.331342592592593,0.3445138888888888,0.6460485698324178,176.303,156.14299999999997,176.15650064,72,-0.0103549136311845,-0.0653818463702462,0.0653818463702462,0.0103549136311845,1.0769230769230769,1.6923076923076923,2.230769230769231,14.227257680438568,9.801911620513913,2.1809890739290463,-2.2446044805162626,2.278312723852916,-2.1594716496266853,5.225783062526682,0.4576864994992292,2.6923847943000205,233.4750399341736,9.734204518682008,9.008071689507773,9.008071689507773,6.16583188730236,5.22134377430278,5.22134377430278,4.353462270860897,4.353462270860897,2.7105935686601077,2.7105935686601077,1.6523933169194005,1.6523933169194005,-0.78,865.371419787931,10.301833060556463,4.45443831046903,2.873147709239796,81.98599792027323,0.0,0.0,0.0,0.0,0.0,0.0,0.0,0.0,63.944690187231934,17.399263584019785,0.0,0.0,0.0,0.0,0.0,45.448666937246685,0.0,35.89528683400505,0.0,0.0,0.0,0.0,5.41499046939678,0.0,45.597127959546896,30.33183534230805,0.0,0.0,0.0,0.0,0.0,5.41499046939678,0.0,24.825916360475023,0.0,0.0,51.10304694137992,0.0,0.0,0.0,0.0,1.8060416666666668,0.0,10.802359930083144,3.894515069916855,6.91375,0.0,0.5384615384615384,13,0,0,0,0,1,1,0,0,0,4,0,0,1,4.154400000000003,58.99300000000005,0,0,0,0,0,0,0,0,0,0,1,0,0,0,0,0,0,0,0,0,0
CC1C(CCCC1)C1CCCCC1,332.0,2.498444822373394,1.0387499999999998,2.498444822373394,1.0387499999999998,0.5610539155233387,180.33499999999995,156.14299999999997,180.187800768,76,-0.036004659663734,-0.0622344511480627,0.0622344511480627,0.036004659663734,0.6923076923076923,1.3076923076923077,2.0,14.345576256737958,9.685812238899633,2.29004932134059,-2.369741459927833,2.4057623383866806,-2.261724163584085,4.801221973793299,0.1395204169521374,1.88483105006042,144.11730005192325,9.096011838247808,9.096011838247808,9.096011838247808,6.377010097711745,6.377010097711745,6.377010097711745,5.323685641445085,5.323685641445085,4.433153979908989,4.433153979908989,3.6075836617530137,3.6075836617530137,0.0,1459.756927542627,9.551020408163266,4.481481481481482,2.268431001890359,83.1068940935304,0.0,0.0,0.0,0.0,0.0,0.0,0.0,0.0,58.29031018309871,24.174539761410188,0.0,0.0,0.0,0.0,17.75371813848418,64.71113180602472,0.0,0.0,0.0,0.0,0.0,0.0,0.0,17.75371813848418,64.71113180602472,0.0,0.0,0.0,0.0,0.0,0.0,0.0,17.75371813848418,38.524929737556064,19.26246486877803,0.0,6.923737199690624,0.0,0.0,0.0,0.0,0.0,3.2592129629629625,0.0,13.742342214663644,2.498444822373394,0.0,1.0,13,0,0,2,2,0,0,0,0,0,1,2,2,2,4.393000000000004,57.69700000000005,0,0,0,0,0,0,0,0,0,0,0,0,0,0,0,0,0,0,0,0,0
C1(CCCCC1)C1CC(CCC1)C,335.0,2.453359552154195,1.0284041950113378,2.453359552154195,1.0284041950113378,0.5610539155233387,180.33499999999995,156.14299999999997,180.187800768,76,-0.0383311425904933,-0.0624993633382104,0.0624993633382104,0.0383311425904933,0.6923076923076923,1.3846153846153846,2.076923076923077,14.324401775152982,9.707181564919388,2.2678527295704063,-2.3493832202695293,2.3934335337842496,-2.229498321091305,4.78459788898442,0.1659473850442914,1.8326492664211984,144.11730005192325,9.096011838247806,9.096011838247806,9.096011838247806,6.360173345306139,6.360173345306138,6.360173345306138,5.429947387442091,5.429947387442091,4.293453320333734,4.293453320333734,3.514753068930699,3.514753068930699,0.0,1420.6550069818122,9.551020408163266,4.481481481481482,2.479338842975207,83.10689409353039,0.0,0.0,0.0,0.0,0.0,0.0,0.0,0.0,58.29031018309871,24.174539761410188,0.0,0.0,0.0,0.0,17.75371813848418,64.71113180602472,0.0,0.0,0.0,0.0,0.0,0.0,0.0,17.75371813848418,64.71113180602472,0.0,0.0,0.0,0.0,0.0,0.0,0.0,17.75371813848418,32.10410811463005,25.68328649170404,0.0,6.923737199690624,0.0,0.0,0.0,0.0,0.0,3.265024565381708,0.0,13.781615882464097,2.453359552154195,0.0,1.0,13,0,0,2,2,0,0,0,0,0,1,2,2,2,4.393000000000004,57.69700000000005,0,0,0,0,0,0,0,0,0,0,0,0,0,0,0,0,0,0,0,0,0
CC(C)C(C(C)C)C1=CC=CC=C1,340.0,2.303240740740741,0.6955555555555555,2.303240740740741,0.6955555555555555,0.6506078231799142,176.303,156.14299999999997,176.15650064,72,-0.0115780578789239,-0.0622483837433158,0.0622483837433158,0.0115780578789239,0.7692307692307693,1.2307692307692308,1.6153846153846154,14.228435304567778,9.801159871180094,2.180703700959664,-2.246793096239577,2.306739617758235,-2.1256219099660933,5.199828469652195,0.3876315513511741,2.892872301768416,225.4750399341736,9.844934982691242,9.118802153517008,9.118802153517008,6.125897657686229,5.175426480542942,5.175426480542942,4.424500897298752,4.424500897298752,2.620939696457767,2.620939696457767,2.214861858860074,2.214861858860074,-0.78,759.702734147404,10.301833060556463,4.45443831046903,2.5819506215884647,81.98599792027322,0.0,0.0,0.0,0.0,0.0,0.0,0.0,0.0,58.02678414107054,23.317169630181176,0.0,0.0,0.0,0.0,11.835812092322788,33.61285484492389,0.0,35.89528683400505,0.0,0.0,0.0,0.0,0.0,11.835812092322788,39.17630633662088,30.33183534230805,0.0,0.0,0.0,0.0,0.0,5.917906046161393,11.835812092322788,5.563451491696996,0.0,0.0,58.02678414107054,0.0,0.0,0.0,0.0,1.479166666666667,2.1444444444444444,10.830092592592592,0.0,9.212962962962964,0.0,0.5384615384615384,13,0,0,0,0,1,1,0,0,0,3,0,0,1,4.082200000000003,58.85900000000005,0,0,0,0,0,0,0,0,0,0,1,0,0,0,0,0,0,0,0,0,0
C(CC)C1CC2CCCCC2CC1,339.0,2.3402369929453264,1.1012499999999998,2.3402369929453264,1.1012499999999998,0.5908457150118573,180.335,156.14299999999997,180.187800768,76,-0.0383210202014483,-0.0653722503249978,0.0653722503249978,0.0383210202014483,0.9230769230769232,1.6923076923076923,2.4615384615384617,14.364182149408308,9.66681469152578,2.308275873356861,-2.389100354967306,2.4314764228286254,-2.270685916783401,4.823647233540886,0.1250823420300177,1.837118327810191,150.11730005192322,9.096011838247808,9.096011838247808,9.096011838247808,6.398178147766923,6.398178147766922,6.398178147766922,5.272369429112256,5.272369429112256,4.345208538503483,4.345208538503483,3.641017001737116,3.641017001737116,0.0,1414.0832834379576,9.551020408163266,4.481481481481482,2.268431001890359,83.1068940935304,0.0,0.0,0.0,0.0,0.0,0.0,0.0,0.0,51.8694885601727,30.5953613843362,0.0,0.0,0.0,0.0,17.75371813848418,64.71113180602472,0.0,0.0,0.0,0.0,0.0,0.0,0.0,17.75371813848418,64.71113180602472,0.0,0.0,0.0,0.0,0.0,0.0,0.0,17.75371813848418,25.68328649170404,32.10410811463005,0.0,6.923737199690624,0.0,0.0,0.0,0.0,0.0,3.3798667800453512,0.0,13.779896227009322,2.3402369929453264,0.0,1.0,13,0,0,2,2,0,0,0,0,0,2,2,2,2,4.393000000000004,57.69700000000005,0,0,0,0,0,0,0,0,0,0,0,1,0,0,0,0,0,0,0,0,0
Cc1ccccc1c2ccccc2,281.9,2.157407407407407,1.2922222222222224,2.157407407407407,1.2922222222222224,0.6092016568043108,168.239,156.14299999999997,168.093900384,64,-0.0154736032790587,-0.0622253922948735,0.0622253922948735,0.0154736032790587,0.6923076923076923,1.3076923076923077,2.0,14.019864789993235,10.010941928441516,1.9725465189720532,-2.036803727926895,2.21372528771738,-1.8015010119937704,5.66151346952163,1.458403603079944,2.5360704460016144,387.7928814349766,9.096011838247808,7.696152422706634,7.696152422706634,6.377010097711745,4.488033871712586,4.488033871712586,3.180946753064556,3.180946753064556,2.229860854099809,2.229860854099809,1.5145059443850155,1.5145059443850155,-1.5599999999999996,1459.756927542627,8.057239275855297,3.442237732431137,1.6178409723769218,78.8534394399576,0.0,0.0,0.0,0.0,0.0,0.0,0.0,0.0,54.59730361615449,23.61409167478161,0.0,0.0,0.0,0.0,0.0,6.923737199690624,0.0,60.160755107851486,11.126902983393991,0.0,0.0,0.0,0.0,6.923737199690624,5.563451491696996,54.59730361615449,11.126902983393991,0.0,0.0,0.0,0.0,0.0,0.0,16.690354475090988,0.0,6.06636706846161,55.4546737473835,0.0,0.0,0.0,0.0,3.9420370370370375,0.0,18.91675925925926,0.0,2.141203703703704,0.0,0.0769230769230769,13,0,0,0,0,2,2,0,0,0,1,0,0,2,3.662020000000002,56.61500000000003,0,0,0,0,0,0,0,0,0,1,2,0,0,0,0,0,0,0,0,0,0
C(CC)OCCOCCOCCC,408.0,5.276780045351474,0.6760763888888889,5.276780045351474,0.6760763888888889,0.4920401553316029,190.283,168.10699999999997,190.156894564,80,0.0701122719593075,-0.379070794224469,0.379070794224469,0.0701122719593075,0.5384615384615384,0.8461538461538461,1.1538461538461535,16.54081282819104,10.523529652893703,1.8896971317304827,-2.04646269293725,1.836311865550481,-2.0933278852630464,4.328519090947513,0.0147801602137239,2.758149818433293,76.23904349481765,9.778174593052023,8.88159912088397,8.88159912088397,6.414213562373096,5.146264369941973,5.146264369941973,2.837117307087384,2.837117307087384,1.4409403609149685,1.4409403609149685,0.8305636128382258,0.8305636128382258,-0.12,812.7027727261354,12.88,11.88,11.880000000000004,81.36436574591964,14.210588861400147,0.0,0.0,0.0,0.0,0.0,0.0,0.0,13.847474399381248,12.84164324585202,13.213763929025836,26.427527858051672,14.210588861400147,0.0,0.0,26.689117645233267,39.64129178707751,0.0,0.0,0.0,0.0,39.64129178707751,14.210588861400147,0.0,26.689117645233267,0.0,0.0,27.69,0.0,0.0,0.0,26.427527858051672,26.055407174877857,0.0,0.0,0.0,13.847474399381248,14.210588861400147,15.766162761400857,0.0,0.0,0.0,0.0,0.0,2.138117283950617,8.595719954648526,0.0,1.0,13,0,3,0,0,0,0,3,0,3,10,0,0,0,1.8562,53.03900000000005,0,0,0,0,0,0,0,0,0,0,0,0,0,3,0,0,0,0,0,0,8
C(CCC)OC(C)C1=CC=C(C=C1)OC,395.0,5.701122685185185,0.1689408541194252,5.701122685185185,0.1689408541194252,0.6652413318016887,208.301,188.141,208.14632988,84,0.1183810013076995,-0.4967681918038934,0.4967681918038934,0.1183810013076995,1.2,1.8666666666666667,2.4,16.48549919424365,10.11939022251539,2.043343082035497,-2.12971482733115,2.196612773257636,-2.0089041736293067,5.276857310202392,0.0636472328053881,2.4629639408012305,266.36937136469544,11.096011838247808,9.8245682704355,9.8245682704355,7.274386907679233,5.531249220703028,5.531249220703028,3.6397324666407385,3.6397324666407385,2.450960144649489,2.450960144649489,1.375600541591884,1.375600541591884,-1.02,2677.3769269405084,12.051530758226038,6.461196613212247,3.920021102183265,92.213088379287,9.473725907600098,5.749511833283905,0.0,0.0,0.0,0.0,0.0,0.0,25.47729295953985,31.040744451236847,6.606881964512918,13.213763929025836,9.473725907600098,0.0,0.0,32.79308403298157,13.716679505790452,29.82891976554344,5.749511833283905,4.736862953800049,5.749511833283905,13.716679505790452,4.736862953800049,0.0,38.35653552467856,24.26546827384644,0.0,18.46,0.0,0.0,6.103966387748303,0.0,18.777215420722836,11.984273114623004,7.109797541277533,12.13273413692322,25.980208536304467,9.473725907600098,10.807758167507895,0.0,0.0,1.2008361678004538,0.8884335107499792,8.036626511715797,2.4703567509163644,5.085886248591876,1.6767693093842986,0.5384615384615384,15,0,2,0,0,1,1,2,0,2,6,0,0,1,3.5729000000000024,62.269000000000055,0,0,0,0,0,0,0,0,0,0,1,0,0,2,0,0,1,0,0,0,1
CC(C)C(C(C)C)C1CCCCC1,348.0,2.402055933484505,0.8778703703703702,2.402055933484505,0.8778703703703702,0.602806708137109,182.35099999999997,156.14299999999997,182.203450832,78,-0.0339512783302188,-0.0624887038793587,0.0624887038793587,0.0339512783302188,0.7692307692307693,1.2307692307692308,1.6153846153846154,14.329989968953075,9.70091417359827,2.275160933984037,-2.3539541008866096,2.373299693374449,-2.2654802644941734,4.777066690258869,0.1455994519865693,2.516931957847997,120.97373660251156,9.844934982691242,9.844934982691242,9.844934982691242,6.125897657686229,6.12589765768623,6.12589765768623,5.463474237257504,5.463474237257504,3.733761686051881,3.733761686051881,3.377529438462072,3.377529438462072,0.0,759.702734147404,11.076923076923077,5.024221453287197,3.0,84.11272524705961,0.0,0.0,0.0,0.0,0.0,0.0,0.0,0.0,59.79905691339256,23.671624184645573,0.0,0.0,0.0,0.0,23.671624184645573,59.79905691339256,0.0,0.0,0.0,0.0,0.0,0.0,0.0,23.671624184645573,59.79905691339256,0.0,0.0,0.0,0.0,0.0,0.0,0.0,23.671624184645573,32.10410811463005,0.0,0.0,27.694948798762496,0.0,0.0,0.0,0.0,0.0,3.76412037037037,0.0,7.460989229024944,9.60822373393802,0.0,1.0,13,0,0,1,1,0,0,0,0,0,3,1,1,1,4.494900000000004,59.74100000000006,0,0,0,0,0,0,0,0,0,0,0,0,0,0,0,0,0,0,0,0,0
CCCCCCCC1CCCCC1,377.5,2.2927931031610687,1.1068301209372635,2.2927931031610687,1.1068301209372635,0.5110182727284805,182.35099999999997,156.14299999999997,182.203450832,78,-0.0414285788501688,-0.0653823832227829,0.0653823832227829,0.0414285788501688,0.8461538461538461,1.5384615384615383,2.230769230769231,14.175458642820516,9.854077382792052,2.115318360539443,-2.2060578865609703,2.2743995917723403,-2.051395647428463,4.650374267064288,0.3278707914249208,1.8618747385369288,100.6059378176129,9.355524862241651,9.355524862241651,9.355524862241651,6.431851652578136,6.431851652578136,6.431851652578136,4.7069245417217935,4.7069245417217935,3.4406706976806576,3.4406706976806576,2.5123808934587872,2.5123808934587872,0.0,1148.7760826409656,11.076923076923077,7.408163265306122,5.333333333333333,84.11272524705963,0.0,0.0,0.0,0.0,0.0,0.0,0.0,0.0,77.55277505187675,5.917906046161393,0.0,0.0,0.0,0.0,5.917906046161393,77.55277505187675,0.0,0.0,0.0,0.0,0.0,0.0,0.0,5.917906046161393,77.55277505187675,0.0,0.0,0.0,0.0,0.0,0.0,0.0,5.917906046161393,70.62903785218613,0.0,0.0,6.923737199690624,0.0,0.0,0.0,0.0,0.0,1.1068301209372635,0.0,16.433710109235,2.2927931031610687,0.0,1.0,13,0,0,1,1,0,0,0,0,0,6,1,1,1,4.9272000000000045,59.95100000000006,0,0,0,0,0,0,0,0,0,0,0,0,0,0,0,0,0,0,0,0,3
CCCCCCCCC1CCCC1,407.0,2.290205941561912,1.1168288349290332,2.290205941561912,1.1168288349290332,0.4898045299731735,182.35099999999997,156.14299999999997,182.203450832,78,-0.0414285760798144,-0.0653823832227926,0.0653823832227926,0.0414285760798144,0.8461538461538461,1.4615384615384617,2.1538461538461537,14.19015937577386,9.989837804570875,2.130281413510468,-2.07026579713881,2.2869671506294686,-1.9197087453487751,4.66406535427084,0.4621195578737298,1.7780157844868298,100.60593781761293,9.355524862241651,9.355524862241651,9.355524862241651,6.431851652578136,6.431851652578136,6.431851652578136,4.706924541721794,4.706924541721794,3.4406706976806576,3.4406706976806576,2.5123808934587872,2.5123808934587872,0.0,1441.1436626579452,11.076923076923077,7.408163265306122,5.333333333333333,84.11272524705963,0.0,0.0,0.0,0.0,0.0,0.0,0.0,0.0,77.55277505187675,5.917906046161393,0.0,0.0,0.0,0.0,5.917906046161393,77.55277505187675,0.0,0.0,0.0,0.0,0.0,0.0,0.0,5.917906046161393,77.55277505187675,0.0,0.0,0.0,0.0,0.0,0.0,0.0,5.917906046161393,70.62903785218613,0.0,0.0,6.923737199690624,0.0,0.0,0.0,0.0,0.0,1.1168288349290332,0.0,16.426298556842386,2.290205941561912,0.0,1.0,13,0,0,1,1,0,0,0,0,0,7,1,1,1,4.9272000000000045,59.95100000000006,0,0,0,0,0,0,0,0,0,0,0,0,0,0,0,0,0,0,0,0,4
CCCCCCCCCCCC=C,405.0,3.728382117394667,1.2042011019283747,3.728382117394667,1.2042011019283747,0.3257941482060201,182.351,156.14299999999997,182.203450832,78,-0.0353412931099218,-0.1030829789362716,0.1030829789362716,0.0353412931099218,0.7692307692307693,1.2307692307692308,1.6923076923076923,13.963730955515304,10.067162786478118,1.899601608147504,-1.996991719202805,2.097026105871896,-1.7995603205502422,4.647448665928548,0.5663423952307576,2.7919988397452453,94.21143267166842,9.778174593052023,9.355524862241651,9.355524862241651,6.414213562373096,6.023603362114273,6.023603362114273,3.905777393935815,3.905777393935815,2.5118016810571366,2.5118016810571366,1.5993353063746332,1.5993353063746332,-0.26,812.7027727261354,12.739999999999998,11.74,11.74,84.4289533684046,0.0,0.0,0.0,0.0,0.0,0.0,0.0,6.578935683598497,64.36633028993259,12.84164324585202,0.0,0.0,0.0,0.0,0.0,71.13195342895074,0.0,12.654955790432378,0.0,0.0,0.0,0.0,0.0,0.0,71.13195342895074,12.654955790432378,0.0,0.0,0.0,0.0,0.0,0.0,0.0,64.20821622926012,0.0,6.076020106833881,13.502672883289122,0.0,0.0,0.0,0.0,0.0,0.0,0.0,15.998518945380416,6.001481054619583,0.0,0.8461538461538461,13,0,0,0,0,0,0,0,0,0,10,0,0,0,5.0933000000000055,62.04100000000005,0,0,0,0,0,0,0,0,1,0,0,0,0,0,0,0,0,0,0,0,8
CCCCCC=CCCCCCC,403.0,2.366388888888889,1.2932716049382715,2.366388888888889,1.2932716049382715,0.343853051220754,182.35099999999997,156.14299999999997,182.203450832,78,-0.0350734687691233,-0.0885392835503497,0.0885392835503497,0.0350734687691233,0.6153846153846154,1.0769230769230769,1.6153846153846154,13.909414169908958,10.12231390052923,1.8441049254441209,-1.94325905898396,2.044129526514604,-1.74302068205941,4.805884689771484,0.6720786623583991,2.946316696573901,102.6059378176129,9.778174593052023,9.518661569058182,9.518661569058182,6.414213562373096,6.064043476634154,6.064043476634154,3.816521742947025,3.816521742947025,2.36535507165041,2.36535507165041,1.4368563506824812,1.4368563506824812,-0.26,812.7027727261354,12.739999999999998,11.74,11.74,84.42895336840459,0.0,0.0,0.0,0.0,0.0,0.0,0.0,0.0,58.10362272767905,25.68328649170404,0.0,0.0,0.0,0.0,0.0,71.63486900571534,0.0,12.152040213667762,0.0,0.0,0.0,0.0,0.0,0.0,71.63486900571534,12.152040213667762,0.0,0.0,0.0,0.0,0.0,0.0,0.0,57.7873946063341,0.0,0.0,25.99951461304901,0.0,0.0,0.0,0.0,0.0,0.0,0.0,16.97713291373329,4.522867086266707,0.0,0.8461538461538461,13,0,0,0,0,0,0,0,0,0,9,0,0,0,5.093300000000005,62.04100000000005,0,0,0,0,0,0,0,0,2,0,0,0,0,0,0,0,0,0,0,0,5
CCCCC(CCCC)=CCCC,392.0,2.4775,1.28051776266062,2.4775,1.28051776266062,0.4584217006920973,182.351,156.14299999999997,182.203450832,78,-0.0320416840712415,-0.0853418736980264,0.0853418736980264,0.0320416840712415,0.8461538461538461,1.3846153846153846,1.7692307692307692,14.01823913189894,10.012084530867847,1.9540593227278609,-2.0524156719810525,2.1549661485904625,-1.851206445280992,5.011276035248555,0.7060100150317615,3.719748928606984,112.0,9.941311299868556,9.734204518682008,9.734204518682008,6.346065214951232,6.025350549804866,6.025350549804866,3.858154351477155,3.858154351477155,2.42457653345494,2.42457653345494,1.4852633935864747,1.4852633935864747,-0.26,758.5118062972541,12.739999999999998,9.82517887563884,8.080715502555366,84.42895336840459,0.0,0.0,0.0,0.0,0.0,0.0,0.0,0.0,51.68280110475304,32.10410811463005,0.0,0.0,0.0,0.0,0.0,72.13778458247995,0.0,11.64912463690315,0.0,0.0,0.0,0.0,0.0,0.0,72.13778458247995,11.64912463690315,0.0,0.0,0.0,0.0,0.0,0.0,0.0,51.36657298340809,5.573104530069267,0.0,26.847231705905752,0.0,0.0,0.0,0.0,1.7134722222222225,0.0,0.0,13.145372732426305,6.80782171201814,0.0,0.8461538461538461,13,0,0,0,0,0,0,0,0,0,8,0,0,0,5.0933000000000055,62.04100000000005,0,0,0,0,0,0,0,0,2,0,0,0,0,0,0,0,0,0,0,0,0
CCCCCCCCCCCCC,414.5,2.2824883192104517,1.3715277777777777,2.2824883192104517,1.3715277777777777,0.4031688486987215,184.367,156.14299999999997,184.219100896,80,-0.053305972799623,-0.0653823832227926,0.0653823832227926,0.053305972799623,0.3846153846153846,0.6153846153846154,0.8461538461538461,13.96919684802399,10.062095838697562,1.9045171999679065,-2.0025691854602417,2.1022968480239923,-1.8048041613024508,4.461196848023996,0.5540958386975499,2.758149818433293,66.10749561002055,9.778174593052023,9.778174593052023,9.778174593052023,6.414213562373096,6.414213562373094,6.414213562373094,4.181980515339462,4.181980515339462,2.707106781186547,2.707106781186547,1.7374368670764573,1.7374368670764573,0.0,812.7027727261354,13.0,12.0,12.0,85.11855640058886,0.0,0.0,0.0,0.0,0.0,0.0,0.0,0.0,84.47651225156737,0.0,0.0,0.0,0.0,0.0,0.0,84.47651225156737,0.0,0.0,0.0,0.0,0.0,0.0,0.0,0.0,84.47651225156737,0.0,0.0,0.0,0.0,0.0,0.0,0.0,0.0,70.62903785218613,0.0,0.0,13.847474399381248,0.0,0.0,0.0,0.0,0.0,0.0,0.0,15.935023361579097,4.564976638420903,0.0,1.0,13,0,0,0,0,0,0,0,0,0,10,0,0,0,5.317300000000005,62.13500000000006,0,0,0,0,0,0,0,0,0,0,0,0,0,0,0,0,0,0,0,0,8
CCCCC(CCCC)CCCC,419.0,2.3022831632653062,1.0415277777777776,2.3022831632653062,1.0415277777777776,0.4633331898529508,184.367,156.14299999999997,184.219100896,80,-0.0414290960332403,-0.0653822096214948,0.0653822096214948,0.0414290960332403,0.6153846153846154,0.9230769230769232,1.1538461538461535,14.118693137047329,9.911103910921971,2.0586093173869005,-2.14897562844668,2.2123711071374834,-1.9996955204454256,4.591044596264821,0.3823080812159227,3.467990238339422,67.01955000865388,9.941311299868556,9.941311299868556,9.941311299868556,6.346065214951232,6.346065214951231,6.346065214951231,4.292710979348698,4.292710979348698,2.8977774788672046,2.8977774788672046,1.911410541372452,1.911410541372452,0.0,758.5118062972541,13.0,10.083333333333334,8.333333333333334,85.11855640058884,0.0,0.0,0.0,0.0,0.0,0.0,0.0,0.0,78.55860620540597,5.917906046161393,0.0,0.0,0.0,0.0,5.917906046161393,78.55860620540597,0.0,0.0,0.0,0.0,0.0,0.0,0.0,5.917906046161393,78.55860620540597,0.0,0.0,0.0,0.0,0.0,0.0,0.0,5.917906046161393,57.7873946063341,0.0,0.0,20.771211599071872,0.0,0.0,0.0,0.0,0.0,1.0415277777777776,0.0,12.884956065759637,6.906849489795919,0.0,1.0,13,0,0,0,0,0,0,0,0,0,9,0,0,0,5.173200000000005,62.06500000000006,0,0,0,0,0,0,0,0,0,0,0,0,0,0,0,0,0,0,0,0,0
CCCCCC(C)(CC)CCCC,375.0,2.4705555555555554,0.6440277777777778,2.4705555555555554,0.6440277777777778,0.456281906128265,184.367,156.14299999999997,184.219100896,80,-0.0328453880574179,-0.0653823804403866,0.0653823804403866,0.0328453880574179,0.7692307692307693,1.3076923076923077,1.7692307692307692,14.250924511817276,9.778130187688696,2.1950992283908177,-2.2777192932440555,2.333428916737571,-2.143636755872224,4.71785823844008,0.2439624684776369,3.672400022006194,106.6059378176129,10.15685424949238,10.15685424949238,10.15685424949238,6.181980515339465,6.181980515339463,6.181980515339463,4.724873734152917,4.724873734152917,3.371320343559642,3.371320343559642,1.883883476483184,1.883883476483184,0.0,641.589813314322,13.0,7.408163265306122,6.122448979591836,85.11855640058884,0.0,0.0,0.0,0.0,0.0,0.0,0.0,0.0,66.21987853631856,18.2566337152488,0.0,0.0,0.0,0.0,5.41499046939678,79.06152178217057,0.0,0.0,0.0,0.0,0.0,0.0,0.0,5.41499046939678,79.06152178217057,0.0,0.0,0.0,0.0,0.0,0.0,5.41499046939678,0.0,51.36657298340809,0.0,0.0,27.694948798762496,0.0,0.0,0.0,0.0,0.6440277777777778,0.0,0.0,11.205796327790376,9.400175894431849,0.0,1.0,13,0,0,0,0,0,0,0,0,0,8,0,0,0,5.173200000000005,62.06500000000006,0,0,0,0,0,0,0,0,0,0,0,0,0,0,0,0,0,0,0,0,1
CCCC(CCC)(CCC)C(C)C,386.0,2.40375,0.6510416666666666,2.40375,0.6510416666666666,0.5203837760984822,184.367,156.14299999999997,184.219100896,80,-0.0274713950525357,-0.0653618756874619,0.0653618756874619,0.0274713950525357,0.7692307692307693,1.0769230769230769,1.2307692307692308,14.351462242306344,9.677943456642884,2.299064792121901,-2.37451291057015,2.413372664262402,-2.2653460370990817,4.808259851770259,0.133435565658665,4.379356996271699,96.18716785960169,10.319990956308912,10.319990956308912,10.319990956308912,6.125356188313528,6.125356188313528,6.125356188313528,4.767072974075046,4.767072974075046,3.46841774506363,3.46841774506363,2.7346982774564794,2.7346982774564794,0.0,553.1916405005103,13.0,6.453333333333333,3.703703703703704,85.11855640058883,0.0,0.0,0.0,0.0,0.0,0.0,0.0,0.0,53.88115086723114,30.5953613843362,0.0,0.0,0.0,0.0,11.332896515558172,73.14361573600917,0.0,0.0,0.0,0.0,0.0,0.0,0.0,11.332896515558172,73.14361573600917,0.0,0.0,0.0,0.0,0.0,0.0,5.41499046939678,5.917906046161393,38.524929737556064,0.0,0.0,34.61868599845312,0.0,0.0,0.0,0.0,0.6510416666666666,0.8540277777777776,0.0,8.305138888888889,11.773125,0.0,1.0,13,0,0,0,0,0,0,0,0,0,7,0,0,0,5.029100000000005,61.99500000000006,0,0,0,0,0,0,0,0,0,0,0,0,0,0,0,0,0,0,0,0,0
CC(C)(CCCCCCCCCC)O,472.0,9.490311539560729,-0.4561402798990732,9.490311539560729,0.4561402798990732,0.550497996190826,200.366,172.14199999999997,200.214015516,86,0.0591322924519493,-0.3904719974762127,0.3904719974762127,0.0591322924519493,0.7857142857142857,1.2142857142857142,1.6428571428571428,16.280966912753826,9.994330570177407,2.100276258975693,-2.156556695087284,2.1468371754202056,-2.171473157064445,4.637140500219853,0.0679977715832965,2.9944768836923927,112.8941954369009,10.86396103067893,10.311174626178888,10.311174626178888,6.560660171779822,6.2842669695298,6.2842669695298,5.03730799384784,5.03730799384784,2.6421334847649,2.6421334847649,1.691493808580667,1.691493808580667,-0.04,853.7885976895423,13.96,8.28331493608625,11.96,89.91279015278488,5.106527394840706,0.0,0.0,0.0,0.0,0.0,0.0,0.0,58.29031018309871,20.268296022307258,0.0,5.601050810983688,5.106527394840706,0.0,0.0,84.15965701638966,0.0,0.0,0.0,0.0,0.0,10.707578205824394,0.0,0.0,78.55860620540598,0.0,0.0,20.23,5.601050810983688,5.106527394840706,0.0,0.0,6.4208216229260096,51.36657298340809,0.0,13.847474399381248,6.923737199690624,0.0,0.0,0.0,9.490311539560729,-0.4561402798990732,0.0,0.0,11.668381000337844,6.0474477400005,0.0,1.0,14,1,1,0,0,0,0,1,1,1,9,0,0,0,4.2881000000000045,63.52480000000006,0,1,0,0,0,0,0,0,0,0,0,0,0,0,0,0,0,0,0,0,6
C(COCCOCCCCCCCCC)O,516.0,8.461789948971829,0.0949999999999999,8.461789948971829,0.0949999999999999,0.4962349174643273,232.36399999999992,204.14,232.203844756,98,0.070112056743624,-0.3939803248745099,0.3939803248745099,0.070112056743624,0.6875,1.25,1.875,16.525035157815875,10.105396719758126,1.918516706109589,-2.0439792652810405,2.061171334323689,-2.073217121112033,4.442699762837393,0.0320527806412339,2.828262412638549,103.74533397961522,11.899494936611667,10.748991550666258,10.748991550666258,7.914213562373096,6.6780350855826365,6.6780350855826365,4.06967201270121,4.06967201270121,2.4998616533311666,2.4998616533311666,1.547755924284958,1.547755924284958,-0.12,3682.875586750231,15.88,14.880000000000004,13.88,100.13988061179865,14.580253302440804,0.0,0.0,0.0,0.0,0.0,0.0,0.0,45.448666937246685,6.4208216229260096,6.606881964512918,26.427527858051672,14.580253302440804,0.0,0.0,51.8694885601727,33.03440982256459,0.0,0.0,0.0,0.0,38.140937217405295,9.473725907600098,0.0,51.8694885601727,0.0,0.0,38.69,0.0,0.0,6.606881964512918,19.820645893538757,13.027703587438928,38.524929737556064,0.0,0.0,6.923737199690624,14.580253302440804,10.481094070656592,0.0,8.461789948971829,0.0,0.0,0.0,9.215440416161671,4.841675564209905,0.0,1.0,16,1,3,0,0,0,0,3,1,3,13,0,0,0,2.762500000000001,66.71680000000005,0,1,1,0,0,0,0,0,0,0,0,0,0,2,0,0,0,0,0,0,11
C(CCCCCC)OCCOCCOCCO,511.0,8.457583904421657,0.0705777391975308,8.457583904421657,0.0705777391975308,0.4776459145787877,248.36299999999991,220.13899999999995,248.198759376,104,0.0701143936010867,-0.3939803248745097,0.3939803248745097,0.0701143936010867,0.6470588235294118,1.1764705882352942,1.7647058823529411,16.543191753149305,10.155606106068316,1.91885763995748,-2.057420682376218,2.015267000902228,-2.106182835655769,4.414289924323761,0.0071956055308784,2.846262262649495,116.58786983367712,12.606601717798217,11.15723984113012,11.15723984113012,8.414213562373096,6.755385354772264,6.755385354772264,3.974937667210457,3.974937667210457,2.3718701212593127,2.3718701212593127,1.4141157365054084,1.4141157365054084,-0.16,6072.014357777548,16.839999999999996,15.84,15.839999999999996,105.25342584130551,19.31711625624085,0.0,0.0,0.0,0.0,0.0,0.0,0.0,32.60702369139466,6.4208216229260096,6.606881964512918,39.64129178707751,19.31711625624085,0.0,0.0,39.02784531432067,46.24817375159042,0.0,0.0,0.0,0.0,51.354701146431125,14.210588861400147,0.0,39.02784531432067,0.0,0.0,47.92,0.0,0.0,6.606881964512918,33.03440982256459,13.027703587438928,25.68328649170404,0.0,0.0,6.923737199690624,19.31711625624085,15.77903681955786,0.0,8.457583904421657,0.0,0.0,0.0,6.353040191467884,5.910339084552599,0.0,1.0,17,1,4,0,0,0,0,4,1,4,14,0,0,0,1.9989000000000003,68.30180000000006,0,1,1,0,0,0,0,0,0,0,0,0,0,3,0,0,0,0,0,0,12
C=C(c1ccccc1)c2ccccc2,309.0,4.095185185185185,1.0751851851851852,4.095185185185185,1.0751851851851852,0.659923213373349,180.25,168.15399999999997,180.093900384,68,-0.0183439135410949,-0.0905568710983975,0.0905568710983975,0.0183439135410949,0.6428571428571429,1.0,1.3571428571428572,14.030874660884406,10.00009585644419,1.98660245829683,-2.044634539305966,2.1966823329176144,-1.8362314118079976,5.77245367800585,1.5576045906399547,2.348637604509715,370.8060028423248,9.803118619434356,7.980609473082808,7.980609473082808,6.877010097711745,4.674920595639193,4.674920595639193,3.210604198162152,3.210604198162152,2.244501561755956,2.244501561755956,1.4453412988341974,1.4453412988341974,-1.8199999999999996,2580.4142437867595,8.763953707392217,3.925464377047248,1.7438537386950443,84.52877852216996,0.0,0.0,0.0,0.0,0.0,0.0,0.0,0.0,67.2426063682146,16.70000751346326,0.0,0.0,0.0,5.573104530069267,0.0,0.0,0.0,78.3695093516086,0.0,0.0,0.0,0.0,0.0,0.0,11.126902983393991,67.2426063682146,5.573104530069267,0.0,0.0,0.0,0.0,0.0,5.573104530069267,11.126902983393991,0.0,36.39820241076966,30.844403957444936,0.0,0.0,0.0,0.0,3.433888888888889,0.0,20.47092592592593,0.0,4.095185185185185,0.0,0.0,14,0,0,0,0,2,2,0,0,0,2,0,0,2,3.7481000000000018,61.02000000000004,0,0,0,0,0,0,0,0,0,0,2,0,0,0,0,0,0,0,0,0,0
CCc1cccc(c1)c2ccccc2,311.0,2.259259259259259,1.097890447845805,2.259259259259259,1.097890447845805,0.6600721960270076,182.266,168.15399999999997,182.109550448,70,-0.0181302104400627,-0.0622253948839137,0.0622253948839137,0.0181302104400627,0.7857142857142857,1.5,2.2142857142857144,14.008447387524743,10.023505325796997,1.9584382582622928,-2.0269296606269247,2.1935655165911543,-1.8131679808875985,5.633684635967839,1.140963824704118,2.420313248582622,401.3933040031168,9.803118619434356,8.403259203893182,8.403259203893182,6.898178147766923,5.0427109793487,5.0427109793487,3.419956543130338,3.419956543130338,2.442352858068013,2.442352858068013,1.601412896385505,1.601412896385505,-1.5599999999999996,2560.8979528087893,9.01309382086168,4.099529921723762,1.8475609825845756,85.21838155435421,0.0,0.0,0.0,0.0,0.0,0.0,0.0,0.0,61.52104081584511,23.111176098017,0.0,0.0,0.0,0.0,0.0,13.344558822616634,0.0,60.160755107851486,11.126902983393991,0.0,0.0,0.0,6.4208216229260096,0.0,12.48718869138762,54.59730361615449,11.126902983393991,0.0,0.0,0.0,0.0,0.0,6.4208216229260096,16.690354475090988,0.0,6.06636706846161,55.4546737473835,0.0,0.0,0.0,0.0,3.999169501133787,0.0,19.21831042139078,1.097890447845805,2.184629629629629,0.0,0.1428571428571428,14,0,0,0,0,2,2,0,0,0,2,0,0,2,3.916000000000002,61.25600000000004,0,0,0,0,0,0,0,0,0,1,2,0,0,0,0,0,0,0,0,0,0
CCc1ccccc1c2ccccc2,308.0,2.196759259259259,1.0883607331821616,2.196759259259259,1.0883607331821616,0.6600721960270076,182.266,168.15399999999997,182.109550448,70,-0.0152028718352664,-0.0622253922844426,0.0622253922844426,0.0152028718352664,0.7857142857142857,1.4285714285714286,2.142857142857143,14.047727618068777,9.983670059645394,2.0009695105550027,-2.063460839335177,2.227350937361466,-1.8542375013008672,5.665791087008294,1.1425276373161135,2.513020981657148,401.3933040031168,9.803118619434356,8.403259203893182,8.403259203893182,6.91501490017253,5.048694043492407,5.048694043492407,3.376725849591585,3.376725849591585,2.483059011126346,2.483059011126346,1.7279405688102016,1.7279405688102016,-1.5599999999999996,2595.03525329125,9.01309382086168,4.099529921723762,1.6932819252408302,85.21838155435421,0.0,0.0,0.0,0.0,0.0,0.0,0.0,0.0,61.52104081584511,23.111176098017,0.0,0.0,0.0,0.0,0.0,13.344558822616634,0.0,60.160755107851486,11.126902983393991,0.0,0.0,0.0,6.4208216229260096,0.0,12.48718869138762,54.59730361615449,11.126902983393991,0.0,0.0,0.0,0.0,0.0,6.4208216229260096,16.690354475090988,0.0,0.0,61.52104081584511,0.0,0.0,0.0,0.0,4.082638888888889,0.0,19.132796674225247,1.0883607331821616,2.196203703703704,0.0,0.1428571428571428,14,0,0,0,0,2,2,0,0,0,2,0,0,2,3.916000000000003,61.25600000000004,0,0,0,0,0,0,0,0,0,1,2,0,0,0,0,0,0,0,0,0,0
CC(c1ccccc1)c2ccccc2,235.0,2.240740740740741,0.4837037037037036,2.240740740740741,0.4837037037037036,0.6616304580171462,182.266,168.15399999999997,182.109550448,70,0.0060953647958885,-0.0622480106488086,0.0622480106488086,0.0060953647958885,0.6428571428571429,1.0,1.3571428571428572,14.096416380446229,9.934011755349612,2.0525358083340635,-2.1105576744141152,2.223424041379749,-1.939520961120737,5.305568344382618,0.9223871629167796,2.2962461305928525,335.79776893714006,9.803118619434356,8.350852961085886,8.350852961085886,6.877010097711745,4.976067743425171,4.976067743425171,3.543055041532952,3.543055041532952,2.5991449828236965,2.5991449828236965,1.6758781965171965,1.6758781965171965,-1.5599999999999996,2580.4142437867595,9.01309382086168,4.099529921723762,1.8475609825845756,85.21838155435421,0.0,0.0,0.0,0.0,0.0,0.0,0.0,0.0,67.58740788430673,11.126902983393991,5.917906046161393,0.0,0.0,0.0,0.0,12.841643245852016,0.0,71.7905736680101,0.0,0.0,0.0,0.0,0.0,0.0,23.96854622924601,60.6636706846161,0.0,0.0,0.0,0.0,0.0,5.917906046161393,0.0,11.126902983393991,0.0,0.0,67.58740788430673,0.0,0.0,0.0,0.0,2.747592592592593,0.4837037037037036,21.19462962962963,0.0,2.240740740740741,0.0,0.1428571428571428,14,0,0,0,0,2,2,0,0,0,2,0,0,2,3.8384000000000023,60.40100000000004,0,0,0,0,0,0,0,0,0,0,2,0,0,0,0,0,0,0,0,0,0
Cc1cccc(Cc2ccccc2)c1,321.0,2.243055555555556,1.0302777777777776,2.243055555555556,1.0302777777777776,0.6655165943403577,182.266,168.15399999999997,182.109550448,70,-0.0025676371876294,-0.0622483607098368,0.0622483607098368,0.0025676371876294,0.7857142857142857,1.5,2.2142857142857144,13.99665482255116,10.035235520162678,1.9436349280363752,-2.018299543392611,2.09895650041857,-1.8708559462754757,5.281911846284668,1.181768328283498,2.1930492216170263,401.3933040031167,9.803118619434356,8.403259203893182,8.403259203893182,6.843336592900531,4.939157588755426,4.939157588755426,3.651428138297564,3.651428138297564,2.333557235445566,2.333557235445566,1.6536691616739054,1.6536691616739054,-1.5599999999999996,2199.3975969006065,9.01309382086168,4.099529921723762,2.226807648561396,85.21838155435422,0.0,0.0,0.0,0.0,0.0,0.0,0.0,0.0,60.160755107851486,24.471461806010623,0.0,0.0,0.0,0.0,0.0,13.344558822616634,0.0,71.28765809124549,0.0,0.0,0.0,0.0,6.4208216229260096,6.923737199690624,16.690354475090988,54.59730361615449,0.0,0.0,0.0,0.0,0.0,0.0,6.4208216229260096,16.690354475090988,0.0,0.0,61.52104081584511,0.0,0.0,0.0,0.0,4.090491780045352,0.0,19.245804516250946,1.0302777777777776,2.133425925925926,0.0,0.1428571428571428,14,0,0,0,0,2,2,0,0,0,2,0,0,2,3.585820000000002,60.42700000000004,0,0,0,0,0,0,0,0,0,1,2,0,0,0,0,0,0,0,0,0,0
Cc1ccc(Cc2ccccc2)cc1,323.0,2.196759259259259,1.028888888888889,2.196759259259259,1.028888888888889,0.6655165943403577,182.266,168.15399999999997,182.109550448,70,-0.0025772296301099,-0.0622483607098551,0.0622483607098551,0.0025772296301099,0.7142857142857143,1.2857142857142858,1.9285714285714288,13.990545644572666,10.041317512632569,1.9373143516347529,-2.0124481345530176,2.093067448242417,-1.864879004452988,5.274718558985342,1.186461220321531,2.155110851234288,384.1433040031167,9.803118619434356,8.403259203893182,8.403259203893182,6.843336592900531,4.9391575887554255,4.9391575887554255,3.647973814603615,3.647973814603615,2.3716753923966185,2.3716753923966185,1.5374940896721334,1.5374940896721334,-1.5599999999999996,2284.8646089018757,9.01309382086168,4.099529921723762,2.226807648561396,85.21838155435421,0.0,0.0,0.0,0.0,0.0,0.0,0.0,0.0,60.160755107851486,24.471461806010623,0.0,0.0,0.0,0.0,0.0,13.344558822616634,0.0,71.28765809124549,0.0,0.0,0.0,0.0,6.4208216229260096,6.923737199690624,16.690354475090988,54.59730361615449,0.0,0.0,0.0,0.0,0.0,0.0,6.4208216229260096,16.690354475090988,0.0,0.0,61.52104081584511,0.0,0.0,0.0,0.0,4.069411795582431,0.0,19.28434103888469,1.028888888888889,2.117358276643991,0.0,0.1428571428571428,14,0,0,0,0,2,2,0,0,0,2,0,0,2,3.585820000000002,60.42700000000004,0,0,0,0,0,0,0,0,0,1,2,0,0,0,0,0,0,0,0,0,0
CC1=C(C=CC=C1)CC1=CC=CC=C1,319.0,2.196759259259259,1.0352314814814814,2.196759259259259,1.0352314814814814,0.6655165943403577,182.266,168.15399999999997,182.109550448,70,-0.0023150772005193,-0.0622483606997023,0.0622483606997023,0.0023150772005193,0.7857142857142857,1.4285714285714286,2.142857142857143,14.022394788692193,10.00906958603632,1.9707860778611428,-2.0430064462204296,2.122571202020931,-1.8983185714148003,5.310617220877504,1.1563741969676775,2.236958884375716,401.3933040031167,9.803118619434356,8.403259203893182,8.403259203893182,6.860173345306137,4.945140652899133,4.945140652899133,3.5888598774614047,3.5888598774614047,2.4986545604891246,2.4986545604891246,1.624206379124466,1.624206379124466,-1.5599999999999996,2329.165208002809,9.01309382086168,4.099529921723762,2.023927378035198,85.21838155435421,0.0,0.0,0.0,0.0,0.0,0.0,0.0,0.0,54.59730361615449,30.034913297707615,0.0,0.0,0.0,0.0,0.0,13.344558822616634,0.0,71.28765809124549,0.0,0.0,0.0,0.0,6.4208216229260096,6.923737199690624,16.690354475090988,54.59730361615449,0.0,0.0,0.0,0.0,0.0,0.0,6.4208216229260096,16.690354475090988,0.0,0.0,61.52104081584511,0.0,0.0,0.0,0.0,4.163752834467121,0.0,19.13606198034769,1.0352314814814814,2.164953703703704,0.0,0.1428571428571428,14,0,0,0,0,2,2,0,0,0,2,0,0,2,3.585820000000002,60.42700000000004,0,0,0,0,0,0,0,0,0,1,2,0,0,0,0,0,0,0,0,0,0
CC1=C(C=CC=C1)C(C1=CC=CC=C1)=O,333.0,12.06712962962963,0.0913888888888891,12.06712962962963,0.0913888888888891,0.6738254393961428,196.249,184.153,196.088815004,74,0.1927866728752726,-0.2886049414867891,0.2886049414867891,0.1927866728752726,0.8666666666666667,1.4666666666666666,2.1333333333333333,16.138304428580053,9.993702841628709,2.090750131881439,-2.033437271301269,2.126560898801542,-2.022477360220942,6.093028486844421,0.1033497217784945,2.419826165528076,471.7071906596902,10.673362107437434,8.604400713170497,8.604400713170497,7.287693700234705,4.942158016944518,4.942158016944518,3.510070898296487,3.510070898296487,2.425670702686465,2.425670702686465,1.5726940209708435,1.5726940209708435,-1.8899999999999997,3688.69269460903,9.65688257344214,4.0930861620500565,1.963147941173533,89.37990365439799,0.0,0.0,5.783244946364939,0.0,0.0,4.794537184071822,0.0,0.0,54.59730361615449,12.48718869138762,11.126902983393991,0.0,4.794537184071822,5.783244946364939,0.0,6.923737199690624,0.0,71.28765809124549,0.0,0.0,0.0,5.783244946364939,0.0,6.923737199690624,21.48489165916281,54.59730361615449,0.0,17.07,0.0,4.794537184071822,5.783244946364939,0.0,16.690354475090988,0.0,0.0,61.52104081584511,0.0,0.0,0.0,12.06712962962963,0.0,2.5433824640967506,0.0913888888888891,17.010228647014358,0.0,1.954537037037037,0.0,0.0714285714285714,15,0,1,0,0,2,2,1,0,1,2,0,0,2,3.226020000000002,61.05350000000004,0,0,0,0,0,0,1,1,0,1,2,0,0,0,1,0,0,0,0,0,0
C1CCC(C1)c2ccc3CCCc3c2,313.0,2.498333333333333,0.889722222222222,2.498333333333333,0.889722222222222,0.6249353789782292,186.29799999999997,168.15399999999997,186.140850576,74,-0.0161855256197063,-0.0584851000062473,0.0584851000062473,0.0161855256197063,0.8571428571428571,1.6428571428571428,2.5,14.2378205268603,9.94459281412797,2.1863530387330607,-2.106362695372718,2.354749348474293,-1.9358997523882404,5.36442749164706,0.7217805978467196,1.914411428112892,331.89158890169955,9.38046888862398,8.759148545064336,8.759148545064336,6.932652990377572,6.050312368421673,6.050312368421673,4.863081582310812,4.863081582310812,3.9491276495925582,3.9491276495925582,3.1048348295910166,3.1048348295910166,-0.78,4612.081056211083,8.52205950051889,3.416379920069005,1.3725691244077716,86.33927772761137,0.0,0.0,0.0,0.0,0.0,0.0,0.0,0.0,31.040744451236847,54.71236863588243,0.0,0.0,0.0,0.0,0.0,50.86365740664347,0.0,34.88945568047582,0.0,0.0,0.0,0.0,12.84164324585202,0.0,54.71236863588243,18.19910120538483,0.0,0.0,0.0,0.0,0.0,0.0,5.917906046161393,44.94575136048208,16.690354475090988,0.0,18.19910120538483,0.0,0.0,0.0,0.0,4.892867535903251,0.889722222222222,7.272268518518519,9.778475056689343,0.0,0.0,0.5714285714285714,14,0,0,2,2,1,1,0,0,0,1,1,1,3,3.832900000000003,59.676000000000045,0,0,0,0,0,0,0,0,0,2,1,1,0,0,0,0,0,0,0,0,0
C(OCc1ccccc1)c2ccccc2,332.2,5.605740740740741,0.6763236961451247,5.605740740740741,0.6763236961451247,0.7312006902877912,198.265,184.153,198.104465068,76,0.0720966410806407,-0.3720967403051906,0.3720967403051906,0.0720966410806407,0.6,1.0,1.4,16.473341547152973,10.20407087003375,1.9266944373625348,-2.0347679093409465,2.0461259418492133,-1.9280759340851383,5.1471758118675766,0.1069353665481891,1.8095807579695853,341.0981589624613,10.347088693804372,8.595964544733219,8.595964544733219,7.449489742783179,5.1058242554220925,5.1058242554220925,3.4639963991337237,3.4639963991337237,2.223106802720243,2.223106802720243,1.4352045287847557,1.4352045287847557,-1.5999999999999996,4414.324202483753,9.936265432098764,5.322711058263973,3.222760476739716,90.3319267838611,4.736862953800049,0.0,0.0,0.0,0.0,0.0,0.0,0.0,60.6636706846161,11.126902983393991,0.0,13.213763929025836,4.736862953800049,0.0,0.0,13.213763929025836,0.0,71.7905736680101,0.0,0.0,0.0,0.0,17.950626882825887,0.0,11.126902983393991,60.6636706846161,0.0,9.23,0.0,0.0,0.0,13.213763929025836,0.0,11.126902983393991,0.0,36.39820241076966,24.26546827384644,4.736862953800049,5.605740740740741,0.0,0.0,2.432279856387,0.0,20.442665343915344,0.0,1.352647392290249,0.0,0.1428571428571428,15,0,1,0,0,2,2,1,0,1,4,0,0,2,3.403400000000002,61.37700000000004,0,0,0,0,0,0,0,0,0,0,2,0,0,1,0,0,0,0,0,0,0
C(C1=CC=CC=C1)C1=CC=C(C=C1)OC,338.0,5.119382558578987,0.9090848870412364,5.119382558578987,0.9090848870412364,0.7349962840650784,198.265,184.153,198.104465068,76,0.1183781186953291,-0.4967682157248813,0.4967682157248813,0.1183781186953291,0.8,1.4,2.0,16.465253361953387,10.05341672665013,1.9549850655573375,-2.029876615335007,2.139303469425743,-1.87859618319551,5.307395131734133,0.4144217458849012,2.113960747705716,403.1136507983479,10.510225400620902,8.811507494357045,8.811507494357045,7.381341395361316,5.051530024451221,5.051530024451221,3.510449951041436,3.510449951041436,2.410127082946756,2.410127082946756,1.574951568237398,1.574951568237398,-1.7599999999999996,4035.300846752824,9.782071708117662,4.6479813019390575,2.5948470576057137,90.33192678386108,4.736862953800049,5.749511833283905,0.0,0.0,0.0,0.0,0.0,0.0,42.46456947923127,29.680458743243214,0.0,7.109797541277533,4.736862953800049,0.0,0.0,6.4208216229260096,7.109797541277533,65.72420659954848,5.749511833283905,4.736862953800049,5.749511833283905,7.109797541277533,6.4208216229260096,0.0,11.126902983393991,54.59730361615449,0.0,9.23,0.0,0.0,0.0,0.0,12.170333456209914,11.126902983393991,7.109797541277533,18.19910120538483,36.39820241076966,4.736862953800049,5.119382558578987,0.0,0.0,2.643210034013606,0.9090848870412364,18.66459566851432,0.9770181405895692,0.0,1.6867087112622827,0.1428571428571428,15,0,1,0,0,2,2,1,0,1,3,0,0,2,3.2860000000000023,62.24200000000004,0,0,0,0,0,0,0,0,0,0,2,0,0,1,0,0,1,0,0,0,0
CC(C)Cc1cccc2ccccc12,332.0,2.265648148148148,0.7229686318972032,2.265648148148148,0.7229686318972032,0.6604713410819737,184.282,168.15399999999997,184.125200512,72,-0.0151823229034111,-0.0624555216184679,0.0624555216184679,0.0151823229034111,0.9285714285714286,1.6428571428571428,2.4285714285714284,14.061578847820188,9.970328979410006,2.012591615642384,-2.07896551565996,2.2025385241221143,-1.9403085554739676,5.851163521536322,0.6499983467699867,2.5343566183503268,421.4912855862396,9.966255326250886,8.825908934703556,8.825908934703556,6.770856947829096,5.237869424482307,5.237869424482307,4.236243274887844,4.236243274887844,2.5080974416531427,2.5080974416531427,1.910314788537845,1.910314788537845,-1.2999999999999998,1975.1256407297235,9.26262986840002,3.830629986559523,1.7923819188520356,85.5728361088186,0.0,0.0,0.0,0.0,0.0,0.0,0.0,0.0,56.31204387861251,28.674627589713992,0.0,0.0,0.0,10.772448428929591,5.917906046161393,20.268296022307258,0.0,48.02802097092827,0.0,0.0,0.0,0.0,6.4208216229260096,5.917906046161393,19.410925891078243,42.46456947923127,10.772448428929591,0.0,0.0,0.0,0.0,0.0,5.917906046161393,22.7567215435526,0.0,0.0,56.31204387861251,0.0,0.0,0.0,2.758657407407408,1.470462962962963,0.7229686318972032,15.181938775510204,1.1680092592592592,4.531296296296296,0.0,0.2857142857142857,14,0,0,0,0,2,2,0,0,0,2,0,0,2,4.038300000000003,62.49000000000004,0,0,0,0,0,0,0,0,0,0,2,1,0,0,0,0,0,0,0,0,0
C(C)C1=C(C=C(C2=CC=CC=C12)C)C,336.0,2.292824074074074,1.117685185185185,2.292824074074074,1.117685185185185,0.6276316603885145,184.28199999999995,168.15399999999997,184.125200512,72,-0.0146717324833607,-0.0616194764370111,0.0616194764370111,0.0146717324833607,0.9285714285714286,1.5714285714285714,2.2142857142857144,14.087282376848735,9.94480927669262,2.040029755848922,-2.102714393175426,2.252330694469076,-1.9073386374701864,5.890742938007827,1.1252405422372014,2.9037522739422066,466.6671592888754,10.129392033067417,9.093858127134675,9.093858127134675,6.736382105218448,5.215360710159073,5.215360710159073,3.888053534251103,3.888053534251103,2.9395979670442896,2.9395979670442896,2.2614721540259466,2.2614721540259466,-1.2999999999999998,1899.6026892666948,9.26262986840002,3.4516040093792677,1.3121023341891591,85.57283610881858,0.0,0.0,0.0,0.0,0.0,0.0,0.0,0.0,37.255572541998674,47.73109892632783,0.0,0.0,0.0,10.772448428929591,0.0,27.19203322199788,0.0,47.02218981739904,0.0,0.0,0.0,0.0,6.4208216229260096,13.847474399381248,23.61409167478161,30.33183534230805,10.772448428929591,0.0,0.0,0.0,0.0,0.0,6.4208216229260096,27.46280290402058,0.0,0.0,51.10304694137992,0.0,0.0,0.0,2.821712962962964,4.296481481481482,0.0,10.975277777777778,1.117685185185185,6.622175925925927,0.0,0.2857142857142857,14,0,0,0,0,2,2,0,0,0,1,0,0,2,4.019040000000003,62.80000000000004,0,0,0,0,0,0,0,0,0,3,2,1,0,0,0,0,0,0,0,0,0
CC=1C(=CC2=CC=CC=C2C1)CCC,341.0,2.3275462962962963,1.1911385109599395,2.3275462962962963,1.1911385109599395,0.658797474714687,184.28199999999995,168.15399999999997,184.125200512,72,-0.0181103411530606,-0.0650652654242632,0.0650652654242632,0.0181103411530606,1.0,1.6428571428571428,2.2857142857142856,14.04249018332754,9.989541983294137,1.991141382493197,-2.0620187047993404,2.1991121937499902,-1.8814081364352755,5.835072356967925,0.9147516427770772,2.586890565790209,440.7326286215576,9.966255326250886,8.878315177510851,8.878315177510851,6.808861750289881,5.2927109793487,5.2927109793487,3.8758433596290502,3.8758433596290502,2.723599967586463,2.723599967586463,1.9399581916044064,1.9399581916044064,-1.2999999999999998,2055.421856586396,9.26262986840002,3.830629986559523,1.6501876772279498,85.5728361088186,0.0,0.0,0.0,0.0,0.0,0.0,0.0,0.0,49.74276123338629,35.243910234940216,0.0,0.0,0.0,10.772448428929591,0.0,26.689117645233267,0.0,47.52510539416365,0.0,0.0,0.0,0.0,6.4208216229260096,6.923737199690624,24.471461806010627,36.39820241076966,10.772448428929591,0.0,0.0,0.0,0.0,0.0,0.0,34.7409946581756,0.0,0.0,50.24567681015091,0.0,0.0,0.0,2.71426209372638,2.913657407407408,0.0,13.189628448601663,2.412547477324263,4.436571239606954,0.0,0.2857142857142857,14,0,0,0,0,2,2,0,0,0,2,0,0,2,4.100720000000003,62.68000000000004,0,0,0,0,0,0,0,0,0,2,2,1,0,0,0,0,0,0,0,0,0
CC1=CC=C(C2=CC=CC=C12)C(C)C,343.0,2.252314814814815,0.597685185185185,2.252314814814815,0.597685185185185,0.6204796615835326,184.282,168.15399999999997,184.125200512,72,-0.014664462061557,-0.0616194775417732,0.0616194775417732,0.014664462061557,0.8571428571428571,1.5,2.142857142857143,14.094782101127093,9.937200754686735,2.0485232330474665,-2.1093250499880587,2.2676030329858103,-1.9000855622071775,5.883811585137884,0.8758006624164622,2.816019155914077,452.54500569936255,10.129392033067417,9.041451884327383,9.041451884327383,6.698377302757663,5.181409544686651,5.181409544686651,4.1719721568489945,4.1719721568489945,2.797809532508327,2.797809532508327,1.9765043297831104,1.9765043297831104,-1.2999999999999998,1862.1353502942911,9.26262986840002,3.4516040093792677,1.4122276929119495,85.57283610881858,0.0,0.0,0.0,0.0,0.0,0.0,0.0,0.0,50.24567681015091,34.7409946581756,0.0,0.0,0.0,10.772448428929591,0.0,26.689117645233264,0.0,47.52510539416365,0.0,0.0,0.0,0.0,0.0,6.923737199690624,30.892283428936636,36.39820241076966,10.772448428929591,0.0,0.0,0.0,0.0,5.917906046161393,0.0,21.899351412323583,0.0,0.0,57.16941400984153,0.0,0.0,0.0,2.7927777777777782,2.815925925925926,0.597685185185185,13.126296296296296,0.0,6.667314814814814,0.0,0.2857142857142857,14,0,0,0,0,2,2,0,0,0,1,0,0,2,4.271620000000003,62.77400000000004,0,0,0,0,0,0,0,0,0,1,2,1,0,0,0,0,0,0,0,0,0
O(C1=CC=CC=C1)CCOC1=CC=CC=C1,375.0,5.502717545351474,0.5544718442932729,5.502717545351474,0.5544718442932729,0.711726265054836,214.264,200.152,214.099379688,82,0.1222072754162047,-0.4900464059792477,0.4900464059792477,0.1222072754162047,0.5625,0.9375,1.3125,16.524349270029266,10.333093618022671,1.9292921475716336,-2.0725276906335486,2.095416751834232,-2.081943288260645,5.214981390454527,0.2169014557860497,1.6982174709605096,356.0952225964737,11.05419547499092,9.00421283519708,9.00421283519708,7.949489742783179,5.306965764699408,5.306965764699408,3.32302848422896,3.32302848422896,2.1072011422384533,2.1072011422384533,1.3524761390978746,1.3524761390978746,-1.9599999999999995,7326.416514466414,10.554231552738797,5.808413134645357,3.3149208460437487,95.445472013368,9.473725907600098,24.71278759559365,0.0,0.0,0.0,0.0,0.0,0.0,36.39820241076966,24.26546827384644,0.0,0.0,9.473725907600098,0.0,0.0,0.0,13.213763929025836,60.6636706846161,11.49902366656781,9.473725907600098,11.49902366656781,13.213763929025836,0.0,0.0,0.0,60.6636706846161,0.0,18.46,0.0,0.0,0.0,13.213763929025836,11.49902366656781,0.0,0.0,60.6636706846161,0.0,9.473725907600098,11.005435090702948,0.0,0.0,0.0,1.7484475518602505,19.47050700218359,0.0,1.108943688586546,0.0,0.1428571428571428,16,0,2,0,0,2,2,2,0,2,5,0,0,2,3.144400000000002,63.87400000000004,0,0,0,0,0,0,0,0,0,0,2,0,0,2,0,0,0,2,0,0,1
C1CCC(CC1)CCc2ccccc2,344.0,2.2528039965986397,1.0175519652305365,2.2528039965986397,1.0175519652305365,0.6665886942888578,188.31400000000005,168.15399999999997,188.15650064,76,-0.0276235198645424,-0.0622487389138873,0.0622487389138873,0.0276235198645424,0.9285714285714286,1.6428571428571428,2.357142857142857,14.178851805162402,9.851122212520284,2.120761194938123,-2.207057664049481,2.2679258608985973,-2.0659646457227248,5.1410906946194,0.3390691099308106,1.7621671607808485,244.0006372810443,9.639981912617824,8.913849083443589,8.913849083443589,6.949489742783179,5.988981864507821,5.988981864507821,4.528309539002187,4.528309539002187,3.40883052582516,3.40883052582516,2.4912828507142515,2.4912828507142515,-0.78,2714.3052865680856,9.762806332476792,5.187888404618244,2.866370635179201,87.34510888114062,0.0,0.0,0.0,0.0,0.0,0.0,0.0,0.0,62.4359434569381,24.323000783710405,0.0,0.0,0.0,0.0,5.917906046161393,44.94575136048208,0.0,35.89528683400505,0.0,0.0,0.0,0.0,6.4208216229260096,5.917906046161393,44.08838122925306,30.33183534230805,0.0,0.0,0.0,0.0,0.0,0.0,5.917906046161393,50.50920285217907,0.0,0.0,30.33183534230805,0.0,0.0,0.0,0.0,1.5121050642479217,1.0175519652305365,10.904929453262788,10.065413517258756,0.0,0.0,0.5714285714285714,14,0,0,1,1,1,1,0,0,0,3,1,1,2,4.199500000000003,61.33800000000005,0,0,0,0,0,0,0,0,0,1,1,0,0,0,0,0,0,0,0,0,0
C1(CCCCC1)C1=C(C=C(C=C1)C)C,349.0,2.3478703703703703,0.8512499999999997,2.3478703703703703,0.8512499999999997,0.6142904721647461,188.314,168.15399999999997,188.15650064,76,-0.0159334242391783,-0.0590220590323103,0.0590220590323103,0.0159334242391783,1.0,1.7142857142857142,2.357142857142857,14.21235882488159,9.818774673669685,2.1609982792728206,-2.2327666462951505,2.33773304067404,-2.056065087189745,5.327623868802383,0.4421570655409511,2.215971725825169,305.8143909481188,9.966255326250884,9.344934982691242,9.344934982691242,6.770856947829097,5.843205587235125,5.843205587235125,4.694976205668855,4.694976205668855,3.4703005970515246,3.4703005970515246,2.6972740572399694,2.6972740572399694,-0.78,2039.4841260161752,9.762806332476792,4.16437809210619,1.9977740652878484,87.34510888114059,0.0,0.0,0.0,0.0,0.0,0.0,0.0,0.0,43.025017565859855,43.73392667478865,0.0,0.0,0.0,0.0,0.0,51.86948856017269,0.0,34.88945568047582,0.0,0.0,0.0,0.0,0.0,13.847474399381248,54.71236863588243,18.19910120538483,0.0,0.0,0.0,0.0,0.0,0.0,5.917906046161393,43.23101109802404,5.563451491696996,0.0,32.04657560476608,0.0,0.0,0.0,0.0,4.49468466553288,0.8512499999999997,6.932074829931973,7.116247086797682,4.439076751070799,0.0,0.5714285714285714,14,0,0,1,1,1,1,0,0,0,1,1,1,2,4.351140000000004,61.74200000000005,0,0,0,0,0,0,0,0,0,2,1,0,0,0,0,0,0,0,0,0,0
CC(C1CCCCC1)c2ccccc2,327.0,2.3941666666666666,0.760648148148148,2.3941666666666666,0.760648148148148,0.6461634943102899,188.31400000000005,168.15399999999997,188.15650064,76,-0.0162025255460617,-0.0622483892296909,0.0622483892296909,0.0162025255460617,1.0,1.6428571428571428,2.2857142857142856,14.252936463112713,9.777637879671031,2.2014642504850865,-2.2740674714950053,2.3481380169827406,-2.131232287347263,5.190857819455274,0.3158663467573357,2.032599583992876,256.62661626856533,9.803118619434356,9.07698579026012,9.07698579026012,6.877010097711745,5.926538920568457,5.926538920568457,4.597448833473062,4.597448833473062,3.682292609922664,3.682292609922664,2.662932438794929,2.662932438794929,-0.78,2580.4142437867595,9.762806332476792,4.6340442283060685,2.173552915934985,87.34510888114062,0.0,0.0,0.0,0.0,0.0,0.0,0.0,0.0,56.5180374107767,30.2409068298718,0.0,0.0,0.0,0.0,5.917906046161393,44.94575136048206,0.0,35.89528683400505,0.0,0.0,0.0,0.0,0.0,5.917906046161393,50.50920285217906,30.33183534230805,0.0,0.0,0.0,0.0,0.0,0.0,11.835812092322788,37.667559606327046,0.0,0.0,37.255572541998674,0.0,0.0,0.0,0.0,1.5272222222222225,1.6968981481481478,10.985074011085915,7.229972285210381,2.3941666666666666,0.0,0.5714285714285714,14,0,0,1,1,1,1,0,0,0,2,1,1,2,4.370400000000004,61.43200000000005,0,0,0,0,0,0,0,0,0,0,1,0,0,0,0,0,0,0,0,0,0
C1CCC(C1)CCCc2ccccc2,372.0,2.2446905706727134,1.0543631897203325,2.2446905706727134,1.0543631897203325,0.6640031987037397,188.31400000000005,168.15399999999997,188.15650064,76,-0.02787708888378,-0.0622487389243167,0.0622487389243167,0.02787708888378,1.0,1.7142857142857142,2.4285714285714284,14.191744222143868,9.983779158408067,2.132785622645537,-2.073376165094153,2.2838286787006754,-1.9412409780465012,5.139606875973874,0.4837485201869336,1.6738492125194853,244.0006372810443,9.639981912617824,8.913849083443589,8.913849083443589,6.949489742783179,5.988981864507821,5.988981864507821,4.528309539002186,4.528309539002186,3.395393799056322,3.395393799056322,2.5385766959617264,2.5385766959617264,-0.78,3344.6232655667977,9.762806332476792,5.187888404618244,2.866370635179201,87.34510888114062,0.0,0.0,0.0,0.0,0.0,0.0,0.0,0.0,62.4359434569381,24.323000783710405,0.0,0.0,0.0,0.0,5.917906046161393,44.94575136048208,0.0,35.89528683400505,0.0,0.0,0.0,0.0,6.4208216229260096,5.917906046161393,44.08838122925306,30.33183534230805,0.0,0.0,0.0,0.0,0.0,0.0,5.917906046161393,50.50920285217907,0.0,0.0,30.33183534230805,0.0,0.0,0.0,0.0,1.5050897581254723,1.0543631897203325,10.874573885109598,10.065973167044596,0.0,0.0,0.5714285714285714,14,0,0,1,1,1,1,0,0,0,4,1,1,2,4.199500000000003,61.33800000000005,0,0,0,0,0,0,0,0,0,1,1,0,0,0,0,0,0,0,0,0,0
CCCCC1CCCc2ccccc12,352.0,2.342083333333333,0.8610185185185183,2.342083333333333,0.8610185185185183,0.6632308236392754,188.314,168.15399999999997,188.15650064,76,-0.0159119908131743,-0.0653820202162791,0.0653820202162791,0.0159119908131743,1.2857142857142858,2.142857142857143,3.0,14.228892439468222,9.802124535409448,2.1792723836819894,-2.2476320207961766,2.341505094538872,-2.0886934994332385,5.31901357113981,0.5013443765526012,2.135934108213256,287.8447139279425,9.803118619434356,9.129392033067417,9.129392033067417,6.915014900172529,5.993182156491986,5.993182156491986,4.430194197315387,4.430194197315387,3.3997606288062507,3.3997606288062507,2.6049163064861323,2.6049163064861323,-0.78,2437.378898163487,9.762806332476792,4.6340442283060685,1.9977740652878484,87.3451088811406,0.0,0.0,0.0,0.0,0.0,0.0,0.0,0.0,44.03084871938909,42.72809552125942,0.0,0.0,0.0,0.0,0.0,51.36657298340808,0.0,35.392371257240434,0.0,0.0,0.0,0.0,6.4208216229260096,0.0,56.07265434387605,24.26546827384644,0.0,0.0,0.0,0.0,0.0,0.0,5.917906046161393,38.524929737556064,11.126902983393991,0.0,31.18920547353706,0.0,0.0,0.0,0.0,3.256530612244898,0.8610185185185183,9.034119189342404,8.228558673469388,2.2864396730914587,0.0,0.5714285714285714,14,0,0,1,1,1,1,0,0,0,3,0,0,2,4.296700000000003,61.64600000000005,0,0,0,0,0,0,0,0,0,1,1,1,0,0,0,0,0,0,0,0,0
Cc1cc(C)c(C2CCCC2)c(C)c1,356.0,2.333981481481481,0.8570370370370368,2.333981481481481,0.8570370370370368,0.6171198633296168,188.314,168.15399999999997,188.15650064,76,-0.0156710155407733,-0.0560797983923164,0.0560797983923164,0.0156710155407733,0.9285714285714286,1.4285714285714286,1.9285714285714288,14.247538166088454,9.883206261827825,2.197429968862788,-2.1668801670811986,2.3712353527327945,-1.9954838697813204,5.397342444031208,0.7116978908579622,2.404534836636096,306.8867013995361,10.129392033067417,9.56047793231507,9.56047793231507,6.681540550352056,5.759872253901791,5.759872253901791,4.793773084265207,4.793773084265207,3.501453877698988,3.501453877698988,3.049623386678152,3.049623386678152,-0.78,2166.79117947228,9.762806332476792,3.762656887002616,1.7046266497005629,87.3451088811406,0.0,0.0,0.0,0.0,0.0,0.0,0.0,0.0,30.53782887447224,56.22111536617626,0.0,0.0,0.0,0.0,0.0,52.372404136937305,0.0,34.386540103711205,0.0,0.0,0.0,0.0,0.0,20.771211599071872,53.85499850465342,12.13273413692322,0.0,0.0,0.0,0.0,0.0,0.0,5.917906046161393,42.37364096679502,5.563451491696996,0.0,32.903945735995094,0.0,0.0,0.0,0.0,6.068191609977324,0.8570370370370368,4.667962962962963,5.670960411942556,6.7358479780801215,0.0,0.5714285714285714,14,0,0,1,1,1,1,0,0,0,1,1,1,2,4.269460000000004,61.862000000000045,0,0,0,0,0,0,0,0,0,3,1,0,0,0,0,0,0,0,0,0,0
CCC(C)C1CCCc2ccccc12,360.0,2.395601851851852,0.8240277777777776,2.395601851851852,0.8240277777777776,0.6536579007997516,188.314,168.15399999999997,188.15650064,76,-0.0133498054386242,-0.0651066632182748,0.0651066632182748,0.0133498054386242,1.3571428571428572,2.142857142857143,2.9285714285714284,14.276332706648516,9.75486342889256,2.228279447028511,-2.2933456179667564,2.3715304785846403,-2.153918575069402,5.324189712859909,0.3959537083398751,2.3035474555790474,300.6615494596118,9.966255326250886,9.292528739883949,9.292528739883949,6.825698502695488,5.903865759014945,5.903865759014945,4.583067494019314,4.583067494019314,3.746646352056976,3.746646352056976,2.6670852313270577,2.6670852313270577,-0.78,2275.5933465840767,9.762806332476792,4.16437809210619,1.7046266497005629,87.3451088811406,0.0,0.0,0.0,0.0,0.0,0.0,0.0,0.0,44.5337642961537,42.225179944494805,0.0,0.0,0.0,0.0,5.917906046161393,45.448666937246685,0.0,35.392371257240434,0.0,0.0,0.0,0.0,6.4208216229260096,5.917906046161393,50.15474829771466,24.26546827384644,0.0,0.0,0.0,0.0,0.0,0.0,11.835812092322788,25.68328649170404,11.126902983393991,0.0,38.112942673227685,0.0,0.0,0.0,0.0,3.2334722222222227,1.6679629629629626,9.02038926681784,5.375147392290248,4.703028155706727,0.0,0.5714285714285714,14,0,0,1,1,1,1,0,0,0,2,0,0,2,4.152600000000003,61.57600000000005,0,0,0,0,0,0,0,0,0,1,1,1,0,0,0,0,0,0,0,0,0
CCCCCCCCc1ccccc1,381.0,2.267826252414546,1.2569097222222223,2.267826252414546,1.2569097222222223,0.551586623038264,190.33000000000004,168.15399999999997,190.172150704,78,-0.0278872279393169,-0.0653823832227824,0.0653823832227824,0.0278872279393169,0.7857142857142857,1.4285714285714286,2.142857142857143,13.978789560046256,10.052988083096889,1.918678335604228,-2.007251112247707,2.0872151570670963,-1.8480177108105549,5.1389217625975085,0.607347501046157,1.992370638117442,212.7397365016785,10.0626316434282,9.336498814253964,9.336498814253964,6.931851652578136,5.971343774302779,5.971343774302779,4.003365512619857,4.003365512619857,2.661829882562212,2.661829882562212,1.754131468964199,1.754131468964199,-0.78,1905.4994163510707,11.295642965204236,7.607776175470456,5.059007737588519,88.35094003466985,0.0,0.0,0.0,0.0,0.0,0.0,0.0,0.0,69.35968065662873,18.40509473754901,0.0,0.0,0.0,0.0,0.0,51.8694885601727,0.0,35.89528683400505,0.0,0.0,0.0,0.0,6.4208216229260096,0.0,51.01211842894368,30.33183534230805,0.0,0.0,0.0,0.0,0.0,0.0,0.0,50.50920285217907,0.0,0.0,37.255572541998674,0.0,0.0,0.0,0.0,1.488881041614177,0.0,10.807208966728716,9.602750405909225,2.267826252414546,0.0,0.5714285714285714,14,0,0,0,0,1,1,0,0,0,7,0,0,1,4.589600000000004,63.522000000000055,0,0,0,0,0,0,0,0,0,1,1,0,0,0,0,0,0,0,0,0,4
CC(CCCCCC)C1=CC=CC=C1,389.0,2.3346022297808013,0.7296815948601661,2.3346022297808013,0.7296815948601661,0.5672269900793764,190.33000000000004,168.15399999999997,190.172150704,78,-0.0190386757319209,-0.0653823832118479,0.0653823832118479,0.0190386757319209,1.0,1.7142857142857142,2.357142857142857,14.08142756941804,9.949045729592545,2.02793276806043,-2.1046481777329915,2.208401809700602,-1.924391705289554,5.178852581340163,0.5797902762731786,2.2506126373324027,225.05344312420408,10.22576835024473,9.499635521070497,9.499635521070497,6.842535255101096,5.892064077957808,5.892064077957808,4.161066479188201,4.161066479188201,2.859298322858121,2.859298322858121,1.825538919125284,1.825538919125284,-0.78,1766.1615540777575,11.295642965204236,6.640910310625932,3.9521039064049184,88.35094003466983,0.0,0.0,0.0,0.0,0.0,0.0,0.0,0.0,69.86259623339333,17.9021791607844,0.0,0.0,0.0,0.0,0.0,51.86948856017269,0.0,35.89528683400505,0.0,0.0,0.0,0.0,0.0,0.0,57.43294005186968,30.33183534230805,0.0,0.0,0.0,0.0,0.0,0.0,5.917906046161393,37.667559606327046,0.0,0.0,44.179309741689295,0.0,0.0,0.0,0.0,1.4898133975812549,0.7296815948601661,10.84526809334845,6.836126464474679,4.59911044973545,0.0,0.5714285714285714,14,0,0,0,0,1,1,0,0,0,6,0,0,1,4.760500000000005,63.61600000000006,0,0,0,0,0,0,0,0,0,0,1,0,0,0,0,0,0,0,0,0,2
C(C)C1C(CCCC1)C1CCCCC1,366.0,2.40854473733938,1.089675925925926,2.40854473733938,1.089675925925926,0.5930145031743579,194.36199999999997,168.15399999999997,194.203450832,82,-0.0357517013150796,-0.0651078142127934,0.0651078142127934,0.0357517013150796,0.7857142857142857,1.4285714285714286,2.142857142857143,14.36030895803658,9.671592686963628,2.305299190194899,-2.3834409726509445,2.4205017791453742,-2.2756148365667768,4.816005653727005,0.1254211149741011,1.910928077099024,155.42124551085627,9.803118619434356,9.803118619434356,9.803118619434356,6.91501490017253,6.91501490017253,6.91501490017253,5.51472970310208,5.51472970310208,4.747577465565666,4.747577465565666,3.9261396854900985,3.9261396854900985,0.0,2595.03525329125,10.515555555555556,5.185595567867036,2.3232,89.471836207927,0.0,0.0,0.0,0.0,0.0,0.0,0.0,0.0,64.71113180602472,24.174539761410188,0.0,0.0,0.0,0.0,17.75371813848418,71.13195342895074,0.0,0.0,0.0,0.0,0.0,0.0,0.0,17.75371813848418,71.13195342895074,0.0,0.0,0.0,0.0,0.0,0.0,0.0,17.75371813848418,44.94575136048208,19.26246486877803,0.0,6.923737199690624,0.0,0.0,0.0,0.0,0.0,3.328611111111111,0.0,15.26284415154951,2.40854473733938,0.0,1.0,14,0,0,2,2,0,0,0,0,0,2,2,2,2,4.783100000000005,62.31400000000006,0,0,0,0,0,0,0,0,0,0,0,0,0,0,0,0,0,0,0,0,0
C1(CCCCC1)CC1CCC(CC1)C,353.0,2.4274094545225497,1.0255609620391364,2.4274094545225497,1.0255609620391364,0.5930145031743579,194.362,168.15399999999997,194.203450832,82,-0.0411452458164719,-0.0625093736643637,0.0625093736643637,0.0411452458164719,0.7142857142857143,1.2857142857142858,1.9285714285714288,14.279715703300411,9.75305634128472,2.2214804615785706,-2.3051777549821244,2.360732840855205,-2.169805411696093,4.745955960757764,0.2183193560503294,1.6848414699942416,147.42124551085624,9.803118619434354,9.803118619434354,9.803118619434354,6.843336592900531,6.84333659290053,6.84333659290053,5.865635762835632,5.865635762835632,4.526840011972804,4.526840011972804,3.4590639570752377,3.4590639570752377,0.0,2284.8646089018757,10.515555555555556,5.185595567867036,3.0,89.471836207927,0.0,0.0,0.0,0.0,0.0,0.0,0.0,0.0,64.71113180602472,24.174539761410188,0.0,0.0,0.0,0.0,17.75371813848418,71.13195342895074,0.0,0.0,0.0,0.0,0.0,0.0,0.0,17.75371813848418,71.13195342895074,0.0,0.0,0.0,0.0,0.0,0.0,0.0,17.75371813848418,44.94575136048208,19.26246486877803,0.0,6.923737199690624,0.0,0.0,0.0,0.0,0.0,3.2445018161585613,0.0,15.328088729318884,2.4274094545225497,0.0,1.0,14,0,0,2,2,0,0,0,0,0,2,2,2,2,4.783100000000005,62.31400000000006,0,0,0,0,0,0,0,0,0,0,0,0,0,0,0,0,0,0,0,0,0
CC(C)CCC(C)(C)c1ccccc1,368.0,2.3380092592592594,0.3249305555555555,2.3380092592592594,0.3249305555555555,0.6598149430467268,190.33,168.15399999999997,190.172150704,78,-0.0103449499543946,-0.0627730713605029,0.0627730713605029,0.0103449499543946,1.0714285714285714,1.6428571428571428,2.142857142857143,14.23984297723866,9.79011917603908,2.1930742011205577,-2.256900285039805,2.28930897745863,-2.171445589997212,5.226290660046495,0.4145275069572554,2.655942670765274,256.62661626856533,10.604448006685086,9.878315177510853,9.878315177510853,6.521673934958928,5.577185821959347,5.577185821959347,5.182430864979789,5.182430864979789,2.9019513192572286,2.9019513192572286,1.6831939362195003,1.6831939362195003,-0.78,1203.6020380427274,11.295642965204236,4.6340442283060685,3.172399566441912,88.35094003466983,0.0,0.0,0.0,0.0,0.0,0.0,0.0,0.0,64.44760576399656,23.317169630181176,0.0,0.0,0.0,0.0,5.917906046161393,45.95158251401129,0.0,35.89528683400505,0.0,0.0,0.0,0.0,5.41499046939678,5.917906046161393,46.1000435363115,30.33183534230805,0.0,0.0,0.0,0.0,0.0,5.41499046939678,5.917906046161393,18.40509473754901,0.0,0.0,58.02678414107054,0.0,0.0,0.0,0.0,1.7838657407407408,0.803691893424036,10.821026077097503,2.579934807256236,9.261481481481482,0.0,0.5714285714285714,14,0,0,0,0,1,1,0,0,0,4,0,0,1,4.400400000000004,63.540000000000056,0,0,0,0,0,0,0,0,0,0,1,0,0,0,0,0,0,0,0,0,0
C1CCC(CC1)CCCC2CCCC2,380.0,1.5520833333333333,1.1158824640967495,1.5520833333333333,1.1158824640967495,0.5951681482525365,194.362,168.15399999999997,194.203450832,82,-0.0414284022424516,-0.0532857102053746,0.0532857102053746,0.0414284022424516,0.5714285714285714,1.0,1.5,14.224018756588364,9.845823634120997,2.164335176838678,-2.213974014646734,2.3193810245385222,-2.062081990154764,4.697264400385483,0.3184133275158869,1.5249740932553668,138.11730005192325,9.639981912617824,9.639981912617824,9.639981912617824,6.949489742783179,6.949489742783178,6.949489742783178,5.585421958697398,5.585421958697398,4.424234614174767,4.424234614174767,3.470054306037337,3.470054306037337,0.0,3344.6232655667977,10.515555555555556,5.777777777777778,3.292517006802721,89.47183620792701,0.0,0.0,0.0,0.0,0.0,0.0,0.0,0.0,77.04985947511214,11.835812092322788,0.0,0.0,0.0,0.0,11.835812092322788,77.04985947511214,0.0,0.0,0.0,0.0,0.0,0.0,0.0,11.835812092322788,77.04985947511214,0.0,0.0,0.0,0.0,0.0,0.0,0.0,11.835812092322788,38.524929737556064,38.524929737556064,0.0,0.0,0.0,0.0,0.0,0.0,0.0,2.2395774281934995,0.0,18.42708923847317,0.0,0.0,1.0,14,0,0,2,2,0,0,0,0,0,4,2,2,2,4.9272000000000045,62.38400000000006,0,0,0,0,0,0,0,0,0,0,0,0,0,0,0,0,0,0,0,0,0
CC(C)(C)c1cccc(c1O)C(C)(C)C,401.0,10.260046296296297,-0.008587962962963,10.260046296296297,0.0085879629629628,0.6802500634680616,206.32899999999995,184.153,206.167065324,84,0.1225207036361138,-0.5073410447736736,0.5073410447736736,0.1225207036361138,0.8,1.1333333333333333,1.4,16.25627834047332,9.79518171624368,2.2406177630509445,-2.262759123740909,2.377146419315178,-2.1616884147111217,5.464118678716681,0.4231556304881109,3.368901573147506,318.331941709556,11.853371151128522,10.679264403068837,10.679264403068837,6.637863785973644,5.467623733606272,5.467623733606272,6.201740490002814,6.201740490002814,2.652049237893624,2.652049237893624,1.753927191686009,1.753927191686009,-0.98,1112.607787634285,12.091326676176887,3.549844104888205,2.525803510668683,93.14517378686584,5.106527394840706,5.749511833283905,0.0,0.0,0.0,0.0,0.0,0.0,59.74152440352857,21.95688392218755,0.0,0.0,5.106527394840706,0.0,0.0,52.372404136937305,0.0,29.32600418877882,5.749511833283905,0.0,5.749511833283905,5.106527394840706,10.82998093879356,0.0,52.66932618153773,18.19910120538483,0.0,20.23,0.0,5.106527394840706,10.82998093879356,5.749511833283905,11.126902983393991,0.0,0.0,18.19910120538483,41.54242319814374,0.0,0.0,0.0,10.260046296296297,2.028981481481482,0.4560185185185188,6.037731481481481,0.0,12.717222222222224,0.0,0.5714285714285714,15,1,1,0,0,1,1,1,1,1,0,0,0,1,3.987200000000003,65.50680000000006,0,0,0,1,0,0,0,0,0,0,1,0,0,0,0,0,0,1,1,1,0
CCCCCCC(C)C1CCCCC1,435.0,2.4880281557067274,1.0066260393046105,2.4880281557067274,1.0066260393046105,0.5138534993413274,196.37799999999996,168.15399999999997,196.219100896,84,-0.0388476823502039,-0.0653823832174964,0.0653823832174964,0.0388476823502039,1.0,1.7142857142857142,2.357142857142857,14.24372395108211,9.786530167458702,2.185820197116961,-2.2713830922974823,2.3183417049589825,-2.1466974141195982,4.706384822753274,0.2472278081817945,2.038515486916347,122.0,10.22576835024473,10.22576835024473,10.22576835024473,6.842535255101096,6.842535255101096,6.842535255101096,5.224709286922638,5.224709286922638,3.967587105472109,3.967587105472109,2.8319941843272827,2.8319941843272827,0.0,1766.1615540777575,12.071428571428571,7.3125,4.481481481481482,90.47766736145624,0.0,0.0,0.0,0.0,0.0,0.0,0.0,0.0,78.05569062864136,11.835812092322788,0.0,0.0,0.0,0.0,11.835812092322788,78.05569062864136,0.0,0.0,0.0,0.0,0.0,0.0,0.0,11.835812092322788,78.05569062864136,0.0,0.0,0.0,0.0,0.0,0.0,0.0,11.835812092322788,64.20821622926012,0.0,0.0,13.847474399381248,0.0,0.0,0.0,0.0,0.0,2.0810487528344668,0.0,14.801395294420184,4.784222619412014,0.0,1.0,14,0,0,1,1,0,0,0,0,0,6,1,1,1,5.173200000000005,64.49800000000006,0,0,0,0,0,0,0,0,0,0,0,0,0,0,0,0,0,0,0,0,2
CC(C)(C)C1CCC(CC1)C(C)(C)C,402.0,2.3978987150415723,0.530609410430839,2.3978987150415723,0.530609410430839,0.5175046715377352,196.378,168.15399999999997,196.219100896,84,-0.0354279055599328,-0.0599086078890608,0.0599086078890608,0.0354279055599328,0.5714285714285714,0.7857142857142857,0.9285714285714286,14.388545411036878,9.643719277484646,2.33399378775845,-2.410857853465895,2.444769268802584,-2.303954857113902,4.842716892382019,0.0969539319657916,2.470563446438221,147.1954412113872,10.983127663125444,10.983127663125444,10.983127663125444,6.210343431045079,6.210343431045078,6.210343431045078,7.280598196065483,7.280598196065483,4.176669926233864,4.176669926233864,2.825463796288055,2.825463796288055,0.0,781.0681835945168,12.071428571428571,3.8677685950413214,3.0,90.4776673614562,0.0,0.0,0.0,0.0,0.0,0.0,0.0,0.0,41.54242319814374,48.34907952282038,0.0,0.0,0.0,0.0,22.665793031116348,67.22570968984778,0.0,0.0,0.0,0.0,0.0,0.0,0.0,22.665793031116348,67.22570968984778,0.0,0.0,0.0,0.0,0.0,0.0,10.82998093879356,11.835812092322788,25.68328649170404,0.0,0.0,41.54242319814374,0.0,0.0,0.0,0.0,1.0612188208616782,1.9187037037037031,0.0,5.799351851851852,14.387392290249434,0.0,1.0,14,0,0,1,1,0,0,0,0,0,0,1,1,1,4.885000000000005,64.35800000000006,0,0,0,0,0,0,0,0,0,0,0,0,0,0,0,0,0,0,0,0,0
CCCCCCCCC1CCCCC1,418.0,2.293678163784134,1.1064121682623664,2.293678163784134,1.1064121682623664,0.4835300366176133,196.37799999999996,168.15399999999997,196.219100896,84,-0.0414285788501592,-0.0653823832227926,0.0653823832227926,0.0414285788501592,0.7857142857142857,1.4285714285714286,2.142857142857143,14.17587171459013,9.853874261033932,2.1157217822022725,-2.2062656826863685,2.274970647372573,-2.051528431421918,4.650858474761378,0.3277050663207097,1.824654138296174,111.20671786825557,10.0626316434282,10.0626316434282,10.0626316434282,6.931851652578136,6.931851652578136,6.931851652578136,5.060477932315068,5.060477932315068,3.6906706976806576,3.6906706976806576,2.689157588755424,2.689157588755424,0.0,1905.4994163510707,12.071428571428571,8.32,5.671875,90.47766736145624,0.0,0.0,0.0,0.0,0.0,0.0,0.0,0.0,83.97359667480276,5.917906046161393,0.0,0.0,0.0,0.0,5.917906046161393,83.97359667480276,0.0,0.0,0.0,0.0,0.0,0.0,0.0,5.917906046161393,83.97359667480276,0.0,0.0,0.0,0.0,0.0,0.0,0.0,5.917906046161393,77.04985947511214,0.0,0.0,6.923737199690624,0.0,0.0,0.0,0.0,0.0,1.1064121682623664,0.0,17.93324300128683,2.293678163784134,0.0,1.0,14,0,0,1,1,0,0,0,0,0,7,1,1,1,5.317300000000005,64.56800000000005,0,0,0,0,0,0,0,0,0,0,0,0,0,0,0,0,0,0,0,0,4
CC(=C)CCCCCCCCC(C)=C,402.0,3.912059769385256,1.2140534979423867,3.912059769385256,1.2140534979423867,0.3467697322114612,194.362,168.15399999999997,194.203450832,82,-0.032576926251156,-0.1001409318997097,0.1001409318997097,0.032576926251156,0.6428571428571429,0.9285714285714286,1.2142857142857142,13.983972563228043,10.048098724807312,1.920408347347008,-2.01561063613574,2.118496933000381,-1.817458215110447,4.872553562962441,0.5924053731028975,2.9895441287192144,144.8771237954945,10.811554787871634,10.071067811865476,10.071067811865476,6.625897657686229,5.914213562373095,5.914213562373095,4.535533905932737,4.535533905932737,2.4571067811865475,2.4571067811865475,1.5606601717798203,1.5606601717798203,-0.52,926.9275675693004,13.48,9.051458760753375,11.480000000000002,90.10429245061697,0.0,0.0,0.0,0.0,0.0,0.0,0.0,13.157871367196996,36.82949555184257,39.53076089108528,0.0,0.0,0.0,0.0,0.0,65.21404738278933,0.0,24.30408042733553,0.0,0.0,0.0,0.0,0.0,0.0,65.21404738278933,24.30408042733553,0.0,0.0,0.0,0.0,0.0,0.0,0.0,62.512782043546615,0.0,0.0,27.005345766578245,0.0,0.0,0.0,0.0,2.6523743676891227,0.0,0.0,10.621006498278325,12.059952467365886,0.0,0.7142857142857143,14,0,0,0,0,0,0,0,0,0,9,0,0,0,5.259400000000005,66.56400000000005,0,0,0,0,0,0,0,0,2,0,0,0,0,0,0,0,0,0,0,0,5
CCCCCCCCCCCCC=C,433.0,3.7364427380926495,1.2048611111111112,3.7364427380926495,1.2048611111111112,0.3029028793861847,196.378,168.15399999999997,196.219100896,84,-0.0353412931099218,-0.1030829789362716,0.1030829789362716,0.0353412931099218,0.7142857142857143,1.1428571428571428,1.5714285714285714,13.971941399309252,10.059771119307571,1.907787944670369,-2.00440019994007,2.105201881495613,-1.8069861158321208,4.647567821921834,0.5575161616378574,2.8140832857575684,104.60593781761293,10.485281374238571,10.0626316434282,10.0626316434282,6.914213562373096,6.523603362114273,6.523603362114273,4.259330784529088,4.259330784529088,2.7618016810571366,2.7618016810571366,1.77611200167127,1.77611200167127,-0.26,1347.912253342112,13.74,12.739999999999998,11.74,90.79389548280122,0.0,0.0,0.0,0.0,0.0,0.0,0.0,6.578935683598497,70.7871519128586,12.84164324585202,0.0,0.0,0.0,0.0,0.0,77.55277505187675,0.0,12.654955790432378,0.0,0.0,0.0,0.0,0.0,0.0,77.55277505187675,12.654955790432378,0.0,0.0,0.0,0.0,0.0,0.0,0.0,70.62903785218613,0.0,6.076020106833881,13.502672883289122,0.0,0.0,0.0,0.0,0.0,0.0,0.0,17.486170983513222,6.013829016486775,0.0,0.8571428571428571,14,0,0,0,0,0,0,0,0,0,11,0,0,0,5.483400000000006,66.65800000000006,0,0,0,0,0,0,0,0,1,0,0,0,0,0,0,0,0,0,0,0,9
CCCCCCCCCC1CCCC1,407.0,2.2917594395042986,1.1163350077685394,2.2917594395042986,1.1163350077685394,0.4609994421387492,196.378,168.15399999999997,196.219100896,84,-0.0414285760798144,-0.0653823832227926,0.0653823832227926,0.0414285760798144,0.7857142857142857,1.3571428571428572,2.0,14.190375471442865,9.988301524072844,2.1304907742014905,-2.0719173449743824,2.2872834068361554,-1.9203899546427003,4.664325254562578,0.4610741140015369,1.749792827312568,111.20671786825557,10.0626316434282,10.0626316434282,10.0626316434282,6.931851652578137,6.931851652578136,6.931851652578136,5.060477932315068,5.060477932315068,3.6906706976806576,3.6906706976806576,2.689157588755424,2.689157588755424,0.0,2382.3954414748737,12.071428571428571,8.32,5.671875,90.47766736145624,0.0,0.0,0.0,0.0,0.0,0.0,0.0,0.0,83.97359667480276,5.917906046161393,0.0,0.0,0.0,0.0,5.917906046161393,83.97359667480276,0.0,0.0,0.0,0.0,0.0,0.0,0.0,5.917906046161393,83.97359667480276,0.0,0.0,0.0,0.0,0.0,0.0,0.0,5.917906046161393,77.04985947511214,0.0,0.0,6.923737199690624,0.0,0.0,0.0,0.0,0.0,1.1163350077685394,0.0,17.925238886060495,2.2917594395042986,0.0,1.0,14,0,0,1,1,0,0,0,0,0,8,1,1,1,5.317300000000005,64.56800000000005,0,0,0,0,0,0,0,0,0,0,0,0,0,0,0,0,0,0,0,0,5
CCCCCCC=CCCCCCC,431.0,2.376592970521542,1.2993827160493827,2.376592970521542,1.2993827160493827,0.3202721407659266,196.37799999999996,168.15399999999997,196.219100896,84,-0.0350734687691137,-0.0885392821614693,0.0885392821614693,0.0350734687691137,0.5714285714285714,1.0,1.3571428571428572,13.92035637915986,10.11255719543367,1.855191152088766,-1.952871638441387,2.0549752215425783,-1.7528499424715942,4.806433723219355,0.6651265360208696,2.96172690363442,99.20671786825557,10.485281374238571,10.22576835024473,10.22576835024473,6.914213562373096,6.564043476634154,6.564043476634154,4.170075133540299,4.170075133540299,2.61535507165041,2.61535507165041,1.613633045979118,1.613633045979118,-0.26,1347.912253342112,13.74,12.739999999999998,11.74,90.7938954828012,0.0,0.0,0.0,0.0,0.0,0.0,0.0,0.0,64.52444435060507,25.68328649170404,0.0,0.0,0.0,0.0,0.0,78.05569062864136,0.0,12.152040213667762,0.0,0.0,0.0,0.0,0.0,0.0,78.05569062864136,12.152040213667762,0.0,0.0,0.0,0.0,0.0,0.0,0.0,64.20821622926012,0.0,0.0,25.99951461304901,0.0,0.0,0.0,0.0,0.0,0.0,0.0,18.465139365081093,4.5348606349189104,0.0,0.8571428571428571,14,0,0,0,0,0,0,0,0,0,10,0,0,0,5.483400000000006,66.65800000000006,0,0,0,0,0,0,0,0,2,0,0,0,0,0,0,0,0,0,0,0,6
CC(=CCCCCC)CCCCCC,423.0,2.4460374149659865,1.2990586419753083,2.4460374149659865,1.2990586419753083,0.3380249566475539,196.378,168.15399999999997,196.219100896,84,-0.0323085046128262,-0.0856103215122531,0.0856103215122531,0.0323085046128262,0.8571428571428571,1.5,2.142857142857143,13.97408199242152,10.057688269269564,1.9085848715820797,-2.008146621288352,2.110083943465097,-1.8063394866107945,4.968617070920997,0.6606850012966808,3.278355016183291,132.97373660251156,10.648418081055103,10.441311299868556,10.441311299868556,6.808060412490447,6.464690378025045,6.464690378025045,4.35691890321313,4.35691890321313,2.7251444688392663,2.7251444688392663,1.6754768156519495,1.6754768156519495,-0.26,1198.2696054316536,13.74,10.818492935635792,9.82517887563884,90.7938954828012,0.0,0.0,0.0,0.0,0.0,0.0,0.0,0.0,57.600707150914445,32.60702369139466,0.0,0.0,0.0,0.0,0.0,78.55860620540597,0.0,11.64912463690315,0.0,0.0,0.0,0.0,0.0,0.0,78.55860620540597,11.64912463690315,0.0,0.0,0.0,0.0,0.0,0.0,0.0,57.7873946063341,5.573104530069267,0.0,26.847231705905752,0.0,0.0,0.0,0.0,1.608524187452759,0.0,0.0,14.732095120838355,6.826047358375551,0.0,0.8571428571428571,14,0,0,0,0,0,0,0,0,0,9,0,0,0,5.483400000000005,66.65800000000006,0,0,0,0,0,0,0,0,2,0,0,0,0,0,0,0,0,0,0,0,4
CC(=CC(C)(C)C(C)(C)C)C(C)(C)C,385.0,2.4375,0.2543287037037035,2.4375,0.2543287037037035,0.5147039462632136,196.378,168.15399999999997,196.219100896,84,-0.0123539732528404,-0.0788813935355892,0.0788813935355892,0.0123539732528404,0.7857142857142857,1.1428571428571428,1.3571428571428572,14.360491808490693,9.66994890159724,2.3115564724948263,-2.379280731360103,2.413090705292376,-2.2826892706608377,5.136450538495761,0.1893052089091512,4.999024647437936,215.40331533468293,11.784457050376172,11.577350269189626,11.577350269189626,5.877827084841576,5.577350269189626,5.577350269189626,7.049038105676658,7.049038105676658,3.693375672974065,3.693375672974065,0.9742785792574938,0.9742785792574938,-0.26,369.5756604230503,13.74,3.715237163466544,3.4752204802246847,90.79389548280118,0.0,0.0,0.0,0.0,0.0,0.0,0.0,0.0,67.03902223442813,23.16870860788097,0.0,0.0,0.0,0.0,16.244971408190338,62.3136347972156,0.0,11.64912463690315,0.0,0.0,0.0,0.0,0.0,16.244971408190338,62.3136347972156,11.64912463690315,0.0,0.0,0.0,0.0,5.41499046939678,10.82998093879356,0.0,5.573104530069267,0.0,0.0,68.38965490404948,0.0,0.0,0.0,0.0,2.351180555555556,0.0,0.0,2.4375,20.627986111111117,0.0,0.8571428571428571,14,0,0,0,0,0,0,0,0,0,1,0,0,0,5.051100000000004,66.44800000000006,0,0,0,0,0,0,0,0,2,0,0,0,0,0,0,0,0,0,0,0,0
C=1(C(=CC=CC1)C(=O)OCCOC)C(=O)OCCOC,491.0,11.864497905643738,-0.5820911806080453,11.864497905643738,0.1273709809911107,0.5283556113126747,282.292,264.148,282.110338296,110,0.3385904216541331,-0.459623273876698,0.459623273876698,0.3385904216541331,0.8,1.2,1.55,16.561114379388126,10.086093429741274,2.181927333594792,-2.089595569361951,2.115847957841542,-2.165202042258715,6.026159888271973,0.0344921950512141,2.7123913375014244,402.0451982557764,14.794682450997076,11.587317944287872,11.587317944287872,9.7019072626078,6.115043969424331,6.115043969424331,3.8030207238254055,3.8030207238254055,2.4081196402901326,2.4081196402901326,1.4300130682722711,1.4300130682722711,-1.92,29244.90307293612,16.135309734513275,9.058615311909264,4.98644929733881,117.12816515278487,18.9474518152002,13.213763929025836,0.0,0.0,11.9386105759037,0.0,9.589074368143644,0.0,12.13273413692322,12.13273413692322,14.219595082555069,24.340666912419827,28.53652618334384,11.9386105759037,0.0,0.0,40.647122940606735,35.392371257240434,0.0,0.0,0.0,52.58573351651043,18.9474518152002,0.0,20.715977351537635,24.26546827384644,0.0,71.06,11.9386105759037,9.589074368143644,24.340666912419827,13.213763929025836,0.0,26.35232921947829,12.13273413692322,0.0,0.0,18.9474518152002,19.55413683745831,23.72899581128748,0.0,0.3444812925170075,-1.1641823612160902,6.33511574074074,0.0,0.8503613594198012,3.017757986459424,0.4285714285714285,20,0,6,0,0,1,1,6,0,6,8,0,0,1,1.293,70.75900000000004,0,0,0,0,0,0,2,2,0,0,1,0,2,4,0,0,2,0,0,0,2
CCCCCCCCCCCCCC,446.13,2.285446899092108,1.3720414201183433,2.285446899092108,1.3720414201183433,0.3731035838174364,198.39399999999995,168.15399999999997,198.23475096,86,-0.053305972794379,-0.0653823832227926,0.0653823832227926,0.053305972794379,0.3571428571428571,0.5714285714285714,0.7857142857142857,13.976458977696502,10.055661093733848,1.911842359757533,-2.008938940565231,2.109558977696506,-1.8112389062661431,4.468458977696503,0.5476610937338564,2.7847655305545773,74.03910001730775,10.485281374238571,10.485281374238571,10.485281374238571,6.914213562373096,6.914213562373094,6.914213562373094,4.535533905932736,4.535533905932736,2.957106781186547,2.957106781186547,1.914213562373094,1.914213562373094,0.0,1347.912253342112,14.0,13.0,12.0,91.48349851498548,0.0,0.0,0.0,0.0,0.0,0.0,0.0,0.0,90.89733387449338,0.0,0.0,0.0,0.0,0.0,0.0,90.89733387449338,0.0,0.0,0.0,0.0,0.0,0.0,0.0,0.0,90.89733387449338,0.0,0.0,0.0,0.0,0.0,0.0,0.0,0.0,77.04985947511214,0.0,0.0,13.847474399381248,0.0,0.0,0.0,0.0,0.0,0.0,0.0,17.429106201815785,4.570893798184216,0.0,1.0,14,0,0,0,0,0,0,0,0,0,11,0,0,0,5.707400000000006,66.75200000000007,0,0,0,0,0,0,0,0,0,0,0,0,0,0,0,0,0,0,0,0,9
CC(C)CCCCCCCCCCC,449.0,2.3241549858771178,0.9023650047076271,2.3241549858771178,0.9023650047076271,0.4028925705002286,198.39399999999995,168.15399999999997,198.23475096,86,-0.0471325761511882,-0.0653823832227926,0.0653823832227926,0.0471325761511882,0.6428571428571429,1.0714285714285714,1.5,14.005354880287632,10.02661074878074,1.941540714937139,-2.037180599190045,2.1218151814883943,-1.8681247846084024,4.488231468031265,0.5066381519275784,2.8519171767291915,94.21143267166842,10.648418081055103,10.648418081055103,10.648418081055103,6.770055610029663,6.770055610029662,6.770055610029662,5.010949109458354,5.010949109458354,2.8850278050148304,2.8850278050148304,1.86324602954109,1.86324602954109,0.0,1119.28168851183,14.0,11.076923076923077,12.0,91.48349851498548,0.0,0.0,0.0,0.0,0.0,0.0,0.0,0.0,84.97942782833199,5.917906046161393,0.0,0.0,0.0,0.0,5.917906046161393,84.97942782833199,0.0,0.0,0.0,0.0,0.0,0.0,0.0,5.917906046161393,84.97942782833199,0.0,0.0,0.0,0.0,0.0,0.0,0.0,5.917906046161393,64.20821622926012,0.0,0.0,20.771211599071872,0.0,0.0,0.0,0.0,0.0,0.9023650047076271,0.0,14.499012630253612,6.931955698372095,0.0,1.0,14,0,0,0,0,0,0,0,0,0,10,0,0,0,5.563300000000005,66.68200000000006,0,0,0,0,0,0,0,0,0,0,0,0,0,0,0,0,0,0,0,0,7
CC(C)CCCCCCCCC(C)C,455.0,2.3220601741232154,0.8990194277256865,2.3220601741232154,0.8990194277256865,0.4339498257096804,198.394,168.15399999999997,198.23475096,86,-0.0471325761511882,-0.0627736106034682,0.0627736106034682,0.0471325761511882,0.5,0.7857142857142857,1.0714285714285714,14.021102500954957,10.012000000000008,1.9575282427276877,-2.051580141970861,2.13112640152573,-1.8851438629091195,4.5010771516694685,0.4903492930500309,2.921809628328887,88.60593781761291,10.811554787871634,10.811554787871634,10.811554787871634,6.625897657686229,6.62589765768623,6.62589765768623,5.486364312983971,5.486364312983971,2.8129488288431146,2.8129488288431146,1.812278496709086,1.812278496709086,0.0,926.9275675693004,14.0,9.551020408163266,12.0,91.48349851498546,0.0,0.0,0.0,0.0,0.0,0.0,0.0,0.0,79.06152178217059,11.835812092322788,0.0,0.0,0.0,0.0,11.835812092322788,79.06152178217059,0.0,0.0,0.0,0.0,0.0,0.0,0.0,11.835812092322788,79.06152178217059,0.0,0.0,0.0,0.0,0.0,0.0,0.0,11.835812092322788,51.36657298340809,0.0,0.0,27.694948798762496,0.0,0.0,0.0,0.0,0.0,1.798038855451373,0.0,11.58038711472243,9.288240696492862,0.0,1.0,14,0,0,0,0,0,0,0,0,0,9,0,0,0,5.419200000000005,66.61200000000007,0,0,0,0,0,0,0,0,0,0,0,0,0,0,0,0,0,0,0,0,5
CCC(CC)CCCCC(CC)CC,438.0,2.3284293902746285,0.9969472789115644,2.3284293902746285,0.9969472789115644,0.4339498257096804,198.394,168.15399999999997,198.23475096,86,-0.0419531446787225,-0.0651183547756185,0.0651183547756185,0.0419531446787225,0.5714285714285714,0.8571428571428571,1.0714285714285714,14.111267992536844,9.9209076229829,2.0504602615784138,-2.139910988027264,2.2024491077218733,-1.9920167405049665,4.5824131305523785,0.3910678421423619,3.3484664662044645,84.60593781761291,10.811554787871634,10.811554787871634,10.811554787871634,6.7779168675293695,6.777916867529369,6.777916867529369,4.649501019800503,4.649501019800503,3.784145948150093,3.784145948150093,2.25987225390179,2.25987225390179,0.0,1217.4544478876123,14.0,9.551020408163266,6.453333333333333,91.48349851498546,0.0,0.0,0.0,0.0,0.0,0.0,0.0,0.0,79.06152178217059,11.835812092322788,0.0,0.0,0.0,0.0,11.835812092322788,79.06152178217059,0.0,0.0,0.0,0.0,0.0,0.0,0.0,11.835812092322788,79.06152178217059,0.0,0.0,0.0,0.0,0.0,0.0,0.0,11.835812092322788,51.36657298340809,0.0,0.0,27.694948798762496,0.0,0.0,0.0,0.0,0.0,1.993894557823129,0.0,11.359054547745025,9.313717561098514,0.0,1.0,14,0,0,0,0,0,0,0,0,0,9,0,0,0,5.419200000000005,66.61200000000007,0,0,0,0,0,0,0,0,0,0,0,0,0,0,0,0,0,0,0,0,1
CC(CC(C)(C)C(C)(C)C)C(C)(C)C,422.0,2.398055555555556,0.3953472222222222,2.398055555555556,0.3953472222222222,0.576710067069471,198.394,168.15399999999997,198.23475096,86,-0.0302831177578477,-0.0619887232208903,0.0619887232208903,0.0302831177578477,0.7857142857142857,1.1428571428571428,1.3571428571428572,14.410634202388144,9.620605751539411,2.3584321196726417,-2.4316297932438133,2.4542714327829005,-2.338459544777517,4.858850779984468,0.068150146570604,4.533118233725666,173.19544121138722,11.784457050376172,11.784457050376172,11.784457050376172,5.877827084841576,5.877827084841576,5.877827084841576,7.605080595790163,7.605080595790163,4.32522450629787,4.32522450629787,1.3778379803155378,1.3778379803155378,0.0,369.5756604230503,14.0,3.8677685950413214,3.63,91.48349851498544,0.0,0.0,0.0,0.0,0.0,0.0,0.0,0.0,62.3136347972156,28.583699077277743,0.0,0.0,0.0,0.0,22.162877454351733,68.73445642014161,0.0,0.0,0.0,0.0,0.0,0.0,0.0,22.162877454351733,68.73445642014161,0.0,0.0,0.0,0.0,0.0,0.0,16.244971408190338,5.917906046161393,6.4208216229260096,0.0,0.0,62.3136347972156,0.0,0.0,0.0,0.0,1.2447685185185184,0.7747453703703702,0.0,1.3055555555555556,21.258263888888884,0.0,1.0,14,0,0,0,0,0,0,0,0,0,2,0,0,0,5.131000000000006,66.47200000000007,0,0,0,0,0,0,0,0,0,0,0,0,0,0,0,0,0,0,0,0,0
C(CCC(=O)OCCCCC)(=O)OCCCCC,504.0,11.256942511202524,-0.3086932844125305,11.256942511202524,0.1237461419753085,0.4215226752792795,258.3579999999999,232.14999999999995,258.183109312,106,0.3058705290119689,-0.4656635493273547,0.4656635493273547,0.3058705290119689,0.7222222222222222,1.1111111111111112,1.4444444444444444,16.53915786640307,10.245749441404842,2.081473772610774,-2.049936186498545,2.005375300368533,-2.110533202226839,5.770858448715549,-0.150062268372228,3.3854666992912543,201.83388115177075,13.639981912617824,11.70406097372093,11.70406097372093,8.701907262607799,7.015167193676994,7.015167193676994,4.355153923288063,4.355153923288063,2.555129626906844,2.555129626906844,1.4245943256894156,1.4245943256894156,-1.06,7982.169322988124,16.940000000000005,12.398315967600071,11.426139207725337,110.03363317408676,9.473725907600098,0.0,0.0,0.0,11.9386105759037,9.589074368143644,0.0,0.0,39.53076089108528,12.84164324585202,0.0,26.055407174877857,19.06280027574374,11.9386105759037,0.0,65.21404738278933,13.213763929025836,0.0,0.0,0.0,0.0,25.152374504929536,19.06280027574374,0.0,65.21404738278933,0.0,0.0,52.60000000000001,0.0,9.589074368143644,24.78025382175571,13.213763929025836,38.524929737556064,0.0,0.0,0.0,13.847474399381248,9.473725907600098,9.981642090873692,22.51388502240504,0.0,0.0,-0.617386568825061,0.0,6.354815340026725,5.100377448852932,0.0,0.8571428571428571,18,0,4,0,0,0,0,4,0,4,11,0,0,0,3.2334000000000023,70.20200000000006,0,0,0,0,0,0,2,2,0,0,0,0,2,2,0,0,0,0,0,0,4
C(CCCCC(=O)OCC(C)C)(=O)OCC(C)C,504.0,11.268799122304264,-0.1812520733602081,11.268799122304264,0.1812520733602081,0.4710937585474358,258.35799999999995,232.14999999999995,258.183109312,106,0.3052875645773388,-0.4654017431276167,0.4654017431276167,0.3052875645773388,0.7777777777777778,1.1111111111111112,1.3888888888888888,16.536463885112198,10.1661565456102,2.069083432961796,-2.0759589223352104,2.045952403112757,-2.1090906149026183,5.701269761567626,-0.1465241061664929,3.435893470341861,220.178546460492,13.966255326250884,12.03033438735399,12.03033438735399,8.413591357920934,6.7268512889901295,6.7268512889901295,5.36082588520569,5.36082588520569,2.167110289820159,2.167110289820159,1.2022385471672878,1.2022385471672878,-1.06,5665.282837977674,16.940000000000005,9.918124661996035,11.426139207725337,110.03363317408672,9.473725907600098,0.0,0.0,0.0,11.9386105759037,9.589074368143644,0.0,0.0,27.694948798762496,24.6774553381748,12.84164324585202,13.213763929025836,19.06280027574374,11.9386105759037,11.835812092322788,53.37823529046652,13.213763929025836,0.0,0.0,0.0,0.0,25.152374504929536,19.06280027574374,11.835812092322788,53.37823529046652,0.0,0.0,52.60000000000001,0.0,9.589074368143644,11.9386105759037,50.73286251305265,0.0,0.0,0.0,27.694948798762496,0.0,9.473725907600098,10.068683684140936,22.537598244608525,0.0,0.0,0.3596463584700344,0.0,2.106920036533132,8.927151676247371,0.0,0.8571428571428571,18,0,4,0,0,0,0,4,0,4,9,0,0,0,2.9452000000000016,70.06200000000005,0,0,0,0,0,0,2,2,0,0,0,0,2,2,0,0,0,0,0,0,1
C(CCC(=O)OCCC(C)C)(=O)OCCC(C)C,504.0,11.281019174645166,-0.322722610649198,11.281019174645166,0.1097293083900223,0.5966026650280591,258.35799999999995,232.14999999999995,258.183109312,106,0.3058706982895236,-0.4656527924577044,0.4656527924577044,0.3058706982895236,0.7777777777777778,1.1111111111111112,1.3888888888888888,16.539204943891733,10.14433001991037,2.091022993781237,-2.075589176185048,2.0306525420387542,-2.1223738989514995,5.770899139006387,-0.1502584264235212,3.5015607579796084,220.178546460492,13.966255326250886,12.03033438735399,12.03033438735399,8.413591357920934,6.7268512889901295,6.7268512889901295,5.305984330339299,5.305984330339299,2.449750509900251,2.449750509900251,1.165388264148867,1.165388264148867,-1.06,5492.656282891445,16.940000000000005,9.918124661996035,11.426139207725337,110.03363317408672,9.473725907600098,0.0,0.0,0.0,11.9386105759037,9.589074368143644,0.0,0.0,27.694948798762496,24.6774553381748,0.0,26.055407174877857,19.06280027574374,11.9386105759037,11.835812092322788,53.37823529046653,13.213763929025836,0.0,0.0,0.0,0.0,25.152374504929536,19.06280027574374,11.835812092322788,53.37823529046653,0.0,0.0,52.60000000000001,0.0,9.589074368143644,24.78025382175571,25.04957602134862,12.84164324585202,0.0,0.0,0.0,27.694948798762496,9.473725907600098,9.99846392878139,22.562038349290333,0.0,0.0,0.3801080616698327,0.0,1.922980161072693,9.136409499185753,0.0,0.8571428571428571,18,0,4,0,0,0,0,4,0,4,9,0,0,0,2.9452000000000016,70.06200000000005,0,0,0,0,0,0,2,2,0,0,0,0,2,2,0,0,0,0,0,0,0
C(CCCCCCC)OCCOCCOCCO,594.0,8.47165968724023,0.0708007603913025,8.47165968724023,0.0708007603913025,0.4603576281367626,262.39,232.14999999999995,262.21440944,110,0.0701143936010867,-0.3939803248745097,0.3939803248745097,0.0701143936010867,0.6111111111111112,1.1111111111111112,1.7222222222222223,16.54319450094864,10.126493885919636,1.9238640077795777,-2.0586793792330336,2.0415572306675323,-2.106207935299256,4.430700868095549,0.0071937116684347,2.862306209193584,125.75568111715516,13.313708498984765,11.864346622316669,11.864346622316669,8.914213562373096,7.255385354772263,7.255385354772263,4.328491057803731,4.328491057803731,2.621870121259313,2.621870121259313,1.5908924318020454,1.5908924318020454,-0.16,9997.37797262484,17.839999999999996,16.839999999999996,15.84,111.61836795570213,19.31711625624085,0.0,0.0,0.0,0.0,0.0,0.0,0.0,39.02784531432067,6.4208216229260096,6.606881964512918,39.64129178707751,19.31711625624085,0.0,0.0,45.448666937246685,46.24817375159042,0.0,0.0,0.0,0.0,51.354701146431125,14.210588861400147,0.0,45.448666937246685,0.0,0.0,47.92,0.0,0.0,6.606881964512918,33.03440982256459,13.027703587438928,32.10410811463005,0.0,0.0,6.923737199690624,19.31711625624085,15.829134423222834,0.0,8.47165968724023,0.0,0.0,0.0,7.769282168326688,5.929923721210248,0.0,1.0,18,1,4,0,0,0,0,4,1,4,15,0,0,0,2.3890000000000007,72.91880000000006,0,1,1,0,0,0,0,0,0,0,0,0,0,3,0,0,0,0,0,0,13
CC(OCCOCCOCCOCCOCCOC)C,603.0,5.354784811498827,0.2550711741776335,5.354784811498827,0.2550711741776335,0.3977208462488795,294.388,264.148,294.20423868,122,0.0703453711850074,-0.3822977261722933,0.3822977261722933,0.0703453711850074,0.55,0.9,1.25,16.56354646180982,10.474234316912996,1.941973166314652,-2.085724524501522,1.8746498181165283,-2.142218569841757,4.378289072714568,-0.0198604654507736,2.923517525558116,177.0470634954701,14.891058768174393,13.097907823838282,13.097907823838282,9.770055610029663,7.185402435186761,7.185402435186761,4.361834624489179,4.361834624489179,2.226675813808941,2.226675813808941,1.2468009274162122,1.2468009274162122,-0.24,22676.463752160347,19.760000000000005,16.813304904051172,17.76,122.16476989202675,28.42117772280029,0.0,0.0,0.0,0.0,0.0,0.0,0.0,0.0,13.847474399381248,7.109797541277533,72.17278603287748,28.42117772280029,0.0,0.0,19.95144078712955,73.1786171864067,0.0,0.0,0.0,0.0,79.28258357415501,28.42117772280029,0.0,13.847474399381248,0.0,0.0,55.38000000000001,0.0,0.0,6.103966387748303,66.06881964512917,0.0,0.0,7.109797541277533,13.847474399381248,0.0,28.42117772280029,31.48162458473099,0.0,0.0,0.0,0.0,0.0,0.2550711741776335,9.945580013204662,1.6510575612200449,1.0,20,0,6,0,0,0,0,6,0,6,16,0,0,0,1.1242000000000003,76.24000000000007,0,0,0,0,0,0,0,0,0,0,0,0,0,6,0,0,1,0,0,0,13
C(CCC)OCCOCCOCCOCCOCCO,654.0,8.476021451551365,0.0483680448685066,8.476021451551365,0.0483680448685066,0.4014328982525594,294.388,264.148,294.20423868,122,0.0701143954655701,-0.3939803248745097,0.3939803248745097,0.0701143954655701,0.55,0.9,1.25,16.559507414534174,10.35945997150081,1.926617586338744,-2.071299592307261,1.8781273598296069,-2.1330708235554723,4.362603141312392,-0.0133328779217777,2.8896766777949185,149.74311803653708,14.72792206135786,12.680843203244397,12.680843203244397,9.914213562373096,7.410085893151516,7.410085893151516,4.139022366822226,4.139022366822226,2.365887057115605,2.365887057115605,1.2926642462210225,1.2926642462210225,-0.24,27005.68583133753,19.760000000000005,18.76,17.76,121.84545841471588,28.79084216384095,0.0,0.0,0.0,0.0,0.0,0.0,0.0,13.344558822616634,6.4208216229260096,6.606881964512918,66.06881964512917,28.79084216384095,0.0,0.0,19.765380445542643,72.67570160964209,0.0,0.0,0.0,0.0,77.7822290044828,23.684314769000245,0.0,19.765380445542643,0.0,0.0,66.38000000000001,0.0,0.0,6.606881964512918,59.46193768061625,19.448525210364934,0.0,0.0,0.0,6.923737199690624,28.79084216384095,26.35948379423653,0.0,8.476021451551365,0.0,0.0,0.0,2.2623801219568502,7.90211463225525,0.0,1.0,20,1,6,0,0,0,0,6,1,6,17,0,0,0,0.8618000000000006,76.08880000000006,0,1,1,0,0,0,0,0,0,0,0,0,0,5,0,0,0,0,0,0,15
C(Cc1ccccc1)Cc2ccccc2,339.9,2.199398148148148,1.1763236961451249,2.199398148148148,1.1763236961451249,0.696179296025265,196.293,180.165,196.125200512,76,-0.0275707711114563,-0.0622487389132757,0.0622487389132757,0.0275707711114563,0.5333333333333333,0.9333333333333332,1.3333333333333333,13.988481785736306,10.04379778798866,1.932883698756573,-2.0119953497441254,2.070659234226135,-1.8867950167386285,5.167979720800799,0.8205832608354086,1.8095807579695853,335.79776893714006,10.347088693804372,8.894823035455902,8.894823035455902,7.449489742783179,5.528473986232466,5.528473986232466,3.824750509900253,3.824750509900253,2.616552983937877,2.616552983937877,1.7859911137968962,1.7859911137968962,-1.5599999999999996,4414.324202483753,9.974833219511824,5.352780910697754,3.245335457508206,91.58332366875084,0.0,0.0,0.0,0.0,0.0,0.0,0.0,0.0,60.6636706846161,30.38936785217202,0.0,0.0,0.0,0.0,0.0,19.26246486877803,0.0,71.7905736680101,0.0,0.0,0.0,0.0,12.84164324585202,0.0,17.54772460632,60.6636706846161,0.0,0.0,0.0,0.0,0.0,0.0,0.0,30.38936785217202,0.0,0.0,60.6636706846161,0.0,0.0,0.0,0.0,2.876724300831444,0.0,21.37377645502645,3.5828325774754344,0.0,0.0,0.2,15,0,0,0,0,2,2,0,0,0,4,0,0,2,3.861900000000003,64.90900000000003,0,0,0,0,0,0,0,0,0,2,2,0,0,0,0,0,0,0,0,0,0
CC(Cc1ccccc1)c2ccccc2,337.0,2.280092592592593,0.5912962962962962,2.280092592592593,0.5912962962962962,0.6948459182660752,196.293,180.165,196.125200512,76,-0.0149905170082767,-0.0622487332164577,0.0622487332164577,0.0149905170082767,0.8,1.3333333333333333,1.9333333333333331,14.092306198178248,9.938691476520432,2.044395589138549,-2.109595892248973,2.1899934789572697,-1.971098392893304,5.229192406699965,0.7591067294894926,2.0784516078094564,388.8981915052802,10.510225400620904,9.057959742272434,9.057959742272434,7.360173345306137,5.449194289887495,5.449194289887495,4.001453877698988,4.001453877698988,2.7533212254615997,2.7533212254615997,1.867069627471354,1.867069627471354,-1.5599999999999996,4035.300846752824,9.974833219511824,4.787960907392683,2.692623752466471,91.58332366875082,0.0,0.0,0.0,0.0,0.0,0.0,0.0,0.0,67.58740788430673,23.46563065248139,0.0,0.0,0.0,0.0,0.0,19.262464868778025,0.0,71.7905736680101,0.0,0.0,0.0,0.0,6.4208216229260096,0.0,23.96854622924601,60.6636706846161,0.0,0.0,0.0,0.0,0.0,5.917906046161393,6.4208216229260096,11.126902983393991,0.0,0.0,67.58740788430673,0.0,0.0,0.0,0.0,2.82889455782313,0.5912962962962962,21.35045729402872,1.115925925925926,2.280092592592593,0.0,0.2,15,0,0,0,0,2,2,0,0,0,3,0,0,2,4.032800000000004,65.00300000000004,0,0,0,0,0,0,0,0,0,0,2,0,0,0,0,0,0,0,0,0,0
CCc1ccc(Cc2ccccc2)cc1,356.0,2.228009259259259,1.0325736961451246,2.228009259259259,1.0325736961451246,0.6993399581005932,196.293,180.165,196.125200512,76,-0.0025772268449295,-0.0622483607098551,0.0622483607098551,0.0025772268449295,0.6666666666666666,1.2,1.8,14.003030923872382,10.02976471536598,1.9493469364633416,-2.0244148989904205,2.1026298908708605,-1.8785071639740796,5.280389663160862,1.1186505334565533,2.113960747705716,397.81326077302657,10.510225400620904,9.11036598507973,9.11036598507973,7.381341395361316,5.499817760535247,5.499817760535247,3.8324252264711274,3.8324252264711274,2.6822926099226634,2.6822926099226634,1.7243808135987404,1.7243808135987404,-1.5599999999999996,4035.300846752824,9.974833219511824,4.787960907392683,2.692623752466471,91.58332366875084,0.0,0.0,0.0,0.0,0.0,0.0,0.0,0.0,61.52104081584511,29.531997720943004,0.0,0.0,0.0,0.0,0.0,19.765380445542643,0.0,71.28765809124549,0.0,0.0,0.0,0.0,12.84164324585202,0.0,23.61409167478161,54.59730361615449,0.0,0.0,0.0,0.0,0.0,0.0,12.84164324585202,16.690354475090988,0.0,0.0,61.52104081584511,0.0,0.0,0.0,0.0,4.173111247585455,0.0,19.490922829008145,2.149257212144117,2.1867087112622827,0.0,0.2,15,0,0,0,0,2,2,0,0,0,3,0,0,2,3.839800000000002,65.06800000000004,0,0,0,0,0,0,0,0,0,1,2,0,0,0,0,0,0,0,0,0,0
CCCc1ccccc1c2ccccc2,340.0,2.228009259259259,1.157805177626606,2.228009259259259,1.157805177626606,0.6859925717111925,196.293,180.165,196.125200512,76,-0.0151926362088918,-0.0650650706885648,0.0650650706885648,0.0151926362088918,0.8,1.4666666666666666,2.2,14.061822270884804,9.97021677531283,2.0149738760851004,-2.0769778351924004,2.2353657929377566,-1.8779350518555775,5.666385139296704,0.9234939971254296,2.4342047345848044,415.06326077302657,10.510225400620904,9.11036598507973,9.11036598507973,7.41501490017253,5.548694043492406,5.548694043492406,3.773172458998311,3.773172458998311,2.6214957378951835,2.6214957378951835,1.9069787026276024,1.9069787026276024,-1.5599999999999996,4146.3995457169285,9.974833219511824,4.787960907392683,2.269964025597275,91.58332366875084,0.0,0.0,0.0,0.0,0.0,0.0,0.0,0.0,67.94186243877112,23.111176098017,0.0,0.0,0.0,0.0,0.0,19.765380445542643,0.0,60.160755107851486,11.126902983393991,0.0,0.0,0.0,6.4208216229260096,0.0,18.90801031431363,54.59730361615449,11.126902983393991,0.0,0.0,0.0,0.0,0.0,6.4208216229260096,23.111176098017,0.0,0.0,61.52104081584511,0.0,0.0,0.0,0.0,4.146018518518519,0.0,19.27393400415722,2.3560659958427816,2.2239814814814816,0.0,0.2,15,0,0,0,0,2,2,0,0,0,3,0,0,2,4.306100000000003,65.87300000000003,0,0,0,0,0,0,0,0,0,1,2,0,0,0,0,0,0,0,0,0,0
CCC(c1ccccc1)c2ccccc2,338.0,2.2407407407407405,0.5346296296296296,2.2407407407407405,0.5346296296296296,0.6888336165548478,196.293,180.165,196.125200512,76,0.0086672829211768,-0.0644776534847769,0.0644776534847769,0.0086672829211768,0.7333333333333333,1.1333333333333333,1.4666666666666666,14.138045262655584,9.892764439870271,2.0960371280255803,-2.1499017172646533,2.2644656999664066,-1.981294275502964,5.313747518678301,0.7772168760879387,2.3353600585003,349.39819150528024,10.510225400620904,9.057959742272434,9.057959742272434,7.41501490017253,5.514072545885956,5.514072545885956,3.782201353271053,3.782201353271053,2.812131127411925,2.812131127411925,2.034548064824386,2.034548064824386,-1.5599999999999996,4283.695391696777,9.974833219511824,4.787960907392683,2.269964025597275,91.58332366875082,0.0,0.0,0.0,0.0,0.0,0.0,0.0,0.0,67.58740788430673,17.54772460632,5.917906046161393,0.0,0.0,0.0,0.0,19.262464868778025,0.0,71.7905736680101,0.0,0.0,0.0,0.0,0.0,0.0,30.38936785217201,60.6636706846161,0.0,0.0,0.0,0.0,0.0,5.917906046161393,6.4208216229260096,11.126902983393991,0.0,0.0,67.58740788430673,0.0,0.0,0.0,0.0,2.817037037037037,0.5346296296296296,21.427407407407408,1.1468518518518518,2.2407407407407405,0.0,0.2,15,0,0,0,0,2,2,0,0,0,3,0,0,2,4.228500000000003,65.01800000000004,0,0,0,0,0,0,0,0,0,0,2,0,0,0,0,0,0,0,0,0,0
CCc1ccccc1Cc2ccccc2,361.0,2.228009259259259,1.0464814814814811,2.228009259259259,1.0464814814814811,0.6993399581005932,196.293,180.165,196.125200512,76,-0.002304631512365,-0.0622483606996826,0.0622483606996826,0.002304631512365,0.7333333333333333,1.3333333333333333,2.0,14.04756397321964,9.98448698072969,1.996390062164619,-2.067085524328826,2.140094589935486,-1.930968107006258,5.3210440221417725,1.0608940390966617,2.2432886586892957,415.06326077302657,10.510225400620904,9.11036598507973,9.11036598507973,7.398178147766922,5.505800824678954,5.505800824678954,3.7846389739884336,3.7846389739884336,2.7366876745707063,2.7366876745707063,1.890639802934456,1.890639802934456,-1.5599999999999996,4075.767858516915,9.974833219511824,4.787960907392683,2.467778424908852,91.58332366875084,0.0,0.0,0.0,0.0,0.0,0.0,0.0,0.0,61.52104081584511,29.531997720943004,0.0,0.0,0.0,0.0,0.0,19.765380445542643,0.0,71.28765809124549,0.0,0.0,0.0,0.0,12.84164324585202,0.0,23.61409167478161,54.59730361615449,0.0,0.0,0.0,0.0,0.0,0.0,12.84164324585202,16.690354475090988,0.0,0.0,61.52104081584511,0.0,0.0,0.0,0.0,4.297178760393047,0.0,19.330115976946335,2.16057563303099,2.21212962962963,0.0,0.2,15,0,0,0,0,2,2,0,0,0,3,0,0,2,3.839800000000003,65.06800000000004,0,0,0,0,0,0,0,0,0,1,2,0,0,0,0,0,0,0,0,0,0
CC(C)c1ccccc1c2ccccc2,380.0,2.2378703703703704,0.5707464096749811,2.2378703703703704,0.5707464096749811,0.6641019115257397,196.293,180.165,196.125200512,76,-0.014931048350421,-0.0622253922739182,0.0622253922739182,0.014931048350421,0.7333333333333333,1.3333333333333333,2.0,14.104479572263733,9.927292169614482,2.0588934929593243,-2.118577746047151,2.279157163253503,-1.9080922628584407,5.672772304164184,0.868889117778921,2.532307443819875,426.8011153401613,10.673362107437434,9.27350269189626,9.27350269189626,7.287693700234703,5.43140954468665,5.43140954468665,4.107976390813068,4.107976390813068,2.667592249910856,2.667592249910856,1.881065733904644,1.881065733904644,-1.5599999999999996,3662.177227125489,9.974833219511824,4.308041795796712,2.095015129939481,91.58332366875082,0.0,0.0,0.0,0.0,0.0,0.0,0.0,0.0,68.44477801553573,22.60826052125238,0.0,0.0,0.0,0.0,0.0,19.76538044554264,0.0,60.160755107851486,11.126902983393991,0.0,0.0,0.0,0.0,0.0,25.32883193723963,54.59730361615449,11.126902983393991,0.0,0.0,0.0,0.0,5.917906046161393,0.0,16.690354475090988,0.0,0.0,68.44477801553573,0.0,0.0,0.0,0.0,4.082037037037037,0.5707464096749811,19.20480914588057,0.0,4.475740740740741,0.0,0.2,15,0,0,0,0,2,2,0,0,0,2,0,0,2,4.477000000000004,65.96700000000004,0,0,0,0,0,0,0,0,0,0,2,0,0,0,0,0,0,0,0,0,0
C1(=C(C=CC=C1)CC1=C(C=CC=C1)C)C,345.0,2.2100925925925927,1.0410185185185186,2.2100925925925927,1.0410185185185186,0.6831453597321624,196.293,180.165,196.125200512,76,-0.0020525947475616,-0.0619844646031113,0.0619844646031113,0.0020525947475616,0.6666666666666666,1.0666666666666669,1.4666666666666666,14.055859077800855,9.976614306535502,2.0050152884737025,-2.0746394442754084,2.15545942223254,-1.930681659147367,5.347538429765982,1.1287760145900203,2.3021843604815557,411.600419055168,10.673362107437432,9.325908934703556,9.325908934703556,7.270856947829097,5.3618073195658,5.3618073195658,4.029745940319194,4.029745940319194,2.9034115063594093,2.9034115063594093,1.8220447614135915,1.8220447614135915,-1.5599999999999996,3394.3993448576243,9.974833219511824,4.308041795796712,2.269964025597275,91.5833236687508,0.0,0.0,0.0,0.0,0.0,0.0,0.0,0.0,48.53093654769288,42.52210198909523,0.0,0.0,0.0,0.0,0.0,20.268296022307258,0.0,70.78474251448087,0.0,0.0,0.0,0.0,6.4208216229260096,13.847474399381248,22.253805966787983,48.53093654769288,0.0,0.0,0.0,0.0,0.0,0.0,6.4208216229260096,22.253805966787983,0.0,0.0,62.37841094707413,0.0,0.0,0.0,0.0,5.597320483749056,0.0,17.179901738473166,1.0410185185185186,4.348425925925926,0.0,0.2,15,0,0,0,0,2,2,0,0,0,2,0,0,2,3.8942400000000026,65.16400000000003,0,0,0,0,0,0,0,0,0,2,2,0,0,0,0,0,0,0,0,0,0
CC1=CC=C(C=C1)C(C)C1=CC=CC=C1,343.0,2.25,0.4785185185185184,2.25,0.4785185185185184,0.6766226414206529,196.293,180.165,196.125200512,76,0.0060956977176256,-0.0622480106488086,0.0622480106488086,0.0060956977176256,0.7333333333333333,1.2666666666666666,1.8666666666666667,14.104240906660404,9.927016857630456,2.05974119917101,-2.1181652751947646,2.231125024750604,-1.946586386465692,5.324147257581987,0.9212982510967408,2.28539529556266,411.5511153401613,10.673362107437434,9.27350269189626,9.27350269189626,7.270856947829097,5.386751345948129,5.386751345948129,4.043055041532951,4.043055041532951,2.876922760601474,2.876922760601474,1.7892921900909404,1.7892921900909404,-1.5599999999999996,3647.597027924487,9.974833219511824,4.308041795796712,2.269964025597275,91.58332366875084,0.0,0.0,0.0,0.0,0.0,0.0,0.0,0.0,67.0844923075421,18.050640183084617,5.917906046161393,0.0,0.0,0.0,0.0,19.76538044554264,0.0,71.28765809124549,0.0,0.0,0.0,0.0,0.0,6.923737199690624,29.531997720943004,54.59730361615449,0.0,0.0,0.0,0.0,0.0,5.917906046161393,0.0,16.690354475090988,0.0,0.0,68.44477801553573,0.0,0.0,0.0,0.0,4.0760784622490975,0.4785185185185184,19.4067484462921,0.0,4.37198790627362,0.0,0.2,15,0,0,0,0,2,2,0,0,0,2,0,0,2,4.146820000000004,65.13800000000003,0,0,0,0,0,0,0,0,0,1,2,0,0,0,0,0,0,0,0,0,0
Cc1ccc(Cc2ccccc2)cc1C,352.0,2.280092592592593,1.0297222222222222,2.280092592592593,1.0297222222222222,0.6831453597321624,196.293,180.165,196.125200512,76,-0.0025673035445223,-0.0622483607098367,0.0622483607098367,0.0025673035445223,0.7333333333333333,1.4666666666666666,2.1333333333333333,14.026545717808816,10.006218256799675,1.972735277580484,-2.04803800773968,2.132621959482364,-1.8948261829033044,5.328577918389275,1.1682053761185325,2.217927485942461,440.850419055168,10.673362107437434,9.325908934703556,9.325908934703556,7.25402019542349,5.3558242554220925,5.3558242554220925,4.080986516495835,4.080986516495835,2.822392685760936,2.822392685760936,1.7450455881447635,1.7450455881447635,-1.5599999999999996,3349.05237143893,9.974833219511824,4.308041795796712,2.467778424908852,91.5833236687508,0.0,0.0,0.0,0.0,0.0,0.0,0.0,0.0,48.53093654769288,42.52210198909523,0.0,0.0,0.0,0.0,0.0,20.268296022307258,0.0,70.78474251448087,0.0,0.0,0.0,0.0,6.4208216229260096,13.847474399381248,22.253805966787983,48.53093654769288,0.0,0.0,0.0,0.0,0.0,0.0,6.4208216229260096,22.253805966787983,0.0,0.0,62.37841094707413,0.0,0.0,0.0,0.0,5.514162834887042,0.0,17.297923332913413,1.0297222222222222,4.32485827664399,0.0,0.2,15,0,0,0,0,2,2,0,0,0,2,0,0,2,3.8942400000000026,65.16400000000003,0,0,0,0,0,0,0,0,0,2,2,0,0,0,0,0,0,0,0,0,0
CC(C)(c1ccccc1)c2ccccc2,343.0,2.261574074074074,0.0858333333333334,2.261574074074074,0.0858333333333334,0.6803848763562206,196.293,180.165,196.125200512,76,0.014606602845513,-0.0622476578096051,0.0622476578096051,0.014606602845513,0.6,0.9333333333333332,1.2666666666666666,14.248342340935316,9.78172082103382,2.2130296241338714,-2.254267598217189,2.300798730564952,-2.1784744574522774,5.364056487284576,0.6406939773075889,2.442186510719565,370.8060028423248,10.72576835024473,9.27350269189626,9.27350269189626,7.210343431045078,5.321367205045918,5.321367205045918,4.357050807568878,4.357050807568878,2.9909538096713444,2.9909538096713444,1.8763057051053489,1.8763057051053489,-1.5599999999999996,3515.9501585377675,9.974833219511824,3.8968226990552286,1.9395388182302984,91.58332366875084,0.0,0.0,0.0,0.0,0.0,0.0,0.0,0.0,74.51114508399735,11.126902983393991,5.41499046939678,0.0,0.0,0.0,0.0,19.26246486877803,0.0,71.7905736680101,0.0,0.0,0.0,0.0,5.41499046939678,0.0,24.97437738277524,60.6636706846161,0.0,0.0,0.0,0.0,5.41499046939678,0.0,0.0,11.126902983393991,0.0,0.0,74.51114508399735,0.0,0.0,0.0,0.0,2.801018518518519,0.0,21.259166666666665,0.0,4.523148148148148,0.0,0.2,15,0,0,0,0,2,2,0,0,0,2,0,0,2,4.012500000000003,65.01200000000004,0,0,0,0,0,0,0,0,0,0,2,0,0,0,0,0,0,0,0,0,0
C(C)C1=CC=C(C(=O)C2=CC=CC=C2)C=C1,355.0,12.04592545351474,0.0863454270597132,12.04592545351474,0.0863454270597132,0.7087109957592816,210.276,196.164,210.104465068,80,0.1925200004107475,-0.2886159620671242,0.2886159620671242,0.1925200004107475,0.875,1.4375,2.0,16.13826821416668,10.015325386153144,2.067500627512348,-2.016954400986313,2.106761368986509,-2.001756747275999,6.084282718003539,0.1034034491438608,2.277191585152641,468.5479550586343,11.380468888623982,9.311507494357045,9.311507494357045,7.808861750289882,5.496835124580631,5.496835124580631,3.745626364668321,3.745626364668321,2.6603505269914307,2.6603505269914307,1.6480168741415555,1.6480168741415555,-1.89,6460.536421330862,10.621930817508138,4.7540838441777575,2.192595494623181,95.7448457687946,0.0,0.0,5.783244946364939,0.0,0.0,4.794537184071822,0.0,0.0,61.52104081584511,11.984273114623004,11.126902983393991,0.0,4.794537184071822,5.783244946364939,0.0,13.344558822616634,0.0,71.28765809124549,0.0,0.0,0.0,5.783244946364939,6.4208216229260096,0.0,28.40862885885343,54.59730361615449,0.0,17.07,0.0,4.794537184071822,5.783244946364939,0.0,17.54772460632,5.563451491696996,0.0,54.59730361615449,6.923737199690624,0.0,0.0,12.04592545351474,0.0,2.749777914252121,0.0863454270597132,17.17962653271185,0.9998089884101788,2.105182350718065,0.0,0.1333333333333333,16,0,1,0,0,2,2,1,0,1,3,0,0,2,3.480000000000002,65.69450000000003,0,0,0,0,0,0,1,1,0,1,2,0,0,0,1,0,0,0,0,0,0
CC=1C=C(C(=O)C2=CC=CC=C2)C=CC1C,363.0,12.109818594104308,0.0867592592592596,12.109818594104308,0.0867592592592596,0.6928341090210298,210.276,196.164,210.104465068,80,0.1925299623892926,-0.288615780211271,0.288615780211271,0.1925299623892926,0.8125,1.5,2.125,16.138271578380905,9.993671226504675,2.080362873870929,-2.0402227079536184,2.135686730976452,-2.010652112880394,6.0857513555140486,0.103395819176236,2.3860005891578475,512.2130901529121,11.543605595440512,9.52705044398087,9.52705044398087,7.681540550352056,5.352841619467477,5.352841619467477,3.994187654693029,3.994187654693029,2.805075110726865,2.805075110726865,1.6388549592949295,1.6388549592949295,-1.8899999999999992,5373.039557414989,10.621930817508138,4.314341428725625,2.033823334881281,95.74484576879458,0.0,0.0,5.783244946364939,0.0,0.0,4.794537184071822,0.0,0.0,42.46456947923127,31.040744451236847,11.126902983393991,0.0,4.794537184071822,5.783244946364939,0.0,13.847474399381248,0.0,70.78474251448087,0.0,0.0,0.0,5.783244946364939,0.0,13.847474399381248,27.048343150859804,48.53093654769288,0.0,17.07,0.0,4.794537184071822,5.783244946364939,0.0,16.690354475090988,5.563451491696996,0.0,62.37841094707413,0.0,0.0,0.0,12.109818594104308,0.0,3.867079501553708,0.0867592592592596,15.197043703283782,0.0,4.072632275132275,0.0,0.1333333333333333,16,0,1,0,0,2,2,1,0,1,2,0,0,2,3.534440000000002,65.79050000000004,0,0,0,0,0,0,1,1,0,2,2,0,0,0,1,0,0,0,0,0,0
CCCCCc1cccc2ccccc12,374.0,2.261898148148148,1.2174537037037036,2.261898148148148,1.2174537037037036,0.6310600077605448,198.309,180.165,198.140850576,78,-0.0151924550604011,-0.0653821954369281,0.0653821954369281,0.0151924550604011,0.8666666666666667,1.6666666666666667,2.533333333333333,14.034343033077633,9.998303362049205,1.9849589341727416,-2.051411167535026,2.196762539795584,-1.8673500831166612,5.850891631372695,0.7194943216436299,2.259783288350702,423.4912855862396,10.510225400620904,9.369879009073571,9.369879009073571,7.41501490017253,5.882027376825739,5.882027376825739,4.095379060725108,4.095379060725108,2.929603601562873,2.929603601562873,2.07594293700588,2.07594293700588,-1.2999999999999998,3997.0315576086255,10.225706881392012,4.9715548056850345,2.3832926289563834,91.93777822321522,0.0,0.0,0.0,0.0,0.0,0.0,0.0,0.0,62.22994992477391,29.177543166478607,0.0,0.0,0.0,10.772448428929591,0.0,32.60702369139466,0.0,48.02802097092827,0.0,0.0,0.0,0.0,6.4208216229260096,0.0,31.749653560165648,42.46456947923127,10.772448428929591,0.0,0.0,0.0,0.0,0.0,0.0,42.01918641233063,0.0,0.0,49.38830667892189,0.0,0.0,0.0,2.7940754913076344,1.5014351851851853,0.0,15.2910084404132,5.160405013857394,2.2530758692365835,0.0,0.3333333333333333,15,0,0,0,0,2,2,0,0,0,4,0,0,2,4.572500000000003,67.17700000000005,0,0,0,0,0,0,0,0,0,1,2,1,0,0,0,0,0,0,0,0,1
Cc1ccc(C)c(CC2CCCCC2)c1,374.0,2.3789077853363567,0.9576388888888888,2.3789077853363567,0.9576388888888888,0.6653934778026724,202.34099999999995,180.165,202.172150704,82,-0.024765343616557,-0.0590426625225004,0.0590426625225004,0.024765343616557,1.0666666666666669,1.8,2.533333333333333,14.196357404719404,9.83518073454281,2.141168636488864,-2.220146424253204,2.2751163717373304,-2.096247275392626,5.303071276942287,0.3560318744270542,2.050673686512829,318.8102371483468,10.673362107437434,10.05204176387779,10.05204176387779,7.2540201954234895,6.316332133697449,6.316332133697449,5.138098936191046,5.138098936191046,3.737969679103815,3.737969679103815,2.722436252463414,2.722436252463414,-0.78,3330.1529519629185,10.728356630134291,4.828492536597919,2.837062421881446,93.71005099553722,0.0,0.0,0.0,0.0,0.0,0.0,0.0,0.0,55.866660811711874,37.31310505186264,0.0,0.0,0.0,0.0,5.917906046161393,52.37240413693732,0.0,34.88945568047582,0.0,0.0,0.0,0.0,6.4208216229260096,19.76538044554264,48.79446258972104,18.19910120538483,0.0,0.0,0.0,0.0,0.0,0.0,5.917906046161393,49.65183272095005,5.563451491696996,0.0,32.04657560476608,0.0,0.0,0.0,0.0,4.471743433484505,0.9576388888888888,6.872158525447216,8.585949152809272,4.445843332703452,0.0,0.6,15,0,0,1,1,1,1,0,0,0,2,1,1,2,4.426240000000004,66.19500000000004,0,0,0,0,0,0,0,0,0,2,1,0,0,0,0,0,0,0,0,0,0
CCCCCC1CCCc2ccccc12,377.0,2.3522874149659865,0.8624999999999998,2.3522874149659865,0.8624999999999998,0.6214449369121717,202.341,180.165,202.172150704,82,-0.0159118195739437,-0.0653823803424789,0.0653823803424789,0.0159118195739437,1.2,2.066666666666667,2.933333333333333,14.230602244981783,9.800774458842335,2.180918649885671,-2.2490335680814453,2.343491429986961,-2.089797084074105,5.319078607006008,0.4935241047501241,2.0185802196973577,300.6615494596118,10.510225400620904,9.836498814253964,9.836498814253964,7.41501490017253,6.493182156491986,6.493182156491986,4.78374758790866,4.78374758790866,3.6497606288062503,3.6497606288062503,2.795129728551608,2.795129728551608,-0.78,3997.0315576086255,10.728356630134291,5.344008008480588,2.616537747756304,93.71005099553724,0.0,0.0,0.0,0.0,0.0,0.0,0.0,0.0,50.45167034231509,42.72809552125942,0.0,0.0,0.0,0.0,0.0,57.78739460633409,0.0,35.392371257240434,0.0,0.0,0.0,0.0,6.4208216229260096,0.0,62.49347596680207,24.26546827384644,0.0,0.0,0.0,0.0,0.0,0.0,5.917906046161393,44.94575136048208,11.126902983393991,0.0,31.18920547353706,0.0,0.0,0.0,0.0,3.268612528344672,0.8624999999999998,9.06612111048123,9.682908478206098,2.286524549634669,0.0,0.6,15,0,0,1,1,1,1,0,0,0,4,0,0,2,4.686800000000004,66.26300000000005,0,0,0,0,0,0,0,0,0,1,1,1,0,0,0,0,0,0,0,0,1
C1CCC(C1)C2CCC(C2)C3CCCC3,373.0,1.6203703703703705,1.1494472789115644,1.6203703703703705,1.1494472789115644,0.6095088544962685,206.37299999999996,180.165,206.203450832,86,-0.0383006968894709,-0.0530216644396007,0.0530216644396007,0.0383006968894709,0.4,0.8,1.2,14.412266631420827,9.847916535342058,2.357232686040654,-2.2054239741518677,2.47437135304652,-2.1117445640477164,4.86919422178048,0.2952532779201082,1.528299744525944,174.08384997862262,10.087575669810528,10.087575669810528,10.087575669810528,7.432652990377572,7.432652990377571,7.432652990377571,6.422285251880867,6.422285251880867,5.646740312628557,5.646740312628557,4.766617186178319,4.766617186178319,0.0,8211.217174821764,10.173010380622838,4.472589792060491,2.097814776274714,94.83094716879438,0.0,0.0,0.0,0.0,0.0,0.0,0.0,0.0,51.36657298340809,42.934089053423605,0.0,0.0,0.0,0.0,23.671624184645573,70.62903785218613,0.0,0.0,0.0,0.0,0.0,0.0,0.0,23.671624184645573,70.62903785218613,0.0,0.0,0.0,0.0,0.0,0.0,0.0,23.671624184645573,25.68328649170404,44.94575136048208,0.0,0.0,0.0,0.0,0.0,0.0,0.0,4.600931594860166,0.0,17.232401738473165,0.0,0.0,1.0,15,0,0,3,3,0,0,0,0,0,2,3,3,3,4.783100000000005,64.74700000000006,0,0,0,0,0,0,0,0,0,0,0,0,0,0,0,0,0,0,0,0,0
C(C)OCCOCCOCCOCC,441.0,5.251435185185185,0.6242056405895692,5.251435185185185,0.6242056405895692,0.4742147717260828,206.28199999999995,184.106,206.151809184,86,0.0701143953646402,-0.3793466986171837,0.3793466986171837,0.0701143953646402,0.5,0.7857142857142857,1.0714285714285714,16.551391767715614,10.667083337833247,1.8982575826701853,-2.0528566018909125,1.813922300533204,-2.1118761591690687,4.329284958276284,0.0009299724358973,2.7847655305545773,86.12278797724058,10.485281374238571,9.289847411347834,9.289847411347834,6.914213562373096,5.223614639131599,5.223614639131599,2.618591721508942,2.618591721508942,1.5242736942483015,1.5242736942483015,0.846352670420018,0.846352670420018,-0.16,1347.912253342112,13.84,12.84,11.839999999999998,86.47791097542652,18.9474518152002,0.0,0.0,0.0,0.0,0.0,0.0,0.0,0.0,13.847474399381248,13.213763929025836,39.64129178707751,18.9474518152002,0.0,0.0,13.847474399381248,52.85505571610334,0.0,0.0,0.0,0.0,52.85505571610334,18.9474518152002,0.0,13.847474399381248,0.0,0.0,36.92,0.0,0.0,0.0,39.64129178707751,13.213763929025836,0.0,0.0,13.847474399381248,0.0,18.9474518152002,20.717533159881647,0.0,0.0,0.0,0.0,0.0,0.0,9.282466840118357,0.0,1.0,14,0,4,0,0,0,0,4,0,4,11,0,0,0,1.0926,54.62400000000005,0,0,0,0,0,0,0,0,0,0,0,0,0,4,0,0,0,0,0,0,9
CCCCCCCC(C)c1ccccc1,392.0,2.3424147297808013,0.7294690098261525,2.3424147297808013,0.7294690098261525,0.5386913151726771,204.35700000000003,180.165,204.187800768,84,-0.0190386757266622,-0.0653823832227725,0.0653823832227725,0.0190386757266622,0.9333333333333332,1.6,2.2666666666666666,14.083639055650092,9.94735316618164,2.029951595866001,-2.106517758830506,2.210747278868952,-1.9259712283100072,5.1788766362955165,0.5667165075923196,2.1632495256984834,237.4750399341736,10.932875131431278,10.206742302257044,10.206742302257044,7.342535255101096,6.392064077957808,6.392064077957808,4.514619869781473,4.514619869781473,3.109298322858121,3.109298322858121,2.002315614421921,2.002315614421921,-0.78,2911.175787257213,12.290323488045008,7.503643064460465,5.013262250262375,94.71588214906646,0.0,0.0,0.0,0.0,0.0,0.0,0.0,0.0,76.28341785631936,17.9021791607844,0.0,0.0,0.0,0.0,0.0,58.2903101830987,0.0,35.89528683400505,0.0,0.0,0.0,0.0,0.0,0.0,63.85376167479569,30.33183534230805,0.0,0.0,0.0,0.0,0.0,0.0,5.917906046161393,44.08838122925306,0.0,0.0,44.179309741689295,0.0,0.0,0.0,0.0,1.4935106712438064,0.7294690098261525,10.871746003765756,8.292429166302272,4.612845148862014,0.0,0.6,15,0,0,0,0,1,1,0,0,0,7,0,0,1,5.150600000000005,68.23300000000006,0,0,0,0,0,0,0,0,0,0,1,0,0,0,0,0,0,0,0,0,3
CC1=CC=C(C=C1)CCCCCCCC,422.0,2.270141067229361,1.2563541666666669,2.270141067229361,1.2563541666666669,0.5542014032653473,204.35699999999997,180.165,204.187800768,84,-0.0278868955294591,-0.0653823832227824,0.0653823832227824,0.0278868955294591,0.8,1.4,2.066666666666667,13.992081666750314,10.04081834057314,1.9320850341774995,-2.019270944792903,2.100442738322052,-1.859434198871298,5.206765666415053,0.6073232809475184,2.0706728961148544,245.24574977888088,10.932875131431278,10.259148545064338,10.259148545064338,7.32569850269549,6.382027376825739,6.382027376825739,4.503365512619857,4.503365512619857,2.939607660339989,2.939607660339989,1.86419989549392,1.86419989549392,-0.78,2717.57489129703,12.290323488045008,7.503643064460465,5.61242919059355,94.71588214906645,0.0,0.0,0.0,0.0,0.0,0.0,0.0,0.0,68.85676507986412,25.32883193723964,0.0,0.0,0.0,0.0,0.0,58.79322575986332,0.0,35.392371257240434,0.0,0.0,0.0,0.0,6.4208216229260096,6.923737199690624,56.57556992064068,24.26546827384644,0.0,0.0,0.0,0.0,0.0,0.0,0.0,56.07265434387607,0.0,0.0,38.112942673227685,0.0,0.0,0.0,0.0,2.859062333202845,0.0,8.959905832703452,9.596874669876112,4.417490497550924,0.0,0.6,15,0,0,0,0,1,1,0,0,0,7,0,0,1,4.898020000000004,68.25900000000006,0,0,0,0,0,0,0,0,0,2,1,0,0,0,0,0,0,0,0,0,4
CC1=C(C=C(C=C1)CCCCCCC)C,397.0,2.3424147297808013,1.254795918367347,2.3424147297808013,1.254795918367347,0.5829152415745997,204.35699999999997,180.165,204.187800768,84,-0.0278769750241224,-0.0653823832171863,0.0653823832171863,0.0278769750241224,0.8666666666666667,1.6,2.2666666666666666,14.020930413972364,10.012031985864082,1.9620202426178013,-2.046944984294009,2.129025082972312,-1.8864347883183663,5.293566494033365,0.6319054702574068,2.2834977095575586,286.08982642577905,11.096011838247808,10.474691494688164,10.474691494688164,7.236382105218448,6.2986940434924055,6.2986940434924055,4.582824823918802,4.582824823918802,3.140324953704307,3.140324953704307,1.8917046777761788,1.8917046777761788,-0.78,2411.592539348557,12.290323488045008,6.657444777633443,4.505161896697532,94.71588214906645,0.0,0.0,0.0,0.0,0.0,0.0,0.0,0.0,50.80612489677949,43.37947212032425,0.0,0.0,0.0,0.0,0.0,59.296141336627926,0.0,34.88945568047582,0.0,0.0,0.0,0.0,6.4208216229260096,13.847474399381248,55.718199789411656,18.19910120538483,0.0,0.0,0.0,0.0,0.0,0.0,0.0,55.21528421264705,0.0,0.0,38.9703128044567,0.0,0.0,0.0,0.0,4.347583005551981,0.0,6.869065176996725,8.130960544903095,6.652391272548199,0.0,0.6,15,0,0,0,0,1,1,0,0,0,6,0,0,1,4.816340000000004,68.37900000000005,0,0,0,0,0,0,0,0,0,3,1,0,0,0,0,0,0,0,0,0,3
C1CCC(CC1)CCCC2CCCCC2,398.0,1.5520833333333333,1.113278297430083,1.5520833333333333,1.113278297430083,0.5864916500372501,208.38899999999995,180.165,208.219100896,88,-0.0414284050127964,-0.0532857102053746,0.0532857102053746,0.0414284050127964,0.5333333333333333,0.9333333333333332,1.3333333333333333,14.216091355338753,9.818231163376725,2.156285864500801,-2.2415785720194745,2.3124789437961937,-2.0892824797099947,4.6898158287266565,0.2909776480303137,1.5281104347361536,131.42124551085624,10.347088693804372,10.347088693804372,10.347088693804372,7.449489742783179,7.449489742783178,7.449489742783178,5.938975349290672,5.938975349290672,4.674234614174767,4.674234614174767,3.6468310013339735,3.6468310013339735,0.0,4414.324202483753,11.484375,6.554016620498615,4.1652892561983474,95.83677832232362,0.0,0.0,0.0,0.0,0.0,0.0,0.0,0.0,83.47068109803816,11.835812092322788,0.0,0.0,0.0,0.0,11.835812092322788,83.47068109803816,0.0,0.0,0.0,0.0,0.0,0.0,0.0,11.835812092322788,83.47068109803816,0.0,0.0,0.0,0.0,0.0,0.0,0.0,11.835812092322788,44.94575136048208,38.524929737556064,0.0,0.0,0.0,0.0,0.0,0.0,0.0,2.226556594860166,0.0,19.9401100718065,0.0,0.0,1.0,15,0,0,2,2,0,0,0,0,0,4,2,2,2,5.317300000000005,67.00100000000006,0,0,0,0,0,0,0,0,0,0,0,0,0,0,0,0,0,0,0,0,0
CC(CC1CCCCC1)C2CCCCC2,396.0,2.532333711262283,1.0216666666666665,2.532333711262283,1.0216666666666665,0.5997245595064086,208.38899999999995,180.165,208.219100896,88,-0.0388375118103272,-0.0622344998415568,0.0622344998415568,0.0388375118103272,0.8,1.3333333333333333,1.9333333333333331,14.28965575618296,9.743659700808958,2.232276285968416,-2.313720087007749,2.361773488617779,-2.191553591639506,4.751176958924567,0.2033062841235219,1.716042639314483,160.87712379549453,10.510225400620904,10.510225400620904,10.510225400620904,7.360173345306137,7.360173345306138,7.360173345306138,6.115112085697407,6.115112085697407,4.884430996993817,4.884430996993817,3.844277825475116,3.844277825475116,0.0,4035.300846752824,11.484375,5.915,3.5,95.8367783223236,0.0,0.0,0.0,0.0,0.0,0.0,0.0,0.0,71.13195342895074,24.174539761410188,0.0,0.0,0.0,0.0,17.75371813848418,77.55277505187675,0.0,0.0,0.0,0.0,0.0,0.0,0.0,17.75371813848418,77.55277505187675,0.0,0.0,0.0,0.0,0.0,0.0,0.0,17.75371813848418,64.20821622926012,6.4208216229260096,0.0,6.923737199690624,0.0,0.0,0.0,0.0,0.0,3.1988454270597124,0.0,16.768820861678005,2.532333711262283,0.0,1.0,15,0,0,2,2,0,0,0,0,0,3,2,2,2,5.173200000000005,66.93100000000005,0,0,0,0,0,0,0,0,0,0,0,0,0,0,0,0,0,0,0,0,0
CCC(C1CCCCC1)C2CCCCC2,389.0,2.438371126228269,1.0885185185185184,2.438371126228269,1.0885185185185184,0.5997245595064086,208.38899999999995,180.165,208.219100896,88,-0.0360038084273527,-0.0650977882739901,0.0650977882739901,0.0360038084273527,0.7333333333333333,1.1333333333333333,1.4666666666666666,14.34718099893256,9.685492004077853,2.292022751795487,-2.3696844111525106,2.407799906693691,-2.262029637028168,4.802999793096347,0.1392342189016532,1.8844869557950876,142.8771237954945,10.510225400620904,10.510225400620904,10.510225400620904,7.41501490017253,7.41501490017253,7.41501490017253,5.868283093695354,5.868283093695354,4.982062069931635,4.982062069931635,4.1762051307355685,4.1762051307355685,0.0,4283.695391696777,11.484375,5.915,2.9822485207100597,95.8367783223236,0.0,0.0,0.0,0.0,0.0,0.0,0.0,0.0,77.55277505187675,17.75371813848418,0.0,0.0,0.0,0.0,17.75371813848418,77.55277505187675,0.0,0.0,0.0,0.0,0.0,0.0,0.0,17.75371813848418,77.55277505187675,0.0,0.0,0.0,0.0,0.0,0.0,0.0,17.75371813848418,44.94575136048208,25.68328649170404,0.0,6.923737199690624,0.0,0.0,0.0,0.0,0.0,3.295648148148148,0.0,16.765980725623585,2.438371126228269,0.0,1.0,15,0,0,2,2,0,0,0,0,0,3,2,2,2,5.173200000000005,66.93100000000005,0,0,0,0,0,0,0,0,0,0,0,0,0,0,0,0,0,0,0,0,0
C(C)(C)C1C(CCCC1)C1CCCCC1,399.0,2.4502114040060468,0.927987528344671,2.4502114040060468,0.927987528344671,0.5968650260835058,208.38899999999995,180.165,208.219100896,88,-0.0354977177632283,-0.0624984179972293,0.0624984179972293,0.0354977177632283,0.7333333333333333,1.3333333333333333,2.0,14.385005473183506,9.64755133839583,2.330770209877006,-2.406705695830607,2.436376935499132,-2.309117434225618,4.836310288230763,0.096833197604255,1.9613877149408576,176.47733175670794,10.673362107437434,10.673362107437434,10.673362107437434,7.287693700234704,7.287693700234704,7.287693700234704,6.254273303629572,6.254273303629572,4.986491736705299,4.986491736705299,4.163559420736344,4.163559420736344,0.0,3662.177227125489,11.484375,5.365079365079365,2.765432098765432,95.8367783223236,0.0,0.0,0.0,0.0,0.0,0.0,0.0,0.0,58.79322575986333,36.51326743049759,0.0,0.0,0.0,0.0,23.671624184645573,71.63486900571536,0.0,0.0,0.0,0.0,0.0,0.0,0.0,23.671624184645573,71.63486900571536,0.0,0.0,0.0,0.0,0.0,0.0,0.0,23.671624184645573,38.524929737556064,19.26246486877803,0.0,13.847474399381248,0.0,0.0,0.0,0.0,0.0,4.184793083900226,0.0,13.748117441421014,4.9004228080120935,0.0,1.0,15,0,0,2,2,0,0,0,0,0,2,2,2,2,5.029100000000005,66.86100000000006,0,0,0,0,0,0,0,0,0,0,0,0,0,0,0,0,0,0,0,0,0
CC(C)(C1CCCCC1)C2CCCCC2,381.0,2.5684259259259257,0.6397222222222222,2.5684259259259257,0.6397222222222222,0.5867908038740078,208.38899999999995,180.165,208.219100896,88,-0.0297590119302804,-0.0593781017189355,0.0593781017189355,0.0297590119302804,0.6,0.9333333333333332,1.2666666666666666,14.423576926931162,9.608583139939055,2.3712300698497395,-2.4437979231087947,2.4759651246162524,-2.346098567058739,4.875514427770552,0.058695423291678,1.9573667698409665,160.21499122004107,10.72576835024473,10.72576835024473,10.72576835024473,7.210343431045078,7.210343431045078,7.210343431045078,6.491234937102166,6.491234937102166,5.314741113691562,5.314741113691562,4.026544559077121,4.026544559077121,0.0,3515.9501585377675,11.484375,4.888429752066116,2.571428571428572,95.83677832232362,0.0,0.0,0.0,0.0,0.0,0.0,0.0,0.0,52.37240413693732,42.934089053423605,0.0,0.0,0.0,0.0,17.250802561719567,78.05569062864137,0.0,0.0,0.0,0.0,0.0,0.0,0.0,17.250802561719567,78.05569062864137,0.0,0.0,0.0,0.0,0.0,0.0,5.41499046939678,11.835812092322788,64.20821622926012,0.0,0.0,13.847474399381248,0.0,0.0,0.0,0.0,0.6397222222222222,2.07287037037037,0.0,15.067222222222224,5.136851851851851,0.0,1.0,15,0,0,2,2,0,0,0,0,0,2,2,2,2,5.173200000000005,66.93100000000005,0,0,0,0,0,0,0,0,0,0,0,0,0,0,0,0,0,0,0,0,0
CCCCCCCCCOc1ccccc1,414.0,5.633702128999748,0.8589197530864198,5.633702128999748,0.8589197530864198,0.5422581467887364,220.356,196.164,220.182715388,90,0.1187851875658297,-0.4936018308478934,0.4936018308478934,0.1187851875658297,0.8125,1.4375,2.125,16.476690906582874,10.105039309042038,1.9260833562538444,-2.0498446133214245,2.103121869162952,-1.9629716071279617,5.202192618657946,0.3040578366939101,1.8867858752137916,242.8716810000458,11.476845205801297,10.451853885904375,10.451853885904375,7.931851652578137,6.61058966353625,6.61058966353625,4.282834585674121,4.282834585674121,2.7598248623432395,2.7598248623432395,1.7659090403334865,1.7659090403334865,-0.98,5191.514912958029,13.086577896138484,9.260724375429588,6.493828398469486,99.82942737857334,4.736862953800049,5.749511833283905,0.0,0.0,0.0,0.0,0.0,0.0,63.64776814263151,18.55355575984923,0.0,6.606881964512918,4.736862953800049,0.0,0.0,51.8694885601727,6.606881964512918,30.33183534230805,5.749511833283905,4.736862953800049,5.749511833283905,6.606881964512918,0.0,0.0,51.8694885601727,30.33183534230805,0.0,9.23,0.0,0.0,0.0,0.0,12.356393797796825,44.94575136048208,0.0,30.33183534230805,6.923737199690624,4.736862953800049,5.633702128999748,0.0,0.0,0.0,0.9939657268503772,10.072668694452432,9.34977167675778,3.116558439606329,0.0,0.6,16,0,1,0,0,1,1,1,0,1,9,0,0,1,4.816000000000004,69.93000000000005,0,0,0,0,0,0,0,0,0,0,1,0,0,1,0,0,0,1,0,0,6
C(CCC)C1C(CCCC1)CCCCC,467.0,2.3282897140337617,1.093107520786092,2.3282897140337617,1.093107520786092,0.4822957326704361,210.40499999999992,180.165,210.23475096,90,-0.0385845821058469,-0.0653823818297738,0.0653823818297738,0.0385845821058469,0.7333333333333333,1.2666666666666666,1.8,14.28768610217208,9.743006106299012,2.230961848781748,-2.313722377668255,2.36054984708921,-2.190581324618066,4.749677035221518,0.2033598991204254,2.2229598241255157,138.97373660251156,10.932875131431278,10.932875131431278,10.932875131431278,7.380540057561881,7.38054005756188,7.38054005756188,5.44262680211731,5.44262680211731,4.173433276375333,4.173433276375333,3.167375813281684,3.167375813281684,0.0,2889.2837830727635,13.066666666666666,8.186851211072664,5.04,96.84260947585284,0.0,0.0,0.0,0.0,0.0,0.0,0.0,0.0,84.47651225156737,11.835812092322788,0.0,0.0,0.0,0.0,11.835812092322788,84.47651225156737,0.0,0.0,0.0,0.0,0.0,0.0,0.0,11.835812092322788,84.47651225156737,0.0,0.0,0.0,0.0,0.0,0.0,0.0,11.835812092322788,70.62903785218613,0.0,0.0,13.847474399381248,0.0,0.0,0.0,0.0,0.0,2.1874130763416475,0.0,16.336047099395312,4.643206490929705,0.0,1.0,15,0,0,1,1,0,0,0,0,0,7,1,1,1,5.563300000000005,69.11500000000007,0,0,0,0,0,0,0,0,0,0,0,0,0,0,0,0,0,0,0,0,1
CC(CC)CC(CC)(C1CCCCC1)C,450.0,2.550740740740741,0.6347685185185186,2.550740740740741,0.6347685185185186,0.5681861463774699,210.40499999999992,180.165,210.23475096,90,-0.0297616006366416,-0.0651279498364004,0.0651279498364004,0.0297616006366416,1.1333333333333333,1.7333333333333334,2.2,14.387332975146297,9.644165902731716,2.3344145759364325,-2.408787340896401,2.4474800360929474,-2.3008646525979,4.843270299712443,0.0987855604252856,2.5600013397541845,166.8771237954945,11.311554787871634,11.311554787871634,11.311554787871634,7.120338909199534,7.120338909199534,7.120338909199534,6.060061614084956,6.060061614084956,4.910145791316343,4.910145791316343,3.3395748539043715,3.3395748539043715,0.0,2323.116612049057,13.066666666666666,5.915,3.5,96.84260947585284,0.0,0.0,0.0,0.0,0.0,0.0,0.0,0.0,59.79905691339255,36.51326743049759,0.0,0.0,0.0,0.0,17.250802561719567,79.06152178217059,0.0,0.0,0.0,0.0,0.0,0.0,0.0,17.250802561719567,79.06152178217059,0.0,0.0,0.0,0.0,0.0,0.0,5.41499046939678,11.835812092322788,51.36657298340809,0.0,0.0,27.694948798762496,0.0,0.0,0.0,0.0,0.6347685185185186,1.932524565381708,0.0,11.636590057319223,9.712783525447216,0.0,1.0,15,0,0,1,1,0,0,0,0,0,5,1,1,1,5.419200000000005,69.04500000000006,0,0,0,0,0,0,0,0,0,0,0,0,0,0,0,0,0,0,0,0,0
CCCCCCCCCC1CCCCC1,458.0,2.2947180193859555,1.1059183411018727,2.2947180193859555,1.1059183411018727,0.4502422898354642,210.40499999999997,180.165,210.23475096,90,-0.0414285788501592,-0.0653823832227926,0.0653823832227926,0.0414285788501592,0.7333333333333333,1.3333333333333333,2.0,14.1761311887129,9.853784504894078,2.115973587704974,-2.206358400392056,2.275341946331368,-2.0515820518159207,4.651167513930702,0.3276349615120097,1.793514134793646,122.0,10.769738424614747,10.769738424614747,10.769738424614747,7.431851652578137,7.431851652578136,7.431851652578136,5.414031322908342,5.414031322908342,3.9406706976806576,3.9406706976806576,2.8659342840520607,2.8659342840520607,0.0,3145.9409776392326,13.066666666666666,9.2421875,6.975778546712803,96.84260947585284,0.0,0.0,0.0,0.0,0.0,0.0,0.0,0.0,90.39441829772878,5.917906046161393,0.0,0.0,0.0,0.0,5.917906046161393,90.39441829772878,0.0,0.0,0.0,0.0,0.0,0.0,0.0,5.917906046161393,90.39441829772878,0.0,0.0,0.0,0.0,0.0,0.0,0.0,5.917906046161393,83.47068109803816,0.0,0.0,6.923737199690624,0.0,0.0,0.0,0.0,0.0,1.1059183411018727,0.0,19.432696972845505,2.2947180193859555,0.0,1.0,15,0,0,1,1,0,0,0,0,0,8,1,1,1,5.707400000000006,69.18500000000006,0,0,0,0,0,0,0,0,0,0,0,0,0,0,0,0,0,0,0,0,5
CCCCCCCCCCCCCC=C,466.0,3.743438202945258,1.2053747534516766,3.743438202945258,1.2053747534516766,0.2788459012068627,210.40499999999997,180.165,210.23475096,90,-0.0353412931099218,-0.1030829789362716,0.1030829789362716,0.0353412931099218,0.6666666666666666,1.0666666666666669,1.4666666666666666,13.978765327211022,10.05376971159722,1.914590536455745,-2.010417792524344,2.111999518453186,-1.8130134221945595,4.647660614849804,0.5504387761844164,2.833566301453057,115.20671786825557,11.19238815542512,10.769738424614747,10.769738424614747,7.414213562373096,7.023603362114273,7.023603362114273,4.612884175122362,4.612884175122362,3.0118016810571366,3.0118016810571366,1.952888696967907,1.952888696967907,-0.26,2230.017478996464,14.74,13.74,13.739999999999998,97.15883759719785,0.0,0.0,0.0,0.0,0.0,0.0,0.0,6.578935683598497,77.20797353578462,12.84164324585202,0.0,0.0,0.0,0.0,0.0,83.97359667480276,0.0,12.654955790432378,0.0,0.0,0.0,0.0,0.0,0.0,83.97359667480276,12.654955790432378,0.0,0.0,0.0,0.0,0.0,0.0,0.0,77.04985947511214,0.0,6.076020106833881,13.502672883289122,0.0,0.0,0.0,0.0,0.0,0.0,0.0,18.97555934240708,6.024440657592922,0.0,0.8666666666666667,15,0,0,0,0,0,0,0,0,0,12,0,0,0,5.873500000000006,71.27500000000006,0,0,0,0,0,0,0,0,1,0,0,0,0,0,0,0,0,0,0,0,10
CCCCCCC=CCCCCCCC,465.0,2.3867970521541952,1.3005555555555557,2.3867970521541952,1.3005555555555557,0.2952116022037376,210.40499999999992,180.165,210.23475096,90,-0.035073467395724,-0.0885392821614597,0.0885392821614597,0.035073467395724,0.5333333333333333,0.9333333333333332,1.4,13.932621042644698,10.100881520727745,1.8677214048186948,-1.96421220516758,2.0670049828266728,-1.7647825324087385,4.806677313951279,0.6356885357801804,2.972254130359272,124.0,11.19238815542512,10.932875131431278,10.932875131431278,7.414213562373096,7.064043476634154,7.064043476634154,4.5236285241335725,4.5236285241335725,2.86535507165041,2.86535507165041,1.7904097412757547,1.7904097412757547,-0.26,2230.017478996464,14.74,13.74,13.739999999999998,97.15883759719782,0.0,0.0,0.0,0.0,0.0,0.0,0.0,0.0,70.94526597353108,25.68328649170404,0.0,0.0,0.0,0.0,0.0,84.47651225156737,0.0,12.152040213667762,0.0,0.0,0.0,0.0,0.0,0.0,84.47651225156737,12.152040213667762,0.0,0.0,0.0,0.0,0.0,0.0,0.0,70.62903785218613,0.0,0.0,25.99951461304901,0.0,0.0,0.0,0.0,0.0,0.0,0.0,19.956006082138284,4.543993917861717,0.0,0.8666666666666667,15,0,0,0,0,0,0,0,0,0,11,0,0,0,5.873500000000006,71.27500000000006,0,0,0,0,0,0,0,0,2,0,0,0,0,0,0,0,0,0,0,0,7
CCCCCCCCCCC1CCCC1,437.08,2.2932551116643065,1.115825365895261,2.2932551116643065,1.115825365895261,0.4276926999562302,210.40499999999997,180.165,210.23475096,90,-0.0414285760798144,-0.0653823832227926,0.0653823832227926,0.0414285760798144,0.7333333333333333,1.2666666666666666,1.8666666666666667,14.190521038746914,9.987266608355323,2.130631228302837,-2.073046162814629,2.2874999317425595,-1.9207909331904305,4.664501488386736,0.4604131919403533,1.726786933151796,122.0,10.769738424614747,10.769738424614747,10.769738424614747,7.431851652578137,7.431851652578136,7.431851652578136,5.414031322908341,5.414031322908341,3.9406706976806576,3.9406706976806576,2.8659342840520607,2.8659342840520607,0.0,3934.400154016656,13.066666666666666,9.2421875,6.975778546712803,96.84260947585284,0.0,0.0,0.0,0.0,0.0,0.0,0.0,0.0,90.39441829772878,5.917906046161393,0.0,0.0,0.0,0.0,5.917906046161393,90.39441829772878,0.0,0.0,0.0,0.0,0.0,0.0,0.0,5.917906046161393,90.39441829772878,0.0,0.0,0.0,0.0,0.0,0.0,0.0,5.917906046161393,83.47068109803816,0.0,0.0,6.923737199690624,0.0,0.0,0.0,0.0,0.0,1.115825365895261,0.0,19.42425285577377,2.2932551116643065,0.0,1.0,15,0,0,1,1,0,0,0,0,0,9,1,1,1,5.707400000000006,69.18500000000006,0,0,0,0,0,0,0,0,0,0,0,0,0,0,0,0,0,0,0,0,6
CC(C=C)CCCCCCCCCCC,461.0,3.817461256611169,0.7171798195224419,3.817461256611169,0.7171798195224419,0.3016421906718516,210.40499999999997,180.165,210.23475096,90,-0.0264640074446211,-0.10281381416717,0.10281381416717,0.0264640074446211,0.8666666666666667,1.3333333333333333,1.8,14.017730252991656,10.01431652571021,1.9566253255462256,-2.046918398129289,2.1303344151829244,-1.8846165980687095,4.7380210495386645,0.5292856418753623,2.9527153185866184,126.0,11.355524862241651,10.932875131431278,10.932875131431278,7.308060412490447,6.9342869646372325,6.9342869646372325,4.83008840392923,4.83008840392923,3.165388264148867,3.165388264148867,1.8948241447046743,1.8948241447046743,-0.26,2031.5013459492973,14.74,11.812780203784571,11.667668205308932,97.15883759719785,0.0,0.0,0.0,0.0,0.0,0.0,0.0,6.578935683598497,77.71088911254922,12.338727669087405,0.0,0.0,0.0,0.0,5.917906046161393,78.05569062864136,0.0,12.654955790432378,0.0,0.0,0.0,0.0,0.0,5.917906046161393,78.05569062864136,12.654955790432378,0.0,0.0,0.0,0.0,0.0,0.0,5.917906046161393,64.20821622926012,0.0,0.0,26.502430189813627,0.0,0.0,0.0,0.0,0.0,0.7171798195224419,0.0,16.258493585521073,8.357659928289818,0.0,0.8666666666666667,15,0,0,0,0,0,0,0,0,0,11,0,0,0,5.729400000000005,71.20500000000007,0,0,0,0,0,0,0,0,1,0,0,0,0,0,0,0,0,0,0,0,7
CCCCCCCCCCCCCCC,478.42,2.287997919500272,1.3724489795918366,2.287997919500272,1.3724489795918366,0.3429502160022288,212.42099999999996,180.165,212.250401024,92,-0.053305972789135,-0.0653823832227926,0.0653823832227926,0.053305972789135,0.3333333333333333,0.5333333333333333,0.7333333333333333,13.982560110947894,10.050392217470378,1.917992062514946,-2.014157426642645,2.115660110947922,-1.8165077825296243,4.474560110947918,0.542392217470372,2.8079257388805243,84.2114326716684,11.19238815542512,11.19238815542512,11.19238815542512,7.414213562373096,7.414213562373094,7.414213562373094,4.88908729652601,4.88908729652601,3.207106781186547,3.207106781186547,2.0909902576697306,2.0909902576697306,0.0,2230.017478996464,15.0,14.0,14.0,97.84844062938208,0.0,0.0,0.0,0.0,0.0,0.0,0.0,0.0,97.3181554974194,0.0,0.0,0.0,0.0,0.0,0.0,97.3181554974194,0.0,0.0,0.0,0.0,0.0,0.0,0.0,0.0,97.3181554974194,0.0,0.0,0.0,0.0,0.0,0.0,0.0,0.0,83.47068109803816,0.0,0.0,13.847474399381248,0.0,0.0,0.0,0.0,0.0,0.0,0.0,18.92400416099946,4.575995839000543,0.0,1.0,15,0,0,0,0,0,0,0,0,0,12,0,0,0,6.097500000000006,71.36900000000007,0,0,0,0,0,0,0,0,0,0,0,0,0,0,0,0,0,0,0,0,10
CC(C)CCCCCCCCCCCC,478.0,2.3271135657587747,0.9018924537543068,2.3271135657587747,0.9018924537543068,0.3709961564034501,212.42099999999996,180.165,212.250401024,92,-0.0471325761511882,-0.0653823832227926,0.0653823832227926,0.0471325761511882,0.6,1.0,1.4,14.008203153840403,10.024594676167968,1.9443597275554243,-2.039221789460864,2.126278406186509,-1.868904442220545,4.491880163939718,0.5053046282234362,2.8668131304135893,104.60593781761293,11.355524862241651,11.355524862241651,11.355524862241651,7.2700556100296625,7.270055610029662,7.270055610029662,5.364502500051628,5.364502500051628,3.1350278050148304,3.1350278050148304,2.0400227248377267,2.0400227248377267,0.0,1857.300103611859,15.0,12.071428571428571,14.0,97.84844062938208,0.0,0.0,0.0,0.0,0.0,0.0,0.0,0.0,91.400249451258,5.917906046161393,0.0,0.0,0.0,0.0,5.917906046161393,91.400249451258,0.0,0.0,0.0,0.0,0.0,0.0,0.0,5.917906046161393,91.400249451258,0.0,0.0,0.0,0.0,0.0,0.0,0.0,5.917906046161393,70.62903785218613,0.0,0.0,20.771211599071872,0.0,0.0,0.0,0.0,0.0,0.9018924537543068,0.0,15.990780655675485,6.940660223903543,0.0,1.0,15,0,0,0,0,0,0,0,0,0,11,0,0,0,5.953400000000007,71.29900000000006,0,0,0,0,0,0,0,0,0,0,0,0,0,0,0,0,0,0,0,0,8
CCC(CC)CCCCCC(CC)CC,472.0,2.3317099972705133,0.998284465020576,2.3317099972705133,0.998284465020576,0.4008525085639003,212.421,180.165,212.250401024,92,-0.0419531460638702,-0.0651183547756283,0.0651183547756283,0.0419531460638702,0.5333333333333333,0.8666666666666667,1.1333333333333333,14.105103284839975,9.92812141794565,2.044070494328162,-2.1329242903486105,2.198990734167264,-1.9827213574529376,4.577488430820985,0.3993711337368729,3.30039818684965,95.20671786825557,11.518661569058182,11.518661569058182,11.518661569058182,7.2779168675293695,7.277916867529369,7.277916867529369,5.003054410393776,5.003054410393776,4.034145948150093,4.034145948150093,2.4366489491984265,2.4366489491984265,0.0,2011.5493118199124,15.0,10.515555555555556,7.875,97.84844062938208,0.0,0.0,0.0,0.0,0.0,0.0,0.0,0.0,85.4823434050966,11.835812092322788,0.0,0.0,0.0,0.0,11.835812092322788,85.4823434050966,0.0,0.0,0.0,0.0,0.0,0.0,0.0,11.835812092322788,85.4823434050966,0.0,0.0,0.0,0.0,0.0,0.0,0.0,11.835812092322788,57.7873946063341,0.0,0.0,27.694948798762496,0.0,0.0,0.0,0.0,0.0,1.996568930041152,0.0,12.84325774754346,9.326839989082051,0.0,1.0,15,0,0,0,0,0,0,0,0,0,10,0,0,0,5.809300000000006,71.22900000000007,0,0,0,0,0,0,0,0,0,0,0,0,0,0,0,0,0,0,0,0,2
CC(CCCCCCCCCCCCC)=O,511.0,10.704088225614097,0.3434482860919274,10.704088225614097,0.3434482860919274,0.4138937448736926,226.40399999999997,196.164,226.22966558,96,0.1293399502822748,-0.300031023494696,0.300031023494696,0.1293399502822748,0.6875,1.0625,1.4375,16.137175444366942,10.048644495180534,1.9443457557619284,-2.01319809056542,2.1128024129088905,-1.888195195603488,5.74794555444804,-0.1166318830893613,2.9047075575882766,151.51394111779547,12.0626316434282,11.393529664702436,11.393529664702436,7.770055610029663,7.264784317011752,7.264784317011752,4.987549009055348,4.987549009055348,3.132392158505876,3.132392158505876,2.0381590413184343,2.0381590413184343,-0.33,3073.4820565622117,15.669999999999998,12.738166325835037,13.670000000000002,102.00996272942584,4.794537184071822,5.783244946364939,0.0,0.0,0.0,0.0,0.0,0.0,71.13195342895074,13.344558822616634,6.4208216229260096,0.0,4.794537184071822,5.783244946364939,0.0,90.89733387449338,0.0,0.0,0.0,0.0,0.0,5.783244946364939,4.794537184071822,0.0,90.89733387449338,0.0,0.0,17.07,0.0,4.794537184071822,0.0,5.783244946364939,12.84164324585202,64.20821622926012,6.923737199690624,0.0,6.923737199690624,0.0,0.0,10.704088225614097,0.0,0.0,0.3434482860919274,0.0,15.6634291005406,3.955701054420044,0.0,0.9333333333333332,16,0,1,0,0,0,0,1,0,1,12,0,0,0,5.276500000000005,71.75900000000006,0,0,0,0,0,0,1,1,0,0,0,0,0,0,1,1,0,0,0,0,9
CCCCCCCCCCCCCC(=O)OC,506.8,10.849921558947427,-0.0685887509451095,10.849921558947427,0.0685887509451095,0.3606575035504831,242.40299999999996,212.16299999999995,242.2245802,102,0.3050018388563536,-0.4689954278205915,0.4689954278205915,0.3050018388563536,0.7647058823529411,1.1764705882352942,1.588235294117647,16.52294717396276,10.05364669067226,1.984280397613218,-2.018618897922128,2.113910016378581,-1.985248532493235,5.684590257732907,-0.140250276571459,2.961268147138321,166.3047548779843,12.769738424614747,11.8017779551663,11.8017779551663,8.308060412490448,7.377156752707547,7.377156752707547,4.861666519092814,4.861666519092814,3.212125131752582,3.212125131752582,2.0356132022864664,2.0356132022864664,-0.53,5530.208585035808,16.469999999999995,13.534641241111824,13.405667484474463,107.12350795893272,4.736862953800049,0.0,0.0,0.0,5.969305287951849,4.794537184071822,0.0,0.0,71.13195342895074,6.4208216229260096,6.4208216229260096,7.109797541277533,9.53140013787187,5.969305287951849,0.0,83.97359667480276,7.109797541277533,0.0,0.0,0.0,0.0,13.079102829229384,9.53140013787187,0.0,83.97359667480276,0.0,0.0,26.3,0.0,4.794537184071822,5.969305287951849,6.4208216229260096,6.4208216229260096,71.31801377053765,0.0,0.0,11.660600153490671,0.0,4.603102789112196,10.849921558947427,0.0,0.0,-0.0685887509451095,0.0,15.064770755872848,2.258258690475328,1.459201623203975,0.9333333333333332,17,0,2,0,0,0,0,2,0,2,12,0,0,0,4.8605000000000045,73.09400000000007,0,0,0,0,0,0,1,1,0,0,0,0,1,1,0,0,1,0,0,0,9
CC(C)CCCC(CCCC(CC)C)(O)C,513.0,10.212938397581254,-0.4282227891156462,10.212938397581254,0.4282227891156462,0.601890455594318,228.42,196.164,228.245315644,98,0.0619380968843907,-0.3901836519335196,0.3901836519335196,0.0619380968843907,1.0,1.5,1.9375,16.282096041231092,9.892239809686892,2.1905822575384946,-2.2387180122600885,2.2332307219387126,-2.23663901739696,4.72614558437023,0.0351266134128365,3.610715339162638,160.81788657672843,12.604448006685086,12.051661602185044,12.051661602185044,7.371009241333562,7.094616039083541,7.094616039083541,6.188665251433292,6.188665251433292,3.606034843475436,3.606034843475436,2.0516255670587564,2.0516255670587564,-0.04,1924.2510000900684,15.96,8.110091687585681,9.20512408841653,102.64267438157806,5.106527394840706,0.0,0.0,0.0,0.0,0.0,0.0,0.0,59.79905691339255,31.601192537865423,0.0,5.601050810983688,5.106527394840706,0.0,11.835812092322788,85.16548816991887,0.0,0.0,0.0,0.0,0.0,10.707578205824394,0.0,11.835812092322788,79.5644373589352,0.0,0.0,20.23,5.601050810983688,5.106527394840706,0.0,0.0,31.09827696110081,25.68328649170404,0.0,6.923737199690624,27.694948798762496,0.0,0.0,0.0,10.212938397581254,-0.4282227891156462,1.5716459703716197,0.0,8.020476246436745,11.039828841392694,0.0,1.0,16,1,1,0,0,0,0,1,1,1,9,0,0,0,4.780100000000005,72.61880000000006,0,1,0,0,0,0,0,0,0,0,0,0,0,0,0,0,0,0,0,0,0
C(CCCC(=O)OCCC(C)C)(=O)OCCC(C)C,536.0,11.335049122304262,-0.2262681353405555,11.335049122304262,0.2262681353405555,0.5723239338918318,272.385,244.16099999999997,272.198759376,112,0.3052939198916298,-0.4656640873073107,0.4656640873073107,0.3052939198916298,0.7894736842105263,1.1578947368421053,1.4736842105263157,16.536560789093883,10.142811610740972,2.07500508951813,-2.0740290495680056,2.0434538953678363,-2.102596405395932,5.719998882270625,-0.1453062375552707,3.4547184551435675,232.87118893812763,14.673362107437434,12.737441168540538,12.737441168540538,8.913591357920934,7.2268512889901295,7.2268512889901295,5.659537720932573,5.659537720932573,2.6783039004935247,2.6783039004935247,1.3383276011600669,1.3383276011600669,-1.06,8914.841319998315,17.94,10.825294801153714,13.176127508854783,116.39857528848331,9.473725907600098,0.0,0.0,0.0,11.9386105759037,9.589074368143644,0.0,0.0,27.694948798762496,31.09827696110081,12.84164324585202,13.213763929025836,19.06280027574374,11.9386105759037,11.835812092322788,59.79905691339253,13.213763929025836,0.0,0.0,0.0,0.0,25.152374504929536,19.06280027574374,11.835812092322788,59.79905691339253,0.0,0.0,52.60000000000001,0.0,9.589074368143644,24.78025382175571,31.470397644274637,12.84164324585202,0.0,0.0,0.0,27.694948798762496,9.473725907600098,10.11240864634804,22.670098244608525,0.0,0.0,0.6099360331827868,0.0,2.8350625688583566,9.27249450700229,0.0,0.8666666666666667,19,0,4,0,0,0,0,4,0,4,10,0,0,0,3.335300000000002,74.67900000000006,0,0,0,0,0,0,2,2,0,0,0,0,2,2,0,0,0,0,0,0,0
CCCC(=O)OCC(COC(=O)CCC)OC(=O)CCC,569.3,11.491058988410176,-0.7447571806500382,11.491058988410176,0.0895906557067269,0.4305129614668875,302.367,276.159,302.172938552,122,0.3057965516551162,-0.4615800228853426,0.4615800228853426,0.3057965516551162,0.7142857142857143,1.0952380952380951,1.4761904761904765,16.605037931704416,10.297567438405848,2.1825285849597904,-2.1756110109033973,2.0315588062129866,-2.303551945332809,5.705734796363382,-0.1664198265572311,4.287522366637344,304.12553193989925,16.08757566981053,13.183694261465186,13.183694261465186,10.027605765303289,7.536274497243921,7.536274497243921,4.727893469838489,4.727893469838489,2.520911924108089,2.520911924108089,1.4894670080937311,1.4894670080937311,-1.59,27781.31524648981,19.41,12.17357108746933,10.81527622772057,125.673642618034,14.210588861400147,13.213763929025836,6.103966387748303,0.0,17.90791586385555,14.383611552215466,0.0,0.0,20.771211599071872,19.26246486877803,19.26246486877803,0.0,28.59420041361561,17.90791586385555,0.0,65.40010772437624,13.213763929025836,0.0,0.0,0.0,0.0,37.22564618062969,28.59420041361561,0.0,59.296141336627926,0.0,0.0,78.9,6.103966387748303,14.383611552215466,37.54250141580739,32.10410811463005,0.0,0.0,0.0,20.771211599071872,0.0,14.210588861400147,15.171438964474678,34.149394439134696,0.0,0.0,-1.0940449420508933,0.0,2.190585432851847,5.415959438923004,0.0,0.8,21,0,6,0,0,0,0,6,0,6,11,0,0,0,2.3849,76.52200000000005,0,0,0,0,0,0,3,3,0,0,0,0,3,3,0,0,0,0,0,0,0
C(COCCOCCOCCOCCOCCCCC)O,694.0,8.486341746335945,0.048503086419753,8.486341746335945,0.048503086419753,0.3844903909558564,308.415,276.159,308.219888744,128,0.0701143954655701,-0.3939803248745097,0.3939803248745097,0.0701143954655701,0.5238095238095238,0.9047619047619048,1.2857142857142858,16.55951320012935,10.259884004500572,1.9298057518515173,-2.072564613908511,1.9334752241664352,-2.133218927726069,4.377662416144188,-0.0133738702121888,2.901443984538413,161.54677745075549,15.435028842544408,13.387949984430945,13.387949984430945,10.414213562373096,7.910085893151515,7.910085893151515,4.492575757415499,4.492575757415499,2.615887057115605,2.615887057115605,1.5003887515395815,1.5003887515395815,-0.24,44319.47665250541,20.76,19.760000000000005,19.76,128.2104005291125,28.79084216384095,0.0,0.0,0.0,0.0,0.0,0.0,0.0,19.765380445542643,6.4208216229260096,6.606881964512918,66.06881964512917,28.79084216384095,0.0,0.0,26.186202068468653,72.67570160964209,0.0,0.0,0.0,0.0,77.7822290044828,23.684314769000245,0.0,26.186202068468653,0.0,0.0,66.38000000000001,0.0,0.0,6.606881964512918,59.46193768061625,13.027703587438928,12.84164324585202,0.0,0.0,6.923737199690624,28.79084216384095,26.47760779800404,0.0,8.486341746335945,0.0,0.0,0.0,3.574976699479449,7.961073756180572,0.0,1.0,21,1,6,0,0,0,0,6,1,6,18,0,0,0,1.2519000000000002,80.70580000000007,0,1,1,0,0,0,0,0,0,0,0,0,0,5,0,0,0,0,0,0,16
C1(CCCCC1)C1=CC2=CC=CC=C2C=C1,356.0,2.3941666666666666,0.8179223356009067,2.3941666666666666,0.8179223356009067,0.6284716292988786,210.32,192.176,210.140850576,82,-0.0161736203664898,-0.0616297075465959,0.0616297075465959,0.0161736203664898,0.75,1.5,2.3125,14.197822589085373,9.833518908775496,2.1470497682005707,-2.2175056337615784,2.332681156930439,-2.0358069445662657,5.826287276158697,0.4436812755128637,1.9725436239088787,478.1172218757299,10.794682450997076,9.654336059449747,9.654336059449747,7.932652990377572,6.42055585642475,6.42055585642475,4.941521881974905,4.941521881974905,3.850098111794616,3.850098111794616,2.897654851632792,2.897654851632792,-1.2999999999999998,9451.077594147084,9.892943454408549,4.288212462884977,1.8445850884359511,97.2968891840826,0.0,0.0,0.0,0.0,0.0,0.0,0.0,0.0,61.7270343480093,35.09544921264,0.0,0.0,0.0,10.772448428929591,0.0,38.02201416079144,0.0,48.02802097092827,0.0,0.0,0.0,0.0,0.0,0.0,43.58546565248844,42.46456947923127,10.772448428929591,0.0,0.0,0.0,0.0,0.0,5.917906046161393,42.87655654355965,5.563451491696996,0.0,42.46456947923127,0.0,0.0,0.0,2.75706750755858,1.5540740740740744,0.8179223356009067,15.66682027903754,7.037449137062231,0.0,0.0,0.375,16,0,0,1,1,2,2,0,0,0,1,1,1,3,4.887500000000004,69.77400000000004,0,0,0,0,0,0,0,0,0,0,2,1,0,0,0,0,0,0,0,0,0
C1(CCCCC1)C1=CC=CC2=CC=CC=C12,360.0,2.3316666666666666,0.8054166666666663,2.3316666666666666,0.8054166666666663,0.6284716292988786,210.32,192.176,210.140850576,82,-0.0149101139315701,-0.0616293748574491,0.0616293748574491,0.0149101139315701,0.75,1.5,2.375,14.212024617924277,9.819892584584666,2.163914965785472,-2.2285812896323565,2.3554773282014843,-2.0430793176940933,5.856432240441179,0.4453558666046819,2.077554073942288,472.8672218757298,10.794682450997076,9.654336059449744,9.654336059449744,7.949489742783179,6.426538920568457,6.426538920568457,4.903309539002188,4.903309539002188,3.8683596809104746,3.8683596809104746,3.0200516689034487,3.0200516689034487,-1.2999999999999998,9581.134932665293,9.892943454408549,4.288212462884977,1.7300430892933552,97.2968891840826,0.0,0.0,0.0,0.0,0.0,0.0,0.0,0.0,61.7270343480093,35.09544921264,0.0,0.0,0.0,10.772448428929591,0.0,38.02201416079144,0.0,48.02802097092827,0.0,0.0,0.0,0.0,0.0,0.0,43.58546565248844,42.46456947923127,10.772448428929591,0.0,0.0,0.0,0.0,0.0,5.917906046161393,42.87655654355965,5.563451491696996,0.0,42.46456947923127,0.0,0.0,0.0,2.863401360544218,1.5812962962962964,0.8054166666666663,15.56431319286974,7.018905816956412,0.0,0.0,0.375,16,0,0,1,1,2,2,0,0,0,1,1,1,3,4.887500000000004,69.77400000000006,0,0,0,0,0,0,0,0,0,0,2,1,0,0,0,0,0,0,0,0,0
C1(=CC=CC=C1)C(=CCC)C1=CC=CC=C1,341.0,2.282407407407407,1.0546844293272863,2.282407407407407,1.0546844293272863,0.6949016015955427,208.304,192.176,208.125200512,80,-0.0151490572686723,-0.0763320284661247,0.0763320284661247,0.0151490572686723,0.8125,1.25,1.625,14.061433757028365,9.970674549519927,2.017521329907746,-2.0736900970273124,2.2277194163880223,-1.865040476321354,5.790719606380214,1.223290335693393,2.442206650533088,410.4116881365323,11.21733218180745,9.557959742272432,9.557959742272432,7.91501490017253,5.725397411291142,5.725397411291142,3.758098377859486,3.758098377859486,2.577834895089288,2.577834895089288,1.8419155337960045,1.8419155337960045,-1.8199999999999996,7042.818206258036,10.68965055261326,5.315116415365763,2.4011508433953845,97.25866275096318,0.0,0.0,0.0,0.0,0.0,0.0,0.0,0.0,73.66342799114061,23.12082913638927,0.0,0.0,0.0,5.573104530069267,0.0,13.344558822616634,0.0,77.86659377484399,0.0,0.0,0.0,0.0,0.0,0.0,24.471461806010623,66.73969079144999,5.573104530069267,0.0,0.0,0.0,0.0,0.0,6.4208216229260096,16.70000751346326,0.0,0.0,73.66342799114061,0.0,0.0,0.0,0.0,3.897962962962964,0.0,21.092445200302343,3.337091836734694,2.1725,0.0,0.125,16,0,0,0,0,2,2,0,0,0,3,0,0,2,4.528300000000003,70.25400000000003,0,0,0,0,0,0,0,0,1,0,2,0,0,0,0,0,0,0,0,0,0
CCC(Cc1ccccc1)c2ccccc2,360.0,2.2644907407407406,0.6422222222222221,2.2644907407407406,0.6422222222222221,0.700283096678044,210.32,192.176,210.140850576,82,-0.0124111122960925,-0.0647878640168703,0.0647878640168703,0.0124111122960925,0.8125,1.375,1.9375,14.132005292736045,9.8992549124743,2.085523854093734,-2.147573269165692,2.231141889231669,-2.008280059861916,5.2353826485456025,0.6601570592054753,2.129412813255698,402.5681482751901,11.217332181807452,9.765066523458982,9.765066523458982,7.898178147766923,5.987199092348279,5.987199092348279,4.205578022930919,4.205578022930919,3.0887028544160007,3.0887028544160007,2.1217065351935065,2.1217065351935065,-1.5599999999999996,6971.182472083917,10.94135574109372,5.503608189808466,2.725649615210503,97.94826578314743,0.0,0.0,0.0,0.0,0.0,0.0,0.0,0.0,67.58740788430673,29.8864522754074,0.0,0.0,0.0,0.0,0.0,25.683286491704035,0.0,71.7905736680101,0.0,0.0,0.0,0.0,6.4208216229260096,0.0,30.38936785217201,60.6636706846161,0.0,0.0,0.0,0.0,0.0,5.917906046161393,6.4208216229260096,17.54772460632,0.0,0.0,67.58740788430673,0.0,0.0,0.0,0.0,2.8815334467120186,0.6422222222222221,21.54482804232804,2.333592214663643,2.2644907407407406,0.0,0.25,16,0,0,0,0,2,2,0,0,0,4,0,0,2,4.422900000000004,69.62000000000005,0,0,0,0,0,0,0,0,0,0,2,0,0,0,0,0,0,0,0,0,0
CCCCc1ccccc1c2ccccc2,377.0,2.248009259259259,1.1821107331821616,2.248009259259259,1.1821107331821616,0.6860369831350057,210.32,192.176,210.140850576,82,-0.0151924618865392,-0.065371068839636,0.065371068839636,0.0151924618865392,0.8125,1.5,2.25,14.069503131748426,9.963163281462302,2.022343334184716,-2.0843328484637778,2.239499354378476,-1.8903912299342336,5.666494750966818,0.7959752566603888,2.32981209881796,428.8011153401612,11.217332181807452,9.817472766266278,9.817472766266278,7.91501490017253,6.0486940434924055,6.0486940434924055,4.126725849591585,4.126725849591585,2.901825823785095,2.901825823785095,2.0048682508911173,2.0048682508911173,-1.5599999999999996,6938.875677270795,10.94135574109372,5.503608189808466,2.515580475455877,97.94826578314743,0.0,0.0,0.0,0.0,0.0,0.0,0.0,0.0,67.94186243877112,29.531997720943004,0.0,0.0,0.0,0.0,0.0,26.186202068468653,0.0,60.160755107851486,11.126902983393991,0.0,0.0,0.0,6.4208216229260096,0.0,25.32883193723964,54.59730361615449,11.126902983393991,0.0,0.0,0.0,0.0,0.0,0.0,35.95281934386902,0.0,0.0,61.52104081584511,0.0,0.0,0.0,0.0,4.18176209372638,0.0,19.374121866339127,3.702915170697909,2.241200869236584,0.0,0.25,16,0,0,0,0,2,2,0,0,0,4,0,0,2,4.696200000000004,70.49000000000005,0,0,0,0,0,0,0,0,0,1,2,0,0,0,0,0,0,0,0,0,0
CCCC(c1ccccc1)c2ccccc2,442.0,2.2488888888888887,0.5485185185185184,2.2488888888888887,0.5485185185185184,0.6904717805858405,210.32,192.176,210.140850576,82,0.0089192953167878,-0.0653493434392893,0.0653493434392893,0.0089192953167878,0.75,1.1875,1.5625,14.15417674255058,9.877163238881652,2.112266194285429,-2.1653708674856307,2.280600312146864,-1.996865497298641,5.315318665936842,0.6982315857837147,2.313974703080909,363.0681482751901,11.217332181807452,9.765066523458982,9.765066523458982,7.915014900172529,6.014072545885955,6.014072545885955,4.162628197402001,4.162628197402001,2.9812331061376875,2.9812331061376875,2.185152011961501,2.185152011961501,-1.5599999999999996,7042.818206258036,10.94135574109372,5.503608189808466,2.515580475455877,97.94826578314743,0.0,0.0,0.0,0.0,0.0,0.0,0.0,0.0,74.00822950723274,17.54772460632,5.917906046161393,0.0,0.0,0.0,0.0,25.68328649170404,0.0,71.7905736680101,0.0,0.0,0.0,0.0,0.0,0.0,36.81018947509803,60.6636706846161,0.0,0.0,0.0,0.0,0.0,5.917906046161393,0.0,23.96854622924601,0.0,0.0,67.58740788430673,0.0,0.0,0.0,0.0,2.852870370370371,0.5485185185185184,21.58337112622827,2.4330177626606195,2.2488888888888887,0.0,0.25,16,0,0,0,0,2,2,0,0,0,4,0,0,2,4.618600000000003,69.63500000000005,0,0,0,0,0,0,0,0,0,0,2,0,0,0,0,0,0,0,0,0,0
CC(Cc1ccccc1)Cc2ccccc2,369.0,2.3194444444444446,0.6988888888888889,2.3194444444444446,0.6988888888888889,0.7121434431069851,210.32,192.176,210.140850576,82,-0.0249840262739222,-0.0622487361684365,0.0622487361684365,0.0249840262739222,0.6875,1.0625,1.4375,14.088741277812764,9.942892961929482,2.037468900679096,-2.1085199646720056,2.13282596137664,-2.03026527594425,5.177524405941145,0.5771097652584194,1.922984044254818,361.0681482751901,11.217332181807452,9.765066523458982,9.765066523458982,7.84333659290053,5.922320836349818,5.922320836349818,4.484617125293379,4.484617125293379,2.853977270004685,2.853977270004685,2.1050933071003586,2.1050933071003586,-1.5599999999999996,6213.389726542117,10.94135574109372,5.503608189808466,3.233156478277586,97.94826578314743,0.0,0.0,0.0,0.0,0.0,0.0,0.0,0.0,67.58740788430673,29.886452275407404,0.0,0.0,0.0,0.0,5.917906046161393,19.765380445542643,0.0,71.7905736680101,0.0,0.0,0.0,0.0,12.84164324585202,5.917906046161393,18.050640183084617,60.6636706846161,0.0,0.0,0.0,0.0,0.0,5.917906046161393,12.84164324585202,11.126902983393991,0.0,0.0,67.58740788430673,0.0,0.0,0.0,0.0,2.8720946712018143,0.6988888888888889,21.45136904761905,2.324869614512472,2.3194444444444446,0.0,0.25,16,0,0,0,0,2,2,0,0,0,4,0,0,2,4.107900000000003,69.45600000000005,0,0,0,0,0,0,0,0,0,0,2,0,0,0,0,0,0,0,0,0,0
CC(CCc1ccccc1)c2ccccc2,369.0,2.3038425925925927,0.6401908541194254,2.3038425925925927,0.6401908541194254,0.700283096678044,210.32,192.176,210.140850576,82,-0.0187225953352079,-0.0622487389027439,0.0622487389027439,0.0187225953352079,0.8125,1.375,2.0,14.090226376915084,9.941272563669363,2.0396652184704376,-2.109468884623653,2.200229865033098,-1.954430646654872,5.1989441506602265,0.6794609128308926,1.9173511714265792,402.5681482751901,11.217332181807452,9.765066523458982,9.765066523458982,7.860173345306138,5.949194289887494,5.949194289887494,4.3360048670618685,4.3360048670618685,3.0774581510026247,3.0774581510026247,1.9760886941384777,1.9760886941384777,-1.5599999999999996,6818.994323164689,10.94135574109372,5.503608189808466,2.9631744108842275,97.94826578314743,0.0,0.0,0.0,0.0,0.0,0.0,0.0,0.0,67.58740788430673,29.8864522754074,0.0,0.0,0.0,0.0,0.0,25.683286491704035,0.0,71.7905736680101,0.0,0.0,0.0,0.0,6.4208216229260096,0.0,30.38936785217201,60.6636706846161,0.0,0.0,0.0,0.0,0.0,5.917906046161393,6.4208216229260096,17.54772460632,0.0,0.0,67.58740788430673,0.0,0.0,0.0,0.0,2.8784372637944067,0.6401908541194254,21.464307445200305,2.3798885109599395,2.3038425925925927,0.0,0.25,16,0,0,0,0,2,2,0,0,0,4,0,0,2,4.422900000000004,69.62000000000005,0,0,0,0,0,0,0,0,0,1,2,0,0,0,0,0,0,0,0,0,0
CC(C)Cc1ccccc1c2ccccc2,367.0,2.265648148148148,0.6989465230536658,2.265648148148148,0.6989465230536658,0.6967280603149326,210.32,192.176,210.140850576,82,-0.015182328340389,-0.0624555216184874,0.0624555216184874,0.015182328340389,0.8125,1.4375,2.125,14.095395626035446,9.937404344456445,2.0479707893112096,-2.1103557728154967,2.24645847991588,-1.959201243292428,5.666984080866274,0.6479580835877627,2.406516719438174,440.60530655733146,11.380468888623982,9.980609473082808,9.980609473082808,7.770856947829096,5.904536091148973,5.904536091148973,4.621143454347594,4.621143454347594,2.730319663875364,2.730319663875364,2.037463407126446,2.037463407126446,-1.5599999999999996,5649.64901749284,10.94135574109372,4.978267699648823,2.515580475455877,97.94826578314743,0.0,0.0,0.0,0.0,0.0,0.0,0.0,0.0,68.44477801553573,29.02908214417839,0.0,0.0,0.0,0.0,5.917906046161393,20.268296022307258,0.0,60.160755107851486,11.126902983393991,0.0,0.0,0.0,6.4208216229260096,5.917906046161393,19.410925891078243,54.59730361615449,11.126902983393991,0.0,0.0,0.0,0.0,5.917906046161393,6.4208216229260096,16.690354475090988,0.0,0.0,68.44477801553573,0.0,0.0,0.0,0.0,4.138194444444445,0.6989465230536658,19.32097978080121,1.1439162887377172,4.531296296296296,0.0,0.25,16,0,0,0,0,2,2,0,0,0,3,0,0,2,4.552100000000004,70.42000000000004,0,0,0,0,0,0,0,0,0,0,2,0,0,0,0,0,0,0,0,0,0
C1(=CC=CC=C1)CC(C)(C)C1=CC=CC=C1,377.0,2.300925925925926,0.1970370370370369,2.300925925925926,0.1970370370370369,0.7116669872774396,210.32,192.176,210.140850576,82,-0.0063212390436264,-0.0622487304208145,0.0622487304208145,0.0063212390436264,0.75,1.25,1.8125,14.238761691302846,9.791618453793756,2.197514242489277,-2.2499597559524203,2.2661079592294744,-2.197271568108046,5.272598709140525,0.5222254570807757,2.2096872143470314,426.11019405949486,11.432875131431276,9.980609473082806,9.980609473082806,7.683469977507403,5.778473986232465,5.778473986232465,4.9122841352177495,4.9122841352177495,3.044154028321209,3.044154028321209,2.0975714531530083,2.0975714531530083,-1.5599999999999996,5319.683059238764,10.94135574109372,4.524707061706394,2.515580475455877,97.94826578314743,0.0,0.0,0.0,0.0,0.0,0.0,0.0,0.0,74.51114508399735,22.96271507571678,0.0,0.0,0.0,0.0,0.0,25.68328649170404,0.0,71.7905736680101,0.0,0.0,0.0,0.0,11.83581209232279,0.0,24.97437738277524,60.6636706846161,0.0,0.0,0.0,0.0,5.41499046939678,0.0,6.4208216229260096,11.126902983393991,0.0,0.0,74.51114508399735,0.0,0.0,0.0,0.0,2.9981538170823887,0.0,21.402123960695388,1.0812037037037037,4.601851851851852,0.0,0.25,16,0,0,0,0,2,2,0,0,0,3,0,0,2,4.206900000000004,69.61400000000005,0,0,0,0,0,0,0,0,0,0,2,0,0,0,0,0,0,0,0,0,0
C1(=CC=CC=C1)C(C(C)C)C1=CC=CC=C1,413.0,2.282407407407407,0.5022222222222221,2.282407407407407,0.5022222222222221,0.7006031313281512,210.32,192.176,210.140850576,82,0.0112301926067372,-0.0622480050864259,0.0622480050864259,0.0112301926067372,0.625,1.0,1.3125,14.204592093046807,9.826478722258974,2.164524142639869,-2.2141735304534698,2.3069505553355145,-2.076136514496036,5.322505953728395,0.5636585910626245,2.3967585250108794,374.8060028423248,11.38046888862398,9.92820323027551,9.92820323027551,7.787693700234704,5.886751345948129,5.886751345948129,4.54305504153295,4.54305504153295,2.984045162283448,2.984045162283448,2.283000598199171,2.283000598199171,-1.5599999999999996,5924.451761488484,10.94135574109372,4.978267699648823,2.328892957765821,97.94826578314743,0.0,0.0,0.0,0.0,0.0,0.0,0.0,0.0,74.51114508399735,17.044809029555385,5.917906046161393,0.0,0.0,0.0,5.917906046161393,19.76538044554264,0.0,71.7905736680101,0.0,0.0,0.0,0.0,0.0,5.917906046161393,30.892283428936636,60.6636706846161,0.0,0.0,0.0,0.0,0.0,11.835812092322788,0.0,11.126902983393991,0.0,0.0,74.51114508399735,0.0,0.0,0.0,0.0,2.812407407407408,1.1177777777777778,21.505000000000003,0.0,4.564814814814815,0.0,0.25,16,0,0,0,0,2,2,0,0,0,3,0,0,2,4.474500000000004,69.56500000000004,0,0,0,0,0,0,0,0,0,0,2,0,0,0,0,0,0,0,0,0,0
C(C)C1=CC=C(C=C1)C(C)C1=CC=CC=C1,362.0,2.260204081632653,0.4788019652305365,2.260204081632653,0.4788019652305365,0.7039996580157208,210.32,192.176,210.140850576,82,0.0060957005048965,-0.0622480106488086,0.0622480106488086,0.0060957005048965,0.8125,1.375,1.9375,14.108697127554136,9.92325624873281,2.063794005196281,-2.1223146917350224,2.2339268675245685,-1.9525097988613864,5.32790700563097,0.9194280969327316,2.2382928278096097,425.3553065573314,11.380468888623982,9.980609473082808,9.980609473082808,7.808861750289881,5.94741151772795,5.94741151772795,4.227506453400461,4.227506453400461,3.187539978127519,3.187539978127519,1.9761789140175472,1.9761789140175472,-1.5599999999999996,6460.536421330862,10.94135574109372,4.978267699648823,2.328892957765821,97.94826578314743,0.0,0.0,0.0,0.0,0.0,0.0,0.0,0.0,68.44477801553573,23.111176098017,5.917906046161393,0.0,0.0,0.0,0.0,26.18620206846865,0.0,71.28765809124549,0.0,0.0,0.0,0.0,6.4208216229260096,0.0,36.45573492063363,54.59730361615449,0.0,0.0,0.0,0.0,0.0,5.917906046161393,6.4208216229260096,16.690354475090988,0.0,0.0,68.44477801553573,0.0,0.0,0.0,0.0,4.179777914252121,0.4788019652305365,19.61333023641556,1.1111090639959689,4.4503141534391535,0.0,0.25,16,0,0,0,0,2,2,0,0,0,3,0,0,2,4.400800000000004,69.77900000000004,0,0,0,0,0,0,0,0,0,1,2,0,0,0,0,0,0,0,0,0,0
CC(C)c1ccc(Cc2ccccc2)cc1,370.0,2.239027777777778,0.6164585957839926,2.239027777777778,0.6164585957839926,0.7039996580157208,210.32,192.176,210.140850576,82,-0.0025772240355868,-0.0622483607098551,0.0622483607098551,0.0025772240355868,0.75,1.3125,1.875,14.044650988004904,9.988746968183792,1.9910417726131684,-2.0652253383248067,2.16027493891721,-1.9022196167094745,5.291684333169564,0.8651211237908067,2.113915900042776,423.3553065573314,11.380468888623982,9.980609473082808,9.980609473082808,7.7540201954234895,5.88253326172949,5.88253326172949,4.5586574171265735,4.5586574171265735,2.8974588154598275,2.8974588154598275,1.8519526473301549,1.8519526473301549,-1.5599999999999996,5689.016293492532,10.94135574109372,4.978267699648823,2.725649615210503,97.94826578314743,0.0,0.0,0.0,0.0,0.0,0.0,0.0,0.0,68.44477801553573,29.02908214417839,0.0,0.0,0.0,0.0,0.0,26.18620206846865,0.0,71.28765809124549,0.0,0.0,0.0,0.0,6.4208216229260096,0.0,36.45573492063362,54.59730361615449,0.0,0.0,0.0,0.0,0.0,5.917906046161393,6.4208216229260096,16.690354475090988,0.0,0.0,68.44477801553573,0.0,0.0,0.0,0.0,4.173341311833376,0.6164585957839926,19.559783425715967,1.0269992441421012,4.4567507558578985,0.0,0.25,16,0,0,0,0,2,2,0,0,0,3,0,0,2,4.400800000000004,69.77900000000004,0,0,0,0,0,0,0,0,0,0,2,0,0,0,0,0,0,0,0,0,0
CCC(C)(c1ccccc1)c2ccccc2,373.0,2.3171296296296298,0.1274999999999997,2.3171296296296298,0.1274999999999997,0.7039199532991575,210.32,192.176,210.140850576,82,0.0171658947175884,-0.0642190585792145,0.0642190585792145,0.0171658947175884,0.75,1.125,1.4375,14.28819931177996,9.742244517505876,2.2543057748411925,-2.2923077723747944,2.340470585269763,-2.2170567208396736,5.3737518176210655,0.5496733265048835,2.487738164823671,388.6101940594948,11.432875131431278,9.980609473082808,9.980609473082808,7.7710036028249,5.882027376825739,5.882027376825739,4.417710979348699,4.417710979348699,3.528958612132128,3.528958612132128,2.186922922631395,2.186922922631395,-1.5599999999999996,6327.816245321165,10.94135574109372,4.524707061706394,1.8784377953686209,97.94826578314743,0.0,0.0,0.0,0.0,0.0,0.0,0.0,0.0,74.51114508399735,17.54772460632,5.41499046939678,0.0,0.0,0.0,0.0,25.68328649170404,0.0,71.7905736680101,0.0,0.0,0.0,0.0,5.41499046939678,0.0,31.395199005701247,60.6636706846161,0.0,0.0,0.0,0.0,5.41499046939678,0.0,6.4208216229260096,11.126902983393991,0.0,0.0,74.51114508399735,0.0,0.0,0.0,0.0,2.912129629629629,0.0,21.49194444444444,1.1121296296296297,4.56712962962963,0.0,0.25,16,0,0,0,0,2,2,0,0,0,3,0,0,2,4.402600000000003,69.62900000000005,0,0,0,0,0,0,0,0,0,0,2,0,0,0,0,0,0,0,0,0,0
CC(c1ccccc1)c2cc(C)ccc2C,362.0,2.298611111111111,0.4732407407407406,2.298611111111111,0.4732407407407406,0.6863881853669833,210.32,192.176,210.140850576,82,0.0063674030705259,-0.0622480106385787,0.0622480106385787,0.0063674030705259,0.875,1.5625,2.25,14.141642528796243,9.890496570556644,2.097207156260481,-2.154554483759832,2.2661891078130942,-1.98539008966584,5.38419494006622,0.9075104471338814,2.410931970151452,468.65191313220544,11.543605595440512,10.196152422706634,10.196152422706634,7.681540550352056,5.803418012614797,5.803418012614797,4.492413778650724,4.492413778650724,3.2008187060971527,3.2008187060971527,2.147678961997792,2.147678961997792,-1.5599999999999996,5299.25403456838,10.94135574109372,4.524707061706394,2.162241583013881,97.94826578314742,0.0,0.0,0.0,0.0,0.0,0.0,0.0,0.0,61.0181252390805,30.53782887447224,5.917906046161393,0.0,0.0,0.0,0.0,26.689117645233264,0.0,70.78474251448087,0.0,0.0,0.0,0.0,0.0,13.847474399381248,35.09544921264,48.53093654769288,0.0,0.0,0.0,0.0,0.0,5.917906046161393,0.0,22.253805966787983,0.0,0.0,69.30214814676475,0.0,0.0,0.0,0.0,5.534939058956917,0.4732407407407406,17.374783163265306,0.0,6.617037037037036,0.0,0.25,16,0,0,0,0,2,2,0,0,0,2,0,0,2,4.455240000000003,69.87500000000004,0,0,0,0,0,0,0,0,0,2,2,0,0,0,0,0,0,0,0,0,0
C1CCC(C1)c2ccccc2C3CCCC3,364.0,2.406388888888889,0.8859259259259257,2.406388888888889,0.8859259259259257,0.6494453762490983,214.35199999999995,192.176,214.172150704,86,-0.0159124441786926,-0.0619635379122346,0.0619635379122346,0.0159124441786926,0.625,1.0,1.375,14.291708442483577,9.856897130262032,2.2423060558720103,-2.190903021739158,2.4169217009687767,-2.019168388834143,5.339625160528407,0.6645911755445826,1.8983338974223969,305.81087242923417,10.794682450997076,10.120955864630137,10.120955864630137,7.949489742783179,7.037693700234705,7.037693700234705,5.591678066185743,5.591678066185743,4.586007532870834,4.586007532870834,3.7280998359500512,3.7280998359500512,-0.78,13355.771240668206,10.378809746385173,4.609332906008588,1.9016158771882172,99.0691619564046,0.0,0.0,0.0,0.0,0.0,0.0,0.0,0.0,49.94875476555048,48.64600156742081,0.0,0.0,0.0,0.0,0.0,63.20238507573088,0.0,35.392371257240434,0.0,0.0,0.0,0.0,0.0,0.0,74.32928805912486,24.26546827384644,0.0,0.0,0.0,0.0,0.0,0.0,11.835812092322788,51.36657298340809,11.126902983393991,0.0,24.26546827384644,0.0,0.0,0.0,0.0,3.4016666666666677,1.7718518518518511,9.297112622826909,11.529368858654577,0.0,0.0,0.625,16,0,0,2,2,1,1,0,0,0,2,2,2,3,5.001800000000004,68.86000000000006,0,0,0,0,0,0,0,0,0,0,1,0,0,0,0,0,0,0,0,0,0
C1(=CC=CC=C1)C1CC2CCCCC2CC1,363.0,2.327202144746788,0.8616203703703702,2.327202144746788,0.8616203703703702,0.631948646949802,214.35199999999992,192.176,214.172150704,86,-0.0159121351670724,-0.0622483892408931,0.0622483892408931,0.0159121351670724,0.75,1.5,2.3125,14.370710777633349,9.661205989113707,2.318632076718924,-2.391005338346334,2.453292544069038,-2.262963727617365,5.198341169703515,0.155404082291567,1.7080120746347605,327.1513639060265,10.794682450997076,10.06854962182284,10.06854962182284,7.932652990377572,6.982181813234284,6.982181813234284,5.72527591831464,5.72527591831464,4.810660011244254,4.810660011244254,3.901314632857656,3.901314632857656,-0.78,9451.077594147084,10.378809746385173,4.609332906008588,2.0253872396552586,99.0691619564046,0.0,0.0,0.0,0.0,0.0,0.0,0.0,0.0,56.01512183401209,42.57963449895921,0.0,0.0,0.0,0.0,11.835812092322788,50.86365740664347,0.0,35.89528683400505,0.0,0.0,0.0,0.0,0.0,11.835812092322788,56.427108898340464,30.33183534230805,0.0,0.0,0.0,0.0,0.0,0.0,17.75371813848418,44.94575136048208,5.563451491696996,0.0,30.33183534230805,0.0,0.0,0.0,0.0,1.58937358276644,2.987933673469388,11.182503385613504,10.406856024817332,0.0,0.0,0.625,16,0,0,2,2,1,1,0,0,0,1,2,2,3,4.760500000000004,68.48200000000004,0,0,0,0,0,0,0,0,0,0,1,1,0,0,0,0,0,0,0,0,0
CC1=C(C(=CC(=C1)C)C)C(C1=CC=CC=C1)=O,374.0,12.399263038548751,0.1116666666666668,12.399263038548751,0.1116666666666668,0.7081687767250617,224.303,208.17499999999995,224.120115132,86,0.1930542111797457,-0.2885939064959672,0.2885939064959672,0.1930542111797457,0.8823529411764706,1.411764705882353,1.9411764705882355,16.138346048552396,9.93125390311855,2.136469397846508,-2.097813229083788,2.195286825359746,-2.060688503364162,6.103370273369443,0.1032937052838962,2.521690657933589,529.9879038531938,12.41384908344359,10.449700174791245,10.449700174791245,8.092224152875016,5.769508286134142,5.769508286134142,4.4688670232519145,4.4688670232519145,2.940069476208282,2.940069476208282,2.272042726111305,2.272042726111305,-1.8899999999999997,7288.169889817288,11.591173619756482,4.540801384307476,2.282410670451013,102.10978788319122,0.0,0.0,5.783244946364939,0.0,0.0,4.794537184071822,0.0,0.0,48.02802097092827,31.898114582465865,11.126902983393991,0.0,4.794537184071822,5.783244946364939,0.0,20.771211599071872,0.0,70.28182693771626,0.0,0.0,0.0,5.783244946364939,0.0,20.771211599071872,32.6117946425568,42.46456947923127,0.0,17.07,0.0,4.794537184071822,5.783244946364939,0.0,22.253805966787983,5.563451491696996,0.0,44.179309741689295,19.056471336613846,0.0,0.0,12.399263038548751,0.0,4.89043598303519,0.1116666666666668,13.553872406987486,0.0,6.044761904761905,0.0,0.1875,17,0,1,0,0,2,2,1,0,1,2,0,0,2,3.8428600000000026,70.52750000000003,0,0,0,0,0,0,1,1,0,3,2,0,0,0,1,0,0,0,0,0,0
CCCCCCc1ccc2ccccc2c1,407.0,2.3346022297808013,1.227018140589569,2.3346022297808013,1.227018140589569,0.6142229283848258,212.336,192.176,212.15650064,84,-0.0181300279826149,-0.0653823817435942,0.0653823817435942,0.0181300279826149,0.8125,1.625,2.4375,14.01160307976996,10.022167868850628,1.9580716465448664,-2.031704140608917,2.1683246223352666,-1.8556295440057708,5.824561576894203,0.666908574860379,2.0203736306945013,442.4875161237212,11.217332181807452,10.07698579026012,10.07698579026012,7.898178147766923,6.376044312682032,6.376044312682032,4.492163144857134,4.492163144857134,3.132881920581221,3.132881920581221,2.150192360082885,2.150192360082885,-1.2999999999999998,6475.216374233287,11.193326301269828,5.693712798577649,2.849584487534626,98.30272033761185,0.0,0.0,0.0,0.0,0.0,0.0,0.0,0.0,68.65077154769992,29.177543166478607,0.0,0.0,0.0,10.772448428929591,0.0,39.02784531432067,0.0,48.02802097092827,0.0,0.0,0.0,0.0,6.4208216229260096,0.0,38.17047518309165,42.46456947923127,10.772448428929591,0.0,0.0,0.0,0.0,0.0,0.0,48.44000803525664,0.0,0.0,49.38830667892189,0.0,0.0,0.0,2.7178701079197114,1.481299130763417,0.0,15.43806466085822,6.602820375254989,2.2599457252036617,0.0,0.375,16,0,0,0,0,2,2,0,0,0,5,0,0,2,4.962600000000004,71.79400000000004,0,0,0,0,0,0,0,0,0,1,2,1,0,0,0,0,0,0,0,0,2
CC(=C)C1C(CC(CC1)C)C1=CC=CC=C1,477.0,4.1795809712774,0.6931481481481481,4.1795809712774,0.6931481481481481,0.6212896276063791,214.35200000000003,192.176,214.172150704,86,-0.0094008458786531,-0.0998386802682535,0.0998386802682535,0.0094008458786531,1.1875,1.875,2.5,14.33902108373991,9.692467265801648,2.2930800328375742,-2.353876696014203,2.426828282772968,-2.2231807429037342,5.235983141609011,0.2775514118008396,2.2399501367378543,349.5608766972156,11.543605595440512,10.4472292782632,10.4472292782632,7.681540550352055,6.385264026684269,6.385264026684269,5.388246662638887,5.388246662638887,3.973179612531896,3.973179612531896,3.03933683439988,3.03933683439988,-1.04,5139.35807979382,11.44554971388371,4.862176834184359,2.3713356296855723,99.38539007774958,0.0,0.0,0.0,0.0,0.0,0.0,0.0,0.0,55.82843437859245,43.082550075723816,0.0,0.0,0.0,0.0,11.835812092322788,39.02784531432067,0.0,48.04732704767281,0.0,0.0,0.0,0.0,0.0,11.835812092322788,44.59129680601767,42.48387555597581,0.0,0.0,0.0,0.0,0.0,11.835812092322788,5.917906046161393,30.39902089054429,0.0,0.0,50.7582454252878,0.0,0.0,0.0,0.0,2.8637065381708244,2.251718631897203,10.969243433484506,3.998473403250189,8.750191326530611,0.0,0.5,16,0,0,1,1,1,1,0,0,0,2,1,1,2,4.782500000000004,70.50200000000005,0,0,0,0,0,0,0,0,1,0,1,0,0,0,0,0,0,0,0,0,0
C(C)(C)C1C=CC(C2=CC=CC=C12)C(C)C,500.0,2.414351851851852,0.6029629629629628,2.414351851851852,0.6029629629629628,0.6239572024678344,214.352,192.176,214.172150704,86,0.0044122328256972,-0.0801179024767037,0.0801179024767037,0.0044122328256972,0.75,1.125,1.4375,14.294061600236883,9.738947902196037,2.2506703989218617,-2.304957423252815,2.3980324316258788,-2.160616096913688,5.41702634228751,0.5194163141476917,2.4566696642446018,347.77971325833266,11.706742302257044,10.77350269189626,10.77350269189626,7.609060905280621,6.380768281804423,6.380768281804423,5.553418012614797,5.553418012614797,3.676495252013324,3.676495252013324,2.727445042643615,2.727445042643615,-1.04,4590.626216120341,11.44554971388371,4.447865580497518,1.934040021633316,99.38539007774952,0.0,0.0,0.0,0.0,0.0,0.0,0.0,0.0,64.1124572862767,22.96271507571678,11.835812092322788,0.0,0.0,0.0,11.835812092322788,39.53076089108528,0.0,47.544411470908194,0.0,0.0,0.0,0.0,0.0,11.835812092322788,50.65766387447927,36.417508487514205,0.0,0.0,0.0,0.0,0.0,23.671624184645573,0.0,0.0,11.126902983393991,0.0,64.1124572862767,0.0,0.0,0.0,0.0,3.0809259259259263,2.577244897959183,8.951666666666668,4.828703703703704,9.228125472411186,0.0,0.5,16,0,0,1,1,1,1,0,0,0,2,0,0,2,4.735600000000004,70.74000000000005,0,0,0,0,0,0,0,0,2,0,1,1,0,0,0,0,0,0,0,0,0
C(CCCCCC)C=1C=C2CCCC2=CC1,435.0,2.4604702853363567,1.2886848072562358,2.4604702853363567,1.2886848072562358,0.6051992626371734,216.368,192.176,216.187800768,88,-0.0272872545188415,-0.0653823832171863,0.0653823832171863,0.0272872545188415,0.9375,1.75,2.625,14.14997923510148,10.01182535217984,2.0967811944291004,-2.045791753078922,2.23108527310481,-1.893635026860617,5.347729506669708,0.6318872420343632,1.7694812434921148,324.81023714834686,11.217332181807452,10.596011838247806,10.596011838247806,7.898178147766922,7.005800824678954,7.005800824678954,5.120829626379588,5.120829626379588,3.731911458379164,3.731911458379164,2.7133559045178,2.7133559045178,-0.78,7889.779214022754,11.698014233998917,6.0785529501888735,3.103728345201404,100.07499310993384,0.0,0.0,0.0,0.0,0.0,0.0,0.0,0.0,50.80612489677949,48.79446258972104,0.0,0.0,0.0,0.0,0.0,64.71113180602472,0.0,34.88945568047582,0.0,0.0,0.0,0.0,19.26246486877803,0.0,62.13902141233767,18.19910120538483,0.0,0.0,0.0,0.0,0.0,0.0,0.0,57.7873946063341,16.690354475090988,0.0,25.12283840507545,0.0,0.0,0.0,0.0,4.8036478203667965,0.0,7.176426288107836,12.241654201995562,2.2782716895298063,0.0,0.625,16,0,0,1,1,1,1,0,0,0,6,0,0,2,4.688200000000005,70.93000000000005,0,0,0,0,0,0,0,0,0,3,1,1,0,0,0,0,0,0,0,0,3
C1CCC(C1)C(C2CCCC2)C3CCCC3,410.0,1.5810185185185186,1.1446296296296294,1.5810185185185186,1.1446296296296294,0.6150153126395823,220.39999999999992,192.176,220.219100896,92,-0.0328996155453661,-0.0530213106532224,0.0530213106532224,0.0328996155453661,0.4375,0.6875,0.9375,14.435572048332151,9.709551612620407,2.3822516491124768,-2.341336337317449,2.487156396798526,-2.265995758943248,4.887046850621224,0.1492130828445911,1.6979430069807089,164.03910001730776,10.794682450997076,10.794682450997076,10.794682450997076,7.949489742783179,7.949489742783178,7.949489742783178,6.710960386475681,6.710960386475681,5.8324829046386295,5.8324829046386295,5.181571367406147,5.181571367406147,0.0,13274.133868999848,11.11111111111111,5.104166666666667,2.172635445362718,101.195889283191,0.0,0.0,0.0,0.0,0.0,0.0,0.0,0.0,77.04985947511214,23.671624184645573,0.0,0.0,0.0,0.0,23.671624184645573,77.04985947511214,0.0,0.0,0.0,0.0,0.0,0.0,0.0,23.671624184645573,77.04985947511214,0.0,0.0,0.0,0.0,0.0,0.0,0.0,23.671624184645573,0.0,77.04985947511214,0.0,0.0,0.0,0.0,0.0,0.0,0.0,4.593611111111111,0.0,18.739722222222223,0.0,0.0,1.0,16,0,0,3,3,0,0,0,0,0,3,3,3,3,5.173200000000005,69.36400000000006,0,0,0,0,0,0,0,0,0,0,0,0,0,0,0,0,0,0,0,0,0
CCC(CC1CCCCC1)C2CCCCC2,581.0,2.4326377078609225,1.0725925925925923,2.4326377078609225,1.0725925925925923,0.583629502363461,222.41599999999997,192.176,222.23475096,94,-0.038583442327631,-0.0651078151718102,0.0651078151718102,0.038583442327631,0.8125,1.375,1.9375,14.3082092032477,9.725518037642134,2.251555698409676,-2.3311331912637057,2.379315275655439,-2.210278647114379,4.769294414306854,0.1848218830657471,1.7829393206016528,172.4773317567079,11.217332181807452,11.217332181807452,11.217332181807452,7.898178147766923,7.898178147766922,7.898178147766922,6.306156147354402,6.306156147354402,5.201701610797599,5.201701610797599,4.149015679599481,4.149015679599481,0.0,6971.182472083917,12.456747404844291,6.666666666666667,3.5,102.20172043672024,0.0,0.0,0.0,0.0,0.0,0.0,0.0,0.0,77.55277505187675,24.174539761410188,0.0,0.0,0.0,0.0,17.75371813848418,83.97359667480276,0.0,0.0,0.0,0.0,0.0,0.0,0.0,17.75371813848418,83.97359667480276,0.0,0.0,0.0,0.0,0.0,0.0,0.0,17.75371813848418,44.94575136048208,32.10410811463005,0.0,6.923737199690624,0.0,0.0,0.0,0.0,0.0,3.268243575207861,0.0,18.29911871693122,2.4326377078609225,0.0,1.0,16,0,0,2,2,0,0,0,0,0,4,2,2,2,5.563300000000005,71.54800000000006,0,0,0,0,0,0,0,0,0,0,0,0,0,0,0,0,0,0,0,0,0
CCCCCCCCCCc1ccccc1,446.0,2.2776386865199094,1.2597222222222222,2.2776386865199094,1.2597222222222222,0.4887484730401746,218.384,192.176,218.203450832,90,-0.0278872279393073,-0.0653823832227926,0.0653823832227926,0.0278872279393073,0.6875,1.25,1.875,13.990470121902504,10.042943323144163,1.929673848155772,-2.017990838085384,2.104490796372826,-1.8534246911741272,5.138952186706733,0.5753307796614997,1.8867858752137916,237.4750399341736,11.476845205801297,10.75071237662706,10.75071237662706,7.931851652578137,6.971343774302779,6.971343774302779,4.710472293806403,4.710472293806403,3.161829882562212,3.161829882562212,2.1076848595574726,2.1076848595574726,-0.78,5191.514912958029,13.285703022339028,9.446279835979087,6.657444777633443,101.08082426346309,0.0,0.0,0.0,0.0,0.0,0.0,0.0,0.0,82.20132390248077,18.40509473754901,0.0,0.0,0.0,0.0,0.0,64.71113180602472,0.0,35.89528683400505,0.0,0.0,0.0,0.0,6.4208216229260096,0.0,63.853761674795706,30.33183534230805,0.0,0.0,0.0,0.0,0.0,0.0,0.0,63.3508460980311,0.0,0.0,37.255572541998674,0.0,0.0,0.0,0.0,1.493965726850377,0.0,10.847113138896876,12.547949114399506,2.2776386865199094,0.0,0.625,16,0,0,0,0,1,1,0,0,0,9,0,0,1,5.369800000000005,72.75600000000006,0,0,0,0,0,0,0,0,0,1,1,0,0,0,0,0,0,0,0,0,6
C(CCC)C1=C(C=CC=C1)CCCCCC,439.0,2.3164077853363567,1.2643364197530864,2.3164077853363567,1.2643364197530864,0.5291507412729468,218.3839999999999,192.176,218.203450832,90,-0.0276139901868698,-0.0653823817435848,0.0653823817435848,0.0276139901868698,0.6875,1.25,1.8125,14.05937105049216,9.973378344685925,2.0033971324757034,-2.0826909341904445,2.1510806982883253,-1.942575954391544,5.268164236845812,0.6623623099588886,2.43064505358786,275.1217287664019,11.639981912617824,10.966255326250886,10.966255326250886,7.880540057561881,6.948670612749268,6.948670612749268,4.682923890818128,4.682923890818128,3.217722912843068,3.217722912843068,2.1547302549092504,2.1547302549092504,-0.78,4783.811186031378,13.285703022339028,8.381007175029442,4.828492536597919,101.08082426346304,0.0,0.0,0.0,0.0,0.0,0.0,0.0,0.0,63.79622916493173,36.81018947509803,0.0,0.0,0.0,0.0,0.0,65.21404738278933,0.0,35.392371257240434,0.0,0.0,0.0,0.0,12.84164324585202,0.0,63.499307120331295,24.26546827384644,0.0,0.0,0.0,0.0,0.0,0.0,0.0,51.36657298340809,11.126902983393991,0.0,38.112942673227685,0.0,0.0,0.0,0.0,3.173982898715042,0.0,8.992945562484254,10.62567450166476,4.540730370469277,0.0,0.625,16,0,0,0,0,1,1,0,0,0,8,0,0,1,5.152000000000005,72.90000000000006,0,0,0,0,0,0,0,0,0,2,1,0,0,0,0,0,0,0,0,0,2
CCCCCCCCC(C)c1ccccc1,452.0,2.348587569286974,0.7290510571512554,2.348587569286974,0.7290510571512554,0.5024112147657873,218.384,192.176,218.203450832,90,-0.0190386757266526,-0.0653823832227926,0.0653823832227926,0.0190386757266526,0.875,1.5,2.1875,14.085070773702167,9.946385279995615,2.031229073420955,-2.107620794724172,2.2122852036935754,-1.926858106273461,5.178893829373625,0.5568917435095493,2.090070357863853,250.00063728104436,11.639981912617824,10.91384908344359,10.91384908344359,7.842535255101095,6.892064077957808,6.892064077957808,4.868173260374747,4.868173260374747,3.359298322858121,3.359298322858121,2.1790923097185586,2.1790923097185586,-0.78,4806.553742457715,13.285703022339028,8.381007175029442,5.344008008480588,101.08082426346309,0.0,0.0,0.0,0.0,0.0,0.0,0.0,0.0,82.70423947924537,17.9021791607844,0.0,0.0,0.0,0.0,0.0,64.71113180602471,0.0,35.89528683400505,0.0,0.0,0.0,0.0,0.0,0.0,70.2745832977217,30.33183534230805,0.0,0.0,0.0,0.0,0.0,0.0,5.917906046161393,50.50920285217907,0.0,0.0,44.179309741689295,0.0,0.0,0.0,0.0,1.496350177416646,0.7290510571512554,10.893482688797892,9.757253695261902,4.623862381372302,0.0,0.625,16,0,0,0,0,1,1,0,0,0,8,0,0,1,5.5407000000000055,72.85000000000007,0,0,0,0,0,0,0,0,0,0,1,0,0,0,0,0,0,0,0,0,4
CC1=C(C=C(C=C1)C)CCCCCCCC,455.0,2.348587569286974,1.2635300925925923,2.348587569286974,1.2635300925925923,0.5512896278220638,218.3839999999999,192.176,218.203450832,90,-0.0276146795813809,-0.0653823832227824,0.0653823832227824,0.0276146795813809,0.875,1.5625,2.3125,14.040620212256623,9.992496831404182,1.9827681097184469,-2.065408054734574,2.145969863002565,-1.90909120356761,5.299007190524278,0.6067449375671871,2.2349029992198024,298.9066619574483,11.803118619434356,11.181798275874712,11.181798275874712,7.736382105218448,6.798694043492407,6.798694043492407,4.947705899171595,4.947705899171595,3.304304123491006,3.304304123491006,2.1653730775268043,2.1653730775268043,-0.78,3956.174572901129,13.285703022339028,7.486274741812776,4.828492536597919,101.08082426346306,0.0,0.0,0.0,0.0,0.0,0.0,0.0,0.0,62.7903980114025,37.81602062862726,0.0,0.0,0.0,0.0,0.0,65.71696295955395,0.0,34.88945568047582,0.0,0.0,0.0,0.0,6.4208216229260096,13.847474399381248,62.13902141233767,18.19910120538483,0.0,0.0,0.0,0.0,0.0,0.0,0.0,56.07265434387607,5.563451491696996,0.0,38.9703128044567,0.0,0.0,0.0,0.0,4.403919168103422,0.0,6.8087375318584735,9.600686338189496,6.686656961848611,0.0,0.625,16,0,0,0,0,1,1,0,0,0,7,0,0,1,5.206440000000005,72.99600000000005,0,0,0,0,0,0,0,0,0,3,1,0,0,0,0,0,0,0,0,0,4
C1CCC(CC1)CCCCC2CCCCC2,429.0,1.5483333333333331,1.1112091101872847,1.5483333333333331,1.1112091101872847,0.5227873367066348,222.41599999999997,192.176,222.23475096,94,-0.0414285774596783,-0.0532857102053942,0.0532857102053942,0.0414285774596783,0.5,0.875,1.25,14.206067814365088,9.829270134797293,2.146037672650251,-2.230765800819662,2.3042390480202566,-2.0764987950244644,4.680656825873766,0.3028735536620178,1.4711083487211083,140.87712379549453,11.05419547499092,11.05419547499092,11.05419547499092,7.949489742783179,7.949489742783178,7.949489742783178,6.292528739883946,6.292528739883946,4.924234614174767,4.924234614174767,3.817655005731029,3.817655005731029,0.0,7326.416514466414,12.456747404844291,7.35,4.472589792060491,102.20172043672024,0.0,0.0,0.0,0.0,0.0,0.0,0.0,0.0,89.89150272096417,11.835812092322788,0.0,0.0,0.0,0.0,11.835812092322788,89.89150272096417,0.0,0.0,0.0,0.0,0.0,0.0,0.0,11.835812092322788,89.89150272096417,0.0,0.0,0.0,0.0,0.0,0.0,0.0,11.835812092322788,51.36657298340809,38.524929737556064,0.0,0.0,0.0,0.0,0.0,0.0,0.0,2.222418220374569,0.0,21.444248446292097,0.0,0.0,1.0,16,0,0,2,2,0,0,0,0,0,5,2,2,2,5.707400000000006,71.61800000000007,0,0,0,0,0,0,0,0,0,0,0,0,0,0,0,0,0,0,0,0,1
CCCCC1CCC(CC1)C2CCCCC2,423.0,2.3270419676390093,1.0970282974300831,2.3270419676390093,1.0970282974300831,0.583629502363461,222.4159999999999,192.176,222.23475096,94,-0.0385643186414643,-0.0653822096214751,0.0653822096214751,0.0385643186414643,0.75,1.375,2.0,14.331220537333216,9.701671399396153,2.2746146006528125,-2.354929137909682,2.403877365419941,-2.2311110228578186,4.793238232143841,0.1622986738122774,1.6737470393013392,170.4773317567079,11.217332181807452,11.217332181807452,11.217332181807452,7.898178147766923,7.898178147766922,7.898178147766922,6.321124219092914,6.321124219092914,5.173833945275049,5.173833945275049,4.04668225369404,4.04668225369404,0.0,6891.023944935331,12.456747404844291,6.666666666666667,3.5,102.20172043672022,0.0,0.0,0.0,0.0,0.0,0.0,0.0,0.0,71.13195342895074,30.5953613843362,0.0,0.0,0.0,0.0,17.75371813848418,83.97359667480276,0.0,0.0,0.0,0.0,0.0,0.0,0.0,17.75371813848418,83.97359667480276,0.0,0.0,0.0,0.0,0.0,0.0,0.0,17.75371813848418,38.524929737556064,38.524929737556064,0.0,6.923737199690624,0.0,0.0,0.0,0.0,0.0,3.346150216259343,0.0,18.326807816101645,2.3270419676390093,0.0,1.0,16,0,0,2,2,0,0,0,0,0,4,2,2,2,5.563300000000005,71.54800000000006,0,0,0,0,0,0,0,0,0,0,0,0,0,0,0,0,0,0,0,0,0
CC(CCC1CCCCC1)C2CCCCC2,412.0,2.526600292894936,1.015950491307634,2.526600292894936,1.015950491307634,0.583629502363461,222.41599999999997,192.176,222.23475096,94,-0.0388475077425379,-0.0622445185289808,0.0622445185289808,0.0388475077425379,0.8125,1.375,2.0,14.269290114056968,9.764782004651554,2.211338242763279,-2.293155291886647,2.345910978158237,-2.16648486735846,4.7329725797204,0.226409779088989,1.6331955838170882,172.4773317567079,11.217332181807452,11.217332181807452,11.217332181807452,7.860173345306138,7.860173345306137,7.860173345306137,6.456760094491517,6.456760094491517,5.209569398169023,5.209569398169023,3.913313419203965,3.913313419203965,0.0,6818.994323164689,12.456747404844291,6.666666666666667,3.7856,102.20172043672024,0.0,0.0,0.0,0.0,0.0,0.0,0.0,0.0,83.97359667480276,17.75371813848418,0.0,0.0,0.0,0.0,17.75371813848418,83.97359667480276,0.0,0.0,0.0,0.0,0.0,0.0,0.0,17.75371813848418,83.97359667480276,0.0,0.0,0.0,0.0,0.0,0.0,0.0,17.75371813848418,77.04985947511214,0.0,0.0,6.923737199690624,0.0,0.0,0.0,0.0,0.0,3.1938496787603925,0.0,18.279550028344676,2.526600292894936,0.0,1.0,16,0,0,2,2,0,0,0,0,0,4,2,2,2,5.563300000000005,71.54800000000006,0,0,0,0,0,0,0,0,0,0,0,0,0,0,0,0,0,0,0,0,0
CCCC(C1CCCCC1)C2CCCCC2,420.0,2.387552437641723,1.1024074074074073,2.387552437641723,1.1024074074074073,0.583629502363461,222.41599999999997,192.176,222.23475096,94,-0.0357516524479679,-0.0653719020151632,0.0653719020151632,0.0357516524479679,0.75,1.1875,1.5625,14.353409639400232,9.67970587572268,2.29843236499624,-2.375283691151518,2.4145323916347987,-2.267226591544816,4.809493315717145,0.1337233164563868,1.9057380192464572,154.47733175670794,11.217332181807452,11.217332181807452,11.217332181807452,7.915014900172529,7.91501490017253,7.91501490017253,6.2487099378263045,6.2487099378263045,5.1326660170687495,5.1326660170687495,4.314276318193268,4.314276318193268,0.0,7042.818206258036,12.456747404844291,6.666666666666667,3.2455418381344305,102.20172043672024,0.0,0.0,0.0,0.0,0.0,0.0,0.0,0.0,83.97359667480276,17.75371813848418,0.0,0.0,0.0,0.0,17.75371813848418,83.97359667480276,0.0,0.0,0.0,0.0,0.0,0.0,0.0,17.75371813848418,83.97359667480276,0.0,0.0,0.0,0.0,0.0,0.0,0.0,17.75371813848418,51.36657298340809,25.68328649170404,0.0,6.923737199690624,0.0,0.0,0.0,0.0,0.0,3.3187037037037035,0.0,18.29374385865457,2.387552437641723,0.0,1.0,16,0,0,2,2,0,0,0,0,0,4,2,2,2,5.563300000000005,71.54800000000006,0,0,0,0,0,0,0,0,0,0,0,0,0,0,0,0,0,0,0,0,0
CCC(C)(C1CCCCC1)C2CCCCC2,419.0,2.623981481481481,0.6813888888888889,2.623981481481481,0.6813888888888889,0.5859020388582418,222.4159999999999,192.176,222.23475096,94,-0.0271844750654928,-0.0648425491422519,0.0648425491422519,0.0271844750654928,0.75,1.125,1.4375,14.446865165694124,9.58571338094038,2.395572841525878,-2.465617682544459,2.4996353460880423,-2.3681219944527574,4.899056471450734,0.0361872053653006,2.02797136434147,176.0838499786226,11.432875131431278,11.432875131431278,11.432875131431278,7.7710036028249,7.7710036028249,7.7710036028249,6.529239739562951,6.529239739562951,5.8373964830106,5.8373964830106,4.434792849540985,4.434792849540985,0.0,6327.816245321165,12.456747404844291,5.55765595463138,2.4620187304890737,102.20172043672024,0.0,0.0,0.0,0.0,0.0,0.0,0.0,0.0,58.79322575986333,42.934089053423605,0.0,0.0,0.0,0.0,17.250802561719567,84.47651225156739,0.0,0.0,0.0,0.0,0.0,0.0,0.0,17.250802561719567,84.47651225156739,0.0,0.0,0.0,0.0,0.0,0.0,5.41499046939678,11.835812092322788,70.62903785218613,0.0,0.0,13.847474399381248,0.0,0.0,0.0,0.0,0.6813888888888889,2.100648148148148,0.0,16.56301776266062,5.071611866969009,0.0,1.0,16,0,0,2,2,0,0,0,0,0,3,2,2,2,5.563300000000005,71.54800000000006,0,0,0,0,0,0,0,0,0,0,0,0,0,0,0,0,0,0,0,0,0
CCCCOC(=O)c1ccccc1C(=O)OCCCC,484.6,11.944744819223985,-0.4708411806080452,11.944744819223985,0.2686125283446712,0.5382823793200492,278.348,256.172,278.151809184,110,0.3385059645525906,-0.4620783967394106,0.4620783967394106,0.3385059645525906,0.85,1.25,1.6,16.53910627741684,10.08490658612528,2.180538790479376,-2.089385574101829,2.1232332074785645,-2.144501922949257,6.026113618839689,0.0452117368183287,2.7123913375014235,398.85794216890986,14.794682450997078,12.185034925733245,12.185034925733245,9.7019072626078,7.135410681680073,7.135410681680073,4.524528945358464,4.524528945358464,2.8289865989409635,2.8289865989409635,1.6130257701644908,1.6130257701644908,-1.84,29244.90307293612,16.215066079295156,9.125580158740505,5.034776863662885,119.63095892256436,9.473725907600098,0.0,0.0,0.0,11.9386105759037,0.0,9.589074368143644,0.0,38.821851782156486,24.97437738277524,0.0,24.340666912419827,19.06280027574374,11.9386105759037,0.0,39.53076089108528,13.213763929025836,35.392371257240434,0.0,0.0,0.0,25.152374504929536,9.473725907600098,0.0,60.246738242622925,24.26546827384644,0.0,52.60000000000001,11.9386105759037,9.589074368143644,11.126902983393991,13.213763929025836,25.68328649170404,0.0,24.26546827384644,13.847474399381248,0.0,9.473725907600098,10.27647833207357,23.88948963844797,0.0,0.5372250566893424,-0.9416823612160904,6.591131109851348,3.533411858881181,4.780613031939344,0.0,0.5,20,0,4,0,0,1,1,4,0,4,8,0,0,1,3.600400000000003,76.82300000000005,0,0,0,0,0,0,2,2,0,0,1,0,2,2,0,0,0,0,0,0,2
C1(=CC=C(C=C1)C(=O)OCCCC)C(=O)OCCCC,501.0,11.673140596726906,-0.35708302598409,11.673140596726906,0.3570830259840896,0.5382823793200491,278.348,256.172,278.151809184,110,0.3376180120346106,-0.4620972965702901,0.4620972965702901,0.3376180120346106,0.8,1.15,1.45,16.536266243480043,10.13113003436303,2.1003076360790423,-2.05666234489072,2.0807003645368383,-2.0859006314858446,5.928226198759997,0.0484880205313862,2.503712391104127,381.6079421689099,14.794682450997076,12.185034925733245,12.185034925733245,9.685070510202191,7.129427617536367,7.129427617536367,4.55629543256538,4.55629543256538,2.8183994587592385,2.8183994587592385,1.527468168991747,1.527468168991747,-1.84,29109.937706721517,16.215066079295156,9.125580158740505,5.427055709863555,119.63095892256432,9.473725907600098,0.0,0.0,0.0,11.9386105759037,0.0,9.589074368143644,0.0,26.689117645233267,37.107111519698464,0.0,24.340666912419827,19.06280027574374,11.9386105759037,0.0,39.53076089108528,13.213763929025836,35.392371257240434,0.0,0.0,0.0,25.152374504929536,9.473725907600098,0.0,60.246738242622925,24.26546827384644,0.0,52.60000000000001,0.0,9.589074368143644,11.9386105759037,24.340666912419827,25.68328649170404,0.0,24.26546827384644,13.847474399381248,0.0,9.473725907600098,10.186321425187767,23.34628119345381,0.0,0.9003912089527168,-0.7141660519681796,6.351956727135299,3.6734058742617535,4.922476289643498,0.0,0.5,20,0,4,0,0,1,1,4,0,4,8,0,0,1,3.600400000000003,76.82300000000005,0,0,0,0,0,0,2,2,0,0,1,0,2,2,0,0,0,0,0,0,2
C=1(C(=CC=CC1)C(=O)OCC(C)C)C(=O)OCC(C)C,482.0,11.982530391786344,-0.4900028344671201,11.982530391786344,0.2490784791240232,0.7490451628929792,278.348,256.172,278.151809184,110,0.3385157867179323,-0.4618049420157123,0.4618049420157123,0.3385157867179323,0.85,1.2,1.5,16.53968016765314,10.082260961700609,2.188908734398765,-2.11299574656414,2.129047273135618,-2.167501710155308,6.026220931578349,0.041219960146133,2.8159257531056765,420.2996060326553,15.120955864630137,12.511308339366304,12.511308339366304,9.413591357920934,6.847094776993209,6.847094776993209,5.5302009072760905,5.5302009072760905,2.4624138712610044,2.4624138712610044,1.4793257107336155,1.4793257107336155,-1.84,21117.89119317602,16.215066079295156,7.677258014999342,5.034776863662885,119.63095892256432,9.473725907600098,0.0,0.0,0.0,11.9386105759037,0.0,9.589074368143644,0.0,39.82768293568572,23.96854622924601,0.0,24.340666912419827,19.06280027574374,11.9386105759037,11.835812092322788,27.694948798762496,13.213763929025836,35.392371257240434,0.0,0.0,0.0,25.152374504929536,9.473725907600098,11.835812092322788,48.41092615030013,24.26546827384644,0.0,52.60000000000001,11.9386105759037,9.589074368143644,22.96271507571678,13.213763929025836,0.0,0.0,24.26546827384644,27.694948798762496,0.0,9.473725907600098,10.31841506046863,23.96506078357269,0.0,0.5035298563869997,-0.481848710686193,6.55520030234316,0.0,8.472976041248048,0.0,0.5,20,0,4,0,0,1,1,4,0,4,6,0,0,1,3.3122000000000025,76.68300000000005,0,0,0,0,0,0,2,2,0,0,1,0,2,2,0,0,0,0,0,0,0
C(C=1C(C(=O)OC(C)CC)=CC=CC1)(=O)OC(C)CC,477.0,12.06458530171328,-0.489767101284958,12.06458530171328,0.1794981943394644,0.746020549373849,278.34800000000007,256.172,278.151809184,110,0.3387722342462522,-0.4590729930525898,0.4590729930525898,0.3387722342462522,0.9,1.25,1.55,16.548981289196977,10.080620520190031,2.207057440616316,-2.145588609352078,2.1457873548234145,-2.1979176330806984,6.027237128423428,0.028502443023516,2.9264796889489,424.2996060326553,15.12095586463014,12.511308339366304,12.511308339366304,9.489600962842504,7.000662052588456,7.000662052588456,4.793932015488573,4.793932015488573,3.133166856818445,3.133166856818445,1.4982000489904652,1.4982000489904652,-1.8399999999999996,23614.046387629696,16.215066079295156,7.677258014999342,4.367819870879364,119.63095892256436,9.473725907600098,0.0,0.0,0.0,11.9386105759037,0.0,9.589074368143644,0.0,25.980208536304467,38.821851782156486,0.0,23.3348357588906,19.06280027574374,11.9386105759037,0.0,52.74452482011112,0.0,35.392371257240434,0.0,0.0,0.0,24.146543351400304,9.473725907600098,0.0,61.25256939615216,24.26546827384644,0.0,52.60000000000001,11.9386105759037,9.589074368143644,23.3348357588906,0.0,12.84164324585202,0.0,24.26546827384644,27.694948798762496,0.0,9.473725907600098,10.521977040816328,24.12917060342656,0.0,0.5020427059712775,-0.979534202569916,6.565781840513983,1.0958094013036286,7.498085943871478,0.0,0.5,20,0,4,0,0,1,1,4,0,4,6,0,0,1,3.5972000000000026,76.77900000000005,0,0,0,0,0,0,2,2,0,0,1,0,2,2,0,0,0,0,0,0,0
C(C1=CC=C(C(=O)OCC(C)C)C=C1)(=O)OCC(C)C,501.0,11.706900974156117,-0.3742613326194679,11.706900974156117,0.2955874880449607,0.7490451628929792,278.348,256.172,278.151809184,110,0.3376278342840737,-0.4618238418618788,0.4618238418618788,0.3376278342840737,0.8,1.1,1.35,16.536843960844497,10.127546159637983,2.113339980788036,-2.0848928151767687,2.0877190264114875,-2.1180115308601013,5.9283627493754985,0.0445147921038355,2.5916969479737677,403.0496060326553,15.120955864630137,12.511308339366304,12.511308339366304,9.396754605515328,6.841111712849501,6.841111712849501,5.561967394483007,5.561967394483007,2.4518267310792803,2.4518267310792803,1.393768109560873,1.393768109560873,-1.84,21016.9540348695,16.215066079295156,7.677258014999342,5.427055709863555,119.63095892256432,9.473725907600098,0.0,0.0,0.0,11.9386105759037,0.0,9.589074368143644,0.0,27.694948798762496,36.10128036616923,0.0,24.340666912419827,19.06280027574374,11.9386105759037,11.835812092322788,27.694948798762496,13.213763929025836,35.392371257240434,0.0,0.0,0.0,25.152374504929536,9.473725907600098,11.835812092322788,48.41092615030013,24.26546827384644,0.0,52.60000000000001,0.0,9.589074368143644,11.9386105759037,36.17647900474262,0.0,0.0,24.26546827384644,27.694948798762496,0.0,9.473725907600098,10.22738738784464,23.413801948312223,0.0,0.8723325564793818,-0.1573476891490135,6.312014361300076,0.0,8.66514476854602,0.0,0.5,20,0,4,0,0,1,1,4,0,4,6,0,0,1,3.3122000000000025,76.68300000000005,0,0,0,0,0,0,2,2,0,0,1,0,2,2,0,0,0,0,0,0,0
C(C1=CC(C(=O)OCC(C)C)=CC=C1)(=O)OCC(C)C,500.0,11.815704548794828,-0.4192503884269751,11.815704548794828,0.2760553141009487,0.7490451628929792,278.348,256.172,278.151809184,110,0.3376536069505523,-0.4618235643625919,0.4618235643625919,0.3376536069505523,0.9,1.3,1.65,16.537217151024542,10.1178768465883,2.129027822258012,-2.0910133605321586,2.0967725398542325,-2.127917003740214,5.94787710326626,0.0456212533952197,2.6952810783187746,424.0496060326553,15.12095586463014,12.511308339366304,12.511308339366304,9.396754605515326,6.841111712849501,6.841111712849501,5.565421718176956,5.565421718176956,2.42949763171002,2.42949763171002,1.4245125796266322,1.4245125796266322,-1.84,20888.85529781367,16.215066079295156,7.677258014999342,5.427055709863555,119.63095892256436,9.473725907600098,0.0,0.0,0.0,11.9386105759037,0.0,9.589074368143644,0.0,33.761315867224106,30.034913297707615,0.0,24.340666912419827,19.06280027574374,11.9386105759037,11.835812092322788,27.694948798762496,13.213763929025836,35.392371257240434,0.0,0.0,0.0,25.152374504929536,9.473725907600098,11.835812092322788,48.41092615030013,24.26546827384644,0.0,52.60000000000001,11.9386105759037,9.589074368143644,11.835812092322788,24.340666912419827,0.0,6.06636706846161,18.19910120538483,27.694948798762496,0.0,9.473725907600098,10.262770429159318,23.631409097589653,0.0,0.7308276643990936,-0.2863901486520528,6.409748677248677,0.0,8.584967613588645,0.0,0.5,20,0,4,0,0,1,1,4,0,4,6,0,0,1,3.3122000000000016,76.68300000000005,0,0,0,0,0,0,2,2,0,0,1,0,2,2,0,0,0,0,0,0,0
C(CCCC)C1CCC(CC1)CCCCC,469.0,2.310150723523115,1.091643649743848,2.310150723523115,1.091643649743848,0.4466196353755984,224.4319999999999,192.176,224.250401024,96,-0.0414083181230608,-0.0653823818351081,0.0653823818351081,0.0414083181230608,0.625,1.0,1.3125,14.253970044455372,9.777241796042292,2.195495983469629,-2.2812084088648983,2.339340942765097,-2.140953502022278,4.722383260243354,0.24472826020277,1.996507579975367,124.11730005192324,11.639981912617824,11.639981912617824,11.639981912617824,7.863703305156274,7.863703305156273,7.863703305156273,5.878315177510851,5.878315177510851,4.398178147766922,4.398178147766922,3.1748598491509403,3.1748598491509403,0.0,4683.025881141163,14.0625,9.074074074074074,5.915,103.20755159024944,0.0,0.0,0.0,0.0,0.0,0.0,0.0,0.0,90.89733387449338,11.835812092322788,0.0,0.0,0.0,0.0,11.835812092322788,90.89733387449338,0.0,0.0,0.0,0.0,0.0,0.0,0.0,11.835812092322788,90.89733387449338,0.0,0.0,0.0,0.0,0.0,0.0,0.0,11.835812092322788,51.36657298340809,25.68328649170404,0.0,13.847474399381248,0.0,0.0,0.0,0.0,0.0,2.183287299487696,0.0,17.863077920132742,4.62030144704623,0.0,1.0,16,0,0,1,1,0,0,0,0,0,8,1,1,1,5.953400000000007,73.73200000000007,0,0,0,0,0,0,0,0,0,0,0,0,0,0,0,0,0,0,0,0,2
C(CCC)C1C(CCCC1)CCCCCC,471.0,2.3324219454387203,1.0928949357520783,2.3324219454387203,1.0928949357520783,0.4466196353755984,224.4319999999999,192.176,224.250401024,96,-0.038584580732884,-0.0653823832174866,0.0653823832174866,0.038584580732884,0.6875,1.25,1.8125,14.28821158731032,9.74268392407168,2.2314772120721025,-2.3140493132643014,2.361304834915991,-2.190789642819603,4.750304411534397,0.203098742315254,2.178617453366346,150.11730005192322,11.639981912617824,11.639981912617824,11.639981912617824,7.880540057561881,7.88054005756188,7.88054005756188,5.796180192710584,5.796180192710584,4.423433276375333,4.423433276375333,3.344152508578321,3.344152508578321,0.0,4783.811186031378,14.0625,9.074074074074074,5.365079365079365,103.20755159024944,0.0,0.0,0.0,0.0,0.0,0.0,0.0,0.0,90.89733387449338,11.835812092322788,0.0,0.0,0.0,0.0,11.835812092322788,90.89733387449338,0.0,0.0,0.0,0.0,0.0,0.0,0.0,11.835812092322788,90.89733387449338,0.0,0.0,0.0,0.0,0.0,0.0,0.0,11.835812092322788,64.20821622926012,12.84164324585202,0.0,13.847474399381248,0.0,0.0,0.0,0.0,0.0,2.187483938019652,0.0,17.836580979996835,4.642601748650179,0.0,1.0,16,0,0,1,1,0,0,0,0,0,8,1,1,1,5.953400000000007,73.73200000000007,0,0,0,0,0,0,0,0,0,0,0,0,0,0,0,0,0,0,0,0,2
CCCCCCCCCCC1CCCCC1,463.9,2.29580613207247,1.1054086992285943,2.29580613207247,1.1054086992285943,0.4151969866955487,224.43199999999996,192.176,224.250401024,96,-0.0414285788501592,-0.0653823832227926,0.0653823832227926,0.0414285788501592,0.6875,1.25,1.875,14.176309198863256,9.85374264519356,2.1161455902545736,-2.206402102032804,2.2756017382805074,-2.0516050774444508,4.651381325175168,0.3276035508713607,1.7674060882925826,132.97373660251156,11.476845205801297,11.476845205801297,11.476845205801297,7.931851652578137,7.931851652578136,7.931851652578136,5.767584713501615,5.767584713501615,4.190670697680657,4.190670697680657,3.0427109793486977,3.0427109793486977,0.0,5191.514912958029,14.0625,10.173010380622838,7.302469135802469,103.20755159024948,0.0,0.0,0.0,0.0,0.0,0.0,0.0,0.0,96.8152399206548,5.917906046161393,0.0,0.0,0.0,0.0,5.917906046161393,96.8152399206548,0.0,0.0,0.0,0.0,0.0,0.0,0.0,5.917906046161393,96.8152399206548,0.0,0.0,0.0,0.0,0.0,0.0,0.0,5.917906046161393,89.89150272096417,0.0,0.0,6.923737199690624,0.0,0.0,0.0,0.0,0.0,1.1054086992285943,0.0,20.932118502032267,2.29580613207247,0.0,1.0,16,0,0,1,1,0,0,0,0,0,9,1,1,1,6.097500000000006,73.80200000000006,0,0,0,0,0,0,0,0,0,0,0,0,0,0,0,0,0,0,0,0,6
C(=C)C(CCCC)CCC=CCCCCC,476.0,3.9292431133380807,0.7363350077685393,3.9292431133380807,0.7363350077685393,0.3016276905943207,222.416,192.176,222.23475096,94,-0.0233247244971225,-0.1028033214557471,0.1028033214557471,0.0233247244971225,0.875,1.5625,2.1875,14.0632909162819,9.966564406570235,2.0070260486045037,-2.090005857402804,2.157718140587709,-1.9447442837814783,4.855301806733639,0.522833365656441,3.418961120255398,166.8771237954945,12.0626316434282,11.38046888862398,11.38046888862398,7.846065214951232,7.122121681359076,7.122121681359076,4.682547146731464,4.682547146731464,3.1069366954476068,3.1069366954476068,1.904544848238331,1.904544848238331,-0.52,3462.5361313597296,15.480000000000002,12.549060773480663,10.013408626110316,102.83417667941016,0.0,0.0,0.0,0.0,0.0,0.0,0.0,6.578935683598497,57.75882121158693,38.02201416079144,0.0,0.0,0.0,0.0,5.917906046161393,71.63486900571534,0.0,24.80699600410014,0.0,0.0,0.0,0.0,0.0,5.917906046161393,71.63486900571534,24.80699600410014,0.0,0.0,0.0,0.0,0.0,0.0,5.917906046161393,57.7873946063341,0.0,0.0,38.65447040348138,0.0,0.0,0.0,0.0,0.0,0.7363350077685393,0.0,18.65395899844663,8.443039327118164,0.0,0.75,16,0,0,0,0,0,0,0,0,0,11,0,0,0,5.8955000000000055,75.72800000000007,0,0,0,0,0,0,0,0,3,0,0,0,0,0,0,0,0,0,0,0,2
CCCCCCCCCCCCCCC=C,495.24,3.7495666751674808,1.20578231292517,3.7495666751674808,1.20578231292517,0.2555739292987677,224.43199999999996,192.176,224.250401024,96,-0.0353412931099218,-0.1030829789362716,0.1030829789362716,0.0353412931099218,0.625,1.0,1.375,13.98453007226337,10.048830015519012,1.9203369204729777,-2.015372038458172,2.117743980488385,-1.81797313395503,4.647737619592706,0.5446751554240902,2.850877637356492,126.0,11.899494936611667,11.476845205801297,11.476845205801297,7.914213562373096,7.523603362114273,7.523603362114273,4.966437565715636,4.966437565715636,3.2618016810571366,3.2618016810571366,2.129665392264544,2.129665392264544,-0.26,3682.875586750231,15.739999999999998,14.74,13.74,103.52377971159444,0.0,0.0,0.0,0.0,0.0,0.0,0.0,6.578935683598497,83.62879515871063,12.84164324585202,0.0,0.0,0.0,0.0,0.0,90.39441829772878,0.0,12.654955790432378,0.0,0.0,0.0,0.0,0.0,0.0,90.39441829772878,12.654955790432378,0.0,0.0,0.0,0.0,0.0,0.0,0.0,83.47068109803816,0.0,6.076020106833881,13.502672883289122,0.0,0.0,0.0,0.0,0.0,0.0,0.0,20.466341655332247,6.033658344667752,0.0,0.875,16,0,0,0,0,0,0,0,0,0,13,0,0,0,6.263600000000007,75.89200000000007,0,0,0,0,0,0,0,0,1,0,0,0,0,0,0,0,0,0,0,0,11
CCCCCC=CCCCCCCCCC,496.0,2.3905783100277147,1.2959722222222223,2.3905783100277147,1.2959722222222223,0.2708148486748056,224.4319999999999,192.176,224.250401024,96,-0.035073467390472,-0.0885392835503402,0.0885392835503402,0.035073467390472,0.5,0.875,1.4375,13.952575372272866,10.08009709141784,1.8881183474328156,-1.984399452562164,2.086418295116058,-1.7861577607934211,4.806323261767835,0.5915644820525053,2.968328700312896,134.97373660251154,11.899494936611667,11.639981912617824,11.639981912617824,7.914213562373096,7.564043476634154,7.564043476634154,4.877181914726847,4.877181914726847,3.11535507165041,3.11535507165041,1.9671864365723917,1.9671864365723917,-0.26,3682.875586750231,15.739999999999998,14.74,13.74,103.52377971159444,0.0,0.0,0.0,0.0,0.0,0.0,0.0,0.0,77.36608759645709,25.68328649170404,0.0,0.0,0.0,0.0,0.0,90.89733387449338,0.0,12.152040213667762,0.0,0.0,0.0,0.0,0.0,0.0,90.89733387449338,12.152040213667762,0.0,0.0,0.0,0.0,0.0,0.0,0.0,77.04985947511214,0.0,0.0,25.99951461304901,0.0,0.0,0.0,0.0,0.0,0.0,0.0,21.45278491848152,4.547215081518487,0.0,0.875,16,0,0,0,0,0,0,0,0,0,12,0,0,0,6.263600000000006,75.89200000000007,0,0,0,0,0,0,0,0,2,0,0,0,0,0,0,0,0,0,0,0,8
CCCCCCCCCCCC1CCCC1,503.0,2.294664927197499,1.11532796767059,2.294664927197499,1.11532796767059,0.3933911539768187,224.43199999999996,192.176,224.250401024,96,-0.0414285760798144,-0.0653823832227926,0.0653823832227926,0.0414285760798144,0.6875,1.1875,1.75,14.190628414263406,9.98656931091238,2.130734622825992,-2.0738186851421645,2.287659971067168,-1.9210233497043705,4.664631437701145,0.459998354730238,1.7078433737241951,132.97373660251156,11.476845205801297,11.476845205801297,11.476845205801297,7.931851652578137,7.931851652578136,7.931851652578136,5.767584713501615,5.767584713501615,4.190670697680657,4.190670697680657,3.042710979348698,3.042710979348698,0.0,6482.145504329953,14.0625,10.173010380622838,7.302469135802469,103.20755159024948,0.0,0.0,0.0,0.0,0.0,0.0,0.0,0.0,96.8152399206548,5.917906046161393,0.0,0.0,0.0,0.0,5.917906046161393,96.8152399206548,0.0,0.0,0.0,0.0,0.0,0.0,0.0,5.917906046161393,96.8152399206548,0.0,0.0,0.0,0.0,0.0,0.0,0.0,5.917906046161393,89.89150272096417,0.0,0.0,6.923737199690624,0.0,0.0,0.0,0.0,0.0,1.11532796767059,0.0,20.92334043846525,2.294664927197499,0.0,1.0,16,0,0,1,1,0,0,0,0,0,10,1,1,1,6.097500000000006,73.80200000000006,0,0,0,0,0,0,0,0,0,0,0,0,0,0,0,0,0,0,0,0,7
CC(C)(C=CC(CCCCCCCC)C)C,483.0,2.3948838655832705,0.3426447292836632,2.3948838655832705,0.3426447292836632,0.3514991583679666,224.43199999999996,192.176,224.250401024,96,-0.0203071638088939,-0.0851678374337943,0.0851678374337943,0.0203071638088939,0.9375,1.5,2.0625,14.104556233115058,9.926713871646774,2.0467366701695004,-2.1314662963053848,2.184033954994626,-2.001509532545195,4.941352632910583,0.5178834268548695,3.4386940460344424,170.967556752381,12.441311299868556,12.181798275874712,12.181798275874712,7.454507021897173,7.148047142101516,7.148047142101516,6.258868131934876,6.258868131934876,2.937777235169452,2.937777235169452,1.7958095346856715,1.7958095346856715,-0.26,2127.421039647203,15.739999999999998,8.842268899766006,11.812780203784571,103.5237797115944,0.0,0.0,0.0,0.0,0.0,0.0,0.0,0.0,85.29565594967694,17.75371813848418,0.0,0.0,0.0,0.0,11.332896515558172,79.5644373589352,0.0,12.152040213667762,0.0,0.0,0.0,0.0,0.0,11.332896515558172,79.5644373589352,12.152040213667762,0.0,0.0,0.0,0.0,0.0,5.41499046939678,5.917906046161393,44.94575136048208,0.0,0.0,46.77072621212088,0.0,0.0,0.0,0.0,0.3426447292836632,0.7550001312253294,0.0,14.57243983752439,11.41324863529995,0.0,0.875,16,0,0,0,0,0,0,0,0,0,8,0,0,0,5.975400000000006,75.75200000000007,0,0,0,0,0,0,0,0,2,0,0,0,0,0,0,0,0,0,0,0,4
CCCCCCCCCCCCCCCC,509.52,2.290220141722493,1.372777777777778,2.290220141722493,1.372777777777778,0.3149047241460033,226.44799999999992,192.176,226.266051088,98,-0.0533059727891253,-0.0653823832227926,0.0653823832227926,0.0533059727891253,0.3125,0.5,0.6875,13.98776472858045,10.046019746831565,1.9232346627840136,-2.0184904120617637,2.120864728580438,-1.8208802531684365,4.479764728580435,0.5380197468315645,2.828262412638549,92.6059378176129,11.899494936611667,11.899494936611667,11.899494936611667,7.914213562373096,7.914213562373094,7.914213562373094,5.242640687119284,5.242640687119284,3.457106781186547,3.457106781186547,2.2677669529663675,2.2677669529663675,0.0,3682.875586750231,16.0,15.0,14.0,104.2133827437787,0.0,0.0,0.0,0.0,0.0,0.0,0.0,0.0,103.7389771203454,0.0,0.0,0.0,0.0,0.0,0.0,103.7389771203454,0.0,0.0,0.0,0.0,0.0,0.0,0.0,0.0,103.7389771203454,0.0,0.0,0.0,0.0,0.0,0.0,0.0,0.0,89.89150272096417,0.0,0.0,13.847474399381248,0.0,0.0,0.0,0.0,0.0,0.0,0.0,20.41955971655501,4.580440283444987,0.0,1.0,16,0,0,0,0,0,0,0,0,0,13,0,0,0,6.487600000000007,75.98600000000008,0,0,0,0,0,0,0,0,0,0,0,0,0,0,0,0,0,0,0,0,11
CC(C)CCCCCCCCCCCCC,528.0,2.329664586166938,0.901449673091746,2.329664586166938,0.901449673091746,0.3403852026073357,226.44799999999992,192.176,226.266051088,98,-0.0471325761511882,-0.0653823832227926,0.0653823832227926,0.0471325761511882,0.5625,0.9375,1.3125,14.010671695525998,10.022981999535384,1.946800186691489,-2.0408578935386745,2.130139804095898,-1.8694631542068425,4.4950476972597775,0.5042820754247478,2.880310190687724,115.20671786825557,12.0626316434282,12.0626316434282,12.0626316434282,7.7700556100296625,7.770055610029662,7.770055610029662,5.7180558906449015,5.7180558906449015,3.3850278050148304,3.3850278050148304,2.2167994201343637,2.2167994201343637,0.0,3073.4820565622117,16.0,13.066666666666666,14.0,104.2133827437787,0.0,0.0,0.0,0.0,0.0,0.0,0.0,0.0,97.82107107418402,5.917906046161393,0.0,0.0,0.0,0.0,5.917906046161393,97.82107107418402,0.0,0.0,0.0,0.0,0.0,0.0,0.0,5.917906046161393,97.82107107418402,0.0,0.0,0.0,0.0,0.0,0.0,0.0,5.917906046161393,77.04985947511214,0.0,0.0,20.771211599071872,0.0,0.0,0.0,0.0,0.0,0.901449673091746,0.0,17.483706228271387,6.948177431970201,0.0,1.0,16,0,0,0,0,0,0,0,0,0,12,0,0,0,6.343500000000007,75.91600000000007,0,0,0,0,0,0,0,0,0,0,0,0,0,0,0,0,0,0,0,0,9
CCCCCCC(CCC)CCCCCC,504.0,2.338378842277652,1.0404743008314434,2.338378842277652,1.0404743008314434,0.3403852026073357,226.44799999999992,192.176,226.266051088,98,-0.0414386381321136,-0.0653823832174964,0.0653823832174964,0.0414386381321136,0.5,1.0,1.375,14.123965304426576,9.90727514361116,2.0637292739711235,-2.1529310417220127,2.2202290989085074,-2.001786045178482,4.597495619294156,0.3793927790715163,3.454017378626512,105.20671786825558,12.0626316434282,12.0626316434282,12.0626316434282,7.846065214951233,7.846065214951231,7.846065214951231,5.3533711511285205,5.3533711511285205,3.628775077636812,3.628775077636812,2.560839786733794,2.560839786733794,0.0,3374.475645180095,16.0,13.066666666666666,10.515555555555556,104.21338274377868,0.0,0.0,0.0,0.0,0.0,0.0,0.0,0.0,97.821071074184,5.917906046161393,0.0,0.0,0.0,0.0,5.917906046161393,97.821071074184,0.0,0.0,0.0,0.0,0.0,0.0,0.0,5.917906046161393,97.821071074184,0.0,0.0,0.0,0.0,0.0,0.0,0.0,5.917906046161393,77.04985947511214,0.0,0.0,20.771211599071872,0.0,0.0,0.0,0.0,0.0,1.0404743008314434,0.0,17.354730151702558,6.938128880799336,0.0,1.0,16,0,0,0,0,0,0,0,0,0,12,0,0,0,6.343500000000007,75.91600000000007,0,0,0,0,0,0,0,0,0,0,0,0,0,0,0,0,0,0,0,0,4
CC(CCCCC)CCCCCCCCC,511.0,2.4372449766943816,0.974251674435206,2.4372449766943816,0.974251674435206,0.3403852026073357,226.44799999999992,192.176,226.266051088,98,-0.0442800769837405,-0.0653823832227926,0.0653823832227926,0.0442800769837405,0.5625,0.9375,1.5,14.06934598310088,9.962254306197972,2.007402804804093,-2.099644942731883,2.170583100012371,-1.9439392788616416,4.545065290130178,0.4359788637209016,3.055514579514486,117.20671786825557,12.0626316434282,12.0626316434282,12.0626316434282,7.808060412490447,7.8080604124904465,7.8080604124904465,5.510949109458354,5.510949109458354,3.600953631303899,3.600953631303899,2.337042908137442,2.337042908137442,0.0,3255.803094712374,16.0,13.066666666666666,12.071428571428571,104.21338274377868,0.0,0.0,0.0,0.0,0.0,0.0,0.0,0.0,97.821071074184,5.917906046161393,0.0,0.0,0.0,0.0,5.917906046161393,97.821071074184,0.0,0.0,0.0,0.0,0.0,0.0,0.0,5.917906046161393,97.821071074184,0.0,0.0,0.0,0.0,0.0,0.0,0.0,5.917906046161393,77.04985947511214,0.0,0.0,20.771211599071872,0.0,0.0,0.0,0.0,0.0,0.974251674435206,0.0,17.339544546906907,7.01953711199122,0.0,1.0,16,0,0,0,0,0,0,0,0,0,12,0,0,0,6.343500000000007,75.91600000000007,0,0,0,0,0,0,0,0,0,0,0,0,0,0,0,0,0,0,0,0,6
CCCCC(CC)CCC(CC)CCCC,482.0,2.3683749842529607,1.0098393801965229,2.3683749842529607,1.0098393801965229,0.3933033811682241,226.44799999999995,192.176,226.266051088,98,-0.0416809037431099,-0.0653822096267725,0.0653822096267725,0.0416809037431099,0.5625,0.9375,1.1875,14.162062744401544,9.87027202898444,2.102520626628909,-2.189255638752293,2.247855194006374,-2.0477874827685656,4.630646231054371,0.3378640381711677,3.688202894262997,112.0,12.22576835024473,12.22576835024473,12.22576835024473,7.7779168675293695,7.777916867529369,7.777916867529369,5.410354708062403,5.410354708062403,4.069715438551781,4.069715438551781,2.562174795967059,2.562174795967059,0.0,3261.46720525052,16.0,11.484375,8.186851211072664,104.21338274377868,0.0,0.0,0.0,0.0,0.0,0.0,0.0,0.0,91.9031650280226,11.835812092322788,0.0,0.0,0.0,0.0,11.835812092322788,91.9031650280226,0.0,0.0,0.0,0.0,0.0,0.0,0.0,11.835812092322788,91.9031650280226,0.0,0.0,0.0,0.0,0.0,0.0,0.0,11.835812092322788,64.20821622926012,0.0,0.0,27.694948798762496,0.0,0.0,0.0,0.0,0.0,2.0196787603930457,0.0,14.293540620334452,9.353447285939168,0.0,1.0,16,0,0,0,0,0,0,0,0,0,11,0,0,0,6.199400000000007,75.84600000000007,0,0,0,0,0,0,0,0,0,0,0,0,0,0,0,0,0,0,0,0,0
CCC(CC)(CC)CCC(CC)(CC)CC,451.0,2.373528911564626,0.6297222222222222,2.373528911564626,0.6297222222222222,0.4389075423717776,226.44799999999995,192.176,226.266051088,98,-0.0305112391974655,-0.0648532069846982,0.0648532069846982,0.0305112391974655,0.4375,0.625,0.75,14.3503538249855,9.682271319171583,2.296585195197266,-2.371525753981072,2.4284664029714103,-2.242567975746104,4.815301651566521,0.1464755733318865,4.481968734222547,124.34779878251368,12.65685424949238,12.65685424949238,12.65685424949238,7.571067811865477,7.571067811865474,7.571067811865474,5.621320343559643,5.621320343559643,5.685660171779821,5.685660171779821,3.0909902576697315,3.0909902576697315,0.0,2803.607076639729,16.0,7.35,3.7856,104.21338274377868,0.0,0.0,0.0,0.0,0.0,0.0,0.0,0.0,80.0673529356998,23.67162418464558,0.0,0.0,0.0,0.0,10.82998093879356,92.90899618155184,0.0,0.0,0.0,0.0,0.0,0.0,0.0,10.82998093879356,92.90899618155184,0.0,0.0,0.0,0.0,0.0,0.0,10.82998093879356,0.0,51.36657298340809,0.0,0.0,41.54242319814374,0.0,0.0,0.0,0.0,1.2594444444444444,0.0,0.0,10.9993820861678,14.241173469387755,0.0,1.0,16,0,0,0,0,0,0,0,0,0,9,0,0,0,6.199400000000007,75.84600000000007,0,0,0,0,0,0,0,0,0,0,0,0,0,0,0,0,0,0,0,0,0
CCCCCCCC(CO)CCCCCCC,542.0,9.331428099017383,0.404320987654321,9.331428099017383,0.404320987654321,0.4335587029948033,242.44699999999992,208.17499999999995,242.260965708,104,0.0458764208576886,-0.3960881674359828,0.3960881674359828,0.0458764208576886,0.6470588235294118,1.0588235294117647,1.411764705882353,16.250991130056534,9.94852889043722,2.060568154456252,-2.1318932266206416,2.1773620362506243,-2.0559241142708906,4.587776881130777,0.2038895028603935,3.2974429744400635,119.48686830125575,12.769738424614747,12.216952020114704,12.216952020114704,8.346065214951231,7.955186199781522,7.955186199781522,5.45437698355531,5.45437698355531,3.6900505423252974,3.6900505423252974,2.400043938103446,2.400043938103446,-0.04,5687.750831388341,16.96,14.02265664160401,12.210626566416042,109.00761649597467,5.106527394840706,0.0,0.0,0.0,0.0,0.0,0.0,0.0,78.05569062864136,18.75954929201341,6.606881964512918,0.0,5.106527394840706,0.0,5.917906046161393,90.89733387449338,6.606881964512918,0.0,0.0,0.0,0.0,11.713409359353625,0.0,5.917906046161393,90.89733387449338,0.0,0.0,20.23,0.0,5.106527394840706,0.0,12.52478801067431,0.0,77.04985947511214,0.0,0.0,13.847474399381248,0.0,0.0,0.0,9.331428099017383,0.0,0.5817157974300828,0.0,16.00231859788532,4.917870839000543,0.0,1.0,17,1,1,0,0,0,0,1,1,1,13,0,0,0,5.315900000000005,77.32780000000007,0,1,1,0,0,0,0,0,0,0,0,0,0,0,0,0,0,0,0,0,6
CCCCCCCCCC(CO)CCCCC,542.0,9.298027903884236,0.402330353629055,9.298027903884236,0.402330353629055,0.4335587029948033,242.44699999999995,208.17499999999995,242.260965708,104,0.0458764208523488,-0.396088167435993,0.396088167435993,0.0458764208523488,0.6470588235294118,1.0588235294117647,1.588235294117647,16.250991066812254,9.951397325850598,2.0581569371886337,-2.1294702253030224,2.174177477547588,-2.0549480688028554,4.585021966941366,0.20410803872058,3.2458681220872085,133.48686830125578,12.769738424614747,12.216952020114704,12.216952020114704,8.346065214951233,7.955186199781522,7.955186199781522,5.454376983555311,5.454376983555311,3.690050542325298,3.690050542325298,2.400043938103446,2.400043938103446,-0.04,5683.261510298323,16.96,14.02265664160401,12.210626566416042,109.0076164959747,5.106527394840706,0.0,0.0,0.0,0.0,0.0,0.0,0.0,78.05569062864136,18.75954929201341,6.606881964512918,0.0,5.106527394840706,0.0,5.917906046161393,90.89733387449338,6.606881964512918,0.0,0.0,0.0,0.0,11.713409359353625,0.0,5.917906046161393,90.89733387449338,0.0,0.0,20.23,0.0,5.106527394840706,0.0,12.52478801067431,0.0,77.04985947511214,0.0,0.0,13.847474399381248,0.0,0.0,0.0,9.298027903884236,0.0,0.5807331559166875,0.0,16.04589124934668,4.908681024185728,0.0,1.0,17,1,1,0,0,0,0,1,1,1,13,0,0,0,5.315900000000005,77.32780000000007,0,1,1,0,0,0,0,0,0,0,0,0,0,0,0,0,0,0,0,0,6
CCCCCCCCCCC(CO)CCCC,543.0,9.25246468352706,0.3993055555555556,9.25246468352706,0.3993055555555556,0.4335587029948033,242.44699999999995,208.17499999999995,242.260965708,104,0.0458764194593201,-0.3960881674415584,0.3960881674415584,0.0458764194593201,0.6470588235294118,1.1176470588235294,1.6470588235294117,16.250990840351875,9.956066149079074,2.0540395961162226,-2.1254015961336536,2.1694906519954844,-2.052892994931907,4.580538114523833,0.2046658633492193,3.186750209601871,133.48686830125578,12.769738424614747,12.216952020114704,12.216952020114704,8.346065214951233,7.955186199781522,7.955186199781522,5.45437698355531,5.45437698355531,3.690050542325298,3.690050542325298,2.3866072113346086,2.3866072113346086,-0.04,5707.381707277637,16.96,14.02265664160401,12.210626566416042,109.0076164959747,5.106527394840706,0.0,0.0,0.0,0.0,0.0,0.0,0.0,78.05569062864136,18.75954929201341,6.606881964512918,0.0,5.106527394840706,0.0,5.917906046161393,90.89733387449338,6.606881964512918,0.0,0.0,0.0,0.0,11.713409359353625,0.0,5.917906046161393,90.89733387449338,0.0,0.0,20.23,0.0,5.106527394840706,0.0,12.52478801067431,0.0,77.04985947511214,0.0,0.0,13.847474399381248,0.0,0.0,0.0,9.25246468352706,0.0,0.5787420325619279,0.0,16.10672132655663,4.895405290687716,0.0,1.0,17,1,1,0,0,0,0,1,1,1,13,0,0,0,5.315900000000006,77.32780000000007,0,1,1,0,0,0,0,0,0,0,0,0,0,0,0,0,0,0,0,0,6
CCCCCCCCCCCC(CO)CCC,543.0,9.180309884723908,0.3937080867850098,9.180309884723908,0.3937080867850098,0.4335587029948033,242.44699999999995,208.17499999999995,242.260965708,104,0.0458762461163893,-0.396088168899981,0.396088168899981,0.0458762461163893,0.6470588235294118,1.1764705882352942,1.6470588235294117,16.250989763468432,9.965325581530193,2.045390266473076,-2.117057581702127,2.161451785252813,-2.047559997758408,4.571662839514048,0.2062999579366403,3.112270225251242,133.48686830125578,12.769738424614747,12.216952020114704,12.216952020114704,8.346065214951233,7.955186199781522,7.955186199781522,5.45437698355531,5.45437698355531,3.6710481410949054,3.6710481410949054,2.478832917268364,2.478832917268364,-0.04,5657.830817322649,16.96,14.02265664160401,12.210626566416042,109.0076164959747,5.106527394840706,0.0,0.0,0.0,0.0,0.0,0.0,0.0,78.05569062864136,18.75954929201341,6.606881964512918,0.0,5.106527394840706,0.0,5.917906046161393,90.89733387449338,6.606881964512918,0.0,0.0,0.0,0.0,11.713409359353625,0.0,5.917906046161393,90.89733387449338,0.0,0.0,20.23,0.0,5.106527394840706,0.0,12.52478801067431,0.0,77.04985947511214,0.0,0.0,13.847474399381248,0.0,0.0,0.0,9.180309884723908,0.0,0.5736613010039235,0.0,16.206644842240635,4.872717305364866,0.0,1.0,17,1,1,0,0,0,0,1,1,1,13,0,0,0,5.315900000000006,77.32780000000007,0,1,1,0,0,0,0,0,0,0,0,0,0,0,0,0,0,0,0,0,7
CCCCCCCCCCCCC(CC)CO,551.0,9.069527571798735,0.3828656462585034,9.069527571798735,0.3828656462585034,0.4335587029948033,242.44699999999995,208.17499999999995,242.260965708,104,0.0458662473531889,-0.3960883514121203,0.3960883514121203,0.0458662473531889,0.7058823529411765,1.1764705882352942,1.588235294117647,16.250982725644402,9.983483196552244,2.0266117275693185,-2.099707729008607,2.1486289673823915,-2.033235138283875,4.553871765989623,0.2113409405249714,3.027862705562124,129.48686830125578,12.769738424614747,12.216952020114704,12.216952020114704,8.346065214951233,7.955186199781521,7.955186199781521,5.427503530017633,5.427503530017633,3.801474985225856,3.801474985225856,2.3449602519917163,2.3449602519917163,-0.04,5762.604966696707,16.96,14.02265664160401,12.210626566416042,109.0076164959747,5.106527394840706,0.0,0.0,0.0,0.0,0.0,0.0,0.0,84.47651225156737,12.338727669087405,6.606881964512918,0.0,5.106527394840706,0.0,5.917906046161393,90.89733387449338,6.606881964512918,0.0,0.0,0.0,0.0,11.713409359353625,0.0,5.917906046161393,90.89733387449338,0.0,0.0,20.23,0.0,0.0,0.0,12.52478801067431,6.4208216229260096,70.62903785218613,0.0,0.0,13.847474399381248,5.106527394840706,0.0,0.0,9.069527571798735,0.0,0.5592998611617144,0.0,16.370116460671046,4.834389439701836,0.0,1.0,17,1,1,0,0,0,0,1,1,1,13,0,0,0,5.315900000000006,77.32780000000007,0,1,1,0,0,0,0,0,0,0,0,0,0,0,0,0,0,0,0,0,8
CCCCCCCCC(CO)CCCCCC,535.0,9.32331311075088,0.4038541666666666,9.32331311075088,0.4038541666666666,0.4335587029948033,242.44699999999992,208.17499999999995,242.260965708,104,0.0458764208576788,-0.3960881674359828,0.3960881674359828,0.0458764208576788,0.6470588235294118,1.0588235294117647,1.5294117647058822,16.25099112002912,9.949170959519195,2.060027331461412,-2.131351223232125,2.176609509467289,-2.055726406236709,4.587147894501302,0.2039354559687468,3.2841558880602304,133.48686830125578,12.769738424614747,12.216952020114704,12.216952020114704,8.346065214951231,7.955186199781522,7.955186199781522,5.454376983555311,5.454376983555311,3.690050542325298,3.690050542325298,2.400043938103446,2.400043938103446,-0.04,5695.902307543379,16.96,14.02265664160401,12.210626566416042,109.0076164959747,5.106527394840706,0.0,0.0,0.0,0.0,0.0,0.0,0.0,78.05569062864136,18.75954929201341,6.606881964512918,0.0,5.106527394840706,0.0,5.917906046161393,90.89733387449338,6.606881964512918,0.0,0.0,0.0,0.0,11.713409359353625,0.0,5.917906046161393,90.89733387449338,0.0,0.0,20.23,0.0,5.106527394840706,0.0,12.52478801067431,0.0,77.04985947511214,0.0,0.0,13.847474399381248,0.0,0.0,0.0,9.32331311075088,0.0,0.5815104297891993,0.0,16.012828880702155,4.9156809120911,0.0,1.0,17,1,1,0,0,0,0,1,1,1,13,0,0,0,5.315900000000005,77.32780000000007,0,1,1,0,0,0,0,0,0,0,0,0,0,0,0,0,0,0,0,0,6
C(C(=O)OCCCCCCC)(=O)OCCCCCCC,581.0,11.301359949474126,-0.8527317439321405,11.301359949474126,0.3136385109599393,0.3088234778220401,286.41200000000003,256.172,286.21440944,118,0.4169715237383536,-0.4572778948439758,0.4572778948439758,0.4169715237383536,0.6,0.95,1.3,16.597715652711944,10.154495004945762,2.159303185724493,-2.052854514648164,2.036500508992787,-2.208828281976437,6.291825663298143,-0.1673874932256566,3.3997386854378586,224.86142724108407,15.05419547499092,13.118274536094026,13.118274536094026,9.718744015013408,8.058060412490446,8.058060412490446,5.100265506935395,5.100265506935395,3.1287614251751226,3.1287614251751226,1.8588150298629424,1.8588150298629424,-1.06,22280.62065703773,18.94,14.35123583728531,11.998586610972906,122.76351740287998,9.473725907600098,0.0,0.0,0.0,11.9386105759037,0.0,9.589074368143644,0.0,65.21404738278933,12.84164324585202,0.0,13.213763929025836,19.06280027574374,11.9386105759037,0.0,78.05569062864136,13.213763929025836,0.0,0.0,0.0,0.0,25.152374504929536,19.06280027574374,0.0,78.05569062864136,0.0,0.0,52.60000000000001,11.9386105759037,9.589074368143644,0.0,13.213763929025836,38.524929737556064,25.68328649170404,0.0,0.0,13.847474399381248,9.473725907600098,9.732279373564548,22.60271989894825,0.0,0.0,-1.705463487864281,0.0,10.77436482471712,4.9294327239676985,0.0,0.875,20,0,4,0,0,0,0,4,0,4,12,0,0,0,4.013600000000003,79.43600000000006,0,0,0,0,0,0,2,2,0,0,0,0,2,2,0,0,0,0,0,0,8
C(CCCCCCCCC(=O)OCCC)(=O)OCCC,578.0,11.22479414847911,-0.0782225893289481,11.22479414847911,0.0782225893289478,0.3789528119191027,286.41200000000003,256.172,286.21440944,118,0.3052773449505184,-0.4656860577146765,0.4656860577146765,0.3052773449505184,0.65,1.0,1.35,16.53565645076732,10.082906811735183,2.027065016443391,-2.0391028729960654,2.092699767712785,-2.0465173110319053,5.690446252896725,-0.1443044970323987,3.2021078902925706,224.86142724108407,15.05419547499092,13.118274536094026,13.118274536094026,9.7019072626078,8.015167193676994,8.015167193676994,5.06226070447461,5.06226070447461,2.946149392182621,2.946149392182621,1.8219145289414385,1.8219145289414385,-1.06,21569.100888843943,18.94,14.35123583728531,13.373502483815122,122.76351740287996,9.473725907600098,0.0,0.0,0.0,11.9386105759037,9.589074368143644,0.0,0.0,39.53076089108528,25.68328649170404,12.84164324585202,13.213763929025836,19.06280027574374,11.9386105759037,0.0,78.05569062864136,13.213763929025836,0.0,0.0,0.0,0.0,25.152374504929536,19.06280027574374,0.0,78.05569062864136,0.0,0.0,52.60000000000001,0.0,9.589074368143644,11.9386105759037,26.055407174877857,51.36657298340809,0.0,0.0,13.847474399381248,0.0,9.473725907600098,10.009006312843308,22.44958829695822,0.0,0.0,-0.1564451786578959,0.0,8.979037784150368,5.052146118039334,0.0,0.875,20,0,4,0,0,0,0,4,0,4,13,0,0,0,4.013600000000004,79.43600000000006,0,0,0,0,0,0,2,2,0,0,0,0,2,2,0,0,0,0,0,0,5
C(CCCCC(=O)OCCCCC)(=O)OCCCCC,541.0,11.3564258475465,-0.1551701823342333,11.3564258475465,0.1551701823342333,0.3789528119191027,286.412,256.172,286.21440944,118,0.3052777469771937,-0.4656750048459382,0.4656750048459382,0.3052777469771937,0.65,1.05,1.4,16.535898260593033,10.170584733825338,2.054094161995505,-2.05029965869802,2.044353258924971,-2.0757728165859284,5.70103514930724,-0.1456212347367941,3.3244017748416343,224.86142724108407,15.05419547499092,13.118274536094026,13.118274536094026,9.7019072626078,8.015167193676994,8.015167193676994,5.062260704474611,5.062260704474611,3.0336830175001177,3.0336830175001177,1.759145315052297,1.759145315052297,-1.06,21433.392141798708,18.94,14.35123583728531,13.373502483815122,122.76351740287996,9.473725907600098,0.0,0.0,0.0,11.9386105759037,9.589074368143644,0.0,0.0,39.53076089108528,25.68328649170404,12.84164324585202,13.213763929025836,19.06280027574374,11.9386105759037,0.0,78.05569062864136,13.213763929025836,0.0,0.0,0.0,0.0,25.152374504929536,19.06280027574374,0.0,78.05569062864136,0.0,0.0,52.60000000000001,0.0,9.589074368143644,11.9386105759037,38.89705042072987,38.524929737556064,0.0,0.0,0.0,13.847474399381248,9.473725907600098,10.175646978551782,22.712851695092997,0.0,0.0,-0.3103403646684666,0.0,8.486719763372212,5.26845526098481,0.0,0.875,20,0,4,0,0,0,0,4,0,4,13,0,0,0,4.013600000000004,79.43600000000006,0,0,0,0,0,0,2,2,0,0,0,0,2,2,0,0,0,0,0,0,5
C(CCCCCCC(=O)OCCCC)(=O)OCCCC,578.0,11.309159297252627,-0.0996061670155628,11.309159297252627,0.0996061670155628,0.3789528119191027,286.412,256.172,286.21440944,118,0.3052775141679078,-0.4656751917659213,0.4656751917659213,0.3052775141679078,0.65,1.05,1.4,16.53571416509327,10.114327477149484,2.038581082580889,-2.0452568145887557,2.071622483624504,-2.058903640517319,5.69168944462544,-0.1446224976368809,3.267118838193225,224.86142724108407,15.05419547499092,13.118274536094026,13.118274536094026,9.7019072626078,8.015167193676994,8.015167193676994,5.062260704474611,5.062260704474611,3.0336830175001177,3.0336830175001177,1.6972496950084524,1.6972496950084524,-1.06,21240.435372723685,18.94,14.35123583728531,13.373502483815122,122.76351740287996,9.473725907600098,0.0,0.0,0.0,11.9386105759037,9.589074368143644,0.0,0.0,39.53076089108528,25.68328649170404,12.84164324585202,13.213763929025836,19.06280027574374,11.9386105759037,0.0,78.05569062864136,13.213763929025836,0.0,0.0,0.0,0.0,25.152374504929536,19.06280027574374,0.0,78.05569062864136,0.0,0.0,52.60000000000001,0.0,9.589074368143644,11.9386105759037,26.055407174877857,51.36657298340809,0.0,0.0,0.0,13.847474399381248,9.473725907600098,10.138099422181728,22.61831859450525,0.0,0.0,-0.1992123340311256,0.0,8.55384451651227,5.222283134165205,0.0,0.875,20,0,4,0,0,0,0,4,0,4,13,0,0,0,4.013600000000004,79.43600000000006,0,0,0,0,0,0,2,2,0,0,0,0,2,2,0,0,0,0,0,0,5
CCCCCCOCCOCCOCCCCCC,584.0,5.4864027126319,0.6874727068666463,5.4864027126319,0.6874727068666463,0.3948404845846427,274.44499999999994,240.17299999999997,274.250794948,116,0.0701122739821773,-0.3790600126803956,0.3790600126803956,0.0701122739821773,0.4210526315789473,0.7894736842105263,1.1578947368421053,16.54086524998155,10.197152901828856,1.9249764729787555,-2.064048616242212,1.9909890917662585,-2.0983694362196665,4.4079273778571215,0.0132305079096812,2.8766966445353965,134.9294718557762,14.020815280171313,13.124239808003258,13.124239808003258,9.414213562373096,8.146264369941973,8.146264369941973,4.958437650647026,4.958437650647026,3.028473986232465,3.028473986232465,1.8036901593005492,1.8036901593005492,-0.12,16439.976933070877,18.88,17.88,17.879999999999995,119.5540184322993,14.210588861400147,0.0,0.0,0.0,0.0,0.0,0.0,0.0,52.372404136937305,12.84164324585202,13.213763929025836,26.427527858051672,14.210588861400147,0.0,0.0,65.21404738278933,39.64129178707751,0.0,0.0,0.0,0.0,39.64129178707751,14.210588861400147,0.0,65.21404738278933,0.0,0.0,27.69,0.0,0.0,0.0,26.427527858051672,13.213763929025836,51.36657298340809,0.0,0.0,13.847474399381248,14.210588861400147,16.411876349929962,0.0,0.0,0.0,0.0,0.0,10.101091186234797,8.98703246383524,0.0,1.0,19,0,3,0,0,0,0,3,0,3,16,0,0,0,4.196800000000003,80.74100000000007,0,0,0,0,0,0,0,0,0,0,0,0,0,3,0,0,0,0,0,0,14
C(CCc1ccccc1)CCc2ccccc2,467.0,2.219440192743764,1.2178865898211138,2.219440192743764,1.2178865898211138,0.6268678339288981,224.34699999999995,204.18699999999995,224.15650064,88,-0.0278870397839286,-0.0622487389243358,0.0622487389243358,0.0278870397839286,0.4705882352941176,0.8823529411764706,1.2941176470588236,13.997881268758698,10.036024982846456,1.940238682214558,-2.0216789362620537,2.091254959987297,-1.8787342278358667,5.151078506361763,0.6782950927295192,1.61182490542212,361.0681482751901,11.76130225617747,10.309036597828998,10.309036597828998,8.449489742783179,6.528473986232465,6.528473986232465,4.531857291086799,4.531857291086799,3.1165529839378765,3.1165529839378765,2.1243794614452147,2.1243794614452147,-1.5599999999999996,12017.077707782868,11.911818187199936,6.901972260326171,4.437744033604368,104.31320789754406,0.0,0.0,0.0,0.0,0.0,0.0,0.0,0.0,67.0844923075421,36.81018947509803,0.0,0.0,0.0,0.0,0.0,32.10410811463005,0.0,71.7905736680101,0.0,0.0,0.0,0.0,12.84164324585202,0.0,30.38936785217202,60.6636706846161,0.0,0.0,0.0,0.0,0.0,0.0,0.0,43.23101109802404,0.0,0.0,60.6636706846161,0.0,0.0,0.0,0.0,2.9300205761316875,0.0,21.53948165994793,6.363831097253716,0.0,0.0,0.2941176470588235,17,0,0,0,0,2,2,0,0,0,6,0,0,2,4.642100000000004,74.14300000000006,0,0,0,0,0,0,0,0,0,2,2,0,0,0,0,0,0,0,0,0,2
C(CCC)C1=CC=C(C=C1)CC1=CC=CC=C1,416.0,2.2717592592592597,1.036604938271605,2.2717592592592597,1.036604938271605,0.6948567606982309,224.347,204.18699999999995,224.15650064,88,-0.0025772268343335,-0.0653710717316768,0.0653710717316768,0.0025772268343335,0.7058823529411765,1.2941176470588236,1.9411764705882355,14.018246090004832,10.016137707158553,1.963888281236736,-2.0386668055410326,2.116886823826565,-1.8927693882628045,5.28184105186069,0.7945406120017371,1.984217318652287,425.3553065573314,11.924438962994,10.524579547452824,10.524579547452824,8.381341395361316,6.499817760535247,6.499817760535247,4.582425226471124,4.582425226471124,3.093049539943524,3.093049539943524,2.03624606039846,2.03624606039846,-1.5599999999999996,10790.73084202012,11.911818187199936,6.243152561456184,3.741153698827552,104.31320789754405,0.0,0.0,0.0,0.0,0.0,0.0,0.0,0.0,67.94186243877112,35.95281934386902,0.0,0.0,0.0,0.0,0.0,32.60702369139466,0.0,71.28765809124549,0.0,0.0,0.0,0.0,12.84164324585202,0.0,36.45573492063363,54.59730361615449,0.0,0.0,0.0,0.0,0.0,0.0,6.4208216229260096,35.95281934386902,0.0,0.0,61.52104081584511,0.0,0.0,0.0,0.0,4.244368832409508,0.0,19.70941520223537,4.8063625702933965,2.2398533950617283,0.0,0.2941176470588235,17,0,0,0,0,2,2,0,0,0,5,0,0,2,4.620000000000004,74.30200000000005,0,0,0,0,0,0,0,0,0,1,2,0,0,0,0,0,0,0,0,0,0
CCCCC(c1ccccc1)c2ccccc2,403.0,2.256990740740741,0.5531018518518518,2.256990740740741,0.5531018518518518,0.6694579352735232,224.347,204.18699999999995,224.15650064,88,0.0089291972714829,-0.0653818289754085,0.0653818289754085,0.0089291972714829,0.7647058823529411,1.2352941176470589,1.6470588235294117,14.161142671262986,9.870734140930468,2.1189836185262863,-2.172028762125044,2.28766293859931,-2.003192234726893,5.315670759725229,0.6501208997027516,2.257022317582423,376.8060028423248,11.924438962994,10.47217330464553,10.47217330464553,8.41501490017253,6.514072545885955,6.514072545885955,4.516181587995274,4.516181587995274,3.2502355073680795,3.2502355073680795,2.304725167830552,2.304725167830552,-1.5599999999999996,11597.285971085255,11.911818187199936,6.243152561456184,3.196576131611894,104.31320789754405,0.0,0.0,0.0,0.0,0.0,0.0,0.0,0.0,80.42905113015875,17.54772460632,5.917906046161393,0.0,0.0,0.0,0.0,32.104108114630044,0.0,71.7905736680101,0.0,0.0,0.0,0.0,0.0,0.0,43.231011098024034,60.6636706846161,0.0,0.0,0.0,0.0,0.0,5.917906046161393,0.0,30.38936785217202,0.0,0.0,67.58740788430673,0.0,0.0,0.0,0.0,2.874351851851852,0.5531018518518518,21.69536800831444,3.7868542139077856,2.256990740740741,0.0,0.2941176470588235,17,0,0,0,0,2,2,0,0,0,5,0,0,2,5.008700000000004,74.25200000000005,0,0,0,0,0,0,0,0,0,0,2,0,0,0,0,0,0,0,0,0,0
C(C1=CC=CC=C1)C(CC1=CC=CC=C1)CC,402.0,2.288240740740741,0.7498148148148146,2.288240740740741,0.7498148148148146,0.7012525365837907,224.347,204.18699999999995,224.15650064,88,-0.0247304683589429,-0.0650954098229294,0.0650954098229294,0.0247304683589429,0.7058823529411765,1.1176470588235294,1.4705882352941178,14.126484026374008,9.905298566192172,2.076134709562016,-2.145169776613519,2.1697297785614422,-2.0658905926152693,5.180056090284603,0.5039976500064324,1.981296169952273,374.8060028423248,11.924438962993998,10.472173304645528,10.472173304645528,8.381341395361316,6.460325638810604,6.460325638810604,4.653719104019142,4.653719104019142,3.31175438332526,3.31175438332526,2.255697254237474,2.255697254237474,-1.5599999999999996,11030.043492961482,11.911818187199936,6.243152561456184,3.741153698827552,104.31320789754405,0.0,0.0,0.0,0.0,0.0,0.0,0.0,0.0,74.00822950723273,29.886452275407404,0.0,0.0,0.0,0.0,5.917906046161393,26.186202068468653,0.0,71.7905736680101,0.0,0.0,0.0,0.0,12.84164324585202,5.917906046161393,24.471461806010627,60.6636706846161,0.0,0.0,0.0,0.0,0.0,0.0,5.917906046161393,30.38936785217202,0.0,0.0,67.58740788430673,0.0,0.0,0.0,0.0,2.907928004535148,0.7498148148148146,21.607332766439917,3.6133503401360554,2.288240740740741,0.0,0.2941176470588235,17,0,0,0,0,2,2,0,0,0,5,0,0,2,4.498000000000004,74.07300000000005,0,0,0,0,0,0,0,0,0,0,2,0,0,0,0,0,0,0,0,0,0
C1(=CC=CC=C1)C(CC(C)C)C1=CC=CC=C1,411.0,2.290555555555556,0.5253703703703703,2.290555555555556,0.5253703703703703,0.6950733050863174,224.347,204.18699999999995,224.15650064,88,0.0091723307755005,-0.0627404406748661,0.0627404406748661,0.0091723307755005,0.7058823529411765,1.1176470588235294,1.4705882352941178,14.185511213378431,9.846505407020873,2.143173964646791,-2.1964278556811703,2.300027254745288,-2.0426832650388773,5.317066430587713,0.5413960859034929,2.32345140690688,388.61019405949486,12.087575669810528,10.635310011462058,10.635310011462058,8.270856947829095,6.369914593542521,6.369914593542521,5.003502173320056,5.003502173320056,3.110989618134609,3.110989618134609,2.306713591800296,2.306713591800296,-1.5599999999999996,9700.376299738977,11.911818187199936,5.674350634885276,3.196576131611894,104.31320789754405,0.0,0.0,0.0,0.0,0.0,0.0,0.0,0.0,74.51114508399735,23.46563065248139,5.917906046161393,0.0,0.0,0.0,5.917906046161393,26.18620206846865,0.0,71.7905736680101,0.0,0.0,0.0,0.0,0.0,5.917906046161393,37.31310505186264,60.6636706846161,0.0,0.0,0.0,0.0,0.0,11.835812092322788,0.0,17.54772460632,0.0,0.0,74.51114508399735,0.0,0.0,0.0,0.0,2.8470370370370377,1.2340854119425546,21.63535903250189,1.2024074074074074,4.581111111111111,0.0,0.2941176470588235,17,0,0,0,0,2,2,0,0,0,4,0,0,2,4.864600000000005,74.18200000000004,0,0,0,0,0,0,0,0,0,0,2,0,0,0,0,0,0,0,0,0,0
CC=1C(=C(C=CC1)C1=CC=C(C=C1)C)C(C)C,404.0,2.263912037037037,0.5625028344671199,2.263912037037037,0.5625028344671199,0.6658892463020405,224.34699999999995,204.18699999999995,224.15650064,88,-0.0146659683350478,-0.0613667140114601,0.0613667140114601,0.0146659683350478,0.8235294117647058,1.4705882352941178,2.0588235294117645,14.145573277580237,9.887547825538736,2.100116704037812,-2.158141019991525,2.3118883211203896,-1.9560117149126803,5.692174800547948,0.8588353326887932,2.5871792670651867,504.0615615848764,12.41384908344359,11.11880215351701,11.11880215351701,8.092224152875014,6.258759813876278,6.258759813876278,5.056872336308745,5.056872336308745,3.2640486905868413,3.2640486905868413,2.43184613104459,2.43184613104459,-1.5599999999999996,7340.675241022358,11.911818187199936,4.7473419608848095,2.4116743133127625,104.31320789754402,0.0,0.0,0.0,0.0,0.0,0.0,0.0,0.0,61.87549537030951,42.01918641233062,0.0,0.0,0.0,0.0,0.0,33.61285484492389,0.0,59.15492395432226,11.126902983393991,0.0,0.0,0.0,0.0,13.847474399381248,36.45573492063363,42.46456947923127,11.126902983393991,0.0,0.0,0.0,0.0,5.917906046161393,0.0,27.817257458484978,0.0,0.0,70.15951827799375,0.0,0.0,0.0,0.0,6.865674130763416,0.5625028344671199,15.380899943310656,0.0,8.857589758125473,0.0,0.2941176470588235,17,0,0,0,0,2,2,0,0,0,2,0,0,2,5.093840000000004,75.44100000000005,0,0,0,0,0,0,0,0,0,2,2,0,0,0,0,0,0,0,0,0,0
CC1=CC=C(C=C1)CC(C)C1=CC=C(C=C1)C,400.0,2.2961545729402872,0.5817649281934996,2.2961545729402872,0.5817649281934996,0.7115924927318757,224.347,204.18699999999995,224.15650064,88,-0.0149901817713584,-0.0590517798956437,0.0590517798956437,0.0149901817713584,0.7647058823529411,1.2352941176470589,1.7647058823529411,14.104641590463483,9.92797306772057,2.0559114043212654,-2.1211016745035227,2.2045398040940545,-1.979702617613725,5.27443811982753,0.7584936538906573,2.081093080973941,462.3964264905985,12.25071237662706,10.903259203893182,10.903259203893182,8.147867045540842,6.270561494933413,6.270561494933413,5.001453877698988,5.001453877698988,3.308876781017154,3.308876781017154,2.0905520475748176,2.0905520475748176,-1.5599999999999996,8155.012669727613,11.911818187199936,5.179883897166062,3.196576131611894,104.31320789754405,0.0,0.0,0.0,0.0,0.0,0.0,0.0,0.0,66.5815767307775,37.31310505186264,0.0,0.0,0.0,0.0,0.0,33.10993926815927,0.0,70.78474251448087,0.0,0.0,0.0,0.0,6.4208216229260096,13.847474399381248,35.09544921264,48.53093654769288,0.0,0.0,0.0,0.0,0.0,5.917906046161393,6.4208216229260096,22.253805966787983,0.0,0.0,69.30214814676475,0.0,0.0,0.0,0.0,5.507291546503308,0.5817649281934996,17.73488683127572,1.1144255479969765,6.561631146030496,0.0,0.2941176470588235,17,0,0,0,0,2,2,0,0,0,3,0,0,2,4.649640000000004,74.47700000000005,0,0,0,0,0,0,0,0,0,2,2,0,0,0,0,0,0,0,0,0,0
CC(=CC1=CC=CC2=CC=CC=C12)CC(C)C,415.0,2.321759259259259,0.7233577937347777,2.321759259259259,0.7233577937347777,0.6642333775133179,224.347,204.18699999999995,224.15650064,88,-0.0111454145895542,-0.0724555433882848,0.0724555433882848,0.0111454145895542,1.0588235294117647,1.7647058823529411,2.5294117647058822,14.04726000638206,9.987545434536605,1.9951129824804448,-2.06591967045196,2.219872078809248,-1.8793333172181776,5.9029475187114775,0.6445046235516176,2.4194009637134632,527.2345370363427,12.25071237662706,10.903259203893182,10.903259203893182,8.164703797946448,6.315219693671934,6.315219693671934,5.157036906040774,5.157036906040774,2.9554868825494496,2.9554868825494496,2.3446612068927397,2.3446612068927397,-1.5599999999999996,7725.731246218102,11.911818187199936,5.179883897166062,2.9678349157238912,103.97805941982416,0.0,0.0,0.0,0.0,0.0,0.0,0.0,0.0,67.96116851551567,35.59836478940461,0.0,0.0,0.0,16.848468535763473,5.917906046161393,27.19203322199788,0.0,53.60112550099753,0.0,0.0,0.0,0.0,0.0,5.917906046161393,32.75548471369488,48.03767400930054,16.848468535763473,0.0,0.0,0.0,0.0,0.0,5.917906046161393,28.329826073621867,0.0,0.0,69.31180118513701,0.0,0.0,0.0,2.6636139455782315,2.789447278911565,0.7233577937347777,15.07932621042244,3.491621551398337,6.752633219954649,0.0,0.2941176470588235,17,0,0,0,0,2,2,0,0,0,3,0,0,2,5.289200000000004,77.05400000000004,0,0,0,0,0,0,0,0,1,0,2,1,0,0,0,0,0,0,0,0,0
CC(=C(C(C)C)C1=CC=CC2=CC=CC=C12)C,445.0,2.267962962962963,0.5609315948601663,2.267962962962963,0.5609315948601663,0.6499084144090687,224.347,204.18699999999995,224.15650064,88,-0.0108583314137641,-0.0723497262175072,0.0723497262175072,0.0108583314137641,0.8823529411764706,1.5294117647058822,2.176470588235294,14.150281651812138,9.882746767306935,2.104621306991009,-2.163411025680171,2.315223225440016,-1.9674088601730304,5.94166468170644,0.8480706891175963,2.747893061555644,549.7649481646671,12.41384908344359,11.11880215351701,11.11880215351701,8.109060905280622,6.264742878019983,6.264742878019983,5.095084679281463,5.095084679281463,3.1958328193107293,3.1958328193107293,2.617966062914189,2.617966062914189,-1.5599999999999996,7385.112607243742,11.911818187199936,4.7473419608848095,2.2606997131739286,103.97805941982418,0.0,0.0,0.0,0.0,0.0,0.0,0.0,0.0,61.88514840868178,41.67438489623849,0.0,0.0,0.0,16.34555295899886,5.917906046161393,27.694948798762496,0.0,53.60112550099753,0.0,0.0,0.0,0.0,0.0,5.917906046161393,33.25840029045949,48.03767400930054,16.34555295899886,0.0,0.0,0.0,0.0,5.917906046161393,0.0,27.482108980765123,0.0,0.0,70.15951827799377,0.0,0.0,0.0,2.684537037037037,4.274308390022677,0.5609315948601663,15.200037792894932,0.0,8.946851851851852,0.0,0.2941176470588235,17,0,0,0,0,2,2,0,0,0,2,0,0,2,5.289200000000004,77.05400000000006,0,0,0,0,0,0,0,0,2,0,2,1,0,0,0,0,0,0,0,0,0
CC1CC(=C(CC1)C(C)C)C1=CC=C(C=C1)C,414.0,2.3802546296296296,0.6933361678004535,2.3802546296296296,0.6933361678004535,0.6503228724433736,228.379,204.18699999999995,228.187800768,92,-0.022459075921964,-0.0638380630387803,0.0638380630387803,0.022459075921964,1.1176470588235294,1.7647058823529411,2.3529411764705883,14.254089478355995,9.77859732926104,2.2019011976221243,-2.2737200251165985,2.3812930218256563,-2.103473025718055,5.697622800909252,0.5004353788589236,2.402234561550447,406.16938027116265,12.41384908344359,11.5854219586974,11.5854219586974,8.075387400469408,6.865696509323882,6.865696509323882,5.872488735932225,5.872488735932225,3.9436314598102458,3.9436314598102458,2.8295372860799004,2.8295372860799004,-1.04,7257.988784817589,12.417791918832323,5.078422189458781,2.7993550100623708,105.75033219214616,0.0,0.0,0.0,0.0,0.0,0.0,0.0,0.0,56.173235894684574,49.158570182557696,0.0,0.0,0.0,5.573104530069267,11.835812092322788,46.95741366754052,0.0,40.9654757873097,0.0,0.0,0.0,0.0,0.0,18.75954929201341,51.16057945124389,29.838572803915707,5.573104530069267,0.0,0.0,0.0,0.0,5.917906046161393,5.917906046161393,30.38936785217202,11.146209060138537,0.0,51.96041707260893,0.0,0.0,0.0,0.0,6.111905470521542,1.5348204837490549,9.06476001511716,3.918146888384984,9.203700475560597,0.0,0.5294117647058824,17,0,0,1,1,1,1,0,0,0,2,0,0,2,5.224620000000005,75.95200000000006,0,0,0,0,0,0,0,0,2,1,1,0,0,0,0,0,0,0,0,0,0
C(CCCCCC)C=1C=C2CCCCC2=CC1,457.0,2.4804702853363567,1.2886848072562358,2.4804702853363567,1.2886848072562358,0.597891366572757,230.39499999999995,204.18699999999995,230.203450832,94,-0.0275925592069356,-0.0653823832171863,0.0653823832171863,0.0275925592069356,0.8823529411764706,1.6470588235294117,2.4705882352941178,14.139057558970126,9.893527624166785,2.0845987826643824,-2.1609625274280235,2.22563030535137,-2.0270667187119,5.333583655431622,0.6305524418465944,1.805227802887151,337.8915889016996,11.924438962994,11.303118619434354,11.303118619434354,8.398178147766922,7.505800824678954,7.505800824678954,5.474383016972862,5.474383016972862,3.981911458379164,3.981911458379164,2.874967556869481,2.874967556869481,-0.78,10642.517786219869,12.671086641279553,6.83475712010347,3.8691198978775487,106.43993522433044,0.0,0.0,0.0,0.0,0.0,0.0,0.0,0.0,50.80612489677949,55.21528421264705,0.0,0.0,0.0,0.0,0.0,71.13195342895074,0.0,34.88945568047582,0.0,0.0,0.0,0.0,19.26246486877803,0.0,68.55984303526368,18.19910120538483,0.0,0.0,0.0,0.0,0.0,0.0,0.0,64.20821622926012,16.690354475090988,0.0,25.12283840507545,0.0,0.0,0.0,0.0,4.829110783329759,0.0,7.230315176996725,13.659343770262051,2.2812302694114632,0.0,0.6470588235294118,17,0,0,1,1,1,1,0,0,0,6,0,0,2,5.078300000000005,75.54700000000005,0,0,0,0,0,0,0,0,0,3,1,1,0,0,0,0,0,0,0,0,3
CCCCCCCC1CCCc2ccccc12,448.0,2.36627275447216,0.8625708616780043,2.36627275447216,0.8625708616780043,0.5686147621837218,230.395,204.18699999999995,230.203450832,94,-0.0159118181936537,-0.0653823832227725,0.0653823832227725,0.0159118181936537,1.0588235294117647,1.8823529411764703,2.764705882352941,14.23182589714646,9.80002785060931,2.182059847063748,-2.2498386036287106,2.344955608325355,-2.0903739828967662,5.319125149320607,0.485711747328258,1.8190107644600464,326.5651246505104,11.924438962994,11.25071237662706,11.25071237662706,8.41501490017253,7.493182156491986,7.493182156491986,5.490854369095208,5.490854369095208,4.149760628806251,4.149760628806251,3.148683119144881,3.148683119144881,-0.78,10875.251842751442,12.671086641279553,6.83475712010347,3.5900568098078027,106.43993522433044,0.0,0.0,0.0,0.0,0.0,0.0,0.0,0.0,63.29331358816711,42.72809552125942,0.0,0.0,0.0,0.0,0.0,70.62903785218612,0.0,35.392371257240434,0.0,0.0,0.0,0.0,6.4208216229260096,0.0,75.33511921265409,24.26546827384644,0.0,0.0,0.0,0.0,0.0,0.0,5.917906046161393,57.7873946063341,11.126902983393991,0.0,31.18920547353706,0.0,0.0,0.0,0.0,3.2838423301419337,0.8625708616780043,9.111584360404708,12.619600291116344,2.2890688233256777,0.0,0.6470588235294118,17,0,0,1,1,1,1,0,0,0,6,0,0,2,5.467000000000005,75.49700000000006,0,0,0,0,0,0,0,0,0,1,1,1,0,0,0,0,0,0,0,0,3
CC(CC=CC1=CC=CC=C1)CCC=C(C)C,464.0,2.330763888888889,0.7690391156462583,2.330763888888889,0.7690391156462583,0.5660732409356474,228.379,204.18699999999995,228.187800768,92,-0.0259841321405565,-0.0858784574398595,0.0858784574398595,0.0259841321405565,1.1764705882352942,1.8823529411764703,2.5294117647058822,14.030075986988397,10.000891905458554,1.9717212709843135,-2.0576454060343887,2.131680034652573,-1.908049756979356,5.479778451134476,0.5464050467328415,2.25953173380852,352.8845171707861,12.510225400620904,11.317472766266278,11.317472766266278,8.181540550352057,6.531710636090998,6.531710636090998,5.01275118911438,5.01275118911438,2.8603772061443,2.8603772061443,1.7749593784851112,1.7749593784851112,-1.2999999999999998,6275.1195913825,13.763694267515923,7.8899682575995875,6.780185306986186,106.06656031349114,0.0,0.0,0.0,0.0,0.0,0.0,0.0,0.0,61.05673739256958,44.59129680601767,0.0,0.0,0.0,6.076020106833881,5.917906046161393,40.0336764678499,0.0,53.62043157774208,0.0,0.0,0.0,0.0,0.0,5.917906046161393,45.597127959546896,48.05698008604508,6.076020106833881,0.0,0.0,0.0,0.0,0.0,5.917906046161393,30.399020890544293,0.0,0.0,69.33110726188156,0.0,0.0,0.0,0.0,2.7231723309158378,0.7690391156462583,10.503888326680537,10.509742063492062,6.660824829931973,0.0,0.4117647058823529,17,0,0,0,0,1,1,0,0,0,6,0,0,1,5.472400000000005,77.92200000000005,0,0,0,0,0,0,0,0,3,0,1,0,0,0,0,0,0,0,0,0,0
CC(CCCC(C)C)C1CCC2=CC=CC=C12,440.0,2.4514814814814816,0.8318168934240361,2.4514814814814816,0.8318168934240361,0.6536165486531296,230.395,204.18699999999995,230.203450832,94,-0.0130348344501523,-0.0627736092034468,0.0627736092034468,0.0130348344501523,1.1176470588235294,1.8823529411764703,2.647058823529412,14.304303488193916,9.84509560682794,2.2573790941073275,-2.2033698877960832,2.394680483548291,-2.068649196609611,5.3465988751916,0.3932877218989762,1.9090044142650944,350.81087242923417,12.25071237662706,11.57698579026012,11.57698579026012,8.181540550352056,7.259707806671512,7.259707806671512,6.14601632286243,6.14601632286243,4.307072888881404,4.307072888881404,3.230405132355135,3.230405132355135,-0.78,10020.88774340327,12.671086641279553,5.708071630310678,3.115423844506566,106.43993522433044,0.0,0.0,0.0,0.0,0.0,0.0,0.0,0.0,64.29914474169634,41.72226436773019,0.0,0.0,0.0,0.0,11.835812092322788,58.79322575986332,0.0,35.392371257240434,0.0,0.0,0.0,0.0,6.4208216229260096,11.835812092322788,63.499307120331295,24.26546827384644,0.0,0.0,0.0,0.0,0.0,0.0,17.75371813848418,32.10410811463005,11.126902983393991,0.0,45.03667987291831,0.0,0.0,0.0,0.0,3.24792270303183,2.5498394064415884,9.06026720101621,6.866012377173092,7.109291645670615,0.0,0.6470588235294118,17,0,0,1,1,1,1,0,0,0,5,0,0,2,5.178800000000005,75.35700000000006,0,0,0,0,0,0,0,0,0,1,1,1,0,0,0,0,0,0,0,0,0
C1(=CC=CC=C1)C(C)=CCCCCCCCC,468.0,2.384081396447468,1.229020455404384,2.384081396447468,1.229020455404384,0.4920122911445583,230.3949999999999,204.18699999999995,230.203450832,94,-0.0230531088269942,-0.0810010849000372,0.0810010849000372,0.0230531088269942,0.9411764705882352,1.588235294117647,2.294117647058824,13.99111599205254,10.04326167037096,1.9320390620642924,-2.016073341040349,2.149404476692608,-1.803803647977104,5.627166575855262,0.6112004068376087,2.162300865937036,308.07001215267377,12.347088693804372,11.41384908344359,11.41384908344359,8.342535255101096,7.064713808768184,7.064713808768184,4.809604338469771,4.809604338469771,3.237332190580628,3.237332190580628,2.0621317710314284,2.0621317710314284,-1.04,7911.861110058343,14.02265664160401,9.038362706534194,6.306966478046274,106.75616334567542,0.0,0.0,0.0,0.0,0.0,0.0,0.0,0.0,75.43570076346262,30.901936467308907,0.0,0.0,0.0,5.573104530069267,0.0,58.79322575986332,0.0,41.97130694083893,0.0,0.0,0.0,0.0,0.0,0.0,64.35667725156031,36.407855449141934,5.573104530069267,0.0,0.0,0.0,0.0,0.0,0.0,56.082307382248345,0.0,0.0,50.255329848523175,0.0,0.0,0.0,0.0,2.775593682044801,0.0,10.666187212970952,11.907054577572428,4.484497860745155,0.0,0.5294117647058824,17,0,0,0,0,1,1,0,0,0,8,0,0,1,5.840500000000005,78.08600000000006,0,0,0,0,0,0,0,0,2,0,1,0,0,0,0,0,0,0,0,0,5
CC(CC=C(CCCCC)C1=CC=CC=C1)C,443.0,2.440138888888889,0.7498957283530693,2.440138888888889,0.7498957283530693,0.5272649583051318,230.39500000000004,204.18699999999995,230.203450832,94,-0.0227720070366229,-0.0804650608082565,0.0804650608082565,0.0227720070366229,1.1176470588235294,1.8235294117647056,2.411764705882353,14.066901831549467,9.96654620568988,2.011861619974267,-2.088694579253433,2.222944620410588,-1.888163253223127,5.648431331731756,0.661472703681143,2.68331361604047,319.1513639060265,12.510225400620904,11.57698579026012,11.57698579026012,8.236382105218448,6.981216028204571,6.981216028204571,5.182043848541761,5.182043848541761,3.029902824336716,3.029902824336716,1.959891376818512,1.959891376818512,-1.04,6810.313033068262,14.02265664160401,8.110091687585681,5.719512848901579,106.75616334567542,0.0,0.0,0.0,0.0,0.0,0.0,0.0,0.0,70.02071029406582,36.31692693670568,0.0,0.0,0.0,5.573104530069267,5.917906046161393,52.87531971370191,0.0,41.97130694083893,0.0,0.0,0.0,0.0,0.0,5.917906046161393,58.43877120539891,36.407855449141934,5.573104530069267,0.0,0.0,0.0,0.0,0.0,5.917906046161393,43.24066413639631,0.0,0.0,57.1790670482138,0.0,0.0,0.0,0.0,2.941669501133787,0.7498957283530693,10.835869787729909,8.809534911186697,6.829696738263206,0.0,0.5294117647058824,17,0,0,0,0,1,1,0,0,0,7,0,0,1,5.696400000000006,78.01600000000006,0,0,0,0,0,0,0,0,2,0,1,0,0,0,0,0,0,0,0,0,1
CCCCCCCCCCCc1ccccc1,477.0,2.281330911803044,1.2605899908172635,2.281330911803044,1.2605899908172635,0.4498339661224316,232.411,204.18699999999995,232.219100896,96,-0.0278872279393073,-0.0653823832227926,0.0653823832227926,0.0278872279393073,0.6470588235294118,1.1764705882352942,1.7647058823529411,13.994921556087254,10.039328632327784,1.93381915856228,-2.0219187951757376,2.111224953315373,-1.8550986378428185,5.138965201418085,0.5646248444728774,1.848105588685233,250.00063728104436,12.183951986987845,11.457819157813608,11.457819157813608,8.431851652578137,7.471343774302779,7.471343774302779,5.064025684399678,5.064025684399678,3.411829882562212,3.411829882562212,2.28446155485411,2.28446155485411,-0.78,8549.278680804597,14.2816522811344,10.378809746385167,8.012735694120282,107.4457663778597,0.0,0.0,0.0,0.0,0.0,0.0,0.0,0.0,88.6221455254068,18.40509473754901,0.0,0.0,0.0,0.0,0.0,71.13195342895074,0.0,35.89528683400505,0.0,0.0,0.0,0.0,6.4208216229260096,0.0,70.27458329772172,30.33183534230805,0.0,0.0,0.0,0.0,0.0,0.0,0.0,69.77166772095711,0.0,0.0,37.255572541998674,0.0,0.0,0.0,0.0,1.4957831434405209,0.0,10.862525763512798,14.027026847910305,2.281330911803044,0.0,0.6470588235294118,17,0,0,0,0,1,1,0,0,0,10,0,0,1,5.759900000000005,77.37300000000006,0,0,0,0,0,0,0,0,0,1,1,0,0,0,0,0,0,0,0,0,7
CCCCCCCCCC(C)c1ccccc1,481.0,2.353587569286974,0.7285572299907616,2.353587569286974,0.7285572299907616,0.4627567243078995,232.41100000000003,204.18699999999995,232.219100896,96,-0.0190386757266526,-0.0653823832227926,0.0653823832227926,0.0190386757266526,0.8235294117647058,1.411764705882353,2.0588235294117645,14.086048920355667,9.945830323633883,2.032084460703822,-2.108274531612868,2.213347832590476,-1.927356607182386,5.178908342522735,0.5493191205622404,2.02872169269735,262.62661626856533,12.347088693804372,11.62095586463014,11.62095586463014,8.342535255101096,7.392064077957808,7.392064077957808,5.221726650968022,5.221726650968022,3.609298322858121,3.609298322858121,2.355869005015196,2.355869005015196,-0.78,7911.861110058343,14.2816522811344,9.2707976060372,6.50601799591242,107.44576637785968,0.0,0.0,0.0,0.0,0.0,0.0,0.0,0.0,89.1250611021714,17.9021791607844,0.0,0.0,0.0,0.0,0.0,71.13195342895072,0.0,35.89528683400505,0.0,0.0,0.0,0.0,0.0,0.0,76.69540492064772,30.33183534230805,0.0,0.0,0.0,0.0,0.0,0.0,5.917906046161393,56.930024475105085,0.0,0.0,44.179309741689295,0.0,0.0,0.0,0.0,1.4985953564800067,0.7285572299907616,10.911650175933913,11.228304315121768,4.63289292247355,0.0,0.6470588235294118,17,0,0,0,0,1,1,0,0,0,9,0,0,1,5.930800000000006,77.46700000000007,0,0,0,0,0,0,0,0,0,0,1,0,0,0,0,0,0,0,0,0,5
C1(CCCCC1)CCCCCC1CCCCC1,457.0,1.5462962962962965,1.1096579218106994,1.5462962962962965,1.1096579218106994,0.4889123990379913,236.44299999999996,204.18699999999995,236.250401024,100,-0.0414285788448506,-0.0532857102053942,0.0532857102053942,0.0414285788448506,0.4705882352941176,0.8823529411764706,1.2941176470588236,14.199428334202404,9.836876147254976,2.13927759660747,-2.2232790982623203,2.2986045853811747,-2.0680378496379106,4.674493758804704,0.3109117499751566,1.4244110580989586,152.47733175670794,11.761302256177467,11.761302256177467,11.761302256177467,8.449489742783179,8.449489742783177,8.449489742783177,6.646082130477218,6.646082130477218,5.174234614174767,5.174234614174767,3.994431701027665,3.994431701027665,0.0,12017.077707782868,13.432098765432098,8.16326530612245,5.444444444444445,108.56666255111683,0.0,0.0,0.0,0.0,0.0,0.0,0.0,0.0,96.31232434389018,11.835812092322788,0.0,0.0,0.0,0.0,11.835812092322788,96.31232434389018,0.0,0.0,0.0,0.0,0.0,0.0,0.0,11.835812092322788,96.31232434389018,0.0,0.0,0.0,0.0,0.0,0.0,0.0,11.835812092322788,57.7873946063341,38.524929737556064,0.0,0.0,0.0,0.0,0.0,0.0,0.0,2.219315843621399,0.0,22.947350823045262,0.0,0.0,1.0,17,0,0,2,2,0,0,0,0,0,6,2,2,2,6.097500000000006,76.23500000000007,0,0,0,0,0,0,0,0,0,0,0,0,0,0,0,0,0,0,0,0,2
CCCCC(C1CCCCC1)C2CCCCC2,452.0,2.359921264802217,1.1069907407407409,2.359921264802217,1.1069907407407409,0.5527683348334316,236.4429999999999,204.18699999999995,236.250401024,100,-0.0357417656088988,-0.0653822068250803,0.0653822068250803,0.0357417656088988,0.7647058823529411,1.2352941176470589,1.6470588235294117,14.355535688556367,9.677927922865187,2.300584132474085,-2.3770290922982498,2.4170943459903884,-2.26864836001426,4.811829646734808,0.1321230502943128,1.8964415244911248,166.2149912200411,11.924438962994,11.924438962994,11.924438962994,8.41501490017253,8.41501490017253,8.41501490017253,6.6022633284195775,6.6022633284195775,5.401668418299142,5.401668418299142,4.420769390487382,4.420769390487382,0.0,11597.285971085255,13.432098765432098,7.43801652892562,4.0,108.56666255111683,0.0,0.0,0.0,0.0,0.0,0.0,0.0,0.0,83.97359667480276,24.174539761410188,0.0,0.0,0.0,0.0,17.75371813848418,90.39441829772878,0.0,0.0,0.0,0.0,0.0,0.0,0.0,17.75371813848418,90.39441829772878,0.0,0.0,0.0,0.0,0.0,0.0,0.0,17.75371813848418,51.36657298340809,32.10410811463005,0.0,6.923737199690624,0.0,0.0,0.0,0.0,0.0,3.32625,0.0,19.813828735197784,2.359921264802217,0.0,1.0,17,0,0,2,2,0,0,0,0,0,5,2,2,2,5.953400000000007,76.16500000000006,0,0,0,0,0,0,0,0,0,0,0,0,0,0,0,0,0,0,0,0,0
CC(C)CC(C1CCCCC1)C2CCCCC2,456.0,2.42921910430839,0.9063454270597128,2.42921910430839,0.9063454270597128,0.5776118323404693,236.4429999999999,204.18699999999995,236.250401024,100,-0.0354984693373555,-0.0627630881245372,0.0627630881245372,0.0354984693373555,0.7058823529411765,1.1176470588235294,1.4705882352941178,14.364376949913124,9.669419840305617,2.309645285567627,-2.3853170150758234,2.422171842300667,-2.280477444511211,4.818868993037047,0.1219433952452242,1.9455894344710591,176.0838499786226,12.08757566981053,12.08757566981053,12.08757566981053,8.270856947829095,8.270856947829095,8.270856947829095,7.08958391374436,7.08958391374436,5.254227596907543,5.254227596907543,4.438769697480471,4.438769697480471,0.0,9700.376299738977,13.432098765432098,6.805293005671078,4.0,108.56666255111683,0.0,0.0,0.0,0.0,0.0,0.0,0.0,0.0,78.05569062864137,30.09244580757158,0.0,0.0,0.0,0.0,23.671624184645573,84.47651225156739,0.0,0.0,0.0,0.0,0.0,0.0,0.0,23.671624184645573,84.47651225156739,0.0,0.0,0.0,0.0,0.0,0.0,0.0,23.671624184645573,44.94575136048208,25.68328649170404,0.0,13.847474399381248,0.0,0.0,0.0,0.0,0.0,4.169400982615268,0.0,16.805494142101285,4.85843820861678,0.0,1.0,17,0,0,2,2,0,0,0,0,0,4,2,2,2,5.809300000000006,76.09500000000007,0,0,0,0,0,0,0,0,0,0,0,0,0,0,0,0,0,0,0,0,0
CCCCCCCCCCCC1CCCCC1,579.0,2.296887149419721,1.1049113010039235,2.296887149419721,1.1049113010039235,0.3816346161521261,238.45899999999992,204.18699999999995,238.266051088,102,-0.0414285788501592,-0.0653823832227926,0.0653823832227926,0.0414285788501592,0.6470588235294118,1.1764705882352942,1.7647058823529411,14.176442084321137,9.85372454010321,2.116273684746984,-2.206421190968863,2.275796916303608,-2.051614091056942,4.651541235104928,0.3275906044880964,1.7454135642113169,144.11730005192325,12.183951986987845,12.183951986987845,12.183951986987845,8.431851652578137,8.431851652578136,8.431851652578136,6.121138104094889,6.121138104094889,4.440670697680657,4.440670697680657,3.219487674645335,3.219487674645335,0.0,8549.278680804597,15.058823529411764,11.11111111111111,8.686980609418283,109.57249370464608,0.0,0.0,0.0,0.0,0.0,0.0,0.0,0.0,103.2360615435808,5.917906046161393,0.0,0.0,0.0,0.0,5.917906046161393,103.2360615435808,0.0,0.0,0.0,0.0,0.0,0.0,0.0,5.917906046161393,103.2360615435808,0.0,0.0,0.0,0.0,0.0,0.0,0.0,5.917906046161393,96.31232434389018,0.0,0.0,6.923737199690624,0.0,0.0,0.0,0.0,0.0,1.1049113010039235,0.0,22.43153488290969,2.296887149419721,0.0,1.0,17,0,0,1,1,0,0,0,0,0,10,1,1,1,6.487600000000007,78.41900000000007,0,0,0,0,0,0,0,0,0,0,0,0,0,0,0,0,0,0,0,0,7
CCCCCCCCCCCCCCCC=C,525.0,3.754980007779937,1.2061111111111111,3.754980007779937,1.2061111111111111,0.2345128524327893,238.45899999999992,204.18699999999995,238.266051088,102,-0.0353412931099218,-0.1030829789362716,0.1030829789362716,0.0353412931099218,0.5882352941176471,0.9411764705882352,1.2941176470588236,13.989472245072596,10.044716834210751,1.9252635039034056,-2.019498094811273,2.122670267448415,-1.822102012413012,4.6478049679323,0.5399214423644373,2.8663583564570136,136.97373660251156,12.606601717798217,12.183951986987845,12.183951986987845,8.414213562373096,8.023603362114272,8.023603362114272,5.31999095630891,5.31999095630891,3.5118016810571366,3.5118016810571366,2.3064420875611806,2.3064420875611806,-0.26,6072.014357777548,16.739999999999995,15.739999999999997,15.739999999999997,109.88872182599106,0.0,0.0,0.0,0.0,0.0,0.0,0.0,6.578935683598497,90.04961678163664,12.84164324585202,0.0,0.0,0.0,0.0,0.0,96.8152399206548,0.0,12.654955790432378,0.0,0.0,0.0,0.0,0.0,0.0,96.8152399206548,12.654955790432378,0.0,0.0,0.0,0.0,0.0,0.0,0.0,89.89150272096417,0.0,6.076020106833881,13.502672883289122,0.0,0.0,0.0,0.0,0.0,0.0,0.0,21.958260058110024,6.041739941889974,0.0,0.8823529411764706,17,0,0,0,0,0,0,0,0,0,14,0,0,0,6.653700000000007,80.50900000000007,0,0,0,0,0,0,0,0,1,0,0,0,0,0,0,0,0,0,0,0,12
CCCCCCCC=CCCCCCCCC,523.0,2.4024220521541952,1.305108131406833,2.4024220521541952,1.305108131406833,0.2486503666472884,238.4589999999999,204.18699999999995,238.266051088,102,-0.0350734673904721,-0.0885392821561585,0.0885392821561585,0.0350734673904721,0.4705882352941176,0.8235294117647058,1.2352941176470589,13.949955084833103,10.085328916245656,1.885287587969173,-1.9794801353096971,2.084093721562676,-1.7805787117902574,4.807045565704684,0.6099228172871918,2.992074156647528,146.11730005192325,12.606601717798217,12.347088693804372,12.347088693804372,8.414213562373096,8.064043476634154,8.064043476634154,5.230735305320121,5.230735305320121,3.36535507165041,3.36535507165041,2.143963131869028,2.143963131869028,-0.26,6072.014357777548,16.739999999999995,15.739999999999997,15.739999999999997,109.88872182599104,0.0,0.0,0.0,0.0,0.0,0.0,0.0,0.0,83.7869092193831,25.68328649170404,0.0,0.0,0.0,0.0,0.0,97.3181554974194,0.0,12.152040213667762,0.0,0.0,0.0,0.0,0.0,0.0,97.3181554974194,12.152040213667762,0.0,0.0,0.0,0.0,0.0,0.0,0.0,83.47068109803816,0.0,0.0,25.99951461304901,0.0,0.0,0.0,0.0,0.0,0.0,0.0,22.94081164556735,4.559188354432641,0.0,0.8823529411764706,17,0,0,0,0,0,0,0,0,0,13,0,0,0,6.653700000000007,80.50900000000007,0,0,0,0,0,0,0,0,2,0,0,0,0,0,0,0,0,0,0,0,9
CCCCCCCCCCCCC1CCCC1,538.0,2.2959795776467646,1.11485541671727,2.2959795776467646,1.11485541671727,0.3609374946864524,238.45899999999992,204.18699999999995,238.266051088,102,-0.0414285760798144,-0.0653823832227926,0.0653823832227926,0.0414285760798144,0.6470588235294118,1.1176470588235294,1.6470588235294117,14.190714255260852,9.986084559944011,2.130817245362316,-2.0743642544699803,2.2877868751619106,-1.921163121819002,4.664734794396798,0.4597292487735163,1.6920898561095747,144.11730005192325,12.183951986987845,12.183951986987845,12.183951986987845,8.431851652578137,8.431851652578136,8.431851652578136,6.1211381040948885,6.1211381040948885,4.440670697680657,4.440670697680657,3.219487674645335,3.219487674645335,0.0,10666.179656580178,15.058823529411764,11.11111111111111,8.686980609418283,109.57249370464608,0.0,0.0,0.0,0.0,0.0,0.0,0.0,0.0,103.2360615435808,5.917906046161393,0.0,0.0,0.0,0.0,5.917906046161393,103.2360615435808,0.0,0.0,0.0,0.0,0.0,0.0,0.0,5.917906046161393,103.2360615435808,0.0,0.0,0.0,0.0,0.0,0.0,0.0,5.917906046161393,96.31232434389018,0.0,0.0,6.923737199690624,0.0,0.0,0.0,0.0,0.0,1.11485541671727,0.0,22.422498338969294,2.2959795776467646,0.0,1.0,17,0,0,1,1,0,0,0,0,0,11,1,1,1,6.487600000000007,78.41900000000007,0,0,0,0,0,0,0,0,0,0,0,0,0,0,0,0,0,0,0,0,8
CCCCCCCCCCCCCC(C)(C)C,518.0,2.350497919500272,0.5409500198417011,2.350497919500272,0.5409500198417011,0.351010293709106,240.47499999999997,204.18699999999995,240.281701152,104,-0.0382611213336654,-0.0653823832227926,0.0653823832227926,0.0382611213336654,0.5294117647058824,0.8823529411764706,1.2352941176470589,14.138101702852843,9.891074349028356,2.078621830823632,-2.1683638254762725,2.222262654650524,-2.0330827346154163,4.6053013431478576,0.3560298474480132,2.9898769585130505,140.60752504759628,12.985281374238571,12.985281374238571,12.985281374238571,8.060660171779823,8.060660171779821,8.060660171779821,6.846194077712558,6.846194077712558,3.5303300858899105,3.5303300858899105,2.3195436482630045,2.3195436482630045,0.0,3904.224804758097,17.0,11.11111111111111,16.0,110.57832485817528,0.0,0.0,0.0,0.0,0.0,0.0,0.0,0.0,98.3239866509486,11.83581209232279,0.0,0.0,0.0,0.0,5.41499046939678,104.74480827387464,0.0,0.0,0.0,0.0,0.0,0.0,0.0,5.41499046939678,104.74480827387464,0.0,0.0,0.0,0.0,0.0,0.0,5.41499046939678,0.0,77.04985947511214,0.0,0.0,27.694948798762496,0.0,0.0,0.0,0.0,0.5409500198417011,0.0,0.0,17.368282791953135,9.340767188205168,0.0,1.0,17,0,0,0,0,0,0,0,0,0,11,0,0,0,6.733600000000007,80.53300000000007,0,0,0,0,0,0,0,0,0,0,0,0,0,0,0,0,0,0,0,0,9
CCCCCCCCCCC(CCC)CCC,534.0,2.329752454647664,1.0324920325619278,2.329752454647664,1.0324920325619278,0.3128922261769072,240.47499999999997,204.18699999999995,240.281701152,104,-0.0414486973840526,-0.0653823832227926,0.0653823832227926,0.0414486973840526,0.4705882352941176,0.9411764705882352,1.411764705882353,14.112322829779169,9.918785523566283,2.0519115018563423,-2.141580191802343,2.2081825597293845,-1.9916097024499708,4.585539319755633,0.3902981761572905,3.2328600106395835,122.0,12.769738424614747,12.769738424614747,12.769738424614747,8.346065214951233,8.346065214951231,8.346065214951231,5.7069245417217935,5.7069245417217935,3.85977267640642,3.85977267640642,2.816405461195348,2.816405461195348,0.0,5503.665287889626,17.0,14.0625,12.25,110.57832485817528,0.0,0.0,0.0,0.0,0.0,0.0,0.0,0.0,104.24189269711002,5.917906046161393,0.0,0.0,0.0,0.0,5.917906046161393,104.24189269711002,0.0,0.0,0.0,0.0,0.0,0.0,0.0,5.917906046161393,104.24189269711002,0.0,0.0,0.0,0.0,0.0,0.0,0.0,5.917906046161393,83.47068109803816,0.0,0.0,20.771211599071872,0.0,0.0,0.0,0.0,0.0,1.0324920325619278,0.0,18.848081279811773,6.952760020959634,0.0,1.0,17,0,0,0,0,0,0,0,0,0,13,0,0,0,6.733600000000007,80.53300000000007,0,0,0,0,0,0,0,0,0,0,0,0,0,0,0,0,0,0,0,0,6
C(CCC)C(CCCC)(CCCC)CCCC,497.0,2.337521967120181,0.7063888888888888,2.337521967120181,0.7063888888888888,0.3544257824681376,240.4749999999999,204.18699999999995,240.281701152,104,-0.0297465653046463,-0.0653820345762641,0.0653820345762641,0.0297465653046463,0.4705882352941176,0.7058823529411765,0.8823529411764706,14.321392197968075,9.709580664841754,2.267616279070743,-2.3442063156674724,2.406917918044166,-2.208913355519954,4.789840145940215,0.1769699233837742,4.391491248304028,110.6075250475963,12.985281374238571,12.985281374238571,12.985281374238571,8.242640687119286,8.242640687119284,8.242640687119284,5.914213562373095,5.914213562373095,4.242640687119284,4.242640687119284,2.9571067811865466,2.9571067811865466,0.0,5034.904378780351,17.0,11.11111111111111,7.84,110.57832485817528,0.0,0.0,0.0,0.0,0.0,0.0,0.0,0.0,79.06152178217057,31.09827696110082,0.0,0.0,0.0,0.0,5.41499046939678,104.74480827387464,0.0,0.0,0.0,0.0,0.0,0.0,0.0,5.41499046939678,104.74480827387464,0.0,0.0,0.0,0.0,0.0,0.0,5.41499046939678,0.0,77.04985947511214,0.0,0.0,27.694948798762496,0.0,0.0,0.0,0.0,0.7063888888888888,0.0,0.0,17.193523242630388,9.350087868480726,0.0,1.0,17,0,0,0,0,0,0,0,0,0,12,0,0,0,6.733600000000007,80.53300000000007,0,0,0,0,0,0,0,0,0,0,0,0,0,0,0,0,0,0,0,0,0
CC(C)CCC(CC(CCC(C)C)(C)C)(C)C,508.0,2.4508971088435376,0.5047118291761148,2.4508971088435376,0.5047118291761148,0.4667163104595765,240.475,204.18699999999995,240.281701152,104,-0.0349049601988158,-0.06277326319503,0.06277326319503,0.0349049601988158,0.6470588235294118,0.9411764705882352,1.1764705882352942,14.33517345366256,9.69709761045587,2.2804571969741594,-2.357608442345819,2.403496317563299,-2.237475719894252,4.795373351822647,0.1565568234000861,4.168829722863196,174.0838499786226,13.69023444431199,13.69023444431199,13.69023444431199,7.540111220059325,7.540111220059326,7.540111220059326,8.370247789467157,8.370247789467157,3.7540358447538864,3.7540358447538864,2.831096507742686,2.831096507742686,0.0,2051.830229917633,17.0,6.805293005671078,9.679012345679013,110.57832485817524,0.0,0.0,0.0,0.0,0.0,0.0,0.0,0.0,68.23154084337699,41.928257899894376,0.0,0.0,0.0,0.0,22.665793031116344,87.49400571215503,0.0,0.0,0.0,0.0,0.0,0.0,0.0,22.665793031116344,87.49400571215503,0.0,0.0,0.0,0.0,0.0,0.0,10.82998093879356,11.835812092322788,32.10410811463005,0.0,0.0,55.38989759752498,0.0,0.0,0.0,0.0,1.0094236583522296,1.6815764361300072,0.0,6.838801177878559,19.13686539430587,0.0,1.0,17,0,0,0,0,0,0,0,0,0,8,0,0,0,6.301300000000007,80.32300000000008,0,0,0,0,0,0,0,0,0,0,0,0,0,0,0,0,0,0,0,0,0
C(CCCCCCCCCCCC)(=O)OCCCC,579.0,11.331216910421352,-0.0064670209250279,11.331216910421352,0.0064670209250279,0.3013977658356722,270.45699999999994,236.18499999999997,270.255880328,114,0.3052775141617927,-0.465675191765929,0.465675191765929,0.3052775141617927,0.6842105263157895,1.1578947368421053,1.6842105263157894,16.532354595784568,10.059473035877438,2.011946341948361,-2.0384006337206464,2.110140386576305,-2.0471848250089,5.686906298223072,-0.1434061330753888,3.0717183185388417,189.7010862108803,14.18395198698784,13.215991517539395,13.215991517539395,9.308060412490448,8.464690378025045,8.464690378025045,5.50600408639022,5.50600408639022,3.4953948993433324,3.4953948993433324,2.1592850192840465,2.1592850192840465,-0.53,14570.73383761222,18.47,15.527240984544935,15.412970033646571,119.85339218772596,4.736862953800049,0.0,0.0,0.0,5.969305287951849,4.794537184071822,0.0,0.0,78.05569062864136,12.84164324585202,6.4208216229260096,6.606881964512918,9.53140013787187,5.969305287951849,0.0,97.3181554974194,6.606881964512918,0.0,0.0,0.0,0.0,12.576187252464766,9.53140013787187,0.0,97.3181554974194,0.0,0.0,26.3,0.0,4.794537184071822,5.969305287951849,13.027703587438928,19.26246486877803,57.7873946063341,0.0,0.0,13.847474399381248,4.736862953800049,5.126107324259589,11.331216910421352,0.0,0.0,-0.0064670209250279,0.0,15.747114377558384,4.968695075352372,0.0,0.9411764705882352,19,0,2,0,0,0,0,2,0,2,14,0,0,0,5.640700000000006,82.32800000000007,0,0,0,0,0,0,1,1,0,0,0,0,1,1,0,0,0,0,0,0,9
C(CCCCCCCCC)(=O)OCCCCCCC,560.0,11.444878467992645,0.0037497375493409,11.444878467992645,0.0037497375493409,0.3013977658356722,270.45699999999994,236.18499999999997,270.255880328,114,0.305277515512331,-0.4656750045271265,0.4656750045271265,0.305277515512331,0.6842105263157895,1.1578947368421053,1.736842105263158,16.53235952791811,10.087328252140804,2.0165850884984544,-2.045698238054072,2.088680570554189,-2.0510097293335057,5.686919696375647,-0.1434387293102219,3.1251453666849187,189.7010862108803,14.18395198698784,13.215991517539395,13.215991517539395,9.308060412490448,8.464690378025045,8.464690378025045,5.506004086390221,5.506004086390221,3.4953948993433324,3.4953948993433324,2.190232829305969,2.190232829305969,-0.53,14611.714521494016,18.47,15.527240984544935,15.412970033646571,119.85339218772596,4.736862953800049,0.0,0.0,0.0,5.969305287951849,4.794537184071822,0.0,0.0,78.05569062864136,12.84164324585202,6.4208216229260096,6.606881964512918,9.53140013787187,5.969305287951849,0.0,97.3181554974194,6.606881964512918,0.0,0.0,0.0,0.0,12.576187252464766,9.53140013787187,0.0,97.3181554974194,0.0,0.0,26.3,0.0,4.794537184071822,5.969305287951849,13.027703587438928,12.84164324585202,64.20821622926012,0.0,0.0,13.847474399381248,4.736862953800049,5.228408205300792,11.444878467992645,0.0,0.0,0.0037497375493409,0.0,15.42059385664465,5.069036399179238,0.0,0.9411764705882352,19,0,2,0,0,0,0,2,0,2,14,0,0,0,5.640700000000006,82.32800000000007,0,0,0,0,0,0,1,1,0,0,0,0,1,1,0,0,0,0,0,0,9
C(CCCCCCCC)(=O)OCCCCCCCC,556.0,11.444878467992645,0.0037497375493407,11.444878467992645,0.0037497375493407,0.3013977658356722,270.45699999999994,236.18499999999997,270.255880328,114,0.305277515512331,-0.4656750045271161,0.4656750045271161,0.305277515512331,0.6842105263157895,1.1578947368421053,1.736842105263158,16.532359559959374,10.10170474888083,2.0164007146794893,-2.046516446220291,2.0818583369326675,-2.0511215265915506,5.686919588985014,-0.1434386615959725,3.1251453666849187,189.7010862108803,14.18395198698784,13.215991517539395,13.215991517539395,9.308060412490448,8.464690378025045,8.464690378025045,5.506004086390221,5.506004086390221,3.4953948993433324,3.4953948993433324,2.190232829305969,2.190232829305969,-0.53,14611.714521494016,18.47,15.527240984544935,15.412970033646571,119.85339218772594,4.736862953800049,0.0,0.0,0.0,5.969305287951849,4.794537184071822,0.0,0.0,78.05569062864136,12.84164324585202,6.4208216229260096,6.606881964512918,9.53140013787187,5.969305287951849,0.0,97.3181554974194,6.606881964512918,0.0,0.0,0.0,0.0,12.576187252464766,9.53140013787187,0.0,97.3181554974194,0.0,0.0,26.3,0.0,4.794537184071822,5.969305287951849,13.027703587438928,12.84164324585202,64.20821622926012,0.0,0.0,13.847474399381248,4.736862953800049,5.237342529604435,11.444878467992645,0.0,0.0,0.0037497375493407,0.0,15.40684039229595,5.073855539224297,0.0,0.9411764705882352,19,0,2,0,0,0,0,2,0,2,14,0,0,0,5.640700000000006,82.32800000000007,0,0,0,0,0,0,1,1,0,0,0,0,1,1,0,0,0,0,0,0,9
C(CCCCCCCCCCCCCC)(=O)OCC,578.0,11.10292503116965,-0.0327969897962054,11.10292503116965,0.0327969897962054,0.3013977658356722,270.45699999999994,236.18499999999997,270.255880328,114,0.3052674256589853,-0.4659692078794497,0.4659692078794497,0.3052674256589853,0.6842105263157895,1.105263157894737,1.5263157894736843,16.531802007248213,10.048674788960962,1.999185798333404,-2.029044184050277,2.120243233688708,-2.02518688561682,5.686578537443315,-0.1427426485792964,3.006138706359086,189.7010862108803,14.18395198698784,13.215991517539395,13.215991517539395,9.308060412490448,8.464690378025045,8.464690378025045,5.444108466346376,5.444108466346376,3.539779436134093,3.539779436134093,2.3434842463306857,2.3434842463306857,-0.53,14436.556733619203,18.47,15.527240984544935,15.412970033646571,119.85339218772596,4.736862953800049,0.0,0.0,0.0,5.969305287951849,4.794537184071822,0.0,0.0,77.55277505187675,13.344558822616634,6.4208216229260096,6.606881964512918,9.53140013787187,5.969305287951849,0.0,97.3181554974194,6.606881964512918,0.0,0.0,0.0,0.0,12.576187252464766,9.53140013787187,0.0,97.3181554974194,0.0,0.0,26.3,0.0,4.794537184071822,5.969305287951849,13.027703587438928,6.4208216229260096,70.62903785218613,0.0,6.923737199690624,6.923737199690624,4.736862953800049,4.902851053001085,11.10292503116965,0.0,0.0,-0.0327969897962054,0.0,16.55560283318907,4.638084739103068,0.0,0.9411764705882352,19,0,2,0,0,0,0,2,0,2,14,0,0,0,5.640700000000006,82.32800000000007,0,0,0,0,0,0,1,1,0,0,0,0,1,1,0,0,0,0,0,0,10
C(CCCCCCCC)(=O)OC(CCCCCC)C,571.0,11.608972820609726,-0.0014045834383136,11.608972820609726,0.0014045834383136,0.3196422387833502,270.45699999999994,236.18499999999997,270.255880328,114,0.3055438436410135,-0.462658675951103,0.462658675951103,0.3055438436410135,0.8421052631578947,1.368421052631579,2.0,16.5421723383093,10.09512749401005,2.082367692962273,-2.125531777037573,2.108009206237388,-2.141231908918139,5.689376610083336,-0.1482158839119911,3.3593355210487363,201.4387456742134,14.347088693804372,13.379128224355926,13.379128224355926,9.2019072626078,8.397316063479236,8.397316063479236,5.667579074992953,5.667579074992953,3.5312883510365114,3.5312883510365114,2.250482636281052,2.250482636281052,-0.53,12736.375711293224,18.47,13.891409452809675,13.698963938179736,119.85339218772592,4.736862953800049,0.0,0.0,0.0,5.969305287951849,4.794537184071822,0.0,0.0,65.21404738278933,26.186202068468653,6.4208216229260096,6.103966387748303,9.53140013787187,5.969305287951849,0.0,103.9250374619323,0.0,0.0,0.0,0.0,0.0,12.073271675700152,9.53140013787187,0.0,97.821071074184,0.0,0.0,26.3,0.0,4.794537184071822,12.073271675700152,6.4208216229260096,12.84164324585202,57.7873946063341,0.0,6.923737199690624,13.847474399381248,4.736862953800049,5.41934484441925,11.608972820609726,0.0,0.0,-0.0014045834383136,0.0,14.020384439446158,6.45270247896318,0.0,0.9411764705882352,19,0,2,0,0,0,0,2,0,2,13,0,0,0,5.639100000000006,82.30600000000007,0,0,0,0,0,0,1,1,0,0,0,0,1,1,0,0,0,0,0,0,6
CCCCCCCCCCCCCC(=O)OC(C)C,579.0,11.291588225614095,-0.036181343537702,11.291588225614095,0.0279706009073166,0.3196422387833502,270.45699999999994,236.18499999999997,270.255880328,114,0.3055337242115604,-0.4629533082631881,0.4629533082631881,0.3055337242115604,0.7894736842105263,1.2105263157894737,1.631578947368421,16.54156100018136,10.053436673907452,2.037689080578062,-2.069516835490735,2.1173023098382115,-2.102448373963958,5.688944932448865,-0.1470129796639993,3.0834103763587524,199.43874567421344,14.347088693804372,13.379128224355926,13.379128224355926,9.163902460147016,8.359311261018451,8.359311261018451,5.824148294039298,5.824148294039298,3.35160234728316,3.35160234728316,2.255368406300984,2.255368406300984,-0.53,11923.923750430362,18.47,13.891409452809675,15.412970033646571,119.85339218772594,4.736862953800049,0.0,0.0,0.0,5.969305287951849,4.794537184071822,0.0,0.0,71.13195342895074,20.268296022307258,6.4208216229260096,6.103966387748303,9.53140013787187,5.969305287951849,0.0,103.9250374619323,0.0,0.0,0.0,0.0,0.0,12.073271675700152,9.53140013787187,0.0,97.821071074184,0.0,0.0,26.3,0.0,4.794537184071822,12.073271675700152,6.4208216229260096,6.4208216229260096,64.20821622926012,0.0,13.847474399381248,6.923737199690624,4.736862953800049,5.103102789112197,11.291588225614095,0.0,0.0,-0.036181343537702,0.0,15.078225382668874,6.063264946142538,0.0,0.9411764705882352,19,0,2,0,0,0,0,2,0,2,13,0,0,0,5.639100000000005,82.30600000000007,0,0,0,0,0,0,1,1,0,0,0,0,1,1,0,0,0,0,0,0,9
C(CC)(=O)OCC(CCCCCCC)CCCCC,557.0,11.239149588286493,-0.049560638942854,11.239149588286493,0.049560638942854,0.3262663183213889,270.4569999999999,236.18499999999997,270.255880328,114,0.3050065704545115,-0.465387045205003,0.465387045205003,0.3050065704545115,0.8421052631578947,1.368421052631579,1.947368421052632,16.532921631697693,9.951334220849985,2.1062553629185694,-2.1640509017456795,2.185129539033581,-2.135745076186048,5.683066963576172,-0.144335992771883,3.783474584966328,201.4387456742134,14.347088693804372,13.379128224355926,13.379128224355926,9.239912065068586,8.396542030603182,8.396542030603182,5.601262109019199,5.601262109019199,3.700550018616643,3.700550018616643,2.343442487126376,2.343442487126376,-0.53,13853.14949919112,18.47,13.891409452809675,12.255745713867787,119.85339218772594,4.736862953800049,0.0,0.0,0.0,5.969305287951849,4.794537184071822,0.0,0.0,72.13778458247995,18.75954929201341,6.4208216229260096,6.606881964512918,9.53140013787187,5.969305287951849,5.917906046161393,91.400249451258,6.606881964512918,0.0,0.0,0.0,0.0,12.576187252464766,9.53140013787187,5.917906046161393,91.400249451258,0.0,0.0,26.3,0.0,4.794537184071822,5.969305287951849,18.94560963360032,0.0,64.20821622926012,0.0,6.923737199690624,13.847474399381248,4.736862953800049,5.323280029604435,11.239149588286493,0.0,0.0,0.537176889401817,0.0,13.416313511107433,6.984079981599823,0.0,0.9411764705882352,19,0,2,0,0,0,0,2,0,2,13,0,0,0,5.496600000000006,82.25800000000007,0,0,0,0,0,0,1,1,0,0,0,0,1,1,0,0,0,0,0,0,4
C(CCCCCC)C(C(=O)OC)CCCCCCC,571.0,11.729574672461576,0.005539861006131,11.729574672461576,0.005539861006131,0.3262663183213889,270.45699999999994,236.18499999999997,270.255880328,114,0.3081490924554041,-0.4687919091297921,0.4687919091297921,0.3081490924554041,0.7894736842105263,1.2105263157894737,1.5789473684210529,16.523970031915173,9.9412309955798,2.173648164907978,-2.13926443502718,2.196135446084176,-2.158770589650613,5.716244827475698,-0.1455731850549987,3.731262464133613,187.43874567421344,14.347088693804372,13.379128224355924,13.379128224355924,9.256748817474191,8.33588185882336,8.33588185882336,5.6258605579552725,5.6258605579552725,3.846796293573511,3.846796293573511,2.535287689967693,2.535287689967693,-0.53,14159.873453799908,18.47,13.891409452809675,11.029139487112117,119.85339218772594,4.736862953800049,0.0,0.0,0.0,5.969305287951849,4.794537184071822,0.0,0.0,78.05569062864136,12.84164324585202,0.0,13.027703587438928,9.53140013787187,5.969305287951849,5.917906046161393,90.89733387449338,7.109797541277533,0.0,0.0,0.0,0.0,13.079102829229384,9.53140013787187,5.917906046161393,90.89733387449338,0.0,0.0,26.3,0.0,4.794537184071822,11.887211334113244,0.0,12.84164324585202,71.31801377053765,0.0,0.0,13.847474399381248,4.736862953800049,4.929811665406904,11.729574672461576,0.0,0.0,0.1520704732510287,0.0,14.711748240112586,4.4594346250087735,1.517360323759133,0.9411764705882352,19,0,2,0,0,0,0,2,0,2,13,0,0,0,5.496600000000006,82.25800000000007,0,0,0,0,0,0,1,1,0,0,0,0,1,1,0,0,1,0,0,0,6
CC(CCCCCCCCCCCCC(=O)OC)C,576.0,10.891947021910392,-0.0681503533638547,10.891947021910392,0.0681503533638547,0.326266318321389,270.45699999999994,236.18499999999997,270.255880328,114,0.3050018388563536,-0.4689954278205915,0.4689954278205915,0.3050018388563536,0.7894736842105263,1.2105263157894737,1.631578947368421,16.522949828064164,10.02247165951404,1.988584571007412,-2.0430740437254724,2.1326676517337373,-1.985285634642887,5.6845964134843125,-0.1402507850979689,3.0086621485426424,199.43874567421344,14.347088693804372,13.379128224355926,13.379128224355926,9.163902460147016,8.232998800364115,8.232998800364115,6.044188503804979,6.044188503804979,3.6400461555808654,3.6400461555808654,2.338199060047736,2.338199060047736,-0.53,12557.281573356448,18.47,13.891409452809675,15.412970033646571,119.85339218772594,4.736862953800049,0.0,0.0,0.0,5.969305287951849,4.794537184071822,0.0,0.0,78.05569062864136,12.338727669087405,6.4208216229260096,7.109797541277533,9.53140013787187,5.969305287951849,5.917906046161393,90.89733387449338,7.109797541277533,0.0,0.0,0.0,0.0,13.079102829229384,9.53140013787187,5.917906046161393,90.89733387449338,0.0,0.0,26.3,0.0,4.794537184071822,5.969305287951849,6.4208216229260096,12.338727669087405,71.31801377053765,0.0,0.0,18.584337353181297,0.0,4.61778450207516,10.891947021910392,0.0,0.0,0.7975810185185187,0.0,15.11937078232845,4.611510885296839,1.4618057898706418,0.9411764705882352,19,0,2,0,0,0,0,2,0,2,13,0,0,0,5.496600000000005,82.25800000000007,0,0,0,0,0,0,1,1,0,0,0,0,1,1,0,0,1,0,0,0,9
CC(CC(=O)OC(CC(C)(C)C)CCCCC)(C)C,535.0,11.965408242000503,-0.0432884542705969,11.965408242000503,0.0067305209120687,0.4601544337360837,270.45699999999994,236.18499999999997,270.255880328,114,0.3060879835618764,-0.4623271004167597,0.4623271004167597,0.3060879835618764,1.0,1.5789473684210529,2.0,16.54300276296054,9.870270710375936,2.2386013546156573,-2.270384939578883,2.267075930304703,-2.258359493396925,5.698394893525234,-0.1525187937984057,4.356703418165589,255.4160800807443,15.104448006685086,14.136487537236638,14.136487537236638,8.532805283882038,7.728214084753473,7.728214084753473,8.109871165923622,8.109871165923622,2.9424763232012148,2.9424763232012148,2.168247354702498,2.168247354702498,-0.53,5074.975710107895,18.47,7.914293730812054,12.255745713867787,119.85339218772592,4.736862953800049,6.103966387748303,0.0,0.0,5.969305287951849,4.794537184071822,0.0,0.0,61.307803643686384,30.09244580757159,0.0,6.4208216229260096,9.53140013787187,5.969305287951849,10.82998093879356,93.09505652313872,0.0,0.0,0.0,0.0,0.0,12.073271675700152,9.53140013787187,10.82998093879356,86.99109013539042,0.0,0.0,26.3,0.0,4.794537184071822,22.903252614493717,6.4208216229260096,19.26246486877803,12.84164324585202,0.0,0.0,48.46616039783436,4.736862953800049,5.710195578231293,11.965408242000503,0.0,0.2139664430587051,-0.0432884542705969,0.0,6.117064869929452,15.036653321050643,0.0,0.9411764705882352,19,0,2,0,0,0,0,2,0,2,7,0,0,0,5.3509000000000055,82.16600000000007,0,0,0,0,0,0,1,1,0,0,0,0,1,1,0,0,0,0,0,0,1
C(CCCCCCCC(=O)OCC(C)C)(=O)OCC(C)C,529.0,11.369143565850507,-0.0963303540148567,11.369143565850507,0.0963303540148567,0.4017655891373135,300.439,268.183,300.230059504,124,0.3052873331073577,-0.4654017442983678,0.4654017442983678,0.3052873331073577,0.6666666666666666,1.0,1.3333333333333333,16.536287129034115,10.095458399271957,2.053309553836769,-2.072878492136869,2.0882722212019527,-2.09417817121578,5.691095756175671,-0.1451643198890423,3.322583567982511,256.51469529449747,16.087575669810526,14.151654730913634,14.151654730913634,9.913591357920936,8.22685128899013,8.22685128899013,6.421486056985512,6.421486056985512,2.917110289820159,2.917110289820159,1.7325686330571983,1.7325686330571983,-1.06,25269.493215662525,19.94,12.66343733510386,15.151193241816264,129.12845951727655,9.473725907600098,0.0,0.0,0.0,11.9386105759037,9.589074368143644,0.0,0.0,46.95741366754052,24.6774553381748,12.84164324585202,13.213763929025836,19.06280027574374,11.9386105759037,11.835812092322788,72.64070015924456,13.213763929025836,0.0,0.0,0.0,0.0,25.152374504929536,19.06280027574374,11.835812092322788,72.64070015924456,0.0,0.0,52.60000000000001,0.0,9.589074368143644,11.9386105759037,37.89121926720065,32.10410811463005,0.0,0.0,27.694948798762496,0.0,9.473725907600098,10.21728777035054,22.73828713170101,0.0,0.0,0.593268303340037,0.0,5.819752654786025,9.13140413982239,0.0,0.8823529411764706,21,0,4,0,0,0,0,4,0,4,12,0,0,0,4.115500000000004,83.91300000000007,0,0,0,0,0,0,2,2,0,0,0,0,2,2,0,0,0,0,0,0,4
CC(OCCCC)COC(COC(COCCCC)C)C,621.0,5.73708261951092,0.0836268056605356,5.73708261951092,0.0836268056605356,0.431018924148135,304.47100000000006,268.183,304.261359632,128,0.0781424005339919,-0.3787701477646805,0.3787701477646805,0.0781424005339919,0.6190476190476191,1.0952380952380951,1.6666666666666667,16.5657991128619,10.327985295022156,2.093983213012294,-2.1967318241724505,2.0165095375593487,-2.2643947234126154,4.549836940351235,-0.0800460449815804,3.489621481938162,210.96678879713923,15.924438962994,14.72900500010326,14.72900500010326,10.095754112725151,8.521491695494175,8.521491695494175,5.751330869460479,5.751330869460479,3.1259493690293634,3.1259493690293634,1.6684399204157128,1.6684399204157128,-0.16,31667.75291775362,20.84,14.763801473252023,14.539046938377032,131.0325057762028,18.9474518152002,0.0,0.0,0.0,0.0,0.0,0.0,0.0,26.689117645233267,33.61285484492389,13.213763929025836,38.13254505678366,18.9474518152002,0.0,0.0,78.61387165340206,33.03440982256459,0.0,0.0,0.0,0.0,51.346308985809486,18.9474518152002,0.0,60.30197249015716,0.0,0.0,36.92,0.0,0.0,18.31189916324491,19.820645893538757,32.47622879780387,6.4208216229260096,0.0,20.771211599071872,13.847474399381248,18.9474518152002,22.645124244851843,0.0,0.0,0.0,0.0,0.0,4.898410627136177,13.95646512801198,0.0,1.0,21,0,4,0,0,0,0,4,0,4,15,0,0,0,3.818500000000003,86.87700000000008,0,0,0,0,0,0,0,0,0,0,0,0,0,4,0,0,0,0,0,0,3
CCCCOCCOCCOCOCCOCCOCCCC,668.0,5.379878206163941,0.2705555555555554,5.379878206163941,0.2705555555555554,0.2516032598847852,336.4690000000001,300.18100000000004,336.251188872,140,0.1464393902527904,-0.3790601955522994,0.3790601955522994,0.1464393902527904,0.391304347826087,0.6956521739130435,1.0434782608695652,16.66959097441562,10.359459143848843,1.9324760275083332,-2.0784371628969853,1.890947371638631,-2.131195106007715,4.355522639222507,-0.0854818561012481,2.9219621943934726,183.52261344043652,16.849242404917504,15.056091460581396,15.056091460581396,11.414213562373096,8.878315177510851,8.878315177510851,5.09094423509521,5.09094423509521,2.9391575887554247,2.9391575887554247,1.5492287863782757,1.5492287863782757,-0.24,119072.77235845056,22.76,21.76,21.76,141.25959623521658,28.42117772280029,6.792942306099827,0.0,0.0,0.0,0.0,0.0,0.0,26.689117645233267,12.84164324585202,13.213763929025836,52.85505571610334,28.42117772280029,0.0,0.0,39.53076089108528,72.861761951229,0.0,0.0,0.0,0.0,72.861761951229,28.42117772280029,0.0,39.53076089108528,0.0,0.0,55.38000000000001,0.0,0.0,6.792942306099827,52.85505571610334,38.89705042072988,0.0,0.0,0.0,13.847474399381248,28.42117772280029,32.063979321189635,0.0,0.0,0.0,0.0,0.0,4.532776195301398,10.903244483508962,0.0,1.0,23,0,6,0,0,0,0,6,0,6,20,0,0,0,2.643700000000001,89.86300000000008,0,0,0,0,0,0,0,0,0,0,0,0,0,6,0,0,0,0,0,0,18
CCCC(Cc1ccccc1)Cc2ccccc2,435.0,2.2807407407407405,0.7637037037037036,2.2807407407407405,0.7637037037037036,0.6719787681381073,238.374,216.19799999999995,238.172150704,94,-0.0247205099928826,-0.0653718734354388,0.0653718734354388,0.0247205099928826,0.7222222222222222,1.1666666666666667,1.5555555555555556,14.141874386281636,9.890409699040784,2.0915055385193155,-2.160066431535028,2.187841742175276,-2.077731097326162,5.1806863623665125,0.4739827188309344,2.000003821545522,388.6101940594948,12.631545744180547,11.179280085832078,11.179280085832078,8.881341395361316,6.960325638810603,6.960325638810603,5.034145948150093,5.034145948150093,3.431327539194309,3.431327539194309,2.579394555338456,2.579394555338456,-1.5599999999999996,17558.612425422078,12.885564346435489,7.003773947427045,4.030245639017444,110.67815001194067,0.0,0.0,0.0,0.0,0.0,0.0,0.0,0.0,80.42905113015875,29.886452275407404,0.0,0.0,0.0,0.0,5.917906046161393,32.60702369139466,0.0,71.7905736680101,0.0,0.0,0.0,0.0,12.84164324585202,5.917906046161393,30.892283428936636,60.6636706846161,0.0,0.0,0.0,0.0,0.0,0.0,5.917906046161393,36.81018947509803,0.0,0.0,67.58740788430673,0.0,0.0,0.0,0.0,2.9294094860166293,0.7637037037037036,21.71932964852608,4.973483087679516,2.2807407407407405,0.0,0.3333333333333333,18,0,0,0,0,2,2,0,0,0,6,0,0,2,4.888100000000004,78.69000000000005,0,0,0,0,0,0,0,0,0,0,2,0,0,0,0,0,0,0,0,0,0
C1(=CC=CC=C1)CCCCCCC1=CC=CC=C1,495.0,2.2261595857478795,1.2283501826656589,2.2261595857478795,1.2283501826656589,0.5932504963976822,238.374,216.19799999999995,238.172150704,94,-0.0278872264562535,-0.0622487389243358,0.0622487389243358,0.0278872264562535,0.4444444444444444,0.8333333333333334,1.2222222222222223,14.001470147383785,10.033264280258331,1.9430752231209096,-2.025187725254906,2.0995397634968547,-1.8761993686140803,5.148611971401806,0.6402702375529126,1.5431740953316218,372.8060028423248,12.468409037364015,11.016143379015546,11.016143379015546,8.949489742783179,7.028473986232465,7.028473986232465,4.885410681680072,4.885410681680072,3.366552983937877,3.366552983937877,2.3011561567418526,2.3011561567418526,-1.5599999999999996,19783.644000886725,12.885564346435489,7.7058384427143,4.7473419608848095,110.67815001194067,0.0,0.0,0.0,0.0,0.0,0.0,0.0,0.0,73.50531393046812,36.81018947509803,0.0,0.0,0.0,0.0,0.0,38.524929737556064,0.0,71.7905736680101,0.0,0.0,0.0,0.0,12.84164324585202,0.0,36.81018947509803,60.6636706846161,0.0,0.0,0.0,0.0,0.0,0.0,0.0,49.65183272095005,0.0,0.0,60.6636706846161,0.0,0.0,0.0,0.0,2.9454803220135117,0.0,21.59676599317924,7.7910870181405905,0.0,0.0,0.3333333333333333,18,0,0,0,0,2,2,0,0,0,7,0,0,2,5.032200000000005,78.76000000000005,0,0,0,0,0,0,0,0,0,2,2,0,0,0,0,0,0,0,0,0,3
CCCCCC(c1ccccc1)c2ccccc2,438.0,2.2639295162509447,0.5545833333333332,2.2639295162509447,0.5545833333333332,0.5910811117882899,238.374,216.19799999999995,238.172150704,94,0.008929368739514,-0.0653823788352078,0.0653823788352078,0.008929368739514,0.7222222222222222,1.2222222222222223,1.6666666666666667,14.164416151036033,9.867935910706846,2.1220083583876987,-2.175062541259449,2.2910260220841003,-2.005906065981071,5.315772889482811,0.6183940323031552,2.1819591154548923,390.61019405949486,12.631545744180547,11.179280085832078,11.179280085832078,8.91501490017253,7.014072545885955,7.014072545885955,4.869734978588547,4.869734978588547,3.500235507368079,3.500235507368079,2.494938589896027,2.494938589896027,-1.5599999999999996,19052.27200597447,12.885564346435489,7.003773947427045,3.4641566014160774,110.67815001194066,0.0,0.0,0.0,0.0,0.0,0.0,0.0,0.0,86.84987275308477,17.54772460632,5.917906046161393,0.0,0.0,0.0,0.0,38.52492973755605,0.0,71.7905736680101,0.0,0.0,0.0,0.0,0.0,0.0,49.65183272095004,60.6636706846161,0.0,0.0,0.0,0.0,0.0,5.917906046161393,0.0,36.81018947509803,0.0,0.0,67.58740788430673,0.0,0.0,0.0,0.0,2.8885241874527594,0.5545833333333332,21.7797800138574,5.179849615772236,2.2639295162509447,0.0,0.3333333333333333,18,0,0,0,0,2,2,0,0,0,6,0,0,2,5.398800000000005,78.86900000000006,0,0,0,0,0,0,0,0,0,0,2,0,0,0,0,0,0,0,0,0,1
CC(CC(C1=CC=CC=C1)C1=CC=CC=C1)(C)C,442.0,2.3113888888888887,0.3297118291761148,2.3113888888888887,0.3297118291761148,0.6843507452226133,238.374,216.19799999999995,238.172150704,94,0.0094263679711033,-0.0622480078480638,0.0622480078480638,0.0094263679711033,0.7222222222222222,1.1111111111111112,1.4444444444444444,14.25279482839663,9.779452304987,2.208787366163758,-2.26519433555622,2.353446506929944,-2.1268930338545697,5.320131787978165,0.3570524244372083,2.3565494626565955,422.8964264905985,13.010225400620904,11.557959742272434,11.557959742272434,8.561461509579255,6.660519155292681,6.660519155292681,6.13873737981894,6.13873737981894,3.220379417875788,3.220379417875788,2.411218240124666,2.411218240124666,-1.5599999999999996,12325.845581442336,12.885564346435489,5.389882272896517,3.4641566014160774,110.67815001194066,0.0,0.0,0.0,0.0,0.0,0.0,0.0,0.0,81.43488228368797,22.96271507571678,5.917906046161393,0.0,0.0,0.0,5.41499046939678,33.10993926815927,0.0,71.7905736680101,0.0,0.0,0.0,0.0,0.0,5.41499046939678,44.236842251553256,60.6636706846161,0.0,0.0,0.0,0.0,0.0,11.332896515558172,0.0,17.54772460632,0.0,0.0,81.43488228368797,0.0,0.0,0.0,0.0,3.1604988662131523,0.4929629629629629,21.6613529856387,1.167685185185185,6.934166666666666,0.0,0.3333333333333333,18,0,0,0,0,2,2,0,0,0,3,0,0,2,5.254700000000004,78.79900000000006,0,0,0,0,0,0,0,0,0,0,2,0,0,0,0,0,0,0,0,0,0
C1(CCCCC1)CCC=1C=C2CCCCC2=CC1,437.0,2.5112299225245653,1.022946638531956,2.5112299225245653,1.022946638531956,0.6932239712153281,242.406,216.19799999999995,242.203450832,98,-0.0275925592015252,-0.0587508097232644,0.0587508097232644,0.0275925592015252,0.8333333333333334,1.6111111111111112,2.4444444444444446,14.195419633892593,9.84017770078191,2.138492487157789,-2.217113199027544,2.2828262652040694,-2.078324825305348,5.334123308026497,0.3390224618232161,1.584030894119405,385.0248257561692,12.208896013370172,11.587575669810528,11.587575669810528,8.915816237971965,8.023438914883997,8.023438914883997,6.352880433948465,6.352880433948465,4.978912101642112,4.978912101642112,3.788895633916169,3.788895633916169,-0.78,24816.52836145327,12.263885304178247,5.907313103845556,2.964577260385131,111.79904618519784,0.0,0.0,0.0,0.0,0.0,0.0,0.0,0.0,50.30320932001488,61.13319025880844,0.0,0.0,0.0,0.0,5.917906046161393,70.62903785218613,0.0,34.88945568047582,0.0,0.0,0.0,0.0,19.26246486877803,5.917906046161393,68.05692745849908,18.19910120538483,0.0,0.0,0.0,0.0,0.0,0.0,5.917906046161393,70.62903785218613,16.690354475090988,0.0,18.19910120538483,0.0,0.0,0.0,0.0,4.880818531116151,1.022946638531956,7.314480662635424,15.615087501049803,0.0,0.0,0.6666666666666666,18,0,0,2,2,1,1,0,0,0,3,1,1,3,5.078300000000005,77.98000000000006,0,0,0,0,0,0,0,0,0,3,1,1,0,0,0,0,0,0,0,0,0
CCCCCCCCc1ccc2ccccc2c1,480.0,2.348587569286974,1.233094529478458,2.348587569286974,1.233094529478458,0.5410263675906061,240.39000000000004,216.19799999999995,240.187800768,96,-0.0181300279826149,-0.0653823832227824,0.0653823832227824,0.0181300279826149,0.7222222222222222,1.4444444444444444,2.2777777777777777,14.019089057235124,10.016162318767863,1.964644707024945,-2.0386813025051262,2.171771611271632,-1.863240215661412,5.824573744304423,0.607449941292068,1.806453772931248,470.1769342932024,12.631545744180547,11.491199352633217,11.491199352633217,8.898178147766922,7.376044312682032,7.376044312682032,5.199269926043681,5.199269926043681,3.632881920581221,3.632881920581221,2.50374575067616,2.50374575067616,-1.2999999999999998,17521.604489128833,13.139209677934184,7.204682622268471,3.8702226149896894,111.03260456640506,0.0,0.0,0.0,0.0,0.0,0.0,0.0,0.0,81.49241479355196,29.177543166478607,0.0,0.0,0.0,10.772448428929591,0.0,51.8694885601727,0.0,48.02802097092827,0.0,0.0,0.0,0.0,6.4208216229260096,0.0,51.01211842894368,42.46456947923127,10.772448428929591,0.0,0.0,0.0,0.0,0.0,0.0,61.281651281108665,0.0,0.0,49.38830667892189,0.0,0.0,0.0,2.7270173888094167,1.4899921527252875,0.0,15.50798012013994,9.502114450159358,2.272895888166,0.0,0.4444444444444444,18,0,0,0,0,2,2,0,0,0,7,0,0,2,5.742800000000005,81.02800000000006,0,0,0,0,0,0,0,0,0,1,2,1,0,0,0,0,0,0,0,0,4
CCCCCC(CC)c1ccc2ccccc2c1,457.0,2.38437074829932,0.737181594860166,2.38437074829932,0.737181594860166,0.5501915291159567,240.39,216.19799999999995,240.187800768,96,-0.0164358045118073,-0.0653823803424983,0.0653823803424983,0.0164358045118073,0.8888888888888888,1.6666666666666667,2.388888888888889,14.13774895168031,9.895017996656795,2.0878838282487933,-2.155026254277974,2.279241422480549,-1.971092076921615,5.826220171352992,0.5536535456570832,2.167513949149721,484.1172218757299,12.794682450997078,11.654336059449747,11.654336059449747,8.846866552750667,7.334769418797845,7.334769418797845,5.2075416472506815,5.2075416472506815,3.8938649244533647,3.8938649244533647,2.708963120788751,2.708963120788751,-1.2999999999999998,16736.460088887823,13.139209677934184,6.583890624696773,3.127847498554569,111.03260456640504,0.0,0.0,0.0,0.0,0.0,0.0,0.0,0.0,75.57450874739055,35.09544921264,0.0,0.0,0.0,10.772448428929591,0.0,51.86948856017269,0.0,48.02802097092827,0.0,0.0,0.0,0.0,0.0,0.0,57.43294005186968,42.46456947923127,10.772448428929591,0.0,0.0,0.0,0.0,0.0,5.917906046161393,48.44000803525664,0.0,0.0,56.31204387861251,0.0,0.0,0.0,2.730187757201646,1.5206509826152683,0.737181594860166,15.629455203186264,6.6297660007274,4.586091794742588,0.0,0.4444444444444444,18,0,0,0,0,2,2,0,0,0,6,0,0,2,5.913700000000006,81.12200000000006,0,0,0,0,0,0,0,0,0,0,2,1,0,0,0,0,0,0,0,0,1
CCCCCCC(C)c1cccc2ccccc12,458.0,2.368768896447468,0.674033446712018,2.368768896447468,0.674033446712018,0.5501915291159567,240.39,216.19799999999995,240.187800768,96,-0.0149205837651108,-0.0653823832118479,0.0653823832118479,0.0149205837651108,0.8888888888888888,1.6666666666666667,2.5,14.127375842860593,9.905935560151253,2.07986092257036,-2.1418375701263006,2.2844017563906185,-1.947361624242497,5.855748100967812,0.5817484528574832,2.097278974865001,478.8672218757298,12.794682450997078,11.654336059449747,11.654336059449747,8.82569850269549,7.302747680480767,7.302747680480767,5.318758549639307,5.318758549639307,3.844969234255709,3.844969234255709,2.712990534043888,2.712990534043888,-1.2999999999999998,16415.215938803856,13.139209677934184,6.583890624696773,3.127847498554569,111.03260456640504,0.0,0.0,0.0,0.0,0.0,0.0,0.0,0.0,81.99533037031657,28.674627589713992,0.0,0.0,0.0,10.772448428929591,0.0,51.86948856017269,0.0,48.02802097092827,0.0,0.0,0.0,0.0,0.0,0.0,57.43294005186968,42.46456947923127,10.772448428929591,0.0,0.0,0.0,0.0,5.917906046161393,0.0,48.44000803525664,0.0,0.0,56.31204387861251,0.0,0.0,0.0,2.8040738116234154,1.5181467309145882,0.674033446712018,15.443627932463158,6.752725735547255,4.640725676072899,0.0,0.4444444444444444,18,0,0,0,0,2,2,0,0,0,6,0,0,2,5.913700000000006,81.12200000000007,0,0,0,0,0,0,0,0,0,0,2,1,0,0,0,0,0,0,0,0,2
CCCCC(CC)Cc1cccc2ccccc12,462.0,2.324858276643991,0.843292705971277,2.324858276643991,0.843292705971277,0.616326700865933,240.39,216.19799999999995,240.187800768,96,-0.0151819707102129,-0.0653822081371334,0.0653822081371334,0.0151819707102129,0.9444444444444444,1.7222222222222223,2.5,14.137161204351385,9.89612288681588,2.0862463327011604,-2.15515152143456,2.242124332628592,-2.033822753245272,5.85134037544997,0.4501090108422832,2.1943667057879352,478.8672218757298,12.794682450997078,11.654336059449747,11.654336059449747,8.846866552750667,7.313879029403876,7.313879029403876,5.25889864420688,5.25889864420688,3.931800381262786,3.931800381262786,2.724815681846521,2.724815681846521,-1.2999999999999998,16704.83552005526,13.139209677934184,6.583890624696773,3.127847498554569,111.03260456640504,0.0,0.0,0.0,0.0,0.0,0.0,0.0,0.0,81.99533037031657,28.674627589713992,0.0,0.0,0.0,10.772448428929591,5.917906046161393,45.95158251401129,0.0,48.02802097092827,0.0,0.0,0.0,0.0,6.4208216229260096,5.917906046161393,45.094212382782274,42.46456947923127,10.772448428929591,0.0,0.0,0.0,0.0,0.0,5.917906046161393,48.44000803525664,0.0,0.0,56.31204387861251,0.0,0.0,0.0,2.8150861625514407,1.5241232048374906,0.843292705971277,15.467598812673216,6.575997889896699,4.607234557403208,0.0,0.4444444444444444,18,0,0,0,0,2,2,0,0,0,6,0,0,2,5.598700000000005,80.95800000000007,0,0,0,0,0,0,0,0,0,0,2,1,0,0,0,0,0,0,0,0,0
C1(CCCCC1)C1CC(CCC1)C1CCCCC1,455.0,1.6203703703703705,1.1297597789115643,1.6203703703703705,1.1297597789115643,0.5658960176553521,248.4539999999999,216.19799999999995,248.250401024,104,-0.0383108304680846,-0.0532853604228709,0.0532853604228709,0.0383108304680846,0.3333333333333333,0.7222222222222222,1.1666666666666667,14.381315248602364,9.654064520283068,2.325876250675228,-2.401362883240785,2.446331922018508,-2.2867810910795483,4.839562243054602,0.1107904642566581,1.5335666695343448,208.4228653433368,12.208896013370172,12.208896013370172,12.208896013370172,8.932652990377571,8.932652990377571,8.932652990377571,7.482945423660689,7.482945423660689,6.388321936425754,6.388321936425754,5.334246751834289,5.334246751834289,0.0,26796.554294711103,13.005,6.437869822485207,3.114186851211073,113.92577351198422,0.0,0.0,0.0,0.0,0.0,0.0,0.0,0.0,83.47068109803816,30.09244580757158,0.0,0.0,0.0,0.0,23.671624184645573,89.89150272096417,0.0,0.0,0.0,0.0,0.0,0.0,0.0,23.671624184645573,89.89150272096417,0.0,0.0,0.0,0.0,0.0,0.0,0.0,23.671624184645573,38.524929737556064,51.36657298340809,0.0,0.0,0.0,0.0,0.0,0.0,0.0,4.520587207105064,0.0,21.81274612622827,0.0,0.0,1.0,18,0,0,3,3,0,0,0,0,0,2,3,3,3,5.953400000000007,78.59800000000007,0,0,0,0,0,0,0,0,0,0,0,0,0,0,0,0,0,0,0,0,0
C1(CCCCC1)C1C(CCCC1)C1CCCCC1,528.0,1.5891203703703705,1.1305338246409673,1.5891203703703705,1.1305338246409673,0.5658960176553521,248.4539999999999,216.19799999999995,248.250401024,104,-0.0354773904374081,-0.0532853576042743,0.0532853576042743,0.0354773904374081,0.3333333333333333,0.6666666666666666,1.0555555555555556,14.416664682863024,9.618143981228233,2.362947907188193,-2.4355717221742985,2.4705882161121573,-2.3359018388627657,4.869266338446778,0.0686722366336232,1.6406092804874817,206.4228653433368,12.208896013370172,12.208896013370172,12.208896013370172,8.949489742783179,8.949489742783177,8.949489742783177,7.408346464128571,7.408346464128571,6.3855158110248205,6.3855158110248205,5.483444670898525,5.483444670898525,0.0,27096.767232967304,13.005,6.437869822485207,2.938775510204082,113.92577351198422,0.0,0.0,0.0,0.0,0.0,0.0,0.0,0.0,77.04985947511214,36.51326743049759,0.0,0.0,0.0,0.0,23.671624184645573,89.89150272096417,0.0,0.0,0.0,0.0,0.0,0.0,0.0,23.671624184645573,89.89150272096417,0.0,0.0,0.0,0.0,0.0,0.0,0.0,23.671624184645573,12.84164324585202,77.04985947511214,0.0,0.0,0.0,0.0,0.0,0.0,0.0,4.542826908541194,0.0,21.79050642479214,0.0,0.0,1.0,18,0,0,3,3,0,0,0,0,0,2,3,3,3,5.953400000000007,78.59800000000007,0,0,0,0,0,0,0,0,0,0,0,0,0,0,0,0,0,0,0,0,0
C1(CCCCC1)C1CCC(CC1)C1CCCCC1,487.0,1.5891203703703705,1.1297597789115643,1.5891203703703705,1.1297597789115643,0.5658960176553522,248.45399999999992,216.19799999999995,248.250401024,104,-0.0385639686123749,-0.0532853604336167,0.0532853604336167,0.0385639686123749,0.2777777777777778,0.5555555555555556,0.8888888888888888,14.37117036686279,9.66440731161978,2.315264527796696,-2.391487042264788,2.439189117661286,-2.27296770369812,4.8309321328300365,0.1227769085195688,1.447244880076741,198.4228653433368,12.208896013370172,12.208896013370172,12.208896013370172,8.932652990377571,8.932652990377571,8.932652990377571,7.471040041861525,7.471040041861525,6.44948974278318,6.44948974278318,5.298931502368092,5.298931502368092,0.0,26961.01759584652,13.005,6.437869822485207,3.114186851211073,113.92577351198422,0.0,0.0,0.0,0.0,0.0,0.0,0.0,0.0,64.20821622926012,49.35491067634962,0.0,0.0,0.0,0.0,23.671624184645573,89.89150272096417,0.0,0.0,0.0,0.0,0.0,0.0,0.0,23.671624184645573,89.89150272096417,0.0,0.0,0.0,0.0,0.0,0.0,0.0,23.671624184645573,38.524929737556064,51.36657298340809,0.0,0.0,0.0,0.0,0.0,0.0,0.0,4.520734074493994,0.0,21.81259925883933,0.0,0.0,1.0,18,0,0,3,3,0,0,0,0,0,2,3,3,3,5.953400000000007,78.59800000000007,0,0,0,0,0,0,0,0,0,0,0,0,0,0,0,0,0,0,0,0,0
C(CCCCCCC)C=1C=C2CCCCC2=CC1,487.0,2.4866431248425296,1.291076388888889,2.4866431248425296,1.291076388888889,0.5579810473213911,244.422,216.19799999999995,244.219100896,100,-0.0275925592069356,-0.0653823832227824,0.0653823832227824,0.0275925592069356,0.8333333333333334,1.5555555555555556,2.388888888888889,14.139381492154984,9.893432545535603,2.0848956165147787,-2.161069860328019,2.226145897704681,-2.027114920156696,5.333598337281567,0.6066279047265384,1.7249437523044877,351.05598492707065,12.631545744180547,12.010225400620902,12.010225400620902,8.898178147766922,8.005800824678953,8.005800824678953,5.827936407566135,5.827936407566135,4.231911458379164,4.231911458379164,3.051744252166118,3.051744252166118,-0.78,17521.604489128833,13.647028596697757,7.610129471993102,4.153723690440264,112.80487733872708,0.0,0.0,0.0,0.0,0.0,0.0,0.0,0.0,57.2269465197055,55.21528421264705,0.0,0.0,0.0,0.0,0.0,77.55277505187675,0.0,34.88945568047582,0.0,0.0,0.0,0.0,19.26246486877803,0.0,74.9806646581897,18.19910120538483,0.0,0.0,0.0,0.0,0.0,0.0,0.0,70.62903785218613,16.690354475090988,0.0,25.12283840507545,0.0,0.0,0.0,0.0,4.836870652645816,0.0,7.247660856009071,15.130632200785415,2.2848362905596997,0.0,0.6666666666666666,18,0,0,1,1,1,1,0,0,0,7,0,0,2,5.468400000000005,80.16400000000006,0,0,0,0,0,0,0,0,0,3,1,1,0,0,0,0,0,0,0,0,4
CCCCCCCCC1CCCc2ccccc12,504.0,2.3712727544721592,0.8621529090031073,2.3712727544721592,0.8621529090031073,0.5271291037382012,244.422,216.19799999999995,244.219100896,100,-0.015911818193644,-0.0653823832227926,0.0653823832227926,0.015911818193644,1.0,1.7777777777777777,2.6666666666666665,14.23206734308396,9.799942185092773,2.182278790116156,-2.249935860418263,2.345249897843052,-2.0904352520986422,5.319139310758377,0.4837249056255284,1.7379989803556548,339.646476403863,12.631545744180547,11.957819157813608,11.957819157813608,8.91501490017253,7.993182156491986,7.993182156491986,5.844407759688482,5.844407759688482,4.39976062880625,4.39976062880625,3.325459814441518,3.325459814441518,-0.78,17900.076675574248,13.647028596697757,7.610129471993102,3.864557970908941,112.80487733872708,0.0,0.0,0.0,0.0,0.0,0.0,0.0,0.0,69.71413521109312,42.72809552125942,0.0,0.0,0.0,0.0,0.0,77.04985947511213,0.0,35.392371257240434,0.0,0.0,0.0,0.0,6.4208216229260096,0.0,81.7559408355801,24.26546827384644,0.0,0.0,0.0,0.0,0.0,0.0,5.917906046161393,64.20821622926012,11.126902983393991,0.0,31.18920547353706,0.0,0.0,0.0,0.0,3.288927015378134,0.8621529090031073,9.128321045436843,14.096631610199434,2.290634086649148,0.0,0.6666666666666666,18,0,0,1,1,1,1,0,0,0,7,0,0,2,5.857100000000006,80.11400000000006,0,0,0,0,0,0,0,0,0,1,1,1,0,0,0,0,0,0,0,0,4
C(CCC)C=1C=C2CCCCC2=CC1CCCC,488.0,2.550740740740741,1.2944718442932728,2.550740740740741,1.2944718442932728,0.6408067434292232,244.4219999999999,216.19799999999995,244.219100896,100,-0.0275922217411104,-0.0653710703690626,0.0653710703690626,0.0275922217411104,0.7777777777777778,1.2222222222222223,1.6111111111111112,14.17872214092467,9.855831802316445,2.12505471754842,-2.1978843650036533,2.26508793488462,-2.0636394169731087,5.39761311154514,0.6775257936460691,2.218149842638568,338.86985466429576,12.794682450997078,12.22576835024473,12.22576835024473,8.846866552750669,7.983127663125442,7.983127663125442,5.803842328271808,5.803842328271808,4.263402213751927,4.263402213751927,3.0876800395099497,3.0876800395099497,-0.78,16180.165032883826,13.647028596697757,6.968763466108176,3.369961390570188,112.80487733872704,0.0,0.0,0.0,0.0,0.0,0.0,0.0,0.0,38.821851782156486,73.62037895019607,0.0,0.0,0.0,0.0,0.0,78.05569062864136,0.0,34.386540103711205,0.0,0.0,0.0,0.0,25.68328649170404,0.0,74.62621010372528,12.13273413692322,0.0,0.0,0.0,0.0,0.0,0.0,0.0,64.20821622926012,22.253805966787983,0.0,25.980208536304467,0.0,0.0,0.0,0.0,6.636206538170825,0.0,5.101481481481482,13.337465041572186,4.591513605442177,0.0,0.6666666666666666,18,0,0,1,1,1,1,0,0,0,6,0,0,2,5.250600000000005,80.30800000000006,0,0,0,0,0,0,0,0,0,4,1,1,0,0,0,0,0,0,0,0,0
CC(CC1CCC(C2=CC=CC=C12)CC(C)C)C,467.0,2.383796296296296,0.8098261526832953,2.383796296296296,0.8098261526832953,0.6332639937672273,244.422,216.19799999999995,244.219100896,100,-0.0156478265860869,-0.0627519934704842,0.0627519934704842,0.0156478265860869,0.8333333333333334,1.2222222222222223,1.5555555555555556,14.31652624052919,9.717270536233764,2.268969301177036,-2.3303845800810654,2.4329594018570493,-2.1679102525715943,5.353452810209873,0.3837251914441112,2.2244056907021577,338.3796296686227,13.12095586463014,12.4472292782632,12.4472292782632,8.57538740046941,7.663591357920936,7.663591357920936,6.859212455648756,6.859212455648756,4.251098828862012,4.251098828862012,3.59554790714916,3.59554790714916,-0.78,11336.193497331977,13.647028596697757,5.907313103845556,3.157534087817193,112.804877338727,0.0,0.0,0.0,0.0,0.0,0.0,0.0,0.0,51.96041707260893,60.4818136597436,0.0,0.0,0.0,0.0,11.835812092322788,65.2140473827893,0.0,35.392371257240434,0.0,0.0,0.0,0.0,0.0,11.835812092322788,76.34095036618329,24.26546827384644,0.0,0.0,0.0,0.0,0.0,0.0,23.671624184645573,25.68328649170404,11.126902983393991,0.0,51.96041707260893,0.0,0.0,0.0,0.0,3.311296296296297,3.2394761484840844,9.219803476946334,5.496015684051399,9.400075060888554,0.0,0.6666666666666666,18,0,0,1,1,1,1,0,0,0,4,0,0,2,5.739800000000005,80.06800000000007,0,0,0,0,0,0,0,0,0,0,1,1,0,0,0,0,0,0,0,0,0
CC(C)(C)C=1C=C2C(C(C(C2=CC1)(C)C)C)(C)C,458.0,2.458912037037037,0.237183484504913,2.458912037037037,0.237183484504913,0.588978218978815,244.422,216.19799999999995,244.219100896,100,-0.0066623106178926,-0.0608424539759538,0.0608424539759538,0.0066623106178926,0.8888888888888888,1.3888888888888888,1.8888888888888888,14.518158589118066,9.711855803396062,2.4799134719456988,-2.3243080141697687,2.535201524281835,-2.3042712657439663,5.484790056071143,0.2639021136785819,2.661058946179793,469.30194454607874,13.930721420318148,13.309401076758505,13.309401076758505,7.987052437352475,7.142734410091838,7.142734410091838,8.175426480542944,8.175426480542944,5.43901237950769,5.43901237950769,3.474340581578197,3.474340581578197,-0.78,6413.54437420516,13.647028596697757,3.619337500062613,1.7265429532567331,112.804877338727,0.0,0.0,0.0,0.0,0.0,0.0,0.0,0.0,73.58899880290981,38.85323192944272,0.0,0.0,0.0,0.0,5.917906046161393,71.63486900571532,0.0,34.88945568047582,0.0,0.0,0.0,0.0,16.244971408190338,5.917906046161393,72.08025207261596,18.19910120538483,0.0,0.0,0.0,0.0,16.244971408190338,5.917906046161393,0.0,5.563451491696996,11.126902983393991,0.0,73.58899880290981,0.0,0.0,0.0,0.0,5.371126228269086,0.6761281179138321,7.1631481481481485,0.0,18.87293083900227,0.0,0.6666666666666666,18,0,0,1,1,1,1,0,0,0,0,0,0,2,5.189000000000005,80.35800000000006,0,0,0,0,0,0,0,0,0,0,1,1,0,0,0,0,0,0,0,0,0
CCCCCCCCCCCCc1ccccc1,495.3,2.2844607057982227,1.26125,2.2844607057982227,1.26125,0.4107085252793822,246.438,216.19799999999995,246.23475096,102,-0.0278872279393073,-0.0653823832227926,0.0653823832227926,0.0278872279393073,0.6111111111111112,1.1111111111111112,1.6666666666666667,13.998748104411328,10.036339165895509,1.9373680040161176,-2.0251934151618127,2.117010601648666,-1.856366140769432,5.138977787891403,0.5561512851252297,1.816066575113359,262.62661626856533,12.891058768174393,12.164925939000156,12.164925939000156,8.931851652578137,7.971343774302779,7.971343774302779,5.417579074992951,5.417579074992951,3.661829882562212,3.661829882562212,2.4612382501507475,2.4612382501507475,-0.78,14064.964471287143,15.27807200929152,11.318357554514222,8.331190757979513,113.81070849225632,0.0,0.0,0.0,0.0,0.0,0.0,0.0,0.0,95.0429671483328,18.40509473754901,0.0,0.0,0.0,0.0,0.0,77.55277505187675,0.0,35.89528683400505,0.0,0.0,0.0,0.0,6.4208216229260096,0.0,76.69540492064773,30.33183534230805,0.0,0.0,0.0,0.0,0.0,0.0,0.0,76.19248934388312,0.0,0.0,37.255572541998674,0.0,0.0,0.0,0.0,1.497282979074972,0.0,10.87576718631466,15.509155795478812,2.2844607057982227,0.0,0.6666666666666666,18,0,0,0,0,1,1,0,0,0,11,0,0,1,6.150000000000007,81.99000000000007,0,0,0,0,0,0,0,0,0,1,1,0,0,0,0,0,0,0,0,0,8
C(CCCCC)C1=CC=C(C=C1)CCCCCC,517.0,2.3344243669690097,1.260034435261708,2.3344243669690097,1.260034435261708,0.4486242017869482,246.43799999999996,216.19799999999995,246.23475096,102,-0.0278868941162845,-0.0653823817435943,0.0653823817435943,0.0278868941162845,0.5555555555555556,0.9444444444444444,1.2777777777777777,14.01897612730186,10.01640097437359,1.960039111587856,-2.0426301481870333,2.1193584501894094,-1.890595563160488,5.222118726267036,0.6632200392928963,2.2004106714844185,252.41154945961185,13.05419547499092,12.380468888623982,12.380468888623982,8.863703305156275,7.94268754860556,7.94268754860556,5.437816924487368,5.437816924487368,3.660981807886896,3.660981807886896,2.384398475626972,2.384398475626972,-0.78,12786.929890525988,15.27807200929152,10.171227963413932,6.83475712010347,113.81070849225628,0.0,0.0,0.0,0.0,0.0,0.0,0.0,0.0,76.63787241078374,36.81018947509803,0.0,0.0,0.0,0.0,0.0,78.05569062864136,0.0,35.392371257240434,0.0,0.0,0.0,0.0,12.84164324585202,0.0,76.34095036618332,24.26546827384644,0.0,0.0,0.0,0.0,0.0,0.0,0.0,75.3351192126541,0.0,0.0,38.112942673227685,0.0,0.0,0.0,0.0,3.034094912656421,0.0,9.33769746787604,13.41920740279,4.542333550010873,0.0,0.6666666666666666,18,0,0,0,0,1,1,0,0,0,10,0,0,1,5.932200000000005,82.13400000000007,0,0,0,0,0,0,0,0,0,2,1,0,0,0,0,0,0,0,0,0,4
C(CCCC1CCCCC1)CCC2CCCCC2,493.0,1.5450680272108843,1.108420817464829,1.5450680272108843,1.108420817464829,0.4530767639402938,250.4699999999999,216.19799999999995,250.266051088,106,-0.0414285788501494,-0.0532956677767908,0.0532956677767908,0.0414285788501494,0.4444444444444444,0.8333333333333334,1.2222222222222223,14.19501061246557,9.842083599860588,2.134798158586521,-2.2181294022268228,2.2947327153344244,-2.062461826139738,4.670326584738099,0.3163153884363093,1.3856614327938934,162.2149912200411,12.468409037364015,12.468409037364015,12.468409037364015,8.949489742783179,8.949489742783177,8.949489742783177,6.999635521070494,6.999635521070494,5.424234614174767,5.424234614174767,4.171208396324302,4.171208396324302,0.0,19783.644000886725,14.409972299168976,8.991735537190083,5.76,114.93160466551346,0.0,0.0,0.0,0.0,0.0,0.0,0.0,0.0,102.7331459668162,11.835812092322788,0.0,0.0,0.0,0.0,11.835812092322788,102.7331459668162,0.0,0.0,0.0,0.0,0.0,0.0,0.0,11.835812092322788,102.7331459668162,0.0,0.0,0.0,0.0,0.0,0.0,0.0,11.835812092322788,64.20821622926012,38.524929737556064,0.0,0.0,0.0,0.0,0.0,0.0,0.0,2.216841634929658,0.0,24.44982503173701,0.0,0.0,1.0,18,0,0,2,2,0,0,0,0,0,7,2,2,2,6.487600000000007,80.85200000000007,0,0,0,0,0,0,0,0,0,0,0,0,0,0,0,0,0,0,0,0,3
CCCCCCC1CCC(CC1)C2CCCCC2,484.0,2.3148594987895272,1.0987932256235826,2.3148594987895272,1.0987932256235826,0.4821931044141521,250.4699999999999,216.19799999999995,250.266051088,106,-0.0385643186414448,-0.0653823832174964,0.0653823832174964,0.0385643186414448,0.6666666666666666,1.3333333333333333,2.0,14.331933467173029,9.701300263170596,2.2753141159612835,-2.3553048719413576,2.404877685732155,-2.231351559820817,4.794079786093528,0.1619972444087394,1.5836937388648704,194.08384997862265,12.631545744180547,12.631545744180547,12.631545744180547,8.898178147766924,8.898178147766922,8.898178147766922,7.028231000279462,7.028231000279462,5.67383394527505,5.67383394527505,4.413672371056152,4.413672371056152,0.0,18561.46436963886,14.409972299168976,8.226843100189036,4.591836734693878,114.93160466551343,0.0,0.0,0.0,0.0,0.0,0.0,0.0,0.0,83.97359667480276,30.5953613843362,0.0,0.0,0.0,0.0,17.75371813848418,96.8152399206548,0.0,0.0,0.0,0.0,0.0,0.0,0.0,17.75371813848418,96.8152399206548,0.0,0.0,0.0,0.0,0.0,0.0,0.0,17.75371813848418,51.36657298340809,38.524929737556064,0.0,6.923737199690624,0.0,0.0,0.0,0.0,0.0,3.345999895583679,0.0,21.339140605626795,2.3148594987895272,0.0,1.0,18,0,0,2,2,0,0,0,0,0,6,2,2,2,6.343500000000007,80.78200000000007,0,0,0,0,0,0,0,0,0,0,0,0,0,0,0,0,0,0,0,0,2
CCCC(CC1CCCCC1)CC2CCCCC2,477.0,2.383671264802217,1.0705555555555557,2.383671264802217,1.0705555555555557,0.5154607558598812,250.4699999999999,216.19799999999995,250.266051088,106,-0.0409118046174859,-0.0653722489376086,0.0653722489376086,0.0409118046174859,0.7222222222222222,1.1666666666666667,1.5555555555555556,14.279338968837202,9.756303916258307,2.221466865886728,-2.3015514559990504,2.360609450408811,-2.1674290335438693,4.745594100447094,0.2212504243435462,1.7413503441891978,176.08384997862262,12.631545744180547,12.631545744180547,12.631545744180547,8.881341395361316,8.881341395361314,8.881341395361314,7.1341767486780565,7.1341767486780565,5.479746501175188,5.479746501175188,4.528668490854376,4.528668490854376,0.0,17558.612425422078,14.409972299168976,8.226843100189036,4.938271604938271,114.93160466551346,0.0,0.0,0.0,0.0,0.0,0.0,0.0,0.0,83.97359667480276,30.5953613843362,0.0,0.0,0.0,0.0,17.75371813848418,96.8152399206548,0.0,0.0,0.0,0.0,0.0,0.0,0.0,17.75371813848418,96.8152399206548,0.0,0.0,0.0,0.0,0.0,0.0,0.0,17.75371813848418,51.36657298340809,38.524929737556064,0.0,6.923737199690624,0.0,0.0,0.0,0.0,0.0,3.262945483749055,0.0,21.35338325144873,2.383671264802217,0.0,1.0,18,0,0,2,2,0,0,0,0,0,6,2,2,2,6.343500000000007,80.78200000000007,0,0,0,0,0,0,0,0,0,0,0,0,0,0,0,0,0,0,0,0,0
CCC1(CCCCC1)CCC2(CC)CCCCC2,594.0,2.449215639959688,0.7478840702947847,2.449215639959688,0.7478840702947847,0.5230321134414573,250.4699999999999,216.19799999999995,250.266051088,106,-0.029987438437546,-0.0648528579007521,0.0648528579007521,0.029987438437546,0.5555555555555556,0.8888888888888888,1.1666666666666667,14.406468438293416,9.628689241888267,2.352852881805599,-2.4249439765925103,2.491278392015236,-2.290154781967108,4.874600271642808,0.0958748289435438,1.9062940108108744,202.42286534333684,12.899494936611667,12.899494936611667,12.899494936611667,8.742640687119284,8.742640687119284,8.742640687119284,7.32842712474619,7.32842712474619,6.514087296526008,6.514087296526008,4.6945436482630045,4.6945436482630045,0.0,15814.603151742262,14.409972299168976,6.437869822485207,3.3057851239669422,114.93160466551346,0.0,0.0,0.0,0.0,0.0,0.0,0.0,0.0,65.21404738278933,49.35491067634962,0.0,0.0,0.0,0.0,10.82998093879356,103.7389771203454,0.0,0.0,0.0,0.0,0.0,0.0,0.0,10.82998093879356,103.7389771203454,0.0,0.0,0.0,0.0,0.0,0.0,0.0,10.82998093879356,89.89150272096417,0.0,0.0,13.847474399381248,0.0,0.0,0.0,0.0,1.4957681405895693,0.0,0.0,21.105800579491056,4.898431279919375,0.0,1.0,18,0,0,2,2,0,0,0,0,0,5,2,2,2,6.487600000000007,80.85200000000007,0,0,0,0,0,0,0,0,0,0,0,0,0,0,0,0,0,0,0,0,0
CCCCCCCCC1CCCC2CCCCC12,495.0,2.3107574966501803,1.120578834929033,2.3107574966501803,1.120578834929033,0.4621759719135698,250.4699999999999,216.19799999999995,250.266051088,106,-0.0357415889878698,-0.0653823832227926,0.0653823832227926,0.0357415889878698,0.7222222222222222,1.4444444444444444,2.333333333333333,14.38966497540676,9.641994302496684,2.334918211787818,-2.4127604149767867,2.4499061140421707,-2.304483026308627,4.845480965453093,0.0960964128055228,1.6160415937498245,206.0838499786226,12.631545744180547,12.631545744180547,12.631545744180547,8.91501490017253,8.91501490017253,8.91501490017253,6.955816719012852,6.955816719012852,5.651668418299142,5.651668418299142,4.616935503452438,4.616935503452438,0.0,17900.076675574248,14.409972299168976,8.226843100189036,4.280618311533888,114.93160466551343,0.0,0.0,0.0,0.0,0.0,0.0,0.0,0.0,90.39441829772878,24.174539761410188,0.0,0.0,0.0,0.0,17.75371813848418,96.8152399206548,0.0,0.0,0.0,0.0,0.0,0.0,0.0,17.75371813848418,96.8152399206548,0.0,0.0,0.0,0.0,0.0,0.0,0.0,17.75371813848418,51.36657298340809,38.524929737556064,0.0,6.923737199690624,0.0,0.0,0.0,0.0,0.0,3.3990355048891296,0.0,21.29020699846069,2.3107574966501803,0.0,1.0,18,0,0,2,2,0,0,0,0,0,7,2,2,2,6.343500000000007,80.78200000000007,0,0,0,0,0,0,0,0,0,0,0,1,0,0,0,0,0,0,0,0,4
CCCCC(CC)CC1CCCC2CCCCC12,490.0,2.418160981985386,1.0376171579743003,2.418160981985386,1.0376171579743003,0.5262702823562272,250.4699999999999,216.19799999999995,250.266051088,106,-0.0357314087487979,-0.0653822096214362,0.0653822096214362,0.0357314087487979,0.9444444444444444,1.7222222222222223,2.5,14.40201025801382,9.630956882936315,2.347505757563661,-2.423549377308896,2.460134364209011,-2.317082401590828,4.856863069246245,0.0842422110508621,1.8513643896477987,218.07820003461552,12.794682450997078,12.794682450997078,12.794682450997078,8.846866552750667,8.846866552750667,8.846866552750667,7.051579111283574,7.051579111283574,5.902558929541987,5.902558929541987,4.773902577652882,4.773902577652882,0.0,16704.83552005526,14.409972299168976,7.555555555555555,3.7460978147762742,114.93160466551343,0.0,0.0,0.0,0.0,0.0,0.0,0.0,0.0,78.05569062864136,36.51326743049759,0.0,0.0,0.0,0.0,23.671624184645573,90.89733387449338,0.0,0.0,0.0,0.0,0.0,0.0,0.0,23.671624184645573,90.89733387449338,0.0,0.0,0.0,0.0,0.0,0.0,0.0,23.671624184645573,44.94575136048208,32.10410811463005,0.0,13.847474399381248,0.0,0.0,0.0,0.0,0.0,4.394296710968337,0.0,18.183082668443877,4.755953953921125,0.0,1.0,18,0,0,2,2,0,0,0,0,0,6,2,2,2,6.199400000000007,80.71200000000007,0,0,0,0,0,0,0,0,0,0,0,1,0,0,0,0,0,0,0,0,0
CCCCC(C)(CC)C1CCCC2CCCCC12,482.0,2.615389266817838,0.6494907407407408,2.615389266817838,0.6494907407407408,0.5447248256256362,250.4699999999999,216.19799999999995,250.266051088,106,-0.0297403923783679,-0.0653820345651366,0.0653820345651366,0.0297403923783679,0.9444444444444444,1.6666666666666667,2.388888888888889,14.477143132296202,9.556674628118635,2.425608372198805,-2.494889012569691,2.526018679322972,-2.400501966743263,4.927514038083714,0.005482967929737,2.0711936024364057,242.4228653433368,13.010225400620904,13.010225400620904,13.010225400620904,8.709655306676575,8.709655306676575,8.709655306676575,7.35692503579171,7.35692503579171,6.379030328746976,6.379030328746976,5.008768372319064,5.008768372319064,0.0,14707.283815705332,14.409972299168976,6.437869822485207,2.938775510204082,114.93160466551343,0.0,0.0,0.0,0.0,0.0,0.0,0.0,0.0,72.13778458247997,42.43117347665898,0.0,0.0,0.0,0.0,23.16870860788096,91.400249451258,0.0,0.0,0.0,0.0,0.0,0.0,0.0,23.16870860788096,91.400249451258,0.0,0.0,0.0,0.0,0.0,0.0,5.41499046939678,17.75371813848418,51.36657298340809,19.26246486877803,0.0,20.771211599071872,0.0,0.0,0.0,0.0,0.6494907407407408,3.242970049130763,0.0,16.448040674603174,7.409498535525321,0.0,1.0,18,0,0,2,2,0,0,0,0,0,5,2,2,2,6.199400000000007,80.71200000000007,0,0,0,0,0,0,0,0,0,0,0,1,0,0,0,0,0,0,0,0,0
CC(CC)C1CCC(C2CCCCC12)C(CC)C,482.0,2.5137979497354497,0.9661876417233558,2.5137979497354497,0.9661876417233558,0.581473724790917,250.4699999999999,216.19799999999995,250.266051088,106,-0.0352132917797122,-0.0651179427191736,0.0651179427191736,0.0352132917797122,0.7222222222222222,1.1111111111111112,1.4444444444444444,14.476027590630054,9.557943691433266,2.423840252272555,-2.494249000384529,2.513985830317519,-2.409611786056044,4.921127548157793,0.0016556145430022,2.098560949804996,218.4228653433368,13.12095586463014,13.12095586463014,13.12095586463014,8.685070510202193,8.685070510202193,8.685070510202193,7.288290110962578,7.288290110962578,6.557782867003706,6.557782867003706,5.08296384852869,5.08296384852869,0.0,14472.228810667517,14.409972299168976,6.437869822485207,2.7777777777777777,114.93160466551342,0.0,0.0,0.0,0.0,0.0,0.0,0.0,0.0,53.37823529046653,61.1907227686724,0.0,0.0,0.0,0.0,35.50743627696836,79.06152178217059,0.0,0.0,0.0,0.0,0.0,0.0,0.0,35.50743627696836,79.06152178217059,0.0,0.0,0.0,0.0,0.0,0.0,0.0,35.50743627696836,38.524929737556064,12.84164324585202,0.0,27.694948798762496,0.0,0.0,0.0,0.0,0.0,6.213960695389266,0.0,11.974204774502397,9.81183453010834,0.0,1.0,18,0,0,2,2,0,0,0,0,0,4,2,2,2,5.911200000000006,80.57200000000007,0,0,0,0,0,0,0,0,0,0,0,1,0,0,0,0,0,0,0,0,0
CCCCOCCOCCOCCOCCCC,556.0,5.370846553284532,0.6310493827160494,5.370846553284532,0.6310493827160494,0.4251720600919442,262.39,232.14999999999995,262.21440944,110,0.0701143953753866,-0.3790601955524614,0.3790601955524614,0.0701143953753866,0.4444444444444444,0.7222222222222222,1.0,16.551641714212156,10.359343376005206,1.9189891753034891,-2.066488485530775,1.889487845197704,-2.118126459962634,4.363380922188338,-0.002272239707861,2.862306209193584,125.75568111715516,13.313708498984765,12.118274536094026,12.118274536094026,8.914213562373096,7.223614639131599,7.223614639131599,4.156596523969726,4.156596523969726,2.400482454160612,2.400482454160612,1.2546009608838808,1.2546009608838808,-0.16,9997.37797262484,17.839999999999996,16.839999999999996,15.84,111.93767943301296,18.9474518152002,0.0,0.0,0.0,0.0,0.0,0.0,0.0,26.689117645233267,12.84164324585202,13.213763929025836,39.64129178707751,18.9474518152002,0.0,0.0,39.53076089108528,52.85505571610334,0.0,0.0,0.0,0.0,52.85505571610334,18.9474518152002,0.0,39.53076089108528,0.0,0.0,36.92,0.0,0.0,0.0,39.64129178707751,26.055407174877857,12.84164324585202,0.0,0.0,13.847474399381248,18.9474518152002,21.47798797522053,0.0,0.0,0.0,0.0,0.0,4.603505089779237,9.918506935000227,0.0,1.0,18,0,4,0,0,0,0,4,0,4,15,0,0,0,2.6530000000000005,73.09200000000007,0,0,0,0,0,0,0,0,0,0,0,0,0,4,0,0,0,0,0,0,13
C(C1=CC(C(=O)OCCCCC)=CC=C1)(=O)OCCCCC,562.0,11.907526934595388,-0.391911068312132,11.907526934595388,0.3884320935164189,0.4752630490370072,306.4020000000001,280.194,306.183109312,122,0.3376437860488751,-0.4620968333011682,0.4620968333011682,0.3376437860488751,0.8181818181818182,1.2727272727272727,1.681818181818182,16.53665212653065,10.120358020662495,2.118962896645906,-2.0686889917976745,2.094663905493209,-2.099555070094998,5.947767212878757,0.0496391822313577,2.497330058594802,428.65988971896695,16.208896013370172,13.59924848810634,13.59924848810634,10.685070510202191,8.129427617536365,8.129427617536365,5.266856537445876,5.266856537445876,3.2960703593899785,3.2960703593899785,1.973661649694625,1.973661649694625,-1.84,78299.37813126162,18.20960317460317,10.825135301083288,6.74349609375,132.3608431513576,9.473725907600098,0.0,0.0,0.0,11.9386105759037,0.0,9.589074368143644,0.0,45.597127959546896,31.040744451236847,0.0,24.340666912419827,19.06280027574374,11.9386105759037,0.0,52.372404136937305,13.213763929025836,35.392371257240434,0.0,0.0,0.0,25.152374504929536,9.473725907600098,0.0,73.08838148847494,24.26546827384644,0.0,52.60000000000001,11.9386105759037,9.589074368143644,0.0,24.340666912419827,38.524929737556064,6.06636706846161,18.19910120538483,0.0,13.847474399381248,9.473725907600098,10.37384268369117,23.815053869190777,0.0,0.7768641870328379,-0.7838221366242641,6.501601788863693,5.963718413629353,5.0194078608831045,0.0,0.5555555555555556,22,0,4,0,0,1,1,4,0,4,10,0,0,1,4.380600000000004,86.05700000000006,0,0,0,0,0,0,2,2,0,0,1,0,2,2,0,0,0,0,0,0,4
C(C=1C(C(=O)OCCCCC)=CC=CC1)(=O)OCCCCC,551.0,12.079396214906224,-0.4609155066347521,12.079396214906224,0.2773055503065422,0.4752630490370072,306.4020000000001,280.194,306.183109312,122,0.3385059658984963,-0.462078210969107,0.462078210969107,0.3385059658984963,0.7727272727272727,1.181818181818182,1.5454545454545454,16.53911839828261,10.084360828257736,2.1816323176136247,-2.0931773461901626,2.126732549503391,-2.1455041450740016,6.02613004465148,0.0450643380123347,2.598325115720043,424.90988971896695,16.208896013370172,13.59924848810634,13.59924848810634,10.7019072626078,8.135410681680073,8.135410681680073,5.231635726545011,5.231635726545011,3.3289865989409635,3.3289865989409635,2.0284747808016093,2.0284747808016093,-1.8399999999999996,79127.15400068865,18.20960317460317,10.825135301083288,6.288909888397771,132.3608431513576,9.473725907600098,0.0,0.0,0.0,11.9386105759037,0.0,9.589074368143644,0.0,51.6634950280085,24.97437738277524,0.0,24.340666912419827,19.06280027574374,11.9386105759037,0.0,52.372404136937305,13.213763929025836,35.392371257240434,0.0,0.0,0.0,25.152374504929536,9.473725907600098,0.0,73.08838148847494,24.26546827384644,0.0,52.60000000000001,11.9386105759037,9.589074368143644,11.126902983393991,13.213763929025836,38.524929737556064,0.0,24.26546827384644,0.0,13.847474399381248,9.473725907600098,10.434605053836655,24.15879242981245,0.0,0.5546111006130847,-0.9218310132695042,6.641447467876039,5.858118124103319,4.940923503694622,0.0,0.5555555555555556,22,0,4,0,0,1,1,4,0,4,10,0,0,1,4.380600000000004,86.05700000000006,0,0,0,0,0,0,2,2,0,0,1,0,2,2,0,0,0,0,0,0,4
C(CCCC)OC(=O)C1=CC=C(C=C1)C(=O)OCCCCC,588.0,11.794527699398351,-0.3481794415934927,11.794527699398351,0.3481794415934922,0.4752630490370072,306.4020000000001,280.194,306.183109312,122,0.3376180133805184,-0.4620971107999946,0.4620971107999946,0.3376180133805184,0.7272727272727273,1.0909090909090908,1.4090909090909092,16.53627840262598,10.130266786648413,2.102270814919676,-2.0617955112455144,2.0857103964024395,-2.087542800592684,5.928246809652277,0.0483404202537512,2.408963078902293,407.659889718967,16.208896013370172,13.59924848810634,13.59924848810634,10.685070510202191,8.129427617536365,8.129427617536365,5.263402213751926,5.263402213751926,3.31839945875924,3.31839945875924,1.942917179628866,1.942917179628866,-1.84,78749.52870868117,18.20960317460317,10.825135301083288,6.74349609375,132.3608431513576,9.473725907600098,0.0,0.0,0.0,11.9386105759037,0.0,9.589074368143644,0.0,39.53076089108528,37.10711151969846,0.0,24.340666912419827,19.06280027574374,11.9386105759037,0.0,52.372404136937305,13.213763929025836,35.392371257240434,0.0,0.0,0.0,25.152374504929536,9.473725907600098,0.0,73.08838148847494,24.26546827384644,0.0,52.60000000000001,0.0,9.589074368143644,11.9386105759037,24.340666912419827,38.524929737556064,0.0,24.26546827384644,0.0,13.847474399381248,9.473725907600098,10.334350682255486,23.5890553987967,0.0,0.9148730636780786,-0.6963588831869849,6.40789808515999,6.041893502238231,5.074954817725168,0.0,0.5555555555555556,22,0,4,0,0,1,1,4,0,4,10,0,0,1,4.380600000000004,86.05700000000006,0,0,0,0,0,0,2,2,0,0,1,0,2,2,0,0,0,0,0,0,4
C(CCCCC(=O)OC1CCCCC1)(=O)OC1CCCCC1,559.0,11.734421651797645,-0.1041223480770738,11.734421651797645,0.1041223480770736,0.5194903957518452,310.4340000000001,280.194,310.21440944,126,0.3055542038146923,-0.462363787650899,0.462363787650899,0.3055542038146923,0.6363636363636364,1.0,1.3636363636363635,16.546637731865697,9.97561185000437,2.185900970934882,-2.218370346522118,2.218366439601149,-2.210799246825057,5.704210501781798,-0.1524364402890701,1.483563222775178,306.99631878908207,15.623109575743268,13.687188636846374,13.687188636846374,10.737183443017882,9.128001044760756,9.128001044760756,6.706863795233544,6.706863795233544,4.712424408568558,4.712424408568558,3.3942759459722285,3.3942759459722285,-1.06,109516.49086330566,17.29632108451906,9.855755488426258,6.800193332556898,133.48173932461475,9.473725907600098,12.207932775496603,0.0,0.0,11.9386105759037,9.589074368143644,0.0,0.0,12.84164324585202,64.20821622926012,12.84164324585202,0.0,19.06280027574374,11.9386105759037,0.0,102.09943549646076,0.0,0.0,0.0,0.0,0.0,24.146543351400304,19.06280027574374,0.0,89.89150272096417,0.0,0.0,52.60000000000001,0.0,9.589074368143644,24.146543351400304,25.68328649170404,25.68328649170404,38.524929737556064,0.0,0.0,0.0,9.473725907600098,10.929513021283404,23.468843303595285,0.0,0.0,-0.2082446961541475,0.0,13.809888371275456,0.0,0.0,0.8888888888888888,22,0,4,2,2,0,0,4,0,4,7,2,2,2,4.298600000000004,84.39800000000007,0,0,0,0,0,0,2,2,0,0,0,0,2,2,0,0,0,0,0,0,1
C1(=CC(=CC=C1)C(=O)OCCC(C)C)C(=O)OCCC(C)C,559.0,11.930002826007966,-0.4051107279331487,11.930002826007966,0.3769126879146718,0.6787032793344674,306.40200000000004,280.194,306.183109312,122,0.3376439553870507,-0.4620860755604762,0.4620860755604762,0.3376439553870507,0.8636363636363636,1.2727272727272727,1.6363636363636365,16.53669969111129,10.112528696999709,2.1250372100577883,-2.087162378526549,2.101685641967472,-2.1112339256007933,5.947793299147346,0.0486788032445357,2.569330020465429,450.3654526366281,16.535169427003233,13.9255219017394,13.9255219017394,10.396754605515326,7.841111712849502,7.841111712849502,6.217686944497111,6.217686944497111,3.190691242383385,3.190691242383385,1.7144555881540764,1.7144555881540764,-1.84,54830.6762141357,18.20960317460317,9.233188751414492,6.74349609375,132.36084315135756,9.473725907600098,0.0,0.0,0.0,11.9386105759037,0.0,9.589074368143644,0.0,33.761315867224106,42.87655654355963,0.0,24.340666912419827,19.06280027574374,11.9386105759037,11.835812092322788,40.53659204461451,13.213763929025836,35.392371257240434,0.0,0.0,0.0,25.152374504929536,9.473725907600098,11.835812092322788,61.25256939615214,24.26546827384644,0.0,52.60000000000001,11.9386105759037,9.589074368143644,0.0,36.17647900474262,12.84164324585202,6.06636706846161,18.19910120538483,0.0,27.694948798762496,9.473725907600098,10.390371609311003,23.86000565201593,0.0,0.7538253758293441,0.1528699691028331,6.470935111699,1.644195536860372,9.061130078514848,0.0,0.5555555555555556,22,0,4,0,0,1,1,4,0,4,8,0,0,1,4.092400000000004,85.91700000000006,0,0,0,0,0,0,2,2,0,0,1,0,2,2,0,0,0,0,0,0,0
C(C)C1C(C(C(C(C1CC)CC)CC)CC)CC,510.0,2.4322411186696904,0.9978703703703702,2.4322411186696904,0.9978703703703702,0.5310306627264305,252.4859999999999,216.19799999999995,252.281701152,108,-0.0354751578997652,-0.0650974358277598,0.0650974358277598,0.0354751578997652,0.3333333333333333,0.4444444444444444,0.5,14.502013436231689,9.531286890212083,2.451475049997802,-2.519254787611081,2.523773371981431,-2.450765789882228,4.9394751456446935,-0.0322569587718582,3.059778227774302,146.03910001730776,13.706742302257044,13.706742302257044,13.706742302257044,8.692130429902466,8.692130429902466,8.692130429902466,6.43261740590862,6.43261740590862,6.128086953268311,6.128086953268311,5.538052652086896,5.538052652086896,0.0,10251.740114224747,16.055555555555557,7.555555555555555,2.7777777777777777,115.93743581904263,0.0,0.0,0.0,0.0,0.0,0.0,0.0,0.0,80.0673529356998,35.50743627696836,0.0,0.0,0.0,0.0,35.50743627696836,80.0673529356998,0.0,0.0,0.0,0.0,0.0,0.0,0.0,35.50743627696836,80.0673529356998,0.0,0.0,0.0,0.0,0.0,0.0,0.0,35.50743627696836,38.524929737556064,0.0,0.0,41.54242319814374,0.0,0.0,0.0,0.0,0.0,5.98722222222222,0.0,8.419331065759637,14.593446712018142,0.0,1.0,18,0,0,1,1,0,0,0,0,0,6,1,1,1,6.157200000000007,82.68600000000008,0,0,0,0,0,0,0,0,0,0,0,0,0,0,0,0,0,0,0,0,0
CCCCCCCCCCCCC1CCCCC1,539.0,2.2979327026467646,1.1044387500506032,2.2979327026467646,1.1044387500506032,0.3516003498754336,252.4859999999999,216.19799999999995,252.281701152,108,-0.0414285788501592,-0.0653823832227926,0.0653823832227926,0.0414285788501592,0.6111111111111112,1.1111111111111112,1.6666666666666667,14.176549019265387,9.853715761462832,2.1163766768702503,-2.206430544185699,2.2759534191160617,-2.05161816929137,4.651669548356503,0.327584537474734,1.7267782836405243,155.42124551085627,12.891058768174393,12.891058768174393,12.891058768174393,8.931851652578137,8.931851652578136,8.931851652578136,6.474691494688162,6.474691494688162,4.690670697680657,4.690670697680657,3.396264369941972,3.396264369941972,0.0,14064.964471287143,16.055555555555557,12.055401662049862,9.0,115.93743581904268,0.0,0.0,0.0,0.0,0.0,0.0,0.0,0.0,109.65688316650682,5.917906046161393,0.0,0.0,0.0,0.0,5.917906046161393,109.65688316650682,0.0,0.0,0.0,0.0,0.0,0.0,0.0,5.917906046161393,109.65688316650682,0.0,0.0,0.0,0.0,0.0,0.0,0.0,5.917906046161393,102.7331459668162,0.0,0.0,6.923737199690624,0.0,0.0,0.0,0.0,0.0,1.1044387500506032,0.0,23.93096188063597,2.2979327026467646,0.0,1.0,18,0,0,1,1,0,0,0,0,0,11,1,1,1,6.877700000000007,83.03600000000007,0,0,0,0,0,0,0,0,0,0,0,0,0,0,0,0,0,0,0,0,8
C(C)C(CC)=CCCCCCCC=C(CC)CC,579.0,2.4644581968589905,1.2342332075461446,2.4644581968589905,1.2342332075461446,0.2786285061386725,250.4699999999999,216.19799999999995,250.266051088,106,-0.0348051761082699,-0.0853521555478035,0.0853521555478035,0.0348051761082699,0.5555555555555556,0.8888888888888888,1.1666666666666667,13.989930160459732,10.046317218273195,1.9243168552520888,-2.019582439794476,2.1262858900812183,-1.817444470413986,5.001026956910416,0.6480930986739138,3.4646790835203536,194.4228653433368,13.639981912617824,13.22576835024473,13.22576835024473,8.777916867529369,8.136487537236636,8.136487537236636,5.1305222653274045,5.1305222653274045,3.840770275176028,3.840770275176028,2.3319512300735066,2.3319512300735066,-0.52,8996.852777606153,17.48,12.924574773916186,9.503950075898128,115.5640609082034,0.0,0.0,0.0,0.0,0.0,0.0,0.0,0.0,63.8348413184208,51.36657298340809,0.0,0.0,0.0,0.0,0.0,91.9031650280226,0.0,23.2982492738063,0.0,0.0,0.0,0.0,0.0,0.0,91.9031650280226,23.2982492738063,0.0,0.0,0.0,0.0,0.0,0.0,0.0,64.20821622926012,11.146209060138537,0.0,39.84698901243026,0.0,0.0,0.0,0.0,3.265679132509039,0.0,0.0,18.00926491425277,9.05838928657152,0.0,0.7777777777777778,18,0,0,0,0,0,0,0,0,0,11,0,0,0,6.819800000000006,85.03200000000007,0,0,0,0,0,0,0,0,4,0,0,0,0,0,0,0,0,0,0,0,5
C=CCCCCCCCCCCCCCCC=C,603.0,3.754980007779937,1.2002517361111111,3.754980007779937,1.2002517361111111,0.2208395351856733,250.4699999999999,216.19799999999995,250.266051088,106,-0.0353412931099218,-0.1030829789362716,0.1030829789362716,0.0353412931099218,0.3888888888888889,0.6111111111111112,0.8333333333333334,13.991102978917796,10.043487510732396,1.9271810622825012,-2.0204592573171984,2.124389322456788,-1.8232589889514792,4.655020369676255,0.5419853834544098,2.89846067084316,148.87712379549447,13.313708498984765,12.468409037364015,12.468409037364015,8.914213562373096,8.13299316185545,8.13299316185545,5.397341225498536,5.397341225498536,3.566496580927726,3.566496580927726,2.3451172221559937,2.3451172221559937,-0.52,9997.37797262484,17.48,16.48,15.480000000000002,115.56406090820342,0.0,0.0,0.0,0.0,0.0,0.0,0.0,13.157871367196996,76.36025644292788,25.68328649170404,0.0,0.0,0.0,0.0,0.0,89.89150272096417,0.0,25.30991158086476,0.0,0.0,0.0,0.0,0.0,0.0,89.89150272096417,25.30991158086476,0.0,0.0,0.0,0.0,0.0,0.0,0.0,89.89150272096417,0.0,12.152040213667762,13.157871367196996,0.0,0.0,0.0,0.0,0.0,0.0,0.0,23.49003998444012,7.509960015559875,0.0,0.7777777777777778,18,0,0,0,0,0,0,0,0,0,15,0,0,0,6.819800000000006,85.03200000000007,0,0,0,0,0,0,0,0,2,0,0,0,0,0,0,0,0,0,0,0,13
CCCCCCCCCCCCCCCCC=C,555.0,3.759796531339252,1.2063802083333337,3.759796531339252,1.2063802083333337,0.2163747139318854,252.4859999999999,216.19799999999995,252.281701152,108,-0.0353412931099218,-0.1030829789362716,0.1030829789362716,0.0353412931099218,0.5555555555555556,0.8888888888888888,1.2222222222222223,13.993766296008912,10.041255013806788,1.929544396505422,-2.0229710343010985,2.126951709359549,-1.82557632379388,4.647866350950606,0.5359533628160057,2.88028229861626,148.11730005192325,13.313708498984765,12.891058768174393,12.891058768174393,8.914213562373096,8.523603362114272,8.523603362114272,5.673544346902184,5.673544346902184,3.7618016810571366,3.7618016810571366,2.4832187828578176,2.4832187828578176,-0.26,9997.37797262484,17.74,16.739999999999995,15.739999999999997,116.25366394038768,0.0,0.0,0.0,0.0,0.0,0.0,0.0,6.578935683598497,96.47043840456266,12.84164324585202,0.0,0.0,0.0,0.0,0.0,103.2360615435808,0.0,12.654955790432378,0.0,0.0,0.0,0.0,0.0,0.0,103.2360615435808,12.654955790432378,0.0,0.0,0.0,0.0,0.0,0.0,0.0,96.31232434389018,0.0,6.076020106833881,13.502672883289122,0.0,0.0,0.0,0.0,0.0,0.0,0.0,23.45111662169134,6.048883378308659,0.0,0.8888888888888888,18,0,0,0,0,0,0,0,0,0,15,0,0,0,7.043800000000007,85.12600000000008,0,0,0,0,0,0,0,0,1,0,0,0,0,0,0,0,0,0,0,0,13
CC(=CCCCCCCC)CCCCCCCC,547.0,2.484115724993701,1.3108951684438697,2.484115724993701,1.3108951684438697,0.2433493268707034,252.48599999999996,216.19799999999995,252.281701152,108,-0.032308503234058,-0.0856103201179354,0.0856103201179354,0.032308503234058,0.6666666666666666,1.1666666666666667,1.7777777777777777,13.994759011780504,10.040281644583605,1.9298176097804405,-2.024932298411147,2.1301442218097884,-1.824342963427832,4.969002649149593,0.6043588311235846,3.2575594726514483,178.47733175670794,13.476845205801297,13.269738424614747,13.269738424614747,8.808060412490446,8.464690378025045,8.464690378025045,5.771132465586226,5.771132465586226,3.7251444688392654,3.7251444688392654,2.3825835968384967,2.3825835968384967,-0.26,8885.467424658316,17.74,14.799737156511348,13.803532401524771,116.25366394038764,0.0,0.0,0.0,0.0,0.0,0.0,0.0,0.0,83.2839936426185,32.60702369139466,0.0,0.0,0.0,0.0,0.0,104.24189269711002,0.0,11.64912463690315,0.0,0.0,0.0,0.0,0.0,0.0,104.24189269711002,11.64912463690315,0.0,0.0,0.0,0.0,0.0,0.0,0.0,83.47068109803816,5.573104530069267,0.0,26.847231705905752,0.0,0.0,0.0,0.0,1.6259102313765017,0.0,0.0,20.655792119238303,6.884964316051857,0.0,0.8888888888888888,18,0,0,0,0,0,0,0,0,0,13,0,0,0,7.043800000000006,85.12600000000008,0,0,0,0,0,0,0,0,2,0,0,0,0,0,0,0,0,0,0,0,8
C(CC)C(=CCCCCCC)CCCCCCC,573.0,2.5545443594104307,1.3152314814814814,2.5545443594104307,1.3152314814814814,0.2433493268707034,252.4859999999999,216.19799999999995,252.281701152,108,-0.0320317913635457,-0.0853317347404829,0.0853317347404829,0.0320317913635457,0.6111111111111112,1.2222222222222223,1.8333333333333333,14.0342913946241,9.99946706129895,1.970253479255644,-2.064845990257406,2.170501633815724,-1.8643074235789223,5.011658127157504,0.6192649864584622,3.647513228947825,178.47733175670794,13.476845205801297,13.269738424614747,13.269738424614747,8.846065214951233,8.525350549804866,8.525350549804866,5.625921304443524,5.625921304443524,3.663248848795421,3.663248848795421,2.483154351477155,2.483154351477155,-0.26,9138.174855060604,17.74,14.799737156511348,12.203623140618554,116.25366394038764,0.0,0.0,0.0,0.0,0.0,0.0,0.0,0.0,83.7869092193831,32.10410811463005,0.0,0.0,0.0,0.0,0.0,104.24189269711002,0.0,11.64912463690315,0.0,0.0,0.0,0.0,0.0,0.0,104.24189269711002,11.64912463690315,0.0,0.0,0.0,0.0,0.0,0.0,0.0,83.47068109803816,5.573104530069267,0.0,26.847231705905752,0.0,0.0,0.0,0.0,1.7412008692365837,0.0,0.0,20.541164024945036,6.884301772485047,0.0,0.8888888888888888,18,0,0,0,0,0,0,0,0,0,13,0,0,0,7.043800000000006,85.12600000000008,0,0,0,0,0,0,0,0,2,0,0,0,0,0,0,0,0,0,0,0,6
CC(CCCCCC)C=CC(CCCCCC)C,522.0,2.4547947373393804,0.7777295655916685,2.4547947373393804,0.7777295655916685,0.2658733775702379,252.48599999999996,216.19799999999995,252.281701152,108,-0.0261863148588362,-0.0854273278227382,0.0854273278227382,0.0261863148588362,0.6111111111111112,1.0,1.3333333333333333,14.060216323953828,9.97417927608872,1.9995564493174307,-2.0867806961366977,2.1543155569662886,-1.9385134049027173,4.894802323978913,0.5419936315229389,3.5126124681851296,160.4773317567079,13.639981912617824,13.380468888623982,13.380468888623982,8.701907262607799,8.385410681680073,8.385410681680073,6.038138560594444,6.038138560594444,3.79421549172014,3.79421549172014,2.35798622826324,2.35798622826324,-0.26,7982.169322988124,17.74,13.178248075356295,12.203623140618554,116.25366394038764,0.0,0.0,0.0,0.0,0.0,0.0,0.0,0.0,91.21356199583832,24.67745533817481,0.0,0.0,0.0,0.0,11.835812092322788,91.9031650280226,0.0,12.152040213667762,0.0,0.0,0.0,0.0,0.0,11.835812092322788,91.9031650280226,12.152040213667762,0.0,0.0,0.0,0.0,0.0,0.0,11.835812092322788,64.20821622926012,0.0,0.0,39.84698901243026,0.0,0.0,0.0,0.0,0.0,1.555459131183337,0.0,18.813981537752632,9.2972259977307,0.0,0.8888888888888888,18,0,0,0,0,0,0,0,0,0,12,0,0,0,6.755600000000007,84.98600000000008,0,0,0,0,0,0,0,0,2,0,0,0,0,0,0,0,0,0,0,0,4
CCCCCCCCCCCCCC1CCCC1,547.0,2.2971989540807702,1.114412636054709,2.2971989540807702,1.114412636054709,0.3321086152908058,252.4859999999999,216.19799999999995,252.281701152,108,-0.0414285760798144,-0.0653823832227926,0.0653823832227926,0.0414285760798144,0.6111111111111112,1.0555555555555556,1.5555555555555556,14.190787571263948,9.985751819674784,2.130887850430948,-2.0747453081064173,2.287893788419486,-1.92124417550568,4.664822411309062,0.4595587109221846,1.6788658612641163,155.42124551085627,12.891058768174393,12.891058768174393,12.891058768174393,8.931851652578137,8.931851652578136,8.931851652578136,6.474691494688162,6.474691494688162,4.690670697680657,4.690670697680657,3.396264369941972,3.396264369941972,0.0,17525.914237347657,16.055555555555557,12.055401662049862,9.0,115.93743581904268,0.0,0.0,0.0,0.0,0.0,0.0,0.0,0.0,109.65688316650682,5.917906046161393,0.0,0.0,0.0,0.0,5.917906046161393,109.65688316650682,0.0,0.0,0.0,0.0,0.0,0.0,0.0,5.917906046161393,109.65688316650682,0.0,0.0,0.0,0.0,0.0,0.0,0.0,5.917906046161393,102.7331459668162,0.0,0.0,6.923737199690624,0.0,0.0,0.0,0.0,0.0,1.114412636054709,0.0,23.921721743197857,2.2971989540807702,0.0,1.0,18,0,0,1,1,0,0,0,0,0,12,1,1,1,6.877700000000007,83.03600000000007,0,0,0,0,0,0,0,0,0,0,0,0,0,0,0,0,0,0,0,0,9
CCCCCCCCCCCCCCCCCC,574.9,2.2939033705287217,1.3732698961937717,2.2939033705287217,1.3732698961937717,0.2695410264515143,254.5019999999999,216.19799999999995,254.297351216,110,-0.0533059727891157,-0.0653823832227926,0.0653823832227926,0.0533059727891157,0.2777777777777778,0.4444444444444444,0.6111111111111112,13.99620963672805,10.03925011580136,1.9317337961547816,-2.025203230274312,2.129309636728068,-1.827649884198641,4.488209636728064,0.53125011580136,2.862306209193584,112.0,13.313708498984765,13.313708498984765,13.313708498984765,8.914213562373096,8.914213562373094,8.914213562373094,5.949747468305832,5.949747468305832,3.957106781186547,3.957106781186547,2.621320343559641,2.621320343559641,0.0,9997.37797262484,18.0,17.0,16.0,116.94326697257192,0.0,0.0,0.0,0.0,0.0,0.0,0.0,0.0,116.58062036619744,0.0,0.0,0.0,0.0,0.0,0.0,116.58062036619744,0.0,0.0,0.0,0.0,0.0,0.0,0.0,0.0,116.58062036619744,0.0,0.0,0.0,0.0,0.0,0.0,0.0,0.0,102.7331459668162,0.0,0.0,13.847474399381248,0.0,0.0,0.0,0.0,0.0,0.0,0.0,23.412193258942555,4.587806741057444,0.0,1.0,18,0,0,0,0,0,0,0,0,0,15,0,0,0,7.267800000000007,85.22000000000008,0,0,0,0,0,0,0,0,0,0,0,0,0,0,0,0,0,0,0,0,13
CC(CCCCCCCC)CCCCCCCC,576.0,2.4564343978332075,0.9743984105988072,2.4564343978332075,0.9743984105988072,0.2893254557972007,254.50199999999992,216.19799999999995,254.297351216,110,-0.0442800756057576,-0.0653823832227926,0.0653823832227926,0.0442800756057576,0.5,0.8333333333333334,1.2222222222222223,14.07566022601068,9.95704527347256,2.013692492239554,-2.1048662951529247,2.178426336512542,-1.9477323247244336,4.552146291003948,0.4314756545886386,3.096976678178596,122.97373660251156,13.476845205801297,13.476845205801297,13.476845205801297,8.808060412490446,8.808060412490446,8.808060412490446,6.2180558906449015,6.2180558906449015,4.100953631303899,4.100953631303899,2.690596298730716,2.690596298730716,0.0,8885.467424658316,18.0,15.058823529411764,14.0625,116.9432669725719,0.0,0.0,0.0,0.0,0.0,0.0,0.0,0.0,110.66271432003605,5.917906046161393,0.0,0.0,0.0,0.0,5.917906046161393,110.66271432003605,0.0,0.0,0.0,0.0,0.0,0.0,0.0,5.917906046161393,110.66271432003605,0.0,0.0,0.0,0.0,0.0,0.0,0.0,5.917906046161393,89.89150272096417,0.0,0.0,20.771211599071872,0.0,0.0,0.0,0.0,0.0,0.9743984105988072,0.0,20.314038765118884,7.044896157615643,0.0,1.0,18,0,0,0,0,0,0,0,0,0,14,0,0,0,7.123700000000008,85.15000000000008,0,0,0,0,0,0,0,0,0,0,0,0,0,0,0,0,0,0,0,0,8
C(CC)C(CCCCCCC)CCCCCCC,574.0,2.348378842277652,1.0400491307634163,2.348378842277652,1.0400491307634163,0.2893254557972007,254.50199999999992,216.19799999999995,254.297351216,110,-0.0414386381216133,-0.0653823832227829,0.0653823832227829,0.0414386381216133,0.4444444444444444,0.8888888888888888,1.2777777777777777,14.126648582420176,9.90541011058054,2.066357142423744,-2.154833684710728,2.22400088097587,-2.003010648248676,4.6006715390336375,0.377867355082613,3.454956042118708,124.97373660251156,13.476845205801297,13.476845205801297,13.476845205801297,8.846065214951233,8.846065214951231,8.846065214951231,6.060477932315067,6.060477932315067,4.128775077636813,4.128775077636813,2.914393177327068,2.914393177327068,0.0,9138.174855060604,18.0,15.058823529411764,12.456747404844291,116.94326697257192,0.0,0.0,0.0,0.0,0.0,0.0,0.0,0.0,110.66271432003605,5.917906046161393,0.0,0.0,0.0,0.0,5.917906046161393,110.66271432003605,0.0,0.0,0.0,0.0,0.0,0.0,0.0,5.917906046161393,110.66271432003605,0.0,0.0,0.0,0.0,0.0,0.0,0.0,5.917906046161393,89.89150272096417,0.0,0.0,20.771211599071872,0.0,0.0,0.0,0.0,0.0,1.0400491307634163,0.0,20.34135550894605,6.951928693623873,0.0,1.0,18,0,0,0,0,0,0,0,0,0,14,0,0,0,7.123700000000008,85.15000000000008,0,0,0,0,0,0,0,0,0,0,0,0,0,0,0,0,0,0,0,0,6
C(CCC)C(CCCC)C(CCCC)CCCC,531.0,2.3372750535399347,1.0305555555555554,2.3372750535399347,1.0305555555555554,0.3324098245903401,254.50199999999992,216.19799999999995,254.297351216,110,-0.0385849283170887,-0.0653822082240282,0.0653822082240282,0.0385849283170887,0.4444444444444444,0.6666666666666666,0.8333333333333334,14.24812078741138,9.783900112269306,2.191562932525199,-2.272637069655082,2.317343904711356,-2.153715164371825,4.708316208243558,0.2423021254997911,4.271500642494604,116.11730005192324,13.639981912617824,13.639981912617824,13.639981912617824,8.794753619934976,8.794753619934975,8.794753619934975,6.089073411524036,6.089073411524036,4.38054005756188,4.38054005756188,3.09673554708526,3.09673554708526,0.0,8753.704352288523,18.0,13.432098765432098,9.0,116.94326697257188,0.0,0.0,0.0,0.0,0.0,0.0,0.0,0.0,104.74480827387464,11.835812092322788,0.0,0.0,0.0,0.0,11.835812092322788,104.74480827387464,0.0,0.0,0.0,0.0,0.0,0.0,0.0,11.835812092322788,104.74480827387464,0.0,0.0,0.0,0.0,0.0,0.0,0.0,11.835812092322788,77.04985947511214,0.0,0.0,27.694948798762496,0.0,0.0,0.0,0.0,0.0,2.061111111111111,0.0,17.25645534139582,9.349100214159735,0.0,1.0,18,0,0,0,0,0,0,0,0,0,13,0,0,0,6.979600000000008,85.08000000000008,0,0,0,0,0,0,0,0,0,0,0,0,0,0,0,0,0,0,0,0,0
CCC(CC)CCCCCCCCC(CC)CC,596.0,2.3393314048996907,0.9998764831281964,2.3393314048996907,0.9998764831281964,0.3109562142894747,254.50199999999992,216.19799999999995,254.297351216,110,-0.0419531460691787,-0.0651183547756283,0.0651183547756283,0.0419531460691787,0.4444444444444444,0.7222222222222222,1.0,14.095122111150456,9.941043578736767,2.033757513987505,-2.12032820255284,2.1934733938261504,-1.967341901621919,4.569452805214175,0.4137065825045568,3.2058188668859766,124.11730005192324,13.639981912617824,13.639981912617824,13.639981912617824,8.777916867529369,8.777916867529369,8.777916867529369,6.063714582173597,6.063714582173597,4.784145948150093,4.784145948150093,2.966979035088338,2.966979035088338,0.0,8996.852777606153,18.0,13.432098765432098,9.97229916897507,116.9432669725719,0.0,0.0,0.0,0.0,0.0,0.0,0.0,0.0,104.74480827387464,11.835812092322788,0.0,0.0,0.0,0.0,11.835812092322788,104.74480827387464,0.0,0.0,0.0,0.0,0.0,0.0,0.0,11.835812092322788,104.74480827387464,0.0,0.0,0.0,0.0,0.0,0.0,0.0,11.835812092322788,77.04985947511214,0.0,0.0,27.694948798762496,0.0,0.0,0.0,0.0,0.0,1.999752966256393,0.0,17.309588080811515,9.357325619598765,0.0,1.0,18,0,0,0,0,0,0,0,0,0,13,0,0,0,6.979600000000008,85.08000000000008,0,0,0,0,0,0,0,0,0,0,0,0,0,0,0,0,0,0,0,0,5
CC(CC)(CCCC(CCCC(CC)(C)C)C)C,569.0,2.4423526077097506,0.5594461398540133,2.4423526077097506,0.5594461398540133,0.4003367721338727,254.50199999999995,216.19799999999995,254.297351216,110,-0.035683490601602,-0.0648732046916942,0.0648732046916942,0.035683490601602,0.7222222222222222,1.0555555555555556,1.3333333333333333,14.222419142125222,9.813849014668872,2.164360531633652,-2.2442257069617497,2.3034795766679466,-2.109067430674021,4.688679812153604,0.2791118487663897,3.6373764499097465,178.0838499786226,14.234204518682008,14.234204518682008,14.234204518682008,8.222273974863542,8.222273974863542,8.222273974863542,7.925162671831451,7.925162671831451,5.015167193676994,5.015167193676994,2.3560453093678344,2.3560453093678344,0.0,4681.879978000904,18.0,8.226843100189036,9.0,116.94326697257188,0.0,0.0,0.0,0.0,0.0,0.0,0.0,0.0,86.99109013539042,29.58953023080697,0.0,0.0,0.0,0.0,16.747886984954953,99.83273338124243,0.0,0.0,0.0,0.0,0.0,0.0,0.0,16.747886984954953,99.83273338124243,0.0,0.0,0.0,0.0,0.0,0.0,10.82998093879356,5.917906046161393,51.36657298340809,0.0,0.0,48.46616039783436,0.0,0.0,0.0,0.0,1.1188922797080263,0.9215854119425546,0.0,11.102230758809494,16.69062488287326,0.0,1.0,18,0,0,0,0,0,0,0,0,0,10,0,0,0,6.835500000000008,85.01000000000008,0,0,0,0,0,0,0,0,0,0,0,0,0,0,0,0,0,0,0,0,0
CC(C)(CC(CCCCC(CC(C)(C)C)C)C)C,544.0,2.420468868102797,0.4989514518119766,2.420468868102797,0.4989514518119766,0.4438255160251797,254.502,216.19799999999995,254.297351216,110,-0.038008110441515,-0.0624898121136006,0.0624898121136006,0.038008110441515,0.6111111111111112,0.8888888888888888,1.1111111111111112,14.22066375852183,9.815508085299038,2.1623158437404086,-2.2428534770524866,2.291576896130861,-2.117773568250417,4.681941443019305,0.2757380705405219,3.6169148248417113,177.05865002596164,14.397341225498538,14.397341225498538,14.397341225498538,7.994800481421251,7.994800481421252,7.994800481421252,9.02436911544476,9.02436911544476,3.565515146567617,3.565515146567617,3.280492980061448,3.280492980061448,0.0,2986.645491287319,18.0,7.555555555555555,12.456747404844291,116.94326697257188,0.0,0.0,0.0,0.0,0.0,0.0,0.0,0.0,81.07318408922902,35.50743627696836,0.0,0.0,0.0,0.0,22.665793031116348,93.91482733508104,0.0,0.0,0.0,0.0,0.0,0.0,0.0,22.665793031116348,93.91482733508104,0.0,0.0,0.0,0.0,0.0,0.0,10.82998093879356,11.835812092322788,38.524929737556064,0.0,0.0,55.38989759752498,0.0,0.0,0.0,0.0,0.9979029036239532,1.783189326656588,0.0,8.408297745023935,18.97727669136219,0.0,1.0,18,0,0,0,0,0,0,0,0,0,7,0,0,0,6.691400000000008,84.94000000000008,0,0,0,0,0,0,0,0,0,0,0,0,0,0,0,0,0,0,0,0,1
C(\C=C/C(=O)OCCCCCCC)(=O)OCCCCCCC,623.0,11.367763164880838,-0.4764932223527098,11.367763164880838,0.4160355253212395,0.267722447168635,312.45000000000005,280.194,312.230059504,128,0.330505688768403,-0.4625277890855351,0.4625277890855351,0.330505688768403,0.6363636363636364,1.0,1.3636363636363635,16.537621319671434,10.15494110398077,2.007878177481641,-2.0242974168250067,2.0319219353165607,-2.0580348241152224,5.911257200197895,-0.1401906844116572,3.5083516793277583,280.2090168280452,16.46840903736402,14.272975074473278,14.272975074473278,10.7019072626078,8.718744015013407,8.718744015013407,5.496755070595897,5.496755070595897,3.3399227181869584,3.3399227181869584,1.9890607655998684,1.9890607655998684,-1.3199999999999998,58030.77366527753,20.68,16.05749402332307,15.07617621785974,134.80379859948897,9.473725907600098,0.0,0.0,0.0,11.9386105759037,0.0,9.589074368143644,0.0,65.21404738278933,12.84164324585202,12.152040213667762,13.213763929025836,19.06280027574374,11.9386105759037,0.0,78.05569062864136,13.213763929025836,12.152040213667762,0.0,0.0,0.0,25.152374504929536,19.06280027574374,0.0,78.05569062864136,12.152040213667762,0.0,52.60000000000001,11.9386105759037,9.589074368143644,0.0,13.213763929025836,37.8353267053718,38.524929737556064,0.0,0.0,13.847474399381248,9.473725907600098,10.01811013047922,22.73552632976168,0.0,0.0,-0.9529864447054192,0.0,13.376983763890925,5.155699553906931,0.0,0.7777777777777778,22,0,4,0,0,0,0,4,0,4,14,0,0,0,4.569800000000004,88.57600000000006,0,0,0,0,0,0,2,2,0,0,0,0,2,2,0,0,0,0,0,0,8
C(CCCCCCCCC(=O)OCCCC)(=O)OCCCC,620.0,11.36247732591675,-0.0664123096615254,11.36247732591675,0.0664123096615254,0.3218661464445503,314.4660000000001,280.194,314.245709568,130,0.3052775141617927,-0.465675191765929,0.465675191765929,0.3052775141617927,0.5909090909090909,0.9545454545454546,1.318181818181818,16.535709896597947,10.08276595606517,2.0321942364272463,-2.046116220585981,2.0949626306197686,-2.052279752046956,5.690522061322419,-0.1444170396545827,3.22597279283168,248.2607212192848,16.468409037364015,14.53248809846712,14.53248809846712,10.7019072626078,9.015167193676994,9.015167193676994,5.769367485661158,5.769367485661158,3.533683017500118,3.533683017500118,2.050803085601726,2.050803085601726,-1.06,57242.79712389869,20.94,16.312921587033127,15.331143339748436,135.4934016316732,9.473725907600098,0.0,0.0,0.0,11.9386105759037,9.589074368143644,0.0,0.0,52.372404136937305,25.68328649170404,12.84164324585202,13.213763929025836,19.06280027574374,11.9386105759037,0.0,90.89733387449338,13.213763929025836,0.0,0.0,0.0,0.0,25.152374504929536,19.06280027574374,0.0,90.89733387449338,0.0,0.0,52.60000000000001,0.0,9.589074368143644,11.9386105759037,26.055407174877857,64.20821622926012,0.0,0.0,0.0,13.847474399381248,9.473725907600098,10.207669507287754,22.7249546518335,0.0,0.0,-0.1328246193230509,0.0,11.25094987892992,5.282583914605208,0.0,0.8888888888888888,22,0,4,0,0,0,0,4,0,4,15,0,0,0,4.7938000000000045,88.67000000000007,0,0,0,0,0,0,2,2,0,0,0,0,2,2,0,0,0,0,0,0,7
C(CCCCC(=O)OCCCCCC)(=O)OCCCCCC,606.0,11.454435526571515,-0.1486745984004625,11.454435526571515,0.1486745984004625,0.3218661464445503,314.46600000000007,280.194,314.245709568,130,0.3052777469823182,-0.4656750033620396,0.4656750033620396,0.3052777469823182,0.5909090909090909,1.0,1.3636363636363635,16.53590492540787,10.165924581245276,2.055919891762593,-2.054300237087314,2.0539533817773257,-2.076497884329612,5.701051085334126,-0.1456261149890067,3.320703845047446,248.2607212192848,16.468409037364015,14.53248809846712,14.53248809846712,10.7019072626078,9.015167193676994,9.015167193676994,5.769367485661158,5.769367485661158,3.5336830175001177,3.5336830175001177,2.1126987056455704,2.1126987056455704,-1.06,57558.19348125204,20.94,16.312921587033127,15.331143339748436,135.4934016316732,9.473725907600098,0.0,0.0,0.0,11.9386105759037,9.589074368143644,0.0,0.0,52.372404136937305,25.68328649170404,12.84164324585202,13.213763929025836,19.06280027574374,11.9386105759037,0.0,90.89733387449338,13.213763929025836,0.0,0.0,0.0,0.0,25.152374504929536,19.06280027574374,0.0,90.89733387449338,0.0,0.0,52.60000000000001,0.0,9.589074368143644,11.9386105759037,38.89705042072987,25.68328649170404,25.68328649170404,0.0,0.0,13.847474399381248,9.473725907600098,10.285872528337771,22.90887105314303,0.0,0.0,-0.297349196800925,0.0,11.073127217052567,5.362811731600889,0.0,0.8888888888888888,22,0,4,0,0,0,0,4,0,4,15,0,0,0,4.7938000000000045,88.67000000000007,0,0,0,0,0,0,2,2,0,0,0,0,2,2,0,0,0,0,0,0,7
CCCCCCC(c1ccccc1)c2ccccc2,474.0,2.269716553287982,0.5548667800453514,2.269716553287982,0.5548667800453514,0.5471061850859794,252.40100000000004,228.20899999999995,252.187800768,100,0.0089293701167447,-0.065382383206124,0.065382383206124,0.0089293701167447,0.6842105263157895,1.2105263157894737,1.6842105263157894,14.16607493266056,9.8666829073459,2.1234797740941014,-2.1764881275064987,2.292751797647975,-2.007103046374972,5.315815213319006,0.5962496029355119,2.1001459077814277,404.4792309615668,13.338652525367095,11.886386867018626,11.886386867018626,9.41501490017253,7.514072545885954,7.514072545885954,5.223288369181821,5.223288369181821,3.750235507368079,3.750235507368079,2.6717152851926644,2.6717152851926644,-1.5599999999999996,31282.87403326717,13.862075936025148,7.783065763009143,4.238156753131919,117.04309212633729,0.0,0.0,0.0,0.0,0.0,0.0,0.0,0.0,93.27069437601078,17.54772460632,5.917906046161393,0.0,0.0,0.0,0.0,44.94575136048206,0.0,71.7905736680101,0.0,0.0,0.0,0.0,0.0,0.0,56.07265434387605,60.6636706846161,0.0,0.0,0.0,0.0,0.0,5.917906046161393,0.0,43.23101109802404,0.0,0.0,67.58740788430673,0.0,0.0,0.0,0.0,2.898515684051399,0.5548667800453514,21.845721371882085,6.5978462773998485,2.269716553287982,0.0,0.3684210526315789,19,0,0,0,0,2,2,0,0,0,7,0,0,2,5.788900000000005,83.48600000000006,0,0,0,0,0,0,0,0,0,0,2,0,0,0,0,0,0,0,0,0,2
C=1(C(=CC=CC1)C(=O)OCCCC)C(=O)OCC1=CC=CC=C1,511.5,12.24324396888385,-0.5306531609557392,12.24324396888385,0.1655654254355552,0.5725760438710946,312.36499999999995,292.20500000000004,312.13615912,120,0.3388439253750331,-0.4620783967347233,0.4620783967347233,0.3388439253750331,0.8260869565217391,1.391304347826087,2.0,16.539232368631136,10.084081091158538,2.183820826524629,-2.0939715629251534,2.1334921116599563,-2.1405665091584227,6.026175499017468,0.0436742092077602,2.033951020193393,649.4290056264635,16.493353063746344,13.157572709308278,13.157572709308278,11.21954535281284,7.692540893609759,7.692540893609759,5.096787536484154,5.096787536484154,3.310693680827176,3.310693680827176,2.026937839991484,2.026937839991484,-2.619999999999999,182289.42418785737,16.745430741861163,8.733290352322989,4.952694868054097,135.59322678543853,9.473725907600098,6.606881964512918,0.0,0.0,11.9386105759037,0.0,9.589074368143644,0.0,55.80912830184791,24.117007251546227,0.0,17.73378494790691,19.06280027574374,11.9386105759037,0.0,26.37226241005556,6.606881964512918,71.28765809124549,0.0,0.0,0.0,18.545492540416618,16.080607872113017,0.0,46.04480928877727,54.59730361615449,0.0,52.60000000000001,11.9386105759037,9.589074368143644,17.73378494790691,6.606881964512918,18.40509473754901,0.0,24.26546827384644,37.255572541998674,0.0,9.473725907600098,10.459264686782271,24.332262491046308,0.0,1.3568960917062476,-1.0253650951121172,15.94166872893282,1.7365125426575436,2.532093887320258,0.0,0.2631578947368421,23,0,4,0,0,2,2,4,0,4,7,0,0,2,4.000500000000003,87.19400000000005,0,0,0,0,0,0,2,2,0,0,2,0,2,2,0,0,0,0,0,0,1
C1(=CC=CC=C1)C(=CCCCCC)CCCCCC,486.0,2.483074452003024,1.241910115898211,2.483074452003024,1.241910115898211,0.4135564679940218,258.44899999999984,228.20899999999995,258.23475096,106,-0.0227721786009654,-0.0807197167835984,0.0807197167835984,0.0227721786009654,0.8421052631578947,1.5263157894736843,2.210526315789474,14.060268324124584,9.973735837721875,2.00525782143258,-2.081417948593489,2.2228615727881302,-1.8661680171195467,5.648111378476775,0.6767087533245478,2.521961273675112,334.3157599313976,13.761302256177467,12.828062645816685,12.828062645816685,9.380540057561882,8.125373980548003,8.125373980548003,5.401830044403527,5.401830044403527,3.642662276470538,3.642662276470538,2.4293374094654623,2.4293374094654623,-1.04,21908.782879289447,16.01567928730512,10.84352657218244,7.200211730141195,119.48604757446864,0.0,0.0,0.0,0.0,0.0,0.0,0.0,0.0,82.35943796315324,36.81984251347031,0.0,0.0,0.0,5.573104530069267,0.0,71.63486900571534,0.0,41.97130694083893,0.0,0.0,0.0,0.0,0.0,0.0,77.19832049741234,36.407855449141934,5.573104530069267,0.0,0.0,0.0,0.0,0.0,0.0,63.3508460980311,5.573104530069267,0.0,50.255329848523175,0.0,0.0,0.0,0.0,2.989169501133788,0.0,10.925351001511716,14.371923635577584,4.546889195110245,0.0,0.5789473684210527,19,0,0,0,0,1,1,0,0,0,10,0,0,1,6.620700000000006,87.32000000000006,0,0,0,0,0,0,0,0,2,0,1,0,0,0,0,0,0,0,0,0,4
CCCCCCC(CCCCCC)c1ccccc1,532.0,2.323718348450491,0.8008446712018138,2.323718348450491,0.8008446712018138,0.3877326424629537,260.465,228.20899999999995,260.250401024,108,-0.0161959641181684,-0.0653823832118381,0.0653823832118381,0.0161959641181684,0.6842105263157895,1.2105263157894737,1.6842105263157894,14.15159863852773,9.881098291408833,2.0998499785222418,-2.170782157682269,2.2783388210884707,-1.9925322597802524,5.187828671895483,0.4962738396903908,2.386050359049844,276.1664369617753,13.76130225617747,13.035169427003234,13.035169427003234,9.38054005756188,8.430068880418592,8.430068880418592,5.806277640330903,5.806277640330903,4.083255508911965,4.083255508911965,2.837903151420328,2.837903151420328,-0.78,21908.782879289447,16.27488474204171,11.080836437173287,7.398403630479828,120.17565060665292,0.0,0.0,0.0,0.0,0.0,0.0,0.0,0.0,95.5458827250974,24.323000783710405,0.0,0.0,0.0,0.0,0.0,83.97359667480275,0.0,35.89528683400505,0.0,0.0,0.0,0.0,0.0,0.0,89.53704816649974,30.33183534230805,0.0,0.0,0.0,0.0,0.0,0.0,5.917906046161393,64.20821622926012,5.563451491696996,0.0,44.179309741689295,0.0,0.0,0.0,0.0,1.565274943310658,0.8008446712018138,11.17081396447468,13.880870394836844,4.582196026176004,0.0,0.6842105263157895,19,0,0,0,0,1,1,0,0,0,11,0,0,1,6.711000000000007,86.70100000000008,0,0,0,0,0,0,0,0,0,0,1,0,0,0,0,0,0,0,0,0,4
CCCCCCCC1CCC(CC1)C2CCCCC2,491.0,2.31204156606088,1.098580640589569,2.31204156606088,1.098580640589569,0.4469161976040826,264.497,228.20899999999995,264.281701152,112,-0.0385643186414448,-0.0653823832227829,0.0653823832227829,0.0385643186414448,0.631578947368421,1.263157894736842,1.947368421052632,14.332065103838092,9.701269851255912,2.275441402500293,-2.3553363759255785,2.405072407415918,-2.231367863739791,4.794238764670885,0.1619747248492209,1.5420473166190876,206.07820003461552,13.338652525367095,13.338652525367095,13.338652525367095,9.398178147766922,9.398178147766922,9.398178147766922,7.381784390872736,7.381784390872736,5.92383394527505,5.92383394527505,4.590449066352788,4.590449066352788,0.0,30426.15444451943,15.39,9.03125,5.479191438763377,121.29654677991006,0.0,0.0,0.0,0.0,0.0,0.0,0.0,0.0,90.39441829772878,30.5953613843362,0.0,0.0,0.0,0.0,17.75371813848418,103.2360615435808,0.0,0.0,0.0,0.0,0.0,0.0,0.0,17.75371813848418,103.2360615435808,0.0,0.0,0.0,0.0,0.0,0.0,0.0,17.75371813848418,51.36657298340809,44.94575136048208,0.0,6.923737199690624,0.0,0.0,0.0,0.0,0.0,3.344780270451716,0.0,22.8431781634874,2.31204156606088,0.0,1.0,19,0,0,2,2,0,0,0,0,0,7,2,2,2,6.733600000000007,85.39900000000007,0,0,0,0,0,0,0,0,0,0,0,0,0,0,0,0,0,0,0,0,3
CCCCCCC(C1CCCCC1)C2CCCCC2,534.0,2.333089040789257,1.1087556689342402,2.333089040789257,1.1087556689342402,0.4469161976040826,264.4969999999999,228.20899999999995,264.281701152,112,-0.0357415932031378,-0.0653823832174768,0.0653823832174768,0.0357415932031378,0.6842105263157895,1.2105263157894737,1.6842105263157894,14.356685712309124,9.677189285572654,2.3017229334826097,-2.377768226099056,2.418661951306212,-2.269157830742195,4.813170161925208,0.1315046481843692,1.82856679295652,190.07820003461552,13.338652525367095,13.338652525367095,13.338652525367095,9.41501490017253,9.41501490017253,9.41501490017253,7.309370109606125,7.309370109606125,5.901668418299141,5.901668418299141,4.787759507849493,4.787759507849493,0.0,31282.87403326717,15.39,9.03125,5.12,121.29654677991006,0.0,0.0,0.0,0.0,0.0,0.0,0.0,0.0,96.8152399206548,24.174539761410188,0.0,0.0,0.0,0.0,17.75371813848418,103.2360615435808,0.0,0.0,0.0,0.0,0.0,0.0,0.0,17.75371813848418,103.2360615435808,0.0,0.0,0.0,0.0,0.0,0.0,0.0,17.75371813848418,64.20821622926012,32.10410811463005,0.0,6.923737199690624,0.0,0.0,0.0,0.0,0.0,3.3281566515495085,0.0,22.83875430766124,2.333089040789257,0.0,1.0,19,0,0,2,2,0,0,0,0,0,7,2,2,2,6.733600000000007,85.39900000000007,0,0,0,0,0,0,0,0,0,0,0,0,0,0,0,0,0,0,0,0,2
CC(CCC)C1=C(C=CC(=C1)C(CCC)C)CCC,611.0,2.505601851851852,0.7020861678004533,2.505601851851852,0.7020861678004533,0.5038257246485538,260.4649999999999,228.20899999999995,260.250401024,108,-0.0187656012877447,-0.0653610274804155,0.0653610274804155,0.0187656012877447,0.8421052631578947,1.4736842105263157,2.0526315789473686,14.178255541394762,9.85704028900826,2.126488685623855,-2.1948602916828843,2.2974320443212664,-2.026387310849537,5.35786715585676,0.6419333477099616,3.024003706962701,364.3011016928885,14.25071237662706,13.629392033067417,13.629392033067417,9.133758915185936,8.261454994362106,8.261454994362106,6.087696519489035,6.087696519489035,4.232593752919717,4.232593752919717,3.06388755863232,3.06388755863232,-0.78,15733.266073031866,16.27488474204171,8.402536662015057,4.671991336698023,120.17565060665288,0.0,0.0,0.0,0.0,0.0,0.0,0.0,0.0,72.08025207261598,47.78863143619181,0.0,0.0,0.0,0.0,0.0,84.97942782833196,0.0,34.88945568047582,0.0,0.0,0.0,0.0,6.4208216229260096,0.0,95.24896068049694,18.19910120538483,0.0,0.0,0.0,0.0,0.0,11.835812092322788,0.0,38.524929737556064,16.690354475090988,0.0,52.81778720383794,0.0,0.0,0.0,0.0,4.735840419501135,1.4107218442932723,7.269463340891912,7.636685484378937,11.613955577601413,0.0,0.6842105263157895,19,0,0,0,0,1,1,0,0,0,8,0,0,1,6.446300000000006,87.08300000000007,0,0,0,0,0,0,0,0,0,1,1,0,0,0,0,0,0,0,0,0,0
C(C)C(CCC(C)C)(CCC(C)C)C1=CC=CC=C1,494.0,2.368703703703704,0.398611111111111,2.368703703703704,0.398611111111111,0.5212300145862683,260.465,228.20899999999995,260.250401024,108,-0.0049385928266425,-0.0645322012523214,0.0645322012523214,0.0049385928266425,0.8421052631578947,1.3157894736842106,1.6842105263157894,14.337554886545211,9.69468795861568,2.293628141242733,-2.349458168582557,2.389161450532822,-2.263102253778985,5.248342210771719,0.2978955746811312,2.918211211994175,322.3157599313976,14.303118619434356,13.57698579026012,13.57698579026012,8.998836326175137,8.054348213175556,8.054348213175556,6.864952849691954,6.864952849691954,4.463420653501684,4.463420653501684,2.892995040516863,2.892995040516863,-0.78,14314.788033839734,16.27488474204171,7.723009503443864,5.008970029448682,120.1756506066529,0.0,0.0,0.0,0.0,0.0,0.0,0.0,0.0,77.7921645866132,42.076718922194594,0.0,0.0,0.0,0.0,11.835812092322788,72.13778458247995,0.0,35.89528683400505,0.0,0.0,0.0,0.0,5.41499046939678,11.835812092322788,72.28624560478016,30.33183534230805,0.0,0.0,0.0,0.0,0.0,5.41499046939678,11.835812092322788,32.10410811463005,5.563451491696996,0.0,64.95052134076117,0.0,0.0,0.0,0.0,1.953055555555556,1.599420823885109,11.20645030234316,6.591182917611489,11.73322373393802,0.0,0.6842105263157895,19,0,0,0,0,1,1,0,0,0,8,0,0,1,6.206800000000007,86.55500000000008,0,0,0,0,0,0,0,0,0,0,1,0,0,0,0,0,0,0,0,0,0
CCCCCCCCCCCCOC(=O)c1ccccc1,528.0,11.6827919293178,-0.2022924546488131,11.6827919293178,0.2022924546488131,0.3609228617783383,290.44699999999995,260.20699999999994,290.2245802,118,0.3376172200636132,-0.4620971134725996,0.4620971134725996,0.3376172200636132,0.8095238095238095,1.3333333333333333,1.9047619047619049,16.53267396833321,10.067813525171566,2.0422574244132137,-2.0473236133379102,2.1041717988687942,-2.0556525261642493,5.887244756000249,0.0497415911765455,1.8762831762601104,359.08891982014137,15.175515818550563,13.481422519927882,13.481422519927882,10.342535255101096,8.564713808768182,8.564713808768182,5.683925110218504,5.683925110218504,3.740538707998384,3.740538707998384,2.411934375689739,2.411934375689739,-1.31,57564.65837949514,17.740787201625192,12.43213917090245,9.276664566465572,129.45071793620355,4.736862953800049,0.0,0.0,0.0,5.969305287951849,0.0,4.794537184071822,0.0,82.91023301140957,18.55355575984923,0.0,12.170333456209914,9.53140013787187,5.969305287951849,0.0,71.13195342895074,6.606881964512918,35.89528683400505,0.0,0.0,0.0,12.576187252464766,4.736862953800049,0.0,81.48994210471956,30.33183534230805,0.0,26.3,0.0,4.794537184071822,5.969305287951849,12.170333456209914,12.84164324585202,51.36657298340809,12.13273413692322,18.19910120538483,6.923737199690624,4.736862953800049,5.26114383130159,11.6827919293178,0.0,0.6431289361297203,-0.2022924546488131,9.203366113344622,12.944761725609403,2.800433252279011,0.0,0.631578947368421,21,0,2,0,0,1,1,2,0,2,12,0,0,1,5.764300000000006,88.56850000000007,0,0,0,0,0,0,1,1,0,0,1,0,1,1,0,0,0,0,0,0,9
CCCCCCC(CCCCCC)C1CCCCC1,569.0,2.32278425683864,1.0777891156462585,2.32278425683864,1.0777891156462585,0.3490406034476945,266.5129999999999,228.20899999999995,266.297351216,114,-0.0385845807319683,-0.0653823832174866,0.0653823832174866,0.0385845807319683,0.6842105263157895,1.2105263157894737,1.6842105263157894,14.27852435392125,9.753756505566823,2.22162633211928,-2.303127746309729,2.353536701107745,-2.1787070885155018,4.741458090100052,0.2147476076304204,2.2395518259632974,166.47733175670794,13.76130225617747,13.76130225617747,13.76130225617747,9.38054005756188,9.38054005756188,9.38054005756188,6.856840364490404,6.856840364490404,5.173433276375332,5.173433276375332,3.8879193212370695,3.8879193212370695,0.0,21908.782879289447,17.05263157894737,11.79591836734694,8.0,122.30237793343927,0.0,0.0,0.0,0.0,0.0,0.0,0.0,0.0,110.15979874327142,11.835812092322788,0.0,0.0,0.0,0.0,11.835812092322788,110.15979874327142,0.0,0.0,0.0,0.0,0.0,0.0,0.0,11.835812092322788,110.15979874327142,0.0,0.0,0.0,0.0,0.0,0.0,0.0,11.835812092322788,83.47068109803816,12.84164324585202,0.0,13.847474399381248,0.0,0.0,0.0,0.0,0.0,2.1722363945578227,0.0,22.348861758431564,4.64556851367728,0.0,1.0,19,0,0,1,1,0,0,0,0,0,11,1,1,1,7.123700000000008,87.58300000000008,0,0,0,0,0,0,0,0,0,0,0,0,0,0,0,0,0,0,0,0,4
C(CCC)C(CCCC)(CCCC)C1CCCCC1,578.0,2.366341017888637,0.7246527777777778,2.366341017888637,0.7246527777777778,0.3945175455791693,266.5129999999999,228.20899999999995,266.297351216,114,-0.0269165590552713,-0.0653820331691788,0.0653820331691788,0.0269165590552713,0.6842105263157895,1.105263157894737,1.4736842105263157,14.418163192407611,9.614517539334171,2.366565474323413,-2.437101117159542,2.4860387832509807,-2.3233933648731617,4.8778260149598776,0.0726590177468017,2.7255472631494944,178.30941246780526,13.976845205801297,13.976845205801297,13.976845205801297,9.287152230862004,9.287152230862002,9.287152230862002,7.00796647350374,7.00796647350374,5.555860250648751,5.555860250648751,4.288849852144998,4.288849852144998,0.0,19819.84549409787,17.05263157894737,9.833648393194707,5.479191438763377,122.30237793343927,0.0,0.0,0.0,0.0,0.0,0.0,0.0,0.0,78.55860620540597,43.43700463018823,0.0,0.0,0.0,0.0,11.332896515558172,110.66271432003605,0.0,0.0,0.0,0.0,0.0,0.0,0.0,11.332896515558172,110.66271432003605,0.0,0.0,0.0,0.0,0.0,0.0,0.0,11.332896515558172,89.89150272096417,0.0,0.0,20.771211599071872,0.0,0.0,0.0,0.0,0.7246527777777778,1.0610185185185184,0.0,20.69863898337113,7.099023053665912,0.0,1.0,19,0,0,1,1,0,0,0,0,0,10,1,1,1,7.123700000000008,87.58300000000008,0,0,0,0,0,0,0,0,0,0,0,0,0,0,0,0,0,0,0,0,0
C(CCCCCC)C1C(CCC1)CCCCCCC,558.0,2.311054761064057,1.104445992903334,2.311054761064057,1.104445992903334,0.3296907740061961,266.51299999999986,228.20899999999995,266.297351216,114,-0.0385844040904881,-0.0653823832227829,0.0653823832227829,0.0385844040904881,0.5789473684210527,1.0,1.4210526315789471,14.309564878142378,9.865089141911948,2.253128281913591,-2.1910825825905165,2.380878634937152,-2.075957322913208,4.770837727684643,0.3221019832731839,2.0138965758939813,164.47733175670794,13.76130225617747,13.761302256177467,13.761302256177467,9.380540057561882,9.38054005756188,9.38054005756188,6.856840364490406,6.856840364490406,5.173433276375333,5.173433276375333,3.893872012136652,3.893872012136652,0.0,25640.869288408445,17.05263157894737,11.79591836734694,8.0,122.30237793343927,0.0,0.0,0.0,0.0,0.0,0.0,0.0,0.0,110.15979874327142,11.835812092322788,0.0,0.0,0.0,0.0,11.835812092322788,110.15979874327142,0.0,0.0,0.0,0.0,0.0,0.0,0.0,11.835812092322788,110.15979874327142,0.0,0.0,0.0,0.0,0.0,0.0,0.0,11.835812092322788,70.62903785218613,25.68328649170404,0.0,13.847474399381248,0.0,0.0,0.0,0.0,0.0,2.208891985806668,0.0,22.33566515873188,4.622109522128115,0.0,1.0,19,0,0,1,1,0,0,0,0,0,12,1,1,1,7.123700000000008,87.58300000000008,0,0,0,0,0,0,0,0,0,0,0,0,0,0,0,0,0,0,0,0,6
C1(CCCC1)CC(CCCCCC)CCCCCC,572.0,2.3201970952394837,1.066492819349962,2.3201970952394837,1.066492819349962,0.3296907740061961,266.5129999999999,228.20899999999995,266.297351216,114,-0.0411651579560512,-0.0653823832174964,0.0653823832174964,0.0411651579560512,0.7368421052631579,1.263157894736842,1.736842105263158,14.250498557399162,9.854358464472966,2.1921011861120667,-2.203652776390107,2.33609991046954,-2.0694030344867462,4.718898099649683,0.3193721766043782,2.1618488688315924,166.47733175670794,13.761302256177467,13.761302256177467,13.761302256177467,9.363703305156276,9.363703305156273,9.363703305156273,6.950880731089836,6.950880731089836,5.073263190636393,5.073263190636393,3.8170883743390274,3.8170883743390274,0.0,26221.607407449268,17.05263157894737,11.79591836734694,8.710775047258979,122.30237793343927,0.0,0.0,0.0,0.0,0.0,0.0,0.0,0.0,103.7389771203454,18.2566337152488,0.0,0.0,0.0,0.0,11.835812092322788,110.15979874327142,0.0,0.0,0.0,0.0,0.0,0.0,0.0,11.835812092322788,110.15979874327142,0.0,0.0,0.0,0.0,0.0,0.0,0.0,11.835812092322788,77.04985947511214,19.26246486877803,0.0,13.847474399381248,0.0,0.0,0.0,0.0,0.0,2.1658912299487696,0.0,22.36038124623893,4.640394190478967,0.0,1.0,19,0,0,1,1,0,0,0,0,0,12,1,1,1,7.123700000000008,87.58300000000008,0,0,0,0,0,0,0,0,0,0,0,0,0,0,0,0,0,0,0,0,4
CCCCCCCCCCCCCC1CCCCC1,573.0,2.2989290578869985,1.1039959693880423,2.2989290578869985,1.1039959693880423,0.3257963494867223,266.5129999999999,228.20899999999995,266.297351216,114,-0.0414285788501592,-0.0653823832227926,0.0653823832227926,0.0414285788501592,0.5789473684210527,1.0526315789473684,1.5789473684210529,14.1766405968078,9.853712166232052,2.116464891350923,-2.206434415071291,2.276086173911912,-2.0516196424767967,4.651778828471215,0.327582196965809,1.710887311648836,166.8771237954945,13.59816554936094,13.59816554936094,13.59816554936094,9.431851652578136,9.431851652578136,9.431851652578136,6.828244885281436,6.828244885281436,4.940670697680657,4.940670697680657,3.573041065238609,3.573041065238609,0.0,23109.901437571418,17.05263157894737,13.005,10.448979591836734,122.3023779334393,0.0,0.0,0.0,0.0,0.0,0.0,0.0,0.0,116.07770478943284,5.917906046161393,0.0,0.0,0.0,0.0,5.917906046161393,116.07770478943284,0.0,0.0,0.0,0.0,0.0,0.0,0.0,5.917906046161393,116.07770478943284,0.0,0.0,0.0,0.0,0.0,0.0,0.0,5.917906046161393,109.1539675897422,0.0,0.0,6.923737199690624,0.0,0.0,0.0,0.0,0.0,1.1039959693880423,0.0,25.430408306058293,2.2989290578869985,0.0,1.0,19,0,0,1,1,0,0,0,0,0,12,1,1,1,7.267800000000007,87.65300000000008,0,0,0,0,0,0,0,0,0,0,0,0,0,0,0,0,0,0,0,0,9
CCCCCCCCCCCCCCCCCC=C,595.0,3.7641098243182887,1.206603229527105,3.7641098243182887,1.206603229527105,0.2010975946685459,266.5129999999999,228.20899999999995,266.297351216,114,-0.0353412931099218,-0.1030829789362716,0.1030829789362716,0.0353412931099218,0.5263157894736842,0.8421052631578947,1.1578947368421053,13.997543123933728,10.038314725705703,1.933310136306416,-2.0259209644989,2.130718409819592,-1.8285266654267769,4.647924064860315,0.5326083800475312,2.892871693300164,159.42124551085624,14.020815280171313,13.59816554936094,13.59816554936094,9.414213562373096,9.023603362114272,9.023603362114272,6.027097737495458,6.027097737495458,4.011801681057136,4.011801681057136,2.6599954781544546,2.6599954781544546,-0.26,16439.976933070877,18.74,17.74,17.73999999999999,122.61860605478428,0.0,0.0,0.0,0.0,0.0,0.0,0.0,6.578935683598497,102.89126002748868,12.84164324585202,0.0,0.0,0.0,0.0,0.0,109.65688316650682,0.0,12.654955790432378,0.0,0.0,0.0,0.0,0.0,0.0,109.65688316650682,12.654955790432378,0.0,0.0,0.0,0.0,0.0,0.0,0.0,102.7331459668162,0.0,6.076020106833881,13.502672883289122,0.0,0.0,0.0,0.0,0.0,0.0,0.0,24.94475688825548,6.055243111744518,0.0,0.8947368421052632,19,0,0,0,0,0,0,0,0,0,16,0,0,0,7.433900000000007,89.74300000000008,0,0,0,0,0,0,0,0,1,0,0,0,0,0,0,0,0,0,0,0,14
C(CCCCCCC\C=C\C\C=C\CCCCC)(=O)OC,608.0,10.908843190497825,-0.0827016950552099,10.908843190497825,0.0827016950552099,0.2238941451121778,294.479,260.20699999999994,294.255880328,122,0.3050018388563643,-0.4689954278205915,0.4689954278205915,0.3050018388563643,0.8095238095238095,1.380952380952381,2.0,16.522951659376446,10.090680977051578,1.979644477765367,-1.9947773866567016,2.0801361463969146,-1.984975863714926,5.684614495472016,-0.1402508284731416,3.1983555918756608,279.290940840325,15.598165549360935,14.111179031924804,14.111179031924804,10.308060412490448,8.676816581229666,8.676816581229666,5.556867918480198,5.556867918480198,3.55920561585902,3.55920561585902,2.18282689105084,2.18282689105084,-1.05,40352.15788365095,19.95,17.002770448548812,16.89739333183324,131.2040703521507,4.736862953800049,0.0,0.0,0.0,5.969305287951849,4.794537184071822,0.0,0.0,63.33192574165619,38.524929737556064,6.4208216229260096,7.109797541277533,9.53140013787187,5.969305287951849,0.0,83.97359667480276,7.109797541277533,24.304080427335524,0.0,0.0,0.0,13.079102829229384,9.53140013787187,0.0,83.97359667480276,24.304080427335524,0.0,26.3,0.0,4.794537184071822,5.969305287951849,6.4208216229260096,19.26246486877803,58.47637052468562,0.0,0.0,35.9646805808262,0.0,4.6157440590244665,10.908843190497825,0.0,0.0,-0.0827016950552099,0.0,23.0296848781,2.241660826919164,1.4534354071804267,0.7368421052631579,21,0,2,0,0,0,0,2,0,2,14,0,0,0,5.972900000000006,91.37400000000008,0,0,0,0,0,0,1,1,4,0,0,0,1,1,0,0,1,0,0,0,7
C(CCCCC)C(=CCCCCC)CCCCCC,590.0,2.576935941043084,1.324135802469136,2.576935941043084,1.324135802469136,0.226319660705526,266.5129999999999,228.20899999999995,266.297351216,114,-0.0320316152543162,-0.0853315625360171,0.0853315625360171,0.0320316152543162,0.5789473684210527,1.0526315789473684,1.5263157894736843,14.049626643326684,9.984581315882853,1.9861101750921688,-2.079196051136589,2.1857411093738985,-1.8792920687711403,5.014382638376979,0.6200564188524339,3.841546816794718,176.21499122004107,14.183951986987845,13.976845205801297,13.976845205801297,9.346065214951231,9.025350549804866,9.025350549804866,5.979474695036798,5.979474695036798,3.9435789346853314,3.9435789346853314,2.58732546620244,2.58732546620244,-0.26,15196.090281219807,18.74,15.79636978579481,13.965479143179254,122.61860605478424,0.0,0.0,0.0,0.0,0.0,0.0,0.0,0.0,83.7869092193831,38.524929737556064,0.0,0.0,0.0,0.0,0.0,110.66271432003605,0.0,11.64912463690315,0.0,0.0,0.0,0.0,0.0,0.0,110.66271432003605,11.64912463690315,0.0,0.0,0.0,0.0,0.0,0.0,0.0,89.89150272096417,5.573104530069267,0.0,26.847231705905752,0.0,0.0,0.0,0.0,1.7669529478458053,0.0,0.0,22.012197352310988,6.887516366509872,0.0,0.8947368421052632,19,0,0,0,0,0,0,0,0,0,14,0,0,0,7.433900000000007,89.74300000000008,0,0,0,0,0,0,0,0,2,0,0,0,0,0,0,0,0,0,0,0,6
CC(=CC)CCCCCCCCCCCCCCC,630.0,2.291522225055827,1.31375,2.291522225055827,1.31375,0.226319660705526,266.5129999999999,228.20899999999995,266.297351216,114,-0.0323188799654937,-0.088734619136238,0.088734619136238,0.0323188799654937,0.631578947368421,1.0,1.368421052631579,14.002662611568486,10.033521798577729,1.9384597374848491,-2.030709214396853,2.136482763986307,-1.832730687428685,4.941762656201367,0.5389580307872364,2.989594912607698,190.21499122004104,14.183951986987845,13.976845205801297,13.976845205801297,9.308060412490446,8.92668557556426,8.92668557556426,6.127668492134116,6.127668492134116,4.167466933014062,4.167466933014062,2.565943288176377,2.565943288176377,-0.26,14970.354363785891,18.74,15.79636978579481,15.683831371356709,122.61860605478428,0.0,0.0,0.0,0.0,0.0,0.0,0.0,0.0,95.62272131170592,26.689117645233267,0.0,0.0,0.0,0.0,0.0,110.66271432003605,0.0,11.64912463690315,0.0,0.0,0.0,0.0,0.0,0.0,110.66271432003605,11.64912463690315,0.0,0.0,0.0,0.0,0.0,0.0,0.0,89.89150272096417,5.573104530069267,0.0,26.847231705905752,0.0,0.0,0.0,0.0,1.558400926870461,0.0,0.0,22.415852062674347,6.692413677121857,0.0,0.8947368421052632,19,0,0,0,0,0,0,0,0,0,14,0,0,0,7.433900000000007,89.74300000000008,0,0,0,0,0,0,0,0,2,0,0,0,0,0,0,0,0,0,0,0,11
CCCCCCCCCCCCCCCCCCC,608.6,2.2954465804052653,1.373456790123457,2.2954465804052653,1.373456790123457,0.2520053119130528,268.5289999999999,228.20899999999995,268.31300128,116,-0.0533059727891157,-0.0653823832227926,0.0653823832227926,0.0533059727891157,0.2631578947368421,0.4210526315789473,0.5789473684210527,13.999703744723636,10.036599311794832,1.935247454363951,-2.027833368277616,2.1328037447236343,-1.830300688205169,4.491703744723637,0.528599311794828,2.8766966445353965,122.97373660251156,14.020815280171313,14.020815280171313,14.020815280171313,9.414213562373096,9.414213562373094,9.414213562373094,6.303300858899106,6.303300858899106,4.207106781186547,4.207106781186547,2.7980970388562785,2.7980970388562785,0.0,16439.976933070877,19.0,18.0,18.0,123.30820908696852,0.0,0.0,0.0,0.0,0.0,0.0,0.0,0.0,123.00144198912344,0.0,0.0,0.0,0.0,0.0,0.0,123.00144198912344,0.0,0.0,0.0,0.0,0.0,0.0,0.0,0.0,123.00144198912344,0.0,0.0,0.0,0.0,0.0,0.0,0.0,0.0,109.1539675897422,0.0,0.0,13.847474399381248,0.0,0.0,0.0,0.0,0.0,0.0,0.0,24.909106839189462,4.590893160810531,0.0,1.0,19,0,0,0,0,0,0,0,0,0,16,0,0,0,7.657900000000008,89.83700000000009,0,0,0,0,0,0,0,0,0,0,0,0,0,0,0,0,0,0,0,0,14
CCCCCCCCCCCCCCC1CCCC1,539.0,2.298327340075691,1.1140006934999094,2.298327340075691,1.1140006934999094,0.3074611809395313,266.5129999999999,228.20899999999995,266.297351216,114,-0.0414285760798144,-0.0653823832227926,0.0653823832227926,0.0414285760798144,0.5789473684210527,1.0,1.4736842105263157,14.190853463137412,9.98551541319503,2.1309513675548524,-2.075020614606017,2.2879884124912424,-1.9212938273009,4.664900532520058,0.4594460158549556,1.667667791630819,166.8771237954945,13.59816554936094,13.59816554936094,13.59816554936094,9.431851652578136,9.431851652578136,9.431851652578136,6.828244885281436,6.828244885281436,4.940670697680657,4.940670697680657,3.573041065238609,3.573041065238609,0.0,28766.70309802368,17.05263157894737,13.005,10.448979591836734,122.3023779334393,0.0,0.0,0.0,0.0,0.0,0.0,0.0,0.0,116.07770478943284,5.917906046161393,0.0,0.0,0.0,0.0,5.917906046161393,116.07770478943284,0.0,0.0,0.0,0.0,0.0,0.0,0.0,5.917906046161393,116.07770478943284,0.0,0.0,0.0,0.0,0.0,0.0,0.0,5.917906046161393,109.1539675897422,0.0,0.0,6.923737199690624,0.0,0.0,0.0,0.0,0.0,1.1140006934999094,0.0,25.421005299757734,2.298327340075691,0.0,1.0,19,0,0,1,1,0,0,0,0,0,13,1,1,1,7.267800000000007,87.65300000000008,0,0,0,0,0,0,0,0,0,0,0,0,0,0,0,0,0,0,0,0,10
CCCCCCC(CCCCCC)CCCCCC,597.0,2.3124794728880227,1.0468225623582763,2.3124794728880227,1.0468225623582763,0.2694389841772744,268.5289999999999,228.20899999999995,268.31300128,116,-0.0414285788765556,-0.0653823832174964,0.0653823832174964,0.0414285788765556,0.4210526315789473,0.7368421052631579,1.0,14.137463246944751,9.895243786685317,2.0772986311288117,-2.164868474779712,2.2356272374182984,-2.012065173006111,4.611922830091269,0.3682185415806538,3.65824749044978,121.58797503894245,14.183951986987845,14.183951986987845,14.183951986987845,9.346065214951231,9.346065214951231,9.346065214951231,6.414031322908341,6.414031322908341,4.397777478867205,4.397777478867205,3.0123808934587872,3.0123808934587872,0.0,15196.090281219807,19.0,16.055555555555557,14.22222222222222,123.30820908696852,0.0,0.0,0.0,0.0,0.0,0.0,0.0,0.0,117.08353594296204,5.917906046161393,0.0,0.0,0.0,0.0,5.917906046161393,117.08353594296204,0.0,0.0,0.0,0.0,0.0,0.0,0.0,5.917906046161393,117.08353594296204,0.0,0.0,0.0,0.0,0.0,0.0,0.0,5.917906046161393,96.31232434389018,0.0,0.0,20.771211599071872,0.0,0.0,0.0,0.0,0.0,1.0468225623582763,0.0,21.84907235231099,6.937438418664068,0.0,1.0,19,0,0,0,0,0,0,0,0,0,15,0,0,0,7.513800000000008,89.76700000000008,0,0,0,0,0,0,0,0,0,0,0,0,0,0,0,0,0,0,0,0,6
CC(CCCCC)CCCCCCCCCCCC,607.0,2.447808010203219,0.9727720833839366,2.447808010203219,0.9727720833839366,0.2694389841772744,268.5289999999999,228.20899999999995,268.31300128,116,-0.0442800769837405,-0.0653823832227926,0.0653823832227926,0.0442800769837405,0.4736842105263157,0.7894736842105263,1.263157894736842,14.071535586038982,9.961299939785356,2.009516073674574,-2.100641929799213,2.1746560345089545,-1.944325539306715,4.548041989862222,0.4353608118844853,3.04955239492335,150.11730005192322,14.183951986987845,14.183951986987845,14.183951986987845,9.308060412490446,9.308060412490446,9.308060412490446,6.571609281238176,6.571609281238176,4.3509536313038994,4.3509536313038994,2.867372994027353,2.867372994027353,0.0,14570.73383761222,19.0,16.055555555555557,15.944636678200691,123.30820908696852,0.0,0.0,0.0,0.0,0.0,0.0,0.0,0.0,117.08353594296204,5.917906046161393,0.0,0.0,0.0,0.0,5.917906046161393,117.08353594296204,0.0,0.0,0.0,0.0,0.0,0.0,0.0,5.917906046161393,117.08353594296204,0.0,0.0,0.0,0.0,0.0,0.0,0.0,5.917906046161393,96.31232434389018,0.0,0.0,20.771211599071872,0.0,0.0,0.0,0.0,0.0,0.9727720833839366,0.0,21.819330675765222,7.041230574184178,0.0,1.0,19,0,0,0,0,0,0,0,0,0,15,0,0,0,7.513800000000008,89.76700000000008,0,0,0,0,0,0,0,0,0,0,0,0,0,0,0,0,0,0,0,0,9
CCCCCCCCCCC(CCCC)CCCC,586.0,2.32657005668848,1.0416586992285943,2.32657005668848,1.0416586992285943,0.2694389841772744,268.52899999999994,228.20899999999995,268.31300128,116,-0.0414289236424187,-0.0653823832227926,0.0653823832227926,0.0414289236424187,0.4210526315789473,0.7894736842105263,1.263157894736842,14.128446184318236,9.903613181894718,2.068233824105829,-2.15654237203961,2.2255212328285605,-2.005130216157691,4.602327394838181,0.3758958891848066,3.4015697940194576,142.11730005192322,14.183951986987845,14.183951986987845,14.183951986987845,9.346065214951231,9.346065214951231,9.346065214951231,6.414031322908341,6.414031322908341,4.397777478867205,4.397777478867205,2.985507439921111,2.985507439921111,0.0,15263.888968034167,19.0,16.055555555555557,14.22222222222222,123.30820908696852,0.0,0.0,0.0,0.0,0.0,0.0,0.0,0.0,117.08353594296204,5.917906046161393,0.0,0.0,0.0,0.0,5.917906046161393,117.08353594296204,0.0,0.0,0.0,0.0,0.0,0.0,0.0,5.917906046161393,117.08353594296204,0.0,0.0,0.0,0.0,0.0,0.0,0.0,5.917906046161393,96.31232434389018,0.0,0.0,20.771211599071872,0.0,0.0,0.0,0.0,0.0,1.0416586992285943,0.0,21.840177368247147,6.9514972658575935,0.0,1.0,19,0,0,0,0,0,0,0,0,0,15,0,0,0,7.513800000000008,89.76700000000008,0,0,0,0,0,0,0,0,0,0,0,0,0,0,0,0,0,0,0,0,6
CCCC(CCC)CCCCCC(CCC)CCC,575.0,2.3360649950598544,1.025074588477366,2.3360649950598544,1.025074588477366,0.2884233576011408,268.52899999999994,228.20899999999995,268.31300128,116,-0.0414486973787441,-0.0653722517390235,0.0653722517390235,0.0414486973787441,0.4210526315789473,0.7368421052631579,1.0,14.140573328911326,9.895296591587462,2.080267260614584,-2.165004551454208,2.235470020491349,-2.014207068058162,4.6135151230898455,0.3671370354018068,3.5895311863331,131.42124551085624,14.347088693804372,14.347088693804372,14.347088693804372,9.277916867529369,9.277916867529369,9.277916867529369,6.524761786917576,6.524761786917576,4.512438571626293,4.512438571626293,3.5418206647209662,3.5418206647209662,0.0,13523.580939989446,19.0,14.409972299168976,11.52,123.30820908696852,0.0,0.0,0.0,0.0,0.0,0.0,0.0,0.0,111.16562989680064,11.835812092322788,0.0,0.0,0.0,0.0,11.835812092322788,111.16562989680064,0.0,0.0,0.0,0.0,0.0,0.0,0.0,11.835812092322788,111.16562989680064,0.0,0.0,0.0,0.0,0.0,0.0,0.0,11.835812092322788,83.47068109803816,0.0,0.0,27.694948798762496,0.0,0.0,0.0,0.0,0.0,2.050149176954732,0.0,18.77225750947252,9.344259980239418,0.0,1.0,19,0,0,0,0,0,0,0,0,0,14,0,0,0,7.369700000000008,89.69700000000009,0,0,0,0,0,0,0,0,0,0,0,0,0,0,0,0,0,0,0,0,2
C(CCC)C(CCCC)(CCCCCC)CCCC,550.0,2.348694806626354,0.7041383219954649,2.348694806626354,0.7041383219954649,0.2857996023647045,268.5289999999999,228.20899999999995,268.31300128,116,-0.0297463928029661,-0.0653823832121515,0.0653823832121515,0.0297463928029661,0.4210526315789473,0.7894736842105263,1.1578947368421053,14.323410495146357,9.708067377090766,2.269600288992932,-2.3457385021417334,2.409455048617022,-2.2100825113080425,4.792097742309764,0.1756335572460302,4.3830159597295575,149.10268628467716,14.399494936611667,14.399494936611667,14.399494936611667,9.242640687119286,9.242640687119284,9.242640687119284,6.621320343559643,6.621320343559643,4.742640687119285,4.742640687119285,3.332106781186547,3.332106781186547,0.0,13562.564903211,19.0,13.005,9.520661157024794,123.30820908696852,0.0,0.0,0.0,0.0,0.0,0.0,0.0,0.0,91.9031650280226,31.09827696110082,0.0,0.0,0.0,0.0,5.41499046939678,117.58645151972664,0.0,0.0,0.0,0.0,0.0,0.0,0.0,5.41499046939678,117.58645151972664,0.0,0.0,0.0,0.0,0.0,0.0,5.41499046939678,0.0,89.89150272096417,0.0,0.0,27.694948798762496,0.0,0.0,0.0,0.0,0.7041383219954649,0.0,0.0,20.181820672713528,9.364041005291003,0.0,1.0,19,0,0,0,0,0,0,0,0,0,14,0,0,0,7.513800000000008,89.76700000000008,0,0,0,0,0,0,0,0,0,0,0,0,0,0,0,0,0,0,0,0,2
CC(C)CCCC(CCCC(CCCC(C)C)C)C,584.4,2.448170902620308,0.8825736004916198,2.448170902620308,0.8825736004916198,0.3544956685722263,268.52899999999994,228.20899999999995,268.31300128,116,-0.0442797321128256,-0.0627736092145224,0.0627736092145224,0.0442797321128256,0.4210526315789473,0.6842105263157895,0.9473684210526316,14.124646774670037,9.911264163742729,2.0634248336372365,-2.1499277249801785,2.2140976534944934,-2.002943118184924,4.595004024554644,0.3807490031493024,3.397830827514555,160.4773317567079,14.673362107437434,14.673362107437434,14.673362107437434,8.913591357920934,8.913591357920934,8.913591357920934,7.790748110628482,7.790748110628482,4.35064252907782,4.35064252907782,2.852571956233164,2.852571956233164,0.0,8914.841319998315,19.0,11.79591836734694,14.22222222222222,123.30820908696847,0.0,0.0,0.0,0.0,0.0,0.0,0.0,0.0,99.32981780447784,23.671624184645573,0.0,0.0,0.0,0.0,23.671624184645573,99.32981780447784,0.0,0.0,0.0,0.0,0.0,0.0,0.0,23.671624184645573,99.32981780447784,0.0,0.0,0.0,0.0,0.0,0.0,0.0,23.671624184645573,57.7873946063341,0.0,0.0,41.54242319814374,0.0,0.0,0.0,0.0,0.0,3.65702503545036,0.0,12.932721602245202,14.24358669563777,0.0,1.0,19,0,0,0,0,0,0,0,0,0,12,0,0,0,7.081500000000008,89.55700000000009,0,0,0,0,0,0,0,0,0,0,0,0,0,0,0,0,0,0,0,0,0
CC(C)CCCC(CCC(CC(C)C)CC(C)C)C,555.0,2.4604516250944823,0.8611084299932602,2.4604516250944823,0.8611084299932602,0.3806128552496188,268.529,228.20899999999995,268.31300128,116,-0.0409322411971508,-0.0627736092145223,0.0627736092145223,0.0409322411971508,0.5263157894736842,1.0526315789473684,1.4736842105263157,14.200198601018291,9.833865544991308,2.1413147570845896,-2.2249738715258114,2.272068475654254,-2.098294867261844,4.661991083742374,0.2946074100722912,3.876112204216428,180.2149912200411,14.836498814253964,14.836498814253964,14.836498814253964,8.807438208038286,8.807438208038286,8.807438208038286,8.13239611942259,8.13239611942259,4.155587784686236,4.155587784686236,3.204379396342091,3.204379396342091,0.0,7596.095296538639,19.0,10.74793388429752,12.76454293628809,123.30820908696847,0.0,0.0,0.0,0.0,0.0,0.0,0.0,0.0,80.57026851246441,42.43117347665898,0.0,0.0,0.0,0.0,29.589530230806965,93.41191175831644,0.0,0.0,0.0,0.0,0.0,0.0,0.0,29.589530230806965,93.41191175831644,0.0,0.0,0.0,0.0,0.0,0.0,0.0,29.589530230806965,44.94575136048208,0.0,0.0,48.46616039783436,0.0,0.0,0.0,0.0,0.0,4.49532211545469,0.0,10.034791929117326,16.63655262209465,0.0,1.0,19,0,0,0,0,0,0,0,0,0,11,0,0,0,6.937400000000008,89.48700000000008,0,0,0,0,0,0,0,0,0,0,0,0,0,0,0,0,0,0,0,0,0
C(CCCCCCCCCCCCCC)(=O)OCCCC,634.0,11.37774362527396,-0.0041395823887981,11.37774362527396,0.0041395823887981,0.2425821271038371,298.511,260.20699999999994,298.287180456,126,0.3052775141617927,-0.465675191765929,0.465675191765929,0.3052775141617927,0.6190476190476191,1.0476190476190477,1.5238095238095235,16.53235727179134,10.048625336984008,2.0128075764579174,-2.0406331636516475,2.121493800204375,-2.047187460430907,5.686912210529764,-0.1434065393626946,3.064415456697917,213.61189310154845,15.598165549360935,14.630205079912493,14.630205079912493,10.308060412490448,9.464690378025043,9.464690378025043,6.213110867576768,6.213110867576768,3.995394899343333,3.995394899343333,2.51283840987732,2.51283840987732,-0.53,39319.99155235296,20.47,17.52136106831022,17.418789488448905,132.5832764165192,4.736862953800049,0.0,0.0,0.0,5.969305287951849,4.794537184071822,0.0,0.0,90.89733387449338,12.84164324585202,6.4208216229260096,6.606881964512918,9.53140013787187,5.969305287951849,0.0,110.15979874327142,6.606881964512918,0.0,0.0,0.0,0.0,12.576187252464766,9.53140013787187,0.0,110.15979874327142,0.0,0.0,26.3,0.0,4.794537184071822,5.969305287951849,13.027703587438928,19.26246486877803,70.62903785218613,0.0,0.0,13.847474399381248,4.736862953800049,5.143406608556641,11.37774362527396,0.0,0.0,-0.0041395823887981,0.0,18.66599633033349,4.983659684891375,0.0,0.9473684210526316,21,0,2,0,0,0,0,2,0,2,16,0,0,0,6.420900000000007,91.56200000000008,0,0,0,0,0,0,1,1,0,0,0,0,1,1,0,0,0,0,0,0,11
C(CCCCCCCCCCCCCCC)(=O)OC(C)C,649.0,11.332595860898602,-0.0341916657221315,11.332595860898602,0.0272894114698496,0.2574357174614592,298.511,260.20699999999994,298.287180456,126,0.3055337242115604,-0.4629533082631881,0.4629533082631881,0.3055337242115604,0.7142857142857143,1.0952380952380951,1.4761904761904765,16.541563762142317,10.044484824208771,2.038124055131028,-2.0698448093086963,2.1267707263696005,-2.10244869255684,5.688950982979026,-0.1470134290070429,3.07185233719276,223.60624315754137,15.761302256177467,14.79334178672902,14.79334178672902,10.163902460147016,9.359311261018451,9.359311261018451,6.531255075225845,6.531255075225845,3.85160234728316,3.85160234728316,2.608921796894258,2.608921796894258,-0.53,32291.49205991021,20.47,15.851269764825574,17.418789488448905,132.58327641651917,4.736862953800049,0.0,0.0,0.0,5.969305287951849,4.794537184071822,0.0,0.0,83.97359667480276,20.268296022307258,6.4208216229260096,6.103966387748303,9.53140013787187,5.969305287951849,0.0,116.76668070778432,0.0,0.0,0.0,0.0,0.0,12.073271675700152,9.53140013787187,0.0,110.66271432003605,0.0,0.0,26.3,0.0,4.794537184071822,12.073271675700152,6.4208216229260096,6.4208216229260096,77.04985947511214,0.0,13.847474399381248,6.923737199690624,4.736862953800049,5.118327822753104,11.332595860898602,0.0,0.0,-0.0341916657221315,0.0,18.003230776960756,6.080037205109668,0.0,0.9473684210526316,21,0,2,0,0,0,0,2,0,2,15,0,0,0,6.419300000000007,91.54000000000008,0,0,0,0,0,0,1,1,0,0,0,0,1,1,0,0,0,0,0,0,11
C(C)C(CC)=CCCCCCCCCCCCCCC,613.0,2.482442363944716,1.2447976739715494,2.482442363944716,1.2447976739715494,0.2116952442149405,280.5399999999999,240.21999999999997,280.31300128,120,-0.0348051775801283,-0.0853521555534579,0.0853521555534579,0.0348051775801283,0.55,0.95,1.35,14.00012197615696,10.037392764879014,1.9353362836848929,-2.027460366552936,2.134469413590331,-1.8284464638342677,4.992017547557468,0.5444321957940357,3.114156384557946,196.0838499786226,14.891058768174393,14.683951986987845,14.683951986987845,9.846065214951231,9.525350549804866,9.525350549804866,6.247241648003166,6.247241648003166,4.398938528181287,4.398938528181287,2.830189177409848,2.830189177409848,-0.26,25604.83745887536,19.74,16.793361792956244,14.155504419859923,128.9835481691809,0.0,0.0,0.0,0.0,0.0,0.0,0.0,0.0,103.04937408816114,25.68328649170404,0.0,0.0,0.0,0.0,0.0,117.08353594296206,0.0,11.64912463690315,0.0,0.0,0.0,0.0,0.0,0.0,117.08353594296206,11.64912463690315,0.0,0.0,0.0,0.0,0.0,0.0,0.0,96.31232434389018,5.573104530069267,0.0,26.847231705905752,0.0,0.0,0.0,0.0,1.646363889833424,0.0,0.0,23.67677286236677,6.843529914466469,0.0,0.9,20,0,0,0,0,0,0,0,0,0,15,0,0,0,7.824000000000007,94.36000000000008,0,0,0,0,0,0,0,0,2,0,0,0,0,0,0,0,0,0,0,0,11
C(CCCCCCC\C=C/C\C=C/CCCCC)(=O)OC,676.0,10.908843190497825,-0.0827016950552099,10.908843190497825,0.0827016950552099,0.2238941451121778,294.479,260.20699999999994,294.255880328,122,0.3050018388563643,-0.4689954278205915,0.4689954278205915,0.3050018388563643,0.8095238095238095,1.380952380952381,2.0,16.522951659376446,10.090680977051578,1.979644477765367,-1.9947773866567016,2.0801361463969146,-1.984975863714926,5.684614495472016,-0.1402508284731416,3.1983555918756608,279.290940840325,15.598165549360935,14.111179031924804,14.111179031924804,10.308060412490448,8.676816581229666,8.676816581229666,5.556867918480198,5.556867918480198,3.55920561585902,3.55920561585902,2.18282689105084,2.18282689105084,-1.05,40352.15788365095,19.95,17.002770448548812,16.89739333183324,131.2040703521507,4.736862953800049,0.0,0.0,0.0,5.969305287951849,4.794537184071822,0.0,0.0,63.33192574165619,38.524929737556064,6.4208216229260096,7.109797541277533,9.53140013787187,5.969305287951849,0.0,83.97359667480276,7.109797541277533,24.304080427335524,0.0,0.0,0.0,13.079102829229384,9.53140013787187,0.0,83.97359667480276,24.304080427335524,0.0,26.3,0.0,4.794537184071822,5.969305287951849,6.4208216229260096,19.26246486877803,58.47637052468562,0.0,0.0,35.9646805808262,0.0,4.6157440590244665,10.908843190497825,0.0,0.0,-0.0827016950552099,0.0,23.0296848781,2.241660826919164,1.4534354071804267,0.7368421052631579,21,0,2,0,0,0,0,2,0,2,14,0,0,0,5.972900000000006,91.37400000000008,0,0,0,0,0,0,1,1,4,0,0,0,1,1,0,0,1,0,0,0,7
C(CCCCCCCCCCCCCCCCC)(=O)OC,650.0,10.923485022192605,-0.0650980534451581,10.923485022192605,0.0650980534451581,0.2425821271038371,298.511,260.20699999999994,298.287180456,126,0.3050018388563536,-0.4689954278205915,0.4689954278205915,0.3050018388563536,0.6190476190476191,0.9523809523809524,1.2857142857142858,16.522952196717654,10.0382473012483,1.986765587682816,-2.0298798548577848,2.131932735538401,-1.985259129466327,5.684601429382907,-0.1402510691051009,2.9775135900228027,213.61189310154845,15.598165549360935,14.630205079912493,14.630205079912493,10.308060412490448,9.377156752707547,9.377156752707547,6.2758800814659095,6.2758800814659095,4.212125131752582,4.212125131752582,2.742719983473014,2.742719983473014,-0.53,40352.15788365095,20.47,17.52136106831022,17.418789488448905,132.5832764165192,4.736862953800049,0.0,0.0,0.0,5.969305287951849,4.794537184071822,0.0,0.0,96.8152399206548,6.4208216229260096,6.4208216229260096,7.109797541277533,9.53140013787187,5.969305287951849,0.0,109.65688316650682,7.109797541277533,0.0,0.0,0.0,0.0,13.079102829229384,9.53140013787187,0.0,109.65688316650682,0.0,0.0,26.3,0.0,4.794537184071822,5.969305287951849,6.4208216229260096,6.4208216229260096,97.0013002622417,0.0,0.0,11.660600153490671,0.0,4.630385890719245,10.923485022192605,0.0,0.0,-0.0650980534451581,0.0,20.9351540668151,2.2769266369468792,1.465813103437993,0.9473684210526316,21,0,2,0,0,0,0,2,0,2,16,0,0,0,6.420900000000007,91.56200000000008,0,0,0,0,0,0,1,1,0,0,0,0,1,1,0,0,1,0,0,0,13
CCCCCCCCCCc1ccc2ccccc2c1,561.0,2.3577198006919327,1.235907029478458,2.3577198006919327,1.235907029478458,0.4538571736254117,268.444,240.21999999999997,268.219100896,108,-0.0181300279826149,-0.0653823832227926,0.0653823832227926,0.0181300279826149,0.65,1.3,2.05,14.023902252897354,10.012854277892894,1.9686891579650945,-2.042806885613531,2.174105570599036,-1.866786153944498,5.824585301840783,0.5753857776227034,1.6536330523014289,498.1193992456678,14.045759306553643,12.905412915006313,12.905412915006313,9.898178147766924,8.376044312682032,8.376044312682032,5.90637670723023,5.90637670723023,4.132881920581222,4.132881920581222,2.857299141269435,2.857299141269435,-1.2999999999999998,47241.81294051254,15.09578448298075,8.78839395396037,4.997490560769221,123.7624887951983,0.0,0.0,0.0,0.0,0.0,0.0,0.0,0.0,94.334058039404,29.177543166478607,0.0,0.0,0.0,10.772448428929591,0.0,64.71113180602472,0.0,48.02802097092827,0.0,0.0,0.0,0.0,6.4208216229260096,0.0,63.853761674795706,42.46456947923127,10.772448428929591,0.0,0.0,0.0,0.0,0.0,0.0,74.12329452696068,0.0,0.0,49.38830667892189,0.0,0.0,0.0,2.7330923762780106,1.4950768379614885,0.0,15.55607228189094,12.434446750489773,2.2813117533797893,0.0,0.5,20,0,0,0,0,2,2,0,0,0,9,0,0,2,6.523000000000007,90.26200000000009,0,0,0,0,0,0,0,0,0,1,2,1,0,0,0,0,0,0,0,0,6
CCCCCCCCCCc1cccc2ccccc12,524.0,2.2952198006919327,1.2324537037037038,2.2952198006919327,1.2324537037037038,0.4538571736254117,268.444,240.21999999999997,268.219100896,108,-0.0151924550550959,-0.0653823832227926,0.0653823832227926,0.0151924550550959,0.65,1.3,2.1,14.047197067184715,9.988679987434258,1.9959965360841505,-2.0629054797645803,2.203327263727004,-1.8812931461744515,5.850925304330574,0.5757003252833743,1.7074822241593597,492.8693992456678,14.045759306553643,12.905412915006313,12.905412915006313,9.915014900172531,8.38202737682574,8.38202737682574,5.863146013691476,5.863146013691476,4.1796036015628735,4.1796036015628735,2.959826413489066,2.959826413489066,-1.2999999999999998,48257.75723265437,15.09578448298075,8.78839395396037,4.666624720833475,123.7624887951983,0.0,0.0,0.0,0.0,0.0,0.0,0.0,0.0,94.334058039404,29.177543166478607,0.0,0.0,0.0,10.772448428929591,0.0,64.71113180602472,0.0,48.02802097092827,0.0,0.0,0.0,0.0,6.4208216229260096,0.0,63.853761674795706,42.46456947923127,10.772448428929591,0.0,0.0,0.0,0.0,0.0,0.0,74.12329452696068,0.0,0.0,49.38830667892189,0.0,0.0,0.0,2.821769826219197,1.5222990601837103,0.0,15.460831352185728,12.413173873488873,2.281925887922496,0.0,0.5,20,0,0,0,0,2,2,0,0,0,9,0,0,2,6.523000000000006,90.26200000000009,0,0,0,0,0,0,0,0,0,1,2,1,0,0,0,0,0,0,0,0,6
CCCCCCc1cccc2ccc(CCCC)cc12,522.0,2.430701766817838,1.2188581314068327,2.430701766817838,1.2188581314068327,0.492360717981099,268.444,240.21999999999997,268.219100896,108,-0.0149182512195623,-0.0653823817435742,0.0653823817435742,0.0149182512195623,0.75,1.6,2.4,14.073576599335588,9.962805340542026,2.0237343064365443,-2.087245492764196,2.228508248329539,-1.9052145323768117,5.85953754694303,0.6680394283316844,2.1497866089019806,524.5493904512042,14.208896013370174,13.12095586463014,13.12095586463014,9.846866552750669,8.35337115112852,8.35337115112852,5.886838186879841,5.886838186879841,4.155523436182678,4.155523436182678,2.881211464772998,2.881211464772998,-1.2999999999999998,43742.51910675781,15.09578448298075,8.091188185349703,4.0963518395048215,123.76248879519828,0.0,0.0,0.0,0.0,0.0,0.0,0.0,0.0,75.92896330185495,47.58263790402763,0.0,0.0,0.0,10.772448428929591,0.0,65.21404738278933,0.0,47.52510539416365,0.0,0.0,0.0,0.0,12.84164324585202,0.0,63.499307120331295,36.39820241076966,10.772448428929591,0.0,0.0,0.0,0.0,0.0,0.0,73.26592439573166,0.0,0.0,50.2456768101509,0.0,0.0,0.0,2.885038449021584,3.03917566872428,0.0,13.809954018644495,10.392687288571477,4.539811241704834,0.0,0.5,20,0,0,0,0,2,2,0,0,0,8,0,0,2,6.3052000000000055,90.40600000000006,0,0,0,0,0,0,0,0,0,2,2,1,0,0,0,0,0,0,0,0,2
CCCCCCC(CCC)c1ccc2ccccc2c1,521.0,2.4121832482993195,0.751353930461073,2.4121832482993195,0.751353930461073,0.4675180327359431,268.444,240.21999999999997,268.219100896,108,-0.0161836873642421,-0.0653823832118381,0.0653823832118381,0.0161836873642421,0.75,1.55,2.3,14.154121641381176,9.87947791909824,2.1042044033702045,-2.170597769466658,2.2934183011023297,-1.98775319109704,5.826263917045033,0.5214145013176638,2.089447059097444,512.1821666868362,14.208896013370174,13.068549621822845,13.068549621822845,9.846866552750669,8.334769418797844,8.334769418797844,5.941521881974906,5.941521881974906,4.288202491750772,4.288202491750772,3.1053793569513517,3.1053793569513517,-1.2999999999999998,44508.781505634615,15.09578448298075,8.091188185349703,4.0963518395048215,123.76248879519828,0.0,0.0,0.0,0.0,0.0,0.0,0.0,0.0,88.4161519932426,35.09544921264,0.0,0.0,0.0,10.772448428929591,0.0,64.71113180602471,0.0,48.02802097092827,0.0,0.0,0.0,0.0,0.0,0.0,70.2745832977217,42.46456947923127,10.772448428929591,0.0,0.0,0.0,0.0,0.0,5.917906046161393,55.71819978941167,5.563451491696996,0.0,56.31204387861251,0.0,0.0,0.0,2.74735435853762,1.5435633975812548,0.751353930461073,15.75388053775229,9.446954475265262,4.590226633735833,0.0,0.5,20,0,0,0,0,2,2,0,0,0,8,0,0,2,6.693900000000006,90.35600000000008,0,0,0,0,0,0,0,0,0,0,2,1,0,0,0,0,0,0,0,0,2
CCCCCCc1cc2ccccc2cc1CCCC,526.0,2.436778155706727,1.2405212270093222,2.436778155706727,1.2405212270093222,0.492360717981099,268.444,240.21999999999997,268.219100896,108,-0.0181099885828691,-0.0653823817435848,0.0653823817435848,0.0181099885828691,0.65,1.2,1.75,14.098986652518352,9.93646684562097,2.047537349518416,-2.1150965399065056,2.23166868110455,-1.957568786597137,5.836383645107829,0.6627207089559325,2.183433574029777,524.5493904512042,14.208896013370174,13.12095586463014,13.12095586463014,9.846866552750669,8.35337115112852,8.35337115112852,5.882282627935902,5.882282627935902,4.167270022004172,4.167270022004172,2.909505855106992,2.909505855106992,-1.2999999999999998,43516.30693490161,15.09578448298075,8.091188185349703,4.0963518395048215,123.76248879519828,0.0,0.0,0.0,0.0,0.0,0.0,0.0,0.0,75.92896330185494,47.58263790402762,0.0,0.0,0.0,10.772448428929591,0.0,65.21404738278933,0.0,47.52510539416365,0.0,0.0,0.0,0.0,12.84164324585202,0.0,63.499307120331295,36.39820241076966,10.772448428929591,0.0,0.0,0.0,0.0,0.0,0.0,62.13902141233768,11.126902983393991,0.0,50.24567681015091,0.0,0.0,0.0,2.80014004367179,3.176205120937264,0.0,13.647129837854946,10.48300167964084,4.560189984561828,0.0,0.5,20,0,0,0,0,2,2,0,0,0,8,0,0,2,6.3052000000000055,90.40600000000006,0,0,0,0,0,0,0,0,0,2,2,1,0,0,0,0,0,0,0,0,2
CCCCCCCCc1cc2cc(C)ccc2cc1C,568.0,2.4064579396573444,1.2379367441421012,2.4064579396573444,1.2379367441421012,0.5124536409381227,268.444,240.21999999999997,268.219100896,108,-0.0178465646363173,-0.0653823832227824,0.0653823832227824,0.0178465646363173,0.75,1.5,2.3,14.073044396191492,9.962984130652108,2.020808874167127,-2.0894056830831067,2.223568977131998,-1.9125519485799427,5.8429755141926165,0.6069360796353913,1.969220322770849,551.2120201816598,14.372032720186704,13.336498814253964,13.336498814253964,9.702708600407234,8.20339458187166,8.20339458187166,6.147064636289369,6.147064636289369,4.250208536914831,4.250208536914831,2.943235169455208,2.943235169455208,-1.2999999999999998,35786.963922186114,15.09578448298075,7.473774016260654,4.0963518395048215,123.76248879519828,0.0,0.0,0.0,0.0,0.0,0.0,0.0,0.0,74.92313214832572,48.58846905755685,0.0,0.0,0.0,10.772448428929591,0.0,65.71696295955394,0.0,47.02218981739904,0.0,0.0,0.0,0.0,6.4208216229260096,13.847474399381248,62.13902141233767,30.33183534230805,10.772448428929591,0.0,0.0,0.0,0.0,0.0,0.0,66.84510277280566,5.563451491696996,0.0,51.10304694137992,0.0,0.0,0.0,2.774424796216824,4.347566163336332,0.0,11.505746824235109,9.498411438309422,6.70718411123565,0.0,0.5,20,0,0,0,0,2,2,0,0,0,7,0,0,2,6.359640000000006,90.50200000000004,0,0,0,0,0,0,0,0,0,3,2,1,0,0,0,0,0,0,0,0,4
CCCCCCCCc1cccc2c(C)ccc(C)c12,625.0,2.3202542359536404,1.2299189814814817,2.3202542359536404,1.2299189814814817,0.5124536409381227,268.444,240.21999999999997,268.219100896,108,-0.0119958414836854,-0.0653823832227824,0.0653823832227824,0.0119958414836854,0.75,1.45,2.25,14.0997742319475,9.935819467500298,2.052518344778223,-2.1116732834899725,2.2652605485387243,-1.918151058277928,5.907846044502474,0.6079789449117659,2.049531464517749,551.2120201816598,14.372032720186704,13.336498814253964,13.336498814253964,9.73638210521845,8.215360710159072,8.215360710159072,6.056822655568138,6.056822655568138,4.352931287916583,4.352931287916583,3.1216500845095743,3.1216500845095743,-1.2999999999999998,38410.60394600261,15.09578448298075,7.473774016260654,3.624565682536607,123.76248879519824,0.0,0.0,0.0,0.0,0.0,0.0,0.0,0.0,69.35968065662873,54.15192054925384,0.0,0.0,0.0,10.772448428929591,0.0,65.71696295955394,0.0,47.02218981739904,0.0,0.0,0.0,0.0,6.4208216229260096,13.847474399381248,62.13902141233767,30.33183534230805,10.772448428929591,0.0,0.0,0.0,0.0,0.0,0.0,66.84510277280566,5.563451491696996,0.0,51.10304694137992,0.0,0.0,0.0,2.9393899783410973,4.362750282275445,0.0,11.318482688797893,9.472592295654614,6.740118088264282,0.0,0.5,20,0,0,0,0,2,2,0,0,0,7,0,0,2,6.359640000000006,90.50200000000008,0,0,0,0,0,0,0,0,0,3,2,1,0,0,0,0,0,0,0,0,4
C(C)C(CCCCCC)(C)C1=CC=CC2=CC=CC=C12,513.0,2.445157785336357,0.3140920256991685,2.445157785336357,0.3140920256991685,0.504166870792842,268.444,240.21999999999997,268.219100896,108,-0.0071724713151591,-0.0653823832064509,0.0653823832064509,0.0071724713151591,0.85,1.6,2.35,14.292395687189565,9.739752661647612,2.250531332219924,-2.302304594460669,2.369216691935188,-2.2080136678871094,5.861290433400434,0.3986353780204,2.2813150327705465,535.2345370363425,14.424438962994,13.284092571446669,13.284092571446669,9.709655306676575,8.192687548605559,8.192687548605559,6.251582740460315,6.251582740460315,4.802311789797983,4.802311789797983,3.195550657943873,3.195550657943873,-1.2999999999999998,39458.09954742999,15.09578448298075,6.924424525522871,3.2298276173214377,123.76248879519828,0.0,0.0,0.0,0.0,0.0,0.0,0.0,0.0,88.9190675700072,34.592533635875384,0.0,0.0,0.0,10.772448428929591,0.0,64.71113180602471,0.0,48.02802097092827,0.0,0.0,0.0,0.0,5.41499046939678,0.0,64.85959282832492,42.46456947923127,10.772448428929591,0.0,0.0,0.0,0.0,5.41499046939678,0.0,54.86082965818265,0.0,0.0,63.23578107830314,0.0,0.0,0.0,2.8130321449567486,1.8507572751322756,0.0,15.59873942150322,7.925928683393058,7.061542475014697,0.0,0.5,20,0,0,0,0,2,2,0,0,0,7,0,0,2,6.477900000000006,90.35000000000008,0,0,0,0,0,0,0,0,0,0,2,1,0,0,0,0,0,0,0,0,2
C(CCCC)C1=CC=C(C=C1)C1CCC(CC1)CCC,524.0,2.408822515117158,0.8405536396657426,2.408822515117158,0.8405536396657426,0.4973370140537427,272.47599999999994,240.21999999999997,272.250401024,112,-0.0161753511130523,-0.065382195447884,0.065382195447884,0.0161753511130523,0.85,1.55,2.15,14.262662207270408,9.769597965148495,2.2100856700059626,-2.2831084771532497,2.369797772659408,-2.127001222816391,5.254785292558844,0.3080703388203067,1.8120813419841828,354.12962966862267,14.208896013370174,13.535169427003234,13.535169427003234,9.83002980034506,8.919050744926416,8.919050744926416,6.705012906800923,6.705012906800923,5.063805701905975,5.063805701905975,3.728299055618225,3.728299055618225,-0.78,44629.47959076795,15.605864295910168,8.494239507559488,4.648031358534686,125.53476156752023,0.0,0.0,0.0,0.0,0.0,0.0,0.0,0.0,63.79622916493173,61.48764481327284,0.0,0.0,0.0,0.0,5.917906046161393,83.97359667480275,0.0,35.392371257240434,0.0,0.0,0.0,0.0,6.4208216229260096,5.917906046161393,88.67967803527073,24.26546827384644,0.0,0.0,0.0,0.0,0.0,0.0,11.835812092322788,69.77166772095711,5.563451491696996,0.0,38.112942673227685,0.0,0.0,0.0,0.0,3.125980508071508,1.858671291832748,9.57384511211892,13.842956815916494,4.598546272060327,0.0,0.7,20,0,0,1,1,1,1,0,0,0,7,1,1,2,6.493200000000006,89.27800000000008,0,0,0,0,0,0,0,0,0,1,1,0,0,0,0,0,0,0,0,0,1
C1(CCCCC1)C(CC1CCCCC1)C1CCCCC1,538.0,1.6203703703703705,1.108891723356009,1.6203703703703705,1.108891723356009,0.5334885712630526,276.508,240.21999999999997,276.281701152,116,-0.0354782426935563,-0.0532857073850033,0.0532857073850033,0.0354782426935563,0.5,0.9,1.35,14.382120439755248,9.654064008044616,2.3274532690243896,-2.4005761492110604,2.4425651472970853,-2.293518382450681,4.837913079022951,0.1077212169256303,1.6083797130755595,233.21187563522585,13.623109575743268,13.623109575743268,13.623109575743268,9.932652990377573,9.932652990377573,9.932652990377573,8.199772908380893,8.199772908380893,6.840901280841433,6.840901280841433,5.702180749762401,5.702180749762401,0.0,71858.11251239256,14.917355371900827,7.85204081632653,4.013888888888889,126.65565774077744,0.0,0.0,0.0,0.0,0.0,0.0,0.0,0.0,96.31232434389018,30.09244580757158,0.0,0.0,0.0,0.0,23.671624184645573,102.7331459668162,0.0,0.0,0.0,0.0,0.0,0.0,0.0,23.671624184645573,102.7331459668162,0.0,0.0,0.0,0.0,0.0,0.0,0.0,23.671624184645573,32.10410811463005,70.62903785218613,0.0,0.0,0.0,0.0,0.0,0.0,0.0,4.471163076341648,0.0,24.86217025699169,0.0,0.0,1.0,20,0,0,3,3,0,0,0,0,0,4,3,3,3,6.733600000000007,87.83200000000008,0,0,0,0,0,0,0,0,0,0,0,0,0,0,0,0,0,0,0,0,0
CCCCCCC1CCCc2ccc(CCCC)cc12,511.0,2.550238803854876,0.8585024565381706,2.550238803854876,0.8585024565381706,0.4789395279704047,272.47599999999994,240.21999999999997,272.250401024,112,-0.0159017122857973,-0.0653823832118381,0.0653823832118381,0.0159017122857973,1.0,1.85,2.65,14.244510728349669,9.788956404267774,2.1946035838712628,-2.261016935569414,2.356338087254704,-2.1026320805638883,5.362678376232739,0.4881583000057333,1.9921261049805536,391.0248257561692,14.208896013370174,13.58757566981053,13.58757566981053,9.846866552750669,8.964525930794768,8.964525930794768,6.575206714063395,6.575206714063395,4.873953301579081,4.873953301579081,3.6002829024717315,3.6002829024717315,-0.78,43742.51910675781,15.605864295910168,8.494239507559488,4.3639902809710245,125.53476156752028,0.0,0.0,0.0,0.0,0.0,0.0,0.0,0.0,64.15068371939613,61.13319025880844,0.0,0.0,0.0,0.0,0.0,90.39441829772876,0.0,34.88945568047582,0.0,0.0,0.0,0.0,12.84164324585202,0.0,94.24312952696772,18.19910120538483,0.0,0.0,0.0,0.0,0.0,0.0,5.917906046161393,70.62903785218613,16.690354475090988,0.0,32.04657560476608,0.0,0.0,0.0,0.0,4.934629367178971,0.8585024565381706,7.3622287572436385,15.089819437727437,4.588153314645121,0.0,0.7,20,0,0,1,1,1,1,0,0,0,8,0,0,2,6.419500000000006,89.49200000000008,0,0,0,0,0,0,0,0,0,2,1,1,0,0,0,0,0,0,0,0,2
C(CCCCCCCCC)C=1C=C2CCCCC2=CC1,592.0,2.4957753562474885,1.2938888888888889,2.4957753562474885,1.2938888888888889,0.4660967944487061,272.47599999999994,240.21999999999997,272.250401024,112,-0.0275925592069356,-0.0653823832227926,0.0653823832227926,0.0275925592069356,0.75,1.4,2.15,14.139821206703909,9.893361359108606,2.085294463315933,-2.1611532900774435,2.226891223257274,-2.0271449383460336,5.333623730720608,0.5750552682240142,1.5962612157857752,377.62474216645927,14.045759306553643,13.424438962993998,13.424438962993998,9.898178147766924,9.005800824678955,9.005800824678955,6.535043188752682,6.535043188752682,4.731911458379163,4.731911458379163,3.4052976427593924,3.4052976427593924,-0.78,47241.81294051254,15.605864295910168,9.210143339236192,5.306087698364176,125.53476156752028,0.0,0.0,0.0,0.0,0.0,0.0,0.0,0.0,70.06858976555753,55.21528421264705,0.0,0.0,0.0,0.0,0.0,90.39441829772878,0.0,34.88945568047582,0.0,0.0,0.0,0.0,19.26246486877803,0.0,87.82230790404172,18.19910120538483,0.0,0.0,0.0,0.0,0.0,0.0,0.0,83.47068109803816,16.690354475090988,0.0,25.12283840507545,0.0,0.0,0.0,0.0,4.84803032535061,0.0,7.273529772446169,18.088179558970825,2.290260343232397,0.0,0.7,20,0,0,1,1,1,1,0,0,0,9,0,0,2,6.248600000000007,89.39800000000007,0,0,0,0,0,0,0,0,0,3,1,1,0,0,0,0,0,0,0,0,6
CCCCCCc1cc2CCCCc2cc1CCCC,545.0,2.5748337112622828,1.298503086419753,2.5748337112622828,1.298503086419753,0.5067131674180136,272.47599999999994,240.21999999999997,272.250401024,112,-0.0275922217411005,-0.0653823817435848,0.0653823817435848,0.0275922217411005,0.7,1.25,1.8,14.180635575693096,9.854629180692015,2.126914142760111,-2.1991205122657465,2.267395396903336,-2.0645940703839525,5.3977232977378815,0.6550824386942483,2.083787826118193,402.74449179035855,14.208896013370174,13.639981912617824,13.639981912617824,9.846866552750669,8.983127663125442,8.983127663125442,6.510949109458356,6.510949109458356,4.763402213751927,4.763402213751927,3.4626800395099493,3.4626800395099493,-0.78,43516.30693490161,15.605864295910168,8.494239507559488,4.3639902809710245,125.53476156752026,0.0,0.0,0.0,0.0,0.0,0.0,0.0,0.0,51.6634950280085,73.62037895019607,0.0,0.0,0.0,0.0,0.0,90.89733387449338,0.0,34.386540103711205,0.0,0.0,0.0,0.0,25.68328649170404,0.0,87.46785334957731,12.13273413692322,0.0,0.0,0.0,0.0,0.0,0.0,0.0,77.04985947511214,22.253805966787983,0.0,25.980208536304467,0.0,0.0,0.0,0.0,6.681345164609054,0.0,5.143591033635676,16.239645619815626,4.602084848606314,0.0,0.7,20,0,0,1,1,1,1,0,0,0,8,0,0,2,6.030800000000006,89.54200000000007,0,0,0,0,0,0,0,0,0,4,1,1,0,0,0,0,0,0,0,0,2
C(CCCC)C=1C=C2CCCCC2=CC1CCCCC,550.0,2.5748337112622828,1.308113425925926,2.5748337112622828,1.308113425925926,0.5067131674180136,272.47599999999994,240.21999999999997,272.250401024,112,-0.0275922217411005,-0.0653821954427149,0.0653821954427149,0.0275922217411005,0.7,1.15,1.55,14.181168646840606,9.854176266700438,2.1274494016821666,-2.1995728766185145,2.2679472751589325,-2.0649991590586367,5.397769693620459,0.6681781291756597,2.110642792985042,363.7444917903586,14.208896013370174,13.639981912617824,13.639981912617824,9.846866552750669,8.983127663125442,8.983127663125442,6.510949109458355,6.510949109458355,4.763402213751927,4.763402213751927,3.484126648916676,3.484126648916676,-0.78,43165.702719525616,15.605864295910168,8.494239507559488,4.3639902809710245,125.53476156752026,0.0,0.0,0.0,0.0,0.0,0.0,0.0,0.0,51.6634950280085,73.62037895019607,0.0,0.0,0.0,0.0,0.0,90.89733387449338,0.0,34.386540103711205,0.0,0.0,0.0,0.0,25.68328649170404,0.0,87.46785334957731,12.13273413692322,0.0,0.0,0.0,0.0,0.0,0.0,0.0,77.04985947511214,22.253805966787983,0.0,25.980208536304467,0.0,0.0,0.0,0.0,6.689246399176955,0.0,5.1496674225245656,16.226525370172553,4.60122747479259,0.0,0.7,20,0,0,1,1,1,1,0,0,0,8,0,0,2,6.030800000000006,89.54200000000007,0,0,0,0,0,0,0,0,0,4,1,1,0,0,0,0,0,0,0,0,2
CCCCCCCCC1CCCc2c(C)ccc(C)c12,606.0,2.34100683772897,0.8516899460401441,2.34100683772897,0.8516899460401441,0.4986277170924852,272.476,240.21999999999997,272.250401024,112,-0.0156394262050547,-0.0653823832227926,0.0653823832227926,0.0156394262050547,0.95,1.65,2.45,14.270180827286223,9.7632571226947,2.221277252188681,-2.2857055137514752,2.381784887696176,-2.1282817857468914,5.433629426736897,0.4810526463878908,1.902030434526108,416.2916414150852,14.372032720186704,13.803118619434356,13.803118619434356,9.73638210521845,8.82651548982532,8.82651548982532,6.737181300113804,6.737181300113804,5.103049864963382,5.103049864963382,3.920325924244406,3.920325924244406,-0.78,38410.60394600261,15.605864295910168,7.858674339814315,3.8687871478974873,125.53476156752026,0.0,0.0,0.0,0.0,0.0,0.0,0.0,0.0,57.581401074169904,67.70247290403465,0.0,0.0,0.0,0.0,0.0,90.89733387449336,0.0,34.386540103711205,0.0,0.0,0.0,0.0,6.4208216229260096,13.847474399381248,92.8828438189741,12.13273413692322,0.0,0.0,0.0,0.0,0.0,0.0,5.917906046161393,69.77166772095711,16.690354475090988,0.0,32.903945735995094,0.0,0.0,0.0,0.0,6.482935144928291,0.8516899460401441,4.6617358976801615,14.093606798678044,6.910032212673356,0.0,0.7,20,0,0,1,1,1,1,0,0,0,7,0,0,2,6.473940000000007,89.58800000000006,0,0,0,0,0,0,0,0,0,2,1,1,0,0,0,0,0,0,0,0,4
CC1(CCC2=CC(=C(C=C12)C(C)C)C(CCCC)C)C,537.0,2.555300925925926,0.3791269447593853,2.555300925925926,0.3791269447593853,0.5874266142650463,272.47599999999994,240.21999999999997,272.250401024,112,-0.0097557582971676,-0.065382021617162,0.065382021617162,0.0097557582971676,1.1,1.8,2.4,14.354874643219487,9.802909318021488,2.309881198799971,-2.244409188329896,2.4218966687485413,-2.1315131806109595,5.469516685555616,0.5212380136023926,2.419727611845069,465.17180891040334,14.91384908344359,14.344934982691242,14.344934982691242,9.364209190060024,8.536563467974714,8.536563467974714,7.7201323898796925,7.7201323898796925,5.200937792685675,5.200937792685675,3.691603417472984,3.691603417472984,-0.78,28500.18807153255,15.605864295910168,5.915967055622544,2.9452330698493125,125.53476156752023,0.0,0.0,0.0,0.0,0.0,0.0,0.0,0.0,66.51680058091898,58.76707339728557,0.0,0.0,0.0,0.0,0.0,90.89733387449336,0.0,34.386540103711205,0.0,0.0,0.0,0.0,11.83581209232279,0.0,101.31532774895854,12.13273413692322,0.0,0.0,0.0,0.0,0.0,17.250802561719567,0.0,32.10410811463005,22.253805966787983,0.0,53.67515733506696,0.0,0.0,0.0,0.0,6.849143662866382,1.3445729402872255,5.101708711262283,6.569317641408416,14.218590377509027,0.0,0.7,20,0,0,1,1,1,1,0,0,0,5,0,0,2,6.327500000000006,89.81800000000007,0,0,0,0,0,0,0,0,0,1,1,1,0,0,0,0,0,0,0,0,0
CCCCCCCCCCCCCCc1ccccc1,572.0,2.2894794009817527,1.262171201814059,2.2894794009817527,1.262171201814059,0.342014524667011,274.492,240.21999999999997,274.266051088,114,-0.0278872279393073,-0.0653823832227926,0.0653823832227926,0.0278872279393073,0.55,1.0,1.5,14.00506151121096,10.031730907163054,1.943207641441904,-2.030289084987553,2.1264198174305964,-1.858082187190055,5.139002556965994,0.5437726723154643,1.766595233519057,288.16643696177533,14.305272330547488,13.579139501373252,13.579139501373252,9.931851652578136,8.971343774302781,8.971343774302781,6.124685856179499,6.124685856179499,4.161829882562213,4.161829882562213,2.814791640744021,2.814791640744021,-0.78,37936.81265963511,17.272029136316334,13.214549568984491,10.061068079923889,126.54059272104952,0.0,0.0,0.0,0.0,0.0,0.0,0.0,0.0,107.88461039418485,18.40509473754901,0.0,0.0,0.0,0.0,0.0,90.39441829772878,0.0,35.89528683400505,0.0,0.0,0.0,0.0,6.4208216229260096,0.0,89.53704816649976,30.33183534230805,0.0,0.0,0.0,0.0,0.0,0.0,0.0,89.03413258973515,0.0,0.0,37.255572541998674,0.0,0.0,0.0,0.0,1.4996104176112015,0.0,10.897347594826105,18.48022925324761,2.2894794009817527,0.0,0.7,20,0,0,0,0,1,1,0,0,0,13,0,0,1,6.930200000000007,91.22400000000007,0,0,0,0,0,0,0,0,0,1,1,0,0,0,0,0,0,0,0,0,10
CCCCCCCc1ccccc1CCCCCCC,585.0,2.3484097064751825,1.2865551776266062,2.3484097064751825,1.2865551776266062,0.3713776660731108,274.492,240.21999999999997,274.266051088,114,-0.0276139888078029,-0.0653823832171863,0.0653823832171863,0.0276139888078029,0.55,0.95,1.35,14.07117664656442,9.963925491994337,2.014884153036183,-2.0923930578498484,2.1654685523284294,-1.9500828431408883,5.268425631015797,0.620544206971141,2.2712090976428536,293.5651246505103,14.468409037364015,13.794682450997078,13.794682450997078,9.88054005756188,8.948670612749268,8.948670612749268,6.097137453191224,6.097137453191224,4.217722912843068,4.217722912843068,2.8832836455025244,2.8832836455025244,-0.78,34797.57370826001,17.272029136316334,11.998415788636793,7.723009503443864,126.5405927210495,0.0,0.0,0.0,0.0,0.0,0.0,0.0,0.0,89.47951565663577,36.81018947509803,0.0,0.0,0.0,0.0,0.0,90.89733387449338,0.0,35.392371257240434,0.0,0.0,0.0,0.0,12.84164324585202,0.0,89.18259361203535,24.26546827384644,0.0,0.0,0.0,0.0,0.0,0.0,0.0,77.04985947511214,11.126902983393991,0.0,38.112942673227685,0.0,0.0,0.0,0.0,3.221277767279752,0.0,9.117373393801966,16.42356544847741,4.571116723774205,0.0,0.7,20,0,0,0,0,1,1,0,0,0,12,0,0,1,6.712400000000006,91.36800000000008,0,0,0,0,0,0,0,0,0,2,1,0,0,0,0,0,0,0,0,0,6
C(CCCCCC)C1=CC=C(C=C1)CCCCCCC,585.0,2.3484097064751825,1.2643792517006802,2.3484097064751825,1.2643792517006802,0.3713776660731108,274.492,240.21999999999997,274.266051088,114,-0.0278868927426367,-0.0653823832171863,0.0653823832171863,0.0278868927426367,0.5,0.85,1.2,14.025072821509982,10.011778503077302,1.9659562785158464,-2.0473960721769484,2.1272341975404387,-1.8939050407538436,5.222173790102126,0.629705961327944,2.125997241157984,276.3151246505103,14.468409037364015,13.794682450997076,13.794682450997076,9.863703305156273,8.94268754860556,8.94268754860556,6.144923705673915,6.144923705673915,4.160981807886896,4.160981807886896,2.737951866220246,2.737951866220246,-0.78,34406.82406658854,17.272029136316334,11.998415788636793,8.402536662015057,126.5405927210495,0.0,0.0,0.0,0.0,0.0,0.0,0.0,0.0,89.47951565663577,36.81018947509803,0.0,0.0,0.0,0.0,0.0,90.89733387449338,0.0,35.392371257240434,0.0,0.0,0.0,0.0,12.84164324585202,0.0,89.18259361203535,24.26546827384644,0.0,0.0,0.0,0.0,0.0,0.0,0.0,88.17676245850613,0.0,0.0,38.112942673227685,0.0,0.0,0.0,0.0,3.0485767673817823,0.0,9.39363882590073,16.333619832275694,4.557497907775126,0.0,0.7,20,0,0,0,0,1,1,0,0,0,12,0,0,1,6.712400000000006,91.36800000000008,0,0,0,0,0,0,0,0,0,2,1,0,0,0,0,0,0,0,0,0,6
C1(=CC=CC=C1)C(CCCCCC)CCCCCCC,565.0,2.3298911879566644,0.8006320861678001,2.3298911879566644,0.8006320861678001,0.3564506225023732,274.492,240.21999999999997,274.266051088,114,-0.0161959641129092,-0.0653823832227725,0.0653823832227725,0.0161959641129092,0.65,1.15,1.7,14.152625284624122,9.88043168327113,2.100791623803018,-2.1715158036699043,2.279420692150617,-1.993158387141286,5.187854320369675,0.493127266069931,2.347213005723024,301.07416595244564,14.468409037364015,13.74227620818978,13.74227620818978,9.880540057561882,8.930068880418593,8.930068880418593,6.1598310309241775,6.1598310309241775,4.333255508911966,4.333255508911966,3.014679846716964,3.014679846716964,-0.78,35935.83700129449,17.272029136316334,11.998415788636793,7.723009503443864,126.5405927210495,0.0,0.0,0.0,0.0,0.0,0.0,0.0,0.0,101.9667043480234,24.32300078371041,0.0,0.0,0.0,0.0,0.0,90.39441829772876,0.0,35.89528683400505,0.0,0.0,0.0,0.0,0.0,0.0,95.95786978942576,30.33183534230805,0.0,0.0,0.0,0.0,0.0,0.0,5.917906046161393,70.62903785218613,5.563451491696996,0.0,44.179309741689295,0.0,0.0,0.0,0.0,1.5689722169732092,0.8006320861678001,11.197291874891985,15.346880936901126,4.586222885065882,0.0,0.7,20,0,0,0,0,1,1,0,0,0,12,0,0,1,7.101100000000006,91.31800000000008,0,0,0,0,0,0,0,0,0,0,1,0,0,0,0,0,0,0,0,0,5
C1(=CC=CC=C1)C(CCC)CCCCCCCCCC,566.0,2.310590171062303,0.7928624029322979,2.310590171062303,0.7928624029322979,0.3564506225023732,274.492,240.21999999999997,274.266051088,114,-0.0162060310816594,-0.0653823832227926,0.0653823832227926,0.0162060310816594,0.65,1.25,1.85,14.141548643310752,9.890876473678242,2.089821623563109,-2.1609540308076127,2.268185534906818,-1.9829089988905764,5.187367508550629,0.507369011980235,2.1380934494799324,301.07416595244564,14.468409037364015,13.74227620818978,13.74227620818978,9.880540057561882,8.930068880418593,8.930068880418593,6.159831030924178,6.159831030924178,4.314253107681574,4.314253107681574,3.075957742628797,3.075957742628797,-0.78,35768.929854065515,17.272029136316334,11.998415788636793,7.723009503443864,126.5405927210495,0.0,0.0,0.0,0.0,0.0,0.0,0.0,0.0,101.9667043480234,24.32300078371041,0.0,0.0,0.0,0.0,0.0,90.39441829772876,0.0,35.89528683400505,0.0,0.0,0.0,0.0,0.0,0.0,95.95786978942576,30.33183534230805,0.0,0.0,0.0,0.0,0.0,0.0,5.917906046161393,70.62903785218613,5.563451491696996,0.0,44.179309741689295,0.0,0.0,0.0,0.0,1.5530516619590395,0.7928624029322979,11.121433548849154,15.434316362792158,4.598336023467351,0.0,0.7,20,0,0,0,0,1,1,0,0,0,12,0,0,1,7.101100000000006,91.31800000000008,0,0,0,0,0,0,0,0,0,0,1,0,0,0,0,0,0,0,0,0,6
C(C)C1=CC=C(C=C1)C(CCCCCCCCCC)C,548.0,2.377183141583845,0.7231458496443162,2.377183141583845,0.7231458496443162,0.3855875160941564,274.4919999999999,240.21999999999997,274.266051088,114,-0.0190383403800336,-0.0653823832227926,0.0653823832227926,0.0190383403800336,0.75,1.3,1.85,14.09916837819256,9.93453222415362,2.044900149418903,-2.1198057928720955,2.224638123186351,-1.9410713666536208,5.243910970911478,0.5432720030549296,2.0835211790714734,322.396476403863,14.631545744180547,13.957819157813608,13.957819157813608,9.774386907679236,8.86340785226059,8.86340785226059,6.259731453428808,6.259731453428808,4.447693318161946,4.447693318161946,2.8329464178121824,2.8329464178121824,-0.78,32348.16893451856,17.272029136316334,10.942752023177114,7.122700486315192,126.54059272104948,0.0,0.0,0.0,0.0,0.0,0.0,0.0,0.0,96.4032528563264,29.886452275407404,0.0,0.0,0.0,0.0,0.0,90.89733387449336,0.0,35.392371257240434,0.0,0.0,0.0,0.0,6.4208216229260096,0.0,95.60341523496136,24.26546827384644,0.0,0.0,0.0,0.0,0.0,0.0,12.338727669087405,68.9142975897281,0.0,0.0,45.03667987291831,0.0,0.0,0.0,0.0,2.9705324499406114,0.7231458496443162,9.23772228845697,13.850763529169518,6.884502549455252,0.0,0.7,20,0,0,0,0,1,1,0,0,0,11,0,0,1,6.883300000000006,91.46200000000007,0,0,0,0,0,0,0,0,0,1,1,0,0,0,0,0,0,0,0,0,6
CCCCCCCCC1CCC(CC1)C2CCCCC2,544.0,2.310279954627855,1.098162687914672,2.310279954627855,1.098162687914672,0.4143973492634764,278.524,240.21999999999997,278.297351216,118,-0.0385643186414448,-0.0653823832227926,0.0653823832227926,0.0385643186414448,0.6,1.2,1.9,14.332152184041528,9.70125944604669,2.275525344016505,-2.3553473079036404,2.405200613275521,-2.231372897353728,4.794343497455974,0.1619673974304693,1.5036037785751648,218.1928094887362,14.045759306553643,14.045759306553643,14.045759306553643,9.898178147766922,9.898178147766922,9.898178147766922,7.73533778146601,7.73533778146601,6.173833945275051,6.173833945275051,4.767225761649425,4.767225761649425,0.0,49947.61840169303,16.3718820861678,9.8496,5.78,127.66148889430669,0.0,0.0,0.0,0.0,0.0,0.0,0.0,0.0,96.8152399206548,30.5953613843362,0.0,0.0,0.0,0.0,17.75371813848418,109.65688316650682,0.0,0.0,0.0,0.0,0.0,0.0,0.0,17.75371813848418,109.65688316650682,0.0,0.0,0.0,0.0,0.0,0.0,0.0,17.75371813848418,57.7873946063341,44.94575136048208,0.0,6.923737199690624,0.0,0.0,0.0,0.0,0.0,3.3433923685988285,0.0,24.346327676773317,2.310279954627855,0.0,1.0,20,0,0,2,2,0,0,0,0,0,8,2,2,2,7.123700000000008,90.01600000000008,0,0,0,0,0,0,0,0,0,0,0,0,0,0,0,0,0,0,0,0,4
C1(CCCCC1)CCCCCCCCC1CCCCC1,548.0,1.543724279835391,1.1065291787232,1.543724279835391,1.1065291787232,0.3889931391163814,278.524,240.21999999999997,278.297351216,118,-0.0414285788501592,-0.0533057976803758,0.0533057976803758,0.0414285788501592,0.4,0.75,1.15,14.19015054882722,9.848223640822836,2.129898831113524,-2.212013301344628,2.290271357983676,-2.056286504826901,4.665634509719107,0.3224966799987838,1.3255269957610156,184.07820003461552,13.882622599737113,13.882622599737113,13.882622599737113,9.94948974278318,9.949489742783175,9.949489742783175,7.70674230225704,7.70674230225704,5.924234614174767,5.924234614174767,4.524761786917575,4.524761786917575,0.0,53271.71460735384,16.3718820861678,10.6875,7.135802469135802,127.66148889430669,0.0,0.0,0.0,0.0,0.0,0.0,0.0,0.0,115.57478921266822,11.835812092322788,0.0,0.0,0.0,0.0,11.835812092322788,115.57478921266822,0.0,0.0,0.0,0.0,0.0,0.0,0.0,11.835812092322788,115.57478921266822,0.0,0.0,0.0,0.0,0.0,0.0,0.0,11.835812092322788,77.04985947511214,38.524929737556064,0.0,0.0,0.0,0.0,0.0,0.0,0.0,2.2130583574464,0.0,27.45360830922027,0.0,0.0,1.0,20,0,0,2,2,0,0,0,0,0,9,2,2,2,7.267800000000007,90.08600000000008,0,0,0,0,0,0,0,0,0,0,0,0,0,0,0,0,0,0,0,0,5
CC(CC1=CC=CC=C1)(CCCCCCC)CC(C)C,568.0,2.499822137188209,0.4739430980725624,2.499822137188209,0.4739430980725624,0.4193254341026822,274.4919999999999,240.21999999999997,274.266051088,114,-0.022450689464479,-0.0653823832227731,0.0653823832227731,0.022450689464479,0.95,1.6,2.2,14.298377685412444,9.733460689582424,2.247837611960981,-2.317137337860748,2.353968685730864,-2.218352660573132,5.159379554889015,0.2252001572797947,2.518944362784583,338.3157599313976,14.847088693804372,14.12095586463014,14.12095586463014,9.555460653201074,8.594952774925718,8.594952774925718,7.235219984452327,7.235219984452327,4.2586565493798485,4.2586565493798485,3.492208830656581,3.492208830656581,-0.78,22882.08794236472,17.272029136316334,9.210143339236192,7.122700486315192,126.54059272104948,0.0,0.0,0.0,0.0,0.0,0.0,0.0,0.0,90.1308922557006,36.1588128760332,0.0,0.0,0.0,0.0,11.332896515558172,79.06152178217057,0.0,35.89528683400505,0.0,0.0,0.0,0.0,6.4208216229260096,11.332896515558172,78.20415165094155,30.33183534230805,0.0,0.0,0.0,0.0,0.0,5.41499046939678,5.917906046161393,56.930024475105085,0.0,0.0,58.026784141070536,0.0,0.0,0.0,0.0,1.9778395717855048,0.7910685678592424,11.03978654367318,10.928650641386032,9.512654675296046,0.0,0.7,20,0,0,0,0,1,1,0,0,0,10,0,0,1,6.642000000000007,91.08400000000007,0,0,0,0,0,0,0,0,0,0,1,0,0,0,0,0,0,0,0,0,3
C(CCC)C1=C(C=C(C=C1)C(CCC)C)C(CCC)C,541.0,2.519490740740741,0.7016682151255562,2.519490740740741,0.7016682151255562,0.4623496497885994,274.492,240.21999999999997,274.266051088,114,-0.0187655998681706,-0.0653710703686636,0.0653710703686636,0.0187655998681706,0.85,1.5,2.1,14.180843386906538,9.854919400971724,2.129048701207784,-2.1969985875527582,2.2995206137045003,-2.02920679485182,5.358232606750654,0.639817961172482,3.001085722704864,377.6247421664591,14.957819157813608,14.336498814253964,14.336498814253964,9.633758915185936,8.761454994362106,8.761454994362106,6.441249910082309,6.441249910082309,4.512923838809629,4.512923838809629,3.1617771068958342,3.1617771068958342,-0.78,26203.56432670395,17.272029136316334,9.210143339236192,4.960733846344542,126.54059272104946,0.0,0.0,0.0,0.0,0.0,0.0,0.0,0.0,72.08025207261596,54.209453059117806,0.0,0.0,0.0,0.0,0.0,91.40024945125796,0.0,34.88945568047582,0.0,0.0,0.0,0.0,6.4208216229260096,0.0,101.66978230342296,18.19910120538483,0.0,0.0,0.0,0.0,0.0,11.835812092322788,0.0,44.94575136048208,16.690354475090988,0.0,52.81778720383794,0.0,0.0,0.0,0.0,4.7694935752078615,1.4105873383303935,7.31724111866969,9.02379666719764,11.64554796726108,0.0,0.7,20,0,0,0,0,1,1,0,0,0,9,0,0,1,6.836400000000007,91.70000000000007,0,0,0,0,0,0,0,0,0,1,1,0,0,0,0,0,0,0,0,0,0
C(CCCCCCCCC)C1CC2CCCCC2CC1,564.0,2.3065912553550176,1.10596425478415,2.3065912553550176,1.10596425478415,0.3936429899243128,278.52400000000006,240.21999999999997,278.297351216,118,-0.0383210188132689,-0.0653823832227926,0.0653823832227926,0.0383210188132689,0.65,1.3,2.05,14.366275262692971,9.665523860302184,2.3103529933614984,-2.3903867302606265,2.434276127711436,-2.271623616129985,4.826057539883987,0.1239765241232582,1.4569488300341302,232.19280948873617,14.045759306553643,14.04575930655364,14.04575930655364,9.898178147766924,9.898178147766922,9.898178147766922,7.747243163265172,7.747243163265172,6.114210939733877,6.114210939733877,4.799664889648657,4.799664889648657,0.0,47241.81294051254,16.3718820861678,9.8496,5.78,127.66148889430669,0.0,0.0,0.0,0.0,0.0,0.0,0.0,0.0,96.8152399206548,30.5953613843362,0.0,0.0,0.0,0.0,17.75371813848418,109.65688316650682,0.0,0.0,0.0,0.0,0.0,0.0,0.0,17.75371813848418,109.65688316650682,0.0,0.0,0.0,0.0,0.0,0.0,0.0,17.75371813848418,64.20821622926012,38.524929737556064,0.0,6.923737199690624,0.0,0.0,0.0,0.0,0.0,3.3792137890376104,0.0,24.31419495560737,2.3065912553550176,0.0,1.0,20,0,0,2,2,0,0,0,0,0,9,2,2,2,7.123700000000008,90.01600000000008,0,0,0,0,0,0,0,0,0,0,0,1,0,0,0,0,0,0,0,0,6
CCCCCCCCC1CCCC2C(C)CCC(C)C12,563.0,2.5586457266178586,1.0153624029322983,2.5586457266178586,1.0153624029322983,0.4473433208201923,278.52399999999994,240.21999999999997,278.297351216,118,-0.0329084697015428,-0.0653823832227926,0.0653823832227926,0.0329084697015428,0.75,1.45,2.25,14.461280631114253,9.571483487064732,2.4086543604160817,-2.4811525195162445,2.499595562278765,-2.3962057648026773,4.906508038528435,0.0151619189611491,1.748882785195757,256.7639251168273,14.372032720186704,14.372032720186704,14.372032720186704,9.73638210521845,9.73638210521845,9.73638210521845,8.020548320015509,8.020548320015509,6.544877342474845,6.544877342474845,5.356657708759235,5.356657708759235,0.0,38410.60394600261,16.3718820861678,8.444444444444445,4.246530612244898,127.66148889430664,0.0,0.0,0.0,0.0,0.0,0.0,0.0,0.0,91.400249451258,36.01035185373297,0.0,0.0,0.0,0.0,29.589530230806965,97.821071074184,0.0,0.0,0.0,0.0,0.0,0.0,0.0,29.589530230806965,97.821071074184,0.0,0.0,0.0,0.0,0.0,0.0,0.0,29.589530230806965,57.7873946063341,19.26246486877803,0.0,20.771211599071872,0.0,0.0,0.0,0.0,0.0,5.2810684680846105,0.0,17.97529220859821,7.410305989983846,0.0,1.0,20,0,0,2,2,0,0,0,0,0,7,2,2,2,6.835500000000008,89.87600000000008,0,0,0,0,0,0,0,0,0,0,0,1,0,0,0,0,0,0,0,0,4
CCCCCCC1CC2CCCCC2CC1CCCC,559.0,2.3635856516619502,1.093450491307634,2.3635856516619502,1.093450491307634,0.4200559185986743,278.52399999999994,240.21999999999997,278.297351216,118,-0.0383006453141998,-0.0653823832174866,0.0653823832174866,0.0383006453141998,0.65,1.2,1.75,14.420234118011653,9.613184102147407,2.365902165837827,-2.4411278307226683,2.47685461783542,-2.33528323968211,4.874487085444318,0.0661070711332337,1.8283844188420184,244.42286534333687,14.208896013370174,14.208896013370174,14.208896013370174,9.846866552750669,9.846866552750669,9.846866552750669,7.787744024273304,7.787744024273304,6.301097663660484,6.301097663660484,5.074419533812985,5.074419533812985,0.0,43516.30693490161,16.3718820861678,9.106508875739644,4.776859504132231,127.66148889430666,0.0,0.0,0.0,0.0,0.0,0.0,0.0,0.0,90.89733387449338,36.51326743049759,0.0,0.0,0.0,0.0,23.671624184645573,103.7389771203454,0.0,0.0,0.0,0.0,0.0,0.0,0.0,23.671624184645573,103.7389771203454,0.0,0.0,0.0,0.0,0.0,0.0,0.0,23.671624184645573,57.7873946063341,32.10410811463005,0.0,13.847474399381248,0.0,0.0,0.0,0.0,0.0,4.434242829847987,0.0,21.204864083744404,4.694226419740939,0.0,1.0,20,0,0,2,2,0,0,0,0,0,8,2,2,2,6.979600000000008,89.94600000000008,0,0,0,0,0,0,0,0,0,0,0,1,0,0,0,0,0,0,0,0,2
C1(CCCCC1)C(CC)(C(CC)(C)C1CCCCC1)C,624.0,2.6677503779289493,0.573587962962963,2.6677503779289493,0.573587962962963,0.5086121500579638,278.524,240.21999999999997,278.297351216,118,-0.0243718735076249,-0.0648322274264516,0.0648322274264516,0.0243718735076249,0.6,0.9,1.15,14.55050823343386,9.483789687377822,2.503125827097751,-2.563619786229791,2.591686407666842,-2.480436196170813,4.997227112601949,-0.0709466690860148,2.2314129453442346,252.4134357365111,14.639981912617824,14.639981912617824,14.639981912617824,9.58166377460472,9.58166377460472,9.58166377460472,8.211908379270918,8.211908379270918,7.78603303762333,7.78603303762333,5.797104538748527,5.797104538748527,0.0,38311.806089284575,16.3718820861678,6.84,2.813412655489454,127.66148889430664,0.0,0.0,0.0,0.0,0.0,0.0,0.0,0.0,66.21987853631856,61.1907227686724,0.0,0.0,0.0,0.0,22.665793031116344,104.74480827387464,0.0,0.0,0.0,0.0,0.0,0.0,0.0,22.665793031116344,104.74480827387464,0.0,0.0,0.0,0.0,0.0,0.0,10.82998093879356,11.835812092322788,77.04985947511214,0.0,0.0,27.694948798762496,0.0,0.0,0.0,0.0,1.147175925925926,1.9872713529856385,0.0,17.74167469765684,10.290544690098262,0.0,1.0,20,0,0,2,2,0,0,0,0,0,5,2,2,2,6.979600000000008,89.94600000000008,0,0,0,0,0,0,0,0,0,0,0,0,0,0,0,0,0,0,0,0,0
C(C1=CC(C(=O)OCCCCCC)=CC=C1)(=O)OCCCCCC,633.0,12.010125850695909,-0.3850979034226689,12.010125850695909,0.3850979034226685,0.3911537223261821,334.4560000000002,304.21600000000007,334.21440944,134,0.3376437860540016,-0.4620968318170749,0.4620968318170749,0.3376437860540016,0.75,1.2083333333333333,1.625,16.536658870890438,10.119269548910884,2.119973468135964,-2.071665362612084,2.099302410051316,-2.100101064476217,5.947781304439399,0.0496101503842242,2.410213450469437,454.9171451721296,17.623109575743268,15.013462050479434,15.013462050479434,11.685070510202191,9.129427617536363,9.129427617536363,5.973963318632423,5.973963318632423,3.7960703593899785,3.7960703593899785,2.327215040287899,2.327215040287899,-1.84,209443.2471575752,20.20512635379061,12.566699772746402,8.13614842854027,145.09072738015084,9.473725907600098,0.0,0.0,0.0,11.9386105759037,0.0,9.589074368143644,0.0,58.43877120539892,31.040744451236847,0.0,24.340666912419827,19.06280027574374,11.9386105759037,0.0,65.21404738278933,13.213763929025836,35.392371257240434,0.0,0.0,0.0,25.152374504929536,9.473725907600098,0.0,85.93002473432696,24.26546827384644,0.0,52.60000000000001,0.0,9.589074368143644,11.9386105759037,24.340666912419827,51.36657298340809,0.0,24.26546827384644,0.0,13.847474399381248,9.473725907600098,10.487540874999253,24.02025170139181,0.0,0.7887490924846627,-0.7701958068453374,6.544557609698302,8.474066019776009,5.1216971751619695,0.0,0.6,24,0,4,0,0,1,1,4,0,4,12,0,0,1,5.160800000000005,95.29100000000008,0,0,0,0,0,0,2,2,0,0,1,0,2,2,0,0,0,0,0,0,6
C1(=CC=C(C=C1)C(=O)OCCCCCC)C(=O)OCCCCCC,636.0,11.892537378423368,-0.3416838576597218,11.892537378423368,0.3416838576597218,0.3911537223261821,334.45600000000013,304.21600000000007,334.21440944,134,0.337618013385645,-0.4620971093159013,0.4620971093159013,0.337618013385645,0.6666666666666666,1.0416666666666667,1.375,16.53628514824256,10.128940292091446,2.103449504763886,-2.0650619267894164,2.090915804311729,-2.088163988695816,5.92826157770041,0.0483012451090037,2.329169876144653,433.91714517212966,17.623109575743268,15.013462050479434,15.013462050479434,11.685070510202191,9.129427617536368,9.129427617536368,5.970508994938474,5.970508994938474,3.8183994587592394,3.8183994587592394,2.2964705702221395,2.2964705702221395,-1.84,210632.7991147935,20.20512635379061,12.566699772746402,8.13614842854027,145.0907273801508,9.473725907600098,0.0,0.0,0.0,11.9386105759037,0.0,9.589074368143644,0.0,52.372404136937305,37.107111519698464,0.0,24.340666912419827,19.06280027574374,11.9386105759037,0.0,65.21404738278933,13.213763929025836,35.392371257240434,0.0,0.0,0.0,25.152374504929536,9.473725907600098,0.0,85.93002473432696,24.26546827384644,0.0,52.60000000000001,0.0,9.589074368143644,11.9386105759037,24.340666912419827,51.36657298340809,0.0,24.26546827384644,0.0,13.847474399381248,9.473725907600098,10.444576232041475,23.785074756846736,0.0,0.9259024441834685,-0.6833677153194437,6.4525894431846815,8.566965888068367,5.174925617661384,0.0,0.6,24,0,4,0,0,1,1,4,0,4,12,0,0,1,5.160800000000005,95.29100000000008,0,0,0,0,0,0,2,2,0,0,1,0,2,2,0,0,0,0,0,0,6
C(C=1C(C(=O)OCC(CCCC)CC)=CC=CC1)(=O)OCCCC,558.0,12.364100056689342,-0.463866194498409,12.364100056689342,0.2779719650205763,0.4211661139704081,334.45600000000013,304.21600000000007,334.21440944,134,0.3385161286289158,-0.4620783967394027,0.4620783967394027,0.3385161286289158,0.9166666666666666,1.5,2.0416666666666665,16.53946879294753,10.003407800804336,2.194772335862099,-2.151533934621362,2.161236504652384,-2.174183255477347,6.026221902861567,0.0404663844990179,2.6772856776335683,510.1152419686337,17.786246282559798,15.176598757295965,15.176598757295965,11.633758915185938,9.067262334258208,9.067262334258208,6.050020295636314,6.050020295636314,4.091345257641861,4.091345257641861,2.395468092569911,2.395468092569911,-1.8399999999999996,199073.9033503795,20.20512635379061,11.658352641088316,6.730580043972927,145.09072738015084,9.473725907600098,0.0,0.0,0.0,11.9386105759037,0.0,9.589074368143644,0.0,58.58723222769913,30.892283428936636,0.0,24.340666912419827,19.06280027574374,11.9386105759037,5.917906046161393,59.296141336627926,13.213763929025836,35.392371257240434,0.0,0.0,0.0,25.152374504929536,9.473725907600098,5.917906046161393,80.01211868816556,24.26546827384644,0.0,52.60000000000001,11.9386105759037,9.589074368143644,11.126902983393991,19.13166997518723,38.524929737556064,0.0,24.26546827384644,6.923737199690624,13.847474399381248,9.473725907600098,10.660405768023464,24.51452704482466,0.0,0.5597710905349795,-0.5420532547525684,6.682632798298382,6.072766065135814,7.051950487935267,0.0,0.6,24,0,4,0,0,1,1,4,0,4,11,0,0,1,5.016700000000005,95.22100000000007,0,0,0,0,0,0,2,2,0,0,1,0,2,2,0,0,0,0,0,0,1
C(C=1C(C(=O)OCC(CC)CC)=CC=CC1)(=O)OCC(CC)CC,556.0,12.32673548122953,-0.4611268056605355,12.32673548122953,0.2759287603930462,0.5726644792262368,334.45600000000013,304.21600000000007,334.21440944,134,0.3385161272744564,-0.461783095313706,0.461783095313706,0.3385161272744564,0.75,1.0833333333333333,1.375,16.539796946281417,10.044468148873158,2.201301720144389,-2.1510868788074324,2.156733865804802,-2.185251181080979,6.026300569828114,0.0386154469083315,2.758075227791259,469.12506304655375,17.94938298937633,15.339735464112495,15.339735464112495,11.565610567764072,8.999113986836345,8.999113986836345,6.1075511764657175,6.1075511764657175,4.576552802143874,4.576552802143874,2.4304494277764563,2.4304494277764563,-1.8399999999999996,190946.7584991845,20.20512635379061,10.845046487603303,5.986649116471944,145.09072738015084,9.473725907600098,0.0,0.0,0.0,11.9386105759037,0.0,9.589074368143644,0.0,65.51096942738975,23.96854622924601,0.0,24.340666912419827,19.06280027574374,11.9386105759037,11.835812092322788,53.37823529046653,13.213763929025836,35.392371257240434,0.0,0.0,0.0,25.152374504929536,9.473725907600098,11.835812092322788,74.09421264200417,24.26546827384644,0.0,52.60000000000001,11.9386105759037,9.589074368143644,11.126902983393991,25.04957602134862,25.68328649170404,0.0,24.26546827384644,0.0,27.694948798762496,9.473725907600098,10.768106418493325,24.653470962459057,0.0,0.5518575207860925,-0.2223825422680029,6.683207986898463,3.844811209421183,9.054261777543218,0.0,0.6,24,0,4,0,0,1,1,4,0,4,10,0,0,1,4.872600000000005,95.15100000000008,0,0,0,0,0,0,2,2,0,0,1,0,2,2,0,0,0,0,0,0,0
CC(CCCC(C)C)C1CCC(CC1)CCCC(C)C,592.0,2.517939421138826,0.8878643695770317,2.517939421138826,0.8878643695770317,0.4229966981271661,280.54,240.21999999999997,280.31300128,120,-0.0388274187769166,-0.0627736092092112,0.0627736092092112,0.0388274187769166,0.7,1.25,1.8,14.299393378175113,9.733887501107477,2.24217121007606,-2.3232967435026888,2.370348633069794,-2.200396409032073,4.760612326618574,0.1937756038399605,2.1095530611219937,220.19280948873617,14.957819157813608,14.957819157813608,14.957819157813608,9.486071002992368,9.486071002992368,9.486071002992368,8.407590501542751,8.407590501542751,5.530936603214942,5.530936603214942,3.944494245578158,3.944494245578158,0.0,22105.510619358654,18.05,9.8496,7.695266272189349,128.6673200478359,0.0,0.0,0.0,0.0,0.0,0.0,0.0,0.0,85.98525898186121,42.43117347665898,0.0,0.0,0.0,0.0,29.589530230806965,98.82690222771323,0.0,0.0,0.0,0.0,0.0,0.0,0.0,29.589530230806965,98.82690222771323,0.0,0.0,0.0,0.0,0.0,0.0,0.0,29.589530230806965,64.20821622926012,0.0,0.0,34.61868599845312,0.0,0.0,0.0,0.0,0.0,4.868473238188244,0.0,14.858087327238906,11.940106101239518,0.0,1.0,20,0,0,1,1,0,0,0,0,0,9,1,1,1,7.081500000000008,91.99000000000008,0,0,0,0,0,0,0,0,0,0,0,0,0,0,0,0,0,0,0,0,0
CCCCCCCCCCCCCCC1CCCCC1,639.0,2.2998705499522343,1.1035840268332426,2.2998705499522343,1.1035840268332426,0.3037099923462319,280.54,240.21999999999997,280.31300128,120,-0.0414285788501592,-0.0653823832227926,0.0653823832227926,0.0414285788501592,0.55,1.0,1.5,14.176722926966455,9.853710274841395,2.1165442508135195,-2.2064364703480823,2.276204101949482,-2.0516203959489405,4.651876444645388,0.3275809851543085,1.697249633627234,178.47733175670794,14.305272330547488,14.305272330547488,14.305272330547488,9.931851652578136,9.931851652578136,9.931851652578136,7.18179827587471,7.18179827587471,5.190670697680657,5.190670697680657,3.749817760535246,3.749817760535246,0.0,37936.81265963511,18.05,13.959183673469388,10.74793388429752,128.66732004783591,0.0,0.0,0.0,0.0,0.0,0.0,0.0,0.0,122.49852641235884,5.917906046161393,0.0,0.0,0.0,0.0,5.917906046161393,122.49852641235884,0.0,0.0,0.0,0.0,0.0,0.0,0.0,5.917906046161393,122.49852641235884,0.0,0.0,0.0,0.0,0.0,0.0,0.0,5.917906046161393,115.57478921266822,0.0,0.0,6.923737199690624,0.0,0.0,0.0,0.0,0.0,1.1035840268332426,0.0,26.92987875654786,2.2998705499522343,0.0,1.0,20,0,0,1,1,0,0,0,0,0,13,1,1,1,7.657900000000008,92.27000000000008,0,0,0,0,0,0,0,0,0,0,0,0,0,0,0,0,0,0,0,0,10
CCCCCCCCCCCCCCCCCCC=C,621.0,3.767994865869535,1.2067901234567902,3.767994865869535,1.2067901234567902,0.1880274097271385,280.5399999999999,240.21999999999997,280.31300128,120,-0.0353412931099218,-0.1030829789362716,0.1030829789362716,0.0353412931099218,0.5,0.8,1.1,14.000902500980429,10.03579578595424,1.936660161713895,-2.028448159653714,2.134069566048709,-1.8310537942315197,4.647979578039954,0.5297614813786063,2.9043086666745506,170.87712379549453,14.72792206135786,14.305272330547488,14.305272330547488,9.914213562373096,9.523603362114272,9.523603362114272,6.380651128088732,6.380651128088732,4.261801681057136,4.261801681057136,2.836772173451092,2.836772173451092,-0.26,27005.68583133753,19.74,18.74,17.74,128.9835481691809,0.0,0.0,0.0,0.0,0.0,0.0,0.0,6.578935683598497,109.31208165041468,12.84164324585202,0.0,0.0,0.0,0.0,0.0,116.07770478943284,0.0,12.654955790432378,0.0,0.0,0.0,0.0,0.0,0.0,116.07770478943284,12.654955790432378,0.0,0.0,0.0,0.0,0.0,0.0,0.0,109.1539675897422,0.0,6.076020106833881,13.502672883289122,0.0,0.0,0.0,0.0,0.0,0.0,0.0,26.4390585537252,6.0609414462748,0.0,0.9,20,0,0,0,0,0,0,0,0,0,17,0,0,0,7.824000000000008,94.36000000000008,0,0,0,0,0,0,0,0,1,0,0,0,0,0,0,0,0,0,0,0,15
C(CCCCCCC\C=C/C\C=C/CCCCC)(=O)OCC,612.0,11.140093190497826,-0.0479794728329876,11.140093190497826,0.0479794728329876,0.1996777812763495,308.50600000000003,272.218,308.271530392,128,0.305267425658996,-0.4659692078794497,0.4659692078794497,0.305267425658996,0.7727272727272727,1.3636363636363635,2.0,16.53180539425359,10.090514515963209,1.995442040372568,-2.011880975879501,2.0821288920451018,-2.0250712034166427,5.686600722253793,-0.1427430234110609,3.2168045162650567,292.08236944878445,16.305272330547485,14.818285813111352,14.818285813111352,10.808060412490448,9.264350206547164,9.264350206547164,5.785756475140486,5.785756475140486,3.636859920240531,3.636859920240531,2.313921239798423,2.313921239798423,-1.05,63950.88807157435,20.95,18.000125313283206,17.002770448548812,137.56901246654726,4.736862953800049,0.0,0.0,0.0,5.969305287951849,4.794537184071822,0.0,0.0,63.33192574165619,45.448666937246685,6.4208216229260096,6.606881964512918,9.53140013787187,5.969305287951849,0.0,90.89733387449338,6.606881964512918,24.304080427335524,0.0,0.0,0.0,12.576187252464766,9.53140013787187,0.0,90.89733387449338,24.304080427335524,0.0,26.3,0.0,4.794537184071822,5.969305287951849,13.027703587438928,19.26246486877803,51.36657298340809,0.0,6.923737199690624,31.22781762702615,4.736862953800049,4.907410725691133,11.140093190497826,0.0,0.0,-0.0479794728329876,0.0,23.070291027426094,4.596851195884601,0.0,0.75,22,0,2,0,0,0,0,2,0,2,15,0,0,0,6.363000000000007,95.99100000000008,0,0,0,0,0,0,1,1,4,0,0,0,1,1,0,0,0,0,0,0,7
CCCCCCCCCCCCCCCC(CC)=CC,630.0,2.3060621556113823,1.2447976739715494,2.3060621556113823,1.2447976739715494,0.2116952442149405,280.5399999999999,240.21999999999997,280.31300128,120,-0.0320524352773071,-0.088466137718548,0.088466137718548,0.0320524352773071,0.6,1.0,1.35,14.016411585195156,10.02023042267559,1.9524055284442965,-2.0438801149045336,2.1509974753057524,-1.845188263716493,4.980314035333018,0.5384573490384709,3.061292165105856,202.08384997862265,14.891058768174393,14.683951986987845,14.683951986987845,9.846065214951231,9.48734574734408,9.48734574734408,6.293117502771234,6.293117502771234,4.463816784179748,4.463816784179748,2.8950674334083084,2.8950674334083084,-0.26,25604.83745887536,19.74,16.793361792956244,14.155504419859923,128.9835481691809,0.0,0.0,0.0,0.0,0.0,0.0,0.0,0.0,102.54645851139654,26.186202068468653,0.0,0.0,0.0,0.0,0.0,117.08353594296204,0.0,11.64912463690315,0.0,0.0,0.0,0.0,0.0,0.0,117.08353594296204,11.64912463690315,0.0,0.0,0.0,0.0,0.0,0.0,0.0,96.31232434389018,5.573104530069267,0.0,26.847231705905752,0.0,0.0,0.0,0.0,1.646363889833424,0.0,0.0,23.770030743950784,6.750272032882462,0.0,0.9,20,0,0,0,0,0,0,0,0,0,15,0,0,0,7.824000000000008,94.36000000000008,0,0,0,0,0,0,0,0,2,0,0,0,0,0,0,0,0,0,0,0,11
CC(=C)CCCCCCCCCCCCCCCCC,646.0,3.958554268762733,1.2343810073048826,3.958554268762733,1.2343810073048826,0.199524799014313,280.54,240.21999999999997,280.31300128,120,-0.0325769262511663,-0.1001409318997097,0.1001409318997097,0.0325769262511663,0.55,0.85,1.15,14.004606313419036,10.03262817408119,1.9404471803637104,-2.0315398502688877,2.1380667970619096,-1.8339640087769935,4.864486793415249,0.5319851716243931,2.938980066543728,192.21499122004104,14.891058768174393,14.520815280171313,14.520815280171313,9.770055610029663,9.414213562373094,9.414213562373094,6.65685424949238,6.65685424949238,4.207106781186547,4.207106781186547,2.7980970388562785,2.7980970388562785,-0.26,22676.463752160347,19.74,16.793361792956244,17.74,128.9835481691809,0.0,0.0,0.0,0.0,0.0,0.0,0.0,6.578935683598497,102.38834445072403,19.765380445542643,0.0,0.0,0.0,0.0,0.0,116.58062036619744,0.0,12.152040213667764,0.0,0.0,0.0,0.0,0.0,0.0,116.58062036619744,12.152040213667764,0.0,0.0,0.0,0.0,0.0,0.0,0.0,108.30625049688544,0.0,0.0,20.426410082979743,0.0,0.0,0.0,0.0,1.3469389835918788,0.0,0.0,22.926342517673977,8.393385165400812,0.0,0.9,20,0,0,0,0,0,0,0,0,0,16,0,0,0,7.824000000000007,94.36000000000008,0,0,0,0,0,0,0,0,1,0,0,0,0,0,0,0,0,0,0,0,13
C=1(C(=CC=CC1)C(=O)OCCOCCCC)C(=O)OCCOCCCC,656.0,12.196775510559853,-0.5594098890193762,12.196775510559853,0.1499981103552532,0.3697785275809688,366.4540000000002,336.2140000000001,366.20423868,146,0.3385904236741001,-0.4596229937505592,0.4596229937505592,0.3385904236741001,0.6923076923076923,1.1153846153846154,1.5,16.563559960622356,10.08607528773972,2.183809657859049,-2.100545097638639,2.1180466003227187,-2.171989391530368,6.026196921657252,0.0275967052110901,2.4196837376231763,481.7876206965874,19.03732313811636,15.82995863140716,15.82995863140716,12.7019072626078,9.290111220059329,9.290111220059329,5.749273816750053,5.749273816750053,3.573003534797256,3.573003534797256,2.0781209568620382,2.0781209568620382,-1.92,566818.5907851236,22.121528239202657,14.270517934107678,8.966217721430148,155.31781783916458,18.9474518152002,13.213763929025836,0.0,0.0,11.9386105759037,0.0,9.589074368143644,0.0,38.821851782156486,24.97437738277524,13.213763929025836,24.340666912419827,28.53652618334384,11.9386105759037,0.0,39.53076089108528,39.64129178707751,35.392371257240434,0.0,0.0,0.0,51.5799023629812,18.9474518152002,0.0,60.246738242622925,24.26546827384644,0.0,71.06,11.9386105759037,9.589074368143644,24.340666912419827,26.427527858051672,25.68328649170404,0.0,24.26546827384644,0.0,13.847474399381248,18.9474518152002,21.042609005188872,24.393551021119706,0.0,0.3851102665839323,-1.1188197780387523,6.459515610651975,4.062892318502369,6.441808222658571,0.0,0.6,26,0,6,0,0,1,1,6,0,6,14,0,0,1,3.633600000000003,98.46100000000008,0,0,0,0,0,0,2,2,0,0,1,0,2,4,0,0,0,0,0,0,8
CCCCCCCCCCCCCCCCCCCC,640.9,2.296831621956512,1.3736149584487536,2.296831621956512,1.3736149584487536,0.2366584358714344,282.5559999999999,240.21999999999997,282.328651344,122,-0.0533059727891157,-0.0653823832227926,0.0653823832227926,0.0533059727891157,0.25,0.4,0.55,14.002832956448469,10.034316009202184,1.9383926577728212,-2.030099726270721,2.1359329564484795,-1.8325839907978068,4.494832956448472,0.5263160092021937,2.8896766777949185,132.11730005192322,14.72792206135786,14.72792206135786,14.72792206135786,9.914213562373096,9.914213562373094,9.914213562373094,6.65685424949238,6.65685424949238,4.457106781186547,4.457106781186547,2.974873734152915,2.974873734152915,0.0,27005.68583133753,20.0,19.0,18.0,129.67315120136516,0.0,0.0,0.0,0.0,0.0,0.0,0.0,0.0,129.42226361204948,0.0,0.0,0.0,0.0,0.0,0.0,129.42226361204948,0.0,0.0,0.0,0.0,0.0,0.0,0.0,0.0,129.42226361204948,0.0,0.0,0.0,0.0,0.0,0.0,0.0,0.0,115.57478921266822,0.0,0.0,13.847474399381248,0.0,0.0,0.0,0.0,0.0,0.0,0.0,26.40633675608698,4.593663243913023,0.0,1.0,20,0,0,0,0,0,0,0,0,0,17,0,0,0,8.048000000000007,94.4540000000001,0,0,0,0,0,0,0,0,0,0,0,0,0,0,0,0,0,0,0,0,15
CCCCCCCCCCCCCCCC1CCCC1,603.0,2.299370935754704,1.113618749055465,2.299370935754704,1.113618749055465,0.2864419529229443,280.54,240.21999999999997,280.31300128,120,-0.0414285760798144,-0.0653823832227926,0.0653823832227926,0.0414285760798144,0.55,0.95,1.4,14.190914935937238,9.985351714242116,2.1310106867159453,-2.0752149617272027,2.288075427811031,-1.92132230430583,4.664972890928965,0.4593746428793359,1.6581082795037227,178.47733175670794,14.305272330547488,14.305272330547488,14.305272330547488,9.931851652578136,9.931851652578136,9.931851652578136,7.18179827587471,7.18179827587471,5.190670697680657,5.190670697680657,3.749817760535246,3.749817760535246,0.0,47169.57168886901,18.05,13.959183673469388,10.74793388429752,128.66732004783591,0.0,0.0,0.0,0.0,0.0,0.0,0.0,0.0,122.49852641235884,5.917906046161393,0.0,0.0,0.0,0.0,5.917906046161393,122.49852641235884,0.0,0.0,0.0,0.0,0.0,0.0,0.0,5.917906046161393,122.49852641235884,0.0,0.0,0.0,0.0,0.0,0.0,0.0,5.917906046161393,115.57478921266822,0.0,0.0,6.923737199690624,0.0,0.0,0.0,0.0,0.0,1.113618749055465,0.0,26.92034364852317,2.299370935754704,0.0,1.0,20,0,0,1,1,0,0,0,0,0,14,1,1,1,7.657900000000008,92.27000000000008,0,0,0,0,0,0,0,0,0,0,0,0,0,0,0,0,0,0,0,0,11
CCCCCCCCCCCC(CCCC)CCCC,627.0,2.328792278910702,1.0411613010039231,2.328792278910702,1.0411613010039231,0.252268003719848,282.556,240.21999999999997,282.328651344,122,-0.0414289236424187,-0.0653823832227926,0.0653823832227926,0.0414289236424187,0.4,0.75,1.2,14.128722150890049,9.903549364453587,2.0684965942928044,-2.156610774217963,2.2259971352258856,-2.0051568742715618,4.60268607394315,0.3758540565186993,3.375758767190999,153.4212455108563,14.891058768174393,14.891058768174393,14.891058768174393,9.846065214951231,9.846065214951231,9.846065214951231,6.767584713501615,6.767584713501615,4.647777478867205,4.647777478867205,3.162284135217748,3.162284135217748,0.0,25069.27519255477,20.0,17.05263157894737,14.409972299168976,129.67315120136513,0.0,0.0,0.0,0.0,0.0,0.0,0.0,0.0,123.50435756588806,5.917906046161393,0.0,0.0,0.0,0.0,5.917906046161393,123.50435756588806,0.0,0.0,0.0,0.0,0.0,0.0,0.0,5.917906046161393,123.50435756588806,0.0,0.0,0.0,0.0,0.0,0.0,0.0,5.917906046161393,102.7331459668162,0.0,0.0,20.771211599071872,0.0,0.0,0.0,0.0,0.0,1.0411613010039231,0.0,23.335478102866062,6.9566939294633485,0.0,1.0,20,0,0,0,0,0,0,0,0,0,16,0,0,0,7.903900000000008,94.38400000000009,0,0,0,0,0,0,0,0,0,0,0,0,0,0,0,0,0,0,0,0,7
CCCCCCCCCCCCCCCC(CC)CC,634.0,2.3436718890472403,1.0025076379443538,2.3436718890472403,1.0025076379443538,0.252268003719848,282.556,240.21999999999997,282.328651344,122,-0.0419531460691787,-0.0653823832227926,0.0653823832227926,0.0419531460691787,0.45,0.8,1.15,14.078078848138231,9.953950738507505,2.01667175982713,-2.1073506644535023,2.178025059740163,-1.9566697000492477,4.552752514428698,0.4256173213018402,3.023489814408229,157.42124551085627,14.891058768174393,14.891058768174393,14.891058768174393,9.846065214951231,9.846065214951231,9.846065214951231,6.713837806426263,6.713837806426263,4.87062636466832,4.87062636466832,3.147703079917263,3.147703079917263,0.0,25604.83745887536,20.0,17.05263157894737,14.409972299168976,129.67315120136513,0.0,0.0,0.0,0.0,0.0,0.0,0.0,0.0,123.50435756588806,5.917906046161393,0.0,0.0,0.0,0.0,5.917906046161393,123.50435756588806,0.0,0.0,0.0,0.0,0.0,0.0,0.0,5.917906046161393,123.50435756588806,0.0,0.0,0.0,0.0,0.0,0.0,0.0,5.917906046161393,102.7331459668162,0.0,0.0,20.771211599071872,0.0,0.0,0.0,0.0,0.0,1.0025076379443538,0.0,23.34719740129288,6.983628294096098,0.0,1.0,20,0,0,0,0,0,0,0,0,0,16,0,0,0,7.903900000000008,94.38400000000009,0,0,0,0,0,0,0,0,0,0,0,0,0,0,0,0,0,0,0,0,11
C(CCC)C(CCCC)CCC(CCCC)CCCC,607.0,2.335497471754236,1.0283824640967496,2.335497471754236,1.0283824640967496,0.2877143973839063,282.556,240.21999999999997,282.328651344,122,-0.0414187925890157,-0.0653822096214849,0.0653822096214849,0.0414187925890157,0.4,0.65,0.85,14.18716271347433,9.847322144161874,2.127993068866513,-2.211808717110613,2.275728137176153,-2.068256053567456,4.65708018813298,0.3161370250225441,4.052696167716975,136.8771237954945,15.05419547499092,15.05419547499092,15.05419547499092,9.777916867529369,9.777916867529369,9.777916867529369,6.878315177510851,6.878315177510851,4.846866552750666,4.846866552750666,3.308627043882448,3.308627043882448,0.0,23340.127059811468,20.0,15.39,11.79591836734694,129.67315120136513,0.0,0.0,0.0,0.0,0.0,0.0,0.0,0.0,117.58645151972664,11.835812092322788,0.0,0.0,0.0,0.0,11.835812092322788,117.58645151972664,0.0,0.0,0.0,0.0,0.0,0.0,0.0,11.835812092322788,117.58645151972664,0.0,0.0,0.0,0.0,0.0,0.0,0.0,11.835812092322788,89.89150272096417,0.0,0.0,27.694948798762496,0.0,0.0,0.0,0.0,0.0,2.056764928193499,0.0,20.267911851456223,9.341989887016943,0.0,1.0,20,0,0,0,0,0,0,0,0,0,15,0,0,0,7.759800000000008,94.31400000000008,0,0,0,0,0,0,0,0,0,0,0,0,0,0,0,0,0,0,0,0,0
CCCCCCC(CCC)C(CCC)CCCCCC,609.0,2.37413847946586,1.0263265306122449,2.37413847946586,1.0263265306122449,0.2691454138497114,282.556,240.21999999999997,282.328651344,122,-0.0385948133660002,-0.0653823832174866,0.0653823832174866,0.0385948133660002,0.4,0.8,1.1,14.245332457680352,9.78703555488216,2.1886659964599096,-2.2695951888027235,2.314808136358929,-2.150847022358848,4.705592709964688,0.2453327255257076,4.127891661468929,152.8771237954945,15.05419547499092,15.05419547499092,15.05419547499092,9.794753619934978,9.794753619934976,9.794753619934976,6.796180192710583,6.796180192710583,4.842535255101096,4.842535255101096,3.639671720152488,3.639671720152488,0.0,23193.2973845869,20.0,15.39,10.74793388429752,129.67315120136513,0.0,0.0,0.0,0.0,0.0,0.0,0.0,0.0,117.58645151972664,11.835812092322788,0.0,0.0,0.0,0.0,11.835812092322788,117.58645151972664,0.0,0.0,0.0,0.0,0.0,0.0,0.0,11.835812092322788,117.58645151972664,0.0,0.0,0.0,0.0,0.0,0.0,0.0,11.835812092322788,89.89150272096417,0.0,0.0,27.694948798762496,0.0,0.0,0.0,0.0,0.0,2.0526530612244893,0.0,20.232515435879776,9.381498169562397,0.0,1.0,20,0,0,0,0,0,0,0,0,0,15,0,0,0,7.759800000000008,94.31400000000008,0,0,0,0,0,0,0,0,0,0,0,0,0,0,0,0,0,0,0,0,4
C(CCC)C(CCCCC)(CCCCCCCC)CC,592.0,2.4431435027714787,0.6904130054799698,2.4431435027714787,0.6904130054799698,0.2676556343818586,282.556,240.21999999999997,282.328651344,122,-0.0300079439901646,-0.0653823832227926,0.0653823832227926,0.0300079439901646,0.45,0.85,1.4,14.310230211474662,9.720933328896386,2.256072072528596,-2.333215638276766,2.3954774636437293,-2.198187441552001,4.778511114867912,0.1880369086771503,4.058984333375091,184.4773317567079,15.106601717798217,15.106601717798217,15.106601717798217,9.742640687119286,9.742640687119284,9.742640687119284,6.931980515339464,6.931980515339464,5.181980515339463,5.181980515339463,3.487436867076458,3.487436867076458,0.0,22520.38153546374,20.0,13.959183673469388,9.833648393194707,129.67315120136513,0.0,0.0,0.0,0.0,0.0,0.0,0.0,0.0,104.74480827387464,24.67745533817481,0.0,0.0,0.0,0.0,5.41499046939678,124.00727314265266,0.0,0.0,0.0,0.0,0.0,0.0,0.0,5.41499046939678,124.00727314265266,0.0,0.0,0.0,0.0,0.0,0.0,5.41499046939678,0.0,96.31232434389018,0.0,0.0,27.694948798762496,0.0,0.0,0.0,0.0,0.6904130054799698,0.0,0.0,21.63906535484109,9.420521639678942,0.0,1.0,20,0,0,0,0,0,0,0,0,0,15,0,0,0,7.903900000000008,94.38400000000009,0,0,0,0,0,0,0,0,0,0,0,0,0,0,0,0,0,0,0,0,5
CC(C)CCCC(CCCCC(CCCC(C)C)C)C,633.0,2.450785608741507,0.8832302806515744,2.450785608741507,0.8832302806515744,0.3072233067501734,282.556,240.21999999999997,282.328651344,122,-0.0442799031673511,-0.0627736092145224,0.0627736092145224,0.0442799031673511,0.4,0.7,1.0,14.117849569342892,9.919128939113694,2.056390635971064,-2.142308989543789,2.210220137237022,-1.9924156224841851,4.589581620286664,0.3899572614468566,3.3644847845888024,170.2149912200411,15.380468888623982,15.380468888623982,15.380468888623982,9.413591357920934,9.413591357920934,9.413591357920934,8.144301501221756,8.144301501221756,4.60064252907782,4.60064252907782,3.023395960630219,3.023395960630219,0.0,14848.060229991488,20.0,12.71900826446281,14.409972299168976,129.6731512013651,0.0,0.0,0.0,0.0,0.0,0.0,0.0,0.0,105.75063942740384,23.671624184645573,0.0,0.0,0.0,0.0,23.671624184645573,105.75063942740384,0.0,0.0,0.0,0.0,0.0,0.0,0.0,23.671624184645573,105.75063942740384,0.0,0.0,0.0,0.0,0.0,0.0,0.0,23.671624184645573,64.20821622926012,0.0,0.0,41.54242319814374,0.0,0.0,0.0,0.0,0.0,3.664603347215595,0.0,14.412620411723324,14.256109574394417,0.0,1.0,20,0,0,0,0,0,0,0,0,0,13,0,0,0,7.471600000000008,94.17400000000008,0,0,0,0,0,0,0,0,0,0,0,0,0,0,0,0,0,0,0,0,1
CCCCCCC(C)C(C)C(C)C(C)CCCCCC,607.0,2.4977152620307383,0.8868534003107413,2.4977152620307383,0.8868534003107413,0.3072233067501734,282.556,240.21999999999997,282.328651344,122,-0.0388634451827158,-0.0653823832174964,0.0653823832174964,0.0388634451827158,0.5,0.85,1.15,14.282318655647709,9.749840786141077,2.2264754226125865,-2.305974340637436,2.318724853584327,-2.2213878010064536,4.7263782881141045,0.1918498254394327,3.8801194102277416,174.21499122004107,15.380468888623982,15.380468888623982,15.380468888623982,9.540111220059323,9.540111220059323,9.540111220059323,7.371471893927777,7.371471893927777,5.650520191970924,5.650520191970924,3.348385268032233,3.348385268032233,0.0,18953.70100189978,20.0,12.71900826446281,9.03125,129.6731512013651,0.0,0.0,0.0,0.0,0.0,0.0,0.0,0.0,105.75063942740384,23.671624184645573,0.0,0.0,0.0,0.0,23.671624184645573,105.75063942740384,0.0,0.0,0.0,0.0,0.0,0.0,0.0,23.671624184645573,105.75063942740384,0.0,0.0,0.0,0.0,0.0,0.0,0.0,23.671624184645573,64.20821622926012,0.0,0.0,41.54242319814374,0.0,0.0,0.0,0.0,0.0,3.57916593180482,0.0,14.192735159571724,14.561432241956783,0.0,1.0,20,0,0,0,0,0,0,0,0,0,13,0,0,0,7.471600000000008,94.17400000000008,0,0,0,0,0,0,0,0,0,0,0,0,0,0,0,0,0,0,0,0,4
CC(C)(CCCCCCCCCCCCC(C)(C)C)C,662.0,2.3538312528336047,0.534776550453946,2.3538312528336047,0.534776550453946,0.3395749974386147,282.556,240.21999999999997,282.328651344,122,-0.0382611213336654,-0.0601739489218215,0.0601739489218215,0.0382611213336654,0.35,0.55,0.75,14.14846917578607,9.888007349173895,2.0888398845115312,-2.1715718624253806,2.23476174069112,-2.0348457266263305,4.61665245941517,0.353690605160752,3.1047127390019056,177.05865002596164,15.485281374238571,15.485281374238571,15.485281374238571,9.207106781186548,9.207106781186546,9.207106781186546,9.15685424949238,9.15685424949238,4.103553390593273,4.103553390593273,2.724873734152915,2.724873734152915,0.0,11300.841989244493,20.0,10.6875,18.0,129.67315120136513,0.0,0.0,0.0,0.0,0.0,0.0,0.0,0.0,105.75063942740384,23.67162418464558,0.0,0.0,0.0,0.0,10.82998093879356,118.59228267325588,0.0,0.0,0.0,0.0,0.0,0.0,0.0,10.82998093879356,118.59228267325588,0.0,0.0,0.0,0.0,0.0,0.0,10.82998093879356,0.0,77.04985947511214,0.0,0.0,41.54242319814374,0.0,0.0,0.0,0.0,1.0695531009078922,0.0,0.0,17.307459382090478,14.122987517001627,0.0,1.0,20,0,0,0,0,0,0,0,0,0,11,0,0,0,7.759800000000008,94.31400000000008,0,0,0,0,0,0,0,0,0,0,0,0,0,0,0,0,0,0,0,0,9
CC(C)CCCC(C(CCC(CCCC(C)C)C)C)C,617.0,2.473093217225162,0.8735977879443786,2.473093217225162,0.8735977879443786,0.3513576311647777,282.556,240.21999999999997,282.328651344,122,-0.0416882468610847,-0.0627736092145223,0.0627736092145223,0.0416882468610847,0.45,0.9,1.4,14.193755684926842,9.840487579429016,2.1348003200134427,-2.218408327436665,2.2603550168633726,-2.1001220171107664,4.652667348467373,0.2974612338519378,3.654877820900504,204.0838499786226,15.543605595440512,15.543605595440512,15.543605595440512,9.324274960443894,9.324274960443894,9.324274960443894,8.286590772898093,8.286590772898093,5.0055504689411245,5.0055504689411245,2.9834184987045536,2.9834184987045536,0.0,13875.276368680245,20.0,11.637051039697544,11.79591836734694,129.6731512013651,0.0,0.0,0.0,0.0,0.0,0.0,0.0,0.0,99.83273338124243,29.589530230806965,0.0,0.0,0.0,0.0,29.589530230806965,99.83273338124243,0.0,0.0,0.0,0.0,0.0,0.0,0.0,29.589530230806965,99.83273338124243,0.0,0.0,0.0,0.0,0.0,0.0,0.0,29.589530230806965,51.36657298340809,0.0,0.0,48.46616039783436,0.0,0.0,0.0,0.0,0.0,4.505534971832319,0.0,11.408348649360343,16.752783045474,0.0,1.0,20,0,0,0,0,0,0,0,0,0,12,0,0,0,7.327500000000009,94.10400000000008,0,0,0,0,0,0,0,0,0,0,0,0,0,0,0,0,0,0,0,0,0
CC(C)(CC(CCC(CCC(CC(C)(C)C)C)C)C)C,614.0,2.452001133786848,0.4899577060762577,2.452001133786848,0.4899577060762577,0.4369969019350423,282.556,240.21999999999997,282.328651344,122,-0.0380081090471599,-0.0625093764403296,0.0625093764403296,0.0380081090471599,0.5,0.75,1.0,14.234040022491898,9.804397054142775,2.1757192557995664,-2.253929499675344,2.3032704062030405,-2.129683365450233,4.694623210863846,0.2641533413130584,3.811102829268936,211.7443751081734,15.974691494688164,15.974691494688164,15.974691494688164,8.888647331538603,8.888647331538603,8.888647331538603,9.999784318970375,9.999784318970375,4.226198749090576,4.226198749090576,3.577303175163064,3.577303175163064,0.0,7490.384958087428,20.0,8.444444444444445,13.005,129.6731512013651,0.0,0.0,0.0,0.0,0.0,0.0,0.0,0.0,87.99692128891964,41.42534232312975,0.0,0.0,0.0,0.0,28.58369907727774,100.83856453477166,0.0,0.0,0.0,0.0,0.0,0.0,0.0,28.58369907727774,100.83856453477166,0.0,0.0,0.0,0.0,0.0,0.0,10.82998093879356,17.75371813848418,38.524929737556064,0.0,0.0,62.3136347972156,0.0,0.0,0.0,0.0,0.9799154121525157,2.660864774922314,0.0,8.37246009166599,21.486759721259176,0.0,1.0,20,0,0,0,0,0,0,0,0,0,8,0,0,0,7.327500000000009,94.10400000000008,0,0,0,0,0,0,0,0,0,0,0,0,0,0,0,0,0,0,0,0,0
C(CCCCCCCCC)(=O)OCCCCCCCCCC,657.0,11.563113256708204,0.0106518393756851,11.563113256708204,0.0106518393756851,0.2176567899001735,312.53800000000007,272.218,312.30283052,132,0.305277515512331,-0.4656750045271161,0.4656750045271161,0.305277515512331,0.5909090909090909,1.0,1.5,16.53236359193831,10.084827697690628,2.0189201600483986,-2.050651271347365,2.100026700410396,-2.051275355463503,5.6869290120205385,-0.1434392946585677,3.127133338554165,225.74713374688884,16.305272330547485,15.33731186109904,15.33731186109904,10.808060412490448,9.964690378025043,9.964690378025043,6.566664258170043,6.566664258170043,4.245394899343332,4.245394899343332,2.72056291519588,2.72056291519588,-0.53,64642.5938399735,21.47,18.51885197850513,17.52136106831022,138.9482185309158,4.736862953800049,0.0,0.0,0.0,5.969305287951849,4.794537184071822,0.0,0.0,97.3181554974194,12.84164324585202,6.4208216229260096,6.606881964512918,9.53140013787187,5.969305287951849,0.0,116.58062036619744,6.606881964512918,0.0,0.0,0.0,0.0,12.576187252464766,9.53140013787187,0.0,116.58062036619744,0.0,0.0,26.3,0.0,4.794537184071822,5.969305287951849,13.027703587438928,12.84164324585202,83.47068109803816,0.0,0.0,13.847474399381248,4.736862953800049,5.29330875754036,11.563113256708204,0.0,0.0,0.0106518393756851,0.0,19.68096034805004,5.118632464992384,0.0,0.95,22,0,2,0,0,0,0,2,0,2,17,0,0,0,6.811000000000008,96.17900000000007,0,0,0,0,0,0,1,1,0,0,0,0,1,1,0,0,0,0,0,0,12
C(CCCCCCCCCCCCCCC)(=O)OC(CC)C,665.0,11.49148474978749,-0.0162749990554649,11.49148474978749,0.0162749990554649,0.2310077540920617,312.538,272.218,312.30283052,132,0.3055436723795258,-0.4626697646417554,0.4626697646417554,0.3055436723795258,0.7272727272727273,1.1363636363636365,1.5454545454545454,16.542131141338533,10.04440860091939,2.061780239371175,-2.0989079661868466,2.128609652224488,-2.128700180267343,5.689311743663879,-0.1479772002212994,3.124753227453955,237.86174320100943,16.468409037364015,15.50044856791557,15.50044856791557,10.7019072626078,9.897316063479238,9.897316063479238,6.701365793235096,6.701365793235096,4.391999507549265,4.391999507549265,2.6537555304326563,2.6537555304326563,-0.53,57849.620015109096,21.47,16.833935422722405,15.851269764825574,138.9482185309158,4.736862953800049,0.0,0.0,0.0,5.969305287951849,4.794537184071822,0.0,0.0,90.89733387449338,19.765380445542643,6.4208216229260096,6.103966387748303,9.53140013787187,5.969305287951849,0.0,123.18750233071034,0.0,0.0,0.0,0.0,0.0,12.073271675700152,9.53140013787187,0.0,117.08353594296204,0.0,0.0,26.3,0.0,4.794537184071822,12.073271675700152,6.4208216229260096,12.84164324585202,77.04985947511214,0.0,13.847474399381248,6.923737199690624,4.736862953800049,5.26763337830866,11.49148474978749,0.0,0.0,-0.0162749990554649,0.0,18.97985884200641,6.277298028952902,0.0,0.95,22,0,2,0,0,0,0,2,0,2,16,0,0,0,6.809400000000008,96.15700000000008,0,0,0,0,0,0,1,1,0,0,0,0,1,1,0,0,0,0,0,0,11
C(CCC)(=O)OCCCCCCCCCCCCCCCC,602.0,11.154735022192604,-0.0303758312229363,11.154735022192604,0.0303758312229363,0.2176567899001735,312.538,272.218,312.30283052,132,0.3052668954719293,-0.46567513116614,0.46567513116614,0.3052668954719293,0.5909090909090909,1.0,1.4090909090909092,16.53235667933371,10.04506541685102,1.992688910397043,-2.043311184924254,2.124691289945593,-2.0430694916548062,5.686336864900319,-0.1433140879820837,3.00961263081579,225.74713374688884,16.30527233054749,15.33731186109904,15.33731186109904,10.808060412490446,9.964690378025043,9.964690378025043,6.566664258170042,6.566664258170042,4.215064813453422,4.215064813453422,2.758902883723678,2.758902883723678,-0.53,63950.88807157435,21.47,18.51885197850513,17.52136106831022,138.94821853091577,4.736862953800049,0.0,0.0,0.0,5.969305287951849,4.794537184071822,0.0,0.0,97.3181554974194,12.84164324585202,6.4208216229260096,6.606881964512918,9.53140013787187,5.969305287951849,0.0,116.58062036619744,6.606881964512918,0.0,0.0,0.0,0.0,12.576187252464766,9.53140013787187,0.0,116.58062036619744,0.0,0.0,26.3,0.0,4.794537184071822,5.969305287951849,13.027703587438928,12.84164324585202,83.47068109803816,0.0,6.923737199690624,6.923737199690624,4.736862953800049,5.150550044975326,11.154735022192604,0.0,0.0,-0.0303758312229363,0.0,20.485406619912283,4.906350810809389,0.0,0.95,22,0,2,0,0,0,0,2,0,2,17,0,0,0,6.811000000000008,96.17900000000007,0,0,0,0,0,0,1,1,0,0,0,0,1,1,0,0,0,0,0,0,13
C(CCCCCCCCCCC)(=O)OCC(CCCC)CC,658.0,11.72210336392342,0.0119391336143681,11.72210336392342,0.0119391336143681,0.2349377219365853,312.53800000000007,272.218,312.30283052,132,0.3052876749044921,-0.4653797108889036,0.4653797108889036,0.3052876749044921,0.7727272727272727,1.318181818181818,1.8636363636363635,16.53298357110566,10.004829870766658,2.0922046809327224,-2.140554955849723,2.140469239604074,-2.132314485279056,5.68727995860468,-0.1448332363875908,3.379007662673864,237.86174320100943,16.468409037364015,15.50044856791557,15.50044856791557,10.739912065068586,9.896542030603182,9.896542030603182,6.677942046074797,6.677942046074797,4.507753558044231,4.507753558044231,2.7610717974843237,2.7610717974843237,-0.53,60937.08322692268,21.47,16.833935422722405,14.409060124188407,138.94821853091577,4.736862953800049,0.0,0.0,0.0,5.969305287951849,4.794537184071822,0.0,0.0,91.400249451258,18.75954929201341,6.4208216229260096,6.606881964512918,9.53140013787187,5.969305287951849,5.917906046161393,110.66271432003605,6.606881964512918,0.0,0.0,0.0,0.0,12.576187252464766,9.53140013787187,5.917906046161393,110.66271432003605,0.0,0.0,26.3,0.0,4.794537184071822,5.969305287951849,18.94560963360032,12.84164324585202,70.62903785218613,0.0,0.0,20.771211599071872,4.736862953800049,5.425182002125475,11.72210336392342,0.0,0.0,0.5739953826698331,0.0,16.99143461615922,7.287284635122054,0.0,0.95,22,0,2,0,0,0,0,2,0,2,16,0,0,0,6.666900000000007,96.10900000000008,0,0,0,0,0,0,1,1,0,0,0,0,1,1,0,0,0,0,0,0,7
CC(C(=O)OC)C(C(CCCCCCCCCCCC)C)C,661.0,11.577919934972677,-0.0672009249813911,11.577919934972677,0.016778471277687,0.2746658790820898,312.53799999999995,272.218,312.30283052,132,0.3081499481583487,-0.4687918629671684,0.4687918629671684,0.3081499481583487,0.8181818181818182,1.2727272727272727,1.7272727272727273,16.52398208564693,9.819417925457184,2.245426173837068,-2.239237226856918,2.258736879608082,-2.2457360925085736,5.7161440427702885,-0.146704106759875,3.52032498553237,262.43285882910067,16.79468245099708,15.82672198154863,15.82672198154863,10.540111220059323,9.619244261408497,9.619244261408497,7.118891164079126,7.118891164079126,5.272232406042738,5.272232406042738,3.109983396723432,3.109983396723432,-0.53,51951.30141848948,21.47,14.087163867098466,10.238630084216494,138.94821853091577,4.736862953800049,0.0,0.0,0.0,5.969305287951849,4.794537184071822,0.0,0.0,98.3239866509486,11.835812092322788,0.0,13.027703587438928,9.53140013787187,5.969305287951849,17.75371813848418,98.3239866509486,7.109797541277533,0.0,0.0,0.0,0.0,13.079102829229384,9.53140013787187,17.75371813848418,98.3239866509486,0.0,0.0,26.3,0.0,4.794537184071822,11.887211334113244,11.835812092322788,0.0,77.73883539346366,0.0,6.923737199690624,20.771211599071872,4.736862953800049,4.849346341271623,11.577919934972677,0.0,0.0,0.958058562031238,0.0,15.074804236690882,8.72193977672708,1.4845978149731662,0.95,22,0,2,0,0,0,0,2,0,2,14,0,0,0,6.378700000000007,95.96900000000008,0,0,0,0,0,0,1,1,0,0,0,0,1,1,0,0,1,0,0,0,8
C(CCCCCCCCCCCCCCCCCC)OC,635.0,5.066076487826047,0.943059402893198,5.066076487826047,0.943059402893198,0.2414300438555678,298.55499999999995,256.21899999999994,298.323565964,128,0.0461762573014341,-0.3846901962666562,0.3846901962666562,0.0461762573014341,0.4285714285714285,0.7142857142857143,1.0,16.46137307650736,10.036061974878235,1.9416624098850648,-2.0326829798919204,2.1340984688506945,-1.8795176833344265,4.496095919297366,0.1915992616754412,2.901443984538413,149.221349491463,15.435028842544408,15.136170351821722,15.136170351821722,10.414213562373096,9.904030206245222,9.904030206245222,6.649653529319124,6.649653529319124,4.452015103122611,4.452015103122611,2.971273374066288,2.971273374066288,-0.04,44319.47665250541,20.96,19.960000000000004,19.96,134.78669643087204,4.736862953800049,0.0,0.0,0.0,0.0,0.0,0.0,0.0,109.65688316650682,6.4208216229260096,13.716679505790452,0.0,4.736862953800049,0.0,0.0,116.07770478943284,13.716679505790452,0.0,0.0,0.0,0.0,13.716679505790452,4.736862953800049,0.0,116.07770478943284,0.0,0.0,9.23,0.0,0.0,0.0,0.0,6.606881964512918,109.1539675897422,7.109797541277533,0.0,6.923737199690624,4.736862953800049,5.066076487826047,0.0,0.0,0.0,0.0,0.0,24.39970086536773,3.2361410248497093,1.7980816219565117,1.0,21,0,1,0,0,0,0,1,0,1,18,0,0,0,7.284400000000008,96.03900000000009,0,0,0,0,0,0,0,0,0,0,0,0,0,1,0,0,1,0,0,0,16
C(CCCCC(=O)OCCCCCCC)(=O)OCCCCCCC,664.0,11.535381608708075,-0.1437194251283633,11.535381608708075,0.1437194251283633,0.2558702783747389,342.5200000000001,304.21600000000007,342.277009696,142,0.3052777469823277,-0.4656750033563781,0.4656750033563781,0.3052777469823277,0.5416666666666666,0.9166666666666666,1.2916666666666667,16.53591057015751,10.148468704102426,2.0571582192096094,-2.057012131979603,2.065243765360439,-2.076780270546834,5.701063941203544,-0.1456271282685427,3.314723362506585,272.0139738560716,17.882622599737108,15.946701660840215,15.946701660840215,11.7019072626078,10.015167193676994,10.015167193676994,6.476474266847705,6.476474266847705,4.033683017500118,4.033683017500118,2.4662520962388443,2.4662520962388443,-1.06,154796.27948150603,22.94,18.28113479004781,17.29632108451906,148.22328586046643,9.473725907600098,0.0,0.0,0.0,11.9386105759037,9.589074368143644,0.0,0.0,65.21404738278933,25.68328649170404,12.84164324585202,13.213763929025836,19.06280027574374,11.9386105759037,0.0,103.7389771203454,13.213763929025836,0.0,0.0,0.0,0.0,25.152374504929536,19.06280027574374,0.0,103.7389771203454,0.0,0.0,52.60000000000001,0.0,9.589074368143644,11.9386105759037,38.89705042072987,25.68328649170404,38.524929737556064,0.0,0.0,13.847474399381248,9.473725907600098,10.371591065752735,23.070763217416147,0.0,0.0,-0.2874388502567266,0.0,13.749770180464647,5.428647719956527,0.0,0.9,24,0,4,0,0,0,0,4,0,4,17,0,0,0,5.574000000000006,97.90400000000008,0,0,0,0,0,0,2,2,0,0,0,0,2,2,0,0,0,0,0,0,9
C(CCCCCCCCC(=O)OCCCCC)(=O)OCCCCC,711.0,11.470060570611688,-0.0584060029721831,11.470060570611688,0.0584060029721831,0.2558702783747389,342.5200000000001,304.21600000000007,342.277009696,142,0.305277515507197,-0.4656750060166866,0.4656750060166866,0.305277515507197,0.5416666666666666,0.9166666666666666,1.2916666666666667,16.535721982992598,10.082638389524876,2.0354496652529104,-2.05074008665616,2.097303105037059,-2.054559523815843,5.690550038389878,-0.1444404517758978,3.2401387407628253,272.0139738560716,17.882622599737108,15.946701660840215,15.946701660840215,11.7019072626078,10.015167193676994,10.015167193676994,6.476474266847706,6.476474266847706,4.033683017500119,4.033683017500119,2.4662520962388443,2.4662520962388443,-1.06,154783.37663165986,22.94,18.28113479004781,17.29632108451906,148.22328586046643,9.473725907600098,0.0,0.0,0.0,11.9386105759037,9.589074368143644,0.0,0.0,65.21404738278933,25.68328649170404,12.84164324585202,13.213763929025836,19.06280027574374,11.9386105759037,0.0,103.7389771203454,13.213763929025836,0.0,0.0,0.0,0.0,25.152374504929536,19.06280027574374,0.0,103.7389771203454,0.0,0.0,52.60000000000001,0.0,9.589074368143644,11.9386105759037,26.055407174877857,77.04985947511214,0.0,0.0,0.0,13.847474399381248,9.473725907600098,10.345289713458458,22.940121141223376,0.0,0.0,-0.1168120059443662,0.0,13.748908157148616,5.4158263274472525,0.0,0.9,24,0,4,0,0,0,0,4,0,4,17,0,0,0,5.574000000000006,97.90400000000008,0,0,0,0,0,0,2,2,0,0,0,0,2,2,0,0,0,0,0,0,9
C(C1=CC=CC=C1)C(CC1=CC=CC=C1)CCCCCC,460.0,2.2831553392962123,0.7700519652305364,2.2831553392962123,0.7700519652305364,0.4897876965577112,280.455,252.23099999999997,280.219100896,112,-0.0247203362337738,-0.0653823832174757,0.0653823832174757,0.0247203362337738,0.6666666666666666,1.1904761904761905,1.6666666666666667,14.153870686928686,9.8798252703532,2.102984774321817,-2.1711389839868738,2.2064318419191915,-2.084169724074781,5.180998158714585,0.4487766433463027,1.9255111737958488,430.4062014949256,14.75286608774019,13.30060042939172,13.30060042939172,10.381341395361316,8.460325638810604,8.460325638810604,6.094806119929914,6.094806119929914,4.200329940424703,4.200329940424703,3.030935662063449,3.030935662063449,-1.5599999999999996,78586.0875608038,15.821815326994,9.389694766702116,6.161768235147502,129.77297635513048,0.0,0.0,0.0,0.0,0.0,0.0,0.0,0.0,93.27069437601077,36.30727389833341,0.0,0.0,0.0,0.0,5.917906046161393,51.8694885601727,0.0,71.7905736680101,0.0,0.0,0.0,0.0,12.84164324585202,5.917906046161393,50.15474829771466,60.6636706846161,0.0,0.0,0.0,0.0,0.0,0.0,5.917906046161393,56.07265434387607,0.0,0.0,67.58740788430673,0.0,0.0,0.0,0.0,2.9609678655412788,0.7700519652305364,21.92263883292833,9.229852663670304,2.2831553392962123,0.0,0.4285714285714285,21,0,0,0,0,2,2,0,0,0,9,0,0,2,6.058400000000005,92.54100000000008,0,0,0,0,0,0,0,0,0,0,2,0,0,0,0,0,0,0,0,0,2
C1(=CC=CC=C1)C(CCCCCCCC)C1=CC=CC=C1,555.0,2.2786081454186613,0.5542362423364406,2.2786081454186613,0.5542362423364406,0.4556368076913459,280.4549999999999,252.23099999999997,280.219100896,112,0.0089293701220226,-0.0653823832227926,0.0653823832227926,0.0089293701220226,0.6190476190476191,1.0952380952380951,1.619047619047619,14.167518621275288,9.86584558571468,2.1247014843160734,-2.177506561068211,2.2942762087405297,-2.007886395271376,5.315859561264273,0.5679509928313754,1.9404759093827288,432.4062014949255,14.75286608774019,13.30060042939172,13.30060042939172,10.41501490017253,8.514072545885954,8.514072545885954,5.930395150368369,5.930395150368369,4.250235507368081,4.250235507368081,3.025268675785937,3.025268675785937,-1.5599999999999996,84092.98637074845,15.821815326994,9.389694766702116,5.378674301225479,129.77297635513048,0.0,0.0,0.0,0.0,0.0,0.0,0.0,0.0,106.11233762186282,17.54772460632,5.917906046161393,0.0,0.0,0.0,0.0,57.78739460633409,0.0,71.7905736680101,0.0,0.0,0.0,0.0,0.0,0.0,68.91429758972808,60.6636706846161,0.0,0.0,0.0,0.0,0.0,5.917906046161393,0.0,56.07265434387607,0.0,0.0,67.58740788430673,0.0,0.0,0.0,0.0,2.9115892437221804,0.5542362423364406,21.942150562780977,9.48008247240841,2.2786081454186613,0.0,0.4285714285714285,21,0,0,0,0,2,2,0,0,0,9,0,0,2,6.569100000000006,92.72000000000008,0,0,0,0,0,0,0,0,0,0,2,0,0,0,0,0,0,0,0,0,4
CC(C)C1=CC=C(C=C1)CC(C)C1=CC=C(C=C1)C(C)C,490.0,2.3201766817838245,0.5658446712018139,2.3201766817838245,0.5658446712018139,0.6043376312592155,280.455,252.23099999999997,280.219100896,112,-0.0149901761581153,-0.0587386968593001,0.0587386968593001,0.0149901761581153,0.5714285714285714,0.9523809523809524,1.380952380952381,14.129967135043074,9.907065133221566,2.0799301532082963,-2.143225118640684,2.237301088958106,-1.994164668789008,5.298440505117938,0.7549742595071076,2.044836325917988,543.5971112440814,15.405412915006313,14.057959742272434,14.057959742272434,9.96923425058676,8.157312840881543,8.157312840881543,6.822821082744909,6.822821082744909,4.360443627143572,4.360443627143572,2.7194691628908614,2.7194691628908614,-1.5599999999999996,50407.340097141714,15.821815326994,6.934173338001786,4.201827872136363,129.77297635513045,0.0,0.0,0.0,0.0,0.0,0.0,0.0,0.0,83.14962254614599,46.42834572819817,0.0,0.0,0.0,0.0,0.0,58.7932257598633,0.0,70.78474251448087,0.0,0.0,0.0,0.0,6.4208216229260096,0.0,74.62621010372527,48.53093654769288,0.0,0.0,0.0,0.0,0.0,17.75371813848418,6.4208216229260096,22.253805966787983,0.0,0.0,83.14962254614599,0.0,0.0,0.0,0.0,5.714905480455625,1.7862013972797628,18.257438271604936,1.1105163454270597,11.29760517189928,0.0,0.4285714285714285,21,0,0,0,0,2,2,0,0,0,5,0,0,2,6.279600000000006,93.18100000000008,0,0,0,0,0,0,0,0,0,0,2,0,0,0,0,0,0,0,0,0,0
CCCCCCCCCCCCCCCc1ccccc1,556.0,2.291522225055827,1.2625,2.291522225055827,1.2625,0.3144958165739979,288.51899999999995,252.23099999999997,288.281701152,120,-0.0278872279393073,-0.0653823832227926,0.0653823832227926,0.0278872279393073,0.5238095238095238,0.9523809523809524,1.4285714285714286,14.00772971090459,10.029928098989908,1.945675825942107,-2.0322980845371363,2.130300871398438,-1.8586676729528917,5.139014907058429,0.5391735647835149,1.7472856374625654,301.0741659524457,15.012379111734036,14.2862462825598,14.2862462825598,10.431851652578136,9.471343774302785,9.471343774302785,6.478239246772773,6.478239246772773,4.4118298825622135,4.4118298825622135,2.9915683360406584,2.9915683360406584,-0.78,62219.59974658742,18.269455984174083,14.1696580413797,11.543342145195616,132.90553483544613,0.0,0.0,0.0,0.0,0.0,0.0,0.0,0.0,114.30543201711085,18.40509473754901,0.0,0.0,0.0,0.0,0.0,96.8152399206548,0.0,35.89528683400505,0.0,0.0,0.0,0.0,6.4208216229260096,0.0,95.95786978942576,30.33183534230805,0.0,0.0,0.0,0.0,0.0,0.0,0.0,95.45495421266116,0.0,0.0,37.255572541998674,0.0,0.0,0.0,0.0,1.5005305565000906,0.0,10.906257262315105,19.96835662279565,2.291522225055827,0.0,0.7142857142857143,21,0,0,0,0,1,1,0,0,0,14,0,0,1,7.320300000000008,95.84100000000008,0,0,0,0,0,0,0,0,0,1,1,0,0,0,0,0,0,0,0,0,11
CCCCCCCCCC1CCC(CC1)C2CCCCC2,552.0,2.309186371474732,1.097668860754178,2.309186371474732,1.097668860754178,0.3855156539252151,292.55100000000004,252.23099999999997,292.31300128,124,-0.0385643186414448,-0.0653823832227926,0.0653823832227926,0.0385643186414448,0.5714285714285714,1.1428571428571428,1.809523809523809,14.332218133227949,9.701256160223164,2.275588907115068,-2.355350803239779,2.4052957687035685,-2.231374307809689,4.79442193757631,0.16196521449441,1.468520356076874,230.42286534333687,14.752866087740191,14.752866087740191,14.752866087740191,10.398178147766924,10.398178147766922,10.398178147766922,8.088891172059283,8.088891172059283,6.423833945275052,6.423833945275052,4.944002456946062,4.944002456946062,0.0,81839.1609404786,17.355371900826448,10.680473372781066,6.742976066597294,134.02643100870327,0.0,0.0,0.0,0.0,0.0,0.0,0.0,0.0,103.2360615435808,30.5953613843362,0.0,0.0,0.0,0.0,17.75371813848418,116.07770478943284,0.0,0.0,0.0,0.0,0.0,0.0,0.0,17.75371813848418,116.07770478943284,0.0,0.0,0.0,0.0,0.0,0.0,0.0,17.75371813848418,64.20821622926012,44.94575136048208,0.0,6.923737199690624,0.0,0.0,0.0,0.0,0.0,3.3419832098224536,0.0,25.848830418702818,2.309186371474732,0.0,1.0,21,0,0,2,2,0,0,0,0,0,9,2,2,2,7.513800000000008,94.63300000000008,0,0,0,0,0,0,0,0,0,0,0,0,0,0,0,0,0,0,0,0,5
C1(CCCCC1)C(C(CCCCCC)C)C1CCCCC1,569.0,2.610936318972034,0.993570483749055,2.610936318972034,0.993570483749055,0.40956729731735,292.55100000000004,252.23099999999997,292.31300128,124,-0.033162649713265,-0.0653823832174963,0.0653823832174963,0.033162649713265,0.7142857142857143,1.238095238095238,1.7142857142857142,14.393634930465645,9.641044618680674,2.340003380277524,-2.4125770687204904,2.442890641823001,-2.31881668639805,4.843814904462872,0.0888355447519007,1.889130112871497,226.76392511682732,14.91600279455672,14.91600279455672,14.91600279455672,10.325698502695488,10.325698502695488,10.325698502695488,8.200149652467557,8.200149652467557,6.5584069799480975,6.5584069799480975,5.437804983902796,5.437804983902796,0.0,75351.38271074656,17.355371900826448,9.9039780521262,5.6055363321799305,134.02643100870324,0.0,0.0,0.0,0.0,0.0,0.0,0.0,0.0,110.15979874327142,23.671624184645573,0.0,0.0,0.0,0.0,23.671624184645573,110.15979874327142,0.0,0.0,0.0,0.0,0.0,0.0,0.0,23.671624184645573,110.15979874327142,0.0,0.0,0.0,0.0,0.0,0.0,0.0,23.671624184645573,70.62903785218613,25.68328649170404,0.0,13.847474399381248,0.0,0.0,0.0,0.0,0.0,4.241974941211052,0.0,22.650771244448187,4.940587147674089,0.0,1.0,21,0,0,2,2,0,0,0,0,0,8,2,2,2,7.369700000000008,94.56300000000007,0,0,0,0,0,0,0,0,0,0,0,0,0,0,0,0,0,0,0,0,2
CCCCCCCCCCCC1CCCC2CCCCC12,611.0,2.307672272702269,1.1190779676705902,2.307672272702269,1.1190779676705902,0.3652686624264322,292.551,252.23099999999997,292.31300128,124,-0.0357415889878698,-0.0653823832227926,0.0653823832227926,0.0357415889878698,0.6190476190476191,1.238095238095238,2.0,14.389792919946702,9.641990482327374,2.3350414429689783,-2.4127644913925854,2.4500899046017124,-2.304484599621972,4.845632607567073,0.0960939321355115,1.479311534237785,242.4228653433368,14.752866087740191,14.752866087740191,14.752866087740191,10.415014900172531,10.41501490017253,10.41501490017253,8.01647689079267,8.01647689079267,6.401668418299143,6.401668418299143,5.14726558934235,5.14726558934235,0.0,79130.9771972934,17.355371900826448,10.680473372781066,6.328125,134.02643100870327,0.0,0.0,0.0,0.0,0.0,0.0,0.0,0.0,109.65688316650682,24.174539761410188,0.0,0.0,0.0,0.0,17.75371813848418,116.07770478943284,0.0,0.0,0.0,0.0,0.0,0.0,0.0,17.75371813848418,116.07770478943284,0.0,0.0,0.0,0.0,0.0,0.0,0.0,17.75371813848418,70.62903785218613,38.524929737556064,0.0,6.923737199690624,0.0,0.0,0.0,0.0,0.0,3.394642316738865,0.0,25.797685410558863,2.307672272702269,0.0,1.0,21,0,0,2,2,0,0,0,0,0,10,2,2,2,7.513800000000008,94.63300000000008,0,0,0,0,0,0,0,0,0,0,0,1,0,0,0,0,0,0,0,0,7
C(CCCC=CCC=CCC=CCC=CCC=CCC)(=O)OC,652.0,10.90115772144297,-0.1274517347202659,10.90115772144297,0.1274517347202659,0.2336593801948504,316.485,284.229,316.240230264,128,0.3050133964500436,-0.4689952918235568,0.4689952918235568,0.3050133964500436,0.7391304347826086,1.173913043478261,1.608695652173913,16.52295294031437,10.184884196411078,1.9589242659433268,-1.9475700685323172,1.997686822251569,-1.979887633559736,5.685008945110682,-0.1401995585774773,3.472526298825533,411.5575067019464,17.01237911173403,14.746853522316368,14.746853522316368,11.308060412490448,8.626306324012845,8.626306324012845,5.176441074349247,5.176441074349247,3.13706025469039,3.13706025469039,1.834900679038376,1.834900679038376,-1.83,108402.616434975,21.17,18.21957858205256,18.1205563297286,141.8651454843911,4.736862953800049,0.0,0.0,0.0,5.969305287951849,4.794537184071822,0.0,0.0,67.68393826802944,44.94575136048208,6.4208216229260096,7.109797541277533,9.53140013787187,5.969305287951849,0.0,58.29031018309871,7.109797541277533,60.76020106833881,0.0,0.0,0.0,13.079102829229384,9.53140013787187,0.0,58.29031018309871,60.76020106833881,0.0,26.3,0.0,4.794537184071822,5.969305287951849,6.4208216229260096,44.94575136048208,7.109797541277533,0.0,0.0,72.42080122182949,0.0,4.591372082033103,10.90115772144297,0.0,0.0,-0.1274517347202659,0.0,29.22212017995417,2.15024821135553,1.429220206601159,0.4761904761904761,23,0,2,0,0,0,0,2,0,2,13,0,0,0,6.081100000000006,100.32600000000004,0,0,0,0,0,0,1,1,10,0,0,0,1,1,0,0,1,0,0,0,1
C(CCCC=CCC=CCC=CCC=CCCCCC)(=O)OC,658.0,10.90408597287076,-0.1241784210374943,10.90408597287076,0.1241784210374943,0.2131412376015531,318.50100000000003,284.229,318.255880328,130,0.3050133964500436,-0.4689952918235568,0.4689952918235568,0.3050133964500436,0.7391304347826086,1.2173913043478262,1.6956521739130437,16.522953203756416,10.163391386400734,1.9590854736709613,-1.94761807545561,2.012716485299741,-1.9798876354763413,5.685002752890942,-0.1401996105784454,3.421879698101224,375.3028081674997,17.01237911173403,15.006366546310211,15.006366546310211,11.308060412490448,8.976476409751784,8.976476409751784,5.556867918480198,5.556867918480198,3.436870003144171,3.436870003144171,2.0272563302029174,2.0272563302029174,-1.5699999999999998,108402.616434975,21.43,18.47894762604013,18.381182027993383,142.55474851657536,4.736862953800049,0.0,0.0,0.0,5.969305287951849,4.794537184071822,0.0,0.0,68.37354130021369,44.94575136048208,6.4208216229260096,7.109797541277533,9.53140013787187,5.969305287951849,0.0,71.13195342895074,7.109797541277533,48.60816085467105,0.0,0.0,0.0,13.079102829229384,9.53140013787187,0.0,71.13195342895074,48.60816085467105,0.0,26.3,0.0,4.794537184071822,5.969305287951849,6.4208216229260096,32.10410811463005,32.79308403298157,0.0,0.0,60.268761008161725,0.0,4.594300333460892,10.90408597287076,0.0,0.0,-0.1241784210374943,0.0,28.12354976630901,2.2370537669110857,1.4318552481524054,0.5714285714285714,23,0,2,0,0,0,0,2,0,2,14,0,0,0,6.305100000000007,100.42000000000009,0,0,0,0,0,0,1,1,8,0,0,0,1,1,0,0,1,0,0,0,3
C(CCC)C1C(CCC1)CCCCCCCCCCCC,622.0,2.339496718979213,1.100477450869524,2.339496718979213,1.100477450869524,0.2854802706750572,294.56699999999995,252.23099999999997,294.328651344,126,-0.0385844054768163,-0.0653823832227926,0.0653823832227926,0.0385844054768163,0.5238095238095238,0.9523809523809524,1.4761904761904765,14.308162006832577,9.86858407627447,2.251733831901524,-2.1875077078907954,2.378982464231242,-2.073734331166161,4.769208974594026,0.3249266594718919,1.8691950607232264,208.0838499786226,15.175515818550563,15.175515818550563,15.175515818550563,10.380540057561882,10.38054005756188,10.38054005756188,7.563947145676954,7.563947145676954,5.673433276375333,5.673433276375333,4.233988675961087,4.233988675961087,0.0,69244.18382279454,19.047619047619047,13.648393194706994,9.585798816568047,135.0322621622325,0.0,0.0,0.0,0.0,0.0,0.0,0.0,0.0,123.00144198912344,11.835812092322788,0.0,0.0,0.0,0.0,11.835812092322788,123.00144198912344,0.0,0.0,0.0,0.0,0.0,0.0,0.0,11.835812092322788,123.00144198912344,0.0,0.0,0.0,0.0,0.0,0.0,0.0,11.835812092322788,89.89150272096417,19.26246486877803,0.0,13.847474399381248,0.0,0.0,0.0,0.0,0.0,2.2028791638830905,0.0,25.32155541499309,4.642232087790483,0.0,1.0,21,0,0,1,1,0,0,0,0,0,14,1,1,1,7.903900000000008,96.81700000000008,0,0,0,0,0,0,0,0,0,0,0,0,0,0,0,0,0,0,0,0,8
C(CCCCCCC)C1C(CCC1)CCCCCCCC,631.0,2.31089211317403,1.103534213067943,2.31089211317403,1.103534213067943,0.2854802706750572,294.567,252.23099999999997,294.328651344,126,-0.0385844040904784,-0.0653823832227926,0.0653823832227926,0.0385844040904784,0.5238095238095238,0.9047619047619048,1.3333333333333333,14.30981606279403,9.864637182986248,2.253369762179672,-2.191572259678196,2.3812745970932365,-2.076140068201211,4.771150204280239,0.3218106317848462,1.975093844159821,186.08384997862265,15.175515818550563,15.175515818550563,15.175515818550563,10.38054005756188,10.38054005756188,10.38054005756188,7.563947145676953,7.563947145676953,5.673433276375333,5.673433276375333,4.247425402729925,4.247425402729925,0.0,68993.93391484361,19.047619047619047,13.648393194706994,9.585798816568047,135.0322621622325,0.0,0.0,0.0,0.0,0.0,0.0,0.0,0.0,123.00144198912344,11.835812092322788,0.0,0.0,0.0,0.0,11.835812092322788,123.00144198912344,0.0,0.0,0.0,0.0,0.0,0.0,0.0,11.835812092322788,123.00144198912344,0.0,0.0,0.0,0.0,0.0,0.0,0.0,11.835812092322788,83.47068109803816,25.68328649170404,0.0,13.847474399381248,0.0,0.0,0.0,0.0,0.0,2.207068426135886,0.0,25.33781401418272,4.62178422634806,0.0,1.0,21,0,0,1,1,0,0,0,0,0,14,1,1,1,7.903900000000008,96.81700000000008,0,0,0,0,0,0,0,0,0,0,0,0,0,0,0,0,0,0,0,0,8
CCCCCCCCCCCCCCCC1CCCCC1,687.0,2.30075597730595,1.1032020823887982,2.30075597730595,1.1032020823887982,0.2841918623159987,294.567,252.23099999999997,294.328651344,126,-0.0414285788501592,-0.0653823832227926,0.0653823832227926,0.0414285788501592,0.5238095238095238,0.9523809523809524,1.4285714285714286,14.176799669735,9.853709590205936,2.1166182856037503,-2.2064372240101195,2.276312722148243,-2.051620619153207,4.651966879096705,0.3275805851413992,1.6854725750449169,190.21499122004107,15.012379111734036,15.012379111734036,15.012379111734036,10.431851652578136,10.431851652578136,10.431851652578136,7.535351666467984,7.535351666467984,5.440670697680657,5.440670697680657,3.926594455831883,3.926594455831883,0.0,62219.59974658742,19.047619047619047,14.917355371900827,12.24952741020794,135.0322621622325,0.0,0.0,0.0,0.0,0.0,0.0,0.0,0.0,128.91934803528486,5.917906046161393,0.0,0.0,0.0,0.0,5.917906046161393,128.91934803528486,0.0,0.0,0.0,0.0,0.0,0.0,0.0,5.917906046161393,128.91934803528486,0.0,0.0,0.0,0.0,0.0,0.0,0.0,5.917906046161393,121.99561083559423,0.0,0.0,6.923737199690624,0.0,0.0,0.0,0.0,0.0,1.1032020823887982,0.0,28.42937527363859,2.30075597730595,0.0,1.0,21,0,0,1,1,0,0,0,0,0,14,1,1,1,8.048000000000007,96.88700000000009,0,0,0,0,0,0,0,0,0,0,0,0,0,0,0,0,0,0,0,0,11
CC(CCC(CCC(C)C)(CC(C)C)C1CCCCC1)C,607.0,2.446750992063492,0.6558796296296296,2.446750992063492,0.6558796296296296,0.4134259525169276,294.56700000000006,252.23099999999997,294.328651344,126,-0.0266537076863357,-0.0627732589857926,0.0627732589857926,0.0266537076863357,0.7142857142857143,1.1904761904761905,1.5714285714285714,14.435530372209092,9.598528657134336,2.384186925416099,-2.4528134458462554,2.497754876406734,-2.343993786174735,4.892553826288577,0.0543203153710265,2.866073199384432,243.21187563522585,15.880468888623982,15.880468888623982,15.880468888623982,9.854678373831703,9.854678373831703,9.854678373831703,9.16032126649753,9.16032126649753,5.725129263318838,5.725129263318838,4.584317970979154,4.584317970979154,0.0,31248.205079008272,19.047619047619047,9.209183673469388,6.742976066597294,135.03226216223246,0.0,0.0,0.0,0.0,0.0,0.0,0.0,0.0,73.64653131277379,61.1907227686724,0.0,0.0,0.0,0.0,29.08661465404235,105.75063942740384,0.0,0.0,0.0,0.0,0.0,0.0,0.0,29.08661465404235,105.75063942740384,0.0,0.0,0.0,0.0,0.0,0.0,5.41499046939678,23.671624184645573,64.20821622926012,0.0,0.0,41.54242319814374,0.0,0.0,0.0,0.0,0.6558796296296296,3.5932931783824635,0.0,14.815855694129503,14.518304831191738,0.0,1.0,21,0,0,1,1,0,0,0,0,0,9,1,1,1,7.471600000000008,96.60700000000008,0,0,0,0,0,0,0,0,0,0,0,0,0,0,0,0,0,0,0,0,0
C(CCCCC)C(CCCCCC)=CCCCCCCC,663.0,2.601028911564626,1.3339317208364827,2.601028911564626,1.3339317208364827,0.1985720155184125,294.567,252.23099999999997,294.328651344,126,-0.0320316152543065,-0.0853315611417055,0.0853315611417055,0.0320316152543065,0.5238095238095238,0.9523809523809524,1.4285714285714286,14.0526647832911,9.982706170812842,1.9891205060103092,-2.081088499239132,2.188711833117775,-1.88121194831472,5.014566773291115,0.6142968828758268,3.850953639642357,200.07820003461552,15.59816554936094,15.391058768174393,15.391058768174393,10.346065214951231,10.025350549804866,10.025350549804866,6.686581476223345,6.686581476223345,4.443578934685332,4.443578934685332,2.940878856795714,2.940878856795714,-0.26,40942.59628321464,20.74,17.790658561296855,15.942634245187431,135.34849028357746,0.0,0.0,0.0,0.0,0.0,0.0,0.0,0.0,96.62855246523512,38.524929737556064,0.0,0.0,0.0,0.0,0.0,123.50435756588806,0.0,11.64912463690315,0.0,0.0,0.0,0.0,0.0,0.0,123.50435756588806,11.64912463690315,0.0,0.0,0.0,0.0,0.0,0.0,0.0,102.7331459668162,5.573104530069267,0.0,26.847231705905752,0.0,0.0,0.0,0.0,1.7756459698076763,0.0,0.0,24.988031132431622,6.902989564427363,0.0,0.9047619047619048,21,0,0,0,0,0,0,0,0,0,16,0,0,0,8.214100000000007,98.97700000000007,0,0,0,0,0,0,0,0,2,0,0,0,0,0,0,0,0,0,0,0,8
CCCCCCCCCCCCCCCCC1CCCC1,648.0,2.300336574653044,1.1132650689804937,2.300336574653044,1.1132650689804937,0.2679232793198842,294.567,252.23099999999997,294.328651344,126,-0.0414285760798144,-0.0653823832227926,0.0653823832227926,0.0414285760798144,0.5238095238095238,0.9047619047619048,1.3333333333333333,14.190973818308228,9.985233446759716,2.131067558525161,-2.0753578253626705,2.288157769914102,-1.9213401499196376,4.665041791168446,0.4593266734751336,1.6498864853444422,190.21499122004107,15.012379111734036,15.012379111734036,15.012379111734036,10.431851652578136,10.431851652578136,10.431851652578136,7.535351666467984,7.535351666467984,5.440670697680657,5.440670697680657,3.926594455831883,3.926594455831883,0.0,77279.80235413971,19.047619047619047,14.917355371900827,12.24952741020794,135.0322621622325,0.0,0.0,0.0,0.0,0.0,0.0,0.0,0.0,128.91934803528486,5.917906046161393,0.0,0.0,0.0,0.0,5.917906046161393,128.91934803528486,0.0,0.0,0.0,0.0,0.0,0.0,0.0,5.917906046161393,128.91934803528486,0.0,0.0,0.0,0.0,0.0,0.0,0.0,5.917906046161393,109.1539675897422,12.84164324585202,0.0,6.923737199690624,0.0,0.0,0.0,0.0,0.0,1.1132650689804937,0.0,28.41973168969979,2.300336574653044,0.0,1.0,21,0,0,1,1,0,0,0,0,0,15,1,1,1,8.048000000000007,96.88700000000009,0,0,0,0,0,0,0,0,0,0,0,0,0,0,0,0,0,0,0,0,12
CCCCCCCC(CCCCCC)CCCCCCC,651.0,2.318396632651337,1.0463973922902492,2.318396632651337,1.0463973922902492,0.2367251198199741,296.583,252.23099999999997,296.344301408,128,-0.0414285788660554,-0.0653823832227829,0.0653823832227829,0.0414285788660554,0.3809523809523809,0.6666666666666666,1.0,14.139767885140111,9.893716514621088,2.0795582071349448,-2.166423965766755,2.2387424132453693,-2.013107359313121,4.614599754381932,0.3669452028506417,3.690501649500222,158.87712379549447,15.59816554936094,15.59816554936094,15.59816554936094,10.346065214951231,10.346065214951231,10.346065214951231,7.121138104094889,7.121138104094889,4.897777478867205,4.897777478867205,3.365934284052061,3.365934284052061,0.0,40880.47175455212,21.0,18.05,16.2,136.03809331576173,0.0,0.0,0.0,0.0,0.0,0.0,0.0,0.0,129.92517918881407,5.917906046161393,0.0,0.0,0.0,0.0,5.917906046161393,129.92517918881407,0.0,0.0,0.0,0.0,0.0,0.0,0.0,5.917906046161393,129.92517918881407,0.0,0.0,0.0,0.0,0.0,0.0,0.0,5.917906046161393,109.1539675897422,0.0,0.0,20.771211599071872,0.0,0.0,0.0,0.0,0.0,1.0463973922902492,0.0,24.843863390027845,6.943072551015233,0.0,1.0,21,0,0,0,0,0,0,0,0,0,17,0,0,0,8.294000000000006,99.00100000000008,0,0,0,0,0,0,0,0,0,0,0,0,0,0,0,0,0,0,0,0,8
CC(CCCCCCCCC)CCCCCCCCCC,659.0,2.4705666292381663,0.9729011144045414,2.4705666292381663,0.9729011144045414,0.2367251198199741,296.583,252.23099999999997,296.344301408,128,-0.0442800756057576,-0.0653823832227926,0.0653823832227926,0.0442800756057576,0.4285714285714285,0.7142857142857143,1.0476190476190477,14.07864625362686,9.955424190576956,2.01660696807036,-2.106530714654771,2.1830768889386856,-1.948582678808437,4.555879906781961,0.4302799337102037,3.107910855070099,172.8771237954945,15.59816554936094,15.59816554936094,15.59816554936094,10.308060412490448,10.308060412490446,10.308060412490446,7.278716062424723,7.278716062424723,4.850953631303899,4.850953631303899,3.220926384620627,3.220926384620627,0.0,39413.028638590746,21.0,18.05,17.950138504155124,136.03809331576173,0.0,0.0,0.0,0.0,0.0,0.0,0.0,0.0,129.92517918881407,5.917906046161393,0.0,0.0,0.0,0.0,5.917906046161393,129.92517918881407,0.0,0.0,0.0,0.0,0.0,0.0,0.0,5.917906046161393,129.92517918881407,0.0,0.0,0.0,0.0,0.0,0.0,0.0,5.917906046161393,109.1539675897422,0.0,0.0,20.771211599071872,0.0,0.0,0.0,0.0,0.0,0.9729011144045414,0.0,24.79315826864262,7.067273950286175,0.0,1.0,21,0,0,0,0,0,0,0,0,0,17,0,0,0,8.294000000000006,99.00100000000008,0,0,0,0,0,0,0,0,0,0,0,0,0,0,0,0,0,0,0,0,11
CC(C)C(CCCCCCCCCCCCCCCC)C,659.0,2.4096441112694627,0.8675671892476275,2.4096441112694627,0.8675671892476275,0.2519874932089157,296.583,252.23099999999997,296.344301408,128,-0.0419610986082884,-0.0653823832227926,0.0653823832227926,0.0419610986082884,0.4761904761904761,0.8095238095238095,1.1428571428571428,14.112199029698012,9.91854430977066,2.0518545227414564,-2.1417150518035166,2.185295002904614,-2.026246834208688,4.572444524335093,0.374049158793389,3.0262611795336496,182.4773317567079,15.76130225617747,15.76130225617747,15.76130225617747,10.180739212552622,10.180739212552622,10.180739212552622,7.606170032356378,7.606170032356378,5.151090524544384,5.151090524544384,2.9941898243234344,2.9941898243234344,0.0,34902.25822687786,21.0,16.3718820861678,16.2,136.03809331576176,0.0,0.0,0.0,0.0,0.0,0.0,0.0,0.0,124.00727314265268,11.835812092322788,0.0,0.0,0.0,0.0,11.835812092322788,124.00727314265268,0.0,0.0,0.0,0.0,0.0,0.0,0.0,11.835812092322788,124.00727314265268,0.0,0.0,0.0,0.0,0.0,0.0,0.0,11.835812092322788,96.31232434389018,0.0,0.0,27.694948798762496,0.0,0.0,0.0,0.0,0.0,1.7863878137836768,0.0,21.96283352546644,9.417445327416551,0.0,1.0,21,0,0,0,0,0,0,0,0,0,16,0,0,0,8.149900000000008,98.9310000000001,0,0,0,0,0,0,0,0,0,0,0,0,0,0,0,0,0,0,0,0,12
CC(C)CC(CC(CCCCCCCCCCCC)C)C,698.0,2.462854306499516,0.8653021060175308,2.462854306499516,0.8653021060175308,0.268400927621001,296.5829999999999,252.23099999999997,296.344301408,128,-0.0437835195280409,-0.0653823832227926,0.0653823832227926,0.0437835195280409,0.5238095238095238,1.0,1.4761904761904765,14.156419477221483,9.876194952467248,2.0965836395722235,-2.1835812202329365,2.2292759760417296,-2.057902214445632,4.618257776874761,0.3361270945930733,3.2636998271420974,194.21499122004107,15.924438962994,15.924438962994,15.924438962994,10.057749310264368,10.057749310264366,10.057749310264366,8.04625045188774,8.04625045188774,4.728988117629529,4.728988117629529,3.6859369000168702,3.6859369000168702,0.0,28042.19827779668,21.0,14.917355371900827,16.2,136.03809331576173,0.0,0.0,0.0,0.0,0.0,0.0,0.0,0.0,105.24772385063925,30.5953613843362,0.0,0.0,0.0,0.0,17.75371813848418,118.08936709649127,0.0,0.0,0.0,0.0,0.0,0.0,0.0,17.75371813848418,118.08936709649127,0.0,0.0,0.0,0.0,0.0,0.0,0.0,17.75371813848418,83.47068109803816,0.0,0.0,34.61868599845312,0.0,0.0,0.0,0.0,0.0,2.7226304384569326,0.0,18.87754988495004,11.899819676593026,0.0,1.0,21,0,0,0,0,0,0,0,0,0,15,0,0,0,8.005800000000008,98.86100000000008,0,0,0,0,0,0,0,0,0,0,0,0,0,0,0,0,0,0,0,0,8
CC(C)CC(CCCCCCCCCCCC)CC(C)C,639.0,2.380821993574345,0.8721025453517612,2.380821993574345,0.8721025453517612,0.268400927621001,296.5829999999999,252.23099999999997,296.344301408,128,-0.0409421986113401,-0.0653823832227926,0.0653823832227926,0.0409421986113401,0.5238095238095238,0.9047619047619048,1.2857142857142858,14.178446454168506,9.853860877148463,2.119401146224208,-2.2051305852748246,2.2528186403932646,-2.0781264841582336,4.641125815008939,0.3148203272141703,3.442801266953325,182.21499122004104,15.924438962994,15.924438962994,15.924438962994,10.057749310264366,10.057749310264366,10.057749310264366,8.095779274744451,8.095779274744451,4.575401534537798,4.575401534537798,3.5857102075624647,3.5857102075624647,0.0,27785.31684491884,21.0,14.917355371900827,16.2,136.03809331576173,0.0,0.0,0.0,0.0,0.0,0.0,0.0,0.0,105.24772385063925,30.5953613843362,0.0,0.0,0.0,0.0,17.75371813848418,118.08936709649127,0.0,0.0,0.0,0.0,0.0,0.0,0.0,17.75371813848418,118.08936709649127,0.0,0.0,0.0,0.0,0.0,0.0,0.0,17.75371813848418,83.47068109803816,0.0,0.0,34.61868599845312,0.0,0.0,0.0,0.0,0.0,2.729430877791163,0.0,18.94982008878321,11.820749033425628,0.0,1.0,21,0,0,0,0,0,0,0,0,0,15,0,0,0,8.005800000000008,98.86100000000008,0,0,0,0,0,0,0,0,0,0,0,0,0,0,0,0,0,0,0,0,8
C(CCCCCCCCCCCCC)(=O)OCCCCCCC,690.0,11.570032969252292,0.0105700684468446,11.570032969252292,0.0105700684468446,0.1964931942000085,326.5650000000001,284.229,326.318480584,138,0.305277515512331,-0.4656750045271265,0.4656750045271265,0.305277515512331,0.5652173913043478,0.9565217391304348,1.434782608695652,16.532364890394962,10.053468128782114,2.0190606969496017,-2.0491615799292844,2.1186237038078684,-2.051048589714207,5.686931765509572,-0.1434396083607959,3.1146715095687414,237.9960685996935,17.01237911173403,16.044418642285585,16.044418642285585,11.308060412490448,10.464690378025043,10.464690378025043,6.920217648763316,6.920217648763316,4.495394899343332,4.495394899343332,2.897339610492516,2.897339610492516,-0.53,105986.20919565734,22.47,19.51657661853749,19.423534537298732,145.31316064531242,4.736862953800049,0.0,0.0,0.0,5.969305287951849,4.794537184071822,0.0,0.0,103.7389771203454,12.84164324585202,6.4208216229260096,6.606881964512918,9.53140013787187,5.969305287951849,0.0,123.00144198912344,6.606881964512918,0.0,0.0,0.0,0.0,12.576187252464766,9.53140013787187,0.0,123.00144198912344,0.0,0.0,26.3,0.0,4.794537184071822,5.969305287951849,13.027703587438928,12.84164324585202,89.89150272096417,0.0,0.0,13.847474399381248,4.736862953800049,5.275134393420586,11.570032969252292,0.0,0.0,0.0105700684468446,0.0,21.20219320750484,5.108736028042108,0.0,0.9523809523809524,23,0,2,0,0,0,0,2,0,2,18,0,0,0,7.201100000000008,100.79600000000008,0,0,0,0,0,0,1,1,0,0,0,0,1,1,0,0,0,0,0,0,13
C(C)(=O)OCCCCCCCCCCCCCCCCCCC,685.0,10.59336674202949,-0.1513953172465441,10.59336674202949,0.1513953172465441,0.1964931942000084,326.56500000000005,284.229,326.318480584,138,0.3021228679261035,-0.4658776866679909,0.4658776866679909,0.3021228679261035,0.5652173913043478,0.8695652173913043,1.173913043478261,16.53147088912851,10.036035171121965,1.9546438830812751,-2.0372738393250818,2.134781749856242,-1.995039365503552,5.653211604668147,-0.1405761588185987,2.959395651078142,237.9960685996935,17.012379111734035,16.044418642285585,16.044418642285585,11.270055610029663,10.404030206245222,10.404030206245222,6.996897585818915,6.996897585818915,4.553216162902931,4.553216162902931,3.042833329700217,3.042833329700217,-0.53,100276.28594307334,22.47,19.51657661853749,21.47,145.31316064531242,4.736862953800049,0.0,0.0,0.0,5.969305287951849,4.794537184071822,0.0,0.0,109.65688316650682,6.4208216229260096,6.923737199690624,6.606881964512918,9.53140013787187,5.969305287951849,0.0,123.00144198912344,6.606881964512918,0.0,0.0,0.0,0.0,12.576187252464766,9.53140013787187,0.0,123.00144198912344,0.0,0.0,26.3,0.0,4.794537184071822,5.969305287951849,6.606881964512918,6.4208216229260096,109.65688316650682,0.0,0.0,6.923737199690624,4.736862953800049,4.927187598937158,10.59336674202949,0.0,0.0,-0.1513953172465441,0.0,23.42913333731336,4.368374305633205,0.0,0.9523809523809524,23,0,2,0,0,0,0,2,0,2,18,0,0,0,7.201100000000008,100.79600000000008,0,0,0,0,0,0,1,1,0,0,0,0,1,1,0,0,0,0,0,0,16
CCCCCCCCCCCCCCCCCC(=O)OC(C)C,703.0,11.365151688859273,-0.0326906460377507,11.365151688859273,0.0267042741626439,0.2085441631633015,326.565,284.229,326.318480584,138,0.3055337242115604,-0.4629533082631881,0.4629533082631881,0.3055337242115604,0.6521739130434783,1.0,1.3478260869565215,16.541566528489792,10.038146712306364,2.0384863510844315,-2.07002925464764,2.134078639651202,-2.1024487841268207,5.688957051599916,-0.1470138764189255,3.0647019448162376,248.22612445429417,17.175515818550565,16.207555349102115,16.207555349102115,11.163902460147016,10.359311261018451,10.359311261018451,7.238361856412394,7.238361856412394,4.35160234728316,4.35160234728316,2.962475187487532,2.962475187487532,-0.53,87065.47801473933,22.47,17.81810791583061,19.423534537298732,145.31316064531242,4.736862953800049,0.0,0.0,0.0,5.969305287951849,4.794537184071822,0.0,0.0,96.8152399206548,20.268296022307258,6.4208216229260096,6.103966387748303,9.53140013787187,5.969305287951849,0.0,129.60832395363636,0.0,0.0,0.0,0.0,0.0,12.073271675700152,9.53140013787187,0.0,123.50435756588806,0.0,0.0,26.3,0.0,4.794537184071822,12.073271675700152,6.4208216229260096,6.4208216229260096,89.89150272096417,0.0,13.847474399381248,6.923737199690624,4.736862953800049,5.130385890719245,11.365151688859273,0.0,0.0,-0.0326906460377507,0.0,20.94434096337711,6.0928121030821245,0.0,0.9523809523809524,23,0,2,0,0,0,0,2,0,2,17,0,0,0,7.199500000000008,100.77400000000009,0,0,0,0,0,0,1,1,0,0,0,0,1,1,0,0,0,0,0,0,13
C(C)C(C(=O)OC(CC)(CC)CC)(CCCCCCCC)CC,673.0,12.963586502132229,-0.2683369945200298,12.963586502132229,0.0570446218610902,0.2522289235285284,326.56500000000005,284.229,326.318480584,138,0.3120957593860663,-0.4586879420170626,0.4586879420170626,0.3120957593860663,0.6956521739130435,1.173913043478261,1.608695652173913,16.556258385395306,9.769693415939306,2.3980725822780777,-2.368075493654457,2.374165189975044,-2.405420628189595,5.767869337664382,-0.175060320119374,4.691765021677688,292.6987678484532,17.769738424614747,16.8017779551663,16.8017779551663,10.991788115520505,10.22633346637472,10.22633346637472,7.1383962448961,7.1383962448961,6.037666324781656,6.037666324781656,3.50941008088282,3.50941008088282,-0.53,80017.87222419388,22.47,11.922035506451158,6.849855037225392,145.3131606453124,4.736862953800049,5.601050810983688,0.0,0.0,5.969305287951849,4.794537184071822,0.0,0.0,80.06735293569982,38.524929737556064,0.0,5.41499046939678,9.53140013787187,5.969305287951849,5.41499046939678,124.19333348423956,0.0,0.0,0.0,0.0,0.0,11.570356098935536,9.53140013787187,5.41499046939678,118.59228267325588,0.0,0.0,26.3,0.0,4.794537184071822,16.985346568332318,0.0,44.94575136048208,32.10410811463005,0.0,0.0,41.54242319814374,4.736862953800049,6.089571045436847,12.963586502132229,0.0,-0.5244885615326622,0.0570446218610902,0.0,13.144338078462042,12.93661498030712,0.0,0.9523809523809524,23,0,2,0,0,0,0,2,0,2,14,0,0,0,7.0554000000000086,100.7040000000001,0,0,0,0,0,0,1,1,0,0,0,0,1,1,0,0,0,0,0,0,4
C(CCCCCc1ccccc1)CCCCc2ccccc2,602.0,2.242794039131556,1.2479321871379814,2.242794039131556,1.2479321871379814,0.4098586694363098,294.482,264.242,294.23475096,118,-0.0278872279393073,-0.0622487389243358,0.0622487389243358,0.0278872279393073,0.3636363636363636,0.6818181818181818,1.0454545454545454,14.01203359444904,10.026211646055112,1.951668556411047,-2.034318032373517,2.123326769750821,-1.870152581078845,5.14668471202037,0.567354539927562,1.3709393190176262,424.4062014949255,15.296836162110209,13.844570503761735,13.844570503761735,10.94948974278318,9.028473986232466,9.028473986232466,6.2996242440531685,6.2996242440531685,4.366552983937877,4.366552983937877,3.0082629379284005,3.0082629379284005,-1.5599999999999996,143019.9661780205,16.80443250167075,11.0666376657086,7.448788854983894,136.1379184695271,0.0,0.0,0.0,0.0,0.0,0.0,0.0,0.0,99.1886004221722,36.81018947509803,0.0,0.0,0.0,0.0,0.0,64.20821622926012,0.0,71.7905736680101,0.0,0.0,0.0,0.0,12.84164324585202,0.0,62.49347596680208,60.6636706846161,0.0,0.0,0.0,0.0,0.0,0.0,0.0,75.3351192126541,0.0,0.0,60.6636706846161,0.0,0.0,0.0,0.0,2.978540686108188,0.0,21.74270675742808,13.612085889797068,0.0,0.0,0.4545454545454545,22,0,0,0,0,2,2,0,0,0,11,0,0,2,6.592600000000006,97.22800000000008,0,0,0,0,0,0,0,0,0,2,2,0,0,0,0,0,0,0,0,0,7
CCCCCCCCCCCCc1cccc2ccccc12,592.0,2.301650602795812,1.2339814814814811,2.301650602795812,1.2339814814814811,0.3814160450537303,296.498,264.242,296.250401024,120,-0.0151924550550959,-0.0653823832227926,0.0653823832227926,0.0151924550550959,0.5909090909090909,1.181818181818182,1.9090909090909087,14.049252952033369,9.987803342372768,1.9975856750612755,-2.0642016920010917,2.204387792663542,-1.8824128383530847,5.850936955358925,0.5563779507932919,1.585360155561624,521.0542779533675,15.45997286892674,14.319626477379408,14.319626477379408,10.915014900172531,9.38202737682574,9.38202737682574,6.570252794878023,6.570252794878023,4.679603601562873,4.679603601562873,3.31337980408234,3.31337980408234,-1.2999999999999998,129670.50043969716,17.06016904160207,10.429973201713878,5.830014230413278,136.49237302399152,0.0,0.0,0.0,0.0,0.0,0.0,0.0,0.0,107.17570128525604,29.177543166478607,0.0,0.0,0.0,10.772448428929591,0.0,77.55277505187675,0.0,48.02802097092827,0.0,0.0,0.0,0.0,6.4208216229260096,0.0,76.69540492064773,42.46456947923127,10.772448428929591,0.0,0.0,0.0,0.0,0.0,0.0,86.9649377728127,0.0,0.0,49.38830667892189,0.0,0.0,0.0,2.826854999999425,1.5256163124083053,0.0,15.496776429982626,15.363109390057833,2.287642867551813,0.0,0.5454545454545454,22,0,0,0,0,2,2,0,0,0,11,0,0,2,7.303200000000007,99.49600000000008,0,0,0,0,0,0,0,0,0,1,2,1,0,0,0,0,0,0,0,0,8
CCCCCCCCCCCCc1ccc2ccccc2c1,626.0,2.364150602795812,1.2374348072562358,2.364150602795812,1.2374348072562358,0.3814160450537303,296.498,264.242,296.250401024,120,-0.0181300279826149,-0.0653823832227926,0.0653823832227926,0.0181300279826149,0.5909090909090909,1.181818181818182,1.8636363636363635,14.02738302689379,10.010899218025006,1.9715244085409376,-2.045429097642733,2.1758971167847534,-1.868578922030356,5.824596823442074,0.5561843551430393,1.5427603092253344,526.3042779533677,15.45997286892674,14.319626477379408,14.319626477379408,10.898178147766924,9.376044312682032,9.376044312682032,6.613483488416777,6.613483488416777,4.632881920581221,4.632881920581221,3.2108525318627086,3.2108525318627086,-1.2999999999999998,126953.95451684724,17.06016904160207,10.429973201713878,6.2160054748591484,136.49237302399152,0.0,0.0,0.0,0.0,0.0,0.0,0.0,0.0,107.17570128525604,29.177543166478607,0.0,0.0,0.0,10.772448428929591,0.0,77.55277505187675,0.0,48.02802097092827,0.0,0.0,0.0,0.0,6.4208216229260096,0.0,76.69540492064773,42.46456947923127,10.772448428929591,0.0,0.0,0.0,0.0,0.0,0.0,86.9649377728127,0.0,0.0,49.38830667892189,0.0,0.0,0.0,2.737409492629811,1.498394090186083,0.0,15.59125065226958,15.385701494301491,2.287244270613037,0.0,0.5454545454545454,22,0,0,0,0,2,2,0,0,0,11,0,0,2,7.303200000000007,99.49600000000008,0,0,0,0,0,0,0,0,0,1,2,1,0,0,0,0,0,0,0,0,8
CCCCCCc1ccc2cc(CCCCCC)ccc2c1,592.0,2.391013873141849,1.2308622817963475,2.391013873141849,1.2308622817963475,0.4106077623024005,296.49799999999993,264.242,296.250401024,120,-0.0181100426811393,-0.0653823817435942,0.0653823817435942,0.0181100426811393,0.5454545454545454,1.0,1.4090909090909092,14.05152278213702,9.987008138178265,1.9985731255880927,-2.06607688042292,2.2038268908317566,-1.8861187629218967,5.833818536614543,0.6665005665451258,1.9275728893164663,501.7169076838233,15.62310957574327,14.535169427003234,14.535169427003234,10.83002980034506,9.347388086984814,9.347388086984814,6.637175661605142,6.637175661605142,4.607074593354053,4.607074593354053,3.1674788954205884,3.1674788954205884,-1.2999999999999998,114752.90330479103,17.06016904160207,9.663332351414663,5.478890665768873,136.4923730239915,0.0,0.0,0.0,0.0,0.0,0.0,0.0,0.0,88.77060654770699,47.58263790402763,0.0,0.0,0.0,10.772448428929591,0.0,78.05569062864136,0.0,47.52510539416365,0.0,0.0,0.0,0.0,12.84164324585202,0.0,76.34095036618332,36.39820241076966,10.772448428929591,0.0,0.0,0.0,0.0,0.0,0.0,86.10756764158369,0.0,0.0,50.2456768101509,0.0,0.0,0.0,2.815369845469052,2.998701585444912,0.0,14.078004535147391,13.227239517931816,4.547351182673495,0.0,0.5454545454545454,22,0,0,0,0,2,2,0,0,0,10,0,0,2,7.085400000000006,99.64000000000009,0,0,0,0,0,0,0,0,0,2,2,1,0,0,0,0,0,0,0,0,4
CCCCCCC(CCCCC)c1ccc2ccccc2c1,582.0,2.4362762188208618,0.7574187452758878,2.4362762188208618,0.7574187452758878,0.3986701135530308,296.498,264.242,296.250401024,120,-0.0161736217740536,-0.0653823832118381,0.0653823832118381,0.0161736217740536,0.6818181818181818,1.318181818181818,2.0454545454545454,14.16357516977192,9.870973073973587,2.11338719002621,-2.1793539934996677,2.301768167575493,-1.996754046354035,5.826285466625758,0.5013705157882016,2.059803738044805,540.4845370363427,15.62310957574327,14.48276318419594,14.48276318419594,10.846866552750669,9.334769418797844,9.334769418797844,6.648628663161454,6.648628663161454,4.807204892981163,4.807204892981163,3.397654851632792,3.397654851632792,-1.2999999999999998,120016.43893645937,17.06016904160207,9.663332351414663,5.158558233320711,136.4923730239915,0.0,0.0,0.0,0.0,0.0,0.0,0.0,0.0,101.25779523909463,35.09544921264,0.0,0.0,0.0,10.772448428929591,0.0,77.55277505187674,0.0,48.02802097092827,0.0,0.0,0.0,0.0,0.0,0.0,83.11622654357373,42.46456947923127,10.772448428929591,0.0,0.0,0.0,0.0,0.0,5.917906046161393,68.5598430352637,5.563451491696996,0.0,56.31204387861251,0.0,0.0,0.0,2.762584160334882,1.5613903061224492,0.7574187452758878,15.865546310351505,12.294782858735784,4.591610952512829,0.0,0.5454545454545454,22,0,0,0,0,2,2,0,0,0,10,0,0,2,7.474100000000007,99.59000000000007,0,0,0,0,0,0,0,0,0,0,2,1,0,0,0,0,0,0,0,0,3
CCCCCCCCC(CCC)c1ccc2ccccc2c1,582.0,2.4233560878054927,0.7507233927521623,2.4233560878054927,0.7507233927521623,0.3986701135530308,296.498,264.242,296.250401024,120,-0.0161836873589733,-0.0653823832227926,0.0653823832227926,0.0161836873589733,0.6818181818181818,1.4090909090909092,2.1818181818181817,14.15571390393868,9.878544276982357,2.105624550968856,-2.171670031388945,2.294828236391452,-1.988742502798366,5.826276136754925,0.512345316454012,1.932528894584628,540.4845370363427,15.62310957574327,14.48276318419594,14.48276318419594,10.846866552750669,9.334769418797844,9.334769418797844,6.648628663161455,6.648628663161455,4.788202491750771,4.788202491750771,3.4589327475446257,3.4589327475446257,-1.2999999999999998,119556.74415164682,17.06016904160207,9.663332351414663,5.158558233320711,136.4923730239915,0.0,0.0,0.0,0.0,0.0,0.0,0.0,0.0,101.25779523909463,35.09544921264,0.0,0.0,0.0,10.772448428929591,0.0,77.55277505187674,0.0,48.02802097092827,0.0,0.0,0.0,0.0,0.0,0.0,83.11622654357373,42.46456947923127,10.772448428929591,0.0,0.0,0.0,0.0,0.0,5.917906046161393,68.5598430352637,5.563451491696996,0.0,56.31204387861251,0.0,0.0,0.0,2.75473420641572,1.550100177416646,0.7507233927521623,15.811334106294352,12.362970054151582,4.60347139630287,0.0,0.5454545454545454,22,0,0,0,0,2,2,0,0,0,10,0,0,2,7.474100000000007,99.59000000000007,0,0,0,0,0,0,0,0,0,0,2,1,0,0,0,0,0,0,0,0,4
CCCCCCc1cc2ccccc2cc1CCCCCC,589.0,2.4547947373393804,1.2578823381204334,2.4547947373393804,1.2578823381204334,0.4106077623024005,296.49800000000005,264.242,296.250401024,120,-0.0181099885828499,-0.0653823817435848,0.0653823817435848,0.0181099885828499,0.5909090909090909,1.0454545454545454,1.4545454545454546,14.104249717196838,9.932277836283596,2.052529618354796,-2.1195278402333826,2.235412087975281,-1.962240591786468,5.836404674675047,0.6509217189927093,2.093896393749701,502.4669076838233,15.62310957574327,14.535169427003234,14.535169427003234,10.846866552750669,9.35337115112852,9.35337115112852,6.58938940912245,6.58938940912245,4.667270022004172,4.667270022004172,3.284505855106992,3.284505855106992,-1.2999999999999998,116666.26533457008,17.06016904160207,9.663332351414663,5.158558233320711,136.4923730239915,0.0,0.0,0.0,0.0,0.0,0.0,0.0,0.0,88.77060654770696,47.58263790402762,0.0,0.0,0.0,10.772448428929591,0.0,78.05569062864136,0.0,47.52510539416365,0.0,0.0,0.0,0.0,12.84164324585202,0.0,76.34095036618332,36.39820241076966,10.772448428929591,0.0,0.0,0.0,0.0,0.0,0.0,74.98066465818971,11.126902983393991,0.0,50.24567681015091,0.0,0.0,0.0,2.815369845469052,3.2061139455782315,0.0,13.734702639932618,13.336700372582754,4.573779863104011,0.0,0.5454545454545454,22,0,0,0,0,2,2,0,0,0,10,0,0,2,7.085400000000006,99.64000000000009,0,0,0,0,0,0,0,0,0,2,2,1,0,0,0,0,0,0,0,0,4
C(CCCCCCCCCCC)C1CCCC2=CC=CC=C12,597.0,2.38438680838916,0.860179490791344,2.38438680838916,0.860179490791344,0.3729349897846959,300.53,264.242,300.281701152,124,-0.015911818193644,-0.0653823832227926,0.0653823832227926,0.015911818193644,0.8181818181818182,1.4545454545454546,2.1818181818181817,14.232502799622166,9.799887286460269,2.18267096949587,-2.2500013219646533,2.345773262036759,-2.090471516633273,5.3191882334001575,0.4804333878123004,1.510501432105895,392.7797132583328,15.45997286892674,14.786246282559798,14.786246282559798,10.915014900172531,9.993182156491986,9.993182156491986,7.258621322061577,7.258621322061577,5.39976062880625,5.39976062880625,4.032566595628066,4.032566595628066,-0.78,129670.50043969716,17.571934383357327,10.864820188966096,6.146091994015383,138.26464579631352,0.0,0.0,0.0,0.0,0.0,0.0,0.0,0.0,95.3974217027972,42.72809552125942,0.0,0.0,0.0,0.0,0.0,102.73314596681618,0.0,35.392371257240434,0.0,0.0,0.0,0.0,6.4208216229260096,0.0,107.43922732728416,24.26546827384644,0.0,0.0,0.0,0.0,0.0,0.0,5.917906046161393,89.89150272096417,11.126902983393991,0.0,31.18920547353706,0.0,0.0,0.0,0.0,3.3013920370364627,0.860179490791344,9.17352813633442,20.035225380734467,2.2963416217699697,0.0,0.7272727272727273,22,0,0,1,1,1,1,0,0,0,11,0,0,2,7.417500000000007,98.58200000000008,0,0,0,0,0,0,0,0,0,1,1,1,0,0,0,0,0,0,0,0,8
CCCCCCc1cc2CCCCc2cc1CCCCCC,609.0,2.592850292894936,1.315864197530864,2.592850292894936,1.315864197530864,0.4162091722972926,300.53000000000003,264.242,300.281701152,124,-0.0275922217411005,-0.0653823817435848,0.0653823817435848,0.0275922217411005,0.6363636363636364,1.0909090909090908,1.5,14.182543831037464,9.85343959030044,2.128769628372522,-2.200342082720203,2.2696863849353237,-2.065542419155309,5.397833886160693,0.6436288829246367,2.014489128002245,388.9096052668356,15.62310957574327,15.05419547499092,15.05419547499092,10.846866552750669,9.983127663125442,9.983127663125442,7.218055890644904,7.218055890644904,5.263402213751927,5.263402213751927,3.837680039509949,3.837680039509949,-0.78,116666.26533457008,17.571934383357327,10.081187126853283,5.448665140232981,138.2646457963135,0.0,0.0,0.0,0.0,0.0,0.0,0.0,0.0,64.50513827386052,73.62037895019607,0.0,0.0,0.0,0.0,0.0,103.7389771203454,0.0,34.386540103711205,0.0,0.0,0.0,0.0,25.68328649170404,0.0,100.30949659542934,12.13273413692322,0.0,0.0,0.0,0.0,0.0,0.0,0.0,89.89150272096417,22.253805966787983,0.0,25.980208536304467,0.0,0.0,0.0,0.0,6.726483791047284,0.0,5.185700585789872,19.14722905666122,4.60725323316829,0.0,0.7272727272727273,22,0,0,1,1,1,1,0,0,0,10,0,0,2,6.811000000000007,98.77600000000008,0,0,0,0,0,0,0,0,0,4,1,1,0,0,0,0,0,0,0,0,4
C(CCC)C1=C(C=C2CCCCC2=C1)CCCCCCCC,609.0,2.588819050768456,1.3005436945209672,2.588819050768456,1.3005436945209672,0.4162091722972926,300.53000000000003,264.242,300.281701152,124,-0.0275922217411005,-0.0653823832227824,0.0653823832227824,0.0275922217411005,0.6363636363636364,1.1363636363636365,1.7272727272727273,14.18134191710796,9.854385428442258,2.127577742628744,-2.199383833706771,2.268375798581601,-2.0647482426376063,5.397757467329688,0.6047905726495725,1.9393852397599016,429.9096052668357,15.62310957574327,15.05419547499092,15.05419547499092,10.846866552750669,9.983127663125442,9.983127663125442,7.218055890644904,7.218055890644904,5.263402213751927,5.263402213751927,3.8162334301032232,3.8162334301032232,-0.78,116914.54098254078,17.571934383357327,10.081187126853283,5.448665140232981,138.26464579631352,0.0,0.0,0.0,0.0,0.0,0.0,0.0,0.0,64.50513827386052,73.62037895019607,0.0,0.0,0.0,0.0,0.0,103.7389771203454,0.0,34.386540103711205,0.0,0.0,0.0,0.0,25.68328649170404,0.0,100.30949659542937,12.13273413692322,0.0,0.0,0.0,0.0,0.0,0.0,0.0,89.89150272096417,22.253805966787983,0.0,25.980208536304467,0.0,0.0,0.0,0.0,6.705722247296022,0.0,5.168749212648022,19.182142713090823,4.610052493631796,0.0,0.7272727272727273,22,0,0,1,1,1,1,0,0,0,10,0,0,2,6.811000000000007,98.77600000000008,0,0,0,0,0,0,0,0,0,4,1,1,0,0,0,0,0,0,0,0,4
CC(CCCC=1C=C2CCCCC2=CC1CCCC(C)C)C,600.0,2.58286470143613,0.8352020566414504,2.58286470143613,0.8352020566414504,0.5122074986356997,300.53,264.242,300.281701152,124,-0.0275922217410906,-0.0627734219859635,0.0627734219859635,0.0275922217410906,0.7272727272727273,1.1363636363636365,1.5,14.187165007373842,9.85000656142342,2.133263230020062,-2.2038830471832256,2.272427999683098,-2.070162949939277,5.397952313725321,0.5458997731130992,2.079017116144318,410.3512691305811,15.94938298937633,15.380468888623982,15.380468888623982,10.558550648063804,9.694811758438576,9.694811758438576,8.168886297696138,8.168886297696138,5.119244261408494,5.119244261408494,3.754747375076333,3.754747375076333,-0.78,81815.40479648918,17.571934383357327,8.748377092565498,5.448665140232981,138.2646457963135,0.0,0.0,0.0,0.0,0.0,0.0,0.0,0.0,52.66932618153773,85.45619104251885,0.0,0.0,0.0,0.0,11.835812092322788,91.9031650280226,0.0,34.386540103711205,0.0,0.0,0.0,0.0,25.68328649170404,11.835812092322788,88.47368450310653,12.13273413692322,0.0,0.0,0.0,0.0,0.0,0.0,11.835812092322788,64.20821622926012,22.253805966787983,0.0,39.82768293568572,0.0,0.0,0.0,0.0,6.673078966154364,1.6704041132829008,5.16572940287226,13.449489592898685,9.374631258125126,0.0,0.7272727272727273,22,0,0,1,1,1,1,0,0,0,8,0,0,2,6.522800000000007,98.63600000000008,0,0,0,0,0,0,0,0,0,4,1,1,0,0,0,0,0,0,0,0,0
C(CCCCC)C(=CCCC1=CC=CC=C1)CCCCCC,597.0,2.546519274376417,1.18875,2.546519274376417,1.18875,0.2613699922486101,300.5300000000001,264.242,300.281701152,124,-0.0244053058370086,-0.0850018566240299,0.0850018566240299,0.0244053058370086,0.7727272727272727,1.3636363636363635,1.9090909090909087,14.055427240178968,9.980524853618231,1.9931531144967285,-2.082148441258453,2.185427456399314,-1.8934336684962845,5.154611698798987,0.6220652389749238,2.3461516838235115,360.2846007604961,15.882622599737113,14.94938298937633,14.94938298937633,10.863703305156276,9.582480761734551,9.582480761734551,6.50796647350374,6.50796647350374,4.411738762829835,4.411738762829835,2.974438514446797,2.974438514446797,-1.04,93970.75340846876,19.007709923664123,13.611106605640474,9.816616740631163,138.5808739176585,0.0,0.0,0.0,0.0,0.0,0.0,0.0,0.0,94.35336411614853,44.08838122925306,0.0,0.0,0.0,0.0,0.0,90.89733387449338,0.0,47.544411470908194,0.0,0.0,0.0,0.0,6.4208216229260096,0.0,90.03996374326437,41.9809599792112,0.0,0.0,0.0,0.0,0.0,0.0,0.0,82.61331096680914,5.573104530069267,0.0,50.255329848523175,0.0,0.0,0.0,0.0,3.1927807545321976,0.0,10.892023896841373,18.662499443741677,4.5860292382180905,0.0,0.6363636363636364,22,0,0,0,0,1,1,0,0,0,13,0,0,1,7.486400000000007,100.36400000000008,0,0,0,0,0,0,0,0,2,1,1,0,0,0,0,0,0,0,0,0,4
CCCCCCCCCCCCCCCCc1ccccc1,621.7,2.293326669259979,1.2627690972222223,2.293326669259979,1.2627690972222223,0.2909385603675365,302.54599999999994,264.242,302.297351216,126,-0.0278872279393073,-0.0653823832227926,0.0653823832227926,0.0278872279393073,0.5,0.9090909090909092,1.3636363636363635,14.010156219973522,10.028368822597026,1.9479238683058984,-2.0340417553936243,2.133762069557356,-1.8591352199883868,5.139027275748902,0.5353257281705817,1.7306980473419378,314.0700121526738,15.719485892920584,14.993353063746348,14.993353063746348,10.931851652578136,9.971343774302785,9.971343774302785,6.831792637366047,6.831792637366047,4.661829882562214,4.661829882562214,3.1683450313372954,3.1683450313372954,-0.78,101967.53386572616,19.26712535344015,15.128637218357298,11.833840128612875,139.27047694984273,0.0,0.0,0.0,0.0,0.0,0.0,0.0,0.0,120.72625364003686,18.40509473754901,0.0,0.0,0.0,0.0,0.0,103.2360615435808,0.0,35.89528683400505,0.0,0.0,0.0,0.0,6.4208216229260096,0.0,102.37869141235178,30.33183534230805,0.0,0.0,0.0,0.0,0.0,0.0,0.0,101.87577583558718,0.0,0.0,37.255572541998674,0.0,0.0,0.0,0.0,1.501330278962605,0.0,10.914188931231893,21.457820787212192,2.293326669259979,0.0,0.7272727272727273,22,0,0,0,0,1,1,0,0,0,15,0,0,1,7.710400000000008,100.45800000000008,0,0,0,0,0,0,0,0,0,1,1,0,0,0,0,0,0,0,0,0,12
C(CCCCCCC)C1=CC=C(C=C1)CCCCCCCC,627.0,2.359582545981356,1.2672844756738988,2.359582545981356,1.2672844756738988,0.3121423644301797,302.5460000000001,264.242,302.297351216,126,-0.0278868927373837,-0.0653823832227824,0.0653823832227824,0.0278868927373837,0.4545454545454545,0.7727272727272727,1.1363636363636365,14.029662751457227,10.00864972771616,1.9703479273823925,-2.050682753086504,2.133623270458202,-1.8958895249141332,5.222211149693859,0.6056880533430308,2.066525357819154,300.5608724292341,15.882622599737113,15.208896013370172,15.208896013370172,10.863703305156273,9.94268754860556,9.94268754860556,6.852030486860463,6.852030486860463,4.660981807886896,4.660981807886896,3.09150525681352,3.09150525681352,-0.78,92637.55303796974,19.26712535344015,13.85362689653177,10.03136341196676,139.27047694984273,0.0,0.0,0.0,0.0,0.0,0.0,0.0,0.0,102.3211589024878,36.81018947509803,0.0,0.0,0.0,0.0,0.0,103.7389771203454,0.0,35.392371257240434,0.0,0.0,0.0,0.0,12.84164324585202,0.0,102.02423685788736,24.26546827384644,0.0,0.0,0.0,0.0,0.0,0.0,0.0,101.01840570435816,0.0,0.0,38.112942673227685,0.0,0.0,0.0,0.0,3.0596061478871728,0.0,9.438330183925425,19.2664282615699,4.568968739950843,0.0,0.7272727272727273,22,0,0,0,0,1,1,0,0,0,14,0,0,1,7.492600000000007,100.60200000000007,0,0,0,0,0,0,0,0,0,2,1,0,0,0,0,0,0,0,0,0,8
C1(=CC=CC=C1)C(CCCCCC)CCCCCCCCC,640.0,2.339023419361623,0.7997203063324091,2.339023419361623,0.7997203063324091,0.3064761731061179,302.54600000000005,264.242,302.297351216,126,-0.0161959641128995,-0.0653823832227926,0.0653823832227926,0.0161959641128995,0.5909090909090909,1.0454545454545454,1.5909090909090908,14.153645231197656,9.87995921021222,2.101703202266572,-2.1720581266872614,2.280508895075835,-1.99359257501545,5.187888510560678,0.4895373336523648,2.2589670246088125,327.1513639060265,15.882622599737113,15.156489770562876,15.156489770562876,10.880540057561882,9.930068880418592,9.930068880418592,6.866937812110725,6.866937812110725,4.833255508911966,4.833255508911966,3.3682332373102377,3.3682332373102377,-0.78,96580.53892882285,19.26712535344015,13.85362689653177,9.280785898351157,139.27047694984273,0.0,0.0,0.0,0.0,0.0,0.0,0.0,0.0,114.80834759387542,24.32300078371041,0.0,0.0,0.0,0.0,0.0,103.2360615435808,0.0,35.89528683400505,0.0,0.0,0.0,0.0,0.0,0.0,108.79951303527778,30.33183534230805,0.0,0.0,0.0,0.0,0.0,0.0,5.917906046161393,83.47068109803816,5.563451491696996,0.0,44.179309741689295,0.0,0.0,0.0,0.0,1.5740569022094095,0.7997203063324091,11.237196047060142,18.2955552794722,4.593471464925845,0.0,0.7272727272727273,22,0,0,0,0,1,1,0,0,0,14,0,0,1,7.881300000000007,100.55200000000008,0,0,0,0,0,0,0,0,0,0,1,0,0,0,0,0,0,0,0,0,7
CCCCCCCCCCCC(CCCC)c1ccccc1,645.0,2.3274376398328487,0.7969483380409604,2.3274376398328487,0.7969483380409604,0.3064761731061179,302.54599999999994,264.242,302.297351216,126,-0.0161961367272729,-0.0653823832227926,0.0653823832227926,0.0161961367272729,0.5909090909090909,1.0909090909090908,1.681818181818182,14.148894765989192,9.88419505888227,2.097102232926387,-2.167667137599032,2.275637980721452,-1.9894891815547848,5.187756591181053,0.4970155354068998,2.13058309375977,327.1513639060265,15.882622599737113,15.156489770562878,15.156489770562878,10.880540057561882,9.930068880418595,9.930068880418595,6.866937812110725,6.866937812110725,4.833255508911968,4.833255508911968,3.354796510541401,3.354796510541401,-0.78,96731.12038171547,19.26712535344015,13.85362689653177,9.280785898351157,139.27047694984273,0.0,0.0,0.0,0.0,0.0,0.0,0.0,0.0,114.80834759387544,24.323000783710405,0.0,0.0,0.0,0.0,0.0,103.2360615435808,0.0,35.89528683400505,0.0,0.0,0.0,0.0,0.0,0.0,108.79951303527778,30.33183534230805,0.0,0.0,0.0,0.0,0.0,0.0,5.917906046161393,83.47068109803816,5.563451491696996,0.0,44.179309741689295,0.0,0.0,0.0,0.0,1.5652922383342314,0.7969483380409604,11.1906734126941,18.347590007564616,4.599496003366092,0.0,0.7272727272727273,22,0,0,0,0,1,1,0,0,0,14,0,0,1,7.881300000000008,100.55200000000008,0,0,0,0,0,0,0,0,0,0,1,0,0,0,0,0,0,0,0,0,7
CCCCCCCCCC(C1CCCCC1)C2CCCCC2,604.0,2.3183950652283363,1.1076313040648356,2.3183950652283363,1.1076313040648356,0.3596551130705819,306.5780000000001,264.242,306.328651344,130,-0.035741593197877,-0.0653823832227926,0.0653823832227926,0.035741593197877,0.5909090909090909,1.0454545454545454,1.5454545454545454,14.357036325059884,9.6771084919544,2.302060939239721,-2.3778517960511545,2.41919480423523,-2.2692008333396623,4.813599416573584,0.131445064806074,1.6923879768848715,226.7639251168273,15.45997286892674,15.45997286892674,15.45997286892674,10.91501490017253,10.915014900172528,10.915014900172528,8.370030281385946,8.370030281385946,6.651668418299141,6.651668418299141,5.318089593739404,5.318089593739404,0.0,137723.58763615947,18.34026465028355,11.522633744855968,6.629935720844812,140.3913731230999,0.0,0.0,0.0,0.0,0.0,0.0,0.0,0.0,116.07770478943284,24.174539761410188,0.0,0.0,0.0,0.0,17.75371813848418,122.49852641235884,0.0,0.0,0.0,0.0,0.0,0.0,0.0,17.75371813848418,122.49852641235884,0.0,0.0,0.0,0.0,0.0,0.0,0.0,17.75371813848418,83.47068109803816,32.10410811463005,0.0,6.923737199690624,0.0,0.0,0.0,0.0,0.0,3.324189443262765,0.0,27.35741549150889,2.3183950652283363,0.0,1.0,22,0,0,2,2,0,0,0,0,0,10,2,2,2,7.903900000000008,99.25000000000009,0,0,0,0,0,0,0,0,0,0,0,0,0,0,0,0,0,0,0,0,5
CCCCCCC(CCC)C1CCC(CC1)C2CCCCC2,599.0,2.395536944333391,1.064038853195599,2.395536944333391,1.064038853195599,0.381703758059466,306.5780000000001,264.242,306.328651344,130,-0.0385639686123945,-0.0653823832174866,0.0653823832174866,0.0385639686123945,0.6363636363636364,1.318181818181818,1.9545454545454544,14.363180309677656,9.67246475162884,2.3073648284925032,-2.383327796008344,2.4299392358361103,-2.266072175000676,4.822344235124215,0.1302530072823068,1.713041603447318,255.2118756352258,15.62310957574327,15.62310957574327,15.62310957574327,10.846866552750669,10.846866552750663,10.846866552750663,8.471040041861523,8.471040041861523,6.887594122739334,6.887594122739334,5.51319604947412,5.51319604947412,0.0,126153.67761789844,18.34026465028355,10.714285714285714,5.893877551020408,140.39137312309987,0.0,0.0,0.0,0.0,0.0,0.0,0.0,0.0,90.89733387449338,49.35491067634962,0.0,0.0,0.0,0.0,23.671624184645573,116.58062036619744,0.0,0.0,0.0,0.0,0.0,0.0,0.0,23.671624184645573,116.58062036619744,0.0,0.0,0.0,0.0,0.0,0.0,0.0,23.671624184645573,64.20821622926012,38.524929737556064,0.0,13.847474399381248,0.0,0.0,0.0,0.0,0.0,4.373496598032132,0.0,24.234871524856533,4.724965210444662,0.0,1.0,22,0,0,2,2,0,0,0,0,0,9,2,2,2,7.759800000000008,99.18000000000008,0,0,0,0,0,0,0,0,0,0,0,0,0,0,0,0,0,0,0,0,2
C(CCCCCCCCC)C1=C(C=C(C=C1C)C(C)(C)C)C,634.0,2.409803134025266,0.2564871513609754,2.409803134025266,0.2564871513609754,0.4201937963020223,302.54600000000005,264.242,302.297351216,126,-0.0131652501211617,-0.0653823832227926,0.0653823832227926,0.0131652501211617,0.7272727272727273,1.181818181818182,1.6363636363636365,14.204727254287072,9.828507060509036,2.155188711014046,-2.221126310363821,2.2738506965721568,-2.122178563781893,5.400460685004624,0.5735274816256352,2.4038164519515,410.8369118636696,16.58757566981053,16.01866156905818,16.01866156905818,10.358390573146597,9.465360710159072,9.465360710159072,8.063469464386921,8.063469464386921,4.842387528653253,4.842387528653253,3.2564185488109647,3.2564185488109647,-0.78,49324.06740523579,19.26712535344015,9.37937498273412,6.54612555971734,139.27047694984273,0.0,0.0,0.0,0.0,0.0,0.0,0.0,0.0,84.77343429616778,54.35791408141803,0.0,0.0,0.0,0.0,0.0,104.7448082738746,0.0,34.386540103711205,0.0,0.0,0.0,0.0,11.83581209232279,13.847474399381248,101.31532774895857,12.13273413692322,0.0,0.0,0.0,0.0,5.41499046939678,0.0,0.0,74.47774908142509,5.563451491696996,0.0,53.67515733506696,0.0,0.0,0.0,0.0,6.313800784517655,0.0,4.819606268050532,12.4930517022366,13.790207911861884,0.0,0.7272727272727273,22,0,0,0,0,1,1,0,0,0,9,0,0,1,7.284140000000008,100.93000000000008,0,0,0,0,0,0,0,0,0,2,1,0,0,0,0,0,0,0,0,0,6
C(CC)C(CCCCCCCC)C1CC2CCCCC2CC1,609.0,2.4032615775878763,1.0685663632737044,2.4032615775878763,1.0685663632737044,0.3616569644577133,306.5780000000001,264.242,306.328651344,130,-0.0383008730683588,-0.0653823832227926,0.0653823832227926,0.0383008730683588,0.6818181818181818,1.4090909090909092,2.1818181818181817,14.3974057660917,9.63651951454673,2.3423704679183235,-2.418500828393467,2.458924911787752,-2.3070480411058707,4.854038301065701,0.0918408596218738,1.7010400731569593,269.2118756352258,15.62310957574327,15.62310957574327,15.62310957574327,10.846866552750669,10.846866552750663,10.846866552750663,8.482945423660688,8.482945423660688,6.834844692584714,6.834844692584714,5.511211819174261,5.511211819174261,0.0,119556.74415164682,18.34026465028355,10.714285714285714,5.893877551020408,140.3913731230999,0.0,0.0,0.0,0.0,0.0,0.0,0.0,0.0,97.3181554974194,42.934089053423605,0.0,0.0,0.0,0.0,23.671624184645573,116.58062036619744,0.0,0.0,0.0,0.0,0.0,0.0,0.0,23.671624184645573,116.58062036619744,0.0,0.0,0.0,0.0,0.0,0.0,0.0,23.671624184645573,64.20821622926012,38.524929737556064,0.0,13.847474399381248,0.0,0.0,0.0,0.0,0.0,4.409003878634941,0.0,24.20273356952937,4.721595885169013,0.0,1.0,22,0,0,2,2,0,0,0,0,0,10,2,2,2,7.759800000000008,99.18000000000008,0,0,0,0,0,0,0,0,0,0,0,1,0,0,0,0,0,0,0,0,4
CC(C)(C)C(C(C1CCCCC1)C(C)(C)C)C1CCCCC1,576.0,2.535554374527589,0.4557544406651549,2.535554374527589,0.4557544406651549,0.5069268558356909,306.5780000000001,264.242,306.328651344,130,-0.0300929594652723,-0.0598875293002198,0.0598875293002198,0.0300929594652723,0.5,0.7727272727272727,1.0,14.508442265563543,9.52800457787304,2.4586946412536843,-2.521734618946869,2.537417807614331,-2.449390066522275,4.949091086475215,-0.033075975540249,2.2932666444525203,280.9279231963692,16.380468888623984,16.380468888623984,16.380468888623984,10.21034343104508,10.210343431045075,10.210343431045075,10.57979784640588,10.57979784640588,6.702289937439288,6.702289937439288,6.064566136217439,6.064566136217439,0.0,58038.19802980338,18.34026465028355,7.26643598615917,4.5125,140.39137312309987,0.0,0.0,0.0,0.0,0.0,0.0,0.0,0.0,105.75063942740384,34.501605123439134,0.0,0.0,0.0,0.0,34.501605123439134,105.75063942740384,0.0,0.0,0.0,0.0,0.0,0.0,0.0,34.501605123439134,105.75063942740384,0.0,0.0,0.0,0.0,0.0,0.0,10.82998093879356,23.671624184645573,64.20821622926012,0.0,0.0,41.54242319814374,0.0,0.0,0.0,0.0,0.91150888133031,3.797780612244897,0.0,14.910717592592594,15.213326247165533,0.0,1.0,22,0,0,2,2,0,0,0,0,0,3,2,2,2,7.471600000000008,99.04000000000008,0,0,0,0,0,0,0,0,0,0,0,0,0,0,0,0,0,0,0,0,0
C(CCCC=CCC=CCC=CCC=CCCCCC)(=O)OCC,658.0,11.13533597287076,-0.089456198815272,11.13533597287076,0.089456198815272,0.1894761196736322,332.5280000000001,296.24,332.271530392,136,0.3052789832342891,-0.4659690718736869,0.4659690718736869,0.3052789832342891,0.7083333333333334,1.2083333333333333,1.7083333333333333,16.531807034974516,10.163369524317568,1.9792588443861807,-1.983156946050592,2.015181230688617,-2.021963090203481,5.68698752521182,-0.1426911813662721,3.4349013038571643,388.7740954289998,17.719485892920577,15.71347332749676,15.71347332749676,11.808060412490448,9.564010035069282,9.564010035069282,5.785756475140486,5.785756475140486,3.5145243075256825,3.5145243075256825,2.1583506789505,2.1583506789505,-1.5699999999999998,171751.40398989027,22.43,19.476663555762947,18.47894762604013,148.91969063097196,4.736862953800049,0.0,0.0,0.0,5.969305287951849,4.794537184071822,0.0,0.0,68.37354130021369,51.8694885601727,6.4208216229260096,6.606881964512918,9.53140013787187,5.969305287951849,0.0,78.05569062864136,6.606881964512918,48.60816085467105,0.0,0.0,0.0,12.576187252464766,9.53140013787187,0.0,78.05569062864136,48.60816085467105,0.0,26.3,0.0,4.794537184071822,5.969305287951849,13.027703587438928,32.10410811463005,25.68328649170404,0.0,6.923737199690624,55.53189805436168,4.736862953800049,4.885967000127559,11.13533597287076,0.0,0.0,-0.089456198815272,0.0,28.18340305790429,4.551416834579332,0.0,0.5909090909090909,24,0,2,0,0,0,0,2,0,2,15,0,0,0,6.695200000000007,105.03700000000008,0,0,0,0,0,0,1,1,8,0,0,0,1,1,0,0,0,0,0,0,3
C(C1=CC=C(C(=O)OCCCCCCC)C=C1)(=O)OCCCCCCC,682.0,11.973483460559926,-0.3367286843876227,11.973483460559926,0.3367286843876222,0.3034046840671371,362.5100000000002,328.2380000000001,362.245709568,146,0.3376180133856544,-0.462097109310239,0.462097109310239,0.3376180133856544,0.6153846153846154,0.9615384615384616,1.3076923076923077,16.536290868213,10.125999371177626,2.1042239152341526,-2.0672175605721708,2.0965755110797164,-2.088400634182716,5.928274696676848,0.0482908474519182,2.2617094996864915,460.3784619886411,19.03732313811636,16.427675612852532,16.427675612852532,12.685070510202191,10.129427617536363,10.129427617536363,6.677615776125021,6.677615776125021,4.318399458759239,4.318399458759239,2.650023960815413,2.650023960815413,-1.84,564051.4815256872,22.201390728476824,14.34210065857438,9.593321576198612,157.82061160894403,9.473725907600098,0.0,0.0,0.0,11.9386105759037,0.0,9.589074368143644,0.0,65.21404738278933,37.107111519698464,0.0,24.340666912419827,19.06280027574374,11.9386105759037,0.0,78.05569062864136,13.213763929025836,35.392371257240434,0.0,0.0,0.0,25.152374504929536,9.473725907600098,0.0,98.771667980179,24.26546827384644,0.0,52.60000000000001,0.0,9.589074368143644,11.9386105759037,24.340666912419827,25.68328649170404,38.524929737556064,24.26546827384644,0.0,13.847474399381248,9.473725907600098,10.53029476945644,23.94696692111985,0.0,0.93458112779805,-0.673457368775245,6.489118368804515,11.194221365459317,5.244941482803736,0.0,0.6363636363636364,26,0,4,0,0,1,1,4,0,4,14,0,0,1,5.941000000000006,104.52500000000008,0,0,0,0,0,0,2,2,0,0,1,0,2,2,0,0,0,0,0,0,8
C1(CCCCC1)CCOCCCCCCOCCC1CCCCC1,671.0,5.817408623415533,0.9625081382288676,5.817408623415533,0.9625081382288676,0.3558016328078572,338.57600000000014,296.24,338.318480584,142,0.04681761660579,-0.3814415901523464,0.3814415901523464,0.04681761660579,0.4583333333333333,0.875,1.2916666666666667,16.475454503665603,9.872047423569732,2.129748200628772,-2.2080233275061225,2.26454426124092,-2.098018551873284,4.656504153076701,0.1028000574444473,1.2480846300228443,239.143480042513,16.7110497244833,16.113332743037933,16.113332743037933,11.94948974278318,11.10419028116243,11.10419028116243,8.224380392462082,8.224380392462082,6.117713987890859,6.117713987890859,4.417555428235659,4.417555428235659,-0.08,382984.4706027032,20.2345861298692,14.127485981231684,10.034250521732002,150.61846358211363,9.473725907600098,0.0,0.0,0.0,0.0,0.0,0.0,0.0,77.04985947511214,37.51909858402682,26.427527858051672,0.0,9.473725907600098,0.0,11.835812092322788,102.7331459668162,26.427527858051672,0.0,0.0,0.0,0.0,26.427527858051672,9.473725907600098,11.835812092322788,102.7331459668162,0.0,0.0,18.46,0.0,0.0,0.0,0.0,38.26333995037446,102.7331459668162,0.0,0.0,0.0,9.473725907600098,11.634817246831066,0.0,0.0,0.0,1.9250162764577357,0.0,22.18182999396996,3.925003149407911,0.0,1.0,24,0,2,2,2,0,0,2,0,2,13,2,2,2,6.520800000000008,102.4900000000001,0,0,0,0,0,0,0,0,0,0,0,0,0,2,0,0,0,0,0,0,9
C(CCCCC)C(CCCC1CCCCC1)CCCCCC,647.0,2.325797285750041,1.0530581538170822,2.325797285750041,1.0530581538170822,0.2830135602122708,308.59400000000005,264.242,308.344301408,132,-0.0414284050127964,-0.0653823832174964,0.0653823832174964,0.0414284050127964,0.6363636363636364,1.181818181818182,1.7272727272727273,14.203030250608034,9.83241881101808,2.143239231168789,-2.227355073083503,2.299092492207264,-2.075697542624236,4.676577055084798,0.304889798130849,2.133884838318504,202.07820003461552,15.882622599737113,15.882622599737113,15.882622599737113,10.863703305156276,10.863703305156273,10.863703305156273,7.999635521070494,7.999635521070494,5.881341395361315,5.881341395361315,4.32360769663061,4.32360769663061,0.0,93970.75340846876,20.045454545454547,14.583333333333334,10.680473372781066,141.39720427662914,0.0,0.0,0.0,0.0,0.0,0.0,0.0,0.0,129.42226361204948,11.835812092322788,0.0,0.0,0.0,0.0,11.835812092322788,129.42226361204948,0.0,0.0,0.0,0.0,0.0,0.0,0.0,11.835812092322788,129.42226361204948,0.0,0.0,0.0,0.0,0.0,0.0,0.0,11.835812092322788,109.1539675897422,6.4208216229260096,0.0,13.847474399381248,0.0,0.0,0.0,0.0,0.0,2.1452644411631603,0.0,26.86980765400342,4.651594571500082,0.0,1.0,22,0,0,1,1,0,0,0,0,0,14,1,1,1,8.294000000000006,101.4340000000001,0,0,0,0,0,0,0,0,0,0,0,0,0,0,0,0,0,0,0,0,4
CCCCCCCCCCCCC1CC(CCC1C)C(C)C,668.0,2.511423845426197,0.9052854157221316,2.511423845426197,0.9052854157221316,0.320210339728496,308.594,264.242,308.344301408,132,-0.0385742764036055,-0.0653823832227926,0.0653823832227926,0.0385742764036055,0.7727272727272727,1.318181818181818,1.8636363636363635,14.336435167706464,9.695323540969202,2.2804569881573307,-2.360634251601576,2.3919922578769404,-2.253951272060241,4.790185747811501,0.1478209249775574,1.9678632370313451,242.4228653433368,16.208896013370172,16.208896013370172,16.208896013370172,10.64706570774141,10.647065707741408,10.647065707741408,8.52516831034011,8.52516831034011,6.274313383566217,6.274313383566217,4.353528644840389,4.353528644840389,0.0,71815.65215943716,20.045454545454547,12.42603550295858,8.585017835909632,141.3972042766291,0.0,0.0,0.0,0.0,0.0,0.0,0.0,0.0,104.74480827387464,36.51326743049759,0.0,0.0,0.0,0.0,23.671624184645573,117.58645151972664,0.0,0.0,0.0,0.0,0.0,0.0,0.0,23.671624184645573,117.58645151972664,0.0,0.0,0.0,0.0,0.0,0.0,0.0,23.671624184645573,89.89150272096417,0.0,0.0,27.694948798762496,0.0,0.0,0.0,0.0,0.0,3.95443379162365,0.0,20.70776047190753,9.671139069802152,0.0,1.0,22,0,0,1,1,0,0,0,0,0,12,1,1,1,8.005800000000008,101.2940000000001,0,0,0,0,0,0,0,0,0,0,0,0,0,0,0,0,0,0,0,0,8
C(CCC)C(CCCC)=CCCC=C(CCCC)CCCC,675.0,2.5546442743764173,1.2544760959939532,2.5546442743764173,1.2544760959939532,0.2103702231111747,306.5780000000001,264.242,306.328651344,130,-0.0313204915720764,-0.0850238435584736,0.0850238435584736,0.0313204915720764,0.5,0.7727272727272727,1.0,14.050015203865762,9.98845972517331,1.9859969195120188,-2.075932430361469,2.1870260128346666,-1.8745178492357264,5.056949642943419,0.7018606486796544,4.285442382323562,232.41343573651116,16.46840903736402,16.05419547499092,16.05419547499092,10.777916867529369,10.136487537236636,10.136487537236636,6.716308702954311,6.716308702954311,4.438469464386921,4.438469464386921,2.848518319244804,2.848518319244804,-0.52,62634.24553196898,21.48,16.843770030759202,13.164375831106495,141.02382936578985,0.0,0.0,0.0,0.0,0.0,0.0,0.0,0.0,76.67648456427283,64.20821622926012,0.0,0.0,0.0,0.0,0.0,117.58645151972664,0.0,23.2982492738063,0.0,0.0,0.0,0.0,0.0,0.0,117.58645151972664,23.2982492738063,0.0,0.0,0.0,0.0,0.0,0.0,0.0,89.89150272096417,11.146209060138537,0.0,39.84698901243026,0.0,0.0,0.0,0.0,3.445863672629546,0.0,0.0,23.68938829512741,9.198081365576371,0.0,0.8181818181818182,22,0,0,0,0,0,0,0,0,0,15,0,0,0,8.380200000000006,103.50000000000009,0,0,0,0,0,0,0,0,4,0,0,0,0,0,0,0,0,0,0,0,1
C(C)C(CCCC)=CCCCCCCC=C(CCCC)CC,694.0,2.523312650486172,1.2523306763166904,2.523312650486172,1.2523306763166904,0.2103702231111747,306.57800000000003,264.242,306.328651344,130,-0.0320521167548131,-0.085341860047524,0.085341860047524,0.0320521167548131,0.5454545454545454,0.9545454545454546,1.2727272727272727,14.0207942072275,10.01890042749194,1.9558307169978424,-2.0463891331057766,2.157249481452411,-1.844678790654636,5.012182505708207,0.6453471363813269,3.633657933992132,252.4134357365111,16.46840903736402,16.05419547499092,16.05419547499092,10.77791686752937,10.136487537236636,10.136487537236636,6.6305222653274045,6.6305222653274045,4.635410681680073,4.635410681680073,2.9086311671291045,2.9086311671291045,-0.52,64047.631898310014,21.48,16.843770030759202,13.164375831106495,141.02382936578985,0.0,0.0,0.0,0.0,0.0,0.0,0.0,0.0,76.67648456427281,64.20821622926012,0.0,0.0,0.0,0.0,0.0,117.58645151972664,0.0,23.2982492738063,0.0,0.0,0.0,0.0,0.0,0.0,117.58645151972664,23.2982492738063,0.0,0.0,0.0,0.0,0.0,0.0,0.0,89.89150272096417,11.146209060138537,0.0,39.84698901243026,0.0,0.0,0.0,0.0,3.376472380774815,0.0,0.0,23.77904203410107,9.177818918457442,0.0,0.8181818181818182,22,0,0,0,0,0,0,0,0,0,15,0,0,0,8.380200000000006,103.50000000000009,0,0,0,0,0,0,0,0,4,0,0,0,0,0,0,0,0,0,0,0,5
CC(=C)CCCCCCCCCCCCCCCCC(C)=C,684.0,3.9619776297968974,1.2293615703361955,3.9619776297968974,1.2293615703361955,0.1868505278992127,306.57800000000003,264.242,306.328651344,130,-0.0325769262511663,-0.1001409318997097,0.1001409318997097,0.0325769262511663,0.4090909090909091,0.5909090909090909,0.7727272727272727,14.01103918257229,10.028067205687538,1.9470537861849335,-2.0359476778628203,2.144693159326443,-1.8383880274361843,4.869960511436651,0.532746565266136,2.9948515175699244,233.21187563522585,16.46840903736402,15.72792206135786,15.72792206135786,10.625897657686233,9.914213562373092,9.914213562373092,7.363961030678928,7.363961030678928,4.457106781186547,4.457106781186547,2.974873734152915,2.974873734152915,-0.52,51393.12072270856,21.48,16.843770030759202,19.48,141.02382936578988,0.0,0.0,0.0,0.0,0.0,0.0,0.0,13.157871367196996,88.19606853525067,39.53076089108528,0.0,0.0,0.0,0.0,0.0,116.58062036619744,0.0,24.30408042733553,0.0,0.0,0.0,0.0,0.0,0.0,116.58062036619744,24.30408042733553,0.0,0.0,0.0,0.0,0.0,0.0,0.0,113.87935502695473,0.0,0.0,27.005345766578245,0.0,0.0,0.0,0.0,2.686701970010838,0.0,0.0,22.440491776405395,12.206139586917097,0.0,0.8181818181818182,22,0,0,0,0,0,0,0,0,0,17,0,0,0,8.380200000000004,103.50000000000009,0,0,0,0,0,0,0,0,2,0,0,0,0,0,0,0,0,0,0,0,13
C(CCCCCC)C(=CCCCCCC)CCCCCCC,685.0,2.6064498299319725,1.3325925925925926,2.6064498299319725,1.3325925925925926,0.1862411895566997,308.59400000000005,264.242,308.344301408,132,-0.0320316138807878,-0.0853315611469881,0.0853315611469881,0.0320316138807878,0.5,0.9090909090909092,1.3636363636363635,14.05677021929777,9.979258044370418,1.9933339799974177,-2.08441595669436,2.192695310970631,-1.8847818438235373,5.014674455287978,0.5970043621813793,3.87737961885753,210.1928094887362,16.30527233054749,16.098165549360935,16.098165549360935,10.846065214951231,10.525350549804866,10.525350549804866,7.040134866816619,7.040134866816619,4.693578934685332,4.693578934685332,3.117655552092351,3.117655552092351,-0.26,66968.56481096442,21.739999999999995,18.78821600771456,16.116428928116765,141.7134323979741,0.0,0.0,0.0,0.0,0.0,0.0,0.0,0.0,103.04937408816112,38.524929737556064,0.0,0.0,0.0,0.0,0.0,129.92517918881407,0.0,11.64912463690315,0.0,0.0,0.0,0.0,0.0,0.0,129.92517918881407,11.64912463690315,0.0,0.0,0.0,0.0,0.0,0.0,0.0,109.1539675897422,5.573104530069267,0.0,26.847231705905752,0.0,0.0,0.0,0.0,1.7819401927437644,0.0,0.0,26.478234295797566,6.906492178125337,0.0,0.9090909090909092,22,0,0,0,0,0,0,0,0,0,17,0,0,0,8.604200000000004,103.5940000000001,0,0,0,0,0,0,0,0,2,0,0,0,0,0,0,0,0,0,0,0,9
CC(C)(CCC=C(CCCC(C)(C)C)CCCC(C)(C)C)C,624.0,2.5660416666666666,0.456775085034014,2.5660416666666666,0.456775085034014,0.3965026641985288,308.594,264.242,308.344301408,132,-0.032011782063075,-0.0853112468460401,0.0853112468460401,0.032011782063075,0.5909090909090909,0.9545454545454546,1.2727272727272727,14.187286854778367,9.853385627319398,2.1281299558216142,-2.205895630967212,2.2828561583812914,-2.059955331655019,5.0230602923801255,0.3558217778292825,4.389630798801052,289.41814819204234,17.441311299868556,17.234204518682006,17.234204518682006,9.785405043171412,9.464690378025043,9.464690378025043,10.790134866816617,10.790134866816617,4.17668557556426,4.17668557556426,2.729990788313175,2.729990788313175,-0.26,17884.810331608987,21.739999999999995,9.137368089006312,16.116428928116765,141.7134323979741,0.0,0.0,0.0,0.0,0.0,0.0,0.0,0.0,73.96275943411874,67.61154439159843,0.0,0.0,0.0,0.0,16.244971408190338,113.68020778062368,0.0,11.64912463690315,0.0,0.0,0.0,0.0,0.0,16.244971408190338,113.68020778062368,11.64912463690315,0.0,0.0,0.0,0.0,0.0,16.244971408190338,0.0,51.36657298340809,5.573104530069267,0.0,68.38965490404948,0.0,0.0,0.0,0.0,3.1251863662131525,0.0,0.0,13.110211876417235,21.181268424036283,0.0,0.9090909090909092,22,0,0,0,0,0,0,0,0,0,8,0,0,0,8.171900000000006,103.38400000000009,0,0,0,0,0,0,0,0,2,0,0,0,0,0,0,0,0,0,0,0,0
CCCCCCCC(CCCCCCC)CCCCCCC,685.0,2.314888979590112,1.0461848072562356,2.314888979590112,1.0461848072562356,0.2220219257978334,310.61,264.242,310.359951472,134,-0.0414285788608052,-0.0653823832227829,0.0653823832227829,0.0414285788608052,0.3636363636363636,0.6363636363636364,0.9090909090909092,14.140901082608623,9.892972868647016,2.0806699724116977,-2.167180659161437,2.240256006211353,-2.0136195139350126,4.615909008458287,0.3663221523193776,3.716186641475255,151.19311924156366,16.30527233054749,16.30527233054749,16.30527233054749,10.846065214951231,10.846065214951231,10.846065214951231,7.474691494688163,7.474691494688163,5.147777478867205,5.147777478867205,3.542710979348698,3.542710979348698,0.0,66968.56481096442,22.0,19.047619047619047,16.3718820861678,142.40303543015835,0.0,0.0,0.0,0.0,0.0,0.0,0.0,0.0,136.34600081174008,5.917906046161393,0.0,0.0,0.0,0.0,5.917906046161393,136.34600081174008,0.0,0.0,0.0,0.0,0.0,0.0,0.0,5.917906046161393,136.34600081174008,0.0,0.0,0.0,0.0,0.0,0.0,0.0,5.917906046161393,115.57478921266822,0.0,0.0,20.771211599071872,0.0,0.0,0.0,0.0,0.0,1.0461848072562356,0.0,26.342481587306764,6.944666938770336,0.0,1.0,22,0,0,0,0,0,0,0,0,0,18,0,0,0,8.684100000000004,103.6180000000001,0,0,0,0,0,0,0,0,0,0,0,0,0,0,0,0,0,0,0,0,9
C(C)C(CCCC)CCCCCCCCC(CCCC)CC,676.0,2.3779935364189653,1.0174333737345376,2.3779935364189653,1.0174333737345376,0.2360045705933036,310.61,264.242,310.359951472,134,-0.0416910334561861,-0.0653822096267823,0.0653822096267823,0.0416910334561861,0.4090909090909091,0.7272727272727273,1.0454545454545454,14.121819257057908,9.916801308761311,2.0609921465840486,-2.1440071111585133,2.219993780128947,-1.9910151590342453,4.596189470748436,0.3896232160864149,3.377820373717195,174.21499122004107,16.46840903736402,16.46840903736402,16.46840903736402,10.77791686752937,10.777916867529369,10.777916867529369,7.531675051622045,7.531675051622045,5.561297062348978,5.561297062348978,3.663902460147014,3.663902460147014,0.0,64047.631898310014,22.0,17.355371900826448,13.648393194706994,142.40303543015835,0.0,0.0,0.0,0.0,0.0,0.0,0.0,0.0,130.4280947655787,11.835812092322788,0.0,0.0,0.0,0.0,11.835812092322788,130.4280947655787,0.0,0.0,0.0,0.0,0.0,0.0,0.0,11.835812092322788,130.4280947655787,0.0,0.0,0.0,0.0,0.0,0.0,0.0,11.835812092322788,102.7331459668162,0.0,0.0,27.694948798762496,0.0,0.0,0.0,0.0,0.0,2.034866747469075,0.0,23.24074986947455,9.391050049723038,0.0,1.0,22,0,0,0,0,0,0,0,0,0,17,0,0,0,8.540000000000004,103.5480000000001,0,0,0,0,0,0,0,0,0,0,0,0,0,0,0,0,0,0,0,0,5
CC(CCCCCC)CCCCCCC(CCCCCC)C,680.0,2.46262072541276,0.9669864634251636,2.46262072541276,0.9669864634251636,0.2360045705933036,310.61,264.242,310.359951472,134,-0.0442800756110071,-0.0653823832175062,0.0653823832175062,0.0442800756110071,0.4090909090909091,0.6818181818181818,0.9545454545454546,14.097690866795167,9.94002394685661,2.0358287401699084,-2.1218101666930367,2.198700320245917,-1.9647255664005012,4.573483967396432,0.4143272074599255,3.2397070055740875,174.21499122004107,16.46840903736402,16.46840903736402,16.46840903736402,10.7019072626078,10.7019072626078,10.7019072626078,7.900577875357067,7.900577875357067,5.244800481421252,5.244800481421252,3.466979035088338,3.466979035088338,0.0,57655.91879689024,22.0,17.355371900826448,16.3718820861678,142.40303543015835,0.0,0.0,0.0,0.0,0.0,0.0,0.0,0.0,130.4280947655787,11.835812092322788,0.0,0.0,0.0,0.0,11.835812092322788,130.4280947655787,0.0,0.0,0.0,0.0,0.0,0.0,0.0,11.835812092322788,130.4280947655787,0.0,0.0,0.0,0.0,0.0,0.0,0.0,11.835812092322788,102.7331459668162,0.0,0.0,27.694948798762496,0.0,0.0,0.0,0.0,0.0,1.933972926850327,0.0,23.20528564371725,9.527408096099087,0.0,1.0,22,0,0,0,0,0,0,0,0,0,17,0,0,0,8.540000000000004,103.5480000000001,0,0,0,0,0,0,0,0,0,0,0,0,0,0,0,0,0,0,0,0,7
CC(C)CC(CC(CCCCCCCCCCCCC)C)C,733.0,2.4654053269076788,0.8649745966550348,2.4654053269076788,0.8649745966550348,0.2509683802742875,310.61,264.242,310.359951472,134,-0.0437835195280409,-0.0653823832227926,0.0653823832227926,0.0437835195280409,0.5,0.9545454545454546,1.4090909090909092,14.156541506559805,9.876191064755352,2.0967001857285954,-2.183585523131367,2.2295574732647427,-2.0579027325957413,4.618434754742118,0.3361256259879136,3.245470383813755,206.0838499786226,16.63154574418055,16.63154574418055,16.63154574418055,10.557749310264368,10.557749310264366,10.557749310264366,8.399803842481013,8.399803842481013,4.978988117629529,4.978988117629529,3.862713595313507,3.862713595313507,0.0,46110.20684007974,22.0,15.879017013232517,16.3718820861678,142.40303543015838,0.0,0.0,0.0,0.0,0.0,0.0,0.0,0.0,111.66854547356526,30.5953613843362,0.0,0.0,0.0,0.0,17.75371813848418,124.51018871941729,0.0,0.0,0.0,0.0,0.0,0.0,0.0,17.75371813848418,124.51018871941729,0.0,0.0,0.0,0.0,0.0,0.0,0.0,17.75371813848418,89.89150272096417,0.0,0.0,34.61868599845312,0.0,0.0,0.0,0.0,0.0,2.7214782039874312,0.0,20.369856194590216,11.908665601422353,0.0,1.0,22,0,0,0,0,0,0,0,0,0,16,0,0,0,8.395900000000006,103.4780000000001,0,0,0,0,0,0,0,0,0,0,0,0,0,0,0,0,0,0,0,0,9
C1(CCCCC1)CCOC(C)CCC(C)OCC(CCCC)CC,715.0,6.08655946793573,0.3658064939576481,6.08655946793573,0.3658064939576481,0.3474476398810869,340.5920000000002,296.24,340.334130648,144,0.0547639456599485,-0.3784980936806165,0.3784980936806165,0.0547639456599485,0.875,1.5416666666666667,2.1666666666666665,16.49062992704237,9.871800634267675,2.1434982879665374,-2.2286881985186224,2.259839110766946,-2.187914897441338,4.65867711959689,0.0076275259720594,2.018985824027342,273.14348004251303,17.623109575743268,17.025392594297898,17.025392594297898,11.65139700539098,10.88365521444391,10.88365521444391,8.111922048258736,8.111922048258736,5.792653612970773,5.792653612970773,3.7462471550896206,3.7462471550896206,-0.08,205006.10945755368,21.96180602006689,14.127485981231684,10.716198061139869,151.62429473564288,9.473725907600098,0.0,0.0,0.0,0.0,0.0,0.0,0.0,65.21404738278933,51.36657298340808,13.213763929025836,12.207932775496603,9.473725907600098,0.0,11.835812092322788,116.95274104937124,13.213763929025836,0.0,0.0,0.0,0.0,25.421696704522443,9.473725907600098,11.835812092322788,104.74480827387464,0.0,0.0,18.46,0.0,0.0,0.0,12.207932775496603,37.89121926720064,64.20821622926012,0.0,0.0,27.694948798762496,9.473725907600098,12.126013484888396,0.0,0.0,0.0,1.6795108098301776,0.0,16.627014937189603,10.90079410142516,0.0,1.0,24,0,2,1,1,0,0,2,0,2,14,1,1,1,6.763600000000008,104.5600000000001,0,0,0,0,0,0,0,0,0,0,0,0,0,2,0,0,0,0,0,0,0
C(C)C(COC1CCC(CC1)OCC(CCCC)CC)CCCC,727.0,6.225685120505196,0.4885092650722157,6.225685120505196,0.4885092650722157,0.3474476398810869,340.5920000000001,296.24,340.334130648,144,0.0576768048234659,-0.37793202383844,0.37793202383844,0.0576768048234659,0.6666666666666666,1.0416666666666667,1.3333333333333333,16.49473682985909,9.936618485365951,2.2316407500790514,-2.303793262005433,2.2583118895141125,-2.287993174847845,4.739928369141319,-0.0486621867146628,2.142457376467,243.143480042513,17.623109575743268,17.025392594297898,17.025392594297898,11.727406610312547,10.95966481936548,10.95966481936548,7.898388579774989,7.898388579774989,5.843045757321417,5.843045757321417,3.706125346826439,3.706125346826439,-0.08,220010.1545123536,21.96180602006689,14.127485981231684,9.41538633551297,151.62429473564288,9.473725907600098,0.0,0.0,0.0,0.0,0.0,0.0,0.0,66.21987853631856,50.36074182987885,13.213763929025836,12.207932775496603,9.473725907600098,0.0,11.835812092322788,116.95274104937124,13.213763929025836,0.0,0.0,0.0,0.0,25.421696704522443,9.473725907600098,11.835812092322788,104.74480827387464,0.0,0.0,18.46,0.0,0.0,0.0,12.207932775496603,25.04957602134862,77.04985947511214,0.0,0.0,27.694948798762496,9.473725907600098,12.451370241010393,0.0,0.0,0.0,1.5329657648538069,0.0,16.239988423885922,11.109008903583211,0.0,1.0,24,0,2,1,1,0,0,2,0,2,14,1,1,1,6.763600000000008,104.5600000000001,0,0,0,0,0,0,0,0,0,0,0,0,0,2,0,0,0,0,0,0,0
CC(C)CCC(C(CCC(C)C)CCC(C)C)CCC(C)C,653.0,2.3856611132107166,0.8587013941379018,2.3856611132107166,0.8587013941379018,0.3234008459439428,310.61,264.242,310.359951472,134,-0.0385646684709682,-0.0627734348252529,0.0627734348252529,0.0385646684709682,0.3181818181818182,0.5,0.6363636363636364,14.276113433546456,9.758981664700755,2.219585472121069,-2.2974885119735937,2.3401707777196536,-2.1816938090022817,4.734045961098683,0.2156847350270307,4.699100618178828,186.4228653433368,17.12095586463014,17.12095586463014,17.12095586463014,10.218121810561248,10.218121810561248,10.218121810561248,9.404947787999602,9.404947787999602,5.125897657686229,5.125897657686229,3.421122209760991,3.421122209760991,0.0,32019.18664145234,22.0,12.42603550295858,12.53472222222222,142.40303543015833,0.0,0.0,0.0,0.0,0.0,0.0,0.0,0.0,81.07318408922902,61.1907227686724,0.0,0.0,0.0,0.0,35.50743627696836,106.75647058093308,0.0,0.0,0.0,0.0,0.0,0.0,0.0,35.50743627696836,106.75647058093308,0.0,0.0,0.0,0.0,0.0,0.0,0.0,35.50743627696836,51.36657298340809,0.0,0.0,55.38989759752498,0.0,0.0,0.0,0.0,0.0,5.383509280255311,0.0,11.531201814058957,19.08528890568573,0.0,1.0,22,0,0,0,0,0,0,0,0,0,13,0,0,0,7.963600000000009,103.2680000000001,0,0,0,0,0,0,0,0,0,0,0,0,0,0,0,0,0,0,0,0,0
C(C(C)C)C(CC(C)C)CCCCC(CC(C)C)CC(C)C,659.0,2.383562614350403,0.8596115122918873,2.383562614350403,0.8596115122918873,0.3025286718786846,310.61,264.242,310.359951472,134,-0.0409421972208342,-0.0627634380052133,0.0627634380052133,0.0409421972208342,0.4090909090909091,0.6363636363636364,0.8181818181818182,14.20916793530241,9.829270134797303,2.1502184782226625,-2.229664722231154,2.283665615280153,-2.1004025328750555,4.6721608324793,0.2912964416637003,4.098259540635938,190.4228653433368,17.12095586463014,17.12095586463014,17.12095586463014,10.20128505815564,10.20128505815564,10.20128505815564,9.534704299996523,9.534704299996523,4.693696287889049,4.693696287889049,4.196546680972012,4.196546680972012,0.0,28485.215332867545,22.0,12.42603550295858,13.648393194706994,142.40303543015833,0.0,0.0,0.0,0.0,0.0,0.0,0.0,0.0,81.07318408922903,61.1907227686724,0.0,0.0,0.0,0.0,35.50743627696836,106.75647058093308,0.0,0.0,0.0,0.0,0.0,0.0,0.0,35.50743627696836,106.75647058093308,0.0,0.0,0.0,0.0,0.0,0.0,0.0,35.50743627696836,51.36657298340809,0.0,0.0,55.38989759752498,0.0,0.0,0.0,0.0,0.0,5.37112661522113,0.0,11.560372469975643,19.068500914803224,0.0,1.0,22,0,0,0,0,0,0,0,0,0,13,0,0,0,7.963600000000009,103.2680000000001,0,0,0,0,0,0,0,0,0,0,0,0,0,0,0,0,0,0,0,0,1
CC(C)(CCCC(CCCC(C)(C)C)CCCC(C)(C)C)C,660.0,2.3762029163517258,0.5013584183673471,2.3762029163517258,0.5013584183673471,0.4018479748109055,310.61,264.242,310.359951472,134,-0.0382609474094274,-0.0601739475210863,0.0601739475210863,0.0382609474094274,0.4545454545454545,0.6818181818181818,0.8636363636363636,14.226056139046923,9.81403965096105,2.167137573483593,-2.244879070346659,2.310511424401536,-2.1052603277110067,4.6939570908415424,0.2810814432377391,4.186235825713821,218.3352357018956,17.441311299868556,17.441311299868556,17.441311299868556,9.785405043171412,9.78540504317141,9.78540504317141,11.22469149468816,11.22469149468816,4.617447392977295,4.617447392977295,3.1962145811942877,3.1962145811942877,0.0,17884.810331608987,22.0,9.333333333333334,16.3718820861678,142.40303543015835,0.0,0.0,0.0,0.0,0.0,0.0,0.0,0.0,100.83856453477166,41.42534232312976,0.0,0.0,0.0,0.0,22.162877454351733,120.1010294035497,0.0,0.0,0.0,0.0,0.0,0.0,0.0,22.162877454351733,120.1010294035497,0.0,0.0,0.0,0.0,0.0,0.0,16.244971408190338,5.917906046161393,57.7873946063341,0.0,0.0,62.3136347972156,0.0,0.0,0.0,0.0,1.5040752551020415,0.9648611111111108,0.0,12.72857071995465,21.38582624716553,0.0,1.0,22,0,0,0,0,0,0,0,0,0,9,0,0,0,8.251800000000006,103.4080000000001,0,0,0,0,0,0,0,0,0,0,0,0,0,0,0,0,0,0,0,0,0
C(CCCCCCCCCCCCCCCCC)(=O)OCCCC,716.0,11.429553616296912,-0.0017184238155285,11.429553616296912,0.0017184238155285,0.1787056396262294,340.5920000000001,296.24,340.334130648,144,0.3052775141617927,-0.465675191765929,0.465675191765929,0.3052775141617927,0.5416666666666666,0.9166666666666666,1.3333333333333333,16.53236129379462,10.03818880300754,2.0137643716211087,-2.0430227124957123,2.1335190044676384,-2.0471879474992067,5.686921105760456,-0.1434071529808584,3.05817416858651,250.35446975062405,17.719485892920577,16.751525423472135,16.751525423472135,11.808060412490448,10.964690378025043,10.964690378025043,7.27377103935659,7.27377103935659,4.745394899343333,4.745394899343333,3.043168495767231,3.043168495767231,-0.53,173172.87358004812,23.47,20.514503782821546,19.51657661853749,151.67810275970902,4.736862953800049,0.0,0.0,0.0,5.969305287951849,4.794537184071822,0.0,0.0,110.15979874327142,12.84164324585202,6.4208216229260096,6.606881964512918,9.53140013787187,5.969305287951849,0.0,129.42226361204948,6.606881964512918,0.0,0.0,0.0,0.0,12.576187252464766,9.53140013787187,0.0,129.42226361204948,0.0,0.0,26.3,0.0,4.794537184071822,5.969305287951849,13.027703587438928,19.26246486877803,89.89150272096417,0.0,0.0,13.847474399381248,4.736862953800049,5.162608112941467,11.429553616296912,0.0,0.0,-0.0017184238155285,0.0,23.07707037741648,4.9991529838273365,0.0,0.9545454545454546,24,0,2,0,0,0,0,2,0,2,19,0,0,0,7.591200000000009,105.4130000000001,0,0,0,0,0,0,1,1,0,0,0,0,1,1,0,0,0,0,0,0,14
C(CCCCCCCCCCCCC)(=O)OC(CCCCCC)C,728.0,11.78044963591896,0.0082552536320297,11.78044963591896,0.0082552536320297,0.1896465423295057,340.59200000000016,296.24,340.334130648,144,0.3055438436410135,-0.462658675951103,0.462658675951103,0.3055438436410135,0.6666666666666666,1.0833333333333333,1.5833333333333333,16.54217938300179,10.052909562502895,2.0835806266187835,-2.125888349310517,2.129741782992217,-2.141247982499244,5.689392761571981,-0.1482169032230424,3.2756101041146097,262.6955295241146,17.88262259973711,16.914662130288665,16.914662130288665,11.7019072626078,10.897316063479236,10.897316063479236,7.43534602795932,7.43534602795932,4.781288351036512,4.781288351036512,3.1343661127642366,3.1343661127642366,-0.53,151748.54819063775,23.47,18.80359904829144,17.81810791583061,151.67810275970902,4.736862953800049,0.0,0.0,0.0,5.969305287951849,4.794537184071822,0.0,0.0,97.3181554974194,26.186202068468653,6.4208216229260096,6.103966387748303,9.53140013787187,5.969305287951849,0.0,136.0291455765624,0.0,0.0,0.0,0.0,0.0,12.073271675700152,9.53140013787187,0.0,129.92517918881407,0.0,0.0,26.3,0.0,4.794537184071822,12.073271675700152,6.4208216229260096,12.84164324585202,89.89150272096417,0.0,6.923737199690624,13.847474399381248,4.736862953800049,5.48346772675392,11.78044963591896,0.0,0.0,0.0082552536320297,0.0,21.208513657713564,6.519313725981532,0.0,0.9545454545454546,24,0,2,0,0,0,0,2,0,2,18,0,0,0,7.589600000000009,105.39100000000008,0,0,0,0,0,0,1,1,0,0,0,0,1,1,0,0,0,0,0,0,11
C(CCCCCCCCCCCCCCCCC)(=O)OCC(C)C,728.0,11.45917946663705,-0.0153758312229361,11.45917946663705,0.0153758312229361,0.1912184581734612,340.59200000000004,296.24,340.334130648,144,0.3052873331073467,-0.4654017442983678,0.4654017442983678,0.3052873331073467,0.6666666666666666,1.0416666666666667,1.4166666666666667,16.532899237845882,10.03813986727841,2.033397630660401,-2.065517778031849,2.134052732481944,-2.0892513612601324,5.687155314994509,-0.1443702801272658,3.0844273542317184,260.6955295241145,17.88262259973711,16.914662130288665,16.914662130288665,11.663902460147016,10.820532425681613,10.820532425681613,7.776607020315404,7.776607020315404,4.562108535503354,4.562108535503354,2.972439617143286,2.972439617143286,-0.53,147749.84454991657,23.47,18.80359904829144,19.51657661853749,151.67810275970902,4.736862953800049,0.0,0.0,0.0,5.969305287951849,4.794537184071822,0.0,0.0,110.66271432003605,12.338727669087405,6.4208216229260096,6.606881964512918,9.53140013787187,5.969305287951849,5.917906046161393,123.50435756588806,6.606881964512918,0.0,0.0,0.0,0.0,12.576187252464766,9.53140013787187,5.917906046161393,123.50435756588806,0.0,0.0,26.3,0.0,4.794537184071822,5.969305287951849,18.94560963360032,6.4208216229260096,89.89150272096417,0.0,0.0,20.771211599071872,4.736862953800049,5.183626631459986,11.45917946663705,0.0,0.0,0.4244463567719072,0.0,20.94536911551832,6.987378429612738,0.0,0.9545454545454546,24,0,2,0,0,0,0,2,0,2,18,0,0,0,7.447100000000009,105.34300000000007,0,0,0,0,0,0,1,1,0,0,0,0,1,1,0,0,0,0,0,0,13
C(CCCCCCCCCCCCCCCCC)(=O)OC(C)(C)C,711.0,11.570360022192604,-0.3406843294967743,11.570360022192604,0.0442647201118246,0.2135571601802838,340.59200000000004,296.24,340.334130648,144,0.3058007158338541,-0.4599479825433887,0.4599479825433887,0.3058007158338541,0.625,0.9583333333333334,1.2916666666666667,16.552359702214954,10.037797420881208,2.148096267592076,-2.1883242044050384,2.1436734953852885,-2.2309885849471613,5.692321505393427,-0.1544486030831126,3.138983788093683,278.1847271203595,18.09816554936093,17.130205079912493,17.130205079912493,11.454507021897172,10.673032607475616,10.673032607475616,8.286190444545738,8.286190444545738,4.404475899285109,4.404475899285109,3.0331952981111407,3.0331952981111407,-0.53,110002.47286483532,23.47,15.966483310465255,19.51657661853749,151.67810275970902,4.736862953800049,5.601050810983688,0.0,0.0,5.969305287951849,4.794537184071822,0.0,0.0,96.8152399206548,27.19203322199788,6.4208216229260096,0.0,9.53140013787187,5.969305287951849,0.0,136.0291455765624,0.0,0.0,0.0,0.0,0.0,11.570356098935536,9.53140013787187,0.0,130.4280947655787,0.0,0.0,26.3,0.0,4.794537184071822,11.570356098935536,6.4208216229260096,12.84164324585202,83.47068109803816,0.0,20.771211599071872,6.923737199690624,4.736862953800049,5.317885890719245,11.570360022192604,0.0,-0.3406843294967743,-0.0442647201118246,0.0,20.85073996721367,8.062629836149746,0.0,0.9545454545454546,24,0,2,0,0,0,0,2,0,2,16,0,0,0,7.589600000000009,105.39100000000008,0,0,0,0,0,0,1,1,0,0,0,0,1,1,0,0,0,0,0,0,13
CC(CCC(=O)OC)CCCC(CCCC(CCCCCC)C)C,724.0,11.147594588292405,-0.0703407589629712,11.147594588292405,0.0703407589629712,0.2199700274064558,340.5920000000001,296.24,340.334130648,144,0.3050123526119647,-0.4689953011387112,0.4689953011387112,0.3050123526119647,0.7083333333333334,1.1666666666666667,1.625,16.522963056953625,9.90630572684738,2.09000915765913,-2.155468215822283,2.222700429002433,-2.046128447859449,5.685124490746618,-0.140461875157372,3.514040349777864,287.6945021246863,18.20889601337017,17.240935543921726,17.240935543921726,11.489600962842504,10.558697303059605,10.558697303059605,8.141465520262942,8.141465520262942,5.4071024088734765,5.4071024088734765,3.448450630255564,3.448450630255564,-0.53,125260.00682407767,23.47,15.966483310465255,15.024491801592198,151.67810275970902,4.736862953800049,0.0,0.0,0.0,5.969305287951849,4.794537184071822,0.0,0.0,98.3239866509486,24.174539761410188,6.4208216229260096,7.109797541277533,9.53140013787187,5.969305287951849,17.75371813848418,111.16562989680064,7.109797541277533,0.0,0.0,0.0,0.0,13.079102829229384,9.53140013787187,17.75371813848418,111.16562989680064,0.0,0.0,26.3,0.0,4.794537184071822,5.969305287951849,12.338727669087405,18.2566337152488,77.73883539346366,0.0,0.0,27.694948798762496,4.736862953800049,4.704416091739677,11.147594588292405,0.0,0.0,2.329604945950786,0.0,16.633951509233647,9.378139791579809,1.472959739870344,0.9545454545454546,24,0,2,0,0,0,0,2,0,2,16,0,0,0,7.158900000000009,105.20300000000007,0,0,0,0,0,0,1,1,0,0,0,0,1,1,0,0,1,0,0,0,2
C(CCC(=O)OCCCCCCCCC)(=O)OCCCCCCCCC,726.0,11.592987514706838,-0.2880952463169552,11.592987514706838,0.1313006793776021,0.1961525919437395,370.5740000000002,328.2380000000001,370.308309824,154,0.3058705290171029,-0.4656635478377842,0.4656635478377842,0.3058705290171029,0.5,0.8076923076923077,1.1538461538461535,16.53918082437973,10.104645542126947,2.0851032742206868,-2.0612478081744428,2.0822818144549244,-2.111375179741578,5.770901156552168,-0.150068499927514,3.3285199221117883,296.10393706164785,19.296836162110203,17.36091522321331,17.36091522321331,12.7019072626078,11.015167193676994,11.015167193676994,7.183581048034253,7.183581048034253,4.555129626906845,4.555129626906845,2.8388078880625107,2.8388078880625107,-1.06,417089.0657968749,24.940000000000005,20.254339016687364,19.267189457911,160.95317008925966,9.473725907600098,0.0,0.0,0.0,11.9386105759037,9.589074368143644,0.0,0.0,90.89733387449338,12.84164324585202,0.0,26.055407174877857,19.06280027574374,11.9386105759037,0.0,116.58062036619744,13.213763929025836,0.0,0.0,0.0,0.0,25.152374504929536,19.06280027574374,0.0,116.58062036619744,0.0,0.0,52.60000000000001,0.0,9.589074368143644,24.78025382175571,13.213763929025836,25.68328649170404,64.20821622926012,0.0,0.0,13.847474399381248,9.473725907600098,10.326387614001666,23.18597502941368,0.0,0.0,-0.5761904926339103,0.0,17.02706673223566,5.370094450316241,0.0,0.9090909090909092,26,0,4,0,0,0,0,4,0,4,19,0,0,0,6.354200000000008,107.13800000000008,0,0,0,0,0,0,2,2,0,0,0,0,2,2,0,0,0,0,0,0,12
C(CCCCCCCCC(=O)OCCCCCC)(=O)OCCCCCC,722.0,11.556763668245075,-0.0526105322103489,11.556763668245075,0.0526105322103489,0.1961525919437395,370.5740000000002,328.2380000000001,370.308309824,154,0.3052775155123216,-0.4656750045327881,0.4656750045327881,0.3052775155123216,0.5,0.8461538461538461,1.2307692307692308,16.535728669679372,10.082504855343505,2.0376459432767637,-2.053892549652238,2.0999558319294773,-2.0554758004139053,5.690566764071591,-0.1444453197886882,3.2481651723113245,296.10393706164785,19.2968361621102,17.36091522321331,17.36091522321331,12.7019072626078,11.015167193676994,11.015167193676994,7.183581048034254,7.183581048034254,4.533683017500119,4.533683017500119,2.819805486832118,2.819805486832118,-1.06,413445.8678143682,24.940000000000005,20.254339016687364,19.267189457911,160.95317008925963,9.473725907600098,0.0,0.0,0.0,11.9386105759037,9.589074368143644,0.0,0.0,78.05569062864136,25.68328649170404,12.84164324585202,13.213763929025836,19.06280027574374,11.9386105759037,0.0,116.58062036619744,13.213763929025836,0.0,0.0,0.0,0.0,25.152374504929536,19.06280027574374,0.0,116.58062036619744,0.0,0.0,52.60000000000001,0.0,9.589074368143644,11.9386105759037,26.055407174877857,64.20821622926012,25.68328649170404,0.0,0.0,13.847474399381248,9.473725907600098,10.447011447903868,23.11352733649015,0.0,0.0,-0.1052210644206979,0.0,16.376446485660658,5.501569127699353,0.0,0.9090909090909092,26,0,4,0,0,0,0,4,0,4,19,0,0,0,6.354200000000008,107.13800000000008,0,0,0,0,0,0,2,2,0,0,0,0,2,2,0,0,0,0,0,0,11
C(CCCCC(=O)OCCCCCCCC)(=O)OCCCCCCCC,726.0,11.603457394979882,-0.1398103800288419,11.603457394979882,0.1398103800288419,0.1961525919437395,370.5740000000002,328.2380000000001,370.308309824,154,0.3052777469823277,-0.4656750033563677,0.4656750033563677,0.3052777469823277,0.5,0.8461538461538461,1.2307692307692308,16.535915996279726,10.124020704419673,2.058060468601853,-2.0589065719655064,2.0775255907904167,-2.0768907373466328,5.7010758204818845,-0.1456273386521935,3.307768947097144,296.10393706164785,19.2968361621102,17.36091522321331,17.36091522321331,12.7019072626078,11.015167193676994,11.015167193676994,7.183581048034253,7.183581048034253,4.533683017500118,4.533683017500118,2.8198054868321183,2.8198054868321183,-1.06,414370.6412889336,24.940000000000005,20.254339016687364,19.267189457911,160.95317008925963,9.473725907600098,0.0,0.0,0.0,11.9386105759037,9.589074368143644,0.0,0.0,78.05569062864136,25.68328649170404,12.84164324585202,13.213763929025836,19.06280027574374,11.9386105759037,0.0,116.58062036619744,13.213763929025836,0.0,0.0,0.0,0.0,25.152374504929536,19.06280027574374,0.0,116.58062036619744,0.0,0.0,52.60000000000001,0.0,9.589074368143644,11.9386105759037,38.89705042072987,25.68328649170404,51.36657298340809,0.0,0.0,13.847474399381248,9.473725907600098,10.440416297234218,23.20691478995976,0.0,0.0,-0.2796207600576839,0.0,16.48878113584853,5.476841870348506,0.0,0.9090909090909092,26,0,4,0,0,0,0,4,0,4,19,0,0,0,6.354200000000008,107.13800000000008,0,0,0,0,0,0,2,2,0,0,0,0,2,2,0,0,0,0,0,0,11
C(CCCCC(=O)OCC(CCCC)CC)(=O)OCC(CCCC)CC,716.7,11.797764221685926,-0.139881065427637,11.797764221685926,0.1398810654276365,0.2303561637492825,370.5740000000002,328.2380000000001,370.308309824,154,0.305287906374484,-0.4653797097181524,0.4653797097181524,0.305287906374484,0.6538461538461539,1.0384615384615383,1.3461538461538465,16.53660065079716,10.00442969414089,2.118181978532832,-2.1473598090263937,2.1469045018314645,-2.1452388223340617,5.70149079710495,-0.1470081610457332,3.731744715310047,320.0514102666709,19.623109575743264,17.687188636846372,17.687188636846372,12.565610567764072,10.878870498833267,10.878870498833267,7.406136623843765,7.406136623843765,5.058400334901913,5.058400334901913,2.9008232514090047,2.9008232514090047,-1.06,367646.4755463192,24.940000000000005,17.358643756727396,14.14535517104092,160.95317008925963,9.473725907600098,0.0,0.0,0.0,11.9386105759037,9.589074368143644,0.0,0.0,66.21987853631856,37.51909858402682,12.84164324585202,13.213763929025836,19.06280027574374,11.9386105759037,11.835812092322788,104.74480827387464,13.213763929025836,0.0,0.0,0.0,0.0,25.152374504929536,19.06280027574374,11.835812092322788,104.74480827387464,0.0,0.0,52.60000000000001,0.0,9.589074368143644,11.9386105759037,50.73286251305265,25.68328649170404,25.68328649170404,0.0,0.0,27.694948798762496,9.473725907600098,10.750134083281145,23.59552844337185,0.0,0.0,0.6796776258345936,0.0,11.260354973830331,9.714304873682078,0.0,0.9090909090909092,26,0,4,0,0,0,0,4,0,4,17,0,0,0,6.066000000000007,106.99800000000008,0,0,0,0,0,0,2,2,0,0,0,0,2,2,0,0,0,0,0,0,1
CC(CCCCCC)OCCCCCCOC(CCCCCC)C,746.0,5.8998308954782,0.4432845292028466,5.8998308954782,0.4432845292028466,0.2292533585357813,342.6080000000002,296.24,342.349780712,146,0.0546542745747377,-0.3785106891463007,0.3785106891463007,0.0546542745747377,0.5,0.875,1.25,16.487465869817548,10.105898873078011,2.028657887406483,-2.1351953957204404,2.1051099726830342,-2.097833914166454,4.535640092858315,0.049531459096537,3.210339773217159,206.0098044419028,17.88262259973711,17.284905618291745,17.284905618291745,11.7019072626078,10.93416547166073,10.93416547166073,7.475700233971652,7.475700233971652,4.7718205899547295,4.7718205899547295,3.010523278539337,3.010523278539337,-0.08,154783.37663165986,23.920000000000005,19.247457187279785,18.26142582592461,152.63012588917212,9.473725907600098,0.0,0.0,0.0,0.0,0.0,0.0,0.0,78.05569062864136,39.53076089108528,13.213763929025836,12.207932775496603,9.473725907600098,0.0,0.0,129.79438429522327,13.213763929025836,0.0,0.0,0.0,0.0,25.42169670452244,9.473725907600098,0.0,117.58645151972664,0.0,0.0,18.46,0.0,0.0,0.0,12.207932775496603,13.213763929025836,89.89150272096417,0.0,0.0,27.694948798762496,9.473725907600098,11.7996617909564,0.0,0.0,0.0,0.0,0.0,19.02464041756427,10.842364458145996,0.0,1.0,24,0,2,0,0,0,0,2,0,2,19,0,0,0,7.297800000000009,106.8140000000001,0,0,0,0,0,0,0,0,0,0,0,0,0,2,0,0,0,0,0,0,9
C(C)C(CCCCCC)OCCCCCCOC(CCCCCC)CC,785.0,6.066533145248631,0.4937130569041016,6.066533145248631,0.4937130569041016,0.1900653194006532,370.6620000000002,320.26200000000006,370.38108084,158,0.057208649911331,-0.3782340895974169,0.3782340895974169,0.057208649911331,0.4615384615384615,0.8461538461538461,1.1923076923076923,16.488213746930562,10.0752811462619,2.0688774570618995,-2.1657894762637544,2.135559655585868,-2.130787384529267,4.577809577959058,0.0350203860859531,3.443165155964728,228.59519799769745,19.296836162110207,18.69911918066484,18.69911918066484,12.77791686752937,12.0101750765823,12.0101750765823,7.9149793157035795,7.9149793157035795,5.415771140814108,5.415771140814108,3.465865079800817,3.465865079800817,-0.08,457716.2809350002,25.92,21.222688233500996,17.339648554188408,165.36001011796534,9.473725907600098,0.0,0.0,0.0,0.0,0.0,0.0,0.0,91.9031650280226,38.524929737556064,13.213763929025836,12.207932775496603,9.473725907600098,0.0,0.0,142.6360275410753,13.213763929025836,0.0,0.0,0.0,0.0,25.42169670452244,9.473725907600098,0.0,130.4280947655787,0.0,0.0,18.46,0.0,0.0,0.0,12.207932775496603,26.055407174877857,89.89150272096417,0.0,0.0,27.694948798762496,9.473725907600098,12.13306629049726,0.0,0.0,0.0,0.0,0.0,21.57876348434729,10.954836891822112,0.0,1.0,26,0,2,0,0,0,0,2,0,2,21,0,0,0,8.07800000000001,116.04800000000012,0,0,0,0,0,0,0,0,0,0,0,0,0,2,0,0,0,0,0,0,9
C(CCC=CCC=CCC=CCC=CCC=CCC=CCC)(=O)OC,703.0,10.905998126094024,-0.1532139563545751,10.905998126094024,0.1532139563545751,0.2612130082423214,342.52300000000014,308.25100000000003,342.25588032799993,138,0.305317212028191,-0.4689872441056678,0.4689872441056678,0.305317212028191,0.64,1.0,1.36,16.52295278382084,10.208859434824737,1.9437130044986817,-1.9284707245007997,1.9770550384990284,-1.9736347571535,5.687218337455349,-0.140011074353011,3.5274918416971,476.3212584247274,18.426592674107127,15.90155406069562,15.90155406069562,12.308060412490448,9.276136238273905,9.276136238273905,5.529994464942521,5.529994464942521,3.339329175101804,3.339329175101804,1.9428518823200511,1.9428518823200511,-2.0899999999999994,290424.6206625199,22.91,19.95564125969877,19.86446312805604,153.90542668100008,4.736862953800049,0.0,0.0,0.0,5.969305287951849,4.794537184071822,0.0,0.0,79.8359784816972,44.94575136048208,6.4208216229260096,7.109797541277533,9.53140013787187,5.969305287951849,0.0,58.29031018309871,7.109797541277533,72.91224128200658,0.0,0.0,0.0,13.079102829229384,9.53140013787187,0.0,58.29031018309871,72.91224128200658,0.0,26.3,0.0,4.794537184071822,5.969305287951849,6.4208216229260096,44.94575136048208,7.109797541277533,0.0,6.076020106833881,78.49682132866337,0.0,4.582364824636631,10.905998126094024,0.0,0.0,-0.1532139563545751,0.0,33.26029858694207,2.1520110131080097,1.4192080722405085,0.4347826086956521,25,0,2,0,0,0,0,2,0,2,14,0,0,0,6.637300000000007,109.46600000000004,0,0,0,0,0,0,1,1,12,0,0,0,1,1,0,0,1,0,0,0,0
C(CCCCCCCCCCCCCCC)OC1=C(C=CC=C1)OC,643.0,5.8100870820123625,0.7900839120370372,5.8100870820123625,0.7900839120370372,0.2704213373720375,348.571,308.25100000000003,348.30283052,144,0.1606383662516755,-0.4928700326286177,0.4928700326286177,0.1606383662516755,0.6,1.04,1.52,16.513675837345488,10.045039136019188,2.0125328127126294,-2.0957865903659507,2.2549425470547404,-1.9869076608318013,5.386875449725808,0.2843517976805842,1.8161743349188737,402.8341930133896,18.003942943296753,16.732499375484444,16.732499375484444,12.380540057561882,10.639628765898712,10.639628765898712,7.095514988489173,7.095514988489173,4.824530111495772,4.824530111495772,3.2167766938094364,3.2167766938094364,-1.1800000000000002,417358.7257597745,21.86198152812762,16.297187296189254,11.909379580164712,155.86250952325312,9.473725907600098,0.0,11.49902366656781,0.0,0.0,0.0,0.0,0.0,102.527152434652,18.55355575984923,0.0,13.716679505790452,9.473725907600098,0.0,0.0,96.8152399206548,13.716679505790452,24.26546827384644,11.49902366656781,9.473725907600098,11.49902366656781,13.716679505790452,0.0,0.0,96.8152399206548,24.26546827384644,0.0,18.46,0.0,0.0,0.0,0.0,24.526727254006737,83.47068109803816,7.109797541277533,24.26546827384644,6.923737199690624,9.473725907600098,11.10514505131989,0.0,0.0,0.0,1.687553371581692,7.8793673722007265,19.396852066500323,3.075269034959372,1.6891464367713265,0.7391304347826086,25,0,2,0,0,1,1,2,0,2,17,0,0,1,7.555300000000009,108.8010000000001,0,0,0,0,0,0,0,0,0,0,1,0,0,2,0,0,1,2,0,0,13
C(CCCCCCCCCCCCCCCCC)C1CCCC1,702.0,2.302060876169739,1.1126340474262124,2.302060876169739,1.1126340474262124,0.2345378381546919,322.6210000000001,276.253,322.359951472,138,-0.0414285760798144,-0.0653823832227926,0.0653823832227926,0.0414285760798144,0.4782608695652174,0.8260869565217391,1.2173913043478262,14.19108796092124,9.985091278052767,2.131177911391008,-2.0755345588385032,2.2883153460330146,-1.9213566251175411,4.665174540795173,0.4592759356474666,1.6365614975053842,214.0782000346155,16.42659267410713,16.426592674107127,16.426592674107127,11.431851652578136,11.431851652578136,11.431851652578136,8.242458447654531,8.242458447654531,5.940670697680657,5.940670697680657,4.280147846425157,4.280147846425157,0.0,206972.2873614693,21.043478260869566,16.84375,14.08,147.76214639102574,0.0,0.0,0.0,0.0,0.0,0.0,0.0,0.0,141.76099128113688,5.917906046161393,0.0,0.0,0.0,0.0,5.917906046161393,141.76099128113688,0.0,0.0,0.0,0.0,0.0,0.0,0.0,5.917906046161393,141.76099128113688,0.0,0.0,0.0,0.0,0.0,0.0,0.0,5.917906046161393,115.57478921266822,19.26246486877803,0.0,6.923737199690624,0.0,0.0,0.0,0.0,0.0,1.1126340474262124,0.0,31.41863840973738,2.302060876169739,0.0,1.0,23,0,0,1,1,0,0,0,0,0,17,1,1,1,8.828200000000002,106.1210000000001,0,0,0,0,0,0,0,0,0,0,0,0,0,0,0,0,0,0,0,0,14
CCCCCCCCC(CCCCCCCC)C1CCCCC1,692.0,2.319065033693903,1.076528040228437,2.319065033693903,1.076528040228437,0.2644112330407622,322.6210000000001,276.253,322.359951472,138,-0.0385845807319488,-0.0653823832227926,0.0653823832227926,0.0385845807319488,0.5652173913043478,1.0,1.4782608695652173,14.27941222836824,9.75343187556232,2.2224854284062703,-2.3034623881543297,2.354869990140154,-2.1788931310037576,4.742540958241669,0.2144991766803345,2.1666219262694275,210.1928094887362,16.58972938092366,16.58972938092366,16.58972938092366,11.38054005756188,11.38054005756188,11.38054005756188,8.2710539268635,8.2710539268635,6.173433276375332,6.173433276375332,4.595026102423616,4.595026102423616,0.0,158119.75268881978,21.043478260869566,15.5232,11.224489795918368,147.7621463910257,0.0,0.0,0.0,0.0,0.0,0.0,0.0,0.0,135.84308523497546,11.835812092322788,0.0,0.0,0.0,0.0,11.835812092322788,135.84308523497546,0.0,0.0,0.0,0.0,0.0,0.0,0.0,11.835812092322788,135.84308523497546,0.0,0.0,0.0,0.0,0.0,0.0,0.0,11.835812092322788,96.31232434389018,25.68328649170404,0.0,13.847474399381248,0.0,0.0,0.0,0.0,0.0,2.16915175946922,0.0,28.35938483980964,4.638130067387806,0.0,1.0,23,0,0,1,1,0,0,0,0,0,15,1,1,1,8.684100000000004,106.0510000000001,0,0,0,0,0,0,0,0,0,0,0,0,0,0,0,0,0,0,0,0,8
C(CCCCCCCCCCCC=CCC=CCCCCC)(=O)OC,742.0,10.963860594964338,-0.0721801017657168,10.963860594964338,0.0721801017657168,0.1449520559011493,350.58700000000016,308.25100000000003,350.318480584,146,0.3050018388563536,-0.4689954278205915,0.4689954278205915,0.3050018388563536,0.68,1.16,1.68,16.522956697602176,10.055223387862677,1.9848953876811637,-2.0171937175079995,2.114936029931505,-1.9852438769984249,5.684624606130334,-0.140251757691222,3.154413525862942,330.9844916327148,18.426592674107127,16.939606156670997,16.939606156670997,12.308060412490448,10.676816581229666,10.676816581229666,6.971081480853292,6.971081480853292,4.559205615859019,4.559205615859019,2.889933672237388,2.889933672237388,-1.05,290424.6206625199,23.95,20.99357298474945,20.90651745269068,156.66383880973711,4.736862953800049,0.0,0.0,0.0,5.969305287951849,4.794537184071822,0.0,0.0,89.01521223336024,38.524929737556064,6.4208216229260096,7.109797541277533,9.53140013787187,5.969305287951849,0.0,109.65688316650682,7.109797541277533,24.304080427335524,0.0,0.0,0.0,13.079102829229384,9.53140013787187,0.0,109.65688316650682,24.304080427335524,0.0,26.3,0.0,4.794537184071822,5.969305287951849,6.4208216229260096,19.26246486877803,84.15965701638967,0.0,0.0,35.9646805808262,0.0,4.640227293506946,10.963860594964338,0.0,0.0,-0.0721801017657168,0.0,28.91933638147223,2.2523509694174564,1.4630715290714145,0.782608695652174,25,0,2,0,0,0,0,2,0,2,18,0,0,0,7.533300000000008,109.84200000000008,0,0,0,0,0,0,1,1,4,0,0,0,1,1,0,0,1,0,0,0,11
CCCCCCCCC(CCCCCC)CCCCCCCC,720.0,2.323498673467663,1.0455614869404548,2.323498673467663,1.0455614869404548,0.2077535793641554,324.63700000000006,276.253,324.375601536,140,-0.0414285788660361,-0.0653823832227926,0.0653823832227926,0.0414285788660361,0.3478260869565217,0.6086956521739131,0.9565217391304348,14.141173119938596,9.89296486542639,2.080924408757048,-2.167197786492002,2.240740688471067,-2.013575690770446,4.616272754964746,0.3663453106752994,3.704520443235785,180.21499122004104,17.012379111734035,17.012379111734035,17.012379111734035,11.346065214951231,11.346065214951231,11.346065214951231,7.828244885281438,7.828244885281438,5.397777478867205,5.397777478867205,3.719487674645335,3.719487674645335,0.0,109945.9613148616,23.0,20.045454545454547,18.181818181818183,148.76797754455495,0.0,0.0,0.0,0.0,0.0,0.0,0.0,0.0,142.7668224346661,5.917906046161393,0.0,0.0,0.0,0.0,5.917906046161393,142.7668224346661,0.0,0.0,0.0,0.0,0.0,0.0,0.0,5.917906046161393,142.7668224346661,0.0,0.0,0.0,0.0,0.0,0.0,0.0,5.917906046161393,121.99561083559423,0.0,0.0,20.771211599071872,0.0,0.0,0.0,0.0,0.0,1.0455614869404548,0.0,27.83958330530878,6.9481885410841,0.0,1.0,23,0,0,0,0,0,0,0,0,0,19,0,0,0,9.0742,108.2350000000001,0,0,0,0,0,0,0,0,0,0,0,0,0,0,0,0,0,0,0,0,10
CCCCC(CCCC)CCCCCC(CCCC)CCCC,681.0,2.336929289668842,1.0332219713974762,2.336929289668842,1.0332219713974762,0.22064865306217,324.63700000000006,276.253,324.375601536,140,-0.0414289236371102,-0.0653822096214947,0.0653822096214947,0.0414289236371102,0.3478260869565217,0.6086956521739131,0.8695652173913043,14.156049519687224,9.882020020740448,2.0959000367502765,-2.178101478123004,2.252575626492212,-2.0259850656552585,4.629793002923996,0.3545847050216992,3.805843364546701,170.0838499786226,17.175515818550565,17.175515818550565,17.175515818550565,11.27791686752937,11.277916867529369,11.277916867529369,7.938975349290672,7.938975349290672,5.588448176547863,5.588448176547863,3.880024622172492,3.880024622172492,0.0,102518.9453640724,23.0,18.34026465028355,15.27777777777778,148.76797754455495,0.0,0.0,0.0,0.0,0.0,0.0,0.0,0.0,136.8489163885047,11.835812092322788,0.0,0.0,0.0,0.0,11.835812092322788,136.8489163885047,0.0,0.0,0.0,0.0,0.0,0.0,0.0,11.835812092322788,136.8489163885047,0.0,0.0,0.0,0.0,0.0,0.0,0.0,11.835812092322788,109.1539675897422,0.0,0.0,27.694948798762496,0.0,0.0,0.0,0.0,0.0,2.0664439427949524,0.0,24.75250556519635,9.347717158675367,0.0,1.0,23,0,0,0,0,0,0,0,0,0,18,0,0,0,8.930100000000003,108.1650000000001,0,0,0,0,0,0,0,0,0,0,0,0,0,0,0,0,0,0,0,0,2
CC(C)CC(CC(CCCCCCCCCCCCCC)C)C,722.0,2.467627549129901,0.8646710844632494,2.467627549129901,0.8646710844632494,0.2344132000755643,324.637,276.253,324.375601536,140,-0.0437835195280409,-0.0653823832227926,0.0653823832227926,0.0437835195280409,0.4782608695652174,0.9130434782608696,1.3478260869565215,14.156653105715836,9.87618807558228,2.0968068597600102,-2.183588848601769,2.229809660138909,-2.057903341044353,4.618594595395044,0.3361243070143505,3.229337736628266,218.07820003461552,17.338652525367095,17.338652525367095,17.338652525367095,11.057749310264368,11.057749310264366,11.057749310264366,8.753357233074288,8.753357233074288,5.228988117629529,5.228988117629529,4.039490290610145,4.039490290610145,0.0,75745.92289803828,23.0,16.84375,18.181818181818183,148.76797754455498,0.0,0.0,0.0,0.0,0.0,0.0,0.0,0.0,118.08936709649127,30.5953613843362,0.0,0.0,0.0,0.0,17.75371813848418,130.9310103423433,0.0,0.0,0.0,0.0,0.0,0.0,0.0,17.75371813848418,130.9310103423433,0.0,0.0,0.0,0.0,0.0,0.0,0.0,17.75371813848418,96.31232434389018,0.0,0.0,34.61868599845312,0.0,0.0,0.0,0.0,0.0,2.720409069165875,0.0,21.86305454129792,11.916536389536208,0.0,1.0,23,0,0,0,0,0,0,0,0,0,17,0,0,0,8.786000000000003,108.0950000000001,0,0,0,0,0,0,0,0,0,0,0,0,0,0,0,0,0,0,0,0,10
C(CCCCCCCCCCC)(=O)OC(CCCCCCCCC)C,760.0,11.84544239804084,0.012399620214375,11.84544239804084,0.012399620214375,0.1734836496072417,354.6190000000002,308.25100000000003,354.349780712,150,0.3055438436410135,-0.4626586759510926,0.4626586759510926,0.3055438436410135,0.64,1.04,1.52,16.542180841719944,10.062376980577888,2.0851375556202902,-2.1278792347645266,2.132290404463152,-2.1414119221028804,5.689396361243148,-0.148217142157388,3.322663584874755,275.2663553902827,18.589729380923657,17.621768911475215,17.621768911475215,12.2019072626078,11.397316063479236,11.397316063479236,7.788899418552595,7.788899418552595,5.031288351036512,5.031288351036512,3.311142808060874,3.311142808060874,-0.53,248195.3619539204,24.47,19.790250696039237,19.640430336599916,158.04304487410565,4.736862953800049,0.0,0.0,0.0,5.969305287951849,4.794537184071822,0.0,0.0,103.7389771203454,26.186202068468653,6.4208216229260096,6.103966387748303,9.53140013787187,5.969305287951849,0.0,142.4499671994884,0.0,0.0,0.0,0.0,0.0,12.073271675700152,9.53140013787187,0.0,136.3460008117401,0.0,0.0,26.3,0.0,4.794537184071822,12.073271675700152,6.4208216229260096,12.84164324585202,96.31232434389018,0.0,6.923737199690624,13.847474399381248,4.736862953800049,5.528538950812511,11.84544239804084,0.0,0.0,0.012399620214375,0.0,22.553545185551,6.560073845381275,0.0,0.9565217391304348,25,0,2,0,0,0,0,2,0,2,19,0,0,0,7.979700000000009,110.0080000000001,0,0,0,0,0,0,1,1,0,0,0,0,1,1,0,0,0,0,0,0,12
C(CCCCCCCCCCCCCCC)(=O)OCCCCCCC,739.0,11.611040604536797,0.0125597462624151,11.611040604536797,0.0125597462624151,0.1635064497304461,354.6190000000002,308.25100000000003,354.349780712,150,0.305277515512331,-0.4656750045271265,0.4656750045271265,0.305277515512331,0.52,0.88,1.32,16.53236757769397,10.044510957726033,2.0197590426750045,-2.0501271921208897,2.127971456226753,-2.0510496006319,5.686937728977509,-0.1434400183924344,3.108158992469971,262.8184048718842,18.426592674107123,17.45863220465868,17.45863220465868,12.308060412490448,11.464690378025043,11.464690378025043,7.627324429949864,7.627324429949864,4.995394899343332,4.995394899343332,3.25089300108579,3.25089300108579,-0.53,284113.3693119542,24.47,21.512607584149976,21.427476803863883,158.04304487410565,4.736862953800049,0.0,0.0,0.0,5.969305287951849,4.794537184071822,0.0,0.0,116.58062036619744,12.84164324585202,6.4208216229260096,6.606881964512918,9.53140013787187,5.969305287951849,0.0,135.8430852349755,6.606881964512918,0.0,0.0,0.0,0.0,12.576187252464766,9.53140013787187,0.0,135.8430852349755,0.0,0.0,26.3,0.0,4.794537184071822,5.969305287951849,13.027703587438928,12.84164324585202,102.7331459668162,0.0,0.0,13.847474399381248,4.736862953800049,5.290359427061494,11.611040604536797,0.0,0.0,0.0125597462624151,0.0,24.13251551447637,5.120191374329586,0.0,0.9565217391304348,25,0,2,0,0,0,0,2,0,2,20,0,0,0,7.981300000000009,110.0300000000001,0,0,0,0,0,0,1,1,0,0,0,0,1,1,0,0,0,0,0,0,15
C(CCCC)(=O)OCCCCCCCCCCCCCCCCCC,732.0,11.340096821113466,-0.0112876074959771,11.340096821113466,0.0112876074959771,0.1635064497304461,354.61900000000014,308.25100000000003,354.349780712,150,0.3052773345410711,-0.4656750055319532,0.4656750055319532,0.3052773345410711,0.52,0.88,1.28,16.532366436604978,10.038557255777786,2.005255537871552,-2.0476979234487582,2.133019904557358,-2.048023854001369,5.686839506240253,-0.1434179559565147,3.036557078080388,262.8184048718842,18.426592674107127,17.45863220465868,17.45863220465868,12.308060412490446,11.464690378025043,11.464690378025043,7.627324429949864,7.627324429949864,4.995394899343332,4.995394899343332,3.229446391679065,3.229446391679065,-0.53,285342.9385464372,24.47,21.512607584149976,21.427476803863883,158.04304487410562,4.736862953800049,0.0,0.0,0.0,5.969305287951849,4.794537184071822,0.0,0.0,116.58062036619744,12.84164324585202,6.4208216229260096,6.606881964512918,9.53140013787187,5.969305287951849,0.0,135.8430852349755,6.606881964512918,0.0,0.0,0.0,0.0,12.576187252464766,9.53140013787187,0.0,135.8430852349755,0.0,0.0,26.3,0.0,4.794537184071822,5.969305287951849,13.027703587438928,19.26246486877803,96.31232434389018,0.0,0.0,13.847474399381248,4.736862953800049,5.224274779608134,11.340096821113466,0.0,0.0,-0.0112876074959771,0.0,24.60361700345236,5.009965669988686,0.0,0.9565217391304348,25,0,2,0,0,0,0,2,0,2,20,0,0,0,7.981300000000009,110.0300000000001,0,0,0,0,0,0,1,1,0,0,0,0,1,1,0,0,0,0,0,0,15
C1(=CC=CC=C1)C=CCCCCCCCCCC(CCC)CCC,682.0,2.331054537980997,1.010557202663499,2.331054537980997,1.010557202663499,0.2833006030006889,328.58400000000006,288.264,328.31300128,136,-0.0259843041880629,-0.0839417919376987,0.0839417919376987,0.0259843041880629,0.7083333333333334,1.2916666666666667,1.9166666666666667,14.113051386414009,9.91871575465344,2.0526468871660284,-2.141637923559739,2.2095904262342354,-1.991631638661824,5.479057019488375,0.3903461008759712,1.888771314058477,383.759154296849,17.296836162110207,16.31119030894213,16.31119030894213,11.863703305156276,10.579898794679654,10.579898794679654,7.308652205901748,7.308652205901748,4.986883809051227,4.986883809051227,3.61216028542176,3.61216028542176,-1.04,248624.0771528043,21.003554006968645,15.485517751479293,11.488744639822489,151.31075814645172,0.0,0.0,0.0,0.0,0.0,0.0,0.0,0.0,126.9603878075432,24.323000783710405,0.0,0.0,0.0,6.076020106833881,5.917906046161393,97.3181554974194,0.0,41.97130694083893,0.0,0.0,0.0,0.0,0.0,5.917906046161393,102.8816069891164,36.407855449141934,6.076020106833881,0.0,0.0,0.0,0.0,0.0,5.917906046161393,89.03413258973515,0.0,0.0,56.331349955357055,0.0,0.0,0.0,0.0,1.3212501917818824,1.010557202663499,10.619080931475034,22.887002598117597,4.662109075961994,0.0,0.6666666666666666,24,0,0,0,0,1,1,0,0,0,15,0,0,1,8.427100000000005,110.33500000000008,0,0,0,0,0,0,0,0,1,0,1,0,0,0,0,0,0,0,0,0,7
CC1=C(C=C(C=C1)CCCCCCCCCCCCCCCC)C,705.0,2.372607074232425,1.263046875,2.372607074232425,1.263046875,0.283450190677474,330.6000000000001,288.264,330.328651344,138,-0.0278769750188596,-0.0653823832227926,0.0653823832227926,0.0278769750188596,0.5416666666666666,1.0,1.4583333333333333,14.03557045765231,10.00391621606452,1.9754726578504496,-2.055991523738516,2.151153687369406,-1.8911681375203109,5.293672103271866,0.5353129040688573,1.8273811631595127,404.499379292522,17.45997286892674,16.838652525367095,16.838652525367095,11.736382105218448,10.798694043492404,10.798694043492404,7.764805339258268,7.764805339258268,5.390324953704307,5.390324953704307,3.482694935445911,3.482694935445911,-0.78,212251.8565501143,21.26306632213609,14.553566646360869,10.894157839512468,152.00036117863598,0.0,0.0,0.0,0.0,0.0,0.0,0.0,0.0,108.5935195031136,43.37947212032425,0.0,0.0,0.0,0.0,0.0,117.08353594296204,0.0,34.88945568047582,0.0,0.0,0.0,0.0,6.4208216229260096,13.847474399381248,113.50559439574576,18.19910120538483,0.0,0.0,0.0,0.0,0.0,0.0,0.0,113.00267881898117,0.0,0.0,38.9703128044567,0.0,0.0,0.0,0.0,4.383897800197182,0.0,6.955012580721968,21.439796715244057,6.721292903836796,0.0,0.75,24,0,0,0,0,1,1,0,0,0,15,0,0,1,8.327240000000005,109.93200000000007,0,0,0,0,0,0,0,0,0,3,1,0,0,0,0,0,0,0,0,0,12
CCCCCCCCCOCCCCOCCCCCCCCC,749.0,5.697638251445278,0.913316748186878,5.697638251445278,0.913316748186878,0.2036707966939361,342.6080000000002,296.24,342.349780712,146,0.0466381537250487,-0.3814509154041468,0.3814509154041468,0.0466381537250487,0.3333333333333333,0.5833333333333334,0.9166666666666666,16.477841034149474,10.104838946874802,1.9438095427463655,-2.058687123217968,2.0769389504819955,-2.010631836313985,4.4646944229249454,0.0991029389860976,2.930960289426317,184.14659562732828,17.55634918610405,16.958632204658684,16.958632204658684,11.914213562373096,11.068914100752346,11.068914100752346,7.174492339697422,7.174492339697422,4.611807319565799,4.611807319565799,2.9348342885327527,2.9348342885327527,-0.08,194966.8927775072,23.920000000000005,22.92,21.92,152.63012588917212,9.473725907600098,0.0,0.0,0.0,0.0,0.0,0.0,0.0,90.89733387449338,25.68328649170404,26.427527858051672,0.0,9.473725907600098,0.0,0.0,116.58062036619744,26.427527858051672,0.0,0.0,0.0,0.0,26.427527858051672,9.473725907600098,0.0,116.58062036619744,0.0,0.0,18.46,0.0,0.0,0.0,0.0,39.26917110390369,89.89150272096417,0.0,0.0,13.847474399381248,9.473725907600098,11.395276502890557,0.0,0.0,0.0,0.0,0.0,21.331365068107143,8.273358429002297,0.0,1.0,24,0,2,0,0,0,0,2,0,2,21,0,0,0,7.301000000000009,106.8580000000001,0,0,0,0,0,0,0,0,0,0,0,0,0,2,0,0,0,0,0,0,19
C(CCCCCCC)OCCCCCCOCCCCCCCC,759.0,5.708852564716883,0.9519614512471656,5.708852564716883,0.9519614512471656,0.2036707966939361,342.6080000000002,296.24,342.349780712,146,0.046553409443641,-0.3814524487990458,0.3814524487990458,0.046553409443641,0.3333333333333333,0.5833333333333334,0.875,16.475379184999184,10.124751506586852,1.944201996283417,-2.0563875866546724,2.067394096239503,-1.9900290779646492,4.464531726894928,0.117040132923771,2.930960289426317,184.14659562732828,17.55634918610405,16.95863220465868,16.95863220465868,11.914213562373096,11.068914100752346,11.068914100752346,7.174492339697422,7.174492339697422,4.611807319565799,4.611807319565799,2.9348342885327523,2.9348342885327523,-0.08,194966.8927775072,23.920000000000005,22.92,21.92,152.63012588917212,9.473725907600098,0.0,0.0,0.0,0.0,0.0,0.0,0.0,90.89733387449338,25.68328649170404,26.427527858051672,0.0,9.473725907600098,0.0,0.0,116.58062036619744,26.427527858051672,0.0,0.0,0.0,0.0,26.427527858051672,9.473725907600098,0.0,116.58062036619744,0.0,0.0,18.46,0.0,0.0,0.0,0.0,26.427527858051672,102.7331459668162,0.0,0.0,13.847474399381248,9.473725907600098,11.417705129433768,0.0,0.0,0.0,0.0,0.0,21.20946031530324,8.372834555263,0.0,1.0,24,0,2,0,0,0,0,2,0,2,21,0,0,0,7.301000000000009,106.8580000000001,0,0,0,0,0,0,0,0,0,0,0,0,0,2,0,0,0,0,0,0,19
CC(CCCC)OCCCCCCCCCCOC(CCCC)C,737.0,5.845855966160368,0.4554258024496473,5.845855966160368,0.4554258024496473,0.2292533585357813,342.60800000000006,296.24,342.349780712,146,0.054654100689006,-0.3785106906543748,0.3785106906543748,0.054654100689006,0.5,0.8333333333333334,1.1666666666666667,16.48732237670327,10.084065060885278,2.015086140143697,-2.122021080038842,2.108577617970075,-2.085965423043506,4.52346646748623,0.0554127923314991,3.122077433689756,206.0098044419028,17.88262259973711,17.284905618291745,17.284905618291745,11.7019072626078,10.934165471660732,10.934165471660732,7.475700233971652,7.475700233971652,4.7718205899547295,4.7718205899547295,2.983649825001661,2.983649825001661,-0.08,155911.16933659746,23.920000000000005,19.247457187279785,18.26142582592461,152.63012588917212,9.473725907600098,0.0,0.0,0.0,0.0,0.0,0.0,0.0,78.05569062864136,39.53076089108528,13.213763929025836,12.207932775496603,9.473725907600098,0.0,0.0,129.79438429522327,13.213763929025836,0.0,0.0,0.0,0.0,25.42169670452244,9.473725907600098,0.0,117.58645151972668,0.0,0.0,18.46,0.0,0.0,0.0,12.207932775496603,13.213763929025836,89.89150272096417,0.0,0.0,27.694948798762496,9.473725907600098,11.691711932320736,0.0,0.0,0.0,0.0,0.0,19.14908481176974,10.825869922576194,0.0,1.0,24,0,2,0,0,0,0,2,0,2,19,0,0,0,7.297800000000009,106.8140000000001,0,0,0,0,0,0,0,0,0,0,0,0,0,2,0,0,0,0,0,0,9
C(C)C(COCCCCCCOCC(CCCC)CC)CCCC,739.0,5.8637114577403455,0.7755274915136579,5.8637114577403455,0.7755274915136579,0.2349246121765855,342.6080000000001,296.24,342.349780712,146,0.0493662244104081,-0.3811646879965789,0.3811646879965789,0.0493662244104081,0.5416666666666666,0.9583333333333334,1.2916666666666667,16.47620494452991,10.004779476329372,2.061409852715531,-2.1479636266032003,2.140475278917848,-2.0994502863096023,4.567743027292301,0.0841559535299928,3.322769821959408,206.0098044419028,17.88262259973711,17.28490561829174,17.28490561829174,11.77791686752937,10.93261740590862,10.93261740590862,7.397047915506931,7.397047915506931,5.121009241333562,5.121009241333562,3.0580174582366717,3.0580174582366717,-0.08,171721.79362560573,23.920000000000005,19.247457187279785,15.447842547194364,152.63012588917212,9.473725907600098,0.0,0.0,0.0,0.0,0.0,0.0,0.0,79.06152178217057,37.51909858402682,26.427527858051672,0.0,9.473725907600098,0.0,11.835812092322788,104.74480827387464,26.427527858051672,0.0,0.0,0.0,0.0,26.427527858051672,9.473725907600098,11.835812092322788,104.74480827387464,0.0,0.0,18.46,0.0,0.0,0.0,0.0,38.26333995037446,77.04985947511214,0.0,0.0,27.694948798762496,9.473725907600098,11.727422915480693,0.0,0.0,0.0,1.5510549830273157,0.0,15.455406473210628,12.932782294948032,0.0,1.0,24,0,2,0,0,0,0,2,0,2,19,0,0,0,7.012800000000008,106.7180000000001,0,0,0,0,0,0,0,0,0,0,0,0,0,2,0,0,0,0,0,0,7
C(C)C(COC(C)CCC(C)OCC(CCCC)CC)CCCC,727.0,6.086796231616308,0.3553611169240676,6.086796231616308,0.3553611169240676,0.2828797369568262,342.6080000000001,296.24,342.349780712,146,0.0547639456678405,-0.3782211953877721,0.3782211953877721,0.0547639456678405,0.5833333333333334,0.9583333333333334,1.25,16.490985657233008,10.000165968633578,2.1260290062377067,-2.2167883544224853,2.1712580370463685,-2.1964503118139365,4.620085232303708,0.0014960603997385,3.81090880972667,228.354469750624,18.20889601337017,17.611179031924802,17.611179031924802,11.565610567764072,10.797868776817005,10.797868776817005,7.698255809781162,7.698255809781162,5.299161591458953,5.299161591458953,3.032996920861227,3.032996920861227,-0.08,138206.30334949697,23.920000000000005,16.391764974851394,13.23773854180236,152.6301258891721,9.473725907600098,0.0,0.0,0.0,0.0,0.0,0.0,0.0,66.21987853631856,51.36657298340808,13.213763929025836,12.207932775496603,9.473725907600098,0.0,11.835812092322788,117.95857220290046,13.213763929025836,0.0,0.0,0.0,0.0,25.421696704522443,9.473725907600098,11.835812092322788,105.75063942740384,0.0,0.0,18.46,0.0,0.0,0.0,12.207932775496603,37.89121926720064,51.36657298340809,0.0,0.0,41.54242319814374,9.473725907600098,12.173592463232616,0.0,0.0,0.0,1.4813916907797329,0.0,13.275396800582175,15.402952378738808,0.0,1.0,24,0,2,0,0,0,0,2,0,2,17,0,0,0,7.009600000000009,106.6740000000001,0,0,0,0,0,0,0,0,0,0,0,0,0,2,0,0,0,0,0,0,0
CC(CCOCCCCOCCC(CC(C)(C)C)C)CC(C)(C)C,748.0,5.762858184851332,0.4316805061565748,5.762858184851332,0.4316805061565748,0.3456161593570884,342.6080000000001,296.24,342.349780712,146,0.0468077993108937,-0.3814402379063655,0.3814402379063655,0.0468077993108937,0.5833333333333334,0.9166666666666666,1.2083333333333333,16.47790793940545,9.841862610196038,2.1522690251269245,-2.22813730080843,2.261418102385808,-2.130630962559435,4.665086672973563,0.0879296644117459,3.3431855971360807,255.3254901351445,18.639981912617827,18.04226493117245,18.04226493117245,10.994800481421253,10.149501019800503,10.149501019800503,10.249113986836344,10.249113986836344,4.258994520283709,4.258994520283709,3.476302449832604,3.476302449832604,-0.08,61422.70589734487,23.920000000000005,12.301909691440992,18.26142582592461,152.6301258891721,9.473725907600098,0.0,0.0,0.0,0.0,0.0,0.0,0.0,55.38989759752498,61.1907227686724,26.427527858051672,0.0,9.473725907600098,0.0,22.665793031116348,93.91482733508104,26.427527858051672,0.0,0.0,0.0,0.0,26.427527858051672,9.473725907600098,22.665793031116348,93.91482733508104,0.0,0.0,18.46,0.0,0.0,0.0,10.82998093879356,51.10498319622647,25.68328649170404,0.0,0.0,55.38989759752498,9.473725907600098,11.525716369702662,0.0,0.0,0.8633610123131499,1.5063357005630702,0.0,7.143785993692285,22.1274675903955,0.0,1.0,24,0,2,0,0,0,0,2,0,2,13,0,0,0,6.724600000000009,106.5780000000001,0,0,0,0,0,0,0,0,0,0,0,0,0,2,0,0,0,0,0,0,7
C(CC)C(CCCCCCCC)C(CCCCCCCC)CCC,727.0,2.390875164498,1.024784213067943,2.390875164498,1.024784213067943,0.2057094795456007,338.66400000000016,288.264,338.3912516,146,-0.0385948133607301,-0.0653823832227926,0.0653823832227926,0.0385948133607301,0.3333333333333333,0.6666666666666666,1.0,14.246574929032578,9.786499684987524,2.189858528501828,-2.270154350361142,2.3168962142503804,-2.1511215057072266,4.707189625826321,0.244945503887255,4.048178026597464,196.0782000346156,17.88262259973711,17.88262259973711,17.88262259973711,11.794753619934976,11.794753619934976,11.794753619934976,8.210393755083679,8.210393755083679,5.842535255101096,5.842535255101096,4.346778501339036,4.346778501339036,0.0,167449.50942618612,24.0,19.32638888888889,14.35207100591716,155.1329196589516,0.0,0.0,0.0,0.0,0.0,0.0,0.0,0.0,143.26973801143072,11.835812092322788,0.0,0.0,0.0,0.0,11.835812092322788,143.26973801143072,0.0,0.0,0.0,0.0,0.0,0.0,0.0,11.835812092322788,143.26973801143072,0.0,0.0,0.0,0.0,0.0,0.0,0.0,11.835812092322788,115.57478921266822,0.0,0.0,27.694948798762496,0.0,0.0,0.0,0.0,0.0,2.049568426135886,0.0,26.20661924074228,9.410478999788506,0.0,1.0,24,0,0,0,0,0,0,0,0,0,19,0,0,0,9.3202,112.78200000000012,0,0,0,0,0,0,0,0,0,0,0,0,0,0,0,0,0,0,0,0,8
CC(C)CC(CC(CCCCCCCCCCCCCCC)C)C,753.0,2.469580674129901,0.8643894593478292,2.469580674129901,0.8643894593478292,0.2184121588380817,338.66400000000004,288.264,338.3912516,146,-0.0437835195280409,-0.0653823832227926,0.0653823832227926,0.0437835195280409,0.4583333333333333,0.875,1.2916666666666667,14.156758285533758,9.876187377217102,2.096907491327142,-2.183589645849069,2.23004233447178,-2.0579033731604053,4.618743474704749,0.3361241284845185,3.2150849304441658,230.19280948873617,18.04575930655364,18.04575930655364,18.04575930655364,11.557749310264368,11.557749310264366,11.557749310264366,9.10691062366756,9.10691062366756,5.478988117629529,5.478988117629529,4.216266985906781,4.216266985906781,0.0,124303.11926569088,24.0,17.8112,18.34026465028355,155.1329196589516,0.0,0.0,0.0,0.0,0.0,0.0,0.0,0.0,124.51018871941729,30.5953613843362,0.0,0.0,0.0,0.0,17.75371813848418,137.35183196526933,0.0,0.0,0.0,0.0,0.0,0.0,0.0,17.75371813848418,137.35183196526933,0.0,0.0,0.0,0.0,0.0,0.0,0.0,17.75371813848418,102.7331459668162,0.0,0.0,34.61868599845312,0.0,0.0,0.0,0.0,0.0,2.7194179902435143,0.0,23.356996296244784,11.923585713511695,0.0,1.0,24,0,0,0,0,0,0,0,0,0,18,0,0,0,9.176100000000002,112.7120000000001,0,0,0,0,0,0,0,0,0,0,0,0,0,0,0,0,0,0,0,0,11
C(C(C)C)C(CC(C)C)CCCCCCCCCCCCCCC,762.0,2.386048432257117,0.8710394114698496,2.386048432257117,0.8710394114698496,0.2184121588380817,338.6640000000001,288.264,338.3912516,146,-0.0409421986113401,-0.0653823832227926,0.0653823832227926,0.0409421986113401,0.4583333333333333,0.7916666666666666,1.125,14.17873207729754,9.853854992333607,2.11967362187891,-2.205137164175261,2.253382855914643,-2.078127579318344,4.641512956189463,0.3148177700625845,3.3567939480996856,218.1928094887362,18.04575930655364,18.04575930655364,18.04575930655364,11.557749310264366,11.557749310264366,11.557749310264366,9.156439446524274,9.156439446524274,5.325401534537798,5.325401534537798,4.116040293452375,4.116040293452375,0.0,123199.28078798568,24.0,17.8112,18.34026465028355,155.13291965895158,0.0,0.0,0.0,0.0,0.0,0.0,0.0,0.0,124.5101887194173,30.5953613843362,0.0,0.0,0.0,0.0,17.75371813848418,137.35183196526933,0.0,0.0,0.0,0.0,0.0,0.0,0.0,17.75371813848418,137.35183196526933,0.0,0.0,0.0,0.0,0.0,0.0,0.0,17.75371813848418,102.7331459668162,0.0,0.0,34.61868599845312,0.0,0.0,0.0,0.0,0.0,2.7260679423655345,0.0,23.42933858626693,11.844593471367531,0.0,1.0,24,0,0,0,0,0,0,0,0,0,18,0,0,0,9.176100000000002,112.7120000000001,0,0,0,0,0,0,0,0,0,0,0,0,0,0,0,0,0,0,0,0,11
C(CCC)C(CCCCCC)CC(CCCCCC)(C)CCCC,729.0,2.624597584404132,0.6179720568783068,2.624597584404132,0.6179720568783068,0.2182851393605961,338.6640000000001,288.264,338.3912516,146,-0.0323203971233283,-0.0653823832174964,0.0653823832174964,0.0323203971233283,0.5416666666666666,1.0416666666666667,1.625,14.319934496414394,9.71371421223848,2.2651230678310346,-2.341041239968515,2.3976148295659816,-2.2131510219854458,4.784524167695639,0.177051226878805,4.522469859206293,244.42286534333687,18.09816554936093,18.09816554936093,18.09816554936093,11.613832167917602,11.6138321679176,11.6138321679176,8.786587114732008,8.786587114732008,5.981093019966063,5.981093019966063,4.309204741022094,4.309204741022094,0.0,136997.89150295022,24.0,16.467455621301774,13.308641975308642,155.13291965895158,0.0,0.0,0.0,0.0,0.0,0.0,0.0,0.0,124.51018871941729,30.5953613843362,0.0,0.0,0.0,0.0,11.332896515558172,143.7726535881953,0.0,0.0,0.0,0.0,0.0,0.0,0.0,11.332896515558172,143.7726535881953,0.0,0.0,0.0,0.0,0.0,0.0,5.41499046939678,5.917906046161393,109.1539675897422,0.0,0.0,34.61868599845312,0.0,0.0,0.0,0.0,0.6179720568783068,0.9952198024271434,0.0,24.47844702455826,11.991694449469628,0.0,1.0,24,0,0,0,0,0,0,0,0,0,18,0,0,0,9.3202,112.78200000000012,0,0,0,0,0,0,0,0,0,0,0,0,0,0,0,0,0,0,0,0,4
CCCCCC(CCC(CCC(C)C)CCC(C)C)CCC(C)C,701.0,2.3860917988637143,0.8683723387069344,2.3860917988637143,0.8683723387069344,0.2463652904196077,338.6640000000001,288.264,338.3912516,146,-0.041398879532822,-0.0653823818351081,0.0653823818351081,0.041398879532822,0.4166666666666667,0.75,1.0833333333333333,14.211577991035332,9.826057375693908,2.152545026656021,-2.232915271365703,2.294841800587025,-2.09408786920022,4.6789676224306,0.2925967568833801,4.372507039074646,238.7639251168273,18.372032720186706,18.372032720186706,18.372032720186706,11.345443010499071,11.345443010499071,11.345443010499071,9.7187743504608,9.7187743504608,5.655884752843929,5.655884752843929,3.727549407654236,3.727549407654236,0.0,101186.87394186016,24.0,15.270233196159122,15.5232,155.13291965895155,0.0,0.0,0.0,0.0,0.0,0.0,0.0,0.0,125.51601987294649,29.589530230806965,0.0,0.0,0.0,0.0,29.589530230806965,125.51601987294649,0.0,0.0,0.0,0.0,0.0,0.0,0.0,29.589530230806965,125.51601987294649,0.0,0.0,0.0,0.0,0.0,0.0,0.0,29.589530230806965,77.04985947511214,0.0,0.0,48.46616039783436,0.0,0.0,0.0,0.0,0.0,4.596401331219151,0.0,17.429268121849294,16.640997213598226,0.0,1.0,24,0,0,0,0,0,0,0,0,0,16,0,0,0,8.887900000000004,112.5720000000001,0,0,0,0,0,0,0,0,0,0,0,0,0,0,0,0,0,0,0,0,1
CCCCC(CC)CC(C(C)C)C(CC(CC)CCCC)C(C)C,729.0,2.485697121441169,0.830331291467204,2.485697121441169,0.830331291467204,0.2797635091011252,338.6640000000001,288.264,338.3912516,146,-0.0357502372026624,-0.0653822096214263,0.0653822096214263,0.0357502372026624,0.5416666666666666,0.875,1.0833333333333333,14.355380536537648,9.680108794346904,2.301308181110156,-2.373915853071248,2.394028630300747,-2.287521332727439,4.800774450015627,0.1237777560643532,4.998873096919093,237.21187563522585,18.535169427003236,18.535169427003236,18.535169427003236,11.4038145252156,11.4038145252156,11.4038145252156,9.120152052418206,9.120152052418206,6.5601026168311245,6.5601026168311245,4.615374285107333,4.615374285107333,0.0,111366.95975821702,24.0,14.198979591836734,9.474609375,155.13291965895155,0.0,0.0,0.0,0.0,0.0,0.0,0.0,0.0,106.75647058093304,48.349079522820375,0.0,0.0,0.0,0.0,35.50743627696836,119.59811382678508,0.0,0.0,0.0,0.0,0.0,0.0,0.0,35.50743627696836,119.59811382678508,0.0,0.0,0.0,0.0,0.0,0.0,0.0,35.50743627696836,64.20821622926012,0.0,0.0,55.38989759752498,0.0,0.0,0.0,0.0,0.0,5.404738494163096,0.0,14.14982348640843,19.44543801942848,0.0,1.0,24,0,0,0,0,0,0,0,0,0,15,0,0,0,8.743800000000004,112.50200000000012,0,0,0,0,0,0,0,0,0,0,0,0,0,0,0,0,0,0,0,0,0
CC(C)CCC(CCC(CCC(C)C)CCC(C)C)CCC(C)C,697.0,2.3825231260242083,0.8650267617249938,2.3825231260242083,0.8650267617249938,0.2797635091011252,338.6640000000001,288.264,338.3912516,146,-0.0413988795274932,-0.0627734362293282,0.0627734362293282,0.0413988795274932,0.2916666666666667,0.4583333333333333,0.625,14.216641932720496,9.82148270546897,2.157659047251992,-2.2374416497012826,2.2980399117951387,-2.10000036366045,4.683173052880295,0.2873346273861935,4.427459904130233,209.21187563522585,18.535169427003236,18.535169427003236,18.535169427003236,11.20128505815564,11.20128505815564,11.20128505815564,10.194189553986416,10.194189553986416,5.592224152875016,5.592224152875016,3.613572299490866,3.613572299490866,0.0,85679.43093494177,24.0,14.198979591836734,15.5232,155.13291965895155,0.0,0.0,0.0,0.0,0.0,0.0,0.0,0.0,119.5981138267851,35.50743627696836,0.0,0.0,0.0,0.0,35.50743627696836,119.5981138267851,0.0,0.0,0.0,0.0,0.0,0.0,0.0,35.50743627696836,119.5981138267851,0.0,0.0,0.0,0.0,0.0,0.0,0.0,35.50743627696836,64.20821622926012,0.0,0.0,55.38989759752498,0.0,0.0,0.0,0.0,0.0,5.423810750603678,0.0,14.516004241202657,19.060185008193667,0.0,1.0,24,0,0,0,0,0,0,0,0,0,15,0,0,0,8.743800000000004,112.50200000000012,0,0,0,0,0,0,0,0,0,0,0,0,0,0,0,0,0,0,0,0,0
C(Cc1ccccc1)C(CCc2ccccc2)=CCc3ccccc3,584.0,2.445648148148148,1.0275324389014866,2.445648148148148,1.0275324389014866,0.4188808019248857,326.483,300.27500000000003,326.203450832,126,-0.0094767148256809,-0.0809063670426958,0.0809063670426958,0.0094767148256809,0.52,0.92,1.36,14.072037777688076,9.965361024541114,2.015906034346465,-2.091109687248867,2.169302466730912,-1.9444261555309703,5.222979926057755,0.8275602497155317,1.6364566864878554,709.4081680530406,17.158643481676005,14.773138212966757,14.773138212966757,12.398979485566358,9.196741185593922,9.196741185593922,6.523292259888194,6.523292259888194,4.624492248216475,4.624492248216475,3.1045500502643155,3.1045500502643155,-2.5999999999999988,819883.5877918999,17.230421929588818,9.636668975069256,6.078752566115206,151.410583300217,0.0,0.0,0.0,0.0,0.0,0.0,0.0,0.0,102.64463066382731,48.79446258972104,0.0,0.0,0.0,0.0,0.0,32.10410811463005,0.0,119.33498513891831,0.0,0.0,0.0,0.0,19.26246486877803,0.0,29.531997720943004,102.64463066382731,0.0,0.0,0.0,0.0,0.0,0.0,32.10410811463005,16.690354475090988,5.573104530069267,0.0,97.07152613375808,0.0,0.0,0.0,0.0,5.802431342907534,0.0,32.363409549004786,8.000825774754347,0.0,0.0,0.2,25,0,0,0,0,3,3,0,0,0,8,0,0,3,6.421100000000006,107.75500000000004,0,0,0,0,0,0,0,0,2,2,3,0,0,0,0,0,0,0,0,0,0
C(CC(CCCc1ccccc1)c2ccccc2)Cc3ccccc3,578.0,2.301290627362056,0.6746523053665909,2.301290627362056,0.6746523053665909,0.4042536077864147,328.4990000000001,300.27500000000003,328.219100896,128,-0.0161733221871559,-0.0622487389242963,0.0622487389242963,0.0161733221871559,0.48,0.88,1.32,14.15929554385868,9.875612165878914,2.1092971216032064,-2.174390897048178,2.2746350463083616,-2.012357305083611,5.202672256527048,0.5324488552871193,1.5364007241705937,655.296610607598,17.158643481676005,14.980244994153304,14.980244994153304,12.415816237971963,9.544329304277966,9.544329304277966,6.863261197264786,6.863261197264786,4.992701711663299,4.992701711663299,3.5974015376127544,3.5974015376127544,-2.339999999999999,827670.4446081852,17.481981873183322,9.835009542191806,5.90289214310674,152.10018633240128,0.0,0.0,0.0,0.0,0.0,0.0,0.0,0.0,90.99550602692418,61.13319025880844,0.0,0.0,0.0,0.0,0.0,44.442835783717456,0.0,107.68586050201516,0.0,0.0,0.0,0.0,12.84164324585202,0.0,48.291547012956414,90.99550602692418,0.0,0.0,0.0,0.0,0.0,5.917906046161393,0.0,55.21528421264705,0.0,0.0,90.99550602692418,0.0,0.0,0.0,0.0,4.41742391143275,0.6746523053665909,32.813742415826646,7.427514700707341,0.0,0.0,0.28,25,0,0,0,0,3,3,0,0,0,9,0,0,3,6.816000000000007,107.94300000000004,0,0,0,0,0,0,0,0,0,2,3,0,0,0,0,0,0,0,0,0,0
C(Cc1ccccc1)C(CCc2ccccc2)CCc3ccccc3,576.0,2.2554081632653062,0.7783503401360541,2.2554081632653062,0.7783503401360541,0.4203140698561851,328.499,300.27500000000003,328.219100896,128,-0.0276231409120249,-0.0622487389138872,0.0622487389138872,0.0276231409120249,0.4,0.68,0.96,14.153549239179371,9.88170533084782,2.100055282192568,-2.1717037121974374,2.216751167996588,-2.061966507881208,5.167791093335269,0.4201708654903482,1.5584671650485211,597.3778074355426,17.158643481676005,14.980244994153304,14.980244994153304,12.398979485566358,9.517455850740289,9.517455850740289,6.938846486529346,6.938846486529346,5.052256963300716,5.052256963300716,3.4794168511150896,3.4794168511150896,-2.339999999999999,819883.5877918999,17.481981873183322,9.835009542191806,6.229318807853472,152.10018633240128,0.0,0.0,0.0,0.0,0.0,0.0,0.0,0.0,90.99550602692418,61.13319025880844,0.0,0.0,0.0,0.0,5.917906046161393,38.524929737556064,0.0,107.68586050201516,0.0,0.0,0.0,0.0,19.26246486877803,5.917906046161393,35.95281934386902,90.99550602692418,0.0,0.0,0.0,0.0,0.0,0.0,5.917906046161393,55.21528421264705,0.0,0.0,90.99550602692418,0.0,0.0,0.0,0.0,4.394228395061729,0.7783503401360541,32.74775903880071,7.412995559334845,0.0,0.0,0.28,25,0,0,0,0,3,3,0,0,0,9,0,0,3,6.501000000000007,107.77900000000004,0,0,0,0,0,0,0,0,0,3,3,0,0,0,0,0,0,0,0,0,0
C1(=CC=CC=C1)C(=CCCCCCCCCCCC)C1=CC=CC=C1,632.0,2.4364235043956364,1.1755521979223276,2.4364235043956364,1.1755521979223276,0.344430104247937,334.5469999999999,300.27500000000003,334.266051088,134,-0.0151387829390641,-0.0760578820949857,0.0760578820949857,0.0151387829390641,0.6,1.04,1.52,14.077013729650028,9.959465095700049,2.031128953221564,-2.0866393265827528,2.2402764236006703,-1.879235274769729,5.791129179165033,0.5663357512341788,1.7741832392609478,538.4500798683473,17.581293212486376,15.921920772951363,15.921920772951363,12.415014900172531,10.225397411291144,10.225397411291144,6.966952346736625,6.966952346736625,4.8257258529799705,4.8257258529799705,3.339188767554674,3.339188767554674,-1.8199999999999996,602819.5495120919,19.50401050571225,12.529434664412744,7.731428588058743,154.5431417805326,0.0,0.0,0.0,0.0,0.0,0.0,0.0,0.0,125.03000097454874,29.54165075931528,0.0,0.0,0.0,5.573104530069267,0.0,71.13195342895074,0.0,77.86659377484399,0.0,0.0,0.0,0.0,0.0,0.0,82.25885641234473,66.73969079144999,5.573104530069267,0.0,0.0,0.0,0.0,0.0,0.0,80.90822374272338,0.0,0.0,73.66342799114061,0.0,0.0,0.0,0.0,4.023161032740308,0.0,21.567866926484196,16.12458219665528,2.2843898441202177,0.0,0.44,25,0,0,0,0,2,2,0,0,0,12,0,0,2,8.039200000000006,111.80700000000006,0,0,0,0,0,0,0,0,1,0,2,0,0,0,0,0,0,0,0,0,8
C1(CCCCC1)CCC(CCCC1CCCC1)CCC1=CC=CC=C1,669.0,2.316193489167425,0.9754960317460316,2.316193489167425,0.9754960317460316,0.4050370421821118,340.595,300.27500000000003,340.31300128,140,-0.0276235184578592,-0.0622487389138873,0.0622487389138873,0.0276235184578592,0.68,1.32,2.04,14.24067142058749,9.813520122061966,2.182062117942588,-2.244907363150755,2.330088262840848,-2.103678989234323,5.1412850612716765,0.2888992050533439,1.4134151435530522,436.3659316370715,17.158643481676005,16.432510652501772,16.432510652501772,12.398979485566358,11.438471607291,11.438471607291,9.053071325919769,9.053071325919769,7.091483516202735,7.091483516202735,5.389939578461542,5.389939578461542,-0.78,1006588.8946873888,18.994733071859827,11.043309717757458,7.157668969290409,156.35364098597404,0.0,0.0,0.0,0.0,0.0,0.0,0.0,0.0,120.22333806327224,36.1588128760332,0.0,0.0,0.0,0.0,17.75371813848418,102.7331459668162,0.0,35.89528683400505,0.0,0.0,0.0,0.0,6.4208216229260096,17.75371813848418,101.87577583558718,30.33183534230805,0.0,0.0,0.0,0.0,0.0,0.0,17.75371813848418,102.7331459668162,5.563451491696996,0.0,30.33183534230805,0.0,0.0,0.0,0.0,1.5425549046779208,3.1106119503458967,11.17859926154021,23.834900550102635,0.0,0.0,0.76,25,0,0,2,2,1,1,0,0,0,10,2,2,3,7.956400000000008,109.87100000000008,0,0,0,0,0,0,0,0,0,1,1,0,0,0,0,0,0,0,0,0,0
C1(CCCCC1)CC=C(CCC1CCCCC1)CCC1CCCCC1,661.0,2.7377376228269084,1.0213991769547324,2.7377376228269084,1.0213991769547324,0.3865175003132537,344.6270000000002,300.27500000000003,344.344301408,144,-0.0317675035119303,-0.0850557988767334,0.0850557988767334,0.0317675035119303,0.52,0.92,1.36,14.23050069415675,9.812959980367902,2.1713280396647407,-2.246313941754097,2.3333328207617163,-2.0885476482083964,5.034413677642609,0.3258858577016498,1.4574758679879891,337.4995490565423,17.158643481676005,16.951536700489456,16.951536700489456,12.398979485566358,12.07826482041999,12.07826482041999,9.687532499542591,9.687532499542591,7.661494453011298,7.661494453011298,5.815968109648314,5.815968109648314,-0.26,819883.5877918999,19.50016646070725,11.452605079019866,7.476193982412965,157.7907652805762,0.0,0.0,0.0,0.0,0.0,0.0,0.0,0.0,107.96144898079332,49.85782625311423,0.0,0.0,0.0,0.0,17.75371813848418,128.41643245852023,0.0,11.64912463690315,0.0,0.0,0.0,0.0,0.0,17.75371813848418,128.41643245852023,11.64912463690315,0.0,0.0,0.0,0.0,0.0,0.0,17.75371813848418,128.41643245852023,0.0,5.573104530069267,6.076020106833881,0.0,0.0,0.0,0.0,1.8627040816326528,3.1353086419753087,0.0,32.66865394305871,0.0,0.0,0.92,25,0,0,3,3,0,0,0,0,0,8,3,3,3,8.604200000000004,110.89300000000009,0,0,0,0,0,0,0,0,2,0,0,0,0,0,0,0,0,0,0,0,0
CCCCCCCCCCCCCCCc1cccc2CCCCc12,633.0,2.393515859315086,1.3203703703703704,2.393515859315086,1.3203703703703704,0.2987847953999172,342.61100000000016,300.27500000000003,342.328651344,142,-0.0273292119176564,-0.0653823832227926,0.0653823832227926,0.0273292119176564,0.64,1.2,1.84,14.16919540909708,9.864544114910936,2.1160431924515493,-2.188561627077625,2.25392605200682,-2.0580462752286777,5.365831235518429,0.5387436250936596,1.4274084276164856,445.3515743701601,17.58129321248638,16.959972868926737,16.959972868926737,12.415014900172531,11.51178388882266,11.51178388882266,8.254561097614262,8.254561097614262,6.042616035696028,6.042616035696028,4.4278356469480045,4.4278356469480045,-0.78,568305.8057941534,20.53091973503903,13.427337383890812,8.428965403155827,157.35947213950334,0.0,0.0,0.0,0.0,0.0,0.0,0.0,0.0,102.1726978801876,55.21528421264705,0.0,0.0,0.0,0.0,0.0,122.49852641235884,0.0,34.88945568047582,0.0,0.0,0.0,0.0,19.26246486877803,0.0,119.9264160186718,18.19910120538483,0.0,0.0,0.0,0.0,0.0,0.0,0.0,115.57478921266822,16.690354475090988,0.0,25.12283840507545,0.0,0.0,0.0,0.0,5.033707226461981,0.0,7.049810254693518,25.61721479168779,2.299267727156711,0.0,0.76,25,0,0,1,1,1,1,0,0,0,14,0,0,2,8.199100000000007,112.4830000000001,0,0,0,0,0,0,0,0,0,2,1,1,0,0,0,0,0,0,0,0,11
C1CCC(CC1)CCC(CCCC2CCCC2)CCC3CCCCC3,673.0,1.5714814814814817,1.074311224489796,1.5714814814814817,1.074311224489796,0.3708521403155136,346.64300000000014,300.27500000000003,346.359951472,146,-0.04140814291832,-0.0532857101947099,0.0532857101947099,0.04140814291832,0.44,0.84,1.32,14.260360356786428,9.79126906928865,2.2012713283649927,-2.267705020448932,2.3512562513504127,-2.122742539089299,4.731418720242961,0.2608531008591464,1.3641264851581507,292.93001187765793,17.158643481676005,17.158643481676005,17.158643481676005,12.398979485566358,12.398979485566356,12.398979485566356,10.110183745614975,10.110183745614975,8.115305980755142,8.115305980755142,6.321690850484915,6.321690850484915,0.0,1006588.8946873888,19.753086419753085,11.658402203856747,7.637080867850098,158.48036831276048,0.0,0.0,0.0,0.0,0.0,0.0,0.0,0.0,134.83725408144625,23.671624184645573,0.0,0.0,0.0,0.0,23.671624184645573,134.83725408144625,0.0,0.0,0.0,0.0,0.0,0.0,0.0,23.671624184645573,134.83725408144625,0.0,0.0,0.0,0.0,0.0,0.0,0.0,23.671624184645573,51.36657298340809,83.47068109803816,0.0,0.0,0.0,0.0,0.0,0.0,0.0,4.37881515890715,0.0,32.45451817442618,0.0,0.0,1.0,25,0,0,3,3,0,0,0,0,0,10,3,3,3,8.684100000000004,110.9170000000001,0,0,0,0,0,0,0,0,0,0,0,0,0,0,0,0,0,0,0,0,0
CCCCCCCCCCCCCCCCC1CCc2ccccc12,684.0,2.371835469294154,0.8690058097212345,2.371835469294154,0.8690058097212345,0.2798461070930228,342.611,300.27500000000003,342.328651344,142,-0.0156069224927551,-0.0653823832227926,0.0653823832227926,0.0156069224927551,0.68,1.2,1.8,14.251205947609543,9.943368734948956,2.2030148998464147,-2.107436798009485,2.359236654292169,-1.9315363673996533,5.340943657503415,0.5158733114115771,1.340443094509693,433.4193802711628,17.58129321248638,16.907566626119443,16.907566626119443,12.415014900172531,11.493182156491986,11.493182156491986,8.319281493841398,8.319281493841398,6.16319735557509,6.16319735557509,4.530494217267694,4.530494217267694,-0.78,675708.4565447783,20.53091973503903,13.427337383890812,8.428965403155827,157.3594721395033,0.0,0.0,0.0,0.0,0.0,0.0,0.0,0.0,121.08070819450126,36.30727389833341,0.0,0.0,0.0,0.0,0.0,121.99561083559422,0.0,35.392371257240434,0.0,0.0,0.0,0.0,6.4208216229260096,0.0,126.7016921960622,24.26546827384644,0.0,0.0,0.0,0.0,0.0,0.0,5.917906046161393,109.1539675897422,11.126902983393991,0.0,31.18920547353706,0.0,0.0,0.0,0.0,3.287090408618729,0.8690058097212345,9.132330335163688,24.57887962231923,2.299360490843781,0.0,0.76,25,0,0,1,1,1,1,0,0,0,15,0,0,2,8.587800000000005,112.43300000000008,0,0,0,0,0,0,0,0,0,1,1,1,0,0,0,0,0,0,0,0,12
C(=CCCCCCCCCCCCCCC)C1=C(C=C(C=C1C)C)C,709.0,2.375960882463234,1.2263740079365075,2.375960882463234,1.2263740079365075,0.2964218555559233,342.61100000000005,300.27500000000003,342.328651344,142,-0.0201013879618795,-0.0839220500458035,0.0839220500458035,0.0201013879618795,0.64,1.08,1.56,14.04878783105415,9.987665606598874,1.9938152470937751,-2.06692319089348,2.1847468352693253,-1.8786855419987245,5.57930843240054,0.5447034628971322,1.9862454380779255,457.8068320482421,18.330216356929817,17.501789232183626,17.501789232183626,12.14706570774141,10.892064077957809,10.892064077957809,7.892523967013364,7.892523967013364,5.24689587106888,5.24689587106888,3.7584408497325863,3.7584408497325863,-1.04,297304.05875606404,22.001736227045075,14.163227173092157,10.523314170489222,157.67570026084832,0.0,0.0,0.0,0.0,0.0,0.0,0.0,0.0,107.40100089416474,50.30320932001487,0.0,0.0,0.0,6.076020106833881,0.0,111.16562989680064,0.0,40.462560210545085,0.0,0.0,0.0,0.0,0.0,20.771211599071872,112.64822426451676,18.208754243757102,6.076020106833881,0.0,0.0,0.0,0.0,0.0,0.0,105.72448706482614,0.0,0.0,51.97972314935348,0.0,0.0,0.0,0.0,5.601420638650385,0.0,4.576356123773493,23.06497508271673,8.923914821526056,0.0,0.68,25,0,0,0,0,1,1,0,0,0,14,0,0,1,8.716260000000004,115.38200000000008,0,0,0,0,0,0,0,0,1,3,1,0,0,0,0,0,0,0,0,0,11
C(CCCCCCCCCCCCCCCCCC)C1=CC=CC=C1,661.0,2.297664955289845,1.2633371806709757,2.297664955289845,1.2633371806709757,0.233148487468124,344.62699999999995,300.27500000000003,344.344301408,144,-0.0278872279393073,-0.0653823832227926,0.0653823832227926,0.0278872279393073,0.44,0.8,1.2,14.01638569881552,10.024786434649554,1.9537256891938453,-2.0380687034422253,2.142288216844528,-1.8600472432087776,5.139064578321204,0.526928891902679,1.6928911887653213,353.5608766972156,17.840806236480223,17.11467340730599,17.11467340730599,12.431851652578136,11.47134377430278,11.47134377430278,7.892452809145869,7.892452809145869,5.411829882562214,5.411829882562214,3.6986751172272063,3.6986751172272063,-0.78,447031.9676179952,22.261288191577204,18.024372748992057,15.208542643046776,158.36530329303253,0.0,0.0,0.0,0.0,0.0,0.0,0.0,0.0,139.98871850881488,18.40509473754901,0.0,0.0,0.0,0.0,0.0,122.49852641235884,0.0,35.89528683400505,0.0,0.0,0.0,0.0,6.4208216229260096,0.0,121.64115628112982,30.33183534230805,0.0,0.0,0.0,0.0,0.0,0.0,0.0,121.13824070436522,0.0,0.0,37.255572541998674,0.0,0.0,0.0,0.0,1.5032031332447633,0.0,10.933499935585424,25.93229864254664,2.297664955289845,0.0,0.76,25,0,0,0,0,1,1,0,0,0,18,0,0,1,8.880700000000003,114.3090000000001,0,0,0,0,0,0,0,0,0,1,1,0,0,0,0,0,0,0,0,0,15
CCCCCCCCCCCCCCCCCCc1ccc(C)cc1,748.0,2.297058646673589,1.262623456790123,2.297058646673589,1.262623456790123,0.2475770313366362,344.62699999999995,300.27500000000003,344.344301408,144,-0.0278868955294494,-0.0653823832227926,0.0653823832227926,0.0278868955294494,0.48,0.84,1.24,14.019740215089923,10.021682314920543,1.9576906821070577,-2.0404800277359185,2.1429001782272,-1.867580110538196,5.206889883671542,0.5293052708244685,1.737164639668529,375.5297132583326,18.003942943296753,17.330216356929817,17.330216356929817,12.32569850269549,11.38202737682574,11.38202737682574,8.038899418552596,8.038899418552596,5.439607660339992,5.439607660339992,3.63196684846029,3.63196684846029,-0.78,388945.4290967906,22.261288191577204,16.675733653106,14.1116154381449,158.36530329303255,0.0,0.0,0.0,0.0,0.0,0.0,0.0,0.0,133.06498130912425,25.32883193723964,0.0,0.0,0.0,0.0,0.0,123.00144198912344,0.0,35.392371257240434,0.0,0.0,0.0,0.0,6.4208216229260096,6.923737199690624,120.7837861499008,24.26546827384644,0.0,0.0,0.0,0.0,0.0,0.0,0.0,120.2808705731362,0.0,0.0,38.112942673227685,0.0,0.0,0.0,0.0,2.88119193013496,0.0,9.060196858196417,24.42977632056143,4.462168224440524,0.0,0.76,25,0,0,0,0,1,1,0,0,0,17,0,0,1,8.799020000000004,114.42900000000007,0,0,0,0,0,0,0,0,0,2,1,0,0,0,0,0,0,0,0,0,14
C(CCCCCCCCCCCCCCC)C1=CC(=CC(=C1C)C)C,728.0,2.393440407565759,1.270222800925926,2.393440407565759,1.270222800925926,0.2791889048034618,344.62700000000007,300.27500000000003,344.344301408,144,-0.0276047153007683,-0.0653823832227926,0.0653823832227926,0.0276047153007683,0.56,1.0,1.48,14.081330613279494,9.954924789765874,2.024238241415621,-2.10196412922174,2.1896269704663296,-1.9436031871735369,5.36737080575668,0.5352270685795664,1.910148475023115,443.5966868679966,18.330216356929817,17.761302256177466,17.761302256177466,12.14706570774141,11.215360710159072,11.215360710159072,8.212137257881858,8.212137257881858,5.718924406496748,5.718924406496748,3.897420143036764,3.897420143036764,-0.78,306167.376212415,22.261288191577204,14.39581661954442,10.72721974325333,158.3653032930326,0.0,0.0,0.0,0.0,0.0,0.0,0.0,0.0,108.090603926349,50.30320932001487,0.0,0.0,0.0,0.0,0.0,124.00727314265266,0.0,34.386540103711205,0.0,0.0,0.0,0.0,6.4208216229260096,20.771211599071872,119.06904588744275,12.13273413692322,0.0,0.0,0.0,0.0,0.0,0.0,0.0,113.00267881898117,5.563451491696996,0.0,39.82768293568572,0.0,0.0,0.0,0.0,5.9727387792748505,0.0,4.703003511003752,21.438667909712663,9.052256466675402,0.0,0.76,25,0,0,0,0,1,1,0,0,0,15,0,0,1,8.635660000000005,114.6690000000001,0,0,0,0,0,0,0,0,0,3,1,0,0,0,0,0,0,0,0,0,12
C1(=CC=CC=C1)C(CCC)CCCCCCCCC(CCC)CCC,732.0,2.337212570844044,0.7870795293697042,2.337212570844044,0.7870795293697042,0.2624923556098441,344.6270000000001,300.27500000000003,344.344301408,144,-0.0162060310816594,-0.0653722517390235,0.0653722517390235,0.0162060310816594,0.56,1.08,1.64,14.14933538531506,9.888573067363406,2.0959404896926377,-2.164462133464403,2.2724070158190663,-1.996238494700228,5.18745306117846,0.3898893707261158,2.082091194151821,374.28460076049606,18.167079650113283,17.44094682093905,17.44094682093905,12.31239171014002,11.36192053299673,11.36192053299673,8.038328447899783,8.038328447899783,5.716919002901447,5.716919002901447,4.3317030320443255,4.3317030320443255,-0.78,383484.60171014094,22.261288191577204,15.472984228975433,10.72721974325333,158.36530329303255,0.0,0.0,0.0,0.0,0.0,0.0,0.0,0.0,128.15290641649207,30.240906829871804,0.0,0.0,0.0,0.0,5.917906046161393,116.58062036619742,0.0,35.89528683400505,0.0,0.0,0.0,0.0,0.0,5.917906046161393,122.14407185789445,30.33183534230805,0.0,0.0,0.0,0.0,0.0,0.0,11.835812092322788,89.89150272096417,5.563451491696996,0.0,51.10304694137992,0.0,0.0,0.0,0.0,1.5576297281005422,1.7969632923291066,11.17605315651306,19.80853243705577,6.994154719334851,0.0,0.76,25,0,0,0,0,1,1,0,0,0,16,0,0,1,8.9075,114.3330000000001,0,0,0,0,0,0,0,0,0,0,1,0,0,0,0,0,0,0,0,0,5
CCCCCCCCCCCCCCCC1CCCC2CCCCC12,735.0,2.30741037484591,1.117368749055465,2.30741037484591,1.117368749055465,0.2744860279113344,348.6590000000001,300.27500000000003,348.375601536,148,-0.0357415889878698,-0.0653823832227926,0.0653823832227926,0.0357415889878698,0.52,1.04,1.68,14.389925524825555,9.641990354883728,2.3351697940538614,-2.412764633026596,2.4502672428474344,-2.304484641372184,4.8457845426173245,0.0960938587702997,1.3603810661640965,292.4134357365111,17.58129321248638,17.58129321248638,17.58129321248638,12.415014900172531,12.41501490017253,12.41501490017253,9.430690453165766,9.430690453165766,7.4016684182991455,7.4016684182991455,5.854372370528899,5.854372370528899,0.0,568305.8057941534,21.301775147928996,14.106666666666667,8.962962962962964,159.48619946628972,0.0,0.0,0.0,0.0,0.0,0.0,0.0,0.0,135.34016965821087,24.174539761410188,0.0,0.0,0.0,0.0,17.75371813848418,141.76099128113688,0.0,0.0,0.0,0.0,0.0,0.0,0.0,17.75371813848418,141.76099128113688,0.0,0.0,0.0,0.0,0.0,0.0,0.0,17.75371813848418,96.31232434389018,38.524929737556064,0.0,6.923737199690624,0.0,0.0,0.0,0.0,0.0,3.389867673950253,0.0,31.80272195120384,2.30741037484591,0.0,1.0,25,0,0,2,2,0,0,0,0,0,14,2,2,2,9.0742,113.1010000000001,0,0,0,0,0,0,0,0,0,0,0,1,0,0,0,0,0,0,0,0,11
C1(CCCC1)CCCC(CCCCCCCC)CCCC1CCCC1,733.0,2.324132902878983,1.0638715409003106,2.324132902878983,1.0638715409003106,0.2587730560832245,348.65900000000016,300.27500000000003,348.375601536,148,-0.0414282311860509,-0.0653823832227926,0.0653823832227926,0.0414282311860509,0.56,1.0,1.52,14.234276865996234,9.869641031048886,2.1747122316517067,-2.189673678695938,2.328643068868544,-2.0425362640275497,4.707046383609704,0.3401478517377518,1.564518382627841,260.4134357365111,17.581293212486376,17.581293212486376,17.581293212486376,12.381341395361316,12.381341395361314,12.381341395361314,9.585239719232645,9.585239719232645,7.364905311855425,7.364905311855425,5.634834499802434,5.634834499802434,0.0,755112.9761865305,21.301775147928996,14.106666666666667,10.048442906574394,159.48619946628972,0.0,0.0,0.0,0.0,0.0,0.0,0.0,0.0,141.76099128113688,17.75371813848418,0.0,0.0,0.0,0.0,17.75371813848418,141.76099128113688,0.0,0.0,0.0,0.0,0.0,0.0,0.0,17.75371813848418,141.76099128113688,0.0,0.0,0.0,0.0,0.0,0.0,0.0,17.75371813848418,77.04985947511214,57.7873946063341,0.0,6.923737199690624,0.0,0.0,0.0,0.0,0.0,3.273469085447211,0.0,31.902398011673803,2.324132902878983,0.0,1.0,25,0,0,2,2,0,0,0,0,0,15,2,2,2,9.0742,113.1010000000001,0,0,0,0,0,0,0,0,0,0,0,0,0,0,0,0,0,0,0,0,4
C1(CCCCC1)C(CCCCCCCCCCCC)C1CCCCC1,688.0,2.313397409975775,1.1061517130135663,2.313397409975775,1.1061517130135663,0.2910333091414327,348.6590000000001,300.27500000000003,348.375601536,148,-0.035741593197877,-0.0653823832227926,0.0653823832227926,0.035741593197877,0.52,0.92,1.36,14.357191275461243,9.677105958854904,2.3022097963923285,-2.377854541008577,2.4194200530041448,-2.269201750884192,4.8137842991423145,0.1314435163343954,1.5704329999573303,264.4134357365111,17.581293212486376,17.581293212486376,17.581293212486376,12.415014900172531,12.41501490017253,12.41501490017253,9.430690453165766,9.430690453165766,7.401668418299141,7.401668418299141,5.848419679629313,5.848419679629313,0.0,602819.5495120919,21.301775147928996,14.106666666666667,8.962962962962964,159.48619946628972,0.0,0.0,0.0,0.0,0.0,0.0,0.0,0.0,135.34016965821087,24.174539761410188,0.0,0.0,0.0,0.0,17.75371813848418,141.76099128113688,0.0,0.0,0.0,0.0,0.0,0.0,0.0,17.75371813848418,141.76099128113688,0.0,0.0,0.0,0.0,0.0,0.0,0.0,17.75371813848418,102.7331459668162,32.10410811463005,0.0,6.923737199690624,0.0,0.0,0.0,0.0,0.0,3.319884392530392,0.0,31.866718197493828,2.313397409975775,0.0,1.0,25,0,0,2,2,0,0,0,0,0,13,2,2,2,9.0742,113.1010000000001,0,0,0,0,0,0,0,0,0,0,0,0,0,0,0,0,0,0,0,0,8
C(CCCCCCCCCCCCCCC)C1C(CC(C(C1)C)C)C,744.0,2.510770654479339,0.960732051940422,2.510770654479339,0.960732051940422,0.258115448875426,350.6750000000001,300.27500000000003,350.3912516,150,-0.0385742365448823,-0.0653823832227926,0.0653823832227926,0.0385742365448823,0.48,0.88,1.36,14.345472992941794,9.685636991646938,2.2897031791110285,-2.370111727271877,2.393250358612614,-2.271035648306118,4.795485674876573,0.1344654700237493,1.815460321282443,281.76289771739914,18.330216356929817,18.330216356929817,18.330216356929817,12.14706570774141,12.147065707741408,12.147065707741408,9.548205041062385,9.548205041062385,7.122715224444232,7.122715224444232,4.956789457560973,4.956789457560973,0.0,309091.7830656878,23.04,15.096313912009512,11.34375,160.49203061981896,0.0,0.0,0.0,0.0,0.0,0.0,0.0,0.0,124.00727314265266,36.51326743049759,0.0,0.0,0.0,0.0,23.671624184645573,136.8489163885047,0.0,0.0,0.0,0.0,0.0,0.0,0.0,23.671624184645573,136.8489163885047,0.0,0.0,0.0,0.0,0.0,0.0,0.0,23.671624184645573,109.1539675897422,0.0,0.0,27.694948798762496,0.0,0.0,0.0,0.0,0.0,3.937161320557719,0.0,25.139360641106133,9.756811371669484,0.0,1.0,25,0,0,1,1,0,0,0,0,0,15,1,1,1,9.176100000000002,115.14500000000012,0,0,0,0,0,0,0,0,0,0,0,0,0,0,0,0,0,0,0,0,12
C1(CCCCC1)C(CCC)CCCCCCCCC(CCC)CCC,758.0,2.389061352023182,1.0280512085119629,2.389061352023182,1.0280512085119629,0.2431348079101081,350.6750000000001,300.27500000000003,350.3912516,150,-0.0385847540951062,-0.0653722517390235,0.0653722517390235,0.0385847540951062,0.56,1.08,1.64,14.275223652113892,9.75729361763709,2.218258282474093,-2.299635089674587,2.3497834714771333,-2.175842702856903,4.737921166913449,0.2179524275238226,2.017196713973169,257.2118756352258,18.167079650113283,18.167079650113283,18.167079650113283,12.31239171014002,12.312391710140018,12.312391710140018,9.088891172059284,9.088891172059284,6.807096770364813,6.807096770364813,5.388259243648537,5.388259243648537,0.0,383484.60171014094,23.04,16.193877551020407,11.34375,160.49203061981896,0.0,0.0,0.0,0.0,0.0,0.0,0.0,0.0,142.7668224346661,17.75371813848418,0.0,0.0,0.0,0.0,17.75371813848418,142.7668224346661,0.0,0.0,0.0,0.0,0.0,0.0,0.0,17.75371813848418,142.7668224346661,0.0,0.0,0.0,0.0,0.0,0.0,0.0,17.75371813848418,109.1539675897422,12.84164324585202,0.0,20.771211599071872,0.0,0.0,0.0,0.0,0.0,3.177968415751778,0.0,28.234982133491386,7.087049450756831,0.0,1.0,25,0,0,1,1,0,0,0,0,0,16,1,1,1,9.3202,115.2150000000001,0,0,0,0,0,0,0,0,0,0,0,0,0,0,0,0,0,0,0,0,5
CCCCCCCCC(CCCCCCCC)CCCC1CCCC1,760.0,2.320326591954712,1.0544012450659277,2.320326591954712,1.0544012450659277,0.2158143252262948,350.6750000000001,300.27500000000003,350.3912516,150,-0.0414284022424516,-0.0653823832227926,0.0653823832227926,0.0414284022424516,0.56,1.0,1.52,14.214220912590047,9.879469859275238,2.1545661326328216,-2.180184247696592,2.3092832225468864,-2.030513796815815,4.687303613083276,0.3511218167708154,2.1034778934628866,234.7639251168273,18.003942943296753,18.003942943296753,18.003942943296753,12.363703305156273,12.363703305156273,12.363703305156273,9.060295692850314,9.060295692850314,6.631341395361315,6.631341395361315,4.853937782520521,4.853937782520521,0.0,509166.7807918747,23.04,17.415637860082306,13.812128418549346,160.49203061981893,0.0,0.0,0.0,0.0,0.0,0.0,0.0,0.0,148.6847284808275,11.835812092322788,0.0,0.0,0.0,0.0,11.835812092322788,148.6847284808275,0.0,0.0,0.0,0.0,0.0,0.0,0.0,11.835812092322788,148.6847284808275,0.0,0.0,0.0,0.0,0.0,0.0,0.0,11.835812092322788,109.1539675897422,25.68328649170404,0.0,13.847474399381248,0.0,0.0,0.0,0.0,0.0,2.15508430072269,0.0,31.370929182034548,4.640653183909424,0.0,1.0,25,0,0,1,1,0,0,0,0,0,18,1,1,1,9.4643,115.28500000000012,0,0,0,0,0,0,0,0,0,0,0,0,0,0,0,0,0,0,0,0,8
CCCCCCCCC(CCCCCCCC)=CCCCCCCC,775.0,2.628999590576972,1.338012937038911,2.628999590576972,1.338012937038911,0.15126535392213,350.6750000000002,300.27500000000003,350.3912516,150,-0.0320316138755354,-0.0853315611416863,0.0853315611416863,0.0320316138755354,0.44,0.8,1.24,14.061640745161569,9.976110415050726,1.998233355504509,-2.087514368001576,2.1974180811387063,-1.888049626880957,5.014819306169708,0.5803820139104638,3.904574328682112,245.21187563522585,18.426592674107127,18.21948589292058,18.21948589292058,12.346065214951231,12.025350549804866,12.025350549804866,8.100795038596441,8.100795038596441,5.443578934685333,5.443578934685333,3.647985637982262,3.647985637982262,-0.26,294455.3901706168,24.74,21.78212299915754,19.90849199663016,160.8082587411639,0.0,0.0,0.0,0.0,0.0,0.0,0.0,0.0,122.31183895693916,38.524929737556064,0.0,0.0,0.0,0.0,0.0,149.1876440575921,0.0,11.64912463690315,0.0,0.0,0.0,0.0,0.0,0.0,149.1876440575921,11.64912463690315,0.0,0.0,0.0,0.0,0.0,0.0,0.0,128.41643245852023,5.573104530069267,0.0,26.847231705905752,0.0,0.0,0.0,0.0,1.7930320137314186,0.0,0.0,30.95423198885627,6.919402664078977,0.0,0.92,25,0,0,0,0,0,0,0,0,0,20,0,0,0,9.774499999999996,117.4450000000001,0,0,0,0,0,0,0,0,2,0,0,0,0,0,0,0,0,0,0,0,12
C(CCCC)C(CCCCCCCCC)CCCCCCCCCC,784.0,2.33715324640795,1.043780744034171,2.33715324640795,1.043780744034171,0.1802034310277178,352.69100000000014,300.27500000000003,352.406901664,152,-0.0414285802388789,-0.0653823832227926,0.0653823832227926,0.0414285802388789,0.32,0.56,0.92,14.140506376157832,9.894000194206194,2.0802273591028,-2.1661743724244498,2.240270347934665,-2.0126844146596854,4.615674554076781,0.3673188859520202,3.6358397265280376,220.07820003461552,18.426592674107127,18.426592674107127,18.426592674107127,12.346065214951231,12.346065214951231,12.346065214951231,8.535351666467983,8.535351666467983,5.897777478867205,5.897777478867205,4.073041065238609,4.073041065238609,0.0,293936.7110377875,25.0,22.041666666666668,20.166666666666668,161.49786177334818,0.0,0.0,0.0,0.0,0.0,0.0,0.0,0.0,155.60846568051812,5.917906046161393,0.0,0.0,0.0,0.0,5.917906046161393,155.60846568051812,0.0,0.0,0.0,0.0,0.0,0.0,0.0,5.917906046161393,155.60846568051812,0.0,0.0,0.0,0.0,0.0,0.0,0.0,5.917906046161393,134.83725408144625,0.0,0.0,20.771211599071872,0.0,0.0,0.0,0.0,0.0,1.043780744034171,0.0,30.83137392319194,6.958178666107225,0.0,1.0,25,0,0,0,0,0,0,0,0,0,21,0,0,0,9.854399999999996,117.46900000000012,0,0,0,0,0,0,0,0,0,0,0,0,0,0,0,0,0,0,0,0,12
C(CCCCC)C(CCCCCC)(CCCCCC)CCCCCC,807.0,2.340769946293485,0.6973866213151928,2.340769946293485,0.6973866213151928,0.1911370364573503,352.69100000000014,300.27500000000003,352.406901664,152,-0.029745875297927,-0.0653823832121515,0.0653823832121515,0.029745875297927,0.32,0.56,0.76,14.329331896036988,9.703681579148377,2.2754257324686256,-2.3501731578760072,2.416817827077329,-2.213501294785748,4.798688549563494,0.1717425327168528,4.617953103824094,188.91309033900984,18.64213562373095,18.64213562373095,18.64213562373095,12.242640687119287,12.242640687119284,12.242640687119284,8.742640687119286,8.742640687119286,6.242640687119285,6.242640687119285,4.457106781186547,4.457106781186547,0.0,259889.7713971933,25.0,18.7810650887574,14.816326530612244,161.49786177334818,0.0,0.0,0.0,0.0,0.0,0.0,0.0,0.0,130.4280947655787,31.09827696110082,0.0,0.0,0.0,0.0,5.41499046939678,156.11138125728274,0.0,0.0,0.0,0.0,0.0,0.0,0.0,5.41499046939678,156.11138125728274,0.0,0.0,0.0,0.0,0.0,0.0,5.41499046939678,0.0,128.41643245852023,0.0,0.0,27.694948798762496,0.0,0.0,0.0,0.0,0.6973866213151928,0.0,0.0,29.18953359351087,9.36307978517394,0.0,1.0,25,0,0,0,0,0,0,0,0,0,20,0,0,0,9.854399999999996,117.46900000000012,0,0,0,0,0,0,0,0,0,0,0,0,0,0,0,0,0,0,0,0,8
C(CCCC)(=O)OCC(COC(CCCC)=O)(COC(CCCC)=O)COC(CCCC)=O,857.0,12.141575276575278,-1.1592276077097503,12.141575276575278,0.1818244520030236,0.1818170130029215,472.6190000000004,428.2670000000003,472.303618368,192,0.3053042774794393,-0.4646604714855546,0.4646604714855546,0.3053042774794393,0.4545454545454545,0.6666666666666666,0.8484848484848485,16.5736781671895,9.916320131131608,2.3746177242193447,-2.3134360258803186,2.227901596746382,-2.435990766915453,5.706988115230323,-0.1703808640731302,5.4171434255898525,471.2444451676064,24.95153670048945,21.079694822695664,21.079694822695664,15.818028087588694,12.444547949727085,12.444547949727085,8.55694797246493,8.55694797246493,5.09518748133315,5.09518748133315,2.757479896096471,2.757479896096471,-2.12,8650830.569225801,30.88,19.35842865292334,16.18624804166773,198.59813109155075,18.9474518152002,31.84251832744845,0.0,0.0,23.8772211518074,19.178148736287287,0.0,0.0,53.37823529046653,25.68328649170404,25.68328649170404,0.0,38.12560055148748,23.8772211518074,5.41499046939678,104.74480827387464,26.427527858051672,0.0,0.0,0.0,0.0,50.304749009859066,38.12560055148748,5.41499046939678,104.74480827387464,0.0,0.0,105.20000000000002,29.29221162120417,19.178148736287287,52.1108143497557,25.68328649170404,25.68328649170404,0.0,0.0,27.694948798762496,0.0,18.9474518152002,21.74839380196523,48.56630110630111,0.0,-1.1592276077097503,-1.5809127895112716,0.0,7.185138174977917,7.156973980643436,0.0,0.84,33,0,8,0,0,0,0,8,0,8,20,0,0,0,4.906400000000005,124.3690000000001,0,0,0,0,0,0,4,4,0,0,0,0,4,4,0,0,0,0,0,0,0
C1(=CC=CC=C1)C(=CCCCCCCCCCCCC)C1=CC=CC=C1,653.0,2.4398957266178587,1.1762122071050642,2.4398957266178587,1.1762122071050642,0.3185279890224596,348.574,312.28600000000006,348.281701152,140,-0.0151387829390641,-0.0760578820949857,0.0760578820949857,0.0151387829390641,0.5769230769230769,1.0,1.4615384615384617,14.077415855712369,9.95941273528019,2.0314213361953306,-2.086740498646577,2.240521013838801,-1.8793866991978447,5.791135888065636,0.5575118573977111,1.7183904316685954,552.9501414564018,18.28839999367292,16.62902755413791,16.62902755413791,12.915014900172531,10.725397411291144,10.725397411291144,7.320505737329899,7.320505737329899,5.0757258529799705,5.0757258529799705,3.515965462851311,3.515965462851311,-1.8199999999999996,985067.5573817798,20.491403644356343,13.39263214168774,8.039365672715096,160.90808389492923,0.0,0.0,0.0,0.0,0.0,0.0,0.0,0.0,131.45082259747474,29.54165075931528,0.0,0.0,0.0,5.573104530069267,0.0,77.55277505187675,0.0,77.86659377484399,0.0,0.0,0.0,0.0,0.0,0.0,88.67967803527074,66.73969079144999,5.573104530069267,0.0,0.0,0.0,0.0,0.0,0.0,87.32904536564939,0.0,0.0,73.66342799114061,0.0,0.0,0.0,0.0,4.026558010203219,0.0,21.588028522985542,17.598261504365716,2.287151962445523,0.0,0.4615384615384615,26,0,0,0,0,2,2,0,0,0,13,0,0,2,8.429300000000005,116.42400000000004,0,0,0,0,0,0,0,0,1,0,2,0,0,0,0,0,0,0,0,0,9
CCCCCCCCCCCCCC(c1ccccc1)c2ccccc2,719.0,2.291811222599289,0.5518200434621165,2.291811222599289,0.5518200434621165,0.2994123670398315,350.59000000000003,312.28600000000006,350.297351216,142,0.0089293701220227,-0.0653823832227926,0.0653823832227926,0.0089293701220227,0.5,0.8846153846153846,1.3076923076923077,14.16857347184461,9.865620737665695,2.1255548523205485,-2.177818404827555,2.295407941021175,-2.0080883972117265,5.315940345976856,0.5361235821952618,1.6401652986573432,503.2656980584284,18.288399993672925,16.83613433532446,16.83613433532446,12.915014900172531,11.014072545885956,11.014072545885956,7.698162103334739,7.698162103334739,5.500235507368083,5.500235507368083,3.9091521522691255,3.9091521522691255,-1.5599999999999996,985067.5573817798,20.7482848779716,13.618450643903593,8.21268164423768,161.59768692711353,0.0,0.0,0.0,0.0,0.0,0.0,0.0,0.0,138.2164457364929,17.54772460632,5.917906046161393,0.0,0.0,0.0,0.0,89.89150272096416,0.0,71.7905736680101,0.0,0.0,0.0,0.0,0.0,0.0,101.01840570435814,60.6636706846161,0.0,0.0,0.0,0.0,0.0,5.917906046161393,0.0,88.17676245850613,0.0,0.0,67.58740788430673,0.0,0.0,0.0,0.0,2.927368983370552,0.5518200434621165,22.078954448911464,16.816711968323247,2.291811222599289,0.0,0.5384615384615384,26,0,0,0,0,2,2,0,0,0,14,0,0,2,8.519600000000006,115.80500000000008,0,0,0,0,0,0,0,0,0,0,2,0,0,0,0,0,0,0,0,0,9
CCCCCCCCCCCCCCCC(CCCC)c1ccccc1,759.0,2.3358941112694627,0.7952391194258353,2.3358941112694627,0.7952391194258353,0.2291240816373822,358.654,312.28600000000006,358.359951472,150,-0.0161961367272729,-0.0653823832227926,0.0653823832227926,0.0161961367272729,0.5,0.9230769230769232,1.4230769230769231,14.149483371801006,9.88415818565893,2.0976138701582507,-2.1677166855586107,2.276274976019255,-1.989520368083096,5.187811261744399,0.494774241087697,1.9747437141722544,380.2846007604961,18.7110497244833,17.98491689530907,17.98491689530907,12.880540057561882,11.930068880418595,11.930068880418595,8.281151374483821,8.281151374483821,5.833255508911971,5.833255508911971,4.0619032917279485,4.0619032917279485,-0.78,692977.0915950426,23.259651070578908,17.624724127189616,12.553401076859265,164.73024540742915,0.0,0.0,0.0,0.0,0.0,0.0,0.0,0.0,140.49163408557948,24.323000783710405,0.0,0.0,0.0,0.0,0.0,128.91934803528486,0.0,35.89528683400505,0.0,0.0,0.0,0.0,0.0,0.0,134.48279952698186,30.33183534230805,0.0,0.0,0.0,0.0,0.0,0.0,5.917906046161393,109.1539675897422,5.563451491696996,0.0,44.179309741689295,0.0,0.0,0.0,0.0,1.5693395382218644,0.7952391194258353,11.229095157611336,24.294932570697867,4.611393614043101,0.0,0.7692307692307693,26,0,0,0,0,1,1,0,0,0,18,0,0,1,9.4417,119.0200000000001,0,0,0,0,0,0,0,0,0,0,1,0,0,0,0,0,0,0,0,0,11
CCCCCCCCCCCCCCCCCC(CC)c1ccccc1,767.0,2.336183473808364,0.7760857077661459,2.336183473808364,0.7760857077661459,0.2291240816373822,358.654,312.28600000000006,358.359951472,150,-0.0164581469550869,-0.0653823832227926,0.0653823832227926,0.0164581469550869,0.5384615384615384,0.9615384615384616,1.3846153846153846,14.12693686944323,9.906280926563433,2.0746492516691557,-2.145979809436257,2.2537331536487257,-1.967480984643893,5.185943500388982,0.5116908271166485,1.832144900132322,380.2846007604961,18.7110497244833,17.98491689530907,17.98491689530907,12.880540057561882,11.930068880418595,11.930068880418595,8.254277920946146,8.254277920946146,5.919915540384172,5.919915540384172,4.093755068839292,4.093755068839292,-0.78,698283.4835552074,23.259651070578908,17.624724127189616,12.553401076859265,164.73024540742915,0.0,0.0,0.0,0.0,0.0,0.0,0.0,0.0,140.49163408557948,24.323000783710405,0.0,0.0,0.0,0.0,0.0,128.91934803528486,0.0,35.89528683400505,0.0,0.0,0.0,0.0,0.0,0.0,134.48279952698186,30.33183534230805,0.0,0.0,0.0,0.0,0.0,0.0,5.917906046161393,109.1539675897422,5.563451491696996,0.0,44.179309741689295,0.0,0.0,0.0,0.0,1.542003276878702,0.7760857077661459,11.108625229963964,24.43883292529997,4.634452860091221,0.0,0.7692307692307693,26,0,0,0,0,1,1,0,0,0,18,0,0,1,9.4417,119.0200000000001,0,0,0,0,0,0,0,0,0,0,1,0,0,0,0,0,0,0,0,0,13
CCCCCCCCCCCCCC(C1CCCCC1)C2CCCCC2,763.0,2.3125935205402515,1.1057089323510054,2.3125935205402515,1.1057089323510054,0.2697779409106811,362.6860000000002,312.28600000000006,362.3912516,154,-0.035741593197877,-0.0653823832227926,0.0653823832227926,0.035741593197877,0.5,0.8846153846153846,1.3076923076923077,14.357235948379165,9.67710587903433,2.302252839582672,-2.377854630642578,2.419482367822656,-2.269201775782796,4.8138365524507964,0.1314434713240918,1.5356175693014522,277.16017124398627,18.288399993672925,18.288399993672925,18.288399993672925,12.915014900172531,12.91501490017253,12.91501490017253,9.784243843759038,9.784243843759038,7.651668418299143,7.651668418299143,6.025196374925952,6.025196374925952,0.0,985067.5573817798,22.290809327846365,14.9843912591051,9.273922571219869,165.85114158068637,0.0,0.0,0.0,0.0,0.0,0.0,0.0,0.0,141.76099128113688,24.174539761410188,0.0,0.0,0.0,0.0,17.75371813848418,148.1818129040629,0.0,0.0,0.0,0.0,0.0,0.0,0.0,17.75371813848418,148.1818129040629,0.0,0.0,0.0,0.0,0.0,0.0,0.0,17.75371813848418,109.1539675897422,32.10410811463005,0.0,6.923737199690624,0.0,0.0,0.0,0.0,0.0,3.318617726758232,0.0,33.36878875270152,2.3125935205402515,0.0,1.0,26,0,0,2,2,0,0,0,0,0,14,2,2,2,9.4643,117.7180000000001,0,0,0,0,0,0,0,0,0,0,0,0,0,0,0,0,0,0,0,0,9
CCCCCCCC1CCC(CC1)C2CCC(CCCCCCC)CC2,705.0,2.321777573883712,1.0901262131522147,2.321777573883712,1.0901262131522147,0.2861716132372803,362.68600000000026,312.28600000000006,362.3912516,154,-0.038563969005468,-0.0653823832227829,0.0653823832227829,0.038563969005468,0.4230769230769231,0.7692307692307693,1.1153846153846154,14.356297112188615,9.679386314766075,2.2999489196913547,-2.376913649959419,2.4271417416424117,-2.25487108104984,4.817505415947687,0.139216188284149,1.4981537336433814,272.0,18.451536700489456,18.451536700489456,18.451536700489456,12.83002980034506,12.83002980034506,12.83002980034506,9.967388589034885,9.967388589034885,7.881341395361316,7.881341395361316,5.9697555067651455,5.9697555067651455,0.0,867721.429738992,22.290809327846365,14.0625,8.79224376731302,165.85114158068637,0.0,0.0,0.0,0.0,0.0,0.0,0.0,0.0,116.58062036619744,49.35491067634962,0.0,0.0,0.0,0.0,23.671624184645573,142.2639068579015,0.0,0.0,0.0,0.0,0.0,0.0,0.0,23.671624184645573,142.2639068579015,0.0,0.0,0.0,0.0,0.0,0.0,0.0,23.671624184645573,64.20821622926012,64.20821622926012,0.0,13.847474399381248,0.0,0.0,0.0,0.0,0.0,4.396633167510206,0.0,30.293145018055704,4.643555147767423,0.0,1.0,26,0,0,2,2,0,0,0,0,0,13,2,2,2,9.3202,117.64800000000012,0,0,0,0,0,0,0,0,0,0,0,0,0,0,0,0,0,0,0,0,6
C1(CCCC1)C1C(CCC1)CCCCCCCCCCCCCCCC,765.0,2.307465273709699,1.1207650689804938,2.307465273709699,1.1207650689804938,0.2397126915206904,362.6860000000002,312.28600000000006,362.3912516,154,-0.0357414165138981,-0.0653823832227926,0.0653823832227926,0.0357414165138981,0.5,1.0,1.5384615384615383,14.391684900423394,9.80219695841254,2.336989806058714,-2.2507817055276824,2.4516311097662844,-2.1617469930051776,4.847355744608257,0.247765927939088,1.3278640294026731,301.1601712439863,18.288399993672925,18.288399993672925,18.288399993672925,12.915014900172531,12.91501490017253,12.91501490017253,9.78424384375904,9.78424384375904,7.651668418299142,7.651668418299142,6.031149065825529,6.031149065825529,0.0,1251872.1240860978,22.290809327846365,14.9843912591051,9.273922571219869,165.85114158068637,0.0,0.0,0.0,0.0,0.0,0.0,0.0,0.0,141.76099128113688,24.17453976141019,0.0,0.0,0.0,0.0,17.75371813848418,148.1818129040629,0.0,0.0,0.0,0.0,0.0,0.0,0.0,17.75371813848418,148.1818129040629,0.0,0.0,0.0,0.0,0.0,0.0,0.0,17.75371813848418,102.7331459668162,38.524929737556064,0.0,6.923737199690624,0.0,0.0,0.0,0.0,0.0,3.3926329723210005,0.0,33.299901753969294,2.307465273709699,0.0,1.0,26,0,0,2,2,0,0,0,0,0,16,2,2,2,9.4643,117.7180000000001,0,0,0,0,0,0,0,0,0,0,0,0,0,0,0,0,0,0,0,0,12
CCCCCCCCCCCCCCCCC1CCCC2(CCCC2)C1,830.0,2.3070466691248126,0.8322593326556829,2.3070466691248126,0.8322593326556829,0.2542440263470825,362.6860000000002,312.28600000000006,362.3912516,154,-0.0294826688974697,-0.0653823832227926,0.0653823832227926,0.0294826688974697,0.5769230769230769,1.0384615384615383,1.5769230769230769,14.428120799425782,9.673422127130053,2.374506981072182,-2.379750724220375,2.5101510778020257,-2.253581451457136,4.894898845518111,0.1366273259642903,1.3204841078353322,312.0,18.34080623648022,18.34080623648022,18.34080623648022,12.84606521495123,12.846065214951228,12.846065214951228,10.054354067698377,10.054354067698377,7.671306442031534,7.671306442031534,6.035313923439033,6.035313923439033,0.0,1005562.4970546216,22.290809327846365,14.0625,9.273922571219869,165.85114158068637,0.0,0.0,0.0,0.0,0.0,0.0,0.0,0.0,128.91934803528486,37.01618300726221,0.0,0.0,0.0,0.0,11.332896515558172,154.6026345269889,0.0,0.0,0.0,0.0,0.0,0.0,0.0,11.332896515558172,154.6026345269889,0.0,0.0,0.0,0.0,0.0,0.0,0.0,11.332896515558172,102.7331459668162,44.94575136048208,0.0,6.923737199690624,0.0,0.0,0.0,0.0,0.8322593326556829,1.0964595134249382,0.0,34.8475678181279,2.3070466691248126,0.0,1.0,26,0,0,2,2,0,0,0,0,0,15,2,2,2,9.608399999999998,117.78800000000012,0,0,0,0,0,0,0,0,0,0,0,0,0,0,0,0,0,0,0,0,12
C(C)C(CC1CCC(C2CCCCC12)CC(CCCC)CC)CCCC,742.0,2.448299919738689,1.0203898272909817,2.448299919738689,1.0203898272909817,0.3245878249030756,362.6860000000002,312.28600000000006,362.3912516,154,-0.0354668565307774,-0.0653822096214362,0.0653822096214362,0.0354668565307774,0.6153846153846154,1.0384615384615383,1.3846153846153846,14.459095518876651,9.576740348609428,2.406067472782998,-2.476244270819657,2.507250638250852,-2.381018320111816,4.909159930039396,0.0252298714815581,1.939291064262061,311.9474732050232,18.77781011412252,18.77781011412252,18.77781011412252,12.727406610312553,12.72740661031255,12.72740661031255,10.01408481104311,10.01408481104311,8.352821990899864,8.352821990899864,6.619585421026209,6.619585421026209,0.0,752831.646150692,22.290809327846365,12.456747404844291,6.5578512396694215,165.85114158068637,0.0,0.0,0.0,0.0,0.0,0.0,0.0,0.0,91.9031650280226,74.03236601452441,0.0,0.0,0.0,0.0,35.50743627696836,130.4280947655787,0.0,0.0,0.0,0.0,0.0,0.0,0.0,35.50743627696836,130.4280947655787,0.0,0.0,0.0,0.0,0.0,0.0,0.0,35.50743627696836,64.20821622926012,38.524929737556064,0.0,27.694948798762496,0.0,0.0,0.0,0.0,0.0,6.394357906870533,0.0,23.991218449590704,9.614423643538764,0.0,1.0,26,0,0,2,2,0,0,0,0,0,12,2,2,2,9.032000000000002,117.50800000000012,0,0,0,0,0,0,0,0,0,0,0,1,0,0,0,0,0,0,0,0,0
C(C=1C(C(=O)OCCCCCCCCC)=CC=CC1)(=O)OCCCCCCCCC,812.0,12.415441218410542,-0.4403174685391768,12.415441218410542,0.2963068632562333,0.1828377304602379,418.61800000000034,376.28200000000015,418.308309824,170,0.3385059659036322,-0.462078209479341,0.462078209479341,0.3385059659036322,0.5666666666666667,0.9,1.2666666666666666,16.539141814900113,10.080539822033682,2.1830775140403897,-2.098060412008704,2.1390058472405933,-2.146017996751929,6.026173721670831,0.0450116722744131,2.2896097771024984,531.1512571473465,21.865750262862544,19.25610273759872,19.25610273759872,14.7019072626078,12.13541068168007,12.13541068168007,8.0600628512912,8.0600628512912,5.328986598940964,5.328986598940964,3.442688343174704,3.442688343174704,-1.8399999999999996,4032574.322031692,26.195511363636363,17.9710380931165,11.99244133245118,183.28038006653048,9.473725907600098,0.0,0.0,0.0,11.9386105759037,0.0,9.589074368143644,0.0,103.0300680114166,24.97437738277524,0.0,24.340666912419827,19.06280027574374,11.9386105759037,0.0,103.7389771203454,13.213763929025836,35.392371257240434,0.0,0.0,0.0,25.152374504929536,9.473725907600098,0.0,124.45495447188306,24.26546827384644,0.0,52.60000000000001,11.9386105759037,9.589074368143644,0.0,24.340666912419827,25.68328649170404,64.20821622926012,24.26546827384644,0.0,13.847474399381248,9.473725907600098,10.77935057696463,24.830882436821085,0.0,0.5926137265124667,-0.8806349370783537,6.7674822960121,16.36129570400862,5.215676863426127,0.0,0.6923076923076923,30,0,4,0,0,1,1,4,0,4,18,0,0,1,7.501400000000008,122.9930000000001,0,0,0,0,0,0,2,2,0,0,1,0,2,2,0,0,0,0,0,0,12
C(C)(=O)O.OC(CCCCCCCCCCC(=O)OC1=CC=CC=C1)CCCCCC,814.0,11.730225183740458,-0.8333333333333333,11.730225183740458,0.0856499335548732,0.1573137650487021,436.6330000000002,392.2810000000002,436.318874508,178,0.3106777379572454,-0.481433475172105,0.481433475172105,0.3106777379572454,0.8064516129032258,1.2580645161290325,1.7741935483870968,16.53561490797064,10.020116558311235,2.0471413313608924,-2.096055965390803,2.147823284760328,-2.067550665550821,5.717029355177737,-0.1350031595651315,2.058332290089613e-06,539.9881215717237,23.158643481675995,19.689875395327476,19.689875395327476,14.95159616038172,12.086142623655377,12.086142623655377,8.176402178009253,8.176402178009253,5.034041447479785,5.034041447479785,3.3320499583332888,3.3320499583332888,-1.8799999999999997,3806674.7009250806,29.120000000000005,21.355783533019213,22.62449636215433,188.7611334949448,14.94991774348146,5.749511833283905,0.0,5.969305287951849,5.969305287951849,9.589074368143644,0.0,0.0,95.75187625726156,31.395199005701247,13.344558822616634,6.103966387748303,24.538992111625102,11.9386105759037,0.0,116.26376513101972,0.0,30.33183534230805,5.749511833283905,4.736862953800049,5.749511833283905,28.25563175333341,9.589074368143644,0.0,110.15979874327142,30.33183534230805,0.0,83.83,5.969305287951849,9.901064578912528,12.073271675700152,12.170333456209914,39.02784531432067,57.7873946063341,0.0,30.33183534230805,6.923737199690624,14.637927532712578,5.282783648638981,20.73022518374046,17.365145626958046,0.0,-0.3305281982979584,9.272523526911932,16.71118888122411,3.301994664157763,0.0,0.6923076923076923,31,2,5,0,0,1,1,4,2,5,17,0,0,1,6.915200000000008,126.32260000000012,1,1,1,0,1,1,2,1,0,0,1,0,1,1,0,0,0,1,0,0,9
C=1(C(=CC=CC1)C(=O)OCCCCCCC(C)C)C(=O)OCCCCCCC(C)C,695.0,12.421298900244746,-0.4459112465570591,12.421298900244746,0.2909640524151704,0.2100756949057501,418.6180000000003,376.28200000000015,418.308309824,170,0.3385059659036322,-0.4620782094793304,0.4620782094793304,0.3385059659036322,0.6333333333333333,1.0,1.3666666666666667,16.539142497402683,10.046682140054962,2.183475766537129,-2.100811432297215,2.144309790542658,-2.1461368437485557,6.026175435949526,0.0450065541050943,2.322002410863765,553.8060883770333,22.192023676495605,19.58237615123178,19.58237615123178,14.413591357920936,11.84709477699321,11.84709477699321,9.010893258342437,9.010893258342437,5.184828646597532,5.184828646597532,3.340753277510696,3.340753277510696,-1.84,2882216.7618625853,26.195511363636363,15.928303451453145,11.992441332451182,183.28038006653043,9.473725907600098,0.0,0.0,0.0,11.9386105759037,0.0,9.589074368143644,0.0,91.1942559190938,36.81018947509803,0.0,24.340666912419827,19.06280027574374,11.9386105759037,11.835812092322788,91.9031650280226,13.213763929025836,35.392371257240434,0.0,0.0,0.0,25.152374504929536,9.473725907600098,11.835812092322788,112.61914237956024,24.26546827384644,0.0,52.60000000000001,11.9386105759037,9.589074368143644,0.0,24.340666912419827,50.36074182987885,25.68328649170404,24.26546827384644,0.0,27.694948798762496,9.473725907600098,10.778093403209745,24.842597800489493,0.0,0.5819281048303417,0.5877342353159499,6.752958328378741,11.074328604217763,9.7156928568913,0.0,0.6923076923076923,30,0,4,0,0,1,1,4,0,4,16,0,0,1,7.213200000000008,122.8530000000001,0,0,0,0,0,0,2,2,0,0,1,0,2,2,0,0,0,0,0,0,8
C(CCCCCCCCCCC)C1CCC(CC1)CCCCCCCC,787.0,2.313540898221035,1.087822273276749,2.313540898221035,1.087822273276749,0.2121628108378993,364.7020000000003,312.28600000000006,364.406901664,156,-0.0414083167449581,-0.0653823832227926,0.0653823832227926,0.0414083167449581,0.3846153846153846,0.6538461538461539,0.9615384615384616,14.256368256295364,9.776198271300656,2.197840394731552,-2.2822691138657425,2.3427025356679847,-2.141647658505177,4.725204546833957,0.2438727025291084,1.8213833099335277,261.21187563522585,18.7110497244833,18.7110497244833,18.7110497244833,12.863703305156276,12.863703305156273,12.863703305156273,9.413849083443589,9.413849083443589,6.898178147766922,6.898178147766922,4.942626802117307,4.942626802117307,0.0,664241.1651382572,24.03846153846154,18.367346938775512,14.106666666666667,166.8569727342156,0.0,0.0,0.0,0.0,0.0,0.0,0.0,0.0,155.10555010375353,11.835812092322788,0.0,0.0,0.0,0.0,11.835812092322788,155.10555010375353,0.0,0.0,0.0,0.0,0.0,0.0,0.0,11.835812092322788,155.10555010375353,0.0,0.0,0.0,0.0,0.0,0.0,0.0,11.835812092322788,109.1539675897422,32.10410811463005,0.0,13.847474399381248,0.0,0.0,0.0,0.0,0.0,2.175908746150136,0.0,32.86961289846462,4.621145022051918,0.0,1.0,26,0,0,1,1,0,0,0,0,0,18,1,1,1,9.854399999999996,119.90200000000011,0,0,0,0,0,0,0,0,0,0,0,0,0,0,0,0,0,0,0,0,12
C(CCC)C(CCCC)=CCCCCCCC=C(CCCC)CCCC,745.0,2.5821671041133523,1.3163206254724111,2.5821671041133523,1.3163206254724111,0.1582633703519454,362.6860000000002,312.28600000000006,362.3912516,154,-0.0320416826832334,-0.0853315638900001,0.0853315638900001,0.0320416826832334,0.4230769230769231,0.7307692307692307,1.0,14.050217694350843,9.992277489849537,1.9861239398818529,-2.072141392439914,2.1866183881605856,-1.8713113946125792,5.022952659058363,0.6404993263852248,3.898717418288486,279.9474732050232,19.296836162110203,18.882622599737108,18.882622599737108,12.77791686752937,12.136487537236636,12.136487537236636,8.130522265327405,8.130522265327405,5.430051088184117,5.430051088184117,3.5282043229981546,3.5282043229981546,-0.52,449178.3297753718,25.48,20.787810601598444,16.92211900219969,166.4835978233763,0.0,0.0,0.0,0.0,0.0,0.0,0.0,0.0,89.51812781012484,77.04985947511214,0.0,0.0,0.0,0.0,0.0,143.26973801143072,0.0,23.2982492738063,0.0,0.0,0.0,0.0,0.0,0.0,143.26973801143072,23.2982492738063,0.0,0.0,0.0,0.0,0.0,0.0,0.0,115.57478921266822,11.146209060138537,0.0,39.84698901243026,0.0,0.0,0.0,0.0,3.4872656290405906,0.0,0.0,29.616668438270956,9.22939926602179,0.0,0.8461538461538461,26,0,0,0,0,0,0,0,0,0,19,0,0,0,9.940599999999996,121.9680000000001,0,0,0,0,0,0,0,0,4,0,0,0,0,0,0,0,0,0,0,0,5
CCCCCCCCCCCCCCCC(C1CCCC1)C2CCCC2,757.0,2.309150924250261,1.1182483786850943,2.309150924250261,1.1182483786850943,0.2397126915206904,362.6860000000002,312.28600000000006,362.3912516,154,-0.0357415931765102,-0.0653823832227926,0.0653823832227926,0.0357415931765102,0.5,0.8461538461538461,1.2307692307692308,14.373519778690104,9.762644065439543,2.318590194522093,-2.290593180337966,2.435190670072405,-2.19799143746607,4.829943203130652,0.2097972334320345,1.4108763352218372,279.16017124398627,18.288399993672925,18.288399993672925,18.288399993672925,12.91501490017253,12.91501490017253,12.91501490017253,9.784243843759038,9.784243843759038,7.651668418299144,7.651668418299144,6.025196374925953,6.025196374925953,0.0,1296009.7624102037,22.290809327846365,14.9843912591051,9.273922571219869,165.85114158068637,0.0,0.0,0.0,0.0,0.0,0.0,0.0,0.0,141.76099128113688,24.174539761410188,0.0,0.0,0.0,0.0,17.75371813848418,148.1818129040629,0.0,0.0,0.0,0.0,0.0,0.0,0.0,17.75371813848418,148.1818129040629,0.0,0.0,0.0,0.0,0.0,0.0,0.0,17.75371813848418,109.1539675897422,32.10410811463005,0.0,6.923737199690624,0.0,0.0,0.0,0.0,0.0,3.359778516646082,0.0,33.331070559103665,2.309150924250261,0.0,1.0,26,0,0,2,2,0,0,0,0,0,16,2,2,2,9.4643,117.7180000000001,0,0,0,0,0,0,0,0,0,0,0,0,0,0,0,0,0,0,0,0,11
CCCCCCCCCCCCCC(CCCCCC)CCCCCC,737.0,2.326822775634083,1.0437758257750416,2.326822775634083,1.0437758257750416,0.1670733075006444,366.7180000000002,312.28600000000006,366.422551728,158,-0.0414285788712958,-0.0653823832227926,0.0653823832227926,0.0414285788712958,0.3076923076923077,0.5384615384615384,0.8461538461538461,14.140764770057494,9.893718269685074,2.0804983889324205,-2.166439608517535,2.240452985358065,-2.013017190052393,4.615898005829004,0.3670029966622786,3.568011542037708,220.19280948873623,19.133699455293677,19.133699455293677,19.133699455293677,12.846065214951231,12.846065214951231,12.846065214951231,8.888905057061256,8.888905057061256,6.147777478867205,6.147777478867205,4.249817760535246,4.249817760535246,0.0,481972.4686330321,26.0,23.04,20.3136,167.86280388774483,0.0,0.0,0.0,0.0,0.0,0.0,0.0,0.0,162.02928730344414,5.917906046161393,0.0,0.0,0.0,0.0,5.917906046161393,162.02928730344414,0.0,0.0,0.0,0.0,0.0,0.0,0.0,5.917906046161393,162.02928730344414,0.0,0.0,0.0,0.0,0.0,0.0,0.0,5.917906046161393,141.25807570437226,0.0,0.0,20.771211599071872,0.0,0.0,0.0,0.0,0.0,1.0437758257750416,0.0,32.32939629174132,6.960161215816973,0.0,1.0,26,0,0,0,0,0,0,0,0,0,22,0,0,0,10.244499999999992,122.08600000000013,0,0,0,0,0,0,0,0,0,0,0,0,0,0,0,0,0,0,0,0,13
CCCCCCCCCCCCCCCCCCCCCC(CC)CC,805.0,2.350962164758464,1.000735971782004,2.350962164758464,1.000735971782004,0.1670733075006444,366.7180000000001,312.28600000000006,366.422551728,158,-0.0419531460691787,-0.0653823832227926,0.0653823832227926,0.0419531460691787,0.3461538461538461,0.6153846153846154,0.8846153846153846,14.079568114981086,9.953892996447047,2.0180727253085915,-2.1074167746119934,2.1815651339759947,-1.9566776553477048,4.5550098040314895,0.4255954918735518,3.027713883024034,228.19280948873617,19.13369945529368,19.13369945529368,19.13369945529368,12.846065214951231,12.846065214951231,12.846065214951231,8.835158149985906,8.835158149985906,6.37062636466832,6.37062636466832,4.208363251697085,4.208363251697085,0.0,494124.8852388807,26.0,23.04,20.3136,167.86280388774483,0.0,0.0,0.0,0.0,0.0,0.0,0.0,0.0,162.02928730344416,5.917906046161393,0.0,0.0,0.0,0.0,5.917906046161393,162.02928730344416,0.0,0.0,0.0,0.0,0.0,0.0,0.0,5.917906046161393,162.02928730344416,0.0,0.0,0.0,0.0,0.0,0.0,0.0,5.917906046161393,141.25807570437226,0.0,0.0,20.771211599071872,0.0,0.0,0.0,0.0,0.0,1.000735971782004,0.0,32.32818985359326,7.0044075079580725,0.0,1.0,26,0,0,0,0,0,0,0,0,0,22,0,0,0,10.244499999999992,122.08600000000013,0,0,0,0,0,0,0,0,0,0,0,0,0,0,0,0,0,0,0,0,17
CCCCCC(CCCCC)CCCCC(CCCCC)CCCCC,799.0,2.3366206476935334,1.0340118429016334,2.3366206476935334,1.0340118429016334,0.1771551280050565,366.7180000000002,312.28600000000006,366.422551728,158,-0.0414285802265007,-0.0653823818351082,0.0653823818351082,0.0414285802265007,0.3076923076923077,0.5,0.6923076923076923,14.17012074569227,9.868661401279876,2.11013801352331,-2.1912653237441697,2.266544322703548,-2.039545325417081,4.6438256471201935,0.3411099832620854,4.044621538201384,198.4228653433368,19.296836162110203,19.296836162110203,19.296836162110203,12.77791686752937,12.777916867529369,12.777916867529369,8.999635521070493,8.999635521070493,6.338448176547863,6.338448176547863,4.464101615137755,4.464101615137755,0.0,442134.3233009774,26.0,21.301775147928996,17.415637860082306,167.8628038877448,0.0,0.0,0.0,0.0,0.0,0.0,0.0,0.0,156.11138125728274,11.835812092322788,0.0,0.0,0.0,0.0,11.835812092322788,156.11138125728274,0.0,0.0,0.0,0.0,0.0,0.0,0.0,11.835812092322788,156.11138125728274,0.0,0.0,0.0,0.0,0.0,0.0,0.0,11.835812092322788,128.41643245852023,0.0,0.0,27.694948798762496,0.0,0.0,0.0,0.0,0.0,2.068023685803267,0.0,29.252160390089276,9.346482590774134,0.0,1.0,26,0,0,0,0,0,0,0,0,0,21,0,0,0,10.100399999999995,122.01600000000012,0,0,0,0,0,0,0,0,0,0,0,0,0,0,0,0,0,0,0,0,5
CCCCCCCCCCC(CCCCCCCCCC)C(CC)CC,772.0,2.4192734278138457,0.9899151946004398,2.4192734278138457,0.9899151946004398,0.1771551280050565,366.7180000000001,312.28600000000006,366.422551728,158,-0.0386047990287535,-0.0653823832227926,0.0653823832227926,0.0386047990287535,0.3461538461538461,0.6538461538461539,0.9615384615384616,14.22854721920052,9.804141365464822,2.1714052014197227,-2.252926549443853,2.2981894193903907,-2.13522991776628,4.6886782147972985,0.2617898158920064,3.77832634784499,220.4228653433368,19.296836162110207,19.296836162110207,19.296836162110207,12.794753619934978,12.794753619934976,12.794753619934976,8.863753629194873,8.863753629194873,6.572358152094931,6.572358152094931,4.651903371901427,4.651903371901427,0.0,460878.113607362,26.0,21.301775147928996,16.193877551020407,167.86280388774483,0.0,0.0,0.0,0.0,0.0,0.0,0.0,0.0,156.11138125728277,11.835812092322788,0.0,0.0,0.0,0.0,11.835812092322788,156.11138125728277,0.0,0.0,0.0,0.0,0.0,0.0,0.0,11.835812092322788,156.11138125728277,0.0,0.0,0.0,0.0,0.0,0.0,0.0,11.835812092322788,128.41643245852023,0.0,0.0,27.694948798762496,0.0,0.0,0.0,0.0,0.0,2.008602963427999,0.0,29.19950520397543,9.45855849926324,0.0,1.0,26,0,0,0,0,0,0,0,0,0,21,0,0,0,10.100399999999995,122.01600000000012,0,0,0,0,0,0,0,0,0,0,0,0,0,0,0,0,0,0,0,0,12
C(CC)C(CCCCCCCCC)C(CCCCCCCCC)CCC,743.0,2.3973059666018792,1.023780744034171,2.3973059666018792,1.023780744034171,0.1771551280050565,366.71800000000025,312.28600000000006,366.422551728,158,-0.0385948133607301,-0.0653823832227926,0.0653823832227926,0.0385948133607301,0.3076923076923077,0.6153846153846154,0.9230769230769232,14.246873976668548,9.786441490695047,2.1901424260247984,-2.27021671327426,2.317424918186775,-2.1511452177466546,4.707582023542478,0.2449079015259957,4.003966917829807,218.4228653433368,19.296836162110203,19.296836162110203,19.296836162110203,12.794753619934976,12.794753619934976,12.794753619934976,8.917500536270227,8.917500536270227,6.342535255101096,6.342535255101096,4.700331891932309,4.700331891932309,0.0,448159.8573986547,26.0,21.301775147928996,16.193877551020407,167.86280388774483,0.0,0.0,0.0,0.0,0.0,0.0,0.0,0.0,156.11138125728274,11.835812092322788,0.0,0.0,0.0,0.0,11.835812092322788,156.11138125728274,0.0,0.0,0.0,0.0,0.0,0.0,0.0,11.835812092322788,156.11138125728274,0.0,0.0,0.0,0.0,0.0,0.0,0.0,11.835812092322788,128.41643245852023,0.0,0.0,27.694948798762496,0.0,0.0,0.0,0.0,0.0,2.047561488068342,0.0,29.196671335749453,9.422433842848877,0.0,1.0,26,0,0,0,0,0,0,0,0,0,21,0,0,0,10.100399999999995,122.01600000000012,0,0,0,0,0,0,0,0,0,0,0,0,0,0,0,0,0,0,0,0,10
C(C)C(CCCCCCCCCC)(CCCCCCCCCCCC)C,782.0,2.5575185516358925,0.6273443573398827,2.5575185516358925,0.6273443573398827,0.1771340512485718,366.7180000000002,312.28600000000006,366.422551728,158,-0.0328452141810243,-0.0653823832227926,0.0653823832227926,0.0328452141810243,0.3846153846153846,0.6538461538461539,0.9230769230769232,14.25707276060421,9.774054389692742,2.2010837071491305,-2.281881934624144,2.3419756065681683,-2.1464898622490938,4.725072479687922,0.2405350609716062,3.4846947758929736,256.7639251168273,19.3492424049175,19.3492424049175,19.3492424049175,12.681980515339465,12.681980515339465,12.681980515339465,9.321067811865474,9.321067811865474,6.621320343559642,6.621320343559642,4.20342712474619,4.20342712474619,0.0,410925.81517177296,26.0,19.753086419753085,17.415637860082306,167.86280388774483,0.0,0.0,0.0,0.0,0.0,0.0,0.0,0.0,149.69055963435673,18.2566337152488,0.0,0.0,0.0,0.0,5.41499046939678,162.53220288020876,0.0,0.0,0.0,0.0,0.0,0.0,0.0,5.41499046939678,162.53220288020876,0.0,0.0,0.0,0.0,0.0,0.0,5.41499046939678,0.0,134.83725408144625,0.0,0.0,27.694948798762496,0.0,0.0,0.0,0.0,0.6273443573398827,0.0,0.0,30.53736304850594,9.58529259415418,0.0,1.0,26,0,0,0,0,0,0,0,0,0,21,0,0,0,10.244499999999992,122.08600000000013,0,0,0,0,0,0,0,0,0,0,0,0,0,0,0,0,0,0,0,0,14
C1(CCCCC1)CCCC(CCCC1CCCCC1)CCC1CCCCC1,689.0,1.5694444444444444,1.0686181972789113,1.5694444444444444,1.0686181972789113,0.3375252083093003,374.6970000000003,324.2970000000001,374.3912516,158,-0.041418100132684,-0.0532857102053746,0.0532857102053746,0.041418100132684,0.4074074074074074,0.7777777777777778,1.1851851851851851,14.249083507712651,9.795548575317444,2.1897451523645635,-2.2637449821938413,2.341911890534822,-2.115959558633195,4.721073949743561,0.2663514869511046,1.3421460609449407,317.0498111861476,18.572857044049098,18.572857044049098,18.572857044049098,13.398979485566358,13.398979485566356,13.398979485566356,10.81729052680152,10.81729052680152,8.60688760455234,8.60688760455234,6.722264424377904,6.722264424377904,0.0,2160532.536926473,21.70273483947681,13.26530612244898,8.90898274836407,171.2102525415537,0.0,0.0,0.0,0.0,0.0,0.0,0.0,0.0,147.67889732729827,23.671624184645573,0.0,0.0,0.0,0.0,23.671624184645573,147.67889732729827,0.0,0.0,0.0,0.0,0.0,0.0,0.0,23.671624184645573,147.67889732729827,0.0,0.0,0.0,0.0,0.0,0.0,0.0,23.671624184645573,57.7873946063341,89.89150272096417,0.0,0.0,0.0,0.0,0.0,0.0,0.0,4.358345585657995,0.0,35.474987747675335,0.0,0.0,1.0,27,0,0,3,3,0,0,0,0,0,11,3,3,3,9.4643,120.15100000000012,0,0,0,0,0,0,0,0,0,0,0,0,0,0,0,0,0,0,0,0,0
C(CCCCCCCCCCCCCCCCCCCC)C1=CC=CC=C1,784.0,2.299904114038744,1.2635884353741496,2.299904114038744,1.2635884353741496,0.1997408921741217,372.681,324.2970000000001,372.375601536,156,-0.0278872279393073,-0.0653823832227926,0.0653823832227926,0.0278872279393073,0.4074074074074074,0.7407407407407407,1.1111111111111112,14.01993023913012,10.02303445874542,1.9570562896009889,-2.0400459202722887,2.146885038083305,-1.8604068072595508,5.139089636588108,0.5230760305607655,1.6746908953158537,380.2846007604961,19.255019798853315,18.528886969679085,18.528886969679085,13.431851652578136,12.47134377430278,12.47134377430278,8.599559590332419,8.599559590332419,5.911829882562214,5.911829882562214,4.05222850782048,4.05222850782048,-0.78,1194195.2425480606,24.258138825324178,19.967197704933437,17.074794841181543,171.09518752182575,0.0,0.0,0.0,0.0,0.0,0.0,0.0,0.0,152.83036175466685,18.40509473754901,0.0,0.0,0.0,0.0,0.0,135.34016965821087,0.0,35.89528683400505,0.0,0.0,0.0,0.0,6.4208216229260096,0.0,134.48279952698186,30.33183534230805,0.0,0.0,0.0,0.0,0.0,0.0,0.0,133.97988395021724,0.0,0.0,37.255572541998674,0.0,0.0,0.0,0.0,1.504142356959961,0.0,10.943603334994444,28.919016860673512,2.299904114038744,0.0,0.7777777777777778,27,0,0,0,0,1,1,0,0,0,20,0,0,1,9.660899999999998,123.54300000000008,0,0,0,0,0,0,0,0,0,1,1,0,0,0,0,0,0,0,0,0,17
C(CCCCCCCCC)C(CCC1CCCCC1)CCC1CCCCC1,736.0,2.320219429254088,1.0638374596216404,2.320219429254088,1.0638374596216404,0.2493253355273159,376.7130000000003,324.2970000000001,376.406901664,160,-0.0414083167556549,-0.0653823832227926,0.0653823832227926,0.0414083167556549,0.5185185185185185,0.9629629629629628,1.4444444444444444,14.246289901984987,9.793382835663795,2.1871870772389443,-2.26567485716221,2.3373300989269388,-2.120099182494251,4.717380557258808,0.2632396623526045,1.5930279856331455,286.0,18.99550677485947,18.995506774859468,18.995506774859468,13.381341395361316,13.381341395361314,13.381341395361314,10.29234650041919,10.29234650041919,7.881742064261032,7.881742064261032,5.894347523796276,5.894347523796276,0.0,1556545.241719035,23.28061224489796,15.869140625,11.555555555555555,172.21608369508294,0.0,0.0,0.0,0.0,0.0,0.0,0.0,0.0,154.6026345269889,17.75371813848418,0.0,0.0,0.0,0.0,17.75371813848418,154.6026345269889,0.0,0.0,0.0,0.0,0.0,0.0,0.0,17.75371813848418,154.6026345269889,0.0,0.0,0.0,0.0,0.0,0.0,0.0,17.75371813848418,89.89150272096417,57.7873946063341,0.0,6.923737199690624,0.0,0.0,0.0,0.0,0.0,3.248089686463569,0.0,34.93169088428234,2.320219429254088,0.0,1.0,27,0,0,2,2,0,0,0,0,0,15,2,2,2,9.854399999999996,122.33500000000012,0,0,0,0,0,0,0,0,0,0,0,0,0,0,0,0,0,0,0,0,6
C(CCCCCCC)C(CCCCCCCC)CCCCCCCCCC,785.0,2.3197935947132127,1.0439274801977725,2.3197935947132127,1.0439274801977725,0.1545358511829147,380.7450000000002,324.2970000000001,380.438201792,164,-0.0414285788607763,-0.0653823832227926,0.0653823832227926,0.0414285788607763,0.2962962962962963,0.5185185185185185,0.7777777777777778,14.143782075219857,9.89160328889102,2.083465562598323,-2.168593532364442,2.244368425864597,-2.014460075594983,4.619345863327306,0.365236922759182,3.766354968867399,228.42286534333687,19.84080623648022,19.840806236480216,19.840806236480216,13.346065214951231,13.346065214951231,13.346065214951231,9.242458447654531,9.242458447654531,6.397777478867205,6.397777478867205,4.426594455831883,4.426594455831883,0.0,787153.8132214681,27.0,24.03846153846154,22.153846153846157,174.2277460021414,0.0,0.0,0.0,0.0,0.0,0.0,0.0,0.0,168.45010892637015,5.917906046161393,0.0,0.0,0.0,0.0,5.917906046161393,168.45010892637015,0.0,0.0,0.0,0.0,0.0,0.0,0.0,5.917906046161393,168.45010892637015,0.0,0.0,0.0,0.0,0.0,0.0,0.0,5.917906046161393,147.67889732729827,0.0,0.0,20.771211599071872,0.0,0.0,0.0,0.0,0.0,1.0439274801977725,0.0,33.836564189418525,6.952841663717046,0.0,1.0,27,0,0,0,0,0,0,0,0,0,23,0,0,0,10.634599999999992,126.70300000000012,0,0,0,0,0,0,0,0,0,0,0,0,0,0,0,0,0,0,0,0,14
C(CC(CCCc1ccccc1)=CCCc2ccccc2)Cc3ccccc3,677.0,2.516851851851852,1.140585845832058,2.516851851851852,1.140585845832058,0.3057618405766487,368.5640000000001,336.3080000000001,368.250401024,144,-0.0244053058256087,-0.0850014780115722,0.0850014780115722,0.0244053058256087,0.5,0.8928571428571429,1.3214285714285714,14.07187861886538,9.967393984563817,2.013183253326649,-2.091716146900364,2.1831867663624296,-1.9276934471567595,5.177633309164577,0.7246689458687212,1.4994722521895738,752.9316391765761,19.279963825235644,16.8944585565264,16.8944585565264,13.898979485566358,10.696741185593924,10.696741185593924,7.564950030437623,7.564950030437623,5.3211849655811685,5.3211849655811685,3.7452645852987416,3.7452645852987416,-2.5999999999999988,3502032.9758793623,20.14244765304492,11.976463838789492,7.563441469762171,170.50540964340684,0.0,0.0,0.0,0.0,0.0,0.0,0.0,0.0,102.64463066382734,68.05692745849908,0.0,0.0,0.0,0.0,0.0,51.36657298340809,0.0,119.33498513891834,0.0,0.0,0.0,0.0,19.26246486877803,0.0,48.79446258972104,102.64463066382734,0.0,0.0,0.0,0.0,0.0,0.0,12.84164324585202,55.21528421264705,5.573104530069267,0.0,97.07152613375808,0.0,0.0,0.0,0.0,5.986395096606136,0.0,32.59514511092162,12.085126459138904,0.0,0.0,0.2857142857142857,28,0,0,0,0,3,3,0,0,0,11,0,0,3,7.591400000000008,121.60600000000004,0,0,0,0,0,0,0,0,2,3,3,0,0,0,0,0,0,0,0,0,0
CCCCCCCCCCCCCCC=C(c1ccccc1)c2ccccc2,731.0,2.4454053269076788,1.177133408919123,2.4454053269076788,1.177133408919123,0.2716478006133843,376.628,336.3080000000001,376.31300128,152,-0.0151387829390641,-0.0760578820949857,0.0760578820949857,0.0151387829390641,0.5357142857142857,0.9285714285714286,1.3571428571428572,14.07813087674653,9.959359578059928,2.031939128893612,-2.086855839006868,2.2409547649874995,-1.8795724143650516,5.791149330516129,0.5446728141505256,1.623266149011749,582.1025908947438,19.702613556046018,18.04324111651101,18.04324111651101,13.91501490017253,11.725397411291146,11.725397411291146,8.027612518516447,8.027612518516447,5.575725852979972,5.575725852979972,3.8695188534445855,3.8695188534445855,-1.8199999999999996,2626996.490601822,22.468919535151425,15.143145566659438,9.398626451547376,173.6379681237225,0.0,0.0,0.0,0.0,0.0,0.0,0.0,0.0,144.29246584332677,29.54165075931527,0.0,0.0,0.0,5.573104530069267,0.0,90.39441829772878,0.0,77.86659377484399,0.0,0.0,0.0,0.0,0.0,0.0,101.52132128112277,66.73969079144999,5.573104530069267,0.0,0.0,0.0,0.0,0.0,0.0,100.17068861150142,0.0,0.0,73.66342799114061,0.0,0.0,0.0,0.0,4.031987410721597,0.0,21.62171119579712,20.554694585572708,2.291606807908576,0.0,0.5,28,0,0,0,0,2,2,0,0,0,15,0,0,2,9.209500000000002,125.65800000000006,0,0,0,0,0,0,0,0,1,0,2,0,0,0,0,0,0,0,0,0,11
C(CCCCCCCCCCCCCCCCC)C1CC2=CC=CC=C2CC1,776.0,2.3562524458416214,0.959763677055842,2.3562524458416214,0.959763677055842,0.2345126854384502,384.6920000000001,336.3080000000001,384.375601536,160,-0.0247532723692484,-0.0653823832227926,0.0653823832227926,0.0247532723692484,0.6071428571428571,1.0714285714285714,1.6071428571428572,14.221013008515015,9.811817570837691,2.1689298938673733,-2.2402263149963524,2.2848464290998467,-2.1350730157980697,5.2905728259860565,0.4034133643959653,1.2991100390402934,474.6815839147303,19.702613556046018,19.02888696967908,19.02888696967908,13.898178147766924,12.96630870295431,12.96630870295431,9.469511005550135,9.469511005550135,6.914825195224716,6.914825195224716,5.000723239104488,5.000723239104488,-0.78,2427745.314428703,23.49846408772623,16.064668925346805,10.679246774988515,176.45429848269316,0.0,0.0,0.0,0.0,0.0,0.0,0.0,0.0,140.34317306327927,36.30727389833341,0.0,0.0,0.0,0.0,5.917906046161393,135.34016965821087,0.0,35.392371257240434,0.0,0.0,0.0,0.0,12.84164324585202,5.917906046161393,133.62542939575283,24.26546827384644,0.0,0.0,0.0,0.0,0.0,0.0,5.917906046161393,128.41643245852023,11.126902983393991,0.0,31.18920547353706,0.0,0.0,0.0,0.0,3.250895187861565,0.959763677055842,9.111044877245066,29.042591272049656,2.302371652454541,0.0,0.7857142857142857,28,0,0,1,1,1,1,0,0,0,17,0,0,2,9.4431,126.1200000000001,0,0,0,0,0,0,0,0,0,1,1,1,0,0,0,0,0,0,0,0,14
C(CCCCCCCCCCCCCCCCC)C=1C=C2CCCCC2=CC1,797.0,2.513590881215771,1.2973456790123457,2.513590881215771,1.2973456790123457,0.2345658939329142,384.6920000000002,336.3080000000001,384.375601536,160,-0.0275925592069356,-0.0653823832227926,0.0653823832227926,0.0275925592069356,0.5357142857142857,1.0,1.5357142857142858,14.140884834474122,9.893337394071091,2.0862581638545428,-2.1611835901097685,2.228765615168948,-2.027152026032511,5.333720409329641,0.5292699833057447,1.3282750616437258,486.81171955040566,19.702613556046018,19.081293212486376,19.081293212486376,13.898178147766924,13.005800824678952,13.005800824678952,9.36347031349887,9.36347031349887,6.7319114583791615,6.7319114583791615,4.819511205132487,4.819511205132487,-0.78,2427745.314428703,23.49846408772623,16.064668925346805,10.679246774988515,176.4542984826932,0.0,0.0,0.0,0.0,0.0,0.0,0.0,0.0,121.43516274896564,55.21528421264705,0.0,0.0,0.0,0.0,0.0,141.76099128113688,0.0,34.88945568047582,0.0,0.0,0.0,0.0,19.26246486877803,0.0,139.18888088744984,18.19910120538483,0.0,0.0,0.0,0.0,0.0,0.0,0.0,134.83725408144625,16.690354475090988,0.0,25.12283840507545,0.0,0.0,0.0,0.0,4.8687317980736005,0.0,7.324754125128795,30.00490809965026,2.3016059771473416,0.0,0.7857142857142857,28,0,0,1,1,1,1,0,0,0,17,0,0,2,9.3694,126.3340000000001,0,0,0,0,0,0,0,0,0,3,1,1,0,0,0,0,0,0,0,0,14
CCCCCCCCCCC(CCCCCCCCCC)Cc1ccccc1,775.0,2.327838242628661,0.9051692503090408,2.327838242628661,0.9051692503090408,0.1954833220466713,386.7080000000001,336.3080000000001,386.3912516,162,-0.0250378576938204,-0.0653823832227926,0.0653823832227926,0.0250378576938204,0.5,0.8928571428571429,1.3214285714285714,14.150699793601207,9.88486777892395,2.094937651819701,-2.1708007385481016,2.2300595669469594,-2.0511323718928627,5.146872610114865,0.3996764384400301,2.1710946258951305,387.3063039215756,20.12526328685639,19.399130457682165,19.399130457682165,13.863703305156276,12.903195426880918,12.903195426880918,9.082845846165318,9.082845846165318,6.299053709645957,6.299053709645957,4.429680737277123,4.429680737277123,-0.78,1780363.0764755872,25.25673769287289,19.53270669157155,15.178454825152324,177.46012963622238,0.0,0.0,0.0,0.0,0.0,0.0,0.0,0.0,159.7540989543575,17.9021791607844,0.0,0.0,0.0,0.0,5.917906046161393,135.8430852349755,0.0,35.89528683400505,0.0,0.0,0.0,0.0,6.4208216229260096,5.917906046161393,134.9857151037465,30.33183534230805,0.0,0.0,0.0,0.0,0.0,0.0,5.917906046161393,121.99561083559423,5.563451491696996,0.0,44.179309741689295,0.0,0.0,0.0,0.0,1.5478066988906845,0.9051692503090408,11.21875659485154,27.21846017347908,4.609807282469649,0.0,0.7857142857142857,28,0,0,0,0,1,1,0,0,0,20,0,0,1,9.906899999999997,128.0900000000001,0,0,0,0,0,0,0,0,0,0,1,0,0,0,0,0,0,0,0,0,12
C(CCC)C(CCCCCCCCCCCCCCCCC)C1=CC=CC=C1,731.0,2.338822362697252,0.7945579299883682,2.338822362697252,0.7945579299883682,0.1954214629426337,386.7080000000001,336.3080000000001,386.3912516,162,-0.0161961367272729,-0.0653823832227926,0.0653823832227926,0.0161961367272729,0.4642857142857143,0.8571428571428571,1.3214285714285714,14.149716230396804,9.88415645673408,2.097818295837276,-2.167719318370858,2.2765256237085527,-1.9895217373202252,5.187838690312283,0.4942766351023354,1.9185583649869824,407.30630392157553,20.12526328685639,19.399130457682165,19.399130457682165,13.880540057561882,12.930068880418595,12.930068880418595,8.98825815567037,8.98825815567037,6.333255508911969,6.333255508911969,4.41545668232122,4.41545668232122,-0.78,1849183.8924910224,25.25673769287289,19.53270669157155,14.250899838594147,177.46012963622238,0.0,0.0,0.0,0.0,0.0,0.0,0.0,0.0,153.33327733143147,24.323000783710405,0.0,0.0,0.0,0.0,0.0,141.76099128113688,0.0,35.89528683400505,0.0,0.0,0.0,0.0,0.0,0.0,147.3244427728339,30.33183534230805,0.0,0.0,0.0,0.0,0.0,0.0,5.917906046161393,121.99561083559423,5.563451491696996,0.0,44.179309741689295,0.0,0.0,0.0,0.0,1.5706606842861095,0.7945579299883682,11.242605530417478,27.276381347446605,4.615794507861439,0.0,0.7857142857142857,28,0,0,0,0,1,1,0,0,0,20,0,0,1,10.221899999999994,128.25400000000008,0,0,0,0,0,0,0,0,0,0,1,0,0,0,0,0,0,0,0,0,13
C1(CCCC1)C1C(CCC1)CCCCCCCCCCCCCCCCCC,760.0,2.307945733504557,1.1201340474262125,2.307945733504557,1.1201340474262125,0.2040787384091771,390.7400000000003,336.3080000000001,390.422551728,166,-0.0357414165138981,-0.0653823832227926,0.0653823832227926,0.0357414165138981,0.4642857142857143,0.9285714285714286,1.4285714285714286,14.391749310928189,9.802196928850162,2.337052218938283,-2.250781746632504,2.4517157871440687,-2.161746996211634,4.8474290047707225,0.2477659198429146,1.292433626159864,326.93001187765793,19.702613556046018,19.702613556046018,19.702613556046018,13.915014900172531,13.91501490017253,13.91501490017253,10.491350624945587,10.491350624945587,8.151668418299142,8.151668418299142,6.384702456418802,6.384702456418802,0.0,3335648.307998688,24.271105826397147,16.760330578512395,10.683760683760685,178.58102580947957,0.0,0.0,0.0,0.0,0.0,0.0,0.0,0.0,154.6026345269889,24.17453976141019,0.0,0.0,0.0,0.0,17.75371813848418,161.02345614991492,0.0,0.0,0.0,0.0,0.0,0.0,0.0,17.75371813848418,161.02345614991492,0.0,0.0,0.0,0.0,0.0,0.0,0.0,17.75371813848418,115.57478921266822,38.524929737556064,0.0,6.923737199690624,0.0,0.0,0.0,0.0,0.0,3.390873472546663,0.0,36.30118079394877,2.307945733504557,0.0,1.0,28,0,0,2,2,0,0,0,0,0,18,2,2,2,10.244499999999992,126.95200000000013,0,0,0,0,0,0,0,0,0,0,0,0,0,0,0,0,0,0,0,0,14
C=1(C(=CC=CC1)C(=O)OCCCCCCCC(C)C)C(=O)OCCCCCCCC(C)C,789.0,12.47461341345936,-0.4421201097873728,12.47461341345936,0.2945544797293742,0.1692701405320525,446.6720000000004,400.3040000000002,446.33960995199993,182,0.3385059659036322,-0.462078209479341,0.462078209479341,0.3385059659036322,0.59375,0.9375,1.3125,16.539147906179775,10.039902984877928,2.1835505468916576,-2.1001860314407965,2.147541710876796,-2.1460636883890603,6.026185723675336,0.0450101301357582,2.264773913876615,581.0744728730804,23.606237238868697,20.996589713604877,20.996589713604877,15.413591357920936,12.84709477699321,12.84709477699321,9.718000039528985,9.718000039528985,5.684828646597532,5.684828646597532,3.694306668103969,3.694306668103969,-1.84,7686981.068993504,28.193156498673744,17.684629963192112,13.545867257348132,196.01026429532368,9.473725907600098,0.0,0.0,0.0,11.9386105759037,0.0,9.589074368143644,0.0,104.03589916494582,36.81018947509803,0.0,24.340666912419827,19.06280027574374,11.9386105759037,11.835812092322788,104.74480827387464,13.213763929025836,35.392371257240434,0.0,0.0,0.0,25.152374504929536,9.473725907600098,11.835812092322788,125.46078562541229,24.26546827384644,0.0,52.60000000000001,11.9386105759037,9.589074368143644,0.0,24.340666912419827,37.51909858402682,51.36657298340809,24.26546827384644,0.0,27.694948798762496,9.473725907600098,10.82849981690752,24.94922682691872,0.0,0.5891089594587486,0.6477475343056777,6.775442564274567,13.74728805292546,9.796019578542646,0.0,0.7142857142857143,32,0,4,0,0,1,1,4,0,4,18,0,0,1,7.993400000000009,132.08700000000005,0,0,0,0,0,0,2,2,0,0,1,0,2,2,0,0,0,0,0,0,10
C(CCCCCCCC)C(CC=CCCCCCC)CCCCCCCCC,853.0,2.5268936830165187,0.9566439121945072,2.5268936830165187,0.9566439121945072,0.1196974646028948,392.7560000000003,336.3080000000001,392.438201792,168,-0.0322218785179183,-0.088528961248126,0.088528961248126,0.0322218785179183,0.4285714285714285,0.8214285714285714,1.2857142857142858,14.126454225527237,9.908654772861215,2.0677150524472405,-2.150003684254746,2.226653854855629,-1.9983120017159135,4.838187435685461,0.4049341465421584,3.8992830191566137,272.4134357365111,20.547913017666765,20.28839999367292,20.28839999367292,13.846065214951231,13.495895129212292,13.495895129212292,9.24245844765453,9.24245844765453,6.292278618557962,6.292278618557962,4.255770451434827,4.255770451434827,-0.26,1285606.0376861766,27.739999999999995,24.777397157816004,22.033583072877185,179.90308508435376,0.0,0.0,0.0,0.0,0.0,0.0,0.0,0.0,154.91886264833386,25.18037091493942,0.0,0.0,0.0,0.0,5.917906046161393,162.02928730344414,0.0,12.152040213667762,0.0,0.0,0.0,0.0,0.0,5.917906046161393,162.02928730344414,12.152040213667762,0.0,0.0,0.0,0.0,0.0,0.0,5.917906046161393,141.25807570437226,0.0,0.0,32.92325181273964,0.0,0.0,0.0,0.0,0.0,0.9566439121945072,0.0,36.45453972129746,6.922149699841368,0.0,0.9285714285714286,28,0,0,0,0,0,0,0,0,0,23,0,0,0,10.80069999999999,131.22600000000008,0,0,0,0,0,0,0,0,2,0,0,0,0,0,0,0,0,0,0,0,13
CC(C)(CC(CC=C(CCC(CC(C)(C)C)C)CCC(CC(C)(C)C)C)C)C,778.0,2.6289918745275886,0.4403424718652895,2.6289918745275886,0.4403424718652895,0.3066456624789116,392.7560000000002,336.3080000000001,392.438201792,168,-0.031777285995279,-0.0850658198016495,0.0850658198016495,0.031777285995279,0.5714285714285714,0.8928571428571429,1.2142857142857142,14.240404557392806,9.80540380288492,2.182465229661576,-2.25261028926634,2.3193781835312204,-2.122699249472034,5.030563627070496,0.2901108549050119,4.831067832137559,404.1294438913996,22.17336210743744,21.966255326250888,21.966255326250888,12.466945593523466,12.1462309283771,12.1462309283771,13.785293062883811,13.785293062883811,5.60789985596654,5.60789985596654,4.98417825848434,4.98417825848434,-0.26,235361.51929090175,27.739999999999995,11.80481690013963,17.812546241377294,179.90308508435376,0.0,0.0,0.0,0.0,0.0,0.0,0.0,0.0,94.7339710331906,85.3652625300826,0.0,0.0,0.0,0.0,33.99868954667452,134.45141937969555,0.0,11.64912463690315,0.0,0.0,0.0,0.0,0.0,33.99868954667452,134.45141937969555,11.64912463690315,0.0,0.0,0.0,0.0,0.0,16.244971408190338,17.75371813848418,51.36657298340809,5.573104530069267,0.0,89.16086650312134,0.0,0.0,0.0,0.0,3.0788392069790884,2.429436728395061,0.0,13.190566216041054,28.717824515251465,0.0,0.9285714285714286,28,0,0,0,0,0,0,0,0,0,11,0,0,0,10.080199999999996,130.8760000000001,0,0,0,0,0,0,0,0,2,0,0,0,0,0,0,0,0,0,0,0,0
C(CCCCCCC)C(CCCCCCCCC)CCCCCCCCCC,861.0,2.321523698519441,1.0434336530372783,2.321523698519441,1.0434336530372783,0.1427048389954952,394.7720000000003,336.3080000000001,394.453851856,170,-0.0414285788607763,-0.0653823832227926,0.0653823832227926,0.0414285788607763,0.2857142857142857,0.5,0.75,14.144246896672842,9.891427278368928,2.083914769519533,-2.1687764203038684,2.245043595447685,-2.014560934058337,4.6199053577832006,0.3651018837685105,3.7823945643420784,256.7639251168273,20.547913017666765,20.54791301766676,20.54791301766676,13.846065214951231,13.846065214951231,13.846065214951231,9.596011838247804,9.596011838247804,6.647777478867205,6.647777478867205,4.60337115112852,4.60337115112852,0.0,1285918.7281614922,28.0,25.03703703703704,22.290809327846365,180.59268811653803,0.0,0.0,0.0,0.0,0.0,0.0,0.0,0.0,174.87093054929616,5.917906046161393,0.0,0.0,0.0,0.0,5.917906046161393,174.87093054929616,0.0,0.0,0.0,0.0,0.0,0.0,0.0,5.917906046161393,174.87093054929616,0.0,0.0,0.0,0.0,0.0,0.0,0.0,5.917906046161393,154.0997189502243,0.0,0.0,20.771211599071872,0.0,0.0,0.0,0.0,0.0,1.0434336530372783,0.0,35.336218672366115,6.953681007929938,0.0,1.0,28,0,0,0,0,0,0,0,0,0,24,0,0,0,11.024699999999989,131.32000000000008,0,0,0,0,0,0,0,0,0,0,0,0,0,0,0,0,0,0,0,0,15
C(CC)C(CCCCCCCCCC)C(CCCCCCCCCC)CCC,844.0,2.4028155668916997,1.0227737039362217,2.4028155668916997,1.0227737039362217,0.1510709511174247,394.77200000000033,336.3080000000001,394.453851856,170,-0.0385948133607301,-0.0653823832227926,0.0653823832227926,0.0385948133607301,0.2857142857142857,0.5714285714285714,0.8571428571428571,14.247094395608237,9.78641882592406,2.1903512532352387,-2.2702413854502037,2.317814371547698,-2.1511532980103607,4.707870402519509,0.2448941874647821,3.9607981776904726,241.2118756352258,20.7110497244833,20.7110497244833,20.7110497244833,13.794753619934976,13.794753619934976,13.794753619934976,9.624607317456771,9.624607317456771,6.8425352551010965,6.8425352551010965,5.053885282525582,5.053885282525582,0.0,1197469.1980878396,28.0,23.28061224489796,18.05555555555556,180.59268811653808,0.0,0.0,0.0,0.0,0.0,0.0,0.0,0.0,168.95302450313477,11.835812092322788,0.0,0.0,0.0,0.0,11.835812092322788,168.95302450313477,0.0,0.0,0.0,0.0,0.0,0.0,0.0,11.835812092322788,168.95302450313477,0.0,0.0,0.0,0.0,0.0,0.0,0.0,11.835812092322788,141.25807570437226,0.0,0.0,27.694948798762496,0.0,0.0,0.0,0.0,0.0,2.0455474078724434,0.0,32.1881068668628,9.43301239193142,0.0,1.0,28,0,0,0,0,0,0,0,0,0,23,0,0,0,10.88059999999999,131.25000000000009,0,0,0,0,0,0,0,0,0,0,0,0,0,0,0,0,0,0,0,0,12
CCCCCCCCCCCCCCCCCC(=O)OCCCCCCCCCC,826.0,11.761831221213026,0.0209628677731401,11.761831221213026,0.0209628677731401,0.1075635886216543,424.7540000000004,368.30600000000015,424.428031032,180,0.305277515512331,-0.4656750045271161,0.4656750045271161,0.305277515512331,0.4333333333333333,0.7333333333333333,1.1,16.532374359185802,10.038150756126804,2.022690483784166,-2.0543749203212545,2.137946009406059,-2.051315061029269,5.6869531515122205,-0.1434409903387978,3.1248068644351936,326.6007800506426,21.962126580039858,20.99416611059141,20.99416611059141,14.808060412490448,13.964690378025043,13.964690378025043,9.395091382916233,9.395091382916233,6.245394899343333,6.245394899343333,4.134776477568975,4.134776477568975,-0.53,3310889.412255864,29.469999999999995,26.50512469265894,25.506403349108115,189.8677554460887,4.736862953800049,0.0,0.0,0.0,5.969305287951849,4.794537184071822,0.0,0.0,148.68472848082752,12.84164324585202,6.4208216229260096,6.606881964512918,9.53140013787187,5.969305287951849,0.0,167.94719334960556,6.606881964512918,0.0,0.0,0.0,0.0,12.576187252464766,9.53140013787187,0.0,167.94719334960556,0.0,0.0,26.3,0.0,4.794537184071822,5.969305287951849,13.027703587438928,12.84164324585202,134.83725408144625,0.0,0.0,13.847474399381248,4.736862953800049,5.367318047267203,11.761831221213026,0.0,0.0,0.0209628677731401,0.0,31.34240021993687,5.174154310476433,0.0,0.9642857142857144,30,0,2,0,0,0,0,2,0,2,25,0,0,0,9.931799999999996,133.11500000000007,0,0,0,0,0,0,1,1,0,0,0,0,1,1,0,0,0,0,0,0,20
C(CCC(=O)OCCCCCCCCCCCC)(=O)OCCCCCCCCCCCC,839.0,11.737457400195469,-0.2807306942047274,11.737457400195469,0.1335561342592592,0.1021898562638555,454.7360000000005,400.30400000000026,454.402210208,190,0.3058705290171029,-0.4656635478377842,0.4656635478377842,0.3058705290171029,0.40625,0.65625,0.9375,16.53919687233793,10.067761741304109,2.0861413492614567,-2.0636924196892488,2.115877240341899,-2.11138982095767,5.770929671883846,-0.1500685111945673,3.297532275210353,370.2365532040996,23.53947684922948,21.603555910332588,21.603555910332588,15.7019072626078,14.015167193676994,14.015167193676994,9.304901391593894,9.304901391593894,6.055129626906845,6.055129626906845,3.899468059842332,3.899468059842332,-1.06,7916643.940790833,30.94,26.19438647439484,25.20273879310614,199.14282277563933,9.473725907600098,0.0,0.0,0.0,11.9386105759037,9.589074368143644,0.0,0.0,129.42226361204948,12.84164324585202,0.0,26.055407174877857,19.06280027574374,11.9386105759037,0.0,155.10555010375353,13.213763929025836,0.0,0.0,0.0,0.0,25.152374504929536,19.06280027574374,0.0,155.10555010375353,0.0,0.0,52.60000000000001,0.0,9.589074368143644,24.78025382175571,13.213763929025836,25.68328649170404,102.7331459668162,0.0,0.0,13.847474399381248,9.473725907600098,10.458144256462583,23.47491480039093,0.0,0.0,-0.5614613884094546,0.0,25.514506974072106,5.447228690817157,0.0,0.9285714285714286,32,0,4,0,0,0,0,4,0,4,25,0,0,0,8.694800000000006,134.84000000000003,0,0,0,0,0,0,2,2,0,0,0,0,2,2,0,0,0,0,0,0,18
C(CCCCCC)C(CCCCCC)(CCCCCCCC)CCCCCCC,856.0,2.3521967063466187,0.6913958569538927,2.3521967063466187,0.6913958569538927,0.1392107888727062,408.7990000000003,348.31900000000013,408.46950192,176,-0.0297458752821487,-0.0653823832227926,0.0653823832227926,0.0297458752821487,0.2758620689655172,0.4827586206896552,0.7586206896551724,14.330287954225536,9.703293219222152,2.276340161567012,-2.350578712955997,2.41810426876015,-2.213762162534017,4.799793757312204,0.1714218874582514,4.660393787325432,278.4134357365111,21.470562748477136,21.470562748477136,21.470562748477136,14.242640687119287,14.242640687119284,14.242640687119284,10.156854249492378,10.156854249492378,7.242640687119285,7.242640687119285,5.164213562373094,5.164213562373094,0.0,1847744.397729606,29.0,22.68,18.484375,186.95763023093463,0.0,0.0,0.0,0.0,0.0,0.0,0.0,0.0,156.11138125728274,31.09827696110082,0.0,0.0,0.0,0.0,5.41499046939678,181.7946677489868,0.0,0.0,0.0,0.0,0.0,0.0,0.0,5.41499046939678,181.7946677489868,0.0,0.0,0.0,0.0,0.0,0.0,5.41499046939678,0.0,154.0997189502243,0.0,0.0,27.694948798762496,0.0,0.0,0.0,0.0,0.6913958569538927,0.0,0.0,35.19435222884632,9.364251914199778,0.0,1.0,29,0,0,0,0,0,0,0,0,0,24,0,0,0,11.414799999999987,135.93700000000004,0,0,0,0,0,0,0,0,0,0,0,0,0,0,0,0,0,0,0,0,12
CCCCCCCCCCC(=CCCCCCCCCC)c1cc(C)ccc1C,776.0,2.5784369996085363,1.2574511580876049,2.5784369996085363,1.2574511580876049,0.2156232953491781,398.71900000000016,348.31900000000013,398.3912516,166,-0.0195770393545055,-0.0807096392598715,0.0807096392598715,0.0195770393545055,0.6551724137931034,1.1724137931034482,1.7586206896551724,14.112837437654017,9.925362164849243,2.0594381471845637,-2.1279490791089493,2.267601202731386,-1.9224452754413808,5.682850093811066,0.5781151751141622,2.4442496095163966,536.9693340915088,21.158643481676005,20.330216356929817,20.330216356929817,14.185070510202197,12.952724249737631,12.952724249737631,9.182607438339344,9.182607438339344,6.237108130542149,6.237108130542149,4.255555087273424,4.255555087273424,-1.04,2314155.4442377486,25.995765379113017,17.78753316489166,12.988819563450182,183.1354687184348,0.0,0.0,0.0,0.0,0.0,0.0,0.0,0.0,127.15672830133512,56.23076840454854,0.0,0.0,0.0,5.573104530069267,0.0,136.8489163885047,0.0,40.9654757873097,0.0,0.0,0.0,0.0,0.0,13.847474399381248,139.69179646421446,24.27512131221871,5.573104530069267,0.0,0.0,0.0,0.0,0.0,0.0,125.8443220648332,5.573104530069267,0.0,51.9700701109812,0.0,0.0,0.0,0.0,5.9614695301748535,0.0,6.9719125719019575,26.125223704042284,9.10806086054757,0.0,0.7241379310344828,29,0,0,0,0,1,1,0,0,0,18,0,0,1,10.358339999999991,133.73000000000002,0,0,0,0,0,0,0,0,2,2,1,0,0,0,0,0,0,0,0,0,12
CCCCCCCCCCC(CCCCCCCCCC)c1cc(C)ccc1C,793.0,2.481643305087569,0.7871136947534854,2.481643305087569,0.7871136947534854,0.2024774212452889,400.7350000000001,348.31900000000013,400.406901664,168,-0.0159238311202117,-0.0653823832227926,0.0653823832227926,0.0159238311202117,0.5517241379310345,0.9655172413793104,1.4137931034482758,14.187701752521134,9.84832811599276,2.136298505151978,-2.203035175367203,2.312842710580284,-2.0269768185914945,5.328658677420761,0.4812495347042584,2.353623355654024,466.8117195504057,21.158643481676005,20.537323138116363,20.537323138116363,14.185070510202197,13.25741914960822,13.25741914960822,9.584063502194866,9.584063502194866,6.686844766075727,6.686844766075727,4.704309753736603,4.704309753736603,-0.78,2314155.4442377486,26.255435861091424,18.026126872167257,13.197187693709314,183.82507175061903,0.0,0.0,0.0,0.0,0.0,0.0,0.0,0.0,140.34317306327927,43.73392667478865,0.0,0.0,0.0,0.0,0.0,149.18764405759214,0.0,34.88945568047582,0.0,0.0,0.0,0.0,0.0,13.847474399381248,152.0305241333019,18.19910120538483,0.0,0.0,0.0,0.0,0.0,0.0,5.917906046161393,126.7016921960622,5.563451491696996,0.0,45.89405000414733,0.0,0.0,0.0,0.0,4.595436224622247,0.7871136947534854,7.10825516449455,25.652429969264425,9.190098280198626,0.0,0.7931034482758621,29,0,0,0,0,1,1,0,0,0,19,0,0,1,10.448639999999994,133.11100000000005,0,0,0,0,0,0,0,0,0,2,1,0,0,0,0,0,0,0,0,0,12
C(CCCCCCCC)C(CCCCCCCCC)CCCCCCCCCC,886.0,2.319061003445173,1.0429398258767846,2.319061003445173,1.0429398258767846,0.1316710989666078,408.7990000000003,348.31900000000013,408.46950192,176,-0.0414285788607763,-0.0653823832227926,0.0653823832227926,0.0414285788607763,0.2758620689655172,0.4827586206896552,0.7241379310344828,14.14471271383454,9.891252375581182,2.0843650242953857,-2.16895809442225,2.245717539446311,-2.0146614321833747,4.620465117588707,0.3649674907907355,3.802144106425227,251.21187563522585,21.25501979885331,21.255019798853308,21.255019798853308,14.346065214951231,14.346065214951231,14.346065214951231,9.949565228841076,9.949565228841076,6.897777478867205,6.897777478867205,4.780147846425156,4.780147846425156,0.0,2099829.224670056,29.0,26.035714285714285,24.142857142857142,186.95763023093463,0.0,0.0,0.0,0.0,0.0,0.0,0.0,0.0,181.29175217222215,5.917906046161393,0.0,0.0,0.0,0.0,5.917906046161393,181.29175217222215,0.0,0.0,0.0,0.0,0.0,0.0,0.0,5.917906046161393,181.29175217222215,0.0,0.0,0.0,0.0,0.0,0.0,0.0,5.917906046161393,160.5205405731503,0.0,0.0,20.771211599071872,0.0,0.0,0.0,0.0,0.0,1.0429398258767846,0.0,36.83624694317309,6.954146564283461,0.0,1.0,29,0,0,0,0,0,0,0,0,0,25,0,0,0,11.414799999999987,135.93700000000004,0,0,0,0,0,0,0,0,0,0,0,0,0,0,0,0,0,0,0,0,16
CCCCCCCCCCCCCCCCC=C(c1ccccc1)c2ccccc2,794.0,2.449580674129901,1.1777313043272863,2.449580674129901,1.1777313043272863,0.2299936688844451,404.682,360.33000000000015,404.344301408,164,-0.0151387829390641,-0.0760578820949857,0.0760578820949857,0.0151387829390641,0.5,0.8666666666666667,1.2666666666666666,14.07878357098337,9.959338431536793,2.032411890889066,-2.0869099784283054,2.241352184263827,-1.8796690799099784,5.791162813270125,0.5359519665428681,1.5463533877891884,611.4523704137113,21.11682711841911,19.457454678884105,19.457454678884105,14.915014900172531,12.725397411291146,12.725397411291146,8.734719299702997,8.734719299702997,6.07572585297997,6.07572585297997,4.2230722440378585,4.2230722440378585,-1.8199999999999996,6995144.603272702,24.449462639070862,16.921387598141326,10.813150071618772,186.36785235251568,0.0,0.0,0.0,0.0,0.0,0.0,0.0,0.0,157.13410908917876,29.54165075931527,0.0,0.0,0.0,5.573104530069267,0.0,103.2360615435808,0.0,77.86659377484399,0.0,0.0,0.0,0.0,0.0,0.0,114.3629645269748,66.73969079144999,5.573104530069267,0.0,0.0,0.0,0.0,0.0,0.0,113.01233185735344,0.0,0.0,73.66342799114061,0.0,0.0,0.0,0.0,4.036130722534468,0.0,21.64873194140941,23.52008854068093,2.2950487953751844,0.0,0.5333333333333333,30,0,0,0,0,2,2,0,0,0,17,0,0,2,9.989699999999996,134.89199999999997,0,0,0,0,0,0,0,0,1,0,2,0,0,0,0,0,0,0,0,0,13
CCCCCCCCCCCCCCC=C(Cc1ccccc1)Cc2ccccc2,786.0,2.5241090306113825,1.077371370116674,2.5241090306113825,1.077371370116674,0.1817720692430752,404.682,360.33000000000015,404.344301408,164,-0.0063793221457305,-0.0846613771980469,0.0846613771980469,0.0063793221457305,0.5333333333333333,0.9333333333333332,1.3666666666666667,14.07489309235253,9.964085820723229,2.0203504194680173,-2.090537628842083,2.169171235408048,-1.9592412149537763,5.270222272017266,0.544458194362007,1.6123765427884242,609.4523704137113,21.11682711841911,19.457454678884105,19.457454678884105,14.881341395361316,12.63961097366424,12.63961097366424,8.86488537671687,8.86488537671687,6.038711997568202,6.038711997568202,4.214452407849671,4.214452407849671,-1.8199999999999996,6554819.555563388,24.449462639070862,16.921387598141326,12.007768953849974,186.36785235251568,0.0,0.0,0.0,0.0,0.0,0.0,0.0,0.0,149.86557037339605,36.81018947509803,0.0,0.0,0.0,0.0,0.0,103.2360615435808,0.0,83.43969830491326,0.0,0.0,0.0,0.0,12.84164324585202,0.0,101.52132128112277,72.31279532151926,0.0,0.0,0.0,0.0,0.0,0.0,12.84164324585202,94.59758408143216,5.573104530069267,0.0,73.66342799114061,0.0,0.0,0.0,0.0,4.415947639330106,0.0,21.839662863639795,22.949571673415303,2.294817823614786,0.0,0.5333333333333333,30,0,0,0,0,2,2,0,0,0,17,0,0,2,9.4894,134.07,0,0,0,0,0,0,0,0,2,0,2,0,0,0,0,0,0,0,0,0,11
CCCCC(CCCCCCCCC(CCCC)c1ccccc1)c2ccccc2,796.0,2.335340676458413,0.7743946860005451,2.335340676458413,0.7743946860005451,0.2291440852367671,406.698,360.33000000000015,406.359951472,166,-0.0161961367272729,-0.0653820202214868,0.0653820202214868,0.0161961367272729,0.4333333333333333,0.7666666666666667,1.1333333333333333,14.166283486106565,9.876714665824284,2.1140966705174784,-2.1755526233637283,2.2932597810790543,-1.9967505230975664,5.196985959800078,0.4828464136984259,1.6068038773816469,557.5012745620886,21.27996382523564,19.82769816688718,19.82769816688718,14.846866552750669,12.945924198464096,12.945924198464096,9.198341718288711,9.198341718288711,6.709404236637392,6.709404236637392,4.795379458709704,4.795379458709704,-1.5599999999999996,6531074.884246947,24.70712399574669,16.172632692180585,9.964515138414756,187.05745538469992,0.0,0.0,0.0,0.0,0.0,0.0,0.0,0.0,138.7193613132575,48.64600156742081,0.0,0.0,0.0,0.0,0.0,115.5747892126682,0.0,71.7905736680101,0.0,0.0,0.0,0.0,0.0,0.0,126.70169219606218,60.6636706846161,0.0,0.0,0.0,0.0,0.0,0.0,11.835812092322788,89.89150272096417,11.126902983393991,0.0,74.51114508399735,0.0,0.0,0.0,0.0,3.120338944275078,1.54878937200109,22.45243795589085,19.25411149168861,4.624322236144367,0.0,0.6,30,0,0,0,0,2,2,0,0,0,17,0,0,2,10.055199999999996,134.35199999999998,0,0,0,0,0,0,0,0,0,0,2,0,0,0,0,0,0,0,0,0,5
C(CCC)C(=CCCCCCCCCCCCCCC)C1=CC=CC2=CC=CC=C12,839.0,2.549340512092864,1.2110750738203775,2.549340512092864,1.2110750738203775,0.2290718848770248,406.698,360.33000000000015,406.359951472,166,-0.0108783117150675,-0.0806977528997727,0.0806977528997727,0.0108783117150675,0.6,1.1666666666666667,1.8333333333333333,14.104808002204807,9.933436541362385,2.057077455101078,-2.114440903599947,2.2895757735331284,-1.8878216313349503,5.933432125016816,0.544626978106493,1.6909688562649283,703.555020484629,21.279963825235644,19.93251065250177,19.93251065250177,14.863703305156276,13.036057583070969,13.036057583070969,9.037387381079402,9.037387381079402,6.38367144836517,6.38367144836517,4.480959036283307,4.480959036283307,-1.5599999999999996,6224652.811264213,24.70712399574669,16.172632692180585,9.500466136813651,186.72230690698007,0.0,0.0,0.0,0.0,0.0,0.0,0.0,0.0,139.43792346055855,47.59229094239989,0.0,0.0,0.0,16.34555295899886,0.0,116.58062036619744,0.0,54.10404107776215,0.0,0.0,0.0,0.0,0.0,0.0,122.14407185789445,48.54058958606515,16.34555295899886,0.0,0.0,0.0,0.0,0.0,0.0,119.06904588744275,5.573104530069267,0.0,62.3880639854464,0.0,0.0,0.0,2.777601085111548,3.0251941687960286,0.0,15.63200145201992,24.63725965243355,4.594610308305619,0.0,0.6,30,0,0,0,0,2,2,0,0,0,17,0,0,2,10.504599999999993,137.14499999999995,0,0,0,0,0,0,0,0,2,0,2,1,0,0,0,0,0,0,0,0,11
C(CCCCCCCCCCCCCCCCCCCCCCC)C1=CC=CC=C1,773.0,2.302595035128834,1.2638541666666667,2.302595035128834,1.2638541666666667,0.1561139381603683,414.76200000000017,360.33000000000015,414.422551728,174,-0.0278872279393073,-0.0653823832227926,0.0653823832227926,0.0278872279393073,0.3666666666666666,0.6666666666666666,1.0,14.024665414890682,10.021028509163662,1.961547821988454,-2.0423127884543413,2.1527404684383185,-1.8607421026850632,5.139127522643069,0.5188903127427441,1.6541832747780847,420.9242677733262,21.37634014241296,20.650207313238727,20.650207313238727,14.931851652578136,13.97134377430278,13.97134377430278,9.660219762112238,9.660219762112238,6.661829882562214,6.661829882562214,4.582558593710389,4.582558593710389,-0.78,5197311.576783417,27.254223134839155,22.895194174991165,19.19940182729168,190.1900138650156,0.0,0.0,0.0,0.0,0.0,0.0,0.0,0.0,172.0928266234449,18.40509473754901,0.0,0.0,0.0,0.0,0.0,154.6026345269889,0.0,35.89528683400505,0.0,0.0,0.0,0.0,6.4208216229260096,0.0,153.7452643957599,30.33183534230805,0.0,0.0,0.0,0.0,0.0,0.0,0.0,153.24234881899528,0.0,0.0,37.255572541998674,0.0,0.0,0.0,0.0,1.505246493191093,0.0,10.955870722352394,33.40295441599435,2.302595035128834,0.0,0.8,30,0,0,0,0,1,1,0,0,0,23,0,0,1,10.83119999999999,137.39399999999998,0,0,0,0,0,0,0,0,0,1,1,0,0,0,0,0,0,0,0,0,20
C1(CCCCC1)CC(CCCCCCCCCCCCCCC)CC1CCCCC1,799.0,2.313207482240197,1.0730631934999093,2.313207482240197,1.0730631934999093,0.1940382018348152,418.7940000000003,360.33000000000015,418.453851856,178,-0.0409017454523033,-0.0653823832227926,0.0653823832227926,0.0409017454523033,0.4666666666666667,0.8333333333333334,1.2333333333333334,14.283955815578128,9.753443360175355,2.226077414942739,-2.3043773538912684,2.366242557516701,-2.1697714102487207,4.7506824315315,0.2186506054558069,1.4797507536425174,327.0498111861477,21.11682711841911,21.11682711841911,21.11682711841911,14.881341395361316,14.881341395361314,14.881341395361314,11.37681743579734,11.37681743579734,8.498748902405579,8.498748902405579,6.571199855249098,6.571199855249098,0.0,6554819.555563388,26.25390218522373,18.56,13.420118343195266,191.3109100382728,0.0,0.0,0.0,0.0,0.0,0.0,0.0,0.0,161.02345614991492,30.5953613843362,0.0,0.0,0.0,0.0,17.75371813848418,173.86509939576695,0.0,0.0,0.0,0.0,0.0,0.0,0.0,17.75371813848418,173.86509939576695,0.0,0.0,0.0,0.0,0.0,0.0,0.0,17.75371813848418,121.99561083559423,44.94575136048208,0.0,6.923737199690624,0.0,0.0,0.0,0.0,0.0,3.2569763890775527,0.0,39.429816128682255,2.313207482240197,0.0,1.0,30,0,0,2,2,0,0,0,0,0,18,2,2,2,11.024699999999989,136.186,0,0,0,0,0,0,0,0,0,0,0,0,0,0,0,0,0,0,0,0,11
CC(C)CCCC(C)CCCC(C)CCCCC(C)CCCC(C)CCCC(C)C,903.0,2.493586482022005,0.877835204554632,2.493586482022005,0.877835204554632,0.1612391061381526,422.8260000000003,360.33000000000015,422.485151984,182,-0.0442797321128256,-0.0627736092145224,0.0627736092145224,0.0442797321128256,0.2666666666666666,0.4666666666666667,0.7,14.14719544407122,9.898193884661298,2.086003859122976,-2.1629650437752024,2.2386812750580023,-2.013993784735395,4.6185250455534845,0.3686827651560918,3.5365620101598387,307.9474732050231,22.77781011412252,22.77781011412252,22.77781011412252,14.20128505815564,14.20128505815564,14.20128505815564,12.216452251832632,12.216452251832632,7.388336229312524,7.388336229312524,4.941620205737901,4.941620205737901,0.0,1647583.2206975704,30.0,19.66782006920415,21.24037460978148,193.3225723453312,0.0,0.0,0.0,0.0,0.0,0.0,0.0,0.0,158.1230435643412,35.50743627696836,0.0,0.0,0.0,0.0,35.50743627696836,158.1230435643412,0.0,0.0,0.0,0.0,0.0,0.0,0.0,35.50743627696836,158.1230435643412,0.0,0.0,0.0,0.0,0.0,0.0,0.0,35.50743627696836,102.7331459668162,0.0,0.0,55.38989759752498,0.0,0.0,0.0,0.0,0.0,5.514156848425547,0.0,23.153910178135977,19.33193297343848,0.0,1.0,30,0,0,0,0,0,0,0,0,0,21,0,0,0,11.08439999999999,140.20399999999998,0,0,0,0,0,0,0,0,0,0,0,0,0,0,0,0,0,0,0,0,1
C(CCCCCCCCCCCCCCCCCCCCCCCCCCC)(=O)OCC,866.0,11.251092227598852,-0.0263109122754563,11.251092227598852,0.0263109122754563,0.091428123589031,452.8080000000004,392.3280000000002,452.4593311599999,192,0.3052674256589853,-0.4659692078794497,0.4659692078794497,0.3052674256589853,0.40625,0.65625,0.90625,16.531819183957552,10.023417995798864,2.0037180798843983,-2.043332474550989,2.1553146823778704,-2.025188146902723,5.68661655438225,-0.142745340953626,3.0296767867415366,352.7407553367676,23.376340142412957,22.408379672964507,22.408379672964507,15.808060412490448,14.964690378025043,14.964690378025043,10.040302544058935,10.040302544058935,6.7897794361340935,6.7897794361340935,4.641581285186966,4.641581285186966,-0.53,8736347.631116105,31.47,28.502819166393177,27.5039328130302,202.59763967488192,4.736862953800049,0.0,0.0,0.0,5.969305287951849,4.794537184071822,0.0,0.0,161.02345614991492,13.344558822616634,6.4208216229260096,6.606881964512918,9.53140013787187,5.969305287951849,0.0,180.7888365954576,6.606881964512918,0.0,0.0,0.0,0.0,12.576187252464766,9.53140013787187,0.0,180.7888365954576,0.0,0.0,26.3,0.0,4.794537184071822,5.969305287951849,13.027703587438928,6.4208216229260096,154.0997189502243,0.0,6.923737199690624,6.923737199690624,4.736862953800049,4.957594593771038,11.251092227598852,0.0,0.0,-0.0263109122754563,0.0,35.80113961246226,4.6831511451099725,0.0,0.9666666666666668,32,0,2,0,0,0,0,2,0,2,27,0,0,0,10.71199999999999,142.34899999999993,0,0,0,0,0,0,1,1,0,0,0,0,1,1,0,0,0,0,0,0,23
C(CCCCCCCCC(=O)OCCCCCCCCCC)(=O)OCCCCCCCCCC,897.0,11.784502197248258,-0.0396441603380102,11.784502197248258,0.0396441603380099,0.0863538301760303,482.7900000000005,424.32600000000025,482.4335103359999,202,0.305277515512331,-0.4656750045271161,0.4656750045271161,0.305277515512331,0.3823529411764705,0.6470588235294118,0.9705882352941176,16.535750579480457,10.080318104208937,2.042257721543533,-2.0597199706997418,2.1173049511850786,-2.0560872898560776,5.690616824413861,-0.1444465951769384,3.2524994050392744,395.52126632524494,24.95369041160257,23.01776947270568,23.01776947270568,16.7019072626078,15.015167193676994,15.015167193676994,10.012008172780442,10.012008172780442,6.533683017500119,6.533683017500119,4.234019049205213,4.234019049205213,-1.06,20907242.39884252,32.93999999999999,28.179179328830656,27.186548690817816,211.87270700443256,9.473725907600098,0.0,0.0,0.0,11.9386105759037,9.589074368143644,0.0,0.0,129.42226361204948,25.68328649170404,12.84164324585202,13.213763929025836,19.06280027574374,11.9386105759037,0.0,167.94719334960556,13.213763929025836,0.0,0.0,0.0,0.0,25.152374504929536,19.06280027574374,0.0,167.94719334960556,0.0,0.0,52.60000000000001,0.0,9.589074368143644,11.9386105759037,26.055407174877857,51.36657298340809,89.89150272096417,0.0,0.0,13.847474399381248,9.473725907600098,10.683531109703388,23.56900439449652,0.0,0.0,-0.0792883206760202,0.0,27.49862079837237,5.66146535143708,0.0,0.9333333333333332,34,0,4,0,0,0,0,4,0,4,27,0,0,0,9.475,144.0739999999999,0,0,0,0,0,0,2,2,0,0,0,0,2,2,0,0,0,0,0,0,19
CCCCCCCCCCC(=CCCCCCCCCC)c1cccc2ccccc12,767.0,2.5784369996085363,1.235582955404384,2.5784369996085363,1.235582955404384,0.2102576902187872,420.72500000000014,372.3410000000002,420.375601536,172,-0.0108783117097494,-0.0806977515067116,0.0806977515067116,0.0108783117097494,0.5806451612903226,1.1290322580645162,1.8064516129032255,14.112616053200636,9.927081156608525,2.064157896274558,-2.121596519866252,2.2946350758503105,-1.8978750518898204,5.933459154484371,0.5781785588917898,1.8777999814900077,718.4006595500613,21.98707060642219,20.63961743368832,20.63961743368832,15.363703305156276,13.536057583070969,13.536057583070969,9.390940771672676,9.390940771672676,6.633671448365171,6.633671448365171,4.679182340986669,4.679182340986669,-1.5599999999999996,10135266.585792096,25.69849520221163,17.049450239236894,10.535929611428225,193.08724902137664,0.0,0.0,0.0,0.0,0.0,0.0,0.0,0.0,145.85874508348456,47.59229094239989,0.0,0.0,0.0,16.34555295899886,0.0,123.00144198912344,0.0,54.10404107776215,0.0,0.0,0.0,0.0,0.0,0.0,128.56489348082044,48.54058958606515,16.34555295899886,0.0,0.0,0.0,0.0,0.0,0.0,125.48986751036878,5.573104530069267,0.0,62.3880639854464,0.0,0.0,0.0,2.79919401181528,3.067368110952166,0.0,15.75531202767737,25.9478805521183,4.596911964103551,0.0,0.6129032258064516,31,0,0,0,0,2,2,0,0,0,18,0,0,2,10.89469999999999,141.7619999999999,0,0,0,0,0,0,0,0,2,0,2,1,0,0,0,0,0,0,0,0,12
C(CCCCCCCCCCCCCCCCCCCCCCCC)C1=CC=CC=C1,795.0,2.3033547984424434,1.2639222222222222,2.3033547984424434,1.2639222222222222,0.1435372888656636,428.7890000000002,372.3410000000002,428.438201792,180,-0.0278872279393073,-0.0653823832227926,0.0653823832227926,0.0278872279393073,0.3548387096774194,0.6451612903225806,0.967741935483871,14.026130519276334,10.02048493227211,1.962947779521804,-2.042927305522724,2.1544910594377136,-1.8608171939319385,5.139140232026746,0.5177981002432902,1.648686698179461,434.611349374487,22.083446923599503,21.357314094425277,21.357314094425277,15.431851652578136,14.47134377430278,14.47134377430278,10.013773152705513,10.013773152705513,6.911829882562214,6.911829882562214,4.7593352890070255,4.7593352890070255,-0.78,8479340.430366343,28.2530906684315,23.87417829944421,20.854768878300607,196.5549559794122,0.0,0.0,0.0,0.0,0.0,0.0,0.0,0.0,178.5136482463709,18.40509473754901,0.0,0.0,0.0,0.0,0.0,161.02345614991492,0.0,35.89528683400505,0.0,0.0,0.0,0.0,6.4208216229260096,0.0,160.16608601868592,30.33183534230805,0.0,0.0,0.0,0.0,0.0,0.0,0.0,159.6631704419213,0.0,0.0,37.255572541998674,0.0,0.0,0.0,0.0,1.50555339654415,0.0,10.959359509507747,34.89839896217233,2.3033547984424434,0.0,0.8064516129032258,31,0,0,0,0,1,1,0,0,0,24,0,0,1,11.221299999999989,142.0109999999999,0,0,0,0,0,0,0,0,0,1,1,0,0,0,0,0,0,0,0,0,21
C(CCCCCCCCC)C(=CCCCCCCCCC)CCCCCCCCCC,909.0,2.661249392893062,1.3443914822119951,2.661249392893062,1.3443914822119951,0.0937007664227616,434.8370000000005,372.3410000000002,434.485151984,186,-0.0320316138755257,-0.0853315611416766,0.0853315611416766,0.0320316138755257,0.3548387096774194,0.6451612903225806,1.0,14.068015740731967,9.9730161065546,2.004604993340165,-2.090574704530418,2.203571352305928,-1.8912959803525728,5.014981135451287,0.558445737045979,3.943123640615312,317.9474732050232,22.669233361226404,22.46212658003985,22.46212658003985,15.346065214951231,15.025350549804866,15.025350549804866,10.22211538215608,10.22211538215608,6.943578934685332,6.943578934685332,4.708645809762082,4.708645809762082,-0.26,5595257.801358977,30.74,27.77362474781439,25.874498991257564,198.9979114275436,0.0,0.0,0.0,0.0,0.0,0.0,0.0,0.0,160.83676869449525,38.524929737556064,0.0,0.0,0.0,0.0,0.0,187.7125737951482,0.0,11.64912463690315,0.0,0.0,0.0,0.0,0.0,0.0,187.7125737951482,11.64912463690315,0.0,0.0,0.0,0.0,0.0,0.0,0.0,166.9413621960763,0.0,5.573104530069267,26.847231705905752,0.0,0.0,0.0,0.0,1.80828606944002,0.0,0.0,39.92301583230167,6.93536476492498,0.0,0.935483870967742,31,0,0,0,0,0,0,0,0,0,26,0,0,0,12.115099999999982,145.1469999999999,0,0,0,0,0,0,0,0,2,0,0,0,0,0,0,0,0,0,0,0,18
C(CCC)C(=CCCCCCCCCCCCCCCCC)C1=CC2=CC=CC=C2C=C1,907.0,2.541941785241012,1.2157183692575213,2.541941785241012,1.2157183692575213,0.1927608632643564,434.7520000000001,384.3520000000002,434.3912516,178,-0.0177983883430739,-0.0807193573263502,0.0807193573263502,0.0177983883430739,0.5625,1.09375,1.6875,14.083478125980216,9.956506997360536,2.03121355153455,-2.095610665941256,2.2585495731513285,-1.87413402199066,5.858201387586296,0.535920499931225,1.582056315585511,738.541650425134,22.694177387608736,21.34672421487487,21.34672421487487,15.846866552750669,14.03007451892726,14.03007451892726,9.779714973166811,9.779714973166811,6.868338822386708,6.868338822386708,4.735712781843317,4.735712781843317,-1.5599999999999996,16298103.692376362,26.690406282980145,17.93247578986434,11.347969842190412,199.4521911357733,0.0,0.0,0.0,0.0,0.0,0.0,0.0,0.0,146.21319963794895,53.6586580108615,0.0,0.0,0.0,16.34555295899886,0.0,129.42226361204948,0.0,54.10404107776215,0.0,0.0,0.0,0.0,0.0,0.0,134.9857151037465,48.54058958606515,16.34555295899886,0.0,0.0,0.0,0.0,0.0,0.0,131.9106891332948,5.573104530069267,0.0,62.3880639854464,0.0,0.0,0.0,2.710145182612552,2.9951950949377006,0.0,15.738789601391243,27.625955289672888,4.596581498052283,0.0,0.625,32,0,0,0,0,2,2,0,0,0,19,0,0,2,11.284799999999986,146.37899999999982,0,0,0,0,0,0,0,0,2,0,2,1,0,0,0,0,0,0,0,0,13
CC(C)CC(C(CC(C)C)(C1=CC=C(C=C1)C(C)(C)C)C)(C1=CC=C(C=C1)C(C)(C)C)C,850.0,2.526929445389267,0.0467263085789868,2.526929445389267,0.0467263085789868,0.4066439695751636,434.7520000000002,384.3520000000002,434.3912516,178,0.0021400235339138,-0.0627412876542311,0.0627412876542311,0.0021400235339138,0.4375,0.65625,0.84375,14.50241478991092,9.533693183629582,2.469162682858751,-2.4997284528358588,2.514635399494094,-2.467154362401176,5.413327322329003,0.1784712494988446,2.692679337347633,776.7397093285916,24.535169427003225,23.18771625426936,23.18771625426936,14.503691300962934,12.725738848964616,12.725738848964616,13.514856091450907,13.514856091450907,7.626948108482046,7.626948108482046,5.632514049931241,5.632514049931241,-1.5599999999999996,3608467.565719174,26.690406282980145,9.35937468909599,5.672772827148439,199.7873396134932,0.0,0.0,0.0,0.0,0.0,0.0,0.0,0.0,131.61578294398038,57.761242243756335,10.82998093879356,0.0,0.0,0.0,11.835812092322788,117.5864515197266,0.0,70.78474251448087,0.0,0.0,0.0,0.0,21.65996187758712,11.835812092322788,118.18029560892744,48.53093654769288,0.0,0.0,0.0,0.0,21.65996187758712,11.835812092322788,0.0,35.09544921264,0.0,0.0,131.61578294398038,0.0,0.0,0.0,0.0,6.218036844221215,1.2548671212312086,19.15662341479802,2.345449971655329,28.358355981427568,0.0,0.625,32,0,0,0,0,2,2,0,0,0,7,0,0,2,9.5894,143.89799999999988,0,0,0,0,0,0,0,0,0,0,2,0,0,0,0,0,0,0,0,0,0
C1(=CC=CC=C1)CCCCCCCCCCCCCCCCCCCCCCCCCC,815.0,2.3040585941367424,1.263982577251808,2.3040585941367424,1.263982577251808,0.1320031625442775,442.8160000000005,384.3520000000002,442.453851856,186,-0.0278872279393073,-0.0653823832227926,0.0653823832227926,0.0278872279393073,0.34375,0.625,0.9375,14.027551525347656,10.019988833413226,1.96431014526933,-2.043487719132967,2.1561639737716343,-1.86088113802476,5.139152982107514,0.5168212853440282,1.6437176366097486,448.3659316370714,22.79055370478605,22.064420875611813,22.064420875611813,15.931851652578136,14.97134377430278,14.97134377430278,10.367326543298782,10.367326543298782,7.161829882562213,7.161829882562213,4.936111984303663,4.936111984303663,-0.78,13829470.726408971,29.25203074951954,24.85443019187222,21.08603748349445,202.91989809380888,0.0,0.0,0.0,0.0,0.0,0.0,0.0,0.0,184.93446986929695,18.40509473754901,0.0,0.0,0.0,0.0,0.0,167.44427777284093,0.0,35.89528683400505,0.0,0.0,0.0,0.0,6.4208216229260096,0.0,166.58690764161193,30.33183534230805,0.0,0.0,0.0,0.0,0.0,0.0,0.0,166.0839920648473,0.0,0.0,37.255572541998674,0.0,0.0,0.0,0.0,1.5058357941437368,0.0,10.962601292145356,36.39417098624083,2.3040585941367424,0.0,0.8125,32,0,0,0,0,1,1,0,0,0,25,0,0,1,11.611399999999984,146.62799999999987,0,0,0,0,0,0,0,0,0,1,1,0,0,0,0,0,0,0,0,0,22
C(CCC)C(CCCCCCCCCCCCCCCCCCCCC)C1=CC=CC=C1,817.0,2.3431843869806857,0.7934674532634854,2.3431843869806857,0.7934674532634854,0.139560461774378,442.81600000000026,384.3520000000002,442.453851856,186,-0.0161961367272729,-0.0653823832227926,0.0653823832227926,0.0161961367272729,0.40625,0.75,1.15625,14.150163230408689,9.884155935454576,2.0982127782015207,-2.1677201798964285,2.277005335943217,-1.9895221331537425,5.187894015362032,0.4937753535746841,1.835335047285789,462.18647141689365,22.95369041160258,22.227557582428357,22.227557582428357,15.880540057561882,14.930068880418595,14.930068880418595,10.40247171804346,10.40247171804346,7.333255508911969,7.333255508911969,5.122563463507767,5.122563463507767,-0.78,13107456.77093073,29.25203074951954,23.380598654328992,17.737701353255353,202.91989809380885,0.0,0.0,0.0,0.0,0.0,0.0,0.0,0.0,179.01656382313553,24.323000783710405,0.0,0.0,0.0,0.0,0.0,167.44427777284093,0.0,35.89528683400505,0.0,0.0,0.0,0.0,0.0,0.0,173.00772926453794,30.33183534230805,0.0,0.0,0.0,0.0,0.0,0.0,5.917906046161393,147.67889732729827,5.563451491696996,0.0,44.179309741689295,0.0,0.0,0.0,0.0,1.5725545543477126,0.7934674532634854,11.26293603165324,33.248418158878806,4.622623801856754,0.0,0.8125,32,0,0,0,0,1,1,0,0,0,24,0,0,1,11.782299999999983,146.72199999999987,0,0,0,0,0,0,0,0,0,0,1,0,0,0,0,0,0,0,0,0,17
C(CCC)C(CC1CC2CCCCC2CC1)CCCCCCCCCCCCCCCC,833.0,2.385674263568814,1.0531637367809474,2.385674263568814,1.0531637367809474,0.1630165601677117,446.84800000000047,384.3520000000002,446.485151984,190,-0.0383208437476719,-0.0653823832227926,0.0653823832227926,0.0383208437476719,0.5,1.0,1.59375,14.378834265591992,9.655463266063997,2.3230615003964803,-2.400269306619186,2.445788036279509,-2.282533704282657,4.838150584371554,0.11345851014975,1.4515511710401725,398.8424910217125,22.69417738760873,22.69417738760873,22.69417738760873,15.83002980034506,15.83002980034506,15.83002980034506,12.11251969619285,12.11251969619285,9.24680343268961,9.24680343268961,7.156456167306705,7.156456167306705,0.0,15769647.439244246,28.238751147842056,19.3213296398892,13.03202479338843,204.040794267066,0.0,0.0,0.0,0.0,0.0,0.0,0.0,0.0,161.52637172667954,42.934089053423605,0.0,0.0,0.0,0.0,23.671624184645573,180.7888365954576,0.0,0.0,0.0,0.0,0.0,0.0,0.0,23.671624184645573,180.7888365954576,0.0,0.0,0.0,0.0,0.0,0.0,0.0,23.671624184645573,121.99561083559423,44.94575136048208,0.0,13.847474399381248,0.0,0.0,0.0,0.0,0.0,4.384756937097302,0.0,39.25053949180824,4.6980369044278,0.0,1.0,32,0,0,2,2,0,0,0,0,0,20,2,2,2,11.660799999999986,145.3499999999999,0,0,0,0,0,0,0,0,0,0,0,1,0,0,0,0,0,0,0,0,12
C(C=1C(C(=O)OCCCCCCCCCCCC)=CC=CC1)(=O)OCCCCCCCCCCCC,833.0,12.559911103899172,-0.4329529164269494,12.559911103899172,0.3033817148520328,0.1042024280292362,502.7800000000004,448.3480000000003,502.40221020799993,206,0.3385059659036322,-0.462078209479341,0.462078209479341,0.3385059659036322,0.4722222222222222,0.75,1.0555555555555556,16.539158196435032,10.065033321376372,2.1835593758017047,-2.0987232269974587,2.1485844538503907,-2.1460249714457627,6.0262048917599165,0.0450114191148857,2.15230719540974,612.8743861850571,26.108390949981825,23.498743424717997,23.498743424717997,17.7019072626078,15.135410681680073,15.135410681680073,10.18138319485084,10.18138319485084,6.828986598940964,6.828986598940964,4.503348514954525,4.503348514954525,-1.8399999999999996,75759960.52933465,32.18927400468384,23.55211265377161,16.762857999331754,221.47003275291016,9.473725907600098,0.0,0.0,0.0,11.9386105759037,0.0,9.589074368143644,0.0,141.5549977489727,24.97437738277524,0.0,24.340666912419827,19.06280027574374,11.9386105759037,0.0,142.2639068579015,13.213763929025836,35.392371257240434,0.0,0.0,0.0,25.152374504929536,9.473725907600098,0.0,162.97988420943915,24.26546827384644,0.0,52.60000000000001,11.9386105759037,9.589074368143644,0.0,24.340666912419827,25.68328649170404,102.7331459668162,24.26546827384644,0.0,13.847474399381248,9.473725907600098,10.91110721942555,25.119822207798343,0.0,0.6067634297040656,-0.8659058328538989,6.821662313614628,24.778902588463165,5.294314740514814,0.0,0.75,36,0,4,0,0,1,1,4,0,4,24,0,0,1,9.841999999999995,150.69499999999982,0,0,0,0,0,0,2,2,0,0,1,0,2,2,0,0,0,0,0,0,18
C(CCCCCCCCCCCCCCCCCCCCCCCCCC)C1=CC=CC=C1,837.0,2.3047123878901834,1.264036351165981,2.3047123878901834,1.264036351165981,0.121521105421006,456.8430000000003,396.3630000000002,456.46950192,192,-0.0278872279393073,-0.0653823832227926,0.0653823832227926,0.0278872279393073,0.3333333333333333,0.6060606060606061,0.9090909090909092,14.028934194489407,10.0195375744577,1.9656399211134292,-2.043997497644531,2.157769746512192,-1.8609334033042109,5.1391657730833,0.5159450168741696,1.6392105892229871,462.18647141689365,23.497660485972595,22.77152765679837,22.77152765679837,16.431851652578136,15.47134377430278,15.47134377430278,10.720879933892055,10.720879933892055,7.411829882562214,7.411829882562214,5.112888679600299,5.112888679600299,-0.78,22548563.43990132,30.251036623215395,25.83583858327223,22.763199860906205,209.28484020820545,0.0,0.0,0.0,0.0,0.0,0.0,0.0,0.0,191.35529149222293,18.40509473754901,0.0,0.0,0.0,0.0,0.0,173.86509939576695,0.0,35.89528683400505,0.0,0.0,0.0,0.0,6.4208216229260096,0.0,173.00772926453794,30.33183534230805,0.0,0.0,0.0,0.0,0.0,0.0,0.0,172.50481368777332,0.0,0.0,37.255572541998674,0.0,0.0,0.0,0.0,1.5060964951319509,0.0,10.965621418547084,37.89023636509744,2.3047123878901834,0.0,0.8181818181818182,33,0,0,0,0,1,1,0,0,0,26,0,0,1,12.001499999999982,151.2449999999998,0,0,0,0,0,0,0,0,0,1,1,0,0,0,0,0,0,0,0,0,23
C(CCC)C(CCCCCCCCCCCCCCCCC)C1CCC2(CC1)CCCCC2,857.0,2.3914297015464743,0.8042557143008182,2.3914297015464743,0.8042557143008182,0.1583697114016966,460.87500000000045,396.3630000000002,460.500802048,196,-0.0297252634510824,-0.0653823832227926,0.0653823832227926,0.0297252634510824,0.4848484848484848,0.9090909090909092,1.393939393939394,14.426800970915703,9.607764507439176,2.372976371384641,-2.4460286039657686,2.505669794745613,-2.3178173029971765,4.891937924340393,0.0718012841163639,1.4490989857198646,407.75424759098905,23.453690411602576,23.453690411602576,23.453690411602576,16.294753619934976,16.294753619934973,16.294753619934973,12.538820879829869,12.538820879829869,9.778733854659194,9.778733854659194,7.385583570147214,7.385583570147214,0.0,24986029.44669954,29.2318339100346,19.22,13.037573562698054,210.40573638146265,0.0,0.0,0.0,0.0,0.0,0.0,0.0,0.0,155.10555010375353,55.77573229927563,0.0,0.0,0.0,0.0,17.250802561719567,193.6304798413096,0.0,0.0,0.0,0.0,0.0,0.0,0.0,17.250802561719567,193.6304798413096,0.0,0.0,0.0,0.0,0.0,0.0,0.0,17.250802561719567,134.83725408144625,44.94575136048208,0.0,13.847474399381248,0.0,0.0,0.0,0.0,0.8042557143008182,2.142230951337483,0.0,42.266430134564445,4.703749866463927,0.0,1.0,33,0,0,2,2,0,0,0,0,0,20,2,2,2,12.19499999999998,150.03699999999984,0,0,0,0,0,0,0,0,0,0,0,0,0,0,0,0,0,0,0,0,13
C(CCCCCCCCC(=O)OCCCCCCCCCCCC)(=O)OCCCCCCCCCCCC,975.0,11.85785481267406,-0.036038405351606,11.85785481267406,0.036038405351606,0.0650213113347526,538.8980000000006,472.3700000000004,538.4961105919999,226,0.305277515512331,-0.4656750045271161,0.4656750045271161,0.305277515512331,0.3421052631578947,0.5789473684210527,0.868421052631579,16.53576139529296,10.067093252836584,2.043701159816623,-2.060870329417984,2.1291655229485835,-2.0561020431435018,5.690640893967599,-0.1444465974612554,3.248346972272918,446.8774913484268,27.78211753634876,25.84619659745187,25.84619659745187,18.7019072626078,17.01516719367699,17.01516719367699,11.426221735153534,11.426221735153534,7.533683017500119,7.533683017500119,4.94112583039176,4.94112583039176,-1.06,147455203.30255386,36.94,32.15363606650507,31.159496477310697,237.332475462019,9.473725907600098,0.0,0.0,0.0,11.9386105759037,9.589074368143644,0.0,0.0,155.10555010375353,25.68328649170404,12.84164324585202,13.213763929025836,19.06280027574374,11.9386105759037,0.0,193.6304798413096,13.213763929025836,0.0,0.0,0.0,0.0,25.152374504929536,19.06280027574374,0.0,193.6304798413096,0.0,0.0,52.60000000000001,0.0,9.589074368143644,11.9386105759037,26.055407174877857,51.36657298340809,115.57478921266822,0.0,0.0,13.847474399381248,9.473725907600098,10.752160715289804,23.71570962534812,0.0,0.0,-0.0720768107032121,0.0,33.23967602028554,5.697863783113085,0.0,0.9411764705882352,38,0,4,0,0,0,0,4,0,4,31,0,0,0,11.03539999999999,162.5419999999997,0,0,0,0,0,0,2,2,0,0,0,0,2,2,0,0,0,0,0,0,23
C(CCCCCCCCCCCCCCCCCCCCCCCCCCCC)C1=CC=CC=C1,880.0,2.3058898736156137,1.264127691901176,2.3058898736156137,1.264127691901176,0.1036871447585148,484.8970000000004,420.3850000000003,484.500802048,204,-0.0278872279393073,-0.0653823832227926,0.0653823832227926,0.0278872279393073,0.3142857142857143,0.5714285714285714,0.8571428571428571,14.031603309027703,10.0187440058237,1.96821788820266,-2.044892931300232,2.16081416133816,-1.8610149878403237,5.139191478506448,0.5144415156664814,1.6313681216579177,490.0195913512367,24.911874048345688,24.185741219171454,24.185741219171454,17.431851652578136,16.471343774302778,16.471343774302778,11.427986715078603,11.427986715078603,7.911829882562214,7.911829882562214,5.466442070193572,5.466442070193572,-0.78,59894813.32827717,32.24922267679719,27.80174124776169,24.68132857032656,222.01472443699865,0.0,0.0,0.0,0.0,0.0,0.0,0.0,0.0,204.19693473807496,18.40509473754901,0.0,0.0,0.0,0.0,0.0,186.70674264161897,0.0,35.89528683400505,0.0,0.0,0.0,0.0,6.4208216229260096,0.0,185.84937251039,30.33183534230805,0.0,0.0,0.0,0.0,0.0,0.0,0.0,185.34645693362532,0.0,0.0,37.255572541998674,0.0,0.0,0.0,0.0,1.5065620566373037,0.0,10.971081856750892,40.88313287966285,2.3058898736156137,0.0,0.8285714285714286,35,0,0,0,0,1,1,0,0,0,28,0,0,1,12.781699999999978,160.47899999999967,0,0,0,0,0,0,0,0,0,1,1,0,0,0,0,0,0,0,0,0,25
C(CCCCCC)C(CCCCCCCCC)(CCCCCCCCCC)CCCCCCCC,989.0,2.3527809768195143,0.6831350019729349,2.3527809768195143,0.6831350019729349,0.0874070517931984,492.9610000000006,420.3850000000003,492.563402304,212,-0.0297458752768731,-0.0653823832227926,0.0653823832227926,0.0297458752768731,0.2285714285714285,0.4,0.6,14.331128667559804,9.703067095137532,2.27713890763163,-2.3508171327974843,2.419245871891857,-2.213908278692044,4.800769296120111,0.1712387334203837,4.715912887787422,372.23460010384656,25.713203435596416,25.713203435596416,25.713203435596416,17.242640687119284,17.24264068711928,17.24264068711928,12.278174593052016,12.278174593052016,8.742640687119284,8.742640687119284,6.224873734152913,6.224873734152913,0.0,34794486.91134906,35.0,28.569444444444443,24.110803324099724,225.1472829173143,0.0,0.0,0.0,0.0,0.0,0.0,0.0,0.0,194.6363109948388,31.09827696110082,0.0,0.0,0.0,0.0,5.41499046939678,220.31959748654288,0.0,0.0,0.0,0.0,0.0,0.0,0.0,5.41499046939678,220.31959748654288,0.0,0.0,0.0,0.0,0.0,0.0,5.41499046939678,0.0,173.36218381900233,19.26246486877803,0.0,27.694948798762496,0.0,0.0,0.0,0.0,0.6831350019729349,0.0,0.0,44.20533921730683,9.361525780720246,0.0,1.0,35,0,0,0,0,0,0,0,0,0,30,0,0,0,13.755399999999971,163.6389999999997,0,0,0,0,0,0,0,0,0,0,0,0,0,0,0,0,0,0,0,0,18
C(CCCCCCCCCCCCCCCCCCCCCCCCCCCCCCCCC)(=O)OCC,974.0,11.2827820909465,-0.0250889093702739,11.2827820909465,0.0250889093702739,0.0615376138214342,536.9700000000005,464.3940000000004,536.5532315439999,228,0.3052674256589853,-0.4659692078794497,0.4659692078794497,0.3052674256589853,0.3421052631578947,0.5526315789473685,0.7631578947368421,16.531827172108176,10.01987523804511,2.005907821578905,-2.0458446088587783,2.164230769317196,-2.025188181239363,5.686634388034536,-0.1427465790401977,3.0410042756160123,433.0581930499222,27.61898082953223,26.651020360083784,26.651020360083784,18.808060412490445,17.964690378025036,17.964690378025036,12.161622887618574,12.161622887618574,8.289779436134092,8.289779436134092,5.702241456966785,5.702241456966785,-0.53,163881150.0341643,37.47,34.4974197970935,33.498192839018884,240.7872923612616,4.736862953800049,0.0,0.0,0.0,5.969305287951849,4.794537184071822,0.0,0.0,199.548385887471,13.344558822616634,6.4208216229260096,6.606881964512918,9.53140013787187,5.969305287951849,0.0,219.3137663330137,6.606881964512918,0.0,0.0,0.0,0.0,12.576187252464766,9.53140013787187,0.0,219.3137663330137,0.0,0.0,26.3,0.0,4.794537184071822,5.969305287951849,13.027703587438928,6.4208216229260096,192.6246486877804,0.0,6.923737199690624,6.923737199690624,4.736862953800049,4.9692367776602,11.2827820909465,0.0,0.0,-0.0250889093702739,0.0,44.74834985849279,4.691386848937454,0.0,0.9722222222222222,38,0,2,0,0,0,0,2,0,2,33,0,0,0,13.052599999999977,170.0509999999996,0,0,0,0,0,0,1,1,0,0,0,0,1,1,0,0,0,0,0,0,29
C(COCCO)O,251.9,8.08625,0.0277777777777776,8.08625,0.0277777777777776,0.4512483454757534,106.12099999999998,96.04099999999998,106.06299418,44,0.0698377090131452,-0.3939803248815449,0.3939803248815449,0.0698377090131452,1.0,1.4285714285714286,1.7142857142857142,16.492048156590798,10.722758674519785,1.7902477886608232,-1.941084800749401,1.6778440625411848,-2.025674525306447,4.235162489037085,0.0649745121930069,2.447472887876344,26.115877901113382,5.535533905932738,4.131102606209969,4.131102606209969,3.414213562373095,2.2098058012233017,2.2098058012233017,1.0595860311957523,1.0595860311957523,0.4712493204298682,0.4712493204298682,0.2311615174895462,0.2311615174895462,-0.12,35.509609925153406,6.880000000000001,5.88,5.88,42.53609010491827,14.94991774348146,0.0,0.0,0.0,0.0,0.0,0.0,0.0,0.0,0.0,0.0,26.427527858051672,14.94991774348146,0.0,0.0,0.0,26.427527858051672,0.0,0.0,0.0,0.0,36.64058264773308,4.736862953800049,0.0,0.0,0.0,0.0,49.69,0.0,0.0,13.213763929025836,13.213763929025836,0.0,0.0,0.0,0.0,4.736862953800049,10.213054789681411,4.631944444444445,0.0,16.1725,0.0,0.0,0.0,0.0,0.6955555555555555,0.0,1.0,7,2,3,0,0,0,0,3,2,3,4,0,0,0,-1.0124,24.990599999999997,0,2,2,0,0,0,0,0,0,0,0,0,0,1,0,0,0,0,0,0,2
C(COCCOCCO)O,339.7,8.263138463718821,0.0416666666666665,8.263138463718821,0.0416666666666665,0.4571376225737072,150.174,136.06199999999998,150.089208928,62,0.0701141763625367,-0.3939803248745097,0.3939803248745097,0.0701141763625367,0.7,1.1,1.4,16.529009323451877,10.68607252724028,1.8615819007410528,-2.012787193981889,1.761469402363356,-2.0855832970091512,4.297640641497957,0.0222007822010884,2.6476048489438337,49.70950594454669,7.656854249492381,5.9535644590469285,5.9535644590469285,4.914213562373096,3.2871560704129275,3.2871560704129275,1.671958466891547,1.671958466891547,0.8432577883580145,0.8432577883580145,0.4510747203032699,0.4510747203032699,-0.16,175.07674799821407,9.839999999999998,8.840000000000002,7.840000000000001,60.379519563218366,19.68678069728151,0.0,0.0,0.0,0.0,0.0,0.0,0.0,0.0,0.0,0.0,39.64129178707751,19.68678069728151,0.0,0.0,0.0,39.64129178707751,0.0,0.0,0.0,0.0,49.854346576758914,9.473725907600098,0.0,0.0,0.0,0.0,58.92,0.0,0.0,13.213763929025836,26.427527858051672,0.0,0.0,0.0,0.0,0.0,19.68678069728151,9.74545918367347,0.0,16.526276927437642,0.0,0.0,0.0,0.0,1.7282638888888886,0.0,1.0,10,2,4,0,0,0,0,4,2,4,7,0,0,0,-0.9958,35.80959999999999,0,2,2,0,0,0,0,0,0,0,0,0,0,2,0,0,0,0,0,0,5
C(COCCOCCOCCO)O,431.3,8.35657854636345,0.0412808641975308,8.35657854636345,0.0412808641975308,0.4374913994460141,194.227,176.08299999999997,194.115423676,80,0.0701143936910796,-0.3939803248745097,0.3939803248745097,0.0701143936910796,0.5384615384615384,0.8461538461538461,1.1538461538461535,16.545323717564884,10.668862026690835,1.894194669704339,-2.043583608987001,1.7979400350612258,-2.1125595131238653,4.32681186476014,0.0023000751548781,2.758149818433293,78.60357147141794,9.778174593052023,7.776026311883887,7.776026311883887,6.414213562373096,4.364506339602554,4.364506339602554,2.284330902587341,2.284330902587341,1.215266256286161,1.215266256286161,0.6709879231169934,0.6709879231169934,-0.2,812.7027727261354,12.800000000000002,11.8,11.8,78.22294902151847,24.423643651081555,0.0,0.0,0.0,0.0,0.0,0.0,0.0,0.0,0.0,0.0,52.85505571610334,24.423643651081555,0.0,0.0,0.0,52.85505571610334,0.0,0.0,0.0,0.0,63.068110505784745,14.210588861400147,0.0,0.0,0.0,0.0,68.15,0.0,0.0,13.213763929025836,39.64129178707751,0.0,0.0,0.0,0.0,0.0,24.423643651081555,15.022897455278407,0.0,16.713157092726895,0.0,0.0,0.0,0.0,2.7639454519946947,0.0,1.0,13,2,5,0,0,0,0,5,2,5,10,0,0,0,-0.9791999999999998,46.62860000000003,0,2,2,0,0,0,0,0,0,0,0,0,0,3,0,0,0,0,0,0,8
C(COCCOCCOCCOCCO)O,524.0,8.414330629445203,0.0386419753086419,8.414330629445203,0.0386419753086419,0.4023227911129329,238.27999999999997,216.104,238.141638424,98,0.0701143954655532,-0.3939803248745097,0.3939803248745097,0.0701143954655532,0.4375,0.6875,0.9375,16.554468962162826,10.65951344675331,1.912450400812073,-2.0595812922494443,1.8177962036264603,-2.126976599294298,4.343310241559532,-0.0085609866530022,2.828262412638549,107.87688186441234,11.899494936611667,9.598488164720846,9.598488164720846,7.914213562373096,5.44185660879218,5.44185660879218,2.896703338283136,2.896703338283136,1.587274724214307,1.587274724214307,0.8909011259307169,0.8909011259307169,-0.24,3682.875586750231,15.76,14.760000000000002,13.76,96.06637847981858,29.160506604881604,0.0,0.0,0.0,0.0,0.0,0.0,0.0,0.0,0.0,0.0,66.06881964512917,29.160506604881604,0.0,0.0,0.0,66.06881964512917,0.0,0.0,0.0,0.0,76.28187443481059,18.9474518152002,0.0,0.0,0.0,0.0,77.38000000000001,0.0,0.0,13.213763929025836,52.85505571610334,0.0,0.0,0.0,0.0,0.0,29.160506604881604,20.38158555708423,0.0,16.828661258890406,0.0,0.0,0.0,0.0,3.78975318402537,0.0,1.0,16,2,6,0,0,0,0,6,2,6,13,0,0,0,-0.9625999999999986,57.44760000000005,0,2,2,0,0,0,0,0,0,0,0,0,0,4,0,0,0,0,0,0,11
C(OC)COC,190.6,4.657222222222222,0.6909722222222222,4.657222222222222,0.6909722222222222,0.4632611164076684,90.122,80.04199999999999,90.06807956,38,0.0696019678269989,-0.3822980177166475,0.3822980177166475,0.0696019678269989,1.0,1.3333333333333333,1.5,16.50945958110887,10.784165810543875,1.730345592955985,-1.912304661664331,1.650007909330298,-1.959066526294279,4.174615629413372,0.1026053457735232,2.3390923149762908,17.509775004326936,4.82842712474619,4.230710143300821,4.230710143300821,2.914213562373095,1.893846850117352,1.893846850117352,0.9855985596534887,0.9855985596534887,0.4915816237971963,0.4915816237971963,0.1666666666666666,0.1666666666666666,-0.08,20.986300857070457,5.92,4.920000000000001,3.92,38.061167830033135,9.473725907600098,0.0,0.0,0.0,0.0,0.0,0.0,0.0,0.0,0.0,14.219595082555069,13.213763929025836,9.473725907600098,0.0,0.0,0.0,27.433359011580905,0.0,0.0,0.0,0.0,27.433359011580905,9.473725907600098,0.0,0.0,0.0,0.0,18.46,0.0,0.0,0.0,13.213763929025836,0.0,0.0,14.219595082555069,0.0,9.473725907600098,0.0,9.314444444444444,0.0,0.0,0.0,0.0,0.0,0.0,1.3819444444444444,3.303611111111111,1.0,6,0,2,0,0,0,0,2,0,2,3,0,0,0,0.2792,23.751999999999992,0,0,0,0,0,0,0,0,0,0,0,0,0,2,0,0,2,0,0,0,1
COCCOCCOC,275.78,5.064444444444444,0.6526388888888889,5.064444444444444,0.6526388888888889,0.4887535185088601,134.175,120.06299999999996,134.094294308,56,0.070097234761051,-0.3822977261723157,0.3822977261723157,0.070097234761051,0.7777777777777778,1.2222222222222223,1.5555555555555556,16.535366340024712,10.70889936124584,1.8394357828842804,-2.0016564231998566,1.7509165541171785,-2.0604744430873256,4.2757721954267565,0.0385200358156191,2.595082706793886,41.56763141529687,6.949747468305834,6.053171996137779,6.053171996137779,4.414213562373095,2.9711971193069777,2.9711971193069777,1.597970995349283,1.597970995349283,0.8635900917253425,0.8635900917253425,0.3865798694803903,0.3865798694803903,-0.12,103.68791599331826,8.880000000000003,7.8800000000000034,7.880000000000003,55.90459728833323,14.210588861400147,0.0,0.0,0.0,0.0,0.0,0.0,0.0,0.0,0.0,14.219595082555069,26.427527858051672,14.210588861400147,0.0,0.0,0.0,40.647122940606735,0.0,0.0,0.0,0.0,40.647122940606735,14.210588861400147,0.0,0.0,0.0,0.0,27.69,0.0,0.0,0.0,26.427527858051672,0.0,0.0,14.219595082555069,0.0,0.0,14.210588861400147,14.576874999999998,0.0,0.0,0.0,0.0,0.0,0.0,2.618202947845805,3.304922052154195,1.0,9,0,3,0,0,0,0,3,0,3,6,0,0,0,0.2958,34.57099999999999,0,0,0,0,0,0,0,0,0,0,0,0,0,3,0,0,2,0,0,0,4
COCCOCCOCCOC,370.07,5.163437500000001,0.6181292517006802,5.163437500000001,0.6181292517006802,0.4761817023320393,178.22799999999998,160.08399999999995,178.120509056,74,0.0701143924875195,-0.3822977261722933,0.3822977261722933,0.0701143924875195,0.5833333333333334,0.9166666666666666,1.25,16.548487293507783,10.679667809422712,1.88331351638812,-2.0382259777594,1.7926989352254334,-2.1005261372458204,4.316125829377169,0.0106046500620728,2.72724281291869,67.45811190640111,9.071067811865476,7.875633848974738,7.875633848974738,5.914213562373096,4.048547388496604,4.048547388496604,2.2103434310450782,2.2103434310450782,1.2355985596534889,1.2355985596534889,0.606493072294114,0.606493072294114,-0.16,488.92509398668415,11.839999999999998,10.840000000000002,9.839999999999998,73.74802674663331,18.9474518152002,0.0,0.0,0.0,0.0,0.0,0.0,0.0,0.0,0.0,14.219595082555069,39.64129178707751,18.9474518152002,0.0,0.0,0.0,53.860886869632566,0.0,0.0,0.0,0.0,53.860886869632566,18.9474518152002,0.0,0.0,0.0,0.0,36.92,0.0,0.0,0.0,39.64129178707751,0.0,0.0,14.219595082555069,0.0,0.0,18.9474518152002,19.92910666003469,0.0,0.0,0.0,0.0,0.0,0.0,3.768418997228521,3.3024743427367884,1.0,12,0,4,0,0,0,0,4,0,4,9,0,0,0,0.3124,45.39000000000002,0,0,0,0,0,0,0,0,0,0,0,0,0,4,0,0,2,0,0,0,7
COCCOCCOCCOCCOC,452.4,5.262430555555556,0.5945953010833963,5.262430555555556,0.5945953010833963,0.4452453309378293,222.28099999999995,200.105,222.146723804,92,0.0701143954538758,-0.3822977261722933,0.3822977261722933,0.0701143954538758,0.4666666666666667,0.7333333333333333,1.0,16.556383721353058,10.665451312616735,1.9060553861461136,-2.056608704408977,1.8146901447087131,-2.120302557421944,4.33701617373481,-0.0037984427108259,2.8079257388805243,97.98587018248574,11.19238815542512,9.698095701811695,9.698095701811695,7.414213562373096,5.12589765768623,5.12589765768623,2.822715866740873,2.822715866740873,1.6076070275816348,1.6076070275816348,0.8264062751078375,0.8264062751078375,-0.2,2230.017478996464,14.8,13.8,13.800000000000002,91.5914562049334,23.684314769000245,0.0,0.0,0.0,0.0,0.0,0.0,0.0,0.0,0.0,14.219595082555069,52.85505571610334,23.684314769000245,0.0,0.0,0.0,67.0746507986584,0.0,0.0,0.0,0.0,67.0746507986584,23.684314769000245,0.0,0.0,0.0,0.0,46.150000000000006,0.0,0.0,0.0,52.85505571610334,0.0,0.0,14.219595082555069,0.0,0.0,23.684314769000245,25.33268668310605,0.0,0.0,0.0,0.0,0.0,0.0,4.867283492398378,3.3000298244955677,1.0,15,0,5,0,0,0,0,5,0,5,12,0,0,0,0.3290000000000008,56.20900000000005,0,0,0,0,0,0,0,0,0,0,0,0,0,5,0,0,2,0,0,0,10
COCCOCCOCCOCCOCCOC,548.3,5.307331107795124,0.575108024691358,5.307331107795124,0.575108024691358,0.3985716555742595,266.33399999999995,240.12599999999995,266.172938552,110,0.0701143954655701,-0.3822977261722933,0.3822977261722933,0.0701143954655701,0.3888888888888889,0.6111111111111112,0.8333333333333334,16.56183516338333,10.657498740545444,1.9199488875425257,-2.067125247758718,1.828262170489332,-2.131492507380188,4.34980248052396,-0.0121511579896752,2.862306209193584,128.52932501298082,13.313708498984765,11.520557554648656,11.520557554648656,8.914213562373096,6.203247926875856,6.203247926875856,3.435088302436668,3.435088302436668,1.9796154955097809,1.9796154955097809,1.046319477921561,1.046319477921561,-0.24,9997.37797262484,17.76,16.760000000000005,15.760000000000003,109.43488566323352,28.42117772280029,0.0,0.0,0.0,0.0,0.0,0.0,0.0,0.0,0.0,14.219595082555069,66.06881964512917,28.42117772280029,0.0,0.0,0.0,80.28841472768424,0.0,0.0,0.0,0.0,80.28841472768424,28.42117772280029,0.0,0.0,0.0,0.0,55.38000000000001,0.0,0.0,0.0,66.06881964512917,0.0,0.0,14.219595082555069,0.0,0.0,28.42117772280029,30.769527147608898,0.0,0.0,0.0,0.0,0.0,0.0,5.932472956288463,3.2979998961026413,1.0,18,0,6,0,0,0,0,6,0,6,15,0,0,0,0.345600000000001,67.02800000000006,0,0,0,0,0,0,0,0,0,0,0,0,0,6,0,0,2,0,0,0,13
COCCO,180.01,7.94125,0.1215277777777776,7.94125,0.1215277777777776,0.4857336704954034,76.095,68.03099999999999,76.052429496,32,0.0693426521286368,-0.3939806162163566,0.3939806162163566,0.0693426521286368,1.8,2.4,2.4,16.472037310646748,10.800703317685027,1.6669610016480745,-1.837958888656616,1.5607274670496,-1.9118289875210912,4.124600329158874,0.13544323112367,2.19060968716425,12.364527976600282,4.121320343559642,3.269675448336916,3.269675448336916,2.414213562373095,1.513151191075514,1.513151191075514,0.7164060775767234,0.7164060775767234,0.2954112381494592,0.2954112381494592,0.0912870929175276,0.0912870929175276,-0.08,11.245112497836532,4.920000000000001,3.92,3.92,31.37691423832566,9.843390348640757,0.0,0.0,0.0,0.0,0.0,0.0,0.0,0.0,0.0,7.109797541277533,13.213763929025836,9.843390348640757,0.0,0.0,0.0,20.32356147030337,0.0,0.0,0.0,0.0,25.43008886514408,4.736862953800049,0.0,0.0,0.0,0.0,29.46,0.0,0.0,6.606881964512918,6.606881964512918,0.0,0.0,7.109797541277533,0.0,4.736862953800049,5.106527394840706,4.440972222222222,0.0,7.94125,0.0,0.0,0.0,0.0,0.5659722222222221,1.5518055555555557,1.0,5,1,2,0,0,0,0,2,1,2,2,0,0,0,-0.3748999999999999,18.9618,0,1,1,0,0,0,0,0,0,0,0,0,0,1,0,0,1,0,0,0,0
COCCOCCO,265.0,8.199770408163266,0.0870181405895691,8.199770408163266,0.0870181405895691,0.5035110776292496,120.148,108.05199999999998,120.078644244,50,0.0700970203988163,-0.3939803248745322,0.3939803248745322,0.0700970203988163,1.25,2.0,2.5,16.520339854176335,10.715441512304244,1.818190512182994,-1.9771713280599508,1.721636410722234,-2.045074996262977,4.257823139768795,0.0500493401359094,2.53006045688352,32.655022032053594,6.242640687119286,5.092137301173874,5.092137301173874,3.914213562373095,2.5905014602651395,2.5905014602651395,1.3287785132725178,1.3287785132725178,0.6674197060776054,0.6674197060776054,0.3088706934849683,0.3088706934849683,-0.12,61.499612265106904,7.880000000000001,6.880000000000001,5.88,49.22034369662575,14.580253302440804,0.0,0.0,0.0,0.0,0.0,0.0,0.0,0.0,0.0,7.109797541277533,26.427527858051672,14.580253302440804,0.0,0.0,0.0,33.537325399329205,0.0,0.0,0.0,0.0,38.64385279416991,9.473725907600098,0.0,0.0,0.0,0.0,38.69,0.0,0.0,6.606881964512918,19.820645893538753,0.0,0.0,7.109797541277533,0.0,4.736862953800049,9.843390348640757,9.529951814058958,0.0,8.199770408163266,0.0,0.0,0.0,0.0,1.65687925170068,1.6133985260770976,1.0,8,1,3,0,0,0,0,3,1,3,5,0,0,0,-0.3583,29.780799999999985,0,1,1,0,0,0,0,0,0,0,0,0,0,2,0,0,1,0,0,0,0
CCOCCOCCO,296.7,8.256965624212647,0.0894097222222223,8.256965624212647,0.0894097222222223,0.5208371951853752,134.175,120.06299999999996,134.094294308,56,0.0701118036641114,-0.3939803248745099,0.3939803248745099,0.0701118036641114,1.1111111111111112,1.7777777777777777,2.3333333333333335,16.524708577221922,10.698132128486948,1.839616766106229,-2.0005636382418577,1.755192215653305,-2.0612926063812864,4.276019766813834,0.0369983397748273,2.595082706793886,41.56763141529687,6.949747468305834,5.799244082360422,5.799244082360422,4.414213562373095,3.178035085582638,3.178035085582638,1.5329026585044494,1.5329026585044494,0.8117572733750118,0.8117572733750118,0.4288004925479204,0.4288004925479204,-0.12,103.68791599331826,8.880000000000003,7.8800000000000034,7.880000000000003,55.58528581102235,14.580253302440804,0.0,0.0,0.0,0.0,0.0,0.0,0.0,0.0,6.923737199690624,6.606881964512918,26.427527858051672,14.580253302440804,0.0,0.0,6.923737199690624,33.03440982256459,0.0,0.0,0.0,0.0,38.140937217405295,9.473725907600098,0.0,6.923737199690624,0.0,0.0,38.69,0.0,0.0,6.606881964512918,19.820645893538753,6.606881964512918,0.0,0.0,6.923737199690624,0.0,14.580253302440804,9.88328514739229,0.0,8.256965624212647,0.0,0.0,0.0,0.0,4.359749228395061,0.0,1.0,9,1,3,0,0,0,0,3,1,3,6,0,0,0,0.0317999999999998,34.39779999999999,0,1,1,0,0,0,0,0,0,0,0,0,0,2,0,0,0,0,0,0,0
CCCCOCCOCCO,362.1,8.341196314958491,0.0922222222222222,8.341196314958491,0.0922222222222222,0.5367500089766016,162.22899999999998,144.08499999999998,162.125594436,68,0.0701120567359223,-0.3939803248745099,0.3939803248745099,0.0701120567359223,1.0,1.6363636363636365,2.1818181818181817,16.52502132003863,10.359464202304988,1.8727221495101376,-2.024879683955867,1.8682964335137104,-2.0713492480589504,4.330353525518108,0.0323889673382326,2.6909155266923976,58.35751032880843,8.36396103067893,7.213457644733518,7.213457644733518,5.414213562373096,4.178035085582637,4.178035085582637,2.3019050597348416,2.3019050597348416,1.249861653331167,1.249861653331167,0.6329246377798518,0.6329246377798518,-0.12,292.8860629742695,10.88,9.88,9.880000000000004,68.31517003981556,14.580253302440804,0.0,0.0,0.0,0.0,0.0,0.0,0.0,13.344558822616634,6.4208216229260096,6.606881964512918,26.427527858051672,14.580253302440804,0.0,0.0,19.765380445542643,33.03440982256459,0.0,0.0,0.0,0.0,38.140937217405295,9.473725907600098,0.0,19.765380445542643,0.0,0.0,38.69,0.0,0.0,6.606881964512918,19.820645893538753,19.448525210364934,0.0,0.0,0.0,6.923737199690624,14.580253302440804,10.201983418367346,0.0,8.341196314958491,0.0,0.0,0.0,2.275294784580499,4.681525482093663,0.0,1.0,11,1,3,0,0,0,0,3,1,3,8,0,0,0,0.812,43.63180000000001,0,1,1,0,0,0,0,0,0,0,0,0,0,2,0,0,0,0,0,0,1
CCOCCOCC,261.2,5.010555555555555,0.7265277777777778,5.010555555555555,0.7265277777777778,0.5024136978092385,118.176,104.06399999999998,118.099379688,50,0.0699792938561112,-0.379346718645991,0.379346718645991,0.0699792938561112,0.875,1.25,1.5,16.51990008368759,10.715441512304276,1.8081547061168568,-1.9852027993879704,1.7482631824734902,-2.022761351267773,4.243346799511275,0.0583639941650447,2.53006045688352,31.509775004326936,6.242640687119286,5.644923705673916,5.644923705673916,3.914213562373095,3.068914100752347,3.068914100752347,1.3938468501173518,1.3938468501173518,0.7802567583920093,0.7802567583920093,0.4065262647925708,0.4065262647925708,-0.08,61.499612265106904,7.919999999999998,6.92,5.92,50.791052058826345,9.473725907600098,0.0,0.0,0.0,0.0,0.0,0.0,0.0,0.0,13.847474399381248,13.213763929025836,13.213763929025836,9.473725907600098,0.0,0.0,13.847474399381248,26.427527858051672,0.0,0.0,0.0,0.0,26.427527858051672,9.473725907600098,0.0,13.847474399381248,0.0,0.0,18.46,0.0,0.0,0.0,0.0,26.427527858051672,0.0,0.0,13.847474399381248,0.0,9.473725907600098,10.02111111111111,0.0,0.0,0.0,0.0,0.0,0.0,6.978888888888889,0.0,1.0,8,0,2,0,0,0,0,2,0,2,5,0,0,0,1.0594,32.98599999999998,0,0,0,0,0,0,0,0,0,0,0,0,0,2,0,0,0,0,0,0,0
CCOCCOCCOCC,363.0,5.187777777777778,0.6675736961451247,5.187777777777778,0.6675736961451247,0.4996967791850072,162.22899999999998,144.08499999999998,162.125594436,68,0.0701120208919393,-0.3793466986171839,0.3793466986171839,0.0701120208919393,0.6363636363636364,1.0,1.3636363636363635,16.540466889291224,10.682712145206102,1.8691728575919715,-2.0310580222013623,1.791470143248657,-2.08426810761797,4.301886304506546,0.0195189031885715,2.6909155266923976,58.35751032880843,8.36396103067893,7.467385558510875,7.467385558510875,5.414213562373096,4.146264369941973,4.146264369941973,2.0062192858131467,2.0062192858131467,1.1522652263201554,1.1522652263201554,0.6264394676062944,0.6264394676062944,-0.12,292.8860629742695,10.88,9.88,9.880000000000004,68.63448151712643,14.210588861400147,0.0,0.0,0.0,0.0,0.0,0.0,0.0,0.0,13.847474399381248,13.213763929025836,26.427527858051672,14.210588861400147,0.0,0.0,13.847474399381248,39.641291787077506,0.0,0.0,0.0,0.0,39.641291787077506,14.210588861400147,0.0,13.847474399381248,0.0,0.0,27.69,0.0,0.0,0.0,26.427527858051672,13.213763929025836,0.0,0.0,13.847474399381248,0.0,14.210588861400147,15.336203703703704,0.0,0.0,0.0,0.0,0.0,0.0,8.163796296296297,0.0,1.0,11,0,3,0,0,0,0,3,0,3,8,0,0,0,1.076,43.80500000000002,0,0,0,0,0,0,0,0,0,0,0,0,0,3,0,0,0,0,0,0,0
C1COCCO1,157.3,4.944444444444445,0.7777777777777778,4.944444444444445,0.7777777777777778,0.4157492501598946,88.106,80.04199999999999,88.052429496,36,0.0701143954655702,-0.3766676360734525,0.3766676360734525,0.0701143954655702,0.6666666666666666,1.0,1.1666666666666667,16.5643008285546,10.638571834466202,1.9381982860111928,-2.093303685409976,1.8459039112320428,-2.1587994022398433,4.36597995363612,-0.0333582058865119,2.0,21.019550008653873,4.242640687119286,3.644923705673916,3.644923705673916,3.0,2.1547005383792515,2.1547005383792515,1.2247448713915892,1.2247448713915892,0.7440169358562925,0.7440169358562925,0.4398264056274473,0.4398264056274473,-0.08,34.3994618804395,4.088918918918919,2.157216946676406,0.9536924762600438,37.055336676503906,9.473725907600098,0.0,0.0,0.0,0.0,0.0,0.0,0.0,0.0,0.0,0.0,26.427527858051672,9.473725907600098,0.0,0.0,0.0,26.427527858051672,0.0,0.0,0.0,0.0,26.427527858051672,9.473725907600098,0.0,0.0,0.0,0.0,18.46,0.0,0.0,0.0,0.0,26.427527858051672,0.0,0.0,0.0,0.0,9.473725907600098,9.88888888888889,0.0,0.0,0.0,0.0,0.0,0.0,3.111111111111111,0.0,1.0,6,0,2,0,1,0,0,2,0,2,0,0,1,1,0.0332,21.637999999999995,0,0,0,0,0,0,0,0,0,0,0,0,0,2,0,0,0,0,0,0,0
C1COCO1,125.2,4.722222222222222,0.5,4.722222222222222,0.5,0.4020858486861461,74.079,68.03099999999999,74.036779432,30,0.1464394324191029,-0.3530353505749712,0.3530353505749712,0.1464394324191029,1.0,1.6,1.8,16.698609438497524,10.818323674812095,1.9337160677127976,-1.756456180302733,1.854005964641221,-1.7851652399528806,4.284050992824092,0.0691931663295815,2.083333333333333,16.464393446710154,3.5355339059327378,2.9378169244873686,2.9378169244873686,2.5,1.6547005383792517,1.6547005383792517,0.934347711125484,0.934347711125484,0.5386751345948129,0.5386751345948129,0.2946278254943948,0.2946278254943948,-0.08,22.886435386960574,3.1232520325203255,1.3807707052680285,0.596977989292088,30.690394562107297,9.473725907600098,6.792942306099827,0.0,0.0,0.0,0.0,0.0,0.0,0.0,0.0,0.0,13.213763929025836,9.473725907600098,0.0,0.0,0.0,20.006706235125662,0.0,0.0,0.0,0.0,20.006706235125662,9.473725907600098,0.0,0.0,0.0,0.0,18.46,0.0,0.0,0.0,6.792942306099827,13.213763929025836,0.0,0.0,0.0,0.0,9.473725907600098,9.444444444444445,0.0,0.0,0.0,0.0,0.0,0.0,2.0555555555555554,0.0,1.0,5,0,2,0,1,0,0,2,0,2,0,0,1,1,-0.0092999999999999,16.771000000000004,0,0,0,0,0,0,0,0,0,0,0,0,0,2,0,0,0,0,0,0,0
CC1CCCO1,162.1,5.152777777777778,0.5462962962962961,5.152777777777778,0.5462962962962961,0.4299172783206054,86.134,76.05399999999999,86.07316494,36,0.0547390486879118,-0.3785074202433747,0.3785074202433747,0.0547390486879118,1.6666666666666667,2.5,2.6666666666666665,16.49016842820487,10.268610667109453,2.067183860897907,-1.9397115232282551,2.0872639036156584,-1.9382765553481096,4.558095294942275,0.1252230422227303,2.184105569636068,37.20310343869659,4.405777393935816,4.106918903213131,4.106918903213131,2.893846850117352,2.509975954643818,2.509975954643818,1.8236365546127304,1.8236365546127304,1.1573569043840912,1.1573569043840912,0.7386419420963561,0.7386419420963561,-0.04,33.548875021634686,4.127785234899329,1.6056599286563615,0.716242568370987,38.30673356139363,4.736862953800049,0.0,0.0,0.0,0.0,0.0,0.0,0.0,0.0,19.765380445542643,6.606881964512918,6.103966387748303,4.736862953800049,0.0,0.0,25.869346833290944,6.606881964512918,0.0,0.0,0.0,0.0,12.71084835226122,4.736862953800049,0.0,19.765380445542643,0.0,0.0,9.23,0.0,0.0,0.0,6.103966387748303,6.606881964512918,12.84164324585202,0.0,0.0,6.923737199690624,4.736862953800049,5.152777777777778,0.0,0.0,0.0,0.0,0.0,3.075231481481481,3.105324074074074,0.0,1.0,6,0,1,0,1,0,0,1,0,1,0,0,1,1,1.1853,24.64799999999999,0,0,0,0,0,0,0,0,0,0,0,0,0,1,0,0,0,0,0,0,0
COCCCCOC,255.6,4.832834467120182,0.8505555555555555,4.832834467120182,0.8505555555555555,0.5024136978092385,118.176,104.06399999999998,118.099379688,50,0.046261011736215,-0.3846886630089696,0.3846886630089696,0.046261011736215,0.875,1.25,1.5,16.46614468879477,10.335529028465144,1.8289787572924132,-1.958208030969874,1.871150015244285,-1.923299114919956,4.33894804341935,0.159490528869246,2.53006045688352,31.509775004326936,6.242640687119286,5.644923705673916,5.644923705673916,3.914213562373095,2.893846850117352,2.893846850117352,1.6927053408400363,1.6927053408400363,0.9469234250586758,0.9469234250586758,0.4927992798267443,0.4927992798267443,-0.08,61.499612265106904,7.919999999999998,6.92,5.92,50.791052058826345,9.473725907600098,0.0,0.0,0.0,0.0,0.0,0.0,0.0,0.0,12.84164324585202,27.433359011580905,0.0,9.473725907600098,0.0,0.0,12.84164324585202,27.433359011580905,0.0,0.0,0.0,0.0,27.433359011580905,9.473725907600098,0.0,12.84164324585202,0.0,0.0,18.46,0.0,0.0,0.0,0.0,26.055407174877857,0.0,14.219595082555069,0.0,0.0,9.473725907600098,9.665668934240362,0.0,0.0,0.0,0.0,0.0,2.2030555555555553,1.701111111111111,3.4301643990929707,1.0,8,0,2,0,0,0,0,2,0,2,5,0,0,0,1.0594,32.98599999999998,0,0,0,0,0,0,0,0,0,0,0,0,0,2,0,0,2,0,0,0,1
COC(C)OC,190.6,4.677083333333334,-0.0648148148148151,4.677083333333334,0.0648148148148151,0.4627484837849362,90.122,80.04199999999999,90.06807956,38,0.1535317564342694,-0.3562252067152514,0.3562252067152514,0.1535317564342694,1.1666666666666667,1.5,1.5,16.66613974381754,10.761119264286474,1.8744297391379237,-2.0265483423972688,1.824695342744188,-2.048955483596562,4.172862679088707,-0.0877311239592177,2.7541847860376616,24.729055953200564,4.99156383156272,4.393846850117352,4.393846850117352,2.808060412490447,1.865251370908384,1.865251370908384,1.0390340864470011,1.0390340864470011,0.6638546105209071,0.6638546105209071,0.0962250448649376,0.0962250448649376,-0.08,19.80026905978025,5.92,3.1232520325203255,2.175102040816326,38.061167830033135,9.473725907600098,0.0,6.290026729335213,0.0,0.0,0.0,0.0,0.0,0.0,6.923737199690624,14.219595082555069,0.0,9.473725907600098,0.0,0.0,13.213763929025838,14.219595082555069,0.0,0.0,0.0,0.0,20.50962181189028,9.473725907600098,0.0,6.923737199690624,0.0,0.0,18.46,0.0,0.0,6.290026729335213,0.0,0.0,0.0,14.219595082555069,6.923737199690624,9.473725907600098,0.0,9.354166666666668,0.0,0.0,0.0,0.0,0.0,-0.0648148148148151,1.8333333333333337,3.210648148148148,1.0,6,0,2,0,0,0,0,2,0,2,2,0,0,0,0.6252,23.47999999999999,0,0,0,0,0,0,0,0,0,0,0,0,0,2,0,0,2,0,0,0,0
C1COCCOCCOCCO1,313.0,5.2155555555555555,0.6422222222222222,5.2155555555555555,0.6422222222222222,0.5229971687265701,176.21199999999996,160.08399999999995,176.104858992,72,0.0701143954655702,-0.3766676360734525,0.3766676360734525,0.0701143954655702,0.3333333333333333,0.5,0.6666666666666666,16.56852264436309,10.638571834466186,1.9441718988715375,-2.093303685409974,1.8519011393126037,-2.15879940223984,4.371724383894212,-0.0333582058865122,2.0000000000000004,54.03910001730776,8.485281374238573,7.289847411347834,7.289847411347834,6.0,4.309401076758504,4.309401076758504,2.4494897427831783,2.4494897427831783,1.4880338717125847,1.4880338717125847,0.8796528112548944,0.8796528112548944,-0.16,655.6966845611569,9.924459459459458,7.48714207450694,5.485247443389335,72.7421955931041,18.947451815200196,0.0,0.0,0.0,0.0,0.0,0.0,0.0,0.0,0.0,0.0,52.85505571610334,18.947451815200196,0.0,0.0,0.0,52.85505571610334,0.0,0.0,0.0,0.0,52.85505571610334,18.947451815200196,0.0,0.0,0.0,0.0,36.92,0.0,0.0,0.0,52.85505571610334,0.0,0.0,0.0,0.0,0.0,18.947451815200196,20.862222222222226,0.0,0.0,0.0,0.0,0.0,0.0,5.137777777777778,0.0,1.0,12,0,4,0,1,0,0,4,0,4,0,0,1,1,0.0664,43.27600000000002,0,0,0,0,0,0,0,0,0,0,0,0,0,4,0,0,0,0,0,0,0
C1COCCOCCOCCOCCO1,388.0,5.2780555555555555,0.6109722222222222,5.2780555555555555,0.6109722222222222,0.578436159103995,220.26499999999993,200.10499999999996,220.13107374,90,0.0701143954655702,-0.3766676360734525,0.3766676360734525,0.0701143954655702,0.2666666666666666,0.4,0.5333333333333333,16.570634919105817,10.667083337833246,1.9471587423743717,-2.0502420672128228,1.8548997575512496,-2.115188406997357,4.374596881409078,0.0020568183042439,2.008928571428571,72.37779644494513,10.606601717798217,9.112309264184791,9.112309264184791,7.5,5.38675134594813,5.38675134594813,3.061862178478973,3.061862178478973,1.8600423396407308,1.8600423396407308,1.099566014068618,1.099566014068618,-0.2,3095.196816857504,12.867567567567567,10.32227903579255,8.772425127830534,90.5856250514042,23.684314769000245,0.0,0.0,0.0,0.0,0.0,0.0,0.0,0.0,0.0,0.0,66.06881964512917,23.684314769000245,0.0,0.0,0.0,66.06881964512917,0.0,0.0,0.0,0.0,66.06881964512917,23.684314769000245,0.0,0.0,0.0,0.0,46.150000000000006,0.0,0.0,0.0,66.06881964512917,0.0,0.0,0.0,0.0,0.0,23.684314769000245,26.390277777777776,0.0,0.0,0.0,0.0,0.0,0.0,6.1097222222222225,0.0,1.0,15,0,5,0,1,0,0,5,0,5,0,0,1,1,0.0830000000000008,54.09500000000005,0,0,0,0,0,0,0,0,0,0,0,0,0,5,0,0,0,0,0,0,0
C=COCC,159.0,4.597222222222222,0.7256944444444444,4.597222222222222,0.7256944444444444,0.4447229067349175,72.107,64.04299999999999,72.057514876,30,0.0844356048454342,-0.5021067515215596,0.5021067515215596,0.0844356048454342,2.0,2.6,2.6,16.465981422179887,10.867739137689174,1.5536594434628908,-1.8407260368478269,1.646467598563661,-1.7158928109590463,4.447858266275489,0.2704366876999514,2.4017152226171965,24.828921423310437,4.121320343559642,3.399812122026584,3.399812122026584,2.414213562373095,1.6397324666407394,1.6397324666407394,0.6220084679281463,0.6220084679281463,0.2845177968644246,0.2845177968644246,0.1178511301977579,0.1178511301977579,-0.46,11.245112497836532,4.54,3.54,3.5400000000000005,32.258019568342,4.736862953800049,0.0,0.0,0.0,0.0,0.0,0.0,0.0,6.578935683598497,6.923737199690624,0.0,12.868962412933708,4.736862953800049,0.0,0.0,6.923737199690624,6.606881964512918,12.841016132019288,0.0,0.0,0.0,6.606881964512918,4.736862953800049,0.0,6.923737199690624,12.841016132019288,0.0,9.23,0.0,0.0,0.0,0.0,6.606881964512918,6.26208044842079,0.0,6.923737199690624,11.315798637398547,0.0,4.597222222222222,0.0,0.0,0.0,0.0,0.0,1.4305555555555556,5.972222222222221,0.0,0.5,5,0,1,0,0,0,0,1,0,1,2,0,0,0,1.1664,21.822999999999993,0,0,0,0,0,0,0,0,0,0,0,0,0,1,0,0,0,0,0,0,0
OCC(O)CO,176.01,8.166666666666668,-0.953703703703704,8.166666666666668,0.3645833333333332,0.3814944322102413,92.094,84.03,92.047344116,38,0.1000470260172347,-0.3935933161206694,0.3935933161206694,0.1000470260172347,1.1666666666666667,1.5,1.5,16.344803208507106,10.418392587147732,1.9328105574467456,-1.9633086591105833,1.712387979410393,-2.153670382242679,4.434895881394917,0.0450214925424627,2.7541847860376616,25.219280948873624,4.99156383156272,3.3332046180625943,3.3332046180625943,2.808060412490447,1.7071510027085632,1.7071510027085632,1.0189718779350343,1.0189718779350343,0.4214982059327062,0.4214982059327062,0.0577350269189625,0.0577350269189625,-0.12,19.80026905978025,5.88,3.0849180327868857,2.1377319587628865,35.851836513210806,15.319582184522115,6.103966387748303,0.0,0.0,0.0,0.0,0.0,0.0,0.0,0.0,0.0,13.213763929025836,15.319582184522115,0.0,0.0,6.103966387748303,13.213763929025836,0.0,0.0,0.0,0.0,34.63731250129626,0.0,0.0,0.0,0.0,0.0,60.69,6.103966387748303,0.0,13.213763929025836,0.0,0.0,0.0,0.0,0.0,0.0,15.319582184522115,0.0,0.0,24.016203703703702,0.0,0.0,0.0,-0.953703703703704,-0.7291666666666665,0.0,1.0,6,3,3,0,0,0,0,3,3,3,2,0,0,0,-1.6681,20.1784,0,3,3,0,0,0,0,0,0,0,0,0,0,0,0,0,0,0,0,0,0
OCCCCO,208.34,8.08625,0.195,8.08625,0.195,0.4690628122836084,90.122,80.04199999999999,90.06807956,38,0.0431370083899692,-0.3963750384086942,0.3963750384086942,0.0431370083899692,0.8333333333333334,1.1666666666666667,1.3333333333333333,16.255009657599636,10.341929394080408,1.7683245944683597,-1.8529096031431305,1.8022274085506729,-1.84929428333484,4.300373468246376,0.2420528854575143,2.3390923149762908,17.50977500432694,4.82842712474619,3.7228543157461056,3.7228543157461056,2.914213562373095,2.1324555320336755,2.1324555320336755,1.1543203766865051,1.1543203766865051,0.5662277660168378,0.5662277660168378,0.2236067977499788,0.2236067977499788,-0.08,20.986300857070457,5.92,4.920000000000001,3.92,37.4225448754114,10.213054789681411,0.0,0.0,0.0,0.0,0.0,0.0,0.0,0.0,12.84164324585202,13.213763929025836,0.0,10.213054789681411,0.0,0.0,12.84164324585202,13.213763929025836,0.0,0.0,0.0,0.0,23.42681871870725,0.0,0.0,12.84164324585202,0.0,0.0,40.46,0.0,0.0,13.213763929025836,0.0,12.84164324585202,0.0,0.0,0.0,0.0,10.213054789681411,0.0,0.0,16.1725,0.0,0.0,0.0,1.4375,0.3900000000000001,0.0,1.0,6,2,2,0,0,0,0,2,2,2,3,0,0,0,-0.2488,23.405599999999993,0,2,2,0,0,0,0,0,0,0,0,0,0,0,0,0,0,0,0,0,1
CCOCC,216.52,4.833333333333333,0.84375,4.833333333333333,0.84375,0.4752681489358652,74.123,64.04299999999999,74.07316494,32,0.0437084125246928,-0.3820258357826421,0.3820258357826421,0.0437084125246928,1.2,1.6,1.6,16.471489792223313,10.800690364709848,1.635249239958044,-1.8589755250228048,1.6400163366950409,-1.8373812082768384,4.066771354077527,0.1617626113850695,2.19060968716425,11.119415478763749,4.121320343559642,3.822461852836958,3.822461852836958,2.414213562373095,1.9915638315627209,1.9915638315627209,0.7814744144215573,0.7814744144215573,0.408248290463863,0.408248290463863,0.2041241452319315,0.2041241452319315,-0.04,11.245112497836532,4.960000000000001,3.96,3.96,32.94762260052625,4.736862953800049,0.0,0.0,0.0,0.0,0.0,0.0,0.0,0.0,13.847474399381248,13.213763929025836,0.0,4.736862953800049,0.0,0.0,13.847474399381248,13.213763929025836,0.0,0.0,0.0,0.0,13.213763929025836,4.736862953800049,0.0,13.847474399381248,0.0,0.0,9.23,0.0,0.0,0.0,0.0,13.213763929025836,0.0,0.0,13.847474399381248,0.0,4.736862953800049,4.833333333333333,0.0,0.0,0.0,0.0,0.0,0.0,5.666666666666666,0.0,1.0,5,0,1,0,0,0,0,1,0,1,2,0,0,0,1.0428000000000002,22.16699999999999,0,0,0,0,0,0,0,0,0,0,0,0,0,1,0,0,0,0,0,0,0
COC(C)(C)C,192.61,4.9375,0.0416666666666665,4.9375,0.0416666666666665,0.4349873803799564,88.14999999999999,76.05399999999999,88.088815004,38,0.0594252076440529,-0.3791035972502146,0.3791035972502146,0.0594252076440529,1.1666666666666667,1.3333333333333333,1.3333333333333333,16.485888200906242,10.182667243073576,2.0347376705417894,-2.1365972442150354,2.01544904686288,-2.1490451937805948,4.546678721394421,0.0397265712200536,3.168489872670569,33.69332843436965,5.207106781186548,4.908248290463863,4.908248290463863,2.5606601717798214,2.1123724356957947,2.1123724356957947,2.3164965809277263,2.3164965809277263,0.6123724356957946,0.6123724356957946,0.0,0.0,-0.04,12.164797036380532,5.959999999999999,1.6056599286563615,3.96,39.31256471492286,4.736862953800049,0.0,0.0,0.0,0.0,0.0,0.0,0.0,0.0,20.771211599071872,7.109797541277533,5.601050810983688,4.736862953800049,0.0,0.0,26.37226241005556,7.109797541277533,0.0,0.0,0.0,0.0,12.71084835226122,4.736862953800049,0.0,20.771211599071872,0.0,0.0,9.23,0.0,0.0,5.601050810983688,0.0,0.0,0.0,7.109797541277533,20.771211599071872,0.0,4.736862953800049,4.9375,0.0,0.0,0.0416666666666665,0.0,0.0,0.0,6.0625,1.7083333333333333,1.0,6,0,1,0,0,0,0,1,0,1,0,0,0,0,1.4313,26.761999999999983,0,0,0,0,0,0,0,0,0,0,0,0,0,1,0,0,1,0,0,0,0
C1COC1,117.2,4.722222222222222,1.0,4.722222222222222,1.0,0.3916450287186053,58.07999999999999,52.032,58.041864812,24,0.048750503369775,-0.3812719221141719,0.3812719221141719,0.048750503369775,1.25,1.5,1.5,16.494684887750555,10.407493801581616,1.939999297072122,-2.085001709556161,1.9249840542545495,-2.087960553216601,4.407057568906166,0.036720314789029,2.0,11.245112497836532,2.8284271247461903,2.5295686340235055,2.5295686340235055,2.0,1.5773502691896255,1.5773502691896255,0.9659258262890682,0.9659258262890682,0.5773502691896257,0.5773502691896257,0.1443375672974064,0.1443375672974064,-0.04,3.6096404744368114,2.212525252525253,0.72512600755025,0.115188246097337,25.576849332600418,4.736862953800049,0.0,0.0,0.0,0.0,0.0,0.0,0.0,0.0,6.4208216229260096,13.213763929025836,0.0,4.736862953800049,0.0,0.0,6.4208216229260096,13.213763929025836,0.0,0.0,0.0,0.0,13.213763929025836,4.736862953800049,0.0,6.4208216229260096,0.0,0.0,9.23,0.0,0.0,0.0,0.0,13.213763929025836,6.4208216229260096,0.0,0.0,0.0,4.736862953800049,4.722222222222222,0.0,0.0,0.0,0.0,0.0,1.2777777777777777,2.0,0.0,1.0,4,0,1,0,1,0,0,1,0,1,0,0,1,1,0.4067,15.436000000000003,0,0,0,0,0,0,0,0,0,0,0,0,0,1,0,0,0,0,0,0,0
CC1OCCO1,203.2,4.930555555555555,0.046296296296296,4.930555555555555,0.046296296296296,0.4258802125078894,88.106,80.04199999999999,88.052429496,36,0.1545213594684247,-0.3505781581705108,0.3505781581705108,0.1545213594684247,1.3333333333333333,1.8333333333333333,2.0,16.71610010851037,10.780109432147356,2.0651735153034183,-1.944635057185992,1.9885923977575295,-1.972184949350443,4.399328563485797,-0.0253921198485308,2.184105569636068,38.8127439131334,4.405777393935816,3.808060412490447,3.808060412490447,2.893846850117352,2.1261050591702837,2.1261050591702837,1.309211189453166,1.309211189453166,0.7884516905501371,0.7884516905501371,0.47626487255786,0.47626487255786,-0.08,33.548875021634686,4.088918918918919,1.57879247552541,0.6979745397440609,37.055336676503906,9.473725907600098,0.0,6.290026729335213,0.0,0.0,0.0,0.0,0.0,0.0,6.923737199690624,0.0,13.213763929025836,9.473725907600098,0.0,0.0,13.213763929025838,13.213763929025836,0.0,0.0,0.0,0.0,19.503790658361048,9.473725907600098,0.0,6.923737199690624,0.0,0.0,18.46,0.0,0.0,6.290026729335213,0.0,13.213763929025836,0.0,0.0,6.923737199690624,0.0,9.473725907600098,9.86111111111111,0.0,0.0,0.0,0.0,0.0,0.046296296296296,3.425925925925926,0.0,1.0,6,0,2,0,1,0,0,2,0,2,0,0,1,1,0.3792,21.365999999999993,0,0,0,0,0,0,0,0,0,0,0,0,0,2,0,0,0,0,0,0,0
OCCOc1ccccc1,289.0,8.402570861678004,0.0643792517006802,8.402570861678004,0.0643792517006802,0.6762728590662828,138.16599999999997,128.08599999999998,138.06807956,54,0.1189178408261218,-0.4912065654965862,0.4912065654965862,0.1189178408261218,1.2,1.9,2.5,16.486503485102165,10.33837007764372,1.8646454154527716,-2.0078103362522963,2.064792841593442,-2.0030144269781753,5.202080530852027,0.201121009058509,2.4265223465879537,171.872282370036,7.234204518682008,5.6564267942850455,5.6564267942850455,4.931851652578137,3.219710648366542,3.219710648366542,1.885121039864459,1.885121039864459,1.1032209973700875,1.1032209973700875,0.6802149493410344,0.6802149493410344,-1.02,251.66716234355823,7.091358574610246,3.9034862510592334,2.070394524238474,60.06906632999306,9.843390348640757,12.356393797796825,0.0,0.0,0.0,0.0,0.0,0.0,18.19910120538483,12.13273413692322,0.0,6.606881964512918,9.843390348640757,0.0,0.0,0.0,13.213763929025836,30.33183534230805,5.749511833283905,4.736862953800049,5.749511833283905,18.32029132386654,0.0,0.0,0.0,30.33183534230805,0.0,29.46,0.0,0.0,6.606881964512918,6.606881964512918,5.749511833283905,0.0,0.0,30.33183534230805,0.0,9.843390348640757,5.105138888888889,0.0,8.402570861678004,0.0,0.8023611111111113,9.42712396069539,0.0,0.4294718442932728,0.0,0.25,10,1,2,0,0,1,1,2,1,2,3,0,0,1,1.0577,39.02280000000002,0,1,1,0,0,0,0,0,0,0,1,0,0,1,0,0,0,1,0,0,0
CCCCOCCOC(C)=O,328.0,10.254833632527085,-0.2462115509784157,10.254833632527085,0.2462115509784157,0.4345485067127831,160.213,144.08499999999998,160.109944372,66,0.30220730085287,-0.4634225460967326,0.4634225460967326,0.30220730085287,1.2727272727272727,2.0,2.5454545454545454,16.555098035734225,10.359460676614434,1.9099694421535145,-2.0203516803647363,1.871219901582608,-2.074421205487971,5.653306015858583,-0.1420061647829518,2.8497612822334424,101.5102929745152,8.52709773749546,7.260278777324327,7.260278777324327,5.270055610029662,3.9813804754348494,3.9813804754348494,2.305969162615603,2.305969162615603,1.1752246308310774,1.1752246308310774,0.592782683577516,0.592782683577516,-0.5700000000000001,240.8958833816747,10.43,7.536044538706258,9.43,67.68245838766332,9.473725907600098,6.606881964512918,0.0,0.0,5.969305287951848,4.794537184071822,0.0,0.0,13.344558822616634,6.4208216229260096,13.530619164203545,6.606881964512918,14.26826309167192,5.969305287951848,0.0,26.689117645233267,19.820645893538753,0.0,0.0,0.0,0.0,25.7899511814906,14.26826309167192,0.0,26.689117645233267,0.0,0.0,35.53,0.0,4.794537184071822,5.969305287951848,13.213763929025836,19.448525210364934,6.923737199690624,0.0,0.0,11.660600153490671,4.736862953800049,9.805364937641723,10.254833632527085,0.0,0.0,-0.2462115509784157,0.0,2.202020738851096,5.150658908625179,0.0,0.875,11,0,3,0,0,0,0,3,0,3,6,0,0,0,1.3662,42.360000000000014,0,0,0,0,0,0,1,1,0,0,0,0,1,2,0,0,0,0,0,0,1
CC1COC(=O)O1,169.72,10.009027777777778,-0.5486111111111109,10.009027777777778,0.0486111111111113,0.4186141489390607,102.08899999999998,96.041,102.031694052,40,0.5082899390744736,-0.4303457162325387,0.5082899390744736,0.4303457162325387,1.8571428571428572,2.5714285714285716,2.7142857142857144,16.764283104324043,10.457628289438036,2.186655190976011,-1.8954751055544388,2.023838727013541,-2.006603553734545,5.611716388107011,0.1212875540358181,2.39706714269016,88.93569696954751,5.276020881938894,4.009201921767763,4.009201921767763,3.287693700234704,2.1223483903396123,2.1223483903396123,1.4894725816878764,1.4894725816878764,0.7333020203377641,0.7333020203377641,0.4177032143021912,0.4177032143021912,-0.73,46.67048277914755,4.429489633173843,1.4049321347683748,0.8239390784715955,41.21685877654766,9.473725907600098,12.71084835226122,0.0,0.0,6.155365629538759,0.0,4.794537184071822,0.0,0.0,6.923737199690624,0.0,0.0,14.26826309167192,6.155365629538759,0.0,13.027703587438928,6.606881964512918,0.0,0.0,0.0,0.0,18.86621398179998,9.473725907600098,0.0,6.923737199690624,0.0,0.0,35.53,6.155365629538759,4.794537184071822,6.103966387748303,6.606881964512918,0.0,0.0,6.923737199690624,0.0,9.473725907600098,0.0,8.903935185185185,10.009027777777778,0.0,0.0,0.0,0.0,-0.5972222222222223,2.1842592592592593,0.0,0.75,7,0,3,0,1,0,0,3,0,3,0,0,1,1,0.5417000000000001,21.89499999999999,0,0,0,0,0,0,1,1,0,0,0,0,0,2,0,0,0,0,0,0,0
