SMILES,name,density_40C_g_cm3,density_100C_g_cm3,kv_40C_cSt,kv_100C_cSt,tc_40C_W_mK,tc_100C_W_mK,cpsat_40C_J_K_mol,cpsat_100C_J_K_mol
CCC(OC(CC)C1CCCCC1)C1CCCCC1,bis(1-cyclohexylpropyl) ether,1.002,0.957,13.972,4.389,0.141,0.133,527.0,583.0
CCCCCCCCCCCC=CCCCCC(=O)O,(Z)-6-octadecenoic acid,0.98,0.942,15.306,4.565,0.172,0.162,576.0,627.0
C(CCCOC1CCCCC1)CCOC1CCCCC1,"1,6-bis(cyclohexyloxy)hexane",1.13,1.08,12.389,4.444,0.18,0.17,607.0,650.0
C(CCCOCC1CCCC1)CCOCC1CCCC1,"1,6-bis(cyclopentylmethoxy)hexane",1.038,0.992,7.225,2.722,0.168,0.159,547.0,599.0
CC(C)CC(C)(C)C,"2,2,4-trimethylpentane",0.67533,0.6225,0.598,0.365,0.09134,0.0801,247.0,279.9
CO[C@H]1O[C@H](C)CC(C)(C)O1,"trans-2-methoxy-4,6,6-trimethyl-1,3-dioxane",1.021,0.959,1.763,0.792,0.143,0.132,289.0,315.8
CCCCCCCCC=CCCCCCCCCO,"9-octadecen-1-ol, (Z)-",0.8368,0.8,17.041,3.438,0.172,0.158,587.0,637.0
CCCCCCC=CCCCCCCCCC(=O)OC,methyl cis-10-heptadecenoate,1.003,0.957,4.686,1.776,0.171,0.16,599.0,647.0
CCCCCCCCCCCCCCCCC(C)=O,methyl n-hexadecyl ketone,0.8265,0.788,4.477,1.65,0.182,0.17,620.0,666.0
CCCC(CCC)(CCC(C)C)C1CCCCC1,"(4-methyl-1,1-dipropylpentyl)cyclohexane",0.836,0.7958,9.569,2.89,0.114,0.107,516.0,576.0
CC(C)(C)C(=O)C(C(C)(C)C)(C(C)(C)C)C(C)(C)C,"2,2,5,5-tetramethyl-4,4-di-tert-butyl-3-hexanone",0.8672,0.826,14.991,4.6,0.086,0.08,595.0,652.0
C/C=C/CCCCCCCCCCCCCCC,(E)-2-octadecene,0.7816,0.744,3.582,1.452,0.152,0.142,558.0,609.0
CCC/C=C\CCCCCCCCCCCCC,(E)-4-octadecene,0.7763,0.74,3.607,1.486,0.152,0.142,558.0,609.0
CC(=O)CCCC(C)CCCC(C)CCCC(C)C,"2,6,10-trimethyl-14-pentadecanone",0.8234,0.781,5.222,1.921,0.142,0.136,618.0,667.0
CCCCC/C=C\CCCCCCCCCCC,(E)-6-octadecene,0.7771,0.74,3.603,1.486,0.152,0.142,556.0,607.0
CCCCCCCCCCCCCCC(=O)CCC,4-octadecanone,0.9,0.858,3.444,1.515,0.175,0.164,588.0,637.0
CCCCCCCCCCCCCCCC(=O)CC,3-octadecanone,0.797,0.7573,3.89,1.717,0.175,0.164,588.0,637.0
CCCCCC/C=C\CCCCCCCCCC,(E)-7-octadecene,0.7762,0.74,3.736,1.486,0.151,0.141,555.0,606.0
CCCCCCCC/C=C/CCCCCCCC,(E)-9-octadecene,0.7777,0.741,4.243,1.619,0.153,0.143,550.0,602.0
CCCCCCCCCCCCCCCCC1CO1,hexadecyloxirane,0.983,0.939,4.069,1.491,0.163,0.153,597.0,646.0
CCCC/C=C\CCCCCCCCCCCC,(Z)-5-octadecene,0.7779,0.741,3.599,1.484,0.152,0.142,558.0,609.0
CCCCCCCCC=CCCCCCCCC,(Z)-9-octadecene,0.7786,0.737,3.982,1.628,0.156,0.145,583.0,631.0
C=CCCCCCCCCCCCCCCCC,1-octadecene,0.7763,0.7365,3.568,1.521,0.149,0.139,555.0,609.0
CCCCCCC(C)C=CC(C)CCCCCC,"7,10-dimethyl-8-hexadecene",0.832,0.791,2.764,1.188,0.136,0.127,522.0,580.0
C/C=C\CCCCCCCCCCCCCCC,"2-octadecene, (Z)-",0.7803,0.743,3.717,1.467,0.153,0.143,562.0,613.0
CC/C=C/CCCCCCCCCCCCCC,"3-octadecene, (E)-",0.776,0.74,3.995,1.622,0.153,0.143,552.0,604.0
CC1(C)CCCCCCCCCCCCCCC1,"1,1-dimethylcyclohexadecane",0.846,0.81,11.82,5.309,0.12,0.113,465.0,531.0
CCC(C)C(C)(C)C,"2,2,3-trimethylpentane",0.7001,0.6515,0.688,0.382,0.1,0.0906,251.0,284.8
CCCCCCCC/C=C/CCCCCCCCO,(E)-9-octadecen-1-ol,0.8338,0.798,46.774,10.15,0.173,0.159,592.0,642.0
CCCCC(C)(C)C,"2,2-dimethylhexane",0.67846,0.62538,0.671,0.416,0.105,0.094,257.2,289.2
CC(C)C(=O)C(C)(C)C,"2,2,4-trimethyl-3-pentanone",0.7904,0.7363,0.987,0.53,0.128,0.117,281.3,307.7
CCOCCOCCOC(C)=O,diethylene glycol monoethyl ether ethanoate,1.099,1.036,2.366,1.004,0.172,0.159,345.0,365.3
CC(=CC(C)C(C)C=C(C)C(C)(C)C)C(C)(C)C,"2,2,3,5,6,8,9,9-octamethyl-3,7-decadiene",0.8279,0.7891,3.865,1.647,0.082,0.076,510.0,571.0
CCC1(C(C)C2(CC)CCCCC2)CCCCC1,"1,1-bis(ethylcyclohexyl)ethane",0.783,0.75,0.779,0.787,0.103,0.097,472.0,534.0
CCCCCCCCC(C)(C)c1ccc(C)cc1,"1-(1,1-dimethylnonyl)-4-methylbenzene",0.786,0.748,4.071,1.604,0.16,0.15,603.0,645.0
CCCCC(C)(CC)C1CCCC2CCCCC21,1-(1-ethyl-1-methylpentyl)decahydronaphthalene,0.8737,0.8351,9.042,2.874,0.111,0.104,482.0,542.0
CCCCC(CC)CC1CCCC2CCCCC21,1-(2-ethylhexyl)decahydronaphthalene,0.862,0.8234,4.64,1.822,0.123,0.116,490.0,548.0
CCCC(CC1CCCCC1)CC1CCCCC1,1-cyclohexyl-2-(cyclohexylmethyl)pentane,0.8599,0.8223,10.932,2.517,0.127,0.12,477.0,537.0
CCCCCCCCCCCCC1=CCCCC1,1-dodecylcyclohexene,0.888,0.847,4.167,1.771,0.136,0.127,507.0,561.0
CC#CCCCCCCCCCCCCCCC,2-octadecyne,0.7958,0.7621,11.812,3.412,0.148,0.14,524.0,576.0
C1CCC(C2CCCCC2C2CCCCC2)CC1,o-tercyclohexyl,0.7856,0.742,15.275,4.447,0.101,0.095,528.0,580.0
CCCCCCCCCCCCCC1=CCCC1,1-tridecylcyclopentene,0.891,0.849,3.367,1.413,0.137,0.128,513.0,566.0
CC1CC(C)C(C2C(C)CC(C)CC2C)C(C)C1,"2,2',4,4',6,6'-hexamethylbicyclohexyl",0.8806,0.8389,2.839,1.168,0.1,0.094,489.0,547.0
CCC(CC)C(C)C,3-ethyl-2-methylpentane,0.70347,0.6555,0.556,0.334,0.0983,0.098,260.7,290.1
CCCCCC=CCC=CCCCCCCCC(=O)O,"(Z,Z)-9,12-octadecadienoic acid",1.04,1.0,13.452,4.0,0.182,0.171,603.0,646.0
CC(C)(C1CCCCC1)C(C)(C)C1CCCCC1,"2,3-dicyclohexyl-2,3-dimethylbutane",0.92,0.8818,15.217,4.876,0.097,0.092,462.0,526.0
CCCC[C@H](C)CC,(S)-3-methylheptane,0.6895,0.6369,0.856,0.393,0.116,0.104,262.4,291.4
CCCC(C)(C)CC,"3,3-dimethylhexane",0.69453,0.6487,0.58,0.39,0.105,0.095,255.0,289.7
CC(CCC(C)C1CCCCC1)C1CCCCC1,"2,5-dicyclohexylhexane",0.8779,0.8396,10.707,2.978,0.123,0.116,490.0,549.0
CCCCCCC(C)C1CCCC2CCCCC21,2-(1-methylheptyl)bicyclo[4.4.0]decane,0.8589,0.821,4.774,1.949,0.123,0.116,490.0,548.0
CCCCC/C=C/C/C=C/CCCCCCCCO,"9,12-octadecadien-1-ol",0.8496,0.813,12.241,5.043,0.185,0.169,594.0,639.0
CCCCCCCCC1CCCC2CCCCC12,2-octylbicyclo[4.4.0]decane,0.8575,0.82,2.915,1.341,0.13,0.122,495.0,551.0
CCCCCC(C)C,2-methylheptane,0.68163,0.63096,0.609,0.361,0.1075,0.084,259.09,289.93
CC=C(CC)CCCCCCCCC(=CC)CC,"3,12-diethyl-2,12-tetradecadiene",0.8,0.7619,3.184,1.418,0.13,0.122,535.0,587.0
CCCCCCCCC=CCCCCCCCC(=O)O,(Z)-9-octadecenoic acid,0.87696,0.837,19.431,4.516,0.182,0.171,565.0,702.0
CCC(=CCCCCCCC=C(CC)CC)CC,"3,12-diethyl-3,11-tetradecadiene",0.804,0.765,2.239,1.15,0.137,0.128,579.0,625.0
CC[C@@H](C)CC(C)C,"(S)-2,4-dimethylhexane",0.6872,0.6326,0.757,0.354,0.11,0.099,258.3,289.2
CC(C)C(C)C(C)C,"2,3,4-trimethylpentane",0.70336,0.65482,0.62,0.402,0.09992,0.0873,256.0,288.8
CCCCCC/C=C\CCCCCCCCCC(=O)O,"11-octadecenoic acid, (Z)-",0.969,0.928,15.48,4.634,0.172,0.162,576.0,627.0
CC(C)CCC(C)C,"2,5-dimethylhexane",0.67741,0.6244,0.589,0.328,0.0929,0.085,256.9,288.5
CCC(C)(C)C(C)C,"2,3,3-trimethylpentane",0.71033,0.6605,0.732,0.419,0.101,0.0914,253.8,284.0
CCCCOC(=O)CCOC,"propanoic acid, 3-methoxy-, butyl ester",1.037,0.975,1.639,0.728,0.158,0.146,330.0,351.1
CCCCOC(C)C(=O)OC,methyl 2-butoxypropanoate,0.9152,0.8538,1.453,0.609,0.146,0.133,308.0,334.4
C=C(C)CCCCCCCCCCCCCCC,"1-heptadecene, 2-methyl-",0.878,0.835,1.822,0.898,0.133,0.124,561.0,613.0
C=CCCCC(CCCC)(CCCC)CCCC,"1-decene, 6,6-dibutyl-",0.7864,0.748,5.214,1.872,0.126,0.117,533.0,590.0
CCCCCCCCCCOCCCCCCCC,1-(octyloxy)decane,0.798,0.762,5.263,1.969,0.162,0.152,598.0,649.0
CCCCCCCCCCCCC(CC)COC(C)=O,2-ethyltetradecyl ethanoate,0.835,0.794,3.473,1.511,0.094,0.088,544.0,606.0
CCCCCCCCCCCCCCC(C)(C)C,"hexadecane, 2,2-dimethyl-",0.879,0.836,6.598,2.153,0.127,0.119,571.0,627.0
CCCCCCCCCCCCCCCCCC,octadecane,0.77,0.7327,3.896,1.501,0.1476,0.1369,574.9,624.3
CCCCCCCCCCCCCC(C)COC(C)=O,2-methylpentadecyl ethanoate,0.796,0.759,8.417,2.635,0.155,0.145,590.0,643.0
CO[C@H]1O[C@@H](C)CC(C)(C)O1,"cis-2-methoxy-4,6,6-trimethyl-1,3-dioxane",1.021,0.959,1.763,0.792,0.143,0.132,289.0,315.8
C1COCCOCCOCCO1,"1,4,7,10-tetraoxacyclododecane",1.146,1.09,6.021,2.752,0.19,0.178,313.0,342.0
CC(C)CCCC(C)CCCC(C)CCCC(C)O,"6,10,14-trimethyl-2-pentadecanol",0.933,0.889,192.926,22.497,0.141,0.129,607.0,663.0
CO[C@H]1CO[C@@H](C(C)C)OC1,"cis-5-methoxy-2-(1-methylethyl)-1,3-dioxane",1.038,0.975,2.697,1.067,0.154,0.143,293.0,320.3
CCCCCCCC(C)OC(C)CCCCCCC,bis(1-methyloctyl) ether,0.976,0.93,7.787,2.473,0.157,0.147,638.0,685.0
CCCCCCCC(CCCCC)COCCCC,butyl 2-pentylnonyl ether,0.8009,0.764,7.242,2.356,0.149,0.14,560.0,617.0
CCCCCCCCCCCCCCCCOCC,cetyl ethyl ether,0.8062,0.769,4.962,1.951,0.16,0.15,586.0,638.0
CCCCCCCCCCCCCCCCCOC,heptadecanol 1-methyl ether,0.926,0.884,4.752,1.81,0.162,0.153,599.0,649.0
CCOCCCC(C)CCCC(C)CCCC(C)C,"ethyl 4,8,12-trimethyltridecyl ether",0.927,0.883,7.012,2.265,0.145,0.136,602.0,656.0
CCCCCCCCCOCCCCCCCCC,"nonane, 1,1'-oxybis-",0.8,0.764,4.75,1.832,0.1542,0.1444,578.0,631.0
CCCCCCOCCCCCCOCCCCCC,"1,6-bis(hexyloxy)hexane",0.828,0.792,7.488,2.778,0.176,0.166,595.0,647.0
CCCCCCOC(C)CCC(C)OCCCCCC,"2,5-bis(hexyloxy)hexane",0.947,0.903,10.348,3.212,0.165,0.155,603.0,657.0
COCCOC1CCCCO1,2-(2-Methoxyethoxy)-tetrahydro-2H-pyran,1.054,0.995,2.846,1.216,0.167,0.155,301.0,324.1
CCCCCCCCCCCCCCCOCCCO,3-(pentadecyloxy)-1-propanol,0.992,0.95,20.161,5.895,0.188,0.171,639.0,686.0
CCCCOC(C)OC(C)=O,1-butoxyethyl ethanoate,0.894,0.8364,1.421,0.598,0.143,0.131,291.1,319.2
CO[C@H]1CO[C@H](C(C)C)OC1,"1,3-dioxane, 5-methoxy-2-(1-methylethyl)-, trans-",1.038,0.975,2.697,1.067,0.154,0.143,293.0,320.3
COCCC1COC(C)(C)O1,"1,3-Dioxolane, 4-(2-methoxyethyl)-2,2-dimethyl- (7CI)",1.039,0.974,1.636,0.77,0.149,0.138,299.0,324.2
CCCC(=O)C(C)(C)C,"2,2-dimethyl-3-hexanone",0.7989,0.7448,1.214,0.564,0.131,0.12,270.4,296.6
CC1(C)CCC(C)(C)O1,"2,2,5,5-tetramethyltetrahydrofuran",0.792,0.7356,1.061,0.489,0.106,0.096,233.5,264.6
CCCCOCCOC(C)=O,2-butoxyethyl acetate,0.9227,0.8662,1.333,0.67,0.156,0.144,328.0,349.8
C=C(CC(C)(C)C)OC,"1-pentene, 2-methoxy-4,4-dimethyl-",0.775,0.719,0.877,0.417,0.11,0.1,262.7,290.7
CC1(O)CCCCCC1,1-methylcycloheptanol,0.91,0.857,4.176,1.622,0.124,0.117,263.6,289.5
CCCCOC=C(C)C,1-butoxy-2-methylpropylene,0.81,0.748,0.704,0.401,0.131,0.119,280.4,303.9
C=C(OC(C)C)C(C)C,"1-butene, 3-methyl-2-(1-methylethoxy)-",0.778,0.712,0.566,0.323,0.114,0.102,272.1,300.7
CCCCCCCCC(CCCCCC)COC(C)=O,2-hexyldecyl ethanoate,0.7685,0.7292,3.696,1.289,0.123,0.115,583.0,638.0
CCCCCCCCCCCCC(C)CC(C)C,"hexadecane, 2,4-dimethyl-",0.7682,0.7299,3.905,1.507,0.132,0.123,602.0,655.0
CCCCCCCCCCCCCC(C)C(C)C,"hexadecane, 2,3-dimethyl-",0.7732,0.7349,4.152,1.538,0.134,0.125,565.0,622.0
CC(C)CCCC(C)CCC1C(C)CCCC1C,"1,3-dimethyl-2-(3,7-dimethyloctyl)cyclohexane",0.766,0.7256,4.047,1.571,0.14,0.131,566.0,622.0
CCCCCCCCCCCCCCC=C(C)C,2-methyl-2-heptadecene,0.7822,0.7445,2.301,1.155,0.14,0.131,576.0,625.0
CCCCCCCCCC(C)OC(=O)CCCCCC,1-methyldecyl heptanoate,0.8402,0.7945,8.807,2.895,0.154,0.145,601.0,654.0
CCCCCCCCCCCCCC(=O)OC(C)CC,1-methylpropyl tetradecanoate,0.8416,0.7963,8.793,2.888,0.154,0.145,601.0,654.0
CCCCCCCCCCCC(=O)OC(C)CCCC,1-methylpentyl dodecanoate,0.8434,0.7985,8.774,2.88,0.154,0.145,601.0,654.0
CCCCCCCCCCC(=O)OC(C)CCCCC,1-methylhexyl undecanoate,0.8384,0.793,8.826,2.9,0.154,0.145,601.0,654.0
CCCCCCC(O)CC=CCCCCCCCCO,12-hydroxy-cis-9-octadecenol,1.05,1.004,140.952,26.892,0.207,0.188,664.0,707.0
CCCCCCCCCCC(CCCC)COC(C)=O,2-butyldodecyl ethanoate,0.8451,0.8009,8.756,2.872,0.155,0.145,602.0,654.0
CCCCCCCCCCCCC(CCCC)C(=O)O,2-butyltetradecanoic acid,0.8653,0.828,28.892,7.005,0.157,0.148,589.0,643.0
CCCCCCCCCCCCCCC(CC)C(=O)O,2-ethylhexadecanoic acid,0.8677,0.83,28.812,6.988,0.157,0.148,589.0,643.0
CCCCCCCCCC(CCCCCCC)C(=O)O,2-heptylundecanoic acid,0.8657,0.828,28.878,7.005,0.157,0.148,589.0,643.0
CCCCCCCCCCCCCCC(C)CC,"heptadecane, 3-methyl-",0.769,0.732,3.199,1.421,0.14,0.13,576.0,630.0
CCCCCCCCCCC(CCCCCC)C(=O)O,2-hexyldodecanoic acid,0.8651,0.828,28.898,7.005,0.157,0.148,589.0,643.0
CCCCCC[C@H](O)C/C=C\CCCCCCCC(=O)O,[R]-12-hydroxy-cis-9-octadecenoic acid,0.841,0.7976,8.799,2.884,0.155,0.145,602.0,654.0
CCCCCCCCCCCCCC(=O)OCC(C)C,2-methylpropyl tetradecanoate,0.978,0.932,4.642,2.039,0.155,0.145,602.0,654.0
CCCCCCC(CC)C(CC)CCCCCC,"7,8-diethyltetradecane",0.7752,0.7375,2.709,1.166,0.124,0.116,521.0,583.0
CCCCCCCC(CCCCC)COC(=O)C(C)C,2-pentylnonyl 2-methylpropanoate,0.8359,0.796,7.178,2.387,0.144,0.135,578.0,635.0
CCCCCCCC(CCC)CCCCCCC,8-propylpentadecane,0.7791,0.742,3.851,1.617,0.139,0.13,574.0,628.0
CCC(CC)CCCCCCCCC(CC)CC,"3,12-diethyltetradecane",0.7802,0.742,3.679,1.497,0.137,0.128,596.0,648.0
CCCCCCCCCCCC(CCCCC)C(=O)O,2-pentyltridecanoic acid,0.8739,0.836,28.607,6.938,0.157,0.148,589.0,643.0
CCCCCCCCC(C)CCCCCCCC,9-methylheptadecane,0.775,0.739,4.258,1.624,0.141,0.132,576.0,630.0
CCC(C)(C)CCCC(C)CCCC(C)(C)CC,"3,3,7,11,11-pentamethyltridecane",0.7772,0.74,4.889,2.027,0.103,0.096,569.0,627.0
CC1CCCCC1(C)C(C)C1(C)CCCCC1C,"1,1-bis(dimethylcyclohexyl)ethane",0.8805,0.8417,15.105,3.564,0.092,0.086,471.0,538.0
CC(=O)C=CC=C(C)CCCC(C)CCCC(C)C,"6,10,14-trimethyl-3,5-pentadecadien-2-one",0.85173,0.8094,5.988,2.1,0.135,0.131,567.6,609.0
CC(C)C1CCC2C(CCC3C(C)CCCC32)C1,tetradecahydro-1-methyl-7-(1-methylethyl)phenanthrene,0.946,0.905,3.171,1.215,0.107,0.101,448.0,508.0
CC(C)Cc1ccc(CC(C)C)c2ccccc12,"1,4-bis(2-methylpropyl)naphthalene",0.9199,0.882,9.458,2.948,0.185,0.175,462.0,507.0
c1ccc(CCCCCCc2ccccc2)cc1,"1,6-diphenylhexane",0.9378,0.8959,5.374,1.797,0.171,0.161,495.0,530.0
CCC(C)C(CC)OC,1-ethyl-2-methylbutyl methyl ether,0.802,0.741,0.786,0.405,0.126,0.114,287.3,315.3
CC(C)c1cccc(-c2cccc(C(C)C)c2)c1,"1,1'-biphenyl, 3,3'-bis(1-methylethyl)-",0.982,0.94,10.081,3.191,0.187,0.177,423.0,471.0
O=C(CCCCC(=O)c1ccccc1)c1ccccc1,"1,4-dibenzoylbutane",0.982,0.941,10.081,3.188,0.187,0.177,423.0,471.0
CC(C)c1cc(-c2ccccc2)cc(C(C)C)c1,"1,1'-biphenyl, 3,5-bis(1-methylethyl)-",0.982,0.94,10.081,3.191,0.187,0.177,423.0,471.0
CCc1ccc(C(C)c2ccc(CC)cc2)cc1,"1,1-(4,4'-diethyl)diphenylethane",0.9519,0.912,6.093,1.974,0.129,0.122,426.0,472.0
CCC1(CC)CCCc2c1ccc1ccccc21,"1,1-diethyl-1,2,3,4-tetrahydrophenanthrene",1.0179,0.9797,14.736,4.491,0.177,0.168,411.0,457.0
CC(C)(C)c1ccc2cc3ccccc3cc2c1,2-(tert-butyl)anthracene,0.9485,0.9089,6.115,1.98,0.129,0.122,426.0,472.0
CCC(c1ccccc1)c1c(O)c2ccccc2oc1=O,4-hydroxy-3-(1-phenylpropyl)-2H-1-benzopyran-2-one,0.9387,0.899,21.306,5.339,0.159,0.151,442.0,486.0
CCCC(Cc1ccccc1)Cc1ccccc1,"1,3-diphenyl-2-propylpropane",0.9407,0.9009,6.697,1.931,0.158,0.149,435.0,479.0
CCC(c1ccc(C)cc1)c1ccc(C)cc1C,"1-(2,4-dimethylphenyl)-1-(4-methylphenyl)propane",0.951,0.9135,7.992,2.408,0.116,0.11,430.0,475.0
CCc1ccc(CCC(C)c2ccccc2)cc1,1-(4-ethylphenyl)-3-phenylbutane,0.9591,0.9186,7.924,2.504,0.143,0.135,431.0,476.0
CCC(OC)C(C)(C)C,"1-ethyl-2,2-dimethylpropyl methyl ether",0.763,0.708,0.852,0.452,0.114,0.104,273.2,303.4
CCCc1ccc(C(C)c2ccc(C)cc2)cc1,1-(4-methylphenyl)-1-(4-propylphenyl)ethane,0.992,0.95,6.25,2.0,0.129,0.122,430.0,475.0
CCC(C)(OC)C(C)C,"1-ethyl-1,2-dimethylpropyl methyl ether",0.77,0.713,0.831,0.449,0.114,0.103,277.9,307.6
CC(C)(C)C(C)(C)C,"2,2,3,3-tetramethylbutane",0.795,0.733,0.742,0.396,0.125,0.113,285.7,314.2
CCC(C)CC(C)OC,"1,3-dimethylpentyl methyl ether",0.795,0.733,0.742,0.396,0.125,0.113,285.6,314.1
CCOC(C)CC(C)C,"1,3-dimethylbutyl ethyl ether",0.79,0.727,0.696,0.371,0.125,0.112,284.8,313.6
CCC(C)(c1ccc(C)cc1)c1ccc(C)cc1,"2,2-bis(4-methylphenyl)butane",0.974,0.934,13.347,3.426,0.117,0.111,417.0,465.0
CCCCc1ccc(CCCC)c2ccccc12,"1,4-dibutylnaphthalene",0.9289,0.888,4.952,1.914,0.2,0.188,477.0,518.0
CCCCCCCC(=O)c1cccc2ccccc12,1'-octanonaphthone,0.9964,0.958,16.058,5.219,0.251,0.239,517.0,550.0
CC(C)CC(C)(C)Cc1cccc2ccccc12,"1-(2,2,4,4-tetramethylbutyl)naphthalene",0.9452,0.9078,9.628,2.974,0.18,0.17,422.0,473.0
CCCCCCOC(=O)Cc1cccc2ccccc12,"1-naphthaleneacetic acid, hexyl ester",1.025,0.985,9.366,3.249,0.234,0.222,514.0,552.0
CCCCCCCOC(=O)c1cccc2ccccc12,"1-naphthalenecarboxylic acid, heptyl ester",1.0192,0.978,10.793,3.681,0.238,0.226,533.0,568.0
CCCOC(C)C(C)C,"1,2-dimethylpropyl propyl ether",0.798,0.736,0.752,0.394,0.126,0.114,286.6,314.9
CCCCCCOC(=O)Cc1ccc2ccccc2c1,"2-naphthaleneacetic acid, hexyl ester",1.016,0.976,9.449,3.279,0.234,0.222,515.0,553.0
CCCCCCCOC(=O)c1ccc2ccccc2c1,"2-naphthoic acid, heptyl ester",1.013,0.974,10.859,3.696,0.239,0.227,534.0,569.0
CCC(C)(CC(C)C)c1cccc2ccccc12,"(1,3-dimethyl-1-ethylbutyl)naphthalene",0.9606,0.9239,13.533,3.897,0.184,0.175,441.0,489.0
c1ccc2c(c1)C1CCCCC1C1CCCCC21,"1,2,3,4,4a,4b,5,6,7,8,8a,12b-dodecahydrotriphenylene",0.935,0.902,7.166,2.55,0.122,0.116,398.0,449.0
CCCCCC(c1ccccc1)c1ccccc1,"1,1-diphenylhexane",0.9435,0.903,8.691,2.658,0.159,0.15,438.0,483.0
CC(CCC(C)c1ccccc1)c1ccccc1,"1,1'-(1,4-dimethyl-1,4-butanediyl)bisbenzene",0.9477,0.9082,15.828,4.184,0.148,0.14,412.0,462.0
Cc1c(C)c(C)c2cc3ccccc3cc2c1C,"anthracene, 1,2,3,4-tetramethyl-",1.126,1.087,15.986,4.232,0.228,0.218,436.0,471.0
CCCCCOC(C)C,1-isopropoxypentane,0.7462,0.6895,0.831,0.435,0.131,0.118,288.7,315.5
CCOCCOC(C)CC,1-ethoxy-2-(1-methylpropoxy)ethane,0.8147,0.7573,1.313,0.647,0.147,0.134,315.0,339.1
CCCCOCCOCC,1-butoxy-2-ethoxyethane,0.8233,0.7666,1.142,0.639,0.153,0.14,318.0,339.9
COCCCCCCOC,"1,6-dimethoxyhexane",0.8396,0.7883,2.144,0.863,0.152,0.14,303.0,326.2
Cc1ccc(-c2ccc3cccc(C)c3c2)cc1,1-methyl-7-(4-methylphenyl)naphthalene,1.0374,0.999,20.243,5.706,0.259,0.246,403.0,439.0
Cc1ccccc1-c1c(C)ccc2ccccc12,2-methyl-1-(2-methylphenyl)naphthalene,1.103,1.063,18.132,5.08,0.256,0.244,395.0,433.0
CCC(CO)(CO)C(C)C,"1,3-propanediol, 2-ethyl-2-isopropyl-",0.885,0.841,29.379,4.162,0.135,0.128,304.0,332.7
CCCCC(C)(CO)CO,"1,3-propanediol, 2-butyl-2-methyl-",0.955,0.907,90.052,9.482,0.148,0.139,350.0,372.0
CCCOCCOCCC,"1,2-dipropoxyethane",0.8218,0.7655,1.168,0.653,0.154,0.14,316.0,340.0
c1ccc2c(c1)CCC2C1CCc2ccccc21,"1,1'-biindanyl",1.0576,1.022,4.444,1.957,0.128,0.122,368.0,413.0
CCCC(OCC)OCC,"1,1-diethoxybutane",0.864,0.801,1.111,0.562,0.145,0.131,312.0,336.7
Cc1c(C)c(C)c2c(ccc3ccccc32)c1C,"1,2,3,4-tetramethylphenanthrene",1.115,1.077,17.04,4.364,0.227,0.217,429.0,465.0
CCOC(OCC)C(C)C,"1,1-diethoxy-2-methylpropane",0.858,0.792,1.037,0.53,0.139,0.126,307.4,334.1
Cc1cc2cc3c(C)cccc3cc2c(C)c1C,"1,2,3,5-tetramethylanthracene",1.128,1.089,15.957,4.224,0.229,0.219,439.0,473.0
Cc1ccc(C)c2cc3c(C)ccc(C)c3cc12,"1,4,5,8-tetramethylanthracene",1.128,1.089,15.957,4.224,0.229,0.219,439.0,473.0
CC(C)Cc1cc2ccccc2c2ccccc12,9-isobutylphenanthrene,1.096,1.056,27.372,6.25,0.259,0.247,414.0,454.0
C(=C/c1ccccc1)\CC/C=C/c1ccccc1,"1,6-diphenyl-1,5-hexadiene",0.9788,0.9432,16.347,4.665,0.176,0.168,397.0,439.0
CCCCC(C)COC,1-methoxy-2-methylhexane,0.787,0.73,0.864,0.438,0.131,0.119,285.1,311.9
C(#CC1=CCCc2ccccc21)C1=CCCCC1,"1-[2-(1-cyclohexenyl)ethynyl]-3,4-dihydronaphthalene",1.0321,0.9941,49.414,10.059,0.168,0.16,388.0,429.0
CCCCC(C)CCO,"1-heptanol, 3-methyl-",0.7731,0.72603,9.701,1.722,0.133,0.124,307.0,331.4
CCCOC(CC)CC,1-ethylpropyl propyl ether,0.777,0.719,0.798,0.417,0.13,0.118,282.1,309.5
CCC(CC)OC(C)C,1-ethylpropyl 1-methylethyl ether,0.787,0.723,0.673,0.36,0.124,0.111,284.6,313.6
CCCC(C)CCC,4-methylheptane,0.781,0.723,0.832,0.429,0.131,0.118,282.2,309.4
Cc1cc(C)c2c(ccc3cc(C)cc(C)c32)c1,"2,4,5,7-tetramethylphenanthrene",1.131,1.092,16.799,4.304,0.229,0.219,441.0,475.0
Cc1ccc2ccc3ccc(C)c(C)c3c2c1C,"3,4,5,6-tetramethylphenanthrene",1.122,1.083,16.934,4.247,0.228,0.218,434.0,469.0
CCc1cc2c(ccc3c(C)cccc32)cc1C,"6-ethyl-1,7-dimethylphenanthrene",1.124,1.084,16.904,4.336,0.242,0.231,434.0,469.0
CCC(CC(C)C)OC,1-ethyl-3-methylbutyl methyl ether,0.795,0.733,0.742,0.396,0.125,0.113,285.6,314.1
CC(C)Cc1c2ccccc2cc2ccccc12,9-(2-methylpropyl)anthracene,1.101,1.06,27.248,6.132,0.26,0.248,417.0,456.0
C=C(C)CCCC(C)C=CC=Cc1ccccc1,"(5,9-dimethyl-1,3,9-decatrienyl)benzene",0.9151,0.8767,5.245,1.825,0.152,0.144,462.0,507.0
CCCC(C)C(C)OC,"1,2-dimethylpentyl methyl ether",0.803,0.741,0.785,0.405,0.127,0.114,287.4,315.4
C1CCC(C2CCC(C3CCCCC3)CC2)CC1,p-tercyclohexyl,1.019,0.977,20.608,6.141,0.128,0.121,487.0,538.0
CCCCC(C)(CC)c1cccc2ccccc12,1-(1-ethyl-methylpentyl)naphthalene,0.9493,0.9122,11.587,3.508,0.203,0.193,453.0,498.0
CCCCCCCCC1CCc2ccccc2C1,"1,2,3,4-tetrahydro-2-ocytlnaphthalene",0.8615,0.824,4.759,1.82,0.147,0.138,512.0,555.0
CCCCCCCCCCCOc1ccc(C(=O)O)cc1,4-undecyloxybenzoic acid,1.095,1.052,136.986,17.11,0.176,0.167,548.0,593.0
CCCCCCc1ccc(CCCCCC)cc1,"1,4-di-n-hexylbenzene",0.8444,0.806,4.619,1.861,0.142,0.133,517.0,563.0
CC(C)CCCC(C)CCC(C)c1ccccc1,"(1,4,8-trimethylnonyl)benzene",0.8426,0.803,4.866,1.743,0.138,0.13,515.0,565.0
CCCCCCC(C)CC(C)(C)c1ccccc1,"(1,1,3-trimethylnonyl)benzene",0.8516,0.8137,5.636,2.089,0.127,0.12,479.0,534.0
CCCCCCC(Cc1ccccc1)CC(C)C,(2-hexyl-4-methylpentyl)benzene,0.8531,0.8134,4.572,1.721,0.141,0.132,496.0,547.0
CCCCCCCCC(C)CCc1ccccc1,(3-methylundecyl)benzene,0.8488,0.8098,4.83,1.729,0.146,0.137,491.0,542.0
CCC1CCC2CCC3CCCC4CCC1C2C34,3-ethylperhydropyrene,1.021,0.98,15.377,3.571,0.1023,0.0975,451.0,498.0
CCCC(CC)c1ccc(C(CC)CCC)cc1,"1,4-bis(1-ethylbutyl)benzene",0.9026,0.8607,6.758,2.208,0.13,0.122,515.0,564.0
CCCCCCCCC(CCC)c1ccccc1,4-phenyldodecane,0.841,0.805,5.113,1.863,0.148,0.139,507.0,556.0
Cc1ccc(C)c(CCC(C)CCCC(C)C)c1,"1,4-dimethyl-2-(3,7-dimethyloctyl)benzene",0.8457,0.8049,3.193,1.292,0.112,0.105,491.0,543.0
CCC(C)(CC)CC,3-ethyl-3-methylpentane,0.71197,0.6639,0.642,0.398,0.106,0.096,253.8,285.7
CC(CC(C)(C)C)c1ccc(CC(C)(C)C)cc1,"1-(2,2-dimethylpropyl)-4-(1,3,3-trimethylbutyl)benzene",0.8367,0.798,6.573,2.256,0.097,0.091,479.0,535.0
CCCCCCCCCCc1c(C)cccc1C,"1-decyl-2,6-dimethylbenzene",0.8556,0.817,2.104,1.053,0.128,0.121,524.0,569.0
CC/C=C/C/C=C/C/C=C/CCCCCCCC(=O)O,"9,12,15-octadecatrienoic acid",0.997,0.955,14.042,4.188,0.187,0.176,547.0,594.0
CCCC(C)c1ccc(CC)c(C(C)CCC)c1,"1-ethyl-2,4-bis(1-methylbutyl)benzene",0.8543,0.8151,2.926,1.202,0.11,0.103,476.0,530.0
CCCCCCCCCCC(C)c1ccccc1,2-phenyldodecane,0.8414,0.8004,4.058,1.382,0.15,0.14,514.0,562.0
CCCCCCCCCC(CC)c1ccccc1,3-phenyldodecane,0.84,0.797,5.357,1.882,0.149,0.14,508.0,557.0
C=Cc1ccc(CCCCCCCCCC)cc1,p-decylstyrene,0.8417,0.8015,5.109,1.871,0.148,0.139,503.0,553.0
CC(C)(C)c1cc(C(C)(C)C)cc(C(C)(C)C)c1,"1,3,5-tri-tert-butylbenzene",0.8417,0.8016,5.109,1.871,0.148,0.139,506.0,555.0
CCC1(CCC2(CC)CCCCC2)CCCCC1,"1,2-bis(1-ethylcyclohexyl)ethane",0.8908,0.852,13.471,3.521,0.122,0.115,594.0,638.0
C1CCC(C2CCCC(C3CCCCC3)C2)CC1,"1,3-dicyclohexylcyclohexane",0.9229,0.8844,37.816,4.557,0.125,0.119,455.0,506.0
C(CCCC1CCCCC1)CCC1CCCCC1,"1,6-dicyclohexylhexane",0.8478,0.815,9.578,2.688,0.136,0.128,493.0,549.0
C=C(CC(C)(C)C)C1CC=C(C(C)(C)CC)CC1,"cyclohexene, 1-(1,1-dimethylpropyl)-4-(3,3-dimethyl-1-methylenebutyl)-",0.8313,0.7908,8.421,2.656,0.086,0.081,486.0,545.0
CCCCC[C@@H]1c2ccccc2C[C@@H]1CCCC,"cis-2-butyl-2,3-dihydro-1-pentyl-1H-indene",0.891,0.853,8.979,2.696,0.133,0.126,492.0,537.0
CCCCCCC[C@H]1Cc2ccccc2[C@H]1CC,"cis-2,3-dihydro-1-ethyl-2-heptyl-1H-indene",0.893,0.855,8.959,2.69,0.133,0.126,492.0,537.0
CCCCCCC(C)c1cccc2ccccc12,1-(1-methylheptyl)naphthalene,0.9282,0.8914,11.851,3.478,0.205,0.194,458.0,503.0
CCCC(C)(CCC)c1cccc2ccccc12,1-(1-methyl-1-propylbutyl)naphthalene,0.991,0.953,26.236,6.086,0.191,0.182,448.0,494.0
CCCCC(CC)Cc1cccc2ccccc12,1-(2-ethylhexyl)naphthalene,0.935,0.8981,11.765,3.563,0.205,0.195,462.0,506.0
CCOC(C)C(C)CC,"1,2-dimethylbutyl ethyl ether",0.798,0.736,0.752,0.394,0.126,0.114,286.5,314.8
CCCC(C)(C)OCC,"1,1-dimethylbutyl ethyl ether",0.782,0.724,1.113,0.511,0.121,0.11,284.3,311.9
C=C(C)C1CC(=C)C(C)C(Cc2ccccc2)C1,1-methylene-2-methyl-3-(phenylmethyl)-5-(1-methylethenyl)cyclohexane,0.9322,0.8897,5.042,1.686,0.115,0.108,434.0,483.0
CCCCCCCCc1cccc2ccccc12,1-octylnaphthalene,0.9292,0.8926,6.027,2.241,0.208,0.197,446.0,490.0
CCCCc1cc2ccccc2cc1CCCC,"2,3-dibutylnaphthalene",0.9377,0.899,5.972,2.225,0.199,0.188,471.0,512.0
Cc1cc2cccc(CCCC(C)C)c2cc1C,"2,3-dimethyl-5-(4-methylpentyl)naphthalene",0.9354,0.897,8.125,2.453,0.178,0.168,467.0,511.0
CCCCC(CCC)c1ccc2ccccc2c1,2-(1-propylpentyl)naphthalene,0.9245,0.8882,11.898,3.49,0.204,0.194,457.0,501.0
CCCCCC(CC)c1ccc2ccccc2c1,2-(1-ethylhexyl)naphthalene,0.927,0.8905,11.866,3.481,0.204,0.194,457.0,501.0
C=CC(OC(C=C)C1CC=CCC1)C1CC=CCC1,bis[1-(3-cyclohexen-1-yl)allyl] ether,0.945,0.905,14.815,4.53,0.169,0.16,498.0,544.0
CCCCc1cc2c(cc1CCCC)CCCC2,"6,7-dibutyl-1,2,3,4-tetrahydronaphthalene",0.9106,0.873,6.809,2.52,0.116,0.109,488.0,534.0
CC(C)=CCCC(C)CC=CCc1ccccc1,"(5,9-dimethyl-2,8-decadienyl)benzene",0.8722,0.832,5.847,2.043,0.157,0.147,527.0,566.0
Cc1ccc2c(c1)CCC1C2CCCC1C(C)C,"1-(1-methylethyl)-7-methyl-1,2,3,4,4a,9,10,10a-octahydrophenanthrene",0.9471,0.91,16.894,3.956,0.107,0.101,435.0,486.0
CCCCCCCC1=Cc2ccccc2C1CC,"1H-indene, 1-ethyl-2-heptyl-",0.979,0.938,3.779,1.493,0.162,0.153,462.0,508.0
CCCCCC1C(CCCC)=Cc2ccccc21,"1H-indene, 2-butyl-1-pentyl-",0.979,0.938,3.779,1.493,0.162,0.153,462.0,508.0
c1cc2c(cc1CCC1CCCCC1)CCCC2,"6-(2-cyclohexylethyl)-1,2,3,4-tetrahydronaphthalene",0.9586,0.921,17.734,5.212,0.124,0.118,437.0,486.0
CC(C)CC1CCC(CC(C)C)c2ccccc21,"1,4-bis(2-methylpropyl)-1,2,3,4-tetrahydronaphthalene",0.9009,0.8625,16.65,4.29,0.118,0.112,467.0,519.0
CCCCC(=Cc1ccc(C)cc1C)CCCC,"1-(2-butyl-1-hexenyl)-2,4-dimethylbenzene",0.881,0.8419,2.043,1.021,0.12,0.113,498.0,544.0
C=COCCOCCOCCO,2-[2-[2-(ethenyloxy)ethoxy]ethoxy]ethanol,0.69702,0.64776,0.524,0.326,0.116,0.104,261.6,290.2
CCC(C)C(C)CC,"3,4-dimethylhexane",0.70357,0.6547,0.569,0.351,0.111,0.1,253.1,285.4
CCCCCCCCC1CCCc2ccccc21,"1-octyl-1,2,3,4-tetrahydronaphthalene",0.9024,0.864,14.406,4.398,0.142,0.134,504.0,548.0
CC1C(C)(C)c2ccc(C(C)(C)C)cc2C1(C)C,"5-(1,1-dimethylethyl)-1,1,2,3,3-pentamethylindan",0.944,0.903,9.958,2.658,0.07,0.066,458.0,511.0
CCCCCCCCc1ccc2c(c1)CCCC2,"6-octyl-1,2,3,4-tetrahydronaphthalene",0.8981,0.861,6.792,2.555,0.13,0.123,487.0,533.0
CCO/C=C\C(C)(C)C,"1-butene, 1-ethoxy-3,3-dimethyl-, (Z)-",0.791,0.732,0.961,0.451,0.126,0.114,268.9,295.0
c1ccc(C2c3ccccc3-c3ccccc32)cc1,9-phenyl-9H-fluorene,1.2052,1.163,5.31,2.236,0.213,0.204,397.0,434.0
CCC(C)(O)CCCC(C)CCCC(C)C,"3-dodecanol, 3,7,11-trimethyl-",0.8255,0.7837,48.455,7.146,0.124,0.114,499.0,548.0
CC(C)C(C)C1CC1,"(1,2-dimethylpropyl)cyclopropane",0.7332,0.679,0.764,0.353,0.108,0.098,239.9,270.0
CC/C=C\C(C)(C)C,"(Z)-2,2-dimethyl-3-hexene",0.69568,0.6419,0.676,0.374,0.11,0.099,241.6,270.7
CCCCC(CCCC)(CCCC)C1CCCCC1,"(1,1-dibutylpentyl)cyclohexane",0.923,0.88,3.575,1.364,0.142,0.133,578.0,633.0
CCCCCCCCCCCCCCCC(=O)OC(C)C,1-methylethyl hexadecanoate,0.837,0.798,5.173,1.955,0.159,0.148,649.0,702.0
CCCCCCCCC(C)CCCCCCCCC(=O)O,10-methyloctadecanoic acid,0.955,0.916,30.366,7.205,0.157,0.148,609.0,667.0
CCCC=CCCC,(E)-4-octene,0.6978,0.6446,0.889,0.403,0.128,0.115,252.6,278.2
CCC(COC(C)=O)OC(C)=O,"1,2-butanediol diacetate",0.7466,0.6924,0.844,0.39,0.112,0.102,222.6,251.6
CC(=O)OCCOCCOC(C)=O,diethylene glycol diacetate,1.24,1.17,2.984,1.043,0.172,0.159,349.0,370.3
CCCCCCCCCCCC1CCCCCCC1,undecylcyclooctane,0.8326,0.7932,9.488,3.656,0.14,0.132,550.0,609.0
CCCCCCCCCCCCCCC(=O)OCCCC,butyl pentadecanoate,0.99,0.944,5.354,2.013,0.163,0.153,634.0,689.0
CCCCCCCCCCCCCCCCC(=O)CC,3-nonadecanone,0.908,0.866,3.634,1.617,0.177,0.166,618.0,670.0
CCC(C)CCCC(C)CCCC(C)CCCC(C)=O,"3,7,11-trimethyl-15-hexadecanone",0.8264,0.787,5.808,2.033,0.158,0.147,616.0,672.0
CCCCCC(C)CCCC(C)CCC/C(C)=C/CO,"3,7,11-trimethyl-2-hexadecen-1-ol",0.8444,0.807,95.926,17.348,0.148,0.135,619.0,675.0
CCCCCCCCCCCCCCCC(=O)CCC,4-nonadecanone,0.796,0.7591,4.146,1.844,0.177,0.166,618.0,670.0
CCCCCCCCCCCCCCCCCCC=O,nonadecanal,0.965,0.922,5.699,2.169,0.182,0.171,634.0,684.0
CCCCCCCCCCCCC(C)C(C)C(C)C(=O)O,"2,3,4-trimethylhexadecanoic acid",0.954,0.913,27.254,6.681,0.144,0.136,608.0,668.0
CCCCCCCCCCCCCCCCCC(=O)OC,methyl octadecanoate,0.8502,0.8065,5.857,2.06,0.144,0.13632,650.0,692.0
CCCCCCCCCCCCCC(CCC)CC(=O)O,3-propylhexadecanoic acid,0.861,0.8246,33.682,8.125,0.157,0.148,609.0,667.0
CCCCCCCCCCCCC(CCC)CCC(=O)O,4-propylhexadecanoic acid,0.862,0.825,33.643,8.121,0.157,0.148,609.0,667.0
CCCCCCCCCCCC(=O)OC(C)CCCCC,"dodecanoic acid, 1-methylhexyl ester",0.8395,0.7999,10.482,3.25,0.156,0.147,633.0,688.0
CCCCCCCCCCCCCCCCC(=O)OCC,"heptadecanoic acid, ethyl ester",0.8454,0.807,6.388,2.354,0.163,0.153,634.0,689.0
CCCCCCCCCCCCCCCCCOC(C)=O,heptadecyl ethanoate,0.953,0.911,4.722,1.756,0.156,0.146,598.0,657.0
CCCCCCCCCCCC(=O)OCCCCCCC,heptyl dodecanoate,0.8472,0.809,5.43,2.101,0.157,0.148,605.0,663.0
CC(C)CCCC(C)CCCC(C)CCCC(C)C,"2,6,10,14-tetramethylpentadecane",0.7686,0.7275,4.567,1.597,0.12,0.112,584.4,646.0
CCCCCCCCCCCCCCCCC(C)C,2-methyloctadecane,0.768,0.732,4.635,1.721,0.141,0.132,606.0,664.0
CCOC(=O)CCCCCCCCCCCCC(C)CC,"hexadecanoic acid, 14-methyl-, ethyl ester",0.988,0.942,8.907,2.76,0.156,0.147,633.0,688.0
CCCC(CCC)CCCCCC(CCC)CCC,"4,10-dipropyltridecane",0.7787,0.7417,4.02,1.483,0.129,0.121,575.0,637.0
CCCCC(C)CCCCCCCCCCCC(=O)OC,methyl 13-methylheptadecanoate,0.991,0.945,9.485,2.857,0.157,0.147,634.0,689.0
CCCCCCC(CCCC)(CCCC)CCCC,"5,5-dibutylundecane",0.7896,0.7536,7.092,2.389,0.119,0.112,550.0,614.0
CCC(C)CCCCCCCCCCCCCC(=O)OC,methyl 15-methylheptadecanoate,1.004,0.958,9.861,3.027,0.159,0.149,644.0,698.0
CCCCCCCCCCCCCCCCC1CC1,hexadecylcyclopropane,0.78894,0.748,4.183,1.604,0.141,0.132,579.0,635.0
CCC(C)C1CCC1,(1-methylpropyl)cyclobutane,0.7445,0.6915,0.833,0.376,0.113,0.103,232.9,261.6
CCOC=CC(C)(C)C,"1-butene, 1-ethoxy-3,3-dimethyl-, (E)-",0.791,0.732,0.961,0.451,0.126,0.114,268.9,295.0
C/C=C\CCCCC,(Z)-2-octene,0.7076,0.6551,0.919,0.412,0.128,0.116,252.1,277.5
CCCCCCC1CC2CCCC2CC1CCCC,3-butyl-4-hexylbicyclo[4.3.0]nonane,0.856,0.819,8.329,2.125,0.125,0.118,528.0,586.0
CCCc1ccc(C(C)CCC)cc1C(C)CCC,"2,4-bis(1-methylbutyl)-1-propylbenzene",0.848,0.811,7.795,2.466,0.138,0.13,611.0,658.0
CCC#CCCCCCCCCCCCCCCC,3-nonadecyne,0.906,0.865,11.038,3.121,0.155,0.145,590.0,639.0
CCCCCCCC1CCC(C2CCCCC2)CC1,4-heptylbicyclohexyl,0.8598,0.8234,11.282,3.401,0.127,0.12,491.0,553.0
C=CCOC(=O)CCCCCCCCCCCCCCC,allyl palmitate,1.0,0.952,4.8,1.786,0.167,0.156,622.0,675.0
CCCCCCC1CCC2CC(CCCC)CC2C1,8-butyl-3-hexylbicyclo[4.3.0]nonane,0.8453,0.8055,7.82,2.235,0.132,0.124,624.0,669.0
CCCCCCCCCCC1CC2CCCCC2C1,8-decylbicyclo[4.3.0]nonane,0.853,0.815,8.054,2.098,0.138,0.13,585.0,635.0
CCCCCCCCCCCCCCC1=CCCC1,tetradecylcyclopentene,0.8213,0.783,4.018,1.66,0.137,0.129,538.0,595.0
CCCCCCC=CCCCCCCCCCC(=O)OC,(E)-methyl 11-octadecenoate,0.999,0.954,5.405,1.992,0.171,0.161,622.0,674.0
CCCCCCCCC=CCCCCCCCC(=O)OC,methyl cis-9-octadecenoate,0.8593,0.8171,4.504,1.768,0.1413,0.13454,669.0,697.0
CCCCCC/C=C\CCCCCCCCCC(=O)OC,"(Z)-11-octadecenoic acid, methyl ester",0.999,0.954,4.304,1.782,0.171,0.161,622.0,674.0
CCCCCCCCCCC/C=C\CCCCC(=O)OC,methyl petroselinate,0.999,0.954,4.625,1.751,0.171,0.161,621.0,674.0
CCCCCCCCCCCCC1CCCCC1C,1-dodecyl-2-methylcyclohexane,0.812,0.774,4.31,1.938,0.137,0.128,573.0,629.0
CCCCCCCCCCCCC1CCCC(C)C1,1-dodecyl-3-methylcyclohexane,0.813,0.775,4.551,2.065,0.141,0.132,597.0,650.0
CC(C)CC(CC(C)C)(CC(C)C)C1CCCCC1,"[1,1,1-tris(2-methylpropyl)methyl)cyclohexane",0.8345,0.7942,13.182,3.022,0.105,0.098,557.0,621.0
C=CC(=O)OCCCCCCCCCCCCCCCC,hexadecyl acrylate,0.857,0.82,5.951,2.195,0.17,0.16,642.0,692.0
CCC(CCC(C)C)(CCC(C)C)C1CCCCC1,(1-ethyl-4-methyl-1-(3-methylbutyl)pentyl)cyclohexane,0.8555,0.8148,9.819,3.314,0.111,0.104,557.0,620.0
CCCCCCC(CCCCCC)C1CCCCC1,(dihexylmethyl)cyclohexane,0.8181,0.778,6.906,1.932,0.136,0.127,569.0,626.0
CCCCCCCC1CCCC1CCCCCCC,"1,2-diheptylcyclopentane",0.8187,0.781,2.931,1.357,0.134,0.125,558.0,616.0
CCCCCCC(CCCCCC)CC1CCCC1,1-cyclopentyl-2-hexyloctane,0.81,0.772,5.086,1.665,0.135,0.127,572.0,629.0
C=CCCCCCCCCCCCCCCCCC,1-nonadecene,0.7809,0.746,4.61,1.743,0.152,0.143,595.0,647.0
C=C(C)CCCCCCCCCCCCCCCC,2-methyl-1-octadecene,0.898,0.856,2.116,1.04,0.136,0.127,598.0,651.0
CC=C(C)CCCCCCCCCCCCCCC,3-methyl-2-octadecene,0.788,0.751,2.538,1.265,0.145,0.136,630.0,678.0
CCCCCCCCCCCCCCC1CCCC1,tetradecylcyclopentane,0.8107,0.775,4.687,1.935,0.133,0.126,539.0,601.0
CCCCCCCCCCCCCC1CCCCC1,tridecylcyclohexane,0.818,0.782,7.213,2.685,0.143,0.134,573.0,632.0
CCCCCC=C(CCCCCC)CCCCCC,"6-tridecene, 7-hexyl-",0.784,0.747,2.296,1.151,0.139,0.13,590.0,645.0
C1CCCCCCCCCCCCCCCCCC1,cyclononadecane,0.96,0.92,43.75,13.043,0.137,0.13,487.0,557.0
CCCCCCCCCCCCC1CCCCCC1,dodecylcycloheptane,0.82,0.783,8.293,3.193,0.142,0.133,563.0,620.0
CCCCCCCCCCCCCCC(C)(C)CC(=O)O,"3,3-dimethylheptadecanoic acid",0.987,0.942,8.511,2.654,0.144,0.135,631.0,689.0
COC(=O)CCCCCCCCCCCCCCC(C)C,methyl 16-methylheptadecanoate,1.002,0.956,9.78,2.929,0.158,0.149,643.0,697.0
CCCCCCCCCCC(CCCC)CCCC,5-butylpentadecane,0.7777,0.742,4.115,1.617,0.137,0.128,586.0,645.0
CCCCCCC(CCCCCC)CCCCCC,7-hexyltridecane,0.77377,0.73313,4.226,1.491,0.138,0.129,597.0,654.0
O=COCCCCCCOC=O,"1,6-hexanediyl diformate",1.16,1.09,3.276,1.349,0.194,0.18,377.0,390.0
CC(=O)O[C@H]1C[C@@H](C)CCO1,cis-2-acetoxy-4-methyltetrahydropyran,1.117,1.052,1.88,0.846,0.146,0.135,281.0,306.6
CCCCOC(=O)CC(C)=O,butyl acetoacetate,1.064,1.006,1.692,0.785,0.169,0.157,316.0,336.5
C=COCCCCOC=C,"1,4-divinyloxybutane",1.1,1.04,2.273,0.885,0.164,0.152,316.0,337.8
CCOC(=O)C(CC)C(C)=O,"2-ethyl-3-oxobutanoic acid, ethyl ester",1.1,1.03,2.091,0.835,0.163,0.151,315.0,336.9
CCCC(=O)OC(=O)CCC,butyric anhydride,0.9475,0.88828,0.573,0.341,0.165,0.153,320.3,340.2
CCC(C)OC(=O)CC(C)=O,1-methylpropyl 3-oxobutanoate,1.1,1.03,2.182,0.845,0.163,0.151,315.0,336.5
CC1(C(=O)O)CCCCC1,1-methyl-1-cyclohexanecarboxylic acid,1.066,1.019,6.004,2.159,0.135,0.127,260.0,283.7
c1ccc(Cc2cccc(Cc3ccccc3)c2)cc1,"1,3-bis(phenylmethyl)benzene",1.0412,1.004,20.169,5.378,0.166,0.158,443.0,486.0
C=CC(=O)OC(CC)CC,1-ethylpropyl 2-propenoate,0.8708,0.8154,0.965,0.466,0.133,0.123,266.1,293.2
C=CC(C)(CC)OC(C)=O,1-ethenyl-1-methylpropyl ethanoate,0.884,0.825,1.188,0.521,0.123,0.113,265.8,293.7
C=COCCOCC(=C)C,1-(2-methyl-2-propenyloxy)-2-vinyloxyethane,0.8578,0.7995,0.933,0.525,0.147,0.134,296.4,316.0
C=COC(C)OCC=CC,1-(2-butenyloxy)-1-vinyloxyethane,0.8765,0.8149,1.278,0.614,0.163,0.148,323.0,339.6
COC1=CCCCC1OC,"1,6-dimethoxycyclohexene",0.99,0.929,2.02,0.818,0.145,0.134,268.2,289.4
C=C(C/C=C(/C)OC)OC,"1,4-hexadiene, 2,5-dimethoxy-, (Z)-",0.912,0.849,0.943,0.53,0.138,0.126,293.6,313.7
C1CCC2(CC1)OCCO2,"1,4-dioxaspiro[4.5]decane",1.013,0.956,3.258,1.224,0.141,0.132,263.7,282.1
COC1=C(OC)CCCC1,"1,2-dimethoxycyclohexene",0.992,0.931,2.016,0.827,0.138,0.127,269.7,290.6
CCCCC(=O)C1CC1,1-cyclopropyl-1-pentanone,0.888,0.8274,0.912,0.508,0.161,0.146,305.0,322.7
C/C=C\O/C=C\C(C)C,"1-butene, 3-methyl-1-(1-propenyloxy)-, (Z,Z)-",1.126,1.069,2.664,0.842,0.154,0.145,294.0,315.4
Cc1cccc(C(c2ccccc2)c2ccccc2)c1,1-(diphenylmethyl)-3-methylbenzene,1.038,1.001,32.755,7.293,0.153,0.147,409.0,457.0
CO/C(C)=C\C=C(\C)OC,"(Z,Z)-2,5-dimethoxy-2,4-hexadiene",0.907,0.843,0.926,0.534,0.14,0.127,291.1,311.3
C/C=C/O/C=C\C(C)C,"1-butene, 3-methyl-1-(1-propenyloxy)-, (E,Z)-",0.8855,0.8294,0.744,0.411,0.145,0.133,281.1,304.6
COC(c1ccccc1)(c1ccccc1)c1ccccc1,"benzene, 1,1',1''-(methoxymethylidyne)tris-",1.18,1.138,62.712,13.181,0.179,0.171,477.0,518.0
C=COC1CCCCC1,(ethenyloxy)cyclohexane,0.907,0.843,0.926,0.534,0.14,0.127,291.1,311.3
CO/C(C)=C/C=C(\C)OC,"(E,E)-2,5-dimethoxy-2,4-hexadiene",0.907,0.843,0.926,0.534,0.14,0.127,291.1,311.3
CCCC=CCOC(C)=O,(E)-2-hexenyl acetate,0.8833,0.8274,0.753,0.416,0.145,0.133,281.1,304.6
Cc1ccc(C)c(-c2ccc3c(C)ccc(C)c3c2)c1,"2-(2,5-dimethylphenyl)-5,8-dimethylnaphthalene",1.0483,1.013,27.664,6.91,0.24,0.23,481.0,521.0
Cc1ccc(-c2ccc3ccc(C)c(C)c3c2)cc1C,"2-(3,4-dimethylphenyl)-7,8-dimethylnaphthalene",1.0464,1.011,28.67,7.122,0.24,0.229,479.0,518.0
C1=CC(c2ccccc2)C(c2ccccc2)C=CCC1,"3,4-diphenyl-1,5-cyclooctadiene",1.0033,0.966,59.803,13.458,0.17,0.162,424.0,473.0
CC(=O)O[C@H]1CCC[C@@H](C)O1,cis-2-acetoxy-6-methyltetrahydropyran,1.119,1.055,1.966,0.863,0.146,0.135,281.0,306.6
CC(O)=CC(=O)OCC(C)C,"3-hydroxy-2-butenoic acid, 2-methylpropyl ester",1.02141,0.9602,1.742,0.792,0.158,0.146,334.4,351.0
CCCCCCCCCCCCCCCCCCC,nonadecane,0.7719,0.7306,4.495,1.547,0.142,0.1338,608.6,658.7
CCCCCCCCCCC(C)CCCCCCC,8-methyloctadecane,0.7745,0.739,4.648,1.759,0.141,0.132,607.0,663.0
CCCCCCCCCC(C)CCCCCCCC,9-methyloctadecane,0.7741,0.738,4.651,1.762,0.141,0.132,607.0,663.0
CC(C)CCCC(C)CCC(CC(C)C)CC(C)C,"2,6,11-trimethyl-9-isobutyldodecane",0.822,0.782,2.676,1.151,0.109,0.102,555.0,623.0
CCCCC(C)CCCC(C)CCCC(C)CCC,"4,8,12-trimethylhexadecane",0.7904,0.753,4.302,1.726,0.134,0.125,634.0,689.0
CCCCCCCCCCCCCCC(C)C(C)C,"heptadecane, 2,3-dimethyl-",0.7768,0.739,4.763,1.719,0.136,0.127,594.0,654.0
CCCCCCCCCCCCCC(C)CC(C)C,"heptadecane, 2,4-dimethyl-",0.7721,0.7344,4.533,1.634,0.133,0.124,631.0,688.0
CCCCCCCCCCCCCCCC(C)CC,"octadecane, 3-methyl-",0.7741,0.736,4.702,1.753,0.141,0.132,612.0,669.0
CCCCCCCCCCC(C)CC(C)CC(C)C,"hexadecane, 2,4,6-trimethyl-",0.7722,0.7352,4.261,1.496,0.122,0.114,610.0,668.0
CCCCCCCCCCCCCCC(C)CCC,"octadecane, 4-methyl-",0.7743,0.738,4.404,1.653,0.141,0.132,598.0,656.0
CCCCCCCCCCCCCC(C)CCCC,"octadecane, 5-methyl-",0.7739,0.737,4.38,1.628,0.141,0.132,600.0,657.0
CCCCCCCCCCCCC(C)CCCCC,"octadecane, 6-methyl-",0.7745,0.739,4.648,1.759,0.141,0.132,607.0,663.0
CCC=CCCCC,(E)-3-octene,0.6991,0.6471,0.887,0.402,0.127,0.115,251.9,277.5
CC(=O)OCCC1(C)OCCO1,"1,3-dioxolane-2-ethanol, 2-methyl-, acetate",1.175,1.109,2.383,1.037,0.156,0.145,309.0,334.5
CCCCCCCCCCCCCCCCCOCC,ethyl heptadecyl ether,0.93,0.889,5.376,2.025,0.163,0.154,625.0,678.0
CCCCCCCCCCCCCCCCCCOC,"octadecane, 1-methoxy-",0.931,0.89,5.585,2.022,0.163,0.154,625.0,679.0
CC(=O)O[C@@H](C)[C@@H](C)OC(C)=O,"meso-2,3-butanediol diacetate",1.074,1.008,1.955,0.754,0.143,0.132,318.0,345.3
CCCOC(=O)C(=O)OCCC,dipropyl oxalate,0.9995,0.9381,1.801,0.789,0.156,0.145,331.0,353.1
CCCC(C(=O)OC)C(=O)OC,dimethyl propylpropanedioate,1.0223,0.9618,2.543,0.925,0.15,0.139,325.0,349.6
CC=CCCCCC,(E)-2-octene,0.7031,0.6505,0.91,0.4,0.128,0.116,255.6,280.7
CC(C)/C=C/C(C)C,"(E)-2,5-dimethyl-3-hexene",0.6804,0.6248,0.676,0.328,0.115,0.103,245.3,274.9
CCOC(=O)C(C)C(=O)CC,2-methyl-3-oxopentanoic acid ethyl ester,0.9744,0.912,2.155,0.833,0.144,0.132,320.0,346.6
CCOC(=O)C(C)C(=O)OCC,diethyl methylpropanedioate,1.0026,0.9413,2.394,0.892,0.149,0.138,318.0,343.6
C(=C1c2ccccc2-c2ccccc21)c1ccccc1,"9H-fluorene, 9-(phenylmethylene)-",1.143,1.106,5.337,2.26,0.269,0.258,376.0,419.0
COC(=O)CCC1(C)OCCO1,"1,3-dioxolane-2-propanoic acid, 2-methyl-, methyl ester",1.191,1.127,4.87,1.863,0.178,0.165,427.0,435.0
c1ccc(-c2oc(-c3ccccc3)c3ccccc23)cc1,"1,3-diphenylisobenzo[c]furan",1.246,1.208,30.498,9.106,0.3,0.284,425.0,466.0
CCCCCCCC/C=C/CCCCCCCC(=O)OC,"9-octadecenoic acid, methyl ester, (E)-",1.0,0.952,5.2,1.838,0.171,0.16,620.0,672.0
CCCCCCC1C(CCCC)CC2CCCCC21,2-butyl-1-hexylhexahydroindan,0.954,0.911,1.887,0.955,0.126,0.118,539.0,595.0
CC#CCCCCCCCCCCCCCCCC,2-nonadecyne,0.908,0.868,12.115,3.226,0.155,0.146,591.0,640.0
CCCCCCCCCc1cccc2ccccc12,1-nonylnaphthalene,0.9249,0.889,9.515,3.262,0.222,0.211,529.0,568.0
CCCCc1c2ccccc2c(C)c2ccccc12,"anthracene, 9-butyl-10-methyl-",1.094,1.056,47.532,9.47,0.249,0.238,446.0,488.0
Cc1cccc2c1ccc1ccc(CC(C)C)cc12,"phenanthrene, 1-methyl-6-(2-methylpropyl)-",1.11,1.072,49.55,10.261,0.252,0.241,459.0,499.0
Cc1ccc2c(ccc3c(C)cccc32)c1C(C)C,"phenanthrene, 2,8-dimethyl-1-(1-methylethyl)-",1.095,1.058,38.356,7.75,0.235,0.225,449.0,490.0
CCCc1cccc2c1ccc1cc(C)c(C)cc12,"phenanthrene, 6,7-dimethyl-1-propyl-",1.122,1.084,19.608,5.074,0.246,0.235,468.0,505.0
Cc1cc2ccc3c(C(C)C)cccc3c2cc1C,"phenanthrene, 6,7-dimethyl-1-(1-methylethyl)-",1.102,1.063,37.205,7.714,0.236,0.226,454.0,495.0
CC1Cc2c(ccc3ccccc23)C2(C)C3CCCC3C12,"1,2-cyclopentano-1,3-dimethyl-1,2,3,4-tetrahydrophenanthrene",1.0295,0.994,3.788,1.61,0.169,0.162,413.0,462.0
C=C(CCCc1ccccc1)CCc1ccccc1,"1,6-diphenyl-3-methylenehexane",0.902,0.865,12.195,3.815,0.154,0.146,453.0,498.0
CCOC1CC(C)CCO1,"(2R,4R)-rel-2-ethoxytetrahydro-4-methyl-2H-pyran",0.95,0.891,1.579,0.741,0.144,0.133,269.6,295.9
CCC(C)(C)OCC1CO1,"((1,1-Dimethylpropoxy)-methyl)oxirane",0.969,0.907,1.858,0.662,0.136,0.126,297.0,321.8
CC(C)=C(c1ccc(C)cc1)c1ccc(C)cc1C,"1-(2,4-dimethylphenyl)-1-(4-methylphenyl)-2-methyl-1-propene",0.9566,0.922,7.422,2.495,0.106,0.101,483.0,524.0
CCCCCC=C(c1ccccc1)c1ccccc1,"1-heptene, 1,1-diphenyl-",0.94757,0.9046,8.232,2.321,0.16,0.152,459.0,504.0
CC(C)CCC1c2ccccc2Cc2ccccc21,"9-(3-methylbutyl)-9,10-dihydroanthracene",1.0094,0.97,40.618,8.866,0.128,0.122,437.0,484.0
CCCCCCC(c1ccccc1)c1ccccc1,"1,1-diphenylheptane",0.93555,0.89311,7.482,2.105,0.161,0.152,474.0,521.0
CCCCCCC1c2ccccc2-c2ccccc21,9-hexyl-9H-fluorene,0.9815,0.946,17.32,4.757,0.199,0.19,441.0,486.0
CCCC=C(C)CC,(Z)-3-methyl-3-heptene,0.728,0.675,1.044,0.444,0.117,0.107,254.5,279.7
CC=C(CC)C(C)C,(Z)-3-ethyl-4-methyl-2-pentene,0.722,0.6675,0.512,0.33,0.11,0.099,248.5,276.1
CCCCCCCc1ccccc1-c1ccccc1,"1,1'-biphenyl, 2-heptyl-",1.022,0.98,6.164,1.867,0.221,0.209,479.0,523.0
CCCCCCCc1ccc(-c2ccccc2)cc1,"1,1'-biphenyl, 4-heptyl-",1.036,0.994,7.529,2.314,0.224,0.212,489.0,532.0
CC(C)c1ccc(Cc2ccc(C(C)C)cc2)cc1,"1,1'-methylenebis[(1-methylethyl)benzene]",0.974,0.931,34.908,7.626,0.129,0.122,445.0,498.0
Cc1ccc(CC(C)c2ccc(C)c(C)c2)cc1C,"1,2-bis(3,4-dimethylphenyl)propane",0.9601,0.9228,9.27,2.709,0.102,0.097,458.0,507.0
Cc1ccc(C(c2ccc(C)cc2)C(C)(C)C)cc1,"2,2-dimethyl-1,1-bis(4-methylphenyl)propane",0.95,0.9118,8.211,2.522,0.112,0.106,444.0,496.0
CCCCCCCCCc1ccc2ccccc2c1,2-nonylnaphthalene,0.9198,0.882,7.491,2.347,0.226,0.212,533.0,572.0
CCCC(CC)C(c1ccccc1)c1ccccc1,3-diphenylmethylhexane,0.974,0.934,22.587,5.46,0.15,0.142,442.0,494.0
CCCCCCCOC(=O)Cc1cccc2ccccc12,"1-naphthaleneacetic acid, heptyl ester",1.01,0.971,10.891,3.708,0.238,0.226,552.0,592.0
CCCCCCCOC(=O)Cc1ccc2ccccc2c1,"2-naphthaleneacetic acid, heptyl ester",1.004,0.965,10.956,3.627,0.237,0.225,546.0,587.0
CC(C)CC(CC(C)C)c1cccc2ccccc12,1-(3-methyl-1-(2-methylpropyl)butyl]naphthalene,0.9472,0.9101,11.613,3.406,0.193,0.183,476.0,528.0
CCc1cccc2c1ccc1cc(C(C)C)ccc12,"phenanthrene, 1-ethyl-7-isopropyl-",1.098,1.06,45.537,9.434,0.25,0.239,450.0,491.0
CCc1cccc2c1ccc1ccc(C(C)C)cc12,"phenanthrene, 1-ethyl-6-(1-methylethyl)-",1.098,1.06,45.537,9.434,0.25,0.239,450.0,491.0
CCCCc1c(C)ccc2c1ccc1ccccc12,"phenanthrene, 1-butyl-2-methyl-",1.113,1.075,26.056,6.512,0.258,0.246,459.0,498.0
CCC(=O)OC(C)C(C)C,"1,2-dimethylpropyl propanoate",0.914,0.846,0.864,0.437,0.126,0.114,288.0,317.2
c1ccc(Cc2ccc(-c3ccccc3)cc2)cc1,"4-(phenylmethyl)-1,1'-biphenyl",1.144,1.103,26.224,7.162,0.231,0.22,416.0,455.0
CC/C=C/OCC(C)C,"1-butene, 1-(2-methylpropoxy)-, (Z)-",0.768,0.7143,0.82,0.42,0.138,0.125,277.4,301.9
C=COCCCCCC,1-(ethenyloxy)hexane,0.7797,0.7247,0.693,0.4,0.14,0.127,279.5,302.6
Cc1c2ccccc2cc2c1ccc1ccccc12,7-methylbenz[a]anthracene,1.307,1.254,7.498,2.871,0.221,0.211,404.0,453.0
Cc1coc2c1C(=O)C(=O)c1c-2ccc2c1CCCC2(C)C,"phenanthro[1,2-b]furan-10,11-dione, 6,7,8,9-tetrahydro-1,6,6-trimethyl-",1.44,1.39,10.417,3.525,0.191,0.182,531.0,567.0
CC(C)(C)C=C=C(c1ccccc1)c1ccccc1,"4,4-dimethyl-1,1-diphenyl-1,2-pentadiene",0.9535,0.914,36.707,7.659,0.307,0.291,426.0,472.0
CC(C)CCc1c2ccccc2cc2ccccc12,9-isopentylanthracene,1.099,1.058,32.757,7.183,0.264,0.251,450.0,491.0
CC(C)(C)C1OCCCO1,"1,3-dioxane, 2-(1,1-dimethylethyl)-",0.946,0.881,2.008,0.885,0.132,0.121,271.4,301.2
CC1OCC(C)(C)C(C)O1,"1,3-dioxane, 2,4,5,5-tetramethyl-, cis-",0.966,0.897,1.056,0.602,0.13,0.118,287.8,314.6
CC1OCC(C)C(C)(C)O1,"1,3-dioxane, 2,4,4,5-tetramethyl-, trans-",0.93,0.87,1.828,0.759,0.127,0.117,263.0,292.5
CCCCCc1cc2ccccc2c2ccccc12,9-pentylphenanthrene,1.104,1.064,18.116,4.887,0.27,0.258,453.0,493.0
CC(=O)OC(C)CC(C)C,"1,3-dimethylbutyl ethanoate",0.88,0.814,0.875,0.442,0.126,0.114,287.7,317.0
Cc1cc2c(C)cccc2c2ccc(C(C)C)cc12,"phenanthrene, 1,9-dimethyl-7-(1-methylethyl)-",1.102,1.063,37.205,7.714,0.236,0.226,454.0,495.0
OC1CCCCCCC1O,"1,2-cyclooctanediol, trans-",1.074,1.022,14.898,4.697,0.158,0.148,332.0,351.0
CCCCC(C)(C)OC=O,"1,1-dimethylpentyl methanoate",0.8848,0.829,2.034,0.772,0.134,0.124,280.7,307.3
CC(C)C(=O)OC(C)(C)C,"1,1-dimethylethyl 2-methylpropanoate",0.882,0.817,1.032,0.514,0.117,0.106,288.5,318.2
CCC(CC)(CC)OC=O,"1,1-diethylpropyl methanoate",0.8881,0.832,2.252,0.829,0.136,0.125,288.0,313.7
CCCCCc1c2ccccc2cc2ccccc12,"anthracene, 9-pentyl-",1.02,0.9819,19.608,5.296,0.271,0.259,456.0,496.0
CC[C@@H](C)CCOC(C)=O,(S)-(+)-3-methylpentyl ethanoate,0.8596,0.8009,1.059,0.512,0.132,0.121,290.5,317.7
CCc1ccc2c(ccc3ccc(C)cc32)c1CC,"phenanthrene, 1,2-diethyl-6-methyl-",1.117,1.078,19.696,5.009,0.244,0.234,463.0,501.0
Cc1ccc2c(ccc3ccc(C(C)C)cc32)c1C,"phenanthrene, 1,2-dimethyl-6-(1-methylethyl)-",1.098,1.061,38.251,7.917,0.236,0.225,451.0,492.0
Cc1ccc(C)c2c1ccc1cc(C(C)C)ccc12,"phenanthrene, 1,4-dimethyl-7-(1-methylethyl)-",1.102,1.063,37.205,7.714,0.236,0.226,454.0,495.0
Cc1cc2c(C)c(C(C)C)ccc2c2ccccc12,"phenanthrene, 1,9-dimethyl-2-(1-methylethyl)-",1.095,1.058,38.356,7.75,0.235,0.225,449.0,490.0
CCCCCC(C)(CC)c1cccc2ccccc12,1-(1-ethyl-1-methylhexyl)naphthalene,0.9662,0.9299,34.154,7.635,0.194,0.185,481.0,530.0
CC=CCCC=CCCC=CCCc1ccccc1,"3,7,11-tridecatrienylbenzene",0.8841,0.8443,2.715,1.184,0.177,0.167,477.0,525.0
CCCCCCCCCCCCCc1ccccc1,tridecylbenzene,0.89,0.849,4.719,1.885,0.136,0.128,532.0,590.0
CC1(C)C2CC=C(CCCCc3ccccc3)C1C2,"7,7-dimethyl-4-(4-phenylbutyl)bicyclo[3.1.1]hept-3-ene",0.9397,0.9,11.706,2.889,0.121,0.115,453.0,504.0
CCCCCCCCCCCCc1ccc(C)cc1,1-dodecyl-4-methylbenzene,0.8438,0.805,4.518,1.645,0.147,0.138,571.0,617.0
CCCCCC[C@H]1Cc2ccccc2[C@H]1CCCC,"cis-1-butyl-2,3-dihydro-2-hexyl-1H-indene",0.891,0.854,10.55,3.162,0.134,0.127,522.0,570.0
CCCCCCC[C@H]1Cc2ccccc2[C@H]1CCC,"cis-2,3-dihydro-2-heptyl-1-propyl-1H-indene",0.889,0.852,10.574,3.169,0.134,0.127,522.0,570.0
CCCCCC[C@@H]1c2ccccc2C[C@@H]1CCCC,"cis-2-butyl-2,3-dihydro-1-hexyl-1H-indene",0.89,0.853,10.562,3.165,0.134,0.127,522.0,570.0
CCCCCCCCCC1CCCc2ccccc21,"naphthalene, 1,2,3,4-tetrahydro-1-nonyl-",0.981,0.942,16.31,4.565,0.138,0.131,505.0,556.0
CCCCCCCCCCCCOC(=O)c1ccccc1,"benzoic acid, dodecyl ester",0.997,0.955,5.717,2.094,0.165,0.156,528.0,583.0
CCCCCCC(CCCCCC)c1ccccc1,7-phenyltridecane,0.8401,0.7997,5.511,1.649,0.15,0.141,532.0,585.0
CCCCCCCCCCc1ccc2c(c1)CCC2,"5-decyl-2,3-dihydro-1H-indene",0.8472,0.809,8.144,2.596,0.135,0.127,530.0,583.0
CC/C=C\C/C=C\C/C=C\CCCCCCCC(=O)OC,"methyl (Z,Z,Z)-9,12,15-octadecatrienoate",0.8842,0.8422,3.347,1.471,0.188,0.177,599.0,647.0
CCCCC[C@H]1Cc2ccccc2[C@H]1CCCCC,"1H-indene, 2,3-dihydro-1,2-dipentyl-, cis-",0.946,0.903,5.603,1.993,0.151,0.142,542.0,593.0
CCCCCC=CCC=CCCCCCCCC(=O)OC,"methyl (Z,Z)-9,12-octadecadienate",0.8707,0.8288,3.675,1.548,0.14101,0.13323,676.0,687.0
CCCCCCCCCCC(CC)c1ccccc1,3-phenyltridecane,0.942,0.9,5.52,2.0,0.151,0.142,539.0,591.0
CCCCCCCCCC(CCC)c1ccccc1,4-phenyltridecane,0.942,0.899,5.52,2.002,0.151,0.142,539.0,590.0
CCCCCCCCC(CCCC)c1ccccc1,5-phenyltridecane,0.938,0.895,5.437,1.899,0.15,0.141,535.0,587.0
CCCCCCC(C1CCCCC1)C1CCCCC1,"1,1-dicyclohexylheptane",0.8771,0.841,17.102,3.008,0.124,0.1142,534.0,596.0
CCCCCCCC(CCCCC)c1ccccc1,6-phenyltridecane,0.937,0.894,5.443,1.902,0.15,0.141,535.0,587.0
CCCCCCC(C)(Cc1ccccc1)CC(C)C,[2-methyl-2-(2-methylpropyl)octyl]benzene,0.863,0.8235,5.91,2.186,0.13,0.123,524.0,579.0
CCC(CCC(C)C)(CCC(C)C)c1ccccc1,[1-ethyl-4-methyl-1-(3-methylbutyl)pentyl]benzene,0.8823,0.8433,5.327,1.897,0.12,0.114,494.0,555.0
CCCCC=CC=CC=CCCCCCCCC(=O)OC,methyl alpha-eleostearate,1.008,0.963,6.052,1.661,0.186,0.175,591.0,640.0
C[C@@H]1CCC[C@@H](C)C1,"(1R-trans)-1,3-dimethylcyclohexane",0.7657,0.7118,1.162,0.52,0.113,0.103,219.7,248.9
C=C1C(CCC)(CCC)CCCC1(CCC)CCC,"1-methylene-2,2,6,6-tetrapropylcyclohexane",0.8469,0.8071,2.716,1.239,0.099,0.092,539.0,598.0
C#CCCCCCCCCCCCCCCCCC,1-nonadecyne,0.9,0.859,14.444,4.191,0.104,0.098,580.0,632.0
CCCCCCCCCCC/C=C/CCCCC(=O)OC,"6-octadecenoic acid, methyl ester (methyl petroselaidate)",1.0,0.954,5.28,1.813,0.172,0.161,621.0,674.0
CCCCCCCCCc1ccc2c(c1)CCCC2,"6-nonyl-1,2,3,4-tetrahydronaphthalene",0.8961,0.86,7.923,2.907,0.131,0.124,519.0,567.0
CCCCCC=C(CCCCCC)c1ccccc1,7-phenyl-6-tridecene,0.8635,0.8264,3.358,1.452,0.145,0.137,486.0,540.0
CCCCCC(CCC)c1ccc2c(c1)CCCC2,"6-(1-propylhexyl)-1,2,3,4-tetrahydronaphthalene",0.8995,0.863,13.341,3.94,0.123,0.116,502.0,554.0
CC1(C)C2=C(CC3=C4CC(CC3)C4(C)C)CCC1C2,"bis(7,7-dimethylbicyclo[3.1.1]-1-heptenyl)methane",0.939,0.899,1.704,0.834,0.064,0.06,445.0,501.0
c1ccc(C(=C2CCCCC2)C2CCCCC2)cc1,cyclohexylcyclohexylidenephenylmethane,0.9715,0.9328,36.027,8.898,0.131,0.124,440.0,493.0
CC=C(C)CC(C)C,"(Z)-3,5-dimethyl-2-hexene",0.7079,0.6525,0.777,0.368,0.11,0.099,247.6,275.7
CCCc1ccc2c(c1)CCC1C(C)CCCC21C,"1,4a-dimethyl-1,2,3,4,4a,9,10,10a-octahydro-7-propylphenanthrene",0.9618,0.9248,10.397,3.136,0.102,0.097,467.0,519.0
CC1CCC(c2cccc(C3CCCCC3)c2)CC1,1-cyclohexyl-3-(4-methylcyclohexyl)benzene,0.9432,0.906,40.288,9.823,0.126,0.12,452.0,507.0
CCCCCC1=Cc2ccccc2C1CCCCC,"1H-indene, 1,2-dipentyl-",0.983,0.943,4.374,1.591,0.164,0.155,493.0,542.0
CC1CCC(C)(C)C1,"1,1,3-trimethylcyclopentane",0.73075,0.6748,0.643,0.356,0.102,0.092,222.1,252.4
CCCCCCCC1=Cc2ccccc2C1CCC,"1H-indene, 2-heptyl-1-propyl-",0.983,0.943,4.374,1.591,0.164,0.155,493.0,542.0
CCCCCCC1=Cc2ccccc2C1CCCC,"1H-indene, 1-butyl-2-hexyl-",0.983,0.943,4.374,1.591,0.164,0.155,493.0,542.0
CC1CCCC1(C)C,"1,1,2-trimethylcyclopentane",0.75558,0.7003,0.834,0.386,0.103,0.093,222.7,252.1
Cc1cc(C)c(C2CCCC2)c(C)c1C1CCCC1,"2,4-dicyclopentyl-1,3,5-trimethylbenzene",0.9745,0.935,12.314,3.743,0.091,0.086,467.0,520.0
Cc1cc(C)c(Cc2cc(C)c(C)cc2C)cc1C,"benzene, 1,2,4-trimethyl-5-[(2,4,5-trimethylphenyl)methyl]-",0.9464,0.91,22.189,6.374,0.125,0.119,467.0,519.0
c1ccc(C(C2CCCCC2)C2CCCCC2)cc1,dicyclohexylphenylmethane,0.9647,0.927,34.208,8.414,0.134,0.128,414.0,475.0
CCCCCCCCCCC1C=Cc2ccccc21,"indene, 1-decyl-",0.984,0.943,9.451,2.863,0.178,0.169,493.0,542.0
CCCCCCCCCCC1Cc2ccccc2C1,"2-decyl-2,3-dihydro-1H-indene",0.881,0.843,5.63,1.922,0.142,0.134,521.0,570.0
CCCCCCC=C(CCCCC)c1ccccc1,(1-pentyl-1-octenyl)benzene,0.863,0.826,4.519,1.937,0.158,0.148,552.0,597.0
CC12CCC3C(CCC4CC(=O)CCC43C)C1CCC2=O,"5.alpha.-androstan-3,17-dione",0.888,0.849,6.34,2.061,0.13,0.123,514.0,564.0
CCCCCCCCCCC1CCc2ccccc21,"1-decyl-2,3-dihydro-1H-indene",0.865,0.83,13.873,4.096,0.138,0.13,506.0,556.0
Cc1ccc(C(C2CCC(C)CC2)C(C)(C)C)cc1,"2,2-dimethyl-1-(4-methylcyclohexyl)-1-(4-methylphenyl)propane",0.9065,0.8711,26.475,6.543,0.105,0.099,465.0,525.0
CCc1cc2c(c(CC)c1CC)CC(CC)(CC)C2,"2,3-dihydro-2,2,4,5,6-pentaethyl-1H-indene",0.9074,0.869,4.298,1.611,0.084,0.079,518.0,567.0
Cc1ccc2c(c1)C(C)(CCCC(C)C)CC2(C)C,"2,3-dihydro-3-(4-methylpentyl)-1,1,3,5-tetramethyl-1H-indene",0.877,0.84,7.754,2.381,0.087,0.083,493.0,547.0
CCCCCCC1c2ccccc2CC1CCCC,"2-butyl-2,3-dihydro-1-hexyl-1H-indene",0.884,0.846,9.468,2.104,0.13,0.123,498.0,549.0
CCCCOCCCOC,1-butoxy-3-methoxypropane,0.8248,0.7698,0.958,0.572,0.154,0.141,320.0,341.4
CCOCCOCC(C)C,1-ethoxy-2-(2-methylpropoxy)ethane,0.8125,0.7533,1.231,0.611,0.146,0.132,316.0,340.0
CCOCCCCCOC,1-ethoxy-5-methoxypentane,0.8302,0.7749,1.024,0.658,0.154,0.141,320.0,341.4
CCC1C(C)(C)c2ccc(C)cc2C1(C)C,"2,3-dihydro-2-ethyl-1,1,3,3,5-pentamethyl-1H-indene",0.9508,0.909,13.673,4.84,0.126,0.119,387.0,437.0
CCCCCCc1ccccc1CCCC,1-butyl-2-hexylbenzene,0.849,0.8088,3.062,1.335,0.136,0.128,439.0,482.0
CCCCCCC(C)c1ccc(CC)cc1,1-ethyl-4-(1-methylheptyl)benzene,0.8481,0.8075,4.834,1.734,0.13,0.122,438.0,483.0
Cc1c(C(C)C)cc(C(C)C)cc1C(C)C,"1-methyl-2,4,6-tris(1-methylethyl)benzene",0.8563,0.8147,2.336,1.007,0.092,0.086,437.0,484.0
CC(CC(C)c1ccccc1)CC(C)(C)C,"2,2,4-trimethyl-6-phenylheptane",0.8425,0.8007,3.323,1.361,0.12,0.112,430.0,479.0
CCC(C)(C)c1cccc(C(C)(C)CC)c1O,"2,6-bis(1,1-dimethylpropyl)phenol",0.9224,0.8832,130.095,19.248,0.106,0.098,472.0,517.0
CCCCCCC(Cc1ccccc1)OCC,2-ethoxy-1-phenyloctane,0.8942,0.852,4.585,1.631,0.155,0.146,429.0,476.0
CCCCCCCC(CC)c1cccc(O)c1,3-(1-ethyloctyl)phenol,0.969,0.928,56.76,9.914,0.145,0.135,469.0,513.0
CCCCCCC(CCC)c1cccc(O)c1,3-(1-propylheptyl)phenol,0.969,0.928,56.76,9.914,0.145,0.135,469.0,513.0
CCCCCCCC(CC)c1ccc(O)cc1,4-(1-ethyloctyl)phenol,1.011,0.965,92.977,13.472,0.151,0.139,500.0,540.0
CCCCCCCCC(C)c1ccc(O)cc1,4-(1-methylnonyl)phenol,0.966,0.925,97.308,14.054,0.144,0.135,467.0,511.0
CCCCCC(CCCC)c1ccc(O)cc1,4-(5-decyl)phenol,0.966,0.925,97.308,14.054,0.144,0.135,467.0,511.0
CCCCCC(CCCC)c1cccc(O)c1,"phenol, 3-(1-butylhexyl)-",0.969,0.928,56.76,9.914,0.145,0.135,469.0,513.0
CCCCCCCCC(C)c1cccc(O)c1,"phenol, 3-(1-methylnonyl)-",0.969,0.928,56.76,9.914,0.145,0.135,469.0,513.0
CCCCCCC(CCC)c1ccc(O)cc1,"phenol, 4-(1-propylheptyl)-",0.966,0.925,97.308,14.054,0.144,0.135,467.0,511.0
CCCCCC(CCCC)c1ccccc1O,"phenol, o-(1-butylhexyl)-",0.969,0.928,101.135,14.009,0.145,0.135,469.0,513.0
CCCCCCCC(CC)c1ccccc1O,"phenol, o-(1-ethyloctyl)-",0.969,0.928,101.135,14.009,0.145,0.135,469.0,513.0
CC(C)c1ccc(C(C)(C)OOC(C)(C)C)cc1,"1,1-dimethyl-1-methyl-1-[(4-methylethyl)phenyl]ethyl peroxide",0.9075,0.863,10.138,3.129,0.125,0.117,461.0,509.0
CCCCCCC(CCC)c1ccccc1O,"phenol, o-(1-propylheptyl)-",0.969,0.928,101.135,14.009,0.145,0.135,469.0,513.0
CCC(C)(C)c1ccc(O)c(C(C)(C)CC)c1,"2,4-bis(1,1-dimethylpropyl)phenol",0.9192,0.8788,3.264,1.365,0.107,0.101,406.0,456.0
CC1CCCC2CCC3CCCC(C)C3C12,"1,3-dimethyltricyclo[8.4.0.0(2,6)]tetradecane",0.9429,0.9026,11.666,2.77,0.113,0.107,406.0,457.0
C1CCC(CCCCC2CCCCC2)CC1,"1,1'-(1,4-butanediyl)biscyclohexane",0.8607,0.824,6.925,2.197,0.132,0.125,429.0,480.0
CCC(C)(C1CCCCC1)C1CCCCC1,"1,1'-(1-methylpropylidene)biscyclohexane",0.901,0.8627,8.213,2.399,0.114,0.107,419.0,473.0
CCCC(C1CCCCC1)C1CCCCC1,"1,1'-butylidenebiscyclohexane",0.8794,0.846,8.722,2.104,0.125,0.118,420.0,474.0
CC(C)CC(C)OC(=O)C=CC(=O)OC(C)CC(C)C,"bis(1,3-dimethylbutyl) (Z)-2-butenedioate",1.08,1.027,10.185,2.824,0.156,0.146,550.0,599.0
C#CCCCCCCCCCCCCCC,1-hexadecyne,0.7794,0.7369,9.751,3.121,0.1,0.094,474.0,520.0
CC(C)COC(=O)C1CCCCC1C(=O)OCC(C)C,diisobutyl hexahydrophthalate,1.112,1.06,14.388,3.868,0.149,0.139,525.0,575.0
CCCC(C)c1cccc(C(CC)CC)c1,1-(1-ethylpropyl)-3-(1-methylbutyl)benzene,0.907,0.863,4.3,1.506,0.125,0.117,440.0,486.0
CCCCCc1cccc(CCCCC)c1,"1,3-dipentylbenzene",0.8612,0.821,3.019,1.328,0.136,0.128,441.0,484.0
CCOCCOCCOCC,"3,6,9-trioxaundecane",0.88758,0.8297,1.089,0.575,0.174,0.159,363.0,380.0
CCCC(C)c1ccc(C(C)CCC)cc1,"1,4-bis(1-methylbutyl)benzene",0.8487,0.807,3.77,1.4,0.122,0.114,422.0,470.0
CC1C2CCC(c3ccccc3)(C2)C1(C)C,"1-phenyl-2,2,3-trimethylbicyclo[2.2.1]heptane",0.8655,0.824,3.582,1.396,0.137,0.128,449.0,490.0
CC(C)c1ccc2c(c1)C(C)(C)CC2(C)C,"1,1,3,3-tetramethyl-5-(1-methylethyl)indan",0.931,0.889,4.082,1.406,0.085,0.081,396.0,442.0
c1ccc(C2CCCC3CCCCC32)cc1,2-phenylbicyclo[4.4.0]decane,0.965,0.922,4.56,1.518,0.077,0.073,419.0,462.0
CCCC(C=Cc1ccc(C)cc1C)CC,"1,3-dimethyl-4-(3-propyl-1-pentenyl)benzene",0.9018,0.8612,2.772,1.161,0.124,0.117,425.0,468.0
CC(C)(C)C1=CC=C(C(C)(C)C)C=CC=C1,"1,4-bis(1,1-dimethylethyl)cyclooctatetraene",0.84,0.804,6.548,2.114,0.104,0.098,374.0,427.0
CC(C)C1CCCC(C)C1c1ccccc1,1-(1-methylethyl)-2-phenyl-3-methylcyclohexane,0.9228,0.8813,7.261,2.496,0.129,0.122,399.0,446.0
Cc1ccc(C(C)C)cc1C1CCCCC1,1-cyclohexyl-2-methyl-5-(1-methylethyl)benzene,0.926,0.885,7.019,2.373,0.111,0.105,385.0,433.0
CCCCOC(=O)c1cccc(C(=O)OCCCC)c1,"1,3-benzenedicarboxylic acid, dibutyl ester",0.9056,0.866,4.417,1.848,0.147,0.139,411.0,454.0
CCCCCCCC/C=C/c1ccccc1,1-decenylbenzene,0.86,0.8204,2.791,1.255,0.163,0.153,437.0,477.0
CCC1(C)CCc2c(C)ccc(C(C)C)c21,"1-ethyl-1,4-dimethyl-7-(1-methylethyl)indan",0.964,0.922,4.772,1.627,0.09,0.085,418.0,461.0
Cc1ccc2c(c1)C(C)(C)C(C)(C)C2(C)C,"1H-indene, 2,3-dihydro-1,1,2,2,3,3,5-heptamethyl-",0.949,0.908,2.95,1.2,0.076,0.072,405.0,450.0
CCCCCCCC1Cc2ccccc2C1,"2,3-dihydro-2-heptyl-1H-indene",0.889,0.85,7.199,2.353,0.135,0.128,422.0,463.0
CCCCCCCC1CCc2ccccc21,"2,3-dihydro-1-hetpyl-1H-indene",0.896,0.858,7.924,2.564,0.133,0.126,413.0,455.0
CCC1(C)c2cc(C)ccc2C(C)(C)C1C,"2,3-dihydro-3-ethyl-1,1,2,3,5-pentamethyl-1H-indene",0.9012,0.862,2.885,1.195,0.087,0.082,411.0,454.0
Cc1ccc2c(c1)C(C)(C(C)C)CC2(C)C,"2,3-dihydro-3-(1-methylethyl)-1,1,3,5-tetramethyl-1H-indene",0.8872,0.8484,4.847,1.65,0.087,0.082,406.0,452.0
CCCC1(C)CC(C)(C)c2ccc(C)cc21,"2,3-dihydro-3-propyl-1,1,3,5-tetramethyl-1H-indene",0.8847,0.846,2.826,1.194,0.092,0.087,411.0,455.0
CC(=O)C(C)(C(C)=O)C12CC3CC(CC(C3)C1)C2,"3-(1-adamantyl)3-methylpentane-2,4-dione",1.164,1.117,9.45,2.507,0.151,0.143,443.0,488.0
CCCCCCCCc1ccc(C(C)=O)cc1,p-octylphenyl methyl ketone,0.9164,0.877,12.003,3.535,0.172,0.163,495.0,528.0
CCCCC(CC)(CCC)c1ccccc1,(1-ethyl-1-propylpentyl)benzene,0.8569,0.8174,7.119,2.324,0.131,0.123,424.0,471.0
CCC(C)(C)c1ccc(C(C)(C)CC)cc1,"1,4-di-tert-pentylbenzene",0.849,0.802,8.245,2.494,0.099,0.093,406.0,457.0
CCCCCc1ccc(CCCCC)cc1,"1,4-dipentylbenzene",0.8432,0.803,3.083,1.333,0.136,0.128,438.0,481.0
CCCC(C)(Cc1ccccc1)CC(C)C,"(2,4-dimethyl-2-propylpentyl)benzene",0.8675,0.8251,3.919,1.576,0.128,0.12,447.0,492.0
CC(C)CCCC(C)CCc1ccccc1,"(3,7-dimethyloctyl)benzene",0.8593,0.8176,3.258,1.296,0.138,0.129,435.0,481.0
CC(CCCc1ccccc1)CC(C)(C)C,"(4,6,6-trimethylheptyl)benzene",0.8427,0.8015,3.679,1.472,0.126,0.118,433.0,480.0
CCCCCC(CCCC)c1ccccc1,(5-decyl)benzene,0.8433,0.8027,3.795,1.458,0.145,0.136,445.0,489.0
CCCCCCCCc1ccc(C)c(C)c1,"1,2-dimethyl-4-octylbenzene",0.8661,0.8218,1.27,0.718,0.123,0.114,445.0,487.0
CCc1cc(C(C)(C)C)cc(C(C)(C)C)c1,"1,3-bis(1,1-dimethylethyl)-5-ethylbenzene",0.845,0.8057,4.024,1.452,0.086,0.081,405.0,456.0
CCC(CC)c1cccc(C(CC)CC)c1,"1,3-bis(1-ethylpropyl)benzene",0.907,0.863,4.3,1.506,0.125,0.117,440.0,486.0
C1CCCC(C2CCCCCCC2)CCC1,"1,1'-bicyclooctyl",0.9155,0.8766,15.292,5.248,0.128,0.121,395.0,451.0
C=CCCCCCCCCCCCCC=C,"1,15-hexadecadiene",0.7782,0.739,2.57,1.15,0.149,0.139,497.0,540.0
CCC1(CCC2(CC)CCCC2)CCCC1,"1,2-bis(1-ethylcyclopentyl)ethane",0.8685,0.8263,2.188,1.162,0.107,0.101,425.0,478.0
CC(CCC1CCCCC1)C1CCCCC1,"1,3-dicyclohexylbutane",0.8679,0.8304,8.065,2.408,0.125,0.118,412.0,465.0
CC(=CCCC(C)(C)C)CCCC(C)(C)C,"2,2,6,10,10-pentamethyl-5-undecene",0.821,0.778,4.507,1.671,0.098,0.092,474.0,527.0
C/C=C/CCCCCCCCCCCCC,2-hexadecene,0.7707,0.732,2.725,1.175,0.148,0.139,493.0,539.0
CCCCCCC(O)=C(CCCCC)C(=O)OCC,"3-hydroxy-2-pentyl-2-nonenoic acid, ethyl ester",0.854,0.811,1.522,0.789,0.131,0.122,499.0,546.0
C=C(C)CCCCCCCCCCCCC,2-methylpentadec-1-ene,0.7717,0.7333,1.555,0.832,0.129,0.12,488.0,536.0
CC=C(CC)CCCCCCCCCCC,3-ethyl-2-tetradecene,0.7784,0.7393,1.67,0.879,0.132,0.123,480.0,529.0
CCCCC/C=C/CCCCCCCCC,6-hexadecene,0.7694,0.731,2.729,1.176,0.149,0.139,496.0,542.0
CCCCCCCCCCCC(=O)CCCC,5-hexadecanone,0.903,0.861,3.322,1.394,0.176,0.165,543.0,585.0
CCCCCCCCCCCCC1CCC1,dodecylcyclobutane,0.879,0.835,2.275,1.006,0.136,0.128,478.0,526.0
CC1CCCCCCCCCCCCCC1,methylcyclopentadecane,0.8465,0.8099,11.577,4.815,0.129,0.122,415.0,472.0
CCCCCCCCCC1CCCCCC1,nonylcycloheptane,0.81644,0.7751,5.267,2.193,0.137,0.128,470.0,519.0
CCCCCCCCCCCC1CCCC1,"undecane, 1-cyclopentyl-",0.893,0.849,3.135,1.343,0.138,0.129,503.0,548.0
CCCCCCCCCCCCCCCC=O,hexadecanal,0.93,0.886,4.409,1.58,0.174,0.163,537.0,581.0
CCCCCCCCCCCCCC(=O)CC,3-hexadecanone,0.885,0.842,2.825,1.271,0.171,0.16,528.0,571.0
CC(=O)Oc1ccccc1,phenyl ethanoate,1.05553,0.9959,1.876,0.743,0.15,0.14,229.7,248.9
CCCCCCCCCCCCC(=O)CCC,4-hexadecanone,0.885,0.842,2.825,1.271,0.171,0.16,525.0,568.0
CCCCC(CC)CCC(=O)C(C)CCCC,9-ethyl-5-methyl-6-tridecanone,0.909,0.864,3.74,1.389,0.156,0.146,513.0,561.0
CCCCCCCCCCCCCCC1CO1,"oxirane, tetradecyl-",0.972,0.926,2.881,1.21,0.158,0.148,539.0,582.0
CCCCCCCCCCCC(=O)OC(C)(C)C,"1,1-dimethylethyl dodecanoate",0.951,0.903,9.253,2.658,0.138,0.129,533.0,582.0
CCCCCCCC(=O)OC(C)CCCCCC,1-methylheptyl octanoate,0.8372,0.7906,6.211,2.15,0.151,0.141,539.0,586.0
CCCCCCCCCCCC(=O)OC(C)CC,1-methylpropyl dodecanoate,0.8397,0.7938,6.193,2.142,0.151,0.141,539.0,586.0
CCCCC(CC(C)(C)C)OC(=O)CC(C)(C)C,"2,2-dimethyl-4-octyl 3,3-dimethylbutanoate",0.903,0.854,4.319,1.616,0.11,0.103,503.0,560.0
CCCCCCCCCCC(C)CC(C)C(=O)O,"2,4-dimethyltetradecanoic acid",0.8719,0.833,19.498,5.162,0.15,0.141,539.0,587.0
CC(C)CCC(C)COC(=O)C(C)CCC(C)C,"2,5-dimethylhexyl 2,5-dimethylhexanoate",0.95,0.9,4.105,1.444,0.132,0.123,532.0,585.0
CCCCCCCCCCC(CC(C)C)C(=O)O,2-(2-methylpropyl)dodecanoic acid,0.8669,0.828,19.61,5.193,0.15,0.141,540.0,587.0
CCCCCCCCCCC(CCCC)C(=O)O,2-butyldodecanoic acid,0.8696,0.8309,21.849,5.536,0.156,0.147,542.0,588.0
CCCCCCCCCCCCC(CC)C(=O)O,2-ethyltetradecanoic acid,0.8714,0.833,21.804,5.522,0.156,0.147,542.0,588.0
CCCCCCCC(CCCCCCC)C(=O)O,2-heptylnonanoic acid,0.8678,0.829,21.894,5.549,0.156,0.147,542.0,588.0
CCCCCCCC(CCCCC)COC(C)=O,2-pentylnonyl ethanoate,0.8489,0.807,5.772,1.983,0.148,0.139,526.0,576.0
CCCCCCCCC(C)C=CC(C)(C)C,"2,2,5-trimethyl-3-tridecene",0.7697,0.7307,2.858,1.232,0.124,0.116,483.0,534.0
C=CCCCCCCCCCCCCCC,1-hexadecene,0.76749,0.7261,2.61,1.168,0.146,0.136,495.24,543.48
CCCCCCC1CCCCC1CCCC,1-butyl-2-hexylcyclohexane,0.8135,0.7731,2.827,1.332,0.13,0.122,471.0,520.0
COC1=CCCCCCCCCCCCCC1,"cyclopentadecene, 1-methoxy-, (Z)-",0.92,0.88,11.957,5.0,0.147,0.139,445.0,496.0
CCCCCCC1=C(CCCC)CCCC1,1-butyl-2-hexylcyclohexene,0.886,0.843,2.37,1.115,0.121,0.114,459.0,506.0
CC1=CCCCCCCCCCCCCC1,1-methylcyclopentadecene,0.8591,0.8217,11.058,4.625,0.129,0.122,411.0,465.0
CCCCCCCCCCCC1=CCCC1,1-undecylcyclopentene,0.886,0.842,2.483,1.116,0.135,0.126,462.0,509.0
CCCCCCCCCC=C(C)C=C(C)C,"2,4-dimethyl-2,4-tetradecadiene",0.7991,0.7601,1.752,0.908,0.127,0.119,466.0,514.0
CC(C)C(C#CC(C)(C)C)(C(C)C)C(C)C,"2,6,6-trimethyl-3,3-diisopropyl-4-heptyne",0.8073,0.764,2.973,1.099,0.087,0.081,421.0,481.0
CC=CC=CCCCCCCCCCCC,"2,4-hexadecadiene",0.7876,0.748,2.793,1.243,0.159,0.149,500.0,541.0
CCCCCCC(C)=C(C)CCC=C(C)C,"2,6,7-trimethyl-2,6-tridecadiene",0.7891,0.747,1.647,0.897,0.117,0.109,508.0,551.0
CCCCC1CCCCC1C1CCCCC1,"2-butyl-1,1'-bicyclohexyl",0.8723,0.833,6.695,1.825,0.125,0.118,423.0,475.0
CCC1CCC(C(C)C)CC2C(C)CCC12,2-ethyl-8-methyl-5-(1-methylethyl)bicyclo[5.3.0]decane,0.902,0.857,1.996,0.898,0.108,0.101,424.0,477.0
CCCCCCC=CCCCCCCCC(=O)O,cis-9-hexadecenoic acid,0.964,0.922,12.448,3.796,0.168,0.158,520.0,564.0
CCCCCCC(=O)C=CC(CC)CCCC,10-ethyl-8-tetradecen-7-one,0.8351,0.795,4.431,1.635,0.172,0.161,514.0,558.0
CCC(C)(CC)C(=O)C=C(C)C(C)(CC)CC,"3,7-diethyl-3,6,7-trimethyl-5-nonen-4-one",0.8573,0.814,8.165,2.58,0.129,0.12,518.0,563.0
C(CCCOCC1CCC1)CCOCC1CCC1,"1,6-bis(cyclobutylmethoxy)hexane",1.083,1.031,3.878,1.552,0.171,0.16,536.0,575.0
CCCCCCCCCCC1CCCCC1,decylcyclohexane,0.80515,0.7651,3.999,1.537,0.138,0.129,463.9,516.8
C=C(C)C(=O)OCCCCCCCCCCCC,"2-propenoic acid, 2-methyl-, dodecyl ester",0.977,0.929,3.173,1.292,0.147,0.137,533.0,578.0
C=CC(=O)OCCCCCCCCCCCCC,"2-propenoic acid, tridecyl ester",0.985,0.938,3.249,1.279,0.162,0.152,539.0,582.0
CCCCC=CCCCCCCCCC(=O)OC,methyl cis 10-pentadecenoate,1.029,0.979,3.79,1.532,0.173,0.161,563.0,602.0
CCCCCCC(=O)C(CCCCC)C(=O)OCC,3-oxo-2-pentylnonanoic acid ethyl ester,1.0,0.953,11.0,3.148,0.182,0.171,559.0,602.0
CCCC(CCC)(CCC)C1CCCCC1,"(1,1-dipropylbutyl)cyclohexane",0.8246,0.7833,8.732,2.681,0.115,0.108,443.0,498.0
CCCCC(CC)C(=O)OC(=O)C(CC)CCCC,"hexanoic acid, 2-ethyl-, anhydride",1.027,0.978,9.445,2.761,0.175,0.164,557.0,602.0
CCCCOC(=O)CCCCCCC(=O)OCCCC,dibutyl octanedioate,0.932,0.888,4.614,1.684,0.175,0.164,578.0,621.0
CCC(CC1CCCCC1)C1CCCCC1,"1,2-dicyclohexylbutane",0.9235,0.8788,10.395,3.3,0.176,0.165,581.0,624.0
CCCCCC1CCC(CCCCC)CC1,"1,4-dipentylcyclohexane",0.8086,0.769,2.844,1.326,0.13,0.122,469.0,519.0
CCCCCOC(=O)CCCCC(=O)OCCCCC,dipentyl hexanedioate,0.933,0.889,8.36,2.7,0.168,0.158,541.0,590.0
CCCCCCC(C(C)C)C1CCCCC1,(1-isopropylheptyl)cyclohexane,0.8406,0.7983,4.64,1.716,0.119,0.112,437.0,493.0
CC(C)C1C=CC(C(C)C)c2ccccc21,"1,4-dihydro-1,4-diisopropylnaphthalene",1.2,1.15,29.167,5.739,0.156,0.148,500.0,543.0
C=C(C)C1CCC(C)CC1c1ccccc1,1-(1-methylethenyl)-2-phenyl-4-methylcyclohexane,1.17,1.122,27.35,5.526,0.153,0.144,477.0,523.0
CC(C)COC(=O)c1ccccc1C(=O)OCC(C)C,"diisobutyl 1,2-benzenedioate",1.022,0.98,17.417,1.755,0.154,0.145,482.0,527.0
C=Cc1cccc(C)c1,1-ethenyl-3-methylbenzene,0.8859,0.8361,1.535,0.574,0.126,0.118,213.0,235.5
CCc1ccc2c(ccc3ccccc32)c1,2-ethylphenanthrene,1.118,1.077,7.513,2.786,0.26,0.248,371.0,411.0
C=Cc1ccc(OC)cc1,1-methoxy-4-ethenylbenzene,1.152,1.091,1.215,0.504,0.145,0.136,257.4,275.1
C/C=C\Oc1ccccc1,(Z)-1-phenoxy-1-propene,0.969,0.915,1.858,0.699,0.157,0.146,238.8,258.9
O=C1OC(c2ccccc2)=CC1c1ccccc1,"3,5-diphenyl-2-furanone",1.25,1.207,18.4,5.551,0.196,0.187,381.0,417.0
O=C(/C=C/c1ccccc1)OCc1ccccc1,"3-phenylpropenoic acid, benzyl ester",1.092,1.049,10.989,2.86,0.183,0.174,389.0,424.0
COc1c2ccccc2c(OC)c2ccccc12,"anthracene, 9,10-dimethoxy-",1.26,1.217,11.111,3.369,0.29,0.273,418.0,445.0
Cc1ccc(OC(=O)C=Cc2ccccc2)cc1,p-cresyl cinnamate,1.087,1.044,6.716,2.969,0.17,0.161,390.0,425.0
c1ccc2c(c1)CCCO2,"3,4-dihydro-2H-1-benzopyran",1.0475,0.9959,3.055,1.265,0.143,0.134,220.24,246.17
CC(=O)C(Cc1ccccc1)c1ccccc1,"3,4-diphenyl-2-butanone",1.071,1.028,15.873,4.669,0.181,0.171,387.0,424.0
Cc1ccc(C(=O)OC(=O)c2ccc(C)cc2)cc1,4-methylbenzoic acid anhydride,1.253,1.206,15.962,4.561,0.177,0.169,424.0,456.0
c1ccc2c(c1)CCC2,indane,0.9449,0.8898,1.132,0.612,0.126,0.118,196.7,223.3
Cc1cc(C)c(C(=O)c2ccccc2)c(C)c1,"2',4',6'-trimethylbenzophenone",1.038,0.998,4.817,1.804,0.145,0.138,374.0,410.0
c1ccc(C2CC2)cc1,cyclopropylbenzene,0.9255,0.875,1.729,0.651,0.133,0.124,212.0,235.1
CC(=O)c1ccc(C)cc1,(4-methylphenyl) methyl ketone,0.9925,0.9444,1.471,0.868,0.152,0.143,247.0,266.2
C#C/C=C1\CC=CCC1,4-(2-propynylidene)-cyclohexene,0.916,0.8602,1.747,0.825,0.099,0.0917,254.8,272.4
C=CC#C/C=C(\C)C=C,"3-methyl-1,3,7-octatrien-5-yne",0.8228,0.7714,1.483,0.57,0.135,0.124,257.1,274.6
CC(C)c1ccc(C(=O)c2ccccc2)cc1,"methanone, [4-(1-methylethyl)phenyl]phenyl-",1.066,1.024,11.257,3.516,0.167,0.159,381.0,418.0
CC(C)(Cc1ccccc1)c1ccccc1,"1,1'-(1,1-dimethyl-1,2-ethanediyl)bisbenzene",0.9565,0.914,4.705,1.729,0.141,0.133,362.0,403.0
CC=Cc1ccccc1,1-propenylbenzene,0.8928,0.8424,1.77,0.653,0.142,0.133,215.0,236.9
CC(C)C(c1ccccc1)c1ccccc1,"1,1-diphenyl-2-methylpropane",0.9618,0.9196,11.437,3.154,0.149,0.14,413.0,419.0
Cc1ccc(C)c(C(C)c2ccccc2)c1,".alpha.-phenyl-.alpha.-(2,5-dimethylphenyl)ethane",0.9724,0.9314,4.422,1.503,0.126,0.119,362.0,403.0
C=CCc1ccccc1,2-propenylbenzene,0.8873,0.837,1.228,0.49,0.136,0.126,212.5,235.5
C=Cc1ccc(C)cc1,1-ethenyl-4-methylbenzene,0.8761,0.823,1.587,0.608,0.126,0.118,204.5,227.4
CCc1cc(CC)cc(-c2ccccc2)c1,"1,1'-biphenyl, 3,5-diethyl-",1.008,0.965,4.861,1.969,0.198,0.187,382.0,419.0
CC(C(=O)O)c1cccc(C(=O)c2ccccc2)c1,ketoprofen,0.986,0.943,4.361,1.485,0.126,0.12,367.0,407.0
C=Cc1ccccc1C,1-ethenyl-2-methylbenzene,0.89503,0.8436,1.508,0.569,0.126,0.118,212.8,235.5
Cc1ccccc1C(C)c1ccccc1C,"1,1-di-o-tolylethane",0.971,0.929,4.119,1.389,0.125,0.118,359.0,400.0
Cc1ccc(C(C)c2ccc(C)cc2)cc1,"1,1-di-p-tolylethane",0.9665,0.9216,4.139,1.411,0.131,0.123,400.0,435.0
Oc1cccc2c1CCC2,"2,3-dihydro-1H-inden-4-ol",1.0866,1.039,8.191,2.502,0.132,0.125,261.0,279.3
Cc1ccc2c(c1)cc(C)c1ccccc12,"2,9-dimethylphenanthrene",1.13,1.09,14.159,4.037,0.248,0.237,365.0,396.0
Cc1ccc2c(ccc3cc(C)ccc32)c1,"2,7-dimethylphenanthrene",1.133,1.093,15.004,4.117,0.249,0.238,367.0,398.0
O=C(/C=C/C(=O)c1ccccc1)c1ccccc1,"trans-1,2-dibenzoylethylene",1.243,1.197,21.722,5.931,0.236,0.224,443.0,467.0
CCC(CC)(CC)C(O)C(CC)(CC)CC,"4-heptanol, 3,3,5,5-tetraethyl-",0.906,0.86,51.876,7.674,0.114,0.105,522.0,569.0
COc1cccc(C(C)=O)c1,3'-methoxyacetophenone,1.0779,1.0262,10.112,2.534,0.169,0.16,279.0,294.8
CC1=CC(=O)C(C)=C(C)C1=O,"2,3,5-trimethyl-1,4-benzoquinone",1.0779,1.0257,1.763,0.692,0.158,0.149,267.0,288.7
CCCCCCCOCCOCCOCCOCCO,"3,6,9,12-tetraoxa-1-nonadecanol",0.968,0.925,22.727,6.595,0.253,0.228,666.0,694.0
COc1ccccc1C(C)=O,2'-methoxyacetophenone,1.0628,1.0142,8.28,2.071,0.165,0.156,261.0,279.9
CCCCC(CCCC)(CCCC)C(C)O,"3,3-dibutyl-2-heptanol",1.267,1.226,4.104,1.713,0.323,0.31,341.0,368.0
C1=Cc2cc3ccccc3c3cccc1c23,benzoacenaphthylene,1.267,1.226,4.104,1.713,0.323,0.31,343.0,370.0
c1ccc(C2OCCO2)cc1,"1,3-dioxolane, 2-phenyl-",1.093,1.039,2.745,1.347,0.168,0.158,225.0,264.0
c1ccc(-c2cccc3ccccc23)cc1,1-phenylnaphthalene,1.0854,1.045,15.662,4.689,0.275,0.262,330.0,363.0
Oc1ccc2c(c1)CCC2,5-indanol,1.0819,1.035,8.319,2.512,0.131,0.124,254.0,273.2
c1ccc2c3c4c(cccc4cc2c1)CC3,cyclopent[de]anthracene,1.234,1.192,3.728,1.594,0.251,0.241,350.0,380.0
CCc1ccc2c(c1)C(=O)c1ccccc1C2=O,"2-ethyl-9,10-anthracenedione",1.3,1.258,25.385,6.28,0.179,0.172,390.0,422.0
Cc1cc(C)cc(C=O)c1,"3,5-dimethylbenzaldehyde",1.011,0.959,2.374,0.845,0.141,0.132,257.0,276.1
C(=C\c1ccccc1)\C=C\c1ccccc1,"(E,Z)-1,4-diphenyl-1,3-butadiene",0.9943,0.9544,7.644,2.515,0.171,0.162,332.0,369.0
Cc1ccc2cc3ccc(C)cc3cc2c1,"2,7-dimethylanthracene",1.144,1.102,13.986,3.993,0.251,0.239,375.0,405.0
C=CC=C(c1ccccc1)c1ccccc1,"1,1-diphenyl-1,3-butadiene",1.0048,0.965,9.952,3.212,0.159,0.151,361.0,394.0
CC(=O)c1ccccc1C,2-methylacetophenone,0.9984,0.9476,2.204,0.918,0.151,0.142,252.9,271.6
Cc1cc(C)c2cc3ccccc3cc2c1,"1,3-dimethylanthracene",1.141,1.099,14.023,3.913,0.25,0.239,374.0,403.0
CC(C=O)c1ccccc1,2-phenylpropanal,0.9837,0.9313,1.83,0.773,0.159,0.148,241.0,266.4
Cc1ccc(C)c2cc3ccccc3cc12,"1,4-dimethylanthracene",1.138,1.096,14.06,3.923,0.25,0.238,372.0,402.0
CC1(c2ccccc2)CO1,2-methyl-2-phenyloxirane,1.0049,0.954,3.284,1.111,0.139,0.13,233.0,256.2
Cc1ccc2cc3cccc(C)c3cc2c1,"1,7-dimethylanthracene",1.141,1.099,14.023,3.913,0.25,0.239,374.0,403.0
Cc1cccc2c1ccc1c(C)cccc12,"1,8-dimethylphenanthrene",1.127,1.087,14.197,4.048,0.248,0.237,363.0,394.0
Cc1cc2cc3ccccc3cc2cc1C,"2,3-dimethylanthracene",1.141,1.099,14.023,3.913,0.25,0.239,374.0,403.0
C=C(C(=C)c1ccccc1)c1ccccc1,"2,3-diphenyl-1,3-butadiene",1.0009,0.9603,7.393,2.395,0.138,0.131,346.0,383.0
Cc1ccc2c(ccc3ccc(C)cc32)c1,"2,6-dimethylphenanthrene",1.133,1.093,15.004,4.117,0.249,0.238,367.0,398.0
CC1(C)CCCc2c1ccc1ccccc21,"1,1-dimethyl-1,2,3,4-tetrahydrophenanthrene",1.0211,0.9799,9.793,3.164,0.177,0.168,369.0,407.0
CCC(Cc1ccccc1)c1ccccc1,"1,2-diphenylbutane",0.953,0.902,4.512,1.552,0.152,0.144,360.0,401.0
CC(C)COC(=O)c1ccc(C(=O)OCC(C)C)cc1,diisobutyl terephthalate,1.18,1.131,29.661,5.836,0.156,0.148,501.0,544.0
CC1CCC2=C(C1)CC(C)c1ccccc12,"2,9-dimethyl-1,2,3,4,9,10-hexahydrophenanthrene",0.9889,0.9486,8.191,2.635,0.14,0.133,361.0,403.0
CCCc1cc2ccccc2cc1C(C)C,2-(1-methylethyl)-3-propylnaphthalene,0.978,0.936,6.135,2.03,0.182,0.173,384.0,424.0
CCCCC(C)c1ccc2ccccc2c1,2-(1-methylpentyl)naphthalene,0.9637,0.924,7.575,2.381,0.199,0.189,395.0,434.0
CCCCc1cc2ccccc2cc1CC,2-butyl-3-ethylnaphthalene,0.9146,0.876,4.592,1.826,0.194,0.184,411.0,447.0
CC1(C)C2CC3(C)C1C3(c1ccccc1)C2,"2-phenyl-1,5,5-trimethyltricyclo[2.2.1.0(2,6)]heptane",0.957,0.912,1.139,0.625,0.095,0.089,362.0,406.0
CC(OC(C)c1ccccc1)c1ccccc1,"ether, bis(1-phenylethyl)-",0.966,0.9234,5.797,1.733,0.104,0.098,357.0,401.0
CCc1cc(C(C)CC)c2ccccc2c1,3-ethyl-1-(1-methylpropyl)naphthalene,0.965,0.9243,6.839,2.272,0.185,0.175,395.0,434.0
c1cc2c3c(c1)C1CCCCC1C3CCC2,"4,5,6,6a,6b,7,8,9,10,10a-decahydrofluoranthene",1.0242,0.989,20.504,4.449,0.112,0.107,343.0,387.0
CC1(C)C2CC=C(Cc3ccccc3)C1C2,"4-(phenylmethyl)-7,7-dimethylbicyclo[3.1.1]hept-3-ene",0.9578,0.9155,5.742,1.638,0.118,0.111,361.0,404.0
CCCCCCCC=C=Cc1ccccc1,"(1,2-decadienyl)benzene",0.8826,0.8444,2.833,1.279,0.328,0.31,425.0,462.0
CC(C)=CCCC(C)C=Cc1ccccc1,"(3,7-dimethyl-1,6-octadienyl)benzene",0.883,0.8429,4.077,1.542,0.147,0.138,423.0,463.0
CC(=O)c1c(O)cc(C)oc1=O,3-acetyl-4-hydroxy-6-methyl-2H-pyran-2-one,1.343,1.289,6.552,2.327,0.22,0.209,311.0,324.0
C=C(C)CCCC(C)C=Cc1ccccc1,"(3,7-dimethyl-1,7-octadienyl)benzene",0.8802,0.8406,3.636,1.428,0.141,0.133,413.0,455.0
c1cc(C2CCCC2)cc(C2CCCC2)c1,"1,3-dicyclopentylbenzene",0.9662,0.9261,17.595,4.859,0.128,0.121,364.0,410.0
CCCCCCCC1C=Cc2ccccc21,"1H-indene, 1-heptyl-",0.975,0.932,5.744,1.931,0.172,0.163,403.0,443.0
Cc1ccc(C)c2c1C=C(C(C)C)CC2C,"5,6-dihydro-7-(1-methylethyl)-1,4,5-trimethylnaphthalene",0.9291,0.888,4.951,1.689,0.128,0.12,410.0,451.0
CC1=C(C(C)C)CCc2c(C)ccc(C)c21,"5,6-dihydro-7-(1-methylethyl)-1,4,8-trimethylnaphthalene",0.9404,0.8996,5.317,1.779,0.12,0.114,412.0,452.0
CCCCC#CCC#CCC#CCCCC,"5,8,11-hexadecatriyne",0.9,0.859,6.111,1.863,0.16,0.151,454.0,486.0
c1ccc(C2CCC3CCCCC3C2)cc1,decahydro-2-phenylnaphthalene,0.9712,0.9309,9.164,3.008,0.136,0.129,363.0,409.0
CCCCCCCC1=Cc2ccccc2C1,"indene, 2-heptyl-",1.065,1.018,3.756,1.473,0.177,0.167,467.0,498.0
CCCCOC(=O)c1ccccc1C(=O)OCCCC,"dibutyl 1,2-benzenedicarboxylate",1.02976,0.9814,8.604,2.384,0.15,0.1403,484.6,532.2
CCCCOC(=O)c1ccc(C(=O)OCCCC)cc1,"dibutyl benzene-1,4-dicarboxylate",1.19,1.137,17.647,4.31,0.168,0.159,501.0,541.0
CC(C)c1ccc2ccc(C(C)C)cc2c1,"2,7-bis(1-methylethyl)naphthalene",0.9553,0.9144,6.176,2.078,0.178,0.169,389.0,431.0
CCCc1cc2ccccc2cc1CCC,"2,3-dipropylnaphthalene",0.9497,0.9094,3.896,1.649,0.19,0.18,394.0,432.0
C=C1C2CCC(c3ccccc3)(C2)C1(C)C,"2,2-dimethyl-3-methylene-1-phenylbicyclo[2.2.1]heptane",0.9784,0.9359,6.132,1.71,0.104,0.098,358.0,402.0
CCCCOC(=O)Cc1ccc2ccccc2c1,"2-naphthaleneacetic acid, butyl ester",1.042,1.0,7.294,2.6,0.23,0.218,458.0,490.0
CC(Cc1ccccc1)Cc1ccccc1,"1,3-diphenyl-2-methylpropane",0.994,0.949,11.066,3.161,0.153,0.145,369.0,409.0
CC(CCc1ccccc1)c1ccccc1,"1,3-diphenylbutane",0.9575,0.9165,4.073,1.56,0.153,0.145,369.0,409.0
CCCc1ccc(Cc2ccccc2)cc1,1-(phenylmethyl)-4-propylbenzene,0.9532,0.9127,3.053,1.304,0.149,0.14,386.0,422.0
Cc1ccc(C(C)c2ccccc2C)cc1,1-(2-methylphenyl)-1-(4-methylphenyl)-ethane,0.984,0.941,4.37,1.488,0.126,0.12,365.0,406.0
C1=CC2C3C=CC2C13,"tricyclo[3.3.0.02,6]octa-3,7-diene",0.8932,0.8411,2.378,0.628,0.126,0.117,212.1,236.4
Cc1ccc(C(C)c2cccc(C)c2)cc1,1-(3-methylphenyl)-1-(4-methylphenyl)ethane,0.985,0.942,4.365,1.486,0.126,0.12,366.0,406.0
Cc1cc(C)c(C)c(Cc2ccccc2)c1,"1-benzyl-2,3,5-trimethylbenzene",1.0006,0.9592,3.298,1.251,0.122,0.116,390.0,426.0
CCc1ccc(Cc2ccccc2)c(C)c1,1-benzyl-2-methyl-4-ethylbenzene,0.9942,0.9511,2.615,1.104,0.134,0.127,383.0,419.0
CCc1ccc(C(C)c2ccccc2)cc1,1-ethyl-4-(1-phenylethyl)benzene,0.9632,0.9223,5.814,1.952,0.139,0.132,362.0,403.0
Cc1ccccc1OC(=O)/C=C/c1ccccc1,o-cresyl cinnamate,1.05,1.007,6.952,2.483,0.228,0.216,450.0,483.0
CCCCCOC(=O)c1cccc2ccccc12,"1-naphthalenecarboxylic acid, pentyl ester",1.047,1.004,9.36,3.187,0.238,0.226,495.0,522.0
CCCCCOC(=O)c1ccc2ccccc2c1,"2-naphthoic acid, pentyl ester",1.041,0.999,9.606,3.303,0.241,0.228,506.0,531.0
CCCCCCc1cccc2ccccc12,1-hexylnaphthalene,0.9449,0.905,4.445,1.768,0.207,0.196,412.0,447.0
CCCCCC(=O)c1cccc2ccccc12,"1-hexanone, 1-(1-naphthalenyl)-",1.023,0.9839,9.775,3.659,0.237,0.225,423.0,455.0
COC(=O)c1cc(O)c(O)c(O)c1,"gallic acid, methyl ester",1.43,1.374,76.923,13.828,0.168,0.159,341.0,356.0
COc1ccc(C(C)(C)c2ccccc2)cc1,"4-(.alpha.,.alpha.-dimethylbenzyl)anisole",1.035,0.992,14.493,3.931,0.144,0.136,382.0,422.0
c1ccc(CCCCOc2ccccc2)cc1,"benzene, 4-phenylbutoxy-",1.0096,0.966,9.212,2.899,0.184,0.174,438.0,469.0
COc1cc(C)cc2c(C(C)=O)c(C)cc(OC)c12,"1'-acetonaphthone, 4',5'-dimethoxy-2',7'-dimethyl-",1.248,1.201,52.885,9.992,0.223,0.212,504.0,528.0
CC(c1ccccc1)C(CO)c1ccccc1,"2,3-diphenyl-1-butanol",1.179,1.134,13.571,3.968,0.178,0.169,451.0,484.0
CCCCCC=C(C)C#Cc1ccccc1,(3-methyl-3-nonen-1-ynyl)benzene,0.8873,0.8476,6.086,2.006,0.151,0.143,403.0,440.0
c1cc2c3c4c1CCCC4CCC3CCC2,"1,2,3,3a,4,5,5a,6,7,8-decahydropyrene",1.0471,1.008,3.247,1.389,0.109,0.104,383.0,421.0
CCCCCCc1ccc2ccccc2c1,2-hexylnaphthalene,0.9345,0.8932,4.505,1.605,0.208,0.197,407.0,442.0
CC(C)c1ccc(C(C)C)c2ccccc12,"1,4-bis(1-methylethyl)naphthalene",0.9939,0.9518,6.137,1.996,0.178,0.168,387.0,428.0
CC12C=C(c3ccccc3)C(CC1)C2(C)C,"1,7,7-trimethyl-3-phenylbicyclo[2.2.1]hept-2-ene",0.9608,0.9186,6.141,1.742,0.138,0.131,357.0,401.0
CC1=CC(c2ccccc2)=C(C(C)C)CC1,"1-(1-methylethyl)-4-methyl-2-phenyl-1,3-cyclohexadiene",0.9455,0.9046,8.355,2.764,0.182,0.172,376.0,419.0
CCCCCCCCCC(CCCCC)C(=O)O,2-pentylundecanoic acid,0.8771,0.84,21.662,5.476,0.156,0.147,542.0,588.0
CC(C)(C)CC(=O)OC(CC(C)(C)C)C(C)(C)C,"3,3-dimethyl-1-(1,1-dimethylethyl)butyl 3,3-dimethylbutanoate",0.8413,0.798,5.349,2.005,0.093,0.087,492.0,552.0
CCCCCCCCCCCC(CCC)C(=O)O,2-propyltridecanoic acid,0.8698,0.8288,21.844,5.55,0.156,0.147,542.0,588.0
O=Cc1ccc(C(=O)O)cc1,4-carboxybenzaldehyde,1.01145,0.959,1.264,0.594,0.162,0.151,209.4,228.3
CCCCC(C)(Cc1ccccc1)CC(C)C,[2-methyl-2-(2-methylpropyl)hexyl]benzene,0.87,0.8285,4.943,1.931,0.132,0.124,492.0,538.0
CCCCCCCCC(C)(C)c1ccccc1,"benzene, (1,1-dimethylnonyl)-",0.8542,0.816,12.878,3.676,0.142,0.134,510.0,552.0
CCCCC1=C(CCC)C2CCCCC2CC1,"1,2,4a,5,6,7,8,8a-octahydro-3-butyl-4-propylnaphthalene",0.8724,0.8323,2.866,1.177,0.113,0.106,455.0,506.0
C1CCC(C2(C3CCCC3)CCCCC2)CC1,cyclopentylbicyclohexyl,0.9163,0.8791,13.751,4.436,0.115,0.109,415.0,481.0
O=C1CCCCCCCC=CCCCCCCC1,9-cycloheptadecen-1-one,0.998,0.956,37.074,11.506,0.182,0.172,491.0,542.0
CCCC(CC1CCCCC1)C1CCCCC1,"1,2-dicyclohexylpentane",0.9001,0.8603,7.555,2.441,0.124,0.117,440.0,498.0
C#CCCCCCCCCCCCCCCC,1-heptadecyne,0.859,0.82,11.059,3.293,0.101,0.095,504.0,553.0
CCCCCCCCCCCC1=CCCCC1,1-undecylcyclohexene,0.885,0.842,3.729,1.544,0.135,0.127,481.0,532.0
CCCCC(C1CCCCC1)C1CCCCC1,"cyclohexane, 1,1'-pentylidenebis-",0.8757,0.838,12.219,2.494,0.126,0.119,452.0,508.0
CCCCC(C)(C)C1CCCC2CCCCC21,"2-(1,1-dimethylpentyl)bicyclo[4.4.0]decane",0.8676,0.8287,7.607,2.534,0.11,0.103,452.0,508.0
CC#CCCCCCCCCCCCCCC,2-heptadecyne,0.871,0.829,7.003,2.171,0.149,0.14,518.0,564.0
CCCCC1CCC2CCCCC2C1CCC,3-butyl-2-propylbicyclo[4.4.0]decane,0.867,0.8275,1.845,0.943,0.118,0.111,441.0,498.0
CCC#CCCCCCCCCCCCCC,3-heptadecyne,0.871,0.829,7.003,2.171,0.149,0.14,518.0,564.0
CCCCCCCCCCCCC1C=CCC1,3-dodecylcyclopentene,0.8123,0.773,3.324,1.41,0.148,0.138,505.0,553.0
C=CC(=O)OCCCCCCCCCCCCCC,tetradecyl 2-propenoate,0.861,0.827,4.878,1.814,0.17,0.159,597.0,640.0
CCCCCCCCCCCCC1CC=CC1,4-dodecylcyclopentene,0.942,0.896,3.079,1.317,0.152,0.142,527.0,572.0
CCC(CC1CCCCC1)CC1CCCCC1,"cyclohexane, 1,1'-(2-ethyl-1,3-propanediyl)bis-",0.8643,0.824,8.446,2.318,0.126,0.119,446.0,503.0
CCC1(CC2(CC)CCCCC2)CCCCC1,"methane, bis(ethylcyclohexyl)-",0.8596,0.8207,6.864,2.681,0.108,0.102,454.0,513.0
CCCCCCCCCCCCC1=CCCC1,1-dodecylcyclopentene,0.964,0.923,40.456,11.918,0.173,0.163,494.0,548.0
C=CCCCCCCCCCCCCCCC,1-heptadecene,0.7718,0.7311,3.046,1.279,0.147,0.138,525.0,575.0
C=CC(=O)OC(CCC(CC)CCCC)CC(C)C,4-ethyl-1-(2-methylpropyl)octyl 2-propenoate,0.8554,0.815,5.845,1.963,0.142,0.133,542.0,595.0
CCCCCCC/C=C/CCCCCCCC,8-heptadecene,0.79,0.752,3.038,1.263,0.149,0.139,523.0,572.0
CCOC(C)(OCC)OCC,triethyl orthoacetate,1.098,1.044,2.641,0.91,0.147,0.139,204.9,224.5
O=C1CCCCCCCCCCCCCCCCO1,oxacyclooctadecane-2-one,0.967,0.933,24.819,9.646,0.178,0.17,464.0,525.0
CCCCCCCCCCCCC1CCCC1,dodecylcyclopentane,0.804,0.763,4.602,1.835,0.142,0.133,538.0,586.0
CCCCC(CCCC)CCC1CCCCC1,(3-butylheptyl)cyclohexane,0.8224,0.7826,6.445,2.3,0.127,0.119,474.0,531.0
CCCC(CCC)(CC(C)C)C1CCCCC1,"(3-methyl-1,1-dipropylbutyl)cyclohexane",0.8304,0.7893,7.948,2.787,0.116,0.108,506.0,560.0
CCCCCC(CCCCC)c1ccccc1,6-phenylundecane,0.951,0.906,4.416,1.656,0.151,0.141,496.0,540.0
C1CCC(CCCCCC2CCCCC2)CC1,"1,5-dicyclohexylpentane",0.8567,0.8189,7.821,2.528,0.133,0.126,457.0,511.0
C=Cc1ccc(CCCCCCCCC)cc1,p-nonylvinylbenzene,0.8709,0.832,3.904,1.563,0.144,0.136,474.0,516.0
Cc1ccc2c(c1)C(C)(CC(C)C)CC2(C)C,"2,3-dihydro-3-(2-methylpropyl)-1,1,3,5-tetramethyl-1H-indene",0.8799,0.842,5.455,1.781,0.086,0.082,430.0,479.0
CCc1cc(C)c2c(c1C)CC(CC)(CC)C2,"2,3-dihydro-4,7-dimethyl-2,2,5-triethyl-1H-indene",0.9034,0.864,3.321,1.389,0.083,0.079,456.0,500.0
CCCCC(CC)Cc1ccc2c(c1)CCC2,"2,3-dihydro-5-(2-ethylhexyl)-1H-indene",0.9097,0.871,7.695,2.411,0.122,0.116,453.0,498.0
CCCCCCCCC=C(C)c1ccccc1,2-phenyl-2-undecene,0.942,0.9,3.079,1.333,0.151,0.142,468.0,511.0
CCc1ccc2c(c1)C(C)(C)C(C)(C)C2(C)C,"2,3-dihydro-5-ethyl-1,1,2,2,3,3-hexamethyl-1H-indene",0.908,0.8701,3.524,1.379,0.076,0.072,436.0,484.0
CC(C)CC=C(CCC(C)C)c1ccccc1,"2,8-dimethyl-5-phenyl-4-nonene",0.859,0.8194,3.958,1.464,0.13,0.123,436.0,486.0
CCCCCCCC1CCc2ccccc2C1,2-heptyltetralin,0.976,0.934,9.426,2.998,0.136,0.128,448.0,493.0
CC(C)c1cc(C(C)C)c2c(c1)C(C)(C)CC2,"4,6-bis(1-methylethyl)-2,3-dihydro-1,1-dimethyl-1H-indene",0.8852,0.846,5.31,1.773,0.085,0.08,442.0,490.0
CC(C)(C)c1ccc2c(c1)C(C)(C)CC2(C)C,"5-(1,1-dimethylethyl)-1,1,3,3-tetramethylindan",0.939,0.896,7.987,2.232,0.075,0.071,428.0,478.0
CC1=C(Cc2ccccc2)CC(C(C)C)CC1,1-methyl-4-(1-methylethyl)-2-(phenylmethyl)-1-cyclohexene,0.9182,0.879,5.663,2.162,0.114,0.108,456.0,499.0
c1cc2c(cc1CC1CCCCC1)CCCC2,"6-cyclohexylmethyl-1,2,3,4-tetrahydronaphthalene",0.9018,0.863,5.544,2.202,0.129,0.121,457.0,500.0
Cc1cc(C(C)C)ccc1C1(C)CCCCC1,"benzene, 1-isopropyl-3-methyl-4-(1-methylcyclohexyl)-",0.9085,0.8683,8.476,2.879,0.101,0.096,415.0,467.0
CCCCCCCCCCc1ccc(C)cc1,1-decyl-4-methylbenzene,0.8442,0.805,3.303,1.338,0.143,0.134,514.0,554.0
c1ccc2c(c1)CCO2,"2,3-dihydrobenzo[b]furan",1.0564,1.001,1.799,0.809,0.14,0.131,202.5,221.3
CCCCCCC(CCCC)c1ccccc1,5-phenylundecane,0.922,0.878,4.013,1.481,0.147,0.138,475.0,521.0
CCCCOC(=O)c1c(CC)cc(CC)cc1CC,"butyl 2,4,6-triethylbenzoate",1.012,0.966,2.964,1.139,0.123,0.115,487.0,533.0
CCCCCCCCCC(C)c1ccccc1,2-phenylundecane,0.8468,0.807,4.606,1.735,0.148,0.139,481.0,527.0
CCCC(CCC)(CC(C)C)c1ccccc1,"(1,1-dipropyl-3-methylbutyl)benzene",0.8602,0.821,4.534,1.705,0.126,0.118,446.0,498.0
CCCCC(CCCC)CCc1ccccc1,(3-butylheptyl)benzene,0.8443,0.8046,4.264,1.616,0.145,0.136,466.0,513.0
CCCCC(CC)CC(C)(C)c1ccccc1,"(3-ethyl-1,1-dimethylheptyl)benzene",0.8499,0.8113,4.706,1.726,0.126,0.118,446.0,498.0
CCC(C)c1c(C)cc(C)c(C(C)CC)c1C,"1,3,5-trimethyl-2,4-bis(1-methylpropyl)benzene",0.8829,0.8423,2.945,1.199,0.085,0.08,455.0,505.0
CCCCCC(C)(C)c1ccc(C(C)C)cc1,"1-(1,1-dimethylhexyl)-4-(1-methylethyl)benzene",0.8503,0.8116,6.939,2.341,0.115,0.108,463.0,513.0
CCCC(C)c1ccc(C)c(C(C)CCC)c1,"1-methyl-2,4-bis(1-methylbutyl)benzene",0.8524,0.8124,2.698,1.145,0.111,0.104,459.0,509.0
C#Cc1ccccc1O,o-ethynylphenol,1.556,1.492,35.347,7.038,0.174,0.165,303.0,312.0
CCCCCCCCCCCc1ccccc1,undecylbenzene,0.84249,0.801,3.086,1.373,0.155,0.145,477.0,522.0
CCCCCCCCC(CC)c1ccccc1,3-phenylundecane,0.925,0.882,4.108,1.587,0.147,0.138,477.0,523.0
CC(C)CC(C1CCCCC1)C1CCCCC1,"1,1-dicyclohexyl-3-methylbutane",0.8775,0.839,6.724,2.741,0.121,0.114,456.0,514.0
CCCCCCCC(CCC)c1ccccc1,4-phenylundecane,0.923,0.879,4.117,1.593,0.147,0.138,476.0,522.0
CCCCCCCCCCCC1CCCCC1,"undecane, 1-cyclohexyl-",0.811,0.773,4.932,2.07,0.138,0.129,500.0,554.0
C=C(C)CCCCCCCCCCCCCC,2-methyl-1-hexadecene,0.853,0.811,1.524,0.826,0.13,0.121,520.0,570.0
CC(C)CCCC(C)C1CCc2ccccc21,"2,3-dihydro-1-(1,5-dimethylhexyl)-1H-indene",0.895,0.8569,13.408,3.618,0.123,0.116,440.0,488.0
CCCCCCCCCCC1CCCCCC1,decylcycloheptane,0.81816,0.7774,6.111,2.573,0.138,0.13,500.0,552.0
CC(C)CCC(C)(C)CC(C)(C)CCC(C)C,"2,5,5,7,7,10-hexamethylundecane",0.7801,0.741,3.589,1.35,0.093,0.087,508.0,569.0
CCC(C)(CC(C)(CC)C(C)(C)CC)C(C)C,"3,5-diethyl-2,3,5,6,6-pentamethyloctane",0.8345,0.797,7.118,2.02,0.08,0.076,501.0,563.0
CCCCCCCCCCCCCC(C)CC,"hexadecane, 3-methyl-",0.765,0.726,3.438,1.405,0.138,0.129,545.0,596.0
CCCCCCCCCCCCC(C)C(C)C,"pentadecane, 2,3-dimethyl-",0.7694,0.7307,3.509,1.369,0.132,0.124,534.0,587.0
CCCCCCCCCCCC(C)CC(C)C,"pentadecane, 2,4-dimethyl-",0.7642,0.7248,3.324,1.352,0.13,0.121,564.0,616.0
CCCCCCC(CCCCC)CCCCC,6-pentyldodecane,0.7872,0.7482,3.176,1.337,0.137,0.128,545.0,596.0
CCCCCCCCC(C)CC(C)CC(C)C,"tetradecane, 2,4,6-trimethyl-",0.7645,0.7234,3.152,1.161,0.123,0.114,562.0,614.0
CCCCCCC(CCCC)CCCCCC,7-butyltridecane,0.7658,0.728,3.003,1.291,0.134,0.126,528.0,581.0
CCCCCCCCCCCCCCCCC,heptadecane,0.76433,0.72313,3.451,1.408,0.1465,0.1356,543.22,590.84
CCCCCCCCCCCCCC(C)(C)C,"pentadecane, 2,2-dimethyl-",0.836,0.794,5.024,1.763,0.123,0.115,518.0,574.0
O=C1OCc2ccccc21,phthalide,1.281,1.234,11.71,2.998,0.169,0.162,209.8,226.9
c1ccc2occc2c1,"2,3-benzofuran",1.0533,0.9954,1.434,0.663,0.172,0.16,185.9,203.8
CCCCCCCC(CCC)(CCC)CCC,"undecane, 4,4-dipropyl-",0.842,0.8,4.988,1.75,0.122,0.114,527.0,581.0
CCCCCCCCCCCCCCCCOC,1-methoxyhexadecane,0.92,0.877,4.022,1.596,0.161,0.151,572.0,619.0
C#CC#CC#CC#C,"1,3,5,7-octatetrayne",0.93,0.88,2.903,1.08,0.0745,0.0694,222.3,225.9
CCCCCCCCCCCC(=O)OC(C)CCC,"dodecanoic acid, 1-methylbutyl ester",0.792,0.753,6.818,2.258,0.154,0.144,564.0,613.0
CCCCCCCC(CCCCC)COC(C)C,2-propyl 2-pentylnonyl ether,0.8131,0.7736,5.165,1.81,0.142,0.133,533.0,588.0
CCCCCCCCCOCCCCCCCC,nonyl octyl ether,0.7945,0.756,3.776,1.587,0.16,0.149,567.0,615.0
CCOCOCOCOCOCC,"3,5,7,9,11-pentaoxatridecane",0.9938,0.9376,2.616,1.269,0.203,0.188,379.0,396.0
CCCCCCCCCCCCCCCOCC,ethyl pentadecyl ether,0.919,0.875,3.808,1.486,0.161,0.151,571.0,618.0
C#Cc1ccccc1,1-phenylethyne,0.9107,0.8549,1.109,0.55,0.1,0.093,184.5,203.2
OCCOCCOCCOCCO,"3,6,9-trioxa-1,11-undecanediol",1.10891,1.0635,20.516,3.827,0.1881,0.1839,431.3,457.6
CCCCOCCOCCO,"3,6-dioxa-1-decanol",0.93673,0.883,3.467,1.121,0.1594,0.1479,362.1,380.0
COCCOCCOCCOC,"2,5,8,11-tetraoxadodecane",0.96607,0.90859,1.537,0.741,0.158,0.147,370.07,385.5
CCOCCOC(C)(C)C,1-tert-butoxy-2-ethoxyethane,0.868,0.805,1.555,0.683,0.136,0.124,314.0,339.4
c1ccc(-c2cccc(-c3ccccc3)c2)cc1,terphenyl,1.219,1.172,18.868,5.631,0.289,0.275,374.0,411.0
CCOCCC(C)CCO,"1-pentanol, 5-ethoxy-3-methyl-",0.881,0.8294,4.654,1.206,0.152,0.141,346.0,366.7
CCCOCCCCOC,1-methoxy-4-propoxybutane,0.8276,0.7725,1.003,0.66,0.154,0.141,320.0,341.4
CCCCCCCCCCCCCCC(=O)OCC,ethyl pentadecanoate,1.0,0.949,4.0,1.581,0.161,0.15,578.0,626.0
CCCCCCCCCCCCOC(=O)CCCC,dodecyl pentanoate,0.996,0.949,3.916,1.581,0.16,0.15,579.0,626.0
CCCCCCCCCCC(C)CCC(=O)OCC,ethyl 4-methyltetradecanoate,0.991,0.943,6.862,2.227,0.156,0.146,586.0,634.0
CCCCCCCCCCC(=O)OC(C)CCCC,1-methylpentyl undecanoate,0.841,0.8,7.372,2.5,0.153,0.143,571.0,621.0
CCCCCCCCCCCCCCCCC=O,heptadecanal,0.93,0.888,4.516,1.689,0.175,0.164,560.0,607.0
CCCCCCCCCCCCCC1CCC1,tridecylcyclobutane,0.883,0.84,2.605,1.107,0.137,0.128,503.0,554.0
CCCCCCCCCCCCCCC1CC1,tetradecylcyclopropane,0.78351,0.7413,3.063,1.295,0.14,0.131,531.0,580.0
CCCCCCCCCC1CCCCCCC1,nonylcyclooctane,0.82932,0.789,6.994,2.915,0.137,0.129,490.0,544.0
CCCCC(CC)CCC(=O)CCC(CC)CC,"3,9-diethyl-6-tridecanone",0.891,0.848,4.602,1.651,0.16,0.149,552.0,602.0
CCCCCCCCCCCCCCC(=O)CC,3-heptadecanone,0.893,0.85,3.024,1.365,0.173,0.162,557.0,604.0
CCCCCCCC(C)(CCC)CC(=O)CCC,6-methyl-6-propyl-4-tridecanone,0.8238,0.784,10.197,3.061,0.155,0.145,557.0,605.0
CCCCCCCCCCCCCC(=O)CCC,4-heptadecanone,0.893,0.85,3.024,1.365,0.173,0.162,557.0,604.0
CCCCCC(C)CCCC(C)CCCC(C)=O,"6,10-dimethyl-14-pentadecanone",0.8304,0.79,4.817,1.772,0.16,0.15,556.0,606.0
CCCCCCCCCCCCC(=O)OC(C)(C)C,"1,1-dimethylethyl tridecanoate",0.973,0.926,11.305,3.132,0.14,0.131,564.0,615.0
CCCCCCCCCC(C)OC(=O)CCCCC,1-methyldecyl hexanoate,0.8398,0.7944,7.383,2.518,0.153,0.143,571.0,621.0
CCCCCCCCCCCCCC(=O)OC(C)C,1-methylethyl tetradecanoate,0.838,0.797,3.938,1.631,0.155,0.145,579.0,628.0
CCCCCCCCC(=O)OC(C)CCCCCC,1-methylheptyl nonanoate,0.8414,0.7958,7.369,2.513,0.153,0.143,571.0,621.0
CCCCCCCCCCCCCCCC(C)=O,2-heptadecanone,0.925,0.878,5.514,1.936,0.13,0.121,540.0,596.0
CCCCCCCC(CCCCCC)COC(C)=O,2-heptyloctyl ethanoate,0.8467,0.806,7.323,2.481,0.153,0.143,569.0,619.0
CCCCCCCCCCC(CCCCC)C(=O)O,2-pentyldodecanoic acid,0.867,0.829,25.375,6.273,0.157,0.147,566.0,615.0
CCCCCCCCCC(=O)CCCCCCC,8-heptadecanone,0.85,0.809,6.824,2.225,0.15,0.141,557.0,609.0
CCCCCCCCCCCC(CCC)CC(=O)O,3-propyltetradecanoic acid,0.8673,0.8294,25.366,6.39,0.156,0.147,563.0,613.0
CCCCCCCCCCCCCCC(C)C,2-methylhexadecane,0.7619,0.722,3.413,1.371,0.138,0.129,542.0,594.0
CCCCCCCCCCCCC(=O)OCCCC,butyl tridecanoate,0.8429,0.803,4.627,1.868,0.16,0.15,579.0,626.0
CCCCCCCCCCC(CCC)CCC,4-propyltetradecane,0.7724,0.734,3.314,1.322,0.136,0.127,534.0,587.0
CCCCC(CCCC)(CCCC)CCCC,"5,5-dibutylnonane",0.764,0.719,4.319,1.613,0.118,0.11,497.0,555.0
CCc1cc2c(cc1CC)CC(CC)(CC)C2,"2,3-dihydro-2,2,5,6-tetraethyl-1H-indene",0.9083,0.868,3.413,1.382,0.097,0.092,455.0,498.0
CCc1cc(CC)c2c(c1)CC(CC)(CC)C2,"1H-indene, 2,2,4,6-tetraethyl-2,3-dihydro-",0.976,0.932,3.176,1.288,0.097,0.092,455.0,498.0
CC1=CC(=O)C(C)=CC1=O,p-xyloquinone,1.22,1.161,1.967,0.784,0.176,0.164,278.0,291.9
C1=CC(c2ccccc2)C(c2ccccc2)C1,"1-cyclopentene, 3,4-diphenyl-",1.0231,0.9827,13.684,4.274,0.181,0.172,353.0,394.0
CCCCC(CC)C(CC(OCC)OCC)OCC,"1,1,3-triethoxy-4-ethyloctane",0.973,0.927,8.736,2.913,0.172,0.161,563.0,611.0
CCCCCCOCCOCCOCCCCCC,"hexane, 1,1'-[oxybis(2,1-ethanediyloxy)]bis-",0.859,0.82,7.334,2.805,0.195,0.183,584.0,625.0
CCCCCCCCCCCCCCC(C)O,2-hexadecanol,1.03,0.969,8.641,2.89,0.134,0.124,606.0,654.0
C=c1ccccc1=C,"5,6-bis(methylene)-1,3-cyclohexadiene",1.06939,1.01079,1.25,0.634,0.149,0.139,221.02,241.6
O=CCc1ccccc1,phenylethanal,1.1031,1.0501,2.357,0.828,0.167,0.156,261.0,273.6
COc1ccccc1C=O,2-methoxybenzaldehyde,1.1175,1.0704,3.221,1.046,0.166,0.157,235.0,251.3
CCCCCCCCCCCC(O)(CC)CC,3-ethyl-3-tetradecanol,1.226,1.187,5.139,2.106,0.292,0.28,357.0,390.0
c1ccc2c(c1)OCCO2,"2,3-dihydro-1,4-benzodioxin",1.202,1.144,4.908,1.573,0.155,0.146,216.3,236.1
C1=Cc2c(c3ccccc3c3ccccc23)C1,1H-cyclopenta[l]phenanthrene,1.223,1.183,5.151,2.113,0.291,0.279,355.0,387.0
C1=Cc2cc3cc4ccccc4cc3cc2C1,1H-cyclopent[b]anthracene,1.237,1.196,4.689,2.007,0.261,0.25,364.0,395.0
c1ccc2c(c1)CC2,"bicyclo[4.2.0]octa-1,3,5-triene",0.992,0.937,1.018,0.48,0.126,0.117,185.0,203.5
C=C1C=CC=CC=C1,"7-methylene-1,3,5-cycloheptatriene",0.831,0.785,0.806,0.369,0.129,0.12,158.9,182.4
COC(=O)C1=Cc2c(ccc3ccccc23)OC1C(=O)OC,"dimethyl-3H-naphtho[2,1-b]pyran-2,3-dicarboxylate",1.395,1.347,58.065,11.878,0.265,0.253,462.0,499.0
Cc1ccc2c(ccc3c(C)cccc32)c1C,"1,2,8-trimethylphenanthrene",1.121,1.082,14.273,3.882,0.238,0.227,397.0,430.0
O=C(O)c1ccc(C(=O)O)cc1,"1,4-benzenedicarboxylic acid",0.844,0.783,0.604,0.285,0.116,0.106,185.9,207.1
Cc1ccccc1C1=CCCc2ccccc21,"1,2-dihydro-4-(2-methylphenyl)naphthalene",1.006,0.969,19.881,5.676,0.227,0.217,371.0,408.0
Cc1cc(C)c2ccc3ccccc3c2c1C,"1,3,4-trimethylphenanthrene",1.121,1.082,14.273,3.882,0.238,0.227,397.0,430.0
Cc1ccc2cc3c(C)cc(C)cc3cc2c1,"1,3,6-trimethylanthracene",1.142,1.101,14.011,3.633,0.241,0.23,412.0,444.0
Cc1ccc2c(ccc3c(C)cc(C)cc32)c1,"1,3,7-trimethylphenanthrene",1.131,1.091,14.147,3.85,0.24,0.229,404.0,437.0
Cc1cc(C)c2ccc3c(C)cccc3c2c1,"1,3,8-trimethylphenanthrene",1.128,1.088,14.184,3.768,0.239,0.228,402.0,435.0
Cc1ccc(C)c2c1c(C)cc1ccccc12,"1,4,10-trimethylphenanthrene",1.125,1.085,14.222,3.779,0.238,0.228,400.0,433.0
Cc1cccc2c1ccc1c(C)ccc(C)c12,"1,4,8-trimethylphenanthrene",1.125,1.085,14.222,3.779,0.238,0.228,400.0,433.0
Cc1cc(C)c2c(ccc3c(C)cccc32)c1,"1,5,7-trimethylphenanthrene",1.128,1.088,14.184,3.768,0.239,0.228,402.0,435.0
Cc1cccc2c(C)c3c(C)cccc3cc12,"1,5,9-trimethylanthracene",1.125,1.085,14.222,3.779,0.238,0.228,400.0,433.0
Cc1ccc2cc(C)c3c(C)cccc3c2c1,"1,6,10-trimethylphenanthrene",1.128,1.088,14.184,3.768,0.239,0.228,402.0,435.0
C=Cc1ccccc1,styrene,0.8884,0.8447,0.643,0.378,0.135,0.125,185.8,205.8
O=C(C=Cc1ccccc1)C=Cc1ccccc1,dibenzalacetone,1.128,1.088,14.184,3.768,0.239,0.228,402.0,435.0
Cc1ccc2c(c1)cc(C)c1c(C)cccc12,"1,7,10-trimethylphenanthrene",1.128,1.088,14.184,3.768,0.239,0.228,402.0,435.0
Cc1c(C)c2c(C)cccc2c2ccccc12,"1,9,10-trimethylphenanthrene",1.118,1.079,14.311,3.8,0.237,0.227,395.0,429.0
CCCCOC(C)CC(OCCCC)OCCCC,"1,1,3-tributoxybutane",0.8554,0.814,9.002,3.071,0.175,0.164,555.0,603.0
CC(=O)C=Cc1ccco1,4-(2-furyl)-3-buten-2-one,1.111,1.056,3.87,1.335,0.178,0.166,243.0,259.2
CCCCCCCCCCCCCCOCCO,tetradecylglycol,1.0,0.955,11.0,3.455,0.185,0.169,593.0,633.0
CCC(C)(C)CCCCCCC(C)(C)CC,"3,3,10,10-tetramethyldodecane",0.823,0.781,4.982,1.793,0.105,0.098,492.0,545.0
CCCCCCCCCCCC(C)(C)CC(=O)O,"3,3-dimethyltetradecanoic acid",0.958,0.916,37.578,7.969,0.143,0.135,537.0,584.0
CCCCCCCCCCCC(C)C(C)C,"2,3-dimethyltetradecane",0.7647,0.7255,2.982,1.241,0.13,0.121,505.0,556.0
CC1(C)OCCCCCOC(C)(C)OCCCCCO1,"2,2,10,10-tetramethyl-1,3,9,11-tetraoxacyclohexadecane",0.75704,0.7156,2.914,1.233,0.138,0.128,528.0,575.0
CCCCCCCCCCCC(=O)OOC(C)(C)C,"dodecaneperoxoic acid, 1,1-dimethylethyl ester",1.07,1.024,58.879,10.742,0.162,0.153,589.0,631.0
CC(C)CCCCCCCCCCC(C)C,"2,13-dimethyltetradecane",0.7679,0.7281,2.474,1.099,0.129,0.12,504.0,555.0
CC(CCCC(C)(C)C)CCCC(C)(C)C,"2,2,6,10,10-pentamethylundecane",0.849,0.804,2.827,1.281,0.102,0.095,514.0,566.0
CCCCCCCCCCCCC(C)CC,3-methylpentadecane,0.7611,0.7214,2.799,1.206,0.135,0.126,488.0,541.0
CCCCCCC(CCC)(CCC)CCC,"4,4-dipropyldecane",0.7753,0.7356,4.127,1.523,0.119,0.111,477.0,531.0
CCCCCCCCCCCC(C)CCC,4-methylpentadecane,0.7614,0.7213,2.614,1.109,0.136,0.127,509.0,558.0
CCCCCCCCCC(C)CCC(C)C,"2,5-dimethyltetradecane",0.7586,0.7194,2.373,1.056,0.126,0.118,490.0,543.0
CCC(C)CCCCC(C)CCCC(C)C,"2,6,11-trimethyltridecane",0.858,0.813,2.331,1.021,0.125,0.117,518.0,568.0
Cc1ccc2c(c1)OCO2,"5-methyl-1,3-benzodioxole",1.208,1.143,2.732,0.954,0.143,0.134,226.0,244.5
CC(C)CCCC(C)C(C)CCCC(C)C,"2,6,7,11-tetramethyldodecane",0.838,0.794,2.148,0.957,0.117,0.109,503.0,557.0
CCCCC(CC)CCC(CC)CCCC,"5,8-diethyldodecane",0.7696,0.7299,2.209,1.014,0.125,0.117,482.0,536.0
CCCCCCCCCCCCOCCCCO,4-(dodecyloxy)-1-butanol,1.0,0.955,11.0,3.455,0.185,0.169,593.0,633.0
CCC(CC)(CC)CCC(CC)(CC)CC,"3,3,6,6-tetraethyloctane",0.769,0.733,5.072,1.842,0.1,0.094,451.0,510.0
CCCCC(CCCC)(CCCC)C(C)C,5-butyl-5-(1-methylethyl)nonane,0.7858,0.7479,2.545,1.15,0.11,0.103,459.0,516.0
CC(C)C(CCC(C(C)C)C(C)C)C(C)C,"3,6-di(1-methylethyl)-2,7-dimethyloctane",0.7838,0.7428,2.424,0.889,0.102,0.095,480.0,539.0
CCCCCCCCCCCC(CC)CC,3-ethyltetradecane,0.7664,0.727,2.871,1.252,0.137,0.128,518.0,565.0
CCCC(CCC)CCC(CCC)CCC,"4,7-dipropyldecane",0.7701,0.7305,2.467,1.054,0.126,0.118,489.0,542.0
CCCCC(C)CCCCC(C)CCCC,"5,10-dimethyltetradecane",0.833,0.79,2.281,1.013,0.128,0.119,498.0,550.0
CCCCCC(CC)CC(CC)CCCC,"5,7-diethyldodecane",0.7731,0.7333,2.328,1.036,0.126,0.118,487.0,540.0
O=COCc1ccccc1,benzyl methanoate,1.118,1.056,1.878,0.786,0.168,0.157,254.0,268.2
CCCCCCCC(O)(C(C)(C)C)C(C)(C)C,"3-decanol, 3-tert-butyl-2,2-dimethyl-",0.8517,0.808,129.153,14.851,0.106,0.097,558.0,607.0
OCCCCCCCCCCCCCCCCO,"1,16-hexadecanediol",1.01,0.973,41.584,9.147,0.24,0.22,604.0,645.0
CCCCCCCCCCCCCOCCCO,3-(tridecyloxy)-1-propanol,1.0,0.955,11.0,3.455,0.185,0.169,593.0,633.0
CC(C)c1cccc2c1ccc1ccccc12,1-(1-methylethyl)phenanthrene,1.091,1.052,22.915,5.323,0.254,0.242,375.0,413.0
O=Cc1ccc2ccc3cccc4ccc1c2c34,"pyrene, 1-formyl-",1.121,1.081,16.949,4.625,0.251,0.24,396.0,430.0
CCCCCCCC1CCCc2ccccc21,1-heptyltetralin,0.976,0.934,9.426,2.998,0.136,0.128,448.0,493.0
CC1CC=C(c2ccccc2)c2ccccc21,"1-methyl-4-phenyl-1,2-dihydronaphthalene",1.0401,1.0012,15.383,4.594,0.231,0.22,356.0,396.0
CC(=Cc1cccc2ccccc12)CC(C)C,"1-(2,4-dimethyl-1-pentenyl)naphthalene",0.9507,0.914,10.519,3.282,0.195,0.186,414.0,454.0
CC(C)=C(c1cccc2ccccc12)C(C)C,1-[2-methyl-1-(1-methylethyl)-1-propenyl]naphthalene,0.961,0.924,12.487,3.571,0.184,0.175,423.0,463.0
C=C(C)CCC=C(C)C1C=Cc2ccccc21,"1-(1,5-dimethyl-1,5-hexadienyl)-1H-indene",0.9576,0.9165,6.161,1.964,0.158,0.149,412.0,453.0
CCC1(C)CCCc2c1ccc1ccccc21,"1-ethyl-1-methyl-1,2,3,4-tetrahydrophenanthrene",1.0196,0.9802,11.769,3.571,0.175,0.166,381.0,424.0
C1=C\C=C/C=C\C=C/1,"1,3,5,7-cyclooctatetraene",0.9004,0.8458,1.076,0.538,0.147,0.137,189.0,205.2
Cc1cccc(C=O)c1,m-methylbenzaldehyde,1.0045,0.951,1.493,0.62,0.154,0.144,246.1,259.6
CCCCc1ccccc1Cc1ccccc1,(2-butylphenyl)phenylmethane,1.01,0.973,13.861,4.522,0.246,0.234,477.0,510.0
CCCCCOC(=O)Cc1cccc2ccccc12,"1-naphthaleneacetic acid, pentyl ester",1.035,0.993,8.889,3.122,0.235,0.223,500.0,533.0
CCCCCCOC(=O)c1cccc2ccccc12,"1-naphthalenecarboxylic acid, hexyl ester",1.033,0.993,8.519,2.92,0.229,0.218,474.0,511.0
CCCCCOC(=O)Cc1ccc2ccccc2c1,"2-naphthaleneacetic acid, pentyl ester",1.029,0.989,8.455,2.932,0.232,0.22,488.0,523.0
CCCCCCOC(=O)c1ccc2ccccc2c1,"2-naphthalenecarboxylic acid, hexyl ester",1.028,0.988,10.7,3.441,0.238,0.226,512.0,543.0
Cc1ccccc1C=O,2-methylbenzaldehyde,1.0195,0.9655,1.187,0.518,0.15,0.14,223.5,240.1
C[C@@H](C(=O)O)[C@@](O)(Cc1ccccc1)c1ccccc1,"(R-(R*,S*))-beta-hydroxy-alpha-methyl-beta-phenyl-benzenebutanoic acid",0.9502,0.9091,7.262,2.09,0.119,0.113,391.0,437.0
CCC(C)(C)c1ccc(-c2ccccc2)cc1,"4-(1,1-dimethylpropyl)-1,1'-biphenyl",0.8782,0.841,3.644,1.546,0.342,0.323,477.0,514.0
C[C@@H](C(=O)O)[C@](O)(Cc1ccccc1)c1ccccc1,"(S-(R*,R*))-beta-hydroxy-alpha-methyl-beta-phenyl-benzenebutanoic acid",0.877,0.838,5.131,1.909,0.15,0.142,464.0,505.0
CC(C)(C(=O)O)C(O)(c1ccccc1)c1ccccc1,"2,2-dimethyl-3,3-diphenyl-3-hydroxypropanoic acid",0.9506,0.912,6.627,2.083,0.105,0.1,403.0,450.0
CCOC(OCC)(c1ccccc1)c1ccccc1,"1,1'-(diethoxymethylene)bis- benzene",1.017,0.978,9.833,2.965,0.093,0.088,408.0,454.0
C=C(/C=C(\C)C(C)(C)C)c1ccc(CC)cc1,"1,3-hexadiene, 2-(p-ethylphenyl)-4,5,5-trimethyl-",0.8837,0.8443,11.203,3.079,0.104,0.098,440.0,487.0
Cc1ccc(C2=C(C(C)C)CCC(C)C2)cc1,1-methyl-3-(4-methylphenyl)-4-(1-methylethyl)-3-cyclohexene,0.9174,0.8776,8.938,2.963,0.139,0.131,414.0,462.0
CC(C)C1CCC(C)C2Cc3ccccc3C12,"1-methyl-4-(1-methylethyl)-1,2,3,4,4a,9a-hexahydrofluorene",0.9725,0.9333,19.537,4.179,0.113,0.108,404.0,452.0
CC(c1ccccc1)C(C)(C)c1ccccc1,"2-methyl-2,3-diphenylbutane",0.9294,0.8893,6.779,2.249,0.121,0.114,415.0,463.0
Cc1ccc(-c2cccc(C)c2C(C)C)cc1,"3,4'-dimethyl-2-(1-methylethyl)-1,1'-biphenyl",0.9672,0.928,14.475,4.418,0.123,0.116,404.0,451.0
CC(C)(C)C=C=C(c1ccccc1)C(C)(C)C,"[1-(1,1-dimethylethyl)-4,4-dimethyl-1,2-pentadienyl]benzene",0.8694,0.8337,12.652,3.718,0.275,0.261,428.0,475.0
CCCCCC(=CCC(C)C)c1ccccc1,(4-methyl-1-pentyl-1-pentenyl)benzene,0.859,0.8196,4.424,1.708,0.137,0.129,443.0,491.0
CCCC(Cc1ccccc1)c1ccccc1,"1,2-diphenylpentane",0.9521,0.9118,12.604,3.51,0.151,0.143,380.0,425.0
Cc1ccc(CC(C)c2ccc(C)cc2)cc1,"1,2-bis(4-methylphenyl)propane",0.9589,0.9176,5.11,1.635,0.128,0.121,400.0,443.0
c1ccc2c(c1)COC2,phthalan,1.068,1.0124,1.966,0.849,0.14,0.132,194.8,214.5
C=CC#C/C=C/C=C,"1,3,7-octatrien-5-yne",0.827,0.771,1.064,0.441,0.143,0.131,223.2,238.1
O=C(CC(=O)OCc1ccccc1)OCc1ccccc1,dibenzyl malonate,1.31,1.261,32.824,7.534,0.193,0.184,459.0,498.0
CCCC=C(c1ccccc1)c1ccccc1,"1,1-diphenyl-1-pentene",0.9667,0.922,8.586,2.82,0.154,0.146,384.0,425.0
CC(C)C=C(c1ccccc1)c1ccccc1,"1,1-diphenyl-3-methyl-1-butene",0.9655,0.9237,17.607,4.655,0.151,0.143,400.0,440.0
c1ccc(C2CCC(c3ccccc3)C2)cc1,"1,3-diphenylcyclopentane",1.01,0.9698,21.782,5.671,0.15,0.143,360.0,403.0
C(=C/Cc1ccccc1)\CCc1ccccc1,"1,5-diphenyl-2-pentene",0.9642,0.925,11.408,3.676,0.172,0.163,404.0,441.0
CC1=C(c2cccc3ccccc23)CCCC1,1-(2-methyl-1-cyclohexenyl)naphthalene,1.021,0.983,17.63,5.29,0.22,0.209,380.0,419.0
C1=C(CCc2cccc3ccccc23)CCC1,1-[2-(1-cyclopentenyl)ethyl]naphthalene,1.0172,0.978,13.763,4.09,0.204,0.194,396.0,433.0
CC1(c2ccccc2)CCCc2ccccc21,"1-methyl-1-phenyl-1,2,3,4-tetrahydronaphthalene",1.0328,0.9944,17.428,5.229,0.133,0.127,370.0,411.0
c1ccc(CCC2CC2c2ccccc2)cc1,1-phenyl-2-(2-phenylethyl)cyclopropane,0.9904,0.9499,10.097,2.737,0.15,0.142,372.0,415.0
c1ccc(CCc2cccc3c2CCC3)cc1,"2,3-dihydro-4-(2-phenylethyl)-1H-indene",1.0106,0.971,12.864,3.913,0.139,0.132,391.0,429.0
CCC(=C(C)c1ccccc1)c1ccccc1,"2,3-diphenyl-2-pentene",1.0135,0.9716,9.867,3.191,0.142,0.135,396.0,435.0
Cc1cc(C)c(/C=C/c2ccccc2)c(C)c1,"2,4,6-Trimethyl-trans-stilbene",1.018,0.98,4.519,1.633,0.129,0.123,394.0,432.0
c1ccc(CC2CCc3ccccc3C2)cc1,"2-(phenylmethyl)-1,2,3,4-tetrahydronaphthalene",1.024,0.987,11.719,3.647,0.145,0.138,375.0,415.0
CC(C)C(Cc1ccccc1)c1ccccc1,"1,2-diphenyl-3-methylbutane",0.9533,0.913,14.686,4.053,0.15,0.142,398.0,442.0
CCC(=Cc1ccccc1)Cc1ccccc1,2-benzyl-1-phenyl-1-butene,0.966,0.923,10.352,3.359,0.154,0.146,385.0,425.0
C=C(C)C(C)(c1ccccc1)c1ccccc1,"2-methyl-3,3-diphenyl-1-butene",0.9934,0.9539,24.159,5.451,0.129,0.123,357.0,404.0
Cc1cc(C)c(/C=C\c2ccccc2)c(C)c1,"Stilbene, 2,4,6-trimethyl-, (Z)-",1.018,0.98,4.519,1.633,0.129,0.123,394.0,432.0
c1ccc(Cc2ccc3c(c2)CCCC3)cc1,"6-(phenylmethyl)-1,2,3,4-tetrahydronaphthalene",1.0243,0.984,14.644,4.268,0.138,0.131,385.0,424.0
CCCCC1c2ccccc2-c2ccccc21,9-butyl-9H-fluorene,1.0108,0.974,11.872,3.593,0.195,0.186,379.0,418.0
CC(C)(C)c1ccc(C(=O)c2ccccc2)cc1,4-tert-butyl-benzophenone,1.083,1.042,26.777,6.334,0.158,0.15,411.0,452.0
C=COc1ccccc1,phenyl vinyl ether,0.9604,0.9056,1.77,0.674,0.156,0.145,238.9,252.6
CCC(C)(Cc1ccccc1)c1ccccc1,"(+)-1,2-diphenyl-2-methylbutane",0.9625,0.9222,24.935,5.639,0.142,0.134,384.0,429.0
CCCCc1ccc(Cc2ccccc2)cc1,(4-butylphenyl)phenylmethane,0.9441,0.904,4.449,1.77,0.15,0.142,416.0,455.0
CC1Cc2c(ccc3ccccc23)CC1(C)C,"1,2,3,4-tetrahydro-2,2,3-trimethylphenanthrene",0.924,0.888,12.987,3.829,0.172,0.164,393.0,435.0
CC1CCC(C)(C)c2ccc3ccccc3c21,"1,2,3,4-tetrahydro-1,1,4-trimethylphenanthrene",0.927,0.891,15.102,4.377,0.174,0.165,401.0,441.0
CC(C)c1c2ccccc2c(C(C)C)c2ccccc12,"9,10-diisopropylanthracene",1.075,1.038,47.442,9.634,0.243,0.232,466.0,513.0
CCc1c2ccccc2c(CC)c2cc(C)c(C)cc12,"anthracene, 9,10-diethyl-2,3-dimethyl-",1.12,1.082,22.321,5.36,0.234,0.223,499.0,539.0
CC1=CCCC(C)C1,"1,5-dimethylcyclohexene",0.8213,0.7679,1.169,0.56,0.14,0.129,266.2,290.1
C=C=C1C=CC=C1,"5-ethenylidene-1,3-cyclopentadiene",0.846,0.783,0.461,0.23,0.252,0.229,157.3,174.3
CCOC(=O)C(=O)OCC,diethyl ethanedioate,1.0544,0.985,1.29,0.623,0.156,0.143,270.5,285.9
COC(=O)CCC(=O)OC,dimethyl butanedioate,1.0978,1.0332,1.64,0.687,0.153,0.142,265.0,282.2
CCCOCCOCCO,propyl carbitol,0.9497,0.8951,2.948,1.24,0.166,0.155,332.7,362.0
C#CC#CC1CC1,"4-cyclopropyl-1,3-butadiyne",0.9054,0.843,1.436,0.652,0.111,0.101,340.0,333.3
O=Cc1ccccc1,benzaldehyde,1.0282,0.9722,1.101,0.576,0.16,0.149,175.62,191.27
CCOC(=O)CCC(=O)O,butanedioic acid ethyl ester,1.32,1.25,3.864,1.312,0.164,0.153,305.0,316.0
O=c1cccccc1,"2,4,6-cycloheptatriene-1-one",1.077,1.025,1.458,0.673,0.164,0.155,159.1,178.2
COC(=O)C(C)C(=O)OC,dimethyl methylpropanedioate,1.0768,1.0089,1.579,0.654,0.145,0.134,263.6,282.9
CC(=O)OC(C)OC(C)=O,ethylidene diethanoate,1.0043,0.939,1.494,0.639,0.145,0.133,297.0,300.0
COC(=O)C(OC)C(=O)OC,dimethyl methoxymalonate,1.32,1.25,2.652,0.856,0.162,0.15,291.0,307.8
CC(C)C1CC1,(1-methylethyl)cyclopropane,0.6782,0.612,0.369,0.211,0.104,0.091,184.9,210.1
CC=CCCC,(E)-2-hexene,0.65874,0.5956,0.44,0.237,0.118,0.103,194.3,214.2
CCC=CCC,(E)-3-hexene,0.6576,0.5938,0.441,0.237,0.118,0.103,195.7,217.3
C/C=C(\C)CC,(E)-3-methyl-2-pentene,0.67839,0.6143,0.442,0.239,0.108,0.094,193.0,214.9
CC1CC1(C)C,"1,1,2-trimethylcyclopropane",0.6753,0.6118,0.349,0.201,0.095,0.084,179.6,204.1
C=C[C@H](C)CC,(-)-(R)-3-methyl-1-pentene,0.63,0.563,0.381,0.215,0.108,0.093,192.0,217.2
CCC1(C)CC1,1-ethyl-1-methylcyclopropane,0.6824,0.62,0.366,0.206,0.1,0.088,178.0,202.3
C=C(C)C(C)C,"2,3-dimethyl-1-butene",0.65844,0.5931,0.364,0.211,0.1003,0.0815,200.0,222.0
CC=CC(C)C,(E)-4-methyl-2-pentene,0.64875,0.5829,0.385,0.22,0.112,0.097,203.1,225.0
CC(O)C(=O)OC(C)C(=O)O,2-(2-hydroxypropanoyloxy)propanoic acid,0.6467,0.5786,0.371,0.213,0.108,0.093,191.9,216.9
C[C@H]1C[C@@H](C)C1,"1,3-dimethylcyclobutane",0.714,0.652,0.35,0.199,0.104,0.092,166.3,190.7
COCC(C)(CO)COC,3-methoxy-2-(methoxymethyl)-2-methyl-1-propanol,1.024,0.965,5.566,1.762,0.155,0.144,346.0,361.7
C=C(CC)CC,2-ethyl-1-butene,0.67008,0.6058,0.418,0.226,0.104,0.091,193.1,215.0
C=C(C)CCC,2-methyl-1-pentene,0.66015,0.595,0.357,0.22,0.104,0.09,194.9,218.0
CCC=C(C)C,2-methyl-2-pentene,0.66725,0.6039,0.45,0.245,0.108,0.094,187.5,209.9
CCOCCOCCOC,1-ethoxy-2-(2-methoxyethoxy)ethane,0.97,0.905,1.196,0.663,0.168,0.153,317.0,333.3
CC(=O)OCCOC(C)=O,"1,2-ethanediol, diethanoate",1.0812,1.0146,1.572,0.651,0.152,0.14,272.7,287.0
c1ccc2c(c1)C2,"bicyclo[4.1.0]hepta-1,3,5-triene",1.023,0.964,0.674,0.332,0.124,0.116,163.9,179.2
CCOCCOC,1-ethoxy-2-methoxyethane,0.824,0.758,0.68,0.369,0.138,0.124,219.2,225.1
C#CC1(C#C)CC1,"cyclopropane, 1,1-diethynyl-",0.865,0.804,0.705,0.398,0.0465,0.0424,186.3,201.9
C=CCC(=C)OC,"2-methoxy-1,4-pentadiene",0.782,0.715,0.46,0.248,0.122,0.109,203.5,222.1
O=COc1ccccc1,phenyl formate,1.095,1.036,1.352,0.618,0.159,0.149,187.8,203.9
C[C@@H]1CCCC(=O)O1,(S)-tetrahydro-6-methyl-2H-pyran-2-one,1.0231,0.975,5.767,1.795,0.165,0.156,216.1,233.2
CCC=CC(=O)OC,(Z)-2-pentenoic acid methyl ester,0.922,0.856,0.889,0.409,0.14,0.127,220.7,238.8
CCC1CCC(=O)O1,.gamma.-caprolactone,1.132,1.077,3.622,1.179,0.164,0.154,216.4,233.4
C=C/C(=C\C)OC,"(E)-3-methoxy-1,3-pentadiene",0.93,0.857,0.753,0.362,0.151,0.136,245.4,258.5
C=CC(C)OC(C)=O,1-buten-3-yl acetate,0.878,0.8104,0.558,0.308,0.128,0.116,217.2,238.3
C=CC(=O)OC(C)C,1-methylethyl 2-propenoate,0.873,0.8052,0.527,0.294,0.127,0.115,214.0,235.6
CCC(=O)CC(C)=O,"2,4-hexanedione",0.933,0.871,1.297,0.563,0.17,0.156,243.4,256.4
CC(=O)C(C)C(C)=O,"2,4-pentanedione, 3-methyl-",0.948,0.887,1.424,0.598,0.167,0.154,241.1,255.4
CC(=O)CCC(C)=O,"2,5-hexanedione",0.9562,0.9099,1.475,0.604,0.162,0.153,184.7,204.4
CC/C=C/C(=O)OC,"2-pentenoic acid, methyl ester, (E)-",0.968,0.899,0.847,0.389,0.14,0.127,220.7,238.8
C=CC1OCCCO1,"2-vinyl-1,3-dioxane",1.009,0.945,1.606,0.677,0.147,0.135,200.4,220.8
COC1CCC=CO1,"3,4-dihydro-2-methoxy-2H-pyran",1.002,0.934,0.938,0.493,0.149,0.136,202.1,220.7
C=CCCOC(C)=O,3-buten-1-yl ethanoate,0.915,0.847,0.754,0.354,0.135,0.123,221.8,240.5
CO/C=C/CC(=O)OC,(E)-4-methoxy-3-butenoic acid methyl ester,1.036,0.971,1.023,0.484,0.157,0.145,249.2,264.3
COCC=CC(=O)OC,(E)-4-methoxycrotonic acid methyl ester,1.043,0.979,1.112,0.521,0.158,0.146,250.4,265.1
C/C=C(/OC)C(=O)OC,"2-butenoic acid, 2-methoxy-, methyl ester, (E)-",1.037,0.968,1.013,0.486,0.145,0.133,249.2,264.9
CO/C=C\CC(=O)OC,"3-butenoic acid, 4-methoxy-, methyl ester, (Z)-",1.036,0.971,1.023,0.484,0.157,0.145,249.2,264.3
COC=CCC(=O)OC,"4-methoxy-3-butenoic acid, methyl ester",1.081,1.013,0.981,0.464,0.157,0.145,249.2,264.3
c1ccc2c(c1)OCO2,benzodioxole,1.279,1.207,2.189,0.82,0.151,0.141,200.1,215.4
COC/C=C\C(=O)OC,"crotonic acid, 4-methoxy-, methyl ester, (Z)-",1.043,0.979,1.112,0.521,0.158,0.146,250.4,265.1
CCC(=O)OC(=O)CC,methylacetic anhydride,0.98912,0.9214,0.845,0.467,0.161,0.148,254.9,270.2
CCOC(=O)CC(C)=O,ethyl 3-oxobutanoate,1.00717,0.9442,1.221,0.572,0.162,0.15,254.0,269.0
O=COCCCCOC=O,"1,4-butanediol, diformate",1.187,1.115,2.106,0.924,0.186,0.172,313.0,320.3
CC=C(OC)C(=O)OC,methyl (Z)-2-methoxy-2-butenoate,1.037,0.968,1.013,0.486,0.145,0.133,249.2,264.9
COC(=O)C(C)C(C)=O,methyl 2-methyl-3-oxobutanoate,1.0093,0.9469,1.407,0.613,0.158,0.145,260.2,276.0
C#CC#CCC=C,"hept-1-en-4,6-diyne",0.75,0.705,0.773,0.383,0.094,0.0865,155.7,172.7
CCC1CC1C,1-ethyl-2-methylcyclopropane,0.6763,0.61,0.37,0.208,0.104,0.091,186.7,210.5
CC(C)=C(C)C,"2,3-dimethyl-2-butene",0.68999,0.6298,0.493,0.262,0.11618,0.0938,179.46,202.4
CO[C@@H]1OCC[C@H](C)O1,"m-dioxane, 2-methoxy-4-methyl-, cis-",1.074,1.005,1.341,0.657,0.154,0.142,235.3,255.5
CCOCCOC(C)C,1-ethoxy-2-(1-methylethoxy)ethane,0.8067,0.7449,1.016,0.537,0.143,0.129,287.1,308.7
COC(=O)CC(C)OC,methyl 3-methoxybutanoate,0.9576,0.8922,1.159,0.504,0.144,0.131,258.9,277.9
CCCCOCCOC,1-butoxy-2-methoxyethane,0.8278,0.7691,1.015,0.572,0.151,0.137,283.6,306.0
CC(O)COC(C)(C)C,"1-(1,1-dimethylethoxy)-2-propanol",0.864,0.805,2.894,0.609,0.127,0.119,284.7,309.3
CCOC(C)(C)OCC,"2,2-diethoxypropane",0.823,0.745,0.571,0.373,0.131,0.114,304.4,327.0
CCCC(C)C,2-methylpentane,0.63456,0.5734,0.373,0.247,0.100009,0.08344,198.8,226.0
CCCCCC,hexane,0.64074,0.5806,0.398,0.261,0.12113,0.10323,199.6,224.8
CCC(C)CC,3-methylpentane,0.64588,0.5854,0.39,0.253,0.1023,0.0918,196.43,223.4
C[C@H](CO)C[C@H](C)CO,"1,5-pentanediol, 2,4-dimethyl-, (R*,R*)-(.+-.)-",0.969,0.92,46.44,6.196,0.153,0.143,330.0,347.6
COCCCCCOC,"1,5-dimethoxypentane",0.8391,0.7832,0.894,0.6,0.149,0.137,283.2,301.0
CC(C)C(C)C,"2,3-dimethylbutane",0.64314,0.58269,0.47,0.264,0.0976,0.076,194.77,223.1
CCCCCCO,1-hexanol,0.80432,0.75787,3.608,1.021,0.1505,0.1437,256.2,313.5
CC(C)[C@H](C)CO,"(R)-2,3-dimethyl-1-butanol",0.8106,0.7551,4.688,1.02,0.125,0.117,253.6,273.4
CC[C@H](C)CCO,(R)-3-methyl-1-pentanol,0.8089,0.7548,5.687,1.179,0.131,0.122,258.0,275.9
CCOC(C)CC,1-ethoxy-1-methylpropane,0.723,0.6571,0.484,0.292,0.122,0.107,223.7,247.0
CC(C)C(C)CO,"2,3-dimethyl-1-butanol",0.8127,0.7563,4.184,0.939,0.125,0.116,252.9,273.0
CCCC(C)OC,2-methoxypentane,0.7366,0.6737,0.529,0.31,0.123,0.11,224.4,246.9
CCC(C)(C)C,"2,2-dimethylbutane",0.80912,0.7603,5.191,1.105,0.13,0.121,252.9,271.4
CCOCCOCC,"1,2-diethoxyethane",0.82057,0.7548,0.598,0.367,0.149,0.132,261.2,277.0
CCCC(OC)OC,"1,1-dimethoxybutane",0.8247,0.7596,0.837,0.461,0.14,0.126,254.4,273.6
CCC(O)(CC)CO,"1,2-butanediol, 2-ethyl-",0.951,0.897,18.927,3.344,0.143,0.133,293.0,309.2
CCCC(C)(O)CO,"1,2-dihydroxy-2-methylpentane",0.945,0.888,14.815,2.703,0.142,0.132,291.0,307.5
CCOCCCOCC,"1,3-diethoxypropane",0.8176,0.7601,0.807,0.566,0.148,0.135,289.2,304.0
CCC(O)C(C)CO,"1,3-pentanediol, 2-methyl-",0.9578,0.907,39.674,4.961,0.146,0.137,281.0,299.2
CC(C)C(CO)CO,"1,3-propanediol, 2-isopropyl-",0.9613,0.913,55.134,7.338,0.151,0.142,299.0,314.0
COCCOCCOC,"2,5,8-trioxanonane",0.92388,0.86349,0.856,0.486,0.151,0.142,275.78,291.1
COCCCCOC,"1,4-dimethoxybutane",0.9924,0.9372,0.625,0.437,0.148,0.135,255.6,272.3
CC(O)CC(C)CO,"1,4-pentanediol, 2-methyl-",0.963,0.911,48.806,5.818,0.149,0.139,297.0,312.5
COC1CCC(OC)O1,"furan, 2,5-dimethoxytetrahydro-",1.06,0.994,1.189,0.594,0.153,0.141,231.9,250.8
CCCOCCOCC,1-ethoxy-2-propoxyethane,0.8185,0.7563,0.892,0.529,0.149,0.134,282.8,307.0
CCOCC(C)(C)C,"2,2-dimethylpropyl ethyl ether",0.8241,0.7655,0.849,0.562,0.15,0.137,283.4,306.0
CCOC(OCC)OCC,ethyl orthomethanoate,0.8771,0.8138,1.3,0.651,0.158,0.144,296.2,325.0
CCC[C@H](C)C=O,(R)-2-methylpentanal,0.809,0.746,0.705,0.375,0.139,0.125,228.3,247.6
C/C=C(/CC)OC,(Z)-3-methoxy-2-pentene,0.772,0.706,0.583,0.312,0.124,0.11,216.7,236.0
CC1(C)CCCO1,"2,2-dimethyltetrahydrofuran",0.819,0.756,0.806,0.397,0.116,0.105,187.1,210.8
CCCC=COC,1-methoxy-1-pentene,0.781,0.717,0.615,0.307,0.136,0.122,217.4,235.5
CCC=CCOC,1-methoxy-2-pentene,0.78,0.716,0.615,0.307,0.136,0.122,217.2,235.4
CC=CCCOC,1-methoxy-3-pentene,0.778,0.714,0.591,0.308,0.135,0.121,216.7,235.1
C/C=C/OC(C)C,"1-propene, 1-(1-methylethoxy)-, (E)-",0.76,0.69,0.447,0.267,0.128,0.113,213.7,234.8
CCC(C)(C)C=O,"2,2-dimethylbutanal",0.7872,0.7274,0.788,0.399,0.126,0.114,214.3,235.8
CC1(C)OC1(C)C,"2,3-dimethyl-2,3-epoxybutane",0.805,0.762,0.621,0.302,0.115,0.103,225.9,247.4
C/C=C/OC(C)OC,(E)-1-methoxy-1-(1-propenoxy)ethane,0.873,0.801,0.699,0.387,0.145,0.13,239.9,257.9
C/C=C/OCCOC,(E)-1-methoxy-2-(1-propenoxy)ethane,0.892,0.822,0.964,0.462,0.152,0.138,245.1,260.5
COC/C=C(\C)OC,"(E)-2,4-dimethoxy-2-butene",0.89,0.822,1.045,0.487,0.141,0.128,243.6,259.5
C/C=C\OC(C)OC,(Z)-1-methoxy-1-(1-propenoxy)ethane,0.873,0.801,0.699,0.387,0.145,0.13,239.9,257.9
CCOCOC(=O)CC,ethoxymethyl propionate,0.9436,0.8778,0.922,0.467,0.148,0.135,258.4,276.4
C/C=C\OCCOC,(Z)-1-methoxy-2-(1-propenoxy)ethane,0.892,0.822,0.964,0.462,0.152,0.138,245.1,260.5
CCCOCC1CO1,(propoxymethyl)oxirane,1.021,0.951,0.735,0.368,0.149,0.136,256.8,272.2
CC(=O)OC(C)(C)C,"1,1-dimethylethyl ethanoate",0.8448,0.7773,0.687,0.347,0.114,0.102,235.8,255.0
C[C@@H]1OCC[C@H](C)O1,"1,3-dioxane, 2,4-dimethyl-, cis-",0.9117,0.841,1.283,0.583,0.139,0.125,230.1,251.1
C[C@@H]1C[C@H](C)OCO1,"1,3-dioxane, 4,6-dimethyl-, cis-",0.977,0.9,1.136,0.522,0.137,0.124,222.9,244.7
CCOCOCOCOCC,"3,5,7,9-tetraoxaundecane",1.045,0.978,1.464,0.798,0.183,0.168,336.0,351.3
C[C@@H]1C[C@@H](C)OCO1,"1,3-dioxane, 4,6-dimethyl-, trans-",0.987,0.914,1.378,0.602,0.14,0.127,223.2,244.4
CC1(C)COCOC1,"1,3-dioxane, 5,5-dimethyl-",0.9356,0.8726,1.582,0.699,0.133,0.122,210.8,233.4
CCCC1OCCO1,"1,3-dioxolane, 2-propyl-",0.921,0.8582,1.466,0.629,0.144,0.132,156.0,209.0
COCC(C)OC(C)=O,1-methoxy-2-propyl acetate,0.946,0.8807,0.888,0.466,0.143,0.131,256.1,275.5
C[C@H]1O[C@@H](C)O[C@@H](C)O1,"2,4,6-trimethyl-1,3,5-trioxane",0.9706,0.8976,0.861,0.403,0.144,0.1344,253.0,274.2
CCOCCOC(C)=O,2-ethoxyethyl ethanoate,0.9516,0.8839,1.051,0.509,0.15,0.137,265.6,284.9
COCCOCCOCCO,2-[2-(2-methoxyethoxy)ethoxy]ethanol,1.0306,0.9778,3.949,1.37,0.187,0.174,372.0,383.0
CC=C(C=O)CC,2-ethyl-2-butenal,0.8577,0.797,0.863,0.402,0.138,0.126,210.5,227.3
O=C1O[C@@H](CO)[C@H](O)[C@H]1O,"D-arabinonic acid, gamma-lactone",0.89,0.823,0.73,0.352,0.126,0.114,186.0,205.8
CCC=C(C)C=O,2-Methyl-3-ethylacrolein,0.84,0.781,1.012,0.461,0.14,0.128,215.4,231.3
C#CCC(C)O,(R)-4-pentyn-2-ol,0.862,0.798,5.8,0.99,0.097,0.0911,209.9,221.6
CC1CC(=O)OC1=O,methylsuccinic anhydride,1.214,1.148,1.236,0.645,0.197,0.183,259.0,263.9
OCc1ccco1,2-hydroxymethylfuran,0.65551,0.5868,0.313,0.186,0.116,0.099,153.5,172.4
C#CC(=C)C,2-methyl-1-buten-3-yne,0.67026,0.601,0.313,0.183,0.116,0.1,150.6,170.2
C#CCOC(C)=O,2-propynyl ethanoate,0.9805,0.91,0.928,0.462,0.1,0.0914,185.8,198.8
C=C=CCC,"1,2-pentadiene",0.67232,0.6054,0.314,0.183,0.233,0.202,154.4,171.5
C#CC(=O)OCC,ethyl propiolate,0.962,0.895,0.894,0.447,0.099,0.0908,184.9,198.1
[2H]C([2H])([2H])c1ccccc1,toluene,0.84812,0.7899,0.549,0.34,0.12628,0.1094,161.2,180.8
C=CCC=C,"1,4-pentadiene",0.6375,0.5596,0.262,0.164,0.109,0.091,151.2,173.5
C#CC(C)(C)C#C,"3,3-dimethylpenta-1,4-diyne",0.7354,0.6799,1.645,0.735,0.046,0.0416,228.5,243.3
C#CCCC,1-pentyne,0.673,0.606,0.446,0.264,0.08,0.0696,148.4,167.4
C=CC(=C)C,"2-methyl-1,3-butadiene",0.6613,0.587,0.277,0.193,0.112,0.0871,155.6,176.7
CC=C=CC,"2,3-pentadiene",0.67436,0.6061,0.329,0.19,0.237,0.206,155.6,171.8
CC#CCC,2-pentyne,0.6927,0.636,0.375,0.215,0.115,0.104,133.3,150.0
C=C=C(C)C,"3-methyl-1,2-butadiene",0.66428,0.594,0.304,0.178,0.221,0.192,156.1,173.3
CC1=C(C)C1,"1,2-dimethylcyclopropene",0.74,0.668,0.266,0.159,0.095,0.083,145.0,163.6
C=C/C=C/C,"1,3-pentadiene",0.6618,0.5916,0.31,0.184,0.116,0.1,152.5,171.2
C=CC1CC1,ethenylcyclopropane,0.709,0.65,0.281,0.16,0.108,0.092,157.7,177.7
CC1=CCC1,1-methylcyclobutene,0.7027,0.632,0.276,0.166,0.104,0.091,134.9,154.3
C=C1CCC1,methylenecyclobutane,0.7215,0.659,0.286,0.17,0.103,0.09,136.45,154.7
C#CC(C)C,3-methyl-1-butyne,0.6464,0.579,0.399,0.273,0.0742,0.0641,143.9,163.9
C=C/C=C/OC,"1-methoxy-1,3-butadiene",0.8109,0.7461,0.432,0.247,0.137,0.123,173.1,187.0
C1C2CC1C2,bicyclo[1.1.1]pentane,0.851,0.753,0.2,0.141,0.1,0.085,128.3,154.1
C1CC2CC12,bicyclo[2.1.0]pentane,0.771,0.706,0.278,0.186,0.105,0.094,109.4,131.2
CC1C=CC1,"cyclobutene, 3-methyl-",0.746,0.673,0.272,0.16,0.111,0.097,138.9,157.9
CC=C1CC1,ethylidenecyclopropane,0.683,0.617,0.287,0.173,0.105,0.092,136.8,156.1
C1=CCCC1,cyclopentene,0.75,0.6804,0.373,0.25,0.1259,0.1001,127.68,150.4
C=CO/C=C/C,(E)-1-(ethenyloxy)-1-propene,0.776,0.702,0.348,0.198,0.131,0.115,175.3,190.9
C/C=C(/C)C=O,(E)-2-methyl-2-butenal,0.8477,0.786,0.755,0.363,0.137,0.125,190.2,203.0
C#CC1C=CCC1,3-ethynylcyclopentene,0.7833,0.7254,0.728,0.414,0.09,0.0821,173.5,192.7
Cc1ccoc1,3-methylfuran,0.82,0.75,0.439,0.235,0.126,0.112,147.2,163.8
C1=CC2C=CC1C2,bicyclo[2.2.1]heptadiene,0.8857,0.82,0.44,0.217,0.13155,0.1122,166.4,188.6
OCC(O)C(O)C(O)CO,D-arabinitol,1.27,1.202,2.756,0.965,0.183,0.171,188.9,196.5
O=C1CC2C=CC1C2,"bicyclo[2.2.1]hept-5-en-2-one, (1S)-",1.166,1.097,0.626,0.301,0.1472,0.14,184.5,203.4
COC(C)(OC)OC,"1,1,1-trimethoxyethane",0.968,0.887,0.971,0.485,0.143,0.128,259.5,273.7
OCCCCCO,"1,5-pentanediol",1.095,1.038,6.393,2.216,0.17,0.159,305.0,312.3
Cc1cccc(O)c1,3-methylphenol,1.018,0.96856,2.937,1.858,0.153,0.145,229.4,248.4
COCCOCCO,2-(2-methoxyethoxy)ethanol,1.00224,0.9471,2.524,1.109,0.1812,0.1622,265.0,275.9
Cc1ccccc1O,2-methylphenol,1.0287,0.9766,4.083,1.024,0.151,0.143,235.4,247.4
C/C=C/c1ccco1,2-(1-propenyl)furan,0.9265,0.8656,0.95,0.416,0.143,0.132,193.1,211.1
C#CCCC#COC,"1-methoxy-1,5-hexadiyne",0.8923,0.8312,1.569,0.722,0.117,0.107,274.6,280.8
COc1ccccc1,methoxybenzene,0.97525,0.91813,0.812,0.463,0.146,0.135,195.2,211.4
O=Cc1ccco1,furfural,1.1377,1.0726,1.037,0.522,0.1688,0.1567,162.4,174.8
OC[C@@H](O)[C@@H](O)[C@@H](O)CO,"1,2,3,4-pentanepentol",1.2213,1.1564,2.456,0.822,0.186,0.175,202.7,211.7
CC(C)(C)COCO,tert-butylperoxymethanol,0.777,0.695,0.335,0.226,0.12,0.105,126.2,145.5
CC(CO)(CO)CO,"1,1,1-tris(hydroxymethyl)ethane",0.7176,0.649,0.502,0.277,0.088,0.0772,148.0,158.5
O=Cc1ccoc1,3-furaldehyde,1.205,1.137,0.946,0.449,0.163,0.152,166.6,176.5
Cc1ccco1,2-methylfuran,0.8937,0.823,0.392,0.21,0.126,0.112,147.14,162.7
O=c1ccocc1,4H-pyran-4-one,1.1956,1.135,1.497,0.599,0.168,0.158,130.2,145.6
OCc1ccccc1,benzyl alcohol,1.03047,0.9822,3.552,1.11,0.152,0.141,221.4,231.3
C#CC=CC,(Z)-3-penten-1-yne,0.694,0.628,0.432,0.255,0.0862,0.0755,142.8,158.2
CC(C)[C@@H](O)CO,"1,2-butanediol, 3-methyl-",0.6969,0.6299,0.317,0.184,0.237,0.208,141.1,156.8
C#CCC=C,1-penten-4-yne,0.702,0.626,0.399,0.235,0.0831,0.072,149.9,165.9
C=CC#CC,1-penten-3-yne,0.7202,0.654,0.361,0.197,0.119,0.105,147.7,161.0
Cc1ccc(O)cc1,4-methylphenol,1.0181,0.9701,6.63,1.278,0.153,0.145,228.1,248.0
C#C/C=C/C,"3-penten-1-yne, (E)-",0.7008,0.6363,0.471,0.272,0.087,0.0771,142.4,157.3
C=C=CC(C)=O,"1,2-pentadien-4-one",0.8854,0.8228,0.632,0.304,0.28,0.255,175.5,184.9
C=COC(=O)C=C,"2-propenoic acid, ethenyl ester",0.921,0.8485,0.434,0.236,0.133,0.12,179.0,194.2
O=C1C=CCC1,2-cyclopenten-1-one,1.047,0.99,0.659,0.333,0.149,0.138,130.9,146.8
COC(=O)CC(=O)C(=O)O,"butanedioic acid, oxo-, 4-methyl ester",0.829,0.766,0.7,0.339,0.148,0.134,187.9,199.9
C1=COCCC1,"2,3-dihydro-4H-pyran",0.9063,0.8354,0.772,0.395,0.134,0.121,149.6,167.6
COC1=CCCC1,1-methoxycyclopentene,0.9,0.833,0.678,0.336,0.129,0.117,189.0,206.6
C=C(C)C(C)=O,3-methyl-3-buten-2-one,0.8322,0.7673,0.553,0.287,0.13,0.118,181.8,196.0
C=C(C)/C=C/C,"(E)-2-methyl-1,3-pentadiene",0.6994,0.6373,0.458,0.242,0.112,0.099,182.7,202.5
C[C@@H]1C=CCC1,(R)-3-methylcyclopentene,0.743,0.677,0.485,0.254,0.118,0.105,167.9,188.5
CC1=C(C)CC1,"1,2-dimethylcyclobutene",0.791,0.728,0.518,0.253,0.104,0.093,179.9,197.8
C=C1C=CC=CC1,"1,3-cyclohexadiene, 5-methylene-",0.821,0.76,0.572,0.283,0.122,0.111,164.7,185.0
C1=CC=CCC=C1,"1,3,5-cycloheptatriene",0.8718,0.8112,0.941,0.505,0.14,0.128,167.14,186.2
C=C=CCCC,"1,2-hexadiene",0.6966,0.6365,0.459,0.244,0.245,0.218,181.4,199.6
C=C=CC(C)C,"1,2-pentadiene, 4-methyl-",0.6892,0.6286,0.435,0.234,0.238,0.212,175.7,196.1
CC12CC1(C)C2,"1,3-dimethylbicyclo[1.1.0]butane",0.848,0.77,0.283,0.16,0.09,0.0792,178.8,200.6
CC1=CC(C)C1,"1,3-dimethylcyclobutene",0.744,0.681,0.349,0.195,0.104,0.092,159.3,180.9
C=CCCC=C,"1,5-hexadiene",0.6725,0.6068,0.337,0.222,0.116,0.101,180.3,201.9
CC=C(C)C(=O)O,(Z)-2-methyl-2-butenoic acid,0.6865,0.6242,0.437,0.237,0.122,0.107,182.3,201.8
C=C(C)C=CC,"1,3-pentadiene, 2-methyl-, (Z)-",0.695,0.629,0.417,0.223,0.111,0.097,185.9,206.1
C#CCCCC,1-hexyne,0.69508,0.6334,0.428,0.272,0.0838,0.0746,185.8,205.1
C=C/C(C)=C/C,"1,3-pentadiene, 3-methyl-, (Z)-",0.685,0.627,0.496,0.26,0.113,0.1,179.3,199.2
C=CC/C=C\C,"1,4-hexadiene",0.6806,0.616,0.411,0.224,0.12,0.105,180.1,200.5
C#CCCCC#C,"1,6-heptadiyne",0.7882,0.7359,1.269,0.584,0.0573,0.0526,187.3,204.6
C=CCC(=C)C,"1,4-pentadiene, 2-methyl-",0.6731,0.6047,0.371,0.208,0.105,0.091,182.6,204.6
C=CC(C)C=C,"1,4-pentadiene, 3-methyl-",0.6651,0.594,0.361,0.205,0.111,0.095,184.4,207.8
C=C1CCC1C,1-methyl-2-methylenecyclobutane,0.747,0.679,0.348,0.194,0.101,0.089,166.0,187.8
C=C(/C=C/C)OC,"(E)-2-methoxy-1,3-pentadiene",0.797,0.731,0.514,0.268,0.127,0.114,206.3,223.7
C=C/C=C(\C)OC,"(E)-4-methoxy-1,3-pentadiene",0.797,0.731,0.514,0.268,0.127,0.114,206.3,223.7
C/C=C/O/C=C/C,"(E,E)-1,1'-oxybis-1-propene",0.796,0.73,0.528,0.274,0.141,0.126,203.1,219.9
C=C(/C=C\C)OC,"(Z)-2-methoxy-1,3-pentadiene",0.797,0.731,0.514,0.268,0.127,0.114,206.3,223.7
C=C/C(=C/C)OC,"(Z)-3-methoxy-1,3-pentadiene",0.797,0.731,0.514,0.268,0.127,0.114,206.3,223.7
C=C/C=C(/C)OC,"(Z)-4-methoxy-1,3-pentadiene",0.797,0.731,0.514,0.268,0.127,0.114,206.3,223.7
C=CC(=O)CCC,1-hexen-3-one,0.82,0.762,0.817,0.381,0.147,0.134,213.3,228.9
CC1CCCC1=O,2-methylcyclopentanone,0.9016,0.8453,0.854,0.438,0.141,0.131,182.4,202.2
C=C/C=C/CC,"1,3-hexadiene, (E)-",0.68628,0.6216,0.437,0.235,0.122,0.107,188.5,208.1
CC(=O)OCOC(C)=O,methylene glycol diacetate,1.106,1.0369,1.139,0.53,0.15,0.138,210.2,240.1
C=C1C=CCC=C1,"1,4-cyclohexadiene, 3-methylene-",0.838,0.782,0.74,0.345,0.125,0.115,167.3,186.6
O=C1CCCCO1,1-oxacyclohexan-2-one,1.0663,1.016,2.195,1.22,0.17,0.161,175.46,193.2
C=CC(=C)OC,"2-methoxy-1,3-butadiene",0.775,0.709,0.387,0.219,0.12,0.107,169.4,185.5
CC(=O)C1CC1,acetylcyclopropane,0.88,0.79,0.761,0.38,0.138,0.126,175.6,189.6
CCC=CC=O,2-pentenal,0.8363,0.7779,0.825,0.386,0.15,0.137,183.4,196.2
CC=CCC=O,3-pentenal,0.8324,0.7689,0.649,0.325,0.146,0.132,180.3,194.2
C=CCCC=O,4-pentenal,0.809,0.752,0.606,0.305,0.141,0.129,171.8,186.8
C#CCCCO,4-pentyn-1-ol,0.8954,0.839,3.127,1.061,0.103,0.0972,213.8,222.8
CC1=CCCO1,"5-methyl-2,5-dihydrofuran",0.8831,0.8113,0.566,0.283,0.124,0.111,157.4,174.6
CCC(=O)C(C)=O,"2,3-pentanedione",0.91,0.839,0.725,0.355,0.162,0.146,208.1,220.2
CC(=O)CC(C)=O,"2,4-pentanedione",0.9541,0.899,0.639,0.423,0.167,0.153,214.5,227.8
C/C=C\C(=O)OC,"(Z)-2-butenoic acid, methyl ester",0.975,0.899,0.574,0.289,0.135,0.122,190.1,206.0
O=CCCCC=O,"1,5-pentanedial",1.077,1.007,0.975,0.536,0.183,0.168,280.6,283.1
C=C(C)OC(C)=O,1-methylvinyl ethanoate,0.9101,0.844,0.527,0.273,0.119,0.107,190.7,208.0
COC1=COCC1,"2,3-dihydro-4-methoxyfuran",1.037,0.958,0.579,0.324,0.139,0.126,183.1,197.8
C/C=C\C=C/C,"(E,E)-2,4-hexadiene",0.69676,0.6379,0.502,0.259,0.127,0.113,179.8,198.5
COC1=CCOC1,"2,5-dihydro-3-methoxyfuran",1.048,0.971,0.639,0.35,0.14,0.128,184.3,198.5
C=CCOC(C)=O,2-propenyl ethanoate,0.9044,0.8263,0.564,0.278,0.131,0.118,189.1,207.2
C=CCCOC=O,3-butenyl methanoate,0.921,0.851,0.608,0.329,0.145,0.132,200.9,213.9
O=C1OCCCCO1,butylene carbonate,1.1304,1.0805,7.343,2.129,0.181,0.171,200.5,215.5
COC=CC(=O)OC,(E)-3-methoxyacrylic acid methyl ester,1.13,1.052,0.796,0.39,0.154,0.142,220.8,232.9
CCC1COC(=O)O1,"(R)-4-ethyl-1,3-dioxolan-2-one",1.35,1.291,7.259,2.091,0.182,0.173,219.8,231.9
C=CC#CC(=C)C,"2-methyl-1,5-hexadien-3-yne",0.745,0.696,0.711,0.328,0.119,0.109,182.5,200.1
CCOC(=O)C(C)=O,ethyl pyruvate,1.077,1.007,1.133,0.487,0.159,0.146,229.5,241.4
C#CC1=CCCC1,1-ethynyl-1-cyclopentene,0.8417,0.7875,0.915,0.483,0.086,0.0795,169.9,188.5
C#CCCC#CC,"1,5-heptadiyne",0.7829,0.725,0.984,0.455,0.094,0.0856,201.0,216.0
C=C(C)C1CC1,(1-methylethenyl)cyclopropane,0.731,0.665,0.41,0.217,0.103,0.091,182.8,203.8
CCC(C)C(OC)OC,"1,1-dimethoxy-2-methylbutane",0.8304,0.7711,1.012,0.532,0.137,0.125,272.1,296.3
CCOC(CC)OCC,"1,1-diethoxypropane",0.855,0.785,0.865,0.471,0.141,0.127,282.5,305.0
OCCOCCOCCO,"3,6-dioxa-1,8-octanediol",1.10826,1.0608,17.153,3.281,0.1981,0.192,339.7,366.6
CC(=O)OCC(C)OC(C)=O,"1,2-propanediyl diethanoate",1.113,1.044,1.797,0.709,0.149,0.137,301.0,322.2
COC(C)=C(C)C(C)=O,(Z)-4-methoxy-3-methylpent-3-en-2-one,0.978,0.913,0.992,0.515,0.145,0.134,268.9,285.5
C/C=C\OCO/C=C\C,"(Z,Z)-bis(1-propenoxy)methane",0.92,0.855,0.815,0.468,0.162,0.148,264.2,280.0
COC1=C(OC)CCC1,"1,2-dimethoxycyclopentene",1.007,0.942,1.341,0.573,0.136,0.125,245.1,262.4
C1CCC2(C1)OCCO2,"1,4-dioxaspiro[4.4]nonane",1.011,0.95,2.077,0.832,0.139,0.129,242.0,256.1
C=CC1(C)CCOCO1,"1,3-dioxane, 4-ethenyl-4-methyl-",0.983,0.923,2.035,0.823,0.139,0.129,226.8,250.7
CC(=O)CCCC(C)=O,"2,6-heptanedione",0.941,0.8869,1.031,0.575,0.177,0.163,276.0,290.7
C=CC(=O)OC(C)CC,1-methylpropyl 2-propenoate,0.8728,0.8138,0.745,0.381,0.13,0.119,235.4,259.9
CCC/C=C/OC(C)=O,1-penten-1-yl acetate,0.8828,0.8229,1.121,0.486,0.142,0.13,250.9,271.7
CCCC1CCC(=O)O1,"2(3H)-furanone, dihydro-5-propyl-",1.101,1.048,4.995,1.546,0.167,0.157,247.0,266.8
COC1=CCCC1OC,"2,3-dimethoxycyclopentene",0.987,0.922,1.135,0.499,0.141,0.129,237.5,256.3
CC(=O)CC(=O)C(C)C,"2,4-hexanedione, 5-methyl-",0.967,0.906,1.158,0.585,0.172,0.158,288.0,302.8
CC(=O)OCC=C(C)C,"2-buten-1-ol, 3-methyl-, acetate",0.8986,0.8382,1.146,0.501,0.13,0.119,248.3,269.9
C=CC(=O)OCCOCC,2-ethoxyethyl propenoate,1.056,0.989,1.042,0.485,0.156,0.143,280.6,298.9
C=COC(C)=C(C)C,2-(ethenyloxy)-3-methyl-2-butene,0.874,0.814,0.881,0.442,0.137,0.125,249.6,271.9
COC(=O)C/C(C)=C(/C)OC,"(Z)-3-methoxy-2-methyl-2-butenecarboxylic acid, methyl ester",1.05,0.983,1.181,0.549,0.134,0.124,278.3,297.5
COC(=O)C/C=C(\C)OC,(E)-4-methoxypent-3-en-1-oic acid methyl ester,1.016,0.952,1.22,0.567,0.147,0.135,278.0,296.6
COC(=O)C(C)=C(C)OC,(Z)-3-methoxy-2-methyl-2-butenoic acid methyl ester,1.012,0.948,1.225,0.57,0.134,0.124,278.3,297.5
CCOC(=O)C(C)C(C)=O,2-methyl-3-oxobutanoic acid ethyl ester,1.11,1.05,1.622,0.676,0.16,0.148,285.0,304.0
C=COCCOCC1CO1,2-vinyloxyethyl glycidyl ether,1.017,0.963,1.967,0.82,0.173,0.161,289.0,304.3
CC(=O)OC(C)(C)C(C)=O,3-acetoxy-3-methyl-2-butanone,0.9232,0.868,2.166,0.841,0.145,0.135,266.2,288.5
CCCOC(=O)OCCC,"carbonic acid, dipropyl ester",0.981,0.916,1.131,0.535,0.151,0.138,286.9,307.5
C=C(OC)C(C)C(=O)OC,"3-butenoic acid, 3-methoxy-2-methyl-, methyl ester",1.079,1.008,1.297,0.546,0.141,0.129,298.0,315.7
C=C(CCC(=O)OC)OC,"4-methoxypent-4-en-1-oic acid, methyl ester",1.05,0.983,1.067,0.498,0.143,0.131,279.3,298.3
CCCC(=O)OCC1CO1,"R(-)-2,3-epoxypropyl butanoate",1.0216,0.96,1.194,0.542,0.151,0.139,277.9,298.1
COC(=O)/C(OC)=C(/C)OC,"(E)-2,3-dimethoxy-2-butenoic acid methyl ester",1.142,1.072,1.751,0.774,0.15,0.139,304.0,321.1
C/C=C\OCO/C=C/C,"(Z,E)-bis(1-propenoxy)methane",0.92,0.855,0.815,0.468,0.162,0.148,264.2,280.0
CC/C=C\CCOC=O,(Z)-3-hexenyl formate,0.9027,0.8554,0.517,0.329,0.158,0.145,270.0,286.4
C/C=C/OCO/C=C/C,"(E,E)-bis(1-propenoxy)methane",0.92,0.855,0.815,0.468,0.162,0.148,264.2,280.0
C=CC/C(C)=C/C,"1,4-hexadiene, 4-methyl-",0.7127,0.6522,0.561,0.282,0.115,0.102,210.7,233.2
C=C(C)C1CCC1,(1-methylethenyl)cyclobutane,0.7569,0.7013,0.647,0.304,0.108,0.098,196.2,219.4
C=CCOC(=O)CC(C)=O,"butanoic acid, 3-oxo-, 2-propenyl ester",0.724,0.668,0.718,0.329,0.106,0.096,219.7,240.7
C#CCC(C)CC,(RS)-4-methyl-1-hexyne,0.706,0.653,0.722,0.413,0.0809,0.073,201.2,224.5
C=C(C)C(C)=CC,"(Z)-2,3-dimethyl-1,3-pentadiene",0.747,0.684,0.455,0.297,0.108,0.096,238.3,257.8
C=C(/C=C\C)CC,"(Z)-2-ethyl-1,3-pentadiene",0.719,0.66,0.598,0.291,0.115,0.103,212.1,234.1
CC1(C2CC2)CC1,"1,1'-bicyclopropyl, 1-methyl-",0.858,0.794,0.478,0.236,0.103,0.0934,196.2,220.5
CC=CC=C(C)C,"1,1,4-trimethyl-1,3-butadiene",0.71,0.652,0.62,0.302,0.119,0.106,209.1,230.9
C=CC(OC(C)=O)OC(C)=O,allylidene diacetate,0.7402,0.683,0.554,0.367,0.276,0.249,263.9,277.6
COC(=O)[C@H]1C[C@H]1C(=O)OC,"cis-1,2-cyclopropanedicarboxylic acid, dimethyl diester",0.764,0.707,0.537,0.264,0.109,0.098,179.2,203.7
C=CC=CCCC,"1,3-heptadiene",0.7135,0.6561,0.631,0.305,0.127,0.114,212.2,233.6
C=C/C(C)=C/CC,"1,3-hexadiene, 3-methyl-",0.7236,0.6653,0.622,0.299,0.116,0.104,213.2,234.9
CC1=CCC(C)C1,"1,4-dimethylcyclopentene",0.7535,0.6942,0.531,0.266,0.109,0.098,183.8,207.1
C=CCC=CCC,"1,4-heptadiene",0.6985,0.64,0.573,0.289,0.125,0.112,210.0,232.0
C/C=C/O/C=C/CC,"(E,E)-1-(1-propenyloxy)-1-butene",0.802,0.744,0.748,0.363,0.145,0.132,225.1,244.7
C/C=C/O/C=C\CC,"(Z,E)-1-(1-propenyloxy)-1-butene",0.812,0.751,0.739,0.36,0.146,0.132,232.8,251.6
C/C=C\O/C=C\CC,"(Z,Z)-1-(1-propenyloxy)-1-butene",0.812,0.751,0.739,0.36,0.146,0.132,232.8,251.6
C/C=C\O/C=C/CC,"1-butene, 1-(1-propenyloxy)-, (E,Z)-",0.812,0.751,0.739,0.36,0.146,0.132,232.8,251.6
C=COC(=C)C(C)C,"1-butene, 2-(ethenyloxy)-3-methyl-",0.779,0.71,0.436,0.258,0.118,0.105,231.9,255.3
OCC1=CCCCC1,1-cyclohexene-1-methanol,0.959,0.906,3.65,1.391,0.134,0.126,235.0,253.5
C#CCC(O)CCC,1-heptyn-4-ol,0.8673,0.811,6.342,1.307,0.099,0.0925,256.4,275.0
CC1(C=O)CCCC1,1-methylcyclopentanecarboxaldehyde,0.893,0.84,1.333,0.583,0.132,0.123,205.7,228.8
C/C=C/OC=C(C)C,"1-propene, 2-methyl-1-(1-propenyloxy)-, (E)-",0.807,0.748,0.768,0.361,0.134,0.121,230.7,250.3
C/C=C\OC=C(C)C,"1-propene, 2-methyl-1-(1-propenyloxy)-, (Z)-",0.811,0.749,0.764,0.36,0.134,0.121,233.8,253.2
OCCC1=CCCC1,2-(1-cyclopentenyl)ethanol,0.973,0.916,2.98,1.135,0.136,0.127,252.6,268.9
CC(C)C1=CCCO1,2-(1-methylethyl)-(4H)furan,0.877,0.814,0.73,0.393,0.124,0.113,210.1,234.5
CCOC(=O)CC(=O)OCC,"diethyl 1,3-propanedioate",1.03345,0.9685,1.355,0.681,0.154,0.142,303.71,327.6
CC(=O)OCCCOC(C)=O,"1,3-propandiol diacetate",1.0346,0.9715,1.431,0.648,0.151,0.139,286.0,308.2
CC=C(C)C1CC1,(1-methyl-1-propenyl)cyclopropane,0.82,0.754,0.451,0.28,0.114,0.102,228.4,248.7
CCCOCCOC(C)=O,2-Propoxyethyl acetate,0.989,0.926,1.244,0.583,0.152,0.14,289.7,309.8
CCC=CC(C)C,(E)-2-methyl-3-hexene,0.782,0.718,0.575,0.32,0.132,0.119,243.6,266.4
CO/C(C)=C/C(C)C,(E)-2-methoxy-4-methyl-2-pentene,0.781,0.717,0.602,0.335,0.122,0.109,244.4,267.8
C/C=C(/OC)C(C)C,(E)-3-methoxy-4-methyl-2-pentene,0.781,0.717,0.602,0.335,0.122,0.109,244.4,267.8
CCC(C)CC(C)=O,(S)-4-methyl-2-hexanone,0.792,0.738,1.035,0.474,0.139,0.128,240.2,263.2
C/C=C\OC(C)(C)C,"(Z)-1-(1,1-dimethylethoxy)-1-propene",0.778,0.714,0.733,0.364,0.123,0.11,243.2,266.8
C/C=C\OC(C)CC,(Z)-1-(1-methylpropoxy)-1-propene,0.782,0.718,0.575,0.32,0.132,0.119,243.6,266.4
CC(C)C(=O)C(C)C,"2,4-dimethyl-3-pentanone",0.7885,0.733,0.634,0.382,0.133,0.121,240.79,264.2
C/C=C(\OC)C(C)C,(Z)-3-methoxy-4-methyl-2-pentene,0.781,0.717,0.602,0.335,0.122,0.109,244.4,267.8
CC(O)C1CCCC1,.alpha.-methylcyclopentanemethanol,0.9031,0.8503,2.436,0.988,0.131,0.123,230.7,253.6
C=C(C)OCCCC,1-[(1-methylethenyl)oxy]butane,0.7703,0.71,0.558,0.338,0.124,0.112,249.4,271.0
CC1CC(C)OC(C)O1,"(2.alpha.,4.alpha.,6.alpha.)-2,4,6-trimethyl-1,3-dioxane",0.967,0.896,0.993,0.513,0.137,0.124,257.2,282.1
C=CCOC(C)(C)C,"1-propene, 3-(1,1-dimethylethoxy)-",0.7582,0.6953,0.659,0.331,0.119,0.106,239.6,264.2
CCC(=O)C(C)(C)C,"2,2-dimethyl-3-pentanone",0.7897,0.73,0.95,0.479,0.128,0.117,240.0,263.7
CC=COC(C)(C)C,1-tert-butoxy-1-propene,0.858,0.788,0.664,0.33,0.123,0.11,243.2,266.8
C/C=C/OC(C)CC,(E)-1-(1-methylpropoxy)-1-propene,0.8451,0.7815,0.757,0.397,0.123,0.111,258.7,285.3
CCC[C@@H](C)C(=O)OC,(S)-methyl 2-methylpentanoate,0.8607,0.7998,0.883,0.45,0.13,0.118,261.6,286.1
CC(=O)OC(C)C(C)C,"1,2-dimethylpropyl ethanoate",0.851,0.7857,0.753,0.395,0.123,0.11,258.1,285.0
CCC(C)(C)OC(C)=O,"1,1-dimethylpropyl acetate",0.8568,0.7918,0.98,0.455,0.118,0.107,243.0,278.4
CC1COC(C(C)C)O1,"1,3-cis-2-isopropyl-4-methyldioxolane",0.938,0.876,1.013,0.525,0.134,0.123,236.2,263.2
CC1(C)OCCCCO1,"1,3-dioxepane, 2,2-dimethyl-",0.953,0.896,2.518,1.027,0.136,0.126,233.5,259.6
CC[C@@H]1OCC[C@H](C)O1,"1,3-dioxane, 2-ethyl-4-methyl-, cis-",0.984,0.915,1.087,0.623,0.143,0.13,259.4,282.5
CC[C@H]1OC[C@H](C)CO1,"1,3-dioxane, 2-ethyl-5-methyl-, trans-",0.954,0.893,1.887,0.784,0.141,0.13,238.8,264.0
CCC1COC(C)OC1,"1,3-dioxane, 5-ethyl-2-methyl-, cis-",0.971,0.905,1.854,0.773,0.142,0.13,248.6,272.8
CC(C)C1(C)OCCO1,"1,3-dioxolane, 2-methyl-2-(1-methylethyl)-",0.912,0.85,1.404,0.706,0.134,0.122,253.0,283.0
CC(C)[C@H]1CO[C@@H](C)O1,"1,3-dioxolane, 2-methyl-4-(1-methylethyl)-, cis-",0.967,0.896,0.993,0.513,0.137,0.124,257.2,282.1
CC1(C)CC1(C)C,"1,1,2,2-tetramethylcyclopropane",0.778,0.714,0.733,0.364,0.123,0.11,243.2,266.8
CC(C)C1CC1C,1-isopropyl-2-methylcyclopropane,0.743,0.68,0.471,0.243,0.103,0.092,209.7,236.9
CCCC(C)CC=O,(.+-.)-3-methylhexanal,0.8009,0.7457,0.961,0.483,0.142,0.13,247.4,270.1
CC=C(C)C(C)C,"(Z)-3,4-dimethyl-2-pentene",0.6949,0.6366,0.59,0.294,0.107,0.095,223.9,249.2
COC(=O)/C(OC)=C(\C)OC,"2-butenoic acid, 2,3-dimethoxy-, methyl ester, (Z)-",1.142,1.072,1.751,0.774,0.15,0.139,304.0,321.1
CC(C)(CC(=O)O)CC(=O)O,"3,3-dimethylglutaric acid",1.162,1.111,20.654,4.95,0.154,0.145,315.0,331.0
CC/C=C\C(=O)OCC,(Z)-2-Pentenoic acid ethyl ester,1.134,1.074,2.734,1.034,0.184,0.171,315.0,329.5
C=C(OC)C(OC)C(=O)OC,"3-butenoic acid, 2,3-dimethoxy-, methyl ester",1.121,1.052,2.23,0.846,0.156,0.144,316.0,332.9
CC(=O)OC(C)(C)C(C)O,"2-butanol, 3-acetoxy-3-methyl-",0.982,0.922,4.379,1.323,0.133,0.123,317.0,338.4
CCC(C(=O)OC)C(=O)OC,dimethyl ethylmalonate,1.046,0.9836,2.199,0.824,0.148,0.137,295.0,316.5
C/C=C(\C)C(C)C,"(E)-3,4-dimethyl-2-pentene",0.6985,0.6398,0.587,0.292,0.107,0.095,221.8,247.3
CC/C=C(\C)CC,(E)-3-methyl-3-hexene,0.6919,0.6345,0.621,0.309,0.112,0.1,221.1,245.5
COC(=O)CCCC(=O)OC,dimethyl pentanedioate,1.069,1.0106,1.777,0.831,0.154,0.144,290.0,310.6
CCOC(=O)CCC(=O)OC,ethyl methyl butanedioate,1.0568,0.996,1.798,0.783,0.154,0.143,297.0,317.0
COC(=O)CCCCC(=O)O,monomethyl adipate,1.1054,1.049,10.693,2.536,0.167,0.156,339.0,352.0
COCCOC(=O)CC(C)=O,3-Oxo-butanoic acid 2-methoxyethyl ester,0.68161,0.6236,0.513,0.314,0.107,0.095,213.1,240.0
CC(C)C1(C)CC1,1-methyl-1-isopropylcyclopropane,0.7041,0.645,0.497,0.256,0.099,0.089,209.0,236.4
CCC1(CC)CC1,"1,1-diethylcyclopropane",0.696,0.639,0.546,0.277,0.105,0.094,213.1,238.7
CC1CCC(C)C1,"1,3-dimethylcyclopentane",0.7278,0.6691,0.605,0.3,0.109,0.098,195.2,222.1
CC/C=C\C(C)C,(Z)-2-methyl-3-hexene,0.6757,0.6157,0.548,0.278,0.117,0.103,221.5,246.9
CC/C=C(/C)CC,(Z)-3-methyl-3-hexene,0.6952,0.6377,0.633,0.314,0.112,0.1,221.9,245.6
C=C(C)C(C)(C)C,"2,3,3-trimethyl-1-butene",0.68652,0.6278,0.495,0.298,0.093,0.083,214.8,242.3
CC=CCC(C)C,(Z)-5-methyl-2-hexene,0.6827,0.6235,0.571,0.285,0.117,0.104,221.5,246.6
CC(C)(C)OOCC1CO1,"2,3-epoxy-1-(1,1-dimethylethylperoxy)propane",1.009,0.943,1.606,0.626,0.144,0.132,267.6,291.3
CC1(C)CCCC1,"1,1-dimethylcyclopentane",0.73608,0.6776,0.693,0.354,0.104,0.094,193.32,220.2
CC1CCCC1C,"1,2-dimethylcyclopentane",0.7458,0.6878,0.63,0.31,0.11,0.099,193.5,219.9
CCC1CC1(C)C,"1-ethyl-2,2-dimethylcyclopropane",0.692,0.632,0.491,0.255,0.099,0.088,210.9,237.2
C=CCCCCC,1-heptene,0.67896,0.6231,0.604,0.299,0.11691,0.1004,217.59,243.0
CC1=C(C)CCC1,"1,2-dimethylcyclopentene",0.7773,0.7215,0.618,0.292,0.103,0.0945,177.5,200.5
CCOC1OCCC(C)O1,"cis-2-ethoxy-4-methyl-1,3-dioxane",1.052,0.985,1.616,0.772,0.156,0.144,265.6,288.5
CCOCCOCCO,"3,6-dioxa-1-octanol",0.9704,0.9186,2.648,0.971,0.193,0.1702,296.7,302.0
CC1=CC(=O)CC1,3-methyl-2-cyclopenten-1-one,0.924,0.877,0.768,0.376,0.139,0.13,150.7,170.6
CC1=CC=CC1,"1-methyl-1,3-cyclopentadiene",0.7503,0.683,0.373,0.201,0.115,0.102,151.9,171.6
CC(=O)c1ccco1,2-furyl methyl ketone,0.75859,0.6992,0.461,0.235,0.126,0.113,169.1,187.1
O=C1C=CC=CC1=O,"1,2-benzoquinone",0.766,0.704,0.405,0.216,0.1,0.0898,152.6,171.7
C=CC=C=CC,"1,3,4-hexatriene",0.7434,0.6766,0.444,0.234,0.253,0.224,178.3,194.0
Oc1cccc(O)c1,"1,3-benzenediol",0.775,0.715,0.374,0.206,0.099,0.0893,146.9,166.6
C=CC(=C)C=C,"1,3-butadiene, 2-vinyl-",0.711,0.6333,0.338,0.188,0.108,0.092,183.6,204.0
COC1OC(CO)C(O)C(O)C1O,.alpha.-methyl-D-mannopyranoside,0.67332,0.6212,0.668,0.375,0.0912,0.0788,220.09,248.8
C1=CCCC=C1,"1,3-cyclohexadiene",0.8223,0.761,0.596,0.355,0.12799,0.1101,148.2,168.1
CC1C=CC=C1,"1,3-cyclopentadiene, 5-methyl-",0.79,0.726,0.456,0.237,0.123,0.11,148.0,167.3
C1=CCC=CC1,"1,4-cyclohexadiene",0.83581,0.7725,0.646,0.375,0.13949,0.1194,149.7,169.0
C#CCCC=C,1-hexen-5-yne,0.7354,0.669,0.558,0.296,0.087,0.077,179.7,196.8
C=C1C=C(C)C1,1-methyl-3-methylenecyclobutene,0.831,0.759,0.469,0.232,0.107,0.095,181.6,197.2
CC#C/C=C/C,2-hexen-4-yne,0.7441,0.683,0.497,0.252,0.127,0.114,175.4,190.4
CC1=CCC=C1,"2-methyl-1,3-cyclopentadiene",0.7885,0.724,0.482,0.242,0.12,0.107,163.5,180.7
C#C/C=C/CC,3-hexen-1-yne,0.7227,0.6586,0.609,0.323,0.09,0.08,179.7,196.2
C#C/C(C)=C/C,"3-penten-1-yne, 3-methyl-",0.7219,0.664,0.596,0.328,0.0787,0.0708,160.0,178.6
C1=CC2CCC12,bicyclo[2.2.0]hex-2-ene,0.913,0.839,0.35,0.185,0.115,0.104,149.5,168.1
C1CC1=C1CC1,cyclopropylidene-cyclopropane,0.835,0.775,0.539,0.259,0.107,0.097,168.8,185.4
C1C2C1C1CC21,"trans-tricyclo[3.1.0.02,4]hexane",0.8411,0.776,0.345,0.215,0.098,0.0904,130.2,151.4
C=C=CC(=O)CC,"1,2-hexadien-4-one",0.8752,0.8179,0.903,0.403,0.289,0.265,206.4,218.1
Cc1ccoc1C,"2,3-dimethylfuran",0.916,0.845,0.502,0.296,0.121,0.109,176.5,194.4
Cc1coc(C)c1,"2,4-dimethylfuran",0.922,0.848,0.51,0.295,0.121,0.109,179.6,197.2
O=C1C=CCCC1,2-cyclohexen-1-one,0.9731,0.9197,1.449,0.674,0.155,0.146,174.6,194.7
CCc1ccco1,2-ethylfuran,0.8794,0.807,0.58,0.289,0.131,0.118,179.9,198.2
CC1=CCCC1=O,2-methyl-2-cyclopenten-1-one,0.9593,0.9031,0.876,0.421,0.144,0.134,185.9,201.3
CC[C@@H](C)C(C)C,"(S)-2,3-dimethylpentane",0.6816,0.6243,0.572,0.288,0.107,0.095,226.1,254.9
CC1C=CCC1=O,2-methyl-3-cyclopenten-1-one,0.9541,0.903,1.08,0.487,0.153,0.143,179.1,195.2
O=C1CC=CCC1,3-cyclohexen-1-one,1.018,0.962,1.11,0.541,0.153,0.143,168.5,186.4
O=C1C=CC(O)C=C1,benzoquinone,0.7249,0.6631,0.455,0.24,0.126,0.112,168.5,186.6
COC1OC(C)CC(C)O1,"cis-4,6-dimethyl-2-methoxy-1,3-dioxane",0.66109,0.6046,0.467,0.303,0.1041,0.08,229.28,258.6
CO[C@H]1CCC[C@@H](CO)O1,cis-6-hydroxymethyl-2-methoxytetrahydropyran,0.67512,0.613,0.518,0.343,0.09595,0.0821,221.65,251.79
C#C/C=C/C=C,"3,5-hexadien-1-yne",0.7525,0.6919,0.625,0.319,0.095,0.0851,168.9,182.9
CC(O)(CCO)CCO,"3-methyl-1,3,5-pentanetriol",1.097,1.046,127.621,16.252,0.17,0.159,345.0,356.0
CCOCOCOCC,bis(ethoxymethyl) ether,0.8915,0.8279,1.413,0.64,0.16,0.146,273.0,289.0
CCC(C)(C)CC,"3,3-dimethylpentane",0.7187,0.6595,0.807,0.409,0.117,0.104,253.1,278.9
C#CC#CC#C,"1,3,5-hexatriyne",0.81,0.74,0.877,0.432,0.0634,0.0563,191.0,196.2
C1=C=CC=CC=1,o-benzyne,0.906,0.844,0.552,0.257,0.138,0.127,143.0,154.0
C#CCCC#C,"1,5-hexadiyne",0.776,0.72,0.915,0.472,0.0562,0.0513,153.8,168.1
CCC(C)OC(C)C,1-methylethyl 1-methylpropyl ether,0.7249,0.6614,0.552,0.321,0.12,0.106,254.1,281.3
C#Cc1ccco1,2-ethynylfuran,0.9698,0.8999,0.691,0.367,0.102,0.0927,158.5,172.1
[2H]c1c([2H])c([2H])c([2H])c([2H])c1[2H],benzene,0.85739,0.7907,0.583,0.333,0.1366,0.1191,138.8,154.0
CC(C)OC(C)(C)C,"1-methylethyl 1,1-dimethylethyl ether",0.7213,0.6561,0.539,0.338,0.11,0.097,252.1,279.7
C#CC=CC=C,"(E)-1,3-hexadien-5-yne",0.7595,0.6977,0.619,0.312,0.094,0.0848,167.8,182.0
C#CCC#CC,"1,4-hexadiyne",0.791,0.736,0.632,0.337,0.09,0.0823,140.9,156.2
C=CC#CC=C,"1,5-hexadien-3-yne",0.753,0.692,0.478,0.246,0.127,0.114,166.8,180.3
C=Cc1ccco1,2-ethenylfuran,0.9221,0.854,0.564,0.269,0.135,0.123,163.5,179.9
C=C/C=C/C=C,"1,3,5-hexatriene",0.7172,0.6564,0.474,0.245,0.126,0.112,173.3,191.5
C1=CC1C1C=C1,bi-2-cyclopropen-1-yl,0.955,0.886,0.335,0.176,0.12,0.11,140.8,158.3
CCC(CC)CC,3-ethylpentane,0.74707,0.6866,0.75,0.379,0.116,0.104,256.1,283.9
CC[C@@H](C)CCCO,(S)-4-methyl-1-hexanol,0.855,0.801,7.953,1.486,0.133,0.124,291.0,310.9
C1=C(CCC2=CCC2)CC1,"cyclobutene, 3,4-dimethylene-",0.871,0.796,0.459,0.224,0.11,0.098,174.8,188.3
C#CC#CCC,ethyldiacetylene,0.7629,0.701,0.852,0.411,0.094,0.0845,189.6,200.0
C=C1C=CC=C1,fulvene,0.797,0.738,0.326,0.182,0.116,0.105,121.7,140.8
CCCC[C@@H](C)CO,(S)-2-methyl-1-hexanol,0.848,0.793,6.958,1.337,0.132,0.123,287.4,308.0
CCCC(CC)OC,(1-ethylbutyl) methyl ether,0.76,0.7,0.645,0.357,0.127,0.114,250.8,275.9
CCC(C)(CC)OC,(1-ethyl-1-methylpropyl) methyl ether,0.761,0.701,0.828,0.414,0.117,0.106,251.7,277.1
c1coc(C2CO2)c1,2-furyloxirane,1.119,1.049,1.412,0.572,0.152,0.14,203.4,216.5
CC[C@H](C)C(C)C,"pentane, 2,3-dimethyl-, (R)-",0.6821,0.624,0.557,0.282,0.106,0.095,226.1,255.0
CCc1ccoc1,3-ethylfuran,0.78,0.72,0.577,0.294,0.129,0.116,175.8,195.2
C=CC=COC(C)=O,"1,3-butadienyl acetate",0.998,0.93,0.752,0.344,0.142,0.13,207.7,224.3
CC#CC(C)CC,(.+-.)-4-methyl-2-hexyne,0.711,0.653,0.577,0.314,0.119,0.107,212.7,232.9
CC1(C)CC(=O)OC1=O,"2,2-dimethylsuccinic anhydride",1.254,1.186,1.116,0.607,0.182,0.169,257.0,269.4
COC1=CC=CCC1,"1-methoxy-1,3-cyclohexadiene",0.881,0.829,0.84,0.41,0.132,0.122,177.0,198.9
CC1=CC(C)CC1=O,"2,4-dimethyl-2-cyclopenten-1-one",1.018,0.954,0.796,0.377,0.142,0.131,220.7,238.8
COC1=CCC=CC1,"2,5-dihydroanisole",0.907,0.853,1.058,0.481,0.136,0.126,190.2,210.2
CCC1=CCCC1=O,2-ethylcyclopent-2-en-1-one,0.9417,0.8858,1.115,0.508,0.149,0.138,231.4,247.7
C=C=CC(=O)C(C)C,"5-methyl-1,2-hexadien-4-one",0.8576,0.8027,1.073,0.461,0.289,0.266,236.5,252.4
C1CC2CCC(C1)O2,"8-oxatricyclo[3.2.1.0(1,5)]octane",1.165,1.093,0.627,0.265,0.113,0.104,192.9,214.7
O=C(C1CC1)C1CC1,dicyclopropyl ketone,1.019,0.961,0.805,0.343,0.139,0.129,200.9,221.6
O=C1CC2CCCC12,bicyclo[3.2.0]heptan-6-one,0.9773,0.921,0.829,0.391,0.143,0.133,198.7,219.0
Cc1coc(C)c1C,"furan, 2,3,4-trimethyl-",0.92,0.855,0.707,0.316,0.114,0.104,209.0,228.5
COC(=O)C1C=CCC1,2-cyclopentene-1-carboxylic acid methyl ester,1.024,0.959,1.104,0.469,0.138,0.128,215.6,237.2
C=CCOC(=O)C(=C)C,2-propenyl 2-methylpropenoate,0.91212,0.8474,0.877,0.389,0.129,0.118,240.1,260.4
COC(=O)C1C(C)=C1C,"methyl 2,3-dimethyl-2-cyclopropene-1-carboxylate",1.049,0.975,0.582,0.277,0.113,0.103,228.3,249.6
CCCC#CC(=O)OC,methyl 2-hexynoate,0.957,0.894,1.097,0.492,0.143,0.131,248.6,265.4
C=C/C=C/CC(=O)OC,"methyl 3,5-hexadienoate",0.933,0.8735,1.115,0.469,0.146,0.135,240.6,259.4
COC(=O)C1=CCCC1,methyl cyclopentene-1-carboxylate,1.063,0.998,1.505,0.601,0.136,0.126,232.4,251.4
COC(OC)c1ccco1,(dimethoxymethyl)furan,1.128,1.062,1.95,0.772,0.164,0.152,250.3,267.5
C1C2CC3CC1OC(O2)O3,"2,4,10-trioxaadamantane",1.353,1.288,1.256,0.427,0.151,0.141,197.0,221.8
C=C(C)C(=O)OCC1CO1,glycidyl methacrylate,1.185,1.114,0.92,0.422,0.14,0.13,262.7,282.5
CC1CC(=O)CC(=O)C1,"5-methyl-1,3-cyclohexanedione",1.1011,1.039,1.816,0.77,0.149,0.138,285.0,303.3
COC(=O)C(C(=O)OC)C(=O)OC,trimethyl methanetricarboxylate,1.33,1.26,5.489,1.508,0.167,0.155,332.0,351.0
COC(=O)C=C(C)C(=O)OC,dimethyl citraconate,1.0926,1.0314,1.83,0.776,0.149,0.138,285.0,303.3
COC(=O)[C@@H]1C[C@H]1C(=O)OC,"trans-1,2-cyclopropanedicarboxylic acid, dimethyl ester",1.222,1.149,0.908,0.4,0.143,0.133,267.2,288.7
C#CC(C)C(C)C,"(.+-.)-3,4-dimethyl-1-pentyne",0.712,0.658,0.702,0.395,0.0767,0.0692,206.0,228.6
COC1=CCCC=C1,"1,3-cyclohexadiene, 2-methoxy-",0.879,0.827,0.842,0.411,0.132,0.122,176.1,198.1
CCOCCC(=O)OCC,ethyl 4-oxahexanoate,0.9286,0.8688,0.991,0.529,0.151,0.139,284.0,304.9
C=C=CC(=O)CCC,"1,2-heptadien-4-one",0.8671,0.8102,0.703,0.42,0.303,0.278,260.9,272.4
C=C/C=C(\C)C=C,"1,3,5-hexatriene, 3-methyl-, (E)-",0.717,0.664,0.6,0.297,0.117,0.106,188.5,209.9
CCC[C@H](C)CC,(S)-(+)-3-methylhexane,0.6695,0.6123,0.612,0.307,0.112,0.099,232.0,259.0
C[C@@H](O)C(=O)OC(C)(C)C,"propanoic acid, 2-hydroxy-, 1,1-dimethylethyl ester, (S)-",0.66672,0.6127,0.495,0.314,0.1274,0.11268,230.3,256.8
CC(C)CC(C)C,"2,4-dimethylpentane",0.65557,0.6001,0.441,0.268,0.0996,0.091,231.54,262.3
O=CC1CCC=CO1,"3,4-dihydro-2H-pyran-2-carboxaldehyde",0.98,0.928,1.327,0.647,0.159,0.148,174.8,194.3
O=COCC(COC=O)OC=O,glycerol triformate,1.2897,1.2316,6.436,2.111,0.224,0.207,395.0,394.0
C=C/C=C/C=C\C,"(E,E)-1,3,5-heptatriene",0.7433,0.6901,0.807,0.362,0.136,0.124,201.7,220.0
C[C@@H]1C=CC=CC1,"(R)-5-methyl-1,3-cyclohexadiene",0.8093,0.751,0.865,0.413,0.128,0.116,171.4,193.5
C1=CCCCCC=1,"1,2-cycloheptadiene",0.836,0.7812,1.112,0.499,0.262,0.241,172.5,192.9
C1=CCCC=CC1,"1,4-cycloheptadiene",0.892,0.832,1.11,0.589,0.136,0.124,185.5,205.6
CC1C=CC=CC1,"5-methyl-1,3-cyclohexadiene",0.8093,0.7511,0.865,0.413,0.128,0.116,171.4,193.5
C1=CCCCC=C1,"1,3-cycloheptadiene",0.8461,0.7874,0.934,0.521,0.132,0.12,171.7,194.4
C=CC1=CCCC1,1-ethenylcyclopentene,0.805,0.7499,0.683,0.316,0.119,0.109,175.6,197.0
C=CC#CCCC,1-hepten-3-yne,0.7421,0.6859,0.687,0.321,0.128,0.115,205.9,223.5
CC1=CC=CCC1,"1-methyl-1,3-cyclohexadiene",0.798,0.738,0.702,0.339,0.12,0.109,175.5,197.4
CCC1=CCC=C1,"2-ethyl-1,3-cyclopentadiene",0.8042,0.7437,0.597,0.284,0.121,0.11,180.1,201.2
CC1=CCC=CC1,"2-methyl-1,4-cyclohexadiene",0.8272,0.77,0.882,0.403,0.123,0.112,179.7,200.4
CC1=CCCC=C1,"2-methyl-1,3-cyclohexadiene",0.8111,0.753,0.814,0.385,0.122,0.111,178.7,199.7
O=CC1CC=CCC1,"1,2,3,6-tetrahydrobenzaldehyde",0.9539,0.9006,1.688,0.7,0.15,0.14,195.8,216.4
COCCOC(=O)OCCOC,"ethanol, 2-methoxy-, carbonate (2:1)",1.2,1.136,2.5,1.056,0.187,0.173,344.0,359.0
C#C/C(C)=C/CC,"3-hexen-1-yne, 3-methyl-",0.7462,0.685,0.804,0.394,0.0818,0.0732,207.1,226.7
C=C1C=CCCC1,3-methylenecyclohexene,0.804,0.749,0.771,0.36,0.118,0.108,173.0,195.0
C=C1CC=CCC1,4-methylenecyclohexene,0.832,0.77,0.817,0.377,0.12,0.109,192.8,212.7
CC(C)(O)CCO,"1,3-butanediol, 3-methyl-",0.9662,0.915,196.647,12.022,0.142,0.133,261.6,274.5
C=C(C)CC=C(C)C,"1,4-hexadiene, 2,5-dimethyl-",0.8976,0.8461,1.159,0.555,0.138,0.128,223.1,251.2
CCCCCC(CC)CC(CC)CC(CC)CCCC,"5,7,9-triethyltetradecane",0.787,0.75,4.066,1.6,0.125,0.117,604.0,670.0
CC/C=C(\C)C1CC1,(1-methyl-1-butenyl)cyclopropane,0.7709,0.7195,0.882,0.389,0.114,0.104,226.2,252.3
CC[C@@H]1C(=O)OC(=O)[C@@H]1CC,"cis-Dihydro-3,4-diethyl-2,5-furandione",1.238,1.176,1.212,0.629,0.189,0.177,297.0,317.6
CC=CC(C(C)=O)C(=O)OCC,ethyl 2-propenyl-3-oxobutanoate,1.13,1.06,1.858,0.726,0.166,0.154,307.0,326.6
COC(=O)C1CCC=C1OC,2-methoxy-2-cyclopenteneformic acid methyl ester,1.146,1.078,1.204,0.529,0.145,0.134,269.0,291.3
COC(=O)C1=C(OC)CCC1,2-methoxy-1-cyclopentene-1-carboxylic acid methyl ester,1.156,1.09,1.384,0.587,0.139,0.129,272.0,293.9
CCCCCCCCCCCCOCCCCCCCC,dodecyl octyl ether,0.8,0.765,6.75,2.484,0.168,0.157,655.0,712.0
CCCCCCCCCCOCCCCCCCCCC,"decane, 1,1'-oxybis-",0.8074,0.7731,6.936,2.587,0.162,0.152,626.0,686.0
CCCCCCCCCCCCCCCCCCCOC,methyl nonadecyl ether,0.916,0.878,6.769,2.392,0.164,0.155,635.0,694.0
OCCCCc1ccco1,2-furanbutanol,1.25,1.19,1.44,0.748,0.185,0.173,307.0,326.1
COC(=O)C1CC(C(=O)OC)C1,"trans-1,3-cyclobutanedicarboxylic acid dimethyl diester",1.27,1.2,1.339,0.558,0.146,0.136,292.0,316.0
CCOC(=O)C=CC(=O)OCC,"maleic acid, diethyl ester",1.0507,0.993,2.189,0.896,0.164,0.153,320.0,339.8
CC(=C(c1ccccc1)c1ccccc1)c1ccccc1,"1,1,2-triphenylpropene",1.03,0.9958,46.602,11.046,0.161,0.154,466.0,510.0
C(Cc1ccccc1)=C(c1ccccc1)c1ccccc1,"1,1,3-triphenylpropene",1.091,1.055,31.164,8.057,0.17,0.163,439.0,486.0
COC(=O)[C@H]1CC[C@H]1C(=O)OC,"dimethyl cis-1,2-cyclobutanedicarboxylate",1.189,1.125,1.514,0.622,0.146,0.136,292.0,315.9
C=COC(=O)CCCC(=O)OC,Vinyl methyl glutarate,1.125,1.06,1.689,0.717,0.16,0.148,319.0,340.4
CCOC(=O)C(C(C)=O)C(C)=O,"3-ethoxycarbonyl-2,4-pentandione",1.23,1.17,3.577,1.248,0.193,0.181,337.0,354.0
COC(=O)C1CCC1C(=O)OC,"1,2-cyclobutanedicarboxylic acid, dimethyl ester, trans-",1.189,1.125,1.514,0.622,0.146,0.136,292.0,315.9
C=C(C)COC(=O)C(=C)C,2-methyl-2-propenyl 2-methylpropenoate,0.9037,0.842,0.741,0.416,0.121,0.11,284.7,306.6
COC(=O)C1CCC=C1C,"2-methyl-2-cyclopenteneformic acid, methyl ester",1.049,0.983,1.096,0.458,0.128,0.118,245.8,270.2
COC(=O)C1=C(C)CCC1,"2-methyl-1-cyclopenteneformic acid, methyl ester",1.053,0.989,1.273,0.516,0.122,0.113,246.2,270.1
COC(=O)C1C=CCCC1,"2-cyclohexene-1-carboxylic acid, methyl ester",1.066,1.003,1.97,0.768,0.142,0.132,246.0,270.3
CC1(C)CCC(=O)CC1=O,"1,3-cyclohexanedione, 4,4-dimethyl-",1.025,0.973,4.488,1.49,0.15,0.141,283.0,302.5
CC(=O)C1CCCCC1=O,2-acetylcyclohexanone,1.095,1.038,4.475,1.58,0.176,0.165,268.0,288.0
CC(C)c1ccc2cc3cc4ccccc4cc3cc2c1,2-(1-methylethyl)naphthacene,1.0353,0.999,53.125,11.011,0.171,0.163,451.0,501.0
CC(C)c1c2ccccc2cc2cc3ccccc3cc12,"6-isopropyl-2,3-benzanthracene",1.0265,0.99,24.355,6.364,0.167,0.159,476.0,521.0
CCCCC(CCCC)CCC(CCCC)CCCC,"5,8-dibutyldodecane",0.7803,0.743,4.87,1.48,0.131,0.122,607.0,671.0
CCCCCCCCC(C)C(C)CCCCCCCC,"9,10-dimethyloctadecane",0.8013,0.7635,4.118,1.572,0.133,0.125,621.0,683.0
CC(O)C(C)CO,"1,3-butanediol, 2-methyl-",0.9763,0.924,51.214,6.385,0.147,0.138,269.0,281.5
CC[C@@H]1C(=O)OC(=O)[C@H]1CC,"trans-dihydro-3,4-diethyl-2,5-furandione",1.26,1.2,1.27,0.658,0.192,0.18,310.0,328.8
CCCCCCCCCCCCCCC=C(CC)CC,3-ethyl-3-octadecene,0.892,0.853,2.578,1.219,0.139,0.131,613.0,671.0
CCC(OC(CC)C1CCCCC1C)C1CCCCC1C,bis[1-(2-methylcyclohexyl)propyl] ether,1.005,0.962,16.915,4.99,0.132,0.125,582.0,644.0
CCCCCCCCCCCCCCC1CCCCC1,"tetradecane, 1-cyclohexyl-",0.816,0.78,8.333,2.949,0.144,0.135,639.0,696.0
CC(C)CCCC1CCC(C(C)CCCC(C)C)CC1,"1-(1,5-dimethylhexyl)-4-(4-methylpentyl)cyclohexane",0.821,0.783,7.186,2.554,0.118,0.111,592.0,656.0
C=CCCCCCCCCCCCCCCCCCC,1-eicosene,0.813,0.778,5.289,1.928,0.153,0.144,621.0,677.0
CC=C(CC)C1CC1,(1-ethyl-1-propenyl)cyclopropane,0.76,0.705,0.592,0.367,0.118,0.107,257.7,280.1
C=C(C)CCCCCCCCCCCCCCCCC,2-methyl-1-nonadecene,0.785,0.75,2.803,1.32,0.137,0.129,629.0,685.0
CC=C(CC)CCCCCCCCCCCCCCC,3-ethyl-2-octadecene,0.784,0.746,3.978,1.466,0.142,0.134,630.0,685.0
CCC(C)(C1CCCCC1)C(C)(CC)C1CCCCC1,"3,4-dicyclohexyl-3,4-dimethylhexane",0.788,0.753,2.919,1.461,0.141,0.132,624.0,680.0
C#CCCCCCC(=O)O,7-octynoic acid,0.8326,0.7823,1.718,0.856,0.13,0.12,204.6,233.6
CCCCCCCCCCCCCCCCC1CCC1,hexadecylcyclobutane,0.934,0.891,4.069,1.571,0.144,0.135,611.0,667.0
CCCCCCCCCCCCCCCC1CCCC1,pentadecylcyclopentane,0.89,0.849,4.831,1.885,0.138,0.13,603.0,662.0
CC(C)CCCC(C)CCC(C)C(C)CCCC(C)C,"2,6,7,10,14-pentamethylpentadecane",0.875,0.833,3.543,1.441,0.115,0.108,617.0,683.0
CCCCCCCCCCCCCCCCC(=O)CCC,4-eicosanone,0.915,0.874,3.934,1.716,0.179,0.168,646.0,702.0
CC(C)CC(CCC(CC(C)C)CC(C)C)CC(C)C,"2,9-dimethyl-4,7-bis(2-methylpropyl)decane",0.778,0.7401,4.37,1.324,0.105,0.098,588.0,660.0
CCCCCCCCCCCCCCCCCC(C)C,2-methylnonadecane,0.7587,0.7017,5.694,2.166,0.143,0.134,630.0,692.0
CCCCCCCCCCCCCCCC(CC)CC,3-ethyloctadecane,0.7832,0.748,4.092,1.459,0.142,0.133,634.0,693.0
CC(C)(C)CCCCCCCCCCCCC(C)(C)C,"2,2,15,15-tetramethylhexadecane",0.93,0.885,10.0,3.164,0.115,0.108,662.0,719.0
CC(CCC(C)CC(C)(C)C)CCC(C)CC(C)(C)C,"2,2,4,7,10,12,12-heptamethyltridecane",0.7765,0.74,5.538,2.162,0.091,0.085,614.0,682.0
CC(C)CCCC(C)CCCCC(C)CCCC(C)C,"2,6,11,15-tetramethylhexadecane",0.7728,0.7325,5.318,1.769,0.127,0.118,633.0,697.0
CCCCCCCCCCCC(CCCC)CCCC,5-butylhexadecane,0.7772,0.7374,4.864,1.66,0.14,0.131,627.0,687.0
CCCCCCCCCCCCC(C)CCCC(C)C,"2,6-dimethyloctadecane",0.899,0.856,3.671,1.519,0.136,0.127,636.0,696.0
CCCCCCCCCCCC(C)(CC)CCC(C)C,"5-ethyl-2-5,dimethylhexadecane",0.9137,0.871,4.487,1.837,0.124,0.116,640.0,700.0
CCCCCCCCC(CC)(CCCC)CCCCC,6-butyl-6-ethyltetradecane,0.7898,0.7546,9.496,3.048,0.123,0.115,592.0,657.0
CCCCCCCCCCCCCCC(C)CCCC,5-methylnonadecane,0.7765,0.7387,5.151,1.895,0.143,0.134,643.0,701.0
CCCCCCC(C)C(C)C(C)C(C)CCCCCC,"7,8,9,10-tetramethylhexadecane",0.7993,0.7621,4.129,1.575,0.119,0.112,607.0,673.0
CCCCC(C)CCCCCCCCC(C)CCCC,"5,14-dimethyloctadecane",0.911,0.867,3.732,1.499,0.137,0.128,645.0,704.0
CCCCCCC(CCC)C(CCC)CCCCCC,"7,8-dipropyltetradecane",0.7823,0.745,3.963,1.611,0.131,0.123,609.0,673.0
CCCc1cccc(-c2cccc(-c3ccccc3)c2)c1,"3-propyl-1,1':3',1''-terphenyl",1.101,1.064,45.413,11.278,0.287,0.274,468.0,514.0
CCCc1ccc(-c2ccccc2)cc1-c1ccccc1,"4'-propyl-1,1':3',1''-terphenyl",1.08,1.044,41.667,10.536,0.282,0.27,453.0,501.0
COC(=O)C1=CCCCC1,2-(methoxycarbonyl)cyclohexene,1.075,1.013,2.233,0.859,0.136,0.126,249.2,272.6
C=C(C)C#CC(C)(C)O,"2,5-dimethyl-5-hexen-3-yn-2-ol",0.8931,0.8349,0.806,0.443,0.15,0.138,267.3,289.2
CCCCCCCCCC1CCC(C2CCCCC2)CC1,4-nonylbicyclohexyl,0.8724,0.8369,14.787,4.182,0.129,0.122,552.0,621.0
CCCCc1ccco1,2-butylfuran,0.8679,0.8089,1.164,0.494,0.139,0.127,234.0,257.1
CCCCCCCCC(C1CCCCC1)C1CCCCC1,"cyclohexane, 1,1'-nonylidenebis-",0.95,0.911,11.579,4.061,0.132,0.124,576.0,643.0
CC(C)CCC(CCC(C)C)(CC(C)C)C1CCCCC1,(4-methyl-1-(2-methylpropyl)-1-(3-methylbutyl)pentyl)cyclohexane,0.8673,0.8273,12.683,3.868,0.105,0.099,607.0,678.0
CCCCCCCCCCCCCCCC1CCCCC1,"cyclohexane, pentadecyl-",0.8151,0.7747,11.655,3.743,0.156,0.146,687.0,745.0
CC(C)Cc1ccco1,2-isobutylfuran,0.8595,0.799,0.768,0.401,0.132,0.121,228.9,254.2
CCCCCCCCCCCCCCCCC1CCCC1,hexadecylcyclopentane,0.8118,0.776,7.268,2.577,0.143,0.135,648.0,709.0
CCCCCCCCC1CCCC1CCCCCCCC,"1,2-dioctylcyclopentane",0.8178,0.781,4.035,1.665,0.138,0.13,631.0,693.0
CCCCCCCCCCCCCCCCC(C)C(C)C,"2,3-dimethylnonadecane",0.7824,0.745,6.391,2.148,0.138,0.13,659.0,724.0
CCCCCCCCCCCCC1CCCC1CCCC,1-butyl-2-dodecylcyclopentane,0.8121,0.776,3.94,1.675,0.137,0.129,622.0,685.0
CCCCCCCCCCCCCCCC(C)CC(C)C,"2,4-dimethylnonadecane",0.7779,0.7406,5.913,2.025,0.136,0.127,708.0,766.0
CCCCCCCCCCC1CCCC1CCCCCC,1-decyl-2-hexylcyclopentane,0.8158,0.779,3.923,1.669,0.137,0.129,624.0,686.0
CCCCCCCCCCC(C)CCCCCCCCC,"eicosane, 10-methyl-",0.78,0.744,5.744,1.952,0.142,0.134,659.0,722.0
CC1=C(C)C(C)CC1=O,"2,3,4-trimethyl-2-cyclopenten-1-one",0.986,0.934,1.268,0.546,0.132,0.123,237.5,259.4
CCCCCCCCCCCCCCCCCC1CCC1,heptadecylcyclobutane,0.945,0.902,4.656,1.663,0.146,0.137,643.0,702.0
CCCCCCCCCCCCCCCCCCC(C)C,"eicosane, 2-methyl-",0.776,0.741,5.928,2.159,0.145,0.135,677.0,738.0
CCCCCCCCCCCCCCCCCC(C)CC,"eicosane, 3-methyl-",0.7796,0.742,6.144,2.129,0.146,0.136,679.0,739.0
CCCCCCCCCCCCC(C)CC(C)CC(C)C,"octadecane, 2,4,6-trimethyl-",0.7786,0.741,5.69,1.876,0.13,0.121,698.0,758.0
CCc1c(CC)c2cccc3c(C)cc4cccc1c4c32,"pyrene, 4,5-diethyl-9-methyl-",0.875,0.835,4.114,1.557,0.126,0.118,639.0,707.0
CCCCCCCCC(CCCCCC)CCCCCC,7-hexylpentadecane,0.7799,0.746,5.514,2.011,0.138,0.13,635.0,701.0
CC12CCC(CC1=O)C2,1-methylnorcamphor,0.9705,0.914,0.896,0.416,0.134,0.125,224.6,248.6
CCCCCCCC(CCCCCC)CCCCCCC,"pentadecane, 8-hexyl-",0.7791,0.74,5.455,1.761,0.141,0.132,651.0,715.0
C=C1C=C(OC)CCC1,1-methoxy-3-methylenecyclohexene,0.875,0.828,1.086,0.471,0.121,0.113,202.2,227.5
COC1=CC=CCCC1,"1-methoxy-1,3-cycloheptadiene",0.903,0.845,1.462,0.639,0.139,0.128,223.8,246.6
CC(=O)C1=CCCCC1,1-acetyl-1-cyclohexene,0.9494,0.8989,3.792,1.413,0.15,0.14,245.3,265.0
COC1=CCCC(C)=C1,"1,3-cyclohexadiene, 3-methoxy-1-methyl-",0.864,0.815,0.671,0.344,0.123,0.114,201.3,226.6
C1=CCCC2OC2CC1,(Z)-cis-9-oxabicyclo[6.1.0]non-4-ene,0.9195,0.8975,3.502,2.228,0.142,0.132,229.6,253.0
COC1=CC(C)=CCC1,"1,3-cyclohexadiene, 1-methoxy-3-methyl-",0.901,0.837,0.644,0.335,0.126,0.115,232.2,254.3
CC=CC1=CCCC1,1-(1-propenyl)cyclopentene,0.8177,0.7664,1.26,0.509,0.128,0.118,212.5,234.8
CCCCCCCCCCCCCCCCC1C=CCC1,3-hexadecylcyclopentene,0.958,0.915,4.906,1.858,0.155,0.146,634.0,691.0
CCCc1cc(C)co1,2-propyl-4-methylfuran,0.92,0.856,0.902,0.456,0.128,0.118,240.4,262.5
CCCCCCCCCCCCCCCC1=CCCCC1,1-pentadecylcyclohexene,0.931,0.888,5.693,2.14,0.142,0.133,610.0,671.0
CCCCCCC(Cc1ccccc1)Cc1ccccc1,2-benzyl-1-phenyloctane,0.8932,0.8573,19.033,4.899,0.149,0.142,460.0,523.0
C#CC(C)(CC)OC(C)=O,1-ethynyl-1-methylpropyl ethanoate,0.9119,0.8545,2.413,0.854,0.087,0.0805,254.5,280.4
CC(C)c1ccc(-c2cccc(-c3ccccc3)c2)cc1,"4-(1-methylethyl)-1,1':3',1''-terphenyl",1.119,1.079,109.026,6.58,0.285,0.272,480.0,525.0
CC1=CC(C)(C)COC1=O,"2H-pyran-2-one, 5,6-dihydro-3,5,5-trimethyl-",1.0,0.954,3.5,1.572,0.155,0.146,282.0,301.0
c1ccc2c(c1)CCC(Cc1cccc3ccccc13)C2,"naphthalene, 1,2,3,4-tetrahydro-2-(1-naphthalenylmethyl)-",1.179,1.139,8.058,2.722,0.213,0.203,475.0,520.0
CC1CC=CCC1C=O,6-methyl-3-cyclohexene-1-carboxaldehyde,0.9317,0.874,1.61,0.675,0.15,0.139,249.6,270.6
CC1=CC(=O)CC(C)C1,"3,5-dimethyl-2-cyclohexen-1-one",0.892,0.85,1.323,0.588,0.137,0.129,202.3,229.1
c1ccc(CCc2ccc(Cc3ccccc3)cc2)cc1,1-benzyl-4-(2-phenylethyl)benzene,1.03,0.99,20.388,5.657,0.163,0.155,521.0,570.0
CC(C)(C)c1ccco1,2-tert-butylfuran,0.8256,0.767,0.981,0.469,0.122,0.111,257.0,271.0
c1cc2ccc1CCCCCCCCc1ccc(cc1)C2,"[1,8]-paracyclophane",1.025,0.987,42.927,12.158,0.138,0.131,462.0,520.0
CC(=O)C(c1c(C)cc(C)cc1C)c1c(C)cc(C)cc1C,"1,1-bis(2,4,6-trimethylphenyl)-2-propanone",1.09,1.048,9.174,2.767,0.105,0.099,549.0,597.0
CC(C)c1ccc(CCCc2ccc(C(C)C)cc2)cc1,"1,2-bis(4-isopropylphenyl)propane",0.9676,0.9279,7.234,2.263,0.116,0.11,490.0,551.0
CCCCCCCCCCCCCCc1ccc(C)cc1,1-methyl-4-tetradecylbenzene,0.844,0.808,6.102,2.116,0.151,0.142,635.0,687.0
C#CCCCCCCCCCCCCCCCCCCC,1-heneicosyne,0.93,0.89,22.581,5.955,0.107,0.101,658.0,713.0
CCCCCCCCC(c1ccccc1)c1ccccc1,"benzene, 1,1'-nonylidenebis-",1.049,1.007,41.945,9.235,0.168,0.159,555.0,604.0
CCCCCCCCCCCc1ccc2ccccc2c1,2-undecylnaphthalene,0.9111,0.877,14.268,4.447,0.234,0.223,622.0,663.0
COC1=CCCCC=C1,"2-methoxy-1,3-cycloheptadiene",0.896,0.845,1.674,0.71,0.138,0.128,214.3,238.0
CCc1c(CC)c(CC)c2c(c1CC)CC(CC)(CC)C2,"2,3-dihydro-2,2,4,5,6,7-hexaethyl-1H-indene",0.9118,0.876,6.909,2.397,0.069,0.066,574.0,629.0
CCCCCCCCc1cc2c(cc1CCC)CCCC2,"6-octyl-7-propyl-1,2,3,4-tetrahdryonaphthalene",0.8967,0.862,11.152,3.828,0.118,0.112,579.0,633.0
CCCCCCCCCCCCCCCc1ccccc1,"pentadecane, 1-phenyl-",0.8421,0.8021,4.156,1.745,0.154,0.145,556.0,619.0
C=CCCCCCCCCCCCCCCCCCC=C,"1,20-heneicosadiene",0.98,0.936,5.612,1.816,0.166,0.155,691.0,743.0
CCCCCCCCCCCC1CCCC2CCCCC12,2-undecylbicyclo[4.4.0]decane,0.86,0.824,11.279,2.949,0.137,0.129,611.0,672.0
Cc1c2ccccc2c(CCO)c2ccc3ccccc3c12,12-methylbenz[a]anthracene-7-ethanol,0.985,0.942,7.919,2.548,0.158,0.149,620.0,674.0
CC(C)CCC(CCC(C)C)(CC(C)C)c1ccccc1,[4-methyl-1-(3-methylbutyl)-1-(2-methylpropyl)pentyl]benzene,0.8862,0.8481,6.319,2.24,0.115,0.108,542.0,611.0
CCCCCCCCC(CCCCCC)c1ccccc1,"benzene, (1-hexylnonyl)-",0.981,0.938,7.849,2.559,0.157,0.148,617.0,671.0
CCc1c2ccccc2c(CO)c2c1ccc1ccccc12,7-ethyl-12-(hydroxymethyl)benz[a]anthracene,1.017,0.979,2.36,1.124,0.084,0.08,471.0,544.0
CCCCCCC(C)C(C1CCCCC1)C1CCCCC1,"1,1-dicyclohexyl-2-methyloctane",0.8975,0.8607,11.142,4.183,0.125,0.118,569.0,638.0
CCCCCCCCC1CCC(C2CCCCC2)CC1,4-octylbicyclohexyl,0.8601,0.824,4.999,2.306,0.13,0.123,544.0,607.0
CC1CCC(C(C)C)(C2(C(C)C)CCC(C)CC2)CC1,"4,4'-dimethyl-1,1'-bis(1-methylethyl)-1,1'-bicyclohexyl",0.879,0.8413,6.826,2.734,0.087,0.082,521.0,591.0
C1=C\CCCCCC/1,(Z)-cyclooctene,0.8327,0.7825,1.705,0.843,0.13,0.12,204.8,232.0
CC1=CCCC1(C)C,"1,5,5-trimethylcyclopentene",0.764,0.7069,0.668,0.314,0.102,0.093,218.3,245.2
c1ccc(CCCCCCCCc2ccccc2)cc1,"1,8-diphenyloctane",0.9273,0.8895,12.941,4.047,0.162,0.154,474.0,526.0
C=CCC=CCCC,"1,4-octadiene",0.7208,0.6662,0.819,0.375,0.13,0.117,240.7,264.7
CC1=CC(C)CCC1,"1,3-dimethylcyclohexene",0.7868,0.7335,1.017,0.45,0.113,0.103,212.0,238.6
CC1CC2CC2(C)C1,"1,3-dimethylbicyclo[3.1.0]hexane",0.7868,0.727,0.648,0.303,0.101,0.0914,222.7,249.5
CC1=C(C)CC(C)C1,"1,2,4-trimethylcyclopentene",0.7691,0.714,0.754,0.35,0.101,0.0921,216.7,242.8
CCCCCCC(C)(c1ccccc1)c1ccccc1,"2,2-diphenyloctane",0.99,0.952,61.616,11.555,0.148,0.14,483.0,536.0
CC1=C(C)C(C)CC1,"1,2,3-trimethyl-1-cyclopentene",0.7795,0.7242,0.783,0.345,0.102,0.0926,217.3,243.3
CCCCCC(c1ccccc1)C(C)c1ccccc1,"2,3-diphenyloctane",0.975,0.936,24.615,5.983,0.151,0.143,472.0,527.0
CCCc1ccc(C(C)(CC)c2ccc(C)cc2)cc1,2-(4-methylphenyl)-2-(4-propylphenyl)butane,0.982,0.944,19.348,4.555,0.119,0.113,480.0,533.0
CC(C)(C)c1ccc(-c2cccc(C(C)(C)C)c2)cc1,"3,4'-bis(1,1-dimethylethyl)-1,1'-biphenyl",0.967,0.927,27.921,7.12,0.166,0.157,469.0,526.0
CCCCCC(Cc1ccccc1)Cc1ccccc1,2-benzyl-1-phenylheptane,0.893,0.856,27.996,6.893,0.161,0.152,492.0,543.0
CC(C)(C)c1cc(-c2ccccc2)cc(C(C)(C)C)c1,"3,5-di-tert-butylbiphenyl",0.966,0.925,27.95,7.135,0.166,0.157,469.0,525.0
CCC(CC(C)(CC)c1ccccc1)c1ccccc1,"3-methyl-3,5-diphenylheptane",0.9543,0.9162,28.293,6.876,0.141,0.133,475.0,530.0
CCC(C)c1ccc(-c2ccc(C(C)CC)cc2)cc1,"4,4'-di(1-methylpropyl)-1,1'-biphenyl",0.9379,0.9,18.126,5.333,0.197,0.186,506.0,556.0
CC=C(C)C(C)=CC,"(E,E)-3,4-dimethyl-2,4-hexadiene",0.73,0.678,1.055,0.457,0.112,0.102,234.4,259.2
C1Cc2c3c4c(c5c2C(C1)CCC5)CCCC4CCC3,"perylene, 1,2,3,3a,4,5,6,7,8,9,9a,10,11,12-tetradecahydro-",1.16,1.121,5.948,2.409,0.083,0.08,465.0,516.0
CCCCCCCCCCc1ccc2ccccc2c1,2-decylnaphthalene,0.9113,0.874,8.834,2.622,0.227,0.214,561.0,603.0
CCCCCCCCc1cccc2c(C)ccc(C)c12,"1,4-dimethyl-5-octylnaphthalene",0.9376,0.8981,13.332,2.807,0.197,0.186,625.0,659.0
CCCCCCC(C)(CC)c1cccc2ccccc12,1-(1-ethyl-1-methylheptyl)naphthalene,0.9725,0.9365,42.159,9.183,0.196,0.187,513.0,564.0
CC1=C(C)[C@@H](C)CC1,"(R)-1,2,3-trimethylcyclopentene",0.7795,0.7257,0.641,0.305,0.099,0.0903,197.9,226.2
CCCCCCCCCCc1cccc2ccccc12,1-decylnaphthalene,0.9186,0.884,9.035,3.054,0.216,0.205,522.0,570.0
CCCCCc1cc2ccccc2cc1CCCCC,"2,3-dipentylnaphthalene",0.9199,0.883,8.044,2.831,0.204,0.193,534.0,581.0
CCCCCCCCc1cc2cc(C)ccc2cc1C,"2,6-dimethyl-3-octylnaphthalene",0.921,0.884,13.344,2.756,0.192,0.182,568.0,610.0
CCC(C)(CCCC(C)C)c1ccc2ccccc2c1,"2-(1,5-dimethyl-1-ethylhexyl)naphthalene",0.9382,0.903,20.252,5.426,0.19,0.181,509.0,562.0
CCCCCCC(CCC)c1ccc2ccccc2c1,2-(1-propylheptyl)naphthalene,0.9136,0.879,18.608,5.006,0.21,0.199,521.0,571.0
CCCCCCc1cc2ccccc2cc1CCCC,2-butyl-3-hexylnaphthalene,0.92,0.883,11.467,2.522,0.202,0.191,526.0,574.0
CC(C)c1ccc(C(C)c2ccc(C(C)C)cc2)cc1,"1,1-bis[4-(1-methylethyl)phenyl]ethane",0.9531,0.9142,8.394,2.516,0.12,0.113,485.0,540.0
CC(C)(C)c1cccc(-c2cccc(C(C)(C)C)c2)c1,"1,1'-biphenyl, 3,3'-bis(1,1-dimethylethyl)-",0.966,0.925,27.95,7.135,0.166,0.157,469.0,525.0
Cc1cc(C)c(C(C=O)c2c(C)cc(C)cc2C)c(C)c1,"benzeneacetaldehyde, 2,4,6-trimethyl-.alpha.-(2,4,6-trimethylphenyl)-",1.073,1.031,11.184,3.201,0.105,0.1,516.0,563.0
CCc1ccc(C)c2ccc3cc(C(C)C)ccc3c12,"phenanthrene, 4-ethyl-1-methyl-7-(1-methylethyl)-",1.101,1.063,44.505,8.843,0.239,0.229,485.0,529.0
CC1CCC(C)C(=O)C1,"2,5-dimethylcyclohexanone",1.1,1.04,2.273,0.913,0.158,0.147,333.0,346.2
C=CC(=O)CCCCC,1-octene-3-one,0.845,0.79,0.757,0.443,0.154,0.142,277.5,297.7
CCC1(C=O)CCCC1,1-ethylcyclopentanecarboxaldehyde,0.901,0.844,1.509,0.64,0.135,0.124,244.6,269.7
CCCc1c2ccccc2c(CCC)c2ccccc12,"anthracene, 9,10-dipropyl-",1.112,1.074,28.777,7.169,0.262,0.25,492.0,534.0
CCCCCc1c2ccccc2c(C)c2ccccc12,"anthracene, 9-methyl-10-pentyl-",1.114,1.076,29.623,7.342,0.262,0.25,493.0,534.0
Cc1ccc2c(ccc3c(C)c(C(C)C)ccc32)c1C,"phenanthrene, 1,2,8-trimethyl-7-(1-methylethyl)-",1.093,1.057,48.49,9.366,0.224,0.214,483.0,526.0
Cc1cccc2c1ccc1c(C)c(CC(C)C)ccc12,"phenanthrene, 1,8-dimethyl-2-(2-methylpropyl)-",1.106,1.069,49.729,9.355,0.24,0.23,490.0,533.0
CCCCc1cccc2c1ccc1cc(C)c(C)cc12,"phenanthrene, 1-butyl-6,7-dimethyl-",1.121,1.083,24.086,5.91,0.249,0.238,500.0,540.0
CCc1cc(C)c2ccc3cc(C(C)C)ccc3c2c1,"phenanthrene, 3-ethyl-1-methyl-7-(1-methylethyl)-",1.103,1.065,45.331,8.92,0.24,0.229,487.0,530.0
CCc1cc2c(ccc3c(C)cccc32)cc1C(C)C,"phenanthrene, 6-ethyl-1-methyl-7-(1-methylethyl)-",1.101,1.063,44.505,8.843,0.239,0.229,485.0,529.0
C=CO/C(C)=C\C(C)C,(Z)-2-(ethenyloxy)-4-methyl-2-pentene,0.803,0.739,0.598,0.325,0.126,0.114,261.0,285.8
CCCc1c(CCC)c2ccccc2c2ccccc12,"phenanthrene, 9,10-dipropyl-",1.109,1.071,29.757,7.283,0.26,0.249,488.0,530.0
C/C=C\O/C=C/C(C)C,"1-butene, 3-methyl-1-(1-propenyloxy)-, (Z,E)-",0.818,0.757,0.721,0.37,0.143,0.13,260.6,283.8
CCCCCCC=C(c1ccccc1)c1ccccc1,"1,1-diphenyl-1-octene",0.9813,0.943,18.343,5.196,0.162,0.153,490.0,537.0
CCC(C)(CC)C(=Cc1ccccc1)c1ccccc1,"1,2-diphenyl-3-ethyl-3-methyl-1-pentene",0.9703,0.9334,64.928,11.785,0.139,0.132,459.0,512.0
Cc1cc(C)c2ccc3c(C)cc(C)c4ccc1c2c43,"pyrene, 1,3,6,8-tetramethyl-",0.989,0.95,14.156,4.211,0.142,0.135,464.0,515.0
C=CC(CCCCC)(c1ccccc1)c1ccccc1,"3,3-diphenyl-1-octene",0.991,0.953,58.527,11.542,0.15,0.143,465.0,517.0
CC=C(CC(C)(CC)c1ccccc1)c1ccccc1,"5-methyl-3,5-diphenyl-2-heptene",0.9764,0.9385,54.281,10.655,0.139,0.132,459.0,512.0
c1ccc(CCCCc2ccc3c(c2)CCCC3)cc1,"6-(4-phenylbutyl)-1,2,3,4-tetrahydronaphthalene",1.0067,0.969,26.82,7.224,0.143,0.136,483.0,529.0
CCCCCCCC1c2ccccc2-c2ccccc21,9-heptyl-9H-fluorene,0.9743,0.94,20.528,5.426,0.201,0.192,472.0,520.0
CCCCCCCC(c1ccccc1)c1ccccc1,"1,1-diphenyloctane",0.933,0.895,45.016,9.944,0.17,0.161,542.0,586.0
C=CCCCCC1CO1,"1,2-epoxy-7-octene",0.833,0.781,1.056,0.563,0.14,0.129,268.6,291.4
CCCCCCc1cccc2ccc(CCCC)cc12,7-butyl-1-hexylnaphthalene,0.916,0.879,10.644,2.485,0.2,0.19,522.0,570.0
Cc1ccc(C)c2c1CCC1(C(C)C)CC(C)CCC21,"10a-(1-methylethyl)-2,5,8-trimethyl-1,2,3,4,4a,9,10,10a-octahydrophenanthrene",0.9482,0.911,22.147,5.269,0.082,0.078,497.0,553.0
CC(C)CCCC(C)C1CCC2CCCC(C)(C)C2C1,"2,2-dimethyl-9-(1,5-dimethylhexyl)bicyclo[4.4.0]decane",0.858,0.823,17.483,7.169,0.121,0.114,515.0,588.0
CCCCCCCC1=Cc2ccccc2C1CCCC,"1H-indene, 1-butyl-2-heptyl-",0.988,0.949,5.061,1.791,0.166,0.157,524.0,575.0
C=CCCCCCCCCCCCCCCCCC=C,"1,19-eicosadiene",0.98,0.93,4.898,1.72,0.167,0.155,679.0,725.0
CCCCCCCC(CCCCCC)c1ccccc1,7-phenyltetradecane,0.944,0.902,6.356,2.217,0.152,0.143,565.0,620.0
CCCCCCCC(C)(Cc1ccccc1)CC(C)C,[2-methyl-2-(2-methylpropyl)nonyl]benzene,0.8594,0.821,7.447,2.558,0.134,0.126,568.0,624.0
CCCC(CCCC(C)CC)(c1ccccc1)C(C)C,[5-methyl-1-(1-methylethyl)-1-propylheptyl]benzene,0.856,0.8189,6.308,2.32,0.121,0.114,521.0,585.0
CCCCCCCCCCC(C)c1ccc(CC)cc1,1-ethyl-4-(1-methylundecyl)benzene,0.944,0.906,5.403,2.428,0.137,0.129,548.0,611.0
C1CCC(CC(C2CCCCC2)C2CCCCC2)CC1,"1,1,2-tricyclohexylethane",0.955,0.89,16.754,6.18,0.132,0.125,538.0,600.0
CC1CCC2(C)CCC3C(C(C)C)CCCC3(C)C2C1,"1,3-dimethyl-7-(1-methylethyl)-2,3-(3-methylcyclohexano]bicyclo[4.4.0]decane",0.959,0.918,3.858,1.525,0.097,0.092,518.0,582.0
C1CCC(CC2(CC3CCCCC3)CCCCC2)CC1,"cyclohexane, bis(cyclohexylmethyl)-",0.9066,0.87,50.96,8.046,0.118,0.112,509.0,586.0
CC1CC(C)C(CCC2C(C)CC(C)CC2C)C(C)C1,"1,2-bis(2,4,6-trimethylcyclohexyl)ethane",0.8632,0.8237,10.426,3.072,0.102,0.096,557.0,619.0
CC1=CCC(C)CC1,"1,4-dimethylcyclohexene",0.7826,0.725,1.048,0.455,0.113,0.103,212.0,238.6
C#CCCCCCCCCCCCCCCCCCC,1-eicosyne,0.818,0.785,20.782,5.605,0.106,0.1,617.0,671.0
CCCCCCCCCCCCCCCC1=CCCC1,1-pentadecylcyclopentene,0.899,0.858,4.116,1.632,0.138,0.13,566.0,626.0
CCCCCCCCCCCCCCC1=CCCCC1,1-tetradecylcyclohexene,0.892,0.852,5.269,2.113,0.137,0.129,557.0,618.0
CC1=CCC(C)(C)C1,"1,4,4-trimethylcyclopentene",0.7502,0.6919,0.626,0.299,0.102,0.092,219.3,246.4
CC(C)CC(C)(CC1CCCCC1)CC1CCCCC1,"2,2-bis(cyclohexylmethyl)-4-methylpentane",0.8701,0.8327,9.194,3.603,0.11,0.104,530.0,598.0
CCCCCCCCCCCCCC(=O)c1ccccc1,myristophenone,0.847,0.809,4.486,1.731,0.101,0.095,552.0,617.0
CCCCCCCCC1CCCC2C(C)CCC(C)C12,"2,5-dimethyl-7-octylbicyclo[4.4.0]decane",0.8625,0.8242,10.133,2.595,0.122,0.115,563.0,623.0
CC(C)CC(=CC=C(CC(C)C)CC(C)C)CC(C)C,"2,9-dimethyl-4,7-bis(2-methylpropyl)-4,6-decadiene",0.7812,0.7466,3.456,1.473,0.099,0.094,531.0,602.0
CCCCCCCCC=CCCCCCCC=C(C)C,"2-methyl-2,10-nonadecadiene",0.794,0.758,2.393,1.174,0.147,0.138,599.0,655.0
CC#CCCCCCCCCCCCCCCCCC,2-eicosyne,0.921,0.881,14.115,3.859,0.157,0.148,623.0,675.0
CCCCCCC1CCCC2CCC(CCCC)CC12,3-butyl-10-hexylbicyclo[4.4.0]decane,0.8582,0.8194,12.083,2.726,0.128,0.12,570.0,630.0
CC1=C(C)CCCC1,"1,2-dimethylcyclohexene",0.8072,0.7539,1.177,0.504,0.107,0.099,215.3,241.1
CCCCCCC1CC2CCCCC2CC1CCCC,3-butyl-4-hexylbicyclo[4.4.0]decane,0.863,0.827,13.928,2.773,0.125,0.118,559.0,620.0
CCC#CCCCCCCCCCCCCCCCC,3-eicosyne,0.919,0.878,14.146,3.645,0.157,0.147,622.0,674.0
CCCCCCCCCCC1CCC2CCCCC2C1,3-decylbicyclo[4.4.0]decane,0.855,0.819,10.269,2.821,0.136,0.128,564.0,624.0
CCCCCCCCCCCCC(C)C1CCCCC1,(1-methyltridecyl)cyclohexane,0.8372,0.799,11.945,3.88,0.136,0.127,589.0,651.0
CC1(C)CCCCCCCCCCCCC(C)(C)CC1,"1,1,4,4-tetramethylcyclohexadecane",0.851,0.815,12.926,5.399,0.104,0.098,518.0,591.0
CCCCCCCCCCCCCCCC1C=CCC1,3-pentadecylcyclopentene,0.947,0.904,4.541,1.77,0.153,0.144,602.0,657.0
CCCCCCCCCCC1CCCc2ccccc21,1-decyltetralin,0.946,0.904,6.342,2.212,0.152,0.143,566.0,621.0
CC(C)=C1CCCC1,(1-methylethylidene)cyclopentane,0.8006,0.7483,1.174,0.508,0.107,0.099,215.5,241.6
CCCCCCCCCCCC(CC)c1ccccc1,3-phenyltetradecane,0.949,0.907,6.428,2.205,0.152,0.143,569.0,623.0
CCCCCCC[C@@H]1c2ccccc2C[C@@H]1CCCC,"1H-indene, 2-butyl-1-heptyl-2,3-dihydro-, cis-",1.006,0.964,10.934,3.216,0.135,0.128,553.0,604.0
CCCCCCCC1C(CCCC)=Cc2ccccc21,"1H-indene, 2-butyl-1-heptyl-",0.988,0.949,5.061,1.791,0.166,0.157,524.0,575.0
c1cc2c(cc1CCCCC1CCCCC1)CCCC2,"6-(4-cyclohexylbutyl)-1,2,3,4-tetrahydronaphthalene",0.9406,0.905,26.579,7.403,0.127,0.12,502.0,556.0
C1CC1C(C1CC1)(C1CC1)C(C1CC1)(C1CC1)C1CC1,hexacyclopropylethane,1.177,1.129,7.816,2.303,0.093,0.088,539.0,597.0
C=CC(OC(C=C)C1CC=CCC1C)C1CC=CCC1C,bis[1-(6-methyl-3-cyclohexen-1-yl)allyl] ether,0.938,0.899,13.859,4.004,0.158,0.149,560.0,612.0
CC(C)c1cc(C(C)C)c2c(c1C(C)C)CCC2(C)C,"1,1-dimethyl-4,5,7-tris(1-methylethyl)indan",0.97,0.928,7.216,2.263,0.065,0.062,531.0,589.0
C=C/C=C/C(C)(C)C,"(E)-1-(1,1-dimethylethyl)-1,3-butadiene",0.742,0.686,0.566,0.316,0.113,0.102,230.9,258.0
CCCCC(C)c1cc2c(cc1C(C)C)C(C)(C)CC2,"1,1-dimethyl-6-(1-methylethyl)-5-(1-methylpentyl)indan",0.979,0.938,8.172,2.452,0.086,0.082,537.0,593.0
CCCCCCCCc1cc2c(cc1C)CCC(C)C2,"1,2,3,4-tetrahydro-2,6-dimethyl-7-octylnaphthalene",0.891,0.853,11.897,2.696,0.112,0.106,549.0,600.0
CCCCCc1cc2c(cc1CCCCC)CCCC2,"1,2,3,4-tetrahydro-6,7-dipentylnaphthalene",0.8973,0.862,9.696,3.364,0.117,0.111,550.0,601.0
CCCCCCCC1Cc2ccccc2C1CCCC,"1H-indene, 1-butyl-2-heptyl-2,3-dihydro-",1.006,0.964,10.934,3.216,0.135,0.128,553.0,604.0
CCCCCCCc1ccc(CCCCCCC)cc1,"1,4-diheptylbenzene",0.8444,0.808,6.158,2.351,0.146,0.137,585.0,635.0
CCCCCCCCCCC1CCc2ccccc2C1,2-decyltetralin,0.991,0.951,17.154,4.942,0.14,0.133,539.0,592.0
CCCCCCCCCCCCCCc1ccccc1,tetradecylbenzene,0.8434,0.8047,5.253,1.939,0.162,0.152,572.0,626.0
CC(C)C1CCc2cc(C(C)(C)C)cc(C(C)(C)C)c21,"5,7-bis(1,1-dimethylethyl)-2,3-dihydro-1-(1-methylethyl)-1H-indene",0.8869,0.85,10.599,3.176,0.068,0.064,521.0,581.0
CCCCCCCCC1CCCc2c(C)ccc(C)c21,"5,8-dimethyl-1-octyl-1,2,3,4-tetrahydronaphthalene",0.9084,0.8689,14.751,3.016,0.114,0.108,606.0,650.0
CCCCCCCc1cc2c(cc1CCC)CCCC2,"6-heptyl-7-propyl-1,2,3,4-tetrahydronaphthalene",0.899,0.863,9.677,3.36,0.117,0.111,550.0,601.0
CCCCCCC1CCCc2ccc(CCCC)cc21,"7-butyl-1-hexyl-1,2,3,4-tetrahydronaphthalene",0.8899,0.8503,10.451,2.486,0.121,0.115,511.0,568.0
CCCCCCCCCCc1ccc2c(c1)CCCC2,"naphthalene, 6-decyl-1,2,3,4-tetrahydro-",0.8887,0.8497,8.664,2.507,0.137,0.129,592.0,637.0
C=Cc1ccc(CCCCCCCCCCCC)cc1,p-dodecylvinylbenzene,0.8739,0.836,5.607,2.033,0.152,0.143,578.0,627.0
CCCCCCc1cc2c(cc1CCCC)CCCC2,"naphthalene, 6-butyl-7-hexyl-1,2,3,4-tetrahydro-",0.8951,0.8549,13.663,2.854,0.118,0.111,545.0,597.0
CC(C)C1CCC(C)C2CC3=C(CCCC3(C)C)CC12,"1,2,3,4,5,6,7,8,8a,9,10,10a-dodecahydro-8-(1-methylethyl)-4,4,5-trimethylanthracene",0.9246,0.884,11.897,3.054,0.082,0.078,505.0,568.0
CCCCCCCCCCCCc1ccc(C)c(C)c1,"1,2-dimethyl-4-dodecylbenzene",0.8663,0.8286,2.078,1.026,0.122,0.115,529.0,587.0
CC1(C)CCCC#CCCC#CCCCC(C)(C)CC1,"10,10,13,13-tetramethylcyclohexadeca-1,5-diyne",0.868,0.8297,3.917,1.567,0.113,0.106,541.0,600.0
CC1=C(C2=C(C)CCC(C(C)C)C2)CC(C(C)C)CC1,2-methyl-5-(1-methylethyl)-1-[2-methyl-5-(1-methylethyl)-1-cyclohexenyl]-1-cyclohexene,0.9319,0.8895,8.477,2.811,0.079,0.075,500.0,565.0
CCCCCCCCCCCCC(C)c1ccccc1,"benzene, (1-methyltridecyl)-",0.843,0.805,6.762,2.36,0.153,0.144,572.0,626.0
CC1=CC=CC(C)C1,"1,5-dimethyl-1,3-cyclohexadiene",0.8019,0.7483,0.998,0.428,0.121,0.111,210.8,234.2
CC1=CC=C(C)CC1,"1,4-dimethyl-1,3-cyclohexadiene",0.8156,0.7629,0.687,0.38,0.109,0.1,181.0,207.9
C1=C\CC/C=C/CC/1,"1,5-cyclooctadiene",0.864,0.815,1.725,0.847,0.137,0.127,205.1,229.5
COC1OCCO1,"2-methoxy-1,3-dioxolane",1.078,1.007,1.002,0.516,0.156,0.143,196.2,203.4
CC(C)C=O,2-methylpropanal,0.771,0.6941,0.722,0.458,0.1305,0.119,148.2,164.7
C=C/C=C\C=C/C=C,"1,3,5,7-octatetraene, (E,E)-",0.822,0.765,0.56,0.366,0.147,0.134,245.3,262.1
O=C(O)C[C@H](O)C(=O)O,hydroxybutanedioic acid,0.675,0.598,0.271,0.196,0.117,0.098,114.4,140.0
CC=COC,(E)-1-methoxy-1-propene,0.738,0.659,0.312,0.19,0.124,0.107,158.4,174.1
CC1(C)CO1,"1,1-dimethyloxirane",0.816,0.735,0.294,0.169,0.111,0.096,156.0,173.5
CCCC=O,butanal,0.783,0.7171,0.501,0.318,0.1363,0.122,166.3,185.9
CCC(C)=O,butanone,0.78413,0.7178,0.421,0.261,0.1408,0.1232,161.06,173.0
CC1OC1C,"cis-2,3-epoxybutane",0.8041,0.734,0.323,0.177,0.116,0.103,148.7,164.6
CC1CCO1,2-methyloxetane,0.856,0.775,0.339,0.195,0.118,0.103,139.9,157.8
CC1COC1,3-methyloxetane,0.847,0.773,0.331,0.193,0.117,0.103,130.6,148.9
C=COCC,ethoxyethene,0.7292,0.6463,0.267,0.167,0.119,0.101,159.0,176.2
Cc1ccc(C)cc1,"1,4-dimethylbenzene",0.84366,0.7895,0.604,0.37,0.12344,0.109,187.36,209.84
CCC1CO1,ethyloxirane,0.8079,0.736,0.334,0.182,0.1395,0.1218,152.0,169.1
COC1CC1,methoxycyclopropane,0.7868,0.711,0.268,0.162,0.117,0.102,149.4,165.4
C=CCOC,allyl methyl ether,0.7562,0.6774,0.294,0.177,0.122,0.105,158.6,174.1
CC(=O)OCc1ccco1,furfuryl ethanoate,1.25,1.175,1.2,0.545,0.155,0.144,238.9,256.5
C=CC(C)O,1-buten-3-ol,1.009,0.9,1.15,0.567,0.143,0.131,144.2,164.6
CCOC(C)=O,ethyl ethanoate,0.87597,0.7977,0.413,0.268,0.1371,0.1192,171.45,190.7
C1COCCO1,"1,4-dioxane",1.01085,0.9407,0.928,0.493,0.16,0.1416,157.3,167.2
CCC(=O)OC,methyl propanoate,0.89456,0.814,0.413,0.262,0.1374,0.1253,176.46,196.7
CCCOC=O,propyl methanoate,0.8811,0.8033,0.478,0.29,0.1396,0.121,175.1,191.6
CC1COCO1,"4-methyl-1,3-dioxolane",1.024,0.941,0.674,0.34,0.136,0.122,159.5,176.0
COC=COC,"cis-1,2-Dimethoxyethene",0.886,0.808,0.553,0.301,0.143,0.127,181.6,192.9
COCC(C)=O,methoxyacetone,0.941,0.868,0.68,0.332,0.154,0.139,202.9,211.3
COCC1CO1,methoxymethyloxirane,1.055,0.979,0.455,0.245,0.141,0.129,179.9,191.9
C/C=C/C,2-butene,0.574,0.489,0.218,0.149,0.116,0.093,135.6,162.4
C=CCC,1-butene,0.5688,0.4731,0.24,0.163,0.09563,0.07667,133.36,160.5
C=C/C=C/C=C/C=C,"1,3,5,7-octatetraene",0.778,0.724,0.835,0.373,0.139,0.127,213.2,233.7
CC(=O)OC(C)=O,ethanoic anhydride,1.05668,0.9811,0.653,0.377,0.201,0.184,199.7,205.7
C=C(C)C=O,2-methyl-2-propenal,0.8,0.709,0.412,0.236,0.155,0.139,146.3,159.7
C=CC(C)=O,3-buten-2-one,0.8246,0.7554,0.437,0.234,0.169,0.151,154.0,165.3
C#CC#CC(C)(C)C,"2,2-dimethyl-3,5-hexadiyne",0.758,0.708,1.346,0.593,0.0812,0.0745,219.5,240.0
CC1=CC=CCC=C1,"1-methyl-1,3,6-cycloheptatriene",0.918,0.858,1.59,0.641,0.135,0.125,213.5,233.0
C=C1COCO1,"1,3-dioxolane, 4-methylene-",1.093,1.009,0.613,0.304,0.134,0.121,152.6,166.4
C=COC(C)=O,ethenyl ethanoate,0.90612,0.8222,0.377,0.225,0.156,0.138,165.9,180.4
CC(=O)C(C)=O,"2,3-butanedione",0.981,0.893,0.499,0.262,0.198,0.178,191.2,199.5
C=CC(=O)OC,methyl propenoate,0.9288,0.85,0.387,0.204,0.158,0.141,164.1,176.5
CC1=COCO1,"4-methyl-1,3-dioxole",1.083,0.994,0.536,0.276,0.135,0.121,152.5,166.5
CC1CC(=O)O1,4-methyl-2-oxetanone,1.274,1.205,1.319,0.498,0.159,0.148,158.7,169.6
C=CC1CO1,ethenyloxirane,1.37,1.29,0.584,0.24,0.142,0.132,163.7,175.7
C#CCCCCC#C,"1,7-octadiyne",0.798,0.748,2.381,0.963,0.0605,0.0558,243.8,260.2
O=C1COCCO1,"1,4-dioxan-2-one",1.45,1.39,5.931,1.799,0.183,0.173,184.0,194.3
C=CCOC=O,"formic acid, 2-propenyl ester",0.9266,0.8492,0.442,0.264,0.171,0.153,170.7,181.8
CC1COC(=O)O1,"(R)-4-methyl-1,3-dioxolan-2-one",1.1845,1.122,1.773,0.963,0.194,0.181,261.0,261.3
OCC#CCO,"2-butyne-1,4-diol",1.1846,1.122,1.773,0.963,0.194,0.181,261.0,261.4
CC1=CC=CC=CC1,"1-methyl-1,3,5-cycloheptatriene",0.879,0.822,1.661,0.669,0.135,0.125,213.5,233.0
COCc1ccccc1,(methoxymethyl)benzene,0.9469,0.891,1.162,0.539,0.149,0.138,220.2,239.5
CC(C)=C1C=CC=C1,"6,6'-dimethylfulvene",0.8653,0.812,1.098,0.443,0.122,0.113,205.7,226.2
C=C(C)C(=O)O,2-methyl-2-propenoic acid,1.114,1.036,0.853,0.386,0.2,0.184,198.0,207.5
C#CC#CCCCC,"1,3-octadiyne",0.799,0.745,1.289,0.564,0.096,0.0877,222.6,241.0
CC=CC,(Z)-2-butene,0.5971,0.5102,0.267,0.182,0.10339,0.08289,129.4,151.7
CC#CCCC#CC,"2,6-octadiyne",0.821,0.777,1.084,0.438,0.13,0.122,183.1,204.3
C=C(C)C,2-methylpropene,0.5691,0.4719,0.238,0.161,0.09584,0.07695,137.4,165.6
CC1CC1,methylcyclopropane,0.6131,0.521,0.199,0.138,0.109,0.088,131.9,160.0
CCOC(=O)OC,ethyl methyl carbonate,1.029,0.946,0.544,0.304,0.141,0.127,187.8,209.3
COCC(=O)OC,methyl methoxyacetate,1.0283,0.9539,0.652,0.346,0.144,0.131,203.5,215.2
CC1=CCC=CC=C1,"2-methyl-1,3,5-cycloheptatriene",0.918,0.858,1.59,0.641,0.135,0.125,213.5,233.0
CC=CCC,(E)-2-pentene,0.62726,0.5557,0.304,0.185,0.111,0.094,161.57,184.5
CC(C)(C)OC=O,"1,1-dimethylethyl methanoate",0.824,0.76,0.716,0.355,0.124,0.111,184.7,205.9
CC1OCCCO1,"1,3-dioxane, 2-methyl-",0.9474,0.8747,1.151,0.537,0.14,0.127,195.8,214.2
C1CCOCOC1,"1,3-dioxepan",0.9821,0.9165,1.578,0.72,0.145,0.133,176.4,196.3
CC1COC(C)O1,"1,3-dioxolane, 2,4-dimethyl-, cis-",0.9035,0.824,0.742,0.364,0.134,0.119,205.1,223.7
CCOC(=O)OCC,diethyl carbonate,0.95216,0.8814,0.648,0.377,0.145,0.131,224.5,243.5
CO/C=C(\C)OC,"(Z)-1,2-dimethoxypropene",1.117,1.044,1.226,0.623,0.157,0.144,208.0,224.9
C1COCOCCO1,"1,3,6-trioxocane",1.135,1.067,2.996,1.172,0.163,0.151,204.5,223.1
COCCOC(C)=O,2-methoxyethyl ethanoate,0.9841,0.9172,0.752,0.392,0.143,0.131,215.8,232.3
C1=C\C/C=C\C\C=C/1,"1,3,6-cyclooctatriene",0.8803,0.8222,1.465,0.742,0.144,0.133,200.7,222.3
C1=CC=CCCC=C1,"1,3,5-cyclooctatriene",0.8844,0.8272,1.515,0.762,0.145,0.133,195.6,217.8
Cc1cccc(O)c1O,3-methylcatechol,1.176,1.123,13.605,3.384,0.183,0.174,267.0,279.0
COC(=O)C(OC)OC,methyl dimethoxyacetate,1.115,1.04,1.345,0.587,0.157,0.144,255.9,269.7
Cc1ccccc1C,"1,2-dimethylbenzene",0.86295,0.81093,0.75,0.432,0.12578,0.112,192.66,213.84
CCC(C)C,2-methylbutane,0.5994,0.5279,0.312,0.207,0.10204,0.08302,169.6,196.2
CCCCC,pentane,0.6057,0.5374,0.317,0.222,0.10584,0.08587,172.0,196.6
COC(C)(C)C,"1,1-dimethylethyl methyl ether",0.71901,0.64903,0.388,0.253,0.109,0.094,192.61,216.2
CCCCCO,1-pentanol,0.79986,0.75033,2.852,0.862,0.149,0.1397,220.95,275.59
CC(C)(C)C,"2,2-dimethylpropane",0.5673,0.4844,0.36,0.216,0.08828,0.07095,172.7,204.5
COc1cccc(O)c1,3-methoxyphenol,1.1251,1.069,15.11,3.087,0.157,0.147,282.0,288.8
CCC(C)OC,2-methoxybutane,0.7206,0.6504,0.389,0.249,0.118,0.103,194.1,215.4
Cc1ccc(O)c(O)c1,"1,2-dihydroxy-4-methylbenzene",1.1555,1.1039,13.847,3.442,0.185,0.175,276.0,286.0
CCCCOC,butyl methyl ether,0.7245,0.6579,0.455,0.26,0.124,0.109,196.98,218.01
CCCOCC,ethyl propyl ether,0.7106,0.6353,0.365,0.244,0.123,0.106,201.46,224.33
CCOC(C)C,"ether, ethyl isopropyl",0.7006,0.6258,0.371,0.244,0.116,0.1,196.9,219.0
COCC(C)C,methyl 2-methylpropyl ether,0.7112,0.6419,0.354,0.245,0.118,0.103,195.8,216.7
CCC(OC)OC,"1,1-dimethoxypropane",0.8426,0.7705,0.605,0.363,0.135,0.12,217.9,235.7
CCC(C)(O)CO,"1,2-butanediol, 2-methyl-",0.977,0.921,174.002,10.858,0.143,0.134,275.0,286.0
CCOCC1CO1,(ethoxymethyl)oxirane,1.031,0.956,0.553,0.292,0.144,0.132,218.2,232.1
CCC=COC,"1-butene, 1-methoxy-, (1Z)-",0.883,0.809,0.702,0.36,0.147,0.132,213.7,227.2
CC(=O)OC(C)C,1-methylethyl ethanoate,0.8531,0.82,0.481,0.287,0.121,0.108,201.6,226.0
CC[C@@H](C)C=O,(S)-2-methylbutanal,0.7933,0.729,0.529,0.305,0.133,0.119,191.3,209.0
C=C(C)CC,2-methyl-1-butene,0.6286,0.5543,0.283,0.177,0.098,0.082,162.03,185.9
CC=C(C)C,2-methyl-2-butene,0.6378,0.561,0.285,0.212,0.102,0.086,157.32,182.2
C=CC(C)C,3-methyl-1-butene,0.6107,0.538,0.255,0.164,0.101,0.083,161.37,189.0
C[C@@H]1C[C@@H]1C,"cis-1,2-dimethylcyclopropane",0.6733,0.605,0.284,0.172,0.101,0.087,150.1,172.0
CC1(C)CC1,"cyclopropane, 1,1-dimethyl-",0.6391,0.568,0.249,0.16,0.094,0.08,148.7,173.8
C[C@H]1C[C@@H]1C,ethylcyclopropane,0.6653,0.601,0.286,0.17,0.104,0.089,159.0,181.1
C=CCCC,1-pentene,0.619,0.5448,0.284,0.178,0.1065,0.0783,159.49,182.7
Cc1cccc(C)c1,"1,3-dimethylbenzene",0.84705,0.7949,0.585,0.363,0.12591,0.1111,186.86,209.31
C1CCCC1,cyclopentane,0.72539,0.6597,0.484,0.291,0.12163,0.1018,131.7,155.3
CC1CCC1,methylcyclobutane,0.6728,0.604,0.285,0.172,0.104,0.09,147.8,170.2
CC1(C)COC1,.beta.-.beta.'-dimethyltrimethylene oxide,0.8092,0.736,0.556,0.287,0.115,0.103,179.7,198.6
CC1CCOC1,.beta.-methyltetramethylene oxide,0.8444,0.779,0.675,0.347,0.124,0.112,154.7,175.2
C=COCCC,1-(ethenyloxy)- propane,0.7463,0.674,0.375,0.214,0.126,0.11,188.1,205.6
C=C(C)COC,"1-propene, 3-methoxy-2-methyl-",0.7555,0.6845,0.397,0.225,0.116,0.102,185.9,204.0
C=C(CC)OC,1-ethylvinyl methyl ether,0.744,0.669,0.363,0.215,0.114,0.099,188.7,207.3
C=C(C)OCC,2-ethoxy-1-propene,0.7485,0.6761,0.314,0.222,0.115,0.1,185.5,204.0
CC1CCCO1,2-methyltetrahydrofuran,0.83346,0.7652,0.496,0.324,0.124,0.111,162.1,184.1
CC(C)(C)C=O,"2,2-dimethylpropanal",0.7628,0.701,0.628,0.354,0.12,0.108,191.5,201.8
CC1OC1(C)C,"2,3-epoxy-3-methylbutane",0.804,0.737,0.386,0.208,0.11,0.098,175.0,194.8
C=COC(C)C,2-(ethenyloxy)propane,0.736,0.663,0.322,0.208,0.119,0.104,182.6,202.6
CCC1(C)CO1,2-ethyl-2-methyloxirane,0.802,0.736,0.449,0.234,0.116,0.104,180.3,199.3
O=C1CCCO1,.gamma.-butyrolactone,1.10958,1.05034,1.118,0.574,0.175,0.154,144.43,158.97
CCC#CC#CCC,"3,5-octadiyne",0.7959,0.7479,1.508,0.588,0.138,0.128,230.9,246.2
CC1=CCCC(C)=C1,"1,3-dimethyl-1,3-cyclohexadiene",0.8154,0.7615,0.944,0.486,0.114,0.105,213.0,235.8
CC1CO1,methyloxirane,0.8046,0.7189,0.323,0.179,0.115,0.1,125.6,141.8
CCCCC(C)C(c1ccccc1)C(C)Cc1ccccc1,"2,4-dimethyl-1,3-diphenyloctane",0.983,0.946,34.588,7.822,0.149,0.141,534.0,595.0
CCC(C)(C)c1ccc(-c2ccc(C(C)(C)CC)cc2)cc1,"4,4'-bis(1,1-dimethylpropyl)-1,1'-biphenyl",1.001,0.962,50.949,11.435,0.173,0.165,549.0,608.0
CCCCCCCCCCCCc1cccc2ccccc12,1-dodecylnaphthalene,0.9086,0.8709,13.207,4.248,0.222,0.211,592.0,644.0
CCCCCCc1ccc2cc(CCCCCC)ccc2c1,"2,6-dihexylnaphthalene",0.9035,0.8645,10.625,3.586,0.207,0.197,592.0,644.0
CCc1cc2c3ccccc3c(CC)cc2c2ccccc12,"chrysene, 6,12-diethyl-",0.9057,0.873,26.499,6.873,0.214,0.204,582.0,637.0
CCCCCCCCC(CCC)c1ccc2ccccc2c1,2-(1-propylnonyl)naphthalene,0.906,0.873,26.49,6.873,0.214,0.204,582.0,637.0
CCCCCCc1cc2ccccc2cc1CCCCCC,"naphthalene, 2,3-dihexyl-",0.9097,0.875,10.553,3.543,0.207,0.196,589.0,642.0
c1ccc(C2c3ccccc3-c3ccc4ccccc4c32)cc1,"1,2-benzo-9-phenylfluorene",1.2188,1.1829,10.666,3.889,0.267,0.257,431.0,481.0
C=CC(Cc1ccccc1)(Cc1ccccc1)c1ccccc1,"3-benzyl-3,4-diphenyl-1-butene",1.05,1.015,200.0,30.542,0.161,0.155,474.0,532.0
Cc1ccc(C=C(c2ccc(C)cc2)c2ccc(C)cc2)cc1,"ethylene, tri-p-tolyl-",1.134,1.097,35.273,8.022,0.135,0.129,536.0,583.0
Cc1ccccc1C=C(c1ccccc1C)c1ccccc1C,tris(2-methylphenyl)ethene,1.126,1.09,34.636,7.798,0.134,0.128,530.0,578.0
O=CC=O,glyoxal,1.38,1.27,0.536,0.323,0.336,0.297,294.7,280.0
CC(=O)O,ethanoic acid,1.02691,0.95869,0.83,0.48,0.148,0.122,126.67,141.73
COC=O,methyl methanoate,0.9439,0.8444,0.305,0.206,0.175,0.151,121.6,132.6
COc1ccc(CO)cc1,4-methoxybenzyl alcohol,1.0921,1.0406,9.157,2.499,0.157,0.148,295.0,307.0
OCCOc1ccccc1,2-phenoxyethanol,1.0909,1.039,6.325,2.021,0.165,0.156,289.0,289.0
COOC,dimethyl peroxide,0.803,0.704,0.244,0.176,0.152,0.126,116.3,131.8
C=CC=O,2-propenal,0.8154,0.7402,0.319,0.184,0.162,0.144,121.7,132.6
C#CC=O,propargyl aldehyde,0.85,0.79,0.412,0.259,0.129,0.118,93.9,102.5
O=c1occo1,vinylene carbonate,1.337,1.277,2.019,0.728,0.21,0.199,109.7,119.8
COc1cccc(OC)c1,"1,3-dimethoxybenzene",1.0398,0.99,2.02,0.818,0.156,0.146,262.2,276.6
O=C1CCO1,"1,3-propiolactone",1.283,1.215,1.255,0.486,0.194,0.181,123.79,133.62
O=C1CC1,cyclopropanone,1.104,0.991,0.241,0.144,0.167,0.145,154.9,164.0
O=COC=O,methanoic anhydride,0.75,0.649,0.293,0.208,0.111,0.091,128.1,143.7
O=C1OCCO1,ethylene carbonate,1.3218,1.266,1.513,0.79,0.22,0.208,138.71,150.6
CC(=O)C=O,acetylformaldehyde,1.0216,0.9516,0.401,0.224,0.161,0.148,115.1,125.4
O=CCC=O,propanedial,1.001,0.942,1.289,0.552,0.169,0.158,159.8,164.4
C=COC=O,vinyl methanoate,0.9183,0.8176,0.293,0.192,0.16,0.137,148.0,158.8
CCCCCCCCCCCCc1ccc2ccccc2c1,2-dodecylnaphthalene,0.9041,0.8708,16.591,4.708,0.232,0.22,626.0,674.0
CCc1ccc(C(C)(C)C(C)(C)c2ccc(CC)cc2)cc1,"2,3-bis(4-ethylphenyl)-2,3-dimethylbutane",0.9361,0.9001,28.843,6.666,0.101,0.096,527.0,589.0
Cc1ccc(C(C)C)cc1CCc1cc(C(C)C)ccc1C,"1,2-bis(2-methyl-5-isopropylphenyl)ethane",0.925,0.89,16.216,4.382,0.1,0.095,562.0,618.0
C1=CCCCCC=C1,"(E,Z)-cycloocta-1,3-diene",0.899,0.842,1.591,0.796,0.138,0.127,208.5,232.2
C1=CCCCC/C=C\1,"1,3-cyclooctadiene",0.8514,0.7995,1.586,0.801,0.136,0.126,198.0,223.7
C1=C/CC/C=C/CC/1,"(E,E)-1,5-cyclooctadiene",0.7932,0.7392,1.185,0.528,0.121,0.111,199.9,225.2
COc1cccc(OC)c1O,"1,3-dimethyl ether pyrogallol",0.806,0.755,1.092,0.477,0.124,0.114,199.5,224.1
Cc1cc(O)c(C)cc1O,p-xylohydroquinine,0.806,0.75,0.955,0.427,0.123,0.112,204.9,229.3
C=CC=CCCC=C,"1,3,7-octatriene",0.7441,0.6888,0.806,0.363,0.133,0.12,229.4,251.8
CC(c1ccc2ccccc2c1)c1ccc2ccccc2c1,"1,1-bis(2-naphthyl)ethane",1.1,1.066,16.364,5.159,0.264,0.254,419.0,472.0
C=C(C)C=CC(=C)C,"1,3,5-hexatriene, 2,5-dimethyl-, (E)-",0.749,0.696,0.814,0.374,0.11,0.1,224.3,248.1
C=C1CCCCC1=C,"1,2-dimethylenecyclohexane",0.81,0.755,0.84,0.371,0.106,0.097,206.9,231.5
C1=CCCCCCC=1,"1,2-cyclooctadiene",0.815,0.768,1.939,0.807,0.268,0.249,197.1,220.9
CC1=CCC(C)=C1C,"1,2,3-trimethyl-1,3-cyclopentadiene",0.8125,0.7602,0.923,0.395,0.102,0.0941,207.4,230.6
C1=CCCC/C=C\C1,"1,4-cyclooctadiene",0.8588,0.8065,1.619,0.806,0.136,0.126,197.3,222.2
C=C(C1CC1)C1CC1,"1,1-dicyclopropylethylene",0.882,0.819,0.601,0.278,0.106,0.097,215.8,241.2
C1=C\CCCC/C=C/1,"(Z,Z)-1,3-cyclooctadiene",0.886,0.831,1.546,0.77,0.137,0.126,204.5,229.5
CCOC(=O)C#CC(=O)OCC,diethyl acetylenedicarboxylate,1.053,0.995,3.419,1.126,0.162,0.151,311.0,328.6
CCCCCCCCCC(c1ccccc1)c1ccccc1,"1,1-diphenyldecane",0.997,0.959,39.117,8.759,0.162,0.154,544.0,601.0
CC(C)c1ccc(-c2ccc3cccc(C(C)C)c3c2)cc1,2-[4-(1-methylethyl)phenyl]-8-(1-methylethyl)naphthalene,1.029,0.992,60.253,13.105,0.253,0.241,502.0,555.0
CCOc1c(OCC)c(=O)c1=O,"3,4-diethoxy-cyclobut-3-ene-1,2-dione",1.1476,1.1007,5.054,1.272,0.181,0.172,238.0,262.3
C1=CCCC=CCC1,"(Z,Z)-1,5-cyclooctadiene",0.8653,0.8135,1.687,0.836,0.137,0.127,199.8,226.3
COc1cccc(O)c1OC,"2,3-dimethoxyphenol",1.255,1.193,14.343,3.269,0.162,0.151,335.0,343.0
CCOc1ccc(O)cc1,4-ethoxyphenol,1.136,1.079,16.725,3.336,0.157,0.147,295.0,307.7
Cc1c(C)c(C)c2cc3c(C)c(C)c(C)c(C)c3cc2c1C,"anthracene, 1,2,3,4,5,6,7,8-octamethyl-",1.128,1.087,20.39,5.06,0.18,0.172,574.0,617.0
CC(C)Cc1c2ccccc2c(CC(C)C)c2ccccc12,"9,10-bis(2-methylpropyl)anthracene",1.113,1.076,41.33,9.294,0.268,0.256,555.0,602.0
CCOc1cccc(O)c1,3-ethoxyphenol,1.149,1.091,17.406,3.483,0.158,0.148,304.0,314.7
CCCCCCCCc1cc2ccccc2c2ccccc12,"phenanthrene, 9-octyl-",1.101,1.062,28.156,7.062,0.28,0.267,545.0,593.0
CCCCCCCCC=C(c1ccccc1)c1ccccc1,"1,1-diphenyl-1-decene",1.032,0.993,24.225,6.445,0.165,0.156,551.0,603.0
CCCC1(c2ccccc2)CCC1(CCC)c1ccccc1,"1,2-diphenyl-1,2-dipropylcyclobutane",0.95,0.915,56.842,12.022,0.136,0.129,523.0,580.0
c1ccc(CCCCCCCCCCc2ccccc2)cc1,"benzene, 1,1'-(1,10-decanediyl)bis-",0.916,0.8754,8.515,2.513,0.181,0.171,602.0,651.0
C=CC#CCC(O)C=C,"1,7-octadien-5-yn-3-ol",1.0652,1.0124,1.69,0.721,0.155,0.145,258.0,273.5
C1COC1,oxetane,0.8744,0.794,0.377,0.214,0.122,0.108,117.2,130.6
CCC=O,propanal,0.7778,0.703,0.35,0.218,0.155,0.137,136.6,145.0
COC1=CC=CC=CC1,"1-methoxy-1,3,5-cycloheptatriene",0.891,0.842,1.324,0.582,0.142,0.132,188.8,212.6
O=C1C=CC1,cyclobutenone,1.01,0.95,0.347,0.196,0.143,0.132,111.2,123.4
COC(OC)OC,"orthoformaic acid, trimethyl ester",0.9454,0.8692,0.719,0.403,0.149,0.134,214.9,227.1
Cc1ccc(O)c(C)c1,"2,4-dimethylphenol",1.003,0.9523,4.686,1.449,0.125,0.118,243.0,261.8
c1ccoc1,furan,0.9104,0.818,0.308,0.196,0.129,0.111,117.77,132.6
C#CC=C,1-buten-3-yne,0.658,0.57,0.269,0.179,0.091,0.0745,121.0,139.5
C1=CC=C1,[4]annulene,0.787,0.7,0.21,0.149,0.131,0.111,105.6,121.8
C=C1C=C1,methylenecyclopropene,0.783,0.706,0.201,0.127,0.119,0.103,101.2,116.1
O=C1C=CCO1,2(5H)-furanone,1.39,1.323,2.158,0.756,0.172,0.162,150.5,159.0
C=C1CC(=O)O1,4-methylene-2-oxetanone,1.0721,1.002,0.672,0.299,0.149,0.137,152.5,162.4
C#CC(=O)OC,methyl propiolate,0.974,0.89,0.524,0.299,0.125,0.112,159.5,171.0
C=C=CC,"1,2-butadiene",0.6304,0.5507,0.22,0.145,0.231,0.191,127.17,144.5
C=CC=C,"1,3-butadiene",0.59495,0.5012,0.199,0.124,0.114,0.089,128.46,160.6
COc1ccc(C)cc1,1-methoxy-4-methylbenzene,0.9704,0.954,0.897,0.409,0.137,0.128,225.4,243.8
C#CCC,1-butyne,0.6317,0.552,0.31,0.199,0.089,0.0747,138.6,150.8
C=C1CC1,methylenecyclopropane,0.669,0.583,0.203,0.136,0.11,0.091,116.9,139.4
CC1C=CC=CC=C1,"7-methyl-1,3,5-cycloheptatriene",0.838,0.783,1.372,0.587,0.138,0.126,193.9,216.4
CC=CC=O,(E)-2-butenal,0.8319,0.76695,0.625,0.314,0.177,0.161,146.3,157.1
CC1=CC1,1-methylcyclopropene,0.731,0.652,0.189,0.121,0.114,0.097,114.3,131.1
C/C=C\C=O,2-butenal,0.8366,0.78,0.622,0.306,0.177,0.161,149.7,162.1
C1C2CC12,bicyclo[1.1.0]butane,0.88,0.78,0.136,0.103,0.108,0.091,99.4,121.4
C1=CCC1,cyclobutene,0.686,0.605,0.201,0.149,0.121,0.102,105.3,125.9
C=C=CCO,(hydroxymethyl)allene,0.885,0.822,1.514,0.657,0.268,0.251,183.8,189.5
C=C=COC,1-methoxyallene,0.78,0.702,0.295,0.177,0.246,0.215,152.1,163.6
O=C1COCC(=O)O1,"1,4-dioxan-2,6-dione",0.9202,0.843,0.489,0.265,0.131,0.118,129.8,145.1
C1=COCC1,"2,3-dihydrofuran",0.9008,0.8219,0.433,0.238,0.129,0.114,126.7,143.5
C=COC=C,divinyl ether,0.749,0.661,0.231,0.15,0.12,0.101,146.5,162.9
CCOOCC,ethyl peroxide,0.798,0.718,0.426,0.259,0.129,0.112,177.3,194.2
COC(C)OC,"3-methyl-2,4-dioxapentane",0.8291,0.7538,0.47,0.293,0.13,0.113,190.6,206.7
OCCOCCO,"3-oxa-1,5-pentanediol",1.10212,1.05752,13.229,2.714,0.2128,0.205,251.9,270.6
COCOC,dimethoxymethane,0.8331,0.7425,0.327,0.211,0.1371,0.1134,163.96,175.1
COc1cccc(C)c1,3-methoxytoluene,0.9567,0.9095,0.993,0.451,0.138,0.128,227.6,245.6
C[C@@H]1CO1,(S)-methyloxirane,0.902,0.809,0.206,0.124,0.116,0.1,124.3,139.2
C=COC,methoxyethene,0.705,0.607,0.196,0.135,0.138,0.112,132.0,151.6
CC(C)=O,propanone,0.76766,0.6938,0.348,0.244,0.14907,0.12578,126.7,138.2
COC(C)=O,methyl ethanoate,0.90696,0.8181,0.353,0.225,0.148,0.128,146.8,173.7
CCC(=O)O,propanoic acid,0.97205,0.90736,0.867,0.499,0.1417,0.1303,157.41,178.68
CCc1cccc(O)c1,3-ethylphenol,0.9962,0.9469,7.428,1.901,0.137,0.13,243.0,261.6
C1COCO1,"1,3-dioxacyclopentane",1.04006,0.9598,0.477,0.287,0.139,0.125,125.2,141.3
COC(=O)OC,dimethyl carbonate,1.04291,0.959,0.462,0.285,0.15975,0.1369,166.6,176.3
COc1ccccc1C,2-methoxytoluene,0.9622,0.9079,0.956,0.441,0.137,0.127,225.1,243.6
C[C@H](O)CO,"1,2-propanediol",1.02139,0.97285,17.134,2.015,0.2006,0.1912,197.9,223.7
CCc1ccccc1O,2-ethylphenol,1.0044,0.948,5.675,1.551,0.136,0.128,237.0,255.8
O=C(CO)CO,"1,3-dihydroxy-2-propanone",0.673,0.5765,0.232,0.16,0.109,0.087,146.7,170.4
COCCCO,3-methoxy-1-propanol,0.9271,0.863,1.133,0.603,0.141,0.133,200.2,212.2
COCCO,2-methoxyethanol,0.9462,0.88786,1.23,0.573,0.1841,0.1566,180.01,194.3
CC(C)C,2-methylpropane,0.53119,0.4296,0.244,0.158,0.08405,0.06657,146.1,182.7
CCCOC,1-methoxypropane,0.7024,0.6237,0.3,0.216,0.117,0.1,169.44,190.1
CC(C)CO,2-methyl-1-propanol,0.78621,0.7328,2.693,0.708,0.129,0.1199,194.38,249.76
OCC(O)CO,"1,2,3-propanetriol",0.68977,0.60952,0.282,0.191,0.1197,0.0942,176.01,197.4
CCCC,butane,0.55492,0.4671,0.248,0.166,0.09872,0.07823,146.3,174.4
COCCOC,"1,2-dimethoxyethane",0.84495,0.77395,0.423,0.271,0.1403,0.1183,190.6,210.8
OCCCCO,"1,4-butanediol",1.00371,0.9658,35.219,5.063,0.2056,0.1964,208.34,242.15
COC(C)C,isopropyl methyl ether,0.6967,0.616,0.294,0.205,0.111,0.093,165.9,186.9
CCC(O)CO,"1,2-butanediol",0.98736,0.9383,20.661,1.78,0.15,0.141,239.1,268.5
C[C@H](O)CCO,"1,3-butanediol",0.99024,0.94609,40.303,3.934,0.1746,0.1535,230.0,264.9
CCOCC,diethyl ether,0.91135,0.8518,1.457,0.642,0.1691,0.1454,216.52,232.0
CC(C)(O)CO,"2-methyl-1,2-propanediol",0.9765,0.92,92.166,6.848,0.138,0.13,229.1,239.7
CCCCCCC(O)(C(C)(C)C)C(C)(C)C,"3-nonanol, 2,2-dimethyl-3-tert-butyl-",0.846,0.8011,67.376,8.988,0.102,0.094,516.0,564.0
CC(C)CC(C)(CC(C)C)C1CCCCC1,"(1-isobutyl-1,3-dimethylbutyl)cyclohexane",0.8254,0.7829,6.058,2.171,0.109,0.101,472.0,525.0
CC(C)C(=O)CCCCC(=O)C(C)C,"3,8-decanedione, 2,9-dimethyl-",0.978,0.928,2.965,1.207,0.181,0.169,435.0,465.0
CCCCC1CCCC(C)C1,1-butyl-3-methylcyclohexane,0.7848,0.7399,1.325,0.757,0.121,0.112,312.0,348.5
CCC(C)(C)C1CCCCC1,"(1,1-dimethylpropyl)cyclohexane",0.8138,0.771,3.072,1.232,0.109,0.102,296.0,336.0
C=CCC(C)CCCCCC,(-)-4-methyl-1-decene,0.785,0.735,0.981,0.531,0.129,0.118,351.0,384.0
CC1CC(C)C(C)C(C)C1C,"(1.alpha.,2.beta.,3.alpha.,4.alpha.,5.beta.)-1,2,3,4,5-pentamethylcyclohexane",0.786,0.735,0.712,0.422,0.103,0.095,302.0,341.2
CC(C)(C)CC1CCCCC1,"(2,2-dimethylpropyl)cyclohexane",0.7837,0.7365,2.68,1.113,0.111,0.102,313.0,351.1
CC(C)C(C)(C)C1CC1(C)C,"1,1-dimethyl-2-(1,1,2-trimethylpropyl)cyclopropane",0.7699,0.7233,1.702,0.636,0.089,0.0826,321.0,360.8
CCCC(C)(C)C1CC1(C)C,"1,1-dimethyl-2-(1,1-dimethylbutyl)cyclopropane",0.7628,0.7162,1.35,0.586,0.095,0.087,324.0,361.9
CC1(C)CCCCCCCC1,"1,1-dimethylcyclononane",0.8294,0.7841,6.39,2.181,0.116,0.108,306.0,344.0
CC(C)C1CC(C)C(C)C1C,"1,2,3-trimethyl-4-(1-methylethyl)cyclopentane",0.764,0.7185,1.859,0.682,0.104,0.096,304.0,343.5
CCCC1(C)CCCC(C)C1,"1,3-dimethyl-1-propylcyclohexane",0.7919,0.7458,1.288,0.737,0.11,0.102,308.0,345.5
CC1CC(C)CC(C(C)C)C1,"1,3-dimethyl-5-(1-methylethyl)cyclohexane",0.7924,0.7437,1.401,0.686,0.113,0.104,327.0,363.3
CC1CCCC(C(C)(C)C)C1,"1-(1,1-dimethylethyl)-3-methylcyclohexane",0.7987,0.754,2.379,0.981,0.104,0.097,298.0,338.2
CCOC(=O)CCCCCCCC(=O)O,nonanedioic acid ethyl ester,1.17,1.11,11.966,3.243,0.172,0.162,440.0,466.0
CCCCC1CCCCC1C,1-butyl-2-methylcyclohexane,0.7968,0.7517,1.33,0.745,0.121,0.112,310.0,347.2
CCCCC1CCC(C)CC1,1-butyl-4-methylcyclohexane,0.7908,0.7457,1.34,0.751,0.121,0.112,312.0,348.5
C=C(C)CCCCCCCC,"1-decene, 2-methyl-",0.7396,0.6934,0.798,0.505,0.12,0.111,344.0,377.4
CCOC(=O)C1CC1c1ccccc1,ethyl trans-2-phenyl-1-cyclopropanecarboxylate,1.039,0.988,1.732,0.82,0.149,0.139,334.0,364.0
CCOC(=O)C=C(O)c1ccc(C)cc1,"2-Propenoic acid, 3-hydroxy-3-(4-methylphenyl)-, ethyl ester",1.23,1.18,9.756,2.797,0.177,0.167,385.0,409.0
CCOC(=O)CC(=O)c1cccc(C)c1,"3-(3-methylphenyl)-3-oxopropanoic acid, ethyl ester",1.23,1.17,9.756,2.735,0.177,0.167,384.0,408.0
CCCOC(=O)CCCCC(=O)O,hexanedioic acid propyl ester,0.7479,0.6937,0.896,0.389,0.101,0.0913,257.2,289.0
CCOC(=O)C(C(C)=O)c1ccccc1,3-oxo-2-phenylbutanoic acid ethyl ester,1.21,1.15,7.438,2.435,0.181,0.17,372.0,399.0
C=CCc1ccc(OC(C)=O)c(OC)c1,eugenol acetate,1.164,1.112,3.179,1.106,0.148,0.14,342.0,371.0
O=C(c1ccccc1)C1CCCC1,phenyl cyclopentyl ketone,1.28,1.23,53.906,8.943,0.192,0.182,399.0,422.0
C=CCc1cc(OC)c2c(c1OC)OCO2,"benzene, 1-allyl-2,5-dimethoxy-3,4-(methylenedioxy)-",1.33,1.273,7.519,2.357,0.167,0.157,417.0,437.0
CC1CCC(C)(C)C1C,"1,1,2,3-tetramethylcyclopentane",0.7608,0.7082,0.894,0.395,0.1,0.0912,246.8,279.6
CCOC(=O)CC(=O)c1ccccc1OC,"3-(2-methoxyphenyl)-3-oxopropanoic acid, ethyl ester",1.28,1.23,50.781,8.293,0.192,0.181,398.0,421.0
CCOC(=O)C(CC(C)C)C(C)=O,ethyl 2-(3-methylbutyl)-3-oxobutanoate,1.06,1.008,3.774,1.3,0.165,0.153,404.0,436.0
CCCCCOC(=O)CCCCC(=O)O,hexanedioic acid pentyl ester,1.17,1.11,11.966,3.243,0.172,0.162,440.0,466.0
CCOC(=O)c1ccccc1C(=O)OCC,diethyl phthalate,1.10357,1.0512,5.711,1.611,0.161,0.152,373.54,405.0
CCOC(=O)[C@H]1C[C@@H](C(C)(C)C)C1,cis-3-tert-butylcyclobutanecarboxylic acid ethyl ester,0.967,0.909,2.068,0.781,0.119,0.11,352.0,388.0
O=C1CCCCCCCCCC1,cycloundecanone,0.9383,0.89488,9.059,3.352,0.158,0.149,309.0,346.0
C[C@@H]1CCC(=O)[C@@H](C(C)(C)C)C1,"trans-2-(1,1-dimethylethyl)-4-methylcyclohexanone",0.922,0.874,5.423,1.602,0.131,0.123,319.0,356.6
C[C@H]1C[C@H](C(C)(C)C)CCC1=O,"trans-4-(1,1-dimethylethyl)-2-methylcyclohexanone",0.922,0.874,5.423,1.602,0.131,0.123,319.0,356.6
C/C=C/OC(O/C=C/C)C(C)(C)C,"(E,E)-2,2-dimethyl-1,1-bis(1-propenoxy)propane",0.907,0.851,1.985,0.881,0.151,0.139,369.0,401.0
C/C=C\OC(O/C=C/C)C(C)(C)C,"(Z,E)-2,2-dimethyl-1,1-bis(1-propenoxy)propane",0.907,0.851,1.985,0.881,0.151,0.139,369.0,401.0
C/C=C\OC(O/C=C\C)C(C)(C)C,"(Z,Z)-2,2-dimethyl-1,1-bis(1-propenoxy)propane",0.907,0.851,1.985,0.881,0.151,0.139,369.0,401.0
C=CC(=O)OC(C)CCCCCC,1-methylheptyl 2-propenoate,0.86,0.8116,1.977,0.826,0.142,0.132,363.0,397.0
CCCC(=O)C(C)(C)C(=O)C(C)C,"2,4,4-trimethyl-3,5-octanedione",0.92,0.869,2.283,1.001,0.159,0.149,368.0,401.0
C=CC(=O)OCC(CC)CCCC,2-ethylhexyl 2-propenoate,0.8692,0.8188,1.956,0.794,0.143,0.132,370.0,403.0
CCCCCC/C=C/C(=O)OCC,"2-nonenoic acid, ethyl ester",0.8913,0.8419,2.266,1.045,0.154,0.143,377.0,408.0
CC1(C)COC2(CCCCC2)OC1,"3,3-dimethyl-1,5-dioxaspiro[5.5]undecane",0.966,0.917,7.557,2.399,0.131,0.123,346.0,373.0
CCC=C(C)CCCCCC(=O)O,7-methyl-7-decenoic acid,0.996,0.948,6.426,2.215,0.153,0.143,410.0,435.0
C/C=C/CCCCCCCC(=O)O,9-undecenoic acid,0.8951,0.8506,6.703,2.351,0.166,0.155,407.0,432.0
CCOC(=O)[C@H]1C[C@H](C(C)(C)C)C1,"cyclobutanecarboxylic acid, 3-tert-butyl-, ethyl ester, trans-",0.967,0.909,2.068,0.781,0.119,0.11,352.0,388.0
CCCOC(=O)CCCC(=O)OCCC,dipropyl glutarate,1.101,1.042,3.451,1.315,0.165,0.154,439.0,468.0
CCCCOC(=O)CC(=O)OCCCC,"dibutyl 1,3-propanedioate",1.15,1.09,3.217,1.22,0.164,0.153,438.0,466.0
CC(C)(C)[C@H]1CC[C@@H](C(=O)O)CC1,"cyclohexanecarboxylic acid, 4-(1,1-dimethylethyl)-, cis-",0.971,0.93,20.597,4.946,0.124,0.117,331.0,368.0
CC(C)(C)[C@H]1CC[C@H](C(=O)O)CC1,"cyclohexanecarboxylic acid, 4-(1,1-dimethylethyl)-, trans-",0.965,0.925,20.725,4.973,0.123,0.117,327.0,364.0
CCC(OC(C)=O)C1CCCCC1,"cyclohexanemethanol, a-ethyl-, acetate",0.972,0.919,2.881,1.186,0.135,0.126,341.0,377.0
CCC(C)C(=O)OC1CCCCC1,cyclohexyl 2-methylbutanoate,0.983,0.929,2.95,1.227,0.136,0.127,348.0,383.0
CCCCC(=O)OC1CCCCC1,cyclohexyl pentanoate,0.91473,0.8631,2.624,1.274,0.144,0.134,330.0,365.2
CC(C)(C)OC(=O)CC(=O)OC(C)(C)C,"bis(1,1-dimethylethyl) propanedioate",1.026,0.966,5.361,1.615,0.125,0.116,396.0,434.0
CC(C)OC(=O)CCCC(=O)OC(C)C,bis(1-methylethyl) pentanedioate,0.9473,0.8925,4.645,1.546,0.15,0.14,410.0,445.0
CCCCC(C(=O)OCC)C(=O)OCC,diethyl butylmalonate,0.9576,0.904,4.386,1.471,0.155,0.144,410.0,443.0
CCOC(=O)CCCCCC(=O)OCC,diethyl heptandioate,0.9779,0.926,3.886,1.458,0.165,0.154,427.0,457.0
COC(=O)CCCCCCCC(=O)OC,dimethyl nonanedioate,0.993,0.942,3.726,1.699,0.167,0.156,443.0,470.0
CCCOC(=O)C(CC)C(=O)OCCC,dipropyl ethylpropanedioate,0.9569,0.9029,5.33,1.772,0.157,0.146,413.0,446.0
CC1(C)CCCC1(C)C,"1,1,2,2-tetramethylcyclopentane",0.754,0.709,1.167,0.508,0.095,0.0873,234.6,268.7
CCOC(=O)CC(=O)c1ccc(OC)cc1,"Benzenepropanoic acid, 4-methoxy-.beta.-oxo-, ethyl ester",1.29,1.23,55.814,8.943,0.192,0.182,400.0,423.0
C1CCC(C2CCCCC2)CC1,"1,1'-bicyclohexyl",0.8723,0.8298,2.927,1.195,0.1074,0.1058,297.49,342.96
CC(=O)O[C@H]1CC2CCC1(C)C2(C)C,borneol ethanoate,0.9699,0.919,1.237,0.598,0.107,0.1,344.0,382.0
C=C(C)CCCc1ccccc1,(4-methyl-4-pentenyl)benzene,0.8667,0.8225,3.461,1.119,0.131,0.123,302.0,333.6
CC(C)(C)/C=C\c1ccccc1,"(Z)-(3,3-dimethyl-1-butenyl)benzene",0.847,0.807,2.715,1.029,0.129,0.121,277.0,312.4
CC1(C)COC(c2ccccc2)OC1,"1,3-dioxane, 5,5-dimethyl-2-phenyl-",1.103,1.051,4.261,1.808,0.155,0.146,340.0,372.0
CC1(C)CCCc2ccccc21,"1,1-dimethyl-1,2,3,4-tetrahydronaphthalene",0.9343,0.889,2.997,1.215,0.115,0.108,279.0,313.0
CCC1C(C)CCC1C,"(1.alpha.,2.alpha.,3.alpha.)-2-ethyl-1,3-dimethylcyclopentane",0.78,0.726,1.013,0.427,0.111,0.101,256.0,287.3
Cc1cccc2c1CCCC2C,"1,2,3,4-tetrahydro-1,5-dimethylnaphthalene",0.956,0.913,6.695,1.972,0.115,0.109,289.0,320.5
Cc1ccc2c(c1)CC(C)CC2,"1,2,3,4-tetrahydro-2,7-dimethylnaphthalene",0.958,0.909,1.67,0.825,0.115,0.108,294.0,325.6
CCC(C)C1CCCC1,(1-methylpropyl)cyclopentane,0.779,0.7308,1.617,0.643,0.116,0.107,245.7,278.7
Cc1cccc2c1CC(C)C2C,"1,2,4-trimethylindan",0.968,0.92,1.55,0.707,0.111,0.104,300.0,330.6
Cc1ccc2c(c1)CC(C)C2C,"1,2,5-trimethylindan",0.969,0.922,1.548,0.716,0.111,0.104,301.0,331.3
CC1CC(C)OC(c2ccccc2)O1,"(2.alpha.,4.alpha.,6.alpha.)-4,6-dimethyl-2-phenyl-1,3-dioxane",1.086,1.033,3.223,1.452,0.158,0.149,330.0,363.0
CC(=O)OCC=C(C)CCC=C(C)C,"(Z)-3,7-dimethyl-2,6-octadienyl acetate",0.9006,0.8497,1.666,0.789,0.134,0.124,383.0,417.0
C=CC(C)(CCC=C(C)C)OC(C)=O,linalool acetate,0.8799,0.831,3.296,1.167,0.126,0.117,379.0,416.0
COOC(=O)CCC(=O)OC(C)(C)C,4-Tert-butoxy-4-oxobutane-peroxoic acid methyl ester,1.151,1.087,8.775,2.116,0.158,0.147,378.0,404.0
CCC(C)/C=C/c1ccccc1,(3-methyl-1-pentenyl)benzene,0.8841,0.84,2.036,0.893,0.145,0.136,310.0,340.6
CCCCOC(=O)/C=C/C(=O)OCCCC,(E)-dibutyl butenedioate,1.15,1.09,4.261,1.468,0.174,0.163,441.0,472.0
CC(=O)OC(C)(C)C1CC=C(C)CC1,p-ment-1-en-8-yl acetate,0.9449,0.894,4.762,1.611,0.122,0.114,374.0,410.0
C1CC2(CCCC3(C1)OCCO3)OCCO2,"1,4,10,13-tetraoxadispiro[4.3.4.3]hexadecane",1.235,1.182,6.397,2.623,0.166,0.156,372.0,412.0
CCC(C)OC(=O)C1CC=CCC1C,sec-butyl 6-methyl-3-cyclohexenecarboxylate,0.9271,0.8776,2.265,0.98,0.139,0.13,360.0,397.0
CCCCCCC#CC(=O)OCCC,propyl 2-nonynoate,0.885,0.838,3.842,1.372,0.155,0.144,394.0,425.0
OCC1CC2C3CC(CO)C(C3)C2C1,"tricyclo[5.2.1.0(2,6)]decane-4,8-dimethanol",1.17,1.123,11.966,3.206,0.143,0.135,374.0,406.0
CC1(C)CCC(C)(C)CC(=O)OC(=O)C1,"3,3,6,6-tetramethyloctanedioic acid anhydride",1.062,1.015,4.237,2.069,0.171,0.161,388.0,425.0
CCC(=O)OCC(COC(=O)CC)OC(=O)CC,glyceryl tripropanoate,1.0607,0.997,19.798,4.714,0.181,0.169,489.9,526.0
CCOC(=O)C1CCCC(C(=O)OCC)C1,"cis-1,3-cyclohexanedicarboxylic acid diethyl diester",1.134,1.078,4.762,1.763,0.154,0.144,408.0,444.0
CCCCOC(=O)C=CC(=O)OCCCC,dibutyl cis-butendioate,0.9754,0.9253,4.511,1.621,0.171,0.16,424.0,457.0
CC1CCCC1C1CCCCC1,(2-methylcyclopentyl)cyclohexane,0.8545,0.8117,5.266,1.7,0.118,0.111,296.0,337.7
CC1CCC(C2CCCCC2)C1,(3-methylcyclopentyl)cyclohexane,0.872,0.827,4.817,1.56,0.118,0.111,300.0,341.0
CCCCC(=O)c1ccc(C)cc1,1-(4-methylphenyl)-1-pentanone,0.9064,0.862,5.185,1.647,0.132,0.124,277.0,310.8
C1CCc2c(oc3c2CCCC3)C1,"1,2,3,4,6,7,8,9-octahydrodibenzofuran",0.858,0.817,4.662,1.408,0.136,0.128,285.0,318.5
CCC/C=C\CCCC,(Z)-4-nonene,0.71815,0.6668,0.752,0.435,0.131,0.119,282.4,310.0
CCOC(=O)c1cccc(C(=O)OCC)c1,"diethyl 1,3-benzenedioate",1.108,1.0579,8.303,2.363,0.163,0.154,406.0,431.0
CC/C=C\CCCCC,(Z)-3-nonene,0.71768,0.6666,0.752,0.435,0.131,0.119,282.3,310.0
C/C=C\CCCCCC,(Z)-2-nonene,0.72259,0.6726,0.775,0.446,0.131,0.12,282.3,309.9
CCC/C=C/CCCC,(E)-4-nonene,0.71595,0.6651,0.754,0.436,0.131,0.119,282.0,309.7
CC1CCCCC1(C)C,"1,1,2-trimethylcyclohexane",0.783,0.7328,1.609,0.669,0.106,0.097,245.7,278.3
CO/C(=C/C(C)C)c1ccccc1,(E)-1-methoxy-3-methyl-1-phenyl-1-butene,0.907,0.864,2.536,1.019,0.143,0.134,297.0,331.7
C/C(=C\C(C)C)Oc1ccccc1,(E)-4-methyl-2-phenoxy-2-pentene,0.956,0.904,2.301,0.918,0.146,0.136,327.0,357.8
CCC1CC(C)CC1C,"(1.alpha.,2.beta.,4.beta.)-1-ethyl-2,4-dimethylcyclopentane",0.767,0.715,0.939,0.406,0.11,0.1,248.4,280.7
CC1(C)C(=O)OC1(C)c1ccccc1,"3,3,4-trimethyl-4-phenyl-2-oxetanone",0.946,0.9017,4.968,1.774,0.161,0.151,352.0,378.0
CC1CC(C)C(C)C1C,"(1.alpha.,2.alpha.,3.beta.,4.beta.)-1,2,3,4-tetramethylcyclopentane",0.769,0.716,0.91,0.391,0.105,0.0957,250.6,282.8
C/C(=C/C(C)C)Oc1ccccc1,(Z)-4-methyl-2-phenoxy-2-pentene,0.8728,0.8277,1.272,0.677,0.149,0.139,296.0,327.4
CC(=O)c1ccc(CC(C)C)cc1,4-isobutylacetophenone,0.973,0.926,3.905,1.469,0.152,0.143,338.0,367.0
C=C(CC(C)C)Oc1ccccc1,4-methyl-2-phenoxy-1-pentene,0.953,0.901,1.994,0.832,0.142,0.132,328.0,359.3
CCCCCC(=O)c1ccccc1,hexanophenone,0.975,0.93,3.59,1.613,0.172,0.162,341.0,368.0
Oc1cccc(C2CCCCC2)c1,"phenol, 3-cyclohexyl-",1.058,1.013,16.068,4.64,0.14,0.133,326.0,356.0
c1cc(C2OCCO2)ccc1C1OCCO1,"2,2'-(1,4-phenylene)bis-1,3-dioxolane",0.8829,0.8363,1.37,0.741,0.126,0.117,322.0,351.0
CC1CCC(C)c2ccccc21,"(.+-.)-trans-1,4-dimethyltetralin",0.96,0.914,3.438,1.313,0.123,0.116,292.0,323.3
Oc1ccccc1C1CCCCC1,2-cyclohexylphenol,0.8699,0.8231,2.529,0.948,0.13,0.121,311.0,343.3
Oc1ccc(C2CCCCC2)cc1,4-cyclohexylphenol,0.8744,0.831,1.601,0.818,0.125,0.118,312.0,342.4
C/C(=C\C(C)C)c1ccccc1,"(1,3-dimethyl-1-butenyl)benzene",0.8834,0.8389,3.962,1.252,0.131,0.123,301.0,333.8
C=CC(CCC)c1ccccc1,(1-ethenylbutyl)benzene,0.8618,0.8147,1.404,0.663,0.139,0.129,309.0,340.3
C=CC(C)(CC)c1ccccc1,(1-ethyl-1-methyl-2-propenyl)benzene,0.882,0.8365,2.721,1.04,0.13,0.122,309.0,340.9
CCC(=C(C)C)c1ccccc1,(1-ethyl-2-methyl-1-propenyl)benzene,0.872,0.8248,2.982,1.018,0.121,0.113,298.0,330.7
OC(c1ccccc1)C1CCCC1,.alpha.-phenylcyclopentanemetaanol,0.882,0.838,3.968,1.253,0.13,0.122,299.0,331.9
CO/C1=C/CCCCCCCC1,"cyclodecene, 1-methoxy-, (Z)-",0.909,0.861,3.41,1.661,0.14,0.131,319.0,352.4
C[C@H]1C[C@@H](C(C)(C)C)CCC1=O,"cis-4-(1,1-dimethylethyl)-2-methylcyclohexanone",0.922,0.874,5.423,1.602,0.131,0.123,319.0,356.6
C=CCCCCCCCCC(=O)O,10-undecenoic acid,0.8887,0.8327,7.539,2.642,0.156,0.147,375.0,405.0
CCC(C)(O)Cc1ccccc1,2-methyl-1-phenylbutan-2-ol,0.994,0.941,13.078,3.294,0.141,0.131,346.0,373.0
Cc1ccc(C(C)(C)C)cc1,"1-(1,1-dimethylethyl)-4-methylbenzene",0.8465,0.7994,2.363,0.913,0.111,0.103,242.0,288.0
C=CCC(C)(O)CCCC,"1-octene-4-ol, 4-methyl-",0.886,0.829,14.673,1.93,0.129,0.119,341.0,365.7
CCc1cc(C)c(C)cc1C,"1-ethyl-2,4,5-trimethylbenzene",0.8721,0.826,0.837,0.496,0.104,0.097,299.0,326.2
CCc1c(C)cc(C)cc1C,"1-ethyl-2,4,6-trimethylbenzene",0.8712,0.8242,0.826,0.497,0.104,0.097,297.0,324.7
COc1ccc(C(C)(C)C)cc1,"1-(1,1-dimethylethyl)-4-methoxybenzene",0.9234,0.876,4.115,1.199,0.128,0.119,306.0,336.0
C=C1C=C(C)C(C)(C)C(C)=C1,"1,5,6,6-tetramethyl-3-methylene-1,4-cyclohexadiene",0.8625,0.8095,1.414,0.544,0.094,0.087,279.8,311.5
CCc1cc(C)cc(C)c1C,"1-ethyl-2,3,5-trimethylbenzene",0.887,0.84,0.891,0.524,0.105,0.098,299.0,326.7
CC(C)OC(C)c1ccccc1,(1-isopropoxyethyl)benzene,0.922,0.869,1.735,0.725,0.143,0.133,303.0,334.6
CCCCCOc1ccccc1,(pentyloxy)benzene,0.911,0.8626,1.647,0.823,0.157,0.147,310.0,337.2
CCCC(C)c1ccccc1O,2-(2-pentyl)phenol,0.9517,0.9054,17.863,3.534,0.134,0.126,318.0,348.1
CC(C)(O)CCc1ccccc1,"2-butanol, 2-methyl-4-phenyl-",1.009,0.96,23.786,5.104,0.143,0.134,351.0,376.0
CC(C)CCc1ccccc1,(3-methylbutyl)benzene,0.994,0.941,13.078,3.294,0.141,0.131,346.0,373.0
CCCCc1ccc(O)cc1C,4-butyl-m-cresol,0.966,0.921,11.387,2.932,0.129,0.121,323.0,351.0
CCC(CC)c1cccc(O)c1,3-(1-ethylpropyl)phenol,0.984,0.938,28.455,5.117,0.138,0.13,336.0,363.0
CC(C)OC(=O)CC(=O)OC(C)C,diisopropyl malonate,0.842,0.785,1.045,0.548,0.129,0.118,304.0,333.8
CCCC(C)c1cccc(O)c1,3-(2-pentyl)phenol,0.984,0.938,28.455,5.117,0.138,0.13,336.0,363.0
CCCCCC=COCC,"1-heptene, 1-ethoxy-, (Z)-",0.828,0.772,0.882,0.479,0.147,0.135,307.0,332.6
CCC(C)c1ccc(C)cc1O,3-methyl-6-(1-methylpropyl)phenol,0.9765,0.9311,19.457,4.189,0.126,0.119,338.0,365.0
CCOC(OCC)c1ccccc1,(diethoxymethyl)benzene,0.946,0.898,2.96,1.203,0.166,0.155,342.0,368.0
C=C(OC(C)CC)C(C)C,"1-butene, 3-methyl-2-(1-methylpropoxy)-",0.797,0.735,0.728,0.381,0.118,0.106,302.0,332.8
COc1ccc(OC(C)(C)C)cc1,"benzene, 1-(1,1-dimethylethoxy)-4-methoxy-",1.019,0.967,7.066,1.965,0.143,0.134,335.0,362.0
CCOC(C)c1ccc(OC)cc1,"benzene, 1-(1-ethoxyethyl)-4-methoxy-",1.015,0.963,4.236,1.371,0.155,0.145,333.0,360.0
COc1ccc(O)cc1C(C)(C)C,"phenol, 3-(1,1-dimethylethyl)-4-methoxy-",1.074,1.022,42.831,6.458,0.132,0.124,374.0,398.0
C=C(C)CC1=CCCC(C)C1,(+)-4-methyl-2-(2-methyl-2-propenyl)cyclohexene,0.8276,0.7808,2.417,0.858,0.111,0.103,290.0,323.6
CC1=CC(C)C(=C(C)C)CC1,"(-)-1,3-dimethyl-4-(1-methylethylidene)cyclohexene",0.8254,0.778,1.938,0.707,0.102,0.095,290.0,322.7
CC1=C(C)C2(C)CCC1(C)C2,"1,2,3,4-tetramethylbicyclo[2.2.1]-2-heptene",0.8358,0.784,1.34,0.523,0.084,0.0773,278.8,313.3
C1=CCCCCCCCCC=1,"1,2-cycloundecadiene",0.832,0.791,7.332,2.465,0.283,0.266,272.0,306.4
CC1=CC(C)=C(C(C)C)CC1,"1,3-dimethyl-4-(1-methylethyl)-1,3-cyclohexadiene",0.8469,0.798,1.263,0.489,0.097,0.09,258.8,296.8
CCc1ccc(C)c(CC)c1,"1,3-diethyl-4-methylbenzene",0.891,0.841,0.842,0.499,0.118,0.11,302.0,328.9
CCCc1ccc(C)c(C)c1,"1,2-dimethyl-4-propylbenzene",0.8504,0.8032,0.811,0.486,0.116,0.108,297.0,325.1
C[C@H]1CCC(=O)[C@@H](C(C)(C)C)C1,"cis-2-(1,1-dimethylethyl)-4-methylcyclohexanone",0.922,0.874,5.423,1.602,0.131,0.123,319.0,356.6
COC1COC(c2ccccc2)OC1,"trans-5-methoxy-2-phenyl-1,3-dioxane",1.172,1.116,5.717,2.151,0.178,0.168,321.0,350.0
C=COCCOCCC(C)C,1-(3-methylbutoxy)-2-vinyloxyethane,0.8356,0.7809,1.424,0.679,0.151,0.139,326.0,351.7
C#CC(OC(C)=O)C1CC=CCC1,"3-cyclohexene-1-methanol, alpha-ethynyl-, acetate",1.001,0.948,6.494,2.004,0.109,0.102,340.0,367.0
CCC1(O)CCCCC1C,1-ethyl-2-methylcyclohexanol,0.88,0.818,1.159,0.562,0.118,0.107,317.0,349.4
CC(=O)OC(C)CCC(C)C,"1,4-dimethylpentyl ethanoate",0.8434,0.7872,1.198,0.572,0.128,0.117,316.0,347.6
CC1CCOC(c2ccccc2)O1,"4-methyl-2-phenyl-1,3-Dioxane",1.069,1.0194,3.929,1.766,0.164,0.155,304.0,332.8
CCCCCC1(C)OCCO1,"1,3-dioxolane, 2-methyl-2-pentyl-",0.885,0.831,1.706,0.915,0.143,0.132,299.0,337.0
CC1OC(c2ccccc2)OC1C,"anti-4,5-dimethyl-2-phenyl-1,3-dioxolane",1.097,1.04,5.469,1.731,0.155,0.146,299.0,328.9
CC(C)(C)OC(=O)c1ccccc1,"benzoic acid 1,1-dimethylethyl ester",1.064,1.011,4.323,1.444,0.139,0.13,308.0,339.0
CC(C)(C)OOC(=O)c1ccccc1,"1,1-dimethylethyl peroxybenzoate",1.26,1.2,11.905,2.917,0.169,0.158,406.0,425.0
CC(C)(C)[C@H]1OC[C@H](C)CO1,"1,3-dioxane, 2-(1,1-dimethylethyl)-5-methyl-, trans-",0.95,0.889,2.632,1.069,0.131,0.121,302.0,334.2
CC(=O)OC(C)CC(C)(C)C,"1,3,3-trimethylbutyl ethanoate",0.8404,0.7846,1.416,0.663,0.119,0.109,320.0,351.5
C#CCCCCCCCC#C,"1,10-undecadiyne",0.804,0.7567,3.358,1.335,0.0616,0.057,337.0,361.7
CC(C)(C)OC(=O)C(C)(C)C,"1,1-dimethylethyl 2,2-dimethylpropanoate",0.863,0.807,1.854,0.768,0.107,0.099,302.0,336.4
CC[C@@H](C)Cc1ccccc1,(+)-.beta.-methylbutylbenzene,0.8458,0.7986,2.483,0.864,0.133,0.124,283.0,314.6
CCC(C)(C)c1ccccc1,"(1,1-dimethylpropyl)benzene",0.8572,0.809,1.983,0.816,0.123,0.114,280.0,312.7
CCC(CC)c1ccccc1,(1-ethylpropyl)benzene,0.8539,0.804,1.253,0.609,0.133,0.124,289.0,320.1
CCCC(C)c1ccccc1,(1-methylbutyl)benzene,0.8436,0.7961,2.371,0.842,0.134,0.124,288.0,318.6
CCC(C)C(=O)OC(C)(C)C,"1,1-dimethylpropyl butanoate",0.835,0.78,1.76,0.731,0.123,0.113,318.0,346.0
CCc1cc(C)cc(CC)c1,"1,3-diethyl-5-methylbenzene",0.8477,0.7993,0.767,0.475,0.116,0.108,302.6,329.9
CCC(C)(C)OC(=O)C(C)C,"1,1-dimethylpropyl 2-methylpropanoate",0.919,0.857,1.317,0.618,0.12,0.11,320.0,352.0
CCCC(=O)c1ccc(OC)c(O)c1,"butyrophenone, 3'-hydroxy-4'-methoxy-",0.9473,0.898,1.436,0.612,0.109,0.102,256.0,288.3
CC(C)(C)Cc1ccccc1,"(2,2-dimethylpropyl)benzene",0.8403,0.7918,1.904,0.796,0.122,0.114,279.0,311.4
CCC(C)Cc1ccccc1,(2-methylbutyl)benzene,0.8444,0.7967,2.487,0.891,0.134,0.125,288.0,318.3
Cc1cccc(C(C)(C)C)c1,"1-(1,1-dimethylethyl)-3-methylbenzene",0.8508,0.8033,2.351,0.896,0.111,0.103,277.8,310.3
CCc1ccc(C)cc1CC,"1,2-diethyl-4-methylbenzene",0.877,0.826,0.764,0.46,0.116,0.108,297.0,324.7
C=CCCC1=C(C)CCCC1,1-(3-butenyl)-2-methylcyclohexene,0.8579,0.809,1.014,0.569,0.118,0.109,303.0,334.5
C=C(C)C1CC=C(CC)CC1,1-ethyl-4-(1-methylethenyl)cyclohexene,0.8387,0.7928,2.742,0.959,0.112,0.104,291.0,324.3
CC12CC=CCC1CCCC2,1-methylbicyclo[4.4.0]-3-decene,0.89,0.8444,3.371,1.137,0.119,0.112,265.0,301.0
C=CCC=CCCCCCC,"1,4-undecadiene",0.798,0.748,1.028,0.548,0.141,0.13,339.0,369.3
CC(C)=C1CCCCCCC1,(1-methylethylidene)cyclooctane,0.819,0.774,4.762,1.68,0.112,0.104,290.0,326.9
C=C(CCC)C1CCCCC1,(1-propylethenyl)cyclohexane,0.8071,0.7597,1.375,0.777,0.117,0.109,310.0,344.7
CC1CCCC2CCCCC12,"(1.alpha.,2-beta.,6.beta.)-2-methylbicyclo[4.4.0]decane",0.879,0.833,3.413,1.152,0.118,0.111,278.0,315.3
CC1CCC2CCCCC2C1,"(1.alpha.,3.alpha.,6.alpha.)-3-methylbicyclo[4.4.0]decane",0.875,0.829,3.2,1.086,0.118,0.11,277.0,314.5
C1=CCCCCCCCCC1,(E)-cycloundecene,0.8561,0.81,6.074,2.469,0.142,0.133,321.0,353.0
C#CC(C)(C)O[C@H]1CCC[C@@H](C)O1,"cis-2-[(1,1-dimethyl-2-propynyl)oxy]tetrahydro-6-methyl-2H-pyran",0.9,0.85,5.111,2.141,0.136,0.128,278.0,316.1
C=C1CCCC(C)(C)C1(C)C,"1,1,2,2-tetramethyl-3-methylenecyclohexane",0.8038,0.758,1.991,0.739,0.09,0.0834,287.0,324.5
C=CCCCCCCCC=C,"1,10-undecadiene",0.7511,0.7048,1.078,0.582,0.137,0.126,337.0,367.9
CC1=CC(C)(C)CC(C)(C)C1,"1,3,3,5,5-pentamethylcyclohexene",0.788,0.7365,0.787,0.475,0.093,0.086,307.0,342.1
CCCC1(C)C=C(C)CCC1,"1,3-dimethyl-3-propylcyclohexene",0.8106,0.7616,1.049,0.604,0.11,0.102,310.0,343.7
CCCC(C)C1=CCCCC1,1-(1-methylbutyl)cyclohexene,0.8259,0.7779,1.659,0.81,0.121,0.112,310.0,344.2
C=CC#CCCCCCCC,1-undecen-3-yne,0.7829,0.7399,2.044,0.797,0.139,0.13,315.0,343.7
CC(C)C1=CCCCCCC1,1-(1-methylethyl)cyclooctene,0.857,0.806,2.334,1.141,0.122,0.113,319.0,352.9
CC(C)CC1=CCCC(C)C1,1-(2-methylpropyl)-5-methylcyclohexene,0.823,0.774,1.288,0.633,0.114,0.106,303.0,338.4
CC(C)CCC1=CCCCC1,1-(3-methylbutyl)cyclohexene,0.8094,0.7632,1.754,0.839,0.121,0.112,309.0,343.5
CCCCC1=C(C)CCCC1,1-butyl-2-methylcyclohexene,0.8164,0.7699,1.176,0.662,0.114,0.106,309.0,342.6
CCCCC1=CCC(C)CC1,1-butyl-4-methylcyclohexene,0.8014,0.7548,1.111,0.636,0.121,0.112,307.0,340.9
CC(C)(C)C1CCC(C=O)CC1,"1-(1,1-dimethylethyl)-4-oxomethylcyclohexane",0.928,0.876,4.203,1.495,0.136,0.126,342.0,376.0
CCCC1(C)CCCC(C)C1=O,"2,6-dimethyl-2-propylcyclohexanone",0.932,0.881,2.361,0.988,0.137,0.128,326.0,360.7
C=CC(C)C(O)C(C)C=C,"3,5-diethyl-1,6-heptadiene-4-ol",0.876,0.8258,10.731,2.059,0.136,0.126,386.0,417.0
CCC(C)=CCCC(C)=CCO,"3,7-dimethyl-2,6-nonadien-1-ol",0.8665,0.8208,4.155,1.267,0.133,0.124,373.0,402.0
CCCCCC(=O)/C=C/C(C)C,"3-decen-5-one, 2-methyl-",0.8339,0.7874,2.039,0.902,0.164,0.152,382.0,409.0
CCCCC(/C=C/C(C)=O)CC,5-ethylnon-3-en-2-one,0.8902,0.8407,1.91,0.856,0.164,0.152,379.0,406.0
CCC(C=CC(=O)C(C)C)CC,6-ethyl-2-methyl-4-octen-3-one,0.875,0.826,1.6,0.751,0.154,0.143,356.0,388.0
CCCCC(C(=O)OC)(C(=O)OC)C(=O)OC,"1,1,1-pentanetricarboxylic acid, trimethyl ester",1.026,0.977,22.417,4.606,0.157,0.148,470.0,484.0
CCOC(=O)C(C)(C(=O)OCC)C(=O)OCC,"1,1,1-ethanetricarboxylic acid, triethyl ester",1.056,1.002,17.045,3.792,0.158,0.147,393.0,442.0
CC(=O)OC[C@@H]1CCC[C@H]1COC(C)=O,"trans-1,2-bis(acetoxymethyl)cyclopentane",1.19,1.129,3.697,1.329,0.157,0.147,406.0,435.0
C[C@@]12CCCC[C@H]1CCCC2=O,"trans-8a-methyl-2,3,4,4a,5,6,7,8-octahydroxnaphthalen-1-one",1.0319,0.979,3.489,1.369,0.143,0.134,340.0,388.0
C=C(C)C(C)=C(C)C=C(C)C,"2,3,4,6-tetramethyl-1,3,5-heptatriene",0.7859,0.7303,0.649,0.411,0.096,0.087,329.0,359.9
C=CCC1(C)CCC=C(C)C1,"2,4-dimethyl-4-(2-propenyl)cyclohexene",0.8228,0.7753,0.984,0.568,0.113,0.105,297.0,329.1
CCC1=CC(CC)C(C)C=C1,"2,6-diethyl-5-methyl-1,3-cyclohexadiene",0.8207,0.7733,1.681,0.621,0.118,0.11,270.0,305.6
C=CC=C(C)CCC=C(C)C,"2,6-dimethyl-2,6,8-nonatriene",0.792,0.7443,0.846,0.524,0.126,0.116,332.0,361.0
CCC(CC)OC1=CC=CCC1,"1,3-cyclohexadiene, 1-(1-ethylpropoxy)-",0.906,0.851,1.656,0.729,0.141,0.13,316.0,348.0
CCC(CC)OC1=CCCC=C1,"1,3-cyclohexadiene, 2-(1-ethylpropoxy)-",0.862,0.817,1.717,0.759,0.135,0.126,284.0,320.1
CCC(CC)OC1=CCC=CC1,"1,4-cyclohexadiene, 1-(1-ethylpropoxy)-",0.886,0.841,2.032,0.856,0.138,0.129,298.0,331.8
C=CCC1(C)CCCC(C)C1=O,"2-allyl-2,6-dimethylcyclohexanone",0.952,0.901,2.206,0.899,0.14,0.131,316.0,349.6
CC(C)(C)C(=O)C(C)(C)C,"2,2,4,4-tetramethyl-3-pentanone",0.808,0.753,1.448,0.664,0.118,0.108,294.8,326.6
C=C(C)C(CC=C(C)C)C(C)=O,"5-heptene-2-one, 6-methyl-3-isopropenyl-",0.872,0.821,1.376,0.658,0.135,0.125,347.0,377.0
C=COCCCCCCC,1-(ethenyloxy)-heptane,0.7857,0.7337,0.853,0.463,0.144,0.131,311.0,336.2
CC1CC(C(=O)C2CC(C)C2)C1,bis(3-methylcyclobutyl) ketone,0.8993,0.853,1.512,0.739,0.139,0.13,312.0,343.4
C[C@]12CCCC[C@H]1CCCC2=O,"cis-8a-methyl-2,3,4,4a,5,6,7,8-octahydroxnaphthalen-1-one",1.023,0.974,3.421,1.304,0.14,0.132,297.0,331.2
COC1=C2CCCCC2CCC1,"naphthalene, 1,2,3,4,4a,5,6,7-octahydro-8-methoxy-",0.941,0.897,3.082,1.059,0.121,0.114,274.0,309.0
COC1=CCC[C@H]2CCCC[C@@H]12,"naphthalene, 1,2,3,4,4a,5,6,8a-octahydro-8-methoxy-, cis-",0.951,0.906,3.049,1.071,0.13,0.122,279.0,314.0
C/C=C/OC1(O/C=C/C)CCCC1,"(E,E)-1,1-bis(1-propenoxy)cyclopentane",0.995,0.938,1.809,0.906,0.16,0.148,347.0,375.0
C/C=C\OC1(O/C=C/C)CCCC1,"(Z,E)-1,1-bis(1-propenoxy)cyclopentane",0.995,0.938,1.809,0.906,0.16,0.148,347.0,375.0
C/C=C\OC1(O/C=C\C)CCCC1,"(Z,Z)-1,1-bis(1-propenoxy)cyclopentane",0.995,0.938,1.809,0.906,0.16,0.148,347.0,375.0
C=CC#CC(C)(C)OOC(C)(C)C,"2-(1,1-dimethylethylperoxy)-2-methyl-5-hexen-3-yn",0.932,0.871,3.541,1.137,0.136,0.125,377.0,406.0
C#CC(C)(C)O[C@H]1CCC[C@H](C)O1,"2H-pyran, 2-[(1,1-dimethyl-2-propynyl)oxy]tetrahydro-6-methyl-, trans-",0.959,0.908,10.949,2.753,0.098,0.092,330.0,363.8
COC1=CCC2CCCC1(OC)C2,"bicyclo[3.3.1]non-2-ene, 1,2-dimethoxy-",1.06,1.003,1.604,0.798,0.138,0.129,327.0,357.3
CCCCCCC#CC(=O)OCC,ethyl 2-nonynoate,0.893,0.844,3.024,1.126,0.152,0.142,362.0,390.0
CC(C)OC(=O)C1CC=CCC1C,isopropyl 6-methyl-3-cyclohexenecarboxylate,0.9273,0.8763,1.769,0.833,0.137,0.127,325.0,361.0
C=COC(=O)CCCCC(=O)OCCC,Vinyl propyl adipate,1.101,1.042,2.997,1.132,0.167,0.156,412.0,441.0
CC1(C)CCCC2CCCCC21,"1,1-dimethyldecahydronaphthalene",0.878,0.833,4.442,1.417,0.109,0.102,306.0,346.2
CCC(C)C=CC(C)CC(C)CC,"3,6,8-trimethyl-4-decene",0.767,0.723,1.265,0.636,0.121,0.112,374.0,420.0
CCC(c1ccccc1)C(C)(C)C,"(1-ethyl-2,2-dimethylpropyl)benzene",0.9553,0.9105,23.029,4.613,0.113,0.105,420.0,451.0
Cc1cc(C(C)(C)C)cc(C)c1C,"1,2,3-trimethyl-5-(1,1-dimethylethyl)benzene",0.872,0.825,2.064,0.824,0.09,0.084,345.0,382.0
Cc1cc(C)c(C)c(C(C)(C)C)c1,"1,2,4-trimethyl-6-(1,1-dimethylethyl)benzene",0.8833,0.8371,2.038,0.812,0.089,0.084,344.0,381.0
CCC(C)c1c(C)cc(C)cc1C,"1,3,5-trimethyl-2-(1-methylpropyl)benzene",0.8725,0.8286,1.605,0.736,0.1,0.094,345.0,381.0
CC(C)O[C@H]1CO[C@@H](c2ccccc2)OC1,"cis-5-(1-methylethoxy)-2-phenyl-1,3-dioxane",0.8574,0.8134,1.516,0.738,0.113,0.106,348.0,384.0
CCCCCCc1ccc(O)cc1C,4-hexyl-3-methylphenol,0.953,0.91,16.789,4.066,0.13,0.122,373.0,408.0
CC(=O)C=CC1C(C)=CCCC1(C)C,.alpha.-ionone,0.974,0.928,2.464,1.207,0.142,0.134,365.0,400.0
CCCCC(C)c1ccc(O)c(C)c1,2-methyl-4-(1-methylpentyl)phenol,0.9353,0.8936,33.144,6.491,0.129,0.121,393.0,426.0
Cc1cc(C(C)C)cc(C(C)C)c1O,"2-methyl-4,6-bis(1-methylethyl)phenol",0.9376,0.8954,23.464,4.691,0.11,0.103,389.0,424.0
CC(C)(O)CCCCc1ccccc1,2-methyl-6-phenyl-2-hexanol,0.991,0.944,33.3,6.78,0.147,0.136,404.0,436.0
CC(=O)CC=C=C(C)CCC=C(C)C,"4,5,9-undecatrien-2-one, 6,10-dimethyl-",0.8608,0.815,1.743,0.871,0.316,0.295,411.0,444.0
CCCCCCc1ccc(C)c(O)c1,5-hexyl-o-cresol,0.953,0.91,16.789,4.066,0.13,0.122,373.0,408.0
CCC(C)(c1ccccc1)C(C)C,"(1-ethyl-1,2-dimethylpropyl)benzene",0.9287,0.8853,2.584,1.254,0.126,0.12,382.0,408.0
CC(C)CCC(C)c1ccccc1,"(1,4-dimethylpentyl)benzene",0.937,0.8948,29.883,5.923,0.141,0.132,388.0,422.0
CCCC(C)CCc1ccccc1,(3-methylhexyl)benzene,0.971,0.927,22.657,4.531,0.11,0.103,389.0,424.0
CC(C)O[C@H]1CO[C@H](c2ccccc2)OC1,"trans-5-(1-methylethoxy)-2-phenyl-1,3-dioxane",0.8427,0.7971,1.282,0.64,0.106,0.099,339.0,378.1
CC(C)(C)CCCc1ccccc1,"(4,4-dimethylpentyl)benzene",0.971,0.927,22.657,4.531,0.11,0.103,389.0,424.0
Cc1cc(C(C)C)c(O)cc1C(C)C,"4-methyl-2,5-bis(1-methylethyl)phenol",0.968,0.924,21.694,4.437,0.11,0.103,386.0,422.0
CCCCCCCc1ccc(O)cc1,p-heptylphenol,0.9445,0.901,31.763,6.215,0.148,0.138,403.0,434.0
Cc1cc(O)c(C(C)C)cc1C(C)C,"5-methyl-2,4-bis(1-methylethyl)phenol",0.9261,0.87,22.676,4.713,0.112,0.104,414.0,446.0
CC(=O)C=CC=C(C)CCC=C(C)C,"6,10-dimethyl-3,5,9-undecatrien-2-one",0.8796,0.8395,2.16,1.013,0.129,0.1186,391.0,417.0
CC(C)(C)OOC(C)(C)c1ccccc1,"1,1-dimethylethyl 1-methyl-1-phenylethyl peroxide",0.989,0.934,4.752,1.606,0.14,0.13,390.0,426.0
CCCCOC(C)c1ccc(OC)cc1,1-(1-butoxyethyl)-4-methoxybenzene,1.012,0.964,6.818,2.075,0.159,0.15,395.0,428.0
CC(C)OC(OC(C)C)c1ccccc1,[bis(1-methylethoxy)methyl]benzene,0.98,0.925,3.163,1.243,0.158,0.147,380.0,417.0
C#CCCCCC(C(=O)OCC)C(=O)OCC,"diethyl 2-(5-hexynyl)-1,3-propanedioate",0.9962,0.947,20.076,4.646,0.12,0.113,450.0,486.0
CC(=O)CC/C=C(\C)CCC=C(C)C,"(E)-6,10-dimethyl-5,9-undecadien-2-one",0.884,0.84,1.81,0.893,0.149,0.139,401.0,436.0
C=C(C)C1=C(C(C)C)CCC(C)C1,(+)-1-(1-methylethenyl)-2-(1-methylethyl)-5-methylcyclohexene,0.8408,0.7948,1.546,0.705,0.096,0.089,350.0,391.0
CC1C2(C)CC3CC(C2)CC1(C)C3,"1,2,3-trimethyladamantane",0.943,0.895,2.969,0.95,0.092,0.086,315.0,357.8
CCCCCCc1cc(O)ccc1C,3-hexyl-4-methylphenol,0.955,0.912,16.754,4.167,0.13,0.123,374.0,409.0
CC(C)CCCCc1ccccc1,(5-methylhexyl)benzene,0.8405,0.7965,2.261,0.967,0.14,0.13,356.0,391.0
CC12CC3CC(C)(C1)CC(C)(C3)C2,"1,3,5-trimethyl-tricyclo[3.3.1.1(3,7)]decane",0.8724,0.8267,2.636,0.883,0.086,0.08,306.0,350.7
CCCCCCC(=O)Oc1ccccc1,phenyl heptanoate,0.96028,0.9111,2.916,1.273,0.159,0.15,373.0,407.0
CC1Cc2ccccc2CC1(C)C,"1,2,3,4-tetrahydro-2,2,3-trimethylnaphthalene",0.9216,0.8759,3.038,1.187,0.111,0.105,311.0,347.6
Cc1ccc(C)c2c1CCC(C)C2,"1,2,3,4-tetrahydro-2,5,8-trimethylnaphthalene",0.972,0.927,2.572,1.154,0.105,0.099,330.0,362.0
C/C=C/C(C)c1ccc(C)c(C)c1,"1,2-dimethyl-4-(1-methyl-2-butenyl)benzene",0.8782,0.8332,1.594,0.744,0.122,0.114,345.0,378.0
C/C=C/C(C)c1ccc(C)cc1C,"1,3-dimethyl-4-(1-methyl-2-butenyl)benzene",0.8763,0.8314,1.484,0.71,0.12,0.112,333.0,368.0
CC1CCC(=O)CC1(C)C,"3,3,4-trimethylcyclohexanone",0.932,0.881,1.824,0.772,0.134,0.125,264.9,294.4
C[C@H](OC(=O)c1ccccc1)C(C)(C)C,"(S)-1,2,2-trimethylpropyl benzoate",0.9594,0.9149,4.378,1.585,0.134,0.127,354.0,394.0
CCCC1CCCCC1=O,2-propylcyclohexanone,0.907,0.859,2.205,0.966,0.149,0.139,267.0,296.0
CC=CC(C)c1cc(C)ccc1C,"1,4-dimethyl-5-(1-methyl-2-butenyl)benzene",0.8769,0.832,1.482,0.709,0.12,0.112,335.0,370.0
C=C(C)O/C(C)=C\C(C)C,"2-pentene, 4-methyl-2-[(1-methylethenyl)oxy]-, (Z)-",0.81,0.748,0.728,0.374,0.117,0.106,289.9,318.0
O=C(O)CCCCCCc1ccccc1,7-phenylheptanoic acid,1.063,1.017,20.696,5.113,0.167,0.158,395.0,425.0
CCCCCCOC(=O)c1ccccc1,"benzoic acid, hexyl ester",0.965,0.92,2.902,1.25,0.16,0.151,372.0,406.0
CCC(CC)(CC)c1ccccc1,"(1,1-diethylpropyl)benzene",0.8604,0.806,3.371,1.266,0.125,0.117,323.0,363.0
C=C(C)O/C(C)=C/C(C)C,"2-pentene, 4-methyl-2-[(1-methylethenyl)oxy]-, (E)-",0.81,0.748,0.728,0.374,0.117,0.106,289.9,318.0
Cc1ccc2c(c1)C(C)(C)C(C)C2,"1,1,2,6-tetramethylindan",1.134,1.08,11.464,3.426,0.177,0.166,379.0,415.0
CC1(C)COC(C)(c2ccccc2)OC1,"1,3-dioxane, 2,5,5-trimethyl-2-phenyl-",0.8372,0.7932,3.344,1.248,0.127,0.119,346.0,383.0
Cc1ccc(C)c2c1CCC2(C)C,"1,1,4,7-tetramethyhlindan",0.79293,0.75587,122.331,18.522,0.159,0.149,404.0,438.0
CC(C)(C)C(C)(C)c1ccccc1,"(1,1,2,2-tetramethylpropyl)benzene",0.8726,0.8281,3.553,1.304,0.111,0.104,333.0,373.0
CCC(C)C(C)(C)c1ccccc1,"(1,1,2-trimethylbutyl)benzene",0.8658,0.8206,2.079,0.938,0.121,0.113,337.0,376.0
CCCCC(C)(C)c1ccccc1,"(1,1-dimethylpentyl)benzene",0.8593,0.8148,3.258,1.19,0.126,0.118,336.0,374.0
C#CCCCCCCCCCC#C,"1,12-tridecadiyne",0.8133,0.771,5.902,2.075,0.063,0.0584,395.0,425.0
CCCC(C)C(C)c1ccccc1,"(1,2-dimethylpentyl)benzene",0.8658,0.8197,1.848,0.817,0.132,0.123,345.0,383.0
CC(C)Cc1ccc(C(C)C(=O)O)cc1,ibuprofen,0.8654,0.8213,3.235,1.193,0.126,0.118,333.0,371.0
CCCCC(CC)c1ccccc1,(1-ethylpentyl)benzene,0.8454,0.8013,2.247,0.998,0.141,0.132,362.0,397.0
CC1=CC(C(C)C)=C(C(C)C)CC1,"1,2-bis(1-methylethyl)-4-methyl-1,3-cyclohexadiene",0.876,0.8284,1.37,0.652,0.1,0.093,357.0,396.0
Cc1c(C(C)C)cc(O)cc1C(C)C,"4-methyl-3,5-bis(1-methylethyl)phenol",0.896,0.857,2.902,0.933,0.088,0.083,282.0,328.8
C=CCCCCCCCCC=C,"1,11-dodecadiene",0.7535,0.7093,1.314,0.677,0.139,0.129,368.0,401.0
CC(C)CC(C)(C)C1CCCCC1,"(1,1,3-trimethylbutyl)cyclohexane",0.8142,0.7713,3.439,1.4,0.106,0.099,353.0,401.0
CC=C(C=O)CCCCCCCCC,2-nonyl-2-butenal,0.8437,0.8006,2.608,1.162,0.16,0.149,431.0,465.0
CCCCCCCCCCC=CC=O,2-tridecenal,0.8347,0.7949,2.755,1.208,0.17,0.159,406.0,442.0
CCCCCC(=O)C=CC(CC)CC,3-ethyl-4-undecen-6-one,0.8361,0.7939,2.99,1.234,0.166,0.156,425.0,460.0
CO/C1=C/CCCCCCCCCC1,cis-1-methoxy-1-cyclododecene,0.918,0.873,5.882,2.635,0.144,0.135,374.0,414.0
CC(C)[C@H]1C[C@@H](C(C)(C)C)CCC1=O,"cis-4-(1,1-dimethylethyl)-2-(1-methylethyl)cyclohexanone",0.929,0.882,5.92,1.927,0.129,0.121,378.0,422.0
CC(C)[C@H]1C[C@H](C(C)(C)C)CCC1=O,"trans-4-(1,1-dimethylethyl)-2-(1-methylethyl)cyclohexanone",0.929,0.882,5.92,1.927,0.129,0.121,378.0,422.0
C=CCCC(=O)OCC(CC)CCCC,2-ethylhexyl 4-pentenoate,0.8637,0.8167,2.003,1.065,0.148,0.137,435.0,473.0
C=CCCCCCCCCCCC,1-tridecene,0.75093,0.70732,1.547,0.778,0.139,0.129,405.0,443.0
C=CC(=O)OCCCCCCCCCC,decyl 2-propenoate,0.865,0.82,2.197,1.0,0.156,0.145,447.0,483.0
O=C1CCCCCCCCCCCCO1,oxacyclotetradecan-2-one,0.936,0.902,60.897,14.412,0.172,0.164,413.0,448.1
C=CC(=O)OCCCCCCCC(C)C,"propenoic acid, 8-methylnonyl ester",0.949,0.897,2.74,1.048,0.149,0.138,437.0,475.0
CC(C)(C)c1ccc(C2OCCO2)cc1,"trans-2-(4-(1,1-dimethylethyl)phenyl)-1,3-dioxolane",1.006,0.958,9.841,3.027,0.134,0.126,375.0,420.0
CCOC(=O)[C@H]1CC[C@H](C(C)(C)C)CC1,"trans-4-(1,1-dimethylethyl)cyclohexanoic acid ethyl ester",1.003,0.949,5.783,1.897,0.123,0.115,406.0,448.0
CCC(CC)(CC)C1CCCCC1,"(1,1-diethylpropyl)cyclohexane",0.8227,0.7802,5.105,1.743,0.111,0.104,350.0,396.0
CCC1C(C)CC2CCCC(C)C21,"2,8-dimethyl-9-ethylbicyclo[4.3.0]nonane",0.8234,0.78,0.984,0.577,0.11,0.103,342.0,384.0
CCCC(C)(CC)C1CCCCC1,(1-ethyl-1-methylbutyl)cyclohexane,0.8234,0.7782,5.587,1.915,0.116,0.108,384.0,426.0
CCCC1CCCCC1(CC)CC,"1,1-diethyl-2-propylcyclohexane",0.8041,0.7599,3.482,1.184,0.108,0.101,338.0,386.0
CCCCC1C(C)CCCC1(C)C,"1-butyl-2,2,6-trimethylcyclohexane",0.834,0.786,1.367,0.751,0.108,0.101,371.0,414.0
C=C(C)CCCCCCCCCC,"1-dodecene, 2-methyl-",0.7551,0.7131,1.046,0.617,0.123,0.114,395.0,435.0
CCCC(C)=CC(C)(C)C(C)(C)C,"2,2,3,3,5-pentamethyl-4-octene",0.7926,0.7512,3.028,1.198,0.094,0.088,378.0,423.0
C=C(C)CC(C)CC(C)CC(C)C,"2,4,6,8-tetramethyl-1-nonene",0.7529,0.7071,1.169,0.608,0.105,0.097,387.0,433.0
C=C(C)CC(C)(CCC)C(C)(C)C,"2,4-dimethyl-4-(1,1-dimethylethyl)-1-heptene",0.7926,0.7499,2.65,1.093,0.091,0.085,378.0,423.0
CCCCCCC(C)=CCC(C)C,"2,5-dimethyl-4-undecene",0.7512,0.7074,1.464,0.721,0.122,0.113,395.0,436.0
CCCCCCC(C)C1CCCC1,2-cyclopentyloctane,0.7477,0.709,3.21,1.283,0.124,0.116,374.0,417.0
CCCCCOC(=O)CC(=O)OCCCCC,"dipentyl 1,3-propanedioate",1.09,1.036,5.138,1.737,0.17,0.158,489.0,524.0
C=C(CCCCC)CCCCCC,2-pentyl-1-octene,0.761,0.7183,1.038,0.613,0.123,0.115,395.0,435.0
CCC(C)=CC(C)(CC)CC(C)C,"3,5,7-trimethyl-5-ethyl-3-octene",0.7693,0.7251,1.482,0.759,0.104,0.096,387.0,431.0
CO/C1=C\CCCCCCCCCC1,(E)-1-methoxycyclododecene,0.918,0.873,5.882,2.635,0.144,0.135,374.0,414.0
CC(C)/C=C/C(=O)C(C)C,"2,6-dimethyl-4-hepten-3-one",0.8348,0.7856,1.234,0.598,0.149,0.138,298.0,323.7
C1CCC2C(C1)CC1CCCCC12,perhydrofluorene,0.93664,0.8938,5.413,1.678,0.12,0.113,313.0,355.0
C=CCCCCCCCCCC=C,"1,12-tridecadiene",0.817,0.771,1.469,0.726,0.143,0.132,403.0,438.0
C=C1C2CCC(CCC)(C2)C1(C)C,"2,2-dimethyl-3-methylene-1-propylbicyclo[2.2.1]heptane",0.8572,0.8104,1.19,0.605,0.091,0.084,338.0,378.0
C=C(C)C1(C(C)C)CC=CC(C)C1,4-(1-methylethenyl)-4-(1-methylethyl)-6-methylcyclohexene,0.8756,0.8262,1.827,0.823,0.109,0.101,369.0,408.0
C1CCC2C(C1)CCC1CCCC12,dodecahydro-1H-benz[e]indene,0.9109,0.8681,2.525,0.968,0.119,0.112,310.0,352.0
CC1C2CC3CC(C)(C2)CC1(C)C3,"trans-1,3,4-trimethyladamantane",0.941,0.892,2.869,0.93,0.092,0.086,315.0,357.2
CCC12CC3CC(CC(C)(C3)C1)C2,"tricyclo[3.3.1.1(3,7)]decane, 1-ethyl-3-methyl-",0.936,0.888,2.885,0.923,0.096,0.09,311.0,354.2
C[C@@H]1[C@H]2C[C@@H]3C[C@](C)(C2)C[C@@]1(C)C3,"tricyclo[3.3.1.13,7]decane, 1,2,5-trimethyl-, (1R,2R,3S,5R,7R)-rel-",0.941,0.892,2.869,0.93,0.092,0.086,315.0,357.2
C=COC(=O)CCCCC(=O)OCCCCC,Hexanedioic acid ethenyl pentyl ester,1.099,1.044,4.368,1.533,0.172,0.161,475.0,509.0
C=COC(=O)CCCCCCCCC(=O)OC,Vinyl methyl sebacate,1.103,1.049,4.714,1.621,0.173,0.162,478.0,512.0
CC=CC(CCC)C1CCCCC1,(1-propyl-2-butenyl)cyclohexane,0.8249,0.7803,3.637,1.423,0.134,0.125,375.0,415.0
CC1CCC2C(C1)C(C)CC2(C)C,"1,1,3,5-tetramethylhexahydroindan",0.88,0.831,1.182,0.602,0.1,0.093,340.0,383.0
CCC=CC(=O)CC(C)C,2-methyl-5-octen-4-one,0.827,0.7761,1.197,0.593,0.155,0.143,305.0,329.5
C=C1CCCC(C)(C)C1CC(C)C,"1,1-dimethyl-3-methylene-2-(2-methylpropyl)cyclohexane",0.7908,0.7461,1.517,0.71,0.098,0.091,356.0,400.0
CCCC1C(C)=C(C)CC(C)C1C,"1,2,4,5-tetramethyl-3-propylcyclohexene",0.874,0.827,1.259,0.653,0.103,0.096,381.0,418.0
CCCCCCC=C(C)C=C(C)C,"2,4-dimethyl-2,4-undecadiene",0.7761,0.7336,1.121,0.654,0.121,0.113,374.0,414.0
CCCCC1=C(CCC)CCCC1,1-butyl-2-propylcyclohexene,0.8564,0.8071,1.366,0.756,0.119,0.11,389.0,426.0
CC1(C2CCCCC2)CCCCC1,1-cyclohexyl-1-methylcyclohexane,0.8741,0.8326,10.411,3.123,0.116,0.109,331.0,375.0
C1CCC(CCC2CCCC2)CC1,1-cyclohexyl-2-cyclopentylethane,0.8622,0.8197,2.088,1.159,0.127,0.119,337.0,380.0
CC1CCCC(C2CCCCC2)C1,1-cyclohexyl-3-methylcyclohexane,0.8794,0.8365,3.298,1.518,0.122,0.114,335.0,378.0
CC1CCC(C)C(C2CCCC2)C1,"1-cyclopentyl-2,5-dimethylcyclohexane",0.8626,0.8185,2.087,0.977,0.115,0.107,329.0,374.0
C#CCCCCCCCCCCC,1-tridecyne,0.7702,0.7301,5.064,1.808,0.097,0.091,378.0,417.0
CCCCCCCC1=CCCCC1,1-heptylcyclohexene,0.864,0.818,2.199,1.027,0.13,0.122,373.0,411.0
CCCC1=C(C(C)C)CCC(C)C1,1-isopropyl-2-propyl-4-methylcyclohexene,0.8242,0.7792,1.699,0.757,0.105,0.098,361.0,402.0
CCC=C1CC(C)CCC1C(C)C,1-methyl-4-(1-methylethyl)-3-propylidenecyclohexane,0.7965,0.7523,1.758,0.784,0.112,0.104,357.0,399.0
CCC1C(C)CCC2CCCCC21,10-ethyl-9-methylbicyclo[4.4.0]decane,0.8497,0.8061,1.165,0.67,0.116,0.109,341.0,384.0
C=C(C)CCCCCCCC(=C)C,"2,10-dimethyl-1,10-undecadiene",0.7739,0.7291,0.995,0.603,0.115,0.107,397.0,434.0
CC(C)(C)C#CC(C)(C)C(C)(C)C,"2,2,3,3,6,6-hexamethyl-4-heptyne",0.755,0.71,3.709,1.296,0.087,0.082,353.0,399.0
Cc1ccc(C)c(C2C=CCC2)c1,"1,4-dimethyl-2-(2-cyclopentenyl)benzene",0.9305,0.887,1.827,0.846,0.11,0.104,320.0,355.0
C/C=C/OC(C)(C)O/C=C/C,"(E,E)-2,2-bis(1-propenoxy)propane",0.91,0.847,1.758,0.732,0.152,0.138,319.0,343.3
CC1CCc2ccccc2C1(C)C,"1,2,3,4-tetrahydro-1,1,2-trimethylnaphthalene",0.9227,0.8759,2.493,1.028,0.109,0.103,301.0,338.6
CCCC(=O)C(C)(C)C(C)=O,"3,3-dimethyl-2,4-heptanedione",0.917,0.865,2.508,0.983,0.161,0.15,314.0,339.1
C1=Cc2ccc3ccccc3c2C1,1H-benz[e]indene,1.141,1.096,6.924,2.281,0.225,0.215,277.0,303.0
Cc1ccc2c(c1)-c1ccccc1-2,2-methylbiphenylene,1.16,1.117,5.948,1.791,0.247,0.235,297.0,319.0
c1ccc2c(c1)COc1ccccc1-2,"6H-Dibenzo[b,d]pyran",1.203,1.155,19.95,4.762,0.209,0.199,290.0,317.0
CCCC12OCC(C)(CO1)CO2,"4-methyl-1-propyl-2,6,7-trioxabicyclo[2.2.2]octane",1.0082,0.955,3.174,1.215,0.16,0.149,360.0,385.0
CCOC(=O)C(C)(C)C(=O)OCC,diethyl dimethylpropanedioate,1.14,1.07,3.86,1.206,0.141,0.13,355.0,383.0
CCCC(C(C)=O)C(=O)OCC,ethyl 2-acetylpentanoate,0.9256,0.8591,3.025,1.152,0.166,0.154,350.0,374.0
CCOC(=O)C(C(C)=O)C(C)C,ethyl 2-acetyl-3-methylbutanoate,1.08,1.02,2.407,0.912,0.159,0.148,342.0,368.5
CC(=O)C(CC(C)C)C(C)=O,"3-(2-methylpropyl)-2,4-pentanedione",0.953,0.899,1.679,0.768,0.171,0.159,335.0,358.4
O=C(C=Cc1ccco1)C=Cc1ccco1,Difurfurylideneacetone,1.3,1.248,3.769,1.683,0.216,0.205,358.0,382.0
CCC(C)C(C(C)=O)C(C)=O,"3-(1-methylpropyl)-2,4-pentanedione",0.956,0.903,1.778,0.797,0.171,0.159,335.0,358.5
Cc1ccccc1-c1ccccc1,"2-methyl-1,1'-biphenyl",0.9971,0.9527,2.908,1.081,0.2,0.188,281.9,307.8
Cc1cccc(-c2ccccc2)c1,3-methylbiphenyl,0.9981,0.9525,3.076,1.134,0.203,0.192,285.0,313.0
c1ccc(Cc2ccccc2)cc1,diphenylmethane,0.99073,0.94315,2.11,0.966,0.155,0.146,274.92,305.96
C=C(C)C(=O)OCCOCCOC,"2-propenoic acid, 2-methyl-, 2-(2-methoxyethoxy)ethyl ester",1.078,1.018,2.69,1.081,0.165,0.153,364.0,386.0
C1=CC=C(c2ccccc2)CC=C1,"1,3,5-cycloheptatriene, 1-phenyl-",0.981,0.935,5.199,2.032,0.18,0.17,269.0,301.1
C/C=C/c1cccc2ccccc12,1-(1-propenyl)naphthalene,1.0077,0.965,9.527,2.487,0.204,0.193,291.0,319.1
C=C(C)c1cccc2ccccc12,1-(1-methylethenyl)naphthalene,0.9935,0.9513,7.146,1.997,0.183,0.174,279.0,309.3
C=CCc1cccc2ccccc12,1-allylnaphthalene,1.0028,0.96,7.778,2.083,0.199,0.189,293.0,320.7
C=CC(=O)OCC(CC)CC,2-ethylbutyl 2-propenoate,0.8741,0.8201,1.281,0.585,0.138,0.127,309.0,336.7
c1ccc2c3c(ccc2c1)CCC3,"2,3-dihydro-1H-benz[e]indene",1.0522,1.01,7.318,2.376,0.19,0.18,295.0,321.0
CC(C)C(=O)CC(=O)C(C)C,"2,6-dimethyl-3,5-heptanedione",0.952,0.898,1.681,0.768,0.171,0.159,334.0,357.1
C1=CCC=C(c2ccccc2)C=C1,"5-phenyl-1,3,5-cycloheptatriene",0.982,0.936,5.193,2.03,0.21,0.198,270.0,301.7
C1=CC=CC(c2ccccc2)C=C1,"7-phenyl-1,3,5-cycloheptatriene",1.031,0.982,3.589,1.629,0.165,0.155,297.0,325.1
CCC(=O)CC(=O)C(C)(C)C,"2,2-dimethyl-3,5-heptanedione",0.953,0.899,2.728,1.057,0.166,0.154,336.0,358.4
Oc1ccccc1Cc1ccccc1,2-(phenylmethyl)phenol,1.111,1.065,26.103,6.009,0.175,0.165,329.0,356.0
CCCCCC1CCC(=O)O1,"2(3H)-furanone, dihydro-5-pentyl-",1.068,1.02,2.154,1.059,0.172,0.162,315.0,339.0
C=C(C)CC(C)(C)CC(=O)O,"3,3,5-trimethyl-5-hexenoic acid",1.0,0.939,7.0,2.023,0.128,0.118,353.0,375.0
CCCOC(=O)CC(=O)OCCC,"dipropyl 1,3-propanedioate",1.14,1.08,2.281,0.907,0.158,0.147,351.0,377.0
Cc1cccc2c1-c1ccccc1-2,1-methylbiphenylene,1.162,1.118,5.852,1.789,0.246,0.235,294.0,317.0
Cc1ccc2c(c1)CCCC2(C)C,"1,1,6-trimethyltetralin",0.9207,0.8777,4.236,1.322,0.1,0.095,287.0,326.8
CC(C)(C)C1=CC(C(C)(C)C)C(=O)O1,"cis-3,5-bis(1,1-dimethylethyl)-2-furanone",1.003,0.957,7.577,2.403,0.135,0.128,376.0,417.0
C=CC=CCCCCCCCC,"1,3-dodecadiene",0.7665,0.723,1.435,0.719,0.145,0.134,373.0,406.0
O=C1CCCCCCCCCCCO1,12-dodecanolide,0.964,0.928,44.606,10.991,0.171,0.163,328.0,373.0
C1CCC(CCC2CCCC2)C1,"1,2-dicyclopentylethane",0.8475,0.803,1.487,0.872,0.126,0.118,320.0,358.5
COC(=O)[C@H]1CO[C@H](C(C)C)OC1,"trans-5-methoxycarbonyl-2-(1-methylethyl)-1,3-dioxane",1.139,1.078,4.565,1.577,0.158,0.147,332.0,361.5
CCCC1=C(CCC)CCCC1,"1,2-dipropylcyclohexene",0.8568,0.8091,1.284,0.704,0.116,0.107,341.0,377.0
CCOC(=O)CCCC(=O)OCC,"pentanedioic acid, diethyl ester",1.0048,0.9508,2.787,1.115,0.159,0.148,357.0,382.0
CC(C)(C)/C1=C/CCCCCC1,"1-(1,1-dimethylethyl)cyclooctene",0.858,0.809,4.079,1.607,0.113,0.105,344.0,382.0
COC(=O)[C@H]1CO[C@@H](C(C)C)OC1,"cis-5-methoxycarbonyl-2-(1-methylethyl)-1,3-dioxane",0.7649,0.7153,1.503,0.615,0.116,0.107,252.1,284.8
CC(C(=O)C(C)(C)C)C(=O)C(C)(C)C,"2,2,4,6,6-pentamethyl-3,5-heptanedione",0.899,0.85,2.225,1.035,0.141,0.132,380.0,420.0
CCCCCC/C=C/C(=O)OCCC,"2-nonenoic acid, propyl ester",0.8889,0.8403,3.262,1.321,0.157,0.146,409.0,442.0
C=CC(=O)OCCCCCCCCC,nonyl 2-propenoate,0.867,0.822,2.076,0.973,0.159,0.147,441.0,470.0
C=C(C)C(=O)OCCCCCCCC,octyl 2-methyl-2-propenoate,0.944,0.892,1.695,0.807,0.139,0.129,409.0,443.0
COC(=O)[C@H]1CC[C@@H](C(C)(C)C)CC1,"cis-4-(1,1-dimethylethyl)cyclohexanecarboxylic acid, methyl ester",0.98,0.928,5.102,1.724,0.122,0.114,377.0,416.0
C1=Cc2cc3ccccc3cc2C1,1H-Benz[f]indene,1.152,1.106,6.858,2.26,0.227,0.216,282.0,307.0
CC1CCCC(C)C1C,"(1.alpha.,2.alpha.,3.beta.)-1,2,3-trimethylcyclohexane",0.7868,0.7355,1.436,0.585,0.112,0.103,253.8,285.2
CC(=O)O[C@H]1CC[C@@H](C(C)(C)C)CC1,"cyclohexanol, 4-(1,1-dimethylethyl)-, acetate",0.977,0.924,4.606,1.591,0.122,0.113,376.0,415.0
CC(C)C1CCCCC1,(1-methylethyl)cyclohexane,0.78666,0.7377,1.068,0.664,0.116,0.107,250.4,283.0
CC(C)(C)C1CCCC1,"(1,1-dimethylethyl)cyclopentane",0.77532,0.7262,1.328,0.62,0.105,0.0973,243.0,277.1
CCCCCCOCCOCCOCCO,triethylene glycol mono-n-hexyl ether,0.9527,0.9084,9.132,2.972,0.2,0.185,491.0,520.0
COC(=O)CCCCCC(=O)OC,dimethyl heptanedioate,1.13,1.07,2.743,1.065,0.157,0.147,343.0,370.0
CCOCCOCCOCCOCCOCC,"3,6,9,12,15-pentaoxaheptadecane",1.069,1.019,5.145,2.159,0.212,0.199,491.0,520.0
CCCCOCCOCCOCCOCCO,"3,6,9,12-tetraoxahexadecan-1-ol",0.9955,0.949,10.045,3.372,0.221,0.203,539.0,563.0
CCCCCC(O)C(CO)CCCC,"2-butyl-1,3-octanediol",1.01136,0.95745,3.573,1.39,0.242,0.227,548.3,569.3
CCCCCOC(C)OCCCCC,"pentane, 1,1'-(ethylidenebis(oxy)]bis-",1.0437,1.0022,6.132,1.996,0.155,0.148,234.0,260.3
CCOC(=O)C(CC)C(=O)OCC,diethyl .alpha.-ethylmalonate,0.9857,0.9279,3.145,1.132,0.152,0.141,351.0,379.0
COc1ccccc1-c1ccccc1,2-methoxybiphenyl,0.9957,0.9527,8.537,2.624,0.213,0.201,290.0,320.0
CCC(=O)c1cccc2ccccc12,ethyl 1-naphthyl ketone,1.0807,1.0378,6.015,2.313,0.229,0.218,340.0,364.0
Cc1cc2ccccc2c(C)c1C,"1,2,3-trimethylnaphthalene",1.055,1.009,2.464,0.932,0.177,0.167,346.0,370.0
CCOC(=O)C(C(=O)OCC)c1ccccc1,diethyl phenylmalonate,1.08,1.03,9.259,2.621,0.171,0.161,422.0,453.0
C=CC=C(C)CCc1ccccc1,"(3-methyl-3,5-hexadienyl)benzene",0.8967,0.8527,1.361,0.704,0.141,0.133,324.0,356.0
CC1CC=C(c2ccccc2)CC1,(4-methyl-1-cyclohexen-1-yl)benzene,0.9517,0.9052,6.305,2.32,0.169,0.159,325.0,356.0
CC(C)CC=C=Cc1ccccc1,"(5-methyl-1,2-hexadienyl)benzene",0.8799,0.8382,4.887,1.467,0.298,0.28,313.0,346.3
CC(C)/C=C/C=C/c1ccccc1,"(5-methyl-1,3-hexadienyl)benzene",0.9108,0.8666,2.196,0.935,0.154,0.145,328.0,360.0
CC1CCC=C(c2ccccc2)C1,(5-methyl-1-cyclohexenyl)benzene,0.9567,0.9115,5.017,1.865,0.164,0.154,297.0,331.6
CC1=CC(C)(C)c2ccc(C)cc21,"1,1,3,5-tetramethyl-1H-indene",0.9078,0.864,1.763,0.81,0.133,0.125,336.0,365.0
CC1=C(C)C(C)c2cc(C)ccc21,"1,2,3,6-tetramethylindene",0.985,0.937,1.624,0.726,0.129,0.121,326.0,356.0
CC1=Cc2c(ccc(C)c2C)C1C,"1,2,4,5-tetramethylindene",0.99,0.943,1.717,0.774,0.13,0.122,328.0,358.0
Cc1ccc2c(c1)C=CCC2(C)C,"1,2-dihydro-1,1,6-trimethylnaphthalene",0.935,0.8909,4.492,1.392,0.138,0.13,294.0,329.1
CC1=C(C)c2cccc(C)c2CC1,"1,2-dihydro-3,4,8-trimethylnaphthalene",0.9621,0.9183,1.975,0.904,0.134,0.126,317.0,348.0
CC1=CC(C)c2c(C)ccc(C)c21,"1,3,4,7-tetramethylindene",0.99,0.943,1.717,0.774,0.13,0.122,328.0,358.0
CCCCOC(=O)C=Cc1ccccc1,butyl 3-phenyl-2-propenoate,1.0014,0.9536,5.792,1.678,0.168,0.158,362.0,394.0
CCOC(=O)C(Cc1ccccc1)C(C)=O,2-benzyl-3-oxobutanoic acid ethyl ester,1.19,1.14,8.403,2.719,0.183,0.172,403.0,433.0
C=CC(=O)OC(C)CC(C)C,"1,3-dimethylbutyl 2-propenoate",0.8555,0.8025,1.087,0.511,0.13,0.12,290.0,321.6
CC(C)=CC(C)(C)c1ccccc1,"(1,1,3-trimethyl-2-butenyl)benzene",0.8614,0.8152,2.67,1.018,0.119,0.111,322.0,359.5
C=CC(CC)(CC)c1ccccc1,"(1,1-diethyl-2-propenyl)benzene",0.8886,0.8433,2.926,1.091,0.13,0.122,329.0,365.0
C/C=C\OC(C)(C)O/C=C/C,"(Z,E)-2,2-bis(1-propenoxy)propane",0.91,0.847,1.758,0.732,0.152,0.138,319.0,343.3
CCC(C)C=C(C)c1ccccc1,"(1,3-dimethyl-1-pentenyl)benzene",0.8738,0.8311,2.403,1.011,0.133,0.125,333.0,368.0
CC(=CCC(C)C)c1ccccc1,"(1,4-dimethyl-1-pentenyl)benzene",0.8646,0.8222,2.429,1.046,0.134,0.126,339.0,373.0
CC=C(C)C(CC)c1ccccc1,(1-ethyl-2-methyl-2-butenyl)benzene,0.8718,0.8263,2.065,0.908,0.133,0.124,342.0,376.0
CCC=C(CCC)c1ccccc1,(1-propyl-1-butenyl)benzene,0.869,0.827,1.841,0.895,0.14,0.132,331.0,365.0
CCCCC(C)=Cc1ccccc1,(2-methyl-1-hexenyl)benzene,0.882,0.8395,1.701,0.846,0.139,0.13,318.0,354.0
CCCC(=C(C)C)c1ccccc1,(2-methyl-1-propyl-1-propenyl)benzene,0.914,0.87,1.86,0.897,0.127,0.12,346.0,378.0
CCC=CC(C)Cc1ccccc1,(2-methyl-3-hexenyl)benzene,0.8595,0.8147,2.094,0.896,0.147,0.137,346.0,379.0
CC1CCC(c2ccccc2)CC1,(4-methylcyclohexyl)benzene,0.961,0.914,3.226,1.477,0.137,0.129,318.0,353.0
CCC=C=CCCc1ccccc1,"(3,4-heptadienyl)benzene",0.8963,0.8537,4.463,1.347,0.299,0.282,306.0,338.4
CC(C)=C/C(C)=C/c1ccccc1,"(2,4-dimethyl-1,3-pentadienyl)benzene",0.8976,0.8558,5.793,1.683,0.131,0.123,311.0,345.0
C/C=C\OC(C)(C)O/C=C\C,"(Z,Z)-2,2-bis(1-propenoxy)propane",0.91,0.847,1.758,0.732,0.152,0.138,319.0,343.3
C=C(C=CCCC)c1ccccc1,(1-methylene-2-hexenyl)benzene,0.933,0.891,3.966,1.212,0.137,0.129,300.0,335.0
COC(=O)Cc1ccc2ccccc2c1,"2-naphthaleneacetic acid, methyl ester",1.1147,1.069,5.203,1.964,0.225,0.214,382.0,404.0
CCOC(=O)c1ccc2ccccc2c1,"2-naphthoic acid, ethyl ester",1.1008,1.0557,5.269,1.989,0.224,0.212,374.0,396.0
CCOC(=O)c1cccc2ccccc12,ethyl 1-naphthalenecarboxylate,1.1094,1.0641,4.867,1.88,0.221,0.209,362.0,387.0
COC(=O)Cc1cccc2ccccc12,methyl .alpha.-naphthylethanoate,1.1279,1.0818,4.61,1.756,0.221,0.209,362.0,386.0
COC(=O)C1=Cc2ccccc2OC1C(=O)OC,"dimethyl 2H-1-benzopyran-2,3-dicarboxylate",1.358,1.303,17.673,4.375,0.201,0.191,390.0,420.0
CCC=C(C)C#Cc1ccccc1,(3-methyl-3-hexen-1-ynyl)benzene,0.9004,0.8581,3.665,1.352,0.148,0.139,337.0,362.0
O=C1CCCCCCCCO1,2-oxecanone,0.975,0.938,14.359,4.051,0.165,0.156,242.0,277.0
C=C(C)C=C=CCc1ccccc1,"(5-methyl-2,3,5-hexatrienyl)benzene",0.9263,0.8832,1.727,0.838,0.307,0.289,338.0,363.0
Cc1cc(C)c2cc(C)ccc2c1,"1,3,7-trimethylnaphthalene",0.9931,0.9493,2.014,0.864,0.173,0.163,313.0,341.0
Cc1ccc2c(C)cccc2c1C,"1,2,5-trimethylnaphthalene",0.9961,0.952,2.008,0.893,0.173,0.164,322.0,349.0
Cc1ccc2c(C)c(C)ccc2c1,"1,2,6-trimethylnaphthalene",0.922,0.881,2.278,0.999,0.175,0.165,325.0,352.0
CCCCC1CCCC(=O)O1,.delta.-nonanolactone,1.065,1.017,2.817,1.377,0.171,0.162,303.0,329.0
Cc1ccc2ccc(C)c(C)c2c1,"1,2,7-trimethylnaphthalene",1.014,0.968,1.972,0.857,0.172,0.163,314.0,342.0
CC(C)c1cccc2ccccc12,1-(1-methylethyl)naphthalene,0.9819,0.9392,3.055,1.097,0.19,0.179,301.0,333.0
Cc1ccc2cccc(C)c2c1C,"1,2,8-trimethylnaphthalene",1.01,0.965,6.931,1.865,0.171,0.162,311.0,339.0
Cc1ccc2c(C)cc(C)cc2c1,"1,3,6-trimethylnaphthalene",1.035,0.988,2.029,0.881,0.175,0.166,331.0,357.0
Cc1cc(C)c2c(C)cccc2c1,"1,3,8-trimethylnaphthalene",1.001,0.956,6.094,1.674,0.17,0.161,307.0,336.0
C1=CCC2c3ccccc3CC2C1,"1,4,4a,9a-tetrahydrofluorene",1.0018,0.961,6.488,1.873,0.132,0.125,272.0,305.3
Cc1ccc2c(C)ccc(C)c2c1,"1,4,6-trimethylnaphthalene",0.9997,0.9561,2.101,0.91,0.173,0.163,312.0,341.0
CC/C(C)=C1\C=Cc2ccccc21,1-(1-methylpropylidene)-1H-indene,0.9845,0.9404,5.383,1.542,0.181,0.171,296.0,327.2
CCc1ccc(C)c2ccccc12,1-ethyl-4-methylnaphthalene,0.9839,0.94,2.643,1.16,0.184,0.174,308.0,337.0
CC(C)(C)C(=O)C#Cc1ccccc1,"1-pentyn-3-one, 4,4-dimethyl-1-phenyl-",0.8887,0.848,18.004,4.363,0.163,0.154,357.0,384.0
CCCCC=C=Cc1ccccc1,"(1,2-heptadienyl)benzene",0.8992,0.8574,1.668,0.84,0.31,0.292,328.0,357.0
CCC(C)=C=C(C)c1ccccc1,"(1,3-dimethyl-1,2-pentadienyl)benzene",0.9117,0.8695,5.704,1.668,0.276,0.26,307.0,340.4
C1=C(Cc2ccccc2)CCCC1,(1-cyclohexen-1-ylmethyl)benzene,0.9485,0.9037,4.217,1.605,0.137,0.129,291.0,326.4
C=C(Cc1ccccc1OC)OC,2-methoxy-3-(2-methoxyphenyl)-1-propene,1.068,1.017,3.371,1.229,0.153,0.144,344.0,365.0
CCC(=O)OCCc1ccccc1,2-phenylethyl propanoate,0.9827,0.932,1.73,0.848,0.155,0.145,343.0,359.0
CCC(CC)OC(=O)C(C)C,1-ethylpropyl 2-methylpropanoate,0.916,0.854,1.114,0.527,0.129,0.118,319.0,350.3
CC12CCC(C1)C(C)(C)C2=O,"2-norbornanone, 1,3,3-trimethyl0, (1S,4R)-(+)-",0.944,0.898,1.261,0.546,0.119,0.112,250.3,284.7
C=C(C)[C@H]1C=C[C@H](C)CC1,(3S-trans)-3-methyl-6-(1-methylethenyl)cyclohexene,0.8216,0.7704,1.436,0.571,0.115,0.106,256.0,287.9
C=C(C)[C@@H]1CCC=C(C)C1,(R)-1-methyl-5-(1-methylethenyl)cyclohexene,0.8535,0.8103,1.863,0.691,0.109,0.101,258.3,289.3
CCOCCOCCC(C)C,1-ethoxy-2-(3-methylbutyoxy)ethane,0.8202,0.7647,1.609,0.758,0.15,0.137,348.0,374.0
CC1CC2C(=O)OC(=O)C1C2(C)C,"(1R)-3-oxabicyclo[3.2.1]octane-2,4-dione, 1,8,8-trimethyl-",0.8301,0.7833,0.843,0.498,0.109,0.102,259.6,290.4
CC1=CCC(C(C)C)C=C1,.alpha.-d-phellandrene,0.8273,0.7764,1.596,0.605,0.12,0.111,267.5,298.0
C=C(C)C1C=C(C)CCC1,(+)-1-methyl-3-(1-methylethenyl)cyclohexene,0.776,0.7226,1.031,0.443,0.0803,0.0733,273.3,303.8
CCCCOCCCCOC,1-butoxy-4-methoxybutane,0.8282,0.776,1.123,0.644,0.158,0.145,352.0,376.0
CC1C(=O)CC2(C(C)C)CC12,"(1S,1-.alpha.,4-.alpha.,5-.alpha.)-4-methyl-1-(1-methylethyl)bicyclo(3.1.0)hexan-3-one",1.059,0.999,2.172,0.761,0.135,0.125,331.0,356.7
C=C1CCC2(C(C)C)CC12,(1R)-4-methylene-1-(1-methylethyl)bicyclo[3.1.0]hexane,0.953,0.903,1.784,0.62,0.11,0.103,270.0,302.7
CC1=CC(=O)[C@@H](C(C)C)CC1,"2-cyclohexen-1-one, 3-methyl-6-(1-methylethyl)-",0.897,0.854,2.787,0.984,0.137,0.129,269.0,301.8
C[C@@]12CCCC[C@H]1CC(=O)C2,"2H-inden-2-one, octahydro-3a-methyl-, trans-",0.9684,0.9203,2.169,0.869,0.138,0.13,271.0,302.0
CC1=CCC2CC1C2(C)C,.alpha.-pinene,0.84194,0.7902,1.238,0.64,0.099,0.0919,250.5,285.1
CC(C)=CCCC(C)=CC=O,"3,7-dimethyl-2,6-octadienal, (cis+trans)",0.8732,0.8229,1.72,0.815,0.152,0.141,378.0,395.0
CCC(=O)C1=CC(C)CCC1,3-methyl-1-cyclohexenyl ethyl ketone,0.9192,0.8711,2.285,1.136,0.147,0.138,300.0,325.9
CC(C)CCOCC(C)C,1-(2-methylpropoxy)-3-methylbutane,0.969,0.921,66.047,7.818,0.147,0.137,390.0,414.0
C=C1C(=C)C(C)(C)C1(C)C,"1,1,2,2-tetramethyl-3,4-dimethylenecyclobutane",0.8495,0.8038,2.354,0.958,0.164,0.153,331.0,352.8
CCC1C(=O)OC(=O)C1(CC)CC,"3,3,4-triethyldihydro-2,5-furandione",1.147,1.092,1.569,0.788,0.179,0.168,340.0,369.0
CCOCCCCCOCC,"1,5-diethoxypentane",0.826,0.7729,1.247,0.763,0.158,0.145,352.0,376.5
CCC(OC(C)C)OC(C)C,"1,1-bis(1-methylethoxy)propane",0.864,0.801,1.169,0.587,0.137,0.124,338.0,369.1
CCCCCCOC(C)C,1-isopropoxyhexane,0.755,0.7017,1.073,0.527,0.134,0.122,319.0,348.4
CCCC(CC)C(C)CO,"1-hexanol, 3-ethyl-2-methyl-",0.8347,0.7856,9.584,1.629,0.128,0.12,326.0,355.9
CC(C)OC(=O)/C=C\C(=O)OC(C)C,bis(1-methylethyl) (Z)-2-butenedioate,0.9923,0.937,2.923,1.046,0.156,0.144,367.0,397.0
CCCCCC#CC(=O)OCC,ethyl 2-octynoate,0.899,0.848,2.336,0.92,0.149,0.139,329.0,355.4
C=C(C)C(=O)OC1CCCCC1,"methacrylic acid, cyclohexyl ester",1.035,0.977,1.643,0.85,0.13,0.121,307.0,337.5
C=C(C)[C@@H]1C=C[C@@H](C)CC1,(3R-trans)-3-methyl-6-(1-methylethenyl)cyclohexene,0.8231,0.7718,1.434,0.57,0.115,0.106,256.0,287.9
C=C(C)COC(=O)C(C)(C)OC(C)=O,2-methyl-2-propenyl 2-acetoxy-2-methylpropanoate,0.9947,0.9385,3.016,1.055,0.141,0.13,354.0,386.0
O=C1CCCC1=C1CCCC1,2-cyclopentylidenecyclopentanone,1.045,0.997,3.158,1.204,0.143,0.135,269.0,296.0
C=C1C=CC(C)=CCC1C,"1,5-dimethyl-2-methylene-3,5-cycloheptadiene",0.8896,0.831,1.203,0.493,0.113,0.103,246.0,275.6
Cc1ccc(OC(C)C)cc1,1-(1-methylethoxy)-4-methylbenzene,0.9112,0.8596,1.339,0.582,0.136,0.127,289.0,313.8
C=C1C=CC(C)(C)C(C)=C1,"1,6,6-trimethyl-3-methylene-1,4-cyclohexadiene",0.8489,0.7954,1.143,0.465,0.104,0.096,248.0,277.2
C=CC=CC1=CCCCC1,"1-(1,3-butadienyl)cyclohexene",0.8694,0.8184,1.07,0.611,0.139,0.128,284.0,307.6
Cc1ccccc1C(C)C,1-methyl-2-(1-methylethyl)benzene,0.8609,0.8117,0.999,0.567,0.12,0.111,256.6,284.7
CCCC(C)(OCC)OCC,"2,2-diethoxypentane",0.865,0.802,1.734,0.736,0.137,0.124,340.0,368.3
Cc1cc(C)c(C)cc1C,"1,2,4,5-tetramethylbenzene",1.014,0.96,1.874,0.75,0.14,0.13,302.0,327.3
CCCCCCOCC(O)CO,"3-(hexyloxy)-1,2-propanediol",1.039,0.989,6.737,1.921,0.18,0.167,411.0,432.0
CCC(C)c1ccccc1O,2-(1-methylpropyl)phenol,0.9691,0.921,13.415,2.823,0.133,0.125,291.0,318.0
COc1ccc(C)c(C)c1C,"1-methoxy-2,3,4-trimethylbenzene",0.929,0.883,2.368,0.827,0.116,0.109,273.0,298.0
CCc1cc(C)cc(C)c1O,"2,4-xylenol, 6-ethyl-",0.976,0.925,5.123,1.503,0.116,0.109,305.0,328.3
CCOCCCCCCOC,1-ethoxy-6-methoxyhexane,0.8315,0.7791,1.275,0.77,0.158,0.145,352.0,376.0
CC(O)C(C)c1ccccc1,"2-butanol, 3-phenyl-",0.9703,0.9198,7.627,2.174,0.147,0.138,304.0,328.5
CCCCCOCCOCC,1-ethoxy-2-pentoxyethane,0.8237,0.7689,1.335,0.728,0.156,0.143,351.0,375.3
C#CCCC1CCCCC1,(3-butynyl)cyclohexane,0.8308,0.782,2.528,1.125,0.092,0.0851,282.0,309.3
OCCOCCOc1ccccc1,2-(2-phenoxyethoxy)ethanol,1.0977,1.048,13.301,2.863,0.191,0.178,383.0,397.0
COC(OC)(OC)c1ccccc1,"benzene, (trimethoxymethyl)-",1.0453,0.994,5.357,1.811,0.166,0.156,296.0,329.0
CC(O)(CCO)c1ccccc1,"3-phenyl-1,3-butanediol",0.8319,0.7836,1.887,0.702,0.109,0.101,259.5,290.3
C=C(C)C1=CCC(C)CC1,(+)-4-methyl-1-(1-methylethenyl)cyclohexene,0.8441,0.798,2.132,0.764,0.11,0.102,260.7,291.3
C=C(C)C1=CC(C)CCC1,(+)-3-methyl-1-(1-methylethenyl)cyclohexene,0.8453,0.7965,2.011,0.741,0.11,0.102,264.2,294.3
C=C(C)C1=CCCC(C)C1,(+)-4-methyl-2-(1-methylethenyl)cyclohexene,0.8441,0.7954,1.896,0.704,0.109,0.102,259.3,290.1
C=CCC1=CCCC(C)C1,(+)-4-methyl-2-(2-propenyl)cyclohexene,0.8202,0.7697,1.719,0.65,0.122,0.113,270.9,300.0
C=C(C)C1CC=C(C)CC1,(R)-1-methyl-4-(1-methylethenyl)cyclohexene,0.82708,0.7784,0.869,0.493,0.11,0.102,256.1,291.6
C=C1C2CCC(C2)C1(C)C,(1R)-camphene,0.8539,0.8001,1.148,0.462,0.096,0.0887,248.4,280.3
CC(=O)O[C@H]1CCCC[C@@H]1OC(C)=O,"1,2-cyclohexanediol, diacetate, trans-",1.154,1.093,3.12,1.244,0.15,0.14,346.0,377.0
CCOC(=O)CCC(C(C)=O)C(C)=O,"3-ethoxycarbonylethyl-2,4-pentandione",1.21,1.15,4.463,1.478,0.197,0.184,393.0,417.0
CCC(=O)OC(C)c1ccccc1,1-phenylethyl propionate,0.9946,0.943,2.614,1.05,0.152,0.142,331.0,358.5
CCCC=CC(=O)CC(C)C,2-methyl-5-nonen-4-one,0.8274,0.779,1.692,0.783,0.162,0.15,355.0,379.0
CC1CCC2CCCC12C,"1,2,3,3a.alpha.,4,5,6,6a-octahydro-1.alpha.,6a.alpha.-dimethylpentalene",0.862,0.812,1.415,0.542,0.105,0.098,251.5,285.8
CC12CCC(CC1)C(C)(C)O2,"1,3,3-trimethyl-2-oxabicyclo[2.2.2]octane",0.90861,0.8573,2.068,0.805,0.109,0.101,314.0,371.0
CC(C)(C)CCCCCO,"1-heptanol, 6,6-dimethyl-",0.8279,0.7777,16.91,2.443,0.126,0.117,346.0,372.6
CCC(CC)CCCCO,"1-heptanol, 5-ethyl-",0.8364,0.788,12.793,2.03,0.135,0.126,337.0,364.1
CC(C)=CCCC(C)=CCO,"(E)-3,7-dimethyl-2,6-octadien-1-ol",0.8663,0.8201,3.578,1.134,0.133,0.124,357.0,381.0
CC1CC(C(=O)O)C(C(=O)O)CC1C,"cis-4,5-dimethylhexahydrophthalic acid",0.8396,0.7914,1.906,0.834,0.146,0.135,334.0,362.2
CC(C)C=CC(=O)CC(C)C,"2,7-dimethyl-5-octen-4-one",0.826,0.7783,1.453,0.694,0.152,0.141,332.0,360.6
CC1CCCC(C)(C)CC1=O,"2,6,6-trimethylcycloheptanone",0.891,0.8431,3.479,1.423,0.142,0.132,338.0,364.0
CC(C)(C)C1CCCCC1=O,"2-(1,1-dimethylethyl)cyclohexanone",0.918,0.869,4.466,1.427,0.134,0.125,288.0,322.5
CC(C)C1CCC(C)(C(=O)O)C1,1-methyl-3-isopropylcyclopentanecarboxylic acid,1.046,0.995,7.648,2.312,0.131,0.122,355.0,382.0
CCCCCCC/C=C\C=O,2-decenal,0.8382,0.7907,1.551,0.771,0.167,0.155,349.0,373.0
CCCCC(=O)/C=C/C(C)C,2-methyl-3-nonen-5-one,0.8331,0.7848,1.68,0.777,0.161,0.149,350.0,375.0
CC(=O)C(C)=CCCC(C)C,"3,7-dimethyl-3-octen-2-one",0.8349,0.7866,1.557,0.75,0.146,0.135,337.0,363.5
C=C(C)C1CCCC1(C)C,"1,1-dimethyl-2-isopropenylcyclopentane",0.7829,0.733,1.303,0.532,0.098,0.0901,266.0,300.2
CC(C)=CCCC(C)CC=O,"3,7-dimethyl-6-octenal",0.8359,0.7879,1.914,0.825,0.145,0.135,332.0,360.0
C/C=C/OC(O/C=C/C)C(C)C,"(E,E)-1,1-bis(1-propenoxy)-2-methylpropane",0.918,0.862,1.743,0.766,0.161,0.148,347.0,373.9
C/C=C\OC(O/C=C/C)C(C)C,"(Z,E)-1,1-bis(1-propenoxy)-2-methylpropane",0.918,0.862,1.743,0.766,0.161,0.148,347.0,373.9
C/C=C\OC(O/C=C\C)C(C)C,"(Z,Z)-1,1-bis(1-propenoxy)-2-methylpropane",0.918,0.862,1.743,0.766,0.161,0.148,347.0,373.9
CCCCCCC1CCC(=O)O1,.gamma.-decalactone,1.052,1.005,2.567,1.194,0.175,0.165,340.0,368.0
CCCCC(CC)CCO,"1-heptanol, 3-ethyl-",0.8212,0.7737,14.613,2.326,0.137,0.127,346.0,371.7
CCCCCC(C)(C)CO,"1-heptanol, 2,2-dimethyl-",0.857,0.804,14.002,2.114,0.126,0.117,349.0,375.8
CC(C)C(=O)CC(=O)C(C)(C)C,"2,2,6-trimethyl-3,5-heptanedione",0.96,0.906,2.083,0.949,0.163,0.151,365.0,392.0
CCCCCCC=CC(=O)OC,"2-nonenoic acid, methyl ester",0.8976,0.8467,1.939,0.92,0.152,0.141,348.0,375.0
CC1(C)COC2(CCCC2)OC1,"6,10-dioxaspiro(4.5)decane, 8,8-dimethyl-",0.965,0.915,5.078,1.705,0.129,0.121,270.0,314.0
CCCCC(=O)OC(=O)CCCC,valeric anhydride,0.9273,0.8778,2.588,1.094,0.173,0.161,376.0,401.0
CC(C)(C)C(=O)OC(=O)C(C)(C)C,trimethylacetic anhydride,0.906,0.851,3.532,1.222,0.135,0.125,349.5,383.9
CC1=C(C)C(C)(C)CCC1,"1,2,3,3-tetramethylcyclohexene",0.8231,0.773,1.628,0.621,0.096,0.0891,274.4,306.2
C=C1CCCC(C)(C)C1C,"1,1,2-trimethyl-3-methylenecyclohexane",0.8093,0.7592,1.334,0.527,0.098,0.0904,261.2,295.4
C=COC(=O)CCCCC(=O)OCC,Hexanedioic acid ethenyl ethyl ester,1.104,1.043,2.446,0.959,0.165,0.153,380.0,407.0
CC(=O)OC[C@H]1CCC[C@H](OC(C)=O)O1,trans-2-acetoxy-6-acetoxymethyltetrahydropyran,1.3,1.24,6.462,2.016,0.167,0.156,374.0,404.0
C=COC(=O)CCCCCC(=O)OC,Vinyl methyl pimelate,1.109,1.049,2.615,1.02,0.165,0.154,383.0,409.0
CC1(C(=O)O)CCC(C(=O)O)C1(C)C,"cis-1,2,2-trimethyl-1,3-cyclopentanedicarboxylic acid",1.216,1.164,9.868,3.265,0.136,0.129,366.0,392.0
CCOC(=O)[C@H]1C[C@@H](C(=O)OCC)C1,"cis-1,3-cyclobutanedicarboxylic acid, diethyl diester",1.21,1.15,1.818,0.722,0.149,0.139,351.0,381.0
COC(=O)[C@@H]1CCC[C@H](C(=O)OC)C1,"cis-1,3-cyclohexanedicarboxylic acid, dimethyl diester",1.161,1.102,3.704,1.361,0.151,0.141,348.0,378.0
COC(=O)C1CCCCC1C(=O)OC,"dimethyl cis-1,2-cyclohexanedicarboxylate",1.156,1.098,3.806,1.457,0.151,0.141,344.0,375.0
CCOC(=O)C1(C(=O)OCC)CCC1,"diethyl 1,1-cyclobutanedicarboxylate",1.0251,0.969,2.341,0.97,0.143,0.133,352.0,383.0
CCC(C)(C)C(C)CCO,"1-hexanol, 3,4,4-trimethyl-",0.859,0.806,10.244,1.774,0.121,0.112,351.0,378.6
CCCOC(=O)/C=C\C(=O)OCCC,dipropyl (Z)-2-butenedioate,1.113,1.054,3.055,1.167,0.17,0.158,382.0,407.0
CCOC(=O)[C@H]1C[C@H](C(=O)OCC)C1,"trans-1,3-cyclobutanedicarboxylic acid diethyl diester",1.21,1.15,1.818,0.722,0.149,0.139,351.0,381.0
COC(=O)[C@H]1CCC[C@H](C(=O)OC)C1,"trans-1,3-cyclohexanedicarboxylic acid, dimethyl diester",1.161,1.102,3.704,1.361,0.151,0.141,348.0,378.0
CCC(C)CC(CC)CO,"1-hexanol, 2-ethyl-4-methyl-",0.8136,0.7658,10.202,1.724,0.129,0.12,328.0,357.9
CC(=O)OC[C@@H]1CCC[C@H](OC(C)=O)O1,cis-2-acetoxy-6-acetoxymethyltetrahydropyran,1.3,1.24,6.462,2.016,0.167,0.156,374.0,404.0
CC(C)=C1CCCCCC1,(1-methylethylidene)cycloheptane,0.814,0.768,3.317,1.224,0.111,0.103,265.9,298.7
CC1CCC2CC1C2(C)C,"(1.alpha.,2.beta.,5.alpha.)-2,6,6-trimethylbicyclo[3.1.1]heptane",0.8415,0.7917,1.462,0.556,0.101,0.0938,259.0,292.5
CC1(O)C(=O)CC2CC1C2(C)C,"(1S,2S,5S)-(-)-2-hydroxy-3-pinanone",0.84983,0.8047,1.277,0.706,0.1164,0.1083,247.02,283.02
CC1CC2CCC(C)C2C1,"(1.alpha.,3a.alpha.,5.alpha.,6a.alpha.)-octahydro-1,5-dimethylpentalene",0.864,0.811,1.296,0.506,0.11,0.102,255.1,288.9
CC1CCC2(C)CCCC12,"(1.alpha.,3a.alpha.,6a.alpha.)-octahydro-1,3a-dimethylpentalene",0.86,0.809,1.36,0.532,0.105,0.098,251.2,285.5
CC=CCC1CCCCC1,(2-butenyl)cyclohexane,0.7979,0.7498,1.291,0.747,0.133,0.122,285.0,314.8
CCCCC(C)(CC)CO,"1-hexanol, 2-ethyl-2-methyl-",0.853,0.802,16.413,2.369,0.125,0.117,344.0,371.1
CC1CCC2CCCC2C1,"(3a.alpha.,5.beta.,7a.alpha.)-octahydro-5-methyl-1H-indene",0.87,0.82,1.655,0.622,0.116,0.107,251.8,285.7
C1=C/CCCCCCCC/1,(E)-cyclodecene,0.8533,0.8088,3.985,1.719,0.135,0.126,256.1,290.0
CC1=CCC(C(C)C)CC1,(R)-1-methyl-4-(1-methylethyl)cyclohexene,0.8041,0.756,2.114,0.767,0.114,0.105,277.0,309.3
CC(C)C1=CC[C@@H](C)CC1,(R)-4-methyl-1-(1-methylethyl)cyclohexene,0.798,0.751,1.667,0.652,0.111,0.103,262.4,296.7
C1=C\CCCCCCCC/1,(Z)-cyclodecene,0.8592,0.812,3.608,1.613,0.136,0.126,261.5,294.8
CCCCCCCCCO,1-nonanol,0.81421,0.7701,6.816,1.467,0.1615,0.1503,356.5,418.0
CC1CC2CCCC2C1C,"(exo,exo)-2,3-dimethylbicyclo[3.3.0]octane",0.869,0.817,1.404,0.539,0.111,0.102,256.5,290.0
CC(C)(C)Oc1ccccc1,"1,1-dimethylethyl phenyl ether",0.9093,0.8605,2.419,0.918,0.136,0.126,267.0,295.2
CCc1cc(C)cc(C)c1,"1-ethyl-3,5-dimethylbenzene",0.8489,0.7993,1.767,0.663,0.114,0.106,266.3,291.7
CCc1ccc(C)c(C)c1,"1-ethyl-3,4-dimethylbenzene",0.8589,0.8104,1.979,0.703,0.115,0.107,266.4,291.7
C[C@@H]1C[C@@H]1c1ccccc1,(2-methylcyclopropyl)benzene,0.9076,0.8584,1.873,0.664,0.13,0.121,238.4,264.9
CC1=CCc2ccccc21,"1H-indene, 3-methyl-",0.959,0.9112,2.92,0.944,0.154,0.144,233.7,255.5
Cc1ccc2c(c1)CC=C2,"1H-indene, 6-methyl-",1.01,0.959,2.772,0.907,0.154,0.145,235.4,257.0
C#Cc1ccc(C)cc1C,"2,4-dimethyl-1-ethynylbenzene",0.9054,0.8595,4.087,1.303,0.0836,0.0784,265.0,283.7
C=C(C)C#CC#CC(=C)C,"2,7-dimethyl-1,7-octadiene-3,5-diyne",0.847,0.799,2.125,0.763,0.124,0.116,268.3,287.2
CC#CCc1ccccc1,2-butynylbenzene,0.9103,0.8608,1.758,0.755,0.149,0.139,269.0,286.1
C=CC(=C)c1ccccc1,2-phenylbutadiene,0.9072,0.8586,1.587,0.582,0.129,0.12,220.2,246.2
Cc1cccc2c1C=CC2,4-methylindene,0.9763,0.9271,2.97,0.949,0.155,0.146,242.6,263.2
C#CCCc1ccccc1,4-phenyl-1-butyne,0.907,0.857,1.676,0.77,0.102,0.095,228.5,252.9
CC=C(C)c1ccccc1,(E)-2-phenyl-2-butene,0.9052,0.858,2.43,0.839,0.133,0.124,245.9,270.9
Cc1ccc2c(c1)C=CC2,5-methylindene,1.01,0.959,2.772,0.907,0.154,0.145,235.4,257.0
C=C[C@H](C)c1ccccc1,(-)-3-phenyl-1-butene,0.8668,0.8146,1.396,0.54,0.133,0.123,244.7,271.7
CC1(c2ccccc2)CC1,(1-methylcyclopropyl)benzene,0.944,0.89,1.907,0.685,0.124,0.115,240.6,267.2
C1=CCCC=C=CCCC=1,"1,2,6,7-cyclodecatetraene",0.832,0.793,3.846,1.349,0.422,0.394,212.0,239.6
CC1C=Cc2ccccc21,1-methylindene,0.955,0.908,1.99,0.804,0.163,0.153,246.5,266.8
CC=CCc1ccccc1,(E)-2-butenylbenzene,0.895,0.843,2.346,0.807,0.147,0.136,261.0,283.7
c1ccc2c(c1)CCCC2,"1,2,3,4-tetrahydronaphthalene",0.95341,0.90559,1.594,0.762,0.128,0.121,224.54,253.9
C=Cc1cc(C)ccc1C,"1-ethenyl-2,5-dimethylbenzene",0.888,0.839,1.914,0.667,0.117,0.109,249.9,274.3
C=Cc1ccc(CC)cc1,1-ethenyl-4-ethylbenzene,0.876,0.8244,2.169,0.764,0.13,0.121,254.8,278.6
C/C=C\c1ccc(C)cc1,(Z)-1-methyl-4-(1-propenyl)benzene,0.885,0.837,2.712,0.932,0.134,0.126,253.9,277.2
C=C(C)c1cccc(C)c1,".alpha.,m-dimethylstyrene",0.8897,0.8412,2.023,0.749,0.118,0.109,257.9,282.0
c1coc(Cc2ccco2)c1,"furan, 2,2'-methylenebis-",1.0758,1.013,1.58,0.74,0.16,0.148,236.6,258.1
CC1=C(C)C=CC=CC=C1,"1,2-dimethyl-1,3,5,7-cyclooctatetraene",0.8831,0.8333,2.038,0.744,0.13,0.121,236.4,262.8
C=CC=CC=CC=CC=C,"1,3,5,7,9-decapentaene",0.842,0.79,1.639,0.608,0.153,0.142,268.7,291.4
C=CC(C)c1ccccc1,"1-butene, 3-phenyl-",0.873,0.82,1.386,0.537,0.133,0.123,244.7,271.7
CCC1=C/C=C\C=C/C=C\1,"1-ethyl-1,3,5,7-cyclooctatetraene",0.8877,0.8377,2.253,0.836,0.142,0.132,233.3,260.2
COC(=O)c1ccccc1C(=O)OC,"dimethyl 1,2-benzenedicarboxylate",1.17298,1.1179,4.689,1.073,0.1482,0.1393,309.6,339.2
CCC#Cc1ccccc1,1-phenyl-1-butyne,0.9005,0.8549,1.51,0.655,0.142,0.133,224.6,247.8
C#Cc1ccc(CC)cc1,1-ethyl-4-ethynylbenzene,0.8969,0.8512,3.233,1.234,0.095,0.0888,255.0,275.5
CCc1cc(C)ccc1C,"1-ethyl-2,5-dimethylbenzene",0.861,0.8109,1.858,0.666,0.114,0.106,265.1,290.6
CCCC(=O)c1ccccc1,1-phenyl-1-butanone,0.9779,0.931,5.011,1.686,0.167,0.156,280.0,302.1
CC(=O)OC(C)c1ccccc1,.alpha.-methylbenzenemethyl acetate,1.116,1.055,1.971,0.796,0.15,0.14,306.0,330.4
c1ccc(COCC2CO2)cc1,"1-(benzyloxy)-2,3-epoxypropane",1.168,1.11,2.312,0.892,0.171,0.16,310.0,330.7
c1ccc(C2CCOCO2)cc1,"1,3-dioxane, 4-phenyl-",1.0924,1.039,3.479,1.636,0.169,0.159,282.0,307.3
CC(C)OC(=O)c1ccccc1,1-methylethyl benzoate,0.9936,0.9415,2.114,0.882,0.148,0.138,286.0,312.4
CC=Cc1ccc(OC)cc1,1-methoxy-4-(1-propenyl)benzene,0.9837,0.9322,1.931,0.762,0.151,0.141,279.0,300.0
CC(=O)c1ccc(C)cc1C,"2',4'-dimethylacetophenone",0.9765,0.929,2.151,0.98,0.143,0.134,289.0,310.0
COC(C)=Cc1ccccc1,(E)-2-methoxy-1-phenyl-1-propene,0.916,0.872,2.511,0.917,0.144,0.135,241.2,268.2
CC(=O)c1cc(C)ccc1C,"2,5-dimethylacetophenone",0.9803,0.932,3.978,1.363,0.141,0.132,279.0,300.9
CO/C(C)=C/c1ccccc1,(Z)-2-methoxy-1-phenylpropene,0.916,0.872,2.511,0.917,0.144,0.135,241.2,268.2
CCc1ccccc1C(C)=O,2-ethylacetophenone,0.9768,0.929,2.662,1.076,0.152,0.143,268.0,291.9
OC1CCc2ccccc2C1,.beta.-tetralol,1.0508,1.008,52.056,5.04,0.139,0.132,278.0,300.0
CC(=O)c1ccc(C)c(C)c1,"3,4-dimethylacetophenone",0.9893,0.942,2.224,1.051,0.143,0.135,288.0,308.5
Cc1ccc2c(c1)CC(C)O2,"2,5-dimethyl-2,3-dihydrobenzofuran",0.9927,0.9406,3.224,1.063,0.128,0.12,269.0,292.5
C=CC=Cc1ccccc1,"1,3-butadiene, 1-phenyl-",0.9115,0.8625,2.523,0.835,0.151,0.141,253.4,273.9
Cc1cccc2c1OC(C)C2,"2,7-dimethyl-2,3-dihydrobenzofuran",0.9929,0.9413,3.021,1.02,0.127,0.119,261.0,285.4
CC(C)C(=O)c1ccccc1,2-methyl-1-phenyl-1-propanone,0.974,0.925,3.183,1.297,0.16,0.15,273.0,296.9
CCc1ccc(C(C)=O)cc1,4'-ethylacetophenone,0.9832,0.9351,3.051,1.208,0.155,0.146,268.1,298.0
CCC(C=O)c1ccccc1,2-phenylbutyraldehyde,0.958,0.906,1.983,0.828,0.16,0.149,284.0,307.9
CCc1cccc(C(C)=O)c1,3'-ethylacetophenone,0.978,0.931,4.601,1.515,0.154,0.145,280.0,302.2
C1=Cc2ccccc2CC1,"1,2-dihydronaphthalene",0.97997,0.93045,2.449,1.032,0.164,0.154,215.78,240.85
C=Cc1cccc(C=C)c1,"1,3-diethenylbenzene",0.9139,0.8661,2.188,0.739,0.133,0.124,240.1,262.7
C=Cc1ccc(C=C)cc1,"1,4-diethenylbenzene",0.913,0.8661,2.629,0.854,0.135,0.126,248.0,269.7
C1=CCc2ccccc2C1,"1,4-dihydronaphthalene",0.9879,0.9395,2.429,1.022,0.136,0.127,221.0,246.0
CC(=O)C(C)c1ccccc1,3-phenyl-2-butanone,0.972,0.924,4.63,1.58,0.159,0.149,270.0,295.0
C=C=CCc1ccccc1,"(2,3-butadienyl)benzene",0.9067,0.8578,1.985,0.699,0.286,0.267,236.0,258.1
CC=C=Cc1ccccc1,"1,2-butadienylbenzene",0.9137,0.8653,2.517,0.855,0.295,0.275,240.3,261.2
C=Cc1ccccc1C=C,"1,2-diethenylbenzene",0.9182,0.8745,2.614,0.858,0.132,0.124,224.7,249.1
O=C1CCc2ccccc2O1,dihydrocoumarin,1.25,1.203,17.6,4.323,0.174,0.165,249.0,268.0
C=C(C)c1ccccc1C,1-methyl-2-(1-methylethenyl)benzene,0.857,0.769,1.75,0.689,0.116,0.108,252.0,277.1
CCOCC(O)COC(C)(C)C,1-Tert-butoxy-3-ethoxy-2-propanol,0.967,0.912,3.723,1.338,0.149,0.138,371.0,399.0
OCCCCCCCCCO,"1,9-nonanediol",1.006,0.951,4.871,1.577,0.169,0.157,401.0,422.0
CC(C)=CC(=O)C(=O)C=C(C)C,"2,7-dimethyl-2,6-octadiene-4,5-dione",1.049,0.995,1.43,0.754,0.173,0.162,343.0,363.5
CCCCOCCOCC(C)O,"4,7-dioxaundecan-2-ol",1.001,0.946,4.296,1.469,0.168,0.156,400.0,421.0
CCCOC(=O)c1cc(O)c(O)c(O)c1,"propyl 3,4,5-trihydroxybenzoate",1.39,1.34,143.885,22.388,0.175,0.164,408.0,427.0
CC1(C)[C@H]2CC[C@]1(C)C(=O)C2=O,(+)-camphorquinone,1.21,1.15,1.736,0.661,0.15,0.141,297.0,325.4
CC1(C)[C@H]2CC[C@@]1(C)C(=O)C2=O,"(1R)-1,7,7-trimethylbicyclo[2.2.1]heptane-2,3-dione",1.21,1.15,1.736,0.661,0.15,0.141,297.0,325.4
COCCOCCOC(C)(C)C,"2,2-dimethyl-3,6,9-trioxadecane",0.928,0.871,3.125,1.194,0.153,0.142,349.0,376.0
CC(C)(C)c1ccccc1,"(1,1-dimethylethyl)benzene",0.84987,0.79925,1.111,0.622,0.1152,0.1061,248.6,278.12
C1=CCC2=C(C1)CCCC2,"1,2,3,4,5,8-hexahydronaphthalene",0.9273,0.873,2.696,1.18,0.129,0.119,297.0,318.1
CCC(C)c1ccccc1,(1-methylpropyl)benzene,0.8457,0.79584,1.797,0.679,0.131,0.121,250.0,278.9
Cc1ccc(C)c(C)c1C,"1,2,3,4-tetramethylbenzene",0.8888,0.8405,2.363,0.809,0.104,0.097,261.0,298.6
COC(C)(OC)c1ccccc1,acetophenone dimethyl acetal,0.9946,0.944,3.821,1.356,0.15,0.141,291.0,317.0
CCOC(=O)c1ccc(OC)cc1,ethyl 4-methoxybenzoate,1.053,1.001,4.274,1.399,0.156,0.146,322.0,343.1
OCCCOCc1ccccc1,benzyl 3-hydroxypropyl ether,1.082,1.031,9.242,2.91,0.172,0.161,338.0,357.0
O=CC=Cc1ccccc1,trans-cinnamaldehyde,1.019,0.972,3.435,1.142,0.17,0.161,229.7,248.6
Cc1cc(C)c(C)c(C)c1,"1,2,3,5-tetramethylbenzene",0.875,0.827,2.171,0.762,0.103,0.096,250.3,283.4
CCOC(=O)C1CC2C=CC1C2,"bicyclo[2.2.1]hept-5-ene-2-carboxylic acid, ethyl ester",1.068,1.01,1.592,0.594,0.136,0.127,269.0,299.9
CCCOC(C)(C)OCCC,"2,2-dipropoxypropane",0.858,0.797,1.748,0.765,0.137,0.124,332.0,361.1
Cc1ccc(C(C)C)c(O)c1O,"catechol, 3-isopropyl-6-methyl-",1.12,1.071,35.714,6.816,0.137,0.128,369.0,389.0
COC(=O)C1CC2=CCC1CC2,exo-5-methoxycarbonylbicyclo[2.2.2]octene,1.082,1.027,2.033,0.73,0.137,0.129,270.0,300.5
CCc1ccccc1CC,"1,2-diethylbenzene",0.86387,0.8138,2.199,0.774,0.126,0.117,263.5,288.6
CCc1cccc(CC)c1,"1,3-diethylbenzene",0.848,0.7983,2.123,0.777,0.126,0.117,258.3,284.2
C=CC=C(C1CC1)C1CC1,"1,1-dicyclopropyl-1,3-butadiene",0.8936,0.8398,1.298,0.5,0.118,0.109,261.4,290.1
C1=C2CCCC=C2CCC1,"1,2,3,5,6,7-hexahydronaphthalene",0.9536,0.9018,2.412,1.042,0.122,0.114,248.7,275.8
Cc1ccc(C(C)C)cc1,1-(1-methylethyl)-4-methylbenzene,0.84058,0.7908,0.785,0.455,0.12,0.111,245.8,279.7
CCc1cccc(C)c1C,"1-ethyl-2,3-dimethylbenzene",0.8764,0.8276,2.054,0.725,0.115,0.107,263.9,289.4
COc1cc(OC)c(C=O)c(OC)c1,"2,4,6-trimethoxybenzaldehyde",1.216,1.166,4.441,1.458,0.176,0.167,347.0,364.0
COc1cc(OC)c(OC)cc1C=O,"2,4,5-trimethoxybenzaldehyde",1.243,1.19,4.344,1.429,0.179,0.17,363.0,378.0
COc1ccc(C=O)c(OC)c1OC,"2,3,4-trimethoxybenzaldehyde",1.225,1.174,4.408,1.448,0.177,0.168,352.0,368.0
O=C(OCC(O)CO)c1ccccc1,1-Monobenzoylglycerol,1.34,1.28,89.552,15.625,0.19,0.178,382.0,402.0
Cc1cc2ccccc2o1,2-methylcumarone,1.109,1.049,2.254,0.791,0.165,0.154,223.7,243.2
CC#Cc1ccccc1,"benzene, 1-propynyl-",0.9225,0.8742,1.355,0.606,0.142,0.133,206.8,225.5
C#Cc1ccc(C)cc1,"benzene, 1-ethynyl-4-methyl-",0.8981,0.8505,2.561,1.046,0.094,0.088,227.3,244.6
C#CCc1ccccc1,3-phenyl-1-propyne,0.9195,0.8662,1.74,0.785,0.106,0.098,229.9,247.3
CC(=O)Cc1ccc2c(c1)OCO2,"1-(1,3-benzodioxol-5-yl)-2-propanone",1.294,1.236,1.468,0.971,0.18,0.17,326.0,343.0
C=Cc1ccc(C(C)=O)cc1,p-vinylacetophenone,1.014,0.966,3.254,1.211,0.159,0.15,274.0,294.0
O=C1CCc2ccccc2C1,.beta.-tetralone,1.102,1.056,8.167,2.462,0.157,0.149,247.0,270.4
CC(C=O)=Cc1ccccc1,2-methyl-3-phenyl-2-propenal,1.0279,0.9803,4.767,1.52,0.163,0.154,264.8,289.3
O=C1CC(c2ccccc2)C1,3-phenylcyclobutanone,1.126,1.075,3.552,1.33,0.166,0.157,269.0,289.4
O=C1C2C=CC1C1CC=CC21,"3a,4,7,7a-tetrahydro-4,7-methano-1H-inden-8-one",1.249,1.186,1.281,0.54,0.155,0.146,237.9,262.5
O=C/C=C/Cc1ccccc1,4-phenyl-2-butenal,1.0078,0.9572,1.786,0.846,0.178,0.167,292.0,309.2
O=C(c1ccccc1)C1CC1,cyclopropyl phenyl ketone,1.053,1.003,4.368,1.426,0.163,0.154,261.0,282.8
CC=Cc1ccc2c(c1)OCO2,"1,2-(methylenedioxy)-4-(1-propenyl)benzene",1.17,1.116,6.325,1.882,0.154,0.145,268.0,290.5
C=C(OC(C)=O)c1ccccc1,1-Phenylethenyl acetate,1.071,1.018,3.361,1.12,0.144,0.135,271.0,295.9
COC(=O)C=Cc1ccccc1,methyl 3-phenyl-2-propenoate,1.065,1.0127,2.723,1.244,0.165,0.154,286.0,308.0
C=CCOC(=O)c1ccccc1,2-propenyl benzoate,1.0363,0.9837,1.447,0.722,0.157,0.148,282.0,305.1
C=CCc1ccc2c(c1)OCO2,"4-allyl-1,2-(methylenedioxy)benzene",1.172,1.114,4.863,1.526,0.15,0.141,273.0,295.6
C1=Cc2ccccc2C1,1H-indene,0.9796,0.9277,1.296,0.623,0.161,0.15,192.5,215.2
C=CC(=O)OCc1ccccc1,"acrylic acid, benzyl ester",1.128,1.071,1.418,0.682,0.158,0.148,282.0,304.8
C=COc1ccc(C(C)=O)cc1,p-acetylphenyl vinyl ether,1.129,1.076,11.515,2.695,0.178,0.168,317.0,332.3
CCOC(OCC)(OCC)OCC,"ethane, 1,1',1'',1'''-[methanetetrayltetrakis(oxy)]tetrakis-",0.8937,0.835,3.469,1.341,0.171,0.156,397.0,420.0
CCOC(=O)c1cccc(OC)c1,ethyl 3-methoxybenzoate,1.0842,1.0323,4.427,1.356,0.16,0.15,325.0,346.0
CCCCCOCCOCCO,diethylene glycol monopentyl ether,0.928,0.8798,3.987,1.523,0.174,0.162,390.0,411.0
CCCC(=O)OCCOC(=O)CCC,"1,2-ethanediol dibutanoate",0.9824,0.928,3.054,1.185,0.162,0.15,387.3,418.0
C=COCCOCCOCCOC=C,"3,6,9,12-tetraoxatetradeca-1,13-diene",1.093,1.037,2.745,1.244,0.204,0.191,415.0,433.0
CCOC(=O)CCCCC(=O)OCC,"diethyl 1,6-hexanedioate",0.98862,0.9315,2.295,1.003,0.1433,0.1302,393.0,421.0
COc1cccc2ccccc12,1-methoxynaphthalene,0.9153,0.8708,3.715,1.16,0.155,0.145,262.0,287.1
C#CC(=O)CCc1ccccc1,phenylpropionylacetylene,0.9961,0.9519,5.421,1.996,0.176,0.167,297.0,315.8
CCOC(=O)C#Cc1ccccc1,ethyl phenylpropiolate,1.045,0.996,4.402,1.506,0.165,0.155,316.0,336.0
CCCCCCC(C)C,"(3RS,4RS)-dimethylheptane",0.716,0.666,1.089,0.465,0.113,0.103,278.4,313.9
COC[C@H]1CO[C@@H](C(C)C)OC1,"cis-5-methoxymethyl-2-(1-methylethyl)-1,3-dioxane",0.72364,0.6745,1.147,0.489,0.098,0.0894,277.1,313.4
CC1=CC(C)c2ccccc21,"(.+-.)-1,3-dimethyl-1H-indene",0.9405,0.8941,3.19,1.007,0.15,0.141,261.0,286.1
C=C(c1ccccc1)C1CC1,(1-cyclopropylethenyl)benzene,0.9388,0.8894,2.13,0.731,0.127,0.118,257.6,285.7
C=CC(=CC)c1ccccc1,(1-ethenyl-1-propenyl)benzene,0.9013,0.8555,3.107,0.994,0.138,0.13,266.0,292.1
CC=C=CCc1ccccc1,"(2,3-pentadienyl)benzene",0.8991,0.8534,3.559,1.137,0.301,0.282,277.0,300.0
C=CC=CCc1ccccc1,"(2,4-pentadienyl)benzene",0.9158,0.8674,0.972,0.53,0.152,0.142,276.0,300.4
C=C=CCCc1ccccc1,"(3,4-pentadienyl)benzene",0.9023,0.8556,2.66,0.9,0.293,0.274,267.0,291.9
C=CC=Cc1ccc(C)cc1,"1-(1,3-butadienyl)-4-methyl-benzene",0.8993,0.8542,3.225,1.03,0.139,0.13,270.0,294.9
C=C(C)/C=C/c1ccccc1,"(3-methyl-1,3-butadienyl)benzene",0.923,0.876,1.083,0.582,0.14,0.131,278.0,302.3
CC1=Cc2ccccc2CC1,"1,2-dihydro-3-methylnaphthalene",0.9599,0.9144,4.167,1.334,0.153,0.144,246.0,273.6
c1ccc(Cc2ccco2)cc1,2-benzylfuran,0.9637,0.9169,3.217,1.058,0.121,0.114,231.7,261.0
Cc1cccc2c1C=CC2C,"1,4-dimethylindene",0.996,0.947,3.414,1.056,0.151,0.142,263.0,287.4
C=C/C=C/c1ccccc1C,"1-(1,3-butadienyl)-2-methylbenzene",0.9109,0.8648,3.074,0.994,0.139,0.13,268.0,292.9
COC1(C)OCC(C(C)C)CO1,"trans-2-methoxy-2-methyl-5-(1-methylethyl)-1,3-dioxane",1.021,0.962,3.33,1.247,0.146,0.135,320.0,350.3
C=C/C=C/c1cccc(C)c1,"1-(1,3-butadienyl)-3-methylbenzene",0.9066,0.8609,3.199,1.034,0.139,0.131,270.0,295.0
CCOC1CCCC(OCC)O1,"trans-2,6-diethoxytetrahydro-2H-pyran",1.039,0.979,2.695,1.154,0.163,0.151,333.0,358.4
C#Cc1ccc(C(C)C)cc1,1-ethynyl-4-(1-methylethyl)benzene,0.8929,0.8476,5.264,1.664,0.09,0.085,283.0,307.4
CC(C)COC(=O)OCC(C)C,isobutyl carbonate,0.999,0.936,1.902,0.748,0.146,0.134,345.0,374.0
C=C1CCCc2ccccc21,"1-methylene-1,2,3,4-tetrahydronaphthalene/",0.9697,0.926,5.259,1.566,0.151,0.142,248.0,274.9
CCCC#Cc1ccccc1,1-pentynylbenzene,0.8955,0.8513,2.568,1.01,0.15,0.141,287.0,308.1
CC1CCc2ccccc2C1=O,"3,4-dihydro-2-methyl-1(2H)-naphthalenone",1.11,1.062,4.234,1.507,0.152,0.144,272.0,298.9
CCCCOC(=O)OCCCC,dibutyl carbonate,0.90595,0.84882,1.463,0.708,0.158,0.146,358.0,383.0
CC(=O)c1ccc(C)c(C(C)=O)c1,"1,1'-(4-methyl-1,3-phenylene)bisethanone",1.049,1.003,6.673,1.994,0.169,0.16,315.0,338.0
CC(=O)C(C)C(=O)c1ccccc1,"2-methyl-1-phenyl-1,3-butanedione",1.092,1.043,5.861,2.109,0.192,0.181,332.0,354.0
COc1ccc2ccccc2c1,2-methoxynaphthalene,1.123,1.072,5.877,1.772,0.21,0.199,279.0,299.2
CC(C)OCCCCOC(C)C,"1,4-diisopropoxy butane",1.057,0.998,2.649,1.263,0.197,0.183,441.0,462.0
CCCCOCC(C)OCC(C)O,dipropylene glycol monobutyl ether,1.012,0.9657,4.15,1.595,0.173,0.164,266.0,281.7
c1ccc2cccc-2cc1,"bicyclo[5.3.0]deca-2,4,6,8,10-pentaene",1.041,0.997,3.554,1.344,0.203,0.192,210.0,232.6
CC[C@H](C)[C@@H](C)C(C)C,"(R*,R*)-(.+-.)-2,3,4-trimethylhexane",0.708,0.658,1.031,0.456,0.107,0.098,280.3,316.1
C#Cc1ccccc1C#C,"1,2-diethynylbenzene",0.9619,0.9147,4.99,1.859,0.0627,0.0589,257.0,270.5
C#Cc1cccc(C#C)c1,"1,3-diethynlbenzene",0.9511,0.9059,5.257,1.877,0.0622,0.0586,251.0,265.7
CCCCCC(C)(C)C,"2,2-dimethylheptane",0.6944,0.6433,0.965,0.497,0.108,0.098,288.5,322.8
C#C/C=C/c1ccccc1,"1-buten-3-yne, 1-phenyl-",0.9219,0.8789,3.363,1.32,0.115,0.108,245.0,262.5
C=CC#Cc1ccccc1,"1-buten-3-yne, 4-phenyl-",0.9096,0.8657,1.869,0.751,0.149,0.14,232.2,251.2
CC(C)CCC(C)(C)C,"2,2,5-trimethylhexane",0.69131,0.641,1.085,0.484,0.102,0.0924,281.8,317.3
COC(=O)C#Cc1ccccc1,methyl phenylpropynoate,1.072,1.023,3.731,1.29,0.164,0.154,291.0,308.0
C#Cc1ccc(C=C)cc1,p-ethynylstyrene,0.909,0.869,2.97,1.128,0.095,0.0899,215.5,238.0
O=C1C=CC(=O)c2ccccc21,"1,4-naphthaquinone",1.187,1.136,1.432,0.581,0.14,0.132,204.6,229.4
Oc1ccc2ccccc2c1O,"1,2-naphthalenediol",1.291,1.244,56.545,11.254,0.252,0.24,306.0,322.0
CC(C)(C)CC(C)(C)C,"2,2,4,4-tetramethylpentane",0.70361,0.6522,0.91,0.506,0.093,0.0839,275.06,311.38
Oc1cc(O)c2ccccc2c1,"1,3-naphthalenediol",1.3,1.251,55.385,11.191,0.254,0.241,312.0,327.0
Oc1ccc(O)c2ccccc12,"1,4-naphthalenediol",1.296,1.248,54.012,10.417,0.253,0.24,309.0,325.0
Oc1cc2ccccc2cc1O,"2,3-naphthalenediol",1.3,1.251,55.385,11.191,0.254,0.241,312.0,327.0
CCCOCC(O)COOC(C)(C)C,"1-(1,1-dimethylethylperoxy)-3-propoxy-2-propanol",1.303,1.255,55.257,11.155,0.255,0.242,314.0,329.0
O=C1CC(c2ccccc2)C(=O)O1,Monophenyl succinic anhydride,1.409,1.352,13.485,3.476,0.207,0.197,288.0,309.0
C=C(C)C#Cc1ccccc1,(3-methyl-3-buten-1-ynyl)benzene,0.9113,0.8696,3.073,1.15,0.142,0.134,279.0,299.1
CCC(C)CC(C)(C)C,"2,2,4-trimethylhexane",0.70021,0.6512,0.785,0.491,0.102,0.0927,279.0,314.4
Cc1cccc2ccccc12,1-methylnaphthalene,1.00455,0.9595,2.08,0.892,0.191,0.18,230.77,257.9
Cc1ccc2ccccc2c1,2-methylnaphthalene,0.991,0.94491,1.683,0.769,0.156,0.151,229.91,254.68
C=CCC#Cc1ccccc1,4-penten-1-ynlbenzene,0.9271,0.8844,2.049,0.814,0.149,0.14,249.0,272.8
c1c#cc2c(c#1)CC=CCC2,"benzocyclohepta-1,3,6-triene",1.002,0.955,3.493,1.393,0.202,0.19,237.0,262.2
C1=CC=C2C=CC=CC(=C1)C2,bicyclo[4.4.1]undecapentaene,0.968,0.917,1.539,0.556,0.428,0.4,232.5,257.1
CCOC(=O)C=Cc1ccccc1,ethyl trans-3-phenylpropenoate,1.03222,0.9809,3.778,1.223,0.166,0.156,315.0,340.0
CCCCOC(C)C(=O)OCC,ethyl 2-butoxypropanoate,0.8952,0.8337,1.787,0.732,0.151,0.138,357.0,384.0
C=C(C)C(=O)OCc1ccccc1,benzyl methacrylate,1.0217,0.9719,1.685,0.792,0.147,0.138,311.0,337.3
CC(=O)c1ccccc1C(C)C,2'-isopropylacetophenone,0.959,0.912,4.588,1.513,0.149,0.14,298.0,325.8
CC1CCCc2ccccc21,1-methyltetralin,0.9436,0.8978,1.95,0.88,0.124,0.117,254.0,283.7
CCC/C=C/c1ccccc1,1-phenyl-1-pentene,0.899,0.853,3.56,1.137,0.148,0.139,281.0,307.4
C/C=C(\C)OCc1ccccc1,(E)-2-benzyloxy-2-butene,0.958,0.906,1.43,0.706,0.149,0.139,298.0,324.6
CO/C(C)=C/c1cccc(C)c1,(E)-2-methoxy-1-(3-methylphenyl)-1-propene,0.992,0.943,3.024,1.156,0.141,0.132,316.0,339.8
CO/C(C)=C(\C)c1ccccc1,(E)-2-methoxy-3-phenyl-2-butene,0.899,0.857,3.115,1.074,0.132,0.124,263.0,294.2
C/C=C(/C)OCc1ccccc1,(Z)-2-benzyloxy-2-butene,0.958,0.906,1.43,0.706,0.149,0.139,298.0,324.6
CC=Cc1ccc(C)c(C)c1,"1,2-dimethyl-4-(1-propenyl)benzene",0.992,0.943,3.024,1.156,0.141,0.132,316.0,339.8
CC=Cc1ccc(C)cc1C,"1,3-dimethyl-4-(1-propenyl)benzene",0.899,0.857,3.115,1.074,0.132,0.124,263.0,294.2
CCCCCC(=O)OC(C)C,1-methylethyl hexanoate,0.8375,0.7843,1.001,0.544,0.133,0.123,313.0,343.5
CCC=Cc1ccc(OC)cc1,1-(1-butenyl)-4-methoxybenzene,0.964,0.9179,2.282,0.872,0.151,0.142,301.0,325.8
CC(=O)c1cc(C)c(C)cc1C,"1-(2,4,5-trimethylphenyl)ethanone",0.978,0.932,2.045,0.912,0.131,0.124,316.0,339.8
CCCCC(=O)c1ccccc1,1-phenyl-1-pentanone,0.961,0.915,6.452,2.077,0.167,0.157,303.0,328.5
CC(=O)c1c(C)cc(C)cc1C,"2',4',6'-trimethylacetophenone",0.959,0.912,1.773,0.844,0.13,0.122,306.0,330.7
C=C(CC)OCc1ccccc1,2-benzyloxy-1-butene,0.956,0.904,1.297,0.653,0.145,0.135,300.0,326.7
C=C(Cc1cccc(C)c1)OC,2-methoxy-3-(3-methylphenyl)-1-propene,1.0,0.947,2.4,0.94,0.138,0.129,327.0,349.9
CC(C)OC(=O)CC(C)(C)C,"1-methylethyl 3,3-dimethylbutanoate",0.8206,0.7653,1.389,0.653,0.119,0.109,319.0,350.9
C=C(OC)C(C)c1ccccc1,2-methoxy-3-phenyl-1-butene,0.917,0.868,1.745,0.726,0.138,0.129,279.0,310.2
CC1(c2ccccc2)CCCO1,2-methyl-2-phenyltetrahydrofuran,1.0027,0.9522,5.984,1.922,0.141,0.132,273.0,304.2
CC(C)=C(C)Oc1ccccc1,2-methyl-3-phenoxy-2-butene,0.952,0.899,1.376,0.701,0.136,0.127,298.0,324.8
CCCC(C)OC(=O)C(C)C,1-methylbutyl 2-methylpropanoate,0.916,0.854,1.114,0.527,0.129,0.118,319.0,350.3
CC(=O)c1cccc(C(C)C)c1,3'-isopropylacetophenone,0.981,0.934,5.097,1.606,0.151,0.142,311.0,337.0
CCCC(=O)OC(CC)CC,1-ethylpropyl butanoate,0.931,0.872,1.386,0.619,0.136,0.125,323.0,352.6
C=C(Oc1ccccc1)C(C)C,3-methyl-2-phenoxy-1-butene,0.949,0.896,1.686,0.703,0.139,0.13,298.0,325.9
COC1(OC)CC1c1ccccc1,"(2,2-dimethoxycyclopropyl)- benzene",0.965,0.918,2.176,1.013,0.152,0.143,388.0,377.0
CC(C)=Cc1ccc(C)cc1,1-methyl-4-(2-methyl-1-propenyl)benzene,0.878,0.831,3.075,1.023,0.122,0.114,273.0,300.8
C=C(C)c1ccc(C)c(C)c1,"1-isopropenyl-3,4-dimethylbenzene",0.9046,0.854,0.807,0.48,0.108,0.101,292.0,317.8
C=C(C)c1cccc(C)c1C,"1-isopropenyl-2,3-dimethylbenzene",0.8827,0.8388,2.832,0.906,0.105,0.099,266.0,294.9
CCC1CCc2ccccc21,1-ethylindan,0.9261,0.8826,2.807,1.088,0.126,0.119,259.0,287.7
CCOC(=O)C=C(O)c1ccccc1,"2-Propenoic acid, 3-hydroxy-3-phenyl-, ethyl ester",1.24,1.18,5.645,2.034,0.185,0.175,343.0,366.0
CCO[C@H]1CO[C@@H](C(C)C)OC1,"cis-5-ethoxy-2-(1-methylethyl)-1,3-dioxane",1.026,0.966,3.314,1.232,0.157,0.145,324.0,353.6
CCOC(=O)CC(=O)c1ccccc1,ethyl .beta.-oxobenzenepropanoate,1.09848,1.0444,6.372,2.298,0.185,0.175,343.0,366.0
CC(=O)CC(=O)OCc1ccccc1,"3-oxobutanoic acid, benzyl ester",1.23,1.18,4.065,1.61,0.184,0.174,342.0,365.0
COC(=O)/C=C\c1ccccc1OC,methyl cis-3-(2-methoxyphenyl)propenoate,1.1213,1.0729,7.045,1.957,0.17,0.16,346.0,367.0
CO[C@@H]1OCC[C@H](C(C)(C)C)O1,"cis-4-(1,1-dimethylethyl)-2-methoxy-1,3-dioxane",1.014,0.955,4.635,1.518,0.145,0.135,316.0,347.7
COC(=O)/C=C/c1ccccc1OC,methyl trans-3-(2-methoxyphenyl)propenoate,1.1235,1.0754,7.833,2.139,0.171,0.162,348.0,369.0
Cc1cccc2c1CCCC2,"1,2,3,4-tetrahydro-5-methylnaphthalene",0.9569,0.912,2.09,0.932,0.119,0.112,262.0,290.3
CC(C)(C)OC(=O)OC(C)(C)C,"carbonic acid, bis(1,1-dimethylethyl) ester",0.957,0.893,2.612,0.929,0.124,0.113,343.0,373.4
COC[C@H]1CO[C@H](C(C)C)OC1,"1,3-dioxane, 5-(methoxymethyl)-2-(1-methylethyl)-, trans-",1.04,0.98,3.558,1.316,0.159,0.147,332.0,360.9
CO[C@@H]1OCC[C@@H](C(C)(C)C)O1,"1,3-dioxane, 4-(1,1-dimethylethyl)-2-methoxy-, trans-",1.014,0.955,4.635,1.518,0.145,0.135,316.0,347.7
CC=C(CC)c1ccccc1,(1-ethyl-1-propenyl)benzene,0.862,0.804,1.067,0.609,0.135,0.125,284.0,310.7
CC1(c2ccccc2)CCC1,(1-methylcyclobutyl)benzene,0.9047,0.858,3.979,1.317,0.127,0.119,265.0,294.0
CCC1CC1c1ccccc1,"(2-ethylcyclopropyl)benzene,",0.9032,0.8549,2.325,0.795,0.131,0.123,269.0,298.6
C/C=C/CCc1ccccc1,(E)-3-pentenylbenzene,0.8603,0.8147,1.139,0.626,0.148,0.138,280.0,307.1
CC=Cc1cc(C)ccc1C,"1,4-dimethyl-2-(1-propenyl)benzene",0.9132,0.8687,3.833,1.163,0.125,0.117,284.0,309.8
Cc1cccc2c1CCC2C,"1,4-dimethylindan",0.953,0.909,3.673,1.111,0.114,0.107,260.0,288.3
CCC=Cc1cccc(C)c1,1-(1-butenyl)-3-methylbenzene,0.8748,0.8309,1.6,0.794,0.138,0.129,288.0,313.2
CCC=Cc1ccc(C)cc1,1-(1-butenyl)-4-methylbenzene,0.8753,0.8312,1.599,0.782,0.137,0.129,286.0,311.3
C=C(C)c1ccc(CC)cc1,1-ethyl-4-(1-methylethenyl)benzene,0.88,0.8356,2.841,0.945,0.116,0.109,260.0,290.5
C/C=C/c1ccc(CC)cc1,1-ethyl-4-(1-propenyl)benzene,0.8916,0.8467,3.926,1.252,0.137,0.128,283.0,309.5
CCCCOCCOCCOCCO,2-(2-(2-butoxyethoxy)ethoxy)ethanol,0.9709,0.9171,5.047,1.603,0.197,0.181,467.0,486.0
CCCC(O)(CC)CCC,1-ethyl-1-propyl-1-butanol,0.8179,0.7655,7.214,1.424,0.124,0.115,338.0,365.8
CCCC[C@@H](C)CC(=O)OCC,(S)-ethyl 3-methylheptanoate,0.8489,0.7972,1.767,0.765,0.138,0.127,352.0,384.0
CC(C)C1CC(C)(C)C1C,"1,1,2-trimethyl-3-(1-methylethyl)cyclobutane",0.744,0.6948,1.156,0.475,0.096,0.0885,280.3,316.6
C=CC(C)(C)OCCC(C)C,"1,1-dimethyl-2-propenyl 3-methylbutyl ether",0.7715,0.7206,1.387,0.638,0.126,0.116,347.0,377.3
CCC(C)(C)OCC=C(C)C,"1,1-dimethylpropyl 3-methyl-2-butenyl ether",0.7981,0.748,2.005,0.816,0.121,0.111,330.0,361.3
CCC[C@H](C)CCCCO,(R)-5-methyl-1-octanol,0.856,0.807,14.019,2.23,0.137,0.127,344.0,369.9
CCCCCCCCC1CO1,"1,2-epoxydecane",0.925,0.869,1.005,0.529,0.145,0.133,356.0,383.0
C=COCCCCCCCC,1-(ethenyloxy)octane,0.7872,0.7379,1.042,0.556,0.147,0.135,342.0,370.0
C=C(OCC(C)(C)C)C(C)C,"1-butene, 2-(2,2-dimethylpropoxy)-3-methyl-",0.811,0.75,0.999,0.493,0.11,0.1,333.0,367.0
CCCCC[C@H](C)CCO,(R)-3-methyl-1-octanol,0.867,0.816,14.994,2.328,0.138,0.128,351.0,376.0
C=CCC(O)(CCC)CCC,"1-hepten-4-ol, 4-propyl-",0.888,0.834,23.649,2.758,0.132,0.122,374.0,401.0
CC1CCC(C(C)C)C(O)C1,"(1.alpha.,2.beta.,5.alpha.)-5-methyl-2-(1-methylethyl)cyclohexanol",0.822,0.774,1.91,0.814,0.119,0.11,318.0,352.9
CCCCC(C)(C)OCC1CO1,"((1,1-Dimethylpentyloxy)-methyl)oxirane",0.985,0.927,3.452,1.079,0.143,0.132,370.0,399.0
CC(C)C(C)C(=O)C(C)(C)C,"2,2,4,5-tetramethyl-3-hexanone",0.848,0.792,1.203,0.606,0.126,0.116,330.0,364.9
CCOC(=O)CCC[C@@H](C)CC,(R)-ethyl 5-methylheptanoate,0.8511,0.7992,1.762,0.763,0.138,0.127,352.0,384.0
CCC(C)(C)OC(=O)C(C)(C)C,"1,1-dimethylpropyl 2,2-dimethylpropanoate",0.921,0.862,2.28,0.916,0.111,0.102,349.0,384.4
CC/C=C\CCCCCC,(Z)-3-decene,0.7288,0.6809,0.933,0.514,0.134,0.123,312.0,342.3
CCC(C)C(=O)OC(C)(C)CC,"1,1-dimethylpropyl 2-methylbutanoate",0.928,0.87,1.724,0.759,0.122,0.113,351.0,386.0
CCCCC(=O)OC(C)(C)CC,"1,1-dimethylpropyl pentanoate",0.916,0.858,2.183,0.851,0.126,0.116,345.0,378.8
CCCCC(C)C(C)OC(C)=O,"1,2-dimethylhexyl ethanoate",0.8386,0.7856,1.55,0.7,0.132,0.121,350.0,384.0
CC(C)CC(=O)OC(C)C(C)C,"1,2-dimethylpropyl 3-methylbutanoate",0.926,0.868,1.436,0.634,0.127,0.117,350.0,385.0
CCCCC(=O)OC(C)C(C)C,"1,2-dimethylpropyl pentanoate",0.923,0.864,1.408,0.637,0.132,0.121,350.0,384.0
CCCCCCC1(C)OCCO1,"1,3-dioxolane, 2-hexyl-2-methyl-",0.901,0.853,2.331,1.184,0.146,0.136,341.0,372.0
CC(=O)OC(C)CCCC(C)C,"1,5-dimethylhexyl ethanoate",0.8328,0.7802,1.561,0.705,0.132,0.121,350.0,384.0
CCCCC(OC(C)=O)C(C)C,1-(1-methylethyl)pentyl ethanoate,0.8579,0.8037,1.515,0.684,0.132,0.121,350.0,384.0
CCCC(CC(C)C)OC(C)=O,1-(2-methylpropyl)butyl ethanoate,0.8612,0.8067,1.51,0.682,0.132,0.121,350.0,384.0
CCCCC(CCCC)OC=O,1-butylpentyl methanoate,0.8538,0.8025,3.162,1.159,0.156,0.144,377.0,404.0
CCC(CCC(C)C)OC(C)=O,1-ethyl-4-methylpentyl ethanoate,0.8387,0.7857,1.55,0.7,0.132,0.121,350.0,384.0
C=COCCOCCOCCCC,2-butoxyethyl 2-ethenyloxyethyl ether,0.999,0.941,1.902,0.935,0.182,0.168,401.0,424.0
COC(C)[C@H]1CO[C@@H](C(C)C)OC1,"cis-5-methoxyethyl-2-(1-methylethyl)-1,3-dioxane",1.039,0.982,4.62,1.629,0.161,0.15,364.0,395.0
CCC/C=C\CCCCC,(Z)-4-decene,0.73035,0.6821,0.931,0.513,0.134,0.123,312.0,342.5
C/C=C\CCCCCCC,(Z)-2-decene,0.7336,0.6867,0.954,0.524,0.135,0.124,312.0,342.4
CC/C=C/CCCCCC,(E)-3-decene,0.72517,0.6764,0.938,0.517,0.134,0.123,312.0,342.2
COC(=O)CCCCCCC(=O)OC,dimethyl octanedioate,1.006,0.956,3.777,1.423,0.16,0.15,380.0,409.0
CCC(C)(CC(C)C)OC,"1-ethyl-1,3-dimethylbutyl methyl ether",0.7963,0.742,1.118,0.553,0.118,0.108,310.0,342.1
CCCCOC(=O)C(=O)OCCCC,dibutyl ethanedioate,0.9701,0.9144,3.299,1.29,0.163,0.151,384.4,421.0
CCCC(C(=O)OCC)C(=O)OCC,diethyl propylpropanedioate,0.9688,0.9125,4.129,1.403,0.154,0.143,383.0,413.0
CCCCCC(C(=O)OC)C(=O)OC,dimethyl pentylpropanedioate,0.9865,0.9335,4.866,1.607,0.156,0.145,387.0,416.0
CCCOC(=O)C(C)C(=O)OCCC,dipropyl methylpropanedioate,0.9687,0.9131,4.129,1.402,0.154,0.143,383.0,413.0
CC(C)(C)/C=C/C(C)(C)C,"(E)-2,2,5,5-tetramethyl-3-hexene",0.698,0.6533,1.39,0.674,0.102,0.094,297.0,325.0
CCCOC(=O)CCC(=O)OCCC,dipropyl succinate,0.9871,0.9349,3.242,1.251,0.162,0.15,389.0,418.0
CCCCOC(=O)CCCCC(=O)O,monobutyl adipate,1.021,0.972,12.821,3.076,0.171,0.16,414.0,437.0
CC(=O)OCCOCCOCCOC(C)=O,triethylene glycol diacetate,1.368,1.298,7.31,2.234,0.198,0.185,449.0,472.0
C#CC#CC#CC#CC#C,"1,3,5,7,9-decapentayne",0.94,0.89,4.043,1.528,0.0822,0.0774,241.3,248.2
CCC(C)(C)C1CCCC1,"(1,1-dimethylpropyl)cyclopentane",0.793,0.7502,2.522,1.0,0.11,0.102,275.0,311.2
CCCC(C)C1CCCC1,(1-methylbutyl)cyclopentane,0.7881,0.744,2.284,0.833,0.118,0.11,277.0,312.5
CC1CC(C)C(C)C(C)C1,"(1.alpha.,2.alpha.,4.alpha.,5.beta.)-1,2,3,5-tetramethylcyclohexane",0.768,0.721,1.302,0.527,0.106,0.098,264.6,301.3
CC(C)(C)C=CC(C)(C)C,"(Z)-2,2,5,5-tetramethyl-3-hexene",0.716,0.669,1.145,0.583,0.1,0.0919,284.8,322.4
CC(C)C1CCC(C)C1C,"(1.alpha.,2.alpha.,3.alpha.)-1,2-dimethyl-3-(1-methylethyl)cyclopentane",0.788,0.7375,0.901,0.461,0.109,0.1,286.0,321.0
CC(C)CCC1CCCC1,(3-methylbutyl)cyclopentane,0.7725,0.7253,2.136,0.813,0.119,0.11,285.0,319.5
CCCCC=CCCCC,(E)-5-decene,0.72735,0.6792,0.935,0.515,0.134,0.123,311.9,342.0
C/C=C/CCCCCCC,(E)-2-decene,0.72806,0.6797,0.961,0.53,0.135,0.124,312.0,341.7
COC(C)CCCC(C)C,"1,5-dimethylhexyl methyl ether",0.7774,0.7226,0.965,0.484,0.128,0.116,312.0,343.0
CC[C@H](C)C1CCCCC1,(R)-(+)-sec-butylcyclohexane,0.7964,0.7472,1.657,0.83,0.121,0.111,294.0,327.7
CCCCCOC(C)(C)C,"1,1-dimethylethyl pentyl ether",0.7538,0.7003,1.393,0.614,0.123,0.112,313.0,343.2
COCC1(C)OCC(C(C)C)CO1,"cis-2-(methoxymethyl)-2-methyl-5-(1-methylethyl)-1,3-dioxane",1.018,0.963,4.617,1.62,0.149,0.139,352.0,385.0
CCCCCCCOC(=O)CCO,heptyl 3-hydroxypropanoate,0.9164,0.8693,6.984,1.956,0.163,0.15,411.0,436.0
CCCCOC(C)C(=O)OCCC,propyl 2-butoxypropanoate,0.894,0.8398,2.796,1.048,0.155,0.143,414.0,439.0
CCCCOCCCCCOC,1-butoxy-5-methoxypentane,0.8291,0.7795,1.544,0.949,0.162,0.149,383.0,409.0
CCC[C@@H](C)[C@@H](C)CCC,"(R*,S*)-4,5-dimethyloctane",0.733,0.685,0.846,0.467,0.116,0.106,308.0,346.5
CCCCCC(CC)CCO,"1-octanol, 3-ethyl-",0.734,0.685,0.817,0.453,0.11,0.101,314.0,352.6
CCCC(OC(C)C)OC(C)C,"1,1-bis(1-methylethoxy)butane",0.872,0.81,1.365,0.654,0.139,0.126,369.0,402.0
CC(C)COC(C)OCC(C)C,"1,1-bis(2-methylpropoxy)ethane",0.80374,0.7492,1.617,0.761,0.14,0.128,373.0,405.0
CCC(C)OC(C)OC(C)CC,"1,1-bis(1-methylpropoxy)ethane",0.872,0.813,1.491,0.701,0.14,0.127,367.0,400.0
CC(C)OC(OC(C)C)C(C)C,"1,1-diisopropoxy-2-methylpropane",0.863,0.802,1.263,0.611,0.133,0.121,365.0,400.0
CCCOC(CCC)OCCC,"1,1-dipropoxybutane",0.886,0.828,1.693,0.797,0.152,0.139,373.0,403.0
CC(C)COCCOCC(C)C,"1,2-di(isobutoxy)ethane",0.8032,0.7526,1.868,0.864,0.145,0.133,360.0,393.0
CCCCC(CC)(CO)C(C)O,"1,3-butanediol, 2-butyl-2-ethyl-",0.969,0.92,35.088,5.217,0.149,0.138,419.0,446.0
CCCOCCCCOCCC,"1,4-dipropoxybutane",0.825,0.7747,1.697,0.891,0.159,0.147,375.0,402.0
CCCCCC(O)CCCCO,"1,5-decanediol",0.989,0.942,53.589,7.113,0.169,0.157,437.0,460.0
CCCCCCCOCC(O)CO,"3-(heptyloxy)-1,2-propanediol",1.05,1.001,7.238,1.998,0.184,0.17,448.0,471.0
CCCC(CO)C(CO)CCC,"2,3-dipropyl-1,4-butanediol",0.9225,0.8795,119.241,12.507,0.162,0.15,425.0,451.0
CCC(CO)CCC(CC)CO,"2,5-diethyl-1,6-hexanediol",0.9202,0.8767,104.325,10.836,0.161,0.15,423.0,449.0
CCCC(C)(O)CC(O)C(C)C,"2,5-dimethyl-3,5-octanediol",0.8942,0.8455,17.893,3.075,0.14,0.13,407.0,438.0
CCCOCC(O)COC(C)(C)C,1-Tert-butoxy-3-propoxy-2-propanol,0.972,0.918,4.63,1.569,0.152,0.141,406.0,435.0
CC[C@@H](C)[C@@H](C)C(C)C,"2,3,4-trimethylhexane",0.7225,0.6726,1.08,0.461,0.108,0.099,285.0,319.9
CC(C)CC(C)C(C)C,"2,3,5-trimethylhexane",0.7057,0.6545,0.992,0.428,0.108,0.098,284.9,321.0
CCCCCCOCCOCCO,"3,6-dioxadodecanol-1",0.91702,0.8691,4.362,1.611,0.176,0.163,428.0,451.0
OCCOCCOCCOCCOCCO,"3,6,9,12-tetraoxatetradecane-1,14-diol",1.1106,1.0654,24.671,4.496,0.186,0.1823,524.0,553.0
COCCOCCOCCOCCOC,"2,5,8,11,14-pentaoxapentadecane",0.99304,0.93786,2.43,1.039,0.16,0.156,452.4,493.0
CCCC(C)C(C)(C)C,"2,2,3-trimethylhexane",0.7177,0.671,1.198,0.507,0.103,0.0939,281.9,317.2
CCCC(C)(C)C(C)C,"2,3,3-trimethylhexane",0.7187,0.6681,1.252,0.539,0.104,0.0944,287.7,324.3
CCCCCCCOC(=O)CO,heptyl hydroxyethanoate,0.74164,0.6925,1.106,0.563,0.094,0.086,280.29,315.6
CCCOCCOCCOCCC,bis(2-propoxyethyl) ether,0.8688,0.8183,2.302,1.149,0.178,0.164,408.0,432.0
CC(C)C(C)(C)C(C)C,"2,3,3,4-tetramethylpentane",0.73989,0.6925,1.27,0.534,0.099,0.0905,288.0,323.3
CCC[C@H](C)[C@@H](C)CCC,"(R*,R*)-(.+-.)-4,5-dimethyloctane",0.733,0.685,0.846,0.467,0.116,0.106,312.0,348.3
CCCCC(C)CCCC,(4SR)-ethyl-3-methylheptane,0.735,0.686,0.844,0.466,0.115,0.106,315.0,350.4
CCCCCCCC(C)C,"(3RS,6SR)-dimethyloctane",0.735,0.685,0.803,0.453,0.115,0.105,310.0,347.1
CCC(C)(CC)C(C)C,"2,3-dimethyl-3-ethylpentane",0.715,0.667,1.343,0.57,0.103,0.0947,282.2,317.1
CCCCOCCOCCOC(C)=O,2-(2-butoxyethoxy)ethyl ethanoate,1.1,1.043,3.636,1.438,0.179,0.167,418.0,442.0
C1COCCOCCOCCOCCO1,"1,4,7,10,13-pentaoxacyclopentadecane",1.16,1.111,12.069,5.221,0.206,0.195,388.0,418.0
CCCCCCCCCCO,1-decanol,0.81617,0.77172,8.148,1.752,0.1619,0.1533,391.6,463.3
CCCCCCC(CC)CO,(.+-.)-2-ethyloctanol,0.869,0.819,19.563,2.808,0.139,0.129,375.0,404.0
CCCCCCC(C)CCO,(R)-3-methyl-1-nonanol,0.8144,0.7683,23.33,3.254,0.141,0.13,387.0,415.0
CCCCCCCC(C)(C)O,"1,1-dimethyl-1-octanol",0.7963,0.7481,12.433,2.139,0.127,0.118,370.0,401.0
CCC(C)(C)OCCC(C)C,"1,1-dimethylpropyl 3-methylbutyl ether",0.7665,0.7163,1.461,0.684,0.121,0.111,343.0,377.5
CCCCCCC(CC)OC,1-ethylheptyl methyl ether,0.7785,0.7287,1.477,0.672,0.138,0.127,350.0,381.4
CCC(CC)CC(CC)CO,"1-hexanol, 2,4-diethyl-",0.847,0.799,15.348,2.378,0.131,0.122,360.0,392.0
CCCCC(CO)CCCC,"1-hexanol, 2-butyl-",0.818,0.7703,17.115,2.596,0.139,0.128,378.0,407.0
CCC(CO)CCC(C)(C)C,"1-hexanol, 2-ethyl-5,5-dimethyl-",0.8232,0.7748,14.577,2.323,0.121,0.113,365.0,397.0
CCCC(CO)CC(C)CC,"1-hexanol, 4-methyl-2-propyl-",0.814,0.7681,17.199,2.604,0.132,0.123,365.0,397.0
CC(C)CCC(CO)C(C)C,"1-hexanol, 5-methyl-2-(1-methylethyl)-",0.8186,0.7709,14.659,2.335,0.128,0.118,377.0,408.0
CCCCCCCCCOC,1-methoxynonane,0.777,0.7282,1.223,0.645,0.145,0.133,356.0,385.0
CCC(C)CCCC(C)CO,"1-octanol, 2,6-dimethyl-",0.814,0.7681,19.656,2.994,0.134,0.124,375.0,406.0
CC(C)CCC(C)CCCO,"1-octanol, 4,7-dimethyl-",0.844,0.796,14.218,2.261,0.131,0.122,358.0,390.0
CCCCCCC(C)CC,(+)-3-methylnonane,0.7188,0.6714,0.946,0.521,0.123,0.112,325.0,358.6
CCCCCCCCCCCC(C)=O,2-tridecanone,0.81419,0.76972,2.334,1.039,0.165,0.154,437.0,473.0
CCCC1(C)OCCO1,"1,3-dioxolane, 2-methyl-2-propyl-",0.9421,0.8831,1.804,0.725,0.135,0.124,209.0,250.0
CCCCC(C)(C=C(C)CC)CC,"3-nonene, 5-ethyl-3,5-dimethyl-",0.772,0.7311,2.202,0.93,0.106,0.099,356.0,402.0
CCCCCC(C(=O)OCCC)C(=O)OCCC,dipropyl pentylpropanedioate,0.931,0.885,10.634,3.051,0.164,0.153,508.0,548.0
C=CC1(C)CCC(C(=C)C)CC1C(=C)C,"(1.alpha.,2.beta.,4.beta.)-1-ethenyl-1-methyl-2,4-bis(1-methylethenyl)cyclohexane",0.8684,0.8226,1.175,0.62,0.092,0.086,384.0,431.0
Cc1cc(C(C)(C)C)cc(C(C)(C)C)c1,"1,3-bis(1,1-dimethylethyl)-5-methylbenzene",0.883,0.838,2.605,1.038,0.086,0.08,404.0,449.0
CC(C)c1cc(C(C)C)cc(C(C)C)c1,"1,3,5-tris(1-methylethyl)benzene",0.8393,0.7933,3.105,0.99,0.102,0.096,391.0,437.0
CCOC(=O)CCCCCCCCC(=O)OCC,diethyl decanedioate,0.94769,0.9003,3.751,1.442,0.177,0.166,543.0,577.0
CCCCOC(=O)C(CCC)C(=O)OCCCC,dibutyl propylpropanedioate,0.9188,0.8719,10.775,3.097,0.164,0.153,508.0,548.0
CCCCCOC(=O)CCC(=O)OCCCCC,dipentyl butanedioate,0.9446,0.8974,6.458,2.229,0.169,0.158,504.0,544.0
CCCOC(=O)CCCCCCC(=O)OCCC,dipropyl octanedioate,0.9457,0.8973,7.085,2.34,0.172,0.16,519.0,557.0
C=C(C)CCC(C)(C)c1ccc(C)cc1,"1-methyl-4-(1,1,4-trimethyl-4-pentenyl)benzene",0.8571,0.8169,5.95,1.959,0.13,0.122,396.0,440.0
CCCCCCCc1ccc(C)c(C)c1,"1,2-dimethyl-4-heptylbenzene",0.8589,0.8175,1.281,0.709,0.119,0.112,397.0,438.0
CCCCCCOC(=O)C(=O)OCCCCCC,dihexyl ethanedioate,0.934,0.888,7.281,2.477,0.173,0.161,524.0,561.0
CC(C)COC(=O)CCCCC(=O)OCC(C)C,"hexanedioic acid, bis(2-methylpropyl) ester",0.9338,0.8823,3.886,1.465,0.157,0.147,504.0,547.0
CCCCC(CCC)C1CCCCC1,(1-propylpentyl)cyclohexane,0.8141,0.7713,4.422,1.685,0.128,0.119,410.0,455.0
CCC=C(C#CC1=CCCCC1)CCC,1-(3-propyl-3-hexen-1-ynyl)cyclohexene,0.8633,0.8222,3.359,1.362,0.124,0.116,392.0,438.0
CC(C)CC(C)(C)C(C)c1ccccc1,"(1,2,2,4-tetramethylpentyl)benzene",0.883,0.8386,2.945,1.204,0.12,0.112,406.0,451.0
CCCCCCCCOC(=O)CCCCC(=O)O,monooctyl adipate,1.12,1.07,19.643,5.047,0.175,0.165,514.0,551.0
CC(C)(C)CC(C)(C)C1CCCCC1,"(1,1,3,3-tetramethylbutyl)cyclohexane",0.8278,0.7826,6.161,2.096,0.099,0.093,401.0,450.0
CC(C)CCC(C)(C)C1CCCCC1,"(1,1,4-trimethylpentyl)cyclohexane",0.8363,0.7911,4.185,1.643,0.111,0.103,408.0,455.0
CCC(CC)(CC(C)C)c1ccccc1,"(1,1-diethyl-3-methylbutyl)benzene",0.8571,0.8163,3.384,1.372,0.124,0.116,392.0,438.0
COc1cccc(CCO)c1,2-(3-methoxyphenyl)ethanol,1.129,1.074,10.629,2.793,0.16,0.15,332.0,345.0
CCCCCCCC(C)c1ccccc1,(1-methyloctyl)benzene,0.8482,0.8054,2.712,1.117,0.139,0.13,392.0,436.0
CCCC(CC)(CC)C1CCCCC1,"(1,1-diethylbutyl)cyclohexane",0.8399,0.7953,7.025,2.263,0.118,0.11,415.0,460.0
CCCC(C)(CCC)C1CCCCC1,(1-methyl-1-propylbutyl)cyclohexane,0.8336,0.7894,7.078,2.28,0.118,0.11,415.0,460.0
CCCCOC(=O)CCCCC(=O)OCCCC,dibutyl hexanedioate,0.9461,0.8986,6.765,2.337,0.17,0.159,511.0,550.0
CCCCCCCc1ccc(C)cc1C,"1,3-dimethyl-4-heptylbenzene",0.8558,0.8146,1.402,0.724,0.12,0.113,402.0,443.0
CC(C)CCOC(=O)CCC(=O)OCCC(C)C,bis(3-methylbutyl) butanedioate,0.9421,0.8939,9.235,2.685,0.157,0.147,504.0,547.0
C=C1CCC(C(C)C)C2C=C(C)CCC12,"(1.alpha.,4a.beta.,8a.alpha.)-1,2,3,4,4a,5,6,8a-octahydro-7-methyl-4-methylene-1-(1-methylethyl)naphthalene",0.9015,0.8572,2.773,1.05,0.103,0.096,381.0,426.0
Cc1ccc(C(C)(C)CC(C)C)cc1C,"1,2-dimethyl-4-(1,1,3-trimethylbutyl)benzene",0.8675,0.8267,1.96,0.871,0.096,0.091,381.0,428.0
CC1=C[C@@H]2C(=C(C)CC[C@@H]2C(C)C)CC1,.delta.-cadinene,0.902,0.857,2.993,1.132,0.099,0.093,383.0,428.0
CC(C)=CCCC(C)C1C=CC(C)=CC1,.alpha.-zingiberene,0.88,0.834,2.045,0.911,0.123,0.115,394.0,439.0
CO/C1=C/CCCCCCCCCCC1,(Z)-1-methoxycyclotridecene,0.922,0.878,7.484,3.303,0.146,0.137,401.0,444.0
CCCCCC/C=C(\C=O)CCCCC,2-pentyl-2-nonenal,0.8339,0.7906,3.118,1.353,0.163,0.152,429.5,469.7
C/C1=C\CC/C(C)=C/CC(C)(C)/C=C/C1,"(E,E,E)-2,6,6,9-tetramethyl-1,4,8-cycloundecatriene",0.8799,0.8377,7.728,2.865,0.116,0.109,391.0,435.0
C=C(C)C(=O)OCCCCCCCCCC,decyl 2-methyl-2-propenoate,0.961,0.911,2.289,1.032,0.143,0.133,472.0,511.0
CC(C)CCCC(C)C1CCCC(=O)C1,"3-(1,5-dimethylhexyl)cyclohexanone",0.948,0.901,7.173,2.22,0.148,0.139,420.0,465.0
C=CC(C)=CCC=C(C)CCC=C(C)C,"(E,E)-3,7,11-trimethyl-1,3,6,10-dodecatetraene",0.842,0.8,1.425,0.738,0.123,0.115,413.0,454.0
CCCCCCC(=O)C=CC(CC)CC,3-ethyl-4-dodecen-6-one,0.8369,0.7958,3.585,1.42,0.169,0.158,455.0,493.0
CC(C)(C)[C@H]1CCC(=O)[C@@H](C(C)(C)C)C1,"cis-2,4-bis(1,1-dimethylethyl)cyclohexanone",0.921,0.876,12.161,3.196,0.119,0.112,401.0,449.0
CCCCCCC(=O)OC(=O)CCCCCC,heptanoic anhydride,0.9023,0.8577,4.987,1.865,0.182,0.17,494.0,531.0
CC(C)(C)[C@@H]1CCC[C@H](C(C)(C)C)C1=O,"cis-2,6-bis(1,1-dimethylethyl)cyclohexanone",0.921,0.876,12.161,3.196,0.119,0.112,401.0,449.0
CC(C)(C)[C@@H]1CCC(=O)[C@@H](C(C)(C)C)C1,"trans-2,4-bis(1,1-dimethylethyl)cyclohexanone",0.921,0.876,12.161,3.196,0.119,0.112,401.0,449.0
C=CC(=O)OC(C)CCC(CC)CCCC,4-ethyl-1-methyloctyl 2-propenoate,0.8614,0.8164,3.251,1.213,0.142,0.132,451.0,495.0
CC(C)(C)[C@H]1CCC[C@H](C(C)(C)C)C1=O,"trans-2,6-bis(1,1-dimethylethyl)cyclohexanone",0.921,0.876,12.161,3.196,0.119,0.112,401.0,449.0
CCC(C)(Cc1ccccc1)CC(C)C,"(2-ethyl-2,4-dimethylpentyl)benzene",0.8747,0.8308,3.887,1.565,0.132,0.123,448.0,486.0
CCOC(=O)C(C(=O)CC(C)(C)C)C(C)(C)C,"5,5-dimethyl-2-(1,1-dimethylethyl)-3-oxohexanoic acid, ethyl ester",1.053,0.999,7.028,2.302,0.142,0.133,493.0,536.0
COc1ccc(CCO)cc1,2-(4-methoxyphenyl)ethanol,1.131,1.076,10.61,2.695,0.161,0.15,334.0,347.0
CC(C)CCCC(C)C1CCCCC1,"(1,5-dimethylhexyl)cyclohexane",0.834,0.791,3.957,1.542,0.119,0.111,390.0,439.0
C=CCCCCCCCCCCCC,1-tetradecene,0.75754,0.7152,1.848,0.909,0.141,0.131,433.0,474.0
CCOC(=O)c1ccccc1O,ethyl 2-hydroxybenzoate,1.1102,1.0542,1.824,0.782,0.151,0.142,313.0,331.7
CCCCCCCCC(C)CC(C)C(=O)O,"2,4-dimethyldodecanoic acid",0.874,0.833,14.874,3.962,0.148,0.139,490.0,530.0
CCCCCCCCCCCCCC=O,tetradecanal,0.93,0.884,3.548,1.471,0.172,0.161,486.0,523.0
CCC(C)CCCCCCCCCC(=O)O,11-methyltridecanoic acid,0.97,0.921,14.433,3.909,0.155,0.145,490.0,529.0
CCCCCC1CCCc2ccccc21,1-pentyltetralin,0.9141,0.8738,4.846,1.442,0.131,0.124,377.0,417.0
c1ccc(CCCCC2CCCC2)cc1,1-cyclopentyl-4-phenylbutane,0.9109,0.8705,3.733,1.608,0.145,0.137,379.0,419.0
CCCCCCCC(=O)CCCCCC,7-tetradecanone,0.814,0.773,2.334,1.151,0.167,0.156,466.0,504.0
COc1cccc(OC)c1C,"1,3-dimethoxy-2-methylbenzene",0.995,0.95,2.412,0.842,0.14,0.132,252.0,274.2
CCCCCCCCCCCCC1CO1,dodecyloxirane,0.831,0.789,2.407,1.09,0.156,0.146,486.0,523.0
CC1=Cc2c(C(C)C)ccc(C)c2C1C,"4-(1-methyl-ethyl)-1,2,7-trimethyl-1H-indene",0.8757,0.8346,7.08,2.157,0.108,0.101,390.0,432.0
CCCCCCC(C)OC(=O)CCCCC,1-methylheptyl hexanoate,0.8381,0.7896,4.176,1.558,0.147,0.137,476.0,518.0
CCCCC(CC)CC(C)CC(C)C(=O)O,"2,4-dimethyl-6-ethyldecanoic acid",0.8783,0.837,13.663,3.704,0.142,0.133,487.0,529.0
CCCCC(CC)C(=O)OCC(CC)CC,2-ethylbutyl 2-ethylhexanoate,0.937,0.886,3.308,1.253,0.14,0.131,473.0,518.0
CC1(C)CCCCCCC(C)(C)CC1,"1,1,4,4-tetramethylcyclodecane",0.799,0.759,9.887,3.162,0.1,0.094,361.0,413.0
CCCCCC(C)COC(=O)CC(C)(C)C,"2-methylheptyl 3,3-dimethylbutanoate",0.8334,0.788,3.96,1.51,0.129,0.12,472.0,517.0
CCOc1ccccc1OC,1-ethoxy-2-methoxybenzene,1.0312,0.9778,2.521,1.012,0.162,0.151,313.0,327.5
Cc1cc(C)c(C2CCCCC2)cc1C,"1-cyclohexyl-2,4,5-trimethylbenzene",0.9254,0.8845,3.782,1.583,0.105,0.099,375.0,416.0
CCCCCCCCCC(=O)OCC(C)C,2-methylpropyl decanoate,0.96,0.909,3.646,1.353,0.147,0.137,476.0,519.0
CCCCCCCC(C)CC(C)CC(=O)O,"3,5-dimethyldodecanoic acid",0.8781,0.838,14.805,4.057,0.148,0.139,486.0,527.0
CCCCCCCCCC(=O)OCCCC,butyl decanoate,0.84632,0.8007,2.599,1.211,0.154,0.143,484.0,524.0
CCCCCCCCCC(=O)OC(C)(C)C,"decanoic acid, 1,1-dimethylethyl ester",0.8757,0.8289,5.938,1.93,0.133,0.124,461.0,506.0
CC(C)CCCCCCCCC(C)C,"2,11-dimethyldodecane",0.75527,0.7129,1.336,0.616,0.127,0.118,455.0,499.0
CCCCCCCCCCC(=O)CCC,4-tetradecanone,0.813,0.772,2.337,1.153,0.166,0.156,462.0,500.0
CCC1(CC)Cc2cc(C)cc(C)c2C1,"1H-indene, 2,2-diethyl-2,3-dihydro-4,6-dimethyl-",0.967,0.923,2.482,1.062,0.096,0.09,392.0,430.0
CCCCCCCCCCCC(=O)CC,3-tetradecanone,0.813,0.773,2.46,1.151,0.166,0.155,460.0,498.0
CCCCCCCCCCC=C(C)C,2-methyl-2-tridecene,0.7595,0.7189,1.264,0.723,0.128,0.12,423.0,466.0
CCC1(c2ccccc2)OCC(C(C)C)CO1,"trans-2-ethyl-5-(1-methylethyl)-2-phenyl-1,3-dioxane",1.076,1.027,9.201,3.213,0.154,0.145,427.0,469.0
CC(C)C1C(C(C)C)C(C)(C)C1(C)C,"1,1,2,2-tetramethyl-3,4-bis(1-methylethyl)cyclobutane",0.7888,0.7453,1.648,0.738,0.081,0.076,400.0,449.0
CCOC(=O)C=Cc1ccco1,ethyl 2-furanacrylate,1.224,1.162,2.288,0.904,0.169,0.159,297.0,316.1
CCCCCCC(C)C1CCCCC1,2-cyclohexyloctane,0.80962,0.76738,2.841,1.174,0.13,0.121,435.0,476.0
CCCCCCCOC(=O)Cc1ccccc1,heptyl phenylethanoate,0.9476,0.905,3.377,1.436,0.158,0.149,409.0,452.0
CCCCCCCCOC(=O)c1ccccc1,octyl benzoate,0.9506,0.908,3.787,1.542,0.162,0.153,428.0,468.0
CC1(C)CCCCCC(C)(C)CCC1,"1,1,5,5-tetramethylcyclodecane",0.794,0.756,9.95,3.175,0.099,0.093,358.0,410.0
CCCCCCCCCCCCC(C)=O,2-tetradecanone,0.834,0.793,2.638,1.185,0.17,0.158,478.0,515.0
CC(=O)C(C(C)=O)C1C2CC3CC(C2)CC1C3,"3-(2-adamantyl)pentane-2,4-dione",1.224,1.172,3.84,1.365,0.171,0.161,441.0,478.0
CC(=O)C(C(C)=O)C12CC3CC(CC(C3)C1)C2,"3-(1-adamantyl)pentane-2,4-dione",1.077,1.036,10.214,2.51,0.153,0.146,379.0,425.0
CCCCC1CCCCC1CCCC,"1,2-dibutylcyclohexane",0.8108,0.7682,2.097,1.054,0.127,0.118,408.0,452.0
CC(C)(C)C1CCCC(C(C)(C)C)C1,"1,3-di-tert-butylcyclohexane",0.8166,0.7713,2.572,1.063,0.087,0.081,350.0,406.0
CCC(C)C1CCC(C(C)CC)CC1,"1,4-bis(1-methylpropyl)cyclohexane",0.852,0.806,2.582,1.129,0.116,0.108,405.0,452.0
CCOC(=O)c1cccc(O)c1,ethyl 3-hydroxybenzoate,1.147,1.0957,32.258,5.75,0.153,0.145,300.0,319.5
Cc1ccc2c(c1)C(C)(C)C(C)(C)C2C,"1H-indene, 2,3-dihydro-1,1,2,2,3,6-hexamethyl-",0.954,0.91,2.411,1.022,0.086,0.082,380.0,421.0
CC1CCC(C(C)C)C(C(C)(C)C)C1,1-tert-butyl-2-isopropyl-5-methylcyclohexane,0.802,0.762,2.618,1.142,0.097,0.091,373.0,425.0
Cc1cccc(C)c1C,"1,2,3-trimethylbenzene",0.87848,0.8285,1.56,0.579,0.125,0.1126,222.4,248.5
C/C(=C\C(C)(C)C(C)(C)C)C(C)(C)C,"2,2,3,5,5,6,6-heptamethyl-3-heptene",0.78668,0.7439,2.533,1.102,0.077,0.072,385.0,438.0
C=C(C)CCCCCCCCCCC,2-methyl-1-tridecene,0.7617,0.7204,1.234,0.694,0.125,0.116,423.0,466.0
CC(C)C(C)CC=C(C=O)C(C)C(C)C,"2-heptenal, 2-(1,2-dimethylpropyl)-5,6-dimethyl-",0.849,0.8046,3.534,1.33,0.138,0.128,420.6,455.0
Cc1ccc(C(C)(C)CC(C)C)c(C)c1,"1,3-dimethyl-4-(1,1,3-trimethylbutyl)benzene",0.8709,0.83,1.952,0.855,0.096,0.09,380.0,427.0
CCC(C)C=Cc1ccc(C(C)C)cc1,1-(1-methylethyl)-4-(3-methyl-1-pentenyl)benzene,0.8647,0.8243,4.048,1.444,0.13,0.122,389.0,431.0
CCC(C1CCCCC1)C1CCCCC1,"1,1'-propylidenebiscyclohexane",0.8833,0.845,5.638,1.858,0.123,0.116,389.0,440.0
CCCC(CCC)Cc1ccccc1,(2-propylpentyl)benzene,0.836,0.7925,2.392,1.009,0.14,0.131,380.0,419.0
CCCC(C)(C)CCc1ccccc1,"(3,3-dimethylhexyl)benzene",0.8496,0.8063,4.355,1.538,0.13,0.122,381.0,420.0
O=C(OC(=O)C1CCCCC1)C1CCCCC1,cyclohexanecarboxylic anhydride,1.15,1.1,9.565,3.182,0.17,0.159,418.0,459.0
CC1CCC(CC2CCCCC2)CC1C,"1,2-dimethyl-4-(cyclohexylmethyl)cyclohexane",0.8643,0.8239,2.661,1.456,0.111,0.105,380.0,432.0
COC(OC)c1ccccc1,"toluene, .alpha.,.alpha.-dimethoxy-",0.995,0.9418,2.211,0.956,0.161,0.151,303.0,311.6
C=CCCCCCCCCCCCC=C,"1,14-pentadecadiene",0.7732,0.733,2.328,1.05,0.149,0.138,474.0,513.0
CC(C)(C1CCCCC1)C1CCCCC1,"2,2-dicyclohexylpropane",0.8945,0.8559,9.055,2.419,0.112,0.106,381.0,433.0
CCCCc1ccccc1CCCC,"1,2-dibutylbenzene",0.8505,0.8082,2.234,1.027,0.133,0.124,377.0,415.0
CCc1c(C)c(C)c(C)c(C)c1CC,"1,2-diethyl-3,4,5,6-tetramethylbenzene",0.9166,0.875,5.564,1.566,0.078,0.074,360.0,399.0
COC(=O)C1CC2=CCC1C2,exo-5-methoxycarbonylbicyclo[2.2.1]heptene,1.088,1.028,1.324,0.506,0.134,0.125,238.9,266.8
CCCCCCCCCCC1=CCCC1,1-decylcyclopentene,0.8159,0.7747,2.451,1.097,0.134,0.125,435.0,479.0
CC1=CCC(C(C)C)C2CC(C)CCC12,"2,8-dimethyl-5-(1-methylethyl)bicyclo[4.4.0]-2-decene",0.8843,0.8404,2.827,1.047,0.107,0.1,387.0,435.0
CCCCc1cccc(CCCC)c1,"1,3-dibutylbenzene",0.917,0.87,2.181,1.0,0.136,0.127,398.0,433.0
CCCCC#CC(=O)CCCCCCCC,5-pentadecyn-7-one,0.8428,0.8033,6.407,2.116,0.176,0.166,484.0,519.0
CC(C)(C)c1cc(O)c(O)c(C(C)(C)C)c1,"4,6-di-tert-butylpyrocatechol",1.021,0.979,156.709,22.472,0.109,0.102,436.0,477.0
CC(C)=C1C(=C(C)C)C(C)(C)C1(C)C,"1,1,2,2-tetramethyl-3,4-bis(1-methylethylidene)cyclobutane",0.8262,0.777,0.968,0.541,0.066,0.0612,389.0,431.0
C=C1CCCC2(C)CCC(C(C)C)CC12,7-methylene-1-methyl-4-(1-methylethyl)bicyclo[4.4.0]decane,0.8879,0.8433,2.703,1.02,0.098,0.092,390.0,438.0
C=CC(C)CCC(C)C1C=CC(C)CC1,"3-(1,4-dimethyl-5-hexenyl)-6-methylcyclohexene",0.8447,0.8005,2.604,1.062,0.131,0.122,433.0,477.0
C=C(C)C1C(C)(C)C=C(C)CC1(C)C,"1,3,3,5,5-pentamethyl-4-(1-methylethenyl)cyclohexene",0.852,0.8058,1.185,0.633,0.084,0.079,386.0,428.0
CCC(CC)=C1CCC1=C(CC)CC,"1,2-bis(1-ethylpropylidene)cyclobutane",0.8397,0.7929,1.131,0.618,0.098,0.091,391.0,432.0
CC(CC1CCCCC1)C1CCCCC1,"1,1'-(1-methyl-1,2-ethanediyl)biscyclohexane",0.8694,0.8308,5.912,1.938,0.1146,0.1089,396.0,453.0
C1CCC(CCCC2CCCCC2)CC1,"1,1'-(1,3-propanediyl)biscyclohexane",0.8588,0.8187,5.636,1.979,0.13,0.123,398.0,446.0
CCCCC(CC)Cc1ccccc1,(2-ethylhexyl)benzene,0.8543,0.811,3.043,1.245,0.146,0.136,407.0,442.0
Cc1cc(C)c(C(C)C)cc1C(C)C,"1,3-dimethyl-4,6-bis(1-methylethyl)benzene",0.8584,0.816,1.864,0.833,0.097,0.09,380.0,420.0
CCC(CC)(CC)Cc1ccccc1,"(2,2-diethylbutyl)benzene",0.8533,0.8098,3.985,1.408,0.128,0.12,370.0,410.0
CC(C)CC(C)(C)Cc1ccccc1,"(2,2,4-trimethylpentyl)benzene",0.8559,0.8116,3.271,1.368,0.13,0.122,417.0,452.0
CCCCCCCCc1ccccc1O,2-octylphenol,0.9246,0.882,42.18,7.937,0.155,0.143,453.0,483.0
CC(C)(C)c1cc(O)cc(C(C)(C)C)c1,"3,5-di-tert-butylphenol",1.01,0.962,74.257,11.435,0.107,0.099,447.0,483.0
CCCCC(CCC)c1cccc(O)c1,3-(1-propylpentyl)phenol,0.972,0.929,63.786,9.903,0.143,0.133,417.0,454.0
CCCC(C)C(C)(C)c1ccc(O)cc1,"4-(1,1,2-trimethylpentyl)phenol",0.9538,0.9132,40.889,7.775,0.124,0.117,398.0,440.0
CCC(C)CC(C)(C)c1ccc(O)cc1,"4-(1,1,3-trimethylpentyl)phenol",0.9398,0.8994,39.37,7.449,0.124,0.116,397.0,439.0
CC(C)CCC(C)(C)c1ccc(O)cc1,"4-(1,1,4-trimethylpentyl)phenol",0.9374,0.8971,38.404,7.246,0.123,0.116,396.0,438.0
CC(C)C1CCCCC1C1CCCCC1,"2-(1-methylethyl)-1,1'-bicyclohexyl (high boiling isomer)",0.891,0.8515,5.948,1.938,0.118,0.111,386.0,438.0
CCCCCCC(C)c1ccccc1,(1-methylheptyl)benzene,0.84255,0.7979,2.003,0.924,0.142,0.132,389.0,427.0
CC(C)(C)c1cccc(C(C)(C)C)c1O,"2,6-bis(1,1-dimethylethyl)phenol",0.9416,0.9013,116.822,15.533,0.129,0.122,401.0,441.0
CC(C)C1CCC2(C)CCCC(C)C2C1,"1,5-dimethyl-8-(1-methylethyl)bicyclo[4.4.0]decane",0.8763,0.8348,2.739,1.234,0.096,0.09,387.0,439.0
CCC(CC)C(C)(C)c1ccc(O)cc1,"4-(1,1-dimethyl-2-ethylbutyl)phenol",0.9538,0.9128,38.792,7.34,0.124,0.116,397.0,439.0
CCCCCC(C)(C)c1ccc(O)cc1,"4-(1,1-dimethylhexyl)phenol",0.9362,0.8962,72.634,11.27,0.129,0.122,401.0,441.0
CCCCC(CCC)c1ccc(O)cc1,4-(1-propylpentyl)phenol,0.996,0.951,59.237,9.253,0.145,0.135,436.0,470.0
CCCC(C)C(C)(C)c1ccccc1,"(1,1,2-trimethylpentyl)benzene",0.8719,0.827,2.409,1.052,0.122,0.114,367.0,410.0
CCC(C)CC(C)(C)c1ccccc1,"(1,1,3-trimethylpentyl)benzene",0.859,0.815,2.561,1.08,0.123,0.115,368.0,410.0
C(CCC1CCCC1)CCC1CCCC1,"1,5-dicyclopentylpentane",0.8473,0.806,2.478,1.365,0.136,0.127,430.0,474.0
CC(C)CCC(C)(C)c1ccccc1,"(1,1,4-trimethylpentyl)benzene",0.8563,0.812,2.452,1.084,0.122,0.115,368.0,410.0
CCCCCC(C)(C)c1ccccc1,"(1,1-dimethylhexyl)benzene",0.8619,0.8187,4.061,1.441,0.128,0.12,367.0,408.0
CCc1ccc(CC)c(CC)c1CC,"1,2,3,4-tetraethylbenzene",0.8739,0.8298,1.133,0.615,0.107,0.1,414.0,461.0
CCc1cc(CC)c(CC)c(CC)c1,"1,2,3,5-tetraethylbenzene",0.8658,0.821,1.143,0.633,0.108,0.1,402.0,436.0
CCc1cc(CC)c(CC)cc1CC,"1,2,4,5-tetraethylbenzene",0.8676,0.8229,1.118,0.632,0.108,0.101,399.0,426.0
Cc1cc(O)ccc1C(C)(C)CC(C)(C)C,"3-methyl-4-(1,1,3,3-tetramethylbutyl)phenol",0.911,0.872,15.368,4.243,0.12,0.113,374.0,424.0
CCCCC1=CCCC(CCCC)=C1,"1,3-dibutyl-1,3-cyclohexadiene",0.899,0.85,2.002,0.965,0.128,0.119,408.0,445.0
C#CCCCCCCCCCCCC,1-tetradecyne,0.838,0.794,5.251,1.889,0.1,0.093,428.0,466.0
C1CCC(CCCCC2CCCC2)C1,"1,4-dicyclopentylbutane",0.8474,0.806,2.242,1.179,0.132,0.124,388.0,430.0
Cc1ccc(CC(C)C)c(O)c1CC(C)C,"5-methyl-2,6-bis(2-methylpropyl)phenol",0.9099,0.8704,35.169,6.434,0.111,0.103,433.0,476.0
C=CCCCCCCCCCCC=C,"1,13-tetradecadiene",0.765,0.692,1.961,0.968,0.146,0.136,440.0,477.0
CC(C)CC(C)CC(C)c1ccc(O)cc1,4-nonylphenol,0.9357,0.8938,148.552,4.699,0.153,0.142,465.0,501.0
CCCCCCCC(C)c1ccc(O)cc1,4-(1-methyloctyl)phenol,0.9207,0.8808,81.46,12.489,0.143,0.134,441.0,481.0
Cc1cc(CC(C)C)c(O)c(CC(C)C)c1,"4-methyl-2,6-bis(2-methylpropyl)phenol",0.9011,0.862,36.622,6.729,0.111,0.104,436.0,478.0
CCCC(CC)(CCC)c1ccccc1,(1-ethyl-1-propylbutyl)benzene,0.9195,0.878,52.202,9.453,0.157,0.145,479.0,514.0
CCCCCCCCC1=CCCCC1,1-octylcyclohexene,0.8284,0.7868,2.897,1.296,0.133,0.124,399.0,440.0
CC(C)(C)C1=CC(C(C)(C)C)CCC1,"1,3-bis(1,1-dimethylethyl)cyclohexene",0.8196,0.7746,4.026,1.472,0.094,0.087,388.0,435.0
C=CCC=CCCCCCCCCC,"1,4-tetradecadiene",0.7793,0.7374,1.796,0.868,0.147,0.137,425.0,463.0
C=C(C)CCC1CCC2CC1(C)C2(C)C,"1,7,7-trimethyl-2-(3-methyl-3-butenyl)bicyclo[3.1.1]heptane",0.874,0.8302,1.716,0.795,0.087,0.081,395.0,442.0
CCCCCCCCCOc1ccccc1,nonyloxybenzene,0.8809,0.8367,3.292,1.195,0.164,0.154,414.0,456.0
Cc1cc(C(C)(C)C)cc(C(C)(C)C)c1O,"2,4-bis(1,1-dimethylethyl)-6-methylphenol",0.9185,0.8769,55.525,9.009,0.09,0.084,453.0,495.0
CC(C)(C)C1=CCCC(C(C)(C)C)C1,"1,5-bis(1,1-dimethylethyl)cyclohexene",0.8203,0.7753,4.023,1.47,0.094,0.087,389.0,436.0
CCCCCCC(OCC)c1ccccc1,1-ethoxy-1-phenylheptane,0.8863,0.8433,4.4,1.577,0.157,0.147,417.0,459.0
CCC1CCC2(C)CCCC(C)C2C1,"1,5-dimethyl-8-ethylbicyclo[4.4.0]decane",0.8565,0.8127,1.296,0.738,0.107,0.1,371.0,417.0
CC1CC(C)C(C2CCCC2)C(C)C1,"1-cyclopentyl-2,4,6-trimethylcyclohexane",0.8639,0.8222,2.315,1.046,0.111,0.105,362.0,408.0
CC(C)C1CCC(C)C2CCCCC12,1-isopropyl-4-methyldecahydronaphthalene,0.8684,0.8254,2.188,0.981,0.114,0.107,384.0,428.0
CCCCCCCCCC1CCCC1,1-nonylcyclopentane,0.877,0.831,1.938,0.903,0.133,0.124,407.0,448.0
CCC(C)C1CCCC2CCCCC21,1-sec-butyldecahydronaphthalene,0.898,0.854,3.341,1.288,0.1032,0.0989,356.0,404.0
CC(C)(C)C1CCCC2CCCCC21,1-tert-butyldecahydronaphthalene,0.8838,0.8425,4.809,1.688,0.107,0.1,362.0,410.0
CCCCC1=C(CCCC)CCCC1,"1,2-dibutylcyclohexene",0.861,0.817,1.742,0.894,0.118,0.11,394.0,437.0
Cc1cc(O)c(C(C)(C)C)cc1C(C)(C)C,"m-cresol, 4,6-di-tert-butyl-",0.9393,0.8973,54.296,8.804,0.09,0.084,436.0,480.0
C1CCC2CC3CCCCC3CC2C1,"anthracene, tetradecahydro-, stereoisomer",0.85413,0.813,3.594,1.454,0.13,0.122,380.0,423.0
CCC1CCCC=C1C1CCCCC1,1-cyclohexyl-6-ethyl-1-cyclohexene,0.9133,0.8695,3.066,1.403,0.121,0.114,350.0,395.0
C=C(C)C1CCC2(C)CCCC(C)C2C1,"1,5-dimethyl-8-(1-methylethenyl)bicyclo[4.4.0]decane",0.893,0.8479,1.904,0.885,0.098,0.092,388.0,436.0
CC1=CCCC2(C)CCC(C(C)C)CC12,"1,4a-dimethyl-7-(1-methylethyl)-3,4,4a,5,6,7,8,8a-octahydronaphthalene",0.8739,0.8309,2.746,1.035,0.101,0.094,381.0,430.0
CCCC1C(CC)=CC(CC)=CC1CC,"1,3,5-triethyl-6-propyl-1,3-cyclohexadiene",0.8382,0.7951,1.909,0.843,0.115,0.108,414.0,457.0
CC1C2CCCCC2C2CCCCC12,9-methylperhydrofluorene,0.953,0.909,4.617,1.43,0.1083,0.1032,338.0,384.0
CCCOc1cccc(O)c1,3-propoxy-phenol,1.125,1.07,24.0,4.486,0.16,0.149,330.0,345.0
CCCC1=C(CC)C2CCCCC2CC1,"1,2,4a,5,6,7,8,8a-octahydro-3-propyl-4-ethylnaphthalene",0.8781,0.8358,2.05,0.897,0.11,0.103,390.0,436.0
C1CCC(C2CCC(C3CCCC3)C2)C1,"1,1':3',1''-tercyclopentane",0.8966,0.8567,3.185,1.414,0.123,0.116,373.0,417.0
CC1=CCCC(C)CCC(C)(C)C=CC1,"(E,E)-2,6,6,9-tetramethyl-1,4-cycloundecadiene",0.8623,0.8163,4.059,1.838,0.118,0.11,414.0,459.0
COc1cc(C(C)(C)CC(C)(C)C)ccc1O,"phenol, 2-methoxy-4-(1,1,3,3-tetramethylbutyl)-",1.003,0.957,94.716,12.539,0.117,0.109,455.0,498.0
CC(C)c1cccc(O)c1O,"3-isopropyl-1,2-dihydroxybenzene",1.121,1.071,31.222,6.162,0.146,0.137,326.0,345.0
CCCCOC(OCCCC)c1ccccc1,(dibutoxymethyl)benzene,0.989,0.938,4.55,1.706,0.173,0.161,445.0,485.0
CC(C)c1cc(C(C)C)c(O)c(C(C)C)c1,"phenol, 2,4,6-tris(1-methylethyl)-",0.9392,0.8958,31.942,6.028,0.111,0.102,480.0,518.0
C1CC[C@@H]2[C@H](C1)CC[C@@H]1CCCC[C@H]12,perhydrophenanthrene,0.931,0.8913,4.791,1.741,0.12,0.113,337.0,382.0
C1CCC(CCC2CCCCC2)CC1,"1,2-dicyclohexylethane",0.861,0.819,5.11,1.716,0.128,0.121,369.0,417.0
C=COC(=O)CCCCC(=O)OCCCCCC,vinyl hexyl adipate,1.1,1.045,5.273,1.818,0.175,0.163,505.0,542.0
C1CCCC(C2CCCCCC2)CC1,"1,1'-bicycloheptyl",0.8938,0.8534,10.629,3.75,0.13,0.123,369.0,414.0
CCCCCCCCCC(=O)OC(C)CC,"decanoic acid, 1-methylpropyl ester",0.96,0.909,3.646,1.353,0.147,0.137,476.0,518.0
CC(C)CC(C)(CC(C)C)C(C)(C)C,"2,4,6-trimethyl-4-(1,1-dimethylethyl)heptane",0.7861,0.7441,2.163,1.008,0.09,0.084,416.0,469.0
CC(C)=CCC1CC(C(C)C)CCC1C,1-(3-methyl-2-butenyl)-2-methyl-5-(1-methylethyl)cyclohexane,0.853,0.807,2.462,1.041,0.109,0.102,410.0,460.0
CCOC(c1ccccc1)c1ccccc1,ethoxydiphenylmethane,1.031,0.986,9.699,2.84,0.165,0.156,349.0,387.0
C1=CC[C@@H]2C=CC[C@@H]2C1,"bicyclo[4.3.0]nona-3,7-diene",0.9107,0.8596,1.241,0.489,0.129,0.121,189.2,217.7
COc1ccc2cc(CCC(C)=O)ccc2c1,"2-butanone, 4-(6-methoxy-2-naphthalenyl)-",1.121,1.079,26.762,6.395,0.235,0.224,408.0,437.0
CCCCOC(=O)c1cccc2ccccc12,"1-naphthalenecarboxylic acid, butyl ester",1.063,1.02,7.056,2.549,0.228,0.216,431.0,460.0
c1ccc(Cc2cc3ccccc3o2)cc1,2-benzylbenzofuran,1.082,1.04,11.091,2.885,0.177,0.168,289.0,328.0
C=CC1CC2C=CC1C2,5-ethenylbicyclo[2.2.1]-2-heptene,0.871,0.817,0.93,0.392,0.121,0.112,210.6,242.6
CCCOC(=O)Cc1cccc2ccccc12,"1-naphthaleneacetic acid, propyl ester",1.0683,1.0248,6.178,2.244,0.226,0.215,425.0,454.0
COc1c2ccccc2cc2ccccc12,"anthracene, 9-methoxy-",1.206,1.163,7.297,2.494,0.277,0.264,356.0,384.0
C=C/C=C1\CC=CCC1,4-allylidene-cyclohexene,0.8752,0.8205,1.6,0.634,0.134,0.124,247.0,268.9
C=C1C=CC(C)(C)C=C1,"3,3-dimethyl-6-methylene-1,4-cyclohexadiene",0.8224,0.7694,0.912,0.39,0.114,0.105,216.3,243.1
C=C(C)C#CC(C)=CC,"2,5-dimethyl-1,5-heptadien-3-yne",0.7833,0.7364,1.494,0.57,0.117,0.109,241.8,264.7
C(=Cc1ccccc1)Cc1ccccc1,"1,3-diphenyl-1-propene",0.9904,0.952,8.683,2.836,0.167,0.158,335.0,368.0
Cc1cccc(/C=C/c2ccccc2)c1,1-methyl-3-(2-phenylethenyl)benzene,1.0083,0.9647,3.769,1.555,0.151,0.144,325.0,359.0
O=C(/C=C/c1ccccc1)Oc1ccccc1,phenyl cinnamate,1.109,1.065,10.821,2.563,0.181,0.172,358.0,391.0
O=Cc1c2ccccc2cc2ccccc12,anthracene-9-carboxaldehyde,0.9928,0.9506,8.763,2.525,0.153,0.145,317.0,354.0
CC=Cc1ccccc1-c1ccccc1,"1,1'-biphenyl, 2-(1-propenyl)-",0.999,0.958,18.018,4.384,0.211,0.201,319.0,354.0
c1ccc(C2(c3ccccc3)CC2)cc1,"1,1-diphenylcyclopropane",1.0191,0.976,12.756,3.484,0.146,0.138,336.0,370.0
c1ccc(C2Cc3ccccc3C2)cc1,"2,3-dihydro-2-phenyl-1H-indene",1.122,1.076,9.804,2.974,0.147,0.139,346.0,377.0
c1ccc(C2CC2c2ccccc2)cc1,"1,2-diphenylcyclopropane",1.0185,0.9765,11.782,3.379,0.151,0.143,342.0,374.0
CC(C)Oc1ccccc1,(1-methylethoxy)benzene,0.92225,0.8673,1.345,0.611,0.144,0.134,235.3,260.7
CCCCC(=O)c1cccc2ccccc12,"1-pentanone, 1-(1-naphthalenyl)-",1.038,0.9979,8.96,3.307,0.235,0.224,396.0,425.0
C1=C(c2cccc3ccccc23)CCC1,1-(1-cyclopenten-1-yl)naphthalene,1.0508,1.011,13.323,4.154,0.229,0.218,324.0,357.0
C=Cc1ccc(Cc2ccccc2)cc1,1-ethenyl-4-(phenylmethyl)benzene,0.9877,0.9459,3.037,1.247,0.148,0.14,333.0,366.0
CCCCOC(=O)c1ccc2ccccc2c1,"2-naphthalenecarboxylic acid, butyl ester",1.056,1.014,8.049,2.86,0.234,0.222,458.0,483.0
CC=C1CC2C=CC1C2,cis-5-ethylidenebicyclo[2.2.1]hept-2-ene,0.8796,0.8261,1.012,0.412,0.122,0.113,206.7,236.9
C1=C[C@@H]2CCC[C@@H]2C=C1,"cis-bicyclo[4.3.0]nona-2,4-diene",0.9075,0.8533,1.069,0.434,0.13,0.12,199.2,226.7
CCCOC(=O)Cc1ccc2ccccc2c1,propyl (2-naphthyl)acetate,1.059,1.015,7.082,2.562,0.233,0.221,452.0,478.0
Cc1ccc2cc3ccccc3cc2c1,2-methylanthracene,1.152,1.109,9.549,2.885,0.258,0.246,347.0,374.0
C1=C(c2ccccc2)Cc2ccccc21,2-phenyl-1H-indene,1.0667,1.027,14.062,4.382,0.208,0.198,342.0,369.0
CC(C)CCc1cccc2ccccc12,1-(3-methylbutyl)naphthalene,0.99,0.946,4.848,1.691,0.196,0.185,364.0,401.0
COC(=O)c1ccc(OC)cc1,methyl 4-methoxybenzoate,1.2,1.144,4.0,1.241,0.159,0.15,308.0,323.8
CCC(C)(C)c1cccc2ccccc12,"1-(1,1-dimethylpropyl)naphthalene",0.9585,0.9192,12.52,3.264,0.184,0.174,353.0,392.0
Cc1ccc2c(C)ccc(C(C)C)c2c1,"1,6-dimethyl-4-(1-methylethyl)naphthalene",0.9637,0.9213,4.67,1.628,0.172,0.162,381.0,415.0
O=C1c2ccccc2CCc2ccccc21,"10,11-dihydro-5H-dibenzo[a,d]cyclohepten-5-one",1.21,1.169,21.488,5.902,0.162,0.155,326.0,360.0
Cc1ccc2c(C)cc(C(C)C)cc2c1,"1,6-dimethyl-3-(1-methylethyl)naphthalene",0.9517,0.9106,4.623,1.537,0.171,0.162,372.0,407.0
Cc1ccc(C(C)C)c2c(C)cccc12,"1,5-dimethyl-4-(1-methylethyl)naphthalene",0.914,0.877,3.173,1.14,0.159,0.151,318.0,361.0
Cc1cc2ccccc2c2ccccc12,9-methylphenanthrene,1.132,1.089,9.717,2.847,0.256,0.244,324.0,354.0
Cc1cccc2cc3ccccc3cc12,"anthracene, 1-methyl-",1.088,1.0468,10.11,3.057,0.259,0.247,353.0,378.0
CCOc1ccc(C)cc1,1-ethoxy-4-methylbenzene,0.9433,0.8906,1.251,0.55,0.141,0.131,262.9,283.1
CCCc1cccc2c(C)ccc(C)c12,"1,4-dimethyl-5-propylnaphthalene",1.09,1.044,2.661,1.054,0.178,0.168,377.0,411.0
CCc1ccc(CC)c2c(C)cccc12,"1,4-diethyl-5-methylnaphthalene",0.95,0.91,7.895,2.088,0.169,0.16,340.0,379.0
CCOc1ccccc1C,1-ethoxy-2-methylbenzene,0.9367,0.8827,1.1,0.498,0.139,0.129,258.9,279.8
COCCc1ccccc1,(2-methoxyethyl)benzene,0.943,0.889,2.015,0.754,0.151,0.141,251.1,273.0
Cc1ccc2ccc3ccccc3c2c1,"phenanthrene, 3-methyl-",1.133,1.091,9.709,2.841,0.257,0.245,330.0,359.0
CC1=CCCc2c1ccc1c2CCCC1,"1,2,3,4,5,6-hexahydro-8-methylphenanthrene",1.0204,0.979,8.918,2.86,0.14,0.132,354.0,390.0
CCCCCc1cccc2ccccc12,1-pentylnaphthalene,0.9531,0.9124,4.617,1.469,0.203,0.192,374.0,407.0
COC(C)c1ccccc1,(1-methoxyethyl)benzene,0.943,0.888,1.389,0.619,0.146,0.136,251.8,275.1
CC1=CCCc2cc3c(cc21)CCCC3,"1,2,3,4,5,6-hexahydro-8-methylanthracene",1.0095,0.969,9.113,2.993,0.14,0.133,353.0,389.0
CC(=Cc1ccccc1)c1ccccc1,"1-propene, 1,2-diphenyl-, cis-",1.014,0.971,7.495,2.472,0.152,0.144,328.0,362.0
CCCCCc1ccc2ccccc2c1,2-pentylnaphthalene,0.943,0.9014,3.934,1.514,0.204,0.192,407.0,466.0
CC(C)c1ccccc1,1-methylethylbenzene,0.84491,0.79265,0.722,0.429,0.1168,0.1069,221.51,248.6
CC#CCCCC#CC,"2,7-nonadiyne",0.82,0.781,1.439,0.602,0.134,0.126,214.0,237.9
CCc1ccc(C)cc1,1-ethyl-4-methylbenzene,0.8446,0.7944,0.65,0.441,0.123,0.114,224.2,248.0
C=C(C)c1ccc(C)c2ccc(C)cc12,"1,6-dimethyl-4-(1-methylethenyl)naphthalene",0.9602,0.92,2.916,1.174,0.167,0.158,364.0,396.0
COc1ccc(C=Cc2ccccc2)cc1,cis-4-methoxystilbene,1.088,1.046,4.596,1.721,0.169,0.161,358.0,388.0
Cc1ccccc1C(C=O)c1ccccc1,"ethanal, 2-phenyl-2-o-tolyl-",1.0922,1.0469,7.599,2.388,0.169,0.161,365.0,398.0
Cc1cccc(C)c1Cc1ccccc1,"1,3-dimethyl-2-(phenylmethyl)benzene",1.006,0.962,2.386,0.988,0.133,0.125,350.0,384.0
C=C1CCC12CCC2=C,"1,5-dimethylenespiro[3.3]heptane",0.81,0.759,0.914,0.382,0.095,0.0876,216.5,243.0
CC(C)(c1ccccc1)c1ccccc1,"2,2-diphenylpropane",0.9852,0.9419,4.263,1.486,0.142,0.134,343.0,381.0
Cc1ccc(CCc2ccccc2)cc1,1-(4-methylphenyl)-2-phenylethane,1.09,1.042,3.945,1.536,0.156,0.147,407.0,434.0
Cc1cc(C)c(C(=O)c2ccccc2)c(O)c1,"(2-hydroxy-4,6-dimethylphenyl)phenylmethanone",0.9786,0.936,3.27,1.239,0.146,0.137,348.0,382.0
C1=C[C@H]2CC=C[C@H]2CC1,"1H-indene, 3a,4,5,7a-tetrahydro-, (3aR,7aR)-rel-",0.918,0.868,1.362,0.518,0.132,0.123,201.3,228.2
Cc1ccc(Cc2ccccc2)cc1C,"1,2-dimethyl-4-(phenylmethyl)benzene",0.9786,0.9358,2.452,1.015,0.133,0.125,352.0,385.0
Cc1cc(C)cc(C)c1,"1,3,5-trimethylbenzene",0.84887,0.7964,0.634,0.372,0.13188,0.118,215.04,240.7
c1ccc(-c2ccccc2OCC2CO2)cc1,"3-(o-biphenylyloxy)-1,2-epoxypropane",1.228,1.179,11.401,3.393,0.241,0.229,390.0,421.0
Cc1cccc(Cc2ccccc2)c1C,"1,2-dimethyl-3-(phenylmethyl)benzene",1.006,0.962,2.386,0.988,0.133,0.125,350.0,384.0
CCc1ccc(Cc2ccccc2)cc1,(4-ethylphenyl)phenylmethane,0.9644,0.9227,2.302,1.105,0.147,0.139,356.0,390.0
CO/C(=C\c1ccccc1)c1ccccc1,"(Z)-1-methoxy-1,2-diphenylethylene",0.9793,0.936,2.349,0.972,0.132,0.125,349.0,383.0
c1ccc(CCCc2ccccc2)cc1,"1,3-diphenylpropane",0.972,0.928,3.374,1.336,0.162,0.153,339.9,387.0
CC(Cc1ccccc1)c1ccccc1,"1,2-diphenylpropane",0.9632,0.9161,3.779,1.279,0.152,0.143,337.0,375.0
C1=C\C/C=C\C/C=C\C/1,"1,4,7-cyclononatriene, (1Z,4Z,7Z)-",0.879,0.826,1.308,0.702,0.137,0.127,193.6,223.0
CCOc1ccc(C(=O)C=Cc2ccco2)cc1,"acrylophenone, 4'-ethoxy-3-(2-furyl)-",1.221,1.175,13.923,4.085,0.208,0.198,414.0,443.0
CC(C)=C(C)c1cccc2ccccc12,"1-(1,2-dimethyl-1-propenyl)naphthalene",0.9905,0.951,4.644,1.788,0.186,0.176,368.0,400.0
CC=C(CC)c1cccc2ccccc12,1-(1-ethyl-1-propenyl)naphthalene,1.0212,0.9801,4.211,1.632,0.199,0.188,363.0,396.0
Cc1oc2cc3ccccc3c-2c(C)c1C,"4,5,6-trimethyl-2,3-benzoxalene",1.138,1.086,2.021,0.866,0.203,0.19,352.0,385.0
COc1ccc(C(C)c2ccccc2)cc1,1-(4-methoxyphenyl)-1-phenylethane,1.0285,0.9855,6.417,2.131,0.154,0.146,360.0,396.0
C=C(Cc1ccccc1)c1ccccc1,"2,3-diphenyl-1-propene",1.035,0.99,6.57,2.222,0.149,0.141,338.0,372.0
C#CCCCCCC#C,"1,8-nonadiyne",0.801,0.754,2.185,0.968,0.0595,0.0552,254.5,276.0
O=C(Cc1ccccc1)Cc1ccccc1,"1,3-diphenyl-2-propanone",1.051,1.011,25.69,6.528,0.182,0.173,343.0,378.0
C=C(C)c1ccccc1-c1ccccc1,2-isopropenylbiphenyl,0.995,0.952,3.618,1.576,0.194,0.183,323.0,359.0
CCC1c2ccccc2-c2ccccc21,9-ethyl-9H-fluorene,1.0409,1.0,8.454,2.6,0.197,0.187,349.0,379.0
CC1(C)c2ccccc2-c2ccccc21,"9H-fluorene, 9,9-dimethyl-",1.068,1.029,8.427,2.624,0.179,0.171,315.0,350.0
Cc1ccc(C)c(C)c1,"1,2,4-trimethylbenzene",0.85961,0.8099,1.443,0.543,0.12419,0.1109,219.44,241.3
CCc1ccc(C(=O)c2ccccc2)cc1,4-ethylbenzophenone,1.07,1.029,5.981,2.235,0.172,0.164,355.0,388.0
CCc1cccc(C)c1,1-ethyl-3-methylbenzene,0.84797,0.796,1.557,0.616,0.123,0.114,221.8,245.2
CO/C(=C/c1ccccc1)c1ccccc1,"(E)-1-methoxy-1,2-diphenylethylene",1.077,1.031,7.521,2.522,0.167,0.158,351.0,384.0
CCc1ccccc1C,1-ethyl-2-methylbenzene,0.86399,0.8117,1.62,0.628,0.124,0.114,228.0,249.8
Cc1cc(C)c(-c2ccccc2)c(C)c1,"2,4,6-trimethyl-1,1'-biphenyl",0.9643,0.9207,3.111,1.369,0.18,0.17,347.0,382.0
Cc1ccc(C(=O)c2ccccc2)cc1C,"3,4-dimethylbenzophenone",1.079,1.038,6.117,2.216,0.161,0.152,363.0,395.0
Cc1ccccc1-c1c(C)cccc1C,"2,2',6-trimethyl-1,1'-biphenyl",0.981,0.941,15.291,3.719,0.178,0.169,333.0,370.0
Cc1ccc(C(C)c2ccccc2)cc1,1-(4-methylphenyl)-1-phenylethane,0.9735,0.931,5.547,1.826,0.14,0.132,343.0,380.0
CCc1ccccc1Cc1ccccc1,(2-ethylphenyl)phenylmethane,0.9979,0.958,4.309,1.67,0.198,0.188,361.0,394.0
Cc1ccc(C(=O)c2ccc(C)cc2)cc1,"4,4'-dimethylbenzophenone",1.079,1.036,6.117,2.317,0.16,0.152,360.0,392.0
O=C(O)C(Cc1ccccc1)c1ccccc1,"propionic acid, 2,3-diphenyl-",1.092,1.043,3.663,1.438,0.156,0.147,409.0,435.0
CCc1cc(CC)c2ccccc2c1C,"2,4-diethyl-1-methylnaphthalene",0.9694,0.928,2.785,1.153,0.177,0.168,377.0,410.0
CCC(C)(C)c1ccc2ccccc2c1,"2-(1,1-dimethylpropyl)naphthalene",0.9618,0.9224,12.477,3.361,0.184,0.174,355.0,393.0
CCCCCCCCC(C)CC(C)C,"2,4-dimethyldodecane",0.7479,0.7061,1.966,0.928,0.126,0.117,445.0,492.0
CCCC=C(CCCC)c1ccccc1,(1-butyl-1-pentenyl)benzene,0.8739,0.8334,2.289,1.068,0.142,0.134,384.0,425.0
CCCCCCCCCCC(C)(C)CO,"1-dodecanol, 2,2-dimethyl-",0.8234,0.7826,145.737,14.056,0.133,0.123,471.0,515.0
CCCCCCCCCCCCOCC,1-ethoxydodecane,0.7891,0.747,2.661,1.178,0.156,0.145,488.0,526.0
CCCCCCC(CC)OCCCCC,1-ethylheptyl pentyl ether,0.7876,0.7432,3.555,1.332,0.147,0.137,471.0,513.0
CCCCCCCC(CO)CCCCC,"1-nonanol, 2-pentyl-",0.8274,0.7867,105.149,11.313,0.147,0.136,485.0,526.0
CC(C)CCCCCCCCCCCO,"1-tridecanol, 12-methyl-",0.905,0.862,143.646,13.921,0.149,0.138,490.0,530.0
CCC(C)c1ccc2c(c1)C(C)(C)CC2,"1,1-dimethyl-6-(1-methylpropyl)indan",0.917,0.876,3.49,1.244,0.099,0.094,358.0,403.0
CCC1=C(C)c2cc(C)ccc2C(C)C1,"1,2-dihydro-3-ethyl-1,4,6-trimethylnaphthalene",0.9299,0.8891,2.688,1.136,0.088,0.083,367.0,409.0
CC1=Cc2c(C)ccc(C(C)C)c2C1C,"1,2,4-trimethyl-7-(1-methylethyl)indene",0.9482,0.9066,2.742,1.169,0.089,0.084,375.0,416.0
CCCCC=C(CCC)c1ccccc1,(1-propyl-1-hexenyl)benzene,0.8739,0.8334,2.517,1.152,0.146,0.137,402.0,440.0
CCC(C)CCCCCCCCCCO,"1-tridecanol, 11-methyl-",0.8246,0.784,117.633,12.372,0.15,0.137,495.0,535.0
CCOC(=O)C(CC)(C(=O)OCC)c1ccccc1,diethyl ethyl(phenyl)malonate,1.0386,0.9924,32.736,6.852,0.163,0.154,473.0,512.0
CCCCCCCC(O)(C(C)C)C(C)C,"3-decanol, 2-methyl-3-(1-methylethyl)-",0.8422,0.798,30.872,4.887,0.122,0.113,479.0,524.0
CCCCCC(C)(O)CCCC(C)(C)C,"2,2,6-trimethyl-6-undecanol",0.884,0.836,45.249,6.22,0.118,0.108,482.0,526.0
CCCC(C)(CC)C(C)(CC)CCC,"4,5-diethyl-4,5-dimethyloctane",0.8153,0.7721,85.858,10.491,0.143,0.13,517.0,555.0
CCCCCC/C(C=O)=C/c1ccccc1,"octanal, 2-(phenylmethylene)-",0.993,0.948,3.726,1.477,0.173,0.163,414.0,450.0
CCC(C)(O)CCCCCCC(C)(C)C,"3,10,10-trimethyl-3-undecanol",0.918,0.868,57.734,7.488,0.122,0.112,506.0,547.0
CCCC(O)(C(C)(C)CC)C(C)(C)CC,"3,3,5,5-tetramethyl-4-propyl-4-heptanol",0.8731,0.826,42.378,6.053,0.101,0.093,488.0,534.0
CCCCC(O)(C(C)(C)C)C(C)(C)CC,"3,3-dimethyl-4-(1,1-dimethylethyl)-4-octanol",0.8584,0.8118,43.103,6.159,0.101,0.093,489.0,534.0
CC=CCCC=CCCc1ccccc1,"3,7-nonadienylbenzene",0.8744,0.8326,1.944,0.901,0.162,0.152,373.0,411.0
CCCCC(O)(CC(C)C)C(C)(C)CC,"3,3-dimethyl-4-isobutyl-4-octanol",0.8426,0.7982,30.857,5.011,0.111,0.102,477.0,523.0
CCc1ccc(OC)c(O)c1,5-ethylguaiacol,1.096,1.041,10.036,2.305,0.144,0.135,313.0,330.0
CCCCCCCCCCOCCCC,1-butoxydecane,0.7876,0.7459,2.412,1.099,0.153,0.143,472.0,512.0
Cc1ccc(C(C)C)c2c1CCC(C)C2,"1,2,3,4-tetrahydro-2,5-dimethyl-8-(1-methylethyl)naphthalene",0.9193,0.8793,5.656,1.933,0.1,0.094,379.0,420.0
COc1ccc(C)cc1OC,"1,2-dimethoxy-4-methylbenzene",1.0356,0.9811,1.11,0.55,0.145,0.136,293.0,310.2
CCC(CC)(CC)C(CC)(CC)CC,"3,3,4,4-tetraethylhexane",0.845,0.804,5.207,1.841,0.105,0.098,451.0,490.0
CCCCCCCCCCCC(C)C,2-methyltridecane,0.7466,0.7046,2.036,0.937,0.133,0.124,449.0,493.0
Cc1ccc2c(c1)[C@@H](C(C)C)CC[C@H]2C,"1,6-dimethyl-4-(1-methylethyl)-1,2,3,4-tetrahydronaphthalene",0.9149,0.8748,3.607,1.28,0.104,0.098,352.0,398.0
CCCCCCCC(C)CC(C)CC,"3,5-dimethyldodecane",0.7524,0.7102,1.728,0.831,0.125,0.116,441.0,487.0
CCC(CC)CCCCC(CC)CC,"3,8-diethyldecane",0.7633,0.72,2.358,1.097,0.125,0.116,438.0,484.0
CC(C)C(C)(C)CC(C)(C)C(C)(C)C,"2,2,3,3,5,5,6-heptamethylheptane",0.79,0.749,2.532,1.202,0.08,0.075,424.0,476.0
CCCCCCCCCCC(C)CC,3-methyltridecane,0.7523,0.7107,1.994,0.929,0.132,0.123,446.0,490.0
CCCCC(CCC)(CCC)CCC,"4,4-dipropyloctane",0.7672,0.7267,2.998,1.17,0.115,0.108,418.0,466.0
Cc1ccc(CC(C)C)c2c1CCC2C,"1,4-dimethyl-7-(2-methylpropyl)indan",0.972,0.928,4.012,1.379,0.101,0.095,394.0,433.0
Cc1ccc(C)c(CC2CCCCC2)c1,"1,4-dimethyl-3-(cyclohexylmethyl)benzene",0.9165,0.8767,3.819,1.597,0.118,0.112,374.0,415.0
Cc1ccc(C)c2c1CC(C(C)C)C2C,"1,4,7-trimethyl-2-(1-methylethyl)indan",0.971,0.927,4.119,1.402,0.096,0.09,393.0,432.0
CC(CC(C)(C)C(C)(C)C)C(C)(C)C,"2,2,3,3,5,6,6-heptamethylheptane",0.78715,0.74594,3.619,1.42,0.08,0.074,422.0,475.0
CCC(CC(C)C)C(CC)CC(C)C,"4,5-diethyl-2,7-dimethyloctane",0.7628,0.7187,1.442,0.696,0.111,0.102,424.0,475.0
CC(C)(C)CCCCCCC(C)(C)C,"2,2,9,9-tetramethyldecane",0.796,0.75,2.889,1.173,0.102,0.095,434.0,482.0
CCCCCCCCCCC(C)(C)C,"2,2-dimethyldodecane",0.812,0.766,2.833,1.149,0.12,0.111,441.0,487.0
CC(C)CC(C)(C)C(C)(C)CC(C)C,"2,4,4,5,5,7-hexamethyloctane",0.7776,0.7378,2.315,1.098,0.09,0.085,422.0,474.0
CC(C)CC(C)CC(C(C)C)C(C)C,"2,5,7-trimethyl-3-(1-methylethyl)octane",0.7613,0.7177,1.576,0.766,0.108,0.1,439.0,489.0
CCCCCCCC(C)CCC(C)C,"2,5-dimethyldodecane",0.7473,0.7051,1.74,0.823,0.125,0.116,441.0,486.0
CC(C)CCC(CC(C)C)CC(C)C,"2,7-dimethyl-4-(2-methylpropyl)octane",0.795,0.748,1.384,0.682,0.112,0.103,433.0,483.0
Cc1ccc(CC2CCCCC2)cc1C,"1,2-dimethyl-4-(cyclohexylmethyl)benzene",0.9373,0.8961,3.627,1.562,0.119,0.112,376.0,417.0
Cc1cc(C)c2c(c1)C(C)CC(C)C2C,"1,2,4,6,8-pentamethyl-1,2,3,4-tetrahydronaphthalene",0.9257,0.8846,2.593,1.085,0.095,0.09,389.0,428.0
CCCCCC(O)(C(C)(C)C)C(C)(C)C,"3-(1,1-dimethlyethyl)-2,2-dimethyl-3-octanol",0.8466,0.8002,41.342,5.999,0.101,0.093,485.0,531.0
CCCCC(CC)CCOCCC(C)C,3-methylbutyl 3-ethylheptyl ether,0.7697,0.728,3.378,1.291,0.141,0.131,467.0,510.0
CCC(CC)c1ccc2ccccc2c1,2-(1-ethylpropyl)-naphthalene,0.974,0.933,5.647,1.929,0.193,0.183,351.0,389.0
O=C(C#Cc1ccccc1)c1ccccc1,"1,3-diphenyl-2-propyn-1-one",1.131,1.088,30.062,6.801,0.193,0.184,353.0,378.0
COc1cc(C)ccc1C,"2,5-dimethylanisole",0.961,0.907,1.665,0.628,0.128,0.12,261.4,281.7
c1cc2c3c(c1)ccc1cccc(c13)C2,benzo[def]fluorene,1.243,1.2,21.722,4.583,0.241,0.231,306.0,335.0
CC1=CC(C)(C)c2c(C)cc(C)c(C)c21,"1,1,3,4,5,7-hexamethylindene",0.983,0.938,2.34,0.97,0.108,0.102,385.0,421.0
CCC/C=C(/C=C/c1ccccc1)CC,"(3-ethyl-1,3-heptadienyl)benzene",0.893,0.852,2.352,1.08,0.153,0.144,382.0,419.0
CC(=C=C(C)C(C)(C)C)c1ccccc1,"(1,3,4,4-tetramethyl-1,2-pentadienyl)benzene",0.8991,0.8595,6.562,2.094,0.267,0.253,361.0,402.0
CCCCCCC=C=Cc1ccccc1,"(1,2-nonadienyl)benzene",0.8827,0.844,2.719,1.197,0.328,0.309,407.0,439.0
COc1ccc(C)cc1C,"1-methoxy-2,4-dimethylbenzene",0.9473,0.8956,1.583,0.614,0.127,0.119,253.6,274.9
CCc1ccc(OC)cc1,1-ethyl-4-methoxybenzene,0.964,0.909,1.234,0.539,0.141,0.131,261.7,282.0
CCc1cc(C)c2ccc(C)cc2c1C,"3-ethyl-1,4,6-trimethylnaphthalene",0.9953,0.9544,3.316,1.362,0.166,0.158,388.0,419.0
O=c1c2ccccc2ccc2ccccc12,"5H-dibenzo[a,d]cyclohepten-5-one",1.271,1.228,20.456,5.619,0.235,0.225,343.0,371.0
C=C(C=C(C)C(C)(C)C)c1ccccc1,"2-phenyl-4,5,5-trimethyl-1,3-hexadiene",0.8855,0.8462,6.211,2.009,0.114,0.108,369.0,411.0
O=c1c(-c2ccccc2)c1-c1ccccc1,diphenylcyclopropenone,1.127,1.093,10.648,3.385,0.214,0.206,269.0,308.0
CC1=C2[C@H]3OC(=O)[C@H](C)[C@H]3CC[C@]2(C)C=CC1=O,santonin,1.33,1.281,6.617,2.03,0.175,0.167,438.0,473.0
CCOC(=O)c1ccc(O)cc1,ethyl 4-hydroxybenzoate,1.158,1.106,31.088,5.425,0.153,0.144,297.0,317.3
CC1(C)C2CC3C(C2)C31c1ccccc1,"2-phenyl-3,3-dimethyltricyclo[2.2.1.0(2,6)]heptane",0.985,0.94,1.117,0.617,0.105,0.099,337.0,377.0
CCCc1cc2ccccc2cc1CC,2-ethyl-3-propylnaphthalene,0.994,0.951,3.421,1.367,0.188,0.178,366.0,401.0
CCc1cc2ccccc2cc1C(C)C,2-ethyl-3-(1-methylethyl)naphthalene,0.992,0.948,5.444,1.899,0.182,0.172,362.0,399.0
CC(C)CCc1ccc2ccccc2c1,2-(3-methylbutyl)naphthalene,0.9595,0.919,6.462,2.067,0.199,0.188,374.0,409.0
Cc1cccc2c1ccc1ccccc12,1-methylphenanthrene,1.141,1.099,9.641,3.003,0.258,0.246,337.0,365.0
CCCC(C)c1ccc2ccccc2c1,2-(1-methylbutyl)naphthalene,0.9519,0.9121,6.198,2.083,0.196,0.186,362.0,399.0
C1=CC(c2ccccc2)c2ccccc21,"1H-indene, 1-phenyl-",1.0744,1.0338,8.842,2.805,0.178,0.169,296.0,330.0
C=C1CCCC(C)(C)C1c1ccccc1,"1,1-dimethyl-2-phenyl-3-methylenecyclohexane",0.9207,0.8778,4.779,1.709,0.117,0.111,358.0,399.0
Cc1ccc(C)c2c1C=C(C(C)C)C2C,"1,4,7-trimethyl-2-(1-methylethyl)indene",0.983,0.937,3.662,1.281,0.127,0.119,385.0,422.0
CC1CCc2cc3c(cc2C1)CCCC3,"2-methyl-1,2,3,4,5,6,7,8-octahydroanthracene",0.9771,0.936,8.597,2.885,0.108,0.102,355.0,394.0
CC(=Cc1ccccc1)C1CCCCC1,2-cyclohexyl-1-phenyl-1-propene,0.9533,0.9103,4.406,1.868,0.138,0.131,359.0,399.0
CCCCC1=Cc2ccccc2C1CC,2-butyl-1-ethylindene,0.97,0.926,2.474,1.037,0.156,0.148,370.0,407.0
CCCCCC=C=Cc1ccc(C)cc1,"1-methyl-4-(1,2-octadienyl)benzene",0.8762,0.8378,3.31,1.397,0.309,0.292,393.0,427.0
CCCCCOCCCCOCCCCC,"1,4-dipentoxybutane",0.8267,0.784,3.508,1.556,0.168,0.157,483.0,523.0
c1ccc(CC2OCOO2)cc1,allylbenzene ozonide,0.942,0.889,1.412,0.551,0.126,0.117,253.2,274.7
CCCCCCC(O)C(CO)CCCCC,"2-pentyl-1,3-nonanediol",0.8878,0.849,168.957,18.846,0.174,0.16,546.0,583.0
CCCCC(CC)COCCCCCCO,6-(2-ethylhexyloxy)-1-hexanol,0.964,0.917,9.129,2.508,0.167,0.154,518.0,556.0
CC(C)CC(C)(OOC(C)(C)C)OOC(C)(C)C,"2,2-bis(tert-butyldioxy)-4-methylpentane",1.016,0.951,3.839,1.577,0.142,0.129,544.0,587.0
CCCCCCCCOCCOCCOCCO,2-[2-[2-(octyloxy)ethoxy]ethoxy]ethanol,0.939,0.896,13.845,4.353,0.219,0.199,594.0,622.0
CCCCOCCOCCOCCOCCCC,"5,8,11,14-tetraoxaoctadecane",1.058,1.007,2.647,1.152,0.209,0.196,556.0,589.0
CCCCCCOCCOCCOCCOCCO,"3,6,9,12-tetraoxaoctadecan-1-ol",0.974,0.93,16.427,4.946,0.235,0.214,609.0,637.0
COCCOCCOCCOCCOCCOC(C)C,"18-Methyl-2,5,8,11,14,17-hexaoxanonadecane",1.159,1.106,15.531,4.702,0.239,0.225,603.0,633.0
CCCCOCCOCCOCCOCCOCCO,pentaethylene glycol monobutyl ether,1.017,0.972,20.649,6.173,0.265,0.239,654.0,677.0
CC12CCCCC1c1ccccc1CC2,"10a-methyl-1,2,3,4,4a,9,10,10a-octahydrophenanthrene",0.9917,0.9518,13.109,3.677,0.117,0.111,342.0,384.0
CCC=C(CCC)CCCCCC,4-propyl-3-decene,0.7577,0.7145,1.109,0.658,0.128,0.119,398.0,437.0
CCCCCCC1C=Cc2ccccc21,1-hexylindene,0.982,0.938,4.684,1.599,0.171,0.162,380.0,416.0
c1ccc2c(c1)CCC2C1CCCCC1,"1-cyclohexyl-2,3-dihydro-1H-indene",0.9792,0.9402,17.361,4.467,0.128,0.121,340.0,382.0
C1=Cc2ccc3c4c(ccc1c24)C=C3,cyclopent[fg]acenaphthylene,1.326,1.281,2.489,1.093,0.314,0.301,312.0,333.0
CC1=C(CCCC2CCCCC2)CCC1,1-(3-cyclohexylpropyl)-2-methylcyclopentene,0.8514,0.8121,2.584,1.355,0.125,0.117,400.0,448.0
CC1=CC(C)(C)C(C(C)C)C(C)(C)C1,"(.+-.)-1,3,3,5,5-pentamethyl-4-(1-methylethyl)cyclohexene",0.8517,0.805,1.526,0.683,0.086,0.08,375.0,423.0
CCCCCC(C)c1ccc(O)c(C)c1,2-methyl-4-(1-methylhexyl)phenol,0.9367,0.8955,41.636,7.705,0.13,0.122,420.0,456.0
[2H]c1c([2H])c([2H])c2c(c1[2H])c([2H])c([2H])c1c([2H])c([2H])c([2H])c([2H])c12,phenanthrene,1.118,1.076,10.733,3.346,0.228,0.217,299.0,329.0
CCCCCCCCCCC(CCC)C(=O)O,2-propyldodecanoic acid,0.8665,0.8249,18.465,4.97,0.155,0.146,518.0,560.0
CCCCCCCC(CCCCC)COC=O,2-pentylnonyl methanoate,0.8554,0.8123,9.703,2.831,0.166,0.155,517.0,559.0
CC(C)=C1CCCCC1,(1-methylethylidene)cyclohexane,0.82,0.7705,2.061,0.805,0.11,0.101,242.1,271.3
CCC(CC)=C1CCC1,(1-ethylpropylidene)cyclobutane,0.7929,0.7416,0.719,0.431,0.113,0.103,275.5,300.6
C=C(c1ccccc1)c1ccccc1,"1,1-diphenylethene",1.0073,0.9599,5.262,1.875,0.148,0.139,309.0,344.0
COOC(=O)C=CC(=O)OC(C)(C)C,(E)-4-Tert-butoxy-4-oxo-2-buteneperoxoic acidmethyl ester,1.177,1.114,9.346,2.244,0.166,0.154,367.0,391.0
CCCCCCCCC(CCCCC)C(=O)O,2-pentyldecanoic acid,0.8675,0.825,18.444,4.97,0.155,0.146,518.0,560.0
C/C=C\CCC/C=C\C,"(E,E)-2,7-nonadiene",0.7349,0.6853,0.762,0.423,0.138,0.126,269.5,295.3
C(=Cc1ccccc1)c1ccccc1,"(Z)-1,2-diphenylethene",1.0006,0.958,5.597,1.983,0.162,0.154,245.0,302.0
C1=Cc2cc3ccccc3cc2CC1,"1,2-dihydroanthracene",1.128,1.085,10.638,3.318,0.23,0.219,306.0,335.0
COC(=O)C1CCCC=C1OC,"2-cyclohexene-1-carboxylic acid, 2-methoxy-, methyl ester",0.7779,0.729,1.234,0.494,0.116,0.107,259.1,287.2
Cc1ccc2c(c1C)-c1ccccc1-2,"1,2-dimethylbiphenylene",1.144,1.102,7.517,2.269,0.237,0.226,330.0,355.0
COC(=O)C1CCCC1C(=O)OC,"trans-1,2-cyclopentanedicarboxylic acid, dimethyl ester",1.175,1.114,2.468,0.969,0.149,0.139,319.0,346.4
Cc1cc(O)c2c(=O)c3ccccc3oc2c1,1-hydroxy-3-methylxanthone,1.13,1.087,10.619,3.404,0.199,0.19,310.0,339.0
Cc1cc(C)c2c(c1)-c1ccccc1-2,"1,3-dimethylbiphenylene",1.147,1.105,7.585,2.262,0.238,0.227,333.0,358.0
C1=CCc2c(ccc3ccccc23)C1,"1,4-dihydrophenanthrene",1.121,1.079,10.705,3.429,0.197,0.188,302.0,331.0
Cc1ccc(C)c2c1-c1ccccc1-2,"1,4-dimethylbiphenylene",1.144,1.102,7.517,2.269,0.237,0.226,330.0,355.0
CC(O)c1cc2c(o1)C(=O)c1c(O)cccc1C2=O,"(RS)-8-hydroxy-2-(1-hydroxyethyl)naphtho[2,3-b]furan-4,9-dione",1.144,1.102,7.517,2.269,0.237,0.226,330.0,355.0
Cc1ccc2c(c1)-c1cccc(C)c1-2,"1,6-dimethylbiphenylene",1.147,1.105,7.585,2.262,0.238,0.227,333.0,358.0
CCCCCCCCCCC(C)CCC(=O)O,4-methyltetradecanoic acid,1.02,0.978,21.569,5.317,0.164,0.153,558.0,596.0
Cc1ccc2c(c1)-c1c(C)cccc1-2,"1,7-dimethylbiphenylene",1.147,1.105,7.585,2.262,0.238,0.227,333.0,358.0
Cc1cccc2c1=c1c(C)cccc1=2,"1,8-dimethylbiphenylene",1.144,1.102,7.517,2.269,0.237,0.226,330.0,355.0
CCc1cccc2c1=c1ccccc1=2,1-ethylbiphenylene,1.139,1.097,6.936,2.097,0.249,0.238,326.0,352.0
C=C(CCCC)C1CC1,(1-butylethenyl)cyclopropane,0.7684,0.7178,1.184,0.488,0.113,0.104,264.1,292.3
C1=C/CCCCCCC/1,(E)-cyclononene,0.8453,0.7939,2.484,1.171,0.135,0.124,245.4,274.3
C1=C\CCCCCCC/1,(Z)-cyclononene,0.8611,0.8129,2.555,1.181,0.132,0.123,228.9,259.6
c1ccc2c(c1)C1OOC2c2ccccc21,Anthracene transannular peroxide,1.359,1.306,3.9,1.455,0.157,0.149,322.0,351.0
CCC(CC)CCCCCC(CC)CC,"3,9-diethylundecane",0.7688,0.728,2.406,1.213,0.127,0.118,472.0,520.0
C=C1CC(C)CC(C)C1,"1,3-dimethyl-5-methylenecyclohexane",0.7706,0.7174,1.012,0.432,0.107,0.097,245.8,275.5
CCCCCCCCCCCCC(C)C,2-methyltetradecane,0.7531,0.7143,2.39,1.064,0.132,0.123,478.0,524.0
CC1CC2(C)CC2(C)C1,"1,3,5-trimethylbicyclo[3.1.0]hexane",0.7816,0.725,0.832,0.372,0.094,0.0854,255.3,284.7
CCCCCCCCCCCC(=O)OCC(O)CO,"dodecanoic acid, 2,3-dihydroxypropyl ester",1.14,1.09,87.719,14.679,0.206,0.188,611.0,648.0
CC1=C[C@@H](C)C[C@@H](C)C1,"1,3,5-trimethylcyclohexene",0.7812,0.7284,1.075,0.453,0.111,0.101,245.9,275.0
CC1=CC(C)C(C)CC1,"1,3,4-trimethylcyclohexene",0.7959,0.743,1.106,0.458,0.111,0.102,245.4,274.4
CC1=CC(C)(C)CCC1,"1,3,3-trimethylcyclohexene",0.785,0.73,1.248,0.534,0.105,0.0964,248.1,277.2
CC1=C(C)CCCCC1,"1,2-dimethylcycloheptene",0.8202,0.7703,2.012,0.792,0.109,0.101,241.1,270.1
CCC1=C(CC)CCC1,"1,2-diethylcyclopentene",0.7967,0.7448,1.167,0.47,0.109,0.101,253.0,280.5
CC(C)(C)C1OC(C(C)(C)C)C(C(C)(C)C)O1,"anti-2,4,5-tris(1,1-dimethylethyl)-1,3-dioxolane",0.939,0.887,6.283,2.029,0.102,0.094,471.0,525.0
CCCCCCCCCCC(C)C(C)C,"2,3-dimethyltridecane",0.76,0.7203,2.526,1.055,0.128,0.119,469.0,518.0
CCCCCC(CC(CC)CCCC)C(=O)O,4-ethyl-2-pentyloctanoic acid,0.8739,0.834,17.164,4.556,0.149,0.14,516.0,560.0
CCCCCC(CCC)(CCCC)CC(=O)O,3-butyl-3-propyloctanoic acid,1.021,0.974,41.136,8.419,0.151,0.141,557.0,595.0
CCCCCCCCC(C)CC(C)CC(=O)O,"3,5-dimethyltridecanoic acid",0.8767,0.837,17.11,4.659,0.149,0.14,512.0,556.0
Oc1ccc2cc3ccccc3cc2c1,2-hydroxyanthracene,1.253,1.209,79.808,14.888,0.285,0.271,343.0,367.0
CCCCCCCCCCC(C)(C)CC(=O)O,"3,3-dimethyltridecanoic acid",0.8796,0.8398,38.654,8.216,0.145,0.137,527.0,568.0
CC1=C(C)CC(C)CC1,"1,2,4-trimethylcyclohexene",0.7974,0.7471,1.392,0.549,0.106,0.097,250.3,278.2
CC1=C(C)C(C)CCC1,"1,2,3-trimethylcyclohexene",0.8139,0.7621,1.229,0.499,0.104,0.096,245.2,273.9
Oc1cccc2cc3ccccc3cc12,"anthracene, 1-hydroxy-",1.25,1.206,80.0,14.925,0.285,0.27,341.0,365.0
C=C1CCCC(C)(C)C1,"1,1-dimethyl-3-methylenecyclohexane",0.7775,0.7261,1.26,0.537,0.102,0.0932,241.0,271.3
Oc1c2ccccc2cc2ccccc12,"anthracene, 9-hydroxy",1.242,1.199,80.515,15.013,0.283,0.269,336.0,360.0
CCCC(CC(C)(C)C)OC(=O)CC(C)(C)C,"3,3-dimethyl-1-propylbutyl 3,3-dimethylbutanoate",0.896,0.846,3.571,1.395,0.109,0.101,475.0,528.0
Cc1cccc2c1Cc1ccccc1-2,1-methyl-9H-fluorene,1.133,1.089,5.825,1.837,0.184,0.175,321.0,348.0
CCCCCCC(=O)OC(C)CCCCCC,2-octyl heptanoate,0.8379,0.7901,3.819,1.418,0.14,0.131,461.0,513.0
CCC(C)(C)C(C)(C)CC(C)(C)C(C)C,"2,3,3,5,5,6,6-heptamethyloctane",0.814,0.774,3.808,1.279,0.08,0.075,442.0,498.0
C1=CCC2=C(C1)Cc1ccccc1C2,"1,4,9,10-tetrahydroanthracene",1.075,1.026,4.837,1.754,0.125,0.118,309.0,341.0
Cc1cccc(Cc2ccccc2)c1,1-methyl-3-(phenylmethyl)benzene,0.9775,0.9344,2.465,1.06,0.145,0.136,321.0,352.0
Cc1ccc(Cc2ccccc2)cc1,1-methyl-4-(phenylmethyl)benzene,0.979,0.935,2.176,1.016,0.145,0.136,323.0,354.0
Cc1ccccc1-c1ccccc1C,"2,2'-dimethyl-1,1'-biphenyl",0.97437,0.926,9.237,2.592,0.189,0.178,303.0,336.0
C(#CC1C=CCCC1)c1ccccc1,(2-cyclohexen-1-ylethynyl)benzene,0.9263,0.886,7.233,2.37,0.155,0.147,307.0,340.0
CCCCCCCCCC(CCCC)C(=O)O,2-butylundecanoic acid,0.8667,0.8255,18.461,4.967,0.155,0.146,518.0,560.0
CC#CC(C)(C)C#Cc1ccccc1,"(3,3-dimethyl-1,4-hexadiynyl)benzene",0.9171,0.875,11.994,3.086,0.146,0.138,362.0,388.0
CCCC=C=C=C(C)C,"2-methyl-2,3,4-octatriene",0.7726,0.7172,0.647,0.418,0.423,0.384,296.4,314.6
C=C(C)C=C=CCCC,"2-methyl-1,3,4-octatriene",0.788,0.735,0.622,0.395,0.272,0.249,272.7,294.6
c1ccc2c3c(ccc2c1)CCCC3,"1,2,3,4-tetrahydrophenanthrene",1.0601,1.0183,9.244,2.946,0.19,0.18,287.72,326.55
CCCCCCCCCC(C)CC(C)C(=O)O,"2,4-dimethyltridecanoic acid",0.873,0.833,17.182,4.562,0.149,0.14,516.0,560.0
CC#CCC1CCCC1,2-butynylcyclopentane,0.8308,0.7799,1.204,0.577,0.128,0.118,238.1,263.4
CCCCC(CC)C(=O)OCC(C)(CC)CC,"2,2-diethylpropyl 2-ethylhexanoate",0.924,0.874,4.113,1.487,0.129,0.12,490.0,540.0
CC=COC(=O)C(C)(C)OC(C)=O,propenyl 2-acetoxy-2-methylpropanoate,1.014,0.9567,2.761,0.993,0.154,0.143,336.0,363.2
CCCCCCCCCCCC(=O)OC(C)C,1-methylethyl dodecanoate,0.8377,0.7933,2.937,1.235,0.149,0.139,509.0,553.0
CCCCCCCCCCCC(C)OC(C)=O,1-methyldodecyl ethanoate,0.8413,0.7939,5.111,1.763,0.149,0.139,506.0,551.0
Cc1cccc(C)c1-c1ccccc1,"2,6-dimethyl-1,1'-biphenyl",0.9767,0.932,3.174,1.448,0.189,0.178,307.0,338.0
CCCCCCCCCCC1COC(C)(C)O1,"1,3-dioxolane, 4-decyl-2,2-dimethyl-",0.981,0.932,3.772,1.609,0.15,0.141,492.0,537.0
Cc1cccc(-c2ccccc2)c1C,"2,3'-dimethyl-1,1'-biphenyl",0.9826,0.939,3.46,1.491,0.191,0.18,311.0,342.0
CCc1ccccc1-c1ccccc1,"2-ethyl-1,1'-biphenyl",0.983,0.9391,3.204,1.171,0.202,0.191,308.0,341.0
Cc1ccc(-c2ccccc2)c(C)c1,"2,4'-dimethylbiphenyl",0.979,0.937,12.257,3.415,0.19,0.18,303.0,335.0
CCCC(C)CCCC(C)CCCC(C)=O,"6,10-dimethyl-2-tridecanone",0.8311,0.7897,3.85,1.507,0.157,0.147,497.0,540.0
C=C1CC2CCC1CC2,2-Methylene-bicyclo[2.2.2]-octane,0.8906,0.8411,1.157,0.452,0.108,0.101,202.4,232.7
CC(c1ccccc1)c1ccccc1,"1,1-diphenylethane",0.9846,0.945,2.712,1.125,0.151,0.143,235.0,313.0
CC1=CC2CCC1CC2,2-methylbicyclo[2.2.2]oct-2-ene,0.8808,0.8305,1.169,0.458,0.112,0.105,209.5,238.5
CC1(C)C2C=CC1CC2,"2-norbornene, 7,7-dimethyl-",0.8377,0.785,1.039,0.433,0.11,0.102,219.0,247.5
O=C1CCCCCCCC1=O,"1,2-cyclononanedione",1.1,1.05,4.727,1.81,0.18,0.169,273.0,301.2
CCOC(=O)/C=C(\C)C(=O)OCC,diethyl mesaconate,1.0286,0.972,2.528,1.019,0.152,0.141,344.0,369.0
CCOC(=O)/C=C(/C)C(=O)OCC,diethyl citraconate,1.0228,0.9646,2.542,1.026,0.152,0.141,344.0,369.0
CCOC(=O)C1(C(=O)OCC)CC1,"diethyl 1,1-cyclopropanedicarboxylate",1.0384,0.981,1.637,0.693,0.142,0.132,305.0,346.0
Cc1cc2c(cc1C)-c1ccccc1-2,"2,3-dimethylbiphenylene",1.147,1.105,7.585,2.262,0.238,0.227,333.0,358.0
C=COC(=O)CCCCC(=O)OC,Vinyl methyl adipate,1.116,1.053,2.151,0.855,0.163,0.151,351.0,375.0
O=C(OCc1ccccc1)c1ccccc1,benzyl benzoate,1.1022,1.053,4.718,1.595,0.174,0.165,349.0,380.0
COC(=O)C1CCC(C)=C1OC,2-methoxy-3-methyl-2-cyclopentene-1-carboxylic acid methyl ester,1.115,1.051,1.193,0.514,0.134,0.124,303.0,327.6
CCOC(=O)C1CCC=C1OC,"2-cyclopentene-1-carboxylic acid, 2-methoxy-, ethyl ester",1.13,1.066,1.504,0.657,0.149,0.138,311.0,334.2
CCCCCCCCCCCCC(C)C(=O)O,2-methyltetradecanoic acid,0.868,0.8269,18.433,4.958,0.155,0.146,518.0,560.0
Cc1ccccc1C(=O)c1ccccc1,o-methylbenzophenone,1.094,1.05,4.845,1.905,0.17,0.162,333.0,361.0
O=C(OCc1ccccc1)c1ccccc1O,"benzoic acid, 2-hydroxy-, benzyl ester",1.33,1.267,30.075,6.314,0.184,0.17,435.0,458.0
CCCCCCCC(CCCCCC)C(=O)O,2-hexylnonanoic acid,0.8663,0.8238,18.469,4.977,0.157,0.147,528.0,569.0
CCOC(OCC)c1ccco1,(diethoxymethyl)furan,1.079,1.015,2.41,0.936,0.168,0.155,315.0,337.3
C1COC2(O1)C1CCC2CC1,"spiro[bicyclo[2.2.1]heptane-7,2'-[1,3]dioxolane]",1.013,0.96,2.369,0.813,0.136,0.127,260.0,285.0
COC(=O)CC=CC=C(C)C,"methyl 6-methyl-3,5-heptadienoate",0.9288,0.8757,1.206,0.628,0.144,0.133,301.0,325.3
COC(=O)C=CCC=C(C)C,"methyl 6-methyl-2,5-heptadienoate",0.915,0.8614,1.158,0.604,0.143,0.132,300.0,324.6
CCCCCCCCCCCC(CC)C(=O)O,2-ethyltridecanoic acid,0.8675,0.8271,18.444,4.957,0.155,0.146,518.0,560.0
CC(=O)OC1CC2CCC1C2,bicyclo[2.2.1]hept-2-yl ethanoate,1.053,0.992,1.149,0.454,0.127,0.118,249.2,279.3
C=CC(=O)OC1CCCCC1,"2-propenoic acid, cyclohexyl ester",1.054,0.993,1.442,0.745,0.141,0.131,276.0,303.2
CCCCCCCCCCCC(C)(C)C,"2,2-dimethyltridecane",0.825,0.78,3.394,1.321,0.121,0.113,470.0,519.0
CCCCCCCCCCCC(=O)CCC,4-pentadecanone,0.877,0.834,2.509,1.175,0.169,0.158,495.0,535.0
CCCCCCCCCC(=O)OCC(O)CO,"decanoic acid, 2,3-dihydroxypropyl ester",1.16,1.11,41.379,7.207,0.196,0.18,549.0,580.0
CCC1OC(C(C)(C)C)C(C(C)(C)C)O1,"anti-4,5-bis(1,1-dimethylethyl)-2-ethyl-1,3-dioxolane",0.946,0.891,4.334,1.526,0.117,0.108,421.0,467.0
CC(=O)OCC(COC(C)=O)OC(C)=O,glyceryl triethanoate,0.8807,0.8321,1.567,0.685,0.139,0.13,266.1,295.2
COC(=O)CCCCCCCCCCCO,methyl 12-hydroxydodecanoate,1.08,1.03,14.815,3.398,0.179,0.163,526.0,557.0
CCCCCCCCCCOC(=O)CC,decyl propanoate,0.8494,0.804,2.472,1.107,0.152,0.141,453.0,490.0
CCCCCCCCCCCCOC=O,dodecyl methanoate,0.8541,0.8093,4.8,1.73,0.17,0.159,469.0,502.0
CCCCCCCC(CC)C(=O)OCC,ethyl 2-ethylnonanoate,0.942,0.891,3.185,1.212,0.146,0.135,451.0,490.0
CCOC(=O)CCC(C)CCCC(C)C,"ethyl 4,8-dimethylnonanoate",0.935,0.883,2.781,1.087,0.139,0.129,447.0,488.0
CCCCC(CC)CCCC(=O)OCC,ethyl 5-ethylnonanoate,0.923,0.873,3.034,1.157,0.143,0.133,438.0,479.0
CC1CC(C)(C)CCC1=O,"2,4,4-trimethylcyclohexanone",0.8865,0.8377,1.794,0.788,0.133,0.124,264.3,293.8
CCCCCCOC(=O)OCCCCCC,dihexyl carbonate,0.88551,0.8378,4.743,1.79,0.172,0.16,492.0,526.0
CC(C)(C)OOC1(OOC(C)(C)C)CCCC1,"1,1-di(1,1-dimethylethylperoxy)cyclopentane",1.067,1.002,5.53,1.996,0.147,0.135,483.0,520.0
CCCCC(O)(CCCC)CCCC,"1,1-dibutyl-1-pentanol",0.8213,0.771,42.615,5.966,0.136,0.124,544.5,541.0
CCCCCCCCC(C)C(C)C,"2,3-dimethylundecane",0.7489,0.7064,1.708,0.815,0.124,0.115,408.0,451.0
CCC(C)CCCCCCCCCO,"1-dodecanol, 10-methyl-, (.+-.)-",0.893,0.847,62.71,7.202,0.146,0.134,460.0,498.0
CCCCCCC(C)OCCCCC,1-methylheptyl pentyl ether,0.7834,0.7358,2.808,1.114,0.146,0.135,444.0,483.0
CC1C(=O)CC(C)(C)C1C,"2,3,4,4-tetramethyl-1-cyclopentanone",0.957,0.898,1.118,0.501,0.131,0.121,284.0,311.4
CCCCCCCCCC(CC)CO,"1-undecanol, 2-ethyl-",0.8271,0.7853,62.87,7.258,0.144,0.133,452.0,490.0
C=CCCC(=O)C(C)(C)C,"2,2-dimethyl-6-hepten-3-one",0.8198,0.7682,1.452,0.638,0.138,0.127,295.0,321.5
CCCCC(O)(CCCC)C(C)(C)C,"2,2-dimethyl-3-butyl-3-heptanol",0.897,0.848,34.56,4.953,0.118,0.108,469.0,508.0
CCCCC(C)CCC(C)C(C)CO,"2,3,6-trimethyl-1-decanol",0.8251,0.783,65.447,7.535,0.135,0.124,461.0,501.0
CC(C)CCCC(C)(O)CCC(C)C,"2,5,9-trimethyl-5-decanol",0.824,0.7793,21.845,3.593,0.121,0.112,449.0,491.0
CCCCCCCC(CO)CCCC,2-butyl-1-nonanol,0.8227,0.781,111.827,11.78,0.155,0.142,501.0,533.0
CCCCCCCCCCC(C)(C)O,2-methyl-2-dodecanol,0.906,0.858,51.876,6.643,0.138,0.126,472.0,509.0
CCCCCCCCCCC(C)CO,2-methyl-1-dodecanol,0.8336,0.7898,61.18,7.217,0.148,0.136,474.0,510.0
CC(C)C1OC(C(C)(C)C)OC1C(C)C,"anti-4,5-bis(1-methylethyl)-2-(1,1-dimethylethyl)-1,3-dioxolane",0.942,0.888,2.654,1.115,0.122,0.113,419.0,466.0
CC(=O)OCCCC(C)CCCC(C)C,"acetic acid, 4,8-dimethylnonyl ester",0.8466,0.7997,3.189,1.225,0.14,0.13,449.0,490.0
CCCCCCC(C)CC(C)CC(=O)O,"3,5-dimethylundecanoic acid",0.8788,0.837,12.517,3.584,0.147,0.138,462.0,500.0
CCCC=C(CCCC)CCCC,5-butyl-4-nonene,0.75689,0.7123,1.346,0.67,0.125,0.116,392.0,432.0
CC/C(C)=C/C(C)(CC)C(C)(C)C,"5-ethyl-3,5,6,6-tetramethyl-3-heptene",0.7875,0.744,2.54,1.035,0.093,0.087,371.0,417.0
CCCCOC(=O)C(CC)C(=O)OCCCC,dibutyl ethylpropanedioate,0.94,0.892,8.511,2.466,0.161,0.151,476.0,514.0
CCOC(=O)CCCCCCCC(=O)OCC,diethyl azelate,0.9566,0.907,3.251,1.378,0.17,0.158,489.0,524.0
CCC(C)(C)C(=O)C(C)(C)C(C)(C)C,"2,2,3,3,5,5-hexamethyl-4-heptanone",0.8583,0.8114,3.728,1.479,0.113,0.105,432.0,474.0
CCCCCCCCCCCCC=O,tridecanal,0.8216,0.782,3.165,1.368,0.168,0.157,450.0,484.0
CC/C(C)=C/C(=O)C(C)C,"2,5-dimethyl-4-hepten-3-one",0.8333,0.7827,1.26,0.626,0.142,0.131,302.0,327.4
CCCCCCCCCC(=O)CCC,4-tridecanone,0.826,0.784,2.179,1.033,0.165,0.154,438.0,472.0
CCCCCCCCCCC(=O)CC,3-tridecanone,0.819,0.778,2.198,1.028,0.164,0.154,432.0,467.0
CCCCCCCCC(=O)CCCC,5-tridecanone,0.825,0.783,2.061,1.022,0.166,0.155,442.0,476.0
CCCCCCCC(=O)CCCCC,6-tridecanone,0.8145,0.7727,2.087,1.048,0.166,0.155,442.0,477.0
CCCCCCC(=O)CCCCCC,7-tridecanone,0.8042,0.754,2.114,1.074,0.166,0.155,444.0,478.0
CC(=O)CCCC(C)CCCC(C)C,hexahydropseudoionone,0.81732,0.7727,2.377,1.043,0.1233,0.1086,430.0,473.0
CCCCCCCCC(=O)OC(C)(C)C,"1,1-dimethylethyl nonanoate",0.879,0.8304,5.006,1.662,0.133,0.123,440.0,481.0
CCCCCC(CCC)C(C)OC(C)=O,1-methyl-2-propylheptyl ethanoate,0.92,0.87,2.826,1.092,0.138,0.128,437.0,480.0
CCCCCCCC(C)CC(C)C(=O)O,"2,4-dimethylundecanoic acid",0.8751,0.833,12.57,3.481,0.148,0.138,466.0,502.0
CCCCCCCCCCC(C)C(=O)O,2-methyldodecanoic acid,0.8741,0.833,13.728,3.721,0.154,0.144,469.0,504.0
CCCCCCCC(CCCC)C(=O)O,2-butylnonanoic acid,0.8728,0.831,13.749,3.73,0.154,0.144,469.0,504.0
CCCCCCCCCC(C)OC(C)=O,2-undecyl ethanoate,0.842,0.797,3.325,1.292,0.144,0.134,443.0,483.0
CCCCCCCCC(=O)OCCCC,butyl nonanoate,0.841,0.7951,2.14,0.981,0.146,0.136,424.0,465.0
CCCCCCCCC(C)(C)CC(=O)O,"3,3-dimethylundecanoic acid",0.8728,0.8316,25.206,5.772,0.143,0.134,469.0,504.0
CCCCC(O)(C(C)(C)C)C(C)(C)C,"3 -tert-butyl-2,2-dimethyl-3-heptanol",0.845,0.7968,24.852,3.891,0.098,0.091,450.0,494.0
CCC(C)(C)C(O)(CC)C(C)(C)CC,"3,3,5,5-tetramethyl-4-ethyl-4-heptanol",0.8771,0.828,26.223,4.106,0.099,0.091,456.0,499.0
CC(C)CC(C)(C)CC(C)(C)CC(C)C,"2,4,4,6,6,8-hexamethylnonane",0.772,0.7302,2.073,1.041,0.09,0.084,445.0,500.0
CCCCCCCCCC(C)CCCC,5-methyltetradecane,0.7561,0.716,2.315,1.034,0.134,0.125,480.0,525.0
CCCCCC(C)CC(C)CCCCC,"6,8-dimethyltridecane",0.76,0.7196,1.974,0.931,0.125,0.116,458.0,508.0
CCCCCCC(OC(C)C)OC(C)C,"1,1-bis(1-methylethoxy)heptane",0.916,0.864,3.384,1.308,0.15,0.139,463.0,503.0
CCCCCCOC(CC)CCCCCC,1-ethylheptyl hexyl ether,0.7914,0.7462,4.423,1.608,0.15,0.14,503.0,547.0
OCCCCCCCCCCCCCO,"1,13-tridecanediol",1.01,0.966,14.851,3.727,0.229,0.211,523.0,554.0
CC(=O)OCc1ccccc1,benzyl ethanoate,1.0367,0.98028,1.503,0.712,0.152,0.142,177.0,222.0
CCCCC(C)(C)CC(C)(C)CCCC,"5,5,7,7-tetramethylundecane",0.7754,0.7345,3.095,1.525,0.104,0.097,462.0,513.0
CCCCCC(CCC)CC(C)CCC,4-methyl-6-propylundecane,0.7641,0.7229,1.963,0.899,0.125,0.116,465.0,514.0
CCCC(C)(CC)CC(C)(CC)CCC,"4,6-diethyl-4,6-dimethylnonane",0.7941,0.7539,3.274,1.592,0.104,0.098,463.0,513.0
CCCCCCCCCC(O)CCCO,"1,4-tridecanediol",1.0,0.956,130.0,14.644,0.177,0.163,517.0,550.0
CCCCCCCCC(O)CC(C)CO,"2-methyl-1,4-dodecanediol",0.8845,0.845,96.099,11.716,0.165,0.152,493.0,531.0
CC1=CCC(C)C(C)C1,"1,4,5-trimethylcyclohexene",0.7884,0.7362,1.116,0.462,0.111,0.102,244.9,274.0
CCCCCCCCCC(C)(O)CCO,"3-methyl-1,3-dodecanediol",0.8889,0.848,179.998,17.689,0.163,0.15,511.0,545.0
CCCCCCCC(C)CC(C)C,"2,4-dimethylundecane",0.7469,0.702,1.651,0.796,0.124,0.114,420.0,463.0
CCCC(C)(CC)CC(C)(CC)C(C)C,"3,5-diethyl-2,3,5-trimethyloctane",0.8028,0.763,3.114,1.298,0.097,0.091,455.0,508.0
CCC(C)(CC(C)(CC)C(C)C)C(C)C,"3,5-diethyl-2,3,5,6-tetramethylheptane",0.8143,0.7746,3.807,1.381,0.092,0.086,447.0,502.0
CCCCC(CC)(CCCC)CCCC,5-butyl-5-ethylnonane,0.7734,0.7321,3.362,1.284,0.117,0.109,456.0,506.0
CCC(C)C(C)(C)CC(C)(C)C(C)CC,"3,4,4,6,6,7-hexamethylnonane",0.7975,0.7577,2.884,1.188,0.09,0.084,440.0,496.0
CCCCCCCOCCOCCOCCO,"3,6-dioxa-1-pentadecanol",0.9431,0.899,7.74,2.558,0.188,0.173,516.0,547.0
CCCCCCCCCCC(C)CCC,4-methyltetradecane,0.7572,0.716,2.219,0.978,0.134,0.125,479.0,525.0
CCC(C)CCCC(C)CCCC(C)C,"2,6,10-trimethyldodecane",0.7602,0.7184,2.105,0.947,0.121,0.113,472.0,522.0
CC1=CCC(C)(C)CC1,"1,4,4-trimethylcyclohexene",0.7881,0.7371,1.243,0.529,0.104,0.096,236.3,266.7
CCC(C)(C)C(C)(C)CC(C)CC(C)C,"2,4,6,6,7,7-hexamethylnonane",0.7899,0.75,2.152,1.0,0.087,0.082,425.0,483.0
CCCCCCCCC(C)CCC(C)C,"2,5-dimethyltridecane",0.7534,0.7132,1.991,0.939,0.125,0.116,461.0,511.0
CCCCCCOCOCCCCCC,"1,1'-[methylenebis(oxy)]bishexane",0.82619,0.7805,3.026,1.384,0.167,0.156,462.0,498.0
CCC(C)CCCCCCCCCCCO,12-methyl-1-tetradecanol,0.911,0.867,164.654,16.148,0.151,0.139,519.0,562.0
CCC(C)CC(C)(CC)CC(C)C,"4-ethyl-2,4,6-trimethyloctane",0.7622,0.7185,1.574,0.807,0.106,0.098,405.0,451.0
CCCCCCCCC(CC)CC,3-ethylundecane,0.7489,0.7061,1.602,0.779,0.129,0.119,411.0,453.0
CCCC(O)(CC(C)C)C(C)(C)CC,"3,3,6-trimethyl-4-n-propyl-4-heptanol",0.8447,0.7971,20.125,3.513,0.111,0.102,464.0,505.0
CCCCCCC(C)(O)CC(C)CC,"3,5-dimethyl-5-undecanol",0.8188,0.7754,40.303,6.19,0.136,0.124,495.0,530.0
CCCCCCCCCCC(C)C,2-methyldodecane,0.7395,0.6963,1.669,0.824,0.131,0.121,418.0,459.0
CCC(C)(O)CCC(C)CC(C)(C)C,"3,6,8,8-tetramethyl-3-nonanol",0.874,0.824,17.162,3.155,0.111,0.102,453.0,496.0
CC(CCC(C)(C)C)CC(C)(C)C,"2,2,4,7,7-pentamethyloctane",0.772,0.724,1.528,0.801,0.094,0.087,398.0,445.0
CCCCCCCCCC(C)(C)C,"2,2-dimethylundecane",0.7389,0.6956,2.436,1.035,0.118,0.109,409.0,453.0
CC(C)(C)C(O)(C(C)(C)C)C(C)(C)C,"2,2,4,4-tetramethyl-3-(1,1-dimethylethyl)-3-pentanol",0.784,0.7414,2.041,0.863,0.089,0.083,388.0,438.0
CCCCC(O)(C(C)(C)CC)C(C)(C)CC,"3,3,5,5-tetramethyl-4-butyl-4-heptanol",0.8703,0.8247,70.091,9.215,0.102,0.094,519.0,567.0
CC(C)C(C)(C)C(O)C(C)(C)C(C)C,"2,3,3,5,5,6-hexamethyl-4-heptanol",0.7766,0.7332,1.893,0.9,0.095,0.088,396.0,443.0
CCCCCCCCCCCCC(C)(C)O,2-methyl-2-tetradecanol,0.8237,0.782,169.965,19.182,0.151,0.137,568.0,606.0
CCCCC(C)CC(C)CC(C)C,"2,4,6-trimethyldecane",0.742,0.6975,1.449,0.721,0.116,0.107,409.0,454.0
CCCCCCCCOC1CCCCO1,"2H-pyran, tetrahydro-2-(octyloxy)-",0.7827,0.7399,1.661,0.838,0.092,0.086,381.0,430.0
CCCCCCCCCC(C)CC,3-methyldodecane,0.7446,0.7013,1.612,0.803,0.132,0.122,414.0,456.0
CCCC(CCC)(CCC)CCC,"4,4-dipropylheptane",0.7619,0.7204,2.363,0.958,0.113,0.105,379.0,426.0
CCCC(CCC)(CCC)C(C)C,4-(1-methylethyl)-4-propylheptane,0.7674,0.7262,1.694,0.826,0.109,0.101,386.0,433.0
CCCCCCCCC(C)(C)CC,"3,3-dimethylundecane",0.7494,0.7065,2.535,1.062,0.118,0.109,410.0,452.0
CCC(C)CCC(C)CC(C)CC,"3,5,8-trimethyldecane",0.786,0.74,1.399,0.676,0.117,0.108,404.0,449.0
CCCCC(C)(CC)CC(C)CC,"3,5-dimethyl-5-ethylnonane",0.7622,0.7185,1.574,0.807,0.111,0.103,404.0,448.0
CCC(C)CC(C)(CC)C(C)(C)C,"3-ethyl-2,2,3,5-tetramethylheptane",0.7755,0.7326,1.805,0.901,0.094,0.088,395.0,443.0
CCC(C)CCC(C)(O)CCCCC(C)C,"2,7,10-trimethyl-7-dodecanol",0.899,0.854,52.28,7.494,0.127,0.116,513.0,561.0
CCC(CC)CC(C)CC(C)(C)C,"3-ethyl-5,7,7-trimethyloctane",0.772,0.725,1.412,0.731,0.105,0.097,396.0,443.0
Cc1ccc(C)c(-c2ccccc2)c1,"2,5-dimethylbiphenyl",0.975,0.93,3.897,1.72,0.192,0.181,314.0,345.0
CCC(c1ccccc1)c1ccccc1,"1,1-diphenylpropane",0.9762,0.933,3.493,1.233,0.152,0.143,338.0,376.0
CC1=CC(C)(C)c2c(C)ccc(C)c21,"1,1,3,4,7-pentamethyl-1H-indene",0.9264,0.8837,2.051,0.905,0.12,0.113,351.0,385.0
CCc1ccc2cccc(CC)c2c1,"1,7-diethylnaphthalene",0.982,0.938,2.749,1.183,0.184,0.174,327.0,361.0
Cc1cc2c(C)ccc(C)c2cc1C,"1,4,6,7-tetramethylnaphthalene",1.055,1.009,2.654,1.09,0.167,0.158,377.0,403.0
CC1=CC(c2ccccc2)=CC(C)C1,"1,5-dimethyl-3-phenyl-1,3-cyclohexadiene",0.959,0.912,2.398,1.129,0.187,0.176,313.0,349.1
CCc1ccc2c(CC)cccc2c1,"1,6-diethylnaphthalene",0.96,0.918,8.229,2.288,0.181,0.171,315.0,350.0
CC(C)OC(=O)c1ccccc1C(=O)OC(C)C,"bis(1-methylethyl) 1,2-benzenedicarboxylate",1.079,1.028,7.507,2.724,0.152,0.143,397.0,436.0
CCCC/C=C\CCCCCCCC(=O)OC,"myristoleic acid, methyl ester",1.03,0.979,2.748,1.205,0.171,0.16,548.0,583.0
CCCOC(=O)c1ccc(C(=O)OCCC)cc1,"1,4-benzenedicarboxylic acid dipropyl ester",1.078,1.028,13.915,3.988,0.152,0.143,394.0,434.0
CC(C)C1COC(C)(Cc2ccccc2)OC1,"trans-2-benzyl-2-methyl-5-(1-methylethyl)-1,3-dioxane",1.034,0.985,9.284,3.249,0.14,0.132,456.0,505.0
CC(C)OC(=O)c1cccc(C(=O)OC(C)C)c1,"1,3-benzenedicarboxylic acid bis(1-methylethyl) ester",1.028,0.98,2.14,0.908,0.121,0.114,409.0,445.0
C=CC(=O)OCCCCCCCCCCCC,dodecyl acrylate,0.861,0.819,3.136,1.331,0.164,0.153,528.0,566.0
CC(C)(C)c1cccc2ccccc12,"1-(1,1-dimethylethyl)naphthalene",0.97821,0.93536,6.543,1.711,0.181,0.172,327.0,362.0
CCC(C)CC(C)(CC)C1CCCCC1,"3,5-dimethyl-5-cyclohexylheptane",0.8376,0.7941,5.611,2.141,0.114,0.106,450.0,498.0
CCC(C)c1cccc2ccccc12,1-(1-methylpropyl)naphthalene,0.963,0.9218,4.673,1.627,0.191,0.181,325.0,360.0
O=C(O)CCCCCCCCCCCCCCO,oxacyclohexadecan-2-one,0.954,0.921,104.822,23.887,0.175,0.166,472.8,508.9
O=C(O)CCCCCCCCCCCCCC(=O)O,"1,15-pentadecanedioic acid",1.13,1.09,22.124,6.33,0.185,0.175,567.0,603.0
CC(C)CCOC(=O)CCCC(=O)OCCC(C)C,bis(3-methylbutyl) pentanedioate,0.9296,0.8821,11.833,3.288,0.159,0.149,536.0,581.0
CCCCCC(=O)C#Cc1ccccc1,1-phenyl-1-octyn-3-one,0.957,0.916,8.986,2.948,0.183,0.173,388.0,416.0
CC(C)OC(=O)c1ccc(C(=O)OC(C)C)cc1,diisopropyl terephthalate,1.077,1.027,12.999,3.895,0.152,0.143,394.0,433.0
CCCCCCCOC(=O)c1ccccc1,heptyl benzoate,0.9541,0.911,3.668,1.537,0.164,0.154,420.0,455.0
CC(C)(C)[C@H]1OC[C@H](c2ccccc2)CO1,"trans-2-(1,1-dimethylethyl)-5-phenyl-1,3-dioxane",1.078,1.028,13.915,3.988,0.152,0.143,394.0,434.0
C=CC(C)CCCCCCCCCCC,3-methyl-1-tetradecene,0.7606,0.7206,2.104,0.971,0.135,0.126,461.0,506.0
c1ccc2c(c1)CC1=C(CCCC1)C2,"1,2,3,4,9,10-hexahydroanthracene",1.059,1.009,5.571,1.982,0.118,0.112,318.0,352.0
COC1=CC(C)=CC(C)C1,"1,3-cyclohexadiene, 1-methoxy-3,5-dimethyl-",0.8306,0.7795,0.999,0.487,0.112,0.103,237.0,263.2
Cc1cc(C)c2cccc(C)c2c1C,"1,2,4,8-tetramethylnaphthalene",1.038,0.995,2.794,1.106,0.165,0.156,364.0,392.0
CCc1ccc(CC)c2ccccc12,"1,4-diethylnaphthalene",0.9794,0.9368,3.165,1.281,0.187,0.177,339.0,371.0
Cc1ccc2c(C)c(C)ccc2c1C,"1,2,5,6-tetramethylnaphthalene",1.006,0.962,2.286,0.988,0.161,0.152,344.0,375.0
CCCCCC(=O)C=CC(CC)CCCC,9-ethyl-7-tridecen-6-one,0.8329,0.793,4.322,1.639,0.171,0.16,486.0,526.0
Cc1ccc2c(C)ccc(C)c2c1C,"1,2,5,8-tetramethylnaphthalene",1.007,0.966,2.781,1.118,0.162,0.153,343.0,374.0
Cc1cc(C)c2c(C)c(C)ccc2c1,"1,2,6,8-tetramethylnaphthalene",1.084,1.038,3.506,1.349,0.172,0.163,397.0,420.0
CCC(CC)(CC(C)C)C1CCCCC1,"(1,1-diethyl-3-methylbutyl)cyclohexane",0.8222,0.7793,5.108,1.925,0.112,0.105,439.0,488.0
CCc1ccc2ccccc2c1CC,"1,2-diethylnaphthalene",1.021,0.977,3.232,1.331,0.19,0.18,353.0,382.0
Cc1cc(C)c2cc(C)c(C)cc2c1,"1,3,6,7-tetramethylnaphthalene",1.025,0.983,2.829,1.119,0.164,0.156,355.0,384.0
CCc1cccc2c(C)cc(C)cc12,"1,3-dimethyl-5-ethylnaphthalene",0.9783,0.9359,2.147,0.919,0.171,0.162,327.0,361.0
CC(C)=CC(=O)C=C(C)C,"2,6-dimethyl-2,5-heptadiene-4-one",0.8115,0.7597,1.171,0.474,0.108,0.099,238.6,265.3
CCCCCOC(=O)CCc1ccccc1,pentyl 3-phenylpropanoate,1.039,0.989,2.791,1.213,0.162,0.152,414.0,449.0
CCOC(=O)C(=Cc1ccccc1)C(=O)OCC,"propanedioic acid, benzal-, diethyl ester",1.29,1.23,8.527,2.602,0.179,0.168,448.0,479.0
CCCCCOC(=O)C=Cc1cccc(O)c1,pentyl 3-(3-hydroxyphenyl)-2-propenoate,0.98,0.937,4.898,2.028,0.175,0.165,397.0,430.0
CC1=CC(c2ccccc2)CC(C)C1,"1,5-dimethyl-3-phenyl-1-cyclohexene",0.9288,0.8851,3.984,1.514,0.13,0.122,325.0,363.0
Cc1ccc(C(C)C)c2c1C=CC2C,"1,4-dimethyl-7-(1-methylethyl)indene",0.982,0.937,3.259,1.153,0.138,0.13,353.0,387.0
CC(C)CCC1CCC(CCC(C)C)C1,"1,3-bis(3-methylbutyl)cyclopentane",0.87,0.823,2.299,0.972,0.118,0.11,444.0,492.0
Cc1cc(C(C)C)cc2c1C=CC2C,"1,4-dimethyl-6-(1-methylethyl)indene",0.982,0.937,3.259,1.153,0.138,0.13,353.0,387.0
C#CCCCCC(C(=O)O)C(=O)O,"2-(5-hexynyl)-1,3-propanedioic acid",0.973,0.923,1.953,0.802,0.135,0.127,262.0,288.2
Cc1ccc2c(c1)C(C(C)C)=CC2C,"1,5-dimethyl-3-(1-methylethyl)indene",0.979,0.933,3.064,1.093,0.138,0.13,351.0,386.0
CC1CCCC(C)CCC(C)(C)CCC1,"2,6,6,9-tetramethylcycloundecane",0.81,0.77,3.951,1.948,0.107,0.1,390.0,445.0
CC(C)CCCC(C)C1CCC(C)CC1,"1-(1,5-dimethylhexyl)-4-methylcyclohexane",0.8122,0.7698,3.447,1.416,0.118,0.11,444.0,493.0
CC1=CCC(c2ccccc2)C(C)C1,"1,5-dimethyl-4-phenylcyclohexene",0.9496,0.9055,4.107,1.524,0.13,0.122,324.0,362.0
C=CCCCCCCCCCCCCC,1-pentadecene,0.76173,0.7202,2.195,1.018,0.1429,0.1264,466.0,509.0
CCC(C)(C)C(C)(C)CC(C)=CC(C)C,"2,4,6,6,7,7-hexamethyl-3-nonene",0.8041,0.7632,2.736,1.232,0.092,0.086,447.0,498.0
CCCCCC1CCCCC1CCCC,1-butyl-2-pentylcyclohexane,0.8118,0.7705,2.71,1.324,0.133,0.125,467.0,510.0
C1=C(CCc2ccccc2)CCCC1,(2-phenylethyl)cyclohexene,0.8849,0.8452,2.825,1.219,0.305,0.288,364.0,395.0
C=C(C)CCCCCCCCCCCC,"1-tetradecene, 2-methyl-",0.7664,0.7262,1.435,0.757,0.127,0.119,460.0,505.0
CC(C)CCC1CC(C(C)C)CCC1C,1-isopentyl-3-isopropyl-6-methylcyclohexane,0.8126,0.7694,2.83,1.196,0.114,0.106,449.0,497.0
CCC(C)C1CC(C(C)C)CCC1(C)C,"1-sec-butyl-3-isopropyl-6,6-dimethylcyclohexane",0.8272,0.7829,2.418,1.073,0.1,0.093,428.0,479.0
CCC1(C)CCC(C(C)C)CC1C(C)C,"1-ethyl-2,4-diisopropyl-1-methylcyclohexane",0.8338,0.7889,2.399,1.052,0.1,0.093,430.0,481.0
Cc1ccc(C)c2c1C(C)C=CC2C,"1,4-dihydro-1,4,5,8-tetramethylnaphthalene",0.9609,0.918,2.185,0.959,0.108,0.101,350.0,384.0
CC1=C(C)c2cc(C)ccc2C(C)C1,"1,2-dihydro-1,3,4,6-tetramethylnaphthalene",0.9544,0.9104,2.096,0.901,0.13,0.123,352.0,385.0
C/C=C/CCCCCCCCCCCC,2-pentadecene,0.7655,0.726,2.351,1.033,0.146,0.136,460.0,504.0
CCCCCC=C=Cc1ccccc1,"(1,2-octadienyl)benzene",0.8822,0.8422,2.154,1.033,0.319,0.301,369.0,399.0
CCCCC=C=Cc1ccc(C)cc1,"1-(1,2-heptadienyl)-4-methylbenzene",0.9314,0.89,7.516,2.472,0.166,0.156,419.0,449.0
CCC(C)(CCC(C)C)C1CCCCC1,"(1-ethyl-1,4-dimethylpentyl)cyclohexane",0.8571,0.8123,5.017,1.847,0.112,0.105,439.0,489.0
CCCC(CC)(CCC)C1CCCCC1,(1-ethyl-1-propylbutyl)cyclohexane,0.868,0.823,8.295,2.552,0.118,0.11,439.0,488.0
CCCCCOC(=O)C=Cc1ccccc1,pentyl cinnamate,0.9778,0.9305,6.136,1.827,0.171,0.161,388.0,424.0
CC(C)CCC=C=Cc1ccccc1,"(6-methyl-1,2-heptadienyl)benzene",0.859,0.82,4.889,1.451,0.292,0.276,319.0,358.0
CC1=C(C)C(C)(C)c2ccc(C)cc21,"1,1,2,3,5-pentamethyl-1H-indene",0.9163,0.8703,1.528,0.724,0.118,0.11,345.0,380.0
CC(C)CC=CC=Cc1ccccc1,"(6-methyl-1,3-heptadienyl)benzene",0.931,0.8868,2.578,1.037,0.156,0.146,357.0,391.0
CCCC(CCC)CCC1CCCCC1,(3-propylhexyl)cyclohexane,0.8153,0.7737,4.906,1.822,0.127,0.118,427.0,477.0
CC(C)C1=CC(C)(C)c2ccccc21,"1,1-dimethyl-3-(1-methylethyl)-1H-indene",0.957,0.913,2.926,1.062,0.138,0.13,336.0,374.0
c1cc2c(c3c1CCCC3)CCCC2,"1,2,3,4,5,6,7,8-octahydrophenanthrene",1.0109,0.9697,7.518,2.052,0.114,0.108,328.0,365.0
CC(C)OC1=CC=CCC1,"1,3-cyclohexadiene, 1-(1-methylethoxy)-",0.8079,0.7573,2.104,0.792,0.272,0.251,250.7,274.8
C(#CC1=CCCCC1)C1=CCCCC1,"1,2-bis(1-cyclohexenyl)ethyne",0.9802,0.9375,17.343,4.48,0.137,0.129,353.0,386.0
C1=Cc2ccc3c(c2CC1)CCCC3,"1,2,3,4,5,6-hexahydrophenanthrene",1.0333,0.9906,8.226,2.726,0.15,0.143,315.0,349.0
COc1cc(OC)cc(OC)c1,"1,3,5-trimethoxybenzene",1.146,1.09,1.658,0.752,0.162,0.152,317.0,332.0
CCCCCC(CC)c1ccccc1O,2-(1-ethylhexyl)phenol,0.972,0.929,63.786,9.903,0.143,0.133,417.0,454.0
CC1CCC2C(C)CCC(C(C)C)C2C1,"2,8-dimethyl-5-(1-methylethyl)bicyclo[4.4.0]decane",0.8703,0.8276,1.838,0.858,0.107,0.1,394.0,444.0
CCCOC(=O)c1cccc(C(=O)OCCC)c1,dipropyl isophthalate,1.034,0.989,22.244,4.348,0.142,0.134,396.0,437.0
CCCCCCCCCCC(=O)C(C)(C)C,"2,2-dimethyl-3-tridecanone",0.8409,0.7987,7.254,2.379,0.152,0.142,500.0,543.0
Cc1ccc2c(C)cc(C)c(C)c2c1,"1,2,4,7-tetramethylnaphthalene",1.0027,0.9597,2.493,1.042,0.163,0.154,353.0,383.0
CCCOC(=O)c1cccc2ccccc12,"1-naphthalenecarboxylic acid, propyl ester",1.083,1.04,6.187,2.308,0.227,0.215,407.0,432.0
CC(=O)C1=CCC(C)CC1,1-acetyl-4-methyl-1-cyclohexene,0.8269,0.7772,1.669,0.656,0.124,0.115,232.0,259.1
CC(C)CCCC(C)C1(O)CCC(C)CC1,"1-(1,5-dimethylhexyl)-4-methylcyclohexanol",0.8724,0.8293,21.779,5.547,0.122,0.112,480.0,527.0
CCCC(=O)c1cccc2ccccc12,"1-butanone, 1-(1-naphthalenyl)-",1.057,1.0163,6.906,2.657,0.229,0.218,362.0,390.0
COC1=CC(C)C=C(C)C1,"1,4-cyclohexadiene, 1-methoxy-3,5-dimethyl-",0.832,0.782,1.791,0.703,0.113,0.105,237.8,264.7
CC(C)Cc1cccc(CC(C)C)c1O,"2,6-diisobutylphenol",0.9425,0.899,32.891,6.452,0.127,0.118,442.0,477.0
CCC(C)c1cccc(C(C)CC)c1O,"2,6-bis(1-methylpropyl)phenol",1.008,0.962,34.722,6.549,0.126,0.117,443.0,478.0
CC=C(C)c1cccc2ccccc12,2-(1-naphthyl)-2-butene,1.0397,0.9972,3.366,1.404,0.194,0.184,324.0,355.0
CCOC(=O)Cc1cccc2ccccc12,"1-naphthaleneacetic acid, ethyl ester",1.0919,1.047,5.312,2.006,0.224,0.212,396.0,423.0
CC(C)OC1=CCC=CC1,"1-(1-methylethoxy)-1,4-cyclohexadiene",0.8046,0.7524,0.82,0.412,0.111,0.102,239.2,266.4
c1ccc(OCCOc2ccccc2)cc1,"1,2-diphenoxyethane",1.156,1.106,7.266,2.441,0.191,0.181,375.0,401.0
CCCCCCCCCC1=CCCCC1,1-nonylcyclohexene,0.876,0.832,2.854,1.286,0.133,0.124,428.0,472.0
CCC(=O)C1=CCCCC1,1-cyclohexenyl ethyl ketone,0.8197,0.7631,1.183,0.511,0.114,0.104,237.8,264.5
C#CCCCCCCCCCCCCC,1-pentadecyne,0.819,0.7809,7.937,2.561,0.098,0.092,431.0,475.0
COCC(=O)c1ccccc1,"acetophenone, 2-methoxy-",1.067,1.016,6.748,2.067,0.179,0.169,266.0,284.5
CC(C)(C)[C@H]1CO[C@H](c2ccccc2)OC1,"trans-5-(1,1-dimethylethyl)-2-phenyl-1,3-dioxane",1.077,1.027,12.999,3.895,0.152,0.143,394.0,433.0
CC1CCC2C(C(C)C)CCC(C)C2C1,"2,9-dimethyl-5-(1-methylethyl)bicyclo[4.4.0]decane",0.8688,0.8261,1.842,0.859,0.107,0.1,394.0,444.0
CCOC(=O)Cc1ccc2ccccc2c1,"2-naphthaleneacetic acid, ethyl ester",1.081,1.035,5.458,2.029,0.225,0.213,401.0,427.0
CC(C)(C)CC(C)(C)Oc1ccccc1,"1,1,3,3-tetramethylbutyl phenyl ether",0.942,0.895,6.369,2.011,0.128,0.12,397.0,438.0
CCC(CC)CCC(=O)CCC(CC)CC,"3,9-diethyl-6-undecanone",0.915,0.869,3.497,1.358,0.157,0.146,495.0,538.0
COc1ccc(OC)c(OC)c1,"1,2,4-trimethoxybenzene",1.147,1.09,1.656,0.761,0.162,0.152,317.0,332.2
COc1ccc(Cc2ccccc2)cc1,1-benzyl-4-methoxybenzene,1.0392,0.996,3.56,1.506,0.159,0.15,338.0,368.0
COC1CCC(C(C)C2CCCCC2)CC1,1-(4-methoxycyclohexyl)-1-cyclohexylethane,0.9194,0.8775,8.157,2.849,0.133,0.126,412.0,461.0
CCC12CCCC1C(C)CC(C(C)C)C2,1-ethyl-5-methyl-3-(1-methylethyl)bicyclo[4.3.0]nonane,0.855,0.8122,1.637,0.751,0.099,0.093,379.0,432.0
Cc1ccccc1OOc1ccccc1C,bis(o-tolyl) peroxide,1.005,0.972,9.154,2.572,0.148,0.141,282.0,322.0
c1ccc(COCc2ccccc2)cc1,"benzene, 1,1'-[oxybis(methylene)]-bis-",1.0257,0.978,3.128,1.231,0.175,0.166,332.2,363.1
C1C2CC3CC1CC(C2)O3,"2-oxatricyclo[3.3.1.1(3,7)]decane",0.916,0.862,1.496,0.568,0.12,0.112,226.1,253.0
C=CCOC(=O)c1ccccc1C(=O)OCC=C,"diallyl 1,2-benzenedicarboxylate",1.103,1.056,9.066,2.367,0.17,0.16,407.0,440.0
COC1=CC(C)CC(C)=C1,"1,3-cyclohexadiene, 3-methoxy-1,5-dimethyl-",0.8159,0.7643,1.532,0.602,0.131,0.12,254.1,277.9
CCCCCCCCCCCCC(=O)CC,3-pentadecanone,0.877,0.834,2.509,1.175,0.169,0.158,497.0,538.0
CCCOC(=O)c1ccc2ccccc2c1,"2-naphthalenecarboxylic acid, propyl ester",1.075,1.032,7.163,2.616,0.233,0.221,435.0,456.0
CCCCCCCCCCCCCCC=O,pentadecanal,0.93,0.882,3.548,1.395,0.173,0.161,511.0,551.0
C=C(C)/C=C(\C)CC(C)(C)C(C)(C)CC,"2,4,6,6,7,7-hexamethyl-1,3-nonadiene",0.8192,0.7769,3.906,1.467,0.088,0.082,432.0,482.0
CCCCC(/C=C/C(C)(C)C)(CC)CC,"5,5-diethyl-2,2-dimethyl-3-nonene",0.751,0.717,3.862,1.464,0.105,0.099,399.0,455.0
CC(C)C1COC(C)(c2ccccc2)OC1,"trans-2-methyl-5-(1-methylethyl)-2-phenyl-1,3-dioxane",1.079,1.028,7.507,2.724,0.152,0.143,397.0,436.0
Cc1ccc(C(C)C)c(O)c1CC(C)C,2-isopropyl-5-methyl-6-isobutylphenol,0.9215,0.8807,28.215,5.45,0.11,0.103,410.0,449.0
CC1CCC(O)CC1,(.+-.)-4-methyl-1-cyclohexanol,0.936,0.877,2.564,1.06,0.129,0.121,,
OCCCc1ccco1,2-furanpropanol,0.928,0.875,5.711,1.817,0.159,0.148,,
CCCCC(O)CC(C)CC,(+)-3-methyl-5-nonanol,0.8098,0.7626,8.274,1.652,0.131,0.122,,
CC(=O)C(C)=C(C)O,3-methyl-2-hydroxy-2-penten-4-one,1.053,0.996,5.223,1.526,0.146,0.137,,
CCCCOC(=O)C(C)O,butyl lactate,0.9642,0.904,2.199,0.896,0.145,0.135,,
CC1CCC(C(C)(C)O)CC1,".alpha.,.alpha.,4-trimethylcyclohexanemethanol",0.809,0.77,5.068,1.558,0.108,0.103,,
CCCCC(O)C1CCCC1,.alpha.-butylcyclopentanemethanol,0.8818,0.8339,7.598,2.278,0.134,0.125,,
CC(C)(O)C#CCO,"2-methyl-3-pentyne-2,5-diol",1.001,0.945,62.937,6.138,0.148,0.139,,
CC(C)c1ccc(C(O)c2ccccc2)cc1,[4-(1-methylethyl)phenyl]phenylmethanol,1.097,1.053,53.783,10.446,0.153,0.144,,
OCCc1ccco1,2-furanethanol,0.912,0.858,4.276,1.469,0.156,0.145,,
CC1CC(C)C(C)(O)CC1C,"1,2,4,5-tetramethylcyclohexanol",0.8802,0.8277,3.408,1.293,0.113,0.105,,
CCC(CC)CCC(O)CCC(CC)CC,"3,9-diethyl-6-undecanol",0.893,0.848,49.272,6.958,0.137,0.126,,
CCCOCC(C)OCC(C)O,"2-propanol, 1-(1-methyl-2-propoxyethoxy)-",0.90243,0.8501,2.914,1.153,0.16,0.148,,
CCCCC#CC(=O)O,2-heptynoic acid,1.05,0.993,5.619,1.813,0.159,0.148,,
COC(O)=CC(C)=O,"3-Buten-2-one, 4-hydroxy-4-methoxy-",1.24,1.17,5.565,1.624,0.177,0.164,,
CC(O)C#CCO,"2-pentyne-1,4-diol",1.0513,0.995,19.024,4.121,0.166,0.154,,
C=CCC(C(=O)O)C(=O)O,"3-butene-1,1-dicarboxylic acid",1.2,1.149,10.0,2.959,0.161,0.153,,
CCC[C@H](O)c1ccccc1,.alpha.-propylbenzyl alcohol,0.9584,0.9095,8.243,2.419,0.147,0.138,,
CCc1ccc(C(C)O)cc1,1-(p-ethylphenyl)ethanol,0.992,0.939,10.685,2.662,0.136,0.127,,
O=COO,peroxyformic acid,1.371,1.262,0.751,0.365,0.279,0.26,,
Cc1cc(C)cc(C(C)O)c1,".alpha.,3,5-trimethylbenzenemethanol",0.9713,0.9224,7.516,2.168,0.124,0.116,,
CC(C)C(C)(O)CC(C)(C)O,"2,4,5-trimethyl-2,4-hexanediol",0.9105,0.8559,10.873,2.103,0.126,0.116,,
COC(=O)C=C(C)O,3-hydroxy-2-butenoic acid methyl ester,1.18,1.11,2.797,1.027,0.144,0.135,,
CC(CCO)c1ccccc1,(R)-(-)-3-phenyl-1-butanol,1.022,0.968,9.1,2.583,0.152,0.142,,
CC(C)[C@@H](O)c1ccccc1,"1-propanol, 2-methyl-1-phenyl-, (R)-(+)-",0.984,0.931,6.606,1.933,0.142,0.133,,
CCCc1ccc(O)c(OC)c1,"phenol, 2-methoxy-4-propyl-",1.036,0.99,16.409,3.434,0.141,0.133,,
CCOC(O)=CC(C)=O,"3-Buten-2-one, 4-ethoxy-4-hydroxy-",1.18,1.11,5.932,1.712,0.177,0.164,,
COC(=O)CC(=O)OC,"dimethyl 1,3-propanedioate",1.13771,1.067,1.266,0.581,0.151,0.14,,
CC(O)C(C)(c1ccccc1)c1ccccc1,"3,3-diphenyl-2-butanol",1.131,1.083,106.101,17.544,0.161,0.15,,
O=CCCCC(O)C=O,"2-hydroxy-1,6-hexanediol",1.2,1.14,33.333,4.912,0.2,0.183,,
CCOC(=O)C=C(C)O,"2-butenoic acid, 3-hydroxy-, ethyl ester",1.14,1.08,3.158,1.093,0.146,0.136,,
O=C(O)C1CC=CCC1,3-cyclohexene-1-carboxylic acid,1.26,1.19,3.333,1.328,0.161,0.15,,
CCC1CCCCC1(O)CC,"1,2-diethylcyclohexanol",0.9067,0.8552,4.853,1.777,0.124,0.115,,
CCCC[C@@H](O)CC(C)C,(S)-2-methyl-4-octanol,0.837,0.786,5.376,1.17,0.129,0.12,,
CCc1ccccc1C(O)c1ccccc1,(2-ethylphenyl)phenylmethanol,1.116,1.071,47.491,9.337,0.158,0.148,,
COC(=O)CCCCCCCCO,methyl 9-hydroxynonanoate,0.9433,0.895,8.693,2.346,0.171,0.156,,
CC(CO)(c1ccccc1)c1ccccc1,"2,2-diphenylpropan-1-ol",1.088,1.045,156.25,22.01,0.155,0.146,,
OOC1CCCc2ccccc21,"1,2,3,4-tetrahydro-1-hydroperoxynaphthalene",1.39,1.32,27.338,6.212,0.182,0.166,,
CC=CC=CCO,"2,4-hexadien-1-ol",0.882,0.826,1.927,0.763,0.148,0.139,,
CCCCC(CC)CC(CC)C(O)CCC,"5,7-diethyl-4-undecanol",0.848,0.805,33.019,4.969,0.129,0.119,,
O=Cc1ccc(O)c(O)c1,"benzaldehyde, 3,4-dihydroxy-",1.2,1.161,150.0,17.227,0.198,0.19,,
OC1CCCc2ccccc21,.alpha.-tetralol,1.094,1.047,18.282,4.489,0.138,0.131,,
CCCC(O)/C=C\CO,"(Z)-2-heptene-1,4-diol",0.9595,0.911,10.422,2.634,0.166,0.155,,
C=C(C)C(=O)OCCO,ethylene glycol methacrylate,1.053,0.9926,3.458,1.048,0.142,0.132,,
C=CCC(C)(O)CC,"1-hexen-4-ol, 4-methyl-",0.8069,0.7419,2.726,0.553,0.12,0.111,,
CCC(C)CCC(=O)O,(S)-4-methylhexanoic acid,1.006,0.949,3.877,1.349,0.149,0.138,,
CCCCCCOC(=O)C(C)(C)O,hexyl 2-hydroxy-2-methylpropanoate,1.048,0.991,13.359,2.825,0.148,0.136,,
O=C1OC(CO)C(O)C1O,"D-ribonic acid, .gamma.-lactone",1.62,1.56,33.951,7.692,0.212,0.2,,
CC[C@H](O)[C@@H](C)C(C)=O,"(R*,S*)-4-hydroxy-3-methyl-2-hexanone",0.9233,0.8682,4.874,1.302,0.152,0.142,,
CCCCCCCCCCCC(O)CCC,4-pentadecanol,0.97,0.923,97.938,11.918,0.163,0.148,,
Cc1cccc(C(C)(C)O)c1,2-(3-methylphenyl)-2-propanol,0.965,0.916,18.653,3.821,0.124,0.117,,
C=CC#CCCO,hex-5-en-3-yn-1-ol,0.915,0.863,4.153,1.182,0.146,0.138,,
CCCCCCCOC(=O)C(C)O,heptyl 2-hydroxypropanoate,0.997,0.943,6.419,1.697,0.151,0.14,,
CCc1ccc(C(O)c2ccccc2)cc1,(4-ethylphenyl)phenylmethanol,1.119,1.074,48.257,9.311,0.158,0.148,,
OC(Cc1ccccc1)Cc1ccccc1,"1,3-diphenyl-2-propanol",1.072,1.03,93.284,15.534,0.163,0.154,,
OCC1(c2ccccc2)CC1,.alpha.-cyclopropylbenzyl alcohol,1.079,1.028,7.878,2.14,0.143,0.136,,
CCCCCCCCCCCCC=CC(=O)O,2-pentadecenoic acid,0.976,0.932,10.246,3.433,0.169,0.159,,
CCCCC#CC(O)CCCCCCCC,5-pentadecyn-7-ol,0.8408,0.801,190.295,18.727,0.159,0.146,,
CCCC(=O)OCC(O)CO,glycerol .alpha.-monobutyrate,1.016,0.967,25.591,5.688,0.188,0.173,,
CCCCCC[C@H](O)CC,(S)-(+)-3-nonanol,0.864,0.812,7.639,1.564,0.137,0.127,,
CCCCCCCCCC(=O)OO,peroxydecanoic acid,1.1,1.04,6.182,1.731,0.17,0.155,,
CCC/C=C\CCO,(Z)-3-hepten-1-ol,0.8316,0.7799,2.285,0.859,0.145,0.135,,
CC(C)(c1ccccc1)c1ccccc1O,2-phenyl-2-(2-hydroxyphenyl)propane,1.044,1.003,124.521,17.946,0.138,0.131,,
CCCCC1(O)CCCCC1,1-butylcyclohexanol,0.9032,0.8561,6.864,2.336,0.129,0.121,,
CC(C)OC(C)COC(C)COC(C)COC(C)CO,tetrapropylene glycol monoisopropyl ether,1.13,1.07,12.389,3.551,0.202,0.181,,
CC=Cc1ccc(O)c(OC)c1,2-methoxy-4-(1-propenyl)phenol,1.0692,1.0182,13.094,2.946,0.152,0.142,,
C=C1CCCC1O,2-methylenecyclopentanol,1.078,1.013,2.876,1.086,0.135,0.125,,
COC(=O)CCC(=O)O,monomethyl succinate,1.33,1.26,2.256,0.937,0.163,0.152,,
C#CCC(O)C=C,1-hexen-5-yn-3-ol,0.8982,0.837,4.565,1.016,0.102,0.0951,,
C#CCC(C)(O)C=C,3-methyl-1-hexen-5-yn-3-ol,0.8896,0.836,12.702,1.663,0.092,0.0864,,
CCCCCCCCCCCCCCCC(=O)OO,perhexadecanoic acid,1.036,0.989,25.097,5.763,0.175,0.161,,
CCCC#CCO,2-hexyn-1-ol,0.8726,0.818,3.323,1.027,0.143,0.134,,
C=CC#CC1(O)CCCCC1,1-vinylethynylcyclohexanol,0.99,0.938,9.697,2.665,0.138,0.129,,
CC(C)[C@H]1CO[C@H](O)OC1,"trans-2-hydroxy-5-(1-methylethyl)-1,3-dioxane",1.162,1.097,10.327,2.644,0.157,0.146,,
CCCC1(O)CCC(C)CC1,1-methyl-4-propyl-4-cyclohexanol,0.947,0.893,5.174,1.904,0.126,0.117,,
OC1C=CCCC1,2-cyclohexen-1-ol,0.978,0.92,2.761,1.098,0.139,0.131,,
CC1CCC(C)(O)C1,"1,3-dimethylcyclopentanol",0.8735,0.8202,2.061,0.89,0.117,0.11,,
CC(=O)Oc1ccc(C(=O)O)cc1,"benzoic acid, 4-(acetyloxy)-",1.325,1.269,38.491,6.619,0.166,0.157,,
CCCCCCC(O)/C=C\CO,"(Z)-2-decene-1,4-diol",0.9176,0.875,14.167,3.2,0.173,0.161,,
CC(O)c1ccco1,.alpha.-methyl-2-furanmethanol,1.119,1.05,3.485,1.076,0.147,0.138,,
C=CCC(O)C=C,"1,5-hexadien-3-ol",0.857,0.794,2.077,0.579,0.134,0.125,,
CC(C)(c1ccccc1)c1ccc(O)cc1,"4-(.alpha.,.alpha.-dimethylbenzyl)phenol",1.056,1.014,142.045,19.724,0.14,0.132,,
CCCC(C)CCCC(C)CCCC(C)O,"6,10-dimethyl-2-tridecanol",0.832,0.791,51.683,7.332,0.136,0.125,,
CCCc1ccc(OC)c(O)c1,2-methoxy-5-propylphenol,1.06,1.008,11.321,2.679,0.143,0.134,,
CCCC[C@H](C)O,2-hexanol,0.79797,0.74393,2.996,0.757,0.129,0.12,,
CCCCCCCCCCCCCC(C)O,2-pentadecanol,0.912,0.869,97.588,12.658,0.154,0.141,,
CC(O)CCCCO,"1,5-hexanediol",0.9535,0.9042,36.707,6.193,0.161,0.15,,
COC(C)CCC(=O)O,4-methoxypentanoic acid,1.0009,0.946,6.194,1.797,0.162,0.151,,
OCCCCC(O)CO,"1,2,6-hexanetriol",1.09102,1.0523,137.486,17.105,0.172,0.163,,
CO[C@H]1[C@H](O)[C@H](O)[C@@H](O)[C@@H](O)[C@@H]1O,D-pinitol,1.48,1.42,67.568,16.197,0.224,0.209,,
CC(CCO)CCO,"1,5-pentanediol, 3-methyl-",0.959,0.914,59.854,6.521,0.161,0.151,,
CCCCOC(=O)CO,butyl hydroxyethanoate,1.0043,0.9444,2.888,1.038,0.148,0.139,,
OCC1CCC(CO)O1,"erythro-hexitol, 2,5-anhydro-3,4-dideoxy-",1.24,1.181,17.742,4.572,0.173,0.162,,
CCOC(=O)CC(C)O,ethyl 3-hydroxybutyrate,0.9903,0.9275,3.231,1.046,0.144,0.134,,
CCC(O)C(O)C(C)O,"2,3,4-hexanetriol",1.091,1.038,52.246,8.189,0.168,0.156,,
CCC(O)CCCO,"1,4-hexanediol",0.9629,0.9123,27.002,4.823,0.158,0.147,,
CCCCC(O)CCO,"1,3-heptanediol",1.062,1.006,6.026,1.988,0.166,0.155,,
Cc1ccc(C(=O)CC(=O)O)cc1,2-(4-methylbenzoyl)ethanoic acid,1.33,1.27,56.391,9.449,0.184,0.174,,
CCC(CO)CCO,"1,4-butanediol, 2-ethyl-",0.9668,0.9175,68.266,8.828,0.161,0.15,,
CC(CO)C(C)CO,"1,4-butanediol, 2,3-dimethyl-",0.9612,0.9115,80.108,10.093,0.16,0.148,,
CCCOC(=O)C(C)O,isopropyl (S)-2-hydroxypropionate,0.9723,0.9105,2.263,0.791,0.134,0.126,,
CC[C@@H](C)CCO,3-methyl-1-pentanol,1.09,1.043,183.486,23.011,0.189,0.176,,
CCCCC(O)C(=O)O,2-hydroxyhexanoic acid,1.26,1.19,19.841,4.118,0.169,0.155,,
CC(C)CCC(O)(CCC(C)C)CC(C)C,"2,8-dimethyl-5-isobutyl-5-nonanol",0.8221,0.7794,32.843,5.132,0.114,0.106,,
COCCC(O)COC,"2-Butanol, 1,4-dimethoxy- (7CI)",0.994,0.936,3.119,1.175,0.157,0.147,,
CCCC=C=C(C)C(C)(C)O,"2,3-dimethyl-3,4-octadien-2-ol",0.8531,0.807,37.51,4.213,0.266,0.249,,
COCCOCCOCCOCCO,"3,6,9,12-tetraoxatridecanol",1.05,1.003,7.143,2.493,0.2,0.187,,
OCCCOCCCO,"4-oxa-1,7-heptanediol",1.007,0.9589,29.494,3.047,0.1575,0.1537,,
CC(C)(C)OOCCO,tert-butyl 2-hydroxyethyl peroxide,0.968,0.901,2.583,0.977,0.145,0.135,,
CC(O)COCC(C)O,"4-oxaheptane-2,6-diol",0.994,0.943,4.728,1.697,0.157,0.148,,
CCCCCC(O)CCCO,"1,4-nonanediol",0.9153,0.8711,39.331,5.74,0.164,0.152,,
CCCCCC(O)CO,"1,2-heptanediol",0.986,0.934,25.355,4.39,0.16,0.149,,
CCOC(=O)CCC(C(C)=O)=C(C)O,3-ethoxycarbonylethyl-2-hydroxy-2-penten-4-one,1.25,1.19,24.8,4.538,0.174,0.161,,
C=COCCCCO,"1,4-butanediol monovinyl ether",0.9257,0.8653,1.62,0.74,0.156,0.144,,
O=C(O)[C@H]1C[C@H]1c1ccccc1,cis-1-Phenylcyclopropane-2-carboxylic acid,1.207,1.155,10.771,2.857,0.154,0.145,,
CC1(C)C2CCC1(C)[C@H](O)C2,"(1S-endo)-1,7,7-trimethylbicyclo[2.2.1]heptan-2-ol",0.996,0.942,2.41,0.87,0.106,0.1,,
OC1CCC(O)CC1,"1,4-cyclohexanediol",1.08,1.025,6.667,2.341,0.15,0.141,,
CC(O)COC(C)CO,2-(2-hydroxypropoxy)-1-propanol,1.0063,0.9541,5.267,1.782,0.1624,0.1563,,
OCC#Cc1ccccc1,"2-propyn-1-ol, 3-phenyl-",1.042,0.998,17.274,4.008,0.157,0.15,,
O=C(O)c1ccc(C(=O)O)c(C(=O)O)c1,"1,2,4-benzenetricarboxylic acid",1.45,1.41,82.759,14.894,0.166,0.16,,
CC1=CCC(C(C)(C)O)CC1,"(S)-.alpha.,.alpha.,4-trimethyl-3-cyclohexene-1-methanol",0.9204,0.8693,10.756,2.761,0.12,0.112,,
CC(C)C(C)(C)O,"2,3-dimethyl-2-butanol",0.8048,0.7434,2.954,0.687,0.113,0.105,,
C=C=CCCCC,"1,2-heptadiene",0.8535,0.796,8.202,1.219,0.088,0.0825,,
CCC(O)C(C)C,2-methyl-3-pentanol,0.80671,0.7464,2.464,0.596,0.122,0.114,,
C[C@@H](O)C(C)(C)C,"(+)-3,3-dimethyl-2-butanol",0.7963,0.738,3.265,0.691,0.112,0.105,,
CCCC(C)CO,2-methyl-1-pentanol,0.80899,0.7593,3.941,0.909,0.135,0.125,,
CC[C@@H](O)[C@@H](O)CC,"(R*,S*)-3,4-hexanediol",0.956,0.901,14.644,2.775,0.148,0.138,,
CC[C@@H](C)[C@@H](C)O,"(R*,R*)-3-methyl-2-pentanol",0.796,0.736,3.518,0.72,0.122,0.114,,
COC1OCC(O)C(O)C1O,methyl .beta.-d-xylopyranoside,1.256,1.21,29.459,7.025,0.178,0.17,,
C#CC(C)(O)CCC,"1-hexyn-3-ol, 3-methyl-",0.846,0.788,7.92,1.18,0.0881,0.0825,,
CCCC(O)CCCO,"1,4-heptanediol",0.938,0.8899,31.983,5.281,0.161,0.15,,
CCCC(C)(C)CO,"2,2-dimethyl-1-pentanol",0.8202,0.7643,5.608,1.073,0.12,0.112,,
CCC(O)CCCCO,"1,5-heptanediol",0.9537,0.905,45.088,6.961,0.168,0.155,,
CC(O)C(C)(C)C,"3,3-dimethyl-2-butanol",0.8012,0.7433,3.245,0.686,0.112,0.105,,
CCC(C)(C)CO,"2,2-dimethyl-1-butanol",0.81199,0.75914,5.329,0.997,0.12,0.112,,
CC(O)CCCCCO,"1,6-heptanediol",0.9505,0.9019,31.562,5.211,0.16,0.149,,
CCCC(C)(C)O,2-methyl-2-pentanol,0.796,0.7385,1.775,0.575,0.118,0.11,,
CCC(C)C(CO)CO,"1,3-propanediol, 2-sec-butyl-",0.982,0.934,69.246,8.565,0.155,0.145,,
CCCCC(O)CO,"(.+-.)-1,2-hexanediol",0.9364,0.8893,25.267,1.867,0.152,0.143,,
C[C@H](CO)[C@H](C)CO,"(R*,R*)-(.+-.)-2.3-dimethyl-1,4-butanediol",0.9581,0.9086,56.362,7.594,0.154,0.144,,
OCCC1C=CCC1,2-(2-cyclopenten-1-yl)ethanol,0.968,0.913,2.893,1.128,0.142,0.133,,
CCCCOCC(C)O,1-butoxy-2-propanol,0.86139,0.8058,2.171,0.757,0.144,0.134,,
CCCC(O)CCO,"1,3-hexanediol",0.9438,0.8942,33.905,5.927,0.162,0.15,,
OC1C(O)C(O)C(O)C(O)C1O,"1,2,3,4,5,6-cyclohexanehexol",1.56,1.5,115.385,24.667,0.23,0.216,,
CCC(C)(O)CCO,"1,3-pentanediol, 3-methyl-",0.9506,0.8973,26.299,4.458,0.149,0.138,,
C=CCC(O)CC=C,"1,6-heptadien-4-ol",0.846,0.794,3.31,0.793,0.135,0.127,,
C=C=CC(O)CCC,"1,2-heptadien-4-ol",0.8516,0.794,3.523,0.869,0.275,0.255,,
CC(OCCO)OCCO,"1,1-bis(2-hydroxyethoxy)ethane",1.0955,1.04,9.128,2.981,0.19,0.176,,
CC(C)(C)OOC(O)CO,"1,2-ethanediol, 1-[(1,1-dimethylethyl)dioxy]-",1.187,1.132,14.322,4.152,0.176,0.165,,
CCCCCCCCc1ccc(C(C)O)cc1,1-(p-octylphenyl)ethanol,1.03,0.979,53.398,9.704,0.155,0.142,,
CCC#CC(C)(O)C(C)(O)CC,"3,4-dimethyl-5-octyne-3,4-diol",0.9479,0.897,105.496,8.473,0.138,0.128,,
CC(C)CC(C)CCCO,"1-heptanol, 4,6-dimethyl-",0.879,0.827,14.79,2.297,0.135,0.124,,
CCC(O)C(C)(C)C,"2,2-dimethyl-3-pentanol",0.8094,0.752,4.324,0.838,0.114,0.106,,
C#CC(C)(O)CCC=C(C)C,"3,7-dimethyl-6-octen-1-yn-3-ol",0.86136,0.8089,46.438,4.574,0.11,0.099,,
CC(C)(C)C(C)(C)O,"2,3,3-trimethyl-2-butanol",0.8192,0.75665,2.93,0.74,0.105,0.098,,
CCC(O)C(C)(O)C(C)O,"3-methyl-2,3,4-hexanetriol",1.076,1.021,40.892,6.562,0.16,0.148,,
CCCCOC(C)C(=O)O,2-butoxypropanoic acid,0.9662,0.9097,5.278,1.638,0.162,0.15,,
CC1(C)OCC(CCO)O1,"4-(2-Hydroxyethyl)-2,2-dimethyl-1,3-dioxolane",1.125,1.062,6.222,1.977,0.151,0.14,,
CC=C(C)C#CC(O)CCC,3-methyl-2-nonen-4-yn-6-ol,0.8662,0.819,23.089,3.297,0.141,0.131,,
COC(=O)c1ccccc1O,methyl 2-hydroxybenzoate,1.16295,1.10095,11.178,2.362,0.1395,0.1335,,
CC(C)COC(=O)C(C)O,R-(+)-isobutyl lactate,0.981,0.9668,3.058,0.931,0.139,0.129,,
C#CC(C)(O)CCCC(C)C,"3,7-dimethyl-1-octyn-3-ol",0.9354,0.8927,35.279,5.601,0.174,0.161,,
CC(C)OCCOCCO,diethylene glycol isopropyl ether,0.9456,0.8926,3.807,1.367,0.161,0.15,,
COCC(C)OCC(C)O,dipropylene glycol monomethyl ether,0.9382,0.8827,2.984,1.303,0.158,0.146,,
CCCCC[C@@H](C)O,(S)-2-heptanol,0.85,0.791,3.647,0.923,0.132,0.122,,
CC(C)(CO)CCCO,"1,5-dihydroxy-2,2-dimethylpentane",1.04,0.98,75.0,8.469,0.148,0.138,,
CCCCCCCCCOc1ccc(C(=O)O)cc1,4-nonyloxybenzoic acid,1.052,1.014,123.574,15.976,0.163,0.156,,
CC[C@@H](O)CC(C)C,(R)-5-methyl-3-hexanol,0.809,0.754,6.057,1.048,0.124,0.116,,
CCC[C@@](C)(O)CC,(R)-3-methyl-3-hexanol,0.9,0.835,4.778,1.066,0.125,0.115,,
C=CC(O)C1CC=CCC1C,"3-cyclohexene-1-methanol, 6-methyl-alpha-vinyl-",0.9405,0.8903,7.656,2.246,0.142,0.132,,
C=CC(O)c1ccccc1,"2-propene, 1-hydroxy-1-phenyl-",0.852,0.806,6.808,2.109,0.151,0.141,,
CCC[C@H](O)C(C)C,(R)-2-methyl-3-hexanol,0.824,0.768,5.704,1.016,0.125,0.116,,
CC(=O)OCC(O)COC(C)=O,"2-hydroxypropane-1,3-diyl diacetate",1.1548,1.092,17.319,3.663,0.178,0.162,,
O=C(OC(CO)CO)c1ccccc1,2-Monobenzoylglycerol,1.34,1.29,104.478,17.054,0.191,0.179,,
CCCCCCCC(C)CO,"1-nonanol, 2-methyl-",0.8158,0.7704,35.548,4.673,0.147,0.135,,
C=C=CC(O)(CC=C)C(C)C,"4-(1-methylethyl)-1,2,6-heptatrien-4-ol",0.8723,0.828,18.342,2.415,0.263,0.249,,
CC1C=CC(C(C)C)CC1,(3R-trans)-3-methyl-6-(1-methylethyl)cyclohexene,0.9121,0.867,6.688,2.307,0.17,0.159,,
CCCCC(O)CCCCO,"1,5-nonanediol",0.9227,0.878,54.189,7.517,0.171,0.158,,
CC(C)[C@H]1CO[C@@H](O)OC1,"cis-2-hydroxy-5-(1-methylethyl)-1,3-dioxane",1.162,1.097,10.327,2.644,0.157,0.146,,
C=CCOC(=O)C(C)(C)O,2-propenyl 2-methyl-2-hydroxypropanoate,0.9827,0.9252,2.646,0.854,0.143,0.134,,
CC1(O)CCCC1,1-methylcyclopentanol,0.90246,0.8426,,,0.12,0.113,253.9,273.0
COc1ccccc1CC(=O)O,2-methoxyphenylacetic acid,1.203,1.151,31.588,5.734,0.165,0.157,,
C=C(C)C(=O)OCC(C)O,2-hydroxypropyl 2-methyl-2-propenoate,1.067,1.005,3.843,1.144,0.138,0.128,,
CCCCCCCCCCCC(=O)OC(CO)CO,"dodecanoic acid, 2-hydroxy-1-(hydroxymethyl)ethyl ester",1.14,1.1,105.263,15.455,0.207,0.189,,
OC1CCCC1C1CCCC1,2-cyclopentylcyclopentanol,1.007,0.956,5.958,1.987,0.131,0.123,,
COc1cccc(CC(=O)O)c1,3-methoxyphenylacetic acid,1.226,1.172,30.995,5.546,0.167,0.158,,
CC1=CCC(CC(=O)O)C1(C)C,"2,2,3-trimethylcyclopent-3-ene-1-acetic acid",0.9903,0.9522,4.443,1.575,0.133,0.125,,
CC(C)(O)/C=C\CO,"(Z)-4-methyl-2-pentene-1,4-diol",0.9694,0.913,61.894,7.01,0.156,0.144,,
CCC(O)OOC(C)(C)C,"1-[(1,1-dimethylethyl)dioxy]-1-propanol",1.026,0.969,4.386,1.548,0.15,0.14,,
OC1CCCCC1O,"1,2-cyclohexanediol",1.108,1.039,6.498,2.31,0.15,0.141,,
C=C1CCCC2(C)CC3(O)OC(=O)C(C)=C3CC12,atractylenolide III,1.35,1.3,34.074,6.923,0.144,0.134,,
C=C=CC(O)(CC=C)CCC,"4-propyl-1,2,6-heptatrien-4-ol",0.8669,0.8165,21.917,2.694,0.279,0.259,,
CCCCOC(=O)CCO,butyl 3-hydroxypropanoate,0.9867,0.9303,3.953,1.301,0.154,0.143,,
C=CCc1ccccc1O,2-allylphenol,1.0118,0.962,13.837,3.119,0.151,0.141,,
CC(O)=CC(=O)OC(C)C,3-hydroxy-2-butenoic acid 1-methylethyl ester,1.12,1.05,4.732,1.371,0.143,0.133,,
CCCOC(=O)C=C(C)O,"3-hydroxy-2-butenoic acid, propyl ester",1.12,1.06,3.75,1.226,0.148,0.138,,
CC1CCC(CC(=O)O)C1(C)C,"2,2,3-Trimethylcyclopentaneacetic acid",1.052,1.0,4.183,1.6,0.13,0.122,,
CC(C)C(C)(C)CO,"2,2,3-trimethyl-1-butanol",0.829,0.7729,5.308,1.113,0.117,0.109,,
C=CC(O)CCC,1-hexen-3-ol,0.8179,0.7612,2.323,0.657,0.13,0.122,,
CCC(O)CCCCCCO,"1,7-nonanediol",0.9332,0.8881,43.935,6.306,0.166,0.154,,
CCC=CCCO,(Z)-3-hexen-1-ol,0.858,0.8,1.865,0.725,0.142,0.132,,
CC1OC(=O)C(C)OC1=O,"3,6-dimethyl-2,5-dioxo-1,4-dioxane",0.8358,0.7816,2.393,0.896,0.146,0.135,,
CCCCOCC(O)CO,"3-butoxypropane-1,2-diol",1.071,1.017,7.003,2.163,0.178,0.165,,
CC1CCCC1O,(-)-trans-2-methylcyclopentanol,0.9066,0.8469,1.985,0.838,0.129,0.12,,
CCCC(O)CCCCCO,"1,6-nonanediol",0.926,0.8816,36.717,5.445,0.162,0.151,,
C/C=C\CCO,(Z)-3-penten-1-ol,0.855,0.795,1.649,0.692,0.14,0.131,,
CCCCCCCCCCCCC(O)CC,3-pentadecanol,0.819,0.7788,78.144,10.401,0.152,0.139,,
OCCc1ccccc1,2-phenylethanol,1.00416,0.9534,6.005,1.395,0.148,0.14,,
C[C@@H](O)CO,"D-(-)-1,2-propanediol",1.0005,0.945,35.982,5.185,0.152,0.142,,
CCC(C)O,(RS)-2-butanol,0.78946,0.72795,2.279,0.563,0.1311,0.118,,
CCCOO,n-propyl hydroperoxide,0.8791,0.797,1.103,0.615,0.143,0.132,,
CCCCO,1-butanol,0.79411,0.74228,2.192,0.756,0.1489,0.1382,,
COc1ccc(O)c(C(C)(C)C)c1,2-(3)-tert-butyl-4-hydroxyanisole,0.984,0.943,47.764,6.999,0.124,0.118,,
CCCCCCCCCCCCCCOC(=O)C(C)O,tetradecyl 2-hydroxypropanoate,0.893,0.855,11.31,3.977,0.173,0.158,,
CCC1(O)CCCC(C)C1,1-ethyl-3-methylcyclohexanol,0.8904,0.838,4.043,1.527,0.122,0.114,,
CCC1(O)CCC(C)CC1,1-ethyl-4-methylcyclohexanol,0.8937,0.8455,3.916,1.502,0.119,0.112,,
CC(O)=CC(=O)OC(C)(C)C,"2-butenoic acid, 3-hydroxy-, 1,1-dimethylethyl ester",1.084,1.024,8.764,2.051,0.135,0.126,,
CC(C)(C)O,2-methyl-2-propanol,0.76481,0.6968,2.72,0.508,0.1088,0.104,,
CC(O)C(C)O,"2,3-butanediol, (.+-.)-",0.9766,0.9252,17.622,2.057,0.147,0.137,,
CC(O)CCO,"(R)-1,3-butanediol",1.02,0.962,44.118,5.925,0.154,0.144,,
CC(C)(C)OO,"1,1-dimethylethyl hydroperoxide",0.8749,0.8084,1.612,0.693,0.129,0.121,,
CC(C)C1COC(C)(O)OC1,"cis-2-hydroxy-2-methyl-5-(1-methylethyl)-1,3-dioxane",1.117,1.051,8.505,2.379,0.146,0.135,,
COCC(C)O,1-methoxy-2-propanol,0.90177,0.839,1.326,0.542,0.137,0.129,,
C[C@H](O)[C@@H](C)O,"2,3-butanediol",0.98665,0.9308,38.514,1.504,0.147,0.137,,
C[C@H](O)[C@H](C)O,"2,3-butanediol, [R-(R*,R*)]-",0.9722,0.9092,20.572,3.3,0.147,0.136,,
COC(=O)CO,methyl hydroxyethanoate,1.151,1.0767,1.998,0.827,0.186,0.175,,
OC1COC1,3-hydroxyoxetane,1.04068,1.0005,20.554,3.518,0.2252,0.2159,,
CC(C)C1(O)CCCCC1,1-(1-methylethyl)cyclohexanol,0.924,0.874,5.844,1.876,0.119,0.113,,
C#CCO,2-propyn-1-ol,0.929,0.86,1.625,0.64,0.131,0.123,,
CC1(O)CCCCCCC1,1-methylcyclooctanol,0.884,0.838,6.109,2.267,0.124,0.117,,
O=c1c(O)c1O,deltic acid,1.56,1.454,1.474,0.447,0.22,0.206,,
C=Cc1ccccc1O,2-hydroxystyrene,1.18,1.12,4.407,1.188,0.135,0.129,,
CCOC(=O)C(CC)=C(C)O,2-ethyl-3-hydroxy-2-butenoic acid ethyl ester,1.1,1.05,4.636,1.438,0.139,0.129,,
C#CC(C=C)C(O)CCCCC,3-ethenyl-1-nonyn-4-ol,0.864,0.8166,19.676,2.939,0.1,0.094,,
C/C=C/C(O)C(C)=C=CCCC,"5-methyl-2,5,6-decatrien-4-ol",0.8559,0.807,10.632,1.983,0.291,0.269,,
C=C(C)C(=C=CCCC)C(C)O,"3-(methylethenyl)-3,4-octadien-2-ol",0.8584,0.8084,10.834,1.979,0.279,0.257,,
C=CCO,2-propenol,0.7681,0.7108,1.185,0.508,0.161,0.151,,
OC1CC1,cyclopropanol,0.93,0.86,0.441,0.252,0.122,0.116,,
CCCCC1(O)CCCC1,1-butylcyclopentanol,0.881,0.832,3.746,1.43,0.124,0.117,,
CCOC(=O)C(=C(O)CC(C)(C)C)C(C)(C)C,"5,5-dimethyl-2-(1,1-dimethylethyl)-3-hydroxy-2-hexenoic acid, ethyl ester",1.043,0.992,37.392,6.653,0.114,0.105,,
CC(C=O)CCC(C)(O)C=O,"2-hydroxy-2,5-dimethyl-1,6-hexanedial",1.2,1.13,125.0,11.504,0.188,0.172,,
C=C(C)COC(=O)C(C)(C)O,2-methyl-2-propenyl 2-hydroxy-2-methylpropanoate,0.9589,0.9052,3.233,0.983,0.133,0.125,,
CC(=O)CO,acetol,1.052,0.984,2.757,0.986,0.2,0.187,,
O=CC(O)CO,glyceraldehyde,1.21,1.13,5.868,1.77,0.205,0.19,,
CC(C)C(O)O,"2-methyl-1,1-propanediol",1.023,0.965,45.943,6.114,0.149,0.139,,
CC(CO)CO,"2-methyl-1,3-propanediol",1.002,0.952,39.92,6.092,0.152,0.143,,
CC(C)(C)C1CC(O)CC(C(C)(C)C)C1,"cis-1,3-bis(1,1-dimethylethyl)-5-hydroxycyclohexane",0.909,0.862,23.102,5.104,0.103,0.095,,
C#CC(C)O,3-butyn-2-ol,0.824,0.758,2.136,0.462,0.094,0.0883,,
OCC1CCOC(c2ccccc2)O1,"1,3-Dioxane-4-methanol, 2-phenyl- (9CI)",1.333,1.274,57.764,11.774,0.198,0.183,,
CC(O)CCC(C)OCCC1CCCCC1,5-(2-cyclohexylethoxy)-2-hexanol,1.024,0.975,30.273,7.077,0.159,0.146,,
C#CCC#CCCCCCC(=O)O,"7,10-undecadiynoic acid",0.9979,0.951,23.048,5.678,0.132,0.124,,
C/C=C/C(O)C(C)(C)C,"2,2-dimethyl-4-hexen-3-ol",0.819,0.767,8.303,1.33,0.122,0.114,,
OCCC(O)c1ccccc1,"1-phenyl-1,3-propanediol",1.152,1.101,28.646,6.721,0.175,0.164,,
CC(O)COc1ccccc1,1-phenoxy-2-propanol,1.091,1.036,8.433,2.413,0.161,0.151,,
CCCCCCCCCCCCCC(=O)OO,peroxytetradecanoic acid,1.019,0.973,14.72,3.7,0.165,0.153,,
O=C(O)COCC(=O)O,"2,2'-oxydiacetic acid",1.296,1.252,5.324,1.917,0.168,0.161,,
CC=CC(=O)O,butenoic acid,1.7,1.62,24.706,5.432,0.184,0.171,,
O=C(O)[C@@H](O)[C@H](O)C(=O)O,"(2R,3R)-(+)-2,3-dihydroxybutanedioic acid",1.66,1.58,36.747,8.228,0.201,0.185,,
CC(C)=C=O,2-methyl-1-propen-1-one,1.79,1.71,34.078,7.602,0.201,0.185,,
C/C=C\CO,(Z)-2-buten-1-ol,0.774,0.719,1.021,0.501,0.132,0.125,,
OC1(c2ccccc2)CCCC1,1-phenylcyclopentanol,1.062,1.014,12.241,3.55,0.14,0.133,,
CC1(O)CCCc2ccccc21,"1-methyl-1,2,3,4-tetrahydro-1-naphthol",1.073,1.027,19.571,4.771,0.13,0.123,,
C=CCCO,3-buten-1-ol,0.846,0.779,1.229,0.565,0.134,0.125,,
CC#CCO,2-butyn-1-ol,0.95,0.878,2.316,0.82,0.143,0.132,,
CC(c1ccccc1)C(C)(C)O,2-methyl-3-phenyl-2-butanol,0.9658,0.9172,8.801,2.508,0.131,0.123,,
CC(C)[C@H]1OC[C@@H](CO)CO1,"1,3-dioxane-5-methanol, 2-(1-methylethyl)-, cis-",1.144,1.081,13.112,3.33,0.16,0.148,,
C[C@@H](O)[C@@H](C)O,"[S-(R*,R*)]-2,3-butanediol",0.9723,0.9112,18.307,2.524,0.146,0.136,,
CCC(C)OC(=O)C=C(C)O,"3-hydroxy-2-butenoic acid, 1-methylpropyl ester",1.1,1.04,6.0,1.635,0.145,0.135,,
COCC(O)CO,1-O-methyl-rac-glycerol,1.147,1.084,6.103,2.214,0.17,0.158,,
CCCCc1cccc(O)c1C,3-butyl-2-methylphenol,0.937,0.894,9.605,2.573,0.126,0.119,,
CCOC(=O)C(C)=C(O)CC,"3-hydroxy-2-methyl-2-pentenoic acid, ethyl ester",1.1,1.05,4.636,1.438,0.139,0.129,,
CCCCCCCCCC(C)(O)CCCC(C)(C)C,"2,2,6-trimethyl-6-pentadecanol",0.988,0.945,35.425,8.36,0.18,0.165,,
Cc1ccc(C(C)(C)C)c(O)c1,"2-(1,1-dimethylethyl)-5-methylphenol",0.9649,0.905,,,0.113,0.106,297.0,354.0
CCCC1(O)CCCCC1,1-propylcyclohexanol,0.9146,0.865,4.373,1.653,0.124,0.117,,
CC(O)c1ccccc1,(S)-(-)-1-phenylethanol,0.9988,0.9423,4.806,1.539,0.146,0.137,,
O=C1C=C(O)C(=O)O1,"2,5-furandione, 3-hydroxy-",1.6,1.51,2.312,0.861,0.228,0.213,,
CCCCCCCCC1(O)CCCCC1,1-octylcyclohexanol,0.922,0.877,11.931,3.763,0.133,0.124,,
C#CCCO,1-hydroxy-3-butyne,0.906,0.844,2.395,0.865,0.102,0.0961,,
CC(C)(OO)c1ccccc1,2-phenyl-2-propyl hydroperoxide,1.0424,0.9834,9.21,2.441,0.152,0.142,,
CC(C)[C@H]1OC[C@H](CO)CO1,"1,3-dioxane-5-methanol, 2-(1-methylethyl)-, trans-",1.144,1.081,13.112,3.33,0.16,0.148,,
CCCCOC(=O)C=C(C)O,"2-butenoic acid, 3-hydroxy-, butyl ester",1.13,1.07,4.336,1.346,0.154,0.142,,
OCCO,"1,2-ethanediol",1.0994,1.0557,8.705,1.951,0.2579,0.2537,,
CCCCCCCCCCCCCCO,1-tetradecanol,0.8222,0.77881,15.227,2.889,,,515.0,605.9
CCOC(=O)C=C(O)c1cccc(C)c1,3-hydroxy-3-(3-methylphenyl)-2-propenoic acid ethyl ester,1.25,1.19,43.2,8.067,0.162,0.15,,
CCOC(=O)C(C(C)=O)=C(C)O,3-ethoxycarbonyl-2-hydroxy-2-penten-4-one,1.24,1.18,16.935,3.39,0.166,0.155,,
CCOC(=O)C=C(O)c1cccc(OC)c1,"3-hydroxy-3-(3-methoxyphenyl)-2-propenoic acid, ethyl ester",1.32,1.26,54.545,9.524,0.181,0.167,,
CCOC(=O)C=C(O)c1ccccc1OC,"3-hydroxy-3-(2-methoxyphenyl)-2-propenoic acid, ethyl ester",1.32,1.26,54.545,9.524,0.181,0.167,,
CC(OC1CCCCC1)c1ccccc1,(1-cyclohexyloxyethyl)benzene,1.008,0.967,87.302,12.41,0.154,0.145,,
CCCCCCc1ccc(C(C)O)cc1,1-(p-hexylphenyl)ethanol,0.994,0.945,30.181,6.138,0.145,0.134,,
CCOC(=O)C(=C(C)O)c1ccccc1,"3-hydroxy-2-phenyl-2-butenoic acid, ethyl ester",1.21,1.154,26.446,5.893,0.161,0.149,,
CC(O)O,"1,1-ethanediol",1.105,1.042,32.579,4.798,0.195,0.183,,
CC(=O)C1=C(O)CCCC1,2-acetyl-1-hydroxycyclohexene,1.096,1.042,11.861,3.167,0.151,0.142,,
CCCCCCC#CC(=O)O,2-nonynoic acid,0.935,0.894,13.904,3.691,0.161,0.151,,
CCCCCC#CC(=O)O,2-octynoic acid,0.999,0.954,10.41,2.935,0.159,0.15,,
C=CC=C=CC(C)(C)O,"6-methyl-1,3,4-heptatrien-6-ol",0.8663,0.8154,17.315,2.33,0.277,0.259,,
OC(CCCc1ccccc1)CCc1ccccc1,"1,6-diphenyl-3-hexanol",1.11,1.068,198.198,29.026,0.183,0.17,,
C=C=CC(C)(O)CC=C,"4-methyl-1,2,6-heptatrien-4-ol",0.8851,0.8338,12.089,1.643,0.267,0.251,,
CCCCC(C)(CC)c1ccc(O)cc1,4-(1-ethyl-1-methylpentyl)phenol,0.9405,0.9,56.353,7.556,0.128,0.12,,
C1CCC2C(C1)CCC1C2CC2C3CCCCC3CCC21,"perhydrodibenzo[a,i]fluorene",0.986,0.949,,,0.114,0.108,540.0,599.0
CCOC(=O)C(CCC(C)C)=C(C)O,ethyl 3-hydroxy-2-(3-methylbutyl)-2-butenoate,1.07,1.02,11.215,2.549,0.14,0.129,,
OCC(c1ccccc1)c1ccccc1,"2,2-diphenylethanol",1.082,1.04,80.407,13.462,0.161,0.152,,
O=C(O)C1CCCCC1C(=O)O,"trans-1,2-cyclohexanedicarboxylic acid",1.39,1.34,15.827,4.701,0.165,0.157,,
CCCCCCCCCCCCCCCC1(O)CCCC1,1-pentadecylcyclopentanol,0.98,0.939,29.592,7.348,0.152,0.138,,
COc1cccc(OC)c1OC,"benzene, 1,2,3-trimethoxy-",0.9437,0.8925,6.464,2.017,0.143,0.134,,
CCCCCC#CC(O)c1ccccc1,1-phenyl-2-octyn-1-ol,1.042,0.995,61.42,10.05,0.168,0.156,,
C=C1C=C(OC)CC(C)C1,1-methoxy-5-methyl-3-methylenecyclohexene,0.902,0.855,1.53,0.596,0.122,0.114,,
CCCCC(CC)(CC)CC(O)C(C)(C)C,"3-nonanol, 5,5-diethyl-2,2-dimethyl-",0.873,0.829,43.528,6.755,0.111,0.103,,
CCOC(=O)CCCCCC(=O)O,heptanedioic acid ethyl ester,1.21,1.15,7.851,2.348,0.17,0.159,,
OC1CCC(c2ccccc2)CC1,trans-4-phenylcyclohexanol,1.085,1.035,13.825,4.155,0.152,0.142,,
COCCOC(=O)c1ccccc1C(=O)OCCOC,"bis(2-methoxyethyl) 1,2-benzenedioate",1.159,1.112,18.982,3.75,0.2,0.189,491.0,521.0
C(=Cc1ccccc1)COC1CCCCO1,"2H-pyran, tetrahydro-2-[(3-phenyl-2-propen-1-yl)oxy]-",1.285,1.235,8.56,2.105,0.115,0.109,,
CC=CC(C(=O)OCC)=C(C)O,ethyl 2-propenyl-3-hydroxy-2-butenoate,1.13,1.07,4.336,1.318,0.142,0.132,,
CCCCCCCCCCCCCCC/C=C\C(=O)O,(Z)-Octadecenoic acid,0.968,0.928,15.496,4.634,0.172,0.162,,
CCCCCC(O)CC,(R)-3-octanol,0.826,0.774,4.843,1.111,0.132,0.123,,
C1CCC2C(C1)CCCC2CC1CCCC2CCCCC21,"1,1'-didecahydronaphthylmethane",0.959,0.9241,,,0.118,0.113,517.0,583.0
CC(=O)C(CC(C)C)=C(C)O,2-hydroxy-3-(2-methylpropyl)-2-penten-4-one,1.023,0.97,11.73,2.474,0.147,0.137,,
CCCCCOCC(O)CO,"3-(pentyloxy)propane-1,2-diol",0.967,0.918,4.447,1.416,0.165,0.155,,
COc1ccccc1CO,o-anisyl alcohol,1.0284,0.977,5.737,1.74,0.15,0.141,,
COCC(O)COOC(C)(C)C,1-(Tert-butyldioxy)-3-methoxy-2-propanol,0.993,0.939,3.827,1.395,0.155,0.146,,
COc1cc(C)ccc1O,2-methoxy-4-methylphenol,1.0721,1.0166,5.783,1.505,0.138,0.13,,
CCOCCOCCOCCO,2-(2-(2-ethoxyethoxy)ethoxy)ethanol,1.0041,0.9553,4.223,1.424,0.178,0.168,,
CCCCCCCC(=O)OO,octaneperoxoic acid,1.06,1.004,4.623,1.394,0.159,0.147,,
CCCCCCOC(=O)CO,hexyl hydroxyethanoate,0.9779,0.9242,3.988,1.298,0.153,0.143,,
CC(C)CC1c2ccccc2C(CC(C)C)c2ccccc21,"9,10-bis(2-methylpropyl)-9,10-dihydroanthracene",0.9787,0.9434,,,0.115,0.11,503.0,563.0
CCCC(O)CC(=O)OCC,"hexanoic acid, 3-hydroxy-, ethyl ester",1.006,0.948,4.076,1.192,0.146,0.136,,
CC(O)C1(C)CCCCC1,".alpha.,1-dimethylcyclohexanemethanol",0.9147,0.862,4.81,1.636,0.119,0.112,,
CCCCC(CC)CCC(O)CCC(CC)CC,"3,9-diethyl-6-tridecanol",0.8339,0.7956,131.91,16.34,0.136,0.126,,
C=C(CCC(C)=CC(=O)O)C(C)C,"3-methyl-6-(1-methylethyl)-2,6-heptadienoic acid",0.9499,0.9027,8.422,2.548,0.135,0.126,,
CC1CC(C)CC(C)(O)C1,"1,3,5-trimethylcyclohexanol",0.8707,0.8195,3.331,1.293,0.116,0.108,,
OCc1ccc(CO)cc1,"1,4-benzenedimethanol",1.171,1.1161,18.787,4.659,0.163,0.153,,
O=CCO,glycolaldehyde,1.1,1.019,1.764,0.687,0.154,0.144,,
CCCCC(O)C(=O)OCC,ethyl 2-hydroxyhexanoate,1.08,1.02,4.907,1.363,0.151,0.14,,
CCOc1ccccc1O,"catechol, monoethyl ether",1.088,1.031,9.835,2.134,0.15,0.142,,
CCCCC=CC(C)(C)O,(Z)-2-methyl-3-octen-2-ol,0.8218,0.7715,12.533,1.737,0.128,0.12,,
CC(C)CCOCC(O)CO,"3-(isopentyloxy)propane-1,2-diol",0.984,0.932,3.963,1.395,0.16,0.15,,
CCC(C)C(C(C)=O)=C(C)O,2-hydroxy-3-(1-methylpropyl)-2-penten-4-one,1.024,0.971,11.719,2.575,0.148,0.138,,
CCCCCCC(O)CO,"1,2-octanediol",0.949,0.901,32.666,2.375,0.158,0.148,,
CC1CC(C)C(C)CC1=O,"2,4,5-trimethylcyclohexanone",1.038,0.989,21.195,3.943,0.158,0.148,,
CCC#CC#CC(C)(C)O,"2-methyl-3,5-octadiyn-2-ol",1.105,1.05,13.575,3.143,0.153,0.143,,
O=C(O)CCCCCC1CCCC1,6-cyclopentylhexanoic acid,1.078,1.026,7.05,2.437,0.157,0.147,,
CC(CC=CC(=O)O)CC(C)(C)C,"2-octeneoic acid, 5,7,7-trimethyl-",0.997,0.947,9.428,2.851,0.145,0.135,,
CCOC(=O)CC(C(C)=O)=C(C)O,3-ethoxycarbonylmethyl-2-hydroxy-2-penten-4-one,1.25,1.19,20.0,3.866,0.169,0.157,,
CCCC(O)CCCCO,"1,5-octanediol",0.9334,0.888,32.141,5.068,0.16,0.149,,
C#CC1(O)CCCCC1,1-ethynyl-1-cyclohexanol,0.93,0.881,6.774,2.043,0.092,0.0873,,
CCC(O)CCCCCO,"1,6-octanediol",0.9349,0.89,33.159,5.169,0.161,0.15,,
CC(O)CCCCCCO,"1,7-octanediol",0.9318,0.8856,27.903,4.517,0.158,0.147,,
C=CC(C=C)C(O)CCCCC,3-vinyl-1-nonen-4-ol,0.8389,0.7911,9.656,1.896,0.138,0.128,,
C#CCCCCCCCCCO,10-undecyn-1-ol,0.859,0.8146,20.955,4.297,0.121,0.111,,
CCOC(C)COC(C)CO,"1-propanol, 2-(2-ethoxypropoxy)-",1.0,0.942,3.5,1.253,0.16,0.148,,
CCOC(=O)C(Cc1ccccc1)=C(C)O,2-benzyl-3-hydroxy-2-butenoic acid ethyl ester,1.193,1.138,28.5,6.327,0.163,0.151,,
COc1cc(O)cc(OC)c1,"3,5-dimethoxyphenol",1.202,1.146,14.975,3.316,0.157,0.148,,
OCC=CCO,"(E)-2-butene-1,4-diol",1.08,1.023,9.259,2.933,0.168,0.158,,
CC1(C)CCC[C@@H](O)C1,"(S)-3,3-dimethylcyclohexanol",0.8933,0.8396,3.47,1.358,0.122,0.114,,
O=C(O)C12C3C4C5C6C4C1C6C2C53,pentaprismanecarboxylic acid,1.62,1.56,2.84,0.897,0.101,0.096,,
CCC(C)CO,(S)-(-)-2-methyl-1-butanol,0.8007,0.7425,3.235,0.818,0.129,0.12,,
CC(C)[C@H](C)O,(S)-3-methyl-2-butanol,0.7951,0.7308,3.144,0.67,0.123,0.114,,
CCCCCCC(O)CCCO,"1,4-decanediol",0.9047,0.862,71.847,9.281,0.175,0.161,,
CC1=CC(C)CC(C)(O)C1,"1-cyclohexen-5-ol, 1,3,5-trimethyl-",0.933,0.876,2.68,1.05,0.116,0.108,,
CCCCC#CC(O)CCCCCC,5-tridecyn-7-ol,0.8412,0.7994,77.271,8.631,0.153,0.141,,
CCC(O)(/C=C\CO)CC,"(Z)-4-ethyl-2-hexene-1,4-diol",0.9537,0.9027,82.835,8.087,0.156,0.145,,
CCCCCCc1ccc(O)c(OC)c1,4-hexylguaiacol,1.014,0.971,34.517,6.385,0.145,0.137,,
C/C=C/C(O)C(=C=CCC(C)C)CC,"5-ethyl-9-methyl-2,5,6-decatrien-4-ol",0.8524,0.8064,16.424,2.728,0.288,0.267,,
C=C(C)C(=C=CCC(C)C)C(C)(C)O,"2,7-dimethyl-3-(1-methylethenyl)-3,4-octadien-2-ol",0.8403,0.7916,48.792,5.558,0.279,0.254,,
CCC(C)(C)O,2-methyl-2-butanol,0.79004,0.7273,2.671,0.467,0.112,0.107,,
CCC[C@H](C)O,2-pentanol,0.79265,0.7353,2.517,0.612,0.127,0.118,,
CC1CCC=C(C(C)O)C1,1-(1-methyl-3-cyclohexen-3-yl)ethanol,0.944,0.89,4.767,1.551,0.126,0.118,,
O=C[C@H](O)[C@@H](O)[C@@H](O)CO,D-arabinose,1.38,1.31,86.957,14.504,0.219,0.204,,
CC(C)C(=O)CO,1-hydroxy-3-methyl-2-butanone,1.015,0.957,6.108,1.609,0.156,0.146,,
O=CC(O)C(O)C(O)CO,D-(-)-arabinose,1.38,1.31,86.957,14.504,0.219,0.204,,
CC[C@H](O)c1ccccc1,1-phenyl-1-propanol,0.999,0.944,5.706,1.801,0.146,0.137,,
C=C=CC(C)O,"3,4-pentadien-2-ol",0.8856,0.818,3.275,0.672,0.264,0.246,,
CCc1cc(C)ccc1O,2-ethyl-4-methylphenol,0.9791,0.9291,6.945,1.937,0.13,0.121,,
CC(O)C12CCC(CC1)C2,.alpha.-methylbicyclo[2.2.1]heptane-1-methanol,1.002,0.946,3.094,1.015,0.118,0.111,,
CCOC(=O)C(C)O,L-(+)-ethyl 2-hydroxypropanoate,1.0121,0.9409,1.63,0.733,0.14,0.131,,
CCOC(=O)CCO,ethyl 3-hydroxypropanoate,1.0398,0.975,1.443,0.615,0.139,0.131,,
COC(=O)C(C)(C)O,methyl 2-hydroxy-2-methylpropanoate,1.03,0.959,2.136,0.709,0.129,0.12,,
CCCCCCCCCCOCCCO,3-(decyloxy)-1-propanol,0.892,0.849,3.924,1.39,0.158,0.147,,
CCCCC#CC(C)(C)O,2-methyl-3-octyn-2-ol,0.8339,0.7812,22.785,2.432,0.131,0.121,,
CCC#CCO,2-pentyn-1-ol,0.8889,0.829,2.587,0.869,0.141,0.132,,
CC1CCCC(C)(O)C1,"1,3-dimethylcyclohexanol",0.8875,0.8319,2.817,1.154,0.12,0.112,,
CC1CCCCC1(C)O,"1,2-dimethylcyclohexanol",0.9014,0.8486,2.773,1.131,0.118,0.111,,
COC(=O)C(C)(O)CO,"methyl 2,3-dihydroxyisobutyrate",1.38,1.29,9.42,2.481,0.167,0.151,,
CC(C)C#CC(O)C(C)C,"2,6-dimethyl-3-heptyn-5-ol",0.8326,0.7833,7.687,1.366,0.129,0.12,,
CC(C)CCO,3-methyl-1-butanol,0.79541,0.7459,2.982,0.871,0.1361,0.129,,
CCCC(C)O,D-sec-amyl alcohol,0.7989,0.743,3.38,0.7,0.127,0.118,,
CCC(O)CC,3-pentanol,0.80241,0.7451,2.799,0.554,0.126,0.117,,
COC(CO)CCO,"2-Methoxy-1,4-butanediol",1.113,1.057,7.727,2.554,0.172,0.161,,
CCCC=C=C(C(C)(C)C)C(C)(C)O,"3-(1,1-dimethylethyl)-2-methyl-3,4-octadien-2-ol",0.8213,0.7817,88.883,8.315,0.249,0.234,,
COc1ccccc1O,2-methoxyphenol,1.1143,1.0556,7.808,1.8,0.148,0.14,,
CCC(=C=CCCC(C)C)C(C)(C)O,"2,8-dimethyl-3-ethyl-3,4-nonadien-2-ol",0.8155,0.7698,47.823,5.586,0.277,0.255,,
OCCOCC(O)CO,"3-(2-Hydroxyethoxy)propane-1,2-diol",1.201,1.153,18.318,5.204,0.184,0.175,,
CC(=O)c1ccccc1O,2'-hydroxyacetophenone,1.098,1.0456,20.947,4.208,0.16,0.152,,
CCCCCCCC(C)(O)CC(C)C,"2,4-dimethyl-4-undecanol",0.8115,0.7682,15.034,2.734,0.119,0.111,,
CCCCCCC#CCO,2-nonyn-1-ol,0.883,0.837,7.022,1.708,0.147,0.138,,
CCCCCCCCCC(=O)OC(CO)CO,"decanoic acid, 2-hydroxy-1-(hydroxymethyl)ethyl ester",1.14,1.09,47.368,8.073,0.197,0.181,,
Cc1ccc(C=O)c(O)c1,2-hydroxy-4-methylbenzaldehyde,1.132,1.083,47.703,6.556,0.151,0.144,,
CCC(O)C(C)O,"2,3-pentanediol",0.9657,0.909,44.527,5.831,0.152,0.141,,
Cc1ccc(C(C)O)cc1,1-(4-methylphenyl)ethanol,1.003,0.948,8.175,2.11,0.135,0.126,,
C[C@H](CO)CCO,"(R)-(+)-2-methyl-1,4-butanediol",0.981,0.93,39.755,5.914,0.154,0.144,,
CCCC(O)CCCCCCO,"1,7-decanediol",0.9186,0.8753,51.165,6.969,0.167,0.155,,
CCC(=C=CCC(C)(C)C)C(C)(C)O,"3-ethyl-2,7,7-trimethyl-3,4-octadien-2-ol",0.8363,0.7953,141.098,12.197,0.259,0.242,,
CCCCCCCCCCOC(=O)C(C)O,decyl 2-hydroxypropanoate,0.9092,0.865,6.049,2.081,0.158,0.146,,
CC(C)CC(C)(O)CC(C)(C)O,"2,4,6-trimethyl-2,4-heptanediol",0.8903,0.8392,14.602,2.741,0.129,0.119,,
CCOCC(C)O,1-ethoxy-2-propanol,0.8777,0.8155,1.39,0.638,0.139,0.13,,
CCCC(O)CO,"1,2-pentanediol",0.9567,0.903,20.403,1.262,0.154,0.144,,
CCC(O)CCO,"1,3-pentanediol",0.9642,0.9119,76.748,8.883,0.158,0.147,,
CCCCC(C)(O)CC(C)(C)O,"2,4-dimethyl-2,4-octanediol",0.8874,0.8382,27.045,4.056,0.135,0.124,,
C[C@@H](CO)CCO,"1,4-butanediol, 2-methyl-, (S)-(-)-",0.995,0.941,39.196,5.845,0.155,0.145,,
CC(CO)CCO,"1,4-butanediol, 2-methyl-",1.01,0.957,49.505,7.106,0.157,0.147,,
CC(C)CCC(O)(CCC(C)C)CCC(C)C,"5-nonanol, 2,8-dimethyl-5-(3-methylbutyl)-",0.872,0.828,52.752,7.729,0.117,0.108,,
CC1CCC(C)(O)CC1,"1,4-dimethylcyclohexanol",0.8928,0.8413,3.136,1.26,0.119,0.112,,
CCC1(O)CCCCC1,1-ethylcyclohexanol,0.9133,0.861,3.285,1.312,0.123,0.116,,
CCCC(O)C#CC(C)C,2-methyl-3-octyn-5-ol,0.8365,0.7881,9.564,1.637,0.134,0.126,,
COC(=O)CCO,methyl .beta.-hydroxypropionate,1.17,1.1,2.393,0.927,0.146,0.137,,
COC(=O)C(C)O,methyl 2-hydroxypropanoate,1.071,0.999,1.634,0.711,0.139,0.13,,
CCCCCCCCCCCCCC(O)CC,3-hexadecanol,0.816,0.778,134.804,15.424,0.151,0.139,,
COC(=O)C(O)CO,methyl glycerate,1.35,1.27,8.148,2.441,0.172,0.158,,
CCCCCCCCCCCC(O)CCCC,5-hexadecanol,0.913,0.87,120.482,14.943,0.152,0.14,,
CCCCOCC(C)OCC(C)OCC(C)O,tripropylene glycol monobutyl ether,0.985,0.94,11.168,3.085,0.171,0.16,,
CC(CO)c1ccccc1,2-phenyl-1-propanol,1.021,0.966,7.933,1.863,0.149,0.139,,
CCCCCCCCCCCC(O)CC,3-tetradecanol,0.8156,0.7748,50.27,7.099,0.148,0.136,,
CC(O)C1CC1,.alpha.-methylcyclopropanemethanol,0.869,0.804,1.174,0.498,0.125,0.117,,
CCOC(=O)[C@H]1CC[C@@H](C(C)(C)C)CC1,"cis-4-(1,1-dimethylethyl)cyclohexanoic acid ethyl ester",1.003,0.949,5.783,1.897,0.123,0.115,,
C/C=C/CCO,(E)-3-penten-1-ol,0.856,0.794,1.565,0.668,0.14,0.13,,
OCc1ccc(O)cc1,"benzyl alcohol, 4-hydroxy-",1.141,1.091,21.034,4.675,0.155,0.147,,
CCOC(=O)[C@@H](O)[C@H](O)C(=O)OCC,(+)-diethyl L-tartrate,1.188,1.14,15.993,3.246,0.204,0.181,,
CC(O)=CC(=O)OCc1ccccc1,"3-hydroxy-2-butenoic acid, benzyl ester",1.27,1.21,19.685,4.628,0.172,0.16,,
CCCCCCOC(=O)C(C)O,hexyl 2-hydroxypropanoate,0.9377,0.886,3.093,1.016,0.148,0.137,,
OC1CCC1,cyclobutanol,0.9861,0.9181,1.095,0.512,0.129,0.121,,
CCC(CC)(CC(=O)O)C(=O)O,"2,2-Diethylbutanedioic acid",1.24,1.19,22.581,5.294,0.161,0.151,,
CCCCCCCCCC(O)CC(C)C,2-methyl-4-tridecanol,0.892,0.847,35.874,5.313,0.141,0.13,,
COc1cccc(O)c1O,"1,2-benzenediol, 3-methoxy-",1.249,1.196,26.421,5.351,0.16,0.151,,
CC(O)CC=O,3-hydroxybutyraldehyde,0.904,0.855,10.509,1.626,0.147,0.14,,
CCCC(=O)O,butanoic acid,0.93799,0.87961,1.173,0.625,0.146,0.1422,,
CC(=O)OCCO,2-hydroxyethyl ethanoate,1.08963,1.0283,3.396,1.225,0.149,0.14,,
CCCCCCCCCCCCC(O)CCC,4-hexadecanol,0.923,0.879,119.177,14.79,0.155,0.142,,
CC1(CO)CC1,1-methylcyclopropanemethanol,0.875,0.812,1.063,0.505,0.12,0.113,,
CC(O)=C(C)COc1ccccc1,3-hydroxy-2-methyl-1-phenoxy-2-butene,1.19,1.142,73.109,14.011,0.171,0.161,,
CCCCOC(CC)OC(C)COC(O)CC,tripropylene glycol n-butyl ether,1.064,1.011,10.338,2.967,0.189,0.172,,
CCCCCCCCC(=O)OO,nonaneperoxoic acid,1.05,0.998,5.429,1.603,0.162,0.149,,
CC(O)C1(C)CC=CCC1,".alpha.,1-dimethyl-3-cyclohexene-1-methanol",0.9391,0.8841,5.324,1.731,0.129,0.121,,
CCC(O)=CCO,"(Z)-2-pentene-1,4-diol",0.9982,0.9445,10.018,2.859,0.164,0.153,,
C=CC(O)CC,1-penten-3-ol,0.813,0.7485,3.075,0.641,0.13,0.121,,
CCCC1(O)CCCC1,1-propylcyclopentanol,0.8857,0.834,2.823,1.127,0.122,0.115,,
OC1CCCC1O,"1,2-cyclopentanediol, cis-",1.033,0.988,4.356,1.619,0.141,0.135,,
O=c1c2ccccc2oc2cccc(O)c12,"9H-xanthen-9-one, 1-hydroxy-",1.271,1.234,45.633,9.724,0.159,0.154,,
CCC(O)C1CCCC1,"1-propanol, 1-cyclopentyl-",0.8907,0.8389,4.042,1.359,0.129,0.121,,
O=C1OC(=O)C2CCCCC12,"cis-cyclohexane-1,2-dicarboxylic acid anhydride",1.298,1.239,,,,,267.0,288.0
CC1=CCCc2ccccc21,"1,2-dihydro-4-methylnaphthalene",,,,,0.157,0.148,279.0,301.9
O=C(OC1CCCCC1)OC1CCCCC1,Dicyclohexyl carbonate,1.057,1.012,,,,,358.0,402.0
CCCC(c1ccccc1)c1ccccc1,"1,1-diphenylbutane",,,,,0.152,0.143,442.0,471.0
CC(C)(OOC(C)(C)c1ccccc1)c1ccccc1,bis(dimethylphenylmethyl) peroxide,1.083,1.039,,,,,472.0,518.0
c1ccc2c(c1)OCCCO2,"2H-1,5-benzodioxepin, 3,4-dihydro-",,,,,0.157,0.147,268.0,287.4
Cc1coc(-c2ccccc2)c1,4-methyl-2-phenylfuran,1.097,1.046,,,,,267.0,291.0
COc1ccc(C(C)=O)cc1,4'-methoxyacetophenone,1.0827,1.0316,,,,,291.0,306.0
O=C1CCOc2ccccc21,"2,3-dihydro-4H-1-benzopyran-4-one",1.28,1.224,,,,,239.0,260.0
CCc1cccc(CC)c1O,"2,6-diethylphenol",0.966,0.915,,,,,299.0,323.0
CC(=O)c1ccc(C)c2ccccc12,1-(4-methyl-1-naphthyl) ethanone,1.068,1.026,,,,,320.0,347.0
CCCCCCCCCCCCCC(C)=O,2-pentadecanone,0.8176,0.78,,,,,511.0,551.0
Cc1ccc(C)o1,"2,5-dimethylfuran",,,,,0.122,0.11,159.8,197.0
CCCCCCCCCCCc1cccc2ccccc12,1-undecylnaphthalene,,,,,0.207,0.197,613.0,657.0
CCCCCCCCCCCCCO,1-tridecanol,0.8217,0.7818,,,0.174,0.161,,
c1ccc(COc2ccccc2)cc1,benzyl phenyl ether,1.095,1.048,,,,,315.0,342.0
CCCCCCCC=C(CCCCCC)CCCCCC,7-hexyl-7-pentadecene,,,,,0.144,0.135,663.0,720.0
CCC(C)CC(=O)O,(S)-3-methylpentanoic acid,,,,,0.142,0.132,269.3,283.6
O=C1CCCc2ccccc21,"1-naphthone, 1,2,3,4-tetrahydro-",1.103,1.057,,,,,249.0,273.0
CCCCCCCCCCCOCC(O)CO,"3-(undecyloxy)-1,2-propanediol",1.07,1.02,,,,,575.0,609.0
O=Cc1ccc2c(c1)OCO2,"3,4-(methylenedioxy)benzaldehyde",1.389,1.326,,,,,255.0,269.0
CCCCCCCCCCCCCCC(C)=O,2-oxohexadecane,,,,,0.165,0.156,628.0,657.0
Cc1ccc(C(C)C)cc1Cc1ccccc1,2-benzyl-1-methyl-4-(1-methylethyl)benzene,0.9513,0.91,,,,,402.0,445.0
CC(C)OC(=O)CCC(=O)OC(C)C,bis(1-methylethyl) butanedioate,,,,,0.148,0.137,380.0,412.0
C1=Cc2c3ccc4ccccc4c3cc3cccc1c23,benz[j]aceanthrylene,,,,,0.395,0.381,424.0,457.0
CCCCCCCCCCCCCCCCCCOC=O,"formic acid, octadecyl ester",,,,,0.184,0.173,647.0,697.0
CCCCCCCCC(CCCCC)c1ccccc1,"benzene, (1-pentylnonyl)-",,,,,0.152,0.143,563.0,618.0
C1=Cc2c3ccccc3c3c4c(ccc1c24)C=C3,cyclopent[fg]aceanthrylene,,,,,0.381,0.367,387.0,414.0
CCCCCCCCCCCCCCCCCCCC=O,eicosanaldehyde,,,,,0.184,0.173,667.0,719.0
CCCCCCCCCCCCCCCCCCC(C)=O,methyl octadecyl ketone,,,,,0.179,0.168,647.0,702.0
CCCCCCCCCCCCCCCCCCOCC,ethyl octadecyl ether,,,,,0.169,0.159,656.0,713.0
CCOC=O,ethyl methanoate,,,,,0.15,0.137,146.2,158.4
CCCCCCCCCCOCC(O)CO,"3-(decyloxy)-1,2-propanediol",1.06,1.01,,,,,543.0,574.0
CCC=Cc1ccccc1,"1-butene, 1-phenyl-, (E)-",,,,,0.146,0.136,232.1,258.4
COC(=O)c1ccc(C)cc1,"benzoic acid, 4-methyl-, methyl ester",,,,,0.141,0.131,249.11,275.5
O=C1CCC1,cyclobutanone,,,,,0.14,0.128,130.6,143.5
COC(=O)CC(C)=O,methyl 3-oxobutanoate,1.05539,0.9889,,,,,267.1,273.8
C=COCCOCCOC=C,bis(2-vinyloxyethyl) ether,,,,,0.178,0.164,360.0,370.9
c1ccccccccccccc1,"1,3,5,7,9,11,13-cyclotetradecaheptaene",,,,,,,309.0,344.1
CC1Cc2ccccc2C(=O)C1C,"2,3-dimethyl-1-keto-1,2,3,4-tetrahydronaphthalene",,,,,,,317.0,345.0
CCCCCCCCCCC(O)CCCCCCCCC,10-eicosanol,,,,,0.17,0.154,,
CCCCCCC#CC=O,2-nonynal,,,,,0.166,0.155,,
CC(C)C1C(=O)CC(=O)C2CCCC(C)C21C,"4-isopropyl-5,10-dimethyldecalin-1,3-dione",,,,,,,420.0,496.0
CC(C)(O)c1ccccc1,".alpha.,.alpha.-dimethylbenzyl alcohol",,,,,,,256.8,283.5
CCC=CC(=O)O,"2-pentenoic acid, (Z)-",,,,,0.154,0.142,,
OCC1(O)OCC(O)C(O)C1O,fructose,,,,,0.221,0.207,,
OCC1CO1,"2,3-epoxy-1-propanol",,,,,0.151,0.14,,
COc1ccc(C=O)cc1,4-methoxybenzaldehyde,,,,,,,321.0,325.0
CCCCCCCCCCCCCCCO,1-pentadecanol,,,,,0.185,0.1661,,
O=C1C=CC(=O)O1,(Z)-butenedioic acid anhydride,,,,,0.284,0.228,,
O=c1cc(-c2ccccc2)oc2c(O)c(O)ccc12,"7,8-dihydroxyflavone",,,,,0.205,0.198,,
C#CC#C,"1,3-butadiyne",,,,,,,138.6,174.0
COc1ccc(C)cc1O,3-hydroxy-4-methoxytoluene,1.0736,1.0188,,,,,,
C=CC(=O)O,propenoic acid,,,,,0.152,0.13,,
Cc1ccc(C2(O)CC(C)CCC2C(C)C)cc1,1-methyl-3-(4-methylphenyl)-4-(1-methylethyl)-3-cyclohexanol,1.05,1.005,,,,,,
CCCCCCCCCCCC(C)O,2-tridecanol,,,,,0.143,0.133,,
CC(C)OCC(=O)O,isopropoxyacetic acid,,,,,0.159,0.147,,
OC[C@H]1O[C@H](O)[C@H](O)[C@@H](O)[C@H]1O,alpha -D-Galactopyranose,,,,,0.201,0.194,,
O=C1c2ccccc2C(=O)c2c(O)ccc(O)c21,"1,4-dihydroxy-9,10(9H,10H)anthracenedione",,,,,0.323,0.29,,
CCOCC(=O)O,ethoxyacetic acid,,,,,0.163,0.151,,
O=C(O)C1(O)CC(O)C(O)C(O)C1,"hexahydro-1,3,4,5-tetrahydroxybenzoic acid",,,,,0.215,0.2,,
CCc1ccc(O)c(CC)c1,"2,4-diethylphenol",,,,,0.129,0.121,,
O=C(O)C1CC1,cyclopropanecarboxylic acid,,,,,,,143.9,173.7
C=CCC(=O)O,vinylacetic acid,,,,,0.182,0.17,,
CC(C)C(=O)O,2-methylpropanoic acid,,,,,0.138,0.126,,
CCCCCCCCCCCCCC(O)CCC,4-heptadecanol,0.92,0.879,,,,,,
COCC(=O)O,methoxyacetic acid,,,,,0.179,0.165,,
C#CC(O)CO,"3-butyne-1,2-diol",1.15,1.09,,,,,,
CC1OCCO1,"2-methyl-1,3-dioxolane",,,,,,,203.2,215.5
C[C@@H]1OC=C2C(=CC(=O)C(C(=O)O)=C2O)[C@H]1C,"(3R,4S)-4,6-dihydro-8-hydroxy-3,4,5-trimethyl-6-oxo-3H-2-benzopyran-7-carboxylic acid",,,,,0.229,0.216,,
CC(=O)O[C@@H](C)C(C)(C)C,"(S)-1,2,2-trimethylpropyl ethanoate",,,,,,,,
O=C(O)C=Cc1ccccc1,"cinnamic acid, (E)-",,,,,,,,
O=C1Cc2ccccc2CO1,"3H-2-benzopyran-3-one, 1,4-dihydro-",,,,,,,,
Cc1cccc(C(=O)O)c1C,"2,3-dimethylbenzoic acid",,,,,,,,
O=C1Cc2ccccc2C1,2-indanone,,,,,,,,
CC(CC(=O)O)CC(C)CC(=O)O,"meso-3,5-dimethylheptanedioic acid",,,,,,,,
O=C1CCc2ccccc21,1-indanone,,,,,,,,
O=C(O)C(O)C1CCCCC1,cyclohexylhydroxyethanoic acid,,,,,,,,
CCOC(=O)/C=C(\C)OCC,"2-butenoic acid, 3-ethoxy-, ethyl ester",,,,,,,,
CCOc1cc(C=O)ccc1O,3-ethoxy-4-hydroxybenzaldehyde,,,,,,,,
O=C(O)c1cc(C(=O)O)cc(C(=O)O)c1,"1,3,5-benzenetricarboxylic acid",,,,,,,,
CC(CC(=O)O)C(C)CC(=O)O,"hexanedioic acid, 3,4-dimethyl-",,,,,,,,
O=C(O)C1COc2ccccc2O1,"1,4-benzodioxan-2-carboxylic acid",,,,,,,,
CCc1ccc(C(=O)O)cc1,4-ethylbenzoic acid,,,,,,,,
O=C(O)CCc1ccc(O)cc1,3-(4-hydroxyphenyl)propanoic acid,,,,,,,,
COC(=O)c1ccccc1C(=O)O,methyl hydrogen phthalate,,,,,,,,
O=C(O)/C=C/c1ccc(O)c(O)c1,"trans-3,4-dihydroxycinnamic acid",,,,,,,,
O=C(O)CCc1ccccc1,3-phenylpropanoic acid,,,,,,,,
C=Cc1ccc(O)c(C)c1,4-vinyl-2-methylphenol,,,,,,,,
O=C(O)/C=C/c1ccc(O)cc1,3-(4-hydroxyphenyl)-2-propenoic acid,,,,,,,,
CC(=O)C(O)C1CC=CCC1,1-(3-cyclohexen-1-yl)-1-hydroxy-2-propanone,,,,,,,,
COc1ccc(CC(=O)O)cc1,(4-methoxyphenyl)ethanoic acid,,,,,,,,
CC(=O)c1ccc(O)c(C)c1,4-hydroxy-3-methylacetophenone,,,,,,,,
COC(=O)C1=C(C)CCCC1,2-methyl-1-cyclohexene-1-carboxylic acid methyl ester,,,,,,,,
O=C(O)/C=C\c1ccccc1,3-phenyl-2-propenoic acid,,,,,,,,
CC1=CC(C)(C)CCC1=O,"2,4,4-trimethyl-2-cyclohexenone",,,,,,,,
COC(=O)C1=C(OC)CCCC1,"1-cyclohexene-1-carboxylic acid, 2-methoxy-, methyl ester",,,,,,,,
CCCOCCCOCC(C)O,1-(3-propoxypropoxy)-2-propanol,,,,,,,,
O=C(O)c1cccc(C(=O)O)c1C(=O)O,"1,2,3-benzenetricarboxylic acid",,,,,,,,
O=c1ccc2ccc(O)cc2o1,umbelliferone,,,,,,,,
CC(=O)Oc1cccc(C(=O)O)c1,3-acetoxybenzoic acid,,,,,,,,
CC(=O)Oc1ccccc1C(=O)O,2-acetoxybenzoic acid,,,,,,,,
Cc1ccc(C)c(C(=O)O)c1,"2,5-dimethylbenzoic acid",,,,,,,,
Cc1ccc(C(=O)O)c(C)c1,"2,4-dimethylbenzoic acid",,,,,,,,
Cc1ccc(C(=O)O)cc1C,"3,4-dimethylbenzoic acid",,,,,,,,
COc1cccc(C(=O)O)c1C(=O)O,3-methoxyphthalic acid,,,,,,,,
CC/C=C/C(C)(C)C,"(E)-2,2-dimethyl-3-hexene",,,,,,,,
O=C1OC(=O)[C@H]2[C@@H]1[C@H]1C=C[C@H]2C1,"3a.alpha.,4.alpha.,7.alpha.,7a.alpha.-3a,4,7,7a-tetrahydro-4,7-methanoisobenzofuran-1,3-dione",,,,,,,,
O=c1oc2ccccc2cc1O,3-hydroxycoumarin,,,,,,,,
Cc1c(C(=O)O)cccc1C(=O)O,"2-methylbenzene-1,3-dicarboxylic acid",,,,,,,,
COC(=O)c1ccc(C(=O)O)cc1,"1,4-benzenedicarboxylic acid, monomethyl ester",,,,,,,,
CCc1ccccc1C(=O)O,2-ethylbenzoic acid,,,,,,,,
O=C(O)CCCCCCCC(=O)O,"1,9-nonanedioic acid",,,,,,,,
OCC1C2C=CC(C2)C1CO,"(endo,endo)-bicyclo[2.2.1]hept-5-ene-2,3-dimethanol",,,,,,,,
O=c1cc(O)c2ccccc2o1,4-hydroxycoumarin,,,,,,,,
COc1cccc(C=O)c1O,3-methoxysalicylaldehyde,,,,,,,,
O=C(O)C#Cc1ccccc1,phenylpropiolic acid,,,,,,,,
Cc1ccc(C)c(O)c1C,"2,3,6-trimethylphenol",,,,,,,,
O=C(O)c1ccc(O)cc1O,"2,4-dihydroxybenzoic acid",,,,,,,,
O=C(O)Cc1ccc(O)cc1,4-hydroxyphenylethanoic acid,,,,,,,,
O=C(O)c1ccccc1,benzoic acid,,,,,,,,
O=C(O)c1c(O)cccc1O,"benzoic acid, 2,6-dihydroxy-",,,,,,,,
O=C(O)c1cccc(O)c1,3-hydroxybenzoic acid,,,,,,,,
O=C(O)c1ccc(O)cc1,4-hydroxybenzoic acid,,,,,,,,
C1C2C3C2C2C1C32,"tetracyclo[3.2.0.0(2,7).0(4,6)]heptane",,,,,,,,
Cc1cccc(CO)c1C,"2,3-dimethylbenzenemethanol",,,,,,,,
O=c1ccc2ccccc2o1,o-hydroxycinnamic acid lactone,,,,,,,,
C=Cc1ccc(O)cc1,4-hydroxystyrene,,,,,,,,
COc1ccc(C(=O)O)cc1,4-methoxybenzoic acid,,,,,,,,
Cc1cc(C)c(C)c(O)c1,"2,3,5-trimethylphenol",,,,,,,,
CCc1occc(=O)c1O,"4H-pyran-4-one, 2-ethyl-3-hydroxy-",,,,,,,,
Cc1c(O)cccc1O,"2,6-dihydroxytoluene",,,,,,,,
O=C(O)C=Cc1ccco1,furan-2-acrylic acid,,,,,,,,
COc1cccc(C(=O)O)c1OC,"2,3-dimethoxybenzoic acid",,,,,,,,
CC1=CC(=O)C=CC1=O,methylquinone,,,,,,,,
Cc1cc(C)c(O)c(C)c1,"2,4,6-trimethylphenol",,,,,,,,
COCCCOCC(C)O,1-(3-methoxypropoxy)-2-propanol,,,,,,,,
COCC(C)OCC(C)OC,dipropylene glycol dimethyl ether,,,,,,,,
Cc1cc(O)ccc1O,p-toluhydroquinol,,,,,,,,
Cc1cc(O)cc(O)c1,"5-methyl-1,3-benzenediol",,,,,,,,
OCC(CO)c1ccccc1,"2-phenyl-1,3-propanediol",,,,,,,,
O=C1OC(=O)[C@@H]2CC=CC[C@H]12,"cis-4-cyclohexene-1,2-dicarboxylic anhydride",,,,,,,,
O=C(O)c1ccc(CO)cc1,"benzoic acid, 4-(hydroxymethyl)-",,,,,,,,
O=C1OC(=O)c2ccccc21,"1,2-benzenedicarboxylic acid, anhydride",,,,,,,,
OCCCCCCCO,"1,7-heptanediol",,,,,,,,
CC1(C)OOC(C)(C)OOC(C)(C)OO1,TATP (triacetone triperoxide),,,,,,,,
CC(C)(CCC(C)(C)OO)OO,"2,5-bis(hydroperoxy)-2,5-dimethylhexane",,,,,,,,
CC1(O)CCCCC1,1-methylcyclohexanol,,,,,,,,
O=CC=Cc1ccco1,.beta.-(2-furyl)acrolein,,,,,,,,
O=c1cccccc1O,"2-hydroxy-2,4,6-cycloheptatrien-1-one",,,,,,,,
O=Cc1cccc(O)c1,3-hydroxybenzaldehyde,,,,,,,,
Cc1ccc(O)cc1O,"1,3-benzenediol, 4-methyl-",,,,,,,,
COc1ccc(O)cc1,4-methoxyphenol,,,,,,,,
Cc1ccc(C(=O)O)cc1,4-methylbenzoic acid,,,,,,,,
O=C(O)C(O)c1ccccc1,(S)-2-hydroxy-2-phenylacetic acid,,,,,,,,
Cc1ccc(C(=O)O)c(O)c1,2-hydroxy-4-methylbenzoic acid,,,,,,,,
O=C(O)c1ccc(O)c(O)c1,"3,4-dihydroxybenzoic acid",,,,,,,,
Cc1ccc(O)c(C(=O)O)c1,2-hydroxy-5-methylbenzoic acid,,,,,,,,
O=C(O)c1cc(O)ccc1O,"benzoic acid, 2,5-dihydroxy-",,,,,,,,
O=C(O)c1ccccc1O,2-hydroxybenzoic acid,,,,,,,,
CCCCCCOC(=O)CCO,hexyl 3-hydroxypropanoate,,,,,,,,
COc1ccccc1C(=O)O,2-methoxybenzoic acid,,,,,,,,
COc1ccc(C=O)cc1O,3-hydroxy-p-anisaldehyde,,,,,,,,
Cc1ccc(C(=O)O)cc1O,3-hydroxy-p-toluic acid,,,,,,,,
O=C(O)c1cccc(O)c1O,"2,3-dihydroxybenzoic acid",,,,,,,,
OCC1COc2ccccc2O1,"1,4-benzodioxane-2-methanol",,,,,,,,
CCOc1ccc(C(=O)O)cc1,4-ethoxybenzoic acid,,,,,,,,
Cc1cc(C=O)ccc1O,4-hydroxy-3-methylbenzaldehyde,,,,,,,,
Cc1cc(O)ccc1C=O,4-hydroxy-2-methylbenzaldehyde,,,,,,,,
Cc1cc(=O)cc(C)o1,"2,6-dimethyl-4-pyrone",,,,,,,,
Cc1cc(C(=O)O)ccc1O,4-Hydroxy-3-methylbenzoic acid,,,,,,,,
COc1cc(OC)cc(C(=O)O)c1,"3,5-dimethoxybenzoic acid",,,,,,,,
Cc1cccc(C(=O)O)c1O,3-methylsalicylic acid,,,,,,,,
COc1ccc(C(=O)O)cc1OC,veratric acid,,,,,,,,
O=C(O)/C=C/c1ccoc1,3-furanacrylic acid,,,,,,,,
C=Cc1cccc(O)c1,m-vinylphenol,,,,,,,,
O=C(O)c1cc(O)c(O)c(O)c1,"3,4,5-trihydroxybenzoic acid",,,,,,,,
O=C(O)c1cccc(C(=O)O)c1,m-phthalic acid,,,,,,,,
Cc1cccc(C(=O)O)c1,3-methylbenzoic acid,,,,,,,,
O=C(O)c1cc(O)cc(O)c1,"3,5-dihydroxybenzoic acid",,,,,,,,
CC(=O)c1ccc(O)cc1,4'-hydroxyacetophenone,,,,,,,,
O=C(O)Cc1ccccc1O,o-hydroxyphenylacetic acid,,,,,,,,
COC(=O)c1ccc(O)cc1,methyl 4-hydroxybenzoate,,,,,,,,
C1C2CC3CC(CC1O3)O2,"2,6-dioxaadamantane",,,,,,,,
CCC1C(=O)CCCC1=O,"2-ethyl-1,3-cyclohexanedione",,,,,,,,
O=C1CCCC(=O)CCC1,"1,5-cyclooctanedione",,,,,,,,
CCC(O)(C(C)(C)O)C(C)(C)O,"3-ethyl-2,4-dimethyl-2,3,4-pentanetriol",,,,,,,,
CCCC(CO)(CO)CCC,"2,2-dipropyl-1,3-propanediol",,,,,,,,
CC(C)(O)C(C)(C)C(C)(C)O,"2,3,3,4-tetramethyl-2,4-pentanediol",,,,,,,,
CC(C)C(O)C(C)(C)CO,"1,3-pentanediol, 2,2,4-trimethyl-",,,,,,,,
COc1cc(O)cc(OC)c1OC,"3,4,5-trimethoxyphenol",,,,,,,,
CC1=CCC2C(=O)OC(=O)C2C1,"4-methyl-cyclohex-4-ene-1, 2-dicarboxylic acid anhydride",,,,,,,,
OCCCCCCCCO,"1,8-octanediol",,,,,,,,
CCOc1cccc(C=O)c1O,3-ethoxysalicylaldehyde,,,,,,,,
OCc1cc(CO)cc(CO)c1,"1,3,5-tris(hydroxymethyl)benzene",,,,,,,,
CC1(C)C(=O)OC(=O)C1(C)C,"Dihydro-3,3,4,4-tetramethyl-2,5-furandione",,,,,,,,
COc1cc(C=O)ccc1O,3-methoxy-4-hydroxybenzaldehyde,,,,,,,,
CC1=CCC(C)C(C)C1=O,"2,5,6-trimethyl-2-cyclohexen-1-one",,,,,,,,
O=c1ccoc2ccccc12,4H-1-benzopyran-4-one,,,,,,,,
O=C1CC(=O)c2ccccc21,"1,3-indandione",,,,,,,,
O=C(O)c1ccc2c(c1)C(=O)OC2=O,"1,2,4-benzenetricarboxylic acid 1,2-anhydride",,,,,,,,
COc1cccc(C(=O)O)c1,m-anisic acid,,,,,,,,
CCC(C)=C1C=CC=C1,"cyclopentadiene, 5-sec-butylidene-",,,,,,,,
O=C1OC(=O)C2=C1CCCC2,"3,4,5,6-tetrahydrophthalic anhydride",,,,,,,,
OCCc1ccc(O)cc1,2-(p-hydroxyphenyl)ethanol,,,,,,,,
CCOCCCOCC(C)O,1-(3-ethoxypropoxy)-2-propanol,,,,,,,,
COc1ccc(OC)cc1,"1,4-dimethoxybenzene",,,,,,,,
CC(O)c1cccc(O)c1,1-(3-hydroxyphenyl)ethanol,,,,,,,,
OCc1ccccc1CO,"1,2-benzenedimethanol",,,,,,,,
Cc1cc(C)cc(O)c1,"3,5-dimethylphenol",,,,,,,,
Cc1cc(C(=O)O)c(C)o1,"2,5-dimethyl-3-furancarboxylic acid",,,,,,,,
Cc1cccc(C)c1O,"2,6-dimethylphenol",,,,,,,,
COc1cc(C(=O)O)ccc1O,4-hydroxy-3-methoxybenzoic acid,,,,,,,,
Cc1cccc(O)c1C,"2,3-dimethylphenol",,,,,,,,
Cc1cc(C=O)oc1C,"4,5-dimethyl-2-furaldehyde",,,,,,,,
Cc1ccc(O)cc1C,"3,4-dimethylphenol",,,,,,,,
O=C(O)C(=O)c1ccccc1,benzoylformic acid,,,,,,,,
Cc1cc(O)c(C)c(C)c1O,trimethylhydroquinone,,,,,,,,
O=Cc1ccccc1C(=O)O,3-hydroxyphthalide,,,,,,,,
CC(=O)c1cc(C)oc1C,"3-acetyl-2,5-dimethylfuran",,,,,,,,
COC1=CC=CCC=C1,"1-methoxy-1,3,6-cycloheptatriene",,,,,,,,
COC(=O)/C=C/C=C/C(=O)OC,"2,4-hexadienedioic acid, dimethyl ester, (E,E)-",,,,,,,,
COc1cc(CO)ccc1O,"benzyl alcohol, 4-hydroxy-3-methoxy-",,,,,,,,
C=C1C2C=CCCC12,7-methylene-bicyclo[4.1.0]hept-2-ene,,,,,,,,
COC(C(O)C=O)C(O)C(O)CO,3-O-methylglucose,,,,,,,,
O=Cc1cccc(C=O)c1,isophthalaldehyde,,,,,,,,
O=Cc1cccc(C(=O)O)c1,3-Formylbenzoic acid,,,,,,,,
C12C3C4C1C1C2C3C41,"pentacyclo[4.2.0.02,5.03,8.04,7]octane",,,,,,,,
COc1ccc(C(=O)O)c(OC)c1,"2,4-dimethoxybenzoic acid",,,,,,,,
CC(C)c1ccc(C(=O)O)cc1,4-(1-methylethyl)benzoic acid,,,,,,,,
O=C1OC(C(O)C(O)CO)C(O)C1O,"D-glycero-D-gulo-Heptonic acid, gamma-lactone",,,,,,,,
O=C(C=Cc1ccccc1)c1ccccc1,"1,3-diphenyl-2-propene-1-one",,,,,,,,
CC=C(c1ccccc1)c1ccccc1,"1,1-diphenyl-1-propene",,,,,,,,
O=C1CC(c2ccc(O)cc2)Oc2cc(O)cc(O)c21,"4',5,7-trihydroxyflavanone",,,,,,,,
Cc1ccc(C(=O)c2ccccc2C(=O)O)cc1,2-(4-methylbenzoyl)benzoic acid,,,,,,,,
O=C1CC(c2ccccc2)Oc2ccccc21,"2,3-dihydroflavone",,,,,,,,
O=C(O)C(=Cc1ccccc1)c1ccccc1,"2,3-diphenylpropenoic acid",,,,,,,,
O=C1c2cccc(O)c2C(=O)c2c(O)cccc21,"anthraquinone, 1,8-dihydroxy-",,,,,,,,
O=C(O)c1c2ccccc2cc2ccccc12,9-carboxyanthracene,,,,,,,,
O=C1c2cccc(O)c2C(=O)c2cccc(O)c21,"1,5-dihydroxyanthraquinone",,,,,,,,
O=C(O)c1ccc2cc3ccccc3cc2c1,2-anthracenecarboxylic acid,,,,,,,,
O=C1Cc2ccccc2-c2ccccc2C1,"6H-Dibenzo(a,c)cyclohepten-6-one, 5,7-dihydro-",,,,,,,,
Cc1ccc2c(ccc3ccc(O)cc32)c1,3-hydroxy-7-methylphenanthrene,,,,,,,,
Cc1cccc2ccc3ccccc3c12,4-methylphenanthrene,,,,,,,,
Cc1c2ccccc2cc2ccccc12,9-methylanthracene,,,,,,,,
CC1(O)CC=Cc2c1ccc1ccccc21,1-hydroxy-1-methylphenanthrene,,,,,,,,
COc1c2c(cc3ccccc13)C(=O)C=CC2=O,"1,4-anthracenedione, 9-methoxy-",,,,,,,,
Cc1ccc2c(ccc3ccccc32)c1,2-methylphenanthrene,,,,,,,,
O=c1cc(-c2ccc(O)c(O)c2)oc2cc(O)cc(O)c12,"5,7,3',4'-tetrahydroxyflavone",,,,,,,,
O=c1cc(-c2ccccc2)oc2cc(O)cc(O)c12,chrysin,,,,,,,,
O=c1cc(-c2ccccc2)oc2ccccc12,flavone,,,,,,,,
Cc1ccc2c(c1)C(=O)c1ccccc1C2=O,"2-methyl-9,10(9H,10H)-anthracenedione",,,,,,,,
O=C1C=CC(=O)c2c1cc1ccccc1c2O,"9-hydroxy-1,4-anthraquinone",,,,,,,,
O=C1C(=O)c2ccccc2-c2ccccc21,"9,10-phenanthrenedione",,,,,,,,
O=C1c2ccccc2C(=O)c2ccccc21,"9,10(9H,10H)-anthracenedione",,,,,,,,
CCCCCCCCCCCCC(O)CO,"tetradecane, 1,2-dihydroxy-",,,,,,,,
CCCCCCCCCCCCC(O)C(=O)O,.alpha.-hydroxymyristic acid,,,,,,,,
CC(C)(C)C(C)(C)C(C)(C)C(C)(C)C,"2,2,3,3,4,4,5,5-octamethylhexane",,,,,,,,
CC1(C)OCCCCOC(C)(C)OCCCCO1,"2,2,9,9-tetramethyl-1,3,8,10-tetraoxacyclotetradecane",,,,,,,,
O=c1c(O)c(-c2ccccc2)oc2ccccc12,"flavone, 3-hydroxy-",,,,,,,,
c1ccc(-c2ccc(-c3ccccc3)cc2)cc1,"1,1':4',1''-terphenyl",,,,,,,,
CC(C)(O)c1ccccc1-c1ccccc1,2-(2-biphenyl)-2-propanol,,,,,,,,
CC(C)=CCC/C(C)=C/COC1CCCCO1,"2H-pyran, 2-[[(2E)-3,7-dimethyl-2,6-octandienyl]oxy]tetrahydro-",,,,,,,,
CC(C)CCC1(C)C=CC(C(C)C)CC1,2-isopentyl-5-isopropyl-2-methylcyclohexene,,,,,,,,
O=C1CCCCCCCCCCCCCC1,cyclopentadecanone,,,,,,,,
C1=CC(CCCCCC2C=CCC2)CC1,"1,5-bis(2-cyclopentenyl)pentane",,,,,,,,
Cc1cc(C(C)(C)C)c(O)c(C(C)(C)C)c1,"2,6-bis(1,1-dimethylethyl)-4-methylphenol",,,,,,,,
CCCCc1ccc(C)c(CCCC)c1,"1,3-dibutyl-4-methylbenzene",,,,,,,,
CCCCC(CC)COC(=O)c1ccccc1,2-ethylhexyl benzoate,,,,,,,,
Cc1cc(C(C)(C)CC(C)(C)C)ccc1O,"4-(1,1,3,3-tetramethylbutyl)-2-methylphenol",,,,,,,,
Cc1ccc(O)c(C(C)(C)CC(C)(C)C)c1,"2-(1,1,3,3-tetramethylbutyl)-4-methylphenol",,,,,,,,
CCCCCCCCOc1ccc(C(=O)O)cc1,4-n-octyloxybenzoic acid,,,,,,,,
Cc1ccc(C)c(OCCCC(C)(C)C(=O)O)c1,gemfibrozil,,,,,,,,
CC(C)(C)c1cc(C(=O)O)cc(C(C)(C)C)c1,"3,5-di-tert-butylbenzoic acid",,,,,,,,
CC1(c2ccc(C(=O)O)cc2C(=O)O)CCCCC1,"1-(1-methylcyclohexyl)-2,4-benzenedicarboxylic acid",,,,,,,,
CCC(O)c1ccccc1-c1ccccc1,1-(2-biphenyl)-1-propanol,,,,,,,,
O=C(CC(=O)c1ccccc1)c1ccccc1,dibenzoylmethane,,,,,,,,
COC(OC)(c1ccccc1)c1ccccc1,benzophenone dimethyl ketal,,,,,,,,
O=C(OCc1ccccc1)OCc1ccccc1,dibenzyl carbonate,,,,,,,,
CC/C=C(\C)c1cccc2ccccc12,1-(1-methyl-1-butenyl)naphthalene,,,,,,,,
CC(C(=O)O)(c1ccccc1)c1ccccc1,"2,2-diphenylpropionic acid",,,,,,,,
c1ccc2c(c1)CCc1ccccc1C2,"10,11-dihydro-5H-dibenzo[a,d]cycloheptene",,,,,,,,
O=C(O)Cc1ccc(OCc2ccccc2)cc1,4-(benzyloxy)phenyl acetic acid,,,,,,,,
c1ccc(C2(c3ccccc3)OCCO2)cc1,"2,2-diphenyl-1,3-dioxolane",,,,,,,,
COc1ccc(C(=O)c2ccc(OC)cc2O)c(O)c1,"2,2'-dihydroxy-4,4'-dimethoxybenzophenone",,,,,,,,
Cc1ccccc1C(O)(C(=O)O)c1ccccc1,"benzilic acid, 2-methyl-",,,,,,,,
O=C(O)CC(O)(c1ccccc1)c1ccccc1,"3,3-diphenyl-3-hydroxypropionic acid",,,,,,,,
COC(=O)CCCCCCCCCCCCO,methyl 13-hydroxytridecanoate,,,,,,,,
CC(C)CCCCCCCCCCC(=O)O,12-methyltridecanoic acid,,,,,,,,
CC1(C)CC(C)(C)C(C)(C)CC1(C)C,"1,1,2,2,4,4,5,5-octamethylcyclohexane",,,,,,,,
c1ccc2cc3c(cc2c1)CCCC3,"1,2,3,4-tetrahydroanthracene",,,,,,,,
CC1(C)COC2(CC2c2ccccc2)OC1,"4,8-dioxaspiro[2.5]octane, 6,6-dimethyl-1-phenyl-",,,,,,,,
Cc1ccc(C)c2c(C)ccc(C)c12,"1,4,5,8-tetramethylnaphthalene",,,,,,,,
Cc1ccc2c(C)c(C)cc(C)c2c1,"1,2,4,6-tetramethylnaphthalene",,,,,,,,
COc1ccc2cc(C(C)C(=O)O)ccc2c1,"2-naphthaleneacetic acid, 6-methoxy-.alpha.-methyl-, (+)-",,,,,,,,
CC(C)(C)C(=O)C1C(=O)c2ccccc2C1=O,"2,3-dihydro-2-(2,2-dimethyl-1-oxopropyl)-1H-indene-1,3-dione",,,,,,,,
OCCOc1ccccc1-c1ccccc1,"ethanol, 2-([1,1'-biphenyl-2-yl]oxy)-",,,,,,,,
OC(Cc1ccccc1)c1ccccc1,"benzeneethanol, .alpha.-phenyl-",,,,,,,,
COc1ccc(C(=O)c2ccc(O)cc2O)cc1,"2,4-dihydroxy-4'-methoxybenzophenone",,,,,,,,
CC(O)(c1ccccc1)c1ccccc1,.alpha.-methylbenzhydrol,,,,,,,,
Cc1cccc(C(=O)c2ccccc2)c1,3-methylbenzophenone,,,,,,,,
c1ccc(CCc2ccccc2)cc1,"1,2-diphenylethane",,,,,,,,
COc1ccc(C(=O)c2ccccc2)cc1,"benzophenone, 4-methoxy-",,,,,,,,
CC(C)(C)OC(=O)CCCCC(=O)OC(C)(C)C,"hexanedioic acid bis(1,1-dimethylethyl) ester",,,,,,,,
COc1ccc(C(=O)c2ccccc2O)c(O)c1,dioxybenzone,,,,,,,,
COC(=O)c1ccc2cc(C(=O)OC)ccc2c1,"dimethyl 2,6-naphthalenedicarboxylate",,,,,,,,
c1cc2c3c(ccc4c3c1CC4)CC2,"1,2,5,6-tetrahydrocyclopent[fg]acenaphthylene",,,,,,,,
COC(=O)c1ccc2ccc(C(=O)OC)cc2c1,"2,7-dicarbomethoxynaphthalene",,,,,,,,
COC(=O)c1cc2ccccc2cc1C(=O)OC,"2,3-dicarbomethoxynaphthalene",,,,,,,,
O=C(O)C(c1ccccc1)c1ccccc1,diphenylethanoic acid,,,,,,,,
COC(=O)c1ccc2cccc(C(=O)OC)c2c1,"1,7-dicarbomethoxynaphthalene",,,,,,,,
COC(=O)c1ccc2c(C(=O)OC)cccc2c1,"1,6-dicarbomethoxynaphthalene",,,,,,,,
COC(=O)c1cccc2c(C(=O)OC)cccc12,"1,5-dicarbomethoxynaphthalene",,,,,,,,
COC(=O)c1ccc(C(=O)OC)c2ccccc12,"1,4-dicarbomethoxynaphthalene",,,,,,,,
COC(=O)c1cc(C(=O)OC)c2ccccc2c1,"1,3-dicarbomethoxynaphthalene",,,,,,,,
COC(=O)c1ccc2ccccc2c1C(=O)OC,"1,2-dicarbomethoxynaphthalene",,,,,,,,
Cc1cc2cc3c(C)cc(=O)oc3c(C)c2o1,"2,5,9-trimethyl-7H-furo[3,2-g][1]benzopyran-7-one",,,,,,,,
Oc1ccc(C=Cc2cc(O)cc(O)c2)cc1,"5-[(1E)-2-(4-hydroxyphenyl)-ethenyl]-1,3-benzenediol",,,,,,,,
O=C(O)C(c1ccccc1)C1CCCCC1,cyclohexylphenylacetic acid,,,,,,,,
c1c2c(cc3c1CCCC3)CCCC2,"1,2,3,4,5,6,7,8-octahydroanthracene",,,,,,,,
O=C(O)C(O)(c1ccccc1)C1CCCCC1,cyclohexylhydroxyphenylethanoic acid,,,,,,,,
O=C1C2CC3C4CC5CC3C1C(C5)C4C2,Diamantanone,,,,,,,,
CCCCC(C(=O)OCC)(C(=O)OCC)C(=O)OCC,"1,1,1-pentanetricarboxylic acid, triethyl ester",,,,,,,,
O=C(O)CCCCCCCCCCCCC(=O)O,tetradecanedioic acid,,,,,,,,
C1CCC2(CCCCC3(C1)OCCO3)OCCO2,"1,4,11,14-tetraoxadispiro[4.4.4.4]octadecane",,,,,,,,
O=C1CCCCCCC(=O)CCCCCC1,"1,8-cyclotetradecanedione",,,,,,,,
CC12CC3(C)CC(C)(C1)CC(C)(C2)C3,"1,3,5,7-tetramethyl-tricyclo[3.3.1.13,7]decane",,,,,,,,
CC(C)(C)c1ccc(C(C)(C)C)cc1,"1,4-bis(1,1-dimethylethyl)benzene",,,,,,,,
Cc1cc(C(C)C)c(C(C)C)cc1C,"1,2-dimethyl-4,5-bis(1-methylethyl)benzene",,,,,,,,
O=C(OOC(=O)OC1CCCCC1)OC1CCCCC1,peroxydicarbonic acid dicyclohexyl ester,,,,,,,,
CCCCCCCOc1ccc(C(=O)O)cc1,4-heptyloxybenzoic acid,,,,,,,,
CC(C)(C)Oc1ccc(C(C)(C)C)cc1,"1-(1,1-dimethylethoxy)-4-(1,1-dimethylethyl)benzene",,,,,,,,
c1ccc2c(c1)OCCOCCOCCOCCO2,"2,3,5,6,8,9,11,12-octahydro-1,4,7,10,13-benzopentaoxacyclopentadecin",,,,,,,,
CCCOC(=O)c1ccccc1C(=O)OCCC,"1,2-benzenedicarboxylic acid, dipropyl ester",,,,,,,,
C/C(=C/C(C)C)Oc1c(C)cccc1C,"(Z)-2-(2,6-dimethylphenoxy)-4-methyl-2-pentene",,,,,,,,
C/C(=C\C(C)C)Oc1c(C)cccc1C,"(E)-2-(2,6-dimethylphenoxy)-4-methyl-2-pentene",,,,,,,,
OC12CC3CC4C5CC(CC41)CC2C5C3,1-diamantanol,,,,,,,,
OC1(CCc2ccccc2)CCCCC1,1-(2-phenylethyl)cyclohexanol,,,,,,,,
O=C(OOC(=O)c1ccccc1)OC1CCCCC1,Benzoyl(cyclohexyloxy)-carbonylperoxide,,,,,,,,
C#CC(C)(O)CCCC(C)CCCC(C)C,"1-dodecyn-3-ol, 3,7,11-trimethyl-",,,,,,,,
CC(C)(C)C1CCC(OC2CCCCO2)CC1,"2H-pyran, 2-[[4-(1,1-dimethylethyl)cyclohexyl]oxy]tetrahydro-",,,,,,,,
CCCCCCCC(=O)CCCCCCC,diheptyl ketone,,,,,,,,
c1ccc(Cc2ccc3ccccc3c2)cc1,2-(phenylmethyl)naphthalene,,,,,,,,
O=C(/C=C/c1ccccc1)OCCc1ccccc1,"2-propenoic acid, 3-phenyl-, 2-phenylethyl ester",,,,,,,,
CC1(C)C(=O)OC1(c1ccccc1)c1ccccc1,"3,3-dimethyl-4,4-diphenyloxetan-2-one",,,,,,,,
Cc1cccc2cccc(C3=CCCCC3)c12,1-(8-methyl-1-naphthyl)-cyclohexene,,,,,,,,
Cc1cccc2c(C3=CCCCC3)cccc12,1-(5-methyl-1-naphthyl)cyclohexene,,,,,,,,
Cc1cc2ccc3cccc4ccc(c1)c2c34,2-methylpyrene,,,,,,,,
c1ccc2c(c1)Cc1cc3ccccc3cc1-2,benzo[b]fluorene,,,,,,,,
Cc1ccc2ccc3cccc4ccc1c2c34,"pyrene, 1-methyl-",,,,,,,,
Cc1cc2cccc3ccc4cccc1c4c32,4-methylpyrene,,,,,,,,
Cc1ccc(C)c2c1ccc1cccc(C)c12,"1,4,5-trimethylphenanthrene",,,,,,,,
Cc1ccc2c(C)c3ccccc3cc2c1C,"1,2,10-trimethylanthracene",,,,,,,,
O=C(c1ccccc1)c1ccc2ccccc2c1O,(1-hydroxy-2-naphthalenyl)phenylmethanone,,,,,,,,
Cc1ccc(-c2ccc3ccccc3c2)cc1,"naphthalene, 2-(4-methylphenyl)-",,,,,,,,
c1ccc2c(c1)cc1c3c(cccc32)CCC1,"5,6-dihydro-4H-benz[de]anthracene",,,,,,,,
c1ccc(Cc2cccc3ccccc23)cc1,1-(phenylmethyl)naphthalene,,,,,,,,
CCCCCCCCCCCCC(C)(CO)CO,"2-dodecyl-2-methyl-1,3-propanediol",,,,,,,,
Cc1ccccc1-c1cccc2ccccc12,1-(2-methylphenyl)naphthalene,,,,,,,,
O=C(Oc1cccc2ccccc12)c1ccccc1,"benzoic acid, 1-naphthyl ester",,,,,,,,
O=C(Oc1ccc2ccccc2c1)c1ccccc1,.beta.-naphthyl benzoate,,,,,,,,
O=C(c1ccccc1)c1ccc(O)c2ccccc12,(4-hydroxy-1-naphthalenyl)phenylmethanone,,,,,,,,
O=C(c1ccccc1)c1c(O)ccc2ccccc12,(2-hydroxy-1-naphthalenyl)phenylmethanone,,,,,,,,
O=C(c1ccccc1)c1cccc2ccccc12,1-naphthyl phenyl ketone,,,,,,,,
O=C1c2ccccc2-c2ccc3ccccc3c21,benzo[a]fluorenone,,,,,,,,
O=C1c2ccccc2-c2cccc3cccc1c23,7H-benz[de]anthracen-7-one,,,,,,,,
C#CC(=O)Oc1ccc2ccc(OC(=O)C#C)cc2c1,"2-Propynoic acid, 2,7-naphthalenediyl ester",,,,,,,,
C#CC(=O)Oc1ccc2cccc(OC(=O)C#C)c2c1,"2-Propynoic acid, 1,7-naphthalenediyl ester",,,,,,,,
C#CC(=O)Oc1cccc2c(OC(=O)C#C)cccc12,"2-Propynoic acid, 1,5-naphthalenediyl ester",,,,,,,,
C=C(C)C(Cc1ccccc1)c1ccccc1,"1,1'-(1-(1-methylethenyl)-1,2-ethanediyl)bis-benzene",,,,,,,,
CC(C)(C)C(c1ccccc1)c1ccccc1,"2,2-dimethyl-1,1-diphenylpropane",,,,,,,,
OC(CCc1ccccc1)CCc1ccccc1,"1,5-diphenyl-3-pentanol",,,,,,,,
C1=CC(=C(c2ccccc2)c2ccccc2)C=C1,"5-(diphenylmethylene)-1,3-cyclopentadiene",,,,,,,,
c1ccc2c(c1)Cc1cc3ccccc3cc1C2,"5,12-dihydrotetracene",,,,,,,,
C(C#CCc1ccccc1)#CCc1ccccc1,"1,6-diphenyl-2,4-hexadiyne",,,,,,,,
c1ccc(-c2ccccc2-c2ccccc2)cc1,"1,1':2',1''-terphenyl",,,,,,,,
O=C1OC(=O)C2C3c4ccccc4C(c4ccccc43)C12,"17-oxapentacyclo[6.6.5.0(2,7).0(9,14).0(15,19)]nonadeca-2,4,6,9,11,13-hexaene-16,18-dione",,,,,,,,
c1ccc2c(c1)c1ccccc1c1ccccc21,triphenylene,,,,,,,,
c1ccc2cc3c(ccc4ccccc43)cc2c1,benz[a]anthracene,,,,,,,,
O=C1c2ccccc2C(=O)c2c1ccc1ccccc21,"benz[.alpha.]anthracene-7,12-dione",,,,,,,,
O=C1c2ccccc2C(=O)c2cc3ccccc3cc21,"5,12-naphthacenedione",,,,,,,,
CCCCCCCCCCCCCCOCC(O)CO,"3-tetradecyloxy-1,2-propanediol",,,,,,,,
CCCCCCCCCCCC(C)CCCC,"hexadecane, 5-methyl-",,,,,,,,
CCCCCCCCCCCCCCCCCO,1-heptadecanol,,,,,,,,
CCCCCCCCC(O)CCCCCCCC,9-heptadecanol,,,,,,,,
CCCCCCCCCCC(O)CCCCCC,7-heptadecanol,,,,,,,,
CCCCCCCCCC(O)CCCCCCC,8-heptadecanol,,,,,,,,
CCCCCCCCCCCC(O)CCCCC,6-heptadecanol,,,,,,,,
CCCCCCCCCCCCC(C)CCC,4-methylhexadecane,,,,,,,,
CCCCCCCCC(=O)CCCCCCCC,pelargonone,,,,,,,,
CCC(C)(C)c1cc(C)cc(C(C)(C)CC)c1O,"2,6-bis(1,1-dimethylpropyl)-4-methylphenol",,,,,,,,
Cc1ccc(CCC(C)C)cc1CCC(C)C,"1-methyl-2,4-bis(3-methylbutyl)benzene",,,,,,,,
CCCCCCCCCCOc1ccc(C(=O)O)cc1,4-decyloxybenzoic acid,,,,,,,,
CCC(C)c1ccc(Cc2ccccc2)cc1,1-sec-butyl-4-(phenylmethyl)benzene,,,,,,,,
CCCCCCCCCCCCCOCC(O)CO,"3-(tridecyloxy)-1,2-propanediol",,,,,,,,
CCCCCCCCCCCCCCC(O)CO,"1,2-hexadecanediol",,,,,,,,
c1ccc2c(c1)-c1cccc3c1C2CCC3,"1,2,3,10b-tetrahydrofluoranthene",,,,,,,,
Cc1cc(C)c(C(=O)c2ccccc2O)c(C)c1,"methanone, (2-hydroxyphenyl)(2,4,6-trimethylphenyl)-",,,,,,,,
Cc1ccc2c(c1C)Cc1ccccc1C2=O,"1,2-dimethyl-10-anthrone",,,,,,,,
O=C(CCCc1ccccc1)c1ccccc1,(3-phenylpropyl) phenyl ketone,,,,,,,,
O=C(O)C=Cc1cccc(OCc2ccccc2)c1,3-(3-benzyloxyphenyl)propenoic acid,,,,,,,,
O=C(CCC(=O)c1ccccc1)c1ccccc1,"1,4-diphenyl-1,4-butadione",,,,,,,,
c1ccc2c(c1)cc1c3c(cccc32)CC1,cyclopenta[jk]phenanthrene,,,,,,,,
O=C(O)C=Cc1ccc(OC(=O)c2ccccc2)cc1,p-benzoyloxycinnamic acid,,,,,,,,
COc1cccc2c1ccc1c(C)cccc12,8-methoxy-1-methylphenanthrene,,,,,,,,
c1ccc2oc3cc4ccccc4c-3cc2c1,"benz[b]indeno[1,2-e]pyran",,,,,,,,
CC(O)CCC(O)CCCCCC(O)CCCCO,"1,5,11,14-pentadecanetetrol",,,,,,,,
Oc1ccc2ccc3cccc4ccc1c2c34,1-hydroxypyrene,,,,,,,,
CCc1cccc2cc3ccccc3cc12,1-ethylanthracene,,,,,,,,
Cc1ccc(C)c2c1ccc1ccccc12,"1,4-dimethylphenanthrene",,,,,,,,
C1=CC2=c3ccccc3=C3CCCC(=C23)C1,"1,2,3,4-tetrahydrofluoranthene",,,,,,,,
C(C=Cc1ccccc1)=Cc1ccccc1,".beta.,.beta.-bistyryl",,,,,,,,
CCCCCCCCCCCCCCCCO,1-hexadecanol,,,,,,,,
O=C1OC(=O)[C@H](c2ccccc2)[C@H]1c1ccccc1,"2,5-Furandione, dihydro-3,4-diphenyl-, trans-",,,,,,,,
c1cc2ccc3cccc4ccc(c1)c2c34,benzo(def)phenanthrene,,,,,,,,
OCCCCCCCC(O)CCCCCCCO,"1,8,15-pentadecanetriol",,,,,,,,
c1ccc2cc3c(cc2c1)oc1ccccc13,"benzo[b]naphtho[2,3-d]furan",,,,,,,,
c1ccc2c(c1)ccc1c3ccccc3oc21,"benzo[b]naphtho[2,1-d]furan",,,,,,,,
c1ccc2c(c1)ccc1oc3ccccc3c12,"benzo[b]naphtho[1,2-d]furan",,,,,,,,
c1ccc2c(c1)-c1cccc3cccc-2c13,benzo(jk)fluorene,,,,,,,,
C(C#Cc1ccccc1)#Cc1ccccc1,"1,4-diphenyl-1,3-butadiyne",,,,,,,,
CCCCCCCCCCCCOCC(O)CO,"3-dodecyloxy-1,2-propanediol",,,,,,,,
CCCCCCCCCCCCC(O)CCO,"1,3-pentadecanediol",,,,,,,,
O=C(O)CC(O)(Cc1ccccc1)c1ccccc1,beta-hydroxy-beta-phenylbenzenebutanoic acid,,,,,,,,
COc1ccc(C(=O)C(O)c2ccc(OC)cc2)cc1,anisoin,,,,,,,,
CC(C)(OOC(=O)c1ccccc1)c1ccccc1,"benzenecarboperoxoic acid, 1-methyl-1-phenylethyl ester",,,,,,,,
CC1C(=O)OC1(c1ccccc1)c1ccccc1,"3-methyl-4,4-diphenyl-2-oxetanone",,,,,,,,
CCCCCCC(C)OC(=O)C(C(C)C)C(C)C,1-methylheptyl 3-methyl-2-(1-methylethyl)butanoate,,,,,,,,
CC(C)(C)C(C)(C)CCC(C)(C)C(C)(C)C,"2,2,3,3,6,6,7,7-octamethyloctane",,,,,,,,
CC1(C)CCOCOCCC(C)(C)CCOCOCC1,"6,6,14,14-tetramethyl-1,3,9,11-tetraoxacyclohexadecane",,,,,,,,
CC(C)CCCCCCCCCCCCC(=O)O,14-methylpentadecanoic acid,,,,,,,,
CCC(C)CCCCCCCCCCCC(=O)O,13-methylpentadecanoic acid,,,,,,,,
C1CCCCCCCCCCCCCCC1,cyclohexadecane,,,,,,,,
CCCCCCCCCCCCOC(=O)CCC(=O)O,monododecyl succinate,,,,,,,,
CCCCCCOC(=O)C=CC(=O)OCCCCCC,dihexyl (Z)-2-butenedioate,,,,,,,,
O=C(O)CCCCCCCCCCCCCCC(=O)O,hexadecanedioic acid,,,,,,,,
C1CCC2(CCCCCC3(CC1)OCCO3)OCCO2,"1,4,12,15-tetraoxadispiro[4.5.4.5]eicosane",,,,,,,,
O=C1CCCCCCCC(=O)CCCCCCC1,"1,9-cyclohexadecanedione",,,,,,,,
COCc1cc(C(C)(C)C)c(O)c(C(C)(C)C)c1,"2,6-bis(1,1-dimethylethyl)-4-(methoxymethyl)phenol",,,,,,,,
CCCCCCCCCCOc1ccccc1,decyloxybenzene,,,,,,,,
Cc1ccc(C(C)(C)CC(C)(C)C)cc1C,"1,2-dimethyl-4-(1,1,3,3-tetramethylbutyl)benzene",,,,,,,,
CCc1ccc2c(c1)CC(=C1CC13CC3)CC2,"7-ethyl-1,2,3,4-tetrahydronaphthalene-2,2-spiropentane",,,,,,,,
CC1(c2ccc(C3(C)CCC3)cc2)CCC1,"1,4-di(1-methylcyclobutyl)-benzene",,,,,,,,
c1ccc(OCCOCCOc2ccccc2)cc1,bis(2-phenoxyethyl) ether,,,,,,,,
CC(CCO)(c1ccccc1)c1ccccc1,"3,3-diphenyl-1-butanol",,,,,,,,
OCC(c1ccccc1)C(CO)c1ccccc1,"2,3-diphenyl-1,4-butanediol",,,,,,,,
CC(C(=O)O)C(O)(c1ccccc1)c1ccccc1,"2-methyl-3,3-diphenyl-hydracrylic acid",,,,,,,,
Cc1ccccc1C(=O)OC(=O)c1ccccc1C,2-methylbenzoic acid anhydride,,,,,,,,
Cc1ccc(C(=O)OOC(=O)c2ccc(C)cc2)cc1,4-methylbenzoyl peroxide,,,,,,,,
Cc1cccc(OC(=O)/C=C/c2ccccc2)c1,m-cresyl cinnamate,,,,,,,,
c1ccc(CCCCc2ccccc2)cc1,"1,4-diphenylbutane",,,,,,,,
Cc1ccccc1C(=O)OOC(=O)c1ccccc1C,bis(2-methylbenzoyl) peroxide,,,,,,,,
COC(OC)(C(=O)c1ccccc1)c1ccccc1,"ethanone, 2,2-dimethoxy-1,2-diphenyl-",,,,,,,,
O=C(OOC(=O)c1ccccc1)Oc1ccccc1,Benzoylcarboxyperoxide phenyl ester,,,,,,,,
COC(=O)c1ccc(-c2ccccc2)cc1,methyl 4-phenylbenzoate,,,,,,,,
O=C(O)C(O)(c1ccccc1)c1ccccc1,".alpha.-hydroxy-.alpha.,.alpha.-diphenylethanoic acid",,,,,,,,
CCCCCCCC(C(=O)O)C(=O)O,heptylpropanedioic acid,,,,,,,,
O=C(O)c1cc(C(=O)O)c(C(=O)O)cc1C(=O)O,"1,2,4,5-benzenetetracarboxylic acid",,,,,,,,
OCCCCCCCCCCO,"1,10-decanediol",,,,,,,,
CCCCCCCCC(O)CO,"1,2-decanediol",,,,,,,,
CC(C)(C)C(C)(O)C(C)(C)C,"1,1-di-tert-butylethanol",,,,,,,,
CC(CO)(CO)C1CCCCC1,"1,3-propanediol, 2-cyclohexyl-2-methyl-",,,,,,,,
OC1CCCCCCCCC1O,"1,2-cyclodecanediol",,,,,,,,
CC(C)(C)C1(O)CCCCC1,"1-(1,1-dimethylethyl)cyclohexanol",,,,,,,,
CC1CCC(C)(CO)C1(C)C,"1-hydroxymethyl-1,2,2,3-tetramethylcyclopentane",,,,,,,,
CC(C)(C)OC(=O)C(=O)OC(C)(C)C,di-tert-butyl oxalate,,,,,,,,
CC(C)(C(=O)O)C1(O)CCCCC1,"1-hydroxy-alpha,alpha-dimethylcyclohexaneacetic acid",,,,,,,,
CC1(C)C(=O)OC12CCCCC2,"3,3-dimethyl-1-oxaspiro(3.5)nonan-2-one",,,,,,,,
O=C(O)CCCCCCCCC(=O)O,"1,10-decanedioic acid",,,,,,,,
CCC(C(=O)O)C(CC)(CC)C(=O)O,Triethylbutanedioic acid,,,,,,,,
CC12COC(C(C)(C)C)(OC1)OC2,"2,6,7-trioxabicyclo[2.2.2]octane, 1-(1,1-dimethylethyl)-4-methyl-",,,,,,,,
CC1(C)C2CCC(CO)C1C2,(+)-trans-myrtanol,,,,,,,,
COC(=O)C1CCCC(C(=O)OC)C1,"trans-dimethyl cyclohexane-1,3-dicarboxylate",,,,,,,,
CC12CCC(C1)C(C)(C)C2O,"1,3,3-trimethylbicyclo[2.2.1]heptan-2-ol",,,,,,,,
CC(C)C1CC=C(C=O)CC1,4-isopropyl-1-carbonyl-1-cyclohexene,,,,,,,,
O=C(O)CCCC=CCCCC(=O)O,cis-5-decenedioic acid,,,,,,,,
CC1(C)C2CC=C(CO)CC21,(+)-3-caren-10-ol,,,,,,,,
C1COC2(CCC3(CC2)OCCO3)O1,"1,4,9,12-tetraoxadispiro[4.2.4.2]tetradecane",,,,,,,,
O=C1CCCCCCCCC1=O,sebacil,,,,,,,,
O=C1C=CC(=O)c2c(O)ccc(O)c21,"5,8-dihydroxy-1,4-naphthoquinone",,,,,,,,
O=Cc1coc2ccccc2c1=O,3-formylchromone,,,,,,,,
O=C(O)c1ccc(C(=O)O)c(C(=O)O)c1C(=O)O,mellophanic acid,,,,,,,,
O=c1oc(=O)c2cc3c(=O)oc(=O)c3cc12,"1,2,4,5-benzenetetracarboxylic 1,2:4,5-dianhydride",,,,,,,,
CC(C)=C(C)c1ccccc1,"(1,1-dimethyl-1-propenyl)benzene",,,,,,,,
COc1ccc(/C=C/C(=O)O)cc1OC,"trans-3,4-dimethoxycinnamic acid",,,,,,,,
c1ccc(C2CC23OCCO3)cc1,"4,7-dioxaspiro[2.4]heptane, 1-phenyl-",,,,,,,,
CC1C(=O)OC1(C)c1ccccc1,"3,4-dimethyl-4-phenyl-2-oxetanone",,,,,,,,
CC1(C)C(=O)OC1c1ccccc1,"3,3-dimethyl-4-phenyl-2-oxetanone",,,,,,,,
COc1ccc(OC)c(/C=C/C(=O)O)c1,"trans-2,5-dimethoxycinnamic acid",,,,,,,,
O=C1CCCCc2ccccc21,1-benzosuberone,,,,,,,,
COc1cccc(C=CC(=O)O)c1OC,"trans-2,3-dimethoxycinnamic acid",,,,,,,,
COc1cccc2c1CCCC2=O,"3,4-dihydro-5-methoxy-1(2H)-naphthalenone",,,,,,,,
COc1cc(/C=C/C(=O)O)cc(OC)c1,"trans-3,5-dimethoxycinnamic acid",,,,,,,,
COc1ccc(C=CC(=O)O)c(OC)c1,"trans-2,4-dimethoxycinnamic acid",,,,,,,,
CC(=O)OC(OC(C)=O)c1ccccc1,benzal diacetate,,,,,,,,
COC(=O)/C=C/c1ccc(O)c(OC)c1,"2-propenoic acid, 3-(4-hydroxy-3-methoxyphenyl)-, methyl ester",,,,,,,,
C1=Cc2ccccc2CCC1,"1,2-benzo-3-cycloheptene",,,,,,,,
COc1ccc2c(c1)C(=O)CCC2,7-methoxy-1-tetralone,,,,,,,,
COc1ccc2c(c1)CCCC2=O,"6-methoxy-3,4-dihydro-1(2H)-naphthalenone",,,,,,,,
COc1ccc2oc(=O)cc(C)c2c1,6-methoxy-4-methylcoumarin,,,,,,,,
Cc1ccc(C(=O)C2CC2)cc1,cyclopropyl p-tolyl ketone,,,,,,,,
Cc1cc(C)c2c(c1)CCC2=O,"2,3-dihydro-5,7-dimethyl-1H-inden-1-one",,,,,,,,
OC1(c2ccccc2)C2CC1C2,2-phenylbicyclo(1.1.1)pentan-2-ol,,,,,,,,
Cc1cc(=O)oc2cc(O)ccc12,7-hydroxy-4-methyl-2H-1-benzopyran-2-one,,,,,,,,
O=C1C2C3CC4C2C(=O)C2C1C3C42,"pentacyclo(5.4.0.0(2,6).0(3,10).0(5,9))undecane-8,11-dione",,,,,,,,
C=C(C)C(=O)Oc1ccc(C(=O)O)cc1,4-[(2-methyl-1-oxo-2-propenyl)oxy]benzoic acid,,,,,,,,
O=C1C=CC(=O)C2C3C=CC(C3)C12,"1,4,4-Alpha,8-alpha-tetrahydro-endo-1,4-methanonaphthalene-5,8-dione",,,,,,,,
Cc1cc(-c2ccccc2)co1,"furan, 2-methyl-4-phenyl-",,,,,,,,
CCCCOCCCOCC(C)O,1-(3-butoxypropoxy)-2-propanol,,,,,,,,
[2H]c1c([2H])c([2H])c2c([2H])c([2H])c([2H])c([2H])c2c1[2H],naphthalene,,,,,,,,
Oc1ccc2ccccc2c1,2-naphthol,,,,,,,,
O=C1CCCCC(=O)CCCC1,"1,6-cyclodecanedione",,,,,,,,
Cc1cc(C)cc(CCC(=O)O)c1,"3,5-dimethylbenzylacetic acid",,,,,,,,
O=C1OC(=O)C2C3C=CC(CC3)C12,"bicyclo[2.2.2]oct-5-ene-2,3-dicarboxylic anhydride, cis-endo-",,,,,,,,
CC(=O)C=Cc1ccccc1,4-phenyl-3-butene-2-one,,,,,,,,
C#CC(C)(O)c1ccccc1,2-phenyl-3-butyn-2-ol,,,,,,,,
COc1cccc(C=CC(=O)O)c1,trans-m-methoxycinnamic acid,,,,,,,,
COc1ccc(C=CC(=O)O)cc1,trans-p-methoxycinnamic acid,,,,,,,,
COc1cccc(/C=C/C(=O)O)c1,trans-3-methoxycinnamic acid,,,,,,,,
COc1ccccc1C=CC(=O)O,trans-2-methoxycinnamic acid,,,,,,,,
COc1ccccc1/C=C\C(=O)O,cis-2-methoxycinnamic acid,,,,,,,,
COC(=O)/C=C/c1ccc(O)cc1,"2-propenoic acid, 3-(4-hydroxyphenyl)-, methyl ester",,,,,,,,
COc1cc(C=CC(=O)O)ccc1O,4-hydroxy-3-methoxycinnamic acid,,,,,,,,
CC1(C)Oc2c(O)cccc2C1=O,"2,3-dihydro-2,2-dimethyl-7-benzofuranol-3-one",,,,,,,,
O=C(O)CC(C(=O)O)c1ccccc1,phenylsuccinic acid,,,,,,,,
COC(=O)c1c(O)cccc1C(C)=O,methyl 6-acetylsalicylate,,,,,,,,
CCc1ccc(C(=O)O)c(C(=O)O)c1,4-ethylphthalic acid,,,,,,,,
CC(=O)C(O)C1CC=CCC1C,1-hydroxy-1-(6-methyl-3-cyclohexen-1-yl)-2-propanone,,,,,,,,
CCc1cccc(C(=O)O)c1C(=O)O,"3-ethyl-1,2-benzenedicarboxylic acid",,,,,,,,
CC(=O)c1cccc(C)c1C,"2,3-dimethylacetophenone",,,,,,,,
Cc1cc(C)c(C(=O)O)c(C)c1,"2,4,6-trimethylbenzoic acid",,,,,,,,
Cc1ccc(C(=O)O)c(C)c1C,"2,3,4-trimethylbenzoic acid",,,,,,,,
Cc1cc(C)c(C(=O)O)cc1C,"2,4,5-trimethylbenzoic acid",,,,,,,,
Cc1cc(C)c(C)c(C(=O)O)c1,"2,3,5-trimethylbenzoic acid",,,,,,,,
Cc1cc(C(=O)O)cc(C)c1C,.alpha.-isodurylic acid,,,,,,,,
CC1=C(C)C(=O)C(C)=C(C)C1=O,"1,4-benzoquinone, tetramethyl-",,,,,,,,
CC(C)c1cccc(C(=O)O)c1,3-(1-methylethyl)benzoic acid,,,,,,,,
CC1(c2ccccc2)OCCO1,"2-methyl-2-phenyl-1,3-dioxolane",,,,,,,,
CCCc1cccc(C(=O)O)c1,3-propylbenzoic acid,,,,,,,,
CC(C)c1ccccc1C(=O)O,2-(1-methylethyl)benzoic acid,,,,,,,,
c1ccc(C2OCCCO2)cc1,"2-phenyl-1,3-dioxane",,,,,,,,
CC(=O)c1c(C)cc(C)cc1O,"1-(2-hydroxy-4,6-dimethylphenyl)ethanone",,,,,,,,
CC(=O)CC(=O)c1ccccc1,1-benzoylacetone,,,,,,,,
O=C(O)C/C=C/c1ccccc1,4-phenyl-3-butenoic acid,,,,,,,,
CC1(C)Oc2c(O)cccc2C1O,"3,7-benzofurandiol, 2,3-dihydro-2,2-dimethyl-",,,,,,,,
Cc1ccc(OCCC(=O)O)cc1,3-(4-methylphenoxy)propanoic acid,,,,,,,,
CC12CCC(C(=O)OC1)C2(C)C,"(.+-.)-5,8,8-trimethyl-3-oxabicylo[3.2.1]octan-2-one",,,,,,,,
CC12CCC(CC1=O)C2(C)C,"(1R)-1,7,7-trimethylbicyclo[2,2,1]heptan-2-one",,,,,,,,
O=C1C2CC3CC(C2)CC1C3,2-adamantanone,,,,,,,,
CC12CCC(C(=O)OC1=O)C2(C)C,"(.+-.)-1,8,8-trimethyl-3-oxabycylco[3.2.1]octane-2,4-dione",,,,,,,,
C=C(C)C1CC=C(C)C(=O)C1,(S)-carvone,,,,,,,,
O=C(O)CCCC#CCCCC(=O)O,5-decynedioic acid,,,,,,,,
Cc1cc(O)c(C)c(C)c1C,"2,3,4,5-tetramethylphenol",,,,,,,,
CCc1ccc(C)c(C)c1O,"2,3-xylenol, 6-ethyl-",,,,,,,,
O=C(O)C1CC1c1ccccc1,trans-2-phenylcyclopropane-1-carboxylic acid,,,,,,,,
O=C1CCC[C@H]2C(=O)CCC[C@H]12,"trans-1,5-decalindione",,,,,,,,
O=C1CCCc2cc(O)ccc21,6-hydroxy-1-tetralone,,,,,,,,
CC(C)(C)c1ccc(O)c(O)c1,"benzene, 1,2-dihydroxyl-4-tert-butyl-",,,,,,,,
COc1cc(OC)c(C(=O)O)cc1OC,asaronic acid,,,,,,,,
OCC(CO)Cc1ccccc1,"2-benzyl-1,3-propanediol",,,,,,,,
O=C1CCCc2c(O)cccc21,5-hydroxy-1-tetralone,,,,,,,,
O=C1CCC[C@H]2C(=O)CCC[C@@H]12,"1,5-naphthalenedione, octahydro-, cis-",,,,,,,,
CC12CCC(C(=O)C1=O)C2(C)C,"(.+-.)-1,7,7-trimethylbicyclo[2.2.1]heptane-2,3-dione",,,,,,,,
COc1cc(C(=O)O)cc(OC)c1OC,"3,4,5-trimethoxybenzoic acid",,,,,,,,
CCCOC(=O)c1ccc(O)cc1,propyl 4-hydroxybenzoate,,,,,,,,
COc1ccccc1CCC(=O)O,3-(o-methoxyphenyl)propionic acid,,,,,,,,
CCOc1ccc(CC(=O)O)cc1,4-ethoxyphenylethanoic acid,,,,,,,,
COc1cc(C)cc(C)c1C(C)=O,"1-(2-methoxy-4,6-dimethylphenyl)ethanone",,,,,,,,
CC(C)(C)c1cccc(C(=O)O)c1,"3-(1,1-dimethylethyl)benzoic acid",,,,,,,,
CCCCCCCCCCCCC(=O)OO,peroxytridecanoic acid,,,,,,,,
CCCCOC(=O)CCCC(=O)OCCCC,"pentanedioic acid, dibutyl ester",,,,,,,,
CC(C)(C)OC(=O)CCCC(=O)OC(C)(C)C,di-tert-butyl glutarate,,,,,,,,
C=C(C)C(=O)OCCCCCCCCC,nonyl 2-methylpropenoate,,,,,,,,
O=C(O)CCCCCCCCCCCC(=O)O,tridecanedioic acid,,,,,,,,
O=C1CCCCCCCCCCCC1,cyclotridecanone,,,,,,,,
CC1(C)CCCC(C)(C)CC(=O)OC(=O)C1,"3,3,7,7-tetramethyl-nonanedioic anhydride",,,,,,,,
CCCC(O)CC(C)(O)c1ccccc1,"2,4-Heptanediol, 2-phenyl-",,,,,,,,
CCCCCCOc1ccc(C(=O)O)cc1,4-n-hexyloxybenzoic acid,,,,,,,,
CCCCCCc1ccc(C(=O)O)cc1,4-hexylbenzoic acid,,,,,,,,
CC(C)CC(=O)C#Cc1ccccc1,5-methyl-1-phenyl-1-hexyne-3-one,,,,,,,,
Oc1ccc(OCc2ccccc2)cc1,p-(benzyloxy)phenol,,,,,,,,
Cc1ccc(C)c2c(C)cccc12,"1,4,5-trimethylnaphthalene",,,,,,,,
Cc1cc(C)c2cccc(C)c2c1,"1,3,5-trimethylnaphthalene",,,,,,,,
Cc1cc(C)c2ccccc2c1C,"1,2,4-trimethylnaphthalene",,,,,,,,
O=C(c1ccc(O)cc1)c1ccc(O)c(O)c1O,"4,2',3',4'-tetrahydroxybenzophenone",,,,,,,,
CC(C)c1ccc2occ(C=O)c(=O)c2c1,3-formyl-6-isopropylchromone,,,,,,,,
OCc1ccccc1-c1ccccc1,2-biphenylmethanol,,,,,,,,
OCc1ccc(-c2ccccc2)cc1,p-phenylbenzyl alcohol,,,,,,,,
OC(c1ccccc1)c1ccccc1,diphenylmethanol,,,,,,,,
c1ccc2c(c1)Cc1ccccc1O2,"9-oxa-9,10-dihydroanthracene",,,,,,,,
Cc1cc2ccccc2cc(C)c1=O,"2,7-dimethyl-4,5-benzotropone",,,,,,,,
OC1c2ccccc2-c2ccccc21,9-hydroxyfluorene,,,,,,,,
Cc1ccc(-c2ccccc2)cc1,4-methylbiphenyl,,,,,,,,
C=C(C)c1ccc2ccccc2c1,2-(1-methylethenyl)naphthalene,,,,,,,,
CC(C)(O)CCCCCCCC(C)(C)O,"2,10-Dimethyl-2,10-undecanediol",,,,,,,,
CCCCCCCCCCC(O)CCO,"1,3-tridecanediol",,,,,,,,
O=C1C=C(O)c2cccc3cccc1c23,3-hydroxy-1H-phenalen-1-one,,,,,,,,
O=C1C=Cc2cccc3cccc1c23,perinaphthenone,,,,,,,,
COc1ccccc1C(=O)c1ccccc1,(2-methoxyphenyl)phenylmethanone,,,,,,,,
O=C(O)c1ccccc1Cc1ccccc1,"benzoic acid, o-benzyl-",,,,,,,,
O=C(c1ccccc1)C(O)c1ccccc1,2-hydroxy-2-phenylacetophenone,,,,,,,,
OCC1c2ccccc2-c2ccccc21,9-fluorenemethanol,,,,,,,,
Cc1ccc(C(=O)c2ccccc2)cc1,4-methylbenzophenone,,,,,,,,
O=C(Cc1ccccc1)c1ccccc1,"1,2-diphenylethan-1-one",,,,,,,,
O=C(OOC(=O)c1ccccc1)c1ccccc1,benzoyl peroxide,,,,,,,,
O=C(O)C1c2ccccc2-c2ccccc21,9-fluorenecarboxylic acid,,,,,,,,
O=Cc1ccc2c(c1)Cc1ccccc1-2,2-fluorenecarboxaldehyde,,,,,,,,
O=C(O)C#Cc1cccc2ccccc12,"propiolic acid, 3-(1-naphthyl)-",,,,,,,,
O=C1c2ccccc2Cc2ccccc21,anthrone,,,,,,,,
C(#Cc1ccccc1)c1ccccc1,"1,2-diphenylethyne",,,,,,,,
CC(O)c1cc2c(o1)C(=O)c1cccc(O)c1C2=O,"(RS)-5-hydroxy-2-(1-hydroxyethyl)naphtho[2,3-b]furan-4,9-dione",,,,,,,,
O=C(Oc1ccccc1)C(=O)Oc1ccccc1,oxalic acid diphenyl ester,,,,,,,,
O=C(OC(=O)c1ccccc1)c1ccccc1,benzoic anhydride,,,,,,,,
C1=CC2c3cc4ccccc4cc3C12,anthracene,,,,,,,,
O=C(O)c1ccccc1C(=O)c1ccccc1,2-benzoylbenzoic acid,,,,,,,,
O=C1c2ccccc2-c2ccccc21,9(9H)-fluorenone,,,,,,,,
O=c1c2ccccc2oc2ccccc12,9H-xanthen-9-one,,,,,,,,
O=c1oc2ccccc2c2ccccc12,"6H-dibenzo[b,d]pyran-6-one",,,,,,,,
O=C(c1ccc(O)cc1O)c1ccc(O)cc1O,"methanone, bis(2,4-dihydroxyphenyl)-",,,,,,,,
O=C(Oc1ccccc1)c1ccccc1O,"salicylic acid, phenyl ester",,,,,,,,
Cc1cc(C)c(C(=O)O)c(C)c1C,"2,3,4,6-tetramethylbenzoic acid",,,,,,,,
CC(CO)(CO)Cc1ccccc1,"2-benzyl-2-methyl-1,3-propanediol",,,,,,,,
Cc1cc(C)cc(CC(C(=O)O)C(=O)O)c1,"3,5-dimethylbenzylmalonic acid",,,,,,,,
O=C(O)CCCCCCCCCC(=O)O,"1,11-undecanedioic acid",,,,,,,,
COC(=O)CCCCCCCCC(=O)O,monomethyl sebacate,,,,,,,,
CC=C1C2CCC(C2)C1(C)C,"2,2-dimethyl-3-ethylidenebicyclo[2.2.1]heptane",,,,,,,,
O=C(O)C12CCCCC1CCCC2,trans-octahydro-4a(2H)naphthalenecarboxylic acid,,,,,,,,
C1=C(C2CCCCC2)CCC1,1-cyclohexylcyclopentene,,,,,,,,
C#CCCCCCCCCC(=O)O,10-undecynoic acid,,,,,,,,
CC1(O)C2CC3CC(C2)CC1C3,2-methyl-2-adamantanol,,,,,,,,
CCC(OC)(OC)c1ccccc1,"1,1dimethoxypropylbenzene",,,,,,,,
CCC(c1ccccc1)C(C)O,"2-pentanol, 3-phenyl-",,,,,,,,
O=C(O)C12CC3CC(CC(C3)C1)C2,"tricyclo[3.3.1.1(3,7)]decane-1-carboxylic acid",,,,,,,,
O=C(O)C1C2CC3CC(C2)CC1C3,adamantane-2-carboxylic acid,,,,,,,,
O=C(c1ccccc1)c1ccccc1O,(2-hydroxyphenyl)phenylmethanone,,,,,,,,
CCC(C)(C)c1ccc(O)cc1,"4-(1,1-dimethylpropyl)phenol",,,,,,,,
CC(C)(C)C(O)c1ccccc1,"2,2-dimethyl-1-phenyl-1-propanol",,,,,,,,
CC(C(=O)O)C(C)(O)c1ccccc1,"beta-hydroxy-alpha,beta-dimethyl-benzenepropanoic acid",,,,,,,,
CC(C)(C(=O)O)C(O)c1ccccc1,"2,2-dimethyl-3-phenyl-hydracrylic acid",,,,,,,,
Cc1ccc(C(C)C)cc1C,"1,2-dimethyl-4-(1-methylethyl)benzene",,,,,,,,
CC(C)(C)c1ccc(C(=O)O)cc1,"4-(1,1-dimethylethyl)benzoic acid",,,,,,,,
CC1(OO)CCCc2ccccc21,"1-methyl-1,2,3,4-tetrahydronaphthalene-1-hydroperoxide",,,,,,,,
COc1ccc(CCC(=O)O)cc1OC,"3-(3,4-dimethoxyphenyl)propionic acid",,,,,,,,
CCCCOc1ccc(C(=O)O)cc1,4-butoxybenzoic acid,,,,,,,,
COc1cc(CC(=O)O)cc(OC)c1OC,"3,4,5-trimethoxyphenylacetic acid",,,,,,,,
COc1ccc(CCCC(=O)O)cc1,4-(4-methoxyphenyl)butanoic acid,,,,,,,,
CCCCc1ccc(C(=O)O)cc1,4-butylbenzoic acid,,,,,,,,
CCC(O)(CC(=O)O)c1ccccc1,3-hydroxy-3-phenylvaleric acid,,,,,,,,
O=C(O)CCCCc1ccccc1,5-phenylvaleric acid,,,,,,,,
CC(=O)OCC=C(C)c1ccccc1,"2-Buten-1-ol, 3-phenyl-, acetate",,,,,,,,
OC1(c2ccccc2)CCCCC1,1-phenylcyclohexanol,,,,,,,,
OC1CCCC(c2ccccc2)C1,3-phenylcyclohexanol,,,,,,,,
CCOC(=O)[C@@H]1C[C@@H]1c1ccccc1,ethyl cis-2-phenyl-1-cyclopropanecarboxylate,,,,,,,,
O=C(O)c1ccccc1Oc1ccccc1,o-phenoxybenzoic acid,,,,,,,,
CC(C)OC(C)COC(C)COC(C)CO,tripropyleneglycol monoisopropyl ether,,,,,,,,
O=C(c1ccccc1O)c1ccccc1O,"2,2'-dihydroxybenzophenone",,,,,,,,
O=C(Oc1ccccc1)c1ccccc1,phenyl benzoate,,,,,,,,
c1ccc2c(c1)Cc1ccccc1-2,fluorene,,,,,,,,
O=C(O)c1ccc(-c2ccccc2)cc1,4-phenylbenzoic acid,,,,,,,,
O=C(O)c1cccc(-c2ccccc2)c1,3-phenylbenzoic acid,,,,,,,,
O=C(O)c1ccccc1-c1ccccc1,2-phenylbenzoic acid,,,,,,,,
O=C(O)c1ccc2cc(C(=O)O)ccc2c1,"2,6-naphthalenedicarboxylic acid",,,,,,,,
O=C(c1ccccc1)c1ccccc1,benzophenone,,,,,,,,
c1ccc2c(c1)oc1ccccc12,dibenzo[bd]furan,,,,,,,,
C1=Cc2cccc3cccc1c23,acenaphthylene,,,,,,,,
c1ccc2c(c1)Oc1ccccc1O2,"dibenzo[b,e][1,4]dioxin",,,,,,,,
c1ccc2c(c1)-c1ccccc1-2,diphenylene,,,,,,,,
O=C1OC(=O)c2cccc3cccc1c23,"1,8-naphthalenedioic anhydride",,,,,,,,
CCCCCCC(CCO)CCCO,"3-hexyl-1,6-hexanediol",,,,,,,,
OC1(C2CCCCC2)CCCCC1,1-cyclohexylcyclohexanol,,,,,,,,
CCC(O)(C#CC(O)(CC)CC)CC,"3,6-diethyloct-4-yne-3,6-diol",,,,,,,,
CC(=O)CCCCCCCCC(C)=O,"2,11-dodecanedione",,,,,,,,
CCC1(CC)C(=O)OC(=O)C1(CC)CC,"Dihydro-3,3,4,4-tetraethyl-2,5-furandione",,,,,,,,
C#CC(OC(C)=O)C1CC=CCC1C,"3-cyclohexene-1-methanol, alpha-ethynyl-6-methyl-, acetate",,,,,,,,
CC(C)(C)Cc1ccc(C(=O)O)cc1,"4-(2,2-dimethylpropyl)benzoic acid",,,,,,,,
COC(=O)C=Cc1cc(OC)c(O)c(OC)c1,"3,5-dimethoxy-4-hydroxy cinnamic acid methyl ester",,,,,,,,
CCCOC(=O)/C=C/c1ccccc1,propyl cinnamate,,,,,,,,
CCCCC(C(=O)O)C(=O)O,n-butylmalonic acid,,,,,,,,
O=c1c(O)c(O)c1=O,"3,4-dihydroxy-3-cyclobutene-1,2-dione",,,,,,,,
O=C1COC(=O)CO1,"1,4-dioxane-2,5-dione",,,,,,,,
O=C(O)C=CC(=O)O,trans-2-butenedioic acid,,,,,,,,
C12C3C1C23,"tricyclo[1.1.0.02,4]butane",,,,,,,,
[C-]#C[C+]=C,"1,2,3-butatrienylidene",,,,,,,,
O=C(O)C#CC(=O)O,2-butynedioic acid,,,,,,,,
O=C1CCC(=O)O1,"butanedioic acid, anhydride",,,,,,,,
O=C1CC(=O)C1,"Cyclobutane-1,3-dione",,,,,,,,
Oc1ccoc1,3-hydroxyfuran,,,,,,,,
Oc1ccco1,2-hydroxyfuran,,,,,,,,
OCC(O)C(O)CO,"(R*,S*)-1,2,3,4-butanetetrol",,,,,,,,
O=C=C=C=O,carbon suboxide,,,,,,,,
CC(O)C(=O)O,"propanoic acid, 2-hydroxy-, (R)-",,,,,,,,
O=C(O)CC(=O)O,propanedioic acid,,,,,,,,
CC(=O)C(=O)O,2-oxopropanoic acid,,,,,,,,
CC=C=O,"ketene, methyl-",,,,,,,,
C1OCOCO1,"1,3,5-trioxane",,,,,,,,
C#CC(=O)O,propynoic acid,,,,,,,,
O=c1cc1,2-cyclopropen-1-one,,,,,,,,
CC(=O)OO,peroxyethanoic acid,,,,,,,,
O=C(O)CO,glycolic acid,,,,,,,,
C#CC(=O)Oc1ccc(-c2ccc(OC(=O)C#C)cc2)cc1,"2-Propynoic acid, [1,1'-biphenyl]-4,4'-diyl ester",,,,,,,,
CC(O)CCCO,"1,4-pentanediol",,,,,,,,
CC(O)CC(C)O,"(R,R)-2,4-pentanediol",,,,,,,,
OCC(CO)(CO)CO,"2,2-bis(hydroxymethyl)-1,3-propanediol",,,,,,,,
CC(O)C(C)(C)O,"2,3-butanediol, 2-methyl-",,,,,,,,
O=C[C@@H](O)[C@H](O)[C@@H](O)CO,L-xylose,,,,,,,,
OC1COC(O)C(O)C1O,"xylopyranose, .alpha.-D-",,,,,,,,
CC(C)(C)CO,"2,2-dimethyl-1-propanol",,,,,,,,
CC(CO)(CO)C(=O)O,"2,2-bis(hydroxymethyl)propanoic acid",,,,,,,,
O=C(O)C(CO)(CO)CO,tris(hydroxymethyl)ethanoic acid,,,,,,,,
C1OCOCOCOCO1,"1,3,5,7,9-pentoxecane",,,,,,,,
CCC(C)OC=O,1-methylpropyl methanoate,,,,,,,,
CC(O)CC(=O)O,3-hydroxybutanoic acid,,,,,,,,
CC(C)(O)C(=O)O,2-hydroxy-2-methylpropanoic acid,,,,,,,,
C=COCCO,2-(ethenyloxy)ethanol,,,,,,,,
C1OCOCOCO1,"1,3,5,7-tetraoxacyclooctane",,,,,,,,
O=C(O)C(O)C(O)C(=O)O,"(R*,R*)-2,3-dihydroxybutanedioic acid",,,,,,,,
CC(C(=O)O)C(=O)O,"propanedioic acid, methyl-",,,,,,,,
C1=COCCO1,"p-dioxin, 2,3-dihydro-",,,,,,,,
O=C(O)C(=O)O,ethanedioic acid,,,,,,,,
CCCCCc1cccc2ccc3cc4ccccc4cc3c12,pentylbenz[a]anthracene,,,,,,,,
c1ccc2c(c1)-c1ccc3c4c(ccc-2c14)-c1ccccc1-3,"indeno[1,2,3-cd]fluoranthene",,,,,,,,
c1ccc2c(c1)ccc1cc3c(ccc4ccccc43)cc12,"dibenz[a,h]anthracene",,,,,,,,
c1ccc2c(c1)ccc1c3ccccc3c3ccccc3c21,benzo[g]chrysene,,,,,,,,
c1ccc2cc3cc4cc5ccccc5cc4cc3cc2c1,pentacene,,,,,,,,
c1ccc2cc3c4ccccc4c4ccccc4c3cc2c1,"dibenzo[a,c]anthracene",,,,,,,,
C(=C/c1ccc2ccccc2c1)\c1ccc2ccccc2c1,"ethylene, trans-1,2-bis(2-naphthyl)-",,,,,,,,
C(=C/c1cccc2ccccc12)\c1cccc2ccccc12,"ethylene, trans-1,2-bis(1-naphthyl)-",,,,,,,,
c1ccc2c(c1)ccc1c2ccc2ccc3ccccc3c21,benzo[c]chrysene,,,,,,,,
c1ccc2cc3c(ccc4c5ccccc5ccc34)cc2c1,benzo[b]chrysene,,,,,,,,
c1ccc2cc3cc4c(ccc5ccccc54)cc3cc2c1,benzo[a]naphthacene,,,,,,,,
c1ccc2c(c1)ccc1c2ccc2c3ccccc3ccc21,benzo[a]chrysene,,,,,,,,
C=C(c1ccc2ccccc2c1)c1cccc2ccccc12,1-(1-naphthyl)-1-(2-naphthyl)ethene,,,,,,,,
C=C(c1ccc2ccccc2c1)c1ccc2ccccc2c1,"1,1-bis(2-naphthyl)ethene",,,,,,,,
C=C(c1cccc2ccccc12)c1cccc2ccccc12,"1,1-bis(1-naphthyl)ethene",,,,,,,,
CCCCCCCCCCCCCCCC(C)CCCC,5-methyleicosane,,,,,,,,
CCCCCc1cccc2cc3c(ccc4ccccc43)cc12,"benz[a]anthracene, 8-pentyl-",,,,,,,,
CCCCCCCCCCCCCCCCC(C)CCC,4-methyleicosane,,,,,,,,
CCCCCCCCCCCCCCCCC1CC=CC1,4-hexadecylcyclopentene,,,,,,,,
CC(O)=C(c1c(C)cc(C)cc1C)c1c(C)cc(C)cc1C,"1,1-bis(2,4,6-trimethylphenyl)-1-propen-2-ol",,,,,,,,
C=CCCCCCCCCCCCCCCCCCCC,1-heneicosene,,,,,,,,
CCCCCCCCCCCCCCCCC1=CCCC1,1-hexadecylcyclopentene,,,,,,,,
C1CCCCCCCCCCCCCCCCCCCC1,cycloheneicosane,,,,,,,,
O=C(C12CC3CC(CC(C3)C1)C2)C12CC3CC(CC(C3)C1)C2,"1,1'-biadamantyl ketone",,,,,,,,
CC1(C)CCc2c3c(c4c(c21)CCC4(C)C)C(C)(C)CC3,"1,1,4,4,9,9-hexamethyltrindan",,,,,,,,
CC(C)c1c2ccccc2cc2c1ccc1ccccc12,"benz[a]anthracene, 7-(1-methylethyl)-",,,,,,,,
Cc1c2cccc(C)c2c(C)c2c1ccc1ccccc12,"benz[a]anthracene, 7,11,12-trimethyl-",,,,,,,,
c1cc2ccc3ccc4ccc5cccc6c(c1)c2c3c4c56,benzo[ghi]perylene,,,,,,,,
c1cc2ccc3cc4cccc5ccc6cc(c1)c2c3c6c54,"dibenzo[def,mno]chrysene",,,,,,,,
c1ccc2c(c1)ccc1cc3ccc4ccccc4c3cc12,"dibenz[a,j]anthracene",,,,,,,,
c1ccc2c(c1)ccc1ccc3ccc4ccccc4c3c12,"dibenzo[c,g]phenanthrene",,,,,,,,
CCCCCc1c2ccccc2cc2c1ccc1ccccc12,"benz[a]anthracene, 7-pentyl-",,,,,,,,
CC(C)CCc1c2ccccc2cc2c1ccc1ccccc12,"benz[a]anthracene, 7-(3-methylbutyl)-",,,,,,,,
CCCCc1c2ccccc2c(C)c2c1ccc1ccccc12,7-butyl-12-methylbenz[a]anthracene,,,,,,,,
c1ccc(Cc2ccc3ccc4cccc5ccc2c3c45)cc1,"pyrene, 1-benzyl-",,,,,,,,
CCCCCCCCCCc1ccc(-c2ccccc2)cc1,"4-decyl-1,1'-diphenyl",,,,,,,,
CC(C)Cc1cc2c3ccccc3ccc2c2ccccc12,"chrysene, 6-isobutyl-",,,,,,,,
CCCCc1cc2c3ccccc3ccc2c2ccccc12,"chrysene, 6-butyl-",,,,,,,,
CC(C)Cc1ccc2c(ccc3c4ccccc4ccc23)c1,"chrysene, 2-isobutyl-",,,,,,,,
Cc1ccc2c(ccc3c4ccc(C)c(C)c4ccc23)c1C,"chrysene, 1,2,7,8-tetramethyl-",,,,,,,,
CCc1cc2cc(CC)c3ccccc3c2c2ccccc12,"benzo[c]phenanthrene, 5,8-diethyl-",,,,,,,,
Cc1cccc2c1ccc1cc(C(C)C)c3ccccc3c12,"benzo[c]phenanthrene, 4-methyl-8-(1-methylethyl)-",,,,,,,,
Cc1cc2cc(C)c3cccc(C)c3c2c2c(C)cccc12,"benzo[c]phenanthrene, 1,5,8,12-tetramethyl-",,,,,,,,
Cc1cc(C)c2c(c1)c(C)cc1cc(C)c3ccccc3c12,"benzo[c]phenanthrene, 1,3,5,8-tetramethyl-",,,,,,,,
CCc1cccc2c(C)c3c(ccc4ccccc43)c(C)c12,"benz[a]anthracene, 8-ethyl-7,12-dimethyl-",,,,,,,,
CCCCc1cccc2cc3c(ccc4ccccc43)cc12,"benz[a]anthracene, 8-butyl-",,,,,,,,
Cc1c2ccccc2cc2c1ccc1cc(C(C)C)ccc12,"benz[a]anthracene, 7-methyl-3-(1-methylethyl)-",,,,,,,,
CCCc1c2ccc(C)cc2cc2c1ccc1ccccc12,"benz[a]anthracene, 10-methyl-7-propyl-",,,,,,,,
CCCCc1c2ccccc2cc2c1ccc1ccccc12,7-butylbenz[a]anthracene,,,,,,,,
CCc1c2ccccc2c(CC)c2c1ccc1ccccc12,"7,12-diethylbenz[a]anthracene",,,,,,,,
c1ccc(C2(C3(c4ccccc4)CCCC3)CCCC2)cc1,"1,1'-diphenyl-1,1'-bicyclopentyl",,,,,,,,
Cc1ccc(C(c2ccc(C)cc2)c2ccc(C)cc2)cc1,tris(4-methylphenyl)methane,,,,,,,,
CCCC(c1ccccc1)(c1ccccc1)c1ccccc1,"benzene, 1,1',1''-butylidynetris-",,,,,,,,
c1ccc2c(c1)-c1ccc3ccc4cccc5cc-2c1c3c45,"indeno[1,2,3-cd]pyrene",,,,,,,,
c1ccc2cc3c(ccc4cc5ccccc5cc43)cc2c1,pentaphene,,,,,,,,
c1ccc2cc3c(ccc4ccc5ccccc5c43)cc2c1,"naphth[1,2-a]anthracene",,,,,,,,
C=C1CC(=O)OC1=O,itaconic anhydride,,,,,,,,
CC(C)(CO)CO,"2,2-dimethyl-1,3-propanediol",,,,,,,,
O=C1CCC(=O)C1,"1,3-cyclopentanedione",,,,,,,,
O=C1CCCC(=O)C1=O,"1,2,3-cyclohexanetrione",,,,,,,,
C12C3C1C1C2C31,prismane,,,,,,,,
C1=CC2C=CC12,"bicyclo[2.2.0]hexa-2,5-diene",,,,,,,,
C1=CC2C3C1C23,benzvalene,,,,,,,,
CC#CC#CC,"2,4-hexadiyne",,,,,,,,
Oc1ccc(O)cc1,"1,4-benzenediol",,,,,,,,
Oc1ccc(O)c(O)c1,"1,2,4-benzenetriol",,,,,,,,
O=C1C=CC(=O)C=C1,"1,4-benzoquinone",,,,,,,,
Oc1ccccc1O,"1,2-benzenediol",,,,,,,,
Oc1cccc(O)c1O,"1,2,3-benzenetriol",,,,,,,,
Oc1ccccc1,phenol,,,,,,,,
O=C(O)c1ccc(C(=O)O)o1,"2,5-furandicarboxylic acid",,,,,,,,
OCC(O)=C(O)C(O)=C(O)CO,D-(-)-mannitol,,,,,,,,
OCC(O)C(O)C(O)C(O)CO,D-glucitol,,,,,,,,
OCC(O)CCC(O)CO,"1,2,5,6-hexanetetrol",,,,,,,,
CC(O)C(C)(O)C(C)O,"3-methyl-2,3,4-pentanetriol",,,,,,,,
CCC(CC)CO,2-ethyl-1-butanol,,,,,,,,
OCCCCCCO,"1,6-hexanediol",,,,,,,,
O[C@H]1[C@H](O)[C@@H](O)[C@H](O)[C@@H](O)[C@@H]1O,scyllo-inositol,,,,,,,,
O=C(O)C(O)C(O)C(O)C(O)CO,D-gluconic acid,,,,,,,,
O=C(O)[C@H](O)[C@@H](O)[C@@H](O)[C@H](O)CO,D-galactonic acid,,,,,,,,
COC(=O)c1ccco1,methyl furoate,,,,,,,,
O=C1CCCC(=O)C1,"1,3-cyclohexanedione",,,,,,,,
O=C1CCC(=O)CC1,"1,4-cyclohexanedione",,,,,,,,
CC(=O)OC(C)(C)OC(C)=O,"2,2-diacetoxypropane",,,,,,,,
C1OCC2(CO1)COCOC2,pentaerythritol diformal,,,,,,,,
O=C(O)CCCCCC(=O)O,"1,7-heptanedioic acid",,,,,,,,
CC(C(=O)O)C(C)(C)C(=O)O,"butanedioic acid, trimethyl-",,,,,,,,
CC(CCCC(=O)O)C(=O)O,2-methylhexanedioic acid,,,,,,,,
C/C=C/CC(=O)OCC,(E)-3-Pentenoic acid ethyl ester,,,,,,,,
C#CC(O)(CC)CC,"1-pentyn-3-ol, 3-ethyl-",,,,,,,,
CC12COC(C)(OC1)OC2,"1,4-dimethyl-2,6,7-trioxabicyclo[2.2.2]octane",,,,,,,,
O=C(O)C1CCC(C(=O)O)C1,"1,3-cyclopentanedicarboxylic acid, cis-",,,,,,,,
CC1(C)CC(=O)OC(=O)C1,"3,3-dimethylglutaric anhydride",,,,,,,,
O=C(O)CCC(CC(=O)O)C(=O)O,"1,2,4-butanetricarboxylic acid",,,,,,,,
O=C(O)C1CCCC1C(=O)O,"trans-1,2-cyclopentanedicarboxylic acid",,,,,,,,
CC1C(=O)CCCC1=O,"2-methyl-1,3-cyclohexanedione",,,,,,,,
C1CC2CC1C1OC21,"exo-2,exo-3-epoxybicyclo[2.2.1]heptane",,,,,,,,
C1CC(C2CC2)C1,1-cyclopropyl-cyclobutane,,,,,,,,
O=C1CC2CCC1C2,2-norbornanone,,,,,,,,
C1CC2CC1[C@H]1O[C@@H]21,"2,3-epoxybicyclo[2.2.1]heptane",,,,,,,,
CC=CC=CC(=O)O,sorbic acid,,,,,,,,
O=C(O)CC(O)(CC(=O)O)C(=O)O,"2-hydroxy-1,2,3-propanetricarboxylic acid",,,,,,,,
C[C@@H]1C(=O)OC(=O)[C@@H]1C,"cis-3,4-Dihydro-3,4-dimethyl-2,5-furandione",,,,,,,,
O=C1OC(C(O)C(=O)O)C(O)C1O,"D-glucaric acid, 6,3-lactone",,,,,,,,
O=C1OC(C(O)CO)C(O)=C1O,L-ascorbic acid,,,,,,,,
C[C@H]1C(=O)OC(=O)[C@@H]1C,"trans-3,4-Dihydro-3,4-dimethyl-2,5-furandione",,,,,,,,
CCC1CC(=O)OC1=O,"Dihydro-3-ethyl-2,5-furandione",,,,,,,,
OCC1OC(O)(CO)C(O)C1O,beta-levulose,,,,,,,,
OCC1OC(O)CC(O)C1O,2-deoxy-D-glucose,,,,,,,,
C=C(CC(=O)O)C(=O)O,methylenebutanedioic acid,,,,,,,,
C=C(C)CC(=O)O,3-methyl-3-butenoic acid,,,,,,,,
CC(C)C=CC(=O)O,"2-pentenoic acid, 4-methyl-",,,,,,,,
CCCC(C(=O)O)C(=O)O,2-propylmalonic acid,,,,,,,,
CC(C)=C(C)C(=O)O,"2-butenoic acid, 2,3-dimethyl",,,,,,,,
CCCC=CC(=O)O,2-hexenoic acid,,,,,,,,
CC(CCC(=O)O)C(=O)O,2-methylpentanedioic acid,,,,,,,,
O=C(O)CCCCC(=O)O,"1,6-hexanedioic acid",,,,,,,,
CC(C)(CC(=O)O)C(=O)O,"2,2-dimethyl-1,4-butanedioic acid",,,,,,,,
CC12COC(OC1)OC2,"4-methyl-2,6,7-trioxabicyclo[2.2.2]octane",,,,,,,,
O=C1CCCCC1O,2-hydroxycyclohexanone,,,,,,,,
OCC1=CCCC1,1-cyclopentenemethanol,,,,,,,,
CC(C)(C(=O)O)C(=O)O,dimethylmalonic acid,,,,,,,,
CC(=O)CCC(=O)O,4-oxopentanoic acid,,,,,,,,
OCC1OCC(O)C(O)C1O,1-Deoxy-D-glucopyranose,,,,,,,,
O=C(O)CCCC(=O)O,"1,5-pentanedioic acid",,,,,,,,
CCC(C(=O)O)C(=O)O,"propanedioic acid, ethyl-",,,,,,,,
CC(CC(=O)O)C(=O)O,dl-methylsuccinic acid,,,,,,,,
CC1(C(=O)O)CC1,1-methylcyclopropanecarboxylic acid,,,,,,,,
C#CCCC(=O)O,4-pentynoic acid,,,,,,,,
O=C(O)c1ccoc1,3-furoic acid,,,,,,,,
O=C(O)c1ccco1,2-furancarboxylic acid,,,,,,,,
O=C(O)CCC(=O)C(=O)O,2-oxopentanedioic acid,,,,,,,,
CC(=CC(=O)O)C(=O)O,methylmaleic acid,,,,,,,,
OC1C=CC(O)C(O)C1O,"5-(1a,2b,3b,4a,)-1,2,3,4-Cyclohexenetetrol",,,,,,,,
CCC(CC(=O)O)C(=O)O,Ethyl succinic acid,,,,,,,,
C[C@H](C(=O)O)[C@@H](C)C(=O)O,"Meso-2,3-dimethyl-butanedioic acid",,,,,,,,
CC(C(=O)O)C(C)C(=O)O,"meso-2,3-dimethyl-1,4-butanedioic acid",,,,,,,,
COC1CC(O)C(CO)O1,".alpha.,.beta.-methyl-2-deoxy-D-ribofuranoside",,,,,,,,
O=C[C@H](O)[C@@H](O)[C@@H](O)[C@H](O)CO,D-(+)-galactose,,,,,,,,
OCC1OC(O)C(O)C(O)C1O,.alpha.-D-glucose,,,,,,,,
CCC(C)OC(=O)CO,1-methylpropyl hydroxyethanoate,,,,,,,,
C=COCCOCCO,2-[2-(ethenyloxy)ethoxy]ethanol,,,,,,,,
O=C[C@@H](O)C[C@@H](O)[C@@H](O)CO,3-deoxy-D-glucose,,,,,,,,
CC1(C)OOC(C)(C)OO1,"3,3,6,6-tetramethyl-1,2,4,5-tetroxane",,,,,,,,
OC1CCCC(O)C1O,"1,2,3-cyclohexanetriol",,,,,,,,
OC1C2COC(O2)C(O)C1O,levoglucosan,,,,,,,,
C1OC[C@@H]2OCOC[C@@H]2O1,"cis-1,3,5,7-tetraoxadecalin",,,,,,,,
O=C1OC(C(O)CO)C(O)C1O,"D-mannonic acid, gamma-lactone",,,,,,,,
COC(=O)[C@H](O)[C@@H](O)C(=O)OC,"dimethyl (R*,R*)-2,3-dihydroxybutanedioate",,,,,,,,
CC(CC(=O)O)CC(=O)O,3-methylpentanedioic acid,,,,,,,,
COC(=O)C(O)C(O)C(=O)OC,"dimethyl [2S,3S]-2,3-dihydroxybutanedioate",,,,,,,,
O=C1O[C@H]([C@H](O)CO)[C@H](O)[C@@H]1O,"L-mannono-1,4-lactone",,,,,,,,
O=C1OC(CO)C(O)C(O)C1O,.delta.-gluconolactone,,,,,,,,
OC1C(O)C(O)C2OC2C1O,a-Epoxyconduritol-e,,,,,,,,
Cc1ccc(C)c2cc3c(cc12)c(C)cc1ccccc13,"benz[a]anthracene, 6,8,11-trimethyl-",,,,,,,,
CC(C)c1cc2cc3ccccc3cc2c2ccccc12,"benz[a]anthracene, 5-(1-methylethyl)-",,,,,,,,
c1ccc(CC(Cc2ccccc2)c2ccccc2)cc1,"1,2,3-triphenylpropane",,,,,,,,
Cc1ccc2ccc3c4ccccc4ccc3c2c1,3-methylchrysene,,,,,,,,
Cc1cccc(-c2ccc(-c3ccccc3)cc2)c1,"3-methyl-1,1':4',1''-terphenyl",,,,,,,,
Cc1cc2ccccc2c2c1ccc1ccccc12,"6-methyl-3,4-benzophenanthrene",,,,,,,,
Cc1cccc2c1ccc1cc3ccccc3cc12,4-methylbenz[a]anthracene,,,,,,,,
Cc1ccc2c(ccc3c4ccccc4ccc23)c1,2-methylchrysene,,,,,,,,
Cc1ccc2c3ccccc3c3ccccc3c2c1,2-methyltriphenylene,,,,,,,,
Cc1ccc2ccc3cc4ccccc4cc3c2c1,2-methylbenz[a]anthracene,,,,,,,,
Cc1ccc2ccc3ccc4ccccc4c3c2c1,"2-methyl-3,4-benzophenanthrene",,,,,,,,
Cc1c2ccccc2cc2ccc3ccccc3c12,12-methylbenz[a]anthracene,,,,,,,,
Cc1cc2c3ccccc3ccc2c2ccccc12,6-methylchrysene,,,,,,,,
Cc1cccc2c1ccc1c3ccccc3ccc21,1-methylchrysene,,,,,,,,
Cc1cc2ccccc2c2ccc3ccccc3c12,5-methylchrysene,,,,,,,,
OCc1c2ccccc2cc2c1ccc1ccccc12,benz[a]anthracene-7-methanol,,,,,,,,
COc1c2ccccc2cc2c1ccc1ccccc12,7-methoxybenz[a]anthracene,,,,,,,,
O=C(O)c1c2ccccc2cc2c1ccc1ccccc12,benz[a]anthracene-7-carboxylic acid,,,,,,,,
CCC(=O)c1ccc2ccc3cccc4ccc1c2c34,"pyrene, 1-propionyl",,,,,,,,
CCCCCCCCCCCCCCCCCC=O,octadecanal,,,,,,,,
CCCCCCCCC(CCCCCC)CC(C)O,4-hexyl-2-dodecanol,,,,,,,,
CCC(C)(C)CCCC(C)(O)CCCC(C)(C)CC,"3,3,7,11,11-pentamethyl-7-tridecanol",,,,,,,,
CCCCCCCCCCCCCCCCOCCO,2-(hexadecyloxy)ethanol,,,,,,,,
CCCCCCCCCCCCCC(O)(CC)CC,3-ethyl-3-hexadecanol,,,,,,,,
CCCCCCCCC(O)C(O)CCCCCCCC,"9,10-octadecanediol",,,,,,,,
CCCCCCCCCC(CO)CCCCCCC,"1-undecanol, 2-heptyl-",,,,,,,,
OCCCCCCCCCCCCCCCCCCO,"1,18-octadecanediol",,,,,,,,
CCCCCCCCCCCCCC(C)CCC,"heptadecane, 4-methyl-",,,,,,,,
CC(C)CCCCCCCCCCCCCCCO,16-methyl-1-heptadecanol,,,,,,,,
CCCCCCCCCCCCC(C)CCCC,5-methylheptadecane,,,,,,,,
CCCCCC/C=C\CCCCCCCC(=O)OCC,ethyl cis-9-hexadecenoate,,,,,,,,
CCC(C)CCCCCCCCCCCCCC(=O)O,15-methylheptadecanoic acid,,,,,,,,
Cc1cc2ccccc2c2cc3ccccc3cc12,6-methyltetraphene,,,,,,,,
Cc1cccc2cc3ccc4ccccc4c3cc12,"8-methyl-1,2-benzanthracene",,,,,,,,
OC(c1ccccc1)(c1ccccc1)c1ccccc1,triphenylmethanol,,,,,,,,
OC(C1CCCCC1)(C1CCCCC1)C1CCCCC1,tricyclohexylmethanol,,,,,,,,
CC12CCC3C(CCC4CCCCC43C)C1CCC2=O,5.alpha.-androstan-17-one,,,,,,,,
CC12CCC(=O)C=C1CCC1C2CCC2(C)C1CC[C@H]2O,17.beta.-hydroxyandrost-4-en-3-one,,,,,,,,
CC(C)c1cc2c(c3c1CCC3(C)C)CCC2(C)C,"4-isopropyl-1,1,6,6-tetramethyl-as-hydrindacene",,,,,,,,
CC(C)(C)C(C(=O)O)C(O)(c1ccccc1)c1ccccc1,"2-(hydroxydiphenylmethyl)-3,3-dimethyl-butyric acid",,,,,,,,
Cc1cc(C)c(C)c(CCCc2ccccc2)c1C,"1-(3-phenylpropyl)-2,3,5,6-tetramethylbenzene",,,,,,,,
CCCCOc1ccc(/C=C/c2ccc(OC)cc2)cc1,(E)-1-(4-methoxyphenyl)-2-(4-butoxyphenyl)ethene,,,,,,,,
c1ccc(C(c2ccccc2)C2CCCCC2)cc1,cyclohexyldiphenylmethane,,,,,,,,
CCCc1cc2cccc3ccc4cccc1c4c32,"pyrene, 4-propyl-",,,,,,,,
CCc1cc2cccc3c(C)cc4cccc1c4c23,"pyrene, 4-ethyl-9-methyl-",,,,,,,,
CCc1c(C)c2cccc3ccc4cccc1c4c32,"pyrene, 4-ethyl-5-methyl-",,,,,,,,
c1ccc(C(c2ccccc2)c2ccccc2)cc1,triphenylmethane,,,,,,,,
CCc1cc2cccc3cc(C)c4cccc1c4c32,"pyrene, 4-ethyl-10-methyl-",,,,,,,,
CC(C)c1cc2cccc3ccc4cccc1c4c32,"pyrene, 4-(1-methylethyl)-",,,,,,,,
Cc1c(C)c2cccc3c(C)cc4cccc1c4c32,"pyrene, 4,5,9-trimethyl-",,,,,,,,
Cc1ccc2cc(C)c3ccc(C)c4ccc1c2c43,"pyrene, 1,4,8-trimethyl-",,,,,,,,
Cc1ccc2ccc3c(C)cc(C)c4ccc1c2c34,"pyrene, 1,3,6-trimethyl-",,,,,,,,
Cc1cc2ccc3cccc4cc(C)c(c1C)c2c34,"pyrene, 1,2,10-trimethyl-",,,,,,,,
Cc1ccc2c(ccc3cc4ccccc4cc32)c1,"benz[a]anthracene, 3-methyl-",,,,,,,,
Cc1ccc2cc3ccc4ccccc4c3cc2c1,"benz[a]anthracene, 10-methyl-",,,,,,,,
Cc1cccc2ccc3cc4ccccc4cc3c12,"benz[a]anthracene, 1-methyl-",,,,,,,,
CCCc1ccc2ccc3cccc4ccc1c2c34,"pyrene, 1-propyl-",,,,,,,,
Cc1ccc2cc3c(ccc4ccccc43)cc2c1,9-methylbenz[a]anthracene,,,,,,,,
COc1ccc(C=CC(=O)C=Cc2ccc(OC)cc2)cc1,"1,5-Bis(4-methoxyphenyl)-1,4-pentadien-3-one",,,,,,,,
Cc1cccc2cc3c(ccc4ccccc43)cc12,8-methylbenz[a]anthracene,,,,,,,,
CC1(C(c2ccccc2)c2ccccc2)C(=O)CCC1=O,"1,3-cyclopentanedione, 2-(diphenylmethyl)-2-methyl-",,,,,,,,
CC(C)CCCCCCCCCCCCCCC(=O)O,16-methylheptadecanoic acid,,,,,,,,
CCCCCCCCCC(=O)CCCCCCCC,9-octadecanone,,,,,,,,
Cc1cc(C)c2ccc3cccc4ccc1c2c43,"pyrene, 1,3-dimethyl-",,,,,,,,
Cc1cc(C)c(C(=O)c2c(C)cc(C)cc2O)c(C)c1,"methanone, (2-hydroxy-4,6-dimethylphenyl)(2,4,6-trimethylphenyl)-",,,,,,,,
CCC(=C(CC)c1ccc(O)cc1)c1ccc(O)cc1,"(E)-4,4'-(1,2-diethyl-1,2-ethenediyl)bisphenol",,,,,,,,
O=C(O)C1(O)c2ccccc2-c2ccccc21,butyl flurenol,,,,,,,,
CC(=O)C(C(C)=O)C(c1ccccc1)c1ccccc1,"2,4-pentanedione, 3-(diphenylmethyl)-",,,,,,,,
Cc1cc2c(C)c3ccccc3c(C)c2cc1C,"2,3,9,10-tetramethylanthracene",,,,,,,,
Cc1cccc2c1ccc1cc(C(C)C)ccc12,1-methyl-7-(1-methylethyl)phenanthrene,,,,,,,,
CCc1cc2cccc3ccc4cccc1c4c32,"pyrene, 4-ethyl-",,,,,,,,
Cc1cc2cccc3cc(C)c4cccc1c4c23,"pyrene, 4,10-dimethyl-",,,,,,,,
Cc1cc(C(C)C)cc2c1ccc1ccccc12,1-methyl-3-(1-methylethyl)phenanthrene,,,,,,,,
Cc1cc2ccc3cc(C)cc4ccc(c1)c2c34,"pyrene, 2,7-dimethyl-",,,,,,,,
Cc1ccc2ccc3ccc(C)c4ccc1c2c34,"pyrene, 1,8-dimethyl-",,,,,,,,
Cc1ccc2ccc3c(C)ccc4ccc1c2c43,"pyrene, 1,6-dimethyl-",,,,,,,,
Cc1cc2ccc3cccc4ccc(c1C)c2c34,"pyrene, 1,2-dimethyl-",,,,,,,,
CCCCCCCCCCCCCC(=O)CCCC,5-octadecanone,,,,,,,,
C1=C(CCc2ccccc2)c2ccccc2CC1,"1,2-dihydro-4-(2-phenylethyl)naphthalene",,,,,,,,
c1ccc(C(=C2CCCC2)c2ccccc2)cc1,(cyclopentylidenephenylmethyl)benzene,,,,,,,,
Oc1c(-c2ccccc2)cccc1-c1ccccc1,"1,1':3',1''-terphenyl-2'-ol",,,,,,,,
C(=CC=Cc1ccccc1)C=Cc1ccccc1,"1,6-diphenyl-1,3,5-hexatriene",,,,,,,,
c1ccc(-c2ccc3c4ccccc4cc-3o2)cc1,"indeno[2,1-b]pyran, 2-phenyl-",,,,,,,,
[2H]c1c([2H])c([2H])c2c(c1[2H])c([2H])c([2H])c1c3c([2H])c([2H])c([2H])c([2H])c3c([2H])c([2H])c21,chrysene,,,,,,,,
c1ccc2cc3cc4ccccc4cc3cc2c1,"2,3-benzanthracene",,,,,,,,
Cc1c(C)c2cccc3ccc4cccc1c4c32,"4,5-dimethylpyrene",,,,,,,,
CCc1ccc2ccc3cccc4ccc1c2c34,1-ethylpyrene,,,,,,,,
O=C(C=Cc1ccccc1)OC(=O)C=Cc1ccccc1,"3-phenyl-2-propenoic acid, anhydride",,,,,,,,
C1=Cc2cc3cccc4ccc5ccc1c2c5c43,"cyclopenta[c,d]pyrene",,,,,,,,
CC(=O)c1ccc2ccc3cccc4ccc1c2c34,1-acetylpyrene,,,,,,,,
c1ccc2c(c1)ccc1ccc3ccccc3c12,benzo[c]phenanthrene,,,,,,,,
O=C1c2ccccc2C(=O)c2c1c(O)c1ccccc1c2O,"6,11-dihydroxy-5,12-naphthacenedione",,,,,,,,
O=C(/C=C/c1ccccc1)OOC(=O)/C=C/c1ccccc1,dicinnamoyl peroxide,,,,,,,,
Cc1cc(C)c(-c2c(C)cc(C)cc2C)c(C)c1,"2,2',4,4',6,6'-hexamethyl-1,1'-biphenyl",,,,,,,,
CCCCc1c2ccccc2cc2ccccc12,9-butylanthracene,,,,,,,,
CCCCCCC/C=C/CCCCCCCCC(=O)O,trans-vaccenic acid,,,,,,,,
CC(C)c1cccc(O)c(=O)c1,"2-hydroxy-4-(1-methylethyl)-2,4,6-cycloheptatrien-1-one",,,,,,,,
CCCCCCCCCCCCCCC/C=C/C(=O)O,trans-Octadecenoic acid,,,,,,,,
CCCCCCCCCCCCCCCC=CC(=O)O,"2-octadecenoic acid, (2E)-",,,,,,,,
CCC1(CC)CCCC(CC)(CC)CCC(=O)CC1,"4,4,8,8-tetraethylcyclodecanone",,,,,,,,
O=C1CCCCCCCCC(=O)CCCCCCCC1,"1,10-cyclooctadecanedione",,,,,,,,
O=C(O)CCCCCCCCCCCCC1C=CCC1,13-(2-cyclopenten-1-yl)tridecanoic acid,,,,,,,,
CCCCCCC#CCCCCCCCCCC(=O)O,11-octadecynoic acid,,,,,,,,
CC(C)(C)CC(C)(C)c1ccc(C(C)(C)C)cc1,"1-(1,1-dimethylethyl)-4-(1,1,3,3-tetramethylbutyl)benzene",,,,,,,,
CC(C)(C)c1cc(C(C)(C)C)c(O)c(C(C)(C)C)c1,"2,4,6-tris(1,1-dimethylethyl)phenol",,,,,,,,
CC(C)(C)c1ccc(C(C)(C)C)c(C(C)(C)C)c1,"1,2,4-tris(1,1-dimethylethyl)benzene",,,,,,,,
O=C(O)CCCCCCCCCCCc1ccccc1,12-phenyldodecanoic acid,,,,,,,,
CCCCCCCCCCCC(=O)c1ccccc1,dodecanophenone,,,,,,,,
c1cc(C2CCCCC2)ccc1C1CCCCC1,"1,4-dicyclohexylbenzene",,,,,,,,
CC12CCC3c4ccc(O)cc4CCC3C1CCC2O,"(17.beta.)-estra-1,3,5(10)-triene-3,17diol",,,,,,,,
CC(C)(C)c1ccc2cc(C(C)(C)C)ccc2c1,"2,6-bis(1,1-dimethylethyl)naphthalene",,,,,,,,
CCC(CCCc1ccccc1)c1ccccc1,"1,4-diphenylhexane",,,,,,,,
Cc1ccccc1-c1ccc(C(C)C)c(C)c1C,"2,2',3-trimethyl-4-(1-methylethyl)-1,1'-biphenyl",,,,,,,,
CCCCc1ccc(CC(C)C)c2ccccc12,1-butyl-4-isobutylnaphthalene,,,,,,,,
CC12CCC3c4ccc(O)cc4CCC3C1CCC2=O,estrovarin,,,,,,,,
CC(C)c1ccccc1-c1ccccc1C(C)C,"2,2'-diisopropyl-1,1'-biphenyl",,,,,,,,
CCCCC(O)C(c1ccccc1)c1ccccc1,"1,1-diphenyl-2-hexanol",,,,,,,,
c1ccc(C2(C3(c4ccccc4)OCCO3)OCCO2)cc1,"2,2'-bi-1,3-dioxolane, 2,2'-diphenyl-",,,,,,,,
CC1(C)C(=O)OC1(Cc1ccccc1)c1ccccc1,"3,3-dimethyl-4-phenyl-4-(phenylmethyl)-2-oxetanone",,,,,,,,
Cc1cc(C)c(-c2cc(C)c(C)cc2C)cc1C,"2,2'-4,4'-5,5'-hexamethyl-1,1'-biphenyl",,,,,,,,
C1CCC(C(C2CCCCC2)C2CCCCC2)CC1,tricyclohexylmethane,,,,,,,,
CCCCCCC1=C(CCCC)Cc2ccccc21,8-butyl-7-hexylbicyclo[4.3.0]nonane,,,,,,,,
Cc1cc2cc3cc(C)c4ccccc4c3cc2cc1C,"benz[a]anthracene, 5,9,10-trimethyl-",,,,,,,,
C1=CC2C(C1)C1CC2C2C3CC(C4C5C=CC(C5)C34)C12,tetra-cyclopentadiene,,,,,,,,
CCCCCCCCCCCCCCCC(C)CCC,4-methylnonadecane,,,,,,,,
CCCCCCCCCCCCCCCC(O)CCCC,5-eicosanol,,,,,,,,
CC(=CCC(C)CC(C)(C)C)CCC(C)CC(C)(C)C,"2,2,4,7,10,12,12-heptamethyl-6-tridecene",,,,,,,,
CCCCCCCCCCCCCCCC(=O)CCCC,5-eicosanone,,,,,,,,
C1CCCCCCCCCCCCCCCCCCC1,cycloeicosane,,,,,,,,
CCCCCCCCCCCCCCCCCC(=O)CC,3-eicosanone,,,,,,,,
CC1(C)CCCCCCCC(C)(C)CCCCCCC1,"1,1,9,9-tetramethylcyclohexadecane",,,,,,,,
C1CCC(C2C3CCCCC3CC3CCCCC32)CC1,"anthracene, 9-cyclohexyltetradecahydro-",,,,,,,,
CCCCCc1ccc(C2CCC(CCC)CC2)cc1,1-pentyl-4-(4-propylcyclohexyl)-benzene,,,,,,,524.0,580.0
C1CC2CCCC3C4CCCC5CCCC(C(C1)C23)C54,perhydroperylene,,,,,,,,
C1C2CC3CC1CC(C14CC5CC(CC(C5)C1)C4)(C2)C3,"1,1'-biadamantane",,,,,,,,
Cc1cc(C)c(C(=CO)c2c(C)cc(C)cc2C)c(C)c1,"2,2-dimesitylvinyl alcohol",,,,,,,,
COCc1cc(C(C)c2ccccc2)c(O)c(C(C)(C)C)c1,"2-(1,1-dimethylethyl)-4-(methoxymethyl)-6-(1-phenylethyl)phenol",,,,,,,,
CCc1cc2cccc3c(CC)cc4cccc1c4c23,"pyrene, 4,9-diethyl-",,,,,,,,
Cc1cc(C)c(C)c(-c2c(C)c(C)cc(C)c2C)c1C,"2,2',3,3',5,5',6,6'-octamethylbiphenyl",,,,,,,,
CCCCCCCCc1ccc(-c2ccccc2)cc1,"4-octyl-1,1'-biphenyl",,,,,,,,
CCCCCC(CCO)(c1ccccc1)c1ccccc1,"3,3-diphenyl-1-octanol",,,,,,,,
CCCCc1ccc(-c2ccc(CCCC)cc2)cc1,"4,4'-dibutyl-1,1'-biphenyl",,,,,,,,
CC(C)(C)c1ccc(-c2ccc(C(C)(C)C)cc2)cc1,"4,4'-bis(1,1-dimethylethyl)-1,1'-biphenyl",,,,,,,,
CC(C)(C)c1ccc(C(C)(C)C)c(-c2ccccc2)c1,"2,5-di(1,1-dimethylethyl)-1,1'-biphenyl",,,,,,,,
Cc1ccc(CCCCCCc2ccc(C)cc2)cc1,"1,6-bis(4-methylphenyl)hexane",,,,,,,,
Cc1cc(C)c(CCc2c(C)cc(C)cc2C)c(C)c1,"1,2-bis(2,4,6-trimethylphenyl)ethane",,,,,,,,
CCCCCOc1ccc(C=Cc2ccc(OC)cc2)cc1,trans-1-(4-methoxyphenyl)-2-(4-pentoxyphenyl)ethene,,,,,,,,
C=C1CC2C(CCC3(C)C(=O)CCC23)C2(C)C=CC(=O)C=C12,exemestane,,,,,,,,
C#CC1(O)CCC2C3CCc4cc(O)ccc4C3CCC21C,"19-nor-17.alpha.-pregna-1,3,5(10)-trien-20-yne-3,17-diol",,,,,,,,
C1C2C3C4C1C15C6CC7C8C6C6CC8C8(C3CC4C618)C275,"2,7,8b,3,4b,6-ethanediylidynedipentaleno[1,6-ab:1',6'-ef]pentalene, hexadecahydro-",,,,,,,,
CCc1c(C)c2cccc3c(C)cc4cccc1c4c32,"pyrene, 4-ethyl-5,9-dimethyl-",,,,,,,,
CCCCCCCCCCCCCCCCCCCCO,1-eicosanol,,,,,,,,
CC(C)CCCCCCCCCCCCCCCCCO,"1-nonadecanol, 18-methyl-",,,,,,,,
c1ccc2c3c(ccc2c1)-c1c(ccc2ccccc12)C3,"13H-Dibenzo[a,g]fluorene",,,,,,,,
c1ccc2c(c1)Cc1cc3ccccc3c3cccc-2c13,8H-benzo[fg]naphthacene,,,,,,,,
CCCc1ccc2c(ccc3cc4ccccc4cc32)c1,"benz[a]anthracene, 3-propyl-",,,,,,,,
c1ccc(CCC(c2ccccc2)c2ccccc2)cc1,"propane, 1,1,3-triphenyl-",,,,,,,,
Cc1ccc2ccc3c(C)c4ccccc4c(C)c3c2c1,"benz[a]anthracene, 2,7,12-trimethyl-",,,,,,,,
CC(C)c1ccc2cc3ccc4ccccc4c3cc2c1,"benz[a]anthracene, 10-(1-methylethyl)-",,,,,,,,
Cc1cccc2cc3c(ccc4cccc(C)c43)c(C)c12,"benz[a]anthracene, 1,7,8-trimethyl-",,,,,,,,
Cc1ccc2c(C)c3c(ccc4ccccc43)c(C)c2c1,"7,9,12-trimethylbenz[a]anthracene",,,,,,,,
Cc1cccc2c(C)c3c(ccc4ccccc43)c(C)c12,"7,8,12-trimethylbenz[a]anthracene",,,,,,,,
Cc1ccc2c(C)c3ccc4ccccc4c3c(C)c2c1,"7,10,12-trimethylbenz[a]anthracene",,,,,,,,
CCc1c2ccccc2c(C)c2ccc3ccccc3c12,12-ethyl-7-methylbenz[a]anthracene,,,,,,,,
CC(C)c1cc2c3ccccc3ccc2c2ccccc12,6-(1-methylethyl)chrysene,,,,,,,,
Cc1cc2cc3c(C)cc4ccccc4c3cc2cc1C,"6,9,10-trimethyl-1,2-benzanthracene",,,,,,,,
c1ccc2c(c1)ccc1cc3c4c(ccc3cc12)CCC4,"1,2-benzo-5,6-cyclopentanoanthracene",,,,,,,,
Cc1cc2cccc3ccc4c5ccccc5cc1c4c32,5-methylbenzo[a]pyrene,,,,,,,,
Cc1ccc2cc3c(ccc4ccccc43)c3c2c1CC3,"1,2-dihydro-3-methylbenz[j]aceanthrylene",,,,,,,,
C1=Cc2cc3ccc4ccccc4c3c3cccc(c23)C1,"dibenz[a,kl]anthracene",,,,,,,,
C1=Cc2ccc3c(ccc4c5ccccc5ccc34)c2C1,1H-cyclopenta[a]chrysene,,,,,,,,
Cc1cccc2c1cc1ccc3cccc4ccc2c1c34,7-methylbenzo[a]pyrene,,,,,,,,
Cc1cc2cccc3c4ccccc4c4cccc1c4c23,4-methylbenzo[e]pyrene,,,,,,,,
Cc1ccc2ccc3c4ccccc4cc4ccc1c2c43,3-methylbenzo[a]pyrene,,,,,,,,
Cc1cc2ccc3cc4ccccc4c4ccc(c1)c2c34,2-methylbenzo[a]pyrene,,,,,,,,
C1=Cc2cccc3cc4ccc5ccccc5c4c(c23)C1,"1H-dibenz[a,kl]anthracene",,,,,,,,
c1ccc2c(Cc3cccc4ccccc34)cccc2c1,"naphthalene, 1,1'-methylenebis-",,,,,,,,
c1ccc2cc(Cc3cccc4ccccc34)ccc2c1,1-(2-naphthylmethyl)naphthalene,,,,,,,,
c1ccc2c(c1)Cc1cccc3c1c-2cc1ccccc13,"8H-dibenz[a,de]anthracene",,,,,,,,
CCc1c(C)c2cccc3cc(C)c4cccc1c4c32,"pyrene, 4-ethyl-5,10-dimethyl-",,,,,,,,
CCc1c(CC)c2cccc3ccc4cccc1c4c32,"pyrene, 4,5-diethyl-",,,,,,,,
CCCCCCCCC1CC1CCCCCCCC(=O)O,dihydrosterculic acid,,,,,,,,
c1ccc2c(c1)cc1ccc3cccc4ccc2c1c34,benzo[a]pyrene,,,,,,,,
Cc1c(C)c2c3ccccc3ccc2c2ccccc12,"5,6-dimethylchrysene",,,,,,,,
CCc1c2ccccc2cc2ccc3ccccc3c12,12-ethylbenz[a]anthracene,,,,,,,,
Cc1ccc2cc3c(C)c4ccccc4cc3cc2c1,"2,6-dimethyl-2,3-benzanthracene",,,,,,,,
c1cc2c3c(c4ccc5ccccc5c4cc3c1)CC2,cholanthrene,,,,,,,,
c1ccc2c(c1)c1cccc3ccc4cccc2c4c31,benzo[e]pyrene,,,,,,,,
c1cc2cc3ccc4cc5ccc6cc(c1)c2c(c34)c65,"dicyclopenta[cd,mn]pyrene",,,,,,,,
Oc1ccc2ccc3c4ccccc4cc4ccc1c2c43,3-hydroxybenzo[a]pyrene,,,,,,,,
c1cc2cc3ccc4ccc5cc6ccc1c2c6c3c45,"dicyclopenta[cd,jk]pyrene",,,,,,,,
[2H]c1c([2H])c2c([2H])c([2H])c([2H])c3c4c([2H])c([2H])c([2H])c5c([2H])c([2H])c([2H])c(c(c1[2H])c23)c54,perylene,,,,,,,,
c1cc2ccc3ccc4ccc5c6ccc1c6c2c3c45,"Dicyclopenta[cd,fg]pyrene",,,,,,,,
c1ccc2c(c1)-c1cccc3c1c-2cc1ccccc13,benz[e]acephenanthrylene,,,,,,,,
c1cc2ccc3ccc4ccc5ccc1c1c2c3c4c51,"dibenzo[ghi,mno]fluoranthene",,,,,,,,
O=C(c1ccccc1)c1ccccc1C(=O)c1ccccc1,o-dibenzoylbenzene,,,,,,,,
O=C(c1ccccc1)c1ccc(C(=O)c2ccccc2)cc1,"methanone, 1,4-phenylenebis[phenyl-",,,,,,,,
O=C(c1ccccc1)c1cccc(C(=O)c2ccccc2)c1,m-dibenzoylbenzene,,,,,,,,
CCc1cc2cccc3cc(CC)c4cccc1c4c23,"pyrene, 4,10-diethyl-",,,,,,,,
c1ccc2c(c1)C1c3ccccc3C2c2ccccc21,tribenzobicyclo[2.2.2]octatriene,,,,,,,,
CCCCCCCCCCCCCCCCC(C)CO,2-methyl-1-octadecanol,,,,,,,,
c1ccc(-c2c3ccccc3cc3ccccc23)cc1,9-phenylanthracene,,,,,,,,
c1ccc2cc(-c3ccc4ccccc4c3)ccc2c1,"2,2'-binaphthyl",,,,,,,,
CCCCCCCCCCCCCCCC(C)(O)CC,3-methyl-3-octadecanol,,,,,,,,
CCCCCCCCCCCCCCCC(O)CCC,4-nonadecanol,,,,,,,,
c1ccc2cc3c(cc2c1)-c1cccc2cccc-3c12,benzo[k]fluoranthene,,,,,,,,
c1ccc2c3c(ccc2c1)-c1cccc2cccc-3c12,benzo[j]fluoranthene,,,,,,,,
CCCCCCCCCCCCCCCCCCCO,1-nonadecanol,,,,,,,,
CCCCCCCCCCCCCCCCCC(C)=O,2-oxononadecane,,,,,,,,
CCCCCCCCCC(=O)CCCCCCCCC,10-nonadecanone,,,,,,,,
O=C(O)C(c1ccccc1)(c1ccccc1)c1ccccc1,triphenylacetic acid,,,,,,,,
Cc1ccc2cc3c(ccc4cc(C)ccc43)cc2c1,"3,9-dimethylbenz[a]anthracene",,,,,,,,
CCc1cc2ccccc2c2ccc3ccccc3c12,5-ethylchrysene,,,,,,,,
Cc1cccc2c1ccc1c(C)c3ccccc3cc12,"4,7-dimethylbenz[a]anthracene",,,,,,,,
CCc1cc2ccc3cccc4ccc(c1CC)c2c34,"pyrene, 1,2-diethyl-",,,,,,,,
CC1(C2c3ccccc3-c3ccccc32)C(=O)CCCC1=O,"1,3-cyclohexanedione, 2-(9H-fluoren-9-yl)-2-methyl-",,,,,,,,
CC(c1ccccc1)(c1ccccc1)c1ccc(O)cc1,"p-(.alpha.,.alpha.-diphenylethyl)-phenol",,,,,,,,
Cc1c2ccccc2c(CO)c2ccc3ccccc3c12,"benz[a]anthracene-7-methanol, 12-methyl-",,,,,,,,
Cc1c2ccccc2c(CO)c2c1ccc1ccccc12,"benz[a]anthracene-12-methanol, 7-methyl-",,,,,,,,
Cc1c2ccccc2c(C)c2c1ccc1c(O)cccc12,"benz[a]anthracen-4-ol, 7,12-dimethyl-",,,,,,,,
OCc1c2ccccc2c(CO)c2c1ccc1ccccc12,"benz[a]anthracene-7,12-dimethanol",,,,,,,,
Cc1ccc2cc3c(ccc4cccc(C)c43)cc2c1,"benz[a]anthracene, 1,9-dimethyl-",,,,,,,,
Cc1c2ccccc2cc2c1ccc1cccc(C)c12,"benz[a]anthracene, 1,7-dimethyl-",,,,,,,,
Cc1ccc(C(c2ccccc2)c2ccccc2)cc1,1-(diphenylmethyl)-4-methylbenzene,,,,,,,,
Cc1cc2cccc(C)c2c2cc3ccccc3cc12,"benz[a]anthracene, 1,6-dimethyl-",,,,,,,,
Cc1cccc2ccc3cc4ccccc4c(C)c3c12,"benz[a]anthracene, 1,12-dimethyl-",,,,,,,,
CCc1c2ccccc2cc2c1ccc1ccccc12,7-ethylbenz[a]anthracene,,,,,,,,
C(C#CCCc1ccccc1)#CCCc1ccccc1,"1,8-diphenyl-3,5-octadiyne",,,,,,,,
C(C=Cc1ccccc1)=C/C=C/C=Cc1ccccc1,"1,8-diphenyl-1,3,5,7-octatetraene",,,,,,,,
c1ccc(Cc2ccc(Cc3ccccc3)cc2)cc1,"1,4-bis(phenylmethyl)benzene",,,,,,,,
Cc1cccc2c(C)c3ccc4ccccc4c3cc12,"7,11-dimethylbenz[a]anthracene",,,,,,,,
CCc1cc2c3ccccc3ccc2c2ccccc12,6-ethylchrysene,,,,,,,,
Cc1cccc2cc3c(cc12)c(C)cc1ccccc13,"6,8-dimethylbenz[a]anthracene",,,,,,,,
c1ccc(CC(c2ccccc2)c2ccccc2)cc1,"1,1,2-triphenylethane",,,,,,,,
c1ccc(Cc2ccccc2Cc2ccccc2)cc1,"1,2-bis(phenylmethyl)benzene",,,,,,,,
CC(c1ccccc1)(c1ccccc1)c1ccccc1,"1,1,1-triphenylethane",,,,,,,,
Cc1cc2cc3ccc4ccccc4c3cc2cc1C,"7,12-dimethylbenz[a]anthracene",,,,,,,,
O=C(c1ccccc1)C(c1ccccc1)c1ccccc1,"1,2,2-triphenylethanone",,,,,,,,
Cc1cc2cc(C)c3ccccc3c2c2ccccc12,"5,8-dimethylbenzo[c]phenanthrene",,,,,,,,
Cc1c(C)c2cc3ccccc3cc2c2ccccc12,"5,6-dimethylbenz[a]anthracene",,,,,,,,
Cc1cc2cc3ccccc3c(C)c2c2ccccc12,"5,12-dimethylbenz[a]anthracene",,,,,,,,
Cc1cc2ccccc2c2c(C)c3ccccc3cc12,"4,9-dimethyl-1,2-benzanthracene",,,,,,,,
O=C(O)O,carbonic acid,,,,,,,,
CCOC(=O)C1CCCCC1,ethyl cyclohexanecarboxylate,0.947,0.894,1.66842661,0.861297539,0.137,0.127,279.0,310.0
CCCCc1ccccc1,butylbenzene,0.844,0.794,0.936018957,0.528967254,0.128,0.114,249.31,278.31
C1CCC(C2CCCC2)C1,"1,1'-bicyclopentyl",0.85,0.805,1.317647059,0.695652174,0.117,0.108,247.02,283.02
CCCCCC1CCCC1,pentylcyclopentane,0.776,0.729,1.103092784,0.617283951,0.125,0.115,295.0,327.2
CCCCC1CCCCC1,butylcyclohexane,0.784,0.737,1.224489796,0.691994573,0.124,0.115,279.55,316.58
C=CCCCCCCCC,1-decene,0.725,0.678,0.868965517,0.501474926,0.13,0.12,307.21,339.6
CCC=CCCCCCC,3-decene,0.73,0.683,0.95890411,0.527086384,0.135,0.124,313.0,342.6
CCCC(CCC)CCC,4-propylheptane,0.721,0.672,0.748959778,0.431547619,0.123,0.112,314.0,349.5
CCOCCOCCOCCOCC,"3,6,9,12-tetraoxatetradecane",1.058,0.998,2.646502836,1.26252505,0.197,0.183,441.0,462.0
c1ccc(C2CCCC2)cc1,cyclopentylbenzene,0.933,0.885,1.399785638,0.734463277,0.139,0.13,265.0,293.3
CCCCCc1ccccc1,pentylbenzene,0.845,0.799,1.155029586,0.615769712,0.14,0.131,285.7,314.7
C1CCC2(CC1)CCCCC2,spiro[5.5]undecane,0.874,0.831,2.505720824,1.083032491,0.118,0.11,277.0,314.5
CC(C)CCC1CCCCC1,3-methylbutylcyclohexane,0.793,0.748,2.017654477,0.962566845,0.12,0.112,307.0,345.7
CCCCCCC1CCCC1,1-cyclopentylhexane,0.781,0.737,1.38284251,0.732700136,0.128,0.119,330.0,364.6
C=CCCCCCCCCC,1-undecene,0.735,0.69,1.06122449,0.594202899,0.134,0.123,338.0,377.5
CCCCC=CCCCCC,5-undecene,0.739,0.694,1.136671177,0.590778098,0.137,0.126,343.0,375.9
CCCCCCCCCCC,undecane,0.726,0.68,1.198347107,0.647058824,0.13,0.116,351.6,384.8
CCCCCOCCOCCOCCO,"ethanol, 2-[2-[2-(pentyloxy)ethoxy]ethoxy]-",0.96,0.916,7.395833333,2.510917031,0.191,0.178,450.0,478.0
COCC(C)OCC(C)OCC(C)OC,tripropylene glycol dimethyl ether,1.026,0.969,3.898635478,1.547987616,0.179,0.166,452.0,482.0
c1ccc(Oc2ccccc2)cc1,diphenyl ether,1.058,1.01,2.419659735,0.971287129,0.142,0.132,274.2,301.23
CCc1cccc2ccccc12,1-ethylnaphthalene,0.997,0.954,2.57,0.99,0.194,0.183,279.0,305.5
c1ccc(C2CCCCC2)cc1,cyclohexylbenzene,0.928,0.883,2.122844828,0.87202718,0.139,0.131,272.2,310.2
CCC1CCCc2ccccc21,"1-ethyl-1,2,3,4-tetrahydronaphthalene",0.939,0.895,2.108626198,0.960893855,0.126,0.118,283.0,315.6
CCCCCCc1ccccc1,hexylbenzene,0.844,0.801,1.421800948,0.711610487,0.143,0.134,310.8,346.9
CCCC(CC)c1ccccc1,3-phenylhexane,0.844,0.799,1.552132701,0.801001252,0.137,0.127,328.0,360.2
CC(C1CCCC1)C1CCCC1,"1,1-dicyclopentylethane",0.864,0.821,1.944444444,0.925700365,0.118,0.11,294.6,337.5
CCCCCC1CCCCC1C,1-methyl-2-pentylcyclohexane,0.801,0.752,1.598002497,0.877659574,0.123,0.115,342.0,381.0
CCC(CC)CC1CCCCC1,1-butyl-2-ethylcyclohexane,0.82,0.773,2.134146341,1.06080207,0.122,0.113,338.0,378.0
CCCC(CC)C1CCCCC1,3-cyclohexylhexane,0.81,0.768,2.074074074,1.028645833,0.122,0.114,332.0,374.0
CCCC(C)(C)C1CCCCC1,"(1,1-dimethylbutyl)cyclohexane",0.819,0.772,4.395604396,1.554404145,0.114,0.106,352.0,392.0
CCCCCCC1CCCCC1,hexylcyclohexane,0.794,0.752,1.879093199,0.877659574,0.129,0.12,353.0,393.0
CCCCCCCC1CCCC1,heptylcyclopentane,0.788,0.745,1.703045685,0.845637584,0.13,0.121,364.0,400.0
C=CCCCCCCCCCC,1-dodecene,0.743,0.699,1.292059219,0.686695279,0.137,0.126,368.8,410.9
CCCCCC=CCCCCC,6-dodecene,0.746,0.703,1.394101877,0.711237553,0.14,0.13,373.0,408.0
CCCCCC=CC(C)CCC,5-methyl-4-undecene,0.748,0.704,0.962566845,0.582386364,0.126,0.117,370.0,406.0
CCCC/C=C(\C)CCCCC,6-methyl-5-undecene,0.754,0.709,0.981432361,0.592383639,0.127,0.117,374.0,410.0
CCCCCCC(C)CCCC,5-methylundecane,0.739,0.694,1.312584574,0.778097983,0.128,0.118,392.0,429.0
CCCCC(CC)CCC(C)C,"nonane, 5-ethyl-2-methyl-",0.739,0.694,1.18,0.68,0.121,0.111,379.0,420.0
CCCC(CC)(CCC)CCC,4-ethyl-4-propylheptane,0.756,0.712,2.116402116,0.884831461,0.114,0.106,362.0,404.0
CCCC(CC(C)C)CC(C)C,"2,6-Dimethyl-4-propylheptane",0.73,0.684,1.068493151,0.570175439,0.113,0.104,368.0,412.0
CCC(C)(C)CCC(C)(C)CC,"3,3,6,6-tetramethyloctane",0.747,0.702,2.128514056,1.111111111,0.099,0.091,367.0,410.0
CCCCCCC(C)CC(C)C,"2,4-dimethyldecane",0.734,0.689,1.36239782,0.696661829,0.121,0.112,384.0,426.0
CCCCCCCCCCCCO,1-dodecanol,0.82,0.777,11.80487805,2.586872587,0.167,0.158,458.3,533.9
CCCCCCCCOCCCC,butyl octyl ether,0.777,0.731,1.673101673,0.848153215,0.149,0.138,414.0,449.0
CCCCCCCCCCCC,dodecane,0.735,0.69,1.442176871,0.739130435,0.132,0.118,385.4,423.6
C=CCCC(C)CCCCCC,5-Methyl-1-undecene,0.749,0.706,1.29506008,0.66572238,0.129,0.12,366.0,404.0
CCCCOCCOCCOCCCC,"5,8,11-trioxapentadecane",0.867,0.819,1.856978085,0.879120879,0.145,0.139,459.8,494.0
COCCOCCOCCOCCOCCOC,"2,5,8,11,14,17-hexaoxaoctadecane",1.012,0.956,3.57,1.4,0.242,0.227,548.3,569.3
CCCc1ccc2ccccc2c1,2-propylnaphthalene,0.961,0.918,3.30905307,1.187363834,0.198,0.186,308.0,336.0
CCCc1cccc2ccccc12,1-propylnaphthalene,0.976,0.933,2.971311475,1.103965702,0.198,0.187,311.0,340.0
CCc1ccc2ccccc2c1C,2-ethyl-1-methylnaphthalene,0.984,0.941,2.743902439,1.168969182,0.185,0.175,310.0,339.0
CCc1cccc2c(C)cccc12,2-ethyl-5-methylnaphthalene,1.015,0.968,2.561576355,1.136363636,0.185,0.175,313.0,341.0
Cc1ccccc1C1CCCCC1,"toluene, p-cyclohexyl-",0.922,0.88,3.004338395,0.954545455,0.128,0.121,311.0,347.0
CC(C)C1CCCc2ccccc21,"naphthalene, 1,2,3,4-tetrahydro-6-isopropyl-",0.957,0.91,2.748171369,0.989010989,0.116,0.109,322.0,357.0
CC(C)(C)c1ccc2c(c1)CCC2,5-tert-butylindan,0.915,0.872,3.05,1.2,0.105,0.099,317.0,354.0
CCCCCCCc1ccccc1,heptylbenzene,0.843,0.798,1.72004745,0.827067669,0.145,0.136,341.96,379.0
CCCCCCc1ccc(C)cc1,1-hexyl-4-methylbenzene,0.843,0.799,1.601423488,0.788485607,0.133,0.124,363.0,395.0
C1CCC(CC2CCCCC2)CC1,dicyclohexylmethane,0.863,0.821,4.08,1.42,0.115,0.108,348.0,397.0
CC1CCCCC1C1CCCCC1,2-methylbicyclohexyl,0.874,0.83,3.09,1.19,0.121,0.114,332.0,381.0
CC(C)C(c1ccccc1)C(C)C,"2,4-dimethyl-3-phenylpentane",0.856,0.811,3.154205607,2.071516646,0.126,0.117,340.0,380.0
CCCC1CCC2CCCCC2C1,decahydro-2-propylnaphthalene,0.875,0.831,1.394285714,0.794223827,0.121,0.114,339.0,381.0
CC(C)C(C(C)C)C1CCCCC1,"2,4-dimethyl-3-cyclohexylpentane",0.815,0.771,2.171779141,1.076523995,0.11,0.103,348.0,397.0
CCCCCCCC1CCCCC1,heptylcyclohexane,0.797,0.753,2.296110414,1.022576361,0.135,0.125,377.5,426.0
CCCCCCCCC1CCCC1,octylcyclopentane,0.798,0.755,2.055137845,0.966887417,0.134,0.125,407.0,444.0
CCCCCC=CCCCCCC,6-tridecene,0.752,0.711,1.595744681,0.801687764,0.142,0.132,403.0,441.0
CCCCCCCCCCCCC,tridecane,0.742,0.699,1.765498652,0.858369099,0.133,0.12,414.5,451.8
CCCCC(CCCC)CCCC,5-butylnonane,0.745,0.7,1.503355705,0.685714286,0.129,0.119,419.0,459.0
CCCCCC(C)(CC)CCCC,5-ethyl-5-methyldecane,0.743,0.702,1.69,0.75,0.112,0.104,375.0,422.0
CCCCCCCCCOCCOCCO,"3,6-dioxa-1-pentadecanol",0.943,0.899,7.741251326,2.55839822,0.188,0.173,516.0,547.0
CCc1cccc(-c2ccccc2)c1,"3-ethyl-1,1'-biphenyl",0.984,0.929,3.38,1.17,0.205,0.194,311.0,343.0
Cc1ccccc1Cc1ccccc1,1-methyl-2-(phenylmethyl)-benzene,0.988,0.945,3.24,1.16,0.145,0.136,319.0,351.0
c1cc2c(cc1C1CCCC1)CCC2,5-cyclopentylindan,0.978,0.939,5.85,1.4,0.119,0.113,313.0,351.0
CC(C)Cc1cccc2ccccc12,1-isobutylnaphthalene,0.958,0.916,4.4,1.3,0.193,0.182,332.0,367.0
CCc1c(C)cc(C)c2ccccc12,"1-ethyl-2,4-dimethylnaphthalene",0.997,0.953,2.306920762,0.965372508,0.173,0.164,336.0,368.0
CCCc1cc2ccccc2cc1C,3-methyl-2-propylnaphthalene,1.004,0.96,3.087649402,1.291666667,0.187,0.177,341.0,372.0
Cc1ccc(C(C)C)c2ccccc12,1-methyl-3-(1-methylethyl)naphthalene,1.006,0.962,4.970178926,1.663201663,0.183,0.173,343.0,376.0
c1ccc(CCC2CCCCC2)cc1,1-cyclohexyl-2-phenylethane,0.912,0.869,3.201754386,1.254315305,0.144,0.135,344.0,383.0
Cc1ccc(C2CCCCC2)c(C)c1,"1-cyclohexyl-2,4-dimethylbenzene",0.918,0.876,3.921568627,1.712328767,0.117,0.111,349.0,386.0
CC(c1ccccc1)C1CCCCC1,1-cyclohexyl-1-phenylethane,0.921,0.879,4.245385451,1.399317406,0.135,0.128,327.0,369.0
c1ccc(CCCC2CCCC2)cc1,1-cyclopentyl-3-phenylpropane,0.903,0.86,2.535991141,1.139534884,0.146,0.137,372.0,406.0
CCCCC1CCCc2ccccc21,"1,2,3,4-tetrahydro-1-butylnaphthalene",0.921,0.879,3.91,1.3,0.13,0.123,352.0,389.0
Cc1cc(C)c(C2CCCC2)c(C)c1,"1-cyclopentyl-2,4,6-trimethylbenzene",0.93,0.887,4.59,1.39,0.105,0.099,356.0,392.0
CCC(C)C1CCCc2ccccc21,"Naphthalene, 6-butyl-1,2,3,4-tetrahydro-",0.915,0.872,4.010928962,1.19266055,0.124,0.117,360.0,396.0
CCCCCCCCc1ccccc1,octylbenzene,0.842,0.798,2.054631829,0.927318296,0.148,0.139,381.0,418.0
CCC1CCCCC1C1CCCCC1,2-ethylbicyclohexyl,0.88,0.84,4.73,1.53,0.122,0.115,366.0,417.0
CC1CCC(CC2CCCCC2)CC1,"cyclohexane, 1-(cyclohexylmethyl)-4-methyl-",0.864,0.824,4.61,1.5,0.122,0.115,353.0,401.0
C1CCC(CCCC2CCCC2)CC1,1-cyclohexyl-3-cyclopentylpropane,0.854,0.813,3.7470726,1.451414514,0.13,0.122,380.0,423.0
CC(C)(C)C1CCC(C(C)(C)C)CC1,"cis-1,4-Di-tert-butyl-cyclohexane",0.844,0.797,4.265402844,1.631116688,0.094,0.087,402.0,451.0
CCCCCCCCC1CCCCC1,octylcyclohexane,0.8,0.758,2.8,1.160949868,0.135,0.126,418.0,462.0
C=C(C)CCCCCCCCC(=C)C,"2,11-dimethyl-1,11-dodecadiene",0.794,0.75,1.511335013,0.733333333,0.113,0.106,402.0,445.0
CCCCCCC=CCCCCCC,7-tetradecene,0.76,0.719,1.973684211,0.90403338,0.144,0.134,431.0,472.0
CCCCCC=C(C)CCCCCC,7-methyl-6-tridecene,0.76,0.72,0.986842105,0.430555556,0.128,0.12,423.0,466.0
CC(=CC(C)(C)C(C)(C)C)C(C)(C)C,"3-Heptene, 2,2,3,5,5,6,6-heptamethyl-",0.787,0.744,2.617534943,1.088709677,0.077,0.072,385.0,438.0
CCCCCCCCCCCCCC,tetradecane,0.748,0.708,2.139037433,0.974576271,0.138,0.124,446.13,485.5
CCCc1ccccc1-c1ccccc1,"2-propyl-1,1'-biphenyl",0.967,0.924,4.570837642,1.428571429,0.205,0.194,340.0,376.0
CC(C)c1ccccc1-c1ccccc1,"2-(1-methylethyl)-1,1'-biphenyl",0.969,0.925,5.933952528,1.567567568,0.199,0.187,380.0,412.0
Cc1ccccc1Cc1ccccc1C,di-o-tolylmethane,0.967,0.925,2.275077559,0.962162162,0.132,0.124,345.0,380.0
CCCCCCCCc1ccc(C)cc1,1-methyl-4-octylbenzene,0.844,0.804,2.386255924,1.05721393,0.137,0.128,422.0,460.0
CCCCCCCCCC1CCCCC1,1-cyclohexylnonane,0.805,0.766,3.329192547,1.305483029,0.136,0.128,458.0,502.0
CCCCCCC=CCCCCCCC,7-pentadecene,0.763,0.724,2.359108781,1.049723757,0.147,0.137,465.0,508.0
CCCCCCCCCCC1CCCC1,1-cyclopentyldecane,0.798,0.756,2.969924812,1.26984127,0.136,0.127,437.08,490.7
CCCCCCCCCCCCCCC,Pentadecane,0.755,0.713,2.582781457,1.100981767,0.143,0.131,478.42,519.48
CCCCCCCCCCCCCC(=O)OC,"tetradecanoic acid, methyl ester",0.852,0.807,3.44,1.34,0.16,0.149,506.8,544.6
CCC(C)CCCC(C)(O)CCCC(C)C,"2,6,10-trimethyl-6-dodecanol",0.899,0.853,52.28031146,7.502930832,0.126,0.116,513.0,560.0
CCCC(=O)OCC(COC(=O)CCC)OC(=O)CCC,"1,2,3-propanetriyl tributanoate",1.017,0.969,5.398230088,1.671826625,0.181,0.169,569.3,622.0
CCCCCOCCOCCOCCOCCOCCO,pentaethylene glycol monopentyl ether,1.006,0.962,26.8389662,7.692307692,0.276,0.248,694.0,718.0
c1ccc2cc(C3CCCCC3)ccc2c1,2-cyclohexylnaphthalene,1.009,0.97,16.84836472,5.051546392,0.2,0.19,356.0,395.0
c1ccc2c(C3CCCCC3)cccc2c1,"naphthalene, 1-cyclohexyl-",1.028,0.989,15.56420233,4.752275025,0.2,0.191,360.0,399.0
CCC=C(c1ccccc1)c1ccccc1,"1,1-diphenyl-1-butene",0.981,0.941,7.237512742,2.444208289,0.15,0.142,341.0,381.0
CCCCc1ccccc1-c1ccccc1,"2-butyl-1,1'-biphenyl",0.954,0.912,5.083857442,1.546052632,0.208,0.196,377.0,415.0
CC(C)Cc1ccccc1-c1ccccc1,2-isobutylbiphenyl,0.95,0.907,6.0,1.46,0.201,0.19,367.0,408.0
CC(C)c1ccc(Cc2ccccc2)cc1,1-benzyl-4-isopropylbenzene,0.973,0.933,3.09,1.23,0.14,0.133,370.0,410.0
CCC(C)(c1ccccc1)c1ccccc1,"2,2-diphenylbutane",0.981,0.939,7.5,1.77,0.143,0.135,373.0,413.0
c1ccc(C2CCCC2)c(C2CCCC2)c1,Dicyclopentylbenzene,0.966,0.919,17.59834369,4.896626768,0.128,0.121,364.0,410.0
CCCCCCCc1ccc2c(c1)CCC2,5-heptylindan,0.9,0.861,6.16,1.7,0.128,0.121,435.0,474.0
C1CCC(C(C2CCCC2)C2CCCC2)C1,tricyclopentylmethane,0.923,0.883,6.067172264,1.823329558,0.123,0.116,410.0,462.0
CCCCCCCCCCc1ccccc1,decylbenzene,0.842,0.8,2.921615202,1.225,0.153,0.144,446.0,488.0
CCCCCCCCC(C)c1ccccc1,2-phenyldecane,0.846,0.802,2.92,1.11,0.146,0.136,452.0,495.0
CCCCCCCCc1cc(C)ccc1C,"benzene, 2,5-dimethyl-1-octyl-",0.852,0.812,1.76056338,0.874384236,0.125,0.117,455.0,495.0
CCCCC1CCC(C2CCCCC2)CC1,"2-butyl-1,1'-bicyclohexyl",0.872,0.833,6.48,1.68,0.125,0.118,423.0,475.0
CCC(C)OC(=O)c1ccccc1C(=O)OC(C)CC,di-sec-butyl phthalate,1.17,1.12,28.20512821,5.535714286,0.153,0.145,477.0,523.0
CC(C)COC(=O)c1cccc(C(=O)OCC(C)C)c1,diisobutyl isophthalate,1.2,1.15,29.16666667,5.826086957,0.156,0.148,500.0,543.0
C=CC(CCC=CCCCCC)CCCC,5-ethenyl-8-tetradecene,0.775,0.735,2.451612903,1.06122449,0.144,0.134,476.0,523.0
CCCCCC=CCCCCCCCCC,6-hexadecene,0.77,0.731,2.727272727,1.190150479,0.149,0.139,496.0,542.0
CCCCCCCCCCCCCCCC,hexadecane,0.76,0.72,2.934210526,1.25,0.14,0.13,509.52,548.54
CCCCCCCCCCCCCC(C)C,2-methylpentadecane,0.757,0.716,2.919418758,1.229050279,0.138,0.128,528.0,575.0
CCCCCCC(CCC)CCCCCC,7-propyltridecane,0.762,0.721,2.664041995,1.026352288,0.135,0.126,504.0,553.0
CCCCCCCCCC(C)CCCCC,6-methylpentadecane,0.764,0.725,2.879581152,1.227586207,0.136,0.127,511.0,560.0
CCCCCCCC(CO)CCCCCCC,2-heptyl-1-nonanol,0.824,0.782,19.0776699,2.774936061,0.153,0.14,542.0,590.0
CCCCCCCCCC(CO)CCCCC,2-pentyl-1-undecanol,0.823,0.782,18.49331713,2.774936061,0.153,0.142,542.0,590.0
CCCCCCCCCCC(CO)CCCC,2-butyl-1-dodecanol,0.823,0.782,18.83353584,2.813299233,0.153,0.142,543.0,590.0
CCCCCCCCCCCC(CO)CCC,2-propyl-1-tridecanol,0.823,0.782,17.09599028,2.762148338,0.153,0.142,543.0,590.0
CCCCCCCCCCCCC(CC)CO,2-ethyl-1-tetradecanol,0.823,0.782,18.10449575,2.928388747,0.153,0.142,551.0,597.0
CCCCCCCCC(CO)CCCCCC,2-hexyl-1-decanol,0.823,0.782,19.25880923,2.787723785,0.149,0.138,535.0,583.0
CCCCCCCOC(=O)C(=O)OCCCCCCC,diheptyl oxalate,0.924,0.879,10.38961039,3.299203641,0.176,0.165,581.0,624.0
CCCOC(=O)CCCCCCCCC(=O)OCCC,dipropyl decanedioate,0.934,0.888,10.17130621,3.153153153,0.175,0.164,578.0,621.0
c1ccc(CCCCCc2ccccc2)cc1,"1,5-diphenylpentane",0.943,0.89,5.0,1.62,0.173,0.163,467.0,499.0
CCCCC(c1ccccc1)c1ccccc1,"1,1-diphenylpentane",0.953,0.912,6.33,1.59,0.156,0.147,403.0,445.0
CCC(Cc1ccccc1)Cc1ccccc1,"butane, 2-benzyl-1-phenyl-",0.956,0.913,6.90376569,1.894852136,0.156,0.147,402.0,444.0
CC(C)CC(c1ccccc1)c1ccccc1,"3-methyl-1,1-diphenylbutane",0.951,0.91,13.66982124,3.736263736,0.152,0.143,411.0,454.0
CCCCCCCc1ccc2c(c1)CCCC2,"6-heptyl-1,2,3,4-tetrahydronaphthalene",0.902,0.863,5.543237251,22.01622248,0.129,0.122,457.0,500.0
CC(C)=CCCC(C)CC=Cc1ccccc1,"(4,8-dimethyl-1,7-nonadienyl)benzene",0.877,0.838,5.131128848,1.909307876,0.151,0.142,464.0,505.0
CCCCCCCC=CCCCCCCCC,8-heptadecene,0.79,0.752,3.037974684,1.263297872,0.149,0.139,523.0,572.0
CCCCCCCCCC(=O)OCCCCCCC,heptyl decanoate,0.848,0.808,4.245283019,1.732673267,0.157,0.147,560.0,610.0
CCCCCCCCOC(=O)CCCCCCCC,octyl nonanoate,0.951,0.905,3.785488959,1.546961326,0.156,0.146,556.0,607.0
CCCCCCCC(CCCCC)COC(=O)CC,2-pentylnonyl propanoate,0.85,0.809,6.823529412,2.348578492,0.15,0.141,557.0,609.0
CCCCCCCC(CCCCCCC)C(=O)OC,methyl 2-heptylnonanoate,0.973,0.926,6.885919836,2.267818575,0.153,0.143,571.0,621.0
COC(=O)CCCCCCCCCCCCC(C)C,methyl 14-methylpentadecanoate,0.978,0.931,7.055214724,2.255639098,0.154,0.144,576.0,625.0
CCCCCC(CC(C)(C)C)OC(=O)CC(C)(C)C,"2,2-dimethyl-4-nonyl 3,3-dimethylbutanoate",0.915,0.867,5.245901639,1.84544406,0.112,0.104,535.0,594.0
CC(C)COC(=O)CCCCCCCC(=O)OCC(C)C,diisobutyl azelate,0.921,0.878,10.8577633,3.075170843,0.149,0.14,529.0,589.0
CCCCOCC(C)OCC(C)OCC(C)OCCCC,"6,9,12-trimethyl-5,8,11,14-tetraoxaoctadecane",1.031,0.984,13.57904947,4.166666667,0.193,0.181,621.0,669.0
CCCCOCCOCCOCOCCOCCOCCCC,"5,8,11,13,16,19-hexaoxatricosane",1.124,1.079,15.12455516,5.189990732,0.25,0.236,668.0,709.0
CC(C)(C)CC(c1ccccc1)c1ccccc1,"3,3-dimethyl-1,1-diphenylbutane",1.007,0.963,15.88877855,4.257528557,0.142,0.134,442.0,489.0
CCCCCCCCc1ccc2ccccc2c1,2-octylnaphthalene,0.925,0.888,6.02,1.86,0.216,0.204,480.0,519.0
CCCCCCCCCCCCc1ccccc1,dodecylbenzene,0.842,0.801,4.002375297,1.535580524,0.157,0.147,495.3,544.7
CCCCCCC1CCC(C2CCCCC2)CC1,"4-hexyl-1,1'-bicyclohexyl",0.864,0.824,9.8,2.27,0.128,0.12,484.0,541.0
CCC(C)C1CCC(C(C)CC)C2CCCCC12,"decahydro-1,4-bis(1-methylpropyl)naphthalene",0.939,0.899,10.54313099,3.337041157,0.105,0.099,482.0,542.0
CCCCCOC(=O)c1cccc(C(=O)OCCCCC)c1,di-n-pentyl isophthalate,1.147,1.101,13.07759372,3.723887375,0.172,0.163,562.0,608.0
CCCCCOC(=O)c1ccccc1C(=O)OCCCCC,"phthalic acid, dipentyl ester",1.18,1.129,20.33898305,4.694419841,0.17,0.16,551.0,598.0
CCCCCOC(=O)c1ccc(C(=O)OCCCCC)cc1,"1,4-benzenedicarboxylic acid dipentyl ester",1.23,1.18,27.64227642,6.101694915,0.175,0.166,588.0,630.0
O=C(CCCCC(=O)OC1CCCCC1)OC1CCCCC1,dicyclohexyl hexanedioate,1.22,1.17,22.13114754,6.239316239,0.167,0.157,559.0,612.0
CC(C)CCOC(=O)c1cccc(C(=O)OCCC(C)C)c1,"bis(3-methylbutyl) 1,3-benzenedioate",1.159,1.112,24.15875755,5.395683453,0.16,0.151,559.0,607.0
CCC1C(CC)C(CC)C(CC)C(CC)C1CC,"1,2,3,4,5,6-hexaethylcyclohexane",0.862,0.823,13.35266821,4.058323208,0.104,0.098,510.0,576.0
CCCCCCCCCCCCC1CCCCC1,dodecylcyclohexane,,,,,0.142,0.133,539.0,600.0
C=CCCCCCCCCCCCCCCC=C,"1,17-octadecadiene",0.786,0.748,4.071246819,1.604278075,0.16,0.15,603.0,645.0
CCCCCCCC=C(C)CCCCCCCC,9-methyl-8-heptadecene,0.78,0.743,2.051282051,1.063257066,0.135,0.127,547.0,600.0
CCCCCCC=C(CCC)CCCCCCC,8-propyl-7-pentadecene,0.783,0.745,2.171136654,1.127516779,0.14,0.131,573.0,622.0
CCCCCCCCCCCCCC1CCCC1,tridecylcyclopentane,0.884,0.842,4.332579186,1.6152019,0.137,0.128,547.0,600.0
CCCCC(CCCC)C(CCCC)CCCC,"5,6-dibutyldecane",0.779,0.741,2.824133504,1.214574899,0.126,0.118,531.0,591.0
CC(CCCCC(C)CC(C)(C)C)CC(C)(C)C,"dodecane, 2,2,4,9,11,11-hexamethyl-",0.835,0.794,3.473053892,1.511335013,0.094,0.088,544.0,606.0
CCCCCCCOC(=O)/C=C\C(=O)OCCCCCCC,diheptyl maleate,0.936,0.896,14.95726496,5.022321429,0.187,0.176,623.0,671.0
CCCCOC(=O)CCCCCCCCC(=O)OCCCC,dibutyl sebacate,0.924,0.882,14.06926407,4.195011338,0.178,0.167,620.0,689.0
CCCCCCOC(=O)CCCCC(=O)OCCCCCC,dihexyl adipate,1.065,1.018,11.26760563,3.241650295,0.149,0.139,606.0,660.0
CCCCOC(=O)c1ccccc1C(=O)OCc1ccccc1,"benzyl butyl 1,2-benzenedioate",1.105,1.064,22.62443439,3.947368421,0.183,0.174,511.5,557.8
CCCCC/C=C/C/C=C/CCCCCCCC(=O)OC,"9,12-octadecadienoic acid, methyl ester, (E,E)-",1.004,0.96,5.278884462,1.979166667,0.179,0.168,608.0,658.0
CCCCC/C=C\C/C=C\CCCCCCCC(=O)OC,"methyl (Z,Z)-9,12-octadecadienate",0.871,0.829,3.685419059,1.556091677,0.141,0.133,676.0,687.0
CCCCCCCc1ccccc1CCCCCCC,diheptylbenzene,0.845,0.808,7.4,1.94,0.146,0.137,585.0,635.0
CCCCCCCCCCC(CCC)c1ccccc1,4-phenyltetradecane,0.946,0.904,6.342494715,2.212389381,0.152,0.143,566.0,621.0
C(CCCCC1CCCCC1)CCCC1CCCCC1,"1,8-dicyclohexyloctane",0.944,0.906,5.402542373,2.428256071,0.137,0.129,548.0,611.0
CCCCc1ccc(C(C)CCC)cc1C(C)CCC,"1-butyl-2,4-bis(1-methylbutyl)benzene",0.868,0.83,3.917050691,1.56626506,0.113,0.106,541.0,600.0
CCCCCCOC(=O)c1cccc(C(=O)OCCCCCC)c1,dihexyl isophthalate,1.17,1.124,18.8034188,4.804270463,0.177,0.168,633.0,683.0
CCCCCCOC(=O)c1ccc(C(=O)OCCCCCC)cc1,"1,4-benzenedicarboxylic acid, dihexyl ester",1.21,1.16,38.01652893,7.931034483,0.178,0.168,636.0,685.0
CCCCOC(=O)c1ccccc1C(=O)OCC(CC)CCCC,butyl 2-ethylhexyl phthalate,1.092,1.05,36.63003663,8.380952381,0.157,0.149,558.0,620.0
CCC(CC)COC(=O)c1ccccc1C(=O)OCC(CC)CC,bis(2-ethylbutyl) phthalate,1.075,1.032,43.72093023,8.139534884,0.151,0.143,556.0,619.0
CCCCC/C=C\C/C=C\CCCCCCCC(=O)OCC,"(Z,Z)-9,12-octadecadienoic acid, ethyl ester",0.868,0.829,4.032258065,1.688781665,0.177,0.167,612.0,669.0
CCCCOCCOC(=O)c1ccccc1C(=O)OCCOCCCC,"bis(2-butoxyethyl) 1,2-benzenedioate",1.044,1.004,15.3256705,4.183266932,0.209,0.198,656.0,706.0
CCCCCCCCCCCCCCCCCCCC,eicosane,0.776,0.736,5.335051546,1.91576087,0.149,0.139,640.9,694.0
CCCCCCCCCCOC(=O)CCCCCCCCC,decyl decanoate,0.847,0.81,7.20188902,2.592592593,0.164,0.154,657.0,715.0
CCCCCCCCCCCCCCCC(=O)OC(C)CC,1-methylpropyl hexadecanoate,0.842,0.803,11.87648456,3.735990037,0.158,0.149,665.0,723.0
CCCCCCCCCCCCCCCCOC(=O)CCC,hexadecyl butanoate,0.912,0.872,5.043859649,1.949541284,0.152,0.143,602.0,667.0
CCCCCCCCCCCC(=O)OCC(CC)CCCC,2-ethylhexyl laurate,1.005,0.959,9.950248756,3.023983316,0.158,0.148,658.0,717.0
CCCCCCCCCCCCC(C)C(C)C(C)C(=O)OC,"methyl 2,3,4-trimethylhexadecanoate",1.006,0.96,9.741550696,2.916666667,0.145,0.136,661.0,722.0
CCCCCCCOC(=O)CCCCC(=O)OCCCCCCC,diheptyl adipate,1.083,1.038,14.77377655,4.238921002,0.151,0.141,664.0,723.0
CCCCCOC(=O)CCCCCCCCC(=O)OCCCCC,dipentyl decanedioate,1.104,1.057,17.21014493,4.824976348,0.183,0.173,711.0,764.0
CC(C)c1ccc(CC(C)c2ccc(C(C)C)cc2)cc1,"1,2-bis[4-(1-methylethyl)phenyl]propane",0.968,0.928,7.231404959,2.262931034,0.117,0.11,490.0,551.0
CCC=CCC=CCC=CCC=CCC=CCCCC(=O)OC,"methyl Z,Z,Z,Z,Z 5,8,11,14,17-eicosapentaeneoate",1.069,1.024,5.799812909,2.05078125,0.213,0.2,652.0,699.0
CCCCCC=CCC=CCC=CCC=CCCCC(=O)OC,"5,8,11,14-eicosatetraenoic acid, methyl ester",1.052,1.007,6.08365019,2.184707051,0.203,0.191,658.0,708.0
CCCCCCCCCCCCC(CC(C)C)CC(C)C,2-methyl-4-(2-methylpropyl)hexadecane,0.875,0.835,4.114285714,1.556886228,0.126,0.119,639.0,707.0
CCCCCCCCCCCCCC(=O)OCCCCCCC,heptyl tetradecanoate,0.847,0.81,8.028335301,2.839506173,0.165,0.155,690.0,750.0
CCCCCCCCCCCCCCCCCCCOC(C)=O,nonadecyl ethanoate,1.0,0.961,7.2,2.393340271,0.165,0.155,685.0,747.0
CCCCCCCCCCCCCCCCCC(=O)OC(C)C,"octadecanoic acid, 1-methylethyl ester",0.85,0.811,6.64,2.24,0.162,0.152,703.0,763.0
CCCCCCCCC(CC)(CC)C(=O)OC(CC)(CC)CC,"1,1-diethylpropyl 2,2-diethyldecanoate",0.974,0.929,24.64065708,5.920344456,0.125,0.117,673.0,739.0
CCCCCCC(CCCCC)c1ccc2ccccc2c1,2-(1-pentylheptyl)naphthalene,0.906,0.873,20.05,3.26,0.214,0.204,582.0,637.0
CCCCCCCCCCCCC1CCCc2ccccc21,"1-dodecyl-1,2,3,4-tetrahydronaphthalene",0.86,0.825,29.06976744,7.757575758,0.141,0.134,597.0,656.0
CCCCCCc1cc2c(cc1CCCCCC)CCCC2,"6,7-dihexyl-1,2,3,4-tetrahydronaphthalene",0.895,0.858,9.76,2.24,0.119,0.113,609.0,666.0
CCCCCCCCc1cc2c(cc1CCCC)CCCC2,"7-butyl-6-octyl-1,2,3,4-tetrahydronaphthalene",0.8967,0.863,13.38240214,4.403244496,0.119,0.113,609.0,666.0
CC(C)CCCc1cc2c(cc1CCCC(C)C)CCCC2,"6,7-bis(4-methylpentyl)-1,2,3,4-tetrahydronaphthalene",0.892,0.857,24.66367713,6.651108518,0.106,0.1,600.0,661.0
CCCCCCC(=CCCc1ccccc1)CCCCCC,(4-hexyl-3-decenyl)benzene,0.865,0.828,4.739884393,1.93236715,0.153,0.144,597.0,657.0
CCCCCCCCCCCCCCCCc1ccccc1,1-phenylhexadecane,0.843,0.802,7.022538553,2.269326683,0.166,0.156,621.7,682.1
CCCCCCCCc1ccc(CCCCCCCC)cc1,"1,4-dioctylbenzene",0.845,0.81,7.218934911,2.592592593,0.146,0.137,627.0,686.0
CCCCCCCCCC(CCCCCC)c1ccccc1,7-phenylhexadecane,0.98,0.938,8.775510204,2.771855011,0.158,0.149,640.0,699.0
CCCCCCCCCCCC(CCCC)c1ccccc1,5-phenylhexadecane,0.986,0.943,7.57,2.03,0.159,0.149,645.0,703.0
CCCCCCCCCC(C1CCCCC1)C1CCCCC1,"1,1-dicyclohexyldecane",0.954,0.915,22.2,2.6,0.133,0.125,604.0,674.0
CCCCCCC(CCC)C1CCC(C2CCCCC2)CC1,"4-(1-propylheptyl)-1,1'-bicyclohexyl",0.866,0.831,34.27,3.97,0.126,0.119,599.0,670.0
CCCCCCCCCCc1c(C)cc(C(C)(C)C)cc1C,"1-decyl-2,6-dimethyl-4-(1,1-dimethylethyl)benzene",0.857,0.823,16.33605601,4.495747266,0.097,0.092,634.0,693.0
CCCCCCCCC(CCC)C1CCC2CCCCC2C1,2-(1-propylnonyl)decahydronaphthalene,0.855,0.819,17.02,3.25,0.127,0.12,609.0,679.0
CC(C)(C)C(C1CCCCC1)C(C1CCCCC1)C(C)(C)C,"1,2-bis(1,1-dimethylethyl)-1,2-dicyclohexylethane",0.891,0.855,13.46801347,4.795321637,0.087,0.083,576.0,655.0
CC(CCOCCCCOCCC(C)CC(C)(C)C)CC(C)(C)C,"1,4-bis(3,5,5-trimethylhexyloxy)butane",1.007,0.962,18.86792453,5.509355509,0.138,0.129,748.0,813.0
CCCCCC=CCC=CCC=CCC=CCCCC(=O)OCC,"5,8,11,14-eicosatetraenoic acid, ethyl ester",1.032,0.989,2.906976744,1.516683519,0.198,0.187,658.0,716.0
CCCCCCCOC(=O)c1ccc(C(=O)OCCCCCCC)cc1,diheptyl terephthalate,1.151,1.107,22.589053,5.781391147,0.178,0.179,682.0,738.0
C(CCCOCCC1CCCCC1)CCOCCC1CCCCC1,"1,6-bis(2-cyclohexylethoxy)hexane",1.065,1.023,18.77934272,6.256109482,0.178,0.168,671.0,734.0
CCCCCCCCCCCCC1CC(C(C)C)CCC1C,1-dodecyl-3-isopropyl-6-methylcyclohexane,0.819,0.782,11.17,2.57,0.128,0.121,668.0,733.0
CCCCC(=CCCC=C(CCCC)CCCC)CCCC,"5,10-dibutyl-5,9-tetradecadiene",0.808,0.772,2.97029703,1.424870466,0.137,0.128,675.0,735.0
CCCCC(=CCCCCCCC=C(CC)CCCC)CC,"5,14-diethyl-5,13-octadecadiene",0.958,0.914,2.60960334,1.203501094,0.14,0.131,694.0,752.0
C=C(C)CCCCCCCCCCCCCCCCC(=C)C,"2,19-dimethyl-1,19-eicosadiene",0.804,0.763,2.947761194,1.114023591,0.129,0.121,684.0,745.0
CCCCCCC=C(CCCCCCC)CCCCCCC,8-heptyl-7-pentadecene,0.793,0.76,3.783102144,1.710526316,0.143,0.135,685.0,747.0
CC(C)(C)CCC=C(CCCC(C)(C)C)CCCC(C)(C)C,"2,2,10,10-tetramethyl-6-(4,4-dimethylpentyl)-5-undecene",0.85,0.814,15.29411765,4.422604423,0.082,0.077,624.0,700.0
CCCCCCCC(CCCCCCC)CCCCCCC,8-heptylpentadecane,0.787,0.751,8.310038119,1.837549933,0.142,0.134,685.0,751.0
CCCCC(CC)CCCCCCCCC(CC)CCCC,"5,14-diethyloctadecane",0.896,0.857,5.357142857,1.983663944,0.135,0.127,676.0,745.0
CCCCCCC(C)CCCCCCC(C)CCCCCC,"7,14-dimethyleicosane",0.9,0.861,5.444444444,1.974448316,0.135,0.128,680.0,748.0
CCCCCCCCCCCCCC(C)CC(C)CC(C)C,"nonadecane, 2,4,6-trimethyl-",0.781,0.744,6.478873239,2.083333333,0.131,0.122,733.0,795.0
CCCCC(CC)COC(C)CCC(C)OCCC1CCCCC1,2-(2-cyclohexylethoxy)-5-(2-ethylhexyloxy)hexane,1.044,1.003,37.35632184,9.571286142,0.167,0.157,715.0,779.0
CCCCC(CC)COC1CCC(OCC(CC)CCCC)CC1,"1,4-bis(2-ethylhexyloxy)cyclohexane",1.057,1.01,19.86754967,5.643564356,0.168,0.157,727.0,788.0
CC(C)CCC(CCC(C)C)C(CCC(C)C)CCC(C)C,"2,9-dimethyl-5,6-bis(3-methylbutyl)decane",0.787,0.75,4.447268107,1.733333333,0.107,0.1,653.0,730.0
CC(C)CC(CCCCC(CC(C)C)CC(C)C)CC(C)C,"4,9-diisobutyl-2,11-dimethyldodecane",0.792,0.755,4.545454545,1.721854305,0.108,0.101,659.0,735.0
CC(C)(C)CCCC(CCCC(C)(C)C)CCCC(C)(C)C,"2,2,10,10-tetramethyl-6-(4,4-dimethylpentyl)undecane",0.776,0.742,8.762886598,3.234501348,0.085,0.08,660.0,735.0
CCCCCCCCCCCCCCCCCC(=O)OCCCC,butyl octadecanoate,1.01,0.966,7.524752475,2.691511387,0.166,0.156,716.0,780.0
CCCCCCCCCCCCCC(=O)OC(C)CCCCCC,1-methylheptyl tetradecanoate,0.839,0.795,16.68653159,4.905660377,0.162,0.152,728.0,791.0
CCCCCCCCCCCCCCCCCC(=O)OCC(C)C,2-methylpropyl octadecanoate,0.84,0.804,16.66666667,4.850746269,0.162,0.152,728.0,791.0
CCCCCCCCCCCCCCCCCC(=O)OC(C)(C)C,"1,1-dimethylethyl octadecanoate",0.99,0.95,32.32323232,7.263157895,0.147,0.138,711.0,778.0
CCCCCCC(C)CCCC(C)CCCC(C)CCC(=O)OC,"methyl 4,8,12-trimethyloctadecanoate",1.011,0.965,11.8694362,3.523316062,0.148,0.139,724.0,790.0
CCCCCCCCCOC(=O)CCC(=O)OCCCCCCCCC,dinonyl butanedioate,0.902,0.867,26.6075388,7.035755479,0.18,0.17,726.0,791.0
CCCCCCCCOC(=O)CCCCC(=O)OCCCCCCCC,di-n-octyl adipate,1.093,1.049,21.957914,5.815061964,0.18,0.17,726.0,791.0
CCCCC(CC)COC(=O)CCCCC(=O)OCC(CC)CCCC,bis(2-ethylhexyl) adipate,0.909,0.87,7.711771177,2.275862069,0.171,0.168,716.7,785.0
CCCCCCCCCOCCCCOCCCCCCCCC,"10,15-dioxatetracosane",1.011,0.972,15.82591494,5.041152263,0.194,0.183,749.0,807.0
CCCCC(C)OCCCCCCCCCCOC(C)CCCC,"5,18-dimethyl-6,17-dioxadocosane",0.996,0.956,28.1124498,7.322175732,0.177,0.167,737.0,800.0
CCCCCCC(C)OCCCCCCOC(C)CCCCCC,"1,6-bis(1-methylheptyloxy)hexane",1.007,0.967,28.79841112,7.445708376,0.179,0.169,746.0,807.0
CCCCCCC(CC)OCCCCCCOC(CC)CCCCCC,"7,16-diethyl-8,15-dioxadocosane",0.994,0.954,29.1750503,7.547169811,0.178,0.168,785.0,855.0
CCC=CCC=CCC=CCC=CCC=CCC=CCCC(=O)OC,"methyl Z,Z,Z,Z,Z,Z 4,7,10,13,16,19-docosahexaeneoate",1.087,1.043,7.635694572,2.492809204,0.226,0.213,703.0,754.0
CCCCCCCCCCCCCCCCOc1ccccc1OC,1-hexadecyloxy-2-methoxybenzene,0.898,0.863,10.13363029,3.476245655,0.171,0.162,643.0,710.0
CCCCCCCCCCCCCCCCCCC1CCCC1,heptadecylcyclohexane,0.971,0.929,9.783728115,3.444564047,0.151,0.142,702.0,768.0
CCCCCCCCC(CCCCCCCC)C1CCCCC1,9-cyclohexylheptadecane,0.822,0.786,9.13,2.06,0.142,0.133,692.0,760.0
CCCCCC=CCC=CCCCCCCCCCCCC(=O)OC,"methyl Z,Z 13,16-docosadienoate",1.037,0.995,8.775313404,2.914572864,0.188,0.178,742.0,801.0
CCCCCCCCC(CCCCCC)CCCCCCCC,9-hexylheptadecane,0.784,0.745,7.053571429,2.067114094,0.143,0.134,720.0,788.0
CCCCC(CCCC)CCCCCC(CCCC)CCCC,"5,11-dibutylpentadecane",0.793,0.759,8.02,2.11,0.132,0.124,681.0,756.0
CCCCCCCCCCCCCCC(C)CC(C)CC(C)C,"2,4,6-trimethyleicosane",0.784,0.747,7.461734694,2.275769746,0.133,0.124,722.0,793.0
CCCCCCCCCCCC(=O)OC(C)CCCCCCCCC,1-methyldecyl dodecanoate,0.84,0.803,20.23809524,5.479452055,0.164,0.154,760.0,825.0
CCCCCCCCCCCCCCCC(=O)OCCCCCCC,heptyl hexadecanoate,0.85,0.815,10.47058824,3.558282209,0.166,0.157,739.0,806.0
CCCCCCCCCCCCCCCCCCOC(=O)CCCC,octadecyl pentanoate,0.999,0.958,8.708708709,3.027139875,0.165,0.156,732.0,800.0
CCCC(CCC)CCCCCCCCCC=Cc1ccccc1,1-phenyl-12-propyl-1-pentadecene,0.993,0.953,12.08459215,3.567681007,0.168,0.159,682.0,744.0
CCCCCCCCCCCCCCCCc1ccc(C)c(C)c1,"1,2-dimethyl-4-hexadecyl-benzene",0.845,0.806,4.733727811,1.736972705,0.136,0.127,705.0,768.0
CCCCCCCCOCCCCCCOCCCCCCCC,"1,6-bis(octyloxy)hexane",1.024,0.984,16.6015625,5.182926829,0.196,0.185,759.0,816.0
CCCCC(CC)COCCCCCCOCC(CC)CCCC,"1,6-bis[(2-ethylhexyl)oxy]hexane",0.998,0.958,30.06012024,7.724425887,0.178,0.168,739.0,801.0
CCCCC(CC)COC(C)CCC(C)OCC(CC)CCCC,"2,5-bis(2-ethylhexyloxy)hexane",0.983,0.943,23.39776195,6.256627784,0.162,0.153,727.0,793.0
CCCCCCCCC(CCC)C(CCC)CCCCCCCC,"9,10-dipropyloctadecane",0.905,0.867,7.182320442,2.537485582,0.136,0.128,727.0,802.0
CCCCCCCCCCCCCCCC(C)CC(C)CC(C)C,"2,4,6-trimethylheneicosane",0.787,0.75,8.564167726,2.493333333,0.134,0.125,753.0,827.0
CCCCCCCCCCCCCCCC(CC(C)C)CC(C)C,4-isobutyl-2-methylnonadecane,0.79,0.755,6.835443038,2.516556291,0.135,0.127,762.0,835.0
CCCCCCC(CCCC)CC(C)(CCCC)CCCCCC,"7,9-dibutyl-9-methylpentadecane",0.907,0.872,14.33296582,3.325688073,0.123,0.117,729.0,804.0
CCCCCC(CCC(C)C)CCC(CCC(C)C)CCC(C)C,"1,11-dimethyl-5,8-di(3-methylbutyl)dodecane",0.789,0.754,5.576679341,2.122015915,0.108,0.101,701.0,785.0
CCCCC(CC)CC(C(C)C)C(CC(CC)CCCC)C(C)C,"5,10-diethyl-7,8-di(1-methylethyl)tetradecane",0.806,0.77,7.196029777,2.207792208,0.111,0.104,729.0,809.0
CC(C)CCC(CCC(C)C)CCC(CCC(C)C)CCC(C)C,"2,11-dimethyl-5,8-diisoamyldodecane",0.866,0.827,4.965357968,1.813784764,0.107,0.1,697.0,782.0
CCCCCCCCCCCCCCCCCCCCCC(CC)CC,3-ethyltetracosane,0.793,0.762,10.89533417,3.215223097,0.148,0.14,805.0,883.0
C(Cc1ccccc1)=C(CCc1ccccc1)CCc1ccccc1,"1,5-diphenyl-3-(2-phenylethyl)-2-pentene",1.002,0.963,16.46706587,3.312564901,0.182,0.174,584.0,640.0
c1ccc(CCCC(CCCc2ccccc2)c2ccccc2)cc1,"1,4,7-triphenylheptane",0.991,0.958,46.28,5.49,0.179,0.171,578.0,638.0
c1ccc(CCC(CCc2ccccc2)CCc2ccccc2)cc1,"1,5-diphenyl-3-(2-phenylethyl)pentane",0.998,0.964,24.14829659,3.558091286,0.178,0.17,576.0,636.0
CCCCCCCCCCCC=C(c1ccccc1)c1ccccc1,"1,1-diphenyl-1-tridecene",1.033,0.995,36.78606002,9.246231156,0.168,0.159,632.0,694.0
c1ccc(CCC(CCCC2CCCC2)CCC2CCCCC2)cc1,1-cyclohexyl-6-cyclopentyl-3-phenylethylhexane,0.911,0.874,27.77167947,4.7597254,0.155,0.146,669.0,737.0
C(CC1CCCCC1)=C(CCC1CCCCC1)CCC1CCCCC1,"1,5-dicyclohexyl-3-(2-cyclohexylethyl)-2-pentene",0.9,0.866,8.988888889,8.244803695,0.133,0.126,661.0,736.0
CCCCCCCCCCCCCCCc1cccc2c1CCCC2,"5-pentadecyl-1,2,3,4-tetrahydronaphthalene",0.873,0.843,18.73997709,3.819691578,0.131,0.124,633.0,709.0
C1CCC(CCC(CCCC2CCCC2)CCC2CCCCC2)CC1,1-cyclohexyl-3-(2-cyclohexylethyl)-6-cyclopentylhexane,0.886,0.852,63.54401806,7.159624413,0.134,0.127,673.0,750.0
CCCCCCCCCCCCCCCCC1CCc2ccccc21,"1-hexadecyl-2,3-dihydro-1H-indene",0.879,0.845,14.57337884,3.455621302,0.144,0.136,684.0,751.0
CCCCCCCCCCCCCCC=Cc1c(C)cc(C)cc1C,"1-(1-hexadecenyl)-2,4,6-trimethylbenzene",0.992,0.955,5.141129032,1.67539267,0.127,0.12,709.0,775.0
CCCCCCCCCCCCCCCCCCCc1ccccc1,nonadecylbenzene,0.843,0.808,9.869513642,2.673267327,0.156,0.147,661.0,737.0
CCCCCCCCCCCCCCCCc1cc(C)cc(C)c1C,"1-hexadecyl-3,5,6-trimethylbenzene",1.0,0.96,6.8,2.083333333,0.119,0.112,728.0,794.0
CCCC(CCC)CCCCCCCCC(CCC)c1ccccc1,4-phenyl-13-propylhexadecane,1.004,0.962,11.95219124,3.638253638,0.156,0.147,732.0,800.0
CCCCCCCCCCCCCCCC1CCCC2CCCCC12,decahydro-1-pentadecylnaphthalene,0.856,0.817,19.56775701,4.075887393,0.143,0.135,735.0,807.0
CCCCCCCCC(CCCC1CCCC1)CCCC1CCCC1,1-cyclopentyl-4-(3-cyclopentyl-propyl)-dodecane,0.845,0.806,15.49112426,3.449131514,0.137,0.133,733.0,805.0
CCCCCCCCCCCCC(C1CCCCC1)C1CCCCC1,"1,1-dicyclohexyltridecane",0.966,0.929,17.59834369,6.027987083,0.135,0.128,688.0,767.0
CCCCCCCCCCCCCCCCC1CC(C)C(C)CC1C,"1-hexadecyl-2,4,5-trimethylcyclohexane",0.963,0.926,6.749740395,2.159827214,0.13,0.122,744.0,819.0
CCCC(CCC)CCCCCCCCC(CCC)C1CCCCC1,4-cyclohexyl-13-propylhexadecane,0.982,0.94,23.42158859,6.382978723,0.138,0.13,758.0,832.0
CCCCCCCCC(CCCCCCCC)CCCC1CCCC1,1-cyclopentyl-4-octyldodecane,0.816,0.777,10.73529412,2.831402831,0.146,0.137,760.0,833.0
CCCCCCCC=C(CCCCCCCC)CCCCCCCC,9-octyl-8-heptadecene,0.797,0.762,7.365119197,2.204724409,0.145,0.136,775.0,845.0
CCCCCCCCCCC(CCCCC)CCCCCCCCC,10-pentyleicosane,0.789,0.758,11.02661597,3.693931398,0.148,0.139,784.0,857.0
CCCCCCC(CCCCCC)(CCCCCC)CCCCCC,"7,7-dihexyltridecane",0.973,0.934,27.74922919,7.066381156,0.138,0.13,807.0,877.0
CCCCC(=O)OCC(COC(=O)CCCC)(COC(=O)CCCC)COC(=O)CCCC,pentaerythritol tetrapentanoate,1.003,0.956,16.8,3.54,0.195,0.185,857.0,933.0
CCCCCCCCCCCCC=C(c1ccccc1)c1ccccc1,"1,1-diphenyl-1-tetradecene",0.915,0.879,18.19672131,3.447098976,0.167,0.159,653.0,719.0
CCCCCCCCCCCCCC(c1ccccc1)c1ccccc1,"1,1-diphenyltetradecane",0.905,0.865,16.96132597,3.61849711,0.18,0.17,719.0,782.0
CCCCCCCCCCCCCCCC(CCCC)c1ccccc1,5-phenyleicosane,0.839,0.805,14.20738975,3.229813665,0.16,0.154,759.0,830.0
CCCCCCCCCCCCCCCCCC(CC)c1ccccc1,3-phenyleicosane,0.84,0.806,12.71428571,3.114143921,0.17,0.156,767.0,837.0
CCCCCCCCCCCCCC(C1CCCCC1)C1CCCCC1,"1,1-dicyclohexyltetradecane",0.859,0.826,34.69150175,5.04842615,0.141,0.134,763.0,840.0
CCCCCCCC1CCC(C2CCC(CCCCCCC)CC2)CC1,"bicyclohexyl, 4,4'-diheptyl-",0.865,0.831,34.95,4.95,0.128,0.121,705.0,788.0
CCCCCCCCCCCCCCCCC1CCCC1C1CCCC1,1-cyclopentyl-2-hexadecylcyclopentane,0.848,0.813,14.39858491,3.665436654,0.143,0.135,765.0,840.0
CCCCCCCCCCCCCCCCC1CCCC2(CCCC2)C1,7-hexadecylspiro[4.5]decane,0.85,0.812,17.23529412,4.125615764,0.131,0.124,830.0,895.0
CCCCC(CC)CC1CCC(CC(CC)CCCC)C2CCCCC12,"1,4-bis(2-ethylhexyl)decahydronaphthalene",0.865,0.831,10.40462428,3.48977136,0.119,0.113,742.0,822.0
CCCCCCCCCOC(=O)c1ccccc1C(=O)OCCCCCCCCC,"dinonyl 1,2-benzenedicarboxylate",0.957,0.92,42.84221526,11.95652174,0.182,0.173,812.0,879.0
CC(=O)O.CCCCCCC(O)CCCCCCCCCCC(=O)Oc1ccccc1,"octadecanoic acid, 12-hydroxy-, phenyl ester, acetate",1.18,1.134,22.54237288,4.761904762,0.198,0.187,814.0,882.0
CC(C)CCCCCCOC(=O)c1ccccc1C(=O)OCCCCCCC(C)C,"1,2-benzenedicarboxylic acid, diisononyl ester",0.96,0.923,26.17,4.13,0.151,0.144,695.0,781.0
CCCCCCCCCCCCC1CCC(CCCCCCCC)CC1,1-dodecyl-4-octylcyclohexane,0.818,0.784,9.290953545,3.443877551,0.146,0.137,787.0,862.0
CCCCC(=CCCCCCCC=C(CCCC)CCCC)CCCC,"5,14-dibutyl-5,13-octadecadiene",0.811,0.78,5.302096178,2.179487179,0.133,0.126,745.0,823.0
CCCCCCCCCCCCCCCC(C1CCCC1)C1CCCC1,"1,1-dicyclopentylhexadecane",1.001,0.96,14.44555445,3.145833333,0.172,0.16,757.0,834.0
CCCCCCCCCCCCCC(CCCCCC)CCCCCC,7-hexyleicosane,0.793,0.758,10.36569987,2.757255937,0.135,0.127,737.0,824.0
CCCCCC(CCCCC)CCCCC(CCCCC)CCCCC,"6,11-dipentylhexadecane",0.794,0.756,11.52392947,2.658730159,0.14,0.131,799.0,879.0
CCCCCCCCCCC(CCCCCCCCCC)C(CC)CC,11-(1-ethylpropyl)heneicosane,0.798,0.765,10.18796992,2.588235294,0.138,0.13,772.0,855.0
CCCCCCCCCC(CCC)C(CCC)CCCCCCCCC,"10,11-dipropyleicosane",0.806,0.774,9.181141439,3.100775194,0.13,0.123,743.0,830.0
CCCCCCCCCCCCC(C)(CC)CCCCCCCCCC,11-ethyl-11-methyltricosane,0.915,0.88,26.2295082,6.818181818,0.13,0.123,782.0,863.0
C1CCC(CCCC(CCCC2CCCCC2)CCC2CCCCC2)CC1,"1,7-dicyclohexyl-4-(2-cyclohexylethyl)heptane",0.901,0.868,29.96670366,9.562211982,0.131,0.124,689.0,779.0
CCCCCCCCCCCCCCCCCCCCCc1ccccc1,"benzene, heneicosyl-",0.84,0.806,13.80952381,3.387096774,0.17,0.162,784.0,857.0
CCCCCCCCCCC(CCCCCCCC)CCCCCCCC,9-octylnonadecane,0.8,0.769,6.625,2.080624187,0.14,0.133,785.0,872.0
C(CCc1ccccc1)=C(CCCc1ccccc1)CCCc1ccccc1,"1,7-diphenyl-4-(3-phenylpropyl)-3-heptene",0.98,0.945,24.44897959,4.031746032,0.185,0.176,677.0,740.0
CCCCCCCCCCCCCCC=C(c1ccccc1)c1ccccc1,"1,1-diphenyl-1-hexadecene",0.909,0.876,21.02310231,4.246575342,0.174,0.165,731.0,800.0
CCCCCCCCCCCCCCCCCCC1CCc2ccccc2C1,"2-octyl-1,2,3,4-tetradecylnaphthalene",0.874,0.837,33.98169336,6.523297491,0.15,0.143,776.0,854.0
CCCCCCCCCCCCCCCCCCc1ccc2c(c1)CCCC2,"6-octadecyl-1,2,3,4-tetrahydronaphthalene",0.874,0.843,27.00228833,5.824436536,0.14,0.134,797.0,870.0
CCCCCCCCCCC(CCCCCCCCCC)Cc1ccccc1,11-benzylhenicosane,0.847,0.813,10.54,2.84,0.162,0.152,775.0,857.0
CCCCCCCCCCCCCCCCCCC1CCCC1C1CCCC1,1-cyclopentyl-2-octadecylcyclopentane,0.858,0.826,8.041958042,2.905569007,0.136,0.129,760.0,850.0
CC(C)CCCCCCCOC(=O)c1ccccc1C(=O)OCCCCCCCC(C)C,diisodecyl phthalate,0.952,0.91,39.89495798,5.549450549,0.163,0.155,789.0,888.0
CCCCCCC=CCC(CCCCCCCCC)CCCCCCCCC,10-nonyl-7-nonadecene,0.967,0.931,13.44364012,4.081632653,0.159,0.151,853.0,934.0
CC(CC=C(CCC(C)CC(C)(C)C)CCC(C)CC(C)(C)C)CC(C)(C)C,"2,2,4,10,12,12-hexamethyl-7-(3,5,5-trimethylhexyl)-6-tridecene",0.796,0.759,17.46231156,3.412384717,0.062,0.059,778.0,878.0
CCCCCCCCCCC(CCCCCCCC)CCCCCCCCC,10-octyleicosane,0.796,0.766,16.33165829,4.960835509,0.149,0.141,861.0,944.0
CCCCCCCCCCC(CCC)C(CCC)CCCCCCCCCC,"11,12-dipropyldocosane",0.809,0.778,9.147095179,2.827763496,0.139,0.132,844.0,931.0
CCCCCCCCCCCCCCCCCC(=O)OCCCCCCCCCC,octadecanoic acid decyl ester,0.863,0.832,12.95,3.76,0.16,0.154,826.0,917.0
CCCCCCCCCCCCOC(=O)CCC(=O)OCCCCCCCCCCCC,"butanedioic acid, didodecyl ester",1.017,0.982,42.28121927,12.21995927,0.18,0.168,839.0,931.0
CCCCCCCCC(CCCCCC)(CCCCCCC)CCCCCCC,"7,7-diheptylpentadecane",0.805,0.775,48.44720497,11.48387097,0.131,0.124,856.0,946.0
CCCCCCCCCC=C(CCCCCCCCCC)c1cc(C)ccc1C,"1,4-dimethyl-5-(1-decyl-1-undecenyl)benzene",0.849,0.815,5.418138987,2.208588957,0.13,0.122,776.0,861.0
CCCCCCCCCCC(CCCCCCCCCC)c1cc(C)ccc1C,"11-(2,5-dimethylphenyl)henicosane",0.846,0.812,24.20803783,4.261083744,0.127,0.12,793.0,879.0
CCCCCCCCCCC(CCCCCCCCC)CCCCCCCCC,10-nonyleicosane,0.798,0.768,18.79699248,5.46875,0.149,0.142,886.0,973.0
CCCCCCCCCCCCCCCCC=C(c1ccccc1)c1ccccc1,"1,1-diphenyl-1-octadecene",0.909,0.878,22.2,4.78,0.177,0.169,794.0,869.0
CCCCCCCCCCCCCCC=C(Cc1ccccc1)Cc1ccccc1,1-phenyl-2-benzyl-2-heptadecene,0.913,0.88,28.18181818,4.840909091,0.176,0.167,786.0,862.0
CCCCC(CCCCCCCCC(CCCC)c1ccccc1)c1ccccc1,"5,14-diphenyloctadecane",0.897,0.864,32.35,4.84,0.17,0.162,796.0,876.0
CCCCCCCCCCCCCCC=C(CCCC)c1cccc2ccccc12,1-(1-butyl-1-hexadecenyl)naphthalene,0.902,0.874,49.88913525,12.58581236,0.237,0.226,839.0,910.0
CCCCCCCCCCCCCCCCCCCCCCCCc1ccccc1,"benzene, tetracosyl-",0.901,0.865,7.658157603,2.774566474,0.156,0.147,773.0,868.0
CCCCCCCCCCCCCCCC(CC1CCCCC1)CC1CCCCC1,1-cyclohexyl-2-(cyclohexylmethyl)heptadecane,0.866,0.835,33.48729792,10.05988024,0.135,0.128,799.0,899.0
CC(C)CCCC(C)CCCC(C)CCCCC(C)CCCC(C)CCCC(C)C,Squalane,0.796,0.756,18.91959799,4.126984127,0.123,0.115,903.0,918.0
CCCCCCCCCCCCCCCCCCCCCCCCCCCC(=O)OCC,ethyl octacosanoate,0.942,0.911,21.23142251,6.147091109,0.16,0.152,866.0,964.0
CCCCCCCCCCOC(=O)CCCCCCCCC(=O)OCCCCCCCCCC,didecyl sebacate,0.896,0.849,47.99107143,17.66784452,0.174,0.166,897.0,1020.0
CCCCCCCCCC=C(CCCCCCCCCC)c1cccc2ccccc12,11-(1-naphthyl)-10-henicosene,0.893,0.864,33.50503919,5.173611111,0.22,0.206,767.0,857.0
CCCCCCCCCCCCCCCCCCCCCCCCCc1ccccc1,"benzene, pentacosyl-",0.895,0.86,8.268156425,3.023255814,0.155,0.147,795.0,894.0
CCCCCCCCCC=C(CCCCCCCCCC)CCCCCCCCCC,11-decyl-10-heneicosene,0.948,0.916,8.122362869,2.947598253,0.146,0.139,909.0,1002.0
CC(C)CC(C)(c1ccc(C(C)(C)C)cc1)C(C)(CC(C)C)c1ccc(C(C)(C)C)cc1,"2,4,5,7-tetramethyl-4,5-bis-(4-tert-butylphenyl)octane",1.053,1.013,44.63437797,10.85883514,0.054,0.051,850.0,944.0
CCCCCCCCCCCCCCCCCCCCCCCCCCc1ccccc1,"hexacosane, 1-phenyl-",,,,,0.155,0.147,815.0,919.0
CCCCCCCCCCCCCCCCC(CCCC)CC1CCC2CCCCC2C1,2-(2-butyloctadecyl)decahydronaphthalene,0.854,0.825,25.76112412,7.393939394,0.126,0.12,833.0,942.0
CCCCCCCCCCCCOC(=O)c1ccccc1C(=O)OCCCCCCCCCCCC,didodecyl phthalate,,,,,0.164,0.156,833.0,940.0
CCCCCCCCCCCCCCCCCCCCCCCCCCCc1ccccc1,"benzene, heptacosyl-",,,,,0.155,0.147,837.0,944.0
CCCCCCCCCCCCCCCCCC(CCCC)C1CCC2(CCCCC2)CC1,3-(1-butyloctadecyl)spiro[5.5]undecane,0.86,0.83,39.53488372,13.25301205,0.119,0.113,857.0,969.0
CCCCCCCCCCCCOC(=O)CCCCCCCCC(=O)OCCCCCCCCCCCC,di-n-dodecyl sebacate,0.865,0.837,,26.28434886,0.171,0.163,975.0,1130.0
CCCCCCCCCCCCCCCCCCCCCCCCCCCCCc1ccccc1,nonacosylbenzene,,,,,0.154,0.147,880.0,995.0
CCCCCCCCCCC(CCCCCCC)(CCCCCCCC)CCCCCCCCC,10-heptyl-10-octyleicosane,0.811,0.783,27.4352651,5.300127714,0.129,0.123,989.0,1103.0
CCCCCCCCCCCCCCCCCCCCCCCCCCCCCCCCCC(=O)OCC,ethyl tetratriacontanoate,,,,,0.154,0.148,974.0,1100.0
