SMILES,prop,arch,fold,pred
CCCCCOCCOCCOC,density,XGBoost,0,0.892961323261261
COCCOC(=O)OC1CCCC1,density,XGBoost,0,1.1272294521331787
CCCOC(=O)OCCOCCOCC,density,XGBoost,0,1.0987733602523804
CCCCOC(=O)OCCOCCOC,density,XGBoost,0,1.0899561643600464
CCCOC(CC)COCCOCCOC,density,XGBoost,0,1.0107547044754028
CCCCOCCOCCOC(C)COCC,density,XGBoost,0,1.0248106718063354
CCCOCCOCCOC(=O)OCCC,density,XGBoost,0,1.0843884944915771
CCCCOC(=O)OCCOCCOCC,density,XGBoost,0,1.0939427614212036
CCCCOCCOCCOC(=O)OCC,density,XGBoost,0,1.068942666053772
CCCOC(=O)OCCOCCOCCOC,density,XGBoost,0,1.1172608137130737
CCOC(=O)OCCCCOCCOCCOC,density,XGBoost,0,1.1130448579788208
CCCOC(=O)OCCOCCOCCOCC,density,XGBoost,0,1.1116728782653809
CC(=O)OCCOCCOCCOC(C)=O,density,XGBoost,0,1.3675638437271118
CCCOC(=O)OCCCCOC1COCC1OCCC,density,XGBoost,0,1.1274712085723877
CCCCOC(=O)OCCCCOC1COCC1OCC,density,XGBoost,0,1.139481544494629
CCCOC(=O)OCCOCCOCC1CC(OCC)CO1,density,XGBoost,0,1.2101446390151978
CCCCOC(=O)COCCCOC(=O)CC1CCCO1,density,XGBoost,0,1.2148809432983398
CCCOC(COCC)(COC(=O)OCC)COC1CCOC1,density,XGBoost,0,1.168431282043457
CCCOC(=O)OC(COCC)(COCC)COC1CCOC1,density,XGBoost,0,1.1753803491592407
CCCCOC(COC)(COC(=O)OCC)COC1CCOC1,density,XGBoost,0,1.1776506900787354
CC(C)OCC(COCC1CCCO1)OC(=O)OC(C)C,density,XGBoost,0,1.1181424856185913
CCCOC(COC(=O)OC)C(COC1CCOC1)OCCC,density,XGBoost,0,1.1667287349700928
CCOC(=O)OCC(COCC(C)C)OCC1CCCO1,density,XGBoost,0,1.096311330795288
CCOCC(OCC)C(COC(COC)C1CCCO1)OCC1CCCO1,density,XGBoost,0,1.1560063362121582
CCOCC(COC1CCOC1)(COC1CCOC1)OC(=O)OC1CCOC1,density,XGBoost,0,1.2502930164337158
CCCC(=O)OC(COC(=O)COC)COC(C)COCC,density,XGBoost,0,1.172958254814148
CCCC(=O)OCC(OC(=O)CCC)C(=O)COC(C)C,density,XGBoost,0,1.085856556892395
CCCC(=O)OCC(COC(=O)CCC)OC(=O)CCC,density,XGBoost,0,1.0182316303253174
CCCCCOCCOCCOC,density,XGBoost,1,0.8957290649414062
COCCOC(=O)OC1CCCC1,density,XGBoost,1,1.1338895559310913
CCCOC(=O)OCCOCCOCC,density,XGBoost,1,1.0897800922393799
CCCCOC(=O)OCCOCCOC,density,XGBoost,1,1.0909932851791382
CCCOC(CC)COCCOCCOC,density,XGBoost,1,1.0031540393829346
CCCCOCCOCCOC(C)COCC,density,XGBoost,1,1.0114296674728394
CCCOCCOCCOC(=O)OCCC,density,XGBoost,1,1.0844975709915161
CCCCOC(=O)OCCOCCOCC,density,XGBoost,1,1.0781289339065552
CCCCOCCOCCOC(=O)OCC,density,XGBoost,1,1.072899580001831
CCCOC(=O)OCCOCCOCCOC,density,XGBoost,1,1.1737793684005737
CCOC(=O)OCCCCOCCOCCOC,density,XGBoost,1,1.1414680480957031
CCCOC(=O)OCCOCCOCCOCC,density,XGBoost,1,1.1464463472366333
CC(=O)OCCOCCOCCOC(C)=O,density,XGBoost,1,1.364526629447937
CCCOC(=O)OCCCCOC1COCC1OCCC,density,XGBoost,1,1.1626099348068237
CCCCOC(=O)OCCCCOC1COCC1OCC,density,XGBoost,1,1.1648122072219849
CCCOC(=O)OCCOCCOCC1CC(OCC)CO1,density,XGBoost,1,1.2118051052093506
CCCCOC(=O)COCCCOC(=O)CC1CCCO1,density,XGBoost,1,1.2096282243728638
CCCOC(COCC)(COC(=O)OCC)COC1CCOC1,density,XGBoost,1,1.2084169387817383
CCCOC(=O)OC(COCC)(COCC)COC1CCOC1,density,XGBoost,1,1.2124583721160889
CCCCOC(COC)(COC(=O)OCC)COC1CCOC1,density,XGBoost,1,1.2133809328079224
CC(C)OCC(COCC1CCCO1)OC(=O)OC(C)C,density,XGBoost,1,1.151508092880249
CCCOC(COC(=O)OC)C(COC1CCOC1)OCCC,density,XGBoost,1,1.220492959022522
CCOC(=O)OCC(COCC(C)C)OCC1CCCO1,density,XGBoost,1,1.1613329648971558
CCOCC(OCC)C(COC(COC)C1CCCO1)OCC1CCCO1,density,XGBoost,1,1.1674739122390747
CCOCC(COC1CCOC1)(COC1CCOC1)OC(=O)OC1CCOC1,density,XGBoost,1,1.2862780094146729
CCCC(=O)OC(COC(=O)COC)COC(C)COCC,density,XGBoost,1,1.202508568763733
CCCC(=O)OCC(OC(=O)CCC)C(=O)COC(C)C,density,XGBoost,1,1.1301870346069336
CCCC(=O)OCC(COC(=O)CCC)OC(=O)CCC,density,XGBoost,1,1.148765206336975
CCCCCOCCOCCOC,density,XGBoost,2,0.8777992129325867
COCCOC(=O)OC1CCCC1,density,XGBoost,2,1.1435942649841309
CCCOC(=O)OCCOCCOCC,density,XGBoost,2,1.0902483463287354
CCCCOC(=O)OCCOCCOC,density,XGBoost,2,1.0955924987792969
CCCOC(CC)COCCOCCOC,density,XGBoost,2,1.0245283842086792
CCCCOCCOCCOC(C)COCC,density,XGBoost,2,1.0171600580215454
CCCOCCOCCOC(=O)OCCC,density,XGBoost,2,1.069977879524231
CCCCOC(=O)OCCOCCOCC,density,XGBoost,2,1.0693576335906982
CCCCOCCOCCOC(=O)OCC,density,XGBoost,2,1.0693281888961792
CCCOC(=O)OCCOCCOCCOC,density,XGBoost,2,1.1174774169921875
CCOC(=O)OCCCCOCCOCCOC,density,XGBoost,2,1.0920753479003906
CCCOC(=O)OCCOCCOCCOCC,density,XGBoost,2,1.0606732368469238
CC(=O)OCCOCCOCCOC(C)=O,density,XGBoost,2,1.342414140701294
CCCOC(=O)OCCCCOC1COCC1OCCC,density,XGBoost,2,1.094053864479065
CCCCOC(=O)OCCCCOC1COCC1OCC,density,XGBoost,2,1.0840297937393188
CCCOC(=O)OCCOCCOCC1CC(OCC)CO1,density,XGBoost,2,1.1499457359313965
CCCCOC(=O)COCCCOC(=O)CC1CCCO1,density,XGBoost,2,1.1276814937591553
CCCOC(COCC)(COC(=O)OCC)COC1CCOC1,density,XGBoost,2,1.1678016185760498
CCCOC(=O)OC(COCC)(COCC)COC1CCOC1,density,XGBoost,2,1.1678016185760498
CCCCOC(COC)(COC(=O)OCC)COC1CCOC1,density,XGBoost,2,1.1651670932769775
CC(C)OCC(COCC1CCCO1)OC(=O)OC(C)C,density,XGBoost,2,1.1167885065078735
CCCOC(COC(=O)OC)C(COC1CCOC1)OCCC,density,XGBoost,2,1.141912817955017
CCOC(=O)OCC(COCC(C)C)OCC1CCCO1,density,XGBoost,2,1.1099669933319092
CCOCC(OCC)C(COC(COC)C1CCCO1)OCC1CCCO1,density,XGBoost,2,1.0960440635681152
CCOCC(COC1CCOC1)(COC1CCOC1)OC(=O)OC1CCOC1,density,XGBoost,2,1.2828879356384277
CCCC(=O)OC(COC(=O)COC)COC(C)COCC,density,XGBoost,2,1.1251616477966309
CCCC(=O)OCC(OC(=O)CCC)C(=O)COC(C)C,density,XGBoost,2,1.047588586807251
CCCC(=O)OCC(COC(=O)CCC)OC(=O)CCC,density,XGBoost,2,1.032845377922058
CCCCCOCCOCCOC,density,XGBoost,3,0.888708770275116
COCCOC(=O)OC1CCCC1,density,XGBoost,3,1.1014879941940308
CCCOC(=O)OCCOCCOCC,density,XGBoost,3,1.0699633359909058
CCCCOC(=O)OCCOCCOC,density,XGBoost,3,1.0742788314819336
CCCOC(CC)COCCOCCOC,density,XGBoost,3,0.9844747185707092
CCCCOCCOCCOC(C)COCC,density,XGBoost,3,0.9880552291870117
CCCOCCOCCOC(=O)OCCC,density,XGBoost,3,1.0625509023666382
CCCCOC(=O)OCCOCCOCC,density,XGBoost,3,1.0709855556488037
CCCCOCCOCCOC(=O)OCC,density,XGBoost,3,1.0705838203430176
CCCOC(=O)OCCOCCOCCOC,density,XGBoost,3,1.1303683519363403
CCOC(=O)OCCCCOCCOCCOC,density,XGBoost,3,1.1026731729507446
CCCOC(=O)OCCOCCOCCOCC,density,XGBoost,3,1.0960516929626465
CC(=O)OCCOCCOCCOC(C)=O,density,XGBoost,3,1.2274558544158936
CCCOC(=O)OCCCCOC1COCC1OCCC,density,XGBoost,3,1.0677549839019775
CCCCOC(=O)OCCCCOC1COCC1OCC,density,XGBoost,3,1.0656133890151978
CCCOC(=O)OCCOCCOCC1CC(OCC)CO1,density,XGBoost,3,1.146559715270996
CCCCOC(=O)COCCCOC(=O)CC1CCCO1,density,XGBoost,3,1.1422635316848755
CCCOC(COCC)(COC(=O)OCC)COC1CCOC1,density,XGBoost,3,1.1379154920578003
CCCOC(=O)OC(COCC)(COCC)COC1CCOC1,density,XGBoost,3,1.1291850805282593
CCCCOC(COC)(COC(=O)OCC)COC1CCOC1,density,XGBoost,3,1.1396223306655884
CC(C)OCC(COCC1CCCO1)OC(=O)OC(C)C,density,XGBoost,3,1.07490074634552
CCCOC(COC(=O)OC)C(COC1CCOC1)OCCC,density,XGBoost,3,1.130913257598877
CCOC(=O)OCC(COCC(C)C)OCC1CCCO1,density,XGBoost,3,1.0793168544769287
CCOCC(OCC)C(COC(COC)C1CCCO1)OCC1CCCO1,density,XGBoost,3,1.1149076223373413
CCOCC(COC1CCOC1)(COC1CCOC1)OC(=O)OC1CCOC1,density,XGBoost,3,1.2564420700073242
CCCC(=O)OC(COC(=O)COC)COC(C)COCC,density,XGBoost,3,1.126178503036499
CCCC(=O)OCC(OC(=O)CCC)C(=O)COC(C)C,density,XGBoost,3,1.046911358833313
CCCC(=O)OCC(COC(=O)CCC)OC(=O)CCC,density,XGBoost,3,1.0169707536697388
CCCCCOCCOCCOC,density,XGBoost,4,0.9054727554321289
COCCOC(=O)OC1CCCC1,density,XGBoost,4,1.1204787492752075
CCCOC(=O)OCCOCCOCC,density,XGBoost,4,1.0500597953796387
CCCCOC(=O)OCCOCCOC,density,XGBoost,4,1.0575697422027588
CCCOC(CC)COCCOCCOC,density,XGBoost,4,0.9843035340309143
CCCCOCCOCCOC(C)COCC,density,XGBoost,4,1.0046424865722656
CCCOCCOCCOC(=O)OCCC,density,XGBoost,4,1.0611895322799683
CCCCOC(=O)OCCOCCOCC,density,XGBoost,4,1.0642906427383423
CCCCOCCOCCOC(=O)OCC,density,XGBoost,4,1.0592573881149292
CCCOC(=O)OCCOCCOCCOC,density,XGBoost,4,1.1483254432678223
CCOC(=O)OCCCCOCCOCCOC,density,XGBoost,4,1.107001781463623
CCCOC(=O)OCCOCCOCCOCC,density,XGBoost,4,1.1108773946762085
CC(=O)OCCOCCOCCOC(C)=O,density,XGBoost,4,1.3303749561309814
CCCOC(=O)OCCCCOC1COCC1OCCC,density,XGBoost,4,1.1380194425582886
CCCCOC(=O)OCCCCOC1COCC1OCC,density,XGBoost,4,1.138101577758789
CCCOC(=O)OCCOCCOCC1CC(OCC)CO1,density,XGBoost,4,1.1929479837417603
CCCCOC(=O)COCCCOC(=O)CC1CCCO1,density,XGBoost,4,1.2037575244903564
CCCOC(COCC)(COC(=O)OCC)COC1CCOC1,density,XGBoost,4,1.183200478553772
CCCOC(=O)OC(COCC)(COCC)COC1CCOC1,density,XGBoost,4,1.1837613582611084
CCCCOC(COC)(COC(=O)OCC)COC1CCOC1,density,XGBoost,4,1.1879280805587769
CC(C)OCC(COCC1CCCO1)OC(=O)OC(C)C,density,XGBoost,4,1.1371266841888428
CCCOC(COC(=O)OC)C(COC1CCOC1)OCCC,density,XGBoost,4,1.1819833517074585
CCOC(=O)OCC(COCC(C)C)OCC1CCCO1,density,XGBoost,4,1.14237380027771
CCOCC(OCC)C(COC(COC)C1CCCO1)OCC1CCCO1,density,XGBoost,4,1.1800076961517334
CCOCC(COC1CCOC1)(COC1CCOC1)OC(=O)OC1CCOC1,density,XGBoost,4,1.234116554260254
CCCC(=O)OC(COC(=O)COC)COC(C)COCC,density,XGBoost,4,1.16424560546875
CCCC(=O)OCC(OC(=O)CCC)C(=O)COC(C)C,density,XGBoost,4,1.0930769443511963
CCCC(=O)OCC(COC(=O)CCC)OC(=O)CCC,density,XGBoost,4,1.0391161441802979
CCCCCOCCOCCOC,density,MLP,0,0.9187306690691569
COCCOC(=O)OC1CCCC1,density,MLP,0,1.1365404053688986
CCCOC(=O)OCCOCCOCC,density,MLP,0,1.1480109131963196
CCCCOC(=O)OCCOCCOC,density,MLP,0,1.134109158909117
CCCOC(CC)COCCOCCOC,density,MLP,0,1.0228877288358444
CCCCOCCOCCOC(C)COCC,density,MLP,0,1.0427893104190564
CCCOCCOCCOC(=O)OCCC,density,MLP,0,1.1317466013922055
CCCCOC(=O)OCCOCCOCC,density,MLP,0,1.1336726935114598
CCCCOCCOCCOC(=O)OCC,density,MLP,0,1.1402505955802091
CCCOC(=O)OCCOCCOCCOC,density,MLP,0,1.1892793363323508
CCOC(=O)OCCCCOCCOCCOC,density,MLP,0,1.2243665824377037
CCCOC(=O)OCCOCCOCCOCC,density,MLP,0,1.188043869636863
CC(=O)OCCOCCOCCOC(C)=O,density,MLP,0,1.320355001383445
CCCOC(=O)OCCCCOC1COCC1OCCC,density,MLP,0,1.2336906095912774
CCCCOC(=O)OCCCCOC1COCC1OCC,density,MLP,0,1.2415141135222254
CCCOC(=O)OCCOCCOCC1CC(OCC)CO1,density,MLP,0,1.2988432792645686
CCCCOC(=O)COCCCOC(=O)CC1CCCO1,density,MLP,0,1.278373149800539
CCCOC(COCC)(COC(=O)OCC)COC1CCOC1,density,MLP,0,1.2493464959053275
CCCOC(=O)OC(COCC)(COCC)COC1CCOC1,density,MLP,0,1.2440429404009616
CCCCOC(COC)(COC(=O)OCC)COC1CCOC1,density,MLP,0,1.2395599750643802
CC(C)OCC(COCC1CCCO1)OC(=O)OC(C)C,density,MLP,0,1.1793153744653622
CCCOC(COC(=O)OC)C(COC1CCOC1)OCCC,density,MLP,0,1.2392913452197343
CCOC(=O)OCC(COCC(C)C)OCC1CCCO1,density,MLP,0,1.1902701536126363
CCOCC(OCC)C(COC(COC)C1CCCO1)OCC1CCCO1,density,MLP,0,1.290951707087143
CCOCC(COC1CCOC1)(COC1CCOC1)OC(=O)OC1CCOC1,density,MLP,0,1.5452008391994414
CCCC(=O)OC(COC(=O)COC)COC(C)COCC,density,MLP,0,1.1770226186909372
CCCC(=O)OCC(OC(=O)CCC)C(=O)COC(C)C,density,MLP,0,1.1197120128651952
CCCC(=O)OCC(COC(=O)CCC)OC(=O)CCC,density,MLP,0,1.071062523762928
CCCCCOCCOCCOC,density,MLP,1,0.9044479870702214
COCCOC(=O)OC1CCCC1,density,MLP,1,1.1367034191377838
CCCOC(=O)OCCOCCOCC,density,MLP,1,1.1071044190741743
CCCCOC(=O)OCCOCCOC,density,MLP,1,1.1136196487737928
CCCOC(CC)COCCOCCOC,density,MLP,1,1.0022567852216937
CCCCOCCOCCOC(C)COCC,density,MLP,1,1.0035959537964267
CCCOCCOCCOC(=O)OCCC,density,MLP,1,1.0831673489273381
CCCCOC(=O)OCCOCCOCC,density,MLP,1,1.0855902183519255
CCCCOCCOCCOC(=O)OCC,density,MLP,1,1.0870032948856754
CCCOC(=O)OCCOCCOCCOC,density,MLP,1,1.1668820914315323
CCOC(=O)OCCCCOCCOCCOC,density,MLP,1,1.1483023385882043
CCCOC(=O)OCCOCCOCCOCC,density,MLP,1,1.1373908492603457
CC(=O)OCCOCCOCCOC(C)=O,density,MLP,1,1.2829531831933043
CCCOC(=O)OCCCCOC1COCC1OCCC,density,MLP,1,1.2066900805007998
CCCCOC(=O)OCCCCOC1COCC1OCC,density,MLP,1,1.2112142367489664
CCCOC(=O)OCCOCCOCC1CC(OCC)CO1,density,MLP,1,1.2956109149319057
CCCCOC(=O)COCCCOC(=O)CC1CCCO1,density,MLP,1,1.2981288245868308
CCCOC(COCC)(COC(=O)OCC)COC1CCOC1,density,MLP,1,1.2372217943888986
CCCOC(=O)OC(COCC)(COCC)COC1CCOC1,density,MLP,1,1.2323516048349032
CCCCOC(COC)(COC(=O)OCC)COC1CCOC1,density,MLP,1,1.239789228949074
CC(C)OCC(COCC1CCCO1)OC(=O)OC(C)C,density,MLP,1,1.218410058634372
CCCOC(COC(=O)OC)C(COC1CCOC1)OCCC,density,MLP,1,1.2432682810377294
CCOC(=O)OCC(COCC(C)C)OCC1CCCO1,density,MLP,1,1.2138626004233102
CCOCC(OCC)C(COC(COC)C1CCCO1)OCC1CCCO1,density,MLP,1,1.3056661513786736
CCOCC(COC1CCOC1)(COC1CCOC1)OC(=O)OC1CCOC1,density,MLP,1,1.5486946032465352
CCCC(=O)OC(COC(=O)COC)COC(C)COCC,density,MLP,1,1.1492100884444638
CCCC(=O)OCC(OC(=O)CCC)C(=O)COC(C)C,density,MLP,1,1.1137964476864228
CCCC(=O)OCC(COC(=O)CCC)OC(=O)CCC,density,MLP,1,1.0987245869873257
CCCCCOCCOCCOC,density,MLP,2,0.9119046857805919
COCCOC(=O)OC1CCCC1,density,MLP,2,1.1400548989778878
CCCOC(=O)OCCOCCOCC,density,MLP,2,1.0695867008389288
CCCCOC(=O)OCCOCCOC,density,MLP,2,1.0745562512271178
CCCOC(CC)COCCOCCOC,density,MLP,2,0.9738069201119369
CCCCOCCOCCOC(C)COCC,density,MLP,2,0.978782550668255
CCCOCCOCCOC(=O)OCCC,density,MLP,2,1.0556858329916028
CCCCOC(=O)OCCOCCOCC,density,MLP,2,1.059762915199247
CCCCOCCOCCOC(=O)OCC,density,MLP,2,1.0596644376329363
CCCOC(=O)OCCOCCOCCOC,density,MLP,2,1.1272773738099144
CCOC(=O)OCCCCOCCOCCOC,density,MLP,2,1.1196283845356911
CCCOC(=O)OCCOCCOCCOCC,density,MLP,2,1.1091838101906921
CC(=O)OCCOCCOCCOC(C)=O,density,MLP,2,1.2486907325727903
CCCOC(=O)OCCCCOC1COCC1OCCC,density,MLP,2,1.1481012954404328
CCCCOC(=O)OCCCCOC1COCC1OCC,density,MLP,2,1.1527035311410119
CCCOC(=O)OCCOCCOCC1CC(OCC)CO1,density,MLP,2,1.227909224847985
CCCCOC(=O)COCCCOC(=O)CC1CCCO1,density,MLP,2,1.1877308679815084
CCCOC(COCC)(COC(=O)OCC)COC1CCOC1,density,MLP,2,1.2045220792927516
CCCOC(=O)OC(COCC)(COCC)COC1CCOC1,density,MLP,2,1.2024252066672756
CCCCOC(COC)(COC(=O)OCC)COC1CCOC1,density,MLP,2,1.2091903725989428
CC(C)OCC(COCC1CCCO1)OC(=O)OC(C)C,density,MLP,2,1.1946327750140175
CCCOC(COC(=O)OC)C(COC1CCOC1)OCCC,density,MLP,2,1.202619246938042
CCOC(=O)OCC(COCC(C)C)OCC1CCCO1,density,MLP,2,1.1805628153424013
CCOCC(OCC)C(COC(COC)C1CCCO1)OCC1CCCO1,density,MLP,2,1.2407884554740924
CCOCC(COC1CCOC1)(COC1CCOC1)OC(=O)OC1CCOC1,density,MLP,2,1.4315928553417954
CCCC(=O)OC(COC(=O)COC)COC(C)COCC,density,MLP,2,1.1615902499979576
CCCC(=O)OCC(OC(=O)CCC)C(=O)COC(C)C,density,MLP,2,1.0683846849437497
CCCC(=O)OCC(COC(=O)CCC)OC(=O)CCC,density,MLP,2,1.0768322946894675
CCCCCOCCOCCOC,density,MLP,3,0.8764621748621947
COCCOC(=O)OC1CCCC1,density,MLP,3,1.205125125624061
CCCOC(=O)OCCOCCOCC,density,MLP,3,1.0933557015461344
CCCCOC(=O)OCCOCCOC,density,MLP,3,1.0965631022718716
CCCOC(CC)COCCOCCOC,density,MLP,3,1.022764295834033
CCCCOCCOCCOC(C)COCC,density,MLP,3,1.052802912898402
CCCOCCOCCOC(=O)OCCC,density,MLP,3,1.0763901070495303
CCCCOC(=O)OCCOCCOCC,density,MLP,3,1.0774976459430794
CCCCOCCOCCOC(=O)OCC,density,MLP,3,1.069542774647294
CCCOC(=O)OCCOCCOCCOC,density,MLP,3,1.1309689243895467
CCOC(=O)OCCCCOCCOCCOC,density,MLP,3,1.1228764401601463
CCCOC(=O)OCCOCCOCCOCC,density,MLP,3,1.1061470119326413
CC(=O)OCCOCCOCCOC(C)=O,density,MLP,3,1.251153951560358
CCCOC(=O)OCCCCOC1COCC1OCCC,density,MLP,3,1.190317326780177
CCCCOC(=O)OCCCCOC1COCC1OCC,density,MLP,3,1.1774361750171707
CCCOC(=O)OCCOCCOCC1CC(OCC)CO1,density,MLP,3,1.1990977106441711
CCCCOC(=O)COCCCOC(=O)CC1CCCO1,density,MLP,3,1.1109379953486047
CCCOC(COCC)(COC(=O)OCC)COC1CCOC1,density,MLP,3,1.1052623776314343
CCCOC(=O)OC(COCC)(COCC)COC1CCOC1,density,MLP,3,1.105232580113794
CCCCOC(COC)(COC(=O)OCC)COC1CCOC1,density,MLP,3,1.0649417656123377
CC(C)OCC(COCC1CCCO1)OC(=O)OC(C)C,density,MLP,3,1.0850159948798288
CCCOC(COC(=O)OC)C(COC1CCOC1)OCCC,density,MLP,3,1.1197816027345984
CCOC(=O)OCC(COCC(C)C)OCC1CCCO1,density,MLP,3,1.1029007540690268
CCOCC(OCC)C(COC(COC)C1CCCO1)OCC1CCCO1,density,MLP,3,1.160611732502454
CCOCC(COC1CCOC1)(COC1CCOC1)OC(=O)OC1CCOC1,density,MLP,3,1.1710203781230626
CCCC(=O)OC(COC(=O)COC)COC(C)COCC,density,MLP,3,1.0425524338544476
CCCC(=O)OCC(OC(=O)CCC)C(=O)COC(C)C,density,MLP,3,1.0355897330087844
CCCC(=O)OCC(COC(=O)CCC)OC(=O)CCC,density,MLP,3,0.9929501153993503
CCCCCOCCOCCOC,density,MLP,4,0.8830147871417655
COCCOC(=O)OC1CCCC1,density,MLP,4,1.119732827513237
CCCOC(=O)OCCOCCOCC,density,MLP,4,1.0488271041544754
CCCCOC(=O)OCCOCCOC,density,MLP,4,1.0572393301479224
CCCOC(CC)COCCOCCOC,density,MLP,4,0.9434920876795192
CCCCOCCOCCOC(C)COCC,density,MLP,4,0.9493492449071798
CCCOCCOCCOC(=O)OCCC,density,MLP,4,1.0296422765093745
CCCCOC(=O)OCCOCCOCC,density,MLP,4,1.0321786429636797
CCCCOCCOCCOC(=O)OCC,density,MLP,4,1.0297247650991106
CCCOC(=O)OCCOCCOCCOC,density,MLP,4,1.1332742248762726
CCOC(=O)OCCCCOCCOCCOC,density,MLP,4,1.1140634121523485
CCCOC(=O)OCCOCCOCCOCC,density,MLP,4,1.1088121084519436
CC(=O)OCCOCCOCCOC(C)=O,density,MLP,4,1.2890990186931457
CCCOC(=O)OCCCCOC1COCC1OCCC,density,MLP,4,1.1980484797941715
CCCCOC(=O)OCCCCOC1COCC1OCC,density,MLP,4,1.1995843777200983
CCCOC(=O)OCCOCCOCC1CC(OCC)CO1,density,MLP,4,1.3014540288313716
CCCCOC(=O)COCCCOC(=O)CC1CCCO1,density,MLP,4,1.27122122674501
CCCOC(COCC)(COC(=O)OCC)COC1CCOC1,density,MLP,4,1.2178447436296909
CCCOC(=O)OC(COCC)(COCC)COC1CCOC1,density,MLP,4,1.2103014782107837
CCCCOC(COC)(COC(=O)OCC)COC1CCOC1,density,MLP,4,1.2218070881386676
CC(C)OCC(COCC1CCCO1)OC(=O)OC(C)C,density,MLP,4,1.163626272639659
CCCOC(COC(=O)OC)C(COC1CCOC1)OCCC,density,MLP,4,1.226609864732218
CCOC(=O)OCC(COCC(C)C)OCC1CCCO1,density,MLP,4,1.1758233731856622
CCOCC(OCC)C(COC(COC)C1CCCO1)OCC1CCCO1,density,MLP,4,1.2658934491026541
CCOCC(COC1CCOC1)(COC1CCOC1)OC(=O)OC1CCOC1,density,MLP,4,1.5055235998746777
CCCC(=O)OC(COC(=O)COC)COC(C)COCC,density,MLP,4,1.13059693141009
CCCC(=O)OCC(OC(=O)CCC)C(=O)COC(C)C,density,MLP,4,1.0329066785313772
CCCC(=O)OCC(COC(=O)CCC)OC(=O)CCC,density,MLP,4,1.059628735175829
CCCCCOCCOCCOC,density,D-MPNN,0,0.9001570141877376
COCCOC(=O)OC1CCCC1,density,D-MPNN,0,1.157155928185767
CCCOC(=O)OCCOCCOCC,density,D-MPNN,0,1.0755640564412174
CCCCOC(=O)OCCOCCOC,density,D-MPNN,0,1.0551201130197458
CCCOC(CC)COCCOCCOC,density,D-MPNN,0,0.9832707358672744
CCCCOCCOCCOC(C)COCC,density,D-MPNN,0,0.9765662389290364
CCCOCCOCCOC(=O)OCCC,density,D-MPNN,0,1.0484755897319962
CCCCOC(=O)OCCOCCOCC,density,D-MPNN,0,1.0637027618167367
CCCCOCCOCCOC(=O)OCC,density,D-MPNN,0,1.0570927658139997
CCCOC(=O)OCCOCCOCCOC,density,D-MPNN,0,1.112758817799813
CCOC(=O)OCCCCOCCOCCOC,density,D-MPNN,0,1.12947714842379
CCCOC(=O)OCCOCCOCCOCC,density,D-MPNN,0,1.1189002901149183
CC(=O)OCCOCCOCCOC(C)=O,density,D-MPNN,0,1.2941617783776649
CCCOC(=O)OCCCCOC1COCC1OCCC,density,D-MPNN,0,1.1841323943500863
CCCCOC(=O)OCCCCOC1COCC1OCC,density,D-MPNN,0,1.194492558931061
CCCOC(=O)OCCOCCOCC1CC(OCC)CO1,density,D-MPNN,0,1.253280803081192
CCCCOC(=O)COCCCOC(=O)CC1CCCO1,density,D-MPNN,0,1.2475264687104746
CCCOC(COCC)(COC(=O)OCC)COC1CCOC1,density,D-MPNN,0,1.186331605810812
CCCOC(=O)OC(COCC)(COCC)COC1CCOC1,density,D-MPNN,0,1.2031302565210882
CCCCOC(COC)(COC(=O)OCC)COC1CCOC1,density,D-MPNN,0,1.1852244491398114
CC(C)OCC(COCC1CCCO1)OC(=O)OC(C)C,density,D-MPNN,0,1.1398006239585212
CCCOC(COC(=O)OC)C(COC1CCOC1)OCCC,density,D-MPNN,0,1.2350287180875266
CCOC(=O)OCC(COCC(C)C)OCC1CCCO1,density,D-MPNN,0,1.1492661695343076
CCOCC(OCC)C(COC(COC)C1CCCO1)OCC1CCCO1,density,D-MPNN,0,1.3025292558138228
CCOCC(COC1CCOC1)(COC1CCOC1)OC(=O)OC1CCOC1,density,D-MPNN,0,1.5727932234066826
CCCC(=O)OC(COC(=O)COC)COC(C)COCC,density,D-MPNN,0,1.1474478390893363
CCCC(=O)OCC(OC(=O)CCC)C(=O)COC(C)C,density,D-MPNN,0,1.079337578130218
CCCC(=O)OCC(COC(=O)CCC)OC(=O)CCC,density,D-MPNN,0,1.014620170975734
CCCCCOCCOCCOC,density,D-MPNN,1,0.9050429871340772
COCCOC(=O)OC1CCCC1,density,D-MPNN,1,1.1671916800397175
CCCOC(=O)OCCOCCOCC,density,D-MPNN,1,1.1291150821267706
CCCCOC(=O)OCCOCCOC,density,D-MPNN,1,1.0852787581995738
CCCOC(CC)COCCOCCOC,density,D-MPNN,1,1.00056888512339
CCCCOCCOCCOC(C)COCC,density,D-MPNN,1,0.989611301951669
CCCOCCOCCOC(=O)OCCC,density,D-MPNN,1,1.1071848616515774
CCCCOC(=O)OCCOCCOCC,density,D-MPNN,1,1.0858793876440642
CCCCOCCOCCOC(=O)OCC,density,D-MPNN,1,1.082295880833308
CCCOC(=O)OCCOCCOCCOC,density,D-MPNN,1,1.1565572284838708
CCOC(=O)OCCCCOCCOCCOC,density,D-MPNN,1,1.103217109532514
CCCOC(=O)OCCOCCOCCOCC,density,D-MPNN,1,1.162976279850248
CC(=O)OCCOCCOCCOC(C)=O,density,D-MPNN,1,1.3847227281756218
CCCOC(=O)OCCCCOC1COCC1OCCC,density,D-MPNN,1,1.1918029349364656
CCCCOC(=O)OCCCCOC1COCC1OCC,density,D-MPNN,1,1.1636384487605944
CCCOC(=O)OCCOCCOCC1CC(OCC)CO1,density,D-MPNN,1,1.2751649005917394
CCCCOC(=O)COCCCOC(=O)CC1CCCO1,density,D-MPNN,1,1.1707192128515074
CCCOC(COCC)(COC(=O)OCC)COC1CCOC1,density,D-MPNN,1,1.178799480053546
CCCOC(=O)OC(COCC)(COCC)COC1CCOC1,density,D-MPNN,1,1.1794666670078098
CCCCOC(COC)(COC(=O)OCC)COC1CCOC1,density,D-MPNN,1,1.1658171617798532
CC(C)OCC(COCC1CCCO1)OC(=O)OC(C)C,density,D-MPNN,1,1.0975742127043704
CCCOC(COC(=O)OC)C(COC1CCOC1)OCCC,density,D-MPNN,1,1.2593068173801203
CCOC(=O)OCC(COCC(C)C)OCC1CCCO1,density,D-MPNN,1,1.1354897466137717
CCOCC(OCC)C(COC(COC)C1CCCO1)OCC1CCCO1,density,D-MPNN,1,1.1921326660404006
CCOCC(COC1CCOC1)(COC1CCOC1)OC(=O)OC1CCOC1,density,D-MPNN,1,1.4553753267339062
CCCC(=O)OC(COC(=O)COC)COC(C)COCC,density,D-MPNN,1,1.1568433786366956
CCCC(=O)OCC(OC(=O)CCC)C(=O)COC(C)C,density,D-MPNN,1,1.1057251278822844
CCCC(=O)OCC(COC(=O)CCC)OC(=O)CCC,density,D-MPNN,1,1.040497323716074
CCCCCOCCOCCOC,density,D-MPNN,2,0.9033088797809532
COCCOC(=O)OC1CCCC1,density,D-MPNN,2,1.1226367189002429
CCCOC(=O)OCCOCCOCC,density,D-MPNN,2,1.1513132385929197
CCCCOC(=O)OCCOCCOC,density,D-MPNN,2,1.0627235369988302
CCCOC(CC)COCCOCCOC,density,D-MPNN,2,0.9893274492595678
CCCCOCCOCCOC(C)COCC,density,D-MPNN,2,0.9826578911985144
CCCOCCOCCOC(=O)OCCC,density,D-MPNN,2,1.107407527585818
CCCCOC(=O)OCCOCCOCC,density,D-MPNN,2,1.0841278487805557
CCCCOCCOCCOC(=O)OCC,density,D-MPNN,2,1.0860429610815383
CCCOC(=O)OCCOCCOCCOC,density,D-MPNN,2,1.1636086938639292
CCOC(=O)OCCCCOCCOCCOC,density,D-MPNN,2,1.1173204558245498
CCCOC(=O)OCCOCCOCCOCC,density,D-MPNN,2,1.1864286744412302
CC(=O)OCCOCCOCCOC(C)=O,density,D-MPNN,2,1.2769531042616071
CCCOC(=O)OCCCCOC1COCC1OCCC,density,D-MPNN,2,1.1654370974327342
CCCCOC(=O)OCCCCOC1COCC1OCC,density,D-MPNN,2,1.171848741562887
CCCOC(=O)OCCOCCOCC1CC(OCC)CO1,density,D-MPNN,2,1.2888540967144442
CCCCOC(=O)COCCCOC(=O)CC1CCCO1,density,D-MPNN,2,1.1534031878324522
CCCOC(COCC)(COC(=O)OCC)COC1CCOC1,density,D-MPNN,2,1.220002591515914
CCCOC(=O)OC(COCC)(COCC)COC1CCOC1,density,D-MPNN,2,1.200145687815644
CCCCOC(COC)(COC(=O)OCC)COC1CCOC1,density,D-MPNN,2,1.2078739093619668
CC(C)OCC(COCC1CCCO1)OC(=O)OC(C)C,density,D-MPNN,2,1.1007390945335678
CCCOC(COC(=O)OC)C(COC1CCOC1)OCCC,density,D-MPNN,2,1.2070607922611585
CCOC(=O)OCC(COCC(C)C)OCC1CCCO1,density,D-MPNN,2,1.1436833835881164
CCOCC(OCC)C(COC(COC)C1CCCO1)OCC1CCCO1,density,D-MPNN,2,1.180362898789273
CCOCC(COC1CCOC1)(COC1CCOC1)OC(=O)OC1CCOC1,density,D-MPNN,2,1.4130021554078902
CCCC(=O)OC(COC(=O)COC)COC(C)COCC,density,D-MPNN,2,1.115426771543588
CCCC(=O)OCC(OC(=O)CCC)C(=O)COC(C)C,density,D-MPNN,2,1.1007211698966652
CCCC(=O)OCC(COC(=O)CCC)OC(=O)CCC,density,D-MPNN,2,1.018116439630973
CCCCCOCCOCCOC,density,D-MPNN,3,0.9115459735503482
COCCOC(=O)OC1CCCC1,density,D-MPNN,3,1.1201577682952713
CCCOC(=O)OCCOCCOCC,density,D-MPNN,3,1.1447386406946949
CCCCOC(=O)OCCOCCOC,density,D-MPNN,3,1.083142469891208
CCCOC(CC)COCCOCCOC,density,D-MPNN,3,0.9981487196283658
CCCCOCCOCCOC(C)COCC,density,D-MPNN,3,0.9966661376654185
CCCOCCOCCOC(=O)OCCC,density,D-MPNN,3,1.117761844824899
CCCCOC(=O)OCCOCCOCC,density,D-MPNN,3,1.0813189334469169
CCCCOCCOCCOC(=O)OCC,density,D-MPNN,3,1.0625481807834347
CCCOC(=O)OCCOCCOCCOC,density,D-MPNN,3,1.180975854522898
CCOC(=O)OCCCCOCCOCCOC,density,D-MPNN,3,1.1421769522390772
CCCOC(=O)OCCOCCOCCOCC,density,D-MPNN,3,1.1787489642149216
CC(=O)OCCOCCOCCOC(C)=O,density,D-MPNN,3,1.2353735231335543
CCCOC(=O)OCCCCOC1COCC1OCCC,density,D-MPNN,3,1.2688718829029266
CCCCOC(=O)OCCCCOC1COCC1OCC,density,D-MPNN,3,1.2387534567419254
CCCOC(=O)OCCOCCOCC1CC(OCC)CO1,density,D-MPNN,3,1.292590154145292
CCCCOC(=O)COCCCOC(=O)CC1CCCO1,density,D-MPNN,3,1.2535313025709915
CCCOC(COCC)(COC(=O)OCC)COC1CCOC1,density,D-MPNN,3,1.1877279389177742
CCCOC(=O)OC(COCC)(COCC)COC1CCOC1,density,D-MPNN,3,1.2450403959237335
CCCCOC(COC)(COC(=O)OCC)COC1CCOC1,density,D-MPNN,3,1.1917417468851306
CC(C)OCC(COCC1CCCO1)OC(=O)OC(C)C,density,D-MPNN,3,1.1241143451604314
CCCOC(COC(=O)OC)C(COC1CCOC1)OCCC,density,D-MPNN,3,1.2752295971210763
CCOC(=O)OCC(COCC(C)C)OCC1CCCO1,density,D-MPNN,3,1.151849190920113
CCOCC(OCC)C(COC(COC)C1CCCO1)OCC1CCCO1,density,D-MPNN,3,1.287466594824169
CCOCC(COC1CCOC1)(COC1CCOC1)OC(=O)OC1CCOC1,density,D-MPNN,3,1.5887422741894563
CCCC(=O)OC(COC(=O)COC)COC(C)COCC,density,D-MPNN,3,1.1786635051826382
CCCC(=O)OCC(OC(=O)CCC)C(=O)COC(C)C,density,D-MPNN,3,1.080947425309421
CCCC(=O)OCC(COC(=O)CCC)OC(=O)CCC,density,D-MPNN,3,1.024797086495758
CCCCCOCCOCCOC,density,D-MPNN,4,0.9189638269867682
COCCOC(=O)OC1CCCC1,density,D-MPNN,4,1.1323216081433598
CCCOC(=O)OCCOCCOCC,density,D-MPNN,4,1.0952763009988955
CCCCOC(=O)OCCOCCOC,density,D-MPNN,4,1.0730767575676536
CCCOC(CC)COCCOCCOC,density,D-MPNN,4,0.9832537882433516
CCCCOCCOCCOC(C)COCC,density,D-MPNN,4,0.9715636000617314
CCCOCCOCCOC(=O)OCCC,density,D-MPNN,4,1.0679761535843786
CCCCOC(=O)OCCOCCOCC,density,D-MPNN,4,1.0677353350289176
CCCCOCCOCCOC(=O)OCC,density,D-MPNN,4,1.0192432308458967
CCCOC(=O)OCCOCCOCCOC,density,D-MPNN,4,1.133062269814315
CCOC(=O)OCCCCOCCOCCOC,density,D-MPNN,4,1.1138798540789026
CCCOC(=O)OCCOCCOCCOCC,density,D-MPNN,4,1.1262068870826634
CC(=O)OCCOCCOCCOC(C)=O,density,D-MPNN,4,1.2609703511804988
CCCOC(=O)OCCCCOC1COCC1OCCC,density,D-MPNN,4,1.2179798549761074
CCCCOC(=O)OCCCCOC1COCC1OCC,density,D-MPNN,4,1.2043859976358091
CCCOC(=O)OCCOCCOCC1CC(OCC)CO1,density,D-MPNN,4,1.2766288242399604
CCCCOC(=O)COCCCOC(=O)CC1CCCO1,density,D-MPNN,4,1.2004933224776253
CCCOC(COCC)(COC(=O)OCC)COC1CCOC1,density,D-MPNN,4,1.180990246636601
CCCOC(=O)OC(COCC)(COCC)COC1CCOC1,density,D-MPNN,4,1.2349519308437196
CCCCOC(COC)(COC(=O)OCC)COC1CCOC1,density,D-MPNN,4,1.1624673418945732
CC(C)OCC(COCC1CCCO1)OC(=O)OC(C)C,density,D-MPNN,4,1.1130844526149364
CCCOC(COC(=O)OC)C(COC1CCOC1)OCCC,density,D-MPNN,4,1.2575761491207422
CCOC(=O)OCC(COCC(C)C)OCC1CCCO1,density,D-MPNN,4,1.1327854654772411
CCOCC(OCC)C(COC(COC)C1CCCO1)OCC1CCCO1,density,D-MPNN,4,1.2716996855037594
CCOCC(COC1CCOC1)(COC1CCOC1)OC(=O)OC1CCOC1,density,D-MPNN,4,1.524845076077112
CCCC(=O)OC(COC(=O)COC)COC(C)COCC,density,D-MPNN,4,1.1563975878384805
CCCC(=O)OCC(OC(=O)CCC)C(=O)COC(C)C,density,D-MPNN,4,1.055502011192503
CCCC(=O)OCC(COC(=O)CCC)OC(=O)CCC,density,D-MPNN,4,1.0189313845167454
CCCCCOCCOCCOC,density,Uni-Mol,0,0.9283925890922546
COCCOC(=O)OC1CCCC1,density,Uni-Mol,0,1.1441404819488525
CCCOC(=O)OCCOCCOCC,density,Uni-Mol,0,1.0807955265045166
CCCCOC(=O)OCCOCCOC,density,Uni-Mol,0,1.0483386516571045
CCCOC(CC)COCCOCCOC,density,Uni-Mol,0,1.0090665817260742
CCCCOCCOCCOC(C)COCC,density,Uni-Mol,0,1.0233089923858643
CCCOCCOCCOC(=O)OCCC,density,Uni-Mol,0,1.095983862876892
CCCCOC(=O)OCCOCCOCC,density,Uni-Mol,0,1.0677236318588257
CCCCOCCOCCOC(=O)OCC,density,Uni-Mol,0,1.025622844696045
CCCOC(=O)OCCOCCOCCOC,density,Uni-Mol,0,1.159720778465271
CCOC(=O)OCCCCOCCOCCOC,density,Uni-Mol,0,1.130793571472168
CCCOC(=O)OCCOCCOCCOCC,density,Uni-Mol,0,1.0999823808670044
CC(=O)OCCOCCOCCOC(C)=O,density,Uni-Mol,0,1.3829888105392456
CCCOC(=O)OCCCCOC1COCC1OCCC,density,Uni-Mol,0,1.1528635025024414
CCCCOC(=O)OCCCCOC1COCC1OCC,density,Uni-Mol,0,1.1484401226043701
CCCOC(=O)OCCOCCOCC1CC(OCC)CO1,density,Uni-Mol,0,1.1692873239517212
CCCCOC(=O)COCCCOC(=O)CC1CCCO1,density,Uni-Mol,0,1.1325963735580444
CCCOC(COCC)(COC(=O)OCC)COC1CCOC1,density,Uni-Mol,0,1.1699053049087524
CCCOC(=O)OC(COCC)(COCC)COC1CCOC1,density,Uni-Mol,0,1.1727374792099
CCCCOC(COC)(COC(=O)OCC)COC1CCOC1,density,Uni-Mol,0,1.1720781326293945
CC(C)OCC(COCC1CCCO1)OC(=O)OC(C)C,density,Uni-Mol,0,1.1611788272857666
CCCOC(COC(=O)OC)C(COC1CCOC1)OCCC,density,Uni-Mol,0,1.1828371286392212
CCOC(=O)OCC(COCC(C)C)OCC1CCCO1,density,Uni-Mol,0,1.1329586505889893
CCOCC(OCC)C(COC(COC)C1CCCO1)OCC1CCCO1,density,Uni-Mol,0,1.1699172258377075
CCOCC(COC1CCOC1)(COC1CCOC1)OC(=O)OC1CCOC1,density,Uni-Mol,0,1.2376786470413208
CCCC(=O)OC(COC(=O)COC)COC(C)COCC,density,Uni-Mol,0,1.1031713485717773
CCCC(=O)OCC(OC(=O)CCC)C(=O)COC(C)C,density,Uni-Mol,0,1.0633141994476318
CCCC(=O)OCC(COC(=O)CCC)OC(=O)CCC,density,Uni-Mol,0,1.018498182296753
CCCCCOCCOCCOC,density,Uni-Mol,1,0.9246729016304016
COCCOC(=O)OC1CCCC1,density,Uni-Mol,1,1.146501898765564
CCCOC(=O)OCCOCCOCC,density,Uni-Mol,1,1.097732663154602
CCCCOC(=O)OCCOCCOC,density,Uni-Mol,1,1.063378095626831
CCCOC(CC)COCCOCCOC,density,Uni-Mol,1,0.9916041493415833
CCCCOCCOCCOC(C)COCC,density,Uni-Mol,1,1.0221608877182007
CCCOCCOCCOC(=O)OCCC,density,Uni-Mol,1,1.0671024322509766
CCCCOC(=O)OCCOCCOCC,density,Uni-Mol,1,1.0523045063018799
CCCCOCCOCCOC(=O)OCC,density,Uni-Mol,1,0.9808842539787292
CCCOC(=O)OCCOCCOCCOC,density,Uni-Mol,1,1.1024082899093628
CCOC(=O)OCCCCOCCOCCOC,density,Uni-Mol,1,1.0928828716278076
CCCOC(=O)OCCOCCOCCOCC,density,Uni-Mol,1,1.0937974452972412
CC(=O)OCCOCCOCCOC(C)=O,density,Uni-Mol,1,1.3838841915130615
CCCOC(=O)OCCCCOC1COCC1OCCC,density,Uni-Mol,1,1.163175106048584
CCCCOC(=O)OCCCCOC1COCC1OCC,density,Uni-Mol,1,1.135540246963501
CCCOC(=O)OCCOCCOCC1CC(OCC)CO1,density,Uni-Mol,1,1.1793038845062256
CCCCOC(=O)COCCCOC(=O)CC1CCCO1,density,Uni-Mol,1,1.105680227279663
CCCOC(COCC)(COC(=O)OCC)COC1CCOC1,density,Uni-Mol,1,1.1587231159210205
CCCOC(=O)OC(COCC)(COCC)COC1CCOC1,density,Uni-Mol,1,1.146567463874817
CCCCOC(COC)(COC(=O)OCC)COC1CCOC1,density,Uni-Mol,1,1.1271251440048218
CC(C)OCC(COCC1CCCO1)OC(=O)OC(C)C,density,Uni-Mol,1,1.1340303421020508
CCCOC(COC(=O)OC)C(COC1CCOC1)OCCC,density,Uni-Mol,1,1.1746560335159302
CCOC(=O)OCC(COCC(C)C)OCC1CCCO1,density,Uni-Mol,1,1.0928970575332642
CCOCC(OCC)C(COC(COC)C1CCCO1)OCC1CCCO1,density,Uni-Mol,1,1.1488808393478394
CCOCC(COC1CCOC1)(COC1CCOC1)OC(=O)OC1CCOC1,density,Uni-Mol,1,1.2293100357055664
CCCC(=O)OC(COC(=O)COC)COC(C)COCC,density,Uni-Mol,1,1.1186546087265015
CCCC(=O)OCC(OC(=O)CCC)C(=O)COC(C)C,density,Uni-Mol,1,1.047884464263916
CCCC(=O)OCC(COC(=O)CCC)OC(=O)CCC,density,Uni-Mol,1,1.034920573234558
CCCCCOCCOCCOC,density,Uni-Mol,2,0.9045190215110779
COCCOC(=O)OC1CCCC1,density,Uni-Mol,2,1.1400765180587769
CCCOC(=O)OCCOCCOCC,density,Uni-Mol,2,1.0709178447723389
CCCCOC(=O)OCCOCCOC,density,Uni-Mol,2,1.0731042623519897
CCCOC(CC)COCCOCCOC,density,Uni-Mol,2,0.978701114654541
CCCCOCCOCCOC(C)COCC,density,Uni-Mol,2,1.0084986686706543
CCCOCCOCCOC(=O)OCCC,density,Uni-Mol,2,1.0930970907211304
CCCCOC(=O)OCCOCCOCC,density,Uni-Mol,2,1.0644891262054443
CCCCOCCOCCOC(=O)OCC,density,Uni-Mol,2,1.0205373764038086
CCCOC(=O)OCCOCCOCCOC,density,Uni-Mol,2,1.095481276512146
CCOC(=O)OCCCCOCCOCCOC,density,Uni-Mol,2,1.0857610702514648
CCCOC(=O)OCCOCCOCCOCC,density,Uni-Mol,2,1.0970368385314941
CC(=O)OCCOCCOCCOC(C)=O,density,Uni-Mol,2,1.3720701932907104
CCCOC(=O)OCCCCOC1COCC1OCCC,density,Uni-Mol,2,1.1428395509719849
CCCCOC(=O)OCCCCOC1COCC1OCC,density,Uni-Mol,2,1.112289309501648
CCCOC(=O)OCCOCCOCC1CC(OCC)CO1,density,Uni-Mol,2,1.1658934354782104
CCCCOC(=O)COCCCOC(=O)CC1CCCO1,density,Uni-Mol,2,1.1322768926620483
CCCOC(COCC)(COC(=O)OCC)COC1CCOC1,density,Uni-Mol,2,1.163182258605957
CCCOC(=O)OC(COCC)(COCC)COC1CCOC1,density,Uni-Mol,2,1.1707475185394287
CCCCOC(COC)(COC(=O)OCC)COC1CCOC1,density,Uni-Mol,2,1.1586058139801025
CC(C)OCC(COCC1CCCO1)OC(=O)OC(C)C,density,Uni-Mol,2,1.1225504875183105
CCCOC(COC(=O)OC)C(COC1CCOC1)OCCC,density,Uni-Mol,2,1.168532133102417
CCOC(=O)OCC(COCC(C)C)OCC1CCCO1,density,Uni-Mol,2,1.1143758296966553
CCOCC(OCC)C(COC(COC)C1CCCO1)OCC1CCCO1,density,Uni-Mol,2,1.150310754776001
CCOCC(COC1CCOC1)(COC1CCOC1)OC(=O)OC1CCOC1,density,Uni-Mol,2,1.2254528999328613
CCCC(=O)OC(COC(=O)COC)COC(C)COCC,density,Uni-Mol,2,1.0924797058105469
CCCC(=O)OCC(OC(=O)CCC)C(=O)COC(C)C,density,Uni-Mol,2,1.095287561416626
CCCC(=O)OCC(COC(=O)CCC)OC(=O)CCC,density,Uni-Mol,2,1.0163381099700928
CCCCCOCCOCCOC,density,Uni-Mol,3,0.9029721021652222
COCCOC(=O)OC1CCCC1,density,Uni-Mol,3,1.1379929780960083
CCCOC(=O)OCCOCCOCC,density,Uni-Mol,3,1.0469944477081299
CCCCOC(=O)OCCOCCOC,density,Uni-Mol,3,1.0694372653961182
CCCOC(CC)COCCOCCOC,density,Uni-Mol,3,1.0172655582427979
CCCCOCCOCCOC(C)COCC,density,Uni-Mol,3,1.008460521697998
CCCOCCOCCOC(=O)OCCC,density,Uni-Mol,3,1.1023833751678467
CCCCOC(=O)OCCOCCOCC,density,Uni-Mol,3,1.0405693054199219
CCCCOCCOCCOC(=O)OCC,density,Uni-Mol,3,1.0056782960891724
CCCOC(=O)OCCOCCOCCOC,density,Uni-Mol,3,1.1316263675689697
CCOC(=O)OCCCCOCCOCCOC,density,Uni-Mol,3,1.1065983772277832
CCCOC(=O)OCCOCCOCCOCC,density,Uni-Mol,3,1.0773416757583618
CC(=O)OCCOCCOCCOC(C)=O,density,Uni-Mol,3,1.1599787473678589
CCCOC(=O)OCCCCOC1COCC1OCCC,density,Uni-Mol,3,1.1536659002304077
CCCCOC(=O)OCCCCOC1COCC1OCC,density,Uni-Mol,3,1.1277409791946411
CCCOC(=O)OCCOCCOCC1CC(OCC)CO1,density,Uni-Mol,3,1.161981225013733
CCCCOC(=O)COCCCOC(=O)CC1CCCO1,density,Uni-Mol,3,1.1285452842712402
CCCOC(COCC)(COC(=O)OCC)COC1CCOC1,density,Uni-Mol,3,1.1582491397857666
CCCOC(=O)OC(COCC)(COCC)COC1CCOC1,density,Uni-Mol,3,1.1606111526489258
CCCCOC(COC)(COC(=O)OCC)COC1CCOC1,density,Uni-Mol,3,1.134224772453308
CC(C)OCC(COCC1CCCO1)OC(=O)OC(C)C,density,Uni-Mol,3,1.1675865650177002
CCCOC(COC(=O)OC)C(COC1CCOC1)OCCC,density,Uni-Mol,3,1.1704235076904297
CCOC(=O)OCC(COCC(C)C)OCC1CCCO1,density,Uni-Mol,3,1.129486083984375
CCOCC(OCC)C(COC(COC)C1CCCO1)OCC1CCCO1,density,Uni-Mol,3,1.1716614961624146
CCOCC(COC1CCOC1)(COC1CCOC1)OC(=O)OC1CCOC1,density,Uni-Mol,3,1.2319401502609253
CCCC(=O)OC(COC(=O)COC)COC(C)COCC,density,Uni-Mol,3,1.1092437505722046
CCCC(=O)OCC(OC(=O)CCC)C(=O)COC(C)C,density,Uni-Mol,3,1.0910167694091797
CCCC(=O)OCC(COC(=O)CCC)OC(=O)CCC,density,Uni-Mol,3,1.0161337852478027
CCCCCOCCOCCOC,density,Uni-Mol,4,0.9170747995376587
COCCOC(=O)OC1CCCC1,density,Uni-Mol,4,1.1367558240890503
CCCOC(=O)OCCOCCOCC,density,Uni-Mol,4,1.053125023841858
CCCCOC(=O)OCCOCCOC,density,Uni-Mol,4,1.0641433000564575
CCCOC(CC)COCCOCCOC,density,Uni-Mol,4,1.0001561641693115
CCCCOCCOCCOC(C)COCC,density,Uni-Mol,4,0.9916764497756958
CCCOCCOCCOC(=O)OCCC,density,Uni-Mol,4,1.0535317659378052
CCCCOC(=O)OCCOCCOCC,density,Uni-Mol,4,1.0520386695861816
CCCCOCCOCCOC(=O)OCC,density,Uni-Mol,4,0.9871804118156433
CCCOC(=O)OCCOCCOCCOC,density,Uni-Mol,4,1.0926164388656616
CCOC(=O)OCCCCOCCOCCOC,density,Uni-Mol,4,1.116576075553894
CCCOC(=O)OCCOCCOCCOCC,density,Uni-Mol,4,1.0892194509506226
CC(=O)OCCOCCOCCOC(C)=O,density,Uni-Mol,4,1.3802188634872437
CCCOC(=O)OCCCCOC1COCC1OCCC,density,Uni-Mol,4,1.1709641218185425
CCCCOC(=O)OCCCCOC1COCC1OCC,density,Uni-Mol,4,1.1445974111557007
CCCOC(=O)OCCOCCOCC1CC(OCC)CO1,density,Uni-Mol,4,1.1807271242141724
CCCCOC(=O)COCCCOC(=O)CC1CCCO1,density,Uni-Mol,4,1.1332634687423706
CCCOC(COCC)(COC(=O)OCC)COC1CCOC1,density,Uni-Mol,4,1.1453360319137573
CCCOC(=O)OC(COCC)(COCC)COC1CCOC1,density,Uni-Mol,4,1.1678789854049683
CCCCOC(COC)(COC(=O)OCC)COC1CCOC1,density,Uni-Mol,4,1.1316725015640259
CC(C)OCC(COCC1CCCO1)OC(=O)OC(C)C,density,Uni-Mol,4,1.1331416368484497
CCCOC(COC(=O)OC)C(COC1CCOC1)OCCC,density,Uni-Mol,4,1.162995457649231
CCOC(=O)OCC(COCC(C)C)OCC1CCCO1,density,Uni-Mol,4,1.1091960668563843
CCOCC(OCC)C(COC(COC)C1CCCO1)OCC1CCCO1,density,Uni-Mol,4,1.1585614681243896
CCOCC(COC1CCOC1)(COC1CCOC1)OC(=O)OC1CCOC1,density,Uni-Mol,4,1.250992774963379
CCCC(=O)OC(COC(=O)COC)COC(C)COCC,density,Uni-Mol,4,1.093800663948059
CCCC(=O)OCC(OC(=O)CCC)C(=O)COC(C)C,density,Uni-Mol,4,1.0574617385864258
CCCC(=O)OCC(COC(=O)CCC)OC(=O)CCC,density,Uni-Mol,4,1.0203417539596558
CCCCCOCCOCCOC,viscosity,XGBoost,0,1.900759615533265
COCCOC(=O)OC1CCCC1,viscosity,XGBoost,0,4.184967821750745
CCCOC(=O)OCCOCCOCC,viscosity,XGBoost,0,4.800809709051514
CCCCOC(=O)OCCOCCOC,viscosity,XGBoost,0,4.692033436307981
CCCOC(CC)COCCOCCOC,viscosity,XGBoost,0,5.215684396687297
CCCCOCCOCCOC(C)COCC,viscosity,XGBoost,0,5.5427185614010055
CCCOCCOCCOC(=O)OCCC,viscosity,XGBoost,0,5.252098042578462
CCCCOC(=O)OCCOCCOCC,viscosity,XGBoost,0,5.192389170469244
CCCCOCCOCCOC(=O)OCC,viscosity,XGBoost,0,4.644098521703862
CCCOC(=O)OCCOCCOCCOC,viscosity,XGBoost,0,4.983081764938586
CCOC(=O)OCCCCOCCOCCOC,viscosity,XGBoost,0,5.4661158679657955
CCCOC(=O)OCCOCCOCCOCC,viscosity,XGBoost,0,6.069188531561167
CC(=O)OCCOCCOCCOC(C)=O,viscosity,XGBoost,0,7.504325633397925
CCCOC(=O)OCCCCOC1COCC1OCCC,viscosity,XGBoost,0,8.410351641431557
CCCCOC(=O)OCCCCOC1COCC1OCC,viscosity,XGBoost,0,7.731476545529416
CCCOC(=O)OCCOCCOCC1CC(OCC)CO1,viscosity,XGBoost,0,8.716237603690347
CCCCOC(=O)COCCCOC(=O)CC1CCCO1,viscosity,XGBoost,0,12.812268020200996
CCCOC(COCC)(COC(=O)OCC)COC1CCOC1,viscosity,XGBoost,0,11.921387773694544
CCCOC(=O)OC(COCC)(COCC)COC1CCOC1,viscosity,XGBoost,0,11.014465744756187
CCCCOC(COC)(COC(=O)OCC)COC1CCOC1,viscosity,XGBoost,0,13.293843231316146
CC(C)OCC(COCC1CCCO1)OC(=O)OC(C)C,viscosity,XGBoost,0,8.578436095283083
CCCOC(COC(=O)OC)C(COC1CCOC1)OCCC,viscosity,XGBoost,0,11.173551283207964
CCOC(=O)OCC(COCC(C)C)OCC1CCCO1,viscosity,XGBoost,0,8.87442641972108
CCOCC(OCC)C(COC(COC)C1CCCO1)OCC1CCCO1,viscosity,XGBoost,0,10.009847736539246
CCOCC(COC1CCOC1)(COC1CCOC1)OC(=O)OC1CCOC1,viscosity,XGBoost,0,7.583858393957495
CCCC(=O)OC(COC(=O)COC)COC(C)COCC,viscosity,XGBoost,0,9.62264955499695
CCCC(=O)OCC(OC(=O)CCC)C(=O)COC(C)C,viscosity,XGBoost,0,9.59694405001527
CCCC(=O)OCC(COC(=O)CCC)OC(=O)CCC,viscosity,XGBoost,0,5.512816632609864
CCCCCOCCOCCOC,viscosity,XGBoost,1,2.2480952806907104
COCCOC(=O)OC1CCCC1,viscosity,XGBoost,1,3.070114070574202
CCCOC(=O)OCCOCCOCC,viscosity,XGBoost,1,4.103676958515236
CCCCOC(=O)OCCOCCOC,viscosity,XGBoost,1,4.191654368969109
CCCOC(CC)COCCOCCOC,viscosity,XGBoost,1,3.6818766638814475
CCCCOCCOCCOC(C)COCC,viscosity,XGBoost,1,4.136303739731151
CCCOCCOCCOC(=O)OCCC,viscosity,XGBoost,1,3.8666795400650855
CCCCOC(=O)OCCOCCOCC,viscosity,XGBoost,1,4.416487389102212
CCCCOCCOCCOC(=O)OCC,viscosity,XGBoost,1,4.962504625964074
CCCOC(=O)OCCOCCOCCOC,viscosity,XGBoost,1,6.328977066579093
CCOC(=O)OCCCCOCCOCCOC,viscosity,XGBoost,1,5.263142819500857
CCCOC(=O)OCCOCCOCCOCC,viscosity,XGBoost,1,7.014409675050767
CC(=O)OCCOCCOCCOC(C)=O,viscosity,XGBoost,1,7.5185224843916965
CCCOC(=O)OCCCCOC1COCC1OCCC,viscosity,XGBoost,1,8.522008872775178
CCCCOC(=O)OCCCCOC1COCC1OCC,viscosity,XGBoost,1,8.519430247726937
CCCOC(=O)OCCOCCOCC1CC(OCC)CO1,viscosity,XGBoost,1,8.945522784392134
CCCCOC(=O)COCCCOC(=O)CC1CCCO1,viscosity,XGBoost,1,8.041892809675913
CCCOC(COCC)(COC(=O)OCC)COC1CCOC1,viscosity,XGBoost,1,11.768419520946363
CCCOC(=O)OC(COCC)(COCC)COC1CCOC1,viscosity,XGBoost,1,11.989254496043412
CCCCOC(COC)(COC(=O)OCC)COC1CCOC1,viscosity,XGBoost,1,12.177382852892743
CC(C)OCC(COCC1CCCO1)OC(=O)OC(C)C,viscosity,XGBoost,1,10.029999540212133
CCCOC(COC(=O)OC)C(COC1CCOC1)OCCC,viscosity,XGBoost,1,12.049538454284987
CCOC(=O)OCC(COCC(C)C)OCC1CCCO1,viscosity,XGBoost,1,10.901410395888027
CCOCC(OCC)C(COC(COC)C1CCCO1)OCC1CCCO1,viscosity,XGBoost,1,12.810463518564763
CCOCC(COC1CCOC1)(COC1CCOC1)OC(=O)OC1CCOC1,viscosity,XGBoost,1,7.119066257541832
CCCC(=O)OC(COC(=O)COC)COC(C)COCC,viscosity,XGBoost,1,10.870623496343292
CCCC(=O)OCC(OC(=O)CCC)C(=O)COC(C)C,viscosity,XGBoost,1,11.352156482195253
CCCC(=O)OCC(COC(=O)CCC)OC(=O)CCC,viscosity,XGBoost,1,11.539673822229563
CCCCCOCCOCCOC,viscosity,XGBoost,2,2.142358509581411
COCCOC(=O)OC1CCCC1,viscosity,XGBoost,2,3.2331526808352757
CCCOC(=O)OCCOCCOCC,viscosity,XGBoost,2,4.302052022881126
CCCCOC(=O)OCCOCCOC,viscosity,XGBoost,2,4.378132623911291
CCCOC(CC)COCCOCCOC,viscosity,XGBoost,2,5.026245022002724
CCCCOCCOCCOC(C)COCC,viscosity,XGBoost,2,5.506913324278195
CCCOCCOCCOC(=O)OCCC,viscosity,XGBoost,2,4.8856171377864905
CCCCOC(=O)OCCOCCOCC,viscosity,XGBoost,2,4.779547485202098
CCCCOCCOCCOC(=O)OCC,viscosity,XGBoost,2,4.604663152635771
CCCOC(=O)OCCOCCOCCOC,viscosity,XGBoost,2,5.776583118275216
CCOC(=O)OCCCCOCCOCCOC,viscosity,XGBoost,2,5.6514412782662085
CCCOC(=O)OCCOCCOCCOCC,viscosity,XGBoost,2,6.412187964395006
CC(=O)OCCOCCOCCOC(C)=O,viscosity,XGBoost,2,7.47406107132725
CCCOC(=O)OCCCCOC1COCC1OCCC,viscosity,XGBoost,2,8.974039298411475
CCCCOC(=O)OCCCCOC1COCC1OCC,viscosity,XGBoost,2,8.740354780699898
CCCOC(=O)OCCOCCOCC1CC(OCC)CO1,viscosity,XGBoost,2,9.193618085116576
CCCCOC(=O)COCCCOC(=O)CC1CCCO1,viscosity,XGBoost,2,11.570169818852118
CCCOC(COCC)(COC(=O)OCC)COC1CCOC1,viscosity,XGBoost,2,11.141707230260344
CCCOC(=O)OC(COCC)(COCC)COC1CCOC1,viscosity,XGBoost,2,11.095937054002663
CCCCOC(COC)(COC(=O)OCC)COC1CCOC1,viscosity,XGBoost,2,11.244068299555167
CC(C)OCC(COCC1CCCO1)OC(=O)OC(C)C,viscosity,XGBoost,2,9.508200200534215
CCCOC(COC(=O)OC)C(COC1CCOC1)OCCC,viscosity,XGBoost,2,10.862359426748373
CCOC(=O)OCC(COCC(C)C)OCC1CCCO1,viscosity,XGBoost,2,10.911107303404084
CCOCC(OCC)C(COC(COC)C1CCCO1)OCC1CCCO1,viscosity,XGBoost,2,8.763682120459013
CCOCC(COC1CCOC1)(COC1CCOC1)OC(=O)OC1CCOC1,viscosity,XGBoost,2,8.621110034523127
CCCC(=O)OC(COC(=O)COC)COC(C)COCC,viscosity,XGBoost,2,10.633436509357123
CCCC(=O)OCC(OC(=O)CCC)C(=O)COC(C)C,viscosity,XGBoost,2,8.947495816320854
CCCC(=O)OCC(COC(=O)CCC)OC(=O)CCC,viscosity,XGBoost,2,6.195058803470509
CCCCCOCCOCCOC,viscosity,XGBoost,3,2.4122627236551604
COCCOC(=O)OC1CCCC1,viscosity,XGBoost,3,3.488542971615168
CCCOC(=O)OCCOCCOCC,viscosity,XGBoost,3,3.366235830149624
CCCCOC(=O)OCCOCCOC,viscosity,XGBoost,3,3.493782280982891
CCCOC(CC)COCCOCCOC,viscosity,XGBoost,3,4.906702019396196
CCCCOCCOCCOC(C)COCC,viscosity,XGBoost,3,5.449636706608757
CCCOCCOCCOC(=O)OCCC,viscosity,XGBoost,3,4.440441917672205
CCCCOC(=O)OCCOCCOCC,viscosity,XGBoost,3,4.552418712381665
CCCCOCCOCCOC(=O)OCC,viscosity,XGBoost,3,4.579897080983635
CCCOC(=O)OCCOCCOCCOC,viscosity,XGBoost,3,5.53563107184225
CCOC(=O)OCCCCOCCOCCOC,viscosity,XGBoost,3,6.010209236874056
CCCOC(=O)OCCOCCOCCOCC,viscosity,XGBoost,3,6.192792212283981
CC(=O)OCCOCCOCCOC(C)=O,viscosity,XGBoost,3,5.401539665483405
CCCOC(=O)OCCCCOC1COCC1OCCC,viscosity,XGBoost,3,9.675097824837925
CCCCOC(=O)OCCCCOC1COCC1OCC,viscosity,XGBoost,3,9.395898487488932
CCCOC(=O)OCCOCCOCC1CC(OCC)CO1,viscosity,XGBoost,3,9.648127997980081
CCCCOC(=O)COCCCOC(=O)CC1CCCO1,viscosity,XGBoost,3,9.69045606636901
CCCOC(COCC)(COC(=O)OCC)COC1CCOC1,viscosity,XGBoost,3,9.827520044676897
CCCOC(=O)OC(COCC)(COCC)COC1CCOC1,viscosity,XGBoost,3,10.349256671556343
CCCCOC(COC)(COC(=O)OCC)COC1CCOC1,viscosity,XGBoost,3,9.603150971579053
CC(C)OCC(COCC1CCCO1)OC(=O)OC(C)C,viscosity,XGBoost,3,8.688201767288234
CCCOC(COC(=O)OC)C(COC1CCOC1)OCCC,viscosity,XGBoost,3,10.224267598251455
CCOC(=O)OCC(COCC(C)C)OCC1CCCO1,viscosity,XGBoost,3,10.397591503565568
CCOCC(OCC)C(COC(COC)C1CCCO1)OCC1CCCO1,viscosity,XGBoost,3,6.454363405225793
CCOCC(COC1CCOC1)(COC1CCOC1)OC(=O)OC1CCOC1,viscosity,XGBoost,3,6.636906412868392
CCCC(=O)OC(COC(=O)COC)COC(C)COCC,viscosity,XGBoost,3,8.486105036679273
CCCC(=O)OCC(OC(=O)CCC)C(=O)COC(C)C,viscosity,XGBoost,3,7.384283872978966
CCCC(=O)OCC(COC(=O)CCC)OC(=O)CCC,viscosity,XGBoost,3,5.490094212387778
CCCCCOCCOCCOC,viscosity,XGBoost,4,1.8890913871911796
COCCOC(=O)OC1CCCC1,viscosity,XGBoost,4,3.253421113860097
CCCOC(=O)OCCOCCOCC,viscosity,XGBoost,4,4.2962977690902155
CCCCOC(=O)OCCOCCOC,viscosity,XGBoost,4,4.513874995836495
CCCOC(CC)COCCOCCOC,viscosity,XGBoost,4,5.259971214009771
CCCCOCCOCCOC(C)COCC,viscosity,XGBoost,4,5.793597990122988
CCCOCCOCCOC(=O)OCCC,viscosity,XGBoost,4,4.923374042527465
CCCCOC(=O)OCCOCCOCC,viscosity,XGBoost,4,5.158551044611093
CCCCOCCOCCOC(=O)OCC,viscosity,XGBoost,4,4.972069517396231
CCCOC(=O)OCCOCCOCCOC,viscosity,XGBoost,4,6.6135651562990265
CCOC(=O)OCCCCOCCOCCOC,viscosity,XGBoost,4,6.520611903566665
CCCOC(=O)OCCOCCOCCOCC,viscosity,XGBoost,4,6.869968695945112
CC(=O)OCCOCCOCCOC(C)=O,viscosity,XGBoost,4,7.560389985233094
CCCOC(=O)OCCCCOC1COCC1OCCC,viscosity,XGBoost,4,8.772373497473643
CCCCOC(=O)OCCCCOC1COCC1OCC,viscosity,XGBoost,4,8.554022780385594
CCCOC(=O)OCCOCCOCC1CC(OCC)CO1,viscosity,XGBoost,4,8.541846291768753
CCCCOC(=O)COCCCOC(=O)CC1CCCO1,viscosity,XGBoost,4,9.816732246351437
CCCOC(COCC)(COC(=O)OCC)COC1CCOC1,viscosity,XGBoost,4,12.218399042954887
CCCOC(=O)OC(COCC)(COCC)COC1CCOC1,viscosity,XGBoost,4,11.975353853057687
CCCCOC(COC)(COC(=O)OCC)COC1CCOC1,viscosity,XGBoost,4,12.286096100442524
CC(C)OCC(COCC1CCCO1)OC(=O)OC(C)C,viscosity,XGBoost,4,10.502454350049177
CCCOC(COC(=O)OC)C(COC1CCOC1)OCCC,viscosity,XGBoost,4,11.217721593853188
CCOC(=O)OCC(COCC(C)C)OCC1CCCO1,viscosity,XGBoost,4,11.125059030949679
CCOCC(OCC)C(COC(COC)C1CCCO1)OCC1CCCO1,viscosity,XGBoost,4,9.283926495090679
CCOCC(COC1CCOC1)(COC1CCOC1)OC(=O)OC1CCOC1,viscosity,XGBoost,4,7.28410909853089
CCCC(=O)OC(COC(=O)COC)COC(C)COCC,viscosity,XGBoost,4,8.457479465621462
CCCC(=O)OCC(OC(=O)CCC)C(=O)COC(C)C,viscosity,XGBoost,4,6.745169131527116
CCCC(=O)OCC(COC(=O)CCC)OC(=O)CCC,viscosity,XGBoost,4,5.58563600189941
CCCCCOCCOCCOC,viscosity,MLP,0,2.1401635905297045
COCCOC(=O)OC1CCCC1,viscosity,MLP,0,3.258520585591463
CCCOC(=O)OCCOCCOCC,viscosity,MLP,0,5.260820177644805
CCCCOC(=O)OCCOCCOC,viscosity,MLP,0,5.280190810999974
CCCOC(CC)COCCOCCOC,viscosity,MLP,0,5.081247875770927
CCCCOCCOCCOC(C)COCC,viscosity,MLP,0,6.284137466258631
CCCOCCOCCOC(=O)OCCC,viscosity,MLP,0,6.082153010081372
CCCCOC(=O)OCCOCCOCC,viscosity,MLP,0,6.10480874421723
CCCCOCCOCCOC(=O)OCC,viscosity,MLP,0,6.079484288348344
CCCOC(=O)OCCOCCOCCOC,viscosity,MLP,0,7.356806459770788
CCOC(=O)OCCCCOCCOCCOC,viscosity,MLP,0,8.058657498847323
CCCOC(=O)OCCOCCOCCOCC,viscosity,MLP,0,8.77642732869147
CC(=O)OCCOCCOCCOC(C)=O,viscosity,MLP,0,5.4620762788372605
CCCOC(=O)OCCCCOC1COCC1OCCC,viscosity,MLP,0,10.62791077697863
CCCCOC(=O)OCCCCOC1COCC1OCC,viscosity,MLP,0,10.50693131332244
CCCOC(=O)OCCOCCOCC1CC(OCC)CO1,viscosity,MLP,0,11.51754516842965
CCCCOC(=O)COCCCOC(=O)CC1CCCO1,viscosity,MLP,0,8.796407658718946
CCCOC(COCC)(COC(=O)OCC)COC1CCOC1,viscosity,MLP,0,15.041929964217628
CCCOC(=O)OC(COCC)(COCC)COC1CCOC1,viscosity,MLP,0,13.997091990525572
CCCCOC(COC)(COC(=O)OCC)COC1CCOC1,viscosity,MLP,0,15.159489155685659
CC(C)OCC(COCC1CCCO1)OC(=O)OC(C)C,viscosity,MLP,0,8.734099051125293
CCCOC(COC(=O)OC)C(COC1CCOC1)OCCC,viscosity,MLP,0,13.035611816638797
CCOC(=O)OCC(COCC(C)C)OCC1CCCO1,viscosity,MLP,0,11.438276398356736
CCOCC(OCC)C(COC(COC)C1CCCO1)OCC1CCCO1,viscosity,MLP,0,9.688827426357129
CCOCC(COC1CCOC1)(COC1CCOC1)OC(=O)OC1CCOC1,viscosity,MLP,0,6.953212238347048
CCCC(=O)OC(COC(=O)COC)COC(C)COCC,viscosity,MLP,0,7.216995371749832
CCCC(=O)OCC(OC(=O)CCC)C(=O)COC(C)C,viscosity,MLP,0,8.371774017677055
CCCC(=O)OCC(COC(=O)CCC)OC(=O)CCC,viscosity,MLP,0,6.224836603093192
CCCCCOCCOCCOC,viscosity,MLP,1,2.1729654006239856
COCCOC(=O)OC1CCCC1,viscosity,MLP,1,3.3836571967048648
CCCOC(=O)OCCOCCOCC,viscosity,MLP,1,5.751367535744303
CCCCOC(=O)OCCOCCOC,viscosity,MLP,1,6.166526346754395
CCCOC(CC)COCCOCCOC,viscosity,MLP,1,5.032091723868321
CCCCOCCOCCOC(C)COCC,viscosity,MLP,1,6.2400413966042265
CCCOCCOCCOC(=O)OCCC,viscosity,MLP,1,6.8906064913533855
CCCCOC(=O)OCCOCCOCC,viscosity,MLP,1,6.934388866943931
CCCCOCCOCCOC(=O)OCC,viscosity,MLP,1,6.826159104070341
CCCOC(=O)OCCOCCOCCOC,viscosity,MLP,1,10.900196379386777
CCOC(=O)OCCCCOCCOCCOC,viscosity,MLP,1,12.775167954219041
CCCOC(=O)OCCOCCOCCOCC,viscosity,MLP,1,13.324222146667486
CC(=O)OCCOCCOCCOC(C)=O,viscosity,MLP,1,7.7693708686299825
CCCOC(=O)OCCCCOC1COCC1OCCC,viscosity,MLP,1,19.352085977774223
CCCCOC(=O)OCCCCOC1COCC1OCC,viscosity,MLP,1,19.384749626291928
CCCOC(=O)OCCOCCOCC1CC(OCC)CO1,viscosity,MLP,1,28.898398714276425
CCCCOC(=O)COCCCOC(=O)CC1CCCO1,viscosity,MLP,1,16.73117959157666
CCCOC(COCC)(COC(=O)OCC)COC1CCOC1,viscosity,MLP,1,45.42335329365383
CCCOC(=O)OC(COCC)(COCC)COC1CCOC1,viscosity,MLP,1,46.62908854278173
CCCCOC(COC)(COC(=O)OCC)COC1CCOC1,viscosity,MLP,1,42.52342022352454
CC(C)OCC(COCC1CCCO1)OC(=O)OC(C)C,viscosity,MLP,1,25.02317919972722
CCCOC(COC(=O)OC)C(COC1CCOC1)OCCC,viscosity,MLP,1,40.44778524910832
CCOC(=O)OCC(COCC(C)C)OCC1CCCO1,viscosity,MLP,1,24.61889395551628
CCOCC(OCC)C(COC(COC)C1CCCO1)OCC1CCCO1,viscosity,MLP,1,49.19724338994892
CCOCC(COC1CCOC1)(COC1CCOC1)OC(=O)OC1CCOC1,viscosity,MLP,1,55.343162011849415
CCCC(=O)OC(COC(=O)COC)COC(C)COCC,viscosity,MLP,1,27.982502099121742
CCCC(=O)OCC(OC(=O)CCC)C(=O)COC(C)C,viscosity,MLP,1,23.19143323908333
CCCC(=O)OCC(COC(=O)CCC)OC(=O)CCC,viscosity,MLP,1,19.152276918435987
CCCCCOCCOCCOC,viscosity,MLP,2,1.997054017652923
COCCOC(=O)OC1CCCC1,viscosity,MLP,2,4.200698354219251
CCCOC(=O)OCCOCCOCC,viscosity,MLP,2,4.709966676233131
CCCCOC(=O)OCCOCCOC,viscosity,MLP,2,4.930379696485186
CCCOC(CC)COCCOCCOC,viscosity,MLP,2,2.7088296663606144
CCCCOCCOCCOC(C)COCC,viscosity,MLP,2,3.1922419452953528
CCCOCCOCCOC(=O)OCCC,viscosity,MLP,2,5.361237334091134
CCCCOC(=O)OCCOCCOCC,viscosity,MLP,2,5.540603697322093
CCCCOCCOCCOC(=O)OCC,viscosity,MLP,2,5.725188593901433
CCCOC(=O)OCCOCCOCCOC,viscosity,MLP,2,6.641131053984668
CCOC(=O)OCCCCOCCOCCOC,viscosity,MLP,2,7.455177128001533
CCCOC(=O)OCCOCCOCCOCC,viscosity,MLP,2,7.64851568054187
CC(=O)OCCOCCOCCOC(C)=O,viscosity,MLP,2,7.571135671327021
CCCOC(=O)OCCCCOC1COCC1OCCC,viscosity,MLP,2,14.468417193775217
CCCCOC(=O)OCCCCOC1COCC1OCC,viscosity,MLP,2,14.228538835603414
CCCOC(=O)OCCOCCOCC1CC(OCC)CO1,viscosity,MLP,2,15.995482175260348
CCCCOC(=O)COCCCOC(=O)CC1CCCO1,viscosity,MLP,2,12.707060448296659
CCCOC(COCC)(COC(=O)OCC)COC1CCOC1,viscosity,MLP,2,10.530209683555166
CCCOC(=O)OC(COCC)(COCC)COC1CCOC1,viscosity,MLP,2,10.120809343469617
CCCCOC(COC)(COC(=O)OCC)COC1CCOC1,viscosity,MLP,2,11.121474662234693
CC(C)OCC(COCC1CCCO1)OC(=O)OC(C)C,viscosity,MLP,2,9.281599429792571
CCCOC(COC(=O)OC)C(COC1CCOC1)OCCC,viscosity,MLP,2,11.437407563401175
CCOC(=O)OCC(COCC(C)C)OCC1CCCO1,viscosity,MLP,2,11.341230513007806
CCOCC(OCC)C(COC(COC)C1CCCO1)OCC1CCCO1,viscosity,MLP,2,11.015122046293026
CCOCC(COC1CCOC1)(COC1CCOC1)OC(=O)OC1CCOC1,viscosity,MLP,2,8.945703667285695
CCCC(=O)OC(COC(=O)COC)COC(C)COCC,viscosity,MLP,2,9.084650926109283
CCCC(=O)OCC(OC(=O)CCC)C(=O)COC(C)C,viscosity,MLP,2,7.26492267599247
CCCC(=O)OCC(COC(=O)CCC)OC(=O)CCC,viscosity,MLP,2,6.031929060456078
CCCCCOCCOCCOC,viscosity,MLP,3,2.105370638408038
COCCOC(=O)OC1CCCC1,viscosity,MLP,3,4.828489815556905
CCCOC(=O)OCCOCCOCC,viscosity,MLP,3,6.218929409673886
CCCCOC(=O)OCCOCCOC,viscosity,MLP,3,6.054054032359186
CCCOC(CC)COCCOCCOC,viscosity,MLP,3,5.913378477895243
CCCCOCCOCCOC(C)COCC,viscosity,MLP,3,7.237027690864913
CCCOCCOCCOC(=O)OCCC,viscosity,MLP,3,7.649224065011878
CCCCOC(=O)OCCOCCOCC,viscosity,MLP,3,7.70071090295747
CCCCOCCOCCOC(=O)OCC,viscosity,MLP,3,7.042516181982209
CCCOC(=O)OCCOCCOCCOC,viscosity,MLP,3,9.833910118353453
CCOC(=O)OCCCCOCCOCCOC,viscosity,MLP,3,11.416108667974278
CCCOC(=O)OCCOCCOCCOCC,viscosity,MLP,3,11.869061694562886
CC(=O)OCCOCCOCCOC(C)=O,viscosity,MLP,3,6.014095285960982
CCCOC(=O)OCCCCOC1COCC1OCCC,viscosity,MLP,3,13.850436170833525
CCCCOC(=O)OCCCCOC1COCC1OCC,viscosity,MLP,3,13.726498177940679
CCCOC(=O)OCCOCCOCC1CC(OCC)CO1,viscosity,MLP,3,16.040835357909234
CCCCOC(=O)COCCCOC(=O)CC1CCCO1,viscosity,MLP,3,11.852450334784011
CCCOC(COCC)(COC(=O)OCC)COC1CCOC1,viscosity,MLP,3,8.328977423953788
CCCOC(=O)OC(COCC)(COCC)COC1CCOC1,viscosity,MLP,3,7.5509077704184815
CCCCOC(COC)(COC(=O)OCC)COC1CCOC1,viscosity,MLP,3,8.37336807827436
CC(C)OCC(COCC1CCCO1)OC(=O)OC(C)C,viscosity,MLP,3,8.688811399158581
CCCOC(COC(=O)OC)C(COC1CCOC1)OCCC,viscosity,MLP,3,9.908401368946043
CCOC(=O)OCC(COCC(C)C)OCC1CCCO1,viscosity,MLP,3,9.973296248694925
CCOCC(OCC)C(COC(COC)C1CCCO1)OCC1CCCO1,viscosity,MLP,3,9.211151313181087
CCOCC(COC1CCOC1)(COC1CCOC1)OC(=O)OC1CCOC1,viscosity,MLP,3,7.863036978611163
CCCC(=O)OC(COC(=O)COC)COC(C)COCC,viscosity,MLP,3,8.381362807300075
CCCC(=O)OCC(OC(=O)CCC)C(=O)COC(C)C,viscosity,MLP,3,7.410471930202756
CCCC(=O)OCC(COC(=O)CCC)OC(=O)CCC,viscosity,MLP,3,7.246413554138028
CCCCCOCCOCCOC,viscosity,MLP,4,1.8023015634202981
COCCOC(=O)OC1CCCC1,viscosity,MLP,4,4.277882108530547
CCCOC(=O)OCCOCCOCC,viscosity,MLP,4,5.313799675186753
CCCCOC(=O)OCCOCCOC,viscosity,MLP,4,5.668708838694089
CCCOC(CC)COCCOCCOC,viscosity,MLP,4,4.647437794684927
CCCCOCCOCCOC(C)COCC,viscosity,MLP,4,5.9813062064658915
CCCOCCOCCOC(=O)OCCC,viscosity,MLP,4,6.55545119095749
CCCCOC(=O)OCCOCCOCC,viscosity,MLP,4,6.8971127181424245
CCCCOCCOCCOC(=O)OCC,viscosity,MLP,4,6.366246236053315
CCCOC(=O)OCCOCCOCCOC,viscosity,MLP,4,8.818210313050976
CCOC(=O)OCCCCOCCOCCOC,viscosity,MLP,4,10.247856379770486
CCCOC(=O)OCCOCCOCCOCC,viscosity,MLP,4,10.235363907001295
CC(=O)OCCOCCOCCOC(C)=O,viscosity,MLP,4,7.2927207367162845
CCCOC(=O)OCCCCOC1COCC1OCCC,viscosity,MLP,4,9.452581997424328
CCCCOC(=O)OCCCCOC1COCC1OCC,viscosity,MLP,4,9.191830461298734
CCCOC(=O)OCCOCCOCC1CC(OCC)CO1,viscosity,MLP,4,9.813902885876274
CCCCOC(=O)COCCCOC(=O)CC1CCCO1,viscosity,MLP,4,6.936537474165057
CCCOC(COCC)(COC(=O)OCC)COC1CCOC1,viscosity,MLP,4,7.912244400172509
CCCOC(=O)OC(COCC)(COCC)COC1CCOC1,viscosity,MLP,4,8.712860598284205
CCCCOC(COC)(COC(=O)OCC)COC1CCOC1,viscosity,MLP,4,8.130952875079803
CC(C)OCC(COCC1CCCO1)OC(=O)OC(C)C,viscosity,MLP,4,9.70787039578056
CCCOC(COC(=O)OC)C(COC1CCOC1)OCCC,viscosity,MLP,4,9.487429255761398
CCOC(=O)OCC(COCC(C)C)OCC1CCCO1,viscosity,MLP,4,9.64143044075429
CCOCC(OCC)C(COC(COC)C1CCCO1)OCC1CCCO1,viscosity,MLP,4,10.601461728934046
CCOCC(COC1CCOC1)(COC1CCOC1)OC(=O)OC1CCOC1,viscosity,MLP,4,9.250316074776476
CCCC(=O)OC(COC(=O)COC)COC(C)COCC,viscosity,MLP,4,6.952541658211032
CCCC(=O)OCC(OC(=O)CCC)C(=O)COC(C)C,viscosity,MLP,4,7.418236276945871
CCCC(=O)OCC(COC(=O)CCC)OC(=O)CCC,viscosity,MLP,4,5.8337596425428835
CCCCCOCCOCCOC,viscosity,D-MPNN,0,2.0042605568537164
COCCOC(=O)OC1CCCC1,viscosity,D-MPNN,0,3.5931528175937437
CCCOC(=O)OCCOCCOCC,viscosity,D-MPNN,0,5.555987018726523
CCCCOC(=O)OCCOCCOC,viscosity,D-MPNN,0,5.624913156859359
CCCOC(CC)COCCOCCOC,viscosity,D-MPNN,0,4.511847493707893
CCCCOCCOCCOC(C)COCC,viscosity,D-MPNN,0,5.512905600556759
CCCOCCOCCOC(=O)OCCC,viscosity,D-MPNN,0,6.664693110503003
CCCCOC(=O)OCCOCCOCC,viscosity,D-MPNN,0,6.5951803159181654
CCCCOCCOCCOC(=O)OCC,viscosity,D-MPNN,0,6.070432390137924
CCCOC(=O)OCCOCCOCCOC,viscosity,D-MPNN,0,8.50537872512082
CCOC(=O)OCCCCOCCOCCOC,viscosity,D-MPNN,0,7.7206006420594555
CCCOC(=O)OCCOCCOCCOCC,viscosity,D-MPNN,0,9.94579427737925
CC(=O)OCCOCCOCCOC(C)=O,viscosity,D-MPNN,0,8.137270756358372
CCCOC(=O)OCCCCOC1COCC1OCCC,viscosity,D-MPNN,0,14.179844437212235
CCCCOC(=O)OCCCCOC1COCC1OCC,viscosity,D-MPNN,0,13.900763837177745
CCCOC(=O)OCCOCCOCC1CC(OCC)CO1,viscosity,D-MPNN,0,16.907684245620707
CCCCOC(=O)COCCCOC(=O)CC1CCCO1,viscosity,D-MPNN,0,17.051682345643062
CCCOC(COCC)(COC(=O)OCC)COC1CCOC1,viscosity,D-MPNN,0,15.54399134348964
CCCOC(=O)OC(COCC)(COCC)COC1CCOC1,viscosity,D-MPNN,0,17.631293953462897
CCCCOC(COC)(COC(=O)OCC)COC1CCOC1,viscosity,D-MPNN,0,16.761183002104893
CC(C)OCC(COCC1CCCO1)OC(=O)OC(C)C,viscosity,D-MPNN,0,13.123007222884741
CCCOC(COC(=O)OC)C(COC1CCOC1)OCCC,viscosity,D-MPNN,0,15.411223668177392
CCOC(=O)OCC(COCC(C)C)OCC1CCCO1,viscosity,D-MPNN,0,14.747464499955024
CCOCC(OCC)C(COC(COC)C1CCCO1)OCC1CCCO1,viscosity,D-MPNN,0,15.919842250483155
CCOCC(COC1CCOC1)(COC1CCOC1)OC(=O)OC1CCOC1,viscosity,D-MPNN,0,19.653216710815386
CCCC(=O)OC(COC(=O)COC)COC(C)COCC,viscosity,D-MPNN,0,12.273011258314307
CCCC(=O)OCC(OC(=O)CCC)C(=O)COC(C)C,viscosity,D-MPNN,0,10.272386441502077
CCCC(=O)OCC(COC(=O)CCC)OC(=O)CCC,viscosity,D-MPNN,0,6.289983135543439
CCCCCOCCOCCOC,viscosity,D-MPNN,1,1.7816141958792304
COCCOC(=O)OC1CCCC1,viscosity,D-MPNN,1,3.0176235414415298
CCCOC(=O)OCCOCCOCC,viscosity,D-MPNN,1,3.53096433055415
CCCCOC(=O)OCCOCCOC,viscosity,D-MPNN,1,3.430858401050762
CCCOC(CC)COCCOCCOC,viscosity,D-MPNN,1,3.1786348094892376
CCCCOCCOCCOC(C)COCC,viscosity,D-MPNN,1,4.015797551947681
CCCOCCOCCOC(=O)OCCC,viscosity,D-MPNN,1,3.9517413977960225
CCCCOC(=O)OCCOCCOCC,viscosity,D-MPNN,1,4.331691621907656
CCCCOCCOCCOC(=O)OCC,viscosity,D-MPNN,1,3.389897130827042
CCCOC(=O)OCCOCCOCCOC,viscosity,D-MPNN,1,5.040444698397472
CCOC(=O)OCCCCOCCOCCOC,viscosity,D-MPNN,1,4.333523872877378
CCCOC(=O)OCCOCCOCCOCC,viscosity,D-MPNN,1,6.658439534657185
CC(=O)OCCOCCOCCOC(C)=O,viscosity,D-MPNN,1,6.35698917569215
CCCOC(=O)OCCCCOC1COCC1OCCC,viscosity,D-MPNN,1,10.510464793643454
CCCCOC(=O)OCCCCOC1COCC1OCC,viscosity,D-MPNN,1,11.259196614075876
CCCOC(=O)OCCOCCOCC1CC(OCC)CO1,viscosity,D-MPNN,1,11.363288837412323
CCCCOC(=O)COCCCOC(=O)CC1CCCO1,viscosity,D-MPNN,1,16.283718946403077
CCCOC(COCC)(COC(=O)OCC)COC1CCOC1,viscosity,D-MPNN,1,15.019450734127473
CCCOC(=O)OC(COCC)(COCC)COC1CCOC1,viscosity,D-MPNN,1,16.05872919617723
CCCCOC(COC)(COC(=O)OCC)COC1CCOC1,viscosity,D-MPNN,1,15.011480347098727
CC(C)OCC(COCC1CCCO1)OC(=O)OC(C)C,viscosity,D-MPNN,1,13.251004847609352
CCCOC(COC(=O)OC)C(COC1CCOC1)OCCC,viscosity,D-MPNN,1,15.655379507307048
CCOC(=O)OCC(COCC(C)C)OCC1CCCO1,viscosity,D-MPNN,1,12.831675048851388
CCOCC(OCC)C(COC(COC)C1CCCO1)OCC1CCCO1,viscosity,D-MPNN,1,17.886060377812413
CCOCC(COC1CCOC1)(COC1CCOC1)OC(=O)OC1CCOC1,viscosity,D-MPNN,1,20.98443542278733
CCCC(=O)OC(COC(=O)COC)COC(C)COCC,viscosity,D-MPNN,1,13.316275939697311
CCCC(=O)OCC(OC(=O)CCC)C(=O)COC(C)C,viscosity,D-MPNN,1,10.714200548852139
CCCC(=O)OCC(COC(=O)CCC)OC(=O)CCC,viscosity,D-MPNN,1,7.506646803412962
CCCCCOCCOCCOC,viscosity,D-MPNN,2,1.8194434948977096
COCCOC(=O)OC1CCCC1,viscosity,D-MPNN,2,3.1941176635398807
CCCOC(=O)OCCOCCOCC,viscosity,D-MPNN,2,3.791839332587161
CCCCOC(=O)OCCOCCOC,viscosity,D-MPNN,2,3.505102760050123
CCCOC(CC)COCCOCCOC,viscosity,D-MPNN,2,3.7234247407857315
CCCCOCCOCCOC(C)COCC,viscosity,D-MPNN,2,4.324485522799719
CCCOCCOCCOC(=O)OCCC,viscosity,D-MPNN,2,4.799773566049449
CCCCOC(=O)OCCOCCOCC,viscosity,D-MPNN,2,4.605173857506685
CCCCOCCOCCOC(=O)OCC,viscosity,D-MPNN,2,3.958202811274047
CCCOC(=O)OCCOCCOCCOC,viscosity,D-MPNN,2,5.104205655381337
CCOC(=O)OCCCCOCCOCCOC,viscosity,D-MPNN,2,6.990136119318507
CCCOC(=O)OCCOCCOCCOCC,viscosity,D-MPNN,2,6.410749554399065
CC(=O)OCCOCCOCCOC(C)=O,viscosity,D-MPNN,2,5.260398615877897
CCCOC(=O)OCCCCOC1COCC1OCCC,viscosity,D-MPNN,2,12.792854383701751
CCCCOC(=O)OCCCCOC1COCC1OCC,viscosity,D-MPNN,2,12.897946199201476
CCCOC(=O)OCCOCCOCC1CC(OCC)CO1,viscosity,D-MPNN,2,9.905510889974202
CCCCOC(=O)COCCCOC(=O)CC1CCCO1,viscosity,D-MPNN,2,11.905680926544903
CCCOC(COCC)(COC(=O)OCC)COC1CCOC1,viscosity,D-MPNN,2,14.380921605232258
CCCOC(=O)OC(COCC)(COCC)COC1CCOC1,viscosity,D-MPNN,2,14.432962685046851
CCCCOC(COC)(COC(=O)OCC)COC1CCOC1,viscosity,D-MPNN,2,14.929869096583666
CC(C)OCC(COCC1CCCO1)OC(=O)OC(C)C,viscosity,D-MPNN,2,9.088636251537334
CCCOC(COC(=O)OC)C(COC1CCOC1)OCCC,viscosity,D-MPNN,2,11.48901466831201
CCOC(=O)OCC(COCC(C)C)OCC1CCCO1,viscosity,D-MPNN,2,9.436491472364983
CCOCC(OCC)C(COC(COC)C1CCCO1)OCC1CCCO1,viscosity,D-MPNN,2,13.874338603954842
CCOCC(COC1CCOC1)(COC1CCOC1)OC(=O)OC1CCOC1,viscosity,D-MPNN,2,33.081466620848175
CCCC(=O)OC(COC(=O)COC)COC(C)COCC,viscosity,D-MPNN,2,7.263963828482213
CCCC(=O)OCC(OC(=O)CCC)C(=O)COC(C)C,viscosity,D-MPNN,2,7.4278713991375005
CCCC(=O)OCC(COC(=O)CCC)OC(=O)CCC,viscosity,D-MPNN,2,4.750151533441936
CCCCCOCCOCCOC,viscosity,D-MPNN,3,2.535285255843492
COCCOC(=O)OC1CCCC1,viscosity,D-MPNN,3,3.8631356489731266
CCCOC(=O)OCCOCCOCC,viscosity,D-MPNN,3,4.636697369589406
CCCCOC(=O)OCCOCCOC,viscosity,D-MPNN,3,4.792699909549988
CCCOC(CC)COCCOCCOC,viscosity,D-MPNN,3,4.8239147418378
CCCCOCCOCCOC(C)COCC,viscosity,D-MPNN,3,5.51865286743162
CCCOCCOCCOC(=O)OCCC,viscosity,D-MPNN,3,5.5889142373282255
CCCCOC(=O)OCCOCCOCC,viscosity,D-MPNN,3,5.4832440561373685
CCCCOCCOCCOC(=O)OCC,viscosity,D-MPNN,3,5.425261102624512
CCCOC(=O)OCCOCCOCCOC,viscosity,D-MPNN,3,7.672756467551938
CCOC(=O)OCCCCOCCOCCOC,viscosity,D-MPNN,3,7.505104088766289
CCCOC(=O)OCCOCCOCCOCC,viscosity,D-MPNN,3,8.645505434024534
CC(=O)OCCOCCOCCOC(C)=O,viscosity,D-MPNN,3,5.886920885521145
CCCOC(=O)OCCCCOC1COCC1OCCC,viscosity,D-MPNN,3,13.70230923819042
CCCCOC(=O)OCCCCOC1COCC1OCC,viscosity,D-MPNN,3,13.425509272193372
CCCOC(=O)OCCOCCOCC1CC(OCC)CO1,viscosity,D-MPNN,3,15.380994390849946
CCCCOC(=O)COCCCOC(=O)CC1CCCO1,viscosity,D-MPNN,3,12.435701237468717
CCCOC(COCC)(COC(=O)OCC)COC1CCOC1,viscosity,D-MPNN,3,17.851324052208064
CCCOC(=O)OC(COCC)(COCC)COC1CCOC1,viscosity,D-MPNN,3,17.5698478346995
CCCCOC(COC)(COC(=O)OCC)COC1CCOC1,viscosity,D-MPNN,3,17.948869174457307
CC(C)OCC(COCC1CCCO1)OC(=O)OC(C)C,viscosity,D-MPNN,3,13.494374789182785
CCCOC(COC(=O)OC)C(COC1CCOC1)OCCC,viscosity,D-MPNN,3,17.056488720338905
CCOC(=O)OCC(COCC(C)C)OCC1CCCO1,viscosity,D-MPNN,3,14.543200898631502
CCOCC(OCC)C(COC(COC)C1CCCO1)OCC1CCCO1,viscosity,D-MPNN,3,23.571386008765305
CCOCC(COC1CCOC1)(COC1CCOC1)OC(=O)OC1CCOC1,viscosity,D-MPNN,3,31.762803022898844
CCCC(=O)OC(COC(=O)COC)COC(C)COCC,viscosity,D-MPNN,3,12.715498920909711
CCCC(=O)OCC(OC(=O)CCC)C(=O)COC(C)C,viscosity,D-MPNN,3,11.206586626029525
CCCC(=O)OCC(COC(=O)CCC)OC(=O)CCC,viscosity,D-MPNN,3,9.795777802362283
CCCCCOCCOCCOC,viscosity,D-MPNN,4,1.9298796093363906
COCCOC(=O)OC1CCCC1,viscosity,D-MPNN,4,3.272360390598178
CCCOC(=O)OCCOCCOCC,viscosity,D-MPNN,4,4.52843605503309
CCCCOC(=O)OCCOCCOC,viscosity,D-MPNN,4,4.111070133376869
CCCOC(CC)COCCOCCOC,viscosity,D-MPNN,4,4.532238745957948
CCCCOCCOCCOC(C)COCC,viscosity,D-MPNN,4,5.289293700647366
CCCOCCOCCOC(=O)OCCC,viscosity,D-MPNN,4,5.449228823954809
CCCCOC(=O)OCCOCCOCC,viscosity,D-MPNN,4,5.413282929532306
CCCCOCCOCCOC(=O)OCC,viscosity,D-MPNN,4,4.65567818788806
CCCOC(=O)OCCOCCOCCOC,viscosity,D-MPNN,4,6.27674865368494
CCOC(=O)OCCCCOCCOCCOC,viscosity,D-MPNN,4,7.7662280861678505
CCCOC(=O)OCCOCCOCCOCC,viscosity,D-MPNN,4,8.280968075906355
CC(=O)OCCOCCOCCOC(C)=O,viscosity,D-MPNN,4,6.404356923462346
CCCOC(=O)OCCCCOC1COCC1OCCC,viscosity,D-MPNN,4,14.914666531612419
CCCCOC(=O)OCCCCOC1COCC1OCC,viscosity,D-MPNN,4,14.235917583764373
CCCOC(=O)OCCOCCOCC1CC(OCC)CO1,viscosity,D-MPNN,4,15.854478302983916
CCCCOC(=O)COCCCOC(=O)CC1CCCO1,viscosity,D-MPNN,4,13.639165104485894
CCCOC(COCC)(COC(=O)OCC)COC1CCOC1,viscosity,D-MPNN,4,13.405753667312064
CCCOC(=O)OC(COCC)(COCC)COC1CCOC1,viscosity,D-MPNN,4,12.852161954472766
CCCCOC(COC)(COC(=O)OCC)COC1CCOC1,viscosity,D-MPNN,4,13.922738839428881
CC(C)OCC(COCC1CCCO1)OC(=O)OC(C)C,viscosity,D-MPNN,4,13.465098874229502
CCCOC(COC(=O)OC)C(COC1CCOC1)OCCC,viscosity,D-MPNN,4,14.33889489480464
CCOC(=O)OCC(COCC(C)C)OCC1CCCO1,viscosity,D-MPNN,4,14.281128839700099
CCOCC(OCC)C(COC(COC)C1CCCO1)OCC1CCCO1,viscosity,D-MPNN,4,15.956609028217608
CCOCC(COC1CCOC1)(COC1CCOC1)OC(=O)OC1CCOC1,viscosity,D-MPNN,4,14.680864226767325
CCCC(=O)OC(COC(=O)COC)COC(C)COCC,viscosity,D-MPNN,4,10.864409711390714
CCCC(=O)OCC(OC(=O)CCC)C(=O)COC(C)C,viscosity,D-MPNN,4,9.626459222120875
CCCC(=O)OCC(COC(=O)CCC)OC(=O)CCC,viscosity,D-MPNN,4,5.946586950587703
CCCCCOCCOCCOC,viscosity,Uni-Mol,0,2.039612315577081
COCCOC(=O)OC1CCCC1,viscosity,Uni-Mol,0,3.651341847907735
CCCOC(=O)OCCOCCOCC,viscosity,Uni-Mol,0,3.7048286270515907
CCCCOC(=O)OCCOCCOC,viscosity,Uni-Mol,0,3.763945842974042
CCCOC(CC)COCCOCCOC,viscosity,Uni-Mol,0,4.544121384054623
CCCCOCCOCCOC(C)COCC,viscosity,Uni-Mol,0,5.809858350813144
CCCOCCOCCOC(=O)OCCC,viscosity,Uni-Mol,0,3.9167789550097734
CCCCOC(=O)OCCOCCOCC,viscosity,Uni-Mol,0,4.4148185230900285
CCCCOCCOCCOC(=O)OCC,viscosity,Uni-Mol,0,3.477826440705327
CCCOC(=O)OCCOCCOCCOC,viscosity,Uni-Mol,0,4.378263414668933
CCOC(=O)OCCCCOCCOCCOC,viscosity,Uni-Mol,0,4.980642272035636
CCCOC(=O)OCCOCCOCCOCC,viscosity,Uni-Mol,0,4.790422852037821
CC(=O)OCCOCCOCCOC(C)=O,viscosity,Uni-Mol,0,7.784458874642634
CCCOC(=O)OCCCCOC1COCC1OCCC,viscosity,Uni-Mol,0,6.3597698489437535
CCCCOC(=O)OCCCCOC1COCC1OCC,viscosity,Uni-Mol,0,5.984974546814224
CCCOC(=O)OCCOCCOCC1CC(OCC)CO1,viscosity,Uni-Mol,0,6.914613050274426
CCCCOC(=O)COCCCOC(=O)CC1CCCO1,viscosity,Uni-Mol,0,10.369146015140535
CCCOC(COCC)(COC(=O)OCC)COC1CCOC1,viscosity,Uni-Mol,0,8.481017658053435
CCCOC(=O)OC(COCC)(COCC)COC1CCOC1,viscosity,Uni-Mol,0,9.106326476443083
CCCCOC(COC)(COC(=O)OCC)COC1CCOC1,viscosity,Uni-Mol,0,8.638867047432365
CC(C)OCC(COCC1CCCO1)OC(=O)OC(C)C,viscosity,Uni-Mol,0,7.62242197154873
CCCOC(COC(=O)OC)C(COC1CCOC1)OCCC,viscosity,Uni-Mol,0,8.014055367188167
CCOC(=O)OCC(COCC(C)C)OCC1CCCO1,viscosity,Uni-Mol,0,6.423927947580304
CCOCC(OCC)C(COC(COC)C1CCCO1)OCC1CCCO1,viscosity,Uni-Mol,0,10.352341786760576
CCOCC(COC1CCOC1)(COC1CCOC1)OC(=O)OC1CCOC1,viscosity,Uni-Mol,0,10.317798569367014
CCCC(=O)OC(COC(=O)COC)COC(C)COCC,viscosity,Uni-Mol,0,7.801995830099834
CCCC(=O)OCC(OC(=O)CCC)C(=O)COC(C)C,viscosity,Uni-Mol,0,7.649604682628706
CCCC(=O)OCC(COC(=O)CCC)OC(=O)CCC,viscosity,Uni-Mol,0,5.4779526258329545
CCCCCOCCOCCOC,viscosity,Uni-Mol,1,1.9169408744265244
COCCOC(=O)OC1CCCC1,viscosity,Uni-Mol,1,3.6433680144523097
CCCOC(=O)OCCOCCOCC,viscosity,Uni-Mol,1,4.212953215198265
CCCCOC(=O)OCCOCCOC,viscosity,Uni-Mol,1,3.4324089583541553
CCCOC(CC)COCCOCCOC,viscosity,Uni-Mol,1,4.464010586094411
CCCCOCCOCCOC(C)COCC,viscosity,Uni-Mol,1,5.789594412623211
CCCOCCOCCOC(=O)OCCC,viscosity,Uni-Mol,1,3.99209270080506
CCCCOC(=O)OCCOCCOCC,viscosity,Uni-Mol,1,4.549305346592719
CCCCOCCOCCOC(=O)OCC,viscosity,Uni-Mol,1,3.490285517290973
CCCOC(=O)OCCOCCOCCOC,viscosity,Uni-Mol,1,5.268900448341782
CCOC(=O)OCCCCOCCOCCOC,viscosity,Uni-Mol,1,4.883004883900686
CCCOC(=O)OCCOCCOCCOCC,viscosity,Uni-Mol,1,6.440190815934154
CC(=O)OCCOCCOCCOC(C)=O,viscosity,Uni-Mol,1,7.730256727452171
CCCOC(=O)OCCCCOC1COCC1OCCC,viscosity,Uni-Mol,1,6.927054313847387
CCCCOC(=O)OCCCCOC1COCC1OCC,viscosity,Uni-Mol,1,7.329746241868629
CCCOC(=O)OCCOCCOCC1CC(OCC)CO1,viscosity,Uni-Mol,1,7.439709779934246
CCCCOC(=O)COCCCOC(=O)CC1CCCO1,viscosity,Uni-Mol,1,9.781350858577857
CCCOC(COCC)(COC(=O)OCC)COC1CCOC1,viscosity,Uni-Mol,1,8.799017387118493
CCCOC(=O)OC(COCC)(COCC)COC1CCOC1,viscosity,Uni-Mol,1,9.235713328299
CCCCOC(COC)(COC(=O)OCC)COC1CCOC1,viscosity,Uni-Mol,1,8.545211541193025
CC(C)OCC(COCC1CCCO1)OC(=O)OC(C)C,viscosity,Uni-Mol,1,8.095039010457205
CCCOC(COC(=O)OC)C(COC1CCOC1)OCCC,viscosity,Uni-Mol,1,8.680393012367787
CCOC(=O)OCC(COCC(C)C)OCC1CCCO1,viscosity,Uni-Mol,1,6.395363872027861
CCOCC(OCC)C(COC(COC)C1CCCO1)OCC1CCCO1,viscosity,Uni-Mol,1,10.054868215998606
CCOCC(COC1CCOC1)(COC1CCOC1)OC(=O)OC1CCOC1,viscosity,Uni-Mol,1,10.337703064138719
CCCC(=O)OC(COC(=O)COC)COC(C)COCC,viscosity,Uni-Mol,1,6.744327131246632
CCCC(=O)OCC(OC(=O)CCC)C(=O)COC(C)C,viscosity,Uni-Mol,1,7.715544921677964
CCCC(=O)OCC(COC(=O)CCC)OC(=O)CCC,viscosity,Uni-Mol,1,6.61092266137735
CCCCCOCCOCCOC,viscosity,Uni-Mol,2,2.057077567714785
COCCOC(=O)OC1CCCC1,viscosity,Uni-Mol,2,3.7701110475459982
CCCOC(=O)OCCOCCOCC,viscosity,Uni-Mol,2,4.109940685391229
CCCCOC(=O)OCCOCCOC,viscosity,Uni-Mol,2,3.542104909571903
CCCOC(CC)COCCOCCOC,viscosity,Uni-Mol,2,4.661293237387123
CCCCOCCOCCOC(C)COCC,viscosity,Uni-Mol,2,5.206496530534963
CCCOCCOCCOC(=O)OCCC,viscosity,Uni-Mol,2,4.073087099875724
CCCCOC(=O)OCCOCCOCC,viscosity,Uni-Mol,2,4.344663492876986
CCCCOCCOCCOC(=O)OCC,viscosity,Uni-Mol,2,3.7640810066621095
CCCOC(=O)OCCOCCOCCOC,viscosity,Uni-Mol,2,4.980039861218844
CCOC(=O)OCCCCOCCOCCOC,viscosity,Uni-Mol,2,4.647071189842819
CCCOC(=O)OCCOCCOCCOCC,viscosity,Uni-Mol,2,5.910092615558328
CC(=O)OCCOCCOCCOC(C)=O,viscosity,Uni-Mol,2,7.724850780737725
CCCOC(=O)OCCCCOC1COCC1OCCC,viscosity,Uni-Mol,2,6.903246439676667
CCCCOC(=O)OCCCCOC1COCC1OCC,viscosity,Uni-Mol,2,6.37795875785417
CCCOC(=O)OCCOCCOCC1CC(OCC)CO1,viscosity,Uni-Mol,2,7.202392722516231
CCCCOC(=O)COCCCOC(=O)CC1CCCO1,viscosity,Uni-Mol,2,9.878269211757447
CCCOC(COCC)(COC(=O)OCC)COC1CCOC1,viscosity,Uni-Mol,2,9.58306240733647
CCCOC(=O)OC(COCC)(COCC)COC1CCOC1,viscosity,Uni-Mol,2,10.78133213543977
CCCCOC(COC)(COC(=O)OCC)COC1CCOC1,viscosity,Uni-Mol,2,9.926598713557928
CC(C)OCC(COCC1CCCO1)OC(=O)OC(C)C,viscosity,Uni-Mol,2,7.892244318771602
CCCOC(COC(=O)OC)C(COC1CCOC1)OCCC,viscosity,Uni-Mol,2,10.11575886591815
CCOC(=O)OCC(COCC(C)C)OCC1CCCO1,viscosity,Uni-Mol,2,8.4232993972963
CCOCC(OCC)C(COC(COC)C1CCCO1)OCC1CCCO1,viscosity,Uni-Mol,2,11.66437996173514
CCOCC(COC1CCOC1)(COC1CCOC1)OC(=O)OC1CCOC1,viscosity,Uni-Mol,2,12.499250852713907
CCCC(=O)OC(COC(=O)COC)COC(C)COCC,viscosity,Uni-Mol,2,7.415999381627498
CCCC(=O)OCC(OC(=O)CCC)C(=O)COC(C)C,viscosity,Uni-Mol,2,6.5709763316320435
CCCC(=O)OCC(COC(=O)CCC)OC(=O)CCC,viscosity,Uni-Mol,2,5.458908086199161
CCCCCOCCOCCOC,viscosity,Uni-Mol,3,1.889228464242607
COCCOC(=O)OC1CCCC1,viscosity,Uni-Mol,3,3.9507226602368326
CCCOC(=O)OCCOCCOCC,viscosity,Uni-Mol,3,3.5041106540596916
CCCCOC(=O)OCCOCCOC,viscosity,Uni-Mol,3,3.6677045260763927
CCCOC(CC)COCCOCCOC,viscosity,Uni-Mol,3,5.093249247063929
CCCCOCCOCCOC(C)COCC,viscosity,Uni-Mol,3,7.698783708620584
CCCOCCOCCOC(=O)OCCC,viscosity,Uni-Mol,3,4.143633851745227
CCCCOC(=O)OCCOCCOCC,viscosity,Uni-Mol,3,5.019183134156153
CCCCOCCOCCOC(=O)OCC,viscosity,Uni-Mol,3,4.035365284221591
CCCOC(=O)OCCOCCOCCOC,viscosity,Uni-Mol,3,4.466226313375141
CCOC(=O)OCCCCOCCOCCOC,viscosity,Uni-Mol,3,5.12169697825862
CCCOC(=O)OCCOCCOCCOCC,viscosity,Uni-Mol,3,5.529438541104007
CC(=O)OCCOCCOCCOC(C)=O,viscosity,Uni-Mol,3,4.314564364537437
CCCOC(=O)OCCCCOC1COCC1OCCC,viscosity,Uni-Mol,3,8.225501133269903
CCCCOC(=O)OCCCCOC1COCC1OCC,viscosity,Uni-Mol,3,8.69049109640441
CCCOC(=O)OCCOCCOCC1CC(OCC)CO1,viscosity,Uni-Mol,3,9.359220939781707
CCCCOC(=O)COCCCOC(=O)CC1CCCO1,viscosity,Uni-Mol,3,9.309757554299622
CCCOC(COCC)(COC(=O)OCC)COC1CCOC1,viscosity,Uni-Mol,3,8.447473278379785
CCCOC(=O)OC(COCC)(COCC)COC1CCOC1,viscosity,Uni-Mol,3,9.132800930651715
CCCCOC(COC)(COC(=O)OCC)COC1CCOC1,viscosity,Uni-Mol,3,9.620778101116015
CC(C)OCC(COCC1CCCO1)OC(=O)OC(C)C,viscosity,Uni-Mol,3,8.497743907262533
CCCOC(COC(=O)OC)C(COC1CCOC1)OCCC,viscosity,Uni-Mol,3,9.395432525766816
CCOC(=O)OCC(COCC(C)C)OCC1CCCO1,viscosity,Uni-Mol,3,7.279301161045995
CCOCC(OCC)C(COC(COC)C1CCCO1)OCC1CCCO1,viscosity,Uni-Mol,3,10.530169459937241
CCOCC(COC1CCOC1)(COC1CCOC1)OC(=O)OC1CCOC1,viscosity,Uni-Mol,3,11.360932704614118
CCCC(=O)OC(COC(=O)COC)COC(C)COCC,viscosity,Uni-Mol,3,8.352874035843989
CCCC(=O)OCC(OC(=O)CCC)C(=O)COC(C)C,viscosity,Uni-Mol,3,8.24731984564116
CCCC(=O)OCC(COC(=O)CCC)OC(=O)CCC,viscosity,Uni-Mol,3,5.548724613361391
CCCCCOCCOCCOC,viscosity,Uni-Mol,4,1.832059149394282
COCCOC(=O)OC1CCCC1,viscosity,Uni-Mol,4,3.47426688640038
CCCOC(=O)OCCOCCOCC,viscosity,Uni-Mol,4,3.6956546339665417
CCCCOC(=O)OCCOCCOC,viscosity,Uni-Mol,4,3.5726132012189815
CCCOC(CC)COCCOCCOC,viscosity,Uni-Mol,4,4.1733119021769465
CCCCOCCOCCOC(C)COCC,viscosity,Uni-Mol,4,5.940644370529766
CCCOCCOCCOC(=O)OCCC,viscosity,Uni-Mol,4,3.834555031570719
CCCCOC(=O)OCCOCCOCC,viscosity,Uni-Mol,4,4.725783417489703
CCCCOCCOCCOC(=O)OCC,viscosity,Uni-Mol,4,3.53172722741468
CCCOC(=O)OCCOCCOCCOC,viscosity,Uni-Mol,4,4.45507016482573
CCOC(=O)OCCCCOCCOCCOC,viscosity,Uni-Mol,4,5.207745560205825
CCCOC(=O)OCCOCCOCCOCC,viscosity,Uni-Mol,4,5.729259134420261
CC(=O)OCCOCCOCCOC(C)=O,viscosity,Uni-Mol,4,7.818045536898603
CCCOC(=O)OCCCCOC1COCC1OCCC,viscosity,Uni-Mol,4,6.470689383238359
CCCCOC(=O)OCCCCOC1COCC1OCC,viscosity,Uni-Mol,4,6.515111034812387
CCCOC(=O)OCCOCCOCC1CC(OCC)CO1,viscosity,Uni-Mol,4,5.905438364331884
CCCCOC(=O)COCCCOC(=O)CC1CCCO1,viscosity,Uni-Mol,4,8.19844925126421
CCCOC(COCC)(COC(=O)OCC)COC1CCOC1,viscosity,Uni-Mol,4,8.365296125180947
CCCOC(=O)OC(COCC)(COCC)COC1CCOC1,viscosity,Uni-Mol,4,10.102364863231712
CCCCOC(COC)(COC(=O)OCC)COC1CCOC1,viscosity,Uni-Mol,4,9.095121121986729
CC(C)OCC(COCC1CCCO1)OC(=O)OC(C)C,viscosity,Uni-Mol,4,8.84049893360571
CCCOC(COC(=O)OC)C(COC1CCOC1)OCCC,viscosity,Uni-Mol,4,8.566762206459472
CCOC(=O)OCC(COCC(C)C)OCC1CCCO1,viscosity,Uni-Mol,4,7.244438019771745
CCOCC(OCC)C(COC(COC)C1CCCO1)OCC1CCCO1,viscosity,Uni-Mol,4,10.620091926608467
CCOCC(COC1CCOC1)(COC1CCOC1)OC(=O)OC1CCOC1,viscosity,Uni-Mol,4,12.924904298024636
CCCC(=O)OC(COC(=O)COC)COC(C)COCC,viscosity,Uni-Mol,4,7.041538943594964
CCCC(=O)OCC(OC(=O)CCC)C(=O)COC(C)C,viscosity,Uni-Mol,4,6.864176669581018
CCCC(=O)OCC(COC(=O)CCC)OC(=O)CCC,viscosity,Uni-Mol,4,5.489328314858232
CCCCCOCCOCCOC,tc,XGBoost,0,0.1648479700088501
COCCOC(=O)OC1CCCC1,tc,XGBoost,0,0.1735590547323227
CCCOC(=O)OCCOCCOCC,tc,XGBoost,0,0.190827414393425
CCCCOC(=O)OCCOCCOC,tc,XGBoost,0,0.19058968126773834
CCCOC(CC)COCCOCCOC,tc,XGBoost,0,0.1861732453107834
CCCCOCCOCCOC(C)COCC,tc,XGBoost,0,0.1859906017780304
CCCOCCOCCOC(=O)OCCC,tc,XGBoost,0,0.19627737998962402
CCCCOC(=O)OCCOCCOCC,tc,XGBoost,0,0.19628703594207764
CCCCOCCOCCOC(=O)OCC,tc,XGBoost,0,0.19601331651210785
CCCOC(=O)OCCOCCOCCOC,tc,XGBoost,0,0.20368875563144684
CCOC(=O)OCCCCOCCOCCOC,tc,XGBoost,0,0.20428718626499176
CCCOC(=O)OCCOCCOCCOCC,tc,XGBoost,0,0.20492646098136902
CC(=O)OCCOCCOCCOC(C)=O,tc,XGBoost,0,0.19764913618564606
CCCOC(=O)OCCCCOC1COCC1OCCC,tc,XGBoost,0,0.20359750092029572
CCCCOC(=O)OCCCCOC1COCC1OCC,tc,XGBoost,0,0.20270752906799316
CCCOC(=O)OCCOCCOCC1CC(OCC)CO1,tc,XGBoost,0,0.21110199391841888
CCCCOC(=O)COCCCOC(=O)CC1CCCO1,tc,XGBoost,0,0.19948385655879974
CCCOC(COCC)(COC(=O)OCC)COC1CCOC1,tc,XGBoost,0,0.18894393742084503
CCCOC(=O)OC(COCC)(COCC)COC1CCOC1,tc,XGBoost,0,0.18847501277923584
CCCCOC(COC)(COC(=O)OCC)COC1CCOC1,tc,XGBoost,0,0.187025785446167
CC(C)OCC(COCC1CCCO1)OC(=O)OC(C)C,tc,XGBoost,0,0.17843389511108398
CCCOC(COC(=O)OC)C(COC1CCOC1)OCCC,tc,XGBoost,0,0.19422893226146698
CCOC(=O)OCC(COCC(C)C)OCC1CCCO1,tc,XGBoost,0,0.1866927593946457
CCOCC(OCC)C(COC(COC)C1CCCO1)OCC1CCCO1,tc,XGBoost,0,0.20726105570793152
CCOCC(COC1CCOC1)(COC1CCOC1)OC(=O)OC1CCOC1,tc,XGBoost,0,0.20717547833919525
CCCC(=O)OC(COC(=O)COC)COC(C)COCC,tc,XGBoost,0,0.18564078211784363
CCCC(=O)OCC(OC(=O)CCC)C(=O)COC(C)C,tc,XGBoost,0,0.18898898363113403
CCCC(=O)OCC(COC(=O)CCC)OC(=O)CCC,tc,XGBoost,0,0.1805630475282669
CCCCCOCCOCCOC,tc,XGBoost,1,0.17621362209320068
COCCOC(=O)OC1CCCC1,tc,XGBoost,1,0.1814424842596054
CCCOC(=O)OCCOCCOCC,tc,XGBoost,1,0.1955682933330536
CCCCOC(=O)OCCOCCOC,tc,XGBoost,1,0.195642352104187
CCCOC(CC)COCCOCCOC,tc,XGBoost,1,0.1856420785188675
CCCCOCCOCCOC(C)COCC,tc,XGBoost,1,0.18825112283229828
CCCOCCOCCOC(=O)OCCC,tc,XGBoost,1,0.19743798673152924
CCCCOC(=O)OCCOCCOCC,tc,XGBoost,1,0.19766247272491455
CCCCOCCOCCOC(=O)OCC,tc,XGBoost,1,0.19702191650867462
CCCOC(=O)OCCOCCOCCOC,tc,XGBoost,1,0.20702198147773743
CCOC(=O)OCCCCOCCOCCOC,tc,XGBoost,1,0.20582425594329834
CCCOC(=O)OCCOCCOCCOCC,tc,XGBoost,1,0.20712848007678986
CC(=O)OCCOCCOCCOC(C)=O,tc,XGBoost,1,0.19586943089962006
CCCOC(=O)OCCCCOC1COCC1OCCC,tc,XGBoost,1,0.19953620433807373
CCCCOC(=O)OCCCCOC1COCC1OCC,tc,XGBoost,1,0.19930300116539001
CCCOC(=O)OCCOCCOCC1CC(OCC)CO1,tc,XGBoost,1,0.20813636481761932
CCCCOC(=O)COCCCOC(=O)CC1CCCO1,tc,XGBoost,1,0.1946658194065094
CCCOC(COCC)(COC(=O)OCC)COC1CCOC1,tc,XGBoost,1,0.1845165640115738
CCCOC(=O)OC(COCC)(COCC)COC1CCOC1,tc,XGBoost,1,0.18438532948493958
CCCCOC(COC)(COC(=O)OCC)COC1CCOC1,tc,XGBoost,1,0.18400314450263977
CC(C)OCC(COCC1CCCO1)OC(=O)OC(C)C,tc,XGBoost,1,0.17601393163204193
CCCOC(COC(=O)OC)C(COC1CCOC1)OCCC,tc,XGBoost,1,0.1918037235736847
CCOC(=O)OCC(COCC(C)C)OCC1CCCO1,tc,XGBoost,1,0.18482361733913422
CCOCC(OCC)C(COC(COC)C1CCCO1)OCC1CCCO1,tc,XGBoost,1,0.20152927935123444
CCOCC(COC1CCOC1)(COC1CCOC1)OC(=O)OC1CCOC1,tc,XGBoost,1,0.1955139935016632
CCCC(=O)OC(COC(=O)COC)COC(C)COCC,tc,XGBoost,1,0.18677571415901184
CCCC(=O)OCC(OC(=O)CCC)C(=O)COC(C)C,tc,XGBoost,1,0.1827974021434784
CCCC(=O)OCC(COC(=O)CCC)OC(=O)CCC,tc,XGBoost,1,0.18554218113422394
CCCCCOCCOCCOC,tc,XGBoost,2,0.16763299703598022
COCCOC(=O)OC1CCCC1,tc,XGBoost,2,0.17576570808887482
CCCOC(=O)OCCOCCOCC,tc,XGBoost,2,0.18378818035125732
CCCCOC(=O)OCCOCCOC,tc,XGBoost,2,0.1824747920036316
CCCOC(CC)COCCOCCOC,tc,XGBoost,2,0.19258341193199158
CCCCOCCOCCOC(C)COCC,tc,XGBoost,2,0.19065770506858826
CCCOCCOCCOC(=O)OCCC,tc,XGBoost,2,0.18351233005523682
CCCCOC(=O)OCCOCCOCC,tc,XGBoost,2,0.1832134872674942
CCCCOCCOCCOC(=O)OCC,tc,XGBoost,2,0.18233837187290192
CCCOC(=O)OCCOCCOCCOC,tc,XGBoost,2,0.20190419256687164
CCOC(=O)OCCCCOCCOCCOC,tc,XGBoost,2,0.2010207325220108
CCCOC(=O)OCCOCCOCCOCC,tc,XGBoost,2,0.20195817947387695
CC(=O)OCCOCCOCCOC(C)=O,tc,XGBoost,2,0.19575336575508118
CCCOC(=O)OCCCCOC1COCC1OCCC,tc,XGBoost,2,0.1811109483242035
CCCCOC(=O)OCCCCOC1COCC1OCC,tc,XGBoost,2,0.18148818612098694
CCCOC(=O)OCCOCCOCC1CC(OCC)CO1,tc,XGBoost,2,0.20018865168094635
CCCCOC(=O)COCCCOC(=O)CC1CCCO1,tc,XGBoost,2,0.19025389850139618
CCCOC(COCC)(COC(=O)OCC)COC1CCOC1,tc,XGBoost,2,0.1779966503381729
CCCOC(=O)OC(COCC)(COCC)COC1CCOC1,tc,XGBoost,2,0.17614495754241943
CCCCOC(COC)(COC(=O)OCC)COC1CCOC1,tc,XGBoost,2,0.17532293498516083
CC(C)OCC(COCC1CCCO1)OC(=O)OC(C)C,tc,XGBoost,2,0.16473452746868134
CCCOC(COC(=O)OC)C(COC1CCOC1)OCCC,tc,XGBoost,2,0.18199238181114197
CCOC(=O)OCC(COCC(C)C)OCC1CCCO1,tc,XGBoost,2,0.17050281167030334
CCOCC(OCC)C(COC(COC)C1CCCO1)OCC1CCCO1,tc,XGBoost,2,0.20079553127288818
CCOCC(COC1CCOC1)(COC1CCOC1)OC(=O)OC1CCOC1,tc,XGBoost,2,0.1919061690568924
CCCC(=O)OC(COC(=O)COC)COC(C)COCC,tc,XGBoost,2,0.1846747100353241
CCCC(=O)OCC(OC(=O)CCC)C(=O)COC(C)C,tc,XGBoost,2,0.17080256342887878
CCCC(=O)OCC(COC(=O)CCC)OC(=O)CCC,tc,XGBoost,2,0.18162550032138824
CCCCCOCCOCCOC,tc,XGBoost,3,0.1671324074268341
COCCOC(=O)OC1CCCC1,tc,XGBoost,3,0.173781156539917
CCCOC(=O)OCCOCCOCC,tc,XGBoost,3,0.18915681540966034
CCCCOC(=O)OCCOCCOC,tc,XGBoost,3,0.1890624463558197
CCCOC(CC)COCCOCCOC,tc,XGBoost,3,0.1852881908416748
CCCCOCCOCCOC(C)COCC,tc,XGBoost,3,0.18502870202064514
CCCOCCOCCOC(=O)OCCC,tc,XGBoost,3,0.19370436668395996
CCCCOC(=O)OCCOCCOCC,tc,XGBoost,3,0.19329851865768433
CCCCOCCOCCOC(=O)OCC,tc,XGBoost,3,0.19189037382602692
CCCOC(=O)OCCOCCOCCOC,tc,XGBoost,3,0.20423640310764313
CCOC(=O)OCCCCOCCOCCOC,tc,XGBoost,3,0.19957908987998962
CCCOC(=O)OCCOCCOCCOCC,tc,XGBoost,3,0.20098330080509186
CC(=O)OCCOCCOCCOC(C)=O,tc,XGBoost,3,0.18485982716083527
CCCOC(=O)OCCCCOC1COCC1OCCC,tc,XGBoost,3,0.20305979251861572
CCCCOC(=O)OCCCCOC1COCC1OCC,tc,XGBoost,3,0.2031443864107132
CCCOC(=O)OCCOCCOCC1CC(OCC)CO1,tc,XGBoost,3,0.2064555287361145
CCCCOC(=O)COCCCOC(=O)CC1CCCO1,tc,XGBoost,3,0.18707053363323212
CCCOC(COCC)(COC(=O)OCC)COC1CCOC1,tc,XGBoost,3,0.19503021240234375
CCCOC(=O)OC(COCC)(COCC)COC1CCOC1,tc,XGBoost,3,0.19604702293872833
CCCCOC(COC)(COC(=O)OCC)COC1CCOC1,tc,XGBoost,3,0.19433550536632538
CC(C)OCC(COCC1CCCO1)OC(=O)OC(C)C,tc,XGBoost,3,0.18900816142559052
CCCOC(COC(=O)OC)C(COC1CCOC1)OCCC,tc,XGBoost,3,0.1943020075559616
CCOC(=O)OCC(COCC(C)C)OCC1CCCO1,tc,XGBoost,3,0.1941031962633133
CCOCC(OCC)C(COC(COC)C1CCCO1)OCC1CCCO1,tc,XGBoost,3,0.21156594157218933
CCOCC(COC1CCOC1)(COC1CCOC1)OC(=O)OC1CCOC1,tc,XGBoost,3,0.20861507952213287
CCCC(=O)OC(COC(=O)COC)COC(C)COCC,tc,XGBoost,3,0.18533805012702942
CCCC(=O)OCC(OC(=O)CCC)C(=O)COC(C)C,tc,XGBoost,3,0.18409258127212524
CCCC(=O)OCC(COC(=O)CCC)OC(=O)CCC,tc,XGBoost,3,0.18168297410011292
CCCCCOCCOCCOC,tc,XGBoost,4,0.16572588682174683
COCCOC(=O)OC1CCCC1,tc,XGBoost,4,0.1736273318529129
CCCOC(=O)OCCOCCOCC,tc,XGBoost,4,0.19451671838760376
CCCCOC(=O)OCCOCCOC,tc,XGBoost,4,0.19508327543735504
CCCOC(CC)COCCOCCOC,tc,XGBoost,4,0.18320238590240479
CCCCOCCOCCOC(C)COCC,tc,XGBoost,4,0.18276287615299225
CCCOCCOCCOC(=O)OCCC,tc,XGBoost,4,0.1941036581993103
CCCCOC(=O)OCCOCCOCC,tc,XGBoost,4,0.19439619779586792
CCCCOCCOCCOC(=O)OCC,tc,XGBoost,4,0.19451774656772614
CCCOC(=O)OCCOCCOCCOC,tc,XGBoost,4,0.2056879699230194
CCOC(=O)OCCCCOCCOCCOC,tc,XGBoost,4,0.20840789377689362
CCCOC(=O)OCCOCCOCCOCC,tc,XGBoost,4,0.2096628099679947
CC(=O)OCCOCCOCCOC(C)=O,tc,XGBoost,4,0.19741789996623993
CCCOC(=O)OCCCCOC1COCC1OCCC,tc,XGBoost,4,0.20452646911144257
CCCCOC(=O)OCCCCOC1COCC1OCC,tc,XGBoost,4,0.20283889770507812
CCCOC(=O)OCCOCCOCC1CC(OCC)CO1,tc,XGBoost,4,0.21904370188713074
CCCCOC(=O)COCCCOC(=O)CC1CCCO1,tc,XGBoost,4,0.19259575009346008
CCCOC(COCC)(COC(=O)OCC)COC1CCOC1,tc,XGBoost,4,0.20576836168766022
CCCOC(=O)OC(COCC)(COCC)COC1CCOC1,tc,XGBoost,4,0.20534980297088623
CCCCOC(COC)(COC(=O)OCC)COC1CCOC1,tc,XGBoost,4,0.20422841608524323
CC(C)OCC(COCC1CCCO1)OC(=O)OC(C)C,tc,XGBoost,4,0.18494515120983124
CCCOC(COC(=O)OC)C(COC1CCOC1)OCCC,tc,XGBoost,4,0.19618992507457733
CCOC(=O)OCC(COCC(C)C)OCC1CCCO1,tc,XGBoost,4,0.19354447722434998
CCOCC(OCC)C(COC(COC)C1CCCO1)OCC1CCCO1,tc,XGBoost,4,0.21784664690494537
CCOCC(COC1CCOC1)(COC1CCOC1)OC(=O)OC1CCOC1,tc,XGBoost,4,0.21596911549568176
CCCC(=O)OC(COC(=O)COC)COC(C)COCC,tc,XGBoost,4,0.18073254823684692
CCCC(=O)OCC(OC(=O)CCC)C(=O)COC(C)C,tc,XGBoost,4,0.16979293525218964
CCCC(=O)OCC(COC(=O)CCC)OC(=O)CCC,tc,XGBoost,4,0.1807289719581604
CCCCCOCCOCCOC,tc,MLP,0,0.16688936828614265
COCCOC(=O)OC1CCCC1,tc,MLP,0,0.16315307084474
CCCOC(=O)OCCOCCOCC,tc,MLP,0,0.19158994983600675
CCCCOC(=O)OCCOCCOC,tc,MLP,0,0.1931004505605296
CCCOC(CC)COCCOCCOC,tc,MLP,0,0.18774124646607487
CCCCOCCOCCOC(C)COCC,tc,MLP,0,0.19197962545793373
CCCOCCOCCOC(=O)OCCC,tc,MLP,0,0.19520551656225676
CCCCOC(=O)OCCOCCOCC,tc,MLP,0,0.19345038326637018
CCCCOCCOCCOC(=O)OCC,tc,MLP,0,0.19516870558543437
CCCOC(=O)OCCOCCOCCOC,tc,MLP,0,0.21046597148383156
CCOC(=O)OCCCCOCCOCCOC,tc,MLP,0,0.2104166142240621
CCCOC(=O)OCCOCCOCCOCC,tc,MLP,0,0.20955470417566865
CC(=O)OCCOCCOCCOC(C)=O,tc,MLP,0,0.1942605002082637
CCCOC(=O)OCCCCOC1COCC1OCCC,tc,MLP,0,0.19848873620479918
CCCCOC(=O)OCCCCOC1COCC1OCC,tc,MLP,0,0.19746442029261593
CCCOC(=O)OCCOCCOCC1CC(OCC)CO1,tc,MLP,0,0.20835793964180233
CCCCOC(=O)COCCCOC(=O)CC1CCCO1,tc,MLP,0,0.1853673330724094
CCCOC(COCC)(COC(=O)OCC)COC1CCOC1,tc,MLP,0,0.2011687631547559
CCCOC(=O)OC(COCC)(COCC)COC1CCOC1,tc,MLP,0,0.19980170279307038
CCCCOC(COC)(COC(=O)OCC)COC1CCOC1,tc,MLP,0,0.20166460311059653
CC(C)OCC(COCC1CCCO1)OC(=O)OC(C)C,tc,MLP,0,0.18339770374497694
CCCOC(COC(=O)OC)C(COC1CCOC1)OCCC,tc,MLP,0,0.20413961654092533
CCOC(=O)OCC(COCC(C)C)OCC1CCCO1,tc,MLP,0,0.1906185800516366
CCOCC(OCC)C(COC(COC)C1CCCO1)OCC1CCCO1,tc,MLP,0,0.20746595430998177
CCOCC(COC1CCOC1)(COC1CCOC1)OC(=O)OC1CCOC1,tc,MLP,0,0.19164396738251288
CCCC(=O)OC(COC(=O)COC)COC(C)COCC,tc,MLP,0,0.20318099152134841
CCCC(=O)OCC(OC(=O)CCC)C(=O)COC(C)C,tc,MLP,0,0.18943239396545597
CCCC(=O)OCC(COC(=O)CCC)OC(=O)CCC,tc,MLP,0,0.18028606919026574
CCCCCOCCOCCOC,tc,MLP,1,0.17301955295257693
COCCOC(=O)OC1CCCC1,tc,MLP,1,0.17113754395263397
CCCOC(=O)OCCOCCOCC,tc,MLP,1,0.1871620521860641
CCCCOC(=O)OCCOCCOC,tc,MLP,1,0.18739247359323002
CCCOC(CC)COCCOCCOC,tc,MLP,1,0.19368589061402133
CCCCOCCOCCOC(C)COCC,tc,MLP,1,0.1999058934887889
CCCOCCOCCOC(=O)OCCC,tc,MLP,1,0.1873434439943596
CCCCOC(=O)OCCOCCOCC,tc,MLP,1,0.18664900233394474
CCCCOCCOCCOC(=O)OCC,tc,MLP,1,0.1853507420351771
CCCOC(=O)OCCOCCOCCOC,tc,MLP,1,0.19849292048016817
CCOC(=O)OCCCCOCCOCCOC,tc,MLP,1,0.19615708887739505
CCCOC(=O)OCCOCCOCCOCC,tc,MLP,1,0.1972119719314804
CC(=O)OCCOCCOCCOC(C)=O,tc,MLP,1,0.19814084621583034
CCCOC(=O)OCCCCOC1COCC1OCCC,tc,MLP,1,0.1906379406051726
CCCCOC(=O)OCCCCOC1COCC1OCC,tc,MLP,1,0.1900330460559887
CCCOC(=O)OCCOCCOCC1CC(OCC)CO1,tc,MLP,1,0.19885865148138848
CCCCOC(=O)COCCCOC(=O)CC1CCCO1,tc,MLP,1,0.19353755736344702
CCCOC(COCC)(COC(=O)OCC)COC1CCOC1,tc,MLP,1,0.18354480906841575
CCCOC(=O)OC(COCC)(COCC)COC1CCOC1,tc,MLP,1,0.18208754453042023
CCCCOC(COC)(COC(=O)OCC)COC1CCOC1,tc,MLP,1,0.18477291671116172
CC(C)OCC(COCC1CCCO1)OC(=O)OC(C)C,tc,MLP,1,0.17533181893935443
CCCOC(COC(=O)OC)C(COC1CCOC1)OCCC,tc,MLP,1,0.19077960364782204
CCOC(=O)OCC(COCC(C)C)OCC1CCCO1,tc,MLP,1,0.1816537869761717
CCOCC(OCC)C(COC(COC)C1CCCO1)OCC1CCCO1,tc,MLP,1,0.2350838783751959
CCOCC(COC1CCOC1)(COC1CCOC1)OC(=O)OC1CCOC1,tc,MLP,1,0.19735027674053077
CCCC(=O)OC(COC(=O)COC)COC(C)COCC,tc,MLP,1,0.19903183220271858
CCCC(=O)OCC(OC(=O)CCC)C(=O)COC(C)C,tc,MLP,1,0.18885054402638948
CCCC(=O)OCC(COC(=O)CCC)OC(=O)CCC,tc,MLP,1,0.17606944733977836
CCCCCOCCOCCOC,tc,MLP,2,0.17056880623755266
COCCOC(=O)OC1CCCC1,tc,MLP,2,0.1656049364273699
CCCOC(=O)OCCOCCOCC,tc,MLP,2,0.17271874081972893
CCCCOC(=O)OCCOCCOC,tc,MLP,2,0.17243211085052515
CCCOC(CC)COCCOCCOC,tc,MLP,2,0.18906357255930603
CCCCOCCOCCOC(C)COCC,tc,MLP,2,0.19366400915491913
CCCOCCOCCOC(=O)OCCC,tc,MLP,2,0.17401865533467473
CCCCOC(=O)OCCOCCOCC,tc,MLP,2,0.17341885757858122
CCCCOCCOCCOC(=O)OCC,tc,MLP,2,0.17318247393521868
CCCOC(=O)OCCOCCOCCOC,tc,MLP,2,0.1846163181548498
CCOC(=O)OCCCCOCCOCCOC,tc,MLP,2,0.18502332644387176
CCCOC(=O)OCCOCCOCCOCC,tc,MLP,2,0.18376428918767695
CC(=O)OCCOCCOCCOC(C)=O,tc,MLP,2,0.19463804541198398
CCCOC(=O)OCCCCOC1COCC1OCCC,tc,MLP,2,0.1764409650532276
CCCCOC(=O)OCCCCOC1COCC1OCC,tc,MLP,2,0.1771710030935526
CCCOC(=O)OCCOCCOCC1CC(OCC)CO1,tc,MLP,2,0.18608443361864643
CCCCOC(=O)COCCCOC(=O)CC1CCCO1,tc,MLP,2,0.18990865023795
CCCOC(COCC)(COC(=O)OCC)COC1CCOC1,tc,MLP,2,0.17394748132257365
CCCOC(=O)OC(COCC)(COCC)COC1CCOC1,tc,MLP,2,0.17229579711386855
CCCCOC(COC)(COC(=O)OCC)COC1CCOC1,tc,MLP,2,0.1754889434148021
CC(C)OCC(COCC1CCCO1)OC(=O)OC(C)C,tc,MLP,2,0.1656242115157197
CCCOC(COC(=O)OC)C(COC1CCOC1)OCCC,tc,MLP,2,0.18464326829230623
CCOC(=O)OCC(COCC(C)C)OCC1CCCO1,tc,MLP,2,0.17282789611267108
CCOCC(OCC)C(COC(COC)C1CCCO1)OCC1CCCO1,tc,MLP,2,0.22393430285329363
CCOCC(COC1CCOC1)(COC1CCOC1)OC(=O)OC1CCOC1,tc,MLP,2,0.19009058381621824
CCCC(=O)OC(COC(=O)COC)COC(C)COCC,tc,MLP,2,0.20258172409392391
CCCC(=O)OCC(OC(=O)CCC)C(=O)COC(C)C,tc,MLP,2,0.18605381040098978
CCCC(=O)OCC(COC(=O)CCC)OC(=O)CCC,tc,MLP,2,0.17664537952967344
CCCCCOCCOCCOC,tc,MLP,3,0.16328596034997508
COCCOC(=O)OC1CCCC1,tc,MLP,3,0.16210733217529524
CCCOC(=O)OCCOCCOCC,tc,MLP,3,0.1877893851145685
CCCCOC(=O)OCCOCCOC,tc,MLP,3,0.18975299292817668
CCCOC(CC)COCCOCCOC,tc,MLP,3,0.1857909753444902
CCCCOCCOCCOC(C)COCC,tc,MLP,3,0.19919017249955906
CCCOCCOCCOC(=O)OCCC,tc,MLP,3,0.19109003043794137
CCCCOC(=O)OCCOCCOCC,tc,MLP,3,0.19017973133920482
CCCCOCCOCCOC(=O)OCC,tc,MLP,3,0.19130076669807602
CCCOC(=O)OCCOCCOCCOC,tc,MLP,3,0.1969667711916317
CCOC(=O)OCCCCOCCOCCOC,tc,MLP,3,0.19217551917593212
CCCOC(=O)OCCOCCOCCOCC,tc,MLP,3,0.19605977774707184
CC(=O)OCCOCCOCCOC(C)=O,tc,MLP,3,0.17986866099137092
CCCOC(=O)OCCCCOC1COCC1OCCC,tc,MLP,3,0.18669796582552453
CCCCOC(=O)OCCCCOC1COCC1OCC,tc,MLP,3,0.1882489895256549
CCCOC(=O)OCCOCCOCC1CC(OCC)CO1,tc,MLP,3,0.19420929758129646
CCCCOC(=O)COCCCOC(=O)CC1CCCO1,tc,MLP,3,0.19182622305955566
CCCOC(COCC)(COC(=O)OCC)COC1CCOC1,tc,MLP,3,0.1849820901028747
CCCOC(=O)OC(COCC)(COCC)COC1CCOC1,tc,MLP,3,0.18716906471115058
CCCCOC(COC)(COC(=O)OCC)COC1CCOC1,tc,MLP,3,0.18535474166741103
CC(C)OCC(COCC1CCCO1)OC(=O)OC(C)C,tc,MLP,3,0.18231644292930477
CCCOC(COC(=O)OC)C(COC1CCOC1)OCCC,tc,MLP,3,0.1886826658855456
CCOC(=O)OCC(COCC(C)C)OCC1CCCO1,tc,MLP,3,0.18420579156885136
CCOCC(OCC)C(COC(COC)C1CCCO1)OCC1CCCO1,tc,MLP,3,0.21627312047573288
CCOCC(COC1CCOC1)(COC1CCOC1)OC(=O)OC1CCOC1,tc,MLP,3,0.19441106875827424
CCCC(=O)OC(COC(=O)COC)COC(C)COCC,tc,MLP,3,0.19665590966850413
CCCC(=O)OCC(OC(=O)CCC)C(=O)COC(C)C,tc,MLP,3,0.18357613945953283
CCCC(=O)OCC(COC(=O)CCC)OC(=O)CCC,tc,MLP,3,0.18027900116359263
CCCCCOCCOCCOC,tc,MLP,4,0.1666678021459385
COCCOC(=O)OC1CCCC1,tc,MLP,4,0.168968210519345
CCCOC(=O)OCCOCCOCC,tc,MLP,4,0.18625016583616336
CCCCOC(=O)OCCOCCOC,tc,MLP,4,0.18789470657352964
CCCOC(CC)COCCOCCOC,tc,MLP,4,0.1849887316046572
CCCCOCCOCCOC(C)COCC,tc,MLP,4,0.18998856250256219
CCCOCCOCCOC(=O)OCCC,tc,MLP,4,0.1892096543010413
CCCCOC(=O)OCCOCCOCC,tc,MLP,4,0.1886234058082523
CCCCOCCOCCOC(=O)OCC,tc,MLP,4,0.1887831314229329
CCCOC(=O)OCCOCCOCCOC,tc,MLP,4,0.20055504673925595
CCOC(=O)OCCCCOCCOCCOC,tc,MLP,4,0.20062403649907096
CCCOC(=O)OCCOCCOCCOCC,tc,MLP,4,0.20064786598975734
CC(=O)OCCOCCOCCOC(C)=O,tc,MLP,4,0.18877054907330248
CCCOC(=O)OCCCCOC1COCC1OCCC,tc,MLP,4,0.20015127650689468
CCCCOC(=O)OCCCCOC1COCC1OCC,tc,MLP,4,0.1997849031165294
CCCOC(=O)OCCOCCOCC1CC(OCC)CO1,tc,MLP,4,0.20863691593875747
CCCCOC(=O)COCCCOC(=O)CC1CCCO1,tc,MLP,4,0.18886693980732827
CCCOC(COCC)(COC(=O)OCC)COC1CCOC1,tc,MLP,4,0.20155018866035618
CCCOC(=O)OC(COCC)(COCC)COC1CCOC1,tc,MLP,4,0.2007655915230387
CCCCOC(COC)(COC(=O)OCC)COC1CCOC1,tc,MLP,4,0.2021940793402356
CC(C)OCC(COCC1CCCO1)OC(=O)OC(C)C,tc,MLP,4,0.18767495030462983
CCCOC(COC(=O)OC)C(COC1CCOC1)OCCC,tc,MLP,4,0.20854825840092495
CCOC(=O)OCC(COCC(C)C)OCC1CCCO1,tc,MLP,4,0.19431309195723723
CCOCC(OCC)C(COC(COC)C1CCCO1)OCC1CCCO1,tc,MLP,4,0.23449940982151946
CCOCC(COC1CCOC1)(COC1CCOC1)OC(=O)OC1CCOC1,tc,MLP,4,0.20959888330701779
CCCC(=O)OC(COC(=O)COC)COC(C)COCC,tc,MLP,4,0.20369956247157556
CCCC(=O)OCC(OC(=O)CCC)C(=O)COC(C)C,tc,MLP,4,0.17531325520576688
CCCC(=O)OCC(COC(=O)CCC)OC(=O)CCC,tc,MLP,4,0.17180713976963338
CCCCCOCCOCCOC,tc,D-MPNN,0,0.1703014050319277
COCCOC(=O)OC1CCCC1,tc,D-MPNN,0,0.1700484608922499
CCCOC(=O)OCCOCCOCC,tc,D-MPNN,0,0.1946550368665635
CCCCOC(=O)OCCOCCOC,tc,D-MPNN,0,0.1911916207498892
CCCOC(CC)COCCOCCOC,tc,D-MPNN,0,0.1872408168267611
CCCCOCCOCCOC(C)COCC,tc,D-MPNN,0,0.1913817766065083
CCCOCCOCCOC(=O)OCCC,tc,D-MPNN,0,0.1967664761456822
CCCCOC(=O)OCCOCCOCC,tc,D-MPNN,0,0.1958337376964102
CCCCOCCOCCOC(=O)OCC,tc,D-MPNN,0,0.192772557284528
CCCOC(=O)OCCOCCOCCOC,tc,D-MPNN,0,0.2126732334653943
CCOC(=O)OCCCCOCCOCCOC,tc,D-MPNN,0,0.2072309641316629
CCCOC(=O)OCCOCCOCCOCC,tc,D-MPNN,0,0.2172755916316419
CC(=O)OCCOCCOCCOC(C)=O,tc,D-MPNN,0,0.1945222011729336
CCCOC(=O)OCCCCOC1COCC1OCCC,tc,D-MPNN,0,0.2104751918440738
CCCCOC(=O)OCCCCOC1COCC1OCC,tc,D-MPNN,0,0.2095261480947395
CCCOC(=O)OCCOCCOCC1CC(OCC)CO1,tc,D-MPNN,0,0.231440455528786
CCCCOC(=O)COCCCOC(=O)CC1CCCO1,tc,D-MPNN,0,0.1976012876968404
CCCOC(COCC)(COC(=O)OCC)COC1CCOC1,tc,D-MPNN,0,0.2208673698857443
CCCOC(=O)OC(COCC)(COCC)COC1CCOC1,tc,D-MPNN,0,0.2244748471918143
CCCCOC(COC)(COC(=O)OCC)COC1CCOC1,tc,D-MPNN,0,0.2201967009968167
CC(C)OCC(COCC1CCCO1)OC(=O)OC(C)C,tc,D-MPNN,0,0.1938431280212036
CCCOC(COC(=O)OC)C(COC1CCOC1)OCCC,tc,D-MPNN,0,0.2288823104640493
CCOC(=O)OCC(COCC(C)C)OCC1CCCO1,tc,D-MPNN,0,0.2031938590091773
CCOCC(OCC)C(COC(COC)C1CCCO1)OCC1CCCO1,tc,D-MPNN,0,0.2422416489516537
CCOCC(COC1CCOC1)(COC1CCOC1)OC(=O)OC1CCOC1,tc,D-MPNN,0,0.2551842612162819
CCCC(=O)OC(COC(=O)COC)COC(C)COCC,tc,D-MPNN,0,0.2077929917770651
CCCC(=O)OCC(OC(=O)CCC)C(=O)COC(C)C,tc,D-MPNN,0,0.199614597995147
CCCC(=O)OCC(COC(=O)CCC)OC(=O)CCC,tc,D-MPNN,0,0.1818680599788115
CCCCCOCCOCCOC,tc,D-MPNN,1,0.1690413774798478
COCCOC(=O)OC1CCCC1,tc,D-MPNN,1,0.1672656235155997
CCCOC(=O)OCCOCCOCC,tc,D-MPNN,1,0.1908168512297505
CCCCOC(=O)OCCOCCOC,tc,D-MPNN,1,0.182079303285043
CCCOC(CC)COCCOCCOC,tc,D-MPNN,1,0.1797031834499714
CCCCOCCOCCOC(C)COCC,tc,D-MPNN,1,0.1941959416330861
CCCOCCOCCOC(=O)OCCC,tc,D-MPNN,1,0.1936378328083752
CCCCOC(=O)OCCOCCOCC,tc,D-MPNN,1,0.1926262811347297
CCCCOCCOCCOC(=O)OCC,tc,D-MPNN,1,0.1950275095192463
CCCOC(=O)OCCOCCOCCOC,tc,D-MPNN,1,0.2030097007648575
CCOC(=O)OCCCCOCCOCCOC,tc,D-MPNN,1,0.2024307778617053
CCCOC(=O)OCCOCCOCCOCC,tc,D-MPNN,1,0.2146385679241271
CC(=O)OCCOCCOCCOC(C)=O,tc,D-MPNN,1,0.1936746962966989
CCCOC(=O)OCCCCOC1COCC1OCCC,tc,D-MPNN,1,0.2081707654542645
CCCCOC(=O)OCCCCOC1COCC1OCC,tc,D-MPNN,1,0.2064332601019714
CCCOC(=O)OCCOCCOCC1CC(OCC)CO1,tc,D-MPNN,1,0.220281063971939
CCCCOC(=O)COCCCOC(=O)CC1CCCO1,tc,D-MPNN,1,0.1863886207765481
CCCOC(COCC)(COC(=O)OCC)COC1CCOC1,tc,D-MPNN,1,0.2083337829466349
CCCOC(=O)OC(COCC)(COCC)COC1CCOC1,tc,D-MPNN,1,0.2090017220836029
CCCCOC(COC)(COC(=O)OCC)COC1CCOC1,tc,D-MPNN,1,0.2087589512492532
CC(C)OCC(COCC1CCCO1)OC(=O)OC(C)C,tc,D-MPNN,1,0.1893268343606105
CCCOC(COC(=O)OC)C(COC1CCOC1)OCCC,tc,D-MPNN,1,0.2160908357662145
CCOC(=O)OCC(COCC(C)C)OCC1CCCO1,tc,D-MPNN,1,0.1949847293783536
CCOCC(OCC)C(COC(COC)C1CCCO1)OCC1CCCO1,tc,D-MPNN,1,0.2180334021089344
CCOCC(COC1CCOC1)(COC1CCOC1)OC(=O)OC1CCOC1,tc,D-MPNN,1,0.2498154419442948
CCCC(=O)OC(COC(=O)COC)COC(C)COCC,tc,D-MPNN,1,0.1908445066826192
CCCC(=O)OCC(OC(=O)CCC)C(=O)COC(C)C,tc,D-MPNN,1,0.186000660773794
CCCC(=O)OCC(COC(=O)CCC)OC(=O)CCC,tc,D-MPNN,1,0.1702753894126171
CCCCCOCCOCCOC,tc,D-MPNN,2,0.1647826655612114
COCCOC(=O)OC1CCCC1,tc,D-MPNN,2,0.1693190012610987
CCCOC(=O)OCCOCCOCC,tc,D-MPNN,2,0.1999769303507239
CCCCOC(=O)OCCOCCOC,tc,D-MPNN,2,0.190219269385459
CCCOC(CC)COCCOCCOC,tc,D-MPNN,2,0.1821555217621456
CCCCOCCOCCOC(C)COCC,tc,D-MPNN,2,0.1854996333118093
CCCOCCOCCOC(=O)OCCC,tc,D-MPNN,2,0.1961794318675309
CCCCOC(=O)OCCOCCOCC,tc,D-MPNN,2,0.2028470521823629
CCCCOCCOCCOC(=O)OCC,tc,D-MPNN,2,0.1921092547853472
CCCOC(=O)OCCOCCOCCOC,tc,D-MPNN,2,0.207090727017245
CCOC(=O)OCCCCOCCOCCOC,tc,D-MPNN,2,0.2035119809351952
CCCOC(=O)OCCOCCOCCOCC,tc,D-MPNN,2,0.218100020886272
CC(=O)OCCOCCOCCOC(C)=O,tc,D-MPNN,2,0.1945377441886027
CCCOC(=O)OCCCCOC1COCC1OCCC,tc,D-MPNN,2,0.2102116679170889
CCCCOC(=O)OCCCCOC1COCC1OCC,tc,D-MPNN,2,0.2116060750540855
CCCOC(=O)OCCOCCOCC1CC(OCC)CO1,tc,D-MPNN,2,0.2280920650346649
CCCCOC(=O)COCCCOC(=O)CC1CCCO1,tc,D-MPNN,2,0.1873229090476793
CCCOC(COCC)(COC(=O)OCC)COC1CCOC1,tc,D-MPNN,2,0.2078403604700388
CCCOC(=O)OC(COCC)(COCC)COC1CCOC1,tc,D-MPNN,2,0.2146980872252611
CCCCOC(COC)(COC(=O)OCC)COC1CCOC1,tc,D-MPNN,2,0.2041603874016432
CC(C)OCC(COCC1CCCO1)OC(=O)OC(C)C,tc,D-MPNN,2,0.1927945663920742
CCCOC(COC(=O)OC)C(COC1CCOC1)OCCC,tc,D-MPNN,2,0.2160151416280941
CCOC(=O)OCC(COCC(C)C)OCC1CCCO1,tc,D-MPNN,2,0.1988777761179561
CCOCC(OCC)C(COC(COC)C1CCCO1)OCC1CCCO1,tc,D-MPNN,2,0.2277780512647221
CCOCC(COC1CCOC1)(COC1CCOC1)OC(=O)OC1CCOC1,tc,D-MPNN,2,0.2457100849454979
CCCC(=O)OC(COC(=O)COC)COC(C)COCC,tc,D-MPNN,2,0.1938363855026824
CCCC(=O)OCC(OC(=O)CCC)C(=O)COC(C)C,tc,D-MPNN,2,0.1886715352737221
CCCC(=O)OCC(COC(=O)CCC)OC(=O)CCC,tc,D-MPNN,2,0.1786033951374558
CCCCCOCCOCCOC,tc,D-MPNN,3,0.1707509686792079
COCCOC(=O)OC1CCCC1,tc,D-MPNN,3,0.1751167625499774
CCCOC(=O)OCCOCCOCC,tc,D-MPNN,3,0.2010437796776794
CCCCOC(=O)OCCOCCOC,tc,D-MPNN,3,0.1961723139137185
CCCOC(CC)COCCOCCOC,tc,D-MPNN,3,0.1877089159661537
CCCCOCCOCCOC(C)COCC,tc,D-MPNN,3,0.1947876742873046
CCCOCCOCCOC(=O)OCCC,tc,D-MPNN,3,0.2028877962319139
CCCCOC(=O)OCCOCCOCC,tc,D-MPNN,3,0.2031769941170994
CCCCOCCOCCOC(=O)OCC,tc,D-MPNN,3,0.2002184105492518
CCCOC(=O)OCCOCCOCCOC,tc,D-MPNN,3,0.2147436440233398
CCOC(=O)OCCCCOCCOCCOC,tc,D-MPNN,3,0.2151461351298897
CCCOC(=O)OCCOCCOCCOCC,tc,D-MPNN,3,0.2230163872735296
CC(=O)OCCOCCOCCOC(C)=O,tc,D-MPNN,3,0.1960703060306081
CCCOC(=O)OCCCCOC1COCC1OCCC,tc,D-MPNN,3,0.2219486206541118
CCCCOC(=O)OCCCCOC1COCC1OCC,tc,D-MPNN,3,0.2215672186617145
CCCOC(=O)OCCOCCOCC1CC(OCC)CO1,tc,D-MPNN,3,0.24055033822496
CCCCOC(=O)COCCCOC(=O)CC1CCCO1,tc,D-MPNN,3,0.2034404112740068
CCCOC(COCC)(COC(=O)OCC)COC1CCOC1,tc,D-MPNN,3,0.2338693716797629
CCCOC(=O)OC(COCC)(COCC)COC1CCOC1,tc,D-MPNN,3,0.2374601155268941
CCCCOC(COC)(COC(=O)OCC)COC1CCOC1,tc,D-MPNN,3,0.2310464320903756
CC(C)OCC(COCC1CCCO1)OC(=O)OC(C)C,tc,D-MPNN,3,0.2064809862002257
CCCOC(COC(=O)OC)C(COC1CCOC1)OCCC,tc,D-MPNN,3,0.2357506163464121
CCOC(=O)OCC(COCC(C)C)OCC1CCCO1,tc,D-MPNN,3,0.2140498870174835
CCOCC(OCC)C(COC(COC)C1CCCO1)OCC1CCCO1,tc,D-MPNN,3,0.2408483714689837
CCOCC(COC1CCOC1)(COC1CCOC1)OC(=O)OC1CCOC1,tc,D-MPNN,3,0.2722586740234261
CCCC(=O)OC(COC(=O)COC)COC(C)COCC,tc,D-MPNN,3,0.2127532035812154
CCCC(=O)OCC(OC(=O)CCC)C(=O)COC(C)C,tc,D-MPNN,3,0.1961346884030678
CCCC(=O)OCC(COC(=O)CCC)OC(=O)CCC,tc,D-MPNN,3,0.1822045337087902
CCCCCOCCOCCOC,tc,D-MPNN,4,0.1674088343367999
COCCOC(=O)OC1CCCC1,tc,D-MPNN,4,0.1704412150730852
CCCOC(=O)OCCOCCOCC,tc,D-MPNN,4,0.1929300741663012
CCCCOC(=O)OCCOCCOC,tc,D-MPNN,4,0.189317543248605
CCCOC(CC)COCCOCCOC,tc,D-MPNN,4,0.183918541812925
CCCCOCCOCCOC(C)COCC,tc,D-MPNN,4,0.1918204429286133
CCCOCCOCCOC(=O)OCCC,tc,D-MPNN,4,0.1956442121117988
CCCCOC(=O)OCCOCCOCC,tc,D-MPNN,4,0.1959990128985012
CCCCOCCOCCOC(=O)OCC,tc,D-MPNN,4,0.1937593845680299
CCCOC(=O)OCCOCCOCCOC,tc,D-MPNN,4,0.2060355214053255
CCOC(=O)OCCCCOCCOCCOC,tc,D-MPNN,4,0.2079963019754643
CCCOC(=O)OCCOCCOCCOCC,tc,D-MPNN,4,0.216214793543142
CC(=O)OCCOCCOCCOC(C)=O,tc,D-MPNN,4,0.1936424192456354
CCCOC(=O)OCCCCOC1COCC1OCCC,tc,D-MPNN,4,0.2096486095976636
CCCCOC(=O)OCCCCOC1COCC1OCC,tc,D-MPNN,4,0.2107603218469514
CCCOC(=O)OCCOCCOCC1CC(OCC)CO1,tc,D-MPNN,4,0.2276847059575809
CCCCOC(=O)COCCCOC(=O)CC1CCCO1,tc,D-MPNN,4,0.1966217653623276
CCCOC(COCC)(COC(=O)OCC)COC1CCOC1,tc,D-MPNN,4,0.2171042272537899
CCCOC(=O)OC(COCC)(COCC)COC1CCOC1,tc,D-MPNN,4,0.2116601138512931
CCCCOC(COC)(COC(=O)OCC)COC1CCOC1,tc,D-MPNN,4,0.2174929009858595
CC(C)OCC(COCC1CCCO1)OC(=O)OC(C)C,tc,D-MPNN,4,0.1900896842867191
CCCOC(COC(=O)OC)C(COC1CCOC1)OCCC,tc,D-MPNN,4,0.2196099522772625
CCOC(=O)OCC(COCC(C)C)OCC1CCCO1,tc,D-MPNN,4,0.2013015941300536
CCOCC(OCC)C(COC(COC)C1CCCO1)OCC1CCCO1,tc,D-MPNN,4,0.226613842329248
CCOCC(COC1CCOC1)(COC1CCOC1)OC(=O)OC1CCOC1,tc,D-MPNN,4,0.246814292075698
CCCC(=O)OC(COC(=O)COC)COC(C)COCC,tc,D-MPNN,4,0.2012042308457628
CCCC(=O)OCC(OC(=O)CCC)C(=O)COC(C)C,tc,D-MPNN,4,0.1963687548808476
CCCC(=O)OCC(COC(=O)CCC)OC(=O)CCC,tc,D-MPNN,4,0.1783240421976207
CCCCCOCCOCCOC,tc,Uni-Mol,0,0.17030511796474457
COCCOC(=O)OC1CCCC1,tc,Uni-Mol,0,0.16780373454093933
CCCOC(=O)OCCOCCOCC,tc,Uni-Mol,0,0.1946668177843094
CCCCOC(=O)OCCOCCOC,tc,Uni-Mol,0,0.1914239376783371
CCCOC(CC)COCCOCCOC,tc,Uni-Mol,0,0.18623745441436768
CCCCOCCOCCOC(C)COCC,tc,Uni-Mol,0,0.19810229539871216
CCCOCCOCCOC(=O)OCCC,tc,Uni-Mol,0,0.1952439397573471
CCCCOC(=O)OCCOCCOCC,tc,Uni-Mol,0,0.1954810619354248
CCCCOCCOCCOC(=O)OCC,tc,Uni-Mol,0,0.19518397748470306
CCCOC(=O)OCCOCCOCCOC,tc,Uni-Mol,0,0.21100527048110962
CCOC(=O)OCCCCOCCOCCOC,tc,Uni-Mol,0,0.19989515841007233
CCCOC(=O)OCCOCCOCCOCC,tc,Uni-Mol,0,0.21390217542648315
CC(=O)OCCOCCOCCOC(C)=O,tc,Uni-Mol,0,0.19873708486557007
CCCOC(=O)OCCCCOC1COCC1OCCC,tc,Uni-Mol,0,0.20482757687568665
CCCCOC(=O)OCCCCOC1COCC1OCC,tc,Uni-Mol,0,0.2058033049106598
CCCOC(=O)OCCOCCOCC1CC(OCC)CO1,tc,Uni-Mol,0,0.2156221568584442
CCCCOC(=O)COCCCOC(=O)CC1CCCO1,tc,Uni-Mol,0,0.1952977329492569
CCCOC(COCC)(COC(=O)OCC)COC1CCOC1,tc,Uni-Mol,0,0.19205866754055023
CCCOC(=O)OC(COCC)(COCC)COC1CCOC1,tc,Uni-Mol,0,0.19479219615459442
CCCCOC(COC)(COC(=O)OCC)COC1CCOC1,tc,Uni-Mol,0,0.19176241755485535
CC(C)OCC(COCC1CCCO1)OC(=O)OC(C)C,tc,Uni-Mol,0,0.1858585923910141
CCCOC(COC(=O)OC)C(COC1CCOC1)OCCC,tc,Uni-Mol,0,0.1960187703371048
CCOC(=O)OCC(COCC(C)C)OCC1CCCO1,tc,Uni-Mol,0,0.18956853449344635
CCOCC(OCC)C(COC(COC)C1CCCO1)OCC1CCCO1,tc,Uni-Mol,0,0.19871649146080017
CCOCC(COC1CCOC1)(COC1CCOC1)OC(=O)OC1CCOC1,tc,Uni-Mol,0,0.21204140782356262
CCCC(=O)OC(COC(=O)COC)COC(C)COCC,tc,Uni-Mol,0,0.19297097623348236
CCCC(=O)OCC(OC(=O)CCC)C(=O)COC(C)C,tc,Uni-Mol,0,0.18667925894260406
CCCC(=O)OCC(COC(=O)CCC)OC(=O)CCC,tc,Uni-Mol,0,0.18175263702869415
CCCCCOCCOCCOC,tc,Uni-Mol,1,0.1718677133321762
COCCOC(=O)OC1CCCC1,tc,Uni-Mol,1,0.16835997998714447
CCCOC(=O)OCCOCCOCC,tc,Uni-Mol,1,0.19093215465545654
CCCCOC(=O)OCCOCCOC,tc,Uni-Mol,1,0.1870797872543335
CCCOC(CC)COCCOCCOC,tc,Uni-Mol,1,0.1892436146736145
CCCCOCCOCCOC(C)COCC,tc,Uni-Mol,1,0.19609996676445007
CCCOCCOCCOC(=O)OCCC,tc,Uni-Mol,1,0.1881479173898697
CCCCOC(=O)OCCOCCOCC,tc,Uni-Mol,1,0.19368483126163483
CCCCOCCOCCOC(=O)OCC,tc,Uni-Mol,1,0.1947879195213318
CCCOC(=O)OCCOCCOCCOC,tc,Uni-Mol,1,0.20024101436138153
CCOC(=O)OCCCCOCCOCCOC,tc,Uni-Mol,1,0.20056599378585815
CCCOC(=O)OCCOCCOCCOCC,tc,Uni-Mol,1,0.20859616994857788
CC(=O)OCCOCCOCCOC(C)=O,tc,Uni-Mol,1,0.19896790385246277
CCCOC(=O)OCCCCOC1COCC1OCCC,tc,Uni-Mol,1,0.1972283273935318
CCCCOC(=O)OCCCCOC1COCC1OCC,tc,Uni-Mol,1,0.20533478260040283
CCCOC(=O)OCCOCCOCC1CC(OCC)CO1,tc,Uni-Mol,1,0.21007375419139862
CCCCOC(=O)COCCCOC(=O)CC1CCCO1,tc,Uni-Mol,1,0.18768815696239471
CCCOC(COCC)(COC(=O)OCC)COC1CCOC1,tc,Uni-Mol,1,0.1884024441242218
CCCOC(=O)OC(COCC)(COCC)COC1CCOC1,tc,Uni-Mol,1,0.19384810328483582
CCCCOC(COC)(COC(=O)OCC)COC1CCOC1,tc,Uni-Mol,1,0.1876572221517563
CC(C)OCC(COCC1CCCO1)OC(=O)OC(C)C,tc,Uni-Mol,1,0.18245676159858704
CCCOC(COC(=O)OC)C(COC1CCOC1)OCCC,tc,Uni-Mol,1,0.19309735298156738
CCOC(=O)OCC(COCC(C)C)OCC1CCCO1,tc,Uni-Mol,1,0.18599218130111694
CCOCC(OCC)C(COC(COC)C1CCCO1)OCC1CCCO1,tc,Uni-Mol,1,0.19706307351589203
CCOCC(COC1CCOC1)(COC1CCOC1)OC(=O)OC1CCOC1,tc,Uni-Mol,1,0.2068530023097992
CCCC(=O)OC(COC(=O)COC)COC(C)COCC,tc,Uni-Mol,1,0.18853585422039032
CCCC(=O)OCC(OC(=O)CCC)C(=O)COC(C)C,tc,Uni-Mol,1,0.17970669269561768
CCCC(=O)OCC(COC(=O)CCC)OC(=O)CCC,tc,Uni-Mol,1,0.16907942295074463
CCCCCOCCOCCOC,tc,Uni-Mol,2,0.17481297254562378
COCCOC(=O)OC1CCCC1,tc,Uni-Mol,2,0.1679982990026474
CCCOC(=O)OCCOCCOCC,tc,Uni-Mol,2,0.1895056515932083
CCCCOC(=O)OCCOCCOC,tc,Uni-Mol,2,0.18425601720809937
CCCOC(CC)COCCOCCOC,tc,Uni-Mol,2,0.18618455529212952
CCCCOCCOCCOC(C)COCC,tc,Uni-Mol,2,0.19199365377426147
CCCOCCOCCOC(=O)OCCC,tc,Uni-Mol,2,0.18984901905059814
CCCCOC(=O)OCCOCCOCC,tc,Uni-Mol,2,0.19248706102371216
CCCCOCCOCCOC(=O)OCC,tc,Uni-Mol,2,0.18941377103328705
CCCOC(=O)OCCOCCOCCOC,tc,Uni-Mol,2,0.20275577902793884
CCOC(=O)OCCCCOCCOCCOC,tc,Uni-Mol,2,0.20061835646629333
CCCOC(=O)OCCOCCOCCOCC,tc,Uni-Mol,2,0.21025538444519043
CC(=O)OCCOCCOCCOC(C)=O,tc,Uni-Mol,2,0.19883136451244354
CCCOC(=O)OCCCCOC1COCC1OCCC,tc,Uni-Mol,2,0.199303537607193
CCCCOC(=O)OCCCCOC1COCC1OCC,tc,Uni-Mol,2,0.2048887461423874
CCCOC(=O)OCCOCCOCC1CC(OCC)CO1,tc,Uni-Mol,2,0.20660661160945892
CCCCOC(=O)COCCCOC(=O)CC1CCCO1,tc,Uni-Mol,2,0.1891532838344574
CCCOC(COCC)(COC(=O)OCC)COC1CCOC1,tc,Uni-Mol,2,0.18975955247879028
CCCOC(=O)OC(COCC)(COCC)COC1CCOC1,tc,Uni-Mol,2,0.19329619407653809
CCCCOC(COC)(COC(=O)OCC)COC1CCOC1,tc,Uni-Mol,2,0.18863727152347565
CC(C)OCC(COCC1CCCO1)OC(=O)OC(C)C,tc,Uni-Mol,2,0.18114405870437622
CCCOC(COC(=O)OC)C(COC1CCOC1)OCCC,tc,Uni-Mol,2,0.19626390933990479
CCOC(=O)OCC(COCC(C)C)OCC1CCCO1,tc,Uni-Mol,2,0.18784159421920776
CCOCC(OCC)C(COC(COC)C1CCCO1)OCC1CCCO1,tc,Uni-Mol,2,0.19577892124652863
CCOCC(COC1CCOC1)(COC1CCOC1)OC(=O)OC1CCOC1,tc,Uni-Mol,2,0.20411761105060577
CCCC(=O)OC(COC(=O)COC)COC(C)COCC,tc,Uni-Mol,2,0.18889422714710236
CCCC(=O)OCC(OC(=O)CCC)C(=O)COC(C)C,tc,Uni-Mol,2,0.18400417268276215
CCCC(=O)OCC(COC(=O)CCC)OC(=O)CCC,tc,Uni-Mol,2,0.18167775869369507
CCCCCOCCOCCOC,tc,Uni-Mol,3,0.1684194654226303
COCCOC(=O)OC1CCCC1,tc,Uni-Mol,3,0.16683557629585266
CCCOC(=O)OCCOCCOCC,tc,Uni-Mol,3,0.18865641951560974
CCCCOC(=O)OCCOCCOC,tc,Uni-Mol,3,0.18328577280044556
CCCOC(CC)COCCOCCOC,tc,Uni-Mol,3,0.1836792230606079
CCCCOCCOCCOC(C)COCC,tc,Uni-Mol,3,0.1983625292778015
CCCOCCOCCOC(=O)OCCC,tc,Uni-Mol,3,0.19033554196357727
CCCCOC(=O)OCCOCCOCC,tc,Uni-Mol,3,0.19608446955680847
CCCCOCCOCCOC(=O)OCC,tc,Uni-Mol,3,0.19262787699699402
CCCOC(=O)OCCOCCOCCOC,tc,Uni-Mol,3,0.20337022840976715
CCOC(=O)OCCCCOCCOCCOC,tc,Uni-Mol,3,0.19792045652866364
CCCOC(=O)OCCOCCOCCOCC,tc,Uni-Mol,3,0.20749010145664215
CC(=O)OCCOCCOCCOC(C)=O,tc,Uni-Mol,3,0.18922635912895203
CCCOC(=O)OCCCCOC1COCC1OCCC,tc,Uni-Mol,3,0.20183369517326355
CCCCOC(=O)OCCCCOC1COCC1OCC,tc,Uni-Mol,3,0.20876936614513397
CCCOC(=O)OCCOCCOCC1CC(OCC)CO1,tc,Uni-Mol,3,0.21724845468997955
CCCCOC(=O)COCCCOC(=O)CC1CCCO1,tc,Uni-Mol,3,0.19826489686965942
CCCOC(COCC)(COC(=O)OCC)COC1CCOC1,tc,Uni-Mol,3,0.19058187305927277
CCCOC(=O)OC(COCC)(COCC)COC1CCOC1,tc,Uni-Mol,3,0.19422172009944916
CCCCOC(COC)(COC(=O)OCC)COC1CCOC1,tc,Uni-Mol,3,0.1900085210800171
CC(C)OCC(COCC1CCCO1)OC(=O)OC(C)C,tc,Uni-Mol,3,0.18495240807533264
CCCOC(COC(=O)OC)C(COC1CCOC1)OCCC,tc,Uni-Mol,3,0.19541649520397186
CCOC(=O)OCC(COCC(C)C)OCC1CCCO1,tc,Uni-Mol,3,0.1858927309513092
CCOCC(OCC)C(COC(COC)C1CCCO1)OCC1CCCO1,tc,Uni-Mol,3,0.19930104911327362
CCOCC(COC1CCOC1)(COC1CCOC1)OC(=O)OC1CCOC1,tc,Uni-Mol,3,0.20938356220722198
CCCC(=O)OC(COC(=O)COC)COC(C)COCC,tc,Uni-Mol,3,0.19426022469997406
CCCC(=O)OCC(OC(=O)CCC)C(=O)COC(C)C,tc,Uni-Mol,3,0.18314649164676666
CCCC(=O)OCC(COC(=O)CCC)OC(=O)CCC,tc,Uni-Mol,3,0.1812548041343689
CCCCCOCCOCCOC,tc,Uni-Mol,4,0.1719943732023239
COCCOC(=O)OC1CCCC1,tc,Uni-Mol,4,0.1729409247636795
CCCOC(=O)OCCOCCOCC,tc,Uni-Mol,4,0.19036360085010529
CCCCOC(=O)OCCOCCOC,tc,Uni-Mol,4,0.1882847547531128
CCCOC(CC)COCCOCCOC,tc,Uni-Mol,4,0.1820029765367508
CCCCOCCOCCOC(C)COCC,tc,Uni-Mol,4,0.19861197471618652
CCCOCCOCCOC(=O)OCCC,tc,Uni-Mol,4,0.19746942818164825
CCCCOC(=O)OCCOCCOCC,tc,Uni-Mol,4,0.19733314216136932
CCCCOCCOCCOC(=O)OCC,tc,Uni-Mol,4,0.19508440792560577
CCCOC(=O)OCCOCCOCCOC,tc,Uni-Mol,4,0.2050364464521408
CCOC(=O)OCCCCOCCOCCOC,tc,Uni-Mol,4,0.19854636490345
CCCOC(=O)OCCOCCOCCOCC,tc,Uni-Mol,4,0.21054129302501678
CC(=O)OCCOCCOCCOC(C)=O,tc,Uni-Mol,4,0.1992620974779129
CCCOC(=O)OCCCCOC1COCC1OCCC,tc,Uni-Mol,4,0.20194372534751892
CCCCOC(=O)OCCCCOC1COCC1OCC,tc,Uni-Mol,4,0.2071351557970047
CCCOC(=O)OCCOCCOCC1CC(OCC)CO1,tc,Uni-Mol,4,0.21520036458969116
CCCCOC(=O)COCCCOC(=O)CC1CCCO1,tc,Uni-Mol,4,0.19850850105285645
CCCOC(COCC)(COC(=O)OCC)COC1CCOC1,tc,Uni-Mol,4,0.19100040197372437
CCCOC(=O)OC(COCC)(COCC)COC1CCOC1,tc,Uni-Mol,4,0.1969577819108963
CCCCOC(COC)(COC(=O)OCC)COC1CCOC1,tc,Uni-Mol,4,0.1917000561952591
CC(C)OCC(COCC1CCCO1)OC(=O)OC(C)C,tc,Uni-Mol,4,0.1849346160888672
CCCOC(COC(=O)OC)C(COC1CCOC1)OCCC,tc,Uni-Mol,4,0.19621321558952332
CCOC(=O)OCC(COCC(C)C)OCC1CCCO1,tc,Uni-Mol,4,0.18495972454547882
CCOCC(OCC)C(COC(COC)C1CCCO1)OCC1CCCO1,tc,Uni-Mol,4,0.19758453965187073
CCOCC(COC1CCOC1)(COC1CCOC1)OC(=O)OC1CCOC1,tc,Uni-Mol,4,0.21389096975326538
CCCC(=O)OC(COC(=O)COC)COC(C)COCC,tc,Uni-Mol,4,0.19115988910198212
CCCC(=O)OCC(OC(=O)CCC)C(=O)COC(C)C,tc,Uni-Mol,4,0.18246549367904663
CCCC(=O)OCC(COC(=O)CCC)OC(=O)CCC,tc,Uni-Mol,4,0.18202273547649384
CCCCCOCCOCCOC,cpsat,XGBoost,0,404.0701599121094
COCCOC(=O)OC1CCCC1,cpsat,XGBoost,0,350.09991455078125
CCCOC(=O)OCCOCCOCC,cpsat,XGBoost,0,439.39208984375
CCCCOC(=O)OCCOCCOC,cpsat,XGBoost,0,438.08990478515625
CCCOC(CC)COCCOCCOC,cpsat,XGBoost,0,480.1158752441406
CCCCOCCOCCOC(C)COCC,cpsat,XGBoost,0,513.7655029296875
CCCOCCOCCOC(=O)OCCC,cpsat,XGBoost,0,460.38275146484375
CCCCOC(=O)OCCOCCOCC,cpsat,XGBoost,0,462.2333679199219
CCCCOCCOCCOC(=O)OCC,cpsat,XGBoost,0,459.8320617675781
CCCOC(=O)OCCOCCOCCOC,cpsat,XGBoost,0,491.756591796875
CCOC(=O)OCCCCOCCOCCOC,cpsat,XGBoost,0,521.6353759765625
CCCOC(=O)OCCOCCOCCOCC,cpsat,XGBoost,0,527.5308837890625
CC(=O)OCCOCCOCCOC(C)=O,cpsat,XGBoost,0,449.7762756347656
CCCOC(=O)OCCCCOC1COCC1OCCC,cpsat,XGBoost,0,582.3633422851562
CCCCOC(=O)OCCCCOC1COCC1OCC,cpsat,XGBoost,0,582.0576171875
CCCOC(=O)OCCOCCOCC1CC(OCC)CO1,cpsat,XGBoost,0,592.0784301757812
CCCCOC(=O)COCCCOC(=O)CC1CCCO1,cpsat,XGBoost,0,571.723388671875
CCCOC(COCC)(COC(=O)OCC)COC1CCOC1,cpsat,XGBoost,0,597.1416015625
CCCOC(=O)OC(COCC)(COCC)COC1CCOC1,cpsat,XGBoost,0,597.8800048828125
CCCCOC(COC)(COC(=O)OCC)COC1CCOC1,cpsat,XGBoost,0,597.3670043945312
CC(C)OCC(COCC1CCCO1)OC(=O)OC(C)C,cpsat,XGBoost,0,562.0142211914062
CCCOC(COC(=O)OC)C(COC1CCOC1)OCCC,cpsat,XGBoost,0,599.5121459960938
CCOC(=O)OCC(COCC(C)C)OCC1CCCO1,cpsat,XGBoost,0,572.0144653320312
CCOCC(OCC)C(COC(COC)C1CCCO1)OCC1CCCO1,cpsat,XGBoost,0,683.1256103515625
CCOCC(COC1CCOC1)(COC1CCOC1)OC(=O)OC1CCOC1,cpsat,XGBoost,0,665.5172729492188
CCCC(=O)OC(COC(=O)COC)COC(C)COCC,cpsat,XGBoost,0,586.7013549804688
CCCC(=O)OCC(OC(=O)CCC)C(=O)COC(C)C,cpsat,XGBoost,0,574.3062744140625
CCCC(=O)OCC(COC(=O)CCC)OC(=O)CCC,cpsat,XGBoost,0,564.8331909179688
CCCCCOCCOCCOC,cpsat,XGBoost,1,403.5792541503906
COCCOC(=O)OC1CCCC1,cpsat,XGBoost,1,335.1442565917969
CCCOC(=O)OCCOCCOCC,cpsat,XGBoost,1,437.9857177734375
CCCCOC(=O)OCCOCCOC,cpsat,XGBoost,1,439.5843505859375
CCCOC(CC)COCCOCCOC,cpsat,XGBoost,1,482.81427001953125
CCCCOCCOCCOC(C)COCC,cpsat,XGBoost,1,522.2598266601562
CCCOCCOCCOC(=O)OCCC,cpsat,XGBoost,1,462.8057861328125
CCCCOC(=O)OCCOCCOCC,cpsat,XGBoost,1,463.95556640625
CCCCOCCOCCOC(=O)OCC,cpsat,XGBoost,1,458.912109375
CCCOC(=O)OCCOCCOCCOC,cpsat,XGBoost,1,502.4352722167969
CCOC(=O)OCCCCOCCOCCOC,cpsat,XGBoost,1,526.5387573242188
CCCOC(=O)OCCOCCOCCOCC,cpsat,XGBoost,1,536.0592651367188
CC(=O)OCCOCCOCCOC(C)=O,cpsat,XGBoost,1,447.30999755859375
CCCOC(=O)OCCCCOC1COCC1OCCC,cpsat,XGBoost,1,585.6621704101562
CCCCOC(=O)OCCCCOC1COCC1OCC,cpsat,XGBoost,1,586.54345703125
CCCOC(=O)OCCOCCOCC1CC(OCC)CO1,cpsat,XGBoost,1,599.2658081054688
CCCCOC(=O)COCCCOC(=O)CC1CCCO1,cpsat,XGBoost,1,571.5535278320312
CCCOC(COCC)(COC(=O)OCC)COC1CCOC1,cpsat,XGBoost,1,596.9201049804688
CCCOC(=O)OC(COCC)(COCC)COC1CCOC1,cpsat,XGBoost,1,599.760498046875
CCCCOC(COC)(COC(=O)OCC)COC1CCOC1,cpsat,XGBoost,1,603.1381225585938
CC(C)OCC(COCC1CCCO1)OC(=O)OC(C)C,cpsat,XGBoost,1,574.2744750976562
CCCOC(COC(=O)OC)C(COC1CCOC1)OCCC,cpsat,XGBoost,1,605.45751953125
CCOC(=O)OCC(COCC(C)C)OCC1CCCO1,cpsat,XGBoost,1,575.6904296875
CCOCC(OCC)C(COC(COC)C1CCCO1)OCC1CCCO1,cpsat,XGBoost,1,672.4200439453125
CCOCC(COC1CCOC1)(COC1CCOC1)OC(=O)OC1CCOC1,cpsat,XGBoost,1,638.2322998046875
CCCC(=O)OC(COC(=O)COC)COC(C)COCC,cpsat,XGBoost,1,590.9523315429688
CCCC(=O)OCC(OC(=O)CCC)C(=O)COC(C)C,cpsat,XGBoost,1,578.3339233398438
CCCC(=O)OCC(COC(=O)CCC)OC(=O)CCC,cpsat,XGBoost,1,571.1466064453125
CCCCCOCCOCCOC,cpsat,XGBoost,2,406.2275085449219
COCCOC(=O)OC1CCCC1,cpsat,XGBoost,2,338.15399169921875
CCCOC(=O)OCCOCCOCC,cpsat,XGBoost,2,435.0968933105469
CCCCOC(=O)OCCOCCOC,cpsat,XGBoost,2,433.95172119140625
CCCOC(CC)COCCOCCOC,cpsat,XGBoost,2,478.9627380371094
CCCCOCCOCCOC(C)COCC,cpsat,XGBoost,2,514.72412109375
CCCOCCOCCOC(=O)OCCC,cpsat,XGBoost,2,454.9525451660156
CCCCOC(=O)OCCOCCOCC,cpsat,XGBoost,2,453.82891845703125
CCCCOCCOCCOC(=O)OCC,cpsat,XGBoost,2,456.7828674316406
CCCOC(=O)OCCOCCOCCOC,cpsat,XGBoost,2,492.2790222167969
CCOC(=O)OCCCCOCCOCCOC,cpsat,XGBoost,2,518.9359130859375
CCCOC(=O)OCCOCCOCCOCC,cpsat,XGBoost,2,522.7472534179688
CC(=O)OCCOCCOCCOC(C)=O,cpsat,XGBoost,2,448.5646667480469
CCCOC(=O)OCCCCOC1COCC1OCCC,cpsat,XGBoost,2,561.7948608398438
CCCCOC(=O)OCCCCOC1COCC1OCC,cpsat,XGBoost,2,558.8922729492188
CCCOC(=O)OCCOCCOCC1CC(OCC)CO1,cpsat,XGBoost,2,579.2640380859375
CCCCOC(=O)COCCCOC(=O)CC1CCCO1,cpsat,XGBoost,2,555.3469848632812
CCCOC(COCC)(COC(=O)OCC)COC1CCOC1,cpsat,XGBoost,2,583.4877319335938
CCCOC(=O)OC(COCC)(COCC)COC1CCOC1,cpsat,XGBoost,2,573.39794921875
CCCCOC(COC)(COC(=O)OCC)COC1CCOC1,cpsat,XGBoost,2,582.8935546875
CC(C)OCC(COCC1CCCO1)OC(=O)OC(C)C,cpsat,XGBoost,2,550.0670166015625
CCCOC(COC(=O)OC)C(COC1CCOC1)OCCC,cpsat,XGBoost,2,581.3131103515625
CCOC(=O)OCC(COCC(C)C)OCC1CCCO1,cpsat,XGBoost,2,553.8147583007812
CCOCC(OCC)C(COC(COC)C1CCCO1)OCC1CCCO1,cpsat,XGBoost,2,674.9751586914062
CCOCC(COC1CCOC1)(COC1CCOC1)OC(=O)OC1CCOC1,cpsat,XGBoost,2,642.1207885742188
CCCC(=O)OC(COC(=O)COC)COC(C)COCC,cpsat,XGBoost,2,568.8444213867188
CCCC(=O)OCC(OC(=O)CCC)C(=O)COC(C)C,cpsat,XGBoost,2,558.72509765625
CCCC(=O)OCC(COC(=O)CCC)OC(=O)CCC,cpsat,XGBoost,2,564.0962524414062
CCCCCOCCOCCOC,cpsat,XGBoost,3,404.580810546875
COCCOC(=O)OC1CCCC1,cpsat,XGBoost,3,348.1382141113281
CCCOC(=O)OCCOCCOCC,cpsat,XGBoost,3,451.8949890136719
CCCCOC(=O)OCCOCCOC,cpsat,XGBoost,3,451.9356689453125
CCCOC(CC)COCCOCCOC,cpsat,XGBoost,3,478.5981140136719
CCCCOCCOCCOC(C)COCC,cpsat,XGBoost,3,512.3812255859375
CCCOCCOCCOC(=O)OCCC,cpsat,XGBoost,3,467.02447509765625
CCCCOC(=O)OCCOCCOCC,cpsat,XGBoost,3,469.00439453125
CCCCOCCOCCOC(=O)OCC,cpsat,XGBoost,3,467.46026611328125
CCCOC(=O)OCCOCCOCCOC,cpsat,XGBoost,3,506.8905334472656
CCOC(=O)OCCCCOCCOCCOC,cpsat,XGBoost,3,528.6268310546875
CCCOC(=O)OCCOCCOCCOCC,cpsat,XGBoost,3,534.7515258789062
CC(=O)OCCOCCOCCOC(C)=O,cpsat,XGBoost,3,452.2923583984375
CCCOC(=O)OCCCCOC1COCC1OCCC,cpsat,XGBoost,3,583.9840087890625
CCCCOC(=O)OCCCCOC1COCC1OCC,cpsat,XGBoost,3,583.4999389648438
CCCOC(=O)OCCOCCOCC1CC(OCC)CO1,cpsat,XGBoost,3,588.293701171875
CCCCOC(=O)COCCCOC(=O)CC1CCCO1,cpsat,XGBoost,3,577.5000610351562
CCCOC(COCC)(COC(=O)OCC)COC1CCOC1,cpsat,XGBoost,3,579.6697387695312
CCCOC(=O)OC(COCC)(COCC)COC1CCOC1,cpsat,XGBoost,3,596.2775268554688
CCCCOC(COC)(COC(=O)OCC)COC1CCOC1,cpsat,XGBoost,3,578.8226928710938
CC(C)OCC(COCC1CCCO1)OC(=O)OC(C)C,cpsat,XGBoost,3,566.912841796875
CCCOC(COC(=O)OC)C(COC1CCOC1)OCCC,cpsat,XGBoost,3,582.4024658203125
CCOC(=O)OCC(COCC(C)C)OCC1CCCO1,cpsat,XGBoost,3,566.8682861328125
CCOCC(OCC)C(COC(COC)C1CCCO1)OCC1CCCO1,cpsat,XGBoost,3,677.84765625
CCOCC(COC1CCOC1)(COC1CCOC1)OC(=O)OC1CCOC1,cpsat,XGBoost,3,649.2637939453125
CCCC(=O)OC(COC(=O)COC)COC(C)COCC,cpsat,XGBoost,3,582.9959106445312
CCCC(=O)OCC(OC(=O)CCC)C(=O)COC(C)C,cpsat,XGBoost,3,567.1139526367188
CCCC(=O)OCC(COC(=O)CCC)OC(=O)CCC,cpsat,XGBoost,3,562.9610595703125
CCCCCOCCOCCOC,cpsat,XGBoost,4,405.27813720703125
COCCOC(=O)OC1CCCC1,cpsat,XGBoost,4,346.9195861816406
CCCOC(=O)OCCOCCOCC,cpsat,XGBoost,4,444.1908264160156
CCCCOC(=O)OCCOCCOC,cpsat,XGBoost,4,443.802001953125
CCCOC(CC)COCCOCCOC,cpsat,XGBoost,4,475.87249755859375
CCCCOCCOCCOC(C)COCC,cpsat,XGBoost,4,513.8136596679688
CCCOCCOCCOC(=O)OCCC,cpsat,XGBoost,4,464.86029052734375
CCCCOC(=O)OCCOCCOCC,cpsat,XGBoost,4,463.5086975097656
CCCCOCCOCCOC(=O)OCC,cpsat,XGBoost,4,462.6083984375
CCCOC(=O)OCCOCCOCCOC,cpsat,XGBoost,4,482.57354736328125
CCOC(=O)OCCCCOCCOCCOC,cpsat,XGBoost,4,521.8579711914062
CCCOC(=O)OCCOCCOCCOCC,cpsat,XGBoost,4,523.6355590820312
CC(=O)OCCOCCOCCOC(C)=O,cpsat,XGBoost,4,449.6335754394531
CCCOC(=O)OCCCCOC1COCC1OCCC,cpsat,XGBoost,4,580.6802368164062
CCCCOC(=O)OCCCCOC1COCC1OCC,cpsat,XGBoost,4,579.841064453125
CCCOC(=O)OCCOCCOCC1CC(OCC)CO1,cpsat,XGBoost,4,585.550048828125
CCCCOC(=O)COCCCOC(=O)CC1CCCO1,cpsat,XGBoost,4,560.4907836914062
CCCOC(COCC)(COC(=O)OCC)COC1CCOC1,cpsat,XGBoost,4,592.84814453125
CCCOC(=O)OC(COCC)(COCC)COC1CCOC1,cpsat,XGBoost,4,596.7546997070312
CCCCOC(COC)(COC(=O)OCC)COC1CCOC1,cpsat,XGBoost,4,592.6904296875
CC(C)OCC(COCC1CCCO1)OC(=O)OC(C)C,cpsat,XGBoost,4,559.9361572265625
CCCOC(COC(=O)OC)C(COC1CCOC1)OCCC,cpsat,XGBoost,4,596.9979248046875
CCOC(=O)OCC(COCC(C)C)OCC1CCCO1,cpsat,XGBoost,4,569.4674682617188
CCOCC(OCC)C(COC(COC)C1CCCO1)OCC1CCCO1,cpsat,XGBoost,4,662.8074340820312
CCOCC(COC1CCOC1)(COC1CCOC1)OC(=O)OC1CCOC1,cpsat,XGBoost,4,643.4392700195312
CCCC(=O)OC(COC(=O)COC)COC(C)COCC,cpsat,XGBoost,4,587.5216064453125
CCCC(=O)OCC(OC(=O)CCC)C(=O)COC(C)C,cpsat,XGBoost,4,567.7942504882812
CCCC(=O)OCC(COC(=O)CCC)OC(=O)CCC,cpsat,XGBoost,4,567.237060546875
CCCCCOCCOCCOC,cpsat,MLP,0,406.32058126639953
COCCOC(=O)OC1CCCC1,cpsat,MLP,0,357.60116139473297
CCCOC(=O)OCCOCCOCC,cpsat,MLP,0,440.93231984808335
CCCCOC(=O)OCCOCCOC,cpsat,MLP,0,443.7910550928736
CCCOC(CC)COCCOCCOC,cpsat,MLP,0,495.3580260001909
CCCCOCCOCCOC(C)COCC,cpsat,MLP,0,519.6837723512431
CCCOCCOCCOC(=O)OCCC,cpsat,MLP,0,470.83427780993117
CCCCOC(=O)OCCOCCOCC,cpsat,MLP,0,469.54391126957637
CCCCOCCOCCOC(=O)OCC,cpsat,MLP,0,470.7284547227367
CCCOC(=O)OCCOCCOCCOC,cpsat,MLP,0,502.3589755311915
CCOC(=O)OCCCCOCCOCCOC,cpsat,MLP,0,530.2547401668518
CCCOC(=O)OCCOCCOCCOCC,cpsat,MLP,0,526.9277702561611
CC(=O)OCCOCCOCCOC(C)=O,cpsat,MLP,0,446.33948334020977
CCCOC(=O)OCCCCOC1COCC1OCCC,cpsat,MLP,0,584.6151493328339
CCCCOC(=O)OCCCCOC1COCC1OCC,cpsat,MLP,0,584.4577952996472
CCCOC(=O)OCCOCCOCC1CC(OCC)CO1,cpsat,MLP,0,602.6862576254176
CCCCOC(=O)COCCCOC(=O)CC1CCCO1,cpsat,MLP,0,571.161886312873
CCCOC(COCC)(COC(=O)OCC)COC1CCOC1,cpsat,MLP,0,575.8359989250544
CCCOC(=O)OC(COCC)(COCC)COC1CCOC1,cpsat,MLP,0,573.0042134286178
CCCCOC(COC)(COC(=O)OCC)COC1CCOC1,cpsat,MLP,0,581.9107382021406
CC(C)OCC(COCC1CCCO1)OC(=O)OC(C)C,cpsat,MLP,0,547.7801982932366
CCCOC(COC(=O)OC)C(COC1CCOC1)OCCC,cpsat,MLP,0,593.1921987884779
CCOC(=O)OCC(COCC(C)C)OCC1CCCO1,cpsat,MLP,0,558.0999406600374
CCOCC(OCC)C(COC(COC)C1CCCO1)OCC1CCCO1,cpsat,MLP,0,647.958078537212
CCOCC(COC1CCOC1)(COC1CCOC1)OC(=O)OC1CCOC1,cpsat,MLP,0,629.9806412543467
CCCC(=O)OC(COC(=O)COC)COC(C)COCC,cpsat,MLP,0,578.8107400363759
CCCC(=O)OCC(OC(=O)CCC)C(=O)COC(C)C,cpsat,MLP,0,569.7920055672726
CCCC(=O)OCC(COC(=O)CCC)OC(=O)CCC,cpsat,MLP,0,551.8924656476916
CCCCCOCCOCCOC,cpsat,MLP,1,408.6465991925158
COCCOC(=O)OC1CCCC1,cpsat,MLP,1,351.0372011942219
CCCOC(=O)OCCOCCOCC,cpsat,MLP,1,442.9027358829079
CCCCOC(=O)OCCOCCOC,cpsat,MLP,1,441.55450341512943
CCCOC(CC)COCCOCCOC,cpsat,MLP,1,484.8097464561752
CCCCOCCOCCOC(C)COCC,cpsat,MLP,1,512.3747756606189
CCCOCCOCCOC(=O)OCCC,cpsat,MLP,1,473.81345892957717
CCCCOC(=O)OCCOCCOCC,cpsat,MLP,1,475.12234215042224
CCCCOCCOCCOC(=O)OCC,cpsat,MLP,1,473.1634379549878
CCCOC(=O)OCCOCCOCCOC,cpsat,MLP,1,504.78659719529753
CCOC(=O)OCCCCOCCOCCOC,cpsat,MLP,1,531.029223109053
CCCOC(=O)OCCOCCOCCOCC,cpsat,MLP,1,533.0062219238741
CC(=O)OCCOCCOCCOC(C)=O,cpsat,MLP,1,458.4341877635895
CCCOC(=O)OCCCCOC1COCC1OCCC,cpsat,MLP,1,579.3956366994137
CCCCOC(=O)OCCCCOC1COCC1OCC,cpsat,MLP,1,580.7428851634877
CCCOC(=O)OCCOCCOCC1CC(OCC)CO1,cpsat,MLP,1,612.8505417297762
CCCCOC(=O)COCCCOC(=O)CC1CCCO1,cpsat,MLP,1,569.3202609326129
CCCOC(COCC)(COC(=O)OCC)COC1CCOC1,cpsat,MLP,1,619.2933215944531
CCCOC(=O)OC(COCC)(COCC)COC1CCOC1,cpsat,MLP,1,613.4246907193469
CCCCOC(COC)(COC(=O)OCC)COC1CCOC1,cpsat,MLP,1,620.6627932635025
CC(C)OCC(COCC1CCCO1)OC(=O)OC(C)C,cpsat,MLP,1,585.5873631826839
CCCOC(COC(=O)OC)C(COC1CCOC1)OCCC,cpsat,MLP,1,632.1840893072192
CCOC(=O)OCC(COCC(C)C)OCC1CCCO1,cpsat,MLP,1,583.1331100776043
CCOCC(OCC)C(COC(COC)C1CCCO1)OCC1CCCO1,cpsat,MLP,1,708.081006719638
CCOCC(COC1CCOC1)(COC1CCOC1)OC(=O)OC1CCOC1,cpsat,MLP,1,702.4427420653052
CCCC(=O)OC(COC(=O)COC)COC(C)COCC,cpsat,MLP,1,623.0512222269635
CCCC(=O)OCC(OC(=O)CCC)C(=O)COC(C)C,cpsat,MLP,1,591.1924881366854
CCCC(=O)OCC(COC(=O)CCC)OC(=O)CCC,cpsat,MLP,1,584.0692094101938
CCCCCOCCOCCOC,cpsat,MLP,2,404.04741962039446
COCCOC(=O)OC1CCCC1,cpsat,MLP,2,349.4964104426695
CCCOC(=O)OCCOCCOCC,cpsat,MLP,2,426.4373260105012
CCCCOC(=O)OCCOCCOC,cpsat,MLP,2,421.09920780438006
CCCOC(CC)COCCOCCOC,cpsat,MLP,2,489.221681439298
CCCCOCCOCCOC(C)COCC,cpsat,MLP,2,531.1199352343931
CCCOCCOCCOC(=O)OCCC,cpsat,MLP,2,444.3963571725758
CCCCOC(=O)OCCOCCOCC,cpsat,MLP,2,443.024566468363
CCCCOCCOCCOC(=O)OCC,cpsat,MLP,2,444.91276825771536
CCCOC(=O)OCCOCCOCCOC,cpsat,MLP,2,463.74154570579276
CCOC(=O)OCCCCOCCOCCOC,cpsat,MLP,2,487.65213689289806
CCCOC(=O)OCCOCCOCCOCC,cpsat,MLP,2,479.97478220817084
CC(=O)OCCOCCOCCOC(C)=O,cpsat,MLP,2,455.0623873651736
CCCOC(=O)OCCCCOC1COCC1OCCC,cpsat,MLP,2,488.037935597499
CCCCOC(=O)OCCCCOC1COCC1OCC,cpsat,MLP,2,491.98958691765625
CCCOC(=O)OCCOCCOCC1CC(OCC)CO1,cpsat,MLP,2,523.3318433303161
CCCCOC(=O)COCCCOC(=O)CC1CCCO1,cpsat,MLP,2,490.2899452394993
CCCOC(COCC)(COC(=O)OCC)COC1CCOC1,cpsat,MLP,2,539.2652258528886
CCCOC(=O)OC(COCC)(COCC)COC1CCOC1,cpsat,MLP,2,529.3487117303881
CCCCOC(COC)(COC(=O)OCC)COC1CCOC1,cpsat,MLP,2,540.8146783166244
CC(C)OCC(COCC1CCCO1)OC(=O)OC(C)C,cpsat,MLP,2,522.9091964231097
CCCOC(COC(=O)OC)C(COC1CCOC1)OCCC,cpsat,MLP,2,548.0359080231229
CCOC(=O)OCC(COCC(C)C)OCC1CCCO1,cpsat,MLP,2,528.2578314112935
CCOCC(OCC)C(COC(COC)C1CCCO1)OCC1CCCO1,cpsat,MLP,2,633.6179465844486
CCOCC(COC1CCOC1)(COC1CCOC1)OC(=O)OC1CCOC1,cpsat,MLP,2,578.7471243899099
CCCC(=O)OC(COC(=O)COC)COC(C)COCC,cpsat,MLP,2,566.1191157958879
CCCC(=O)OCC(OC(=O)CCC)C(=O)COC(C)C,cpsat,MLP,2,550.1817419706119
CCCC(=O)OCC(COC(=O)CCC)OC(=O)CCC,cpsat,MLP,2,566.20127851919
CCCCCOCCOCCOC,cpsat,MLP,3,401.0060782032461
COCCOC(=O)OC1CCCC1,cpsat,MLP,3,362.41658391035764
CCCOC(=O)OCCOCCOCC,cpsat,MLP,3,448.2853096279867
CCCCOC(=O)OCCOCCOC,cpsat,MLP,3,451.93988092944653
CCCOC(CC)COCCOCCOC,cpsat,MLP,3,482.7861217270602
CCCCOCCOCCOC(C)COCC,cpsat,MLP,3,511.3090875757283
CCCOCCOCCOC(=O)OCCC,cpsat,MLP,3,478.4396046085254
CCCCOC(=O)OCCOCCOCC,cpsat,MLP,3,479.0336069530545
CCCCOCCOCCOC(=O)OCC,cpsat,MLP,3,477.83550392731956
CCCOC(=O)OCCOCCOCCOC,cpsat,MLP,3,502.2720180916778
CCOC(=O)OCCCCOCCOCCOC,cpsat,MLP,3,533.3020825864309
CCCOC(=O)OCCOCCOCCOCC,cpsat,MLP,3,528.466196069971
CC(=O)OCCOCCOCCOC(C)=O,cpsat,MLP,3,437.155736398262
CCCOC(=O)OCCCCOC1COCC1OCCC,cpsat,MLP,3,582.9599075598646
CCCCOC(=O)OCCCCOC1COCC1OCC,cpsat,MLP,3,583.1568374965052
CCCOC(=O)OCCOCCOCC1CC(OCC)CO1,cpsat,MLP,3,601.7625512382535
CCCCOC(=O)COCCCOC(=O)CC1CCCO1,cpsat,MLP,3,550.3999465142894
CCCOC(COCC)(COC(=O)OCC)COC1CCOC1,cpsat,MLP,3,581.0453108169639
CCCOC(=O)OC(COCC)(COCC)COC1CCOC1,cpsat,MLP,3,566.0029139334606
CCCCOC(COC)(COC(=O)OCC)COC1CCOC1,cpsat,MLP,3,583.4773690423942
CC(C)OCC(COCC1CCCO1)OC(=O)OC(C)C,cpsat,MLP,3,554.5877925549956
CCCOC(COC(=O)OC)C(COC1CCOC1)OCCC,cpsat,MLP,3,582.9825142505276
CCOC(=O)OCC(COCC(C)C)OCC1CCCO1,cpsat,MLP,3,559.4808426748274
CCOCC(OCC)C(COC(COC)C1CCCO1)OCC1CCCO1,cpsat,MLP,3,611.9484416496655
CCOCC(COC1CCOC1)(COC1CCOC1)OC(=O)OC1CCOC1,cpsat,MLP,3,568.9233291114296
CCCC(=O)OC(COC(=O)COC)COC(C)COCC,cpsat,MLP,3,576.2592668082928
CCCC(=O)OCC(OC(=O)CCC)C(=O)COC(C)C,cpsat,MLP,3,567.7565074417627
CCCC(=O)OCC(COC(=O)CCC)OC(=O)CCC,cpsat,MLP,3,552.6713458676338
CCCCCOCCOCCOC,cpsat,MLP,4,396.2874642291587
COCCOC(=O)OC1CCCC1,cpsat,MLP,4,337.29082015159196
CCCOC(=O)OCCOCCOCC,cpsat,MLP,4,402.6674959674675
CCCCOC(=O)OCCOCCOC,cpsat,MLP,4,409.12297587854385
CCCOC(CC)COCCOCCOC,cpsat,MLP,4,482.70873679508856
CCCCOCCOCCOC(C)COCC,cpsat,MLP,4,515.2052996797493
CCCOCCOCCOC(=O)OCCC,cpsat,MLP,4,435.6184065111319
CCCCOC(=O)OCCOCCOCC,cpsat,MLP,4,436.52346752239004
CCCCOCCOCCOC(=O)OCC,cpsat,MLP,4,443.67091502774974
CCCOC(=O)OCCOCCOCCOC,cpsat,MLP,4,456.4457747149009
CCOC(=O)OCCCCOCCOCCOC,cpsat,MLP,4,488.9235013251953
CCCOC(=O)OCCOCCOCCOCC,cpsat,MLP,4,484.850985735005
CC(=O)OCCOCCOCCOC(C)=O,cpsat,MLP,4,432.1284589595827
CCCOC(=O)OCCCCOC1COCC1OCCC,cpsat,MLP,4,535.7364495313245
CCCCOC(=O)OCCCCOC1COCC1OCC,cpsat,MLP,4,535.8162640190005
CCCOC(=O)OCCOCCOCC1CC(OCC)CO1,cpsat,MLP,4,550.5873233671889
CCCCOC(=O)COCCCOC(=O)CC1CCCO1,cpsat,MLP,4,548.1544232672231
CCCOC(COCC)(COC(=O)OCC)COC1CCOC1,cpsat,MLP,4,573.321541105031
CCCOC(=O)OC(COCC)(COCC)COC1CCOC1,cpsat,MLP,4,568.8298702704125
CCCCOC(COC)(COC(=O)OCC)COC1CCOC1,cpsat,MLP,4,571.8036176759135
CC(C)OCC(COCC1CCCO1)OC(=O)OC(C)C,cpsat,MLP,4,524.3319252679556
CCCOC(COC(=O)OC)C(COC1CCOC1)OCCC,cpsat,MLP,4,563.4227912019583
CCOC(=O)OCC(COCC(C)C)OCC1CCCO1,cpsat,MLP,4,531.8262457870036
CCOCC(OCC)C(COC(COC)C1CCCO1)OCC1CCCO1,cpsat,MLP,4,699.7533905158821
CCOCC(COC1CCOC1)(COC1CCOC1)OC(=O)OC1CCOC1,cpsat,MLP,4,649.7212315043082
CCCC(=O)OC(COC(=O)COC)COC(C)COCC,cpsat,MLP,4,560.2377537333306
CCCC(=O)OCC(OC(=O)CCC)C(=O)COC(C)C,cpsat,MLP,4,522.2934578376852
CCCC(=O)OCC(COC(=O)CCC)OC(=O)CCC,cpsat,MLP,4,560.5068419287092
CCCCCOCCOCCOC,cpsat,D-MPNN,0,395.372749897317
COCCOC(=O)OC1CCCC1,cpsat,D-MPNN,0,344.7094601294769
CCCOC(=O)OCCOCCOCC,cpsat,D-MPNN,0,434.2413689309172
CCCCOC(=O)OCCOCCOC,cpsat,D-MPNN,0,435.42592966598016
CCCOC(CC)COCCOCCOC,cpsat,D-MPNN,0,476.7769603902821
CCCCOCCOCCOC(C)COCC,cpsat,D-MPNN,0,508.4833756134123
CCCOCCOCCOC(=O)OCCC,cpsat,D-MPNN,0,464.96132077679886
CCCCOC(=O)OCCOCCOCC,cpsat,D-MPNN,0,465.9754877941344
CCCCOCCOCCOC(=O)OCC,cpsat,D-MPNN,0,463.8398504053747
CCCOC(=O)OCCOCCOCCOC,cpsat,D-MPNN,0,490.541482789816
CCOC(=O)OCCCCOCCOCCOC,cpsat,D-MPNN,0,520.5089823919178
CCCOC(=O)OCCOCCOCCOCC,cpsat,D-MPNN,0,521.4259639708771
CC(=O)OCCOCCOCCOC(C)=O,cpsat,D-MPNN,0,442.827047679125
CCCOC(=O)OCCCCOC1COCC1OCCC,cpsat,D-MPNN,0,582.6962162718179
CCCCOC(=O)OCCCCOC1COCC1OCC,cpsat,D-MPNN,0,582.530068663986
CCCOC(=O)OCCOCCOCC1CC(OCC)CO1,cpsat,D-MPNN,0,603.8140805249037
CCCCOC(=O)COCCCOC(=O)CC1CCCO1,cpsat,D-MPNN,0,565.2668110967563
CCCOC(COCC)(COC(=O)OCC)COC1CCOC1,cpsat,D-MPNN,0,616.7252833008338
CCCOC(=O)OC(COCC)(COCC)COC1CCOC1,cpsat,D-MPNN,0,616.6091833729232
CCCCOC(COC)(COC(=O)OCC)COC1CCOC1,cpsat,D-MPNN,0,615.1943082923774
CC(C)OCC(COCC1CCCO1)OC(=O)OC(C)C,cpsat,D-MPNN,0,569.9081061432416
CCCOC(COC(=O)OC)C(COC1CCOC1)OCCC,cpsat,D-MPNN,0,622.9774871168839
CCOC(=O)OCC(COCC(C)C)OCC1CCCO1,cpsat,D-MPNN,0,576.8428647017158
CCOCC(OCC)C(COC(COC)C1CCCO1)OCC1CCCO1,cpsat,D-MPNN,0,710.3114160602822
CCOCC(COC1CCOC1)(COC1CCOC1)OC(=O)OC1CCOC1,cpsat,D-MPNN,0,686.4790998609582
CCCC(=O)OC(COC(=O)COC)COC(C)COCC,cpsat,D-MPNN,0,601.4714749718171
CCCC(=O)OCC(OC(=O)CCC)C(=O)COC(C)C,cpsat,D-MPNN,0,576.2357303728194
CCCC(=O)OCC(COC(=O)CCC)OC(=O)CCC,cpsat,D-MPNN,0,573.5252572987908
CCCCCOCCOCCOC,cpsat,D-MPNN,1,395.44747229006754
COCCOC(=O)OC1CCCC1,cpsat,D-MPNN,1,343.77073033502575
CCCOC(=O)OCCOCCOCC,cpsat,D-MPNN,1,433.6032863249496
CCCCOC(=O)OCCOCCOC,cpsat,D-MPNN,1,432.4252394773585
CCCOC(CC)COCCOCCOC,cpsat,D-MPNN,1,474.45899843115967
CCCCOCCOCCOC(C)COCC,cpsat,D-MPNN,1,505.63813308334807
CCCOCCOCCOC(=O)OCCC,cpsat,D-MPNN,1,463.5075375098797
CCCCOC(=O)OCCOCCOCC,cpsat,D-MPNN,1,461.1803946608613
CCCCOCCOCCOC(=O)OCC,cpsat,D-MPNN,1,457.9520539696683
CCCOC(=O)OCCOCCOCCOC,cpsat,D-MPNN,1,488.58774372432674
CCOC(=O)OCCCCOCCOCCOC,cpsat,D-MPNN,1,517.0845084956046
CCCOC(=O)OCCOCCOCCOCC,cpsat,D-MPNN,1,517.3635396504997
CC(=O)OCCOCCOCCOC(C)=O,cpsat,D-MPNN,1,439.75742613374376
CCCOC(=O)OCCCCOC1COCC1OCCC,cpsat,D-MPNN,1,578.38581035599
CCCCOC(=O)OCCCCOC1COCC1OCC,cpsat,D-MPNN,1,576.2113581855515
CCCOC(=O)OCCOCCOCC1CC(OCC)CO1,cpsat,D-MPNN,1,597.5532733111479
CCCCOC(=O)COCCCOC(=O)CC1CCCO1,cpsat,D-MPNN,1,556.0291359379596
CCCOC(COCC)(COC(=O)OCC)COC1CCOC1,cpsat,D-MPNN,1,604.215330830414
CCCOC(=O)OC(COCC)(COCC)COC1CCOC1,cpsat,D-MPNN,1,598.6089553794191
CCCCOC(COC)(COC(=O)OCC)COC1CCOC1,cpsat,D-MPNN,1,606.8827843744782
CC(C)OCC(COCC1CCCO1)OC(=O)OC(C)C,cpsat,D-MPNN,1,555.167336356233
CCCOC(COC(=O)OC)C(COC1CCOC1)OCCC,cpsat,D-MPNN,1,608.9006449004881
CCOC(=O)OCC(COCC(C)C)OCC1CCCO1,cpsat,D-MPNN,1,559.8094408773864
CCOCC(OCC)C(COC(COC)C1CCCO1)OCC1CCCO1,cpsat,D-MPNN,1,681.001374637663
CCOCC(COC1CCOC1)(COC1CCOC1)OC(=O)OC1CCOC1,cpsat,D-MPNN,1,682.8434973995047
CCCC(=O)OC(COC(=O)COC)COC(C)COCC,cpsat,D-MPNN,1,586.0348720198706
CCCC(=O)OCC(OC(=O)CCC)C(=O)COC(C)C,cpsat,D-MPNN,1,546.1910345838387
CCCC(=O)OCC(COC(=O)CCC)OC(=O)CCC,cpsat,D-MPNN,1,543.564174998567
CCCCCOCCOCCOC,cpsat,D-MPNN,2,403.5612331229853
COCCOC(=O)OC1CCCC1,cpsat,D-MPNN,2,332.6784343806359
CCCOC(=O)OCCOCCOCC,cpsat,D-MPNN,2,427.8126004342579
CCCCOC(=O)OCCOCCOC,cpsat,D-MPNN,2,427.6800319031557
CCCOC(CC)COCCOCCOC,cpsat,D-MPNN,2,481.1490935419888
CCCCOCCOCCOC(C)COCC,cpsat,D-MPNN,2,513.5746672065608
CCCOCCOCCOC(=O)OCCC,cpsat,D-MPNN,2,457.9083873084152
CCCCOC(=O)OCCOCCOCC,cpsat,D-MPNN,2,457.78988864034665
CCCCOCCOCCOC(=O)OCC,cpsat,D-MPNN,2,456.52260466891136
CCCOC(=O)OCCOCCOCCOC,cpsat,D-MPNN,2,483.5072786397373
CCOC(=O)OCCCCOCCOCCOC,cpsat,D-MPNN,2,511.4723102454203
CCCOC(=O)OCCOCCOCCOCC,cpsat,D-MPNN,2,512.8777602718458
CC(=O)OCCOCCOCCOC(C)=O,cpsat,D-MPNN,2,443.75969501514953
CCCOC(=O)OCCCCOC1COCC1OCCC,cpsat,D-MPNN,2,570.2537642938487
CCCCOC(=O)OCCCCOC1COCC1OCC,cpsat,D-MPNN,2,570.152902389226
CCCOC(=O)OCCOCCOCC1CC(OCC)CO1,cpsat,D-MPNN,2,594.6831077671652
CCCCOC(=O)COCCCOC(=O)CC1CCCO1,cpsat,D-MPNN,2,561.0146708501856
CCCOC(COCC)(COC(=O)OCC)COC1CCOC1,cpsat,D-MPNN,2,601.1102059902604
CCCOC(=O)OC(COCC)(COCC)COC1CCOC1,cpsat,D-MPNN,2,624.3766182438629
CCCCOC(COC)(COC(=O)OCC)COC1CCOC1,cpsat,D-MPNN,2,605.4580826702412
CC(C)OCC(COCC1CCCO1)OC(=O)OC(C)C,cpsat,D-MPNN,2,560.8022539450347
CCCOC(COC(=O)OC)C(COC1CCOC1)OCCC,cpsat,D-MPNN,2,597.2341032257939
CCOC(=O)OCC(COCC(C)C)OCC1CCCO1,cpsat,D-MPNN,2,560.4565764236271
CCOCC(OCC)C(COC(COC)C1CCCO1)OCC1CCCO1,cpsat,D-MPNN,2,691.2369115928825
CCOCC(COC1CCOC1)(COC1CCOC1)OC(=O)OC1CCOC1,cpsat,D-MPNN,2,701.6919302052424
CCCC(=O)OC(COC(=O)COC)COC(C)COCC,cpsat,D-MPNN,2,597.7706137219257
CCCC(=O)OCC(OC(=O)CCC)C(=O)COC(C)C,cpsat,D-MPNN,2,568.603164016058
CCCC(=O)OCC(COC(=O)CCC)OC(=O)CCC,cpsat,D-MPNN,2,564.9422464973609
CCCCCOCCOCCOC,cpsat,D-MPNN,3,405.7249099345362
COCCOC(=O)OC1CCCC1,cpsat,D-MPNN,3,327.15934851758
CCCOC(=O)OCCOCCOCC,cpsat,D-MPNN,3,433.0580640637231
CCCCOC(=O)OCCOCCOC,cpsat,D-MPNN,3,434.4794825935039
CCCOC(CC)COCCOCCOC,cpsat,D-MPNN,3,477.5811396409486
CCCCOCCOCCOC(C)COCC,cpsat,D-MPNN,3,525.9079001560235
CCCOCCOCCOC(=O)OCCC,cpsat,D-MPNN,3,466.35753995373
CCCCOC(=O)OCCOCCOCC,cpsat,D-MPNN,3,465.2778587131471
CCCCOCCOCCOC(=O)OCC,cpsat,D-MPNN,3,466.5572484282169
CCCOC(=O)OCCOCCOCCOC,cpsat,D-MPNN,3,494.9023475003782
CCOC(=O)OCCCCOCCOCCOC,cpsat,D-MPNN,3,521.3655402859949
CCCOC(=O)OCCOCCOCCOCC,cpsat,D-MPNN,3,522.4662165007268
CC(=O)OCCOCCOCCOC(C)=O,cpsat,D-MPNN,3,449.02373963134175
CCCOC(=O)OCCCCOC1COCC1OCCC,cpsat,D-MPNN,3,568.6859964676254
CCCCOC(=O)OCCCCOC1COCC1OCC,cpsat,D-MPNN,3,569.458952138284
CCCOC(=O)OCCOCCOCC1CC(OCC)CO1,cpsat,D-MPNN,3,583.3502398580831
CCCCOC(=O)COCCCOC(=O)CC1CCCO1,cpsat,D-MPNN,3,540.7928696027705
CCCOC(COCC)(COC(=O)OCC)COC1CCOC1,cpsat,D-MPNN,3,583.2502085275545
CCCOC(=O)OC(COCC)(COCC)COC1CCOC1,cpsat,D-MPNN,3,579.8555035760784
CCCCOC(COC)(COC(=O)OCC)COC1CCOC1,cpsat,D-MPNN,3,590.0348105362114
CC(C)OCC(COCC1CCCO1)OC(=O)OC(C)C,cpsat,D-MPNN,3,542.9615916524551
CCCOC(COC(=O)OC)C(COC1CCOC1)OCCC,cpsat,D-MPNN,3,584.0784474467258
CCOC(=O)OCC(COCC(C)C)OCC1CCCO1,cpsat,D-MPNN,3,552.0993037321446
CCOCC(OCC)C(COC(COC)C1CCCO1)OCC1CCCO1,cpsat,D-MPNN,3,668.1136272909198
CCOCC(COC1CCOC1)(COC1CCOC1)OC(=O)OC1CCOC1,cpsat,D-MPNN,3,651.4539871937154
CCCC(=O)OC(COC(=O)COC)COC(C)COCC,cpsat,D-MPNN,3,589.7839107984819
CCCC(=O)OCC(OC(=O)CCC)C(=O)COC(C)C,cpsat,D-MPNN,3,562.09924156999
CCCC(=O)OCC(COC(=O)CCC)OC(=O)CCC,cpsat,D-MPNN,3,564.1986033389616
CCCCCOCCOCCOC,cpsat,D-MPNN,4,404.7136686744264
COCCOC(=O)OC1CCCC1,cpsat,D-MPNN,4,342.1112562893887
CCCOC(=O)OCCOCCOCC,cpsat,D-MPNN,4,440.64039153011777
CCCCOC(=O)OCCOCCOC,cpsat,D-MPNN,4,438.82290390050713
CCCOC(CC)COCCOCCOC,cpsat,D-MPNN,4,485.61463773062536
CCCCOCCOCCOC(C)COCC,cpsat,D-MPNN,4,515.3856992579267
CCCOCCOCCOC(=O)OCCC,cpsat,D-MPNN,4,469.2255336833065
CCCCOC(=O)OCCOCCOCC,cpsat,D-MPNN,4,469.87909146855407
CCCCOCCOCCOC(=O)OCC,cpsat,D-MPNN,4,469.8222889154672
CCCOC(=O)OCCOCCOCCOC,cpsat,D-MPNN,4,497.3399088163652
CCOC(=O)OCCCCOCCOCCOC,cpsat,D-MPNN,4,524.6400966053815
CCCOC(=O)OCCOCCOCCOCC,cpsat,D-MPNN,4,528.3541923721875
CC(=O)OCCOCCOCCOC(C)=O,cpsat,D-MPNN,4,451.5798168347679
CCCOC(=O)OCCCCOC1COCC1OCCC,cpsat,D-MPNN,4,581.4993328181667
CCCCOC(=O)OCCCCOC1COCC1OCC,cpsat,D-MPNN,4,581.9956721834842
CCCOC(=O)OCCOCCOCC1CC(OCC)CO1,cpsat,D-MPNN,4,613.0089853934587
CCCCOC(=O)COCCCOC(=O)CC1CCCO1,cpsat,D-MPNN,4,560.1967631436398
CCCOC(COCC)(COC(=O)OCC)COC1CCOC1,cpsat,D-MPNN,4,624.6843657742272
CCCOC(=O)OC(COCC)(COCC)COC1CCOC1,cpsat,D-MPNN,4,617.7065341411471
CCCCOC(COC)(COC(=O)OCC)COC1CCOC1,cpsat,D-MPNN,4,626.5589545248778
CC(C)OCC(COCC1CCCO1)OC(=O)OC(C)C,cpsat,D-MPNN,4,573.7376408808855
CCCOC(COC(=O)OC)C(COC1CCOC1)OCCC,cpsat,D-MPNN,4,624.5650580201482
CCOC(=O)OCC(COCC(C)C)OCC1CCCO1,cpsat,D-MPNN,4,581.3229985850361
CCOCC(OCC)C(COC(COC)C1CCCO1)OCC1CCCO1,cpsat,D-MPNN,4,702.4251012772113
CCOCC(COC1CCOC1)(COC1CCOC1)OC(=O)OC1CCOC1,cpsat,D-MPNN,4,689.037164973967
CCCC(=O)OC(COC(=O)COC)COC(C)COCC,cpsat,D-MPNN,4,608.0728211376124
CCCC(=O)OCC(OC(=O)CCC)C(=O)COC(C)C,cpsat,D-MPNN,4,567.1943450468208
CCCC(=O)OCC(COC(=O)CCC)OC(=O)CCC,cpsat,D-MPNN,4,567.3103834818127
CCCCCOCCOCCOC,cpsat,Uni-Mol,0,405.9104919433594
COCCOC(=O)OC1CCCC1,cpsat,Uni-Mol,0,332.8127746582031
CCCOC(=O)OCCOCCOCC,cpsat,Uni-Mol,0,443.4524841308594
CCCCOC(=O)OCCOCCOC,cpsat,Uni-Mol,0,427.3031005859375
CCCOC(CC)COCCOCCOC,cpsat,Uni-Mol,0,472.0937805175781
CCCCOCCOCCOC(C)COCC,cpsat,Uni-Mol,0,526.2489624023438
CCCOCCOCCOC(=O)OCCC,cpsat,Uni-Mol,0,469.3894348144531
CCCCOC(=O)OCCOCCOCC,cpsat,Uni-Mol,0,472.7807312011719
CCCCOCCOCCOC(=O)OCC,cpsat,Uni-Mol,0,462.71990966796875
CCCOC(=O)OCCOCCOCCOC,cpsat,Uni-Mol,0,488.465087890625
CCOC(=O)OCCCCOCCOCCOC,cpsat,Uni-Mol,0,525.9960327148438
CCCOC(=O)OCCOCCOCCOCC,cpsat,Uni-Mol,0,517.9302368164062
CC(=O)OCCOCCOCCOC(C)=O,cpsat,Uni-Mol,0,449.6894226074219
CCCOC(=O)OCCCCOC1COCC1OCCC,cpsat,Uni-Mol,0,574.2782592773438
CCCCOC(=O)OCCCCOC1COCC1OCC,cpsat,Uni-Mol,0,582.2498168945312
CCCOC(=O)OCCOCCOCC1CC(OCC)CO1,cpsat,Uni-Mol,0,604.23388671875
CCCCOC(=O)COCCCOC(=O)CC1CCCO1,cpsat,Uni-Mol,0,548.546875
CCCOC(COCC)(COC(=O)OCC)COC1CCOC1,cpsat,Uni-Mol,0,569.2308959960938
CCCOC(=O)OC(COCC)(COCC)COC1CCOC1,cpsat,Uni-Mol,0,584.6845703125
CCCCOC(COC)(COC(=O)OCC)COC1CCOC1,cpsat,Uni-Mol,0,579.2728271484375
CC(C)OCC(COCC1CCCO1)OC(=O)OC(C)C,cpsat,Uni-Mol,0,571.8203125
CCCOC(COC(=O)OC)C(COC1CCOC1)OCCC,cpsat,Uni-Mol,0,585.8538208007812
CCOC(=O)OCC(COCC(C)C)OCC1CCCO1,cpsat,Uni-Mol,0,563.91455078125
CCOCC(OCC)C(COC(COC)C1CCCO1)OCC1CCCO1,cpsat,Uni-Mol,0,637.6279296875
CCOCC(COC1CCOC1)(COC1CCOC1)OC(=O)OC1CCOC1,cpsat,Uni-Mol,0,625.9180297851562
CCCC(=O)OC(COC(=O)COC)COC(C)COCC,cpsat,Uni-Mol,0,583.3551635742188
CCCC(=O)OCC(OC(=O)CCC)C(=O)COC(C)C,cpsat,Uni-Mol,0,560.8363647460938
CCCC(=O)OCC(COC(=O)CCC)OC(=O)CCC,cpsat,Uni-Mol,0,570.1109008789062
CCCCCOCCOCCOC,cpsat,Uni-Mol,1,394.89239501953125
COCCOC(=O)OC1CCCC1,cpsat,Uni-Mol,1,331.95440673828125
CCCOC(=O)OCCOCCOCC,cpsat,Uni-Mol,1,434.84649658203125
CCCCOC(=O)OCCOCCOC,cpsat,Uni-Mol,1,428.1529235839844
CCCOC(CC)COCCOCCOC,cpsat,Uni-Mol,1,471.17352294921875
CCCCOCCOCCOC(C)COCC,cpsat,Uni-Mol,1,523.2868041992188
CCCOCCOCCOC(=O)OCCC,cpsat,Uni-Mol,1,462.15875244140625
CCCCOC(=O)OCCOCCOCC,cpsat,Uni-Mol,1,469.69866943359375
CCCCOCCOCCOC(=O)OCC,cpsat,Uni-Mol,1,461.8877258300781
CCCOC(=O)OCCOCCOCCOC,cpsat,Uni-Mol,1,493.8303527832031
CCOC(=O)OCCCCOCCOCCOC,cpsat,Uni-Mol,1,512.6859130859375
CCCOC(=O)OCCOCCOCCOCC,cpsat,Uni-Mol,1,521.6393432617188
CC(=O)OCCOCCOCCOC(C)=O,cpsat,Uni-Mol,1,449.507568359375
CCCOC(=O)OCCCCOC1COCC1OCCC,cpsat,Uni-Mol,1,567.5903930664062
CCCCOC(=O)OCCCCOC1COCC1OCC,cpsat,Uni-Mol,1,568.87744140625
CCCOC(=O)OCCOCCOCC1CC(OCC)CO1,cpsat,Uni-Mol,1,603.1913452148438
CCCCOC(=O)COCCCOC(=O)CC1CCCO1,cpsat,Uni-Mol,1,557.0418090820312
CCCOC(COCC)(COC(=O)OCC)COC1CCOC1,cpsat,Uni-Mol,1,536.0996704101562
CCCOC(=O)OC(COCC)(COCC)COC1CCOC1,cpsat,Uni-Mol,1,575.0051879882812
CCCCOC(COC)(COC(=O)OCC)COC1CCOC1,cpsat,Uni-Mol,1,558.4299926757812
CC(C)OCC(COCC1CCCO1)OC(=O)OC(C)C,cpsat,Uni-Mol,1,553.8867797851562
CCCOC(COC(=O)OC)C(COC1CCOC1)OCCC,cpsat,Uni-Mol,1,591.3157348632812
CCOC(=O)OCC(COCC(C)C)OCC1CCCO1,cpsat,Uni-Mol,1,532.1641845703125
CCOCC(OCC)C(COC(COC)C1CCCO1)OCC1CCCO1,cpsat,Uni-Mol,1,628.2771606445312
CCOCC(COC1CCOC1)(COC1CCOC1)OC(=O)OC1CCOC1,cpsat,Uni-Mol,1,618.7545776367188
CCCC(=O)OC(COC(=O)COC)COC(C)COCC,cpsat,Uni-Mol,1,579.4318237304688
CCCC(=O)OCC(OC(=O)CCC)C(=O)COC(C)C,cpsat,Uni-Mol,1,543.2249755859375
CCCC(=O)OCC(COC(=O)CCC)OC(=O)CCC,cpsat,Uni-Mol,1,546.1461181640625
CCCCCOCCOCCOC,cpsat,Uni-Mol,2,402.0305480957031
COCCOC(=O)OC1CCCC1,cpsat,Uni-Mol,2,336.1755065917969
CCCOC(=O)OCCOCCOCC,cpsat,Uni-Mol,2,446.57061767578125
CCCCOC(=O)OCCOCCOC,cpsat,Uni-Mol,2,443.58111572265625
CCCOC(CC)COCCOCCOC,cpsat,Uni-Mol,2,478.5777282714844
CCCCOCCOCCOC(C)COCC,cpsat,Uni-Mol,2,521.7446899414062
CCCOCCOCCOC(=O)OCCC,cpsat,Uni-Mol,2,466.5147705078125
CCCCOC(=O)OCCOCCOCC,cpsat,Uni-Mol,2,473.63763427734375
CCCCOCCOCCOC(=O)OCC,cpsat,Uni-Mol,2,469.2339782714844
CCCOC(=O)OCCOCCOCCOC,cpsat,Uni-Mol,2,501.8836975097656
CCOC(=O)OCCCCOCCOCCOC,cpsat,Uni-Mol,2,522.4598999023438
CCCOC(=O)OCCOCCOCCOCC,cpsat,Uni-Mol,2,536.6298217773438
CC(=O)OCCOCCOCCOC(C)=O,cpsat,Uni-Mol,2,450.236572265625
CCCOC(=O)OCCCCOC1COCC1OCCC,cpsat,Uni-Mol,2,570.9441528320312
CCCCOC(=O)OCCCCOC1COCC1OCC,cpsat,Uni-Mol,2,567.6565551757812
CCCOC(=O)OCCOCCOCC1CC(OCC)CO1,cpsat,Uni-Mol,2,613.4367065429688
CCCCOC(=O)COCCCOC(=O)CC1CCCO1,cpsat,Uni-Mol,2,569.4556274414062
CCCOC(COCC)(COC(=O)OCC)COC1CCOC1,cpsat,Uni-Mol,2,569.2476806640625
CCCOC(=O)OC(COCC)(COCC)COC1CCOC1,cpsat,Uni-Mol,2,579.4064331054688
CCCCOC(COC)(COC(=O)OCC)COC1CCOC1,cpsat,Uni-Mol,2,579.4293823242188
CC(C)OCC(COCC1CCCO1)OC(=O)OC(C)C,cpsat,Uni-Mol,2,547.9863891601562
CCCOC(COC(=O)OC)C(COC1CCOC1)OCCC,cpsat,Uni-Mol,2,587.0563354492188
CCOC(=O)OCC(COCC(C)C)OCC1CCCO1,cpsat,Uni-Mol,2,558.2241821289062
CCOCC(OCC)C(COC(COC)C1CCCO1)OCC1CCCO1,cpsat,Uni-Mol,2,659.1195068359375
CCOCC(COC1CCOC1)(COC1CCOC1)OC(=O)OC1CCOC1,cpsat,Uni-Mol,2,608.8641357421875
CCCC(=O)OC(COC(=O)COC)COC(C)COCC,cpsat,Uni-Mol,2,586.5511474609375
CCCC(=O)OCC(OC(=O)CCC)C(=O)COC(C)C,cpsat,Uni-Mol,2,560.456298828125
CCCC(=O)OCC(COC(=O)CCC)OC(=O)CCC,cpsat,Uni-Mol,2,575.8562622070312
CCCCCOCCOCCOC,cpsat,Uni-Mol,3,396.3827819824219
COCCOC(=O)OC1CCCC1,cpsat,Uni-Mol,3,332.76348876953125
CCCOC(=O)OCCOCCOCC,cpsat,Uni-Mol,3,437.3083801269531
CCCCOC(=O)OCCOCCOC,cpsat,Uni-Mol,3,430.3175048828125
CCCOC(CC)COCCOCCOC,cpsat,Uni-Mol,3,470.25897216796875
CCCCOCCOCCOC(C)COCC,cpsat,Uni-Mol,3,526.0669555664062
CCCOCCOCCOC(=O)OCCC,cpsat,Uni-Mol,3,474.8919982910156
CCCCOC(=O)OCCOCCOCC,cpsat,Uni-Mol,3,460.5759582519531
CCCCOCCOCCOC(=O)OCC,cpsat,Uni-Mol,3,461.9764404296875
CCCOC(=O)OCCOCCOCCOC,cpsat,Uni-Mol,3,495.3461608886719
CCOC(=O)OCCCCOCCOCCOC,cpsat,Uni-Mol,3,522.5377807617188
CCCOC(=O)OCCOCCOCCOCC,cpsat,Uni-Mol,3,528.0541381835938
CC(=O)OCCOCCOCCOC(C)=O,cpsat,Uni-Mol,3,443.2645263671875
CCCOC(=O)OCCCCOC1COCC1OCCC,cpsat,Uni-Mol,3,573.04248046875
CCCCOC(=O)OCCCCOC1COCC1OCC,cpsat,Uni-Mol,3,575.7256469726562
CCCOC(=O)OCCOCCOCC1CC(OCC)CO1,cpsat,Uni-Mol,3,609.0498046875
CCCCOC(=O)COCCCOC(=O)CC1CCCO1,cpsat,Uni-Mol,3,560.3875732421875
CCCOC(COCC)(COC(=O)OCC)COC1CCOC1,cpsat,Uni-Mol,3,581.3545532226562
CCCOC(=O)OC(COCC)(COCC)COC1CCOC1,cpsat,Uni-Mol,3,576.3866577148438
CCCCOC(COC)(COC(=O)OCC)COC1CCOC1,cpsat,Uni-Mol,3,563.8676147460938
CC(C)OCC(COCC1CCCO1)OC(=O)OC(C)C,cpsat,Uni-Mol,3,548.642333984375
CCCOC(COC(=O)OC)C(COC1CCOC1)OCCC,cpsat,Uni-Mol,3,591.5604248046875
CCOC(=O)OCC(COCC(C)C)OCC1CCCO1,cpsat,Uni-Mol,3,559.4852905273438
CCOCC(OCC)C(COC(COC)C1CCCO1)OCC1CCCO1,cpsat,Uni-Mol,3,667.8815307617188
CCOCC(COC1CCOC1)(COC1CCOC1)OC(=O)OC1CCOC1,cpsat,Uni-Mol,3,622.3751220703125
CCCC(=O)OC(COC(=O)COC)COC(C)COCC,cpsat,Uni-Mol,3,596.06494140625
CCCC(=O)OCC(OC(=O)CCC)C(=O)COC(C)C,cpsat,Uni-Mol,3,560.5227661132812
CCCC(=O)OCC(COC(=O)CCC)OC(=O)CCC,cpsat,Uni-Mol,3,575.7049560546875
CCCCCOCCOCCOC,cpsat,Uni-Mol,4,395.9555358886719
COCCOC(=O)OC1CCCC1,cpsat,Uni-Mol,4,340.15576171875
CCCOC(=O)OCCOCCOCC,cpsat,Uni-Mol,4,442.4353942871094
CCCCOC(=O)OCCOCCOC,cpsat,Uni-Mol,4,428.07342529296875
CCCOC(CC)COCCOCCOC,cpsat,Uni-Mol,4,461.3345947265625
CCCCOCCOCCOC(C)COCC,cpsat,Uni-Mol,4,522.8262329101562
CCCOCCOCCOC(=O)OCCC,cpsat,Uni-Mol,4,469.2519836425781
CCCCOC(=O)OCCOCCOCC,cpsat,Uni-Mol,4,474.9649353027344
CCCCOCCOCCOC(=O)OCC,cpsat,Uni-Mol,4,466.73980712890625
CCCOC(=O)OCCOCCOCCOC,cpsat,Uni-Mol,4,489.330322265625
CCOC(=O)OCCCCOCCOCCOC,cpsat,Uni-Mol,4,524.5206298828125
CCCOC(=O)OCCOCCOCCOCC,cpsat,Uni-Mol,4,526.9524536132812
CC(=O)OCCOCCOCCOC(C)=O,cpsat,Uni-Mol,4,451.18359375
CCCOC(=O)OCCCCOC1COCC1OCCC,cpsat,Uni-Mol,4,564.4949340820312
CCCCOC(=O)OCCCCOC1COCC1OCC,cpsat,Uni-Mol,4,571.974365234375
CCCOC(=O)OCCOCCOCC1CC(OCC)CO1,cpsat,Uni-Mol,4,605.3331909179688
CCCCOC(=O)COCCCOC(=O)CC1CCCO1,cpsat,Uni-Mol,4,566.979248046875
CCCOC(COCC)(COC(=O)OCC)COC1CCOC1,cpsat,Uni-Mol,4,560.4591064453125
CCCOC(=O)OC(COCC)(COCC)COC1CCOC1,cpsat,Uni-Mol,4,582.2350463867188
CCCCOC(COC)(COC(=O)OCC)COC1CCOC1,cpsat,Uni-Mol,4,575.0997924804688
CC(C)OCC(COCC1CCCO1)OC(=O)OC(C)C,cpsat,Uni-Mol,4,561.5369873046875
CCCOC(COC(=O)OC)C(COC1CCOC1)OCCC,cpsat,Uni-Mol,4,601.9451293945312
CCOC(=O)OCC(COCC(C)C)OCC1CCCO1,cpsat,Uni-Mol,4,571.8366088867188
CCOCC(OCC)C(COC(COC)C1CCCO1)OCC1CCCO1,cpsat,Uni-Mol,4,643.4313354492188
CCOCC(COC1CCOC1)(COC1CCOC1)OC(=O)OC1CCOC1,cpsat,Uni-Mol,4,627.0933227539062
CCCC(=O)OC(COC(=O)COC)COC(C)COCC,cpsat,Uni-Mol,4,588.1912841796875
CCCC(=O)OCC(OC(=O)CCC)C(=O)COC(C)C,cpsat,Uni-Mol,4,546.469970703125
CCCC(=O)OCC(COC(=O)CCC)OC(=O)CCC,cpsat,Uni-Mol,4,571.917236328125
CCCCCOCCOCCOC,beta,XGBoost,0,0.000947758206166327
COCCOC(=O)OC1CCCC1,beta,XGBoost,0,0.000869893585331738
CCCOC(=O)OCCOCCOCC,beta,XGBoost,0,0.0008541025454178452
CCCCOC(=O)OCCOCCOC,beta,XGBoost,0,0.0008467576699331403
CCCOC(CC)COCCOCCOC,beta,XGBoost,0,0.0008550024358555675
CCCCOCCOCCOC(C)COCC,beta,XGBoost,0,0.0008383705280721188
CCCOCCOCCOC(=O)OCCC,beta,XGBoost,0,0.0008365734829567373
CCCCOC(=O)OCCOCCOCC,beta,XGBoost,0,0.0008365734829567373
CCCCOCCOCCOC(=O)OCC,beta,XGBoost,0,0.0008365734829567373
CCCOC(=O)OCCOCCOCCOC,beta,XGBoost,0,0.0008233864791691303
CCOC(=O)OCCCCOCCOCCOC,beta,XGBoost,0,0.0008095063385553658
CCCOC(=O)OCCOCCOCCOCC,beta,XGBoost,0,0.0008168512140400708
CC(=O)OCCOCCOCCOC(C)=O,beta,XGBoost,0,0.0008362791850231588
CCCOC(=O)OCCCCOC1COCC1OCCC,beta,XGBoost,0,0.0007543513202108443
CCCCOC(=O)OCCCCOC1COCC1OCC,beta,XGBoost,0,0.0007543513202108443
CCCOC(=O)OCCOCCOCC1CC(OCC)CO1,beta,XGBoost,0,0.0007421352784149349
CCCCOC(=O)COCCCOC(=O)CC1CCCO1,beta,XGBoost,0,0.0007494801538996398
CCCOC(COCC)(COC(=O)OCC)COC1CCOC1,beta,XGBoost,0,0.0007494801538996398
CCCOC(=O)OC(COCC)(COCC)COC1CCOC1,beta,XGBoost,0,0.0007494801538996398
CCCCOC(COC)(COC(=O)OCC)COC1CCOC1,beta,XGBoost,0,0.0007421352784149349
CC(C)OCC(COCC1CCCO1)OC(=O)OC(C)C,beta,XGBoost,0,0.0007677786634303629
CCCOC(COC(=O)OC)C(COC1CCOC1)OCCC,beta,XGBoost,0,0.0007421352784149349
CCOC(=O)OCC(COCC(C)C)OCC1CCCO1,beta,XGBoost,0,0.0007543513202108443
CCOCC(OCC)C(COC(COC)C1CCCO1)OCC1CCCO1,beta,XGBoost,0,0.000718403491191566
CCOCC(COC1CCOC1)(COC1CCOC1)OC(=O)OC1CCOC1,beta,XGBoost,0,0.0006810436025261879
CCCC(=O)OC(COC(=O)COC)COC(C)COCC,beta,XGBoost,0,0.0007550279842689633
CCCC(=O)OCC(OC(=O)CCC)C(=O)COC(C)C,beta,XGBoost,0,0.0007601147517561913
CCCC(=O)OCC(COC(=O)CCC)OC(=O)CCC,beta,XGBoost,0,0.0007550279842689633
CCCCCOCCOCCOC,beta,XGBoost,1,0.0009517636499367654
COCCOC(=O)OC1CCCC1,beta,XGBoost,1,0.0008544917218387127
CCCOC(=O)OCCOCCOCC,beta,XGBoost,1,0.0008643492474220693
CCCCOC(=O)OCCOCCOC,beta,XGBoost,1,0.0008643492474220693
CCCOC(CC)COCCOCCOC,beta,XGBoost,1,0.0008615607512183487
CCCCOCCOCCOC(C)COCC,beta,XGBoost,1,0.0008615607512183487
CCCOCCOCCOC(=O)OCCC,beta,XGBoost,1,0.0008544917218387127
CCCCOC(=O)OCCOCCOCC,beta,XGBoost,1,0.0008544917218387127
CCCCOCCOCCOC(=O)OCC,beta,XGBoost,1,0.0008544917218387127
CCCOC(=O)OCCOCCOCCOC,beta,XGBoost,1,0.000838672393001616
CCOC(=O)OCCCCOCCOCCOC,beta,XGBoost,1,0.0008218121365644038
CCCOC(=O)OCCOCCOCCOCC,beta,XGBoost,1,0.0008218121365644038
CC(=O)OCCOCCOCCOC(C)=O,beta,XGBoost,1,0.0008315053419210017
CCCOC(=O)OCCCCOC1COCC1OCCC,beta,XGBoost,1,0.0007472491706721485
CCCCOC(=O)OCCCCOC1COCC1OCC,beta,XGBoost,1,0.0007472491706721485
CCCOC(=O)OCCOCCOCC1CC(OCC)CO1,beta,XGBoost,1,0.0007365160272456706
CCCCOC(=O)COCCCOC(=O)CC1CCCO1,beta,XGBoost,1,0.0007365160272456706
CCCOC(COCC)(COC(=O)OCC)COC1CCOC1,beta,XGBoost,1,0.0007193465135060251
CCCOC(=O)OC(COCC)(COCC)COC1CCOC1,beta,XGBoost,1,0.0007193465135060251
CCCCOC(COC)(COC(=O)OCC)COC1CCOC1,beta,XGBoost,1,0.0007193465135060251
CC(C)OCC(COCC1CCCO1)OC(=O)OC(C)C,beta,XGBoost,1,0.0007400821195915341
CCCOC(COC(=O)OC)C(COC1CCOC1)OCCC,beta,XGBoost,1,0.0007293489761650562
CCOC(=O)OCC(COCC(C)C)OCC1CCCO1,beta,XGBoost,1,0.0007400821195915341
CCOCC(OCC)C(COC(COC)C1CCCO1)OCC1CCCO1,beta,XGBoost,1,0.0006828940822742879
CCOCC(COC1CCOC1)(COC1CCOC1)OC(=O)OC1CCOC1,beta,XGBoost,1,0.0006548475357703865
CCCC(=O)OC(COC(=O)COC)COC(C)COCC,beta,XGBoost,1,0.0007293489761650562
CCCC(=O)OCC(OC(=O)CCC)C(=O)COC(C)C,beta,XGBoost,1,0.0007474904414266348
CCCC(=O)OCC(COC(=O)CCC)OC(=O)CCC,beta,XGBoost,1,0.0007574929622933269
CCCCCOCCOCCOC,beta,XGBoost,2,0.0009555267170071602
COCCOC(=O)OC1CCCC1,beta,XGBoost,2,0.0008663036860525608
CCCOC(=O)OCCOCCOCC,beta,XGBoost,2,0.0008684351923875511
CCCCOC(=O)OCCOCCOC,beta,XGBoost,2,0.0008684351923875511
CCCOC(CC)COCCOCCOC,beta,XGBoost,2,0.0008684351923875511
CCCCOCCOCCOC(C)COCC,beta,XGBoost,2,0.0008527519530616701
CCCOCCOCCOC(=O)OCCC,beta,XGBoost,2,0.0008455327479168773
CCCCOC(=O)OCCOCCOCC,beta,XGBoost,2,0.0008455327479168773
CCCCOCCOCCOC(=O)OCC,beta,XGBoost,2,0.0008455327479168773
CCCOC(=O)OCCOCCOCCOC,beta,XGBoost,2,0.0008321163477376103
CCOC(=O)OCCCCOCCOCCOC,beta,XGBoost,2,0.0008288982789963484
CCCOC(=O)OCCOCCOCCOCC,beta,XGBoost,2,0.0008288982789963484
CC(=O)OCCOCCOCCOC(C)=O,beta,XGBoost,2,0.0008321163477376103
CCCOC(=O)OCCCCOC1COCC1OCCC,beta,XGBoost,2,0.0007451943238265812
CCCCOC(=O)OCCCCOC1COCC1OCC,beta,XGBoost,2,0.0007451943238265812
CCCOC(=O)OCCOCCOCC1CC(OCC)CO1,beta,XGBoost,2,0.0007400551112368703
CCCCOC(=O)COCCCOC(=O)CC1CCCO1,beta,XGBoost,2,0.0007400551112368703
CCCOC(COCC)(COC(=O)OCC)COC1CCOC1,beta,XGBoost,2,0.0007384467753581703
CCCOC(=O)OC(COCC)(COCC)COC1CCOC1,beta,XGBoost,2,0.0007384467753581703
CCCCOC(COC)(COC(=O)OCC)COC1CCOC1,beta,XGBoost,2,0.0007384467753581703
CC(C)OCC(COCC1CCCO1)OC(=O)OC(C)C,beta,XGBoost,2,0.0007451943238265812
CCCOC(COC(=O)OC)C(COC1CCOC1)OCCC,beta,XGBoost,2,0.0007451943238265812
CCOC(=O)OCC(COCC(C)C)OCC1CCCO1,beta,XGBoost,2,0.0007451943238265812
CCOCC(OCC)C(COC(COC)C1CCCO1)OCC1CCCO1,beta,XGBoost,2,0.0007163083646446466
CCOCC(COC1CCOC1)(COC1CCOC1)OC(=O)OC1CCOC1,beta,XGBoost,2,0.0006817620014771819
CCCC(=O)OC(COC(=O)COC)COC(C)COCC,beta,XGBoost,2,0.0007489084382541478
CCCC(=O)OCC(OC(=O)CCC)C(=O)COC(C)C,beta,XGBoost,2,0.0007567891152575612
CCCC(=O)OCC(COC(=O)CCC)OC(=O)CCC,beta,XGBoost,2,0.0007422560011036694
CCCCCOCCOCCOC,beta,XGBoost,3,0.000951486814301461
COCCOC(=O)OC1CCCC1,beta,XGBoost,3,0.0008655784768052399
CCCOC(=O)OCCOCCOCC,beta,XGBoost,3,0.0008667180081829429
CCCCOC(=O)OCCOCCOC,beta,XGBoost,3,0.0008667180081829429
CCCOC(CC)COCCOCCOC,beta,XGBoost,3,0.0008667180081829429
CCCCOCCOCCOC(C)COCC,beta,XGBoost,3,0.0008504079305566847
CCCOCCOCCOC(=O)OCCC,beta,XGBoost,3,0.0008600441506132483
CCCCOC(=O)OCCOCCOCC,beta,XGBoost,3,0.0008600441506132483
CCCCOCCOCCOC(=O)OCC,beta,XGBoost,3,0.0008600441506132483
CCCOC(=O)OCCOCCOCCOC,beta,XGBoost,3,0.0008363872766494751
CCOC(=O)OCCCCOCCOCCOC,beta,XGBoost,3,0.0008214073022827506
CCCOC(=O)OCCOCCOCCOCC,beta,XGBoost,3,0.0008214073022827506
CC(=O)OCCOCCOCCOC(C)=O,beta,XGBoost,3,0.0008460234967060387
CCCOC(=O)OCCCCOC1COCC1OCCC,beta,XGBoost,3,0.0007504900568164885
CCCCOC(=O)OCCCCOC1COCC1OCC,beta,XGBoost,3,0.0007504900568164885
CCCOC(=O)OCCOCCOCC1CC(OCC)CO1,beta,XGBoost,3,0.0007316255359910429
CCCCOC(=O)COCCCOC(=O)CC1CCCO1,beta,XGBoost,3,0.0007316255359910429
CCCOC(COCC)(COC(=O)OCC)COC1CCOC1,beta,XGBoost,3,0.0007359336595982313
CCCOC(=O)OC(COCC)(COCC)COC1CCOC1,beta,XGBoost,3,0.0007359336595982313
CCCCOC(COC)(COC(=O)OCC)COC1CCOC1,beta,XGBoost,3,0.0007359336595982313
CC(C)OCC(COCC1CCCO1)OC(=O)OC(C)C,beta,XGBoost,3,0.0007549813017249107
CCCOC(COC(=O)OC)C(COC1CCOC1)OCCC,beta,XGBoost,3,0.0007359336595982313
CCOC(=O)OCC(COCC(C)C)OCC1CCCO1,beta,XGBoost,3,0.0007504900568164885
CCOCC(OCC)C(COC(COC)C1CCCO1)OCC1CCCO1,beta,XGBoost,3,0.0007227310561574996
CCOCC(COC1CCOC1)(COC1CCOC1)OC(=O)OC1CCOC1,beta,XGBoost,3,0.0006929286755621433
CCCC(=O)OC(COC(=O)COC)COC(C)COCC,beta,XGBoost,3,0.0007399618625640869
CCCC(=O)OCC(OC(=O)CCC)C(=O)COC(C)C,beta,XGBoost,3,0.0007671491475775838
CCCC(=O)OCC(COC(=O)CCC)OC(=O)CCC,beta,XGBoost,3,0.0007359336595982313
CCCCCOCCOCCOC,beta,XGBoost,4,0.0009647648548707366
COCCOC(=O)OC1CCCC1,beta,XGBoost,4,0.0008819915819913149
CCCOC(=O)OCCOCCOCC,beta,XGBoost,4,0.0008711957489140332
CCCCOC(=O)OCCOCCOC,beta,XGBoost,4,0.0008769367705099285
CCCOC(CC)COCCOCCOC,beta,XGBoost,4,0.0008711957489140332
CCCCOCCOCCOC(C)COCC,beta,XGBoost,4,0.0008616935811005533
CCCOCCOCCOC(=O)OCCC,beta,XGBoost,4,0.0008616935811005533
CCCCOC(=O)OCCOCCOCC,beta,XGBoost,4,0.0008674346026964486
CCCCOCCOCCOC(=O)OCC,beta,XGBoost,4,0.0008674346026964486
CCCOC(=O)OCCOCCOCCOC,beta,XGBoost,4,0.0008367836708202958
CCOC(=O)OCCCCOCCOCCOC,beta,XGBoost,4,0.0008488554740324616
CCCOC(=O)OCCOCCOCCOCC,beta,XGBoost,4,0.0008431144524365664
CC(=O)OCCOCCOCCOC(C)=O,beta,XGBoost,4,0.0008425246924161911
CCCOC(=O)OCCCCOC1COCC1OCCC,beta,XGBoost,4,0.0007626328733749688
CCCCOC(=O)OCCCCOC1COCC1OCC,beta,XGBoost,4,0.0007626328733749688
CCCOC(=O)OCCOCCOCC1CC(OCC)CO1,beta,XGBoost,4,0.0007506011170335114
CCCCOC(=O)COCCCOC(=O)CC1CCCO1,beta,XGBoost,4,0.0007440689369104803
CCCOC(COCC)(COC(=O)OCC)COC1CCOC1,beta,XGBoost,4,0.0007506011170335114
CCCOC(=O)OC(COCC)(COCC)COC1CCOC1,beta,XGBoost,4,0.0007506011170335114
CCCCOC(COC)(COC(=O)OCC)COC1CCOC1,beta,XGBoost,4,0.0007506011170335114
CC(C)OCC(COCC1CCCO1)OC(=O)OC(C)C,beta,XGBoost,4,0.0007563421386294067
CCCOC(COC(=O)OC)C(COC1CCOC1)OCCC,beta,XGBoost,4,0.0007506011170335114
CCOC(=O)OCC(COCC(C)C)OCC1CCCO1,beta,XGBoost,4,0.0007506011170335114
CCOCC(OCC)C(COC(COC)C1CCCO1)OCC1CCCO1,beta,XGBoost,4,0.0007038864423520863
CCOCC(COC1CCOC1)(COC1CCOC1)OC(=O)OC1CCOC1,beta,XGBoost,4,0.000667562591843307
CCCC(=O)OC(COC(=O)COC)COC(C)COCC,beta,XGBoost,4,0.0007498287013731897
CCCC(=O)OCC(OC(=O)CCC)C(=O)COC(C)C,beta,XGBoost,4,0.0007605839637108147
CCCC(=O)OCC(COC(=O)CCC)OC(=O)CCC,beta,XGBoost,4,0.0007554016192443669
CCCCCOCCOCCOC,beta,MLP,0,0.0009358633420874381
COCCOC(=O)OC1CCCC1,beta,MLP,0,0.0008956300312651735
CCCOC(=O)OCCOCCOCC,beta,MLP,0,0.0008791791500323437
CCCCOC(=O)OCCOCCOC,beta,MLP,0,0.0008688181308727583
CCCOC(CC)COCCOCCOC,beta,MLP,0,0.0008442636151469909
CCCCOCCOCCOC(C)COCC,beta,MLP,0,0.0008174252395964098
CCCOCCOCCOC(=O)OCCC,beta,MLP,0,0.0008575410289275684
CCCCOC(=O)OCCOCCOCC,beta,MLP,0,0.0008563444757304355
CCCCOCCOCCOC(=O)OCC,beta,MLP,0,0.000855269363855262
CCCOC(=O)OCCOCCOCCOC,beta,MLP,0,0.0008299138321316661
CCOC(=O)OCCCCOCCOCCOC,beta,MLP,0,0.0007986403928358119
CCCOC(=O)OCCOCCOCCOCC,beta,MLP,0,0.000815829291353299
CC(=O)OCCOCCOCCOC(C)=O,beta,MLP,0,0.0008176521169789385
CCCOC(=O)OCCCCOC1COCC1OCCC,beta,MLP,0,0.0007174778870742576
CCCCOC(=O)OCCCCOC1COCC1OCC,beta,MLP,0,0.0007149062427893071
CCCOC(=O)OCCOCCOCC1CC(OCC)CO1,beta,MLP,0,0.0006903334388710195
CCCCOC(=O)COCCCOC(=O)CC1CCCO1,beta,MLP,0,0.000706891971366591
CCCOC(COCC)(COC(=O)OCC)COC1CCOC1,beta,MLP,0,0.000717708816831478
CCCOC(=O)OC(COCC)(COCC)COC1CCOC1,beta,MLP,0,0.0007262226877411957
CCCCOC(COC)(COC(=O)OCC)COC1CCOC1,beta,MLP,0,0.0007070018134680246
CC(C)OCC(COCC1CCCO1)OC(=O)OC(C)C,beta,MLP,0,0.0007704811996188751
CCCOC(COC(=O)OC)C(COC1CCOC1)OCCC,beta,MLP,0,0.0007069930733791388
CCOC(=O)OCC(COCC(C)C)OCC1CCCO1,beta,MLP,0,0.0007334218593512688
CCOCC(OCC)C(COC(COC)C1CCCO1)OCC1CCCO1,beta,MLP,0,0.0006733932416757946
CCOCC(COC1CCOC1)(COC1CCOC1)OC(=O)OC1CCOC1,beta,MLP,0,0.0007141925974802083
CCCC(=O)OC(COC(=O)COC)COC(C)COCC,beta,MLP,0,0.0007391572161077602
CCCC(=O)OCC(OC(=O)CCC)C(=O)COC(C)C,beta,MLP,0,0.0007650143586333068
CCCC(=O)OCC(COC(=O)CCC)OC(=O)CCC,beta,MLP,0,0.0007598084117521188
CCCCCOCCOCCOC,beta,MLP,1,0.0009279115757380936
COCCOC(=O)OC1CCCC1,beta,MLP,1,0.0008706244637805092
CCCOC(=O)OCCOCCOCC,beta,MLP,1,0.0008748380854020224
CCCCOC(=O)OCCOCCOC,beta,MLP,1,0.0008727178004370456
CCCOC(CC)COCCOCCOC,beta,MLP,1,0.000872134058543237
CCCCOCCOCCOC(C)COCC,beta,MLP,1,0.0008433221412908545
CCCOCCOCCOC(=O)OCCC,beta,MLP,1,0.0008614193813353233
CCCCOC(=O)OCCOCCOCC,beta,MLP,1,0.0008556039468158083
CCCCOCCOCCOC(=O)OCC,beta,MLP,1,0.0008629323836569959
CCCOC(=O)OCCOCCOCCOC,beta,MLP,1,0.0008214633534216066
CCOC(=O)OCCCCOCCOCCOC,beta,MLP,1,0.000823011356445814
CCCOC(=O)OCCOCCOCCOCC,beta,MLP,1,0.0008171469764441179
CC(=O)OCCOCCOCCOC(C)=O,beta,MLP,1,0.0008677858808045581
CCCOC(=O)OCCCCOC1COCC1OCCC,beta,MLP,1,0.000747148847052992
CCCCOC(=O)OCCCCOC1COCC1OCC,beta,MLP,1,0.00074796794671158
CCCOC(=O)OCCOCCOCC1CC(OCC)CO1,beta,MLP,1,0.0007326470565874922
CCCCOC(=O)COCCCOC(=O)CC1CCCO1,beta,MLP,1,0.0007476211753782689
CCCOC(COCC)(COC(=O)OCC)COC1CCOC1,beta,MLP,1,0.0007032788694580765
CCCOC(=O)OC(COCC)(COCC)COC1CCOC1,beta,MLP,1,0.0006992457162587639
CCCCOC(COC)(COC(=O)OCC)COC1CCOC1,beta,MLP,1,0.0007013813967828269
CC(C)OCC(COCC1CCCO1)OC(=O)OC(C)C,beta,MLP,1,0.0007329503347701093
CCCOC(COC(=O)OC)C(COC1CCOC1)OCCC,beta,MLP,1,0.000706158584881491
CCOC(=O)OCC(COCC(C)C)OCC1CCCO1,beta,MLP,1,0.0007318505350151222
CCOCC(OCC)C(COC(COC)C1CCCO1)OCC1CCCO1,beta,MLP,1,0.0006431264209528522
CCOCC(COC1CCOC1)(COC1CCOC1)OC(=O)OC1CCOC1,beta,MLP,1,0.0006886222301305142
CCCC(=O)OC(COC(=O)COC)COC(C)COCC,beta,MLP,1,0.0007590142012705656
CCCC(=O)OCC(OC(=O)CCC)C(=O)COC(C)C,beta,MLP,1,0.0007498227700878627
CCCC(=O)OCC(COC(=O)CCC)OC(=O)CCC,beta,MLP,1,0.0007681052474502715
CCCCCOCCOCCOC,beta,MLP,2,0.0009275182767738701
COCCOC(=O)OC1CCCC1,beta,MLP,2,0.0008574639821000613
CCCOC(=O)OCCOCCOCC,beta,MLP,2,0.0008995029693536795
CCCCOC(=O)OCCOCCOC,beta,MLP,2,0.0008953865673690819
CCCOC(CC)COCCOCCOC,beta,MLP,2,0.0008479979995516707
CCCCOCCOCCOC(C)COCC,beta,MLP,2,0.0008319462886211278
CCCOCCOCCOC(=O)OCCC,beta,MLP,2,0.0008804479418040142
CCCCOC(=O)OCCOCCOCC,beta,MLP,2,0.000878529133719972
CCCCOCCOCCOC(=O)OCC,beta,MLP,2,0.0008779574335442753
CCCOC(=O)OCCOCCOCCOC,beta,MLP,2,0.0008399628298529965
CCOC(=O)OCCCCOCCOCCOC,beta,MLP,2,0.0008267690452472792
CCCOC(=O)OCCOCCOCCOCC,beta,MLP,2,0.0008325263313880234
CC(=O)OCCOCCOCCOC(C)=O,beta,MLP,2,0.0008134850861585467
CCCOC(=O)OCCCCOC1COCC1OCCC,beta,MLP,2,0.0007292607248783605
CCCCOC(=O)OCCCCOC1COCC1OCC,beta,MLP,2,0.0007257600574195984
CCCOC(=O)OCCOCCOCC1CC(OCC)CO1,beta,MLP,2,0.0007111973193535471
CCCCOC(=O)COCCCOC(=O)CC1CCCO1,beta,MLP,2,0.0007208797159131882
CCCOC(COCC)(COC(=O)OCC)COC1CCOC1,beta,MLP,2,0.0007225530167577249
CCCOC(=O)OC(COCC)(COCC)COC1CCOC1,beta,MLP,2,0.0007306741406880377
CCCCOC(COC)(COC(=O)OCC)COC1CCOC1,beta,MLP,2,0.0007199998014511437
CC(C)OCC(COCC1CCCO1)OC(=O)OC(C)C,beta,MLP,2,0.0007740575805208362
CCCOC(COC(=O)OC)C(COC1CCOC1)OCCC,beta,MLP,2,0.0007176450784965502
CCOC(=O)OCC(COCC(C)C)OCC1CCCO1,beta,MLP,2,0.0007556342171083908
CCOCC(OCC)C(COC(COC)C1CCCO1)OCC1CCCO1,beta,MLP,2,0.0006530062320162672
CCOCC(COC1CCOC1)(COC1CCOC1)OC(=O)OC1CCOC1,beta,MLP,2,0.0006270344787195166
CCCC(=O)OC(COC(=O)COC)COC(C)COCC,beta,MLP,2,0.0007590684625906959
CCCC(=O)OCC(OC(=O)CCC)C(=O)COC(C)C,beta,MLP,2,0.000758746194227899
CCCC(=O)OCC(COC(=O)CCC)OC(=O)CCC,beta,MLP,2,0.0007529855145751697
CCCCCOCCOCCOC,beta,MLP,3,0.0009141436569952764
COCCOC(=O)OC1CCCC1,beta,MLP,3,0.0008833029697571761
CCCOC(=O)OCCOCCOCC,beta,MLP,3,0.0008702890866654294
CCCCOC(=O)OCCOCCOC,beta,MLP,3,0.0008656512243186176
CCCOC(CC)COCCOCCOC,beta,MLP,3,0.0008731446706593997
CCCCOCCOCCOC(C)COCC,beta,MLP,3,0.000811837577111171
CCCOCCOCCOC(=O)OCCC,beta,MLP,3,0.0008595396580733054
CCCCOC(=O)OCCOCCOCC,beta,MLP,3,0.0008523009157476695
CCCCOCCOCCOC(=O)OCC,beta,MLP,3,0.0008347168843633016
CCCOC(=O)OCCOCCOCCOC,beta,MLP,3,0.0007785330967909464
CCOC(=O)OCCCCOCCOCCOC,beta,MLP,3,0.0007774967113570087
CCCOC(=O)OCCOCCOCCOCC,beta,MLP,3,0.000767332895206855
CC(=O)OCCOCCOCCOC(C)=O,beta,MLP,3,0.0007556217619816305
CCCOC(=O)OCCCCOC1COCC1OCCC,beta,MLP,3,0.0007376924027692023
CCCCOC(=O)OCCCCOC1COCC1OCC,beta,MLP,3,0.0007306048467992873
CCCOC(=O)OCCOCCOCC1CC(OCC)CO1,beta,MLP,3,0.0006277160870670385
CCCCOC(=O)COCCCOC(=O)CC1CCCO1,beta,MLP,3,0.0007217798233960161
CCCOC(COCC)(COC(=O)OCC)COC1CCOC1,beta,MLP,3,0.0006392706197767036
CCCOC(=O)OC(COCC)(COCC)COC1CCOC1,beta,MLP,3,0.0006700178618269414
CCCCOC(COC)(COC(=O)OCC)COC1CCOC1,beta,MLP,3,0.0006282756573923831
CC(C)OCC(COCC1CCCO1)OC(=O)OC(C)C,beta,MLP,3,0.0007265718001858351
CCCOC(COC(=O)OC)C(COC1CCOC1)OCCC,beta,MLP,3,0.0006453593898483632
CCOC(=O)OCC(COCC(C)C)OCC1CCCO1,beta,MLP,3,0.0006718388699260972
CCOCC(OCC)C(COC(COC)C1CCCO1)OCC1CCCO1,beta,MLP,3,0.0006031898186120519
CCOCC(COC1CCOC1)(COC1CCOC1)OC(=O)OC1CCOC1,beta,MLP,3,0.0006452294720658436
CCCC(=O)OC(COC(=O)COC)COC(C)COCC,beta,MLP,3,0.0006167952170244809
CCCC(=O)OCC(OC(=O)CCC)C(=O)COC(C)C,beta,MLP,3,0.0007198946650467029
CCCC(=O)OCC(COC(=O)CCC)OC(=O)CCC,beta,MLP,3,0.0007351321585641621
CCCCCOCCOCCOC,beta,MLP,4,0.000956425940748111
COCCOC(=O)OC1CCCC1,beta,MLP,4,0.0009004435007603993
CCCOC(=O)OCCOCCOCC,beta,MLP,4,0.0009031636474864482
CCCCOC(=O)OCCOCCOC,beta,MLP,4,0.0008951345124251817
CCCOC(CC)COCCOCCOC,beta,MLP,4,0.0008556874439963189
CCCCOCCOCCOC(C)COCC,beta,MLP,4,0.0008414940899979247
CCCOCCOCCOC(=O)OCCC,beta,MLP,4,0.0008746357357592104
CCCCOC(=O)OCCOCCOCC,beta,MLP,4,0.0008769216611614637
CCCCOCCOCCOC(=O)OCC,beta,MLP,4,0.0008816960164814569
CCCOC(=O)OCCOCCOCCOC,beta,MLP,4,0.0008366857023986588
CCOC(=O)OCCCCOCCOCCOC,beta,MLP,4,0.0008120173391222951
CCCOC(=O)OCCOCCOCCOCC,beta,MLP,4,0.0008180461922070524
CC(=O)OCCOCCOCCOC(C)=O,beta,MLP,4,0.0007992561746641665
CCCOC(=O)OCCCCOC1COCC1OCCC,beta,MLP,4,0.000687591761225133
CCCCOC(=O)OCCCCOC1COCC1OCC,beta,MLP,4,0.000675660454680377
CCCOC(=O)OCCOCCOCC1CC(OCC)CO1,beta,MLP,4,0.0006530333110998472
CCCCOC(=O)COCCCOC(=O)CC1CCCO1,beta,MLP,4,0.0006705983690078059
CCCOC(COCC)(COC(=O)OCC)COC1CCOC1,beta,MLP,4,0.0007323731384467955
CCCOC(=O)OC(COCC)(COCC)COC1CCOC1,beta,MLP,4,0.0007230787386591339
CCCCOC(COC)(COC(=O)OCC)COC1CCOC1,beta,MLP,4,0.0007311631562628137
CC(C)OCC(COCC1CCCO1)OC(=O)OC(C)C,beta,MLP,4,0.0007805059270090876
CCCOC(COC(=O)OC)C(COC1CCOC1)OCCC,beta,MLP,4,0.0007131687842958684
CCOC(=O)OCC(COCC(C)C)OCC1CCCO1,beta,MLP,4,0.0007599948977742135
CCOCC(OCC)C(COC(COC)C1CCCO1)OCC1CCCO1,beta,MLP,4,0.0006899662501679184
CCOCC(COC1CCOC1)(COC1CCOC1)OC(=O)OC1CCOC1,beta,MLP,4,0.0007201268516718409
CCCC(=O)OC(COC(=O)COC)COC(C)COCC,beta,MLP,4,0.0007372249525422906
CCCC(=O)OCC(OC(=O)CCC)C(=O)COC(C)C,beta,MLP,4,0.0007478680448351818
CCCC(=O)OCC(COC(=O)CCC)OC(=O)CCC,beta,MLP,4,0.0007414140653043881
CCCCCOCCOCCOC,beta,D-MPNN,0,0.0009009253227822
COCCOC(=O)OC1CCCC1,beta,D-MPNN,0,0.0008190114372369
CCCOC(=O)OCCOCCOCC,beta,D-MPNN,0,0.0008493639507601
CCCCOC(=O)OCCOCCOC,beta,D-MPNN,0,0.0008244220747723
CCCOC(CC)COCCOCCOC,beta,D-MPNN,0,0.0008395553822005
CCCCOCCOCCOC(C)COCC,beta,D-MPNN,0,0.0008410310462005
CCCOCCOCCOC(=O)OCCC,beta,D-MPNN,0,0.0008322006803588
CCCCOC(=O)OCCOCCOCC,beta,D-MPNN,0,0.0008153183571853
CCCCOCCOCCOC(=O)OCC,beta,D-MPNN,0,0.000827985811466
CCCOC(=O)OCCOCCOCCOC,beta,D-MPNN,0,0.0007929585782479
CCOC(=O)OCCCCOCCOCCOC,beta,D-MPNN,0,0.0007740024070923
CCCOC(=O)OCCOCCOCCOCC,beta,D-MPNN,0,0.0007871958454645
CC(=O)OCCOCCOCCOC(C)=O,beta,D-MPNN,0,0.0008049992890439
CCCOC(=O)OCCCCOC1COCC1OCCC,beta,D-MPNN,0,0.0007258193582131
CCCCOC(=O)OCCCCOC1COCC1OCC,beta,D-MPNN,0,0.0007188891472067
CCCOC(=O)OCCOCCOCC1CC(OCC)CO1,beta,D-MPNN,0,0.0007126638483281
CCCCOC(=O)COCCCOC(=O)CC1CCCO1,beta,D-MPNN,0,0.0007397608231658
CCCOC(COCC)(COC(=O)OCC)COC1CCOC1,beta,D-MPNN,0,0.0006983176579176
CCCOC(=O)OC(COCC)(COCC)COC1CCOC1,beta,D-MPNN,0,0.0006825803567585
CCCCOC(COC)(COC(=O)OCC)COC1CCOC1,beta,D-MPNN,0,0.00069304020429
CC(C)OCC(COCC1CCCO1)OC(=O)OC(C)C,beta,D-MPNN,0,0.0007409970031989
CCCOC(COC(=O)OC)C(COC1CCOC1)OCCC,beta,D-MPNN,0,0.0006922666637383
CCOC(=O)OCC(COCC(C)C)OCC1CCCO1,beta,D-MPNN,0,0.0007439445762664
CCOCC(OCC)C(COC(COC)C1CCCO1)OCC1CCCO1,beta,D-MPNN,0,0.0006444615543165
CCOCC(COC1CCOC1)(COC1CCOC1)OC(=O)OC1CCOC1,beta,D-MPNN,0,0.0005396932630978
CCCC(=O)OC(COC(=O)COC)COC(C)COCC,beta,D-MPNN,0,0.0007447902922465
CCCC(=O)OCC(OC(=O)CCC)C(=O)COC(C)C,beta,D-MPNN,0,0.0007557552943906
CCCC(=O)OCC(COC(=O)CCC)OC(=O)CCC,beta,D-MPNN,0,0.0007511051101829
CCCCCOCCOCCOC,beta,D-MPNN,1,0.0009189144074299
COCCOC(=O)OC1CCCC1,beta,D-MPNN,1,0.0008407001766457
CCCOC(=O)OCCOCCOCC,beta,D-MPNN,1,0.0008719108095061
CCCCOC(=O)OCCOCCOC,beta,D-MPNN,1,0.0008528337096615
CCCOC(CC)COCCOCCOC,beta,D-MPNN,1,0.0008600230990444
CCCCOCCOCCOC(C)COCC,beta,D-MPNN,1,0.0008429788581398
CCCOCCOCCOC(=O)OCCC,beta,D-MPNN,1,0.0008450285944851
CCCCOC(=O)OCCOCCOCC,beta,D-MPNN,1,0.0008439185867709
CCCCOCCOCCOC(=O)OCC,beta,D-MPNN,1,0.0008404701418552
CCCOC(=O)OCCOCCOCCOC,beta,D-MPNN,1,0.0008082034867032
CCOC(=O)OCCCCOCCOCCOC,beta,D-MPNN,1,0.0008000883775076
CCCOC(=O)OCCOCCOCCOCC,beta,D-MPNN,1,0.0007989123110209
CC(=O)OCCOCCOCCOC(C)=O,beta,D-MPNN,1,0.0008112040588002
CCCOC(=O)OCCCCOC1COCC1OCCC,beta,D-MPNN,1,0.0007187588732874
CCCCOC(=O)OCCCCOC1COCC1OCC,beta,D-MPNN,1,0.0007178820549063
CCCOC(=O)OCCOCCOCC1CC(OCC)CO1,beta,D-MPNN,1,0.0007072552675273
CCCCOC(=O)COCCCOC(=O)CC1CCCO1,beta,D-MPNN,1,0.0007015627869059
CCCOC(COCC)(COC(=O)OCC)COC1CCOC1,beta,D-MPNN,1,0.0006780267439985
CCCOC(=O)OC(COCC)(COCC)COC1CCOC1,beta,D-MPNN,1,0.0006676436269809
CCCCOC(COC)(COC(=O)OCC)COC1CCOC1,beta,D-MPNN,1,0.000671193860079
CC(C)OCC(COCC1CCCO1)OC(=O)OC(C)C,beta,D-MPNN,1,0.0007479248959343
CCCOC(COC(=O)OC)C(COC1CCOC1)OCCC,beta,D-MPNN,1,0.0006924237396461
CCOC(=O)OCC(COCC(C)C)OCC1CCCO1,beta,D-MPNN,1,0.0007329451647486
CCOCC(OCC)C(COC(COC)C1CCCO1)OCC1CCCO1,beta,D-MPNN,1,0.0006070019025971
CCOCC(COC1CCOC1)(COC1CCOC1)OC(=O)OC1CCOC1,beta,D-MPNN,1,0.0005029228961369
CCCC(=O)OC(COC(=O)COC)COC(C)COCC,beta,D-MPNN,1,0.0007442877684298
CCCC(=O)OCC(OC(=O)CCC)C(=O)COC(C)C,beta,D-MPNN,1,0.0007479278457929
CCCC(=O)OCC(COC(=O)CCC)OC(=O)CCC,beta,D-MPNN,1,0.0007574615841346
CCCCCOCCOCCOC,beta,D-MPNN,2,0.0009078402434999
COCCOC(=O)OC1CCCC1,beta,D-MPNN,2,0.0008610158543027
CCCOC(=O)OCCOCCOCC,beta,D-MPNN,2,0.0008741976784837
CCCCOC(=O)OCCOCCOC,beta,D-MPNN,2,0.0008554641289033
CCCOC(CC)COCCOCCOC,beta,D-MPNN,2,0.0008477440696079
CCCCOCCOCCOC(C)COCC,beta,D-MPNN,2,0.0008322052678837
CCCOCCOCCOC(=O)OCCC,beta,D-MPNN,2,0.0008519990946462
CCCCOC(=O)OCCOCCOCC,beta,D-MPNN,2,0.0008459246767578
CCCCOCCOCCOC(=O)OCC,beta,D-MPNN,2,0.0008399967819616
CCCOC(=O)OCCOCCOCCOC,beta,D-MPNN,2,0.0008124059060192
CCOC(=O)OCCCCOCCOCCOC,beta,D-MPNN,2,0.0007927551217608
CCCOC(=O)OCCOCCOCCOCC,beta,D-MPNN,2,0.0008031598082351
CC(=O)OCCOCCOCCOC(C)=O,beta,D-MPNN,2,0.0008274557394947
CCCOC(=O)OCCCCOC1COCC1OCCC,beta,D-MPNN,2,0.0007148171275369
CCCCOC(=O)OCCCCOC1COCC1OCC,beta,D-MPNN,2,0.00071376405626
CCCOC(=O)OCCOCCOCC1CC(OCC)CO1,beta,D-MPNN,2,0.0007064946545732
CCCCOC(=O)COCCCOC(=O)CC1CCCO1,beta,D-MPNN,2,0.0007036581686088
CCCOC(COCC)(COC(=O)OCC)COC1CCOC1,beta,D-MPNN,2,0.0006859374308984
CCCOC(=O)OC(COCC)(COCC)COC1CCOC1,beta,D-MPNN,2,0.0006935931778682
CCCCOC(COC)(COC(=O)OCC)COC1CCOC1,beta,D-MPNN,2,0.0006781369978134
CC(C)OCC(COCC1CCCO1)OC(=O)OC(C)C,beta,D-MPNN,2,0.0007429482801897
CCCOC(COC(=O)OC)C(COC1CCOC1)OCCC,beta,D-MPNN,2,0.0006938590802993
CCOC(=O)OCC(COCC(C)C)OCC1CCCO1,beta,D-MPNN,2,0.0007289910250836
CCOCC(OCC)C(COC(COC)C1CCCO1)OCC1CCCO1,beta,D-MPNN,2,0.0006393376975011
CCOCC(COC1CCOC1)(COC1CCOC1)OC(=O)OC1CCOC1,beta,D-MPNN,2,0.0005679795496958
CCCC(=O)OC(COC(=O)COC)COC(C)COCC,beta,D-MPNN,2,0.0007363289750201
CCCC(=O)OCC(OC(=O)CCC)C(=O)COC(C)C,beta,D-MPNN,2,0.0007484503649092
CCCC(=O)OCC(COC(=O)CCC)OC(=O)CCC,beta,D-MPNN,2,0.0007631835132058
CCCCCOCCOCCOC,beta,D-MPNN,3,0.0009206963985531
COCCOC(=O)OC1CCCC1,beta,D-MPNN,3,0.0008177435125879
CCCOC(=O)OCCOCCOCC,beta,D-MPNN,3,0.0008592782878513
CCCCOC(=O)OCCOCCOC,beta,D-MPNN,3,0.00084706451974
CCCOC(CC)COCCOCCOC,beta,D-MPNN,3,0.0008575651191467
CCCCOCCOCCOC(C)COCC,beta,D-MPNN,3,0.0008365414734954
CCCOCCOCCOC(=O)OCCC,beta,D-MPNN,3,0.0008335796964211
CCCCOC(=O)OCCOCCOCC,beta,D-MPNN,3,0.0008246070250582
CCCCOCCOCCOC(=O)OCC,beta,D-MPNN,3,0.0008327219427114
CCCOC(=O)OCCOCCOCCOC,beta,D-MPNN,3,0.0007979362878428
CCOC(=O)OCCCCOCCOCCOC,beta,D-MPNN,3,0.0007802004770659
CCCOC(=O)OCCOCCOCCOCC,beta,D-MPNN,3,0.0007732315054455
CC(=O)OCCOCCOCCOC(C)=O,beta,D-MPNN,3,0.000788695375562
CCCOC(=O)OCCCCOC1COCC1OCCC,beta,D-MPNN,3,0.0006684482196936
CCCCOC(=O)OCCCCOC1COCC1OCC,beta,D-MPNN,3,0.0006717678442089
CCCOC(=O)OCCOCCOCC1CC(OCC)CO1,beta,D-MPNN,3,0.000620109689734
CCCCOC(=O)COCCCOC(=O)CC1CCCO1,beta,D-MPNN,3,0.0006550037934497
CCCOC(COCC)(COC(=O)OCC)COC1CCOC1,beta,D-MPNN,3,0.0006734616039936
CCCOC(=O)OC(COCC)(COCC)COC1CCOC1,beta,D-MPNN,3,0.0006513064544748
CCCCOC(COC)(COC(=O)OCC)COC1CCOC1,beta,D-MPNN,3,0.0006771798708474
CC(C)OCC(COCC1CCCO1)OC(=O)OC(C)C,beta,D-MPNN,3,0.0006925525552058
CCCOC(COC(=O)OC)C(COC1CCOC1)OCCC,beta,D-MPNN,3,0.0006822438147812
CCOC(=O)OCC(COCC(C)C)OCC1CCCO1,beta,D-MPNN,3,0.0007040771137752
CCOCC(OCC)C(COC(COC)C1CCCO1)OCC1CCCO1,beta,D-MPNN,3,0.0005564567745072
CCOCC(COC1CCOC1)(COC1CCOC1)OC(=O)OC1CCOC1,beta,D-MPNN,3,0.0004491140670302
CCCC(=O)OC(COC(=O)COC)COC(C)COCC,beta,D-MPNN,3,0.0007562174774415
CCCC(=O)OCC(OC(=O)CCC)C(=O)COC(C)C,beta,D-MPNN,3,0.0007860747132696
CCCC(=O)OCC(COC(=O)CCC)OC(=O)CCC,beta,D-MPNN,3,0.0007549896643432
CCCCCOCCOCCOC,beta,D-MPNN,4,0.0009256354929449
COCCOC(=O)OC1CCCC1,beta,D-MPNN,4,0.0008599863513763
CCCOC(=O)OCCOCCOCC,beta,D-MPNN,4,0.0008885423865241
CCCCOC(=O)OCCOCCOC,beta,D-MPNN,4,0.0008689926531299
CCCOC(CC)COCCOCCOC,beta,D-MPNN,4,0.0008603382212027
CCCCOCCOCCOC(C)COCC,beta,D-MPNN,4,0.0008515091309627
CCCOCCOCCOC(=O)OCCC,beta,D-MPNN,4,0.0008657839933368
CCCCOC(=O)OCCOCCOCC,beta,D-MPNN,4,0.0008630355208071
CCCCOCCOCCOC(=O)OCC,beta,D-MPNN,4,0.0008612381338196
CCCOC(=O)OCCOCCOCCOC,beta,D-MPNN,4,0.0008272389281406
CCOC(=O)OCCCCOCCOCCOC,beta,D-MPNN,4,0.0008187645452894
CCCOC(=O)OCCOCCOCCOCC,beta,D-MPNN,4,0.0008213956129225
CC(=O)OCCOCCOCCOC(C)=O,beta,D-MPNN,4,0.0008310801828208
CCCOC(=O)OCCCCOC1COCC1OCCC,beta,D-MPNN,4,0.0007346960384552
CCCCOC(=O)OCCCCOC1COCC1OCC,beta,D-MPNN,4,0.000735225615915
CCCOC(=O)OCCOCCOCC1CC(OCC)CO1,beta,D-MPNN,4,0.0007206761573729
CCCCOC(=O)COCCCOC(=O)CC1CCCO1,beta,D-MPNN,4,0.0007321164946614
CCCOC(COCC)(COC(=O)OCC)COC1CCOC1,beta,D-MPNN,4,0.0007072338926516
CCCOC(=O)OC(COCC)(COCC)COC1CCOC1,beta,D-MPNN,4,0.0007019102627517
CCCCOC(COC)(COC(=O)OCC)COC1CCOC1,beta,D-MPNN,4,0.00069712249046
CC(C)OCC(COCC1CCCO1)OC(=O)OC(C)C,beta,D-MPNN,4,0.0007623815833006
CCCOC(COC(=O)OC)C(COC1CCOC1)OCCC,beta,D-MPNN,4,0.0007045272575277
CCOC(=O)OCC(COCC(C)C)OCC1CCCO1,beta,D-MPNN,4,0.0007462480510636
CCOCC(OCC)C(COC(COC)C1CCCO1)OCC1CCCO1,beta,D-MPNN,4,0.0006434274623049
CCOCC(COC1CCOC1)(COC1CCOC1)OC(=O)OC1CCOC1,beta,D-MPNN,4,0.0005674346154412
CCCC(=O)OC(COC(=O)COC)COC(C)COCC,beta,D-MPNN,4,0.0007520252795162
CCCC(=O)OCC(OC(=O)CCC)C(=O)COC(C)C,beta,D-MPNN,4,0.0007624169651009
CCCC(=O)OCC(COC(=O)CCC)OC(=O)CCC,beta,D-MPNN,4,0.0007621325917459
CCCCCOCCOCCOC,beta,Uni-Mol,0,0.0009401593124493957
COCCOC(=O)OC1CCCC1,beta,Uni-Mol,0,0.0008106622262857854
CCCOC(=O)OCCOCCOCC,beta,Uni-Mol,0,0.0008530257036909461
CCCCOC(=O)OCCOCCOC,beta,Uni-Mol,0,0.0008413628092966974
CCCOC(CC)COCCOCCOC,beta,Uni-Mol,0,0.0008670687093399465
CCCCOCCOCCOC(C)COCC,beta,Uni-Mol,0,0.0008391225128434598
CCCOCCOCCOC(=O)OCCC,beta,Uni-Mol,0,0.0008163296151906252
CCCCOC(=O)OCCOCCOCC,beta,Uni-Mol,0,0.0008189358050003648
CCCCOCCOCCOC(=O)OCC,beta,Uni-Mol,0,0.0008489401661790907
CCCOC(=O)OCCOCCOCCOC,beta,Uni-Mol,0,0.0008055713260546327
CCOC(=O)OCCCCOCCOCCOC,beta,Uni-Mol,0,0.0007756102713756263
CCCOC(=O)OCCOCCOCCOCC,beta,Uni-Mol,0,0.0008076637168414891
CC(=O)OCCOCCOCCOC(C)=O,beta,Uni-Mol,0,0.0008224964840337634
CCCOC(=O)OCCCCOC1COCC1OCCC,beta,Uni-Mol,0,0.0007321616285480559
CCCCOC(=O)OCCCCOC1COCC1OCC,beta,Uni-Mol,0,0.0007297602132894099
CCCOC(=O)OCCOCCOCC1CC(OCC)CO1,beta,Uni-Mol,0,0.0007206264417618513
CCCCOC(=O)COCCCOC(=O)CC1CCCO1,beta,Uni-Mol,0,0.0007379708695225418
CCCOC(COCC)(COC(=O)OCC)COC1CCOC1,beta,Uni-Mol,0,0.0007542638340964913
CCCOC(=O)OC(COCC)(COCC)COC1CCOC1,beta,Uni-Mol,0,0.0007454022997990251
CCCCOC(COC)(COC(=O)OCC)COC1CCOC1,beta,Uni-Mol,0,0.0007425416260957718
CC(C)OCC(COCC1CCCO1)OC(=O)OC(C)C,beta,Uni-Mol,0,0.0007874287548474967
CCCOC(COC(=O)OC)C(COC1CCOC1)OCCC,beta,Uni-Mol,0,0.0007398292073048651
CCOC(=O)OCC(COCC(C)C)OCC1CCCO1,beta,Uni-Mol,0,0.0007900691125541925
CCOCC(OCC)C(COC(COC)C1CCCO1)OCC1CCCO1,beta,Uni-Mol,0,0.0007203398854471743
CCOCC(COC1CCOC1)(COC1CCOC1)OC(=O)OC1CCOC1,beta,Uni-Mol,0,0.0006856468389742076
CCCC(=O)OC(COC(=O)COC)COC(C)COCC,beta,Uni-Mol,0,0.0007779403240419924
CCCC(=O)OCC(OC(=O)CCC)C(=O)COC(C)C,beta,Uni-Mol,0,0.0007727858610451221
CCCC(=O)OCC(COC(=O)CCC)OC(=O)CCC,beta,Uni-Mol,0,0.0007639299146831036
CCCCCOCCOCCOC,beta,Uni-Mol,1,0.0009146385709755123
COCCOC(=O)OC1CCCC1,beta,Uni-Mol,1,0.0008386884583160281
CCCOC(=O)OCCOCCOCC,beta,Uni-Mol,1,0.0008566363831050694
CCCCOC(=O)OCCOCCOC,beta,Uni-Mol,1,0.0008523917058482766
CCCOC(CC)COCCOCCOC,beta,Uni-Mol,1,0.0008720774785615504
CCCCOCCOCCOC(C)COCC,beta,Uni-Mol,1,0.0008336689206771553
CCCOCCOCCOC(=O)OCCC,beta,Uni-Mol,1,0.0008305286755785346
CCCCOC(=O)OCCOCCOCC,beta,Uni-Mol,1,0.0008261096081696451
CCCCOCCOCCOC(=O)OCC,beta,Uni-Mol,1,0.0008580756257288158
CCCOC(=O)OCCOCCOCCOC,beta,Uni-Mol,1,0.0008461545221507549
CCOC(=O)OCCCCOCCOCCOC,beta,Uni-Mol,1,0.0007789437077008188
CCCOC(=O)OCCOCCOCCOCC,beta,Uni-Mol,1,0.0008090464398264885
CC(=O)OCCOCCOCCOC(C)=O,beta,Uni-Mol,1,0.0008234135457314551
CCCOC(=O)OCCCCOC1COCC1OCCC,beta,Uni-Mol,1,0.0007200895342975855
CCCCOC(=O)OCCCCOC1COCC1OCC,beta,Uni-Mol,1,0.0007255631498992443
CCCOC(=O)OCCOCCOCC1CC(OCC)CO1,beta,Uni-Mol,1,0.0007399939349852502
CCCCOC(=O)COCCCOC(=O)CC1CCCO1,beta,Uni-Mol,1,0.0007414998253807425
CCCOC(COCC)(COC(=O)OCC)COC1CCOC1,beta,Uni-Mol,1,0.0007634887006133795
CCCOC(=O)OC(COCC)(COCC)COC1CCOC1,beta,Uni-Mol,1,0.0007427542586810887
CCCCOC(COC)(COC(=O)OCC)COC1CCOC1,beta,Uni-Mol,1,0.0007560031372122467
CC(C)OCC(COCC1CCCO1)OC(=O)OC(C)C,beta,Uni-Mol,1,0.0007909613195806742
CCCOC(COC(=O)OC)C(COC1CCOC1)OCCC,beta,Uni-Mol,1,0.0007588773150928319
CCOC(=O)OCC(COCC(C)C)OCC1CCCO1,beta,Uni-Mol,1,0.0007898402400314808
CCOCC(OCC)C(COC(COC)C1CCCO1)OCC1CCCO1,beta,Uni-Mol,1,0.0006942824693396688
CCOCC(COC1CCOC1)(COC1CCOC1)OC(=O)OC1CCOC1,beta,Uni-Mol,1,0.000697515846695751
CCCC(=O)OC(COC(=O)COC)COC(C)COCC,beta,Uni-Mol,1,0.0008007371798157692
CCCC(=O)OCC(OC(=O)CCC)C(=O)COC(C)C,beta,Uni-Mol,1,0.000807657022960484
CCCC(=O)OCC(COC(=O)CCC)OC(=O)CCC,beta,Uni-Mol,1,0.0008235886343754828
CCCCCOCCOCCOC,beta,Uni-Mol,2,0.0009355719084851444
COCCOC(=O)OC1CCCC1,beta,Uni-Mol,2,0.000822362897451967
CCCOC(=O)OCCOCCOCC,beta,Uni-Mol,2,0.0008450623718090355
CCCCOC(=O)OCCOCCOC,beta,Uni-Mol,2,0.0008409973233938217
CCCOC(CC)COCCOCCOC,beta,Uni-Mol,2,0.0008834799518808722
CCCCOCCOCCOC(C)COCC,beta,Uni-Mol,2,0.0008586907642893493
CCCOCCOCCOC(=O)OCCC,beta,Uni-Mol,2,0.000831877754535526
CCCCOC(=O)OCCOCCOCC,beta,Uni-Mol,2,0.0008088668109849095
CCCCOCCOCCOC(=O)OCC,beta,Uni-Mol,2,0.0008668547961860895
CCCOC(=O)OCCOCCOCCOC,beta,Uni-Mol,2,0.0008310531848110259
CCOC(=O)OCCCCOCCOCCOC,beta,Uni-Mol,2,0.0007933824672363698
CCCOC(=O)OCCOCCOCCOCC,beta,Uni-Mol,2,0.0008159979479387403
CC(=O)OCCOCCOCCOC(C)=O,beta,Uni-Mol,2,0.0008180430741049349
CCCOC(=O)OCCCCOC1COCC1OCCC,beta,Uni-Mol,2,0.00073814153438434
CCCCOC(=O)OCCCCOC1COCC1OCC,beta,Uni-Mol,2,0.0007383284391835332
CCCOC(=O)OCCOCCOCC1CC(OCC)CO1,beta,Uni-Mol,2,0.000728547980543226
CCCCOC(=O)COCCCOC(=O)CC1CCCO1,beta,Uni-Mol,2,0.0007324572070501745
CCCOC(COCC)(COC(=O)OCC)COC1CCOC1,beta,Uni-Mol,2,0.000758589303586632
CCCOC(=O)OC(COCC)(COCC)COC1CCOC1,beta,Uni-Mol,2,0.000751140876673162
CCCCOC(COC)(COC(=O)OCC)COC1CCOC1,beta,Uni-Mol,2,0.0007538443896919489
CC(C)OCC(COCC1CCCO1)OC(=O)OC(C)C,beta,Uni-Mol,2,0.0007767672068439424
CCCOC(COC(=O)OC)C(COC1CCOC1)OCCC,beta,Uni-Mol,2,0.0007498242775909603
CCOC(=O)OCC(COCC(C)C)OCC1CCCO1,beta,Uni-Mol,2,0.000786508375313133
CCOCC(OCC)C(COC(COC)C1CCCO1)OCC1CCCO1,beta,Uni-Mol,2,0.0007016091840341687
CCOCC(COC1CCOC1)(COC1CCOC1)OC(=O)OC1CCOC1,beta,Uni-Mol,2,0.000684252183418721
CCCC(=O)OC(COC(=O)COC)COC(C)COCC,beta,Uni-Mol,2,0.0007869109394960105
CCCC(=O)OCC(OC(=O)CCC)C(=O)COC(C)C,beta,Uni-Mol,2,0.000777929148171097
CCCC(=O)OCC(COC(=O)CCC)OC(=O)CCC,beta,Uni-Mol,2,0.0007646225276403129
CCCCCOCCOCCOC,beta,Uni-Mol,3,0.0009098876034840941
COCCOC(=O)OC1CCCC1,beta,Uni-Mol,3,0.0008183187455870211
CCCOC(=O)OCCOCCOCC,beta,Uni-Mol,3,0.0008812799351289868
CCCCOC(=O)OCCOCCOC,beta,Uni-Mol,3,0.0008588735945522785
CCCOC(CC)COCCOCCOC,beta,Uni-Mol,3,0.0008715236908756196
CCCCOCCOCCOC(C)COCC,beta,Uni-Mol,3,0.0008333188598044217
CCCOCCOCCOC(=O)OCCC,beta,Uni-Mol,3,0.0008325875969603658
CCCCOC(=O)OCCOCCOCC,beta,Uni-Mol,3,0.000842928362544626
CCCCOCCOCCOC(=O)OCC,beta,Uni-Mol,3,0.0008457747171632946
CCCOC(=O)OCCOCCOCCOC,beta,Uni-Mol,3,0.0008106657769531012
CCOC(=O)OCCCCOCCOCCOC,beta,Uni-Mol,3,0.000781527953222394
CCCOC(=O)OCCOCCOCCOCC,beta,Uni-Mol,3,0.0008352719596587121
CC(=O)OCCOCCOCCOC(C)=O,beta,Uni-Mol,3,0.0008419815567322075
CCCOC(=O)OCCCCOC1COCC1OCCC,beta,Uni-Mol,3,0.0007231645868159831
CCCCOC(=O)OCCCCOC1COCC1OCC,beta,Uni-Mol,3,0.0007191490731202066
CCCOC(=O)OCCOCCOCC1CC(OCC)CO1,beta,Uni-Mol,3,0.0007228574249893427
CCCCOC(=O)COCCCOC(=O)CC1CCCO1,beta,Uni-Mol,3,0.0007389501552097499
CCCOC(COCC)(COC(=O)OCC)COC1CCOC1,beta,Uni-Mol,3,0.0007536510820500553
CCCOC(=O)OC(COCC)(COCC)COC1CCOC1,beta,Uni-Mol,3,0.0007560824742540717
CCCCOC(COC)(COC(=O)OCC)COC1CCOC1,beta,Uni-Mol,3,0.0007480941130779684
CC(C)OCC(COCC1CCCO1)OC(=O)OC(C)C,beta,Uni-Mol,3,0.0007693957886658609
CCCOC(COC(=O)OC)C(COC1CCOC1)OCCC,beta,Uni-Mol,3,0.0007430785917676985
CCOC(=O)OCC(COCC(C)C)OCC1CCCO1,beta,Uni-Mol,3,0.0007743278983980417
CCOCC(OCC)C(COC(COC)C1CCCO1)OCC1CCCO1,beta,Uni-Mol,3,0.0007120818481780589
CCOCC(COC1CCOC1)(COC1CCOC1)OC(=O)OC1CCOC1,beta,Uni-Mol,3,0.0006803396390751004
CCCC(=O)OC(COC(=O)COC)COC(C)COCC,beta,Uni-Mol,3,0.0007813418051227927
CCCC(=O)OCC(OC(=O)CCC)C(=O)COC(C)C,beta,Uni-Mol,3,0.0007733736420050263
CCCC(=O)OCC(COC(=O)CCC)OC(=O)CCC,beta,Uni-Mol,3,0.0007623927085660398
CCCCCOCCOCCOC,beta,Uni-Mol,4,0.0009226746624335647
COCCOC(=O)OC1CCCC1,beta,Uni-Mol,4,0.0008301980560645461
CCCOC(=O)OCCOCCOCC,beta,Uni-Mol,4,0.0008511396590620279
CCCCOC(=O)OCCOCCOC,beta,Uni-Mol,4,0.0008500193944200873
CCCOC(CC)COCCOCCOC,beta,Uni-Mol,4,0.0008610848453827202
CCCCOCCOCCOC(C)COCC,beta,Uni-Mol,4,0.0008352078148163855
CCCOCCOCCOC(=O)OCCC,beta,Uni-Mol,4,0.0008091784548014402
CCCCOC(=O)OCCOCCOCC,beta,Uni-Mol,4,0.0008113858057186007
CCCCOCCOCCOC(=O)OCC,beta,Uni-Mol,4,0.0008716705488041043
CCCOC(=O)OCCOCCOCCOC,beta,Uni-Mol,4,0.0008105910965241492
CCOC(=O)OCCCCOCCOCCOC,beta,Uni-Mol,4,0.0008017447544261813
CCCOC(=O)OCCOCCOCCOCC,beta,Uni-Mol,4,0.0008053860510699451
CC(=O)OCCOCCOCCOC(C)=O,beta,Uni-Mol,4,0.0008204616024158895
CCCOC(=O)OCCCCOC1COCC1OCCC,beta,Uni-Mol,4,0.0007321820012293756
CCCCOC(=O)OCCCCOC1COCC1OCC,beta,Uni-Mol,4,0.000754611857701093
CCCOC(=O)OCCOCCOCC1CC(OCC)CO1,beta,Uni-Mol,4,0.0007205732981674373
CCCCOC(=O)COCCCOC(=O)CC1CCCO1,beta,Uni-Mol,4,0.0007234732038341463
CCCOC(COCC)(COC(=O)OCC)COC1CCOC1,beta,Uni-Mol,4,0.000742086791433394
CCCOC(=O)OC(COCC)(COCC)COC1CCOC1,beta,Uni-Mol,4,0.0007466025999747217
CCCCOC(COC)(COC(=O)OCC)COC1CCOC1,beta,Uni-Mol,4,0.000748025078792125
CC(C)OCC(COCC1CCCO1)OC(=O)OC(C)C,beta,Uni-Mol,4,0.0007769828080199659
CCCOC(COC(=O)OC)C(COC1CCOC1)OCCC,beta,Uni-Mol,4,0.0007517335470765829
CCOC(=O)OCC(COCC(C)C)OCC1CCCO1,beta,Uni-Mol,4,0.0007962835370562971
CCOCC(OCC)C(COC(COC)C1CCCO1)OCC1CCCO1,beta,Uni-Mol,4,0.000701707205735147
CCOCC(COC1CCOC1)(COC1CCOC1)OC(=O)OC1CCOC1,beta,Uni-Mol,4,0.0006789002218283713
CCCC(=O)OC(COC(=O)COC)COC(C)COCC,beta,Uni-Mol,4,0.000774104380980134
CCCC(=O)OCC(OC(=O)CCC)C(=O)COC(C)C,beta,Uni-Mol,4,0.0007717557600699365
CCCC(=O)OCC(COC(=O)CCC)OC(=O)CCC,beta,Uni-Mol,4,0.0007634001085534692
CCCCCOCCOCCOC,fom1,XGBoost,0,92.19261175993041
COCCOC(=O)OC1CCCC1,fom1,XGBoost,0,80.1877422623227
CCCOC(=O)OCCOCCOCC,fom1,XGBoost,0,82.76755407724558
CCCCOC(=O)OCCOCCOC,fom1,XGBoost,0,83.02061803540133
CCCOC(CC)COCCOCCOC,fom1,XGBoost,0,81.54061709746522
CCCCOCCOCCOC(C)COCC,fom1,XGBoost,0,80.34813497050408
CCCOCCOCCOC(=O)OCCC,fom1,XGBoost,0,78.99656986115158
CCCCOC(=O)OCCOCCOCC,fom1,XGBoost,0,79.29760567932456
CCCCOCCOCCOC(=O)OCC,fom1,XGBoost,0,79.0898514090087
CCCOC(=O)OCCOCCOCCOC,fom1,XGBoost,0,76.70307120342191
CCOC(=O)OCCCCOCCOCCOC,fom1,XGBoost,0,74.64531638864277
CCCOC(=O)OCCOCCOCCOCC,fom1,XGBoost,0,72.64648027843442
CC(=O)OCCOCCOCCOC(C)=O,fom1,XGBoost,0,74.79624142939034
CCCOC(=O)OCCCCOC1COCC1OCCC,fom1,XGBoost,0,69.67149686351772
CCCCOC(=O)OCCCCOC1COCC1OCC,fom1,XGBoost,0,70.20927612962794
CCCOC(=O)OCCOCCOCC1CC(OCC)CO1,fom1,XGBoost,0,69.30573634411077
CCCCOC(=O)COCCCOC(=O)CC1CCCO1,fom1,XGBoost,0,61.83944857781599
CCCOC(COCC)(COC(=O)OCC)COC1CCOC1,fom1,XGBoost,0,57.92724115090101
CCCOC(=O)OC(COCC)(COCC)COC1CCOC1,fom1,XGBoost,0,57.48486626495449
CCCCOC(COC)(COC(=O)OCC)COC1CCOC1,fom1,XGBoost,0,58.407285258795824
CC(C)OCC(COCC1CCCO1)OC(=O)OC(C)C,fom1,XGBoost,0,68.27432193437421
CCCOC(COC(=O)OC)C(COC1CCOC1)OCCC,fom1,XGBoost,0,60.03123744094124
CCOC(=O)OCC(COCC(C)C)OCC1CCCO1,fom1,XGBoost,0,66.1247603307022
CCOCC(OCC)C(COC(COC)C1CCCO1)OCC1CCCO1,fom1,XGBoost,0,58.0065890519147
CCOCC(COC1CCOC1)(COC1CCOC1)OC(=O)OC1CCOC1,fom1,XGBoost,0,59.634331524134836
CCCC(=O)OC(COC(=O)COC)COC(C)COCC,fom1,XGBoost,0,60.444744853663245
CCCC(=O)OCC(OC(=O)CCC)C(=O)COC(C)C,fom1,XGBoost,0,68.26173766805414
CCCC(=O)OCC(COC(=O)CCC)OC(=O)CCC,fom1,XGBoost,0,68.46882599879184
CCCCCOCCOCCOC,fom1,XGBoost,1,91.88020628015691
COCCOC(=O)OC1CCCC1,fom1,XGBoost,1,82.52811620555451
CCCOC(=O)OCCOCCOCC,fom1,XGBoost,1,83.41815056393453
CCCCOC(=O)OCCOCCOC,fom1,XGBoost,1,83.58004501462727
CCCOC(CC)COCCOCCOC,fom1,XGBoost,1,81.1777451632586
CCCCOCCOCCOC(C)COCC,fom1,XGBoost,1,80.33033239438599
CCCOCCOCCOC(=O)OCCC,fom1,XGBoost,1,80.22383110659544
CCCCOC(=O)OCCOCCOCC,fom1,XGBoost,1,79.48002937509821
CCCCOCCOCCOC(=O)OCC,fom1,XGBoost,1,77.67323743227327
CCCOC(=O)OCCOCCOCCOC,fom1,XGBoost,1,77.90237031207089
CCOC(=O)OCCCCOCCOCCOC,fom1,XGBoost,1,76.18802552147936
CCCOC(=O)OCCOCCOCCOCC,fom1,XGBoost,1,75.71556182653603
CC(=O)OCCOCCOCCOC(C)=O,fom1,XGBoost,1,75.91823079891029
CCCOC(=O)OCCCCOC1COCC1OCCC,fom1,XGBoost,1,72.39637853492914
CCCCOC(=O)OCCCCOC1COCC1OCC,fom1,XGBoost,1,72.81889741430994
CCCOC(=O)OCCOCCOCC1CC(OCC)CO1,fom1,XGBoost,1,73.714270551093
CCCCOC(=O)COCCCOC(=O)CC1CCCO1,fom1,XGBoost,1,64.71458233341583
CCCOC(COCC)(COC(=O)OCC)COC1CCOC1,fom1,XGBoost,1,68.6701215044134
CCCOC(=O)OC(COCC)(COCC)COC1CCOC1,fom1,XGBoost,1,68.53679925840257
CCCCOC(COC)(COC(=O)OCC)COC1CCOC1,fom1,XGBoost,1,68.11782548694669
CC(C)OCC(COCC1CCCO1)OC(=O)OC(C)C,fom1,XGBoost,1,64.67840019426153
CCCOC(COC(=O)OC)C(COC1CCOC1)OCCC,fom1,XGBoost,1,63.777729053750406
CCOC(=O)OCC(COCC(C)C)OCC1CCCO1,fom1,XGBoost,1,66.0233729487846
CCOCC(OCC)C(COC(COC)C1CCCO1)OCC1CCCO1,fom1,XGBoost,1,63.905640603865386
CCOCC(COC1CCOC1)(COC1CCOC1)OC(=O)OC1CCOC1,fom1,XGBoost,1,61.81344504776429
CCCC(=O)OC(COC(=O)COC)COC(C)COCC,fom1,XGBoost,1,57.33282496886361
CCCC(=O)OCC(OC(=O)CCC)C(=O)COC(C)C,fom1,XGBoost,1,54.559426389209385
CCCC(=O)OCC(COC(=O)CCC)OC(=O)CCC,fom1,XGBoost,1,53.59201926988916
CCCCCOCCOCCOC,fom1,XGBoost,2,89.98676479333393
COCCOC(=O)OC1CCCC1,fom1,XGBoost,2,78.58702538175694
CCCOC(=O)OCCOCCOCC,fom1,XGBoost,2,84.81216977164596
CCCCOC(=O)OCCOCCOC,fom1,XGBoost,2,83.82662394252762
CCCOC(CC)COCCOCCOC,fom1,XGBoost,2,85.51980970439985
CCCCOCCOCCOC(C)COCC,fom1,XGBoost,2,85.46339009129375
CCCOCCOCCOC(=O)OCCC,fom1,XGBoost,2,81.06395124336474
CCCCOC(=O)OCCOCCOCC,fom1,XGBoost,2,81.14487518611001
CCCCOCCOCCOC(=O)OCC,fom1,XGBoost,2,78.81592708339187
CCCOC(=O)OCCOCCOCCOC,fom1,XGBoost,2,81.16618628252499
CCOC(=O)OCCCCOCCOCCOC,fom1,XGBoost,2,78.22644634587903
CCCOC(=O)OCCOCCOCCOCC,fom1,XGBoost,2,79.1474623639509
CC(=O)OCCOCCOCCOC(C)=O,fom1,XGBoost,2,78.17527353556949
CCCOC(=O)OCCCCOC1COCC1OCCC,fom1,XGBoost,2,68.41730212130443
CCCCOC(=O)OCCCCOC1COCC1OCC,fom1,XGBoost,2,69.06925164324988
CCCOC(=O)OCCOCCOCC1CC(OCC)CO1,fom1,XGBoost,2,69.0152458722661
CCCCOC(=O)COCCCOC(=O)CC1CCCO1,fom1,XGBoost,2,58.177145513415645
CCCOC(COCC)(COC(=O)OCC)COC1CCOC1,fom1,XGBoost,2,63.23419282394153
CCCOC(=O)OC(COCC)(COCC)COC1CCOC1,fom1,XGBoost,2,63.19359127573646
CCCCOC(COC)(COC(=O)OCC)COC1CCOC1,fom1,XGBoost,2,61.55140585193531
CC(C)OCC(COCC1CCCO1)OC(=O)OC(C)C,fom1,XGBoost,2,65.22610385136832
CCCOC(COC(=O)OC)C(COC1CCOC1)OCCC,fom1,XGBoost,2,64.01845632778559
CCOC(=O)OCC(COCC(C)C)OCC1CCCO1,fom1,XGBoost,2,63.15980685089283
CCOCC(OCC)C(COC(COC)C1CCCO1)OCC1CCCO1,fom1,XGBoost,2,61.55376221625134
CCOCC(COC1CCOC1)(COC1CCOC1)OC(=O)OC1CCOC1,fom1,XGBoost,2,57.192055181911165
CCCC(=O)OC(COC(=O)COC)COC(C)COCC,fom1,XGBoost,2,68.44319173372557
CCCC(=O)OCC(OC(=O)CCC)C(=O)COC(C)C,fom1,XGBoost,2,63.68571606067592
CCCC(=O)OCC(COC(=O)CCC)OC(=O)CCC,fom1,XGBoost,2,65.30917727867823
CCCCCOCCOCCOC,fom1,XGBoost,3,89.42216467872395
COCCOC(=O)OC1CCCC1,fom1,XGBoost,3,80.6953834168661
CCCOC(=O)OCCOCCOCC,fom1,XGBoost,3,82.80239203627423
CCCCOC(=O)OCCOCCOC,fom1,XGBoost,3,83.15197076731698
CCCOC(CC)COCCOCCOC,fom1,XGBoost,3,73.49378323205086
CCCCOCCOCCOC(C)COCC,fom1,XGBoost,3,73.10700365503196
CCCOCCOCCOC(=O)OCCC,fom1,XGBoost,3,79.35632399426379
CCCCOC(=O)OCCOCCOCC,fom1,XGBoost,3,78.60300395701677
CCCCOCCOCCOC(=O)OCC,fom1,XGBoost,3,78.30339993381017
CCCOC(=O)OCCOCCOCCOC,fom1,XGBoost,3,74.80939842820817
CCOC(=O)OCCCCOCCOCCOC,fom1,XGBoost,3,71.42208065257422
CCCOC(=O)OCCOCCOCCOCC,fom1,XGBoost,3,71.40043136002045
CC(=O)OCCOCCOCCOC(C)=O,fom1,XGBoost,3,75.46787135430847
CCCOC(=O)OCCCCOC1COCC1OCCC,fom1,XGBoost,3,65.43422043464318
CCCCOC(=O)OCCCCOC1COCC1OCC,fom1,XGBoost,3,64.26860520045913
CCCOC(=O)OCCOCCOCC1CC(OCC)CO1,fom1,XGBoost,3,63.524600032145486
CCCCOC(=O)COCCCOC(=O)CC1CCCO1,fom1,XGBoost,3,59.23130386774373
CCCOC(COCC)(COC(=O)OCC)COC1CCOC1,fom1,XGBoost,3,59.60848907685971
CCCOC(=O)OC(COCC)(COCC)COC1CCOC1,fom1,XGBoost,3,58.96264989321464
CCCCOC(COC)(COC(=O)OCC)COC1CCOC1,fom1,XGBoost,3,58.860661787583915
CC(C)OCC(COCC1CCCO1)OC(=O)OC(C)C,fom1,XGBoost,3,58.86911134507627
CCCOC(COC(=O)OC)C(COC1CCOC1)OCCC,fom1,XGBoost,3,60.27621337025153
CCOC(=O)OCC(COCC(C)C)OCC1CCCO1,fom1,XGBoost,3,59.66206514629954
CCOCC(OCC)C(COC(COC)C1CCCO1)OCC1CCCO1,fom1,XGBoost,3,58.27921278678249
CCOCC(COC1CCOC1)(COC1CCOC1)OC(=O)OC1CCOC1,fom1,XGBoost,3,62.66989187429394
CCCC(=O)OC(COC(=O)COC)COC(C)COCC,fom1,XGBoost,3,59.10790347774399
CCCC(=O)OCC(OC(=O)CCC)C(=O)COC(C)C,fom1,XGBoost,3,63.040754668795444
CCCC(=O)OCC(COC(=O)CCC)OC(=O)CCC,fom1,XGBoost,3,62.52272431302477
CCCCCOCCOCCOC,fom1,XGBoost,4,91.51607135544991
COCCOC(=O)OC1CCCC1,fom1,XGBoost,4,83.13287258437853
CCCOC(=O)OCCOCCOCC,fom1,XGBoost,4,86.0672669791579
CCCCOC(=O)OCCOCCOC,fom1,XGBoost,4,85.9033880960599
CCCOC(CC)COCCOCCOC,fom1,XGBoost,4,78.38727969168298
CCCCOCCOCCOC(C)COCC,fom1,XGBoost,4,78.04143660965734
CCCOCCOCCOC(=O)OCCC,fom1,XGBoost,4,82.36394202787118
CCCCOC(=O)OCCOCCOCC,fom1,XGBoost,4,82.00235812641935
CCCCOCCOCCOC(=O)OCC,fom1,XGBoost,4,81.49513128615999
CCCOC(=O)OCCOCCOCCOC,fom1,XGBoost,4,78.17417868547889
CCOC(=O)OCCCCOCCOCCOC,fom1,XGBoost,4,77.54927532986854
CCCOC(=O)OCCOCCOCCOCC,fom1,XGBoost,4,76.80532704862625
CC(=O)OCCOCCOCCOC(C)=O,fom1,XGBoost,4,76.17304688467284
CCCOC(=O)OCCCCOC1COCC1OCCC,fom1,XGBoost,4,70.05118655299842
CCCCOC(=O)OCCCCOC1COCC1OCC,fom1,XGBoost,4,71.42978204125524
CCCOC(=O)OCCOCCOCC1CC(OCC)CO1,fom1,XGBoost,4,72.19646204621102
CCCCOC(=O)COCCCOC(=O)CC1CCCO1,fom1,XGBoost,4,63.22926170398245
CCCOC(COCC)(COC(=O)OCC)COC1CCOC1,fom1,XGBoost,4,56.89143413912357
CCCOC(=O)OC(COCC)(COCC)COC1CCOC1,fom1,XGBoost,4,56.88779042192114
CCCCOC(COC)(COC(=O)OCC)COC1CCOC1,fom1,XGBoost,4,56.56584375205067
CC(C)OCC(COCC1CCCO1)OC(=O)OC(C)C,fom1,XGBoost,4,59.828037344355806
CCCOC(COC(=O)OC)C(COC1CCOC1)OCCC,fom1,XGBoost,4,59.92632783329832
CCOC(=O)OCC(COCC(C)C)OCC1CCCO1,fom1,XGBoost,4,58.6569212168684
CCOCC(OCC)C(COC(COC)C1CCCO1)OCC1CCCO1,fom1,XGBoost,4,60.54100925134877
CCOCC(COC1CCOC1)(COC1CCOC1)OC(=O)OC1CCOC1,fom1,XGBoost,4,59.84317987457306
CCCC(=O)OC(COC(=O)COC)COC(C)COCC,fom1,XGBoost,4,64.52805869173001
CCCC(=O)OCC(OC(=O)CCC)C(=O)COC(C)C,fom1,XGBoost,4,60.50985270842565
CCCC(=O)OCC(COC(=O)CCC)OC(=O)CCC,fom1,XGBoost,4,66.41756227875612
CCCCCOCCOCCOC,fom1,MLP,0,98.95777642865609
COCCOC(=O)OC1CCCC1,fom1,MLP,0,87.97007150720795
CCCOC(=O)OCCOCCOCC,fom1,MLP,0,80.4168113711068
CCCCOC(=O)OCCOCCOC,fom1,MLP,0,78.04564297172477
CCCOC(CC)COCCOCCOC,fom1,MLP,0,83.42322476952519
CCCCOCCOCCOC(C)COCC,fom1,MLP,0,83.29184076611102
CCCOCCOCCOC(=O)OCCC,fom1,MLP,0,78.43327961269293
CCCCOC(=O)OCCOCCOCC,fom1,MLP,0,76.03739353614736
CCCCOCCOCCOC(=O)OCC,fom1,MLP,0,76.81207326709404
CCCOC(=O)OCCOCCOCCOC,fom1,MLP,0,77.12959833033142
CCOC(=O)OCCCCOCCOCCOC,fom1,MLP,0,70.96573689251504
CCCOC(=O)OCCOCCOCCOCC,fom1,MLP,0,74.87828775924154
CC(=O)OCCOCCOCCOC(C)=O,fom1,MLP,0,76.81596248052992
CCCOC(=O)OCCCCOC1COCC1OCCC,fom1,MLP,0,66.80493838950994
CCCCOC(=O)OCCCCOC1COCC1OCC,fom1,MLP,0,65.39071585736635
CCCOC(=O)OCCOCCOCC1CC(OCC)CO1,fom1,MLP,0,66.84134263186529
CCCCOC(=O)COCCCOC(=O)CC1CCCO1,fom1,MLP,0,64.52464738706342
CCCOC(COCC)(COC(=O)OCC)COC1CCOC1,fom1,MLP,0,53.23223596551003
CCCOC(=O)OC(COCC)(COCC)COC1CCOC1,fom1,MLP,0,55.34299081306298
CCCCOC(COC)(COC(=O)OCC)COC1CCOC1,fom1,MLP,0,53.1468792510502
CC(C)OCC(COCC1CCCO1)OC(=O)OC(C)C,fom1,MLP,0,57.371703767835356
CCCOC(COC(=O)OC)C(COC1CCOC1)OCCC,fom1,MLP,0,53.815224670333656
CCOC(=O)OCC(COCC(C)C)OCC1CCCO1,fom1,MLP,0,58.5637204569489
CCOCC(OCC)C(COC(COC)C1CCCO1)OCC1CCCO1,fom1,MLP,0,46.566956563658735
CCOCC(COC1CCOC1)(COC1CCOC1)OC(=O)OC1CCOC1,fom1,MLP,0,57.64394649429367
CCCC(=O)OC(COC(=O)COC)COC(C)COCC,fom1,MLP,0,58.88477943533253
CCCC(=O)OCC(OC(=O)CCC)C(=O)COC(C)C,fom1,MLP,0,53.251589299050806
CCCC(=O)OCC(COC(=O)CCC)OC(=O)CCC,fom1,MLP,0,64.75359349739986
CCCCCOCCOCCOC,fom1,MLP,1,92.87048337586086
COCCOC(=O)OC1CCCC1,fom1,MLP,1,85.23297271442223
CCCOC(=O)OCCOCCOCC,fom1,MLP,1,79.22302897899509
CCCCOC(=O)OCCOCCOC,fom1,MLP,1,78.15828290694542
CCCOC(CC)COCCOCCOC,fom1,MLP,1,74.7263131480362
CCCCOCCOCCOC(C)COCC,fom1,MLP,1,72.68055343619923
CCCOCCOCCOC(=O)OCCC,fom1,MLP,1,76.80034702344037
CCCCOC(=O)OCCOCCOCC,fom1,MLP,1,76.29624804123327
CCCCOCCOCCOC(=O)OCC,fom1,MLP,1,76.10347723063627
CCCOC(=O)OCCOCCOCCOC,fom1,MLP,1,74.87975646612801
CCOC(=O)OCCCCOCCOCCOC,fom1,MLP,1,71.84723917002154
CCCOC(=O)OCCOCCOCCOCC,fom1,MLP,1,73.19738611751403
CC(=O)OCCOCCOCCOC(C)=O,fom1,MLP,1,72.76909531416831
CCCOC(=O)OCCCCOC1COCC1OCCC,fom1,MLP,1,57.41235458489637
CCCCOC(=O)OCCCCOC1COCC1OCC,fom1,MLP,1,57.461270412067606
CCCOC(=O)OCCOCCOCC1CC(OCC)CO1,fom1,MLP,1,58.58881408300295
CCCCOC(=O)COCCCOC(=O)CC1CCCO1,fom1,MLP,1,54.60262430923656
CCCOC(COCC)(COC(=O)OCC)COC1CCOC1,fom1,MLP,1,52.129099539309685
CCCOC(=O)OC(COCC)(COCC)COC1CCOC1,fom1,MLP,1,53.24307529071941
CCCCOC(COC)(COC(=O)OCC)COC1CCOC1,fom1,MLP,1,51.840274216252595
CC(C)OCC(COCC1CCCO1)OC(=O)OC(C)C,fom1,MLP,1,55.34605144087929
CCCOC(COC(=O)OC)C(COC1CCOC1)OCCC,fom1,MLP,1,50.309197045610546
CCOC(=O)OCC(COCC(C)C)OCC1CCCO1,fom1,MLP,1,55.54183866063816
CCOCC(OCC)C(COC(COC)C1CCCO1)OCC1CCCO1,fom1,MLP,1,48.70983960998029
CCOCC(COC1CCOC1)(COC1CCOC1)OC(=O)OC1CCOC1,fom1,MLP,1,51.589416616039955
CCCC(=O)OC(COC(=O)COC)COC(C)COCC,fom1,MLP,1,49.81813101317817
CCCC(=O)OCC(OC(=O)CCC)C(=O)COC(C)C,fom1,MLP,1,48.03799159705514
CCCC(=O)OCC(COC(=O)CCC)OC(=O)CCC,fom1,MLP,1,50.287871607923876
CCCCCOCCOCCOC,fom1,MLP,2,92.33177898658948
COCCOC(=O)OC1CCCC1,fom1,MLP,2,81.18892993358386
CCCOC(=O)OCCOCCOCC,fom1,MLP,2,86.50465150886306
CCCCOC(=O)OCCOCCOC,fom1,MLP,2,85.15857773690374
CCCOC(CC)COCCOCCOC,fom1,MLP,2,77.47699040133074
CCCCOCCOCCOC(C)COCC,fom1,MLP,2,74.38284458010843
CCCOCCOCCOC(=O)OCCC,fom1,MLP,2,83.06303876054778
CCCCOC(=O)OCCOCCOCC,fom1,MLP,2,81.72371500667518
CCCCOCCOCCOC(=O)OCC,fom1,MLP,2,77.75169773622386
CCCOC(=O)OCCOCCOCCOC,fom1,MLP,2,84.70593470984744
CCOC(=O)OCCCCOCCOCCOC,fom1,MLP,2,77.45459032595016
CCCOC(=O)OCCOCCOCCOCC,fom1,MLP,2,81.48884334314275
CC(=O)OCCOCCOCCOC(C)=O,fom1,MLP,2,75.13041810902367
CCCOC(=O)OCCCCOC1COCC1OCCC,fom1,MLP,2,66.29324572867746
CCCCOC(=O)OCCCCOC1COCC1OCC,fom1,MLP,2,66.3084525223086
CCCOC(=O)OCCOCCOCC1CC(OCC)CO1,fom1,MLP,2,69.28956126695151
CCCCOC(=O)COCCCOC(=O)CC1CCCO1,fom1,MLP,2,63.596273218885436
CCCOC(COCC)(COC(=O)OCC)COC1CCOC1,fom1,MLP,2,58.14432641358093
CCCOC(=O)OC(COCC)(COCC)COC1CCOC1,fom1,MLP,2,57.96118737553346
CCCCOC(COC)(COC(=O)OCC)COC1CCOC1,fom1,MLP,2,58.26609783851814
CC(C)OCC(COCC1CCCO1)OC(=O)OC(C)C,fom1,MLP,2,60.52280286093512
CCCOC(COC(=O)OC)C(COC1CCOC1)OCCC,fom1,MLP,2,57.76052963722866
CCOC(=O)OCC(COCC(C)C)OCC1CCCO1,fom1,MLP,2,62.16369586419746
CCOCC(OCC)C(COC(COC)C1CCCO1)OCC1CCCO1,fom1,MLP,2,56.301245007692586
CCOCC(COC1CCOC1)(COC1CCOC1)OC(=O)OC1CCOC1,fom1,MLP,2,54.76712272118306
CCCC(=O)OC(COC(=O)COC)COC(C)COCC,fom1,MLP,2,57.14856076809255
CCCC(=O)OCC(OC(=O)CCC)C(=O)COC(C)C,fom1,MLP,2,53.09866424172524
CCCC(=O)OCC(COC(=O)CCC)OC(=O)CCC,fom1,MLP,2,56.32438646177991
CCCCCOCCOCCOC,fom1,MLP,3,94.14535664072761
COCCOC(=O)OC1CCCC1,fom1,MLP,3,77.5198737047456
CCCOC(=O)OCCOCCOCC,fom1,MLP,3,82.89562506331123
CCCCOC(=O)OCCOCCOC,fom1,MLP,3,82.27065389792126
CCCOC(CC)COCCOCCOC,fom1,MLP,3,80.56520750672999
CCCCOCCOCCOC(C)COCC,fom1,MLP,3,76.0064636652344
CCCOCCOCCOC(=O)OCCC,fom1,MLP,3,78.41848600969769
CCCCOC(=O)OCCOCCOCC,fom1,MLP,3,78.16545646236625
CCCCOCCOCCOC(=O)OCC,fom1,MLP,3,76.90848964461989
CCCOC(=O)OCCOCCOCCOC,fom1,MLP,3,78.26999289260034
CCOC(=O)OCCCCOCCOCCOC,fom1,MLP,3,73.19086022096697
CCCOC(=O)OCCOCCOCCOCC,fom1,MLP,3,75.24913700342825
CC(=O)OCCOCCOCCOC(C)=O,fom1,MLP,3,75.58491472571654
CCCOC(=O)OCCCCOC1COCC1OCCC,fom1,MLP,3,61.51378848404155
CCCCOC(=O)OCCCCOC1COCC1OCC,fom1,MLP,3,61.45922887980928
CCCOC(=O)OCCOCCOCC1CC(OCC)CO1,fom1,MLP,3,63.63285726125811
CCCCOC(=O)COCCCOC(=O)CC1CCCO1,fom1,MLP,3,60.06786249068551
CCCOC(COCC)(COC(=O)OCC)COC1CCOC1,fom1,MLP,3,55.70635928593106
CCCOC(=O)OC(COCC)(COCC)COC1CCOC1,fom1,MLP,3,55.04162104838966
CCCCOC(COC)(COC(=O)OCC)COC1CCOC1,fom1,MLP,3,55.4523769365999
CC(C)OCC(COCC1CCCO1)OC(=O)OC(C)C,fom1,MLP,3,49.700839886588625
CCCOC(COC(=O)OC)C(COC1CCOC1)OCCC,fom1,MLP,3,58.590239101059744
CCOC(=O)OCC(COCC(C)C)OCC1CCCO1,fom1,MLP,3,56.72277870559053
CCOCC(OCC)C(COC(COC)C1CCCO1)OCC1CCCO1,fom1,MLP,3,51.91610144033757
CCOCC(COC1CCOC1)(COC1CCOC1)OC(=O)OC1CCOC1,fom1,MLP,3,50.05531987052488
CCCC(=O)OC(COC(=O)COC)COC(C)COCC,fom1,MLP,3,59.020197732367706
CCCC(=O)OCC(OC(=O)CCC)C(=O)COC(C)C,fom1,MLP,3,56.25176969206178
CCCC(=O)OCC(COC(=O)CCC)OC(=O)CCC,fom1,MLP,3,66.29813656261872
CCCCCOCCOCCOC,fom1,MLP,4,93.04726977257684
COCCOC(=O)OC1CCCC1,fom1,MLP,4,74.8986460862722
CCCOC(=O)OCCOCCOCC,fom1,MLP,4,76.22685341505246
CCCCOC(=O)OCCOCCOC,fom1,MLP,4,74.45922813434186
CCCOC(CC)COCCOCCOC,fom1,MLP,4,77.51981448134873
CCCCOCCOCCOC(C)COCC,fom1,MLP,4,75.86192394063744
CCCOCCOCCOC(=O)OCCC,fom1,MLP,4,72.76710998175369
CCCCOC(=O)OCCOCCOCC,fom1,MLP,4,71.39517351946648
CCCCOCCOCCOC(=O)OCC,fom1,MLP,4,70.42653842024774
CCCOC(=O)OCCOCCOCCOC,fom1,MLP,4,70.06370359631583
CCOC(=O)OCCCCOCCOCCOC,fom1,MLP,4,64.60662617458846
CCCOC(=O)OCCOCCOCCOCC,fom1,MLP,4,67.58870208811514
CC(=O)OCCOCCOCCOC(C)=O,fom1,MLP,4,73.47905824035087
CCCOC(=O)OCCCCOC1COCC1OCCC,fom1,MLP,4,59.181832138051455
CCCCOC(=O)OCCCCOC1COCC1OCC,fom1,MLP,4,59.42377542532226
CCCOC(=O)OCCOCCOCC1CC(OCC)CO1,fom1,MLP,4,58.842371848478265
CCCCOC(=O)COCCCOC(=O)CC1CCCO1,fom1,MLP,4,63.175129141187675
CCCOC(COCC)(COC(=O)OCC)COC1CCOC1,fom1,MLP,4,42.836666953668384
CCCOC(=O)OC(COCC)(COCC)COC1CCOC1,fom1,MLP,4,42.81736625367343
CCCCOC(COC)(COC(=O)OCC)COC1CCOC1,fom1,MLP,4,42.64821819620224
CC(C)OCC(COCC1CCCO1)OC(=O)OC(C)C,fom1,MLP,4,50.259800608078784
CCCOC(COC(=O)OC)C(COC1CCOC1)OCCC,fom1,MLP,4,50.43429452563938
CCOC(=O)OCC(COCC(C)C)OCC1CCCO1,fom1,MLP,4,54.32744281737907
CCOCC(OCC)C(COC(COC)C1CCCO1)OCC1CCCO1,fom1,MLP,4,56.51180550389205
CCOCC(COC1CCOC1)(COC1CCOC1)OC(=O)OC1CCOC1,fom1,MLP,4,52.35870979723405
CCCC(=O)OC(COC(=O)COC)COC(C)COCC,fom1,MLP,4,52.530860831120755
CCCC(=O)OCC(OC(=O)CCC)C(=O)COC(C)C,fom1,MLP,4,49.14481996083478
CCCC(=O)OCC(COC(=O)CCC)OC(=O)CCC,fom1,MLP,4,60.46438261529502
CCCCCOCCOCCOC,fom1,D-MPNN,0,91.41026443646189
COCCOC(=O)OC1CCCC1,fom1,D-MPNN,0,74.54909946728036
CCCOC(=O)OCCOCCOCC,fom1,D-MPNN,0,84.17819934204445
CCCCOC(=O)OCCOCCOC,fom1,D-MPNN,0,81.81077830192216
CCCOC(CC)COCCOCCOC,fom1,D-MPNN,0,81.01470004306806
CCCCOCCOCCOC(C)COCC,fom1,D-MPNN,0,79.01053883799412
CCCOCCOCCOC(=O)OCCC,fom1,D-MPNN,0,80.20761512324022
CCCCOC(=O)OCCOCCOCC,fom1,D-MPNN,0,79.76535509568924
CCCCOCCOCCOC(=O)OCC,fom1,D-MPNN,0,81.80083632965827
CCCOC(=O)OCCOCCOCCOC,fom1,D-MPNN,0,79.59217084952978
CCOC(=O)OCCCCOCCOCCOC,fom1,D-MPNN,0,77.3019876175739
CCCOC(=O)OCCOCCOCCOCC,fom1,D-MPNN,0,77.50554168272984
CC(=O)OCCOCCOCCOC(C)=O,fom1,D-MPNN,0,81.69198043278294
CCCOC(=O)OCCCCOC1COCC1OCCC,fom1,D-MPNN,0,62.69629683571934
CCCCOC(=O)OCCCCOC1COCC1OCC,fom1,D-MPNN,0,61.86231408864345
CCCOC(=O)OCCOCCOCC1CC(OCC)CO1,fom1,D-MPNN,0,65.62836249678584
CCCCOC(=O)COCCCOC(=O)CC1CCCO1,fom1,D-MPNN,0,61.643614731284046
CCCOC(COCC)(COC(=O)OCC)COC1CCOC1,fom1,D-MPNN,0,59.29485901418301
CCCOC(=O)OC(COCC)(COCC)COC1CCOC1,fom1,D-MPNN,0,57.44456411264918
CCCCOC(COC)(COC(=O)OCC)COC1CCOC1,fom1,D-MPNN,0,57.41112628367053
CC(C)OCC(COCC1CCCO1)OC(=O)OC(C)C,fom1,D-MPNN,0,53.82863727787123
CCCOC(COC(=O)OC)C(COC1CCOC1)OCCC,fom1,D-MPNN,0,55.61448899210028
CCOC(=O)OCC(COCC(C)C)OCC1CCCO1,fom1,D-MPNN,0,59.015427889189816
CCOCC(OCC)C(COC(COC)C1CCCO1)OCC1CCCO1,fom1,D-MPNN,0,48.95226924903274
CCOCC(COC1CCOC1)(COC1CCOC1)OC(=O)OC1CCOC1,fom1,D-MPNN,0,52.68063973964999
CCCC(=O)OC(COC(=O)COC)COC(C)COCC,fom1,D-MPNN,0,66.74882392547114
CCCC(=O)OCC(OC(=O)CCC)C(=O)COC(C)C,fom1,D-MPNN,0,67.18006280994774
CCCC(=O)OCC(COC(=O)CCC)OC(=O)CCC,fom1,D-MPNN,0,70.87216370666852
CCCCCOCCOCCOC,fom1,D-MPNN,1,89.66991517535338
COCCOC(=O)OC1CCCC1,fom1,D-MPNN,1,79.27363768985404
CCCOC(=O)OCCOCCOCC,fom1,D-MPNN,1,85.70563575841855
CCCCOC(=O)OCCOCCOC,fom1,D-MPNN,1,82.7210413681994
CCCOC(CC)COCCOCCOC,fom1,D-MPNN,1,75.60115799882561
CCCCOCCOCCOC(C)COCC,fom1,D-MPNN,1,73.78404057764585
CCCOCCOCCOC(=O)OCCC,fom1,D-MPNN,1,80.44487986768868
CCCCOC(=O)OCCOCCOCC,fom1,D-MPNN,1,81.38871629196075
CCCCOCCOCCOC(=O)OCC,fom1,D-MPNN,1,79.94884446327528
CCCOC(=O)OCCOCCOCCOC,fom1,D-MPNN,1,78.52239671481189
CCOC(=O)OCCCCOCCOCCOC,fom1,D-MPNN,1,76.96637784977611
CCCOC(=O)OCCOCCOCCOCC,fom1,D-MPNN,1,77.27162350744902
CC(=O)OCCOCCOCCOC(C)=O,fom1,D-MPNN,1,79.12386697408489
CCCOC(=O)OCCCCOC1COCC1OCCC,fom1,D-MPNN,1,62.286252558276715
CCCCOC(=O)OCCCCOC1COCC1OCC,fom1,D-MPNN,1,62.180168787950656
CCCOC(=O)OCCOCCOCC1CC(OCC)CO1,fom1,D-MPNN,1,65.3296005024595
CCCCOC(=O)COCCCOC(=O)CC1CCCO1,fom1,D-MPNN,1,58.04516978010742
CCCOC(COCC)(COC(=O)OCC)COC1CCOC1,fom1,D-MPNN,1,46.70092507038258
CCCOC(=O)OC(COCC)(COCC)COC1CCOC1,fom1,D-MPNN,1,49.031008434590994
CCCCOC(COC)(COC(=O)OCC)COC1CCOC1,fom1,D-MPNN,1,46.71141595407313
CC(C)OCC(COCC1CCCO1)OC(=O)OC(C)C,fom1,D-MPNN,1,50.99354832455198
CCCOC(COC(=O)OC)C(COC1CCOC1)OCCC,fom1,D-MPNN,1,46.92190141942764
CCOC(=O)OCC(COCC(C)C)OCC1CCCO1,fom1,D-MPNN,1,52.974861647876565
CCOCC(OCC)C(COC(COC)C1CCCO1)OCC1CCCO1,fom1,D-MPNN,1,41.759398223690795
CCOCC(COC1CCOC1)(COC1CCOC1)OC(=O)OC1CCOC1,fom1,D-MPNN,1,46.09330437492509
CCCC(=O)OC(COC(=O)COC)COC(C)COCC,fom1,D-MPNN,1,56.48084982838436
CCCC(=O)OCC(OC(=O)CCC)C(=O)COC(C)C,fom1,D-MPNN,1,59.69048784714066
CCCC(=O)OCC(COC(=O)CCC)OC(=O)CCC,fom1,D-MPNN,1,58.489491698434186
CCCCCOCCOCCOC,fom1,D-MPNN,2,93.71942804231662
COCCOC(=O)OC1CCCC1,fom1,D-MPNN,2,78.97107596611333
CCCOC(=O)OCCOCCOCC,fom1,D-MPNN,2,84.03705318490252
CCCCOC(=O)OCCOCCOC,fom1,D-MPNN,2,83.06232056068019
CCCOC(CC)COCCOCCOC,fom1,D-MPNN,2,80.64362243255617
CCCCOCCOCCOC(C)COCC,fom1,D-MPNN,2,77.7438075928242
CCCOCCOCCOC(=O)OCCC,fom1,D-MPNN,2,79.60778451594447
CCCCOC(=O)OCCOCCOCC,fom1,D-MPNN,2,80.37790392753965
CCCCOCCOCCOC(=O)OCC,fom1,D-MPNN,2,81.28700767670017
CCCOC(=O)OCCOCCOCCOC,fom1,D-MPNN,2,79.73707384462631
CCOC(=O)OCCCCOCCOCCOC,fom1,D-MPNN,2,78.00255138246034
CCCOC(=O)OCCOCCOCCOCC,fom1,D-MPNN,2,77.32095057770472
CC(=O)OCCOCCOCCOC(C)=O,fom1,D-MPNN,2,76.22036605170356
CCCOC(=O)OCCCCOC1COCC1OCCC,fom1,D-MPNN,2,65.56647195500402
CCCCOC(=O)OCCCCOC1COCC1OCC,fom1,D-MPNN,2,66.07388517815417
CCCOC(=O)OCCOCCOCC1CC(OCC)CO1,fom1,D-MPNN,2,66.16283165888879
CCCCOC(=O)COCCCOC(=O)CC1CCCO1,fom1,D-MPNN,2,59.42423281857806
CCCOC(COCC)(COC(=O)OCC)COC1CCOC1,fom1,D-MPNN,2,55.93502912026524
CCCOC(=O)OC(COCC)(COCC)COC1CCOC1,fom1,D-MPNN,2,56.16400559343846
CCCCOC(COC)(COC(=O)OCC)COC1CCOC1,fom1,D-MPNN,2,53.98399247020527
CC(C)OCC(COCC1CCCO1)OC(=O)OC(C)C,fom1,D-MPNN,2,52.76707159673931
CCCOC(COC(=O)OC)C(COC1CCOC1)OCCC,fom1,D-MPNN,2,57.217423011754086
CCOC(=O)OCC(COCC(C)C)OCC1CCCO1,fom1,D-MPNN,2,55.75735444922984
CCOCC(OCC)C(COC(COC)C1CCCO1)OCC1CCCO1,fom1,D-MPNN,2,54.23898934645396
CCOCC(COC1CCOC1)(COC1CCOC1)OC(=O)OC1CCOC1,fom1,D-MPNN,2,54.118003245149914
CCCC(=O)OC(COC(=O)COC)COC(C)COCC,fom1,D-MPNN,2,58.776608547208355
CCCC(=O)OCC(OC(=O)CCC)C(=O)COC(C)C,fom1,D-MPNN,2,60.95122863152319
CCCC(=O)OCC(COC(=O)CCC)OC(=O)CCC,fom1,D-MPNN,2,59.97430835811412
CCCCCOCCOCCOC,fom1,D-MPNN,3,93.2201860197549
COCCOC(=O)OC1CCCC1,fom1,D-MPNN,3,81.22090237847766
CCCOC(=O)OCCOCCOCC,fom1,D-MPNN,3,89.70085192126484
CCCCOC(=O)OCCOCCOC,fom1,D-MPNN,3,84.5825171104949
CCCOC(CC)COCCOCCOC,fom1,D-MPNN,3,75.0393567735294
CCCCOCCOCCOC(C)COCC,fom1,D-MPNN,3,75.93925368847835
CCCOCCOCCOC(=O)OCCC,fom1,D-MPNN,3,82.00677480465055
CCCCOC(=O)OCCOCCOCC,fom1,D-MPNN,3,83.73911983577166
CCCCOCCOCCOC(=O)OCC,fom1,D-MPNN,3,82.85482534252606
CCCOC(=O)OCCOCCOCCOC,fom1,D-MPNN,3,79.1152390897739
CCOC(=O)OCCCCOCCOCCOC,fom1,D-MPNN,3,75.70831309001713
CCCOC(=O)OCCOCCOCCOCC,fom1,D-MPNN,3,78.4734638446938
CC(=O)OCCOCCOCCOC(C)=O,fom1,D-MPNN,3,80.69514261543381
CCCOC(=O)OCCCCOC1COCC1OCCC,fom1,D-MPNN,3,64.33479712542294
CCCCOC(=O)OCCCCOC1COCC1OCC,fom1,D-MPNN,3,65.54349791878911
CCCOC(=O)OCCOCCOCC1CC(OCC)CO1,fom1,D-MPNN,3,65.19858675412209
CCCCOC(=O)COCCCOC(=O)CC1CCCO1,fom1,D-MPNN,3,59.60228337891187
CCCOC(COCC)(COC(=O)OCC)COC1CCOC1,fom1,D-MPNN,3,52.81729524499076
CCCOC(=O)OC(COCC)(COCC)COC1CCOC1,fom1,D-MPNN,3,50.2757589771485
CCCCOC(COC)(COC(=O)OCC)COC1CCOC1,fom1,D-MPNN,3,52.894221871948616
CC(C)OCC(COCC1CCCO1)OC(=O)OC(C)C,fom1,D-MPNN,3,54.14758474062018
CCCOC(COC(=O)OC)C(COC1CCOC1)OCCC,fom1,D-MPNN,3,55.794605563752896
CCOC(=O)OCC(COCC(C)C)OCC1CCCO1,fom1,D-MPNN,3,57.46814665814775
CCOCC(OCC)C(COC(COC)C1CCCO1)OCC1CCCO1,fom1,D-MPNN,3,52.29732662853067
CCOCC(COC1CCOC1)(COC1CCOC1)OC(=O)OC1CCOC1,fom1,D-MPNN,3,47.99096053217484
CCCC(=O)OC(COC(=O)COC)COC(C)COCC,fom1,D-MPNN,3,63.243636426282315
CCCC(=O)OCC(OC(=O)CCC)C(=O)COC(C)C,fom1,D-MPNN,3,65.7789431413567
CCCC(=O)OCC(COC(=O)CCC)OC(=O)CCC,fom1,D-MPNN,3,67.9634080210742
CCCCCOCCOCCOC,fom1,D-MPNN,4,92.94172472520398
COCCOC(=O)OC1CCCC1,fom1,D-MPNN,4,77.40453237690912
CCCOC(=O)OCCOCCOCC,fom1,D-MPNN,4,85.36233843819818
CCCCOC(=O)OCCOCCOC,fom1,D-MPNN,4,83.25805128249054
CCCOC(CC)COCCOCCOC,fom1,D-MPNN,4,82.33326643840469
CCCCOCCOCCOC(C)COCC,fom1,D-MPNN,4,78.01848714883194
CCCOCCOCCOC(=O)OCCC,fom1,D-MPNN,4,80.35228968119131
CCCCOC(=O)OCCOCCOCC,fom1,D-MPNN,4,80.73952309880468
CCCCOCCOCCOC(=O)OCC,fom1,D-MPNN,4,81.42108791856526
CCCOC(=O)OCCOCCOCCOC,fom1,D-MPNN,4,79.51082160951215
CCOC(=O)OCCCCOCCOCCOC,fom1,D-MPNN,4,76.97486613393274
CCCOC(=O)OCCOCCOCCOCC,fom1,D-MPNN,4,76.9967665171721
CC(=O)OCCOCCOCCOC(C)=O,fom1,D-MPNN,4,82.24411773035138
CCCOC(=O)OCCCCOC1COCC1OCCC,fom1,D-MPNN,4,56.37286943087847
CCCCOC(=O)OCCCCOC1COCC1OCC,fom1,D-MPNN,4,57.494451846979686
CCCOC(=O)OCCOCCOCC1CC(OCC)CO1,fom1,D-MPNN,4,63.06235309517421
CCCCOC(=O)COCCCOC(=O)CC1CCCO1,fom1,D-MPNN,4,57.98031863548727
CCCOC(COCC)(COC(=O)OCC)COC1CCOC1,fom1,D-MPNN,4,53.7328219613257
CCCOC(=O)OC(COCC)(COCC)COC1CCOC1,fom1,D-MPNN,4,53.24509237246336
CCCCOC(COC)(COC(=O)OCC)COC1CCOC1,fom1,D-MPNN,4,53.987617043932076
CC(C)OCC(COCC1CCCO1)OC(=O)OC(C)C,fom1,D-MPNN,4,54.1416067338645
CCCOC(COC(=O)OC)C(COC1CCOC1)OCCC,fom1,D-MPNN,4,51.91328574607845
CCOC(=O)OCC(COCC(C)C)OCC1CCCO1,fom1,D-MPNN,4,53.81084134066487
CCOCC(OCC)C(COC(COC)C1CCCO1)OCC1CCCO1,fom1,D-MPNN,4,51.82752355855354
CCOCC(COC1CCOC1)(COC1CCOC1)OC(=O)OC1CCOC1,fom1,D-MPNN,4,50.72292430549065
CCCC(=O)OC(COC(=O)COC)COC(C)COCC,fom1,D-MPNN,4,59.162755738658475
CCCC(=O)OCC(OC(=O)CCC)C(=O)COC(C)C,fom1,D-MPNN,4,59.78981958946619
CCCC(=O)OCC(COC(=O)CCC)OC(=O)CCC,fom1,D-MPNN,4,63.335566666214
CCCCCOCCOCCOC,fom1,Uni-Mol,0,93.55903766973219
COCCOC(=O)OC1CCCC1,fom1,Uni-Mol,0,75.47651350785141
CCCOC(=O)OCCOCCOCC,fom1,Uni-Mol,0,86.31343593975598
CCCCOC(=O)OCCOCCOC,fom1,Uni-Mol,0,85.06685502032263
CCCOC(CC)COCCOCCOC,fom1,Uni-Mol,0,77.62587110687573
CCCCOCCOCCOC(C)COCC,fom1,Uni-Mol,0,74.54852907431959
CCCOCCOCCOC(=O)OCCC,fom1,Uni-Mol,0,81.8716143273607
CCCCOC(=O)OCCOCCOCC,fom1,Uni-Mol,0,80.73914203991826
CCCCOCCOCCOC(=O)OCC,fom1,Uni-Mol,0,84.10796375453045
CCCOC(=O)OCCOCCOCCOC,fom1,Uni-Mol,0,84.42746033719268
CCOC(=O)OCCCCOCCOCCOC,fom1,Uni-Mol,0,77.75400969057414
CCCOC(=O)OCCOCCOCCOCC,fom1,Uni-Mol,0,79.11574829098258
CC(=O)OCCOCCOCCOC(C)=O,fom1,Uni-Mol,0,74.41136495892877
CCCOC(=O)OCCCCOC1COCC1OCCC,fom1,Uni-Mol,0,65.16395384877853
CCCCOC(=O)OCCCCOC1COCC1OCC,fom1,Uni-Mol,0,62.935366641822114
CCCOC(=O)OCCOCCOCC1CC(OCC)CO1,fom1,Uni-Mol,0,62.42838052656127
CCCCOC(=O)COCCCOC(=O)CC1CCCO1,fom1,Uni-Mol,0,61.29040040168431
CCCOC(COCC)(COC(=O)OCC)COC1CCOC1,fom1,Uni-Mol,0,55.40837097142075
CCCOC(=O)OC(COCC)(COCC)COC1CCOC1,fom1,Uni-Mol,0,53.60317490871332
CCCCOC(COC)(COC(=O)OCC)COC1CCOC1,fom1,Uni-Mol,0,53.78955140069726
CC(C)OCC(COCC1CCCO1)OC(=O)OC(C)C,fom1,Uni-Mol,0,63.74848431565405
CCCOC(COC(=O)OC)C(COC1CCOC1)OCCC,fom1,Uni-Mol,0,59.76544762485468
CCOC(=O)OCC(COCC(C)C)OCC1CCCO1,fom1,Uni-Mol,0,63.40913987531317
CCOCC(OCC)C(COC(COC)C1CCCO1)OCC1CCCO1,fom1,Uni-Mol,0,55.32341167960622
CCOCC(COC1CCOC1)(COC1CCOC1)OC(=O)OC1CCOC1,fom1,Uni-Mol,0,51.89392122763798
CCCC(=O)OC(COC(=O)COC)COC(C)COCC,fom1,Uni-Mol,0,62.47542895574137
CCCC(=O)OCC(OC(=O)CCC)C(=O)COC(C)C,fom1,Uni-Mol,0,62.830699906541334
CCCC(=O)OCC(COC(=O)CCC)OC(=O)CCC,fom1,Uni-Mol,0,67.94310590710255
CCCCCOCCOCCOC,fom1,Uni-Mol,1,92.20918849621664
COCCOC(=O)OC1CCCC1,fom1,Uni-Mol,1,75.52754764214659
CCCOC(=O)OCCOCCOCC,fom1,Uni-Mol,1,87.24649782425374
CCCCOC(=O)OCCOCCOC,fom1,Uni-Mol,1,85.35663182583916
CCCOC(CC)COCCOCCOC,fom1,Uni-Mol,1,80.06507504848534
CCCCOCCOCCOC(C)COCC,fom1,Uni-Mol,1,75.74000171348224
CCCOCCOCCOC(=O)OCCC,fom1,Uni-Mol,1,77.06479421682769
CCCCOC(=O)OCCOCCOCC,fom1,Uni-Mol,1,78.34069410081301
CCCCOCCOCCOC(=O)OCC,fom1,Uni-Mol,1,82.78968568961582
CCCOC(=O)OCCOCCOCCOC,fom1,Uni-Mol,1,85.64920222873698
CCOC(=O)OCCCCOCCOCCOC,fom1,Uni-Mol,1,78.97360966384286
CCCOC(=O)OCCOCCOCCOCC,fom1,Uni-Mol,1,81.95950555913356
CC(=O)OCCOCCOCCOC(C)=O,fom1,Uni-Mol,1,74.69900833508753
CCCOC(=O)OCCCCOC1COCC1OCCC,fom1,Uni-Mol,1,66.78490893999215
CCCCOC(=O)OCCCCOC1COCC1OCC,fom1,Uni-Mol,1,65.84856059296646
CCCOC(=O)OCCOCCOCC1CC(OCC)CO1,fom1,Uni-Mol,1,69.50696896364299
CCCCOC(=O)COCCCOC(=O)CC1CCCO1,fom1,Uni-Mol,1,60.622289950768526
CCCOC(COCC)(COC(=O)OCC)COC1CCOC1,fom1,Uni-Mol,1,56.50584291378742
CCCOC(=O)OC(COCC)(COCC)COC1CCOC1,fom1,Uni-Mol,1,53.42786460768811
CCCCOC(COC)(COC(=O)OCC)COC1CCOC1,fom1,Uni-Mol,1,53.59514313966244
CC(C)OCC(COCC1CCCO1)OC(=O)OC(C)C,fom1,Uni-Mol,1,61.72520921845041
CCCOC(COC(=O)OC)C(COC1CCOC1)OCCC,fom1,Uni-Mol,1,57.23871849484017
CCOC(=O)OCC(COCC(C)C)OCC1CCCO1,fom1,Uni-Mol,1,62.03283474045591
CCOCC(OCC)C(COC(COC)C1CCCO1)OCC1CCCO1,fom1,Uni-Mol,1,55.22705037377806
CCOCC(COC1CCOC1)(COC1CCOC1)OC(=O)OC1CCOC1,fom1,Uni-Mol,1,51.48496275143218
CCCC(=O)OC(COC(=O)COC)COC(C)COCC,fom1,Uni-Mol,1,62.274801134106795
CCCC(=O)OCC(OC(=O)CCC)C(=O)COC(C)C,fom1,Uni-Mol,1,60.438065013427035
CCCC(=O)OCC(COC(=O)CCC)OC(=O)CCC,fom1,Uni-Mol,1,65.49202679766968
CCCCCOCCOCCOC,fom1,Uni-Mol,2,92.46358610761283
COCCOC(=O)OC1CCCC1,fom1,Uni-Mol,2,75.61817236383746
CCCOC(=O)OCCOCCOCC,fom1,Uni-Mol,2,86.35470527185961
CCCCOC(=O)OCCOCCOC,fom1,Uni-Mol,2,85.67399631100056
CCCOC(CC)COCCOCCOC,fom1,Uni-Mol,2,74.32116200808788
CCCCOCCOCCOC(C)COCC,fom1,Uni-Mol,2,73.75354131565538
CCCOCCOCCOC(=O)OCCC,fom1,Uni-Mol,2,80.36962736585981
CCCCOC(=O)OCCOCCOCC,fom1,Uni-Mol,2,78.63705926977826
CCCCOCCOCCOC(=O)OCC,fom1,Uni-Mol,2,82.40938983365707
CCCOC(=O)OCCOCCOCCOC,fom1,Uni-Mol,2,83.03552322214598
CCOC(=O)OCCCCOCCOCCOC,fom1,Uni-Mol,2,77.35164846685072
CCCOC(=O)OCCOCCOCCOCC,fom1,Uni-Mol,2,79.34858435701722
CC(=O)OCCOCCOCCOC(C)=O,fom1,Uni-Mol,2,74.57886766359303
CCCOC(=O)OCCCCOC1COCC1OCCC,fom1,Uni-Mol,2,63.46681336490375
CCCCOC(=O)OCCCCOC1COCC1OCC,fom1,Uni-Mol,2,64.05408878327619
CCCOC(=O)OCCOCCOCC1CC(OCC)CO1,fom1,Uni-Mol,2,66.61007687355135
CCCCOC(=O)COCCCOC(=O)CC1CCCO1,fom1,Uni-Mol,2,60.74273415633988
CCCOC(COCC)(COC(=O)OCC)COC1CCOC1,fom1,Uni-Mol,2,52.97967814223695
CCCOC(=O)OC(COCC)(COCC)COC1CCOC1,fom1,Uni-Mol,2,52.40387660488014
CCCCOC(COC)(COC(=O)OCC)COC1CCOC1,fom1,Uni-Mol,2,51.37206341290734
CC(C)OCC(COCC1CCCO1)OC(=O)OC(C)C,fom1,Uni-Mol,2,60.475721847832716
CCCOC(COC(=O)OC)C(COC1CCOC1)OCCC,fom1,Uni-Mol,2,54.925539192606394
CCOC(=O)OCC(COCC(C)C)OCC1CCCO1,fom1,Uni-Mol,2,60.510820612092026
CCOCC(OCC)C(COC(COC)C1CCCO1)OCC1CCCO1,fom1,Uni-Mol,2,51.554733695851986
CCOCC(COC1CCOC1)(COC1CCOC1)OC(=O)OC1CCOC1,fom1,Uni-Mol,2,50.76724197982149
CCCC(=O)OC(COC(=O)COC)COC(C)COCC,fom1,Uni-Mol,2,59.48881530898934
CCCC(=O)OCC(OC(=O)CCC)C(=O)COC(C)C,fom1,Uni-Mol,2,60.05848295685887
CCCC(=O)OCC(COC(=O)CCC)OC(=O)CCC,fom1,Uni-Mol,2,68.62007498487723
CCCCCOCCOCCOC,fom1,Uni-Mol,3,90.16195183182734
COCCOC(=O)OC1CCCC1,fom1,Uni-Mol,3,78.26461143006453
CCCOC(=O)OCCOCCOCC,fom1,Uni-Mol,3,84.2271165493912
CCCCOC(=O)OCCOCCOC,fom1,Uni-Mol,3,82.7773008539592
CCCOC(CC)COCCOCCOC,fom1,Uni-Mol,3,73.6103490198552
CCCCOCCOCCOC(C)COCC,fom1,Uni-Mol,3,73.48085456306995
CCCOCCOCCOC(=O)OCCC,fom1,Uni-Mol,3,78.28619606258498
CCCCOC(=O)OCCOCCOCC,fom1,Uni-Mol,3,79.43633112859334
CCCCOCCOCCOC(=O)OCC,fom1,Uni-Mol,3,81.58057557622408
CCCOC(=O)OCCOCCOCCOC,fom1,Uni-Mol,3,76.73490514293005
CCOC(=O)OCCCCOCCOCCOC,fom1,Uni-Mol,3,74.28109049447642
CCCOC(=O)OCCOCCOCCOCC,fom1,Uni-Mol,3,74.88220077294685
CC(=O)OCCOCCOCCOC(C)=O,fom1,Uni-Mol,3,79.0402200312625
CCCOC(=O)OCCCCOC1COCC1OCCC,fom1,Uni-Mol,3,62.39808226651595
CCCCOC(=O)OCCCCOC1COCC1OCC,fom1,Uni-Mol,3,64.00559126612687
CCCOC(=O)OCCOCCOCC1CC(OCC)CO1,fom1,Uni-Mol,3,63.94567054446963
CCCCOC(=O)COCCCOC(=O)CC1CCCO1,fom1,Uni-Mol,3,59.188008885833064
CCCOC(COCC)(COC(=O)OCC)COC1CCOC1,fom1,Uni-Mol,3,55.678908251274365
CCCOC(=O)OC(COCC)(COCC)COC1CCOC1,fom1,Uni-Mol,3,54.49566834050139
CCCCOC(COC)(COC(=O)OCC)COC1CCOC1,fom1,Uni-Mol,3,55.03166925076004
CC(C)OCC(COCC1CCCO1)OC(=O)OC(C)C,fom1,Uni-Mol,3,61.66649404491742
CCCOC(COC(=O)OC)C(COC1CCOC1)OCCC,fom1,Uni-Mol,3,58.824250992373116
CCOC(=O)OCC(COCC(C)C)OCC1CCCO1,fom1,Uni-Mol,3,62.331942092095105
CCOCC(OCC)C(COC(COC)C1CCCO1)OCC1CCCO1,fom1,Uni-Mol,3,54.86823371577375
CCOCC(COC1CCOC1)(COC1CCOC1)OC(=O)OC1CCOC1,fom1,Uni-Mol,3,51.704894618561724
CCCC(=O)OC(COC(=O)COC)COC(C)COCC,fom1,Uni-Mol,3,62.91284089633656
CCCC(=O)OCC(OC(=O)CCC)C(=O)COC(C)C,fom1,Uni-Mol,3,61.69790759609708
CCCC(=O)OCC(COC(=O)CCC)OC(=O)CCC,fom1,Uni-Mol,3,68.82490513181062
CCCCCOCCOCCOC,fom1,Uni-Mol,4,92.6447476796094
COCCOC(=O)OC1CCCC1,fom1,Uni-Mol,4,77.13868196402694
CCCOC(=O)OCCOCCOCC,fom1,Uni-Mol,4,79.78627436001288
CCCCOC(=O)OCCOCCOC,fom1,Uni-Mol,4,85.80179823192945
CCCOC(CC)COCCOCCOC,fom1,Uni-Mol,4,76.76460139365999
CCCCOCCOCCOC(C)COCC,fom1,Uni-Mol,4,72.66411131248096
CCCOCCOCCOC(=O)OCCC,fom1,Uni-Mol,4,77.44293711324416
CCCCOC(=O)OCCOCCOCC,fom1,Uni-Mol,4,76.85698804760452
CCCCOCCOCCOC(=O)OCC,fom1,Uni-Mol,4,83.4238265279946
CCCOC(=O)OCCOCCOCCOC,fom1,Uni-Mol,4,82.71919648340094
CCOC(=O)OCCCCOCCOCCOC,fom1,Uni-Mol,4,77.40015802608453
CCCOC(=O)OCCOCCOCCOCC,fom1,Uni-Mol,4,80.07794813222122
CC(=O)OCCOCCOCCOC(C)=O,fom1,Uni-Mol,4,74.50862464144497
CCCOC(=O)OCCCCOC1COCC1OCCC,fom1,Uni-Mol,4,66.31814008067153
CCCCOC(=O)OCCCCOC1COCC1OCC,fom1,Uni-Mol,4,65.1436706738104
CCCOC(=O)OCCOCCOCC1CC(OCC)CO1,fom1,Uni-Mol,4,64.65554210459752
CCCCOC(=O)COCCCOC(=O)CC1CCCO1,fom1,Uni-Mol,4,58.10278177460167
CCCOC(COCC)(COC(=O)OCC)COC1CCOC1,fom1,Uni-Mol,4,55.54199491810583
CCCOC(=O)OC(COCC)(COCC)COC1CCOC1,fom1,Uni-Mol,4,55.64645858576334
CCCCOC(COC)(COC(=O)OCC)COC1CCOC1,fom1,Uni-Mol,4,55.61670013286249
CC(C)OCC(COCC1CCCO1)OC(=O)OC(C)C,fom1,Uni-Mol,4,60.84966887511089
CCCOC(COC(=O)OC)C(COC1CCOC1)OCCC,fom1,Uni-Mol,4,57.57289042701259
CCOC(=O)OCC(COCC(C)C)OCC1CCCO1,fom1,Uni-Mol,4,63.89617077187168
CCOCC(OCC)C(COC(COC)C1CCCO1)OCC1CCCO1,fom1,Uni-Mol,4,55.86957665001576
CCOCC(COC1CCOC1)(COC1CCOC1)OC(=O)OC1CCOC1,fom1,Uni-Mol,4,49.70244481463518
CCCC(=O)OC(COC(=O)COC)COC(C)COCC,fom1,Uni-Mol,4,63.11264858163872
CCCC(=O)OCC(OC(=O)CCC)C(=O)COC(C)C,fom1,Uni-Mol,4,61.68358871590329
CCCC(=O)OCC(COC(=O)CCC)OC(=O)CCC,fom1,Uni-Mol,4,68.42753100632537
CCCCCOCCOCCOC,bp,XGBoost,0,218.19427490234375
COCCOC(=O)OC1CCCC1,bp,XGBoost,0,243.28378295898438
CCCOC(=O)OCCOCCOCC,bp,XGBoost,0,259.17181396484375
CCCCOC(=O)OCCOCCOC,bp,XGBoost,0,263.2514953613281
CCCOC(CC)COCCOCCOC,bp,XGBoost,0,306.41552734375
CCCCOCCOCCOC(C)COCC,bp,XGBoost,0,355.5611267089844
CCCOCCOCCOC(=O)OCCC,bp,XGBoost,0,277.7765808105469
CCCCOC(=O)OCCOCCOCC,bp,XGBoost,0,278.4711608886719
CCCCOCCOCCOC(=O)OCC,bp,XGBoost,0,277.71337890625
CCCOC(=O)OCCOCCOCCOC,bp,XGBoost,0,299.803466796875
CCOC(=O)OCCCCOCCOCCOC,bp,XGBoost,0,319.7537841796875
CCCOC(=O)OCCOCCOCCOCC,bp,XGBoost,0,304.66552734375
CC(=O)OCCOCCOCCOC(C)=O,bp,XGBoost,0,285.68756103515625
CCCOC(=O)OCCCCOC1COCC1OCCC,bp,XGBoost,0,296.03106689453125
CCCCOC(=O)OCCCCOC1COCC1OCC,bp,XGBoost,0,296.21533203125
CCCOC(=O)OCCOCCOCC1CC(OCC)CO1,bp,XGBoost,0,294.69012451171875
CCCCOC(=O)COCCCOC(=O)CC1CCCO1,bp,XGBoost,0,311.2166442871094
CCCOC(COCC)(COC(=O)OCC)COC1CCOC1,bp,XGBoost,0,359.04095458984375
CCCOC(=O)OC(COCC)(COCC)COC1CCOC1,bp,XGBoost,0,333.0535583496094
CCCCOC(COC)(COC(=O)OCC)COC1CCOC1,bp,XGBoost,0,352.51568603515625
CC(C)OCC(COCC1CCCO1)OC(=O)OC(C)C,bp,XGBoost,0,295.2747497558594
CCCOC(COC(=O)OC)C(COC1CCOC1)OCCC,bp,XGBoost,0,351.67523193359375
CCOC(=O)OCC(COCC(C)C)OCC1CCCO1,bp,XGBoost,0,296.0383605957031
CCOCC(OCC)C(COC(COC)C1CCCO1)OCC1CCCO1,bp,XGBoost,0,472.1781005859375
CCOCC(COC1CCOC1)(COC1CCOC1)OC(=O)OC1CCOC1,bp,XGBoost,0,468.67431640625
CCCC(=O)OC(COC(=O)COC)COC(C)COCC,bp,XGBoost,0,292.0723571777344
CCCC(=O)OCC(OC(=O)CCC)C(=O)COC(C)C,bp,XGBoost,0,286.2887878417969
CCCC(=O)OCC(COC(=O)CCC)OC(=O)CCC,bp,XGBoost,0,297.7490539550781
CCCCCOCCOCCOC,bp,XGBoost,1,263.4801025390625
COCCOC(=O)OC1CCCC1,bp,XGBoost,1,231.12977600097656
CCCOC(=O)OCCOCCOCC,bp,XGBoost,1,271.40069580078125
CCCCOC(=O)OCCOCCOC,bp,XGBoost,1,258.4302673339844
CCCOC(CC)COCCOCCOC,bp,XGBoost,1,295.349853515625
CCCCOCCOCCOC(C)COCC,bp,XGBoost,1,358.9025573730469
CCCOCCOCCOC(=O)OCCC,bp,XGBoost,1,266.6396484375
CCCCOC(=O)OCCOCCOCC,bp,XGBoost,1,265.9683837890625
CCCCOCCOCCOC(=O)OCC,bp,XGBoost,1,263.80865478515625
CCCOC(=O)OCCOCCOCCOC,bp,XGBoost,1,294.7646484375
CCOC(=O)OCCCCOCCOCCOC,bp,XGBoost,1,309.99102783203125
CCCOC(=O)OCCOCCOCCOCC,bp,XGBoost,1,335.6237487792969
CC(=O)OCCOCCOCCOC(C)=O,bp,XGBoost,1,285.98260498046875
CCCOC(=O)OCCCCOC1COCC1OCCC,bp,XGBoost,1,326.1734924316406
CCCCOC(=O)OCCCCOC1COCC1OCC,bp,XGBoost,1,332.8741149902344
CCCOC(=O)OCCOCCOCC1CC(OCC)CO1,bp,XGBoost,1,361.6683044433594
CCCCOC(=O)COCCCOC(=O)CC1CCCO1,bp,XGBoost,1,349.57489013671875
CCCOC(COCC)(COC(=O)OCC)COC1CCOC1,bp,XGBoost,1,349.157470703125
CCCOC(=O)OC(COCC)(COCC)COC1CCOC1,bp,XGBoost,1,358.1227111816406
CCCCOC(COC)(COC(=O)OCC)COC1CCOC1,bp,XGBoost,1,352.1954650878906
CC(C)OCC(COCC1CCCO1)OC(=O)OC(C)C,bp,XGBoost,1,338.33837890625
CCCOC(COC(=O)OC)C(COC1CCOC1)OCCC,bp,XGBoost,1,337.26727294921875
CCOC(=O)OCC(COCC(C)C)OCC1CCCO1,bp,XGBoost,1,320.47930908203125
CCOCC(OCC)C(COC(COC)C1CCCO1)OCC1CCCO1,bp,XGBoost,1,478.6932678222656
CCOCC(COC1CCOC1)(COC1CCOC1)OC(=O)OC1CCOC1,bp,XGBoost,1,442.9168395996094
CCCC(=O)OC(COC(=O)COC)COC(C)COCC,bp,XGBoost,1,340.31524658203125
CCCC(=O)OCC(OC(=O)CCC)C(=O)COC(C)C,bp,XGBoost,1,315.6278381347656
CCCC(=O)OCC(COC(=O)CCC)OC(=O)CCC,bp,XGBoost,1,326.1198425292969
CCCCCOCCOCCOC,bp,XGBoost,2,238.2980499267578
COCCOC(=O)OC1CCCC1,bp,XGBoost,2,239.1329345703125
CCCOC(=O)OCCOCCOCC,bp,XGBoost,2,240.8667449951172
CCCCOC(=O)OCCOCCOC,bp,XGBoost,2,234.29446411132812
CCCOC(CC)COCCOCCOC,bp,XGBoost,2,294.7770690917969
CCCCOCCOCCOC(C)COCC,bp,XGBoost,2,347.7372741699219
CCCOCCOCCOC(=O)OCCC,bp,XGBoost,2,267.4449768066406
CCCCOC(=O)OCCOCCOCC,bp,XGBoost,2,261.65362548828125
CCCCOCCOCCOC(=O)OCC,bp,XGBoost,2,261.1313171386719
CCCOC(=O)OCCOCCOCCOC,bp,XGBoost,2,317.9192810058594
CCOC(=O)OCCCCOCCOCCOC,bp,XGBoost,2,328.92669677734375
CCCOC(=O)OCCOCCOCCOCC,bp,XGBoost,2,327.6490783691406
CC(=O)OCCOCCOCCOC(C)=O,bp,XGBoost,2,285.8415832519531
CCCOC(=O)OCCCCOC1COCC1OCCC,bp,XGBoost,2,349.1763916015625
CCCCOC(=O)OCCCCOC1COCC1OCC,bp,XGBoost,2,350.5799865722656
CCCOC(=O)OCCOCCOCC1CC(OCC)CO1,bp,XGBoost,2,375.7646484375
CCCCOC(=O)COCCCOC(=O)CC1CCCO1,bp,XGBoost,2,344.4566955566406
CCCOC(COCC)(COC(=O)OCC)COC1CCOC1,bp,XGBoost,2,421.3865051269531
CCCOC(=O)OC(COCC)(COCC)COC1CCOC1,bp,XGBoost,2,420.7381591796875
CCCCOC(COC)(COC(=O)OCC)COC1CCOC1,bp,XGBoost,2,373.78826904296875
CC(C)OCC(COCC1CCCO1)OC(=O)OC(C)C,bp,XGBoost,2,345.1963806152344
CCCOC(COC(=O)OC)C(COC1CCOC1)OCCC,bp,XGBoost,2,373.35595703125
CCOC(=O)OCC(COCC(C)C)OCC1CCCO1,bp,XGBoost,2,349.62689208984375
CCOCC(OCC)C(COC(COC)C1CCCO1)OCC1CCCO1,bp,XGBoost,2,476.10198974609375
CCOCC(COC1CCOC1)(COC1CCOC1)OC(=O)OC1CCOC1,bp,XGBoost,2,446.025634765625
CCCC(=O)OC(COC(=O)COC)COC(C)COCC,bp,XGBoost,2,297.99261474609375
CCCC(=O)OCC(OC(=O)CCC)C(=O)COC(C)C,bp,XGBoost,2,296.067626953125
CCCC(=O)OCC(COC(=O)CCC)OC(=O)CCC,bp,XGBoost,2,303.3171081542969
CCCCCOCCOCCOC,bp,XGBoost,3,216.70333862304688
COCCOC(=O)OC1CCCC1,bp,XGBoost,3,221.57408142089844
CCCOC(=O)OCCOCCOCC,bp,XGBoost,3,220.65023803710938
CCCCOC(=O)OCCOCCOC,bp,XGBoost,3,222.5238800048828
CCCOC(CC)COCCOCCOC,bp,XGBoost,3,270.87493896484375
CCCCOCCOCCOC(C)COCC,bp,XGBoost,3,309.5625305175781
CCCOCCOCCOC(=O)OCCC,bp,XGBoost,3,242.18557739257812
CCCCOC(=O)OCCOCCOCC,bp,XGBoost,3,241.9186248779297
CCCCOCCOCCOC(=O)OCC,bp,XGBoost,3,236.07164001464844
CCCOC(=O)OCCOCCOCCOC,bp,XGBoost,3,273.1961669921875
CCOC(=O)OCCCCOCCOCCOC,bp,XGBoost,3,290.4014892578125
CCCOC(=O)OCCOCCOCCOCC,bp,XGBoost,3,294.1335144042969
CC(=O)OCCOCCOCCOC(C)=O,bp,XGBoost,3,282.1315612792969
CCCOC(=O)OCCCCOC1COCC1OCCC,bp,XGBoost,3,336.70526123046875
CCCCOC(=O)OCCCCOC1COCC1OCC,bp,XGBoost,3,346.2333068847656
CCCOC(=O)OCCOCCOCC1CC(OCC)CO1,bp,XGBoost,3,328.4748840332031
CCCCOC(=O)COCCCOC(=O)CC1CCCO1,bp,XGBoost,3,347.2158203125
CCCOC(COCC)(COC(=O)OCC)COC1CCOC1,bp,XGBoost,3,329.31640625
CCCOC(=O)OC(COCC)(COCC)COC1CCOC1,bp,XGBoost,3,316.40692138671875
CCCCOC(COC)(COC(=O)OCC)COC1CCOC1,bp,XGBoost,3,331.9530029296875
CC(C)OCC(COCC1CCCO1)OC(=O)OC(C)C,bp,XGBoost,3,333.0754089355469
CCCOC(COC(=O)OC)C(COC1CCOC1)OCCC,bp,XGBoost,3,327.38446044921875
CCOC(=O)OCC(COCC(C)C)OCC1CCCO1,bp,XGBoost,3,374.0190124511719
CCOCC(OCC)C(COC(COC)C1CCCO1)OCC1CCCO1,bp,XGBoost,3,409.4302978515625
CCOCC(COC1CCOC1)(COC1CCOC1)OC(=O)OC1CCOC1,bp,XGBoost,3,418.6764831542969
CCCC(=O)OC(COC(=O)COC)COC(C)COCC,bp,XGBoost,3,295.4049377441406
CCCC(=O)OCC(OC(=O)CCC)C(=O)COC(C)C,bp,XGBoost,3,317.9389343261719
CCCC(=O)OCC(COC(=O)CCC)OC(=O)CCC,bp,XGBoost,3,329.23870849609375
CCCCCOCCOCCOC,bp,XGBoost,4,220.2864532470703
COCCOC(=O)OC1CCCC1,bp,XGBoost,4,234.04722595214844
CCCOC(=O)OCCOCCOCC,bp,XGBoost,4,253.81219482421875
CCCCOC(=O)OCCOCCOC,bp,XGBoost,4,246.16802978515625
CCCOC(CC)COCCOCCOC,bp,XGBoost,4,276.3193664550781
CCCCOCCOCCOC(C)COCC,bp,XGBoost,4,291.6908874511719
CCCOCCOCCOC(=O)OCCC,bp,XGBoost,4,262.8740234375
CCCCOC(=O)OCCOCCOCC,bp,XGBoost,4,266.07916259765625
CCCCOCCOCCOC(=O)OCC,bp,XGBoost,4,264.05413818359375
CCCOC(=O)OCCOCCOCCOC,bp,XGBoost,4,307.5909729003906
CCOC(=O)OCCCCOCCOCCOC,bp,XGBoost,4,326.4182434082031
CCCOC(=O)OCCOCCOCCOCC,bp,XGBoost,4,315.0594787597656
CC(=O)OCCOCCOCCOC(C)=O,bp,XGBoost,4,285.2201232910156
CCCOC(=O)OCCCCOC1COCC1OCCC,bp,XGBoost,4,312.874755859375
CCCCOC(=O)OCCCCOC1COCC1OCC,bp,XGBoost,4,317.6731262207031
CCCOC(=O)OCCOCCOCC1CC(OCC)CO1,bp,XGBoost,4,306.76300048828125
CCCCOC(=O)COCCCOC(=O)CC1CCCO1,bp,XGBoost,4,312.900390625
CCCOC(COCC)(COC(=O)OCC)COC1CCOC1,bp,XGBoost,4,325.8345947265625
CCCOC(=O)OC(COCC)(COCC)COC1CCOC1,bp,XGBoost,4,325.9952697753906
CCCCOC(COC)(COC(=O)OCC)COC1CCOC1,bp,XGBoost,4,321.4708557128906
CC(C)OCC(COCC1CCCO1)OC(=O)OC(C)C,bp,XGBoost,4,298.95458984375
CCCOC(COC(=O)OC)C(COC1CCOC1)OCCC,bp,XGBoost,4,320.3641357421875
CCOC(=O)OCC(COCC(C)C)OCC1CCCO1,bp,XGBoost,4,306.0257263183594
CCOCC(OCC)C(COC(COC)C1CCCO1)OCC1CCCO1,bp,XGBoost,4,440.380859375
CCOCC(COC1CCOC1)(COC1CCOC1)OC(=O)OC1CCOC1,bp,XGBoost,4,410.2996520996094
CCCC(=O)OC(COC(=O)COC)COC(C)COCC,bp,XGBoost,4,301.41693115234375
CCCC(=O)OCC(OC(=O)CCC)C(=O)COC(C)C,bp,XGBoost,4,290.9548645019531
CCCC(=O)OCC(COC(=O)CCC)OC(=O)CCC,bp,XGBoost,4,310.48712158203125
CCCCCOCCOCCOC,bp,MLP,0,231.38611540853083
COCCOC(=O)OC1CCCC1,bp,MLP,0,231.67558295121756
CCCOC(=O)OCCOCCOCC,bp,MLP,0,233.3947614978519
CCCCOC(=O)OCCOCCOC,bp,MLP,0,255.43327819546857
CCCOC(CC)COCCOCCOC,bp,MLP,0,364.6261862131138
CCCCOCCOCCOC(C)COCC,bp,MLP,0,357.6748712117175
CCCOCCOCCOC(=O)OCCC,bp,MLP,0,233.73950120351628
CCCCOC(=O)OCCOCCOCC,bp,MLP,0,236.8559169781907
CCCCOCCOCCOC(=O)OCC,bp,MLP,0,237.2406310116131
CCCOC(=O)OCCOCCOCCOC,bp,MLP,0,313.85882974195425
CCOC(=O)OCCCCOCCOCCOC,bp,MLP,0,402.12769733804737
CCCOC(=O)OCCOCCOCCOCC,bp,MLP,0,286.8702160781113
CC(=O)OCCOCCOCCOC(C)=O,bp,MLP,0,283.6928098503238
CCCOC(=O)OCCCCOC1COCC1OCCC,bp,MLP,0,336.2126883754072
CCCCOC(=O)OCCCCOC1COCC1OCC,bp,MLP,0,335.4337295152094
CCCOC(=O)OCCOCCOCC1CC(OCC)CO1,bp,MLP,0,339.64587761852636
CCCCOC(=O)COCCCOC(=O)CC1CCCO1,bp,MLP,0,382.01738672759484
CCCOC(COCC)(COC(=O)OCC)COC1CCOC1,bp,MLP,0,328.5517213388605
CCCOC(=O)OC(COCC)(COCC)COC1CCOC1,bp,MLP,0,376.1090909299485
CCCCOC(COC)(COC(=O)OCC)COC1CCOC1,bp,MLP,0,355.9309222143146
CC(C)OCC(COCC1CCCO1)OC(=O)OC(C)C,bp,MLP,0,334.67068362579096
CCCOC(COC(=O)OC)C(COC1CCOC1)OCCC,bp,MLP,0,328.57049068213263
CCOC(=O)OCC(COCC(C)C)OCC1CCCO1,bp,MLP,0,265.850813910999
CCOCC(OCC)C(COC(COC)C1CCCO1)OCC1CCCO1,bp,MLP,0,451.93500763621216
CCOCC(COC1CCOC1)(COC1CCOC1)OC(=O)OC1CCOC1,bp,MLP,0,363.9987845419025
CCCC(=O)OC(COC(=O)COC)COC(C)COCC,bp,MLP,0,312.4142283844001
CCCC(=O)OCC(OC(=O)CCC)C(=O)COC(C)C,bp,MLP,0,271.4590970661862
CCCC(=O)OCC(COC(=O)CCC)OC(=O)CCC,bp,MLP,0,263.40791663547236
CCCCCOCCOCCOC,bp,MLP,1,234.12124788496158
COCCOC(=O)OC1CCCC1,bp,MLP,1,223.57399688702375
CCCOC(=O)OCCOCCOCC,bp,MLP,1,241.73605689587953
CCCCOC(=O)OCCOCCOC,bp,MLP,1,236.61438249082076
CCCOC(CC)COCCOCCOC,bp,MLP,1,351.3394479542088
CCCCOCCOCCOC(C)COCC,bp,MLP,1,376.06171970783953
CCCOCCOCCOC(=O)OCCC,bp,MLP,1,250.99068603969664
CCCCOC(=O)OCCOCCOCC,bp,MLP,1,249.991461150786
CCCCOCCOCCOC(=O)OCC,bp,MLP,1,255.13103772738233
CCCOC(=O)OCCOCCOCCOC,bp,MLP,1,300.3066568817933
CCOC(=O)OCCCCOCCOCCOC,bp,MLP,1,370.35765820996005
CCCOC(=O)OCCOCCOCCOCC,bp,MLP,1,310.512281177326
CC(=O)OCCOCCOCCOC(C)=O,bp,MLP,1,285.070721975489
CCCOC(=O)OCCCCOC1COCC1OCCC,bp,MLP,1,360.09073718863306
CCCCOC(=O)OCCCCOC1COCC1OCC,bp,MLP,1,361.7881162272713
CCCOC(=O)OCCOCCOCC1CC(OCC)CO1,bp,MLP,1,381.06772879440837
CCCCOC(=O)COCCCOC(=O)CC1CCCO1,bp,MLP,1,394.0343363515252
CCCOC(COCC)(COC(=O)OCC)COC1CCOC1,bp,MLP,1,372.73644411061525
CCCOC(=O)OC(COCC)(COCC)COC1CCOC1,bp,MLP,1,371.9240234877748
CCCCOC(COC)(COC(=O)OCC)COC1CCOC1,bp,MLP,1,390.1923946087074
CC(C)OCC(COCC1CCCO1)OC(=O)OC(C)C,bp,MLP,1,363.3905450451691
CCCOC(COC(=O)OC)C(COC1CCOC1)OCCC,bp,MLP,1,375.1278052704246
CCOC(=O)OCC(COCC(C)C)OCC1CCCO1,bp,MLP,1,314.3058675826252
CCOCC(OCC)C(COC(COC)C1CCCO1)OCC1CCCO1,bp,MLP,1,481.85289779467564
CCOCC(COC1CCOC1)(COC1CCOC1)OC(=O)OC1CCOC1,bp,MLP,1,446.395866397375
CCCC(=O)OC(COC(=O)COC)COC(C)COCC,bp,MLP,1,374.31766349185915
CCCC(=O)OCC(OC(=O)CCC)C(=O)COC(C)C,bp,MLP,1,319.74426755985564
CCCC(=O)OCC(COC(=O)CCC)OC(=O)CCC,bp,MLP,1,297.3429824216926
CCCCCOCCOCCOC,bp,MLP,2,225.62669420468052
COCCOC(=O)OC1CCCC1,bp,MLP,2,243.4209371891054
CCCOC(=O)OCCOCCOCC,bp,MLP,2,255.63513392926674
CCCCOC(=O)OCCOCCOC,bp,MLP,2,262.5546739433108
CCCOC(CC)COCCOCCOC,bp,MLP,2,316.4718353316396
CCCCOCCOCCOC(C)COCC,bp,MLP,2,341.6781294249854
CCCOCCOCCOC(=O)OCCC,bp,MLP,2,271.17768757569434
CCCCOC(=O)OCCOCCOCC,bp,MLP,2,275.70005356332234
CCCCOCCOCCOC(=O)OCC,bp,MLP,2,275.5563715934742
CCCOC(=O)OCCOCCOCCOC,bp,MLP,2,321.6040452580895
CCOC(=O)OCCCCOCCOCCOC,bp,MLP,2,357.20402960971956
CCCOC(=O)OCCOCCOCCOCC,bp,MLP,2,334.25083496096374
CC(=O)OCCOCCOCCOC(C)=O,bp,MLP,2,264.56677730704075
CCCOC(=O)OCCCCOC1COCC1OCCC,bp,MLP,2,329.4613354918408
CCCCOC(=O)OCCCCOC1COCC1OCC,bp,MLP,2,329.79846881988306
CCCOC(=O)OCCOCCOCC1CC(OCC)CO1,bp,MLP,2,359.57614712519967
CCCCOC(=O)COCCCOC(=O)CC1CCCO1,bp,MLP,2,331.9168658706729
CCCOC(COCC)(COC(=O)OCC)COC1CCOC1,bp,MLP,2,389.91504552739616
CCCOC(=O)OC(COCC)(COCC)COC1CCOC1,bp,MLP,2,372.2820606221637
CCCCOC(COC)(COC(=O)OCC)COC1CCOC1,bp,MLP,2,380.4969216127097
CC(C)OCC(COCC1CCCO1)OC(=O)OC(C)C,bp,MLP,2,300.95783077556814
CCCOC(COC(=O)OC)C(COC1CCOC1)OCCC,bp,MLP,2,358.7487693309462
CCOC(=O)OCC(COCC(C)C)OCC1CCCO1,bp,MLP,2,303.38837823481293
CCOCC(OCC)C(COC(COC)C1CCCO1)OCC1CCCO1,bp,MLP,2,503.86374856025907
CCOCC(COC1CCOC1)(COC1CCOC1)OC(=O)OC1CCOC1,bp,MLP,2,515.981596494255
CCCC(=O)OC(COC(=O)COC)COC(C)COCC,bp,MLP,2,312.3707513753994
CCCC(=O)OCC(OC(=O)CCC)C(=O)COC(C)C,bp,MLP,2,296.68357597997584
CCCC(=O)OCC(COC(=O)CCC)OC(=O)CCC,bp,MLP,2,308.01413565442886
CCCCCOCCOCCOC,bp,MLP,3,230.01021065924783
COCCOC(=O)OC1CCCC1,bp,MLP,3,219.5435544566269
CCCOC(=O)OCCOCCOCC,bp,MLP,3,252.40324955853643
CCCCOC(=O)OCCOCCOC,bp,MLP,3,251.7923719471793
CCCOC(CC)COCCOCCOC,bp,MLP,3,265.4050191906821
CCCCOCCOCCOC(C)COCC,bp,MLP,3,274.893323869977
CCCOCCOCCOC(=O)OCCC,bp,MLP,3,259.0879944486047
CCCCOC(=O)OCCOCCOCC,bp,MLP,3,264.1428643082138
CCCCOCCOCCOC(=O)OCC,bp,MLP,3,259.7462192447481
CCCOC(=O)OCCOCCOCCOC,bp,MLP,3,293.3258871841495
CCOC(=O)OCCCCOCCOCCOC,bp,MLP,3,293.6626841750204
CCCOC(=O)OCCOCCOCCOCC,bp,MLP,3,301.8546836097142
CC(=O)OCCOCCOCCOC(C)=O,bp,MLP,3,310.8625329804507
CCCOC(=O)OCCCCOC1COCC1OCCC,bp,MLP,3,306.0450478605425
CCCCOC(=O)OCCCCOC1COCC1OCC,bp,MLP,3,307.32919026552725
CCCOC(=O)OCCOCCOCC1CC(OCC)CO1,bp,MLP,3,326.0241922349187
CCCCOC(=O)COCCCOC(=O)CC1CCCO1,bp,MLP,3,322.1613708888097
CCCOC(COCC)(COC(=O)OCC)COC1CCOC1,bp,MLP,3,334.9526423932774
CCCOC(=O)OC(COCC)(COCC)COC1CCOC1,bp,MLP,3,328.63798924582954
CCCCOC(COC)(COC(=O)OCC)COC1CCOC1,bp,MLP,3,332.3253483555877
CC(C)OCC(COCC1CCCO1)OC(=O)OC(C)C,bp,MLP,3,290.0932515690276
CCCOC(COC(=O)OC)C(COC1CCOC1)OCCC,bp,MLP,3,316.0471494260537
CCOC(=O)OCC(COCC(C)C)OCC1CCCO1,bp,MLP,3,300.5939750465775
CCOCC(OCC)C(COC(COC)C1CCCO1)OCC1CCCO1,bp,MLP,3,363.3592263680165
CCOCC(COC1CCOC1)(COC1CCOC1)OC(=O)OC1CCOC1,bp,MLP,3,362.48639567536407
CCCC(=O)OC(COC(=O)COC)COC(C)COCC,bp,MLP,3,308.3464062911132
CCCC(=O)OCC(OC(=O)CCC)C(=O)COC(C)C,bp,MLP,3,304.62169601455355
CCCC(=O)OCC(COC(=O)CCC)OC(=O)CCC,bp,MLP,3,309.68812075982476
CCCCCOCCOCCOC,bp,MLP,4,218.60162715584408
COCCOC(=O)OC1CCCC1,bp,MLP,4,220.4818098565731
CCCOC(=O)OCCOCCOCC,bp,MLP,4,255.0822865226845
CCCCOC(=O)OCCOCCOC,bp,MLP,4,254.36059087115433
CCCOC(CC)COCCOCCOC,bp,MLP,4,307.77645647285885
CCCCOCCOCCOC(C)COCC,bp,MLP,4,329.9224567389226
CCCOCCOCCOC(=O)OCCC,bp,MLP,4,259.72813711872163
CCCCOC(=O)OCCOCCOCC,bp,MLP,4,264.0885029286211
CCCCOCCOCCOC(=O)OCC,bp,MLP,4,263.25271968639674
CCCOC(=O)OCCOCCOCCOC,bp,MLP,4,305.79138514972766
CCOC(=O)OCCCCOCCOCCOC,bp,MLP,4,320.3909117903497
CCCOC(=O)OCCOCCOCCOCC,bp,MLP,4,311.26385624118143
CC(=O)OCCOCCOCCOC(C)=O,bp,MLP,4,273.60959741643046
CCCOC(=O)OCCCCOC1COCC1OCCC,bp,MLP,4,302.78851038400927
CCCCOC(=O)OCCCCOC1COCC1OCC,bp,MLP,4,304.6135950252449
CCCOC(=O)OCCOCCOCC1CC(OCC)CO1,bp,MLP,4,358.59489026111794
CCCCOC(=O)COCCCOC(=O)CC1CCCO1,bp,MLP,4,306.6735412313024
CCCOC(COCC)(COC(=O)OCC)COC1CCOC1,bp,MLP,4,319.49824515177477
CCCOC(=O)OC(COCC)(COCC)COC1CCOC1,bp,MLP,4,313.25515500911547
CCCCOC(COC)(COC(=O)OCC)COC1CCOC1,bp,MLP,4,317.2961501844917
CC(C)OCC(COCC1CCCO1)OC(=O)OC(C)C,bp,MLP,4,298.0222270865312
CCCOC(COC(=O)OC)C(COC1CCOC1)OCCC,bp,MLP,4,317.50031448626885
CCOC(=O)OCC(COCC(C)C)OCC1CCCO1,bp,MLP,4,295.8030279566012
CCOCC(OCC)C(COC(COC)C1CCCO1)OCC1CCCO1,bp,MLP,4,407.45744980210645
CCOCC(COC1CCOC1)(COC1CCOC1)OC(=O)OC1CCOC1,bp,MLP,4,446.0086929727586
CCCC(=O)OC(COC(=O)COC)COC(C)COCC,bp,MLP,4,302.1520880791376
CCCC(=O)OCC(OC(=O)CCC)C(=O)COC(C)C,bp,MLP,4,280.3859502006691
CCCC(=O)OCC(COC(=O)CCC)OC(=O)CCC,bp,MLP,4,302.8751228911924
CCCCCOCCOCCOC,bp,D-MPNN,0,268.67565454671944
COCCOC(=O)OC1CCCC1,bp,D-MPNN,0,266.759401158853
CCCOC(=O)OCCOCCOCC,bp,D-MPNN,0,278.1186550191495
CCCCOC(=O)OCCOCCOC,bp,D-MPNN,0,308.58938988509806
CCCOC(CC)COCCOCCOC,bp,D-MPNN,0,327.66596676011625
CCCCOCCOCCOC(C)COCC,bp,D-MPNN,0,368.05757505986975
CCCOCCOCCOC(=O)OCCC,bp,D-MPNN,0,279.309206771602
CCCCOC(=O)OCCOCCOCC,bp,D-MPNN,0,299.5130489450165
CCCCOCCOCCOC(=O)OCC,bp,D-MPNN,0,279.7938663587933
CCCOC(=O)OCCOCCOCCOC,bp,D-MPNN,0,362.3872894761973
CCOC(=O)OCCCCOCCOCCOC,bp,D-MPNN,0,392.7739054911688
CCCOC(=O)OCCOCCOCCOCC,bp,D-MPNN,0,344.99420082035726
CC(=O)OCCOCCOCCOC(C)=O,bp,D-MPNN,0,287.2575762303407
CCCOC(=O)OCCCCOC1COCC1OCCC,bp,D-MPNN,0,372.1039098777778
CCCCOC(=O)OCCCCOC1COCC1OCC,bp,D-MPNN,0,377.03990020268026
CCCOC(=O)OCCOCCOCC1CC(OCC)CO1,bp,D-MPNN,0,392.5638368346793
CCCCOC(=O)COCCCOC(=O)CC1CCCO1,bp,D-MPNN,0,324.3094376753504
CCCOC(COCC)(COC(=O)OCC)COC1CCOC1,bp,D-MPNN,0,331.1141126971439
CCCOC(=O)OC(COCC)(COCC)COC1CCOC1,bp,D-MPNN,0,350.3500688321554
CCCCOC(COC)(COC(=O)OCC)COC1CCOC1,bp,D-MPNN,0,347.0733384203411
CC(C)OCC(COCC1CCCO1)OC(=O)OC(C)C,bp,D-MPNN,0,328.18208264355576
CCCOC(COC(=O)OC)C(COC1CCOC1)OCCC,bp,D-MPNN,0,374.6632622664075
CCOC(=O)OCC(COCC(C)C)OCC1CCCO1,bp,D-MPNN,0,332.4690700705616
CCOCC(OCC)C(COC(COC)C1CCCO1)OCC1CCCO1,bp,D-MPNN,0,516.8709985032867
CCOCC(COC1CCOC1)(COC1CCOC1)OC(=O)OC1CCOC1,bp,D-MPNN,0,484.0399509891809
CCCC(=O)OC(COC(=O)COC)COC(C)COCC,bp,D-MPNN,0,364.679652785843
CCCC(=O)OCC(OC(=O)CCC)C(=O)COC(C)C,bp,D-MPNN,0,299.5968562446937
CCCC(=O)OCC(COC(=O)CCC)OC(=O)CCC,bp,D-MPNN,0,288.2425456650225
CCCCCOCCOCCOC,bp,D-MPNN,1,243.70435642417152
COCCOC(=O)OC1CCCC1,bp,D-MPNN,1,240.6524598713084
CCCOC(=O)OCCOCCOCC,bp,D-MPNN,1,286.84774050838274
CCCCOC(=O)OCCOCCOC,bp,D-MPNN,1,270.95526688773754
CCCOC(CC)COCCOCCOC,bp,D-MPNN,1,313.5376410556814
CCCCOCCOCCOC(C)COCC,bp,D-MPNN,1,336.67285692975906
CCCOCCOCCOC(=O)OCCC,bp,D-MPNN,1,305.5192552661682
CCCCOC(=O)OCCOCCOCC,bp,D-MPNN,1,298.6600986899132
CCCCOCCOCCOC(=O)OCC,bp,D-MPNN,1,308.1192369177753
CCCOC(=O)OCCOCCOCCOC,bp,D-MPNN,1,361.6299981784453
CCOC(=O)OCCCCOCCOCCOC,bp,D-MPNN,1,359.5333112726278
CCCOC(=O)OCCOCCOCCOCC,bp,D-MPNN,1,415.6278822998345
CC(=O)OCCOCCOCCOC(C)=O,bp,D-MPNN,1,319.70858961963427
CCCOC(=O)OCCCCOC1COCC1OCCC,bp,D-MPNN,1,332.2159676682825
CCCCOC(=O)OCCCCOC1COCC1OCC,bp,D-MPNN,1,328.75468265387394
CCCOC(=O)OCCOCCOCC1CC(OCC)CO1,bp,D-MPNN,1,458.34184364552414
CCCCOC(=O)COCCCOC(=O)CC1CCCO1,bp,D-MPNN,1,360.271038158818
CCCOC(COCC)(COC(=O)OCC)COC1CCOC1,bp,D-MPNN,1,349.798498584561
CCCOC(=O)OC(COCC)(COCC)COC1CCOC1,bp,D-MPNN,1,355.5422967002953
CCCCOC(COC)(COC(=O)OCC)COC1CCOC1,bp,D-MPNN,1,367.4872703587153
CC(C)OCC(COCC1CCCO1)OC(=O)OC(C)C,bp,D-MPNN,1,332.9253435946655
CCCOC(COC(=O)OC)C(COC1CCOC1)OCCC,bp,D-MPNN,1,358.67311145037087
CCOC(=O)OCC(COCC(C)C)OCC1CCCO1,bp,D-MPNN,1,348.1855637247086
CCOCC(OCC)C(COC(COC)C1CCCO1)OCC1CCCO1,bp,D-MPNN,1,400.2844150839885
CCOCC(COC1CCOC1)(COC1CCOC1)OC(=O)OC1CCOC1,bp,D-MPNN,1,478.3570995956095
CCCC(=O)OC(COC(=O)COC)COC(C)COCC,bp,D-MPNN,1,342.89352501133544
CCCC(=O)OCC(OC(=O)CCC)C(=O)COC(C)C,bp,D-MPNN,1,292.13136221705736
CCCC(=O)OCC(COC(=O)CCC)OC(=O)CCC,bp,D-MPNN,1,308.3319594060093
CCCCCOCCOCCOC,bp,D-MPNN,2,299.1414952096925
COCCOC(=O)OC1CCCC1,bp,D-MPNN,2,265.1060631971209
CCCOC(=O)OCCOCCOCC,bp,D-MPNN,2,251.0358272694421
CCCCOC(=O)OCCOCCOC,bp,D-MPNN,2,293.4703405393291
CCCOC(CC)COCCOCCOC,bp,D-MPNN,2,372.64979872731885
CCCCOCCOCCOC(C)COCC,bp,D-MPNN,2,311.8306850918032
CCCOCCOCCOC(=O)OCCC,bp,D-MPNN,2,256.5433374494537
CCCCOC(=O)OCCOCCOCC,bp,D-MPNN,2,265.9737892412434
CCCCOCCOCCOC(=O)OCC,bp,D-MPNN,2,263.32554893236176
CCCOC(=O)OCCOCCOCCOC,bp,D-MPNN,2,344.1266572738823
CCOC(=O)OCCCCOCCOCCOC,bp,D-MPNN,2,402.88907136234457
CCCOC(=O)OCCOCCOCCOCC,bp,D-MPNN,2,309.5582852679668
CC(=O)OCCOCCOCCOC(C)=O,bp,D-MPNN,2,277.14889996198855
CCCOC(=O)OCCCCOC1COCC1OCCC,bp,D-MPNN,2,352.168570934783
CCCCOC(=O)OCCCCOC1COCC1OCC,bp,D-MPNN,2,363.9999344942929
CCCOC(=O)OCCOCCOCC1CC(OCC)CO1,bp,D-MPNN,2,377.5334619545743
CCCCOC(=O)COCCCOC(=O)CC1CCCO1,bp,D-MPNN,2,335.04375748796565
CCCOC(COCC)(COC(=O)OCC)COC1CCOC1,bp,D-MPNN,2,329.5926797084315
CCCOC(=O)OC(COCC)(COCC)COC1CCOC1,bp,D-MPNN,2,330.4688598954044
CCCCOC(COC)(COC(=O)OCC)COC1CCOC1,bp,D-MPNN,2,360.76125006947154
CC(C)OCC(COCC1CCCO1)OC(=O)OC(C)C,bp,D-MPNN,2,350.57148564915724
CCCOC(COC(=O)OC)C(COC1CCOC1)OCCC,bp,D-MPNN,2,335.5872452208563
CCOC(=O)OCC(COCC(C)C)OCC1CCCO1,bp,D-MPNN,2,317.97559078604934
CCOCC(OCC)C(COC(COC)C1CCCO1)OCC1CCCO1,bp,D-MPNN,2,512.9397992109702
CCOCC(COC1CCOC1)(COC1CCOC1)OC(=O)OC1CCOC1,bp,D-MPNN,2,471.0876647249876
CCCC(=O)OC(COC(=O)COC)COC(C)COCC,bp,D-MPNN,2,361.2918272894008
CCCC(=O)OCC(OC(=O)CCC)C(=O)COC(C)C,bp,D-MPNN,2,307.8967570821227
CCCC(=O)OCC(COC(=O)CCC)OC(=O)CCC,bp,D-MPNN,2,300.9691253696299
CCCCCOCCOCCOC,bp,D-MPNN,3,221.3769690142356
COCCOC(=O)OC1CCCC1,bp,D-MPNN,3,217.99461846137825
CCCOC(=O)OCCOCCOCC,bp,D-MPNN,3,236.42290138352084
CCCCOC(=O)OCCOCCOC,bp,D-MPNN,3,243.68668918168527
CCCOC(CC)COCCOCCOC,bp,D-MPNN,3,262.22923195692533
CCCCOCCOCCOC(C)COCC,bp,D-MPNN,3,273.60290295281914
CCCOCCOCCOC(=O)OCCC,bp,D-MPNN,3,251.04823633376196
CCCCOC(=O)OCCOCCOCC,bp,D-MPNN,3,255.77384400039512
CCCCOCCOCCOC(=O)OCC,bp,D-MPNN,3,254.9071507028692
CCCOC(=O)OCCOCCOCCOC,bp,D-MPNN,3,280.2424769685348
CCOC(=O)OCCCCOCCOCCOC,bp,D-MPNN,3,294.6378247668304
CCCOC(=O)OCCOCCOCCOCC,bp,D-MPNN,3,293.1932477721912
CC(=O)OCCOCCOCCOC(C)=O,bp,D-MPNN,3,280.3282754951244
CCCOC(=O)OCCCCOC1COCC1OCCC,bp,D-MPNN,3,333.132533110223
CCCCOC(=O)OCCCCOC1COCC1OCC,bp,D-MPNN,3,336.0194287081208
CCCOC(=O)OCCOCCOCC1CC(OCC)CO1,bp,D-MPNN,3,358.31972110885044
CCCCOC(=O)COCCCOC(=O)CC1CCCO1,bp,D-MPNN,3,351.4736416164326
CCCOC(COCC)(COC(=O)OCC)COC1CCOC1,bp,D-MPNN,3,331.679207392218
CCCOC(=O)OC(COCC)(COCC)COC1CCOC1,bp,D-MPNN,3,321.6298133582166
CCCCOC(COC)(COC(=O)OCC)COC1CCOC1,bp,D-MPNN,3,337.8712892942402
CC(C)OCC(COCC1CCCO1)OC(=O)OC(C)C,bp,D-MPNN,3,305.0308706892271
CCCOC(COC(=O)OC)C(COC1CCOC1)OCCC,bp,D-MPNN,3,345.2701049905617
CCOC(=O)OCC(COCC(C)C)OCC1CCCO1,bp,D-MPNN,3,317.7930708990812
CCOCC(OCC)C(COC(COC)C1CCCO1)OCC1CCCO1,bp,D-MPNN,3,414.289414345239
CCOCC(COC1CCOC1)(COC1CCOC1)OC(=O)OC1CCOC1,bp,D-MPNN,3,424.7609444545742
CCCC(=O)OC(COC(=O)COC)COC(C)COCC,bp,D-MPNN,3,327.2060766916941
CCCC(=O)OCC(OC(=O)CCC)C(=O)COC(C)C,bp,D-MPNN,3,307.1985907076541
CCCC(=O)OCC(COC(=O)CCC)OC(=O)CCC,bp,D-MPNN,3,302.9990814168625
CCCCCOCCOCCOC,bp,D-MPNN,4,258.8568833099765
COCCOC(=O)OC1CCCC1,bp,D-MPNN,4,261.42472558954614
CCCOC(=O)OCCOCCOCC,bp,D-MPNN,4,271.7478380975889
CCCCOC(=O)OCCOCCOC,bp,D-MPNN,4,291.0846820437722
CCCOC(CC)COCCOCCOC,bp,D-MPNN,4,322.9594954328904
CCCCOCCOCCOC(C)COCC,bp,D-MPNN,4,293.3842647260941
CCCOCCOCCOC(=O)OCCC,bp,D-MPNN,4,278.80965528555885
CCCCOC(=O)OCCOCCOCC,bp,D-MPNN,4,288.9353729123865
CCCCOCCOCCOC(=O)OCC,bp,D-MPNN,4,280.500186410055
CCCOC(=O)OCCOCCOCCOC,bp,D-MPNN,4,338.6780491549256
CCOC(=O)OCCCCOCCOCCOC,bp,D-MPNN,4,353.0019865007323
CCCOC(=O)OCCOCCOCCOCC,bp,D-MPNN,4,348.58107410279706
CC(=O)OCCOCCOCCOC(C)=O,bp,D-MPNN,4,286.7745137793465
CCCOC(=O)OCCCCOC1COCC1OCCC,bp,D-MPNN,4,337.82191814994474
CCCCOC(=O)OCCCCOC1COCC1OCC,bp,D-MPNN,4,335.90305316921376
CCCOC(=O)OCCOCCOCC1CC(OCC)CO1,bp,D-MPNN,4,381.9580465306064
CCCCOC(=O)COCCCOC(=O)CC1CCCO1,bp,D-MPNN,4,353.0334453287677
CCCOC(COCC)(COC(=O)OCC)COC1CCOC1,bp,D-MPNN,4,343.1771659758272
CCCOC(=O)OC(COCC)(COCC)COC1CCOC1,bp,D-MPNN,4,354.1026543054453
CCCCOC(COC)(COC(=O)OCC)COC1CCOC1,bp,D-MPNN,4,350.5509052672988
CC(C)OCC(COCC1CCCO1)OC(=O)OC(C)C,bp,D-MPNN,4,306.6805710423552
CCCOC(COC(=O)OC)C(COC1CCOC1)OCCC,bp,D-MPNN,4,335.0556206948906
CCOC(=O)OCC(COCC(C)C)OCC1CCCO1,bp,D-MPNN,4,302.8748866737186
CCOCC(OCC)C(COC(COC)C1CCCO1)OCC1CCCO1,bp,D-MPNN,4,389.9385417913397
CCOCC(COC1CCOC1)(COC1CCOC1)OC(=O)OC1CCOC1,bp,D-MPNN,4,485.55559078116494
CCCC(=O)OC(COC(=O)COC)COC(C)COCC,bp,D-MPNN,4,320.56463038397953
CCCC(=O)OCC(OC(=O)CCC)C(=O)COC(C)C,bp,D-MPNN,4,300.2217627642866
CCCC(=O)OCC(COC(=O)CCC)OC(=O)CCC,bp,D-MPNN,4,303.4355249893157
CCCCCOCCOCCOC,bp,Uni-Mol,0,222.3304443359375
COCCOC(=O)OC1CCCC1,bp,Uni-Mol,0,240.71966552734375
CCCOC(=O)OCCOCCOCC,bp,Uni-Mol,0,270.3521728515625
CCCCOC(=O)OCCOCCOC,bp,Uni-Mol,0,264.7589111328125
CCCOC(CC)COCCOCCOC,bp,Uni-Mol,0,288.99884033203125
CCCCOCCOCCOC(C)COCC,bp,Uni-Mol,0,281.9217224121094
CCCOCCOCCOC(=O)OCCC,bp,Uni-Mol,0,280.203857421875
CCCCOC(=O)OCCOCCOCC,bp,Uni-Mol,0,288.5987854003906
CCCCOCCOCCOC(=O)OCC,bp,Uni-Mol,0,263.4263000488281
CCCOC(=O)OCCOCCOCCOC,bp,Uni-Mol,0,295.75067138671875
CCOC(=O)OCCCCOCCOCCOC,bp,Uni-Mol,0,342.35400390625
CCCOC(=O)OCCOCCOCCOCC,bp,Uni-Mol,0,324.15020751953125
CC(=O)OCCOCCOCCOC(C)=O,bp,Uni-Mol,0,285.147705078125
CCCOC(=O)OCCCCOC1COCC1OCCC,bp,Uni-Mol,0,341.3448791503906
CCCCOC(=O)OCCCCOC1COCC1OCC,bp,Uni-Mol,0,352.8869934082031
CCCOC(=O)OCCOCCOCC1CC(OCC)CO1,bp,Uni-Mol,0,353.044189453125
CCCCOC(=O)COCCCOC(=O)CC1CCCO1,bp,Uni-Mol,0,350.2019958496094
CCCOC(COCC)(COC(=O)OCC)COC1CCOC1,bp,Uni-Mol,0,307.79229736328125
CCCOC(=O)OC(COCC)(COCC)COC1CCOC1,bp,Uni-Mol,0,310.4907531738281
CCCCOC(COC)(COC(=O)OCC)COC1CCOC1,bp,Uni-Mol,0,312.5404357910156
CC(C)OCC(COCC1CCCO1)OC(=O)OC(C)C,bp,Uni-Mol,0,291.6985168457031
CCCOC(COC(=O)OC)C(COC1CCOC1)OCCC,bp,Uni-Mol,0,305.7257995605469
CCOC(=O)OCC(COCC(C)C)OCC1CCCO1,bp,Uni-Mol,0,299.93865966796875
CCOCC(OCC)C(COC(COC)C1CCCO1)OCC1CCCO1,bp,Uni-Mol,0,354.3696594238281
CCOCC(COC1CCOC1)(COC1CCOC1)OC(=O)OC1CCOC1,bp,Uni-Mol,0,418.99591064453125
CCCC(=O)OC(COC(=O)COC)COC(C)COCC,bp,Uni-Mol,0,303.50421142578125
CCCC(=O)OCC(OC(=O)CCC)C(=O)COC(C)C,bp,Uni-Mol,0,278.3817443847656
CCCC(=O)OCC(COC(=O)CCC)OC(=O)CCC,bp,Uni-Mol,0,276.686767578125
CCCCCOCCOCCOC,bp,Uni-Mol,1,236.99472045898438
COCCOC(=O)OC1CCCC1,bp,Uni-Mol,1,248.4287109375
CCCOC(=O)OCCOCCOCC,bp,Uni-Mol,1,279.0281677246094
CCCCOC(=O)OCCOCCOC,bp,Uni-Mol,1,272.8836669921875
CCCOC(CC)COCCOCCOC,bp,Uni-Mol,1,307.5178527832031
CCCCOCCOCCOC(C)COCC,bp,Uni-Mol,1,297.3391418457031
CCCOCCOCCOC(=O)OCCC,bp,Uni-Mol,1,289.0034484863281
CCCCOC(=O)OCCOCCOCC,bp,Uni-Mol,1,290.87109375
CCCCOCCOCCOC(=O)OCC,bp,Uni-Mol,1,272.5425109863281
CCCOC(=O)OCCOCCOCCOC,bp,Uni-Mol,1,329.1651611328125
CCOC(=O)OCCCCOCCOCCOC,bp,Uni-Mol,1,332.8154602050781
CCCOC(=O)OCCOCCOCCOCC,bp,Uni-Mol,1,344.88995361328125
CC(=O)OCCOCCOCCOC(C)=O,bp,Uni-Mol,1,286.1944580078125
CCCOC(=O)OCCCCOC1COCC1OCCC,bp,Uni-Mol,1,355.3427734375
CCCCOC(=O)OCCCCOC1COCC1OCC,bp,Uni-Mol,1,361.6924743652344
CCCOC(=O)OCCOCCOCC1CC(OCC)CO1,bp,Uni-Mol,1,361.5545349121094
CCCCOC(=O)COCCCOC(=O)CC1CCCO1,bp,Uni-Mol,1,357.1439208984375
CCCOC(COCC)(COC(=O)OCC)COC1CCOC1,bp,Uni-Mol,1,313.29840087890625
CCCOC(=O)OC(COCC)(COCC)COC1CCOC1,bp,Uni-Mol,1,327.7648010253906
CCCCOC(COC)(COC(=O)OCC)COC1CCOC1,bp,Uni-Mol,1,313.75848388671875
CC(C)OCC(COCC1CCCO1)OC(=O)OC(C)C,bp,Uni-Mol,1,305.86322021484375
CCCOC(COC(=O)OC)C(COC1CCOC1)OCCC,bp,Uni-Mol,1,326.73858642578125
CCOC(=O)OCC(COCC(C)C)OCC1CCCO1,bp,Uni-Mol,1,296.7658996582031
CCOCC(OCC)C(COC(COC)C1CCCO1)OCC1CCCO1,bp,Uni-Mol,1,359.1918640136719
CCOCC(COC1CCOC1)(COC1CCOC1)OC(=O)OC1CCOC1,bp,Uni-Mol,1,403.4515075683594
CCCC(=O)OC(COC(=O)COC)COC(C)COCC,bp,Uni-Mol,1,320.31365966796875
CCCC(=O)OCC(OC(=O)CCC)C(=O)COC(C)C,bp,Uni-Mol,1,287.55316162109375
CCCC(=O)OCC(COC(=O)CCC)OC(=O)CCC,bp,Uni-Mol,1,297.4144592285156
CCCCCOCCOCCOC,bp,Uni-Mol,2,229.8683624267578
COCCOC(=O)OC1CCCC1,bp,Uni-Mol,2,250.00308227539062
CCCOC(=O)OCCOCCOCC,bp,Uni-Mol,2,275.6973571777344
CCCCOC(=O)OCCOCCOC,bp,Uni-Mol,2,273.8094177246094
CCCOC(CC)COCCOCCOC,bp,Uni-Mol,2,295.28704833984375
CCCCOCCOCCOC(C)COCC,bp,Uni-Mol,2,293.21746826171875
CCCOCCOCCOC(=O)OCCC,bp,Uni-Mol,2,274.7095031738281
CCCCOC(=O)OCCOCCOCC,bp,Uni-Mol,2,284.2478332519531
CCCCOCCOCCOC(=O)OCC,bp,Uni-Mol,2,270.4432067871094
CCCOC(=O)OCCOCCOCCOC,bp,Uni-Mol,2,345.4612121582031
CCOC(=O)OCCCCOCCOCCOC,bp,Uni-Mol,2,329.5746765136719
CCCOC(=O)OCCOCCOCCOCC,bp,Uni-Mol,2,308.56610107421875
CC(=O)OCCOCCOCCOC(C)=O,bp,Uni-Mol,2,286.70758056640625
CCCOC(=O)OCCCCOC1COCC1OCCC,bp,Uni-Mol,2,332.9521484375
CCCCOC(=O)OCCCCOC1COCC1OCC,bp,Uni-Mol,2,341.117919921875
CCCOC(=O)OCCOCCOCC1CC(OCC)CO1,bp,Uni-Mol,2,344.5180969238281
CCCCOC(=O)COCCCOC(=O)CC1CCCO1,bp,Uni-Mol,2,344.2560119628906
CCCOC(COCC)(COC(=O)OCC)COC1CCOC1,bp,Uni-Mol,2,317.5687255859375
CCCOC(=O)OC(COCC)(COCC)COC1CCOC1,bp,Uni-Mol,2,325.0090026855469
CCCCOC(COC)(COC(=O)OCC)COC1CCOC1,bp,Uni-Mol,2,313.6622314453125
CC(C)OCC(COCC1CCCO1)OC(=O)OC(C)C,bp,Uni-Mol,2,317.6427001953125
CCCOC(COC(=O)OC)C(COC1CCOC1)OCCC,bp,Uni-Mol,2,319.7314147949219
CCOC(=O)OCC(COCC(C)C)OCC1CCCO1,bp,Uni-Mol,2,308.7945556640625
CCOCC(OCC)C(COC(COC)C1CCCO1)OCC1CCCO1,bp,Uni-Mol,2,374.35968017578125
CCOCC(COC1CCOC1)(COC1CCOC1)OC(=O)OC1CCOC1,bp,Uni-Mol,2,398.4921569824219
CCCC(=O)OC(COC(=O)COC)COC(C)COCC,bp,Uni-Mol,2,315.7601623535156
CCCC(=O)OCC(OC(=O)CCC)C(=O)COC(C)C,bp,Uni-Mol,2,289.1273193359375
CCCC(=O)OCC(COC(=O)CCC)OC(=O)CCC,bp,Uni-Mol,2,291.26116943359375
CCCCCOCCOCCOC,bp,Uni-Mol,3,222.07125854492188
COCCOC(=O)OC1CCCC1,bp,Uni-Mol,3,240.27337646484375
CCCOC(=O)OCCOCCOCC,bp,Uni-Mol,3,259.7691345214844
CCCCOC(=O)OCCOCCOC,bp,Uni-Mol,3,261.7435607910156
CCCOC(CC)COCCOCCOC,bp,Uni-Mol,3,265.0549621582031
CCCCOCCOCCOC(C)COCC,bp,Uni-Mol,3,275.92486572265625
CCCOCCOCCOC(=O)OCCC,bp,Uni-Mol,3,264.3784484863281
CCCCOC(=O)OCCOCCOCC,bp,Uni-Mol,3,275.6123962402344
CCCCOCCOCCOC(=O)OCC,bp,Uni-Mol,3,252.41970825195312
CCCOC(=O)OCCOCCOCCOC,bp,Uni-Mol,3,277.3629150390625
CCOC(=O)OCCCCOCCOCCOC,bp,Uni-Mol,3,295.34393310546875
CCCOC(=O)OCCOCCOCCOCC,bp,Uni-Mol,3,299.84344482421875
CC(=O)OCCOCCOCCOC(C)=O,bp,Uni-Mol,3,264.19305419921875
CCCOC(=O)OCCCCOC1COCC1OCCC,bp,Uni-Mol,3,313.892333984375
CCCCOC(=O)OCCCCOC1COCC1OCC,bp,Uni-Mol,3,335.1527099609375
CCCOC(=O)OCCOCCOCC1CC(OCC)CO1,bp,Uni-Mol,3,327.8990783691406
CCCCOC(=O)COCCCOC(=O)CC1CCCO1,bp,Uni-Mol,3,339.36407470703125
CCCOC(COCC)(COC(=O)OCC)COC1CCOC1,bp,Uni-Mol,3,311.9368591308594
CCCOC(=O)OC(COCC)(COCC)COC1CCOC1,bp,Uni-Mol,3,312.5054626464844
CCCCOC(COC)(COC(=O)OCC)COC1CCOC1,bp,Uni-Mol,3,309.59710693359375
CC(C)OCC(COCC1CCCO1)OC(=O)OC(C)C,bp,Uni-Mol,3,296.1158752441406
CCCOC(COC(=O)OC)C(COC1CCOC1)OCCC,bp,Uni-Mol,3,313.1432189941406
CCOC(=O)OCC(COCC(C)C)OCC1CCCO1,bp,Uni-Mol,3,290.068359375
CCOCC(OCC)C(COC(COC)C1CCCO1)OCC1CCCO1,bp,Uni-Mol,3,344.5447998046875
CCOCC(COC1CCOC1)(COC1CCOC1)OC(=O)OC1CCOC1,bp,Uni-Mol,3,370.8263854980469
CCCC(=O)OC(COC(=O)COC)COC(C)COCC,bp,Uni-Mol,3,313.513916015625
CCCC(=O)OCC(OC(=O)CCC)C(=O)COC(C)C,bp,Uni-Mol,3,295.353271484375
CCCC(=O)OCC(COC(=O)CCC)OC(=O)CCC,bp,Uni-Mol,3,301.22027587890625
CCCCCOCCOCCOC,bp,Uni-Mol,4,226.64556884765625
COCCOC(=O)OC1CCCC1,bp,Uni-Mol,4,246.62942504882812
CCCOC(=O)OCCOCCOCC,bp,Uni-Mol,4,277.080322265625
CCCCOC(=O)OCCOCCOC,bp,Uni-Mol,4,273.6567687988281
CCCOC(CC)COCCOCCOC,bp,Uni-Mol,4,287.1856384277344
CCCCOCCOCCOC(C)COCC,bp,Uni-Mol,4,280.0109558105469
CCCOCCOCCOC(=O)OCCC,bp,Uni-Mol,4,276.5069580078125
CCCCOC(=O)OCCOCCOCC,bp,Uni-Mol,4,297.5553283691406
CCCCOCCOCCOC(=O)OCC,bp,Uni-Mol,4,266.8668518066406
CCCOC(=O)OCCOCCOCCOC,bp,Uni-Mol,4,307.6616516113281
CCOC(=O)OCCCCOCCOCCOC,bp,Uni-Mol,4,343.2561340332031
CCCOC(=O)OCCOCCOCCOCC,bp,Uni-Mol,4,349.1955871582031
CC(=O)OCCOCCOCCOC(C)=O,bp,Uni-Mol,4,286.2531433105469
CCCOC(=O)OCCCCOC1COCC1OCCC,bp,Uni-Mol,4,333.82281494140625
CCCCOC(=O)OCCCCOC1COCC1OCC,bp,Uni-Mol,4,358.6394348144531
CCCOC(=O)OCCOCCOCC1CC(OCC)CO1,bp,Uni-Mol,4,350.8390808105469
CCCCOC(=O)COCCCOC(=O)CC1CCCO1,bp,Uni-Mol,4,357.3766174316406
CCCOC(COCC)(COC(=O)OCC)COC1CCOC1,bp,Uni-Mol,4,305.6120300292969
CCCOC(=O)OC(COCC)(COCC)COC1CCOC1,bp,Uni-Mol,4,315.2183532714844
CCCCOC(COC)(COC(=O)OCC)COC1CCOC1,bp,Uni-Mol,4,310.9365234375
CC(C)OCC(COCC1CCCO1)OC(=O)OC(C)C,bp,Uni-Mol,4,292.425537109375
CCCOC(COC(=O)OC)C(COC1CCOC1)OCCC,bp,Uni-Mol,4,306.31634521484375
CCOC(=O)OCC(COCC(C)C)OCC1CCCO1,bp,Uni-Mol,4,298.6600036621094
CCOCC(OCC)C(COC(COC)C1CCCO1)OCC1CCCO1,bp,Uni-Mol,4,343.6811828613281
CCOCC(COC1CCOC1)(COC1CCOC1)OC(=O)OC1CCOC1,bp,Uni-Mol,4,376.22235107421875
CCCC(=O)OC(COC(=O)COC)COC(C)COCC,bp,Uni-Mol,4,310.82080078125
CCCC(=O)OCC(OC(=O)CCC)C(=O)COC(C)C,bp,Uni-Mol,4,287.35296630859375
CCCC(=O)OCC(COC(=O)CCC)OC(=O)CCC,bp,Uni-Mol,4,291.0284729003906
CCCCCOCCOCCOC,fp,XGBoost,0,373.54974365234375
COCCOC(=O)OC1CCCC1,fp,XGBoost,0,379.9774169921875
CCCOC(=O)OCCOCCOCC,fp,XGBoost,0,381.5201110839844
CCCCOC(=O)OCCOCCOC,fp,XGBoost,0,385.07867431640625
CCCOC(CC)COCCOCCOC,fp,XGBoost,0,375.5204162597656
CCCCOCCOCCOC(C)COCC,fp,XGBoost,0,379.8851013183594
CCCOCCOCCOC(=O)OCCC,fp,XGBoost,0,397.7639465332031
CCCCOC(=O)OCCOCCOCC,fp,XGBoost,0,394.706787109375
CCCCOCCOCCOC(=O)OCC,fp,XGBoost,0,393.1717224121094
CCCOC(=O)OCCOCCOCCOC,fp,XGBoost,0,404.0742492675781
CCOC(=O)OCCCCOCCOCCOC,fp,XGBoost,0,402.1166687011719
CCCOC(=O)OCCOCCOCCOCC,fp,XGBoost,0,405.09014892578125
CC(=O)OCCOCCOCCOC(C)=O,fp,XGBoost,0,438.0315856933594
CCCOC(=O)OCCCCOC1COCC1OCCC,fp,XGBoost,0,437.3940124511719
CCCCOC(=O)OCCCCOC1COCC1OCC,fp,XGBoost,0,436.4955139160156
CCCOC(=O)OCCOCCOCC1CC(OCC)CO1,fp,XGBoost,0,440.4264831542969
CCCCOC(=O)COCCCOC(=O)CC1CCCO1,fp,XGBoost,0,453.51312255859375
CCCOC(COCC)(COC(=O)OCC)COC1CCOC1,fp,XGBoost,0,453.821044921875
CCCOC(=O)OC(COCC)(COCC)COC1CCOC1,fp,XGBoost,0,459.5213317871094
CCCCOC(COC)(COC(=O)OCC)COC1CCOC1,fp,XGBoost,0,467.79638671875
CC(C)OCC(COCC1CCCO1)OC(=O)OC(C)C,fp,XGBoost,0,453.86224365234375
CCCOC(COC(=O)OC)C(COC1CCOC1)OCCC,fp,XGBoost,0,465.5107116699219
CCOC(=O)OCC(COCC(C)C)OCC1CCCO1,fp,XGBoost,0,457.0094909667969
CCOCC(OCC)C(COC(COC)C1CCCO1)OCC1CCCO1,fp,XGBoost,0,468.47283935546875
CCOCC(COC1CCOC1)(COC1CCOC1)OC(=O)OC1CCOC1,fp,XGBoost,0,515.90771484375
CCCC(=O)OC(COC(=O)COC)COC(C)COCC,fp,XGBoost,0,514.3883056640625
CCCC(=O)OCC(OC(=O)CCC)C(=O)COC(C)C,fp,XGBoost,0,524.1185302734375
CCCC(=O)OCC(COC(=O)CCC)OC(=O)CCC,fp,XGBoost,0,610.4794921875
CCCCCOCCOCCOC,fp,XGBoost,1,367.79400634765625
COCCOC(=O)OC1CCCC1,fp,XGBoost,1,381.70513916015625
CCCOC(=O)OCCOCCOCC,fp,XGBoost,1,388.064208984375
CCCCOC(=O)OCCOCCOC,fp,XGBoost,1,388.0412292480469
CCCOC(CC)COCCOCCOC,fp,XGBoost,1,382.8258972167969
CCCCOCCOCCOC(C)COCC,fp,XGBoost,1,387.9671325683594
CCCOCCOCCOC(=O)OCCC,fp,XGBoost,1,398.34521484375
CCCCOC(=O)OCCOCCOCC,fp,XGBoost,1,397.6712341308594
CCCCOCCOCCOC(=O)OCC,fp,XGBoost,1,397.0006408691406
CCCOC(=O)OCCOCCOCCOC,fp,XGBoost,1,404.55706787109375
CCOC(=O)OCCCCOCCOCCOC,fp,XGBoost,1,398.79803466796875
CCCOC(=O)OCCOCCOCCOCC,fp,XGBoost,1,408.1402893066406
CC(=O)OCCOCCOCCOC(C)=O,fp,XGBoost,1,434.8980712890625
CCCOC(=O)OCCCCOC1COCC1OCCC,fp,XGBoost,1,424.66717529296875
CCCCOC(=O)OCCCCOC1COCC1OCC,fp,XGBoost,1,425.3064270019531
CCCOC(=O)OCCOCCOCC1CC(OCC)CO1,fp,XGBoost,1,434.1995849609375
CCCCOC(=O)COCCCOC(=O)CC1CCCO1,fp,XGBoost,1,438.0967102050781
CCCOC(COCC)(COC(=O)OCC)COC1CCOC1,fp,XGBoost,1,449.7962951660156
CCCOC(=O)OC(COCC)(COCC)COC1CCOC1,fp,XGBoost,1,445.9658508300781
CCCCOC(COC)(COC(=O)OCC)COC1CCOC1,fp,XGBoost,1,448.644287109375
CC(C)OCC(COCC1CCCO1)OC(=O)OC(C)C,fp,XGBoost,1,424.7345275878906
CCCOC(COC(=O)OC)C(COC1CCOC1)OCCC,fp,XGBoost,1,448.78900146484375
CCOC(=O)OCC(COCC(C)C)OCC1CCCO1,fp,XGBoost,1,429.6983642578125
CCOCC(OCC)C(COC(COC)C1CCCO1)OCC1CCCO1,fp,XGBoost,1,491.96875
CCOCC(COC1CCOC1)(COC1CCOC1)OC(=O)OC1CCOC1,fp,XGBoost,1,489.20587158203125
CCCC(=O)OC(COC(=O)COC)COC(C)COCC,fp,XGBoost,1,445.33380126953125
CCCC(=O)OCC(OC(=O)CCC)C(=O)COC(C)C,fp,XGBoost,1,437.0879821777344
CCCC(=O)OCC(COC(=O)CCC)OC(=O)CCC,fp,XGBoost,1,434.2420654296875
CCCCCOCCOCCOC,fp,XGBoost,2,367.41107177734375
COCCOC(=O)OC1CCCC1,fp,XGBoost,2,384.65130615234375
CCCOC(=O)OCCOCCOCC,fp,XGBoost,2,382.968994140625
CCCCOC(=O)OCCOCCOC,fp,XGBoost,2,384.015869140625
CCCOC(CC)COCCOCCOC,fp,XGBoost,2,377.2158508300781
CCCCOCCOCCOC(C)COCC,fp,XGBoost,2,384.3692932128906
CCCOCCOCCOC(=O)OCCC,fp,XGBoost,2,393.7955322265625
CCCCOC(=O)OCCOCCOCC,fp,XGBoost,2,393.7955322265625
CCCCOCCOCCOC(=O)OCC,fp,XGBoost,2,393.7955322265625
CCCOC(=O)OCCOCCOCCOC,fp,XGBoost,2,411.916015625
CCOC(=O)OCCCCOCCOCCOC,fp,XGBoost,2,404.39239501953125
CCCOC(=O)OCCOCCOCCOCC,fp,XGBoost,2,405.5693664550781
CC(=O)OCCOCCOCCOC(C)=O,fp,XGBoost,2,421.63079833984375
CCCOC(=O)OCCCCOC1COCC1OCCC,fp,XGBoost,2,434.9749755859375
CCCCOC(=O)OCCCCOC1COCC1OCC,fp,XGBoost,2,435.1710205078125
CCCOC(=O)OCCOCCOCC1CC(OCC)CO1,fp,XGBoost,2,453.6009826660156
CCCCOC(=O)COCCCOC(=O)CC1CCCO1,fp,XGBoost,2,460.127685546875
CCCOC(COCC)(COC(=O)OCC)COC1CCOC1,fp,XGBoost,2,459.572998046875
CCCOC(=O)OC(COCC)(COCC)COC1CCOC1,fp,XGBoost,2,471.2003479003906
CCCCOC(COC)(COC(=O)OCC)COC1CCOC1,fp,XGBoost,2,475.38055419921875
CC(C)OCC(COCC1CCCO1)OC(=O)OC(C)C,fp,XGBoost,2,455.3451843261719
CCCOC(COC(=O)OC)C(COC1CCOC1)OCCC,fp,XGBoost,2,469.6973571777344
CCOC(=O)OCC(COCC(C)C)OCC1CCCO1,fp,XGBoost,2,462.6202087402344
CCOCC(OCC)C(COC(COC)C1CCCO1)OCC1CCCO1,fp,XGBoost,2,485.687255859375
CCOCC(COC1CCOC1)(COC1CCOC1)OC(=O)OC1CCOC1,fp,XGBoost,2,503.8384094238281
CCCC(=O)OC(COC(=O)COC)COC(C)COCC,fp,XGBoost,2,496.846923828125
CCCC(=O)OCC(OC(=O)CCC)C(=O)COC(C)C,fp,XGBoost,2,495.10760498046875
CCCC(=O)OCC(COC(=O)CCC)OC(=O)CCC,fp,XGBoost,2,506.2249450683594
CCCCCOCCOCCOC,fp,XGBoost,3,372.3720703125
COCCOC(=O)OC1CCCC1,fp,XGBoost,3,377.5501708984375
CCCOC(=O)OCCOCCOCC,fp,XGBoost,3,378.8434753417969
CCCCOC(=O)OCCOCCOC,fp,XGBoost,3,378.5815124511719
CCCOC(CC)COCCOCCOC,fp,XGBoost,3,379.1961975097656
CCCCOCCOCCOC(C)COCC,fp,XGBoost,3,386.03460693359375
CCCOCCOCCOC(=O)OCCC,fp,XGBoost,3,384.0819396972656
CCCCOC(=O)OCCOCCOCC,fp,XGBoost,3,386.88623046875
CCCCOCCOCCOC(=O)OCC,fp,XGBoost,3,389.14300537109375
CCCOC(=O)OCCOCCOCCOC,fp,XGBoost,3,393.98956298828125
CCOC(=O)OCCCCOCCOCCOC,fp,XGBoost,3,394.7140808105469
CCCOC(=O)OCCOCCOCCOCC,fp,XGBoost,3,399.1930847167969
CC(=O)OCCOCCOCCOC(C)=O,fp,XGBoost,3,402.0743408203125
CCCOC(=O)OCCCCOC1COCC1OCCC,fp,XGBoost,3,420.833251953125
CCCCOC(=O)OCCCCOC1COCC1OCC,fp,XGBoost,3,428.18408203125
CCCOC(=O)OCCOCCOCC1CC(OCC)CO1,fp,XGBoost,3,417.31414794921875
CCCCOC(=O)COCCCOC(=O)CC1CCCO1,fp,XGBoost,3,445.48846435546875
CCCOC(COCC)(COC(=O)OCC)COC1CCOC1,fp,XGBoost,3,426.7296142578125
CCCOC(=O)OC(COCC)(COCC)COC1CCOC1,fp,XGBoost,3,439.8831481933594
CCCCOC(COC)(COC(=O)OCC)COC1CCOC1,fp,XGBoost,3,450.7548522949219
CC(C)OCC(COCC1CCCO1)OC(=O)OC(C)C,fp,XGBoost,3,455.1441650390625
CCCOC(COC(=O)OC)C(COC1CCOC1)OCCC,fp,XGBoost,3,461.1293029785156
CCOC(=O)OCC(COCC(C)C)OCC1CCCO1,fp,XGBoost,3,468.5751647949219
CCOCC(OCC)C(COC(COC)C1CCCO1)OCC1CCCO1,fp,XGBoost,3,498.0654602050781
CCOCC(COC1CCOC1)(COC1CCOC1)OC(=O)OC1CCOC1,fp,XGBoost,3,510.9109802246094
CCCC(=O)OC(COC(=O)COC)COC(C)COCC,fp,XGBoost,3,498.91314697265625
CCCC(=O)OCC(OC(=O)CCC)C(=O)COC(C)C,fp,XGBoost,3,504.2957458496094
CCCC(=O)OCC(COC(=O)CCC)OC(=O)CCC,fp,XGBoost,3,587.4273681640625
CCCCCOCCOCCOC,fp,XGBoost,4,371.1816101074219
COCCOC(=O)OC1CCCC1,fp,XGBoost,4,378.7288818359375
CCCOC(=O)OCCOCCOCC,fp,XGBoost,4,388.4068908691406
CCCCOC(=O)OCCOCCOC,fp,XGBoost,4,387.71142578125
CCCOC(CC)COCCOCCOC,fp,XGBoost,4,392.9841003417969
CCCCOCCOCCOC(C)COCC,fp,XGBoost,4,393.29791259765625
CCCOCCOCCOC(=O)OCCC,fp,XGBoost,4,401.0826110839844
CCCCOC(=O)OCCOCCOCC,fp,XGBoost,4,400.93121337890625
CCCCOCCOCCOC(=O)OCC,fp,XGBoost,4,401.9236755371094
CCCOC(=O)OCCOCCOCCOC,fp,XGBoost,4,407.30230712890625
CCOC(=O)OCCCCOCCOCCOC,fp,XGBoost,4,409.8108825683594
CCCOC(=O)OCCOCCOCCOCC,fp,XGBoost,4,412.4045715332031
CC(=O)OCCOCCOCCOC(C)=O,fp,XGBoost,4,422.300048828125
CCCOC(=O)OCCCCOC1COCC1OCCC,fp,XGBoost,4,441.04827880859375
CCCCOC(=O)OCCCCOC1COCC1OCC,fp,XGBoost,4,440.1683349609375
CCCOC(=O)OCCOCCOCC1CC(OCC)CO1,fp,XGBoost,4,461.9268798828125
CCCCOC(=O)COCCCOC(=O)CC1CCCO1,fp,XGBoost,4,459.1347351074219
CCCOC(COCC)(COC(=O)OCC)COC1CCOC1,fp,XGBoost,4,481.0249938964844
CCCOC(=O)OC(COCC)(COCC)COC1CCOC1,fp,XGBoost,4,481.9361572265625
CCCCOC(COC)(COC(=O)OCC)COC1CCOC1,fp,XGBoost,4,479.052734375
CC(C)OCC(COCC1CCCO1)OC(=O)OC(C)C,fp,XGBoost,4,454.617919921875
CCCOC(COC(=O)OC)C(COC1CCOC1)OCCC,fp,XGBoost,4,482.77020263671875
CCOC(=O)OCC(COCC(C)C)OCC1CCCO1,fp,XGBoost,4,463.9203796386719
CCOCC(OCC)C(COC(COC)C1CCCO1)OCC1CCCO1,fp,XGBoost,4,497.2810363769531
CCOCC(COC1CCOC1)(COC1CCOC1)OC(=O)OC1CCOC1,fp,XGBoost,4,505.6202697753906
CCCC(=O)OC(COC(=O)COC)COC(C)COCC,fp,XGBoost,4,503.0043029785156
CCCC(=O)OCC(OC(=O)CCC)C(=O)COC(C)C,fp,XGBoost,4,510.9964904785156
CCCC(=O)OCC(COC(=O)CCC)OC(=O)CCC,fp,XGBoost,4,554.5859375
CCCCCOCCOCCOC,fp,MLP,0,362.3236258163791
COCCOC(=O)OC1CCCC1,fp,MLP,0,380.318032056049
CCCOC(=O)OCCOCCOCC,fp,MLP,0,398.38436256833404
CCCCOC(=O)OCCOCCOC,fp,MLP,0,401.1616257151041
CCCOC(CC)COCCOCCOC,fp,MLP,0,375.08545287355906
CCCCOCCOCCOC(C)COCC,fp,MLP,0,380.9569804787041
CCCOCCOCCOC(=O)OCCC,fp,MLP,0,407.05003132750073
CCCCOC(=O)OCCOCCOCC,fp,MLP,0,407.3723241083365
CCCCOCCOCCOC(=O)OCC,fp,MLP,0,408.62506819798136
CCCOC(=O)OCCOCCOCCOC,fp,MLP,0,419.5414638003755
CCOC(=O)OCCCCOCCOCCOC,fp,MLP,0,422.42112645009536
CCCOC(=O)OCCOCCOCCOCC,fp,MLP,0,423.8467951655757
CC(=O)OCCOCCOCCOC(C)=O,fp,MLP,0,431.5267929402998
CCCOC(=O)OCCCCOC1COCC1OCCC,fp,MLP,0,440.06620780870196
CCCCOC(=O)OCCCCOC1COCC1OCC,fp,MLP,0,442.4969692002027
CCCOC(=O)OCCOCCOCC1CC(OCC)CO1,fp,MLP,0,454.16028252001416
CCCCOC(=O)COCCCOC(=O)CC1CCCO1,fp,MLP,0,443.7084949681598
CCCOC(COCC)(COC(=O)OCC)COC1CCOC1,fp,MLP,0,441.6866026681052
CCCOC(=O)OC(COCC)(COCC)COC1CCOC1,fp,MLP,0,443.77358677302766
CCCCOC(COC)(COC(=O)OCC)COC1CCOC1,fp,MLP,0,443.486053462457
CC(C)OCC(COCC1CCCO1)OC(=O)OC(C)C,fp,MLP,0,435.385026530492
CCCOC(COC(=O)OC)C(COC1CCOC1)OCCC,fp,MLP,0,439.68892215134304
CCOC(=O)OCC(COCC(C)C)OCC1CCCO1,fp,MLP,0,434.00366985478354
CCOCC(OCC)C(COC(COC)C1CCCO1)OCC1CCCO1,fp,MLP,0,436.5643004982028
CCOCC(COC1CCOC1)(COC1CCOC1)OC(=O)OC1CCOC1,fp,MLP,0,451.93636151151645
CCCC(=O)OC(COC(=O)COC)COC(C)COCC,fp,MLP,0,449.1510048108688
CCCC(=O)OCC(OC(=O)CCC)C(=O)COC(C)C,fp,MLP,0,438.03233277369407
CCCC(=O)OCC(COC(=O)CCC)OC(=O)CCC,fp,MLP,0,478.01860398331286
CCCCCOCCOCCOC,fp,MLP,1,358.23281640447357
COCCOC(=O)OC1CCCC1,fp,MLP,1,377.43696977715877
CCCOC(=O)OCCOCCOCC,fp,MLP,1,388.2295990851947
CCCCOC(=O)OCCOCCOC,fp,MLP,1,391.73840138436066
CCCOC(CC)COCCOCCOC,fp,MLP,1,383.4304731307265
CCCCOCCOCCOC(C)COCC,fp,MLP,1,385.80661475711634
CCCOCCOCCOC(=O)OCCC,fp,MLP,1,393.139838609615
CCCCOC(=O)OCCOCCOCC,fp,MLP,1,394.60455223327995
CCCCOCCOCCOC(=O)OCC,fp,MLP,1,390.781489843679
CCCOC(=O)OCCOCCOCCOC,fp,MLP,1,405.97929874898733
CCOC(=O)OCCCCOCCOCCOC,fp,MLP,1,404.98062951887744
CCCOC(=O)OCCOCCOCCOCC,fp,MLP,1,409.9382468487586
CC(=O)OCCOCCOCCOC(C)=O,fp,MLP,1,408.1948855898104
CCCOC(=O)OCCCCOC1COCC1OCCC,fp,MLP,1,417.4698206030092
CCCCOC(=O)OCCCCOC1COCC1OCC,fp,MLP,1,419.12193419996174
CCCOC(=O)OCCOCCOCC1CC(OCC)CO1,fp,MLP,1,425.7674204787711
CCCCOC(=O)COCCCOC(=O)CC1CCCO1,fp,MLP,1,427.58829103730386
CCCOC(COCC)(COC(=O)OCC)COC1CCOC1,fp,MLP,1,418.213687407472
CCCOC(=O)OC(COCC)(COCC)COC1CCOC1,fp,MLP,1,417.9273536054624
CCCCOC(COC)(COC(=O)OCC)COC1CCOC1,fp,MLP,1,419.57658849442413
CC(C)OCC(COCC1CCCO1)OC(=O)OC(C)C,fp,MLP,1,408.282238859051
CCCOC(COC(=O)OC)C(COC1CCOC1)OCCC,fp,MLP,1,422.98679743829825
CCOC(=O)OCC(COCC(C)C)OCC1CCCO1,fp,MLP,1,415.44989505988417
CCOCC(OCC)C(COC(COC)C1CCCO1)OCC1CCCO1,fp,MLP,1,435.6179278549722
CCOCC(COC1CCOC1)(COC1CCOC1)OC(=O)OC1CCOC1,fp,MLP,1,446.5785835789831
CCCC(=O)OC(COC(=O)COC)COC(C)COCC,fp,MLP,1,412.9469457625944
CCCC(=O)OCC(OC(=O)CCC)C(=O)COC(C)C,fp,MLP,1,408.1179463900251
CCCC(=O)OCC(COC(=O)CCC)OC(=O)CCC,fp,MLP,1,419.1670332919096
CCCCCOCCOCCOC,fp,MLP,2,354.4238216248224
COCCOC(=O)OC1CCCC1,fp,MLP,2,378.32097938121944
CCCOC(=O)OCCOCCOCC,fp,MLP,2,402.08988525896694
CCCCOC(=O)OCCOCCOC,fp,MLP,2,401.705572790438
CCCOC(CC)COCCOCCOC,fp,MLP,2,379.41954926764066
CCCCOCCOCCOC(C)COCC,fp,MLP,2,384.8372192781693
CCCOCCOCCOC(=O)OCCC,fp,MLP,2,406.6102717879146
CCCCOC(=O)OCCOCCOCC,fp,MLP,2,407.0799149335631
CCCCOCCOCCOC(=O)OCC,fp,MLP,2,403.3538928472498
CCCOC(=O)OCCOCCOCCOC,fp,MLP,2,431.1105980247571
CCOC(=O)OCCCCOCCOCCOC,fp,MLP,2,432.9054902580876
CCCOC(=O)OCCOCCOCCOCC,fp,MLP,2,435.0004935863584
CC(=O)OCCOCCOCCOC(C)=O,fp,MLP,2,429.67871756513074
CCCOC(=O)OCCCCOC1COCC1OCCC,fp,MLP,2,446.5893270249144
CCCCOC(=O)OCCCCOC1COCC1OCC,fp,MLP,2,445.11502637879755
CCCOC(=O)OCCOCCOCC1CC(OCC)CO1,fp,MLP,2,463.50466927375305
CCCCOC(=O)COCCCOC(=O)CC1CCCO1,fp,MLP,2,455.3743213991141
CCCOC(COCC)(COC(=O)OCC)COC1CCOC1,fp,MLP,2,455.7925374672034
CCCOC(=O)OC(COCC)(COCC)COC1CCOC1,fp,MLP,2,456.8828920937352
CCCCOC(COC)(COC(=O)OCC)COC1CCOC1,fp,MLP,2,456.56849599060763
CC(C)OCC(COCC1CCCO1)OC(=O)OC(C)C,fp,MLP,2,449.2758220430224
CCCOC(COC(=O)OC)C(COC1CCOC1)OCCC,fp,MLP,2,463.29959025724895
CCOC(=O)OCC(COCC(C)C)OCC1CCCO1,fp,MLP,2,448.86624961766256
CCOCC(OCC)C(COC(COC)C1CCCO1)OCC1CCCO1,fp,MLP,2,451.1503206909603
CCOCC(COC1CCOC1)(COC1CCOC1)OC(=O)OC1CCOC1,fp,MLP,2,467.84125623435153
CCCC(=O)OC(COC(=O)COC)COC(C)COCC,fp,MLP,2,467.8855208970914
CCCC(=O)OCC(OC(=O)CCC)C(=O)COC(C)C,fp,MLP,2,447.4685279695852
CCCC(=O)OCC(COC(=O)CCC)OC(=O)CCC,fp,MLP,2,456.9759206222866
CCCCCOCCOCCOC,fp,MLP,3,361.30993294738425
COCCOC(=O)OC1CCCC1,fp,MLP,3,378.36607360420845
CCCOC(=O)OCCOCCOCC,fp,MLP,3,394.3075430974454
CCCCOC(=O)OCCOCCOC,fp,MLP,3,397.27196047400895
CCCOC(CC)COCCOCCOC,fp,MLP,3,381.2457747938814
CCCCOCCOCCOC(C)COCC,fp,MLP,3,387.8569951249967
CCCOCCOCCOC(=O)OCCC,fp,MLP,3,400.86593292026214
CCCCOC(=O)OCCOCCOCC,fp,MLP,3,403.2117663786743
CCCCOCCOCCOC(=O)OCC,fp,MLP,3,401.08610788875484
CCCOC(=O)OCCOCCOCCOC,fp,MLP,3,411.78936839493764
CCOC(=O)OCCCCOCCOCCOC,fp,MLP,3,416.3842387270375
CCCOC(=O)OCCOCCOCCOCC,fp,MLP,3,417.9010826529047
CC(=O)OCCOCCOCCOC(C)=O,fp,MLP,3,414.9702140929653
CCCOC(=O)OCCCCOC1COCC1OCCC,fp,MLP,3,419.4867550831642
CCCCOC(=O)OCCCCOC1COCC1OCC,fp,MLP,3,419.51098039161894
CCCOC(=O)OCCOCCOCC1CC(OCC)CO1,fp,MLP,3,424.91726521696944
CCCCOC(=O)COCCCOC(=O)CC1CCCO1,fp,MLP,3,420.99480999529385
CCCOC(COCC)(COC(=O)OCC)COC1CCOC1,fp,MLP,3,426.99011218675605
CCCOC(=O)OC(COCC)(COCC)COC1CCOC1,fp,MLP,3,425.0807178102677
CCCCOC(COC)(COC(=O)OCC)COC1CCOC1,fp,MLP,3,429.2717330384227
CC(C)OCC(COCC1CCCO1)OC(=O)OC(C)C,fp,MLP,3,420.2187578321158
CCCOC(COC(=O)OC)C(COC1CCOC1)OCCC,fp,MLP,3,442.9587874703632
CCOC(=O)OCC(COCC(C)C)OCC1CCCO1,fp,MLP,3,433.24815184250605
CCOCC(OCC)C(COC(COC)C1CCCO1)OCC1CCCO1,fp,MLP,3,417.50681352033934
CCOCC(COC1CCOC1)(COC1CCOC1)OC(=O)OC1CCOC1,fp,MLP,3,405.23523900118215
CCCC(=O)OC(COC(=O)COC)COC(C)COCC,fp,MLP,3,451.05617994512653
CCCC(=O)OCC(OC(=O)CCC)C(=O)COC(C)C,fp,MLP,3,435.87370464380916
CCCC(=O)OCC(COC(=O)CCC)OC(=O)CCC,fp,MLP,3,445.9308358803381
CCCCCOCCOCCOC,fp,MLP,4,351.11395490201505
COCCOC(=O)OC1CCCC1,fp,MLP,4,374.790924914594
CCCOC(=O)OCCOCCOCC,fp,MLP,4,387.72824439638856
CCCCOC(=O)OCCOCCOC,fp,MLP,4,387.2655499827175
CCCOC(CC)COCCOCCOC,fp,MLP,4,375.01004735734324
CCCCOCCOCCOC(C)COCC,fp,MLP,4,382.32477854131076
CCCOCCOCCOC(=O)OCCC,fp,MLP,4,393.93453029383653
CCCCOC(=O)OCCOCCOCC,fp,MLP,4,393.46353869451406
CCCCOCCOCCOC(=O)OCC,fp,MLP,4,394.18241273573835
CCCOC(=O)OCCOCCOCCOC,fp,MLP,4,406.7862789579809
CCOC(=O)OCCCCOCCOCCOC,fp,MLP,4,413.83483806395833
CCCOC(=O)OCCOCCOCCOCC,fp,MLP,4,411.6641640875562
CC(=O)OCCOCCOCCOC(C)=O,fp,MLP,4,421.5787792832737
CCCOC(=O)OCCCCOC1COCC1OCCC,fp,MLP,4,444.2642920252581
CCCCOC(=O)OCCCCOC1COCC1OCC,fp,MLP,4,441.6846374092454
CCCOC(=O)OCCOCCOCC1CC(OCC)CO1,fp,MLP,4,445.60013099683124
CCCCOC(=O)COCCCOC(=O)CC1CCCO1,fp,MLP,4,448.0908228837717
CCCOC(COCC)(COC(=O)OCC)COC1CCOC1,fp,MLP,4,446.5672668563153
CCCOC(=O)OC(COCC)(COCC)COC1CCOC1,fp,MLP,4,449.61230712250887
CCCCOC(COC)(COC(=O)OCC)COC1CCOC1,fp,MLP,4,447.1327044658363
CC(C)OCC(COCC1CCCO1)OC(=O)OC(C)C,fp,MLP,4,445.55869531666593
CCCOC(COC(=O)OC)C(COC1CCOC1)OCCC,fp,MLP,4,458.1806372043618
CCOC(=O)OCC(COCC(C)C)OCC1CCCO1,fp,MLP,4,444.4093328514555
CCOCC(OCC)C(COC(COC)C1CCCO1)OCC1CCCO1,fp,MLP,4,497.9021904516918
CCOCC(COC1CCOC1)(COC1CCOC1)OC(=O)OC1CCOC1,fp,MLP,4,498.81693198873074
CCCC(=O)OC(COC(=O)COC)COC(C)COCC,fp,MLP,4,444.9841593043844
CCCC(=O)OCC(OC(=O)CCC)C(=O)COC(C)C,fp,MLP,4,427.77500818064107
CCCC(=O)OCC(COC(=O)CCC)OC(=O)CCC,fp,MLP,4,435.3208701913533
CCCCCOCCOCCOC,fp,D-MPNN,0,367.9776702430649
COCCOC(=O)OC1CCCC1,fp,D-MPNN,0,387.5076829802608
CCCOC(=O)OCCOCCOCC,fp,D-MPNN,0,387.99107275621554
CCCCOC(=O)OCCOCCOC,fp,D-MPNN,0,393.6556226249349
CCCOC(CC)COCCOCCOC,fp,D-MPNN,0,385.3702927261239
CCCCOCCOCCOC(C)COCC,fp,D-MPNN,0,390.6131471467347
CCCOCCOCCOC(=O)OCCC,fp,D-MPNN,0,395.9923760576692
CCCCOC(=O)OCCOCCOCC,fp,D-MPNN,0,396.4883589259395
CCCCOCCOCCOC(=O)OCC,fp,D-MPNN,0,395.6921857913522
CCCOC(=O)OCCOCCOCCOC,fp,D-MPNN,0,409.0463493691267
CCOC(=O)OCCCCOCCOCCOC,fp,D-MPNN,0,412.2809370737091
CCCOC(=O)OCCOCCOCCOCC,fp,D-MPNN,0,411.7859255036389
CC(=O)OCCOCCOCCOC(C)=O,fp,D-MPNN,0,415.870019060063
CCCOC(=O)OCCCCOC1COCC1OCCC,fp,D-MPNN,0,424.2840586394885
CCCCOC(=O)OCCCCOC1COCC1OCC,fp,D-MPNN,0,424.9741068881304
CCCOC(=O)OCCOCCOCC1CC(OCC)CO1,fp,D-MPNN,0,428.5457772984893
CCCCOC(=O)COCCCOC(=O)CC1CCCO1,fp,D-MPNN,0,438.3453357529762
CCCOC(COCC)(COC(=O)OCC)COC1CCOC1,fp,D-MPNN,0,418.447553093556
CCCOC(=O)OC(COCC)(COCC)COC1CCOC1,fp,D-MPNN,0,419.9023255302815
CCCCOC(COC)(COC(=O)OCC)COC1CCOC1,fp,D-MPNN,0,421.7275299853307
CC(C)OCC(COCC1CCCO1)OC(=O)OC(C)C,fp,D-MPNN,0,411.2975440995429
CCCOC(COC(=O)OC)C(COC1CCOC1)OCCC,fp,D-MPNN,0,423.57013757030353
CCOC(=O)OCC(COCC(C)C)OCC1CCCO1,fp,D-MPNN,0,419.2825443718604
CCOCC(OCC)C(COC(COC)C1CCCO1)OCC1CCCO1,fp,D-MPNN,0,429.17118354039945
CCOCC(COC1CCOC1)(COC1CCOC1)OC(=O)OC1CCOC1,fp,D-MPNN,0,424.7785000997457
CCCC(=O)OC(COC(=O)COC)COC(C)COCC,fp,D-MPNN,0,426.20023572856223
CCCC(=O)OCC(OC(=O)CCC)C(=O)COC(C)C,fp,D-MPNN,0,426.5572258244043
CCCC(=O)OCC(COC(=O)CCC)OC(=O)CCC,fp,D-MPNN,0,433.4818598517188
CCCCCOCCOCCOC,fp,D-MPNN,1,374.6596927841074
COCCOC(=O)OC1CCCC1,fp,D-MPNN,1,382.4143606990905
CCCOC(=O)OCCOCCOCC,fp,D-MPNN,1,391.88325305389446
CCCCOC(=O)OCCOCCOC,fp,D-MPNN,1,405.1129602212359
CCCOC(CC)COCCOCCOC,fp,D-MPNN,1,382.4161720196264
CCCCOCCOCCOC(C)COCC,fp,D-MPNN,1,376.73800093196826
CCCOCCOCCOC(=O)OCCC,fp,D-MPNN,1,399.69705799677416
CCCCOC(=O)OCCOCCOCC,fp,D-MPNN,1,396.0218244569173
CCCCOCCOCCOC(=O)OCC,fp,D-MPNN,1,391.9498351267138
CCCOC(=O)OCCOCCOCCOC,fp,D-MPNN,1,417.0429796965238
CCOC(=O)OCCCCOCCOCCOC,fp,D-MPNN,1,412.3692634740498
CCCOC(=O)OCCOCCOCCOCC,fp,D-MPNN,1,409.58285630660646
CC(=O)OCCOCCOCCOC(C)=O,fp,D-MPNN,1,423.0665002626792
CCCOC(=O)OCCCCOC1COCC1OCCC,fp,D-MPNN,1,403.0931287455562
CCCCOC(=O)OCCCCOC1COCC1OCC,fp,D-MPNN,1,402.284650482035
CCCOC(=O)OCCOCCOCC1CC(OCC)CO1,fp,D-MPNN,1,422.1692114007218
CCCCOC(=O)COCCCOC(=O)CC1CCCO1,fp,D-MPNN,1,422.4155758345727
CCCOC(COCC)(COC(=O)OCC)COC1CCOC1,fp,D-MPNN,1,403.96149858135743
CCCOC(=O)OC(COCC)(COCC)COC1CCOC1,fp,D-MPNN,1,417.0110838944469
CCCCOC(COC)(COC(=O)OCC)COC1CCOC1,fp,D-MPNN,1,418.2402397998724
CC(C)OCC(COCC1CCCO1)OC(=O)OC(C)C,fp,D-MPNN,1,400.36975553276255
CCCOC(COC(=O)OC)C(COC1CCOC1)OCCC,fp,D-MPNN,1,407.4302043186698
CCOC(=O)OCC(COCC(C)C)OCC1CCCO1,fp,D-MPNN,1,415.19986272240806
CCOCC(OCC)C(COC(COC)C1CCCO1)OCC1CCCO1,fp,D-MPNN,1,445.2708514779532
CCOCC(COC1CCOC1)(COC1CCOC1)OC(=O)OC1CCOC1,fp,D-MPNN,1,453.5855538266315
CCCC(=O)OC(COC(=O)COC)COC(C)COCC,fp,D-MPNN,1,418.1534620205978
CCCC(=O)OCC(OC(=O)CCC)C(=O)COC(C)C,fp,D-MPNN,1,397.9501542293646
CCCC(=O)OCC(COC(=O)CCC)OC(=O)CCC,fp,D-MPNN,1,416.50923011140543
CCCCCOCCOCCOC,fp,D-MPNN,2,370.9844789956703
COCCOC(=O)OC1CCCC1,fp,D-MPNN,2,385.107819802995
CCCOC(=O)OCCOCCOCC,fp,D-MPNN,2,394.7089429431203
CCCCOC(=O)OCCOCCOC,fp,D-MPNN,2,397.4831827569956
CCCOC(CC)COCCOCCOC,fp,D-MPNN,2,389.0737390765457
CCCCOCCOCCOC(C)COCC,fp,D-MPNN,2,398.411954319346
CCCOCCOCCOC(=O)OCCC,fp,D-MPNN,2,403.09249330271695
CCCCOC(=O)OCCOCCOCC,fp,D-MPNN,2,401.5861688843276
CCCCOCCOCCOC(=O)OCC,fp,D-MPNN,2,401.0492553619271
CCCOC(=O)OCCOCCOCCOC,fp,D-MPNN,2,421.1572844639461
CCOC(=O)OCCCCOCCOCCOC,fp,D-MPNN,2,419.7513312667931
CCCOC(=O)OCCOCCOCCOCC,fp,D-MPNN,2,424.71553990547335
CC(=O)OCCOCCOCCOC(C)=O,fp,D-MPNN,2,421.3062030794742
CCCOC(=O)OCCCCOC1COCC1OCCC,fp,D-MPNN,2,422.502902546304
CCCCOC(=O)OCCCCOC1COCC1OCC,fp,D-MPNN,2,423.2948902758527
CCCOC(=O)OCCOCCOCC1CC(OCC)CO1,fp,D-MPNN,2,434.2256976237754
CCCCOC(=O)COCCCOC(=O)CC1CCCO1,fp,D-MPNN,2,436.2861564615361
CCCOC(COCC)(COC(=O)OCC)COC1CCOC1,fp,D-MPNN,2,406.2031045836366
CCCOC(=O)OC(COCC)(COCC)COC1CCOC1,fp,D-MPNN,2,412.2521470976193
CCCCOC(COC)(COC(=O)OCC)COC1CCOC1,fp,D-MPNN,2,410.4291821127336
CC(C)OCC(COCC1CCCO1)OC(=O)OC(C)C,fp,D-MPNN,2,413.5455447104919
CCCOC(COC(=O)OC)C(COC1CCOC1)OCCC,fp,D-MPNN,2,407.3917844340988
CCOC(=O)OCC(COCC(C)C)OCC1CCCO1,fp,D-MPNN,2,415.23454367729136
CCOCC(OCC)C(COC(COC)C1CCCO1)OCC1CCCO1,fp,D-MPNN,2,424.9004496998674
CCOCC(COC1CCOC1)(COC1CCOC1)OC(=O)OC1CCOC1,fp,D-MPNN,2,437.5840204346836
CCCC(=O)OC(COC(=O)COC)COC(C)COCC,fp,D-MPNN,2,440.36108012912086
CCCC(=O)OCC(OC(=O)CCC)C(=O)COC(C)C,fp,D-MPNN,2,426.043292546732
CCCC(=O)OCC(COC(=O)CCC)OC(=O)CCC,fp,D-MPNN,2,462.89378095010966
CCCCCOCCOCCOC,fp,D-MPNN,3,378.10078856090814
COCCOC(=O)OC1CCCC1,fp,D-MPNN,3,379.925432804954
CCCOC(=O)OCCOCCOCC,fp,D-MPNN,3,414.11684597313416
CCCCOC(=O)OCCOCCOC,fp,D-MPNN,3,403.715704019366
CCCOC(CC)COCCOCCOC,fp,D-MPNN,3,390.1978381695012
CCCCOCCOCCOC(C)COCC,fp,D-MPNN,3,404.597628460297
CCCOCCOCCOC(=O)OCCC,fp,D-MPNN,3,407.82388631444815
CCCCOC(=O)OCCOCCOCC,fp,D-MPNN,3,407.5043674809304
CCCCOCCOCCOC(=O)OCC,fp,D-MPNN,3,416.8196451028602
CCCOC(=O)OCCOCCOCCOC,fp,D-MPNN,3,423.2532933207463
CCOC(=O)OCCCCOCCOCCOC,fp,D-MPNN,3,426.7367732571734
CCCOC(=O)OCCOCCOCCOCC,fp,D-MPNN,3,432.39139250759865
CC(=O)OCCOCCOCCOC(C)=O,fp,D-MPNN,3,408.9442940080844
CCCOC(=O)OCCCCOC1COCC1OCCC,fp,D-MPNN,3,396.3978922468049
CCCCOC(=O)OCCCCOC1COCC1OCC,fp,D-MPNN,3,392.20203381115095
CCCOC(=O)OCCOCCOCC1CC(OCC)CO1,fp,D-MPNN,3,416.9097907015925
CCCCOC(=O)COCCCOC(=O)CC1CCCO1,fp,D-MPNN,3,436.171203272934
CCCOC(COCC)(COC(=O)OCC)COC1CCOC1,fp,D-MPNN,3,437.5857587114576
CCCOC(=O)OC(COCC)(COCC)COC1CCOC1,fp,D-MPNN,3,447.7516920385519
CCCCOC(COC)(COC(=O)OCC)COC1CCOC1,fp,D-MPNN,3,434.1136133804697
CC(C)OCC(COCC1CCCO1)OC(=O)OC(C)C,fp,D-MPNN,3,409.2920642730281
CCCOC(COC(=O)OC)C(COC1CCOC1)OCCC,fp,D-MPNN,3,408.9607252431388
CCOC(=O)OCC(COCC(C)C)OCC1CCCO1,fp,D-MPNN,3,430.988615761948
CCOCC(OCC)C(COC(COC)C1CCCO1)OCC1CCCO1,fp,D-MPNN,3,428.7130992995834
CCOCC(COC1CCOC1)(COC1CCOC1)OC(=O)OC1CCOC1,fp,D-MPNN,3,441.3523838153209
CCCC(=O)OC(COC(=O)COC)COC(C)COCC,fp,D-MPNN,3,540.2742708359934
CCCC(=O)OCC(OC(=O)CCC)C(=O)COC(C)C,fp,D-MPNN,3,489.31538720830616
CCCC(=O)OCC(COC(=O)CCC)OC(=O)CCC,fp,D-MPNN,3,625.8870400780092
CCCCCOCCOCCOC,fp,D-MPNN,4,366.70937395872926
COCCOC(=O)OC1CCCC1,fp,D-MPNN,4,382.4167560028396
CCCOC(=O)OCCOCCOCC,fp,D-MPNN,4,394.8697773535857
CCCCOC(=O)OCCOCCOC,fp,D-MPNN,4,396.7819312765187
CCCOC(CC)COCCOCCOC,fp,D-MPNN,4,383.61762869029
CCCCOCCOCCOC(C)COCC,fp,D-MPNN,4,388.6277918383635
CCCOCCOCCOC(=O)OCCC,fp,D-MPNN,4,403.6938624923105
CCCCOC(=O)OCCOCCOCC,fp,D-MPNN,4,399.5684640395283
CCCCOCCOCCOC(=O)OCC,fp,D-MPNN,4,402.5013822765653
CCCOC(=O)OCCOCCOCCOC,fp,D-MPNN,4,422.1774936723934
CCOC(=O)OCCCCOCCOCCOC,fp,D-MPNN,4,417.08081409212826
CCCOC(=O)OCCOCCOCCOCC,fp,D-MPNN,4,424.5653539545371
CC(=O)OCCOCCOCCOC(C)=O,fp,D-MPNN,4,417.88538124376936
CCCOC(=O)OCCCCOC1COCC1OCCC,fp,D-MPNN,4,429.01204910605145
CCCCOC(=O)OCCCCOC1COCC1OCC,fp,D-MPNN,4,425.59514284025227
CCCOC(=O)OCCOCCOCC1CC(OCC)CO1,fp,D-MPNN,4,450.712695245473
CCCCOC(=O)COCCCOC(=O)CC1CCCO1,fp,D-MPNN,4,446.573531999415
CCCOC(COCC)(COC(=O)OCC)COC1CCOC1,fp,D-MPNN,4,437.28122861655805
CCCOC(=O)OC(COCC)(COCC)COC1CCOC1,fp,D-MPNN,4,452.5211383524644
CCCCOC(COC)(COC(=O)OCC)COC1CCOC1,fp,D-MPNN,4,439.1289779961602
CC(C)OCC(COCC1CCCO1)OC(=O)OC(C)C,fp,D-MPNN,4,423.2285776768072
CCCOC(COC(=O)OC)C(COC1CCOC1)OCCC,fp,D-MPNN,4,437.1315422936064
CCOC(=O)OCC(COCC(C)C)OCC1CCCO1,fp,D-MPNN,4,431.7017344551023
CCOCC(OCC)C(COC(COC)C1CCCO1)OCC1CCCO1,fp,D-MPNN,4,457.4079227746703
CCOCC(COC1CCOC1)(COC1CCOC1)OC(=O)OC1CCOC1,fp,D-MPNN,4,480.8367659355372
CCCC(=O)OC(COC(=O)COC)COC(C)COCC,fp,D-MPNN,4,473.5166649114124
CCCC(=O)OCC(OC(=O)CCC)C(=O)COC(C)C,fp,D-MPNN,4,452.0539458196987
CCCC(=O)OCC(COC(=O)CCC)OC(=O)CCC,fp,D-MPNN,4,502.8536984058226
CCCCCOCCOCCOC,fp,Uni-Mol,0,358.3033752441406
COCCOC(=O)OC1CCCC1,fp,Uni-Mol,0,390.2331848144531
CCCOC(=O)OCCOCCOCC,fp,Uni-Mol,0,401.4192810058594
CCCCOC(=O)OCCOCCOC,fp,Uni-Mol,0,387.522705078125
CCCOC(CC)COCCOCCOC,fp,Uni-Mol,0,394.1517639160156
CCCCOCCOCCOC(C)COCC,fp,Uni-Mol,0,403.7169189453125
CCCOCCOCCOC(=O)OCCC,fp,Uni-Mol,0,411.0958557128906
CCCCOC(=O)OCCOCCOCC,fp,Uni-Mol,0,413.97216796875
CCCCOCCOCCOC(=O)OCC,fp,Uni-Mol,0,407.1093444824219
CCCOC(=O)OCCOCCOCCOC,fp,Uni-Mol,0,402.49981689453125
CCOC(=O)OCCCCOCCOCCOC,fp,Uni-Mol,0,409.60284423828125
CCCOC(=O)OCCOCCOCCOCC,fp,Uni-Mol,0,435.42926025390625
CC(=O)OCCOCCOCCOC(C)=O,fp,Uni-Mol,0,448.99658203125
CCCOC(=O)OCCCCOC1COCC1OCCC,fp,Uni-Mol,0,435.5118103027344
CCCCOC(=O)OCCCCOC1COCC1OCC,fp,Uni-Mol,0,426.577392578125
CCCOC(=O)OCCOCCOCC1CC(OCC)CO1,fp,Uni-Mol,0,430.80523681640625
CCCCOC(=O)COCCCOC(=O)CC1CCCO1,fp,Uni-Mol,0,433.7817077636719
CCCOC(COCC)(COC(=O)OCC)COC1CCOC1,fp,Uni-Mol,0,423.36163330078125
CCCOC(=O)OC(COCC)(COCC)COC1CCOC1,fp,Uni-Mol,0,424.6746826171875
CCCCOC(COC)(COC(=O)OCC)COC1CCOC1,fp,Uni-Mol,0,410.65667724609375
CC(C)OCC(COCC1CCCO1)OC(=O)OC(C)C,fp,Uni-Mol,0,430.8016357421875
CCCOC(COC(=O)OC)C(COC1CCOC1)OCCC,fp,Uni-Mol,0,416.9638671875
CCOC(=O)OCC(COCC(C)C)OCC1CCCO1,fp,Uni-Mol,0,413.1214599609375
CCOCC(OCC)C(COC(COC)C1CCCO1)OCC1CCCO1,fp,Uni-Mol,0,438.5575256347656
CCOCC(COC1CCOC1)(COC1CCOC1)OC(=O)OC1CCOC1,fp,Uni-Mol,0,443.2650146484375
CCCC(=O)OC(COC(=O)COC)COC(C)COCC,fp,Uni-Mol,0,446.32568359375
CCCC(=O)OCC(OC(=O)CCC)C(=O)COC(C)C,fp,Uni-Mol,0,437.4747009277344
CCCC(=O)OCC(COC(=O)CCC)OC(=O)CCC,fp,Uni-Mol,0,643.1212158203125
CCCCCOCCOCCOC,fp,Uni-Mol,1,357.6216125488281
COCCOC(=O)OC1CCCC1,fp,Uni-Mol,1,376.333740234375
CCCOC(=O)OCCOCCOCC,fp,Uni-Mol,1,394.33697509765625
CCCCOC(=O)OCCOCCOC,fp,Uni-Mol,1,387.5606689453125
CCCOC(CC)COCCOCCOC,fp,Uni-Mol,1,388.7449035644531
CCCCOCCOCCOC(C)COCC,fp,Uni-Mol,1,403.65777587890625
CCCOCCOCCOC(=O)OCCC,fp,Uni-Mol,1,402.1300354003906
CCCCOC(=O)OCCOCCOCC,fp,Uni-Mol,1,400.4332580566406
CCCCOCCOCCOC(=O)OCC,fp,Uni-Mol,1,395.457275390625
CCCOC(=O)OCCOCCOCCOC,fp,Uni-Mol,1,419.12310791015625
CCOC(=O)OCCCCOCCOCCOC,fp,Uni-Mol,1,415.7107849121094
CCCOC(=O)OCCOCCOCCOCC,fp,Uni-Mol,1,423.3092956542969
CC(=O)OCCOCCOCCOC(C)=O,fp,Uni-Mol,1,452.9153747558594
CCCOC(=O)OCCCCOC1COCC1OCCC,fp,Uni-Mol,1,439.6671447753906
CCCCOC(=O)OCCCCOC1COCC1OCC,fp,Uni-Mol,1,442.71563720703125
CCCOC(=O)OCCOCCOCC1CC(OCC)CO1,fp,Uni-Mol,1,441.5259094238281
CCCCOC(=O)COCCCOC(=O)CC1CCCO1,fp,Uni-Mol,1,443.47332763671875
CCCOC(COCC)(COC(=O)OCC)COC1CCOC1,fp,Uni-Mol,1,415.17999267578125
CCCOC(=O)OC(COCC)(COCC)COC1CCOC1,fp,Uni-Mol,1,417.3632507324219
CCCCOC(COC)(COC(=O)OCC)COC1CCOC1,fp,Uni-Mol,1,417.0903625488281
CC(C)OCC(COCC1CCCO1)OC(=O)OC(C)C,fp,Uni-Mol,1,414.6337585449219
CCCOC(COC(=O)OC)C(COC1CCOC1)OCCC,fp,Uni-Mol,1,408.6829528808594
CCOC(=O)OCC(COCC(C)C)OCC1CCCO1,fp,Uni-Mol,1,413.3995361328125
CCOCC(OCC)C(COC(COC)C1CCCO1)OCC1CCCO1,fp,Uni-Mol,1,427.8917236328125
CCOCC(COC1CCOC1)(COC1CCOC1)OC(=O)OC1CCOC1,fp,Uni-Mol,1,443.6512756347656
CCCC(=O)OC(COC(=O)COC)COC(C)COCC,fp,Uni-Mol,1,410.46697998046875
CCCC(=O)OCC(OC(=O)CCC)C(=O)COC(C)C,fp,Uni-Mol,1,406.4466552734375
CCCC(=O)OCC(COC(=O)CCC)OC(=O)CCC,fp,Uni-Mol,1,413.0339050292969
CCCCCOCCOCCOC,fp,Uni-Mol,2,362.3644714355469
COCCOC(=O)OC1CCCC1,fp,Uni-Mol,2,383.07257080078125
CCCOC(=O)OCCOCCOCC,fp,Uni-Mol,2,415.0655517578125
CCCCOC(=O)OCCOCCOC,fp,Uni-Mol,2,397.6747131347656
CCCOC(CC)COCCOCCOC,fp,Uni-Mol,2,396.6650390625
CCCCOCCOCCOC(C)COCC,fp,Uni-Mol,2,416.1999206542969
CCCOCCOCCOC(=O)OCCC,fp,Uni-Mol,2,413.9949951171875
CCCCOC(=O)OCCOCCOCC,fp,Uni-Mol,2,424.6568298339844
CCCCOCCOCCOC(=O)OCC,fp,Uni-Mol,2,412.0075988769531
CCCOC(=O)OCCOCCOCCOC,fp,Uni-Mol,2,422.53204345703125
CCOC(=O)OCCCCOCCOCCOC,fp,Uni-Mol,2,426.3883972167969
CCCOC(=O)OCCOCCOCCOCC,fp,Uni-Mol,2,447.4219970703125
CC(=O)OCCOCCOCCOC(C)=O,fp,Uni-Mol,2,450.02349853515625
CCCOC(=O)OCCCCOC1COCC1OCCC,fp,Uni-Mol,2,444.7296447753906
CCCCOC(=O)OCCCCOC1COCC1OCC,fp,Uni-Mol,2,445.9418640136719
CCCOC(=O)OCCOCCOCC1CC(OCC)CO1,fp,Uni-Mol,2,466.95281982421875
CCCCOC(=O)COCCCOC(=O)CC1CCCO1,fp,Uni-Mol,2,449.8585205078125
CCCOC(COCC)(COC(=O)OCC)COC1CCOC1,fp,Uni-Mol,2,427.1426086425781
CCCOC(=O)OC(COCC)(COCC)COC1CCOC1,fp,Uni-Mol,2,424.78387451171875
CCCCOC(COC)(COC(=O)OCC)COC1CCOC1,fp,Uni-Mol,2,430.0362548828125
CC(C)OCC(COCC1CCCO1)OC(=O)OC(C)C,fp,Uni-Mol,2,429.5479736328125
CCCOC(COC(=O)OC)C(COC1CCOC1)OCCC,fp,Uni-Mol,2,422.0104675292969
CCOC(=O)OCC(COCC(C)C)OCC1CCCO1,fp,Uni-Mol,2,421.4917907714844
CCOCC(OCC)C(COC(COC)C1CCCO1)OCC1CCCO1,fp,Uni-Mol,2,452.70892333984375
CCOCC(COC1CCOC1)(COC1CCOC1)OC(=O)OC1CCOC1,fp,Uni-Mol,2,454.3438720703125
CCCC(=O)OC(COC(=O)COC)COC(C)COCC,fp,Uni-Mol,2,476.61883544921875
CCCC(=O)OCC(OC(=O)CCC)C(=O)COC(C)C,fp,Uni-Mol,2,462.0433044433594
CCCC(=O)OCC(COC(=O)CCC)OC(=O)CCC,fp,Uni-Mol,2,637.2998046875
CCCCCOCCOCCOC,fp,Uni-Mol,3,357.02392578125
COCCOC(=O)OC1CCCC1,fp,Uni-Mol,3,385.611328125
CCCOC(=O)OCCOCCOCC,fp,Uni-Mol,3,403.5325622558594
CCCCOC(=O)OCCOCCOC,fp,Uni-Mol,3,388.46783447265625
CCCOC(CC)COCCOCCOC,fp,Uni-Mol,3,390.88525390625
CCCCOCCOCCOC(C)COCC,fp,Uni-Mol,3,412.956298828125
CCCOCCOCCOC(=O)OCCC,fp,Uni-Mol,3,418.3559265136719
CCCCOC(=O)OCCOCCOCC,fp,Uni-Mol,3,412.2734069824219
CCCCOCCOCCOC(=O)OCC,fp,Uni-Mol,3,398.9297790527344
CCCOC(=O)OCCOCCOCCOC,fp,Uni-Mol,3,408.8017272949219
CCOC(=O)OCCCCOCCOCCOC,fp,Uni-Mol,3,408.1064758300781
CCCOC(=O)OCCOCCOCCOCC,fp,Uni-Mol,3,433.7823181152344
CC(=O)OCCOCCOCCOC(C)=O,fp,Uni-Mol,3,419.6903381347656
CCCOC(=O)OCCCCOC1COCC1OCCC,fp,Uni-Mol,3,419.7859191894531
CCCCOC(=O)OCCCCOC1COCC1OCC,fp,Uni-Mol,3,439.91571044921875
CCCOC(=O)OCCOCCOCC1CC(OCC)CO1,fp,Uni-Mol,3,440.1700134277344
CCCCOC(=O)COCCCOC(=O)CC1CCCO1,fp,Uni-Mol,3,445.22857666015625
CCCOC(COCC)(COC(=O)OCC)COC1CCOC1,fp,Uni-Mol,3,423.1885681152344
CCCOC(=O)OC(COCC)(COCC)COC1CCOC1,fp,Uni-Mol,3,422.0426025390625
CCCCOC(COC)(COC(=O)OCC)COC1CCOC1,fp,Uni-Mol,3,420.5867004394531
CC(C)OCC(COCC1CCCO1)OC(=O)OC(C)C,fp,Uni-Mol,3,436.3410949707031
CCCOC(COC(=O)OC)C(COC1CCOC1)OCCC,fp,Uni-Mol,3,413.69195556640625
CCOC(=O)OCC(COCC(C)C)OCC1CCCO1,fp,Uni-Mol,3,413.1910705566406
CCOCC(OCC)C(COC(COC)C1CCCO1)OCC1CCCO1,fp,Uni-Mol,3,435.28875732421875
CCOCC(COC1CCOC1)(COC1CCOC1)OC(=O)OC1CCOC1,fp,Uni-Mol,3,445.1536865234375
CCCC(=O)OC(COC(=O)COC)COC(C)COCC,fp,Uni-Mol,3,434.4951477050781
CCCC(=O)OCC(OC(=O)CCC)C(=O)COC(C)C,fp,Uni-Mol,3,472.4852294921875
CCCC(=O)OCC(COC(=O)CCC)OC(=O)CCC,fp,Uni-Mol,3,633.438232421875
CCCCCOCCOCCOC,fp,Uni-Mol,4,355.4808349609375
COCCOC(=O)OC1CCCC1,fp,Uni-Mol,4,387.7553405761719
CCCOC(=O)OCCOCCOCC,fp,Uni-Mol,4,400.0924377441406
CCCCOC(=O)OCCOCCOC,fp,Uni-Mol,4,381.4776611328125
CCCOC(CC)COCCOCCOC,fp,Uni-Mol,4,387.142578125
CCCCOCCOCCOC(C)COCC,fp,Uni-Mol,4,396.05401611328125
CCCOCCOCCOC(=O)OCCC,fp,Uni-Mol,4,407.3388366699219
CCCCOC(=O)OCCOCCOCC,fp,Uni-Mol,4,408.4169006347656
CCCCOCCOCCOC(=O)OCC,fp,Uni-Mol,4,410.5726318359375
CCCOC(=O)OCCOCCOCCOC,fp,Uni-Mol,4,412.08807373046875
CCOC(=O)OCCCCOCCOCCOC,fp,Uni-Mol,4,421.6586608886719
CCCOC(=O)OCCOCCOCCOCC,fp,Uni-Mol,4,439.6681213378906
CC(=O)OCCOCCOCCOC(C)=O,fp,Uni-Mol,4,448.5528869628906
CCCOC(=O)OCCCCOC1COCC1OCCC,fp,Uni-Mol,4,447.0473937988281
CCCCOC(=O)OCCCCOC1COCC1OCC,fp,Uni-Mol,4,430.1727294921875
CCCOC(=O)OCCOCCOCC1CC(OCC)CO1,fp,Uni-Mol,4,448.7565002441406
CCCCOC(=O)COCCCOC(=O)CC1CCCO1,fp,Uni-Mol,4,445.7446594238281
CCCOC(COCC)(COC(=O)OCC)COC1CCOC1,fp,Uni-Mol,4,421.2067565917969
CCCOC(=O)OC(COCC)(COCC)COC1CCOC1,fp,Uni-Mol,4,419.028564453125
CCCCOC(COC)(COC(=O)OCC)COC1CCOC1,fp,Uni-Mol,4,424.9342041015625
CC(C)OCC(COCC1CCCO1)OC(=O)OC(C)C,fp,Uni-Mol,4,420.2817687988281
CCCOC(COC(=O)OC)C(COC1CCOC1)OCCC,fp,Uni-Mol,4,416.50469970703125
CCOC(=O)OCC(COCC(C)C)OCC1CCCO1,fp,Uni-Mol,4,419.20477294921875
CCOCC(OCC)C(COC(COC)C1CCCO1)OCC1CCCO1,fp,Uni-Mol,4,442.1061096191406
CCOCC(COC1CCOC1)(COC1CCOC1)OC(=O)OC1CCOC1,fp,Uni-Mol,4,442.885498046875
CCCC(=O)OC(COC(=O)COC)COC(C)COCC,fp,Uni-Mol,4,473.3196105957031
CCCC(=O)OCC(OC(=O)CCC)C(=O)COC(C)C,fp,Uni-Mol,4,472.05072021484375
CCCC(=O)OCC(COC(=O)CCC)OC(=O)CCC,fp,Uni-Mol,4,639.2422485351562
CCCCCOCCOCCOC,mp,XGBoost,0,-40.10684585571289
COCCOC(=O)OC1CCCC1,mp,XGBoost,0,-35.617069244384766
CCCOC(=O)OCCOCCOCC,mp,XGBoost,0,-36.3046989440918
CCCCOC(=O)OCCOCCOC,mp,XGBoost,0,-33.83188247680664
CCCOC(CC)COCCOCCOC,mp,XGBoost,0,-43.27537155151367
CCCCOCCOCCOC(C)COCC,mp,XGBoost,0,-33.355098724365234
CCCOCCOCCOC(=O)OCCC,mp,XGBoost,0,-46.61115264892578
CCCCOC(=O)OCCOCCOCC,mp,XGBoost,0,-24.80039405822754
CCCCOCCOCCOC(=O)OCC,mp,XGBoost,0,-22.704418182373047
CCCOC(=O)OCCOCCOCCOC,mp,XGBoost,0,-24.00839614868164
CCOC(=O)OCCCCOCCOCCOC,mp,XGBoost,0,-20.183399200439453
CCCOC(=O)OCCOCCOCCOCC,mp,XGBoost,0,-21.007549285888672
CC(=O)OCCOCCOCCOC(C)=O,mp,XGBoost,0,-41.0561408996582
CCCOC(=O)OCCCCOC1COCC1OCCC,mp,XGBoost,0,-43.77349090576172
CCCCOC(=O)OCCCCOC1COCC1OCC,mp,XGBoost,0,-31.322298049926758
CCCOC(=O)OCCOCCOCC1CC(OCC)CO1,mp,XGBoost,0,-29.172607421875
CCCCOC(=O)COCCCOC(=O)CC1CCCO1,mp,XGBoost,0,-31.621728897094727
CCCOC(COCC)(COC(=O)OCC)COC1CCOC1,mp,XGBoost,0,-43.89664840698242
CCCOC(=O)OC(COCC)(COCC)COC1CCOC1,mp,XGBoost,0,-49.73388671875
CCCCOC(COC)(COC(=O)OCC)COC1CCOC1,mp,XGBoost,0,-38.421966552734375
CC(C)OCC(COCC1CCCO1)OC(=O)OC(C)C,mp,XGBoost,0,-39.34218215942383
CCCOC(COC(=O)OC)C(COC1CCOC1)OCCC,mp,XGBoost,0,-44.87191390991211
CCOC(=O)OCC(COCC(C)C)OCC1CCCO1,mp,XGBoost,0,-33.18186950683594
CCOCC(OCC)C(COC(COC)C1CCCO1)OCC1CCCO1,mp,XGBoost,0,-15.275988578796387
CCOCC(COC1CCOC1)(COC1CCOC1)OC(=O)OC1CCOC1,mp,XGBoost,0,-11.837891578674316
CCCC(=O)OC(COC(=O)COC)COC(C)COCC,mp,XGBoost,0,-36.74739074707031
CCCC(=O)OCC(OC(=O)CCC)C(=O)COC(C)C,mp,XGBoost,0,-40.821632385253906
CCCC(=O)OCC(COC(=O)CCC)OC(=O)CCC,mp,XGBoost,0,-39.20745849609375
CCCCCOCCOCCOC,mp,XGBoost,1,-27.96963119506836
COCCOC(=O)OC1CCCC1,mp,XGBoost,1,-29.696229934692383
CCCOC(=O)OCCOCCOCC,mp,XGBoost,1,-32.8889274597168
CCCCOC(=O)OCCOCCOC,mp,XGBoost,1,-21.394392013549805
CCCOC(CC)COCCOCCOC,mp,XGBoost,1,-18.986576080322266
CCCCOCCOCCOC(C)COCC,mp,XGBoost,1,-18.35884666442871
CCCOCCOCCOC(=O)OCCC,mp,XGBoost,1,-28.158405303955078
CCCCOC(=O)OCCOCCOCC,mp,XGBoost,1,-37.23707962036133
CCCCOCCOCCOC(=O)OCC,mp,XGBoost,1,-29.570222854614258
CCCOC(=O)OCCOCCOCCOC,mp,XGBoost,1,-13.795774459838867
CCOC(=O)OCCCCOCCOCCOC,mp,XGBoost,1,-15.738024711608887
CCCOC(=O)OCCOCCOCCOCC,mp,XGBoost,1,-23.64349365234375
CC(=O)OCCOCCOCCOC(C)=O,mp,XGBoost,1,-42.434879302978516
CCCOC(=O)OCCCCOC1COCC1OCCC,mp,XGBoost,1,-36.072940826416016
CCCCOC(=O)OCCCCOC1COCC1OCC,mp,XGBoost,1,-27.72746467590332
CCCOC(=O)OCCOCCOCC1CC(OCC)CO1,mp,XGBoost,1,-35.26656723022461
CCCCOC(=O)COCCCOC(=O)CC1CCCO1,mp,XGBoost,1,-39.23739242553711
CCCOC(COCC)(COC(=O)OCC)COC1CCOC1,mp,XGBoost,1,-19.446712493896484
CCCOC(=O)OC(COCC)(COCC)COC1CCOC1,mp,XGBoost,1,-12.47878646850586
CCCCOC(COC)(COC(=O)OCC)COC1CCOC1,mp,XGBoost,1,-7.335666179656982
CC(C)OCC(COCC1CCCO1)OC(=O)OC(C)C,mp,XGBoost,1,-42.0921745300293
CCCOC(COC(=O)OC)C(COC1CCOC1)OCCC,mp,XGBoost,1,-36.067928314208984
CCOC(=O)OCC(COCC(C)C)OCC1CCCO1,mp,XGBoost,1,-27.067277908325195
CCOCC(OCC)C(COC(COC)C1CCCO1)OCC1CCCO1,mp,XGBoost,1,-5.856493949890137
CCOCC(COC1CCOC1)(COC1CCOC1)OC(=O)OC1CCOC1,mp,XGBoost,1,15.044400215148926
CCCC(=O)OC(COC(=O)COC)COC(C)COCC,mp,XGBoost,1,1.0833687782287598
CCCC(=O)OCC(OC(=O)CCC)C(=O)COC(C)C,mp,XGBoost,1,-22.169767379760742
CCCC(=O)OCC(COC(=O)CCC)OC(=O)CCC,mp,XGBoost,1,-21.080232620239258
CCCCCOCCOCCOC,mp,XGBoost,2,-38.592918395996094
COCCOC(=O)OC1CCCC1,mp,XGBoost,2,-20.72469711303711
CCCOC(=O)OCCOCCOCC,mp,XGBoost,2,-26.576499938964844
CCCCOC(=O)OCCOCCOC,mp,XGBoost,2,-22.76868438720703
CCCOC(CC)COCCOCCOC,mp,XGBoost,2,-16.535554885864258
CCCCOCCOCCOC(C)COCC,mp,XGBoost,2,8.16958236694336
CCCOCCOCCOC(=O)OCCC,mp,XGBoost,2,-44.135215759277344
CCCCOC(=O)OCCOCCOCC,mp,XGBoost,2,-37.68934631347656
CCCCOCCOCCOC(=O)OCC,mp,XGBoost,2,-25.758684158325195
CCCOC(=O)OCCOCCOCCOC,mp,XGBoost,2,0.8902377486228943
CCOC(=O)OCCCCOCCOCCOC,mp,XGBoost,2,-4.596473217010498
CCCOC(=O)OCCOCCOCCOCC,mp,XGBoost,2,-15.516222953796387
CC(=O)OCCOCCOCCOC(C)=O,mp,XGBoost,2,-36.04771041870117
CCCOC(=O)OCCCCOC1COCC1OCCC,mp,XGBoost,2,-23.224098205566406
CCCCOC(=O)OCCCCOC1COCC1OCC,mp,XGBoost,2,-12.276731491088867
CCCOC(=O)OCCOCCOCC1CC(OCC)CO1,mp,XGBoost,2,-6.0059943199157715
CCCCOC(=O)COCCCOC(=O)CC1CCCO1,mp,XGBoost,2,-8.28162956237793
CCCOC(COCC)(COC(=O)OCC)COC1CCOC1,mp,XGBoost,2,-4.5791015625
CCCOC(=O)OC(COCC)(COCC)COC1CCOC1,mp,XGBoost,2,-24.5795841217041
CCCCOC(COC)(COC(=O)OCC)COC1CCOC1,mp,XGBoost,2,2.629767417907715
CC(C)OCC(COCC1CCCO1)OC(=O)OC(C)C,mp,XGBoost,2,-9.150084495544434
CCCOC(COC(=O)OC)C(COC1CCOC1)OCCC,mp,XGBoost,2,-7.820828914642334
CCOC(=O)OCC(COCC(C)C)OCC1CCCO1,mp,XGBoost,2,-2.4976656436920166
CCOCC(OCC)C(COC(COC)C1CCCO1)OCC1CCCO1,mp,XGBoost,2,-10.652810096740723
CCOCC(COC1CCOC1)(COC1CCOC1)OC(=O)OC1CCOC1,mp,XGBoost,2,22.196361541748047
CCCC(=O)OC(COC(=O)COC)COC(C)COCC,mp,XGBoost,2,-17.744918823242188
CCCC(=O)OCC(OC(=O)CCC)C(=O)COC(C)C,mp,XGBoost,2,-39.45512390136719
CCCC(=O)OCC(COC(=O)CCC)OC(=O)CCC,mp,XGBoost,2,-29.914308547973633
CCCCCOCCOCCOC,mp,XGBoost,3,-59.805179595947266
COCCOC(=O)OC1CCCC1,mp,XGBoost,3,-43.477867126464844
CCCOC(=O)OCCOCCOCC,mp,XGBoost,3,-45.80845642089844
CCCCOC(=O)OCCOCCOC,mp,XGBoost,3,-42.85280990600586
CCCOC(CC)COCCOCCOC,mp,XGBoost,3,-39.97719955444336
CCCCOCCOCCOC(C)COCC,mp,XGBoost,3,-33.18904495239258
CCCOCCOCCOC(=O)OCCC,mp,XGBoost,3,-47.05121612548828
CCCCOC(=O)OCCOCCOCC,mp,XGBoost,3,-42.052467346191406
CCCCOCCOCCOC(=O)OCC,mp,XGBoost,3,-42.08185577392578
CCCOC(=O)OCCOCCOCCOC,mp,XGBoost,3,-37.0131950378418
CCOC(=O)OCCCCOCCOCCOC,mp,XGBoost,3,-44.70956039428711
CCCOC(=O)OCCOCCOCCOCC,mp,XGBoost,3,-44.13184356689453
CC(=O)OCCOCCOCCOC(C)=O,mp,XGBoost,3,17.012496948242188
CCCOC(=O)OCCCCOC1COCC1OCCC,mp,XGBoost,3,-48.26994705200195
CCCCOC(=O)OCCCCOC1COCC1OCC,mp,XGBoost,3,-37.84441375732422
CCCOC(=O)OCCOCCOCC1CC(OCC)CO1,mp,XGBoost,3,-40.389915466308594
CCCCOC(=O)COCCCOC(=O)CC1CCCO1,mp,XGBoost,3,-19.211414337158203
CCCOC(COCC)(COC(=O)OCC)COC1CCOC1,mp,XGBoost,3,-49.222225189208984
CCCOC(=O)OC(COCC)(COCC)COC1CCOC1,mp,XGBoost,3,-67.22154998779297
CCCCOC(COC)(COC(=O)OCC)COC1CCOC1,mp,XGBoost,3,-30.136999130249023
CC(C)OCC(COCC1CCCO1)OC(=O)OC(C)C,mp,XGBoost,3,-51.31210708618164
CCCOC(COC(=O)OC)C(COC1CCOC1)OCCC,mp,XGBoost,3,-26.234975814819336
CCOC(=O)OCC(COCC(C)C)OCC1CCCO1,mp,XGBoost,3,-54.935157775878906
CCOCC(OCC)C(COC(COC)C1CCCO1)OCC1CCCO1,mp,XGBoost,3,-35.72126770019531
CCOCC(COC1CCOC1)(COC1CCOC1)OC(=O)OC1CCOC1,mp,XGBoost,3,-1.0542186498641968
CCCC(=O)OC(COC(=O)COC)COC(C)COCC,mp,XGBoost,3,-11.754916191101074
CCCC(=O)OCC(OC(=O)CCC)C(=O)COC(C)C,mp,XGBoost,3,-30.51736831665039
CCCC(=O)OCC(COC(=O)CCC)OC(=O)CCC,mp,XGBoost,3,-47.47074890136719
CCCCCOCCOCCOC,mp,XGBoost,4,-38.984291076660156
COCCOC(=O)OC1CCCC1,mp,XGBoost,4,-21.761445999145508
CCCOC(=O)OCCOCCOCC,mp,XGBoost,4,-45.01626968383789
CCCCOC(=O)OCCOCCOC,mp,XGBoost,4,-47.13203811645508
CCCOC(CC)COCCOCCOC,mp,XGBoost,4,-41.964847564697266
CCCCOCCOCCOC(C)COCC,mp,XGBoost,4,-44.59144592285156
CCCOCCOCCOC(=O)OCCC,mp,XGBoost,4,-56.19611740112305
CCCCOC(=O)OCCOCCOCC,mp,XGBoost,4,-50.015541076660156
CCCCOCCOCCOC(=O)OCC,mp,XGBoost,4,-40.505313873291016
CCCOC(=O)OCCOCCOCCOC,mp,XGBoost,4,-11.700170516967773
CCOC(=O)OCCCCOCCOCCOC,mp,XGBoost,4,-14.741358757019043
CCCOC(=O)OCCOCCOCCOCC,mp,XGBoost,4,-30.705759048461914
CC(=O)OCCOCCOCCOC(C)=O,mp,XGBoost,4,-40.509483337402344
CCCOC(=O)OCCCCOC1COCC1OCCC,mp,XGBoost,4,-39.80804443359375
CCCCOC(=O)OCCCCOC1COCC1OCC,mp,XGBoost,4,-27.981279373168945
CCCOC(=O)OCCOCCOCC1CC(OCC)CO1,mp,XGBoost,4,-23.8419189453125
CCCCOC(=O)COCCCOC(=O)CC1CCCO1,mp,XGBoost,4,-38.86033630371094
CCCOC(COCC)(COC(=O)OCC)COC1CCOC1,mp,XGBoost,4,-26.354421615600586
CCCOC(=O)OC(COCC)(COCC)COC1CCOC1,mp,XGBoost,4,-43.26671600341797
CCCCOC(COC)(COC(=O)OCC)COC1CCOC1,mp,XGBoost,4,-20.730119705200195
CC(C)OCC(COCC1CCCO1)OC(=O)OC(C)C,mp,XGBoost,4,-32.4470100402832
CCCOC(COC(=O)OC)C(COC1CCOC1)OCCC,mp,XGBoost,4,-11.679215431213379
CCOC(=O)OCC(COCC(C)C)OCC1CCCO1,mp,XGBoost,4,-25.431901931762695
CCOCC(OCC)C(COC(COC)C1CCCO1)OCC1CCCO1,mp,XGBoost,4,4.636908531188965
CCOCC(COC1CCOC1)(COC1CCOC1)OC(=O)OC1CCOC1,mp,XGBoost,4,14.850879669189453
CCCC(=O)OC(COC(=O)COC)COC(C)COCC,mp,XGBoost,4,-35.33219909667969
CCCC(=O)OCC(OC(=O)CCC)C(=O)COC(C)C,mp,XGBoost,4,-30.56490707397461
CCCC(=O)OCC(COC(=O)CCC)OC(=O)CCC,mp,XGBoost,4,-41.561561584472656
CCCCCOCCOCCOC,mp,MLP,0,-56.44013906311161
COCCOC(=O)OC1CCCC1,mp,MLP,0,-24.510642634641094
CCCOC(=O)OCCOCCOCC,mp,MLP,0,-40.630703284022026
CCCCOC(=O)OCCOCCOC,mp,MLP,0,-47.20593287802159
CCCOC(CC)COCCOCCOC,mp,MLP,0,-40.7038872592994
CCCCOCCOCCOC(C)COCC,mp,MLP,0,-53.367879885837745
CCCOCCOCCOC(=O)OCCC,mp,MLP,0,-38.54722872094481
CCCCOC(=O)OCCOCCOCC,mp,MLP,0,-42.45523063006997
CCCCOCCOCCOC(=O)OCC,mp,MLP,0,-43.93988205684179
CCCOC(=O)OCCOCCOCCOC,mp,MLP,0,-46.906981793491845
CCOC(=O)OCCCCOCCOCCOC,mp,MLP,0,-46.785418736797205
CCCOC(=O)OCCOCCOCCOCC,mp,MLP,0,-43.41752629335739
CC(=O)OCCOCCOCCOC(C)=O,mp,MLP,0,4.336274656272295
CCCOC(=O)OCCCCOC1COCC1OCCC,mp,MLP,0,-8.736743617609676
CCCCOC(=O)OCCCCOC1COCC1OCC,mp,MLP,0,-9.090437119933625
CCCOC(=O)OCCOCCOCC1CC(OCC)CO1,mp,MLP,0,-13.389677044203886
CCCCOC(=O)COCCCOC(=O)CC1CCCO1,mp,MLP,0,-43.318763347723525
CCCOC(COCC)(COC(=O)OCC)COC1CCOC1,mp,MLP,0,-7.731811375001541
CCCOC(=O)OC(COCC)(COCC)COC1CCOC1,mp,MLP,0,-2.9927434411663256
CCCCOC(COC)(COC(=O)OCC)COC1CCOC1,mp,MLP,0,1.9829922270406186
CC(C)OCC(COCC1CCCO1)OC(=O)OC(C)C,mp,MLP,0,-5.26424491143797
CCCOC(COC(=O)OC)C(COC1CCOC1)OCCC,mp,MLP,0,-2.992232905917291
CCOC(=O)OCC(COCC(C)C)OCC1CCCO1,mp,MLP,0,-15.841613422996055
CCOCC(OCC)C(COC(COC)C1CCCO1)OCC1CCCO1,mp,MLP,0,43.53435643609277
CCOCC(COC1CCOC1)(COC1CCOC1)OC(=O)OC1CCOC1,mp,MLP,0,55.69945095827132
CCCC(=O)OC(COC(=O)COC)COC(C)COCC,mp,MLP,0,-81.7981613963934
CCCC(=O)OCC(OC(=O)CCC)C(=O)COC(C)C,mp,MLP,0,-52.23428846344273
CCCC(=O)OCC(COC(=O)CCC)OC(=O)CCC,mp,MLP,0,-21.46567073902481
CCCCCOCCOCCOC,mp,MLP,1,5.827175104206184
COCCOC(=O)OC1CCCC1,mp,MLP,1,-27.130645995292994
CCCOC(=O)OCCOCCOCC,mp,MLP,1,0.9785611635056739
CCCCOC(=O)OCCOCCOC,mp,MLP,1,1.4536934655627718
CCCOC(CC)COCCOCCOC,mp,MLP,1,42.890600499766826
CCCCOCCOCCOC(C)COCC,mp,MLP,1,33.12869242760446
CCCOCCOCCOC(=O)OCCC,mp,MLP,1,1.2190548832203731
CCCCOC(=O)OCCOCCOCC,mp,MLP,1,1.0730892062146467
CCCCOCCOCCOC(=O)OCC,mp,MLP,1,3.22800250317151
CCCOC(=O)OCCOCCOCCOC,mp,MLP,1,13.464650835221917
CCOC(=O)OCCCCOCCOCCOC,mp,MLP,1,10.863590361195897
CCCOC(=O)OCCOCCOCCOCC,mp,MLP,1,12.708289494154386
CC(=O)OCCOCCOCCOC(C)=O,mp,MLP,1,-12.462100052133522
CCCOC(=O)OCCCCOC1COCC1OCCC,mp,MLP,1,-55.12026968605436
CCCCOC(=O)OCCCCOC1COCC1OCC,mp,MLP,1,-59.23228790034334
CCCOC(=O)OCCOCCOCC1CC(OCC)CO1,mp,MLP,1,-62.148665139103784
CCCCOC(=O)COCCCOC(=O)CC1CCCO1,mp,MLP,1,-53.91455376326546
CCCOC(COCC)(COC(=O)OCC)COC1CCOC1,mp,MLP,1,-59.95965176274686
CCCOC(=O)OC(COCC)(COCC)COC1CCOC1,mp,MLP,1,-59.814568828704026
CCCCOC(COC)(COC(=O)OCC)COC1CCOC1,mp,MLP,1,-62.530744031307705
CC(C)OCC(COCC1CCCO1)OC(=O)OC(C)C,mp,MLP,1,-45.43205215382197
CCCOC(COC(=O)OC)C(COC1CCOC1)OCCC,mp,MLP,1,-63.56010101442267
CCOC(=O)OCC(COCC(C)C)OCC1CCCO1,mp,MLP,1,-59.26200713720854
CCOCC(OCC)C(COC(COC)C1CCCO1)OCC1CCCO1,mp,MLP,1,-62.33111294571215
CCOCC(COC1CCOC1)(COC1CCOC1)OC(=O)OC1CCOC1,mp,MLP,1,-99.71039314224154
CCCC(=O)OC(COC(=O)COC)COC(C)COCC,mp,MLP,1,-44.89145360248919
CCCC(=O)OCC(OC(=O)CCC)C(=O)COC(C)C,mp,MLP,1,-21.06324513783592
CCCC(=O)OCC(COC(=O)CCC)OC(=O)CCC,mp,MLP,1,-36.22859296025665
CCCCCOCCOCCOC,mp,MLP,2,-45.071508508031464
COCCOC(=O)OC1CCCC1,mp,MLP,2,-24.19983396958353
CCCOC(=O)OCCOCCOCC,mp,MLP,2,-21.098493117724267
CCCCOC(=O)OCCOCCOC,mp,MLP,2,-28.520064894582653
CCCOC(CC)COCCOCCOC,mp,MLP,2,-7.335621331508072
CCCCOCCOCCOC(C)COCC,mp,MLP,2,-11.641727811572444
CCCOCCOCCOC(=O)OCCC,mp,MLP,2,-21.479160371259432
CCCCOC(=O)OCCOCCOCC,mp,MLP,2,-30.53842699531358
CCCCOCCOCCOC(=O)OCC,mp,MLP,2,-17.969440328564893
CCCOC(=O)OCCOCCOCCOC,mp,MLP,2,-2.2774012250084823
CCOC(=O)OCCCCOCCOCCOC,mp,MLP,2,-2.941314707019572
CCCOC(=O)OCCOCCOCCOCC,mp,MLP,2,-3.391883718593199
CC(=O)OCCOCCOCCOC(C)=O,mp,MLP,2,-1.3774716670907523
CCCOC(=O)OCCCCOC1COCC1OCCC,mp,MLP,2,3.256226667200778
CCCCOC(=O)OCCCCOC1COCC1OCC,mp,MLP,2,0.402710091089304
CCCOC(=O)OCCOCCOCC1CC(OCC)CO1,mp,MLP,2,15.939281304815687
CCCCOC(=O)COCCCOC(=O)CC1CCCO1,mp,MLP,2,-14.213954742787315
CCCOC(COCC)(COC(=O)OCC)COC1CCOC1,mp,MLP,2,-23.70535526518416
CCCOC(=O)OC(COCC)(COCC)COC1CCOC1,mp,MLP,2,-45.47429822748037
CCCCOC(COC)(COC(=O)OCC)COC1CCOC1,mp,MLP,2,-23.855903221859386
CC(C)OCC(COCC1CCCO1)OC(=O)OC(C)C,mp,MLP,2,-31.37003867871433
CCCOC(COC(=O)OC)C(COC1CCOC1)OCCC,mp,MLP,2,-16.917548061764144
CCOC(=O)OCC(COCC(C)C)OCC1CCCO1,mp,MLP,2,-20.866695101445835
CCOCC(OCC)C(COC(COC)C1CCCO1)OCC1CCCO1,mp,MLP,2,-16.830859973041207
CCOCC(COC1CCOC1)(COC1CCOC1)OC(=O)OC1CCOC1,mp,MLP,2,-14.51574725581272
CCCC(=O)OC(COC(=O)COC)COC(C)COCC,mp,MLP,2,-35.398038101276164
CCCC(=O)OCC(OC(=O)CCC)C(=O)COC(C)C,mp,MLP,2,-34.102531881345804
CCCC(=O)OCC(COC(=O)CCC)OC(=O)CCC,mp,MLP,2,-24.339716154215346
CCCCCOCCOCCOC,mp,MLP,3,-69.95822196533723
COCCOC(=O)OC1CCCC1,mp,MLP,3,-56.46155801844776
CCCOC(=O)OCCOCCOCC,mp,MLP,3,-78.78007541583835
CCCCOC(=O)OCCOCCOC,mp,MLP,3,-72.33449907982006
CCCOC(CC)COCCOCCOC,mp,MLP,3,-56.67522638830249
CCCCOCCOCCOC(C)COCC,mp,MLP,3,-66.53106808662122
CCCOCCOCCOC(=O)OCCC,mp,MLP,3,-83.41738767871402
CCCCOC(=O)OCCOCCOCC,mp,MLP,3,-82.8411546152457
CCCCOCCOCCOC(=O)OCC,mp,MLP,3,-89.29126735728627
CCCOC(=O)OCCOCCOCCOC,mp,MLP,3,-62.03858484700007
CCOC(=O)OCCCCOCCOCCOC,mp,MLP,3,-67.96247549702798
CCCOC(=O)OCCOCCOCCOCC,mp,MLP,3,-74.66680040079659
CC(=O)OCCOCCOCCOC(C)=O,mp,MLP,3,9.755358971969699
CCCOC(=O)OCCCCOC1COCC1OCCC,mp,MLP,3,-35.60336961115975
CCCCOC(=O)OCCCCOC1COCC1OCC,mp,MLP,3,-37.5019752938274
CCCOC(=O)OCCOCCOCC1CC(OCC)CO1,mp,MLP,3,-50.238682362948154
CCCCOC(=O)COCCCOC(=O)CC1CCCO1,mp,MLP,3,-15.48225866125874
CCCOC(COCC)(COC(=O)OCC)COC1CCOC1,mp,MLP,3,-55.732123727691004
CCCOC(=O)OC(COCC)(COCC)COC1CCOC1,mp,MLP,3,-61.0955253949938
CCCCOC(COC)(COC(=O)OCC)COC1CCOC1,mp,MLP,3,-33.00342585764945
CC(C)OCC(COCC1CCCO1)OC(=O)OC(C)C,mp,MLP,3,-53.887925570711886
CCCOC(COC(=O)OC)C(COC1CCOC1)OCCC,mp,MLP,3,-38.94179950063926
CCOC(=O)OCC(COCC(C)C)OCC1CCCO1,mp,MLP,3,-56.38293232043128
CCOCC(OCC)C(COC(COC)C1CCCO1)OCC1CCCO1,mp,MLP,3,-48.607097064540866
CCOCC(COC1CCOC1)(COC1CCOC1)OC(=O)OC1CCOC1,mp,MLP,3,-49.686800840909
CCCC(=O)OC(COC(=O)COC)COC(C)COCC,mp,MLP,3,-21.123020526662614
CCCC(=O)OCC(OC(=O)CCC)C(=O)COC(C)C,mp,MLP,3,-2.409570357369539
CCCC(=O)OCC(COC(=O)CCC)OC(=O)CCC,mp,MLP,3,-24.88017942748708
CCCCCOCCOCCOC,mp,MLP,4,-40.63861698578205
COCCOC(=O)OC1CCCC1,mp,MLP,4,-26.094574696181596
CCCOC(=O)OCCOCCOCC,mp,MLP,4,-17.061772057158848
CCCCOC(=O)OCCOCCOC,mp,MLP,4,-29.298877337797236
CCCOC(CC)COCCOCCOC,mp,MLP,4,-34.81664200959891
CCCCOCCOCCOC(C)COCC,mp,MLP,4,-29.98120281801026
CCCOCCOCCOC(=O)OCCC,mp,MLP,4,-16.87473338276331
CCCCOC(=O)OCCOCCOCC,mp,MLP,4,-23.343789818751446
CCCCOCCOCCOC(=O)OCC,mp,MLP,4,-29.524959307765542
CCCOC(=O)OCCOCCOCCOC,mp,MLP,4,-3.7592602130568764
CCOC(=O)OCCCCOCCOCCOC,mp,MLP,4,-5.548183298695918
CCCOC(=O)OCCOCCOCCOCC,mp,MLP,4,2.6408039005860005
CC(=O)OCCOCCOCCOC(C)=O,mp,MLP,4,-11.456383405653163
CCCOC(=O)OCCCCOC1COCC1OCCC,mp,MLP,4,26.77975053706969
CCCCOC(=O)OCCCCOC1COCC1OCC,mp,MLP,4,32.080454981201655
CCCOC(=O)OCCOCCOCC1CC(OCC)CO1,mp,MLP,4,21.988406200456858
CCCCOC(=O)COCCCOC(=O)CC1CCCO1,mp,MLP,4,14.261390907564085
CCCOC(COCC)(COC(=O)OCC)COC1CCOC1,mp,MLP,4,7.768485857405231
CCCOC(=O)OC(COCC)(COCC)COC1CCOC1,mp,MLP,4,18.275374674332305
CCCCOC(COC)(COC(=O)OCC)COC1CCOC1,mp,MLP,4,-1.5011411041097418
CC(C)OCC(COCC1CCCO1)OC(=O)OC(C)C,mp,MLP,4,-1.8441707971516337
CCCOC(COC(=O)OC)C(COC1CCOC1)OCCC,mp,MLP,4,14.370992673073097
CCOC(=O)OCC(COCC(C)C)OCC1CCCO1,mp,MLP,4,10.195683459014859
CCOCC(OCC)C(COC(COC)C1CCCO1)OCC1CCCO1,mp,MLP,4,24.519196030974456
CCOCC(COC1CCOC1)(COC1CCOC1)OC(=O)OC1CCOC1,mp,MLP,4,59.71145272442118
CCCC(=O)OC(COC(=O)COC)COC(C)COCC,mp,MLP,4,-46.78035211251478
CCCC(=O)OCC(OC(=O)CCC)C(=O)COC(C)C,mp,MLP,4,-13.325464691612801
CCCC(=O)OCC(COC(=O)CCC)OC(=O)CCC,mp,MLP,4,-17.524710433241353
CCCCCOCCOCCOC,mp,D-MPNN,0,-43.62134991015714
COCCOC(=O)OC1CCCC1,mp,D-MPNN,0,-45.08571815857199
CCCOC(=O)OCCOCCOCC,mp,D-MPNN,0,-26.411722254682694
CCCCOC(=O)OCCOCCOC,mp,D-MPNN,0,-34.740975427998
CCCOC(CC)COCCOCCOC,mp,D-MPNN,0,-58.81451412157028
CCCCOCCOCCOC(C)COCC,mp,D-MPNN,0,-33.727011334280924
CCCOCCOCCOC(=O)OCCC,mp,D-MPNN,0,-42.581731912183294
CCCCOC(=O)OCCOCCOCC,mp,D-MPNN,0,-31.03440540404744
CCCCOCCOCCOC(=O)OCC,mp,D-MPNN,0,-27.360041446829648
CCCOC(=O)OCCOCCOCCOC,mp,D-MPNN,0,-20.145309261523884
CCOC(=O)OCCCCOCCOCCOC,mp,D-MPNN,0,1.1041025546550711
CCCOC(=O)OCCOCCOCCOCC,mp,D-MPNN,0,-21.37969845618449
CC(=O)OCCOCCOCCOC(C)=O,mp,D-MPNN,0,-25.437625881468485
CCCOC(=O)OCCCCOC1COCC1OCCC,mp,D-MPNN,0,-4.336654754685057
CCCCOC(=O)OCCCCOC1COCC1OCC,mp,D-MPNN,0,6.763891936980549
CCCOC(=O)OCCOCCOCC1CC(OCC)CO1,mp,D-MPNN,0,7.256666331433536
CCCCOC(=O)COCCCOC(=O)CC1CCCO1,mp,D-MPNN,0,22.87410925948764
CCCOC(COCC)(COC(=O)OCC)COC1CCOC1,mp,D-MPNN,0,36.21650484681901
CCCOC(=O)OC(COCC)(COCC)COC1CCOC1,mp,D-MPNN,0,71.4691268060809
CCCCOC(COC)(COC(=O)OCC)COC1CCOC1,mp,D-MPNN,0,1.348243032010927
CC(C)OCC(COCC1CCCO1)OC(=O)OC(C)C,mp,D-MPNN,0,7.297514102579555
CCCOC(COC(=O)OC)C(COC1CCOC1)OCCC,mp,D-MPNN,0,-9.630666430773497
CCOC(=O)OCC(COCC(C)C)OCC1CCCO1,mp,D-MPNN,0,-1.907103046452292
CCOCC(OCC)C(COC(COC)C1CCCO1)OCC1CCCO1,mp,D-MPNN,0,23.89078852495509
CCOCC(COC1CCOC1)(COC1CCOC1)OC(=O)OC1CCOC1,mp,D-MPNN,0,68.04943732967278
CCCC(=O)OC(COC(=O)COC)COC(C)COCC,mp,D-MPNN,0,16.074410030038322
CCCC(=O)OCC(OC(=O)CCC)C(=O)COC(C)C,mp,D-MPNN,0,24.200037649755554
CCCC(=O)OCC(COC(=O)CCC)OC(=O)CCC,mp,D-MPNN,0,-12.55228985563962
CCCCCOCCOCCOC,mp,D-MPNN,1,-36.56585219572895
COCCOC(=O)OC1CCCC1,mp,D-MPNN,1,-7.154372796779626
CCCOC(=O)OCCOCCOCC,mp,D-MPNN,1,-24.954260339776667
CCCCOC(=O)OCCOCCOC,mp,D-MPNN,1,-13.820008736313994
CCCOC(CC)COCCOCCOC,mp,D-MPNN,1,-28.24810403851265
CCCCOCCOCCOC(C)COCC,mp,D-MPNN,1,-30.389394517180392
CCCOCCOCCOC(=O)OCCC,mp,D-MPNN,1,-30.931840715820613
CCCCOC(=O)OCCOCCOCC,mp,D-MPNN,1,-27.350095906318472
CCCCOCCOCCOC(=O)OCC,mp,D-MPNN,1,-28.57852648204903
CCCOC(=O)OCCOCCOCCOC,mp,D-MPNN,1,-1.2059688638863193
CCOC(=O)OCCCCOCCOCCOC,mp,D-MPNN,1,-2.8455857504421047
CCCOC(=O)OCCOCCOCCOCC,mp,D-MPNN,1,-12.20138276581877
CC(=O)OCCOCCOCCOC(C)=O,mp,D-MPNN,1,-17.617783248268594
CCCOC(=O)OCCCCOC1COCC1OCCC,mp,D-MPNN,1,-19.087649666215327
CCCCOC(=O)OCCCCOC1COCC1OCC,mp,D-MPNN,1,-15.28242756484012
CCCOC(=O)OCCOCCOCC1CC(OCC)CO1,mp,D-MPNN,1,-5.453017192262578
CCCCOC(=O)COCCCOC(=O)CC1CCCO1,mp,D-MPNN,1,-3.701283389200192
CCCOC(COCC)(COC(=O)OCC)COC1CCOC1,mp,D-MPNN,1,9.534744921249905
CCCOC(=O)OC(COCC)(COCC)COC1CCOC1,mp,D-MPNN,1,9.511875054652762
CCCCOC(COC)(COC(=O)OCC)COC1CCOC1,mp,D-MPNN,1,0.1556904669706966
CC(C)OCC(COCC1CCCO1)OC(=O)OC(C)C,mp,D-MPNN,1,-12.72060563191932
CCCOC(COC(=O)OC)C(COC1CCOC1)OCCC,mp,D-MPNN,1,0.1036658612720131
CCOC(=O)OCC(COCC(C)C)OCC1CCCO1,mp,D-MPNN,1,-14.937866483602676
CCOCC(OCC)C(COC(COC)C1CCCO1)OCC1CCCO1,mp,D-MPNN,1,-2.45075809148328
CCOCC(COC1CCOC1)(COC1CCOC1)OC(=O)OC1CCOC1,mp,D-MPNN,1,17.614443067910038
CCCC(=O)OC(COC(=O)COC)COC(C)COCC,mp,D-MPNN,1,1.0788039828195792
CCCC(=O)OCC(OC(=O)CCC)C(=O)COC(C)C,mp,D-MPNN,1,10.236235291134768
CCCC(=O)OCC(COC(=O)CCC)OC(=O)CCC,mp,D-MPNN,1,-23.810171698858383
CCCCCOCCOCCOC,mp,D-MPNN,2,-10.434539346061475
COCCOC(=O)OC1CCCC1,mp,D-MPNN,2,-12.582603933330065
CCCOC(=O)OCCOCCOCC,mp,D-MPNN,2,-6.555735155521731
CCCCOC(=O)OCCOCCOC,mp,D-MPNN,2,-13.531629367926024
CCCOC(CC)COCCOCCOC,mp,D-MPNN,2,-9.315399172590295
CCCCOCCOCCOC(C)COCC,mp,D-MPNN,2,-1.4233798381953235
CCCOCCOCCOC(=O)OCCC,mp,D-MPNN,2,-29.949720169911053
CCCCOC(=O)OCCOCCOCC,mp,D-MPNN,2,-10.64863123068195
CCCCOCCOCCOC(=O)OCC,mp,D-MPNN,2,-18.97946261178513
CCCOC(=O)OCCOCCOCCOC,mp,D-MPNN,2,8.323890678287185
CCOC(=O)OCCCCOCCOCCOC,mp,D-MPNN,2,16.47059618568288
CCCOC(=O)OCCOCCOCCOCC,mp,D-MPNN,2,9.100315627988344
CC(=O)OCCOCCOCCOC(C)=O,mp,D-MPNN,2,-14.212138162946054
CCCOC(=O)OCCCCOC1COCC1OCCC,mp,D-MPNN,2,-16.980686074310235
CCCCOC(=O)OCCCCOC1COCC1OCC,mp,D-MPNN,2,-3.445705548487481
CCCOC(=O)OCCOCCOCC1CC(OCC)CO1,mp,D-MPNN,2,14.027082928656071
CCCCOC(=O)COCCCOC(=O)CC1CCCO1,mp,D-MPNN,2,-15.189316695944465
CCCOC(COCC)(COC(=O)OCC)COC1CCOC1,mp,D-MPNN,2,14.18486861647166
CCCOC(=O)OC(COCC)(COCC)COC1CCOC1,mp,D-MPNN,2,30.53720863276529
CCCCOC(COC)(COC(=O)OCC)COC1CCOC1,mp,D-MPNN,2,1.5331938892529706
CC(C)OCC(COCC1CCCO1)OC(=O)OC(C)C,mp,D-MPNN,2,9.246756595248314
CCCOC(COC(=O)OC)C(COC1CCOC1)OCCC,mp,D-MPNN,2,-5.190693024307073
CCOC(=O)OCC(COCC(C)C)OCC1CCCO1,mp,D-MPNN,2,-4.076904369208918
CCOCC(OCC)C(COC(COC)C1CCCO1)OCC1CCCO1,mp,D-MPNN,2,37.97233351989595
CCOCC(COC1CCOC1)(COC1CCOC1)OC(=O)OC1CCOC1,mp,D-MPNN,2,53.89736896721685
CCCC(=O)OC(COC(=O)COC)COC(C)COCC,mp,D-MPNN,2,-1.6992166571522844
CCCC(=O)OCC(OC(=O)CCC)C(=O)COC(C)C,mp,D-MPNN,2,-0.7156212860581661
CCCC(=O)OCC(COC(=O)CCC)OC(=O)CCC,mp,D-MPNN,2,-46.2899990225607
CCCCCOCCOCCOC,mp,D-MPNN,3,-18.94132252237552
COCCOC(=O)OC1CCCC1,mp,D-MPNN,3,-11.359991333974094
CCCOC(=O)OCCOCCOCC,mp,D-MPNN,3,-18.93453556825103
CCCCOC(=O)OCCOCCOC,mp,D-MPNN,3,-20.651833120992173
CCCOC(CC)COCCOCCOC,mp,D-MPNN,3,-11.133433392734418
CCCCOCCOCCOC(C)COCC,mp,D-MPNN,3,-14.850554041077892
CCCOCCOCCOC(=O)OCCC,mp,D-MPNN,3,-23.323255051099714
CCCCOC(=O)OCCOCCOCC,mp,D-MPNN,3,-25.570597620525117
CCCCOCCOCCOC(=O)OCC,mp,D-MPNN,3,-22.09511359343332
CCCOC(=O)OCCOCCOCCOC,mp,D-MPNN,3,-0.5070850773206104
CCOC(=O)OCCCCOCCOCCOC,mp,D-MPNN,3,-6.68369944000559
CCCOC(=O)OCCOCCOCCOCC,mp,D-MPNN,3,-6.5743279219884485
CC(=O)OCCOCCOCCOC(C)=O,mp,D-MPNN,3,10.454619893283848
CCCOC(=O)OCCCCOC1COCC1OCCC,mp,D-MPNN,3,-20.35905283722756
CCCCOC(=O)OCCCCOC1COCC1OCC,mp,D-MPNN,3,-24.36516397378437
CCCOC(=O)OCCOCCOCC1CC(OCC)CO1,mp,D-MPNN,3,5.527306680093183
CCCCOC(=O)COCCCOC(=O)CC1CCCO1,mp,D-MPNN,3,-11.760000538924572
CCCOC(COCC)(COC(=O)OCC)COC1CCOC1,mp,D-MPNN,3,-17.09979150827892
CCCOC(=O)OC(COCC)(COCC)COC1CCOC1,mp,D-MPNN,3,-18.49907443596229
CCCCOC(COC)(COC(=O)OCC)COC1CCOC1,mp,D-MPNN,3,-14.440810263240811
CC(C)OCC(COCC1CCCO1)OC(=O)OC(C)C,mp,D-MPNN,3,11.994125256364129
CCCOC(COC(=O)OC)C(COC1CCOC1)OCCC,mp,D-MPNN,3,-2.6444028224696297
CCOC(=O)OCC(COCC(C)C)OCC1CCCO1,mp,D-MPNN,3,0.6418484148290133
CCOCC(OCC)C(COC(COC)C1CCCO1)OCC1CCCO1,mp,D-MPNN,3,28.158282906805123
CCOCC(COC1CCOC1)(COC1CCOC1)OC(=O)OC1CCOC1,mp,D-MPNN,3,22.612686532716303
CCCC(=O)OC(COC(=O)COC)COC(C)COCC,mp,D-MPNN,3,3.2894107334021854
CCCC(=O)OCC(OC(=O)CCC)C(=O)COC(C)C,mp,D-MPNN,3,-0.5722825650028369
CCCC(=O)OCC(COC(=O)CCC)OC(=O)CCC,mp,D-MPNN,3,-27.4715268681638
CCCCCOCCOCCOC,mp,D-MPNN,4,-72.53882421032097
COCCOC(=O)OC1CCCC1,mp,D-MPNN,4,-21.805661118149693
CCCOC(=O)OCCOCCOCC,mp,D-MPNN,4,11.356809226988034
CCCCOC(=O)OCCOCCOC,mp,D-MPNN,4,-53.3650713726885
CCCOC(CC)COCCOCCOC,mp,D-MPNN,4,-62.71930866491116
CCCCOCCOCCOC(C)COCC,mp,D-MPNN,4,-10.323009315214373
CCCOCCOCCOC(=O)OCCC,mp,D-MPNN,4,-2.70161660474372
CCCCOC(=O)OCCOCCOCC,mp,D-MPNN,4,-33.258697994974646
CCCCOCCOCCOC(=O)OCC,mp,D-MPNN,4,-16.208525323619902
CCCOC(=O)OCCOCCOCCOC,mp,D-MPNN,4,19.40655286193295
CCOC(=O)OCCCCOCCOCCOC,mp,D-MPNN,4,40.91529862809617
CCCOC(=O)OCCOCCOCCOCC,mp,D-MPNN,4,-0.7429582114001363
CC(=O)OCCOCCOCCOC(C)=O,mp,D-MPNN,4,-39.96711197285405
CCCOC(=O)OCCCCOC1COCC1OCCC,mp,D-MPNN,4,-32.71535177661746
CCCCOC(=O)OCCCCOC1COCC1OCC,mp,D-MPNN,4,-33.78661571358602
CCCOC(=O)OCCOCCOCC1CC(OCC)CO1,mp,D-MPNN,4,-15.9445603757192
CCCCOC(=O)COCCCOC(=O)CC1CCCO1,mp,D-MPNN,4,22.78498028180749
CCCOC(COCC)(COC(=O)OCC)COC1CCOC1,mp,D-MPNN,4,19.945022115690143
CCCOC(=O)OC(COCC)(COCC)COC1CCOC1,mp,D-MPNN,4,51.60162156801612
CCCCOC(COC)(COC(=O)OCC)COC1CCOC1,mp,D-MPNN,4,14.019485772308578
CC(C)OCC(COCC1CCCO1)OC(=O)OC(C)C,mp,D-MPNN,4,-0.3817218696796942
CCCOC(COC(=O)OC)C(COC1CCOC1)OCCC,mp,D-MPNN,4,-38.94584757807676
CCOC(=O)OCC(COCC(C)C)OCC1CCCO1,mp,D-MPNN,4,-14.935552322689482
CCOCC(OCC)C(COC(COC)C1CCCO1)OCC1CCCO1,mp,D-MPNN,4,-38.04281152113071
CCOCC(COC1CCOC1)(COC1CCOC1)OC(=O)OC1CCOC1,mp,D-MPNN,4,26.671182825863998
CCCC(=O)OC(COC(=O)COC)COC(C)COCC,mp,D-MPNN,4,5.455018404130811
CCCC(=O)OCC(OC(=O)CCC)C(=O)COC(C)C,mp,D-MPNN,4,4.622817061487403
CCCC(=O)OCC(COC(=O)CCC)OC(=O)CCC,mp,D-MPNN,4,-27.96985820858601
CCCCCOCCOCCOC,mp,Uni-Mol,0,-48.3786735534668
COCCOC(=O)OC1CCCC1,mp,Uni-Mol,0,-29.159046173095703
CCCOC(=O)OCCOCCOCC,mp,Uni-Mol,0,-30.883907318115234
CCCCOC(=O)OCCOCCOC,mp,Uni-Mol,0,-41.63956069946289
CCCOC(CC)COCCOCCOC,mp,Uni-Mol,0,-29.724681854248047
CCCCOCCOCCOC(C)COCC,mp,Uni-Mol,0,-27.03610610961914
CCCOCCOCCOC(=O)OCCC,mp,Uni-Mol,0,-6.674426555633545
CCCCOC(=O)OCCOCCOCC,mp,Uni-Mol,0,-14.528621673583984
CCCCOCCOCCOC(=O)OCC,mp,Uni-Mol,0,-37.05342483520508
CCCOC(=O)OCCOCCOCCOC,mp,Uni-Mol,0,-16.966243743896484
CCOC(=O)OCCCCOCCOCCOC,mp,Uni-Mol,0,-0.8171648979187012
CCCOC(=O)OCCOCCOCCOCC,mp,Uni-Mol,0,-4.424861431121826
CC(=O)OCCOCCOCCOC(C)=O,mp,Uni-Mol,0,-55.48163986206055
CCCOC(=O)OCCCCOC1COCC1OCCC,mp,Uni-Mol,0,21.018449783325195
CCCCOC(=O)OCCCCOC1COCC1OCC,mp,Uni-Mol,0,-8.647964477539062
CCCOC(=O)OCCOCCOCC1CC(OCC)CO1,mp,Uni-Mol,0,1.2867398262023926
CCCCOC(=O)COCCCOC(=O)CC1CCCO1,mp,Uni-Mol,0,3.494926929473877
CCCOC(COCC)(COC(=O)OCC)COC1CCOC1,mp,Uni-Mol,0,14.374935150146484
CCCOC(=O)OC(COCC)(COCC)COC1CCOC1,mp,Uni-Mol,0,26.069368362426758
CCCCOC(COC)(COC(=O)OCC)COC1CCOC1,mp,Uni-Mol,0,0.6514477729797363
CC(C)OCC(COCC1CCCO1)OC(=O)OC(C)C,mp,Uni-Mol,0,-17.698627471923828
CCCOC(COC(=O)OC)C(COC1CCOC1)OCCC,mp,Uni-Mol,0,23.64972496032715
CCOC(=O)OCC(COCC(C)C)OCC1CCCO1,mp,Uni-Mol,0,11.97024917602539
CCOCC(OCC)C(COC(COC)C1CCCO1)OCC1CCCO1,mp,Uni-Mol,0,11.696247100830078
CCOCC(COC1CCOC1)(COC1CCOC1)OC(=O)OC1CCOC1,mp,Uni-Mol,0,39.500003814697266
CCCC(=O)OC(COC(=O)COC)COC(C)COCC,mp,Uni-Mol,0,1.379265308380127
CCCC(=O)OCC(OC(=O)CCC)C(=O)COC(C)C,mp,Uni-Mol,0,-13.411190032958984
CCCC(=O)OCC(COC(=O)CCC)OC(=O)CCC,mp,Uni-Mol,0,-33.3526725769043
CCCCCOCCOCCOC,mp,Uni-Mol,1,-36.70942687988281
COCCOC(=O)OC1CCCC1,mp,Uni-Mol,1,-4.623626708984375
CCCOC(=O)OCCOCCOCC,mp,Uni-Mol,1,-20.308677673339844
CCCCOC(=O)OCCOCCOC,mp,Uni-Mol,1,-4.881275177001953
CCCOC(CC)COCCOCCOC,mp,Uni-Mol,1,-24.495933532714844
CCCCOCCOCCOC(C)COCC,mp,Uni-Mol,1,-24.01807403564453
CCCOCCOCCOC(=O)OCCC,mp,Uni-Mol,1,-7.041423797607422
CCCCOC(=O)OCCOCCOCC,mp,Uni-Mol,1,-19.49932861328125
CCCCOCCOCCOC(=O)OCC,mp,Uni-Mol,1,-29.05157470703125
CCCOC(=O)OCCOCCOCCOC,mp,Uni-Mol,1,0.7317123413085938
CCOC(=O)OCCCCOCCOCCOC,mp,Uni-Mol,1,1.8959541320800781
CCCOC(=O)OCCOCCOCCOCC,mp,Uni-Mol,1,-8.71353530883789
CC(=O)OCCOCCOCCOC(C)=O,mp,Uni-Mol,1,-51.52239227294922
CCCOC(=O)OCCCCOC1COCC1OCCC,mp,Uni-Mol,1,8.077285766601562
CCCCOC(=O)OCCCCOC1COCC1OCC,mp,Uni-Mol,1,11.947853088378906
CCCOC(=O)OCCOCCOCC1CC(OCC)CO1,mp,Uni-Mol,1,9.22509765625
CCCCOC(=O)COCCCOC(=O)CC1CCCO1,mp,Uni-Mol,1,19.50672149658203
CCCOC(COCC)(COC(=O)OCC)COC1CCOC1,mp,Uni-Mol,1,27.527080535888672
CCCOC(=O)OC(COCC)(COCC)COC1CCOC1,mp,Uni-Mol,1,35.00748062133789
CCCCOC(COC)(COC(=O)OCC)COC1CCOC1,mp,Uni-Mol,1,15.233760833740234
CC(C)OCC(COCC1CCCO1)OC(=O)OC(C)C,mp,Uni-Mol,1,-0.3605155646800995
CCCOC(COC(=O)OC)C(COC1CCOC1)OCCC,mp,Uni-Mol,1,20.58363914489746
CCOC(=O)OCC(COCC(C)C)OCC1CCCO1,mp,Uni-Mol,1,-6.315700531005859
CCOCC(OCC)C(COC(COC)C1CCCO1)OCC1CCCO1,mp,Uni-Mol,1,33.27506637573242
CCOCC(COC1CCOC1)(COC1CCOC1)OC(=O)OC1CCOC1,mp,Uni-Mol,1,63.55500411987305
CCCC(=O)OC(COC(=O)COC)COC(C)COCC,mp,Uni-Mol,1,-10.005058288574219
CCCC(=O)OCC(OC(=O)CCC)C(=O)COC(C)C,mp,Uni-Mol,1,2.092395782470703
CCCC(=O)OCC(COC(=O)CCC)OC(=O)CCC,mp,Uni-Mol,1,-35.933677673339844
CCCCCOCCOCCOC,mp,Uni-Mol,2,-26.872783660888672
COCCOC(=O)OC1CCCC1,mp,Uni-Mol,2,-2.163097858428955
CCCOC(=O)OCCOCCOCC,mp,Uni-Mol,2,-30.708415985107422
CCCCOC(=O)OCCOCCOC,mp,Uni-Mol,2,-10.457500457763672
CCCOC(CC)COCCOCCOC,mp,Uni-Mol,2,-11.967647552490234
CCCCOCCOCCOC(C)COCC,mp,Uni-Mol,2,-16.737308502197266
CCCOCCOCCOC(=O)OCCC,mp,Uni-Mol,2,4.462287425994873
CCCCOC(=O)OCCOCCOCC,mp,Uni-Mol,2,-17.67562484741211
CCCCOCCOCCOC(=O)OCC,mp,Uni-Mol,2,-25.294979095458984
CCCOC(=O)OCCOCCOCCOC,mp,Uni-Mol,2,8.401962280273438
CCOC(=O)OCCCCOCCOCCOC,mp,Uni-Mol,2,15.90353012084961
CCCOC(=O)OCCOCCOCCOCC,mp,Uni-Mol,2,5.147033214569092
CC(=O)OCCOCCOCCOC(C)=O,mp,Uni-Mol,2,-53.448490142822266
CCCOC(=O)OCCCCOC1COCC1OCCC,mp,Uni-Mol,2,24.335161209106445
CCCCOC(=O)OCCCCOC1COCC1OCC,mp,Uni-Mol,2,10.98331069946289
CCCOC(=O)OCCOCCOCC1CC(OCC)CO1,mp,Uni-Mol,2,29.700414657592773
CCCCOC(=O)COCCCOC(=O)CC1CCCO1,mp,Uni-Mol,2,4.811900615692139
CCCOC(COCC)(COC(=O)OCC)COC1CCOC1,mp,Uni-Mol,2,16.14260482788086
CCCOC(=O)OC(COCC)(COCC)COC1CCOC1,mp,Uni-Mol,2,18.248268127441406
CCCCOC(COC)(COC(=O)OCC)COC1CCOC1,mp,Uni-Mol,2,14.166572570800781
CC(C)OCC(COCC1CCCO1)OC(=O)OC(C)C,mp,Uni-Mol,2,-17.299724578857422
CCCOC(COC(=O)OC)C(COC1CCOC1)OCCC,mp,Uni-Mol,2,40.34453582763672
CCOC(=O)OCC(COCC(C)C)OCC1CCCO1,mp,Uni-Mol,2,-6.356625080108643
CCOCC(OCC)C(COC(COC)C1CCCO1)OCC1CCCO1,mp,Uni-Mol,2,14.89031982421875
CCOCC(COC1CCOC1)(COC1CCOC1)OC(=O)OC1CCOC1,mp,Uni-Mol,2,57.793155670166016
CCCC(=O)OC(COC(=O)COC)COC(C)COCC,mp,Uni-Mol,2,16.10342025756836
CCCC(=O)OCC(OC(=O)CCC)C(=O)COC(C)C,mp,Uni-Mol,2,-15.71133041381836
CCCC(=O)OCC(COC(=O)CCC)OC(=O)CCC,mp,Uni-Mol,2,-50.8859748840332
CCCCCOCCOCCOC,mp,Uni-Mol,3,-38.11418151855469
COCCOC(=O)OC1CCCC1,mp,Uni-Mol,3,-3.734924077987671
CCCOC(=O)OCCOCCOCC,mp,Uni-Mol,3,-24.30089569091797
CCCCOC(=O)OCCOCCOC,mp,Uni-Mol,3,-17.83948516845703
CCCOC(CC)COCCOCCOC,mp,Uni-Mol,3,-20.518516540527344
CCCCOCCOCCOC(C)COCC,mp,Uni-Mol,3,-31.430213928222656
CCCOCCOCCOC(=O)OCCC,mp,Uni-Mol,3,-15.111541748046875
CCCCOC(=O)OCCOCCOCC,mp,Uni-Mol,3,-16.882667541503906
CCCCOCCOCCOC(=O)OCC,mp,Uni-Mol,3,-41.877288818359375
CCCOC(=O)OCCOCCOCCOC,mp,Uni-Mol,3,-12.322246551513672
CCOC(=O)OCCCCOCCOCCOC,mp,Uni-Mol,3,1.5003244876861572
CCCOC(=O)OCCOCCOCCOCC,mp,Uni-Mol,3,-13.750465393066406
CC(=O)OCCOCCOCCOC(C)=O,mp,Uni-Mol,3,15.959922790527344
CCCOC(=O)OCCCCOC1COCC1OCCC,mp,Uni-Mol,3,-1.151782751083374
CCCCOC(=O)OCCCCOC1COCC1OCC,mp,Uni-Mol,3,-3.244483709335327
CCCOC(=O)OCCOCCOCC1CC(OCC)CO1,mp,Uni-Mol,3,17.55929946899414
CCCCOC(=O)COCCCOC(=O)CC1CCCO1,mp,Uni-Mol,3,-13.383094787597656
CCCOC(COCC)(COC(=O)OCC)COC1CCOC1,mp,Uni-Mol,3,22.630876541137695
CCCOC(=O)OC(COCC)(COCC)COC1CCOC1,mp,Uni-Mol,3,-4.149749755859375
CCCCOC(COC)(COC(=O)OCC)COC1CCOC1,mp,Uni-Mol,3,11.725456237792969
CC(C)OCC(COCC1CCCO1)OC(=O)OC(C)C,mp,Uni-Mol,3,-18.409164428710938
CCCOC(COC(=O)OC)C(COC1CCOC1)OCCC,mp,Uni-Mol,3,21.850540161132812
CCOC(=O)OCC(COCC(C)C)OCC1CCCO1,mp,Uni-Mol,3,-14.335235595703125
CCOCC(OCC)C(COC(COC)C1CCCO1)OCC1CCCO1,mp,Uni-Mol,3,47.620208740234375
CCOCC(COC1CCOC1)(COC1CCOC1)OC(=O)OC1CCOC1,mp,Uni-Mol,3,43.203125
CCCC(=O)OC(COC(=O)COC)COC(C)COCC,mp,Uni-Mol,3,12.316913604736328
CCCC(=O)OCC(OC(=O)CCC)C(=O)COC(C)C,mp,Uni-Mol,3,-1.9437520503997803
CCCC(=O)OCC(COC(=O)CCC)OC(=O)CCC,mp,Uni-Mol,3,-45.991249084472656
CCCCCOCCOCCOC,mp,Uni-Mol,4,-32.17583465576172
COCCOC(=O)OC1CCCC1,mp,Uni-Mol,4,-5.814234256744385
CCCOC(=O)OCCOCCOCC,mp,Uni-Mol,4,-21.67793846130371
CCCCOC(=O)OCCOCCOC,mp,Uni-Mol,4,-14.574628829956055
CCCOC(CC)COCCOCCOC,mp,Uni-Mol,4,-22.52766990661621
CCCCOCCOCCOC(C)COCC,mp,Uni-Mol,4,-18.148740768432617
CCCOCCOCCOC(=O)OCCC,mp,Uni-Mol,4,-22.859418869018555
CCCCOC(=O)OCCOCCOCC,mp,Uni-Mol,4,-13.321229934692383
CCCCOCCOCCOC(=O)OCC,mp,Uni-Mol,4,-42.4375
CCCOC(=O)OCCOCCOCCOC,mp,Uni-Mol,4,-9.870832443237305
CCOC(=O)OCCCCOCCOCCOC,mp,Uni-Mol,4,-6.222719669342041
CCCOC(=O)OCCOCCOCCOCC,mp,Uni-Mol,4,-1.2408545017242432
CC(=O)OCCOCCOCCOC(C)=O,mp,Uni-Mol,4,-53.96372985839844
CCCOC(=O)OCCCCOC1COCC1OCCC,mp,Uni-Mol,4,18.917448043823242
CCCCOC(=O)OCCCCOC1COCC1OCC,mp,Uni-Mol,4,13.742353439331055
CCCOC(=O)OCCOCCOCC1CC(OCC)CO1,mp,Uni-Mol,4,-2.901907205581665
CCCCOC(=O)COCCCOC(=O)CC1CCCO1,mp,Uni-Mol,4,2.4954545497894287
CCCOC(COCC)(COC(=O)OCC)COC1CCOC1,mp,Uni-Mol,4,19.059528350830078
CCCOC(=O)OC(COCC)(COCC)COC1CCOC1,mp,Uni-Mol,4,19.958620071411133
CCCCOC(COC)(COC(=O)OCC)COC1CCOC1,mp,Uni-Mol,4,-4.142614841461182
CC(C)OCC(COCC1CCCO1)OC(=O)OC(C)C,mp,Uni-Mol,4,-18.17683982849121
CCCOC(COC(=O)OC)C(COC1CCOC1)OCCC,mp,Uni-Mol,4,19.747543334960938
CCOC(=O)OCC(COCC(C)C)OCC1CCCO1,mp,Uni-Mol,4,0.1705758422613144
CCOCC(OCC)C(COC(COC)C1CCCO1)OCC1CCCO1,mp,Uni-Mol,4,5.162187099456787
CCOCC(COC1CCOC1)(COC1CCOC1)OC(=O)OC1CCOC1,mp,Uni-Mol,4,50.280799865722656
CCCC(=O)OC(COC(=O)COC)COC(C)COCC,mp,Uni-Mol,4,3.01987624168396
CCCC(=O)OCC(OC(=O)CCC)C(=O)COC(C)C,mp,Uni-Mol,4,-7.110788822174072
CCCC(=O)OCC(COC(=O)CCC)OC(=O)CCC,mp,Uni-Mol,4,-34.278778076171875
CCCCCOCCOCCOC,dc,XGBoost,0,5.712535858154297
COCCOC(=O)OC1CCCC1,dc,XGBoost,0,4.891728401184082
CCCOC(=O)OCCOCCOCC,dc,XGBoost,0,4.64884614944458
CCCCOC(=O)OCCOCCOC,dc,XGBoost,0,4.683620452880859
CCCOC(CC)COCCOCCOC,dc,XGBoost,0,6.102758407592773
CCCCOCCOCCOC(C)COCC,dc,XGBoost,0,6.069035530090332
CCCOCCOCCOC(=O)OCCC,dc,XGBoost,0,4.431483745574951
CCCCOC(=O)OCCOCCOCC,dc,XGBoost,0,4.426900386810303
CCCCOCCOCCOC(=O)OCC,dc,XGBoost,0,4.401613235473633
CCCOC(=O)OCCOCCOCCOC,dc,XGBoost,0,4.563600063323975
CCOC(=O)OCCCCOCCOCCOC,dc,XGBoost,0,4.543244361877441
CCCOC(=O)OCCOCCOCCOCC,dc,XGBoost,0,4.526773929595947
CC(=O)OCCOCCOCCOC(C)=O,dc,XGBoost,0,6.65715217590332
CCCOC(=O)OCCCCOC1COCC1OCCC,dc,XGBoost,0,4.084800720214844
CCCCOC(=O)OCCCCOC1COCC1OCC,dc,XGBoost,0,4.035729885101318
CCCOC(=O)OCCOCCOCC1CC(OCC)CO1,dc,XGBoost,0,4.300245761871338
CCCCOC(=O)COCCCOC(=O)CC1CCCO1,dc,XGBoost,0,6.4582200050354
CCCOC(COCC)(COC(=O)OCC)COC1CCOC1,dc,XGBoost,0,4.222884654998779
CCCOC(=O)OC(COCC)(COCC)COC1CCOC1,dc,XGBoost,0,4.229470252990723
CCCCOC(COC)(COC(=O)OCC)COC1CCOC1,dc,XGBoost,0,4.175528049468994
CC(C)OCC(COCC1CCCO1)OC(=O)OC(C)C,dc,XGBoost,0,3.944911241531372
CCCOC(COC(=O)OC)C(COC1CCOC1)OCCC,dc,XGBoost,0,4.184177875518799
CCOC(=O)OCC(COCC(C)C)OCC1CCCO1,dc,XGBoost,0,3.957580804824829
CCOCC(OCC)C(COC(COC)C1CCCO1)OCC1CCCO1,dc,XGBoost,0,6.81803035736084
CCOCC(COC1CCOC1)(COC1CCOC1)OC(=O)OC1CCOC1,dc,XGBoost,0,4.702277660369873
CCCC(=O)OC(COC(=O)COC)COC(C)COCC,dc,XGBoost,0,6.133183002471924
CCCC(=O)OCC(OC(=O)CCC)C(=O)COC(C)C,dc,XGBoost,0,6.526697635650635
CCCC(=O)OCC(COC(=O)CCC)OC(=O)CCC,dc,XGBoost,0,6.169342994689941
CCCCCOCCOCCOC,dc,XGBoost,1,6.593411445617676
COCCOC(=O)OC1CCCC1,dc,XGBoost,1,6.252814292907715
CCCOC(=O)OCCOCCOCC,dc,XGBoost,1,5.726924896240234
CCCCOC(=O)OCCOCCOC,dc,XGBoost,1,5.589218616485596
CCCOC(CC)COCCOCCOC,dc,XGBoost,1,5.917881488800049
CCCCOCCOCCOC(C)COCC,dc,XGBoost,1,6.646820545196533
CCCOCCOCCOC(=O)OCCC,dc,XGBoost,1,5.054886341094971
CCCCOC(=O)OCCOCCOCC,dc,XGBoost,1,5.140881061553955
CCCCOCCOCCOC(=O)OCC,dc,XGBoost,1,5.346368789672852
CCCOC(=O)OCCOCCOCCOC,dc,XGBoost,1,5.888301372528076
CCOC(=O)OCCCCOCCOCCOC,dc,XGBoost,1,5.634964942932129
CCCOC(=O)OCCOCCOCCOCC,dc,XGBoost,1,5.465231895446777
CC(=O)OCCOCCOCCOC(C)=O,dc,XGBoost,1,6.602331161499023
CCCOC(=O)OCCCCOC1COCC1OCCC,dc,XGBoost,1,8.131492614746094
CCCCOC(=O)OCCCCOC1COCC1OCC,dc,XGBoost,1,8.144282341003418
CCCOC(=O)OCCOCCOCC1CC(OCC)CO1,dc,XGBoost,1,9.157818794250488
CCCCOC(=O)COCCCOC(=O)CC1CCCO1,dc,XGBoost,1,8.329907417297363
CCCOC(COCC)(COC(=O)OCC)COC1CCOC1,dc,XGBoost,1,8.45336627960205
CCCOC(=O)OC(COCC)(COCC)COC1CCOC1,dc,XGBoost,1,8.207987785339355
CCCCOC(COC)(COC(=O)OCC)COC1CCOC1,dc,XGBoost,1,8.638051986694336
CC(C)OCC(COCC1CCCO1)OC(=O)OC(C)C,dc,XGBoost,1,7.693880558013916
CCCOC(COC(=O)OC)C(COC1CCOC1)OCCC,dc,XGBoost,1,9.475630760192871
CCOC(=O)OCC(COCC(C)C)OCC1CCCO1,dc,XGBoost,1,9.651711463928223
CCOCC(OCC)C(COC(COC)C1CCCO1)OCC1CCCO1,dc,XGBoost,1,8.39321517944336
CCOCC(COC1CCOC1)(COC1CCOC1)OC(=O)OC1CCOC1,dc,XGBoost,1,9.338129997253418
CCCC(=O)OC(COC(=O)COC)COC(C)COCC,dc,XGBoost,1,5.7440185546875
CCCC(=O)OCC(OC(=O)CCC)C(=O)COC(C)C,dc,XGBoost,1,7.7557220458984375
CCCC(=O)OCC(COC(=O)CCC)OC(=O)CCC,dc,XGBoost,1,5.457042694091797
CCCCCOCCOCCOC,dc,XGBoost,2,3.5788168907165527
COCCOC(=O)OC1CCCC1,dc,XGBoost,2,5.026503562927246
CCCOC(=O)OCCOCCOCC,dc,XGBoost,2,5.677180290222168
CCCCOC(=O)OCCOCCOC,dc,XGBoost,2,5.4252800941467285
CCCOC(CC)COCCOCCOC,dc,XGBoost,2,3.208240032196045
CCCCOCCOCCOC(C)COCC,dc,XGBoost,2,3.364760160446167
CCCOCCOCCOC(=O)OCCC,dc,XGBoost,2,5.262813568115234
CCCCOC(=O)OCCOCCOCC,dc,XGBoost,2,5.123800277709961
CCCCOCCOCCOC(=O)OCC,dc,XGBoost,2,4.887084007263184
CCCOC(=O)OCCOCCOCCOC,dc,XGBoost,2,5.943233013153076
CCOC(=O)OCCCCOCCOCCOC,dc,XGBoost,2,4.690492153167725
CCCOC(=O)OCCOCCOCCOCC,dc,XGBoost,2,5.110665321350098
CC(=O)OCCOCCOCCOC(C)=O,dc,XGBoost,2,10.065839767456055
CCCOC(=O)OCCCCOC1COCC1OCCC,dc,XGBoost,2,4.546078681945801
CCCCOC(=O)OCCCCOC1COCC1OCC,dc,XGBoost,2,4.566633224487305
CCCOC(=O)OCCOCCOCC1CC(OCC)CO1,dc,XGBoost,2,4.687590599060059
CCCCOC(=O)COCCCOC(=O)CC1CCCO1,dc,XGBoost,2,5.363539218902588
CCCOC(COCC)(COC(=O)OCC)COC1CCOC1,dc,XGBoost,2,4.412141799926758
CCCOC(=O)OC(COCC)(COCC)COC1CCOC1,dc,XGBoost,2,4.418851852416992
CCCCOC(COC)(COC(=O)OCC)COC1CCOC1,dc,XGBoost,2,4.382187366485596
CC(C)OCC(COCC1CCCO1)OC(=O)OC(C)C,dc,XGBoost,2,4.444260120391846
CCCOC(COC(=O)OC)C(COC1CCOC1)OCCC,dc,XGBoost,2,4.41118860244751
CCOC(=O)OCC(COCC(C)C)OCC1CCCO1,dc,XGBoost,2,4.386240005493164
CCOCC(OCC)C(COC(COC)C1CCCO1)OCC1CCCO1,dc,XGBoost,2,3.8590238094329834
CCOCC(COC1CCOC1)(COC1CCOC1)OC(=O)OC1CCOC1,dc,XGBoost,2,6.8661909103393555
CCCC(=O)OC(COC(=O)COC)COC(C)COCC,dc,XGBoost,2,7.429723739624023
CCCC(=O)OCC(OC(=O)CCC)C(=O)COC(C)C,dc,XGBoost,2,5.262599945068359
CCCC(=O)OCC(COC(=O)CCC)OC(=O)CCC,dc,XGBoost,2,5.025383949279785
CCCCCOCCOCCOC,dc,XGBoost,3,4.530711650848389
COCCOC(=O)OC1CCCC1,dc,XGBoost,3,6.600946426391602
CCCOC(=O)OCCOCCOCC,dc,XGBoost,3,5.948031425476074
CCCCOC(=O)OCCOCCOC,dc,XGBoost,3,5.7376813888549805
CCCOC(CC)COCCOCCOC,dc,XGBoost,3,5.208146572113037
CCCCOCCOCCOC(C)COCC,dc,XGBoost,3,4.808041572570801
CCCOCCOCCOC(=O)OCCC,dc,XGBoost,3,5.667419910430908
CCCCOC(=O)OCCOCCOCC,dc,XGBoost,3,5.624338150024414
CCCCOCCOCCOC(=O)OCC,dc,XGBoost,3,5.448287487030029
CCCOC(=O)OCCOCCOCCOC,dc,XGBoost,3,6.38360595703125
CCOC(=O)OCCCCOCCOCCOC,dc,XGBoost,3,5.918195724487305
CCCOC(=O)OCCOCCOCCOCC,dc,XGBoost,3,5.822761535644531
CC(=O)OCCOCCOCCOC(C)=O,dc,XGBoost,3,7.071598529815674
CCCOC(=O)OCCCCOC1COCC1OCCC,dc,XGBoost,3,5.717807292938232
CCCCOC(=O)OCCCCOC1COCC1OCC,dc,XGBoost,3,5.47636604309082
CCCOC(=O)OCCOCCOCC1CC(OCC)CO1,dc,XGBoost,3,6.414934158325195
CCCCOC(=O)COCCCOC(=O)CC1CCCO1,dc,XGBoost,3,5.423332691192627
CCCOC(COCC)(COC(=O)OCC)COC1CCOC1,dc,XGBoost,3,6.369885444641113
CCCOC(=O)OC(COCC)(COCC)COC1CCOC1,dc,XGBoost,3,6.557580471038818
CCCCOC(COC)(COC(=O)OCC)COC1CCOC1,dc,XGBoost,3,6.511516571044922
CC(C)OCC(COCC1CCCO1)OC(=O)OC(C)C,dc,XGBoost,3,5.423239707946777
CCCOC(COC(=O)OC)C(COC1CCOC1)OCCC,dc,XGBoost,3,6.583573818206787
CCOC(=O)OCC(COCC(C)C)OCC1CCCO1,dc,XGBoost,3,5.495319843292236
CCOCC(OCC)C(COC(COC)C1CCCO1)OCC1CCCO1,dc,XGBoost,3,5.816748142242432
CCOCC(COC1CCOC1)(COC1CCOC1)OC(=O)OC1CCOC1,dc,XGBoost,3,7.696317672729492
CCCC(=O)OC(COC(=O)COC)COC(C)COCC,dc,XGBoost,3,5.798454761505127
CCCC(=O)OCC(OC(=O)CCC)C(=O)COC(C)C,dc,XGBoost,3,5.53273868560791
CCCC(=O)OCC(COC(=O)CCC)OC(=O)CCC,dc,XGBoost,3,5.233714580535889
CCCCCOCCOCCOC,dc,XGBoost,4,3.998264789581299
COCCOC(=O)OC1CCCC1,dc,XGBoost,4,10.881294250488281
CCCOC(=O)OCCOCCOCC,dc,XGBoost,4,2.8631341457366943
CCCCOC(=O)OCCOCCOC,dc,XGBoost,4,2.8539130687713623
CCCOC(CC)COCCOCCOC,dc,XGBoost,4,3.972349166870117
CCCCOCCOCCOC(C)COCC,dc,XGBoost,4,4.086182594299316
CCCOCCOCCOC(=O)OCCC,dc,XGBoost,4,2.1269233226776123
CCCCOC(=O)OCCOCCOCC,dc,XGBoost,4,2.122051954269409
CCCCOCCOCCOC(=O)OCC,dc,XGBoost,4,2.122051954269409
CCCOC(=O)OCCOCCOCCOC,dc,XGBoost,4,5.0030622482299805
CCOC(=O)OCCCCOCCOCCOC,dc,XGBoost,4,5.024820327758789
CCCOC(=O)OCCOCCOCCOCC,dc,XGBoost,4,5.006600379943848
CC(=O)OCCOCCOCCOC(C)=O,dc,XGBoost,4,7.521991729736328
CCCOC(=O)OCCCCOC1COCC1OCCC,dc,XGBoost,4,5.97141170501709
CCCCOC(=O)OCCCCOC1COCC1OCC,dc,XGBoost,4,5.97141170501709
CCCOC(=O)OCCOCCOCC1CC(OCC)CO1,dc,XGBoost,4,9.374564170837402
CCCCOC(=O)COCCCOC(=O)CC1CCCO1,dc,XGBoost,4,6.433434963226318
CCCOC(COCC)(COC(=O)OCC)COC1CCOC1,dc,XGBoost,4,8.93503475189209
CCCOC(=O)OC(COCC)(COCC)COC1CCOC1,dc,XGBoost,4,8.93503475189209
CCCCOC(COC)(COC(=O)OCC)COC1CCOC1,dc,XGBoost,4,8.93503475189209
CC(C)OCC(COCC1CCCO1)OC(=O)OC(C)C,dc,XGBoost,4,6.0388031005859375
CCCOC(COC(=O)OC)C(COC1CCOC1)OCCC,dc,XGBoost,4,9.049004554748535
CCOC(=O)OCC(COCC(C)C)OCC1CCCO1,dc,XGBoost,4,5.867857933044434
CCOCC(OCC)C(COC(COC)C1CCCO1)OCC1CCCO1,dc,XGBoost,4,9.320466995239258
CCOCC(COC1CCOC1)(COC1CCOC1)OC(=O)OC1CCOC1,dc,XGBoost,4,11.331690788269043
CCCC(=O)OC(COC(=O)COC)COC(C)COCC,dc,XGBoost,4,3.379584550857544
CCCC(=O)OCC(OC(=O)CCC)C(=O)COC(C)C,dc,XGBoost,4,6.140345096588135
CCCC(=O)OCC(COC(=O)CCC)OC(=O)CCC,dc,XGBoost,4,6.136187553405762
CCCCCOCCOCCOC,dc,MLP,0,6.205244550767674
COCCOC(=O)OC1CCCC1,dc,MLP,0,4.214698238726701
CCCOC(=O)OCCOCCOCC,dc,MLP,0,6.491744058764207
CCCCOC(=O)OCCOCCOC,dc,MLP,0,6.464804647456428
CCCOC(CC)COCCOCCOC,dc,MLP,0,6.747934847060516
CCCCOCCOCCOC(C)COCC,dc,MLP,0,7.090071412535222
CCCOCCOCCOC(=O)OCCC,dc,MLP,0,6.405846368842861
CCCCOC(=O)OCCOCCOCC,dc,MLP,0,6.3857193517586985
CCCCOCCOCCOC(=O)OCC,dc,MLP,0,6.040799237803839
CCCOC(=O)OCCOCCOCCOC,dc,MLP,0,8.02958457053762
CCOC(=O)OCCCCOCCOCCOC,dc,MLP,0,7.646483094875947
CCCOC(=O)OCCOCCOCCOCC,dc,MLP,0,8.049937711711294
CC(=O)OCCOCCOCCOC(C)=O,dc,MLP,0,8.095461932479566
CCCOC(=O)OCCCCOC1COCC1OCCC,dc,MLP,0,6.807512736280302
CCCCOC(=O)OCCCCOC1COCC1OCC,dc,MLP,0,6.825018877620758
CCCOC(=O)OCCOCCOCC1CC(OCC)CO1,dc,MLP,0,8.071636688679934
CCCCOC(=O)COCCCOC(=O)CC1CCCO1,dc,MLP,0,8.545741407654406
CCCOC(COCC)(COC(=O)OCC)COC1CCOC1,dc,MLP,0,7.260903519681085
CCCOC(=O)OC(COCC)(COCC)COC1CCOC1,dc,MLP,0,7.237187086350095
CCCCOC(COC)(COC(=O)OCC)COC1CCOC1,dc,MLP,0,7.309576983133675
CC(C)OCC(COCC1CCCO1)OC(=O)OC(C)C,dc,MLP,0,6.444068923959623
CCCOC(COC(=O)OC)C(COC1CCOC1)OCCC,dc,MLP,0,7.096780897189456
CCOC(=O)OCC(COCC(C)C)OCC1CCCO1,dc,MLP,0,6.704716887650248
CCOCC(OCC)C(COC(COC)C1CCCO1)OCC1CCCO1,dc,MLP,0,7.2915499022302885
CCOCC(COC1CCOC1)(COC1CCOC1)OC(=O)OC1CCOC1,dc,MLP,0,7.966761527321435
CCCC(=O)OC(COC(=O)COC)COC(C)COCC,dc,MLP,0,8.05336992141586
CCCC(=O)OCC(OC(=O)CCC)C(=O)COC(C)C,dc,MLP,0,7.38801726076379
CCCC(=O)OCC(COC(=O)CCC)OC(=O)CCC,dc,MLP,0,6.529502812148266
CCCCCOCCOCCOC,dc,MLP,1,5.968361474118677
COCCOC(=O)OC1CCCC1,dc,MLP,1,4.0142090221084334
CCCOC(=O)OCCOCCOCC,dc,MLP,1,5.165648837372611
CCCCOC(=O)OCCOCCOC,dc,MLP,1,5.003845034768506
CCCOC(CC)COCCOCCOC,dc,MLP,1,5.771948538395704
CCCCOCCOCCOC(C)COCC,dc,MLP,1,5.6408599433552205
CCCOCCOCCOC(=O)OCCC,dc,MLP,1,4.777400917982444
CCCCOC(=O)OCCOCCOCC,dc,MLP,1,4.917116331054116
CCCCOCCOCCOC(=O)OCC,dc,MLP,1,5.081720496977121
CCCOC(=O)OCCOCCOCCOC,dc,MLP,1,5.8541210556612775
CCOC(=O)OCCCCOCCOCCOC,dc,MLP,1,5.962122510370268
CCCOC(=O)OCCOCCOCCOCC,dc,MLP,1,5.740825230612447
CC(=O)OCCOCCOCCOC(C)=O,dc,MLP,1,8.619762115588317
CCCOC(=O)OCCCCOC1COCC1OCCC,dc,MLP,1,7.74359220474801
CCCCOC(=O)OCCCCOC1COCC1OCC,dc,MLP,1,7.337724248580085
CCCOC(=O)OCCOCCOCC1CC(OCC)CO1,dc,MLP,1,6.89870311777386
CCCCOC(=O)COCCCOC(=O)CC1CCCO1,dc,MLP,1,8.699315865164875
CCCOC(COCC)(COC(=O)OCC)COC1CCOC1,dc,MLP,1,7.505481957124015
CCCOC(=O)OC(COCC)(COCC)COC1CCOC1,dc,MLP,1,6.669582939229571
CCCCOC(COC)(COC(=O)OCC)COC1CCOC1,dc,MLP,1,7.017223665284835
CC(C)OCC(COCC1CCCO1)OC(=O)OC(C)C,dc,MLP,1,7.227547926053633
CCCOC(COC(=O)OC)C(COC1CCOC1)OCCC,dc,MLP,1,7.58215948972138
CCOC(=O)OCC(COCC(C)C)OCC1CCCO1,dc,MLP,1,7.140764369579646
CCOCC(OCC)C(COC(COC)C1CCCO1)OCC1CCCO1,dc,MLP,1,6.5266349441380145
CCOCC(COC1CCOC1)(COC1CCOC1)OC(=O)OC1CCOC1,dc,MLP,1,8.67557163166265
CCCC(=O)OC(COC(=O)COC)COC(C)COCC,dc,MLP,1,6.8280115619038115
CCCC(=O)OCC(OC(=O)CCC)C(=O)COC(C)C,dc,MLP,1,10.096348941140722
CCCC(=O)OCC(COC(=O)CCC)OC(=O)CCC,dc,MLP,1,8.078042337282994
CCCCCOCCOCCOC,dc,MLP,2,5.72954744787918
COCCOC(=O)OC1CCCC1,dc,MLP,2,3.9864640645041916
CCCOC(=O)OCCOCCOCC,dc,MLP,2,4.600538899876186
CCCCOC(=O)OCCOCCOC,dc,MLP,2,4.159910344871967
CCCOC(CC)COCCOCCOC,dc,MLP,2,5.820438400095871
CCCCOCCOCCOC(C)COCC,dc,MLP,2,5.577989001121404
CCCOCCOCCOC(=O)OCCC,dc,MLP,2,3.811523085606437
CCCCOC(=O)OCCOCCOCC,dc,MLP,2,3.8255955534044466
CCCCOCCOCCOC(=O)OCC,dc,MLP,2,3.3096719637064744
CCCOC(=O)OCCOCCOCCOC,dc,MLP,2,5.643632783720207
CCOC(=O)OCCCCOCCOCCOC,dc,MLP,2,5.142420650040373
CCCOC(=O)OCCOCCOCCOCC,dc,MLP,2,4.766551807695823
CC(=O)OCCOCCOCCOC(C)=O,dc,MLP,2,11.825608646797171
CCCOC(=O)OCCCCOC1COCC1OCCC,dc,MLP,2,3.9756060818531367
CCCCOC(=O)OCCCCOC1COCC1OCC,dc,MLP,2,3.8047539410412083
CCCOC(=O)OCCOCCOCC1CC(OCC)CO1,dc,MLP,2,5.54583914858901
CCCCOC(=O)COCCCOC(=O)CC1CCCO1,dc,MLP,2,8.2098971223879
CCCOC(COCC)(COC(=O)OCC)COC1CCOC1,dc,MLP,2,6.423175177222525
CCCOC(=O)OC(COCC)(COCC)COC1CCOC1,dc,MLP,2,6.7004207559001365
CCCCOC(COC)(COC(=O)OCC)COC1CCOC1,dc,MLP,2,7.048806175898652
CC(C)OCC(COCC1CCCO1)OC(=O)OC(C)C,dc,MLP,2,5.651353486577785
CCCOC(COC(=O)OC)C(COC1CCOC1)OCCC,dc,MLP,2,6.588145722020237
CCOC(=O)OCC(COCC(C)C)OCC1CCCO1,dc,MLP,2,4.943246294710077
CCOCC(OCC)C(COC(COC)C1CCCO1)OCC1CCCO1,dc,MLP,2,6.889164578447404
CCOCC(COC1CCOC1)(COC1CCOC1)OC(=O)OC1CCOC1,dc,MLP,2,9.811904618526235
CCCC(=O)OC(COC(=O)COC)COC(C)COCC,dc,MLP,2,9.21182785570935
CCCC(=O)OCC(OC(=O)CCC)C(=O)COC(C)C,dc,MLP,2,7.372982303882941
CCCC(=O)OCC(COC(=O)CCC)OC(=O)CCC,dc,MLP,2,6.3477992934970295
CCCCCOCCOCCOC,dc,MLP,3,5.840353840805289
COCCOC(=O)OC1CCCC1,dc,MLP,3,5.0260183810162165
CCCOC(=O)OCCOCCOCC,dc,MLP,3,3.9738793343599306
CCCCOC(=O)OCCOCCOC,dc,MLP,3,3.106166181563503
CCCOC(CC)COCCOCCOC,dc,MLP,3,6.044528648844821
CCCCOCCOCCOC(C)COCC,dc,MLP,3,5.3058973977988275
CCCOCCOCCOC(=O)OCCC,dc,MLP,3,3.124131825211247
CCCCOC(=O)OCCOCCOCC,dc,MLP,3,3.260327961102803
CCCCOCCOCCOC(=O)OCC,dc,MLP,3,3.3967083781692544
CCCOC(=O)OCCOCCOCCOC,dc,MLP,3,4.386684730136233
CCOC(=O)OCCCCOCCOCCOC,dc,MLP,3,4.422684425096547
CCCOC(=O)OCCOCCOCCOCC,dc,MLP,3,4.353902183644941
CC(=O)OCCOCCOCCOC(C)=O,dc,MLP,3,6.892875069904111
CCCOC(=O)OCCCCOC1COCC1OCCC,dc,MLP,3,5.977187348327496
CCCCOC(=O)OCCCCOC1COCC1OCC,dc,MLP,3,5.972505007201903
CCCOC(=O)OCCOCCOCC1CC(OCC)CO1,dc,MLP,3,5.654744461848649
CCCCOC(=O)COCCCOC(=O)CC1CCCO1,dc,MLP,3,8.907899830667871
CCCOC(COCC)(COC(=O)OCC)COC1CCOC1,dc,MLP,3,6.58063716600601
CCCOC(=O)OC(COCC)(COCC)COC1CCOC1,dc,MLP,3,6.131557655927788
CCCCOC(COC)(COC(=O)OCC)COC1CCOC1,dc,MLP,3,6.136205510311699
CC(C)OCC(COCC1CCCO1)OC(=O)OC(C)C,dc,MLP,3,6.4704592459313695
CCCOC(COC(=O)OC)C(COC1CCOC1)OCCC,dc,MLP,3,5.975941263422897
CCOC(=O)OCC(COCC(C)C)OCC1CCCO1,dc,MLP,3,5.332598499092933
CCOCC(OCC)C(COC(COC)C1CCCO1)OCC1CCCO1,dc,MLP,3,7.205776158690787
CCOCC(COC1CCOC1)(COC1CCOC1)OC(=O)OC1CCOC1,dc,MLP,3,5.511607158449919
CCCC(=O)OC(COC(=O)COC)COC(C)COCC,dc,MLP,3,6.151020951185045
CCCC(=O)OCC(OC(=O)CCC)C(=O)COC(C)C,dc,MLP,3,7.873739944202745
CCCC(=O)OCC(COC(=O)CCC)OC(=O)CCC,dc,MLP,3,4.74667864349635
CCCCCOCCOCCOC,dc,MLP,4,5.318419711057356
COCCOC(=O)OC1CCCC1,dc,MLP,4,4.506264104856138
CCCOC(=O)OCCOCCOCC,dc,MLP,4,2.361868803918779
CCCCOC(=O)OCCOCCOC,dc,MLP,4,2.5848961164779523
CCCOC(CC)COCCOCCOC,dc,MLP,4,5.436460101717553
CCCCOCCOCCOC(C)COCC,dc,MLP,4,4.9971128028953276
CCCOCCOCCOC(=O)OCCC,dc,MLP,4,2.4068572391528686
CCCCOC(=O)OCCOCCOCC,dc,MLP,4,2.2767762475076685
CCCCOCCOCCOC(=O)OCC,dc,MLP,4,2.277678094460189
CCCOC(=O)OCCOCCOCCOC,dc,MLP,4,3.2790265447490783
CCOC(=O)OCCCCOCCOCCOC,dc,MLP,4,3.022661577759563
CCCOC(=O)OCCOCCOCCOCC,dc,MLP,4,2.9439093667859777
CC(=O)OCCOCCOCCOC(C)=O,dc,MLP,4,6.479669836560758
CCCOC(=O)OCCCCOC1COCC1OCCC,dc,MLP,4,4.298383736940173
CCCCOC(=O)OCCCCOC1COCC1OCC,dc,MLP,4,4.209400968218382
CCCOC(=O)OCCOCCOCC1CC(OCC)CO1,dc,MLP,4,4.6391181692093415
CCCCOC(=O)COCCCOC(=O)CC1CCCO1,dc,MLP,4,7.180448143996916
CCCOC(COCC)(COC(=O)OCC)COC1CCOC1,dc,MLP,4,4.39022482755312
CCCOC(=O)OC(COCC)(COCC)COC1CCOC1,dc,MLP,4,4.527310897127644
CCCCOC(COC)(COC(=O)OCC)COC1CCOC1,dc,MLP,4,4.533522927804712
CC(C)OCC(COCC1CCCO1)OC(=O)OC(C)C,dc,MLP,4,3.9060461981142147
CCCOC(COC(=O)OC)C(COC1CCOC1)OCCC,dc,MLP,4,4.690089490159284
CCOC(=O)OCC(COCC(C)C)OCC1CCCO1,dc,MLP,4,4.369740540870616
CCOCC(OCC)C(COC(COC)C1CCCO1)OCC1CCCO1,dc,MLP,4,6.924255966904307
CCOCC(COC1CCOC1)(COC1CCOC1)OC(=O)OC1CCOC1,dc,MLP,4,8.039409417196484
CCCC(=O)OC(COC(=O)COC)COC(C)COCC,dc,MLP,4,4.905251197767806
CCCC(=O)OCC(OC(=O)CCC)C(=O)COC(C)C,dc,MLP,4,6.647827244883711
CCCC(=O)OCC(COC(=O)CCC)OC(=O)CCC,dc,MLP,4,5.945062898025043
CCCCCOCCOCCOC,dc,D-MPNN,0,5.132045441374867
COCCOC(=O)OC1CCCC1,dc,D-MPNN,0,5.401107874066705
CCCOC(=O)OCCOCCOCC,dc,D-MPNN,0,5.081226011219336
CCCCOC(=O)OCCOCCOC,dc,D-MPNN,0,5.142707502516013
CCCOC(CC)COCCOCCOC,dc,D-MPNN,0,5.491903194462958
CCCCOCCOCCOC(C)COCC,dc,D-MPNN,0,5.092518240915054
CCCOCCOCCOC(=O)OCCC,dc,D-MPNN,0,5.08369832366483
CCCCOC(=O)OCCOCCOCC,dc,D-MPNN,0,5.024152768788127
CCCCOCCOCCOC(=O)OCC,dc,D-MPNN,0,4.733325340077174
CCCOC(=O)OCCOCCOCCOC,dc,D-MPNN,0,5.693409115590947
CCOC(=O)OCCCCOCCOCCOC,dc,D-MPNN,0,5.3625737997087874
CCCOC(=O)OCCOCCOCCOCC,dc,D-MPNN,0,5.514590483684423
CC(=O)OCCOCCOCCOC(C)=O,dc,D-MPNN,0,7.822405182988312
CCCOC(=O)OCCCCOC1COCC1OCCC,dc,D-MPNN,0,5.436758194533325
CCCCOC(=O)OCCCCOC1COCC1OCC,dc,D-MPNN,0,5.32843795990985
CCCOC(=O)OCCOCCOCC1CC(OCC)CO1,dc,D-MPNN,0,5.582044653920999
CCCCOC(=O)COCCCOC(=O)CC1CCCO1,dc,D-MPNN,0,7.102766127493362
CCCOC(COCC)(COC(=O)OCC)COC1CCOC1,dc,D-MPNN,0,5.200310281934165
CCCOC(=O)OC(COCC)(COCC)COC1CCOC1,dc,D-MPNN,0,5.532201985025054
CCCCOC(COC)(COC(=O)OCC)COC1CCOC1,dc,D-MPNN,0,5.047970697637155
CC(C)OCC(COCC1CCCO1)OC(=O)OC(C)C,dc,D-MPNN,0,5.1523090241750085
CCCOC(COC(=O)OC)C(COC1CCOC1)OCCC,dc,D-MPNN,0,5.460609219444036
CCOC(=O)OCC(COCC(C)C)OCC1CCCO1,dc,D-MPNN,0,4.972203920261923
CCOCC(OCC)C(COC(COC)C1CCCO1)OCC1CCCO1,dc,D-MPNN,0,6.602747469116647
CCOCC(COC1CCOC1)(COC1CCOC1)OC(=O)OC1CCOC1,dc,D-MPNN,0,8.520200898834737
CCCC(=O)OC(COC(=O)COC)COC(C)COCC,dc,D-MPNN,0,6.411545658735724
CCCC(=O)OCC(OC(=O)CCC)C(=O)COC(C)C,dc,D-MPNN,0,9.446884031196571
CCCC(=O)OCC(COC(=O)CCC)OC(=O)CCC,dc,D-MPNN,0,6.032535788741901
CCCCCOCCOCCOC,dc,D-MPNN,1,4.876367666067399
COCCOC(=O)OC1CCCC1,dc,D-MPNN,1,5.8019823973735125
CCCOC(=O)OCCOCCOCC,dc,D-MPNN,1,5.217805197529764
CCCCOC(=O)OCCOCCOC,dc,D-MPNN,1,5.216220136935193
CCCOC(CC)COCCOCCOC,dc,D-MPNN,1,4.451629171161505
CCCCOCCOCCOC(C)COCC,dc,D-MPNN,1,4.203909408831834
CCCOCCOCCOC(=O)OCCC,dc,D-MPNN,1,5.07225791220651
CCCCOC(=O)OCCOCCOCC,dc,D-MPNN,1,4.944787547847458
CCCCOCCOCCOC(=O)OCC,dc,D-MPNN,1,5.088354295954504
CCCOC(=O)OCCOCCOCCOC,dc,D-MPNN,1,5.409392755074948
CCOC(=O)OCCCCOCCOCCOC,dc,D-MPNN,1,5.304796709986612
CCCOC(=O)OCCOCCOCCOCC,dc,D-MPNN,1,5.137288340977818
CC(=O)OCCOCCOCCOC(C)=O,dc,D-MPNN,1,6.735810607945335
CCCOC(=O)OCCCCOC1COCC1OCCC,dc,D-MPNN,1,4.47062078345305
CCCCOC(=O)OCCCCOC1COCC1OCC,dc,D-MPNN,1,4.32318370217524
CCCOC(=O)OCCOCCOCC1CC(OCC)CO1,dc,D-MPNN,1,4.850039598508953
CCCCOC(=O)COCCCOC(=O)CC1CCCO1,dc,D-MPNN,1,5.893477490843131
CCCOC(COCC)(COC(=O)OCC)COC1CCOC1,dc,D-MPNN,1,4.516251992126465
CCCOC(=O)OC(COCC)(COCC)COC1CCOC1,dc,D-MPNN,1,4.855930016558089
CCCCOC(COC)(COC(=O)OCC)COC1CCOC1,dc,D-MPNN,1,4.565143092755896
CC(C)OCC(COCC1CCCO1)OC(=O)OC(C)C,dc,D-MPNN,1,4.388296137755208
CCCOC(COC(=O)OC)C(COC1CCOC1)OCCC,dc,D-MPNN,1,4.324002799767047
CCOC(=O)OCC(COCC(C)C)OCC1CCCO1,dc,D-MPNN,1,4.6284001849458924
CCOCC(OCC)C(COC(COC)C1CCCO1)OCC1CCCO1,dc,D-MPNN,1,3.480858773622718
CCOCC(COC1CCOC1)(COC1CCOC1)OC(=O)OC1CCOC1,dc,D-MPNN,1,5.740533336953108
CCCC(=O)OC(COC(=O)COC)COC(C)COCC,dc,D-MPNN,1,5.7055564625655375
CCCC(=O)OCC(OC(=O)CCC)C(=O)COC(C)C,dc,D-MPNN,1,10.10566817468444
CCCC(=O)OCC(COC(=O)CCC)OC(=O)CCC,dc,D-MPNN,1,6.266580871793487
CCCCCOCCOCCOC,dc,D-MPNN,2,4.80991518894373
COCCOC(=O)OC1CCCC1,dc,D-MPNN,2,4.983887591731346
CCCOC(=O)OCCOCCOCC,dc,D-MPNN,2,4.498294596412247
CCCCOC(=O)OCCOCCOC,dc,D-MPNN,2,4.266213503372515
CCCOC(CC)COCCOCCOC,dc,D-MPNN,2,4.359412124420918
CCCCOCCOCCOC(C)COCC,dc,D-MPNN,2,4.227720585070072
CCCOCCOCCOC(=O)OCCC,dc,D-MPNN,2,4.336588214207916
CCCCOC(=O)OCCOCCOCC,dc,D-MPNN,2,4.091796408152359
CCCCOCCOCCOC(=O)OCC,dc,D-MPNN,2,4.3749877376178095
CCCOC(=O)OCCOCCOCCOC,dc,D-MPNN,2,4.830792266028558
CCOC(=O)OCCCCOCCOCCOC,dc,D-MPNN,2,4.767495655425385
CCCOC(=O)OCCOCCOCCOCC,dc,D-MPNN,2,4.644093742438278
CC(=O)OCCOCCOCCOC(C)=O,dc,D-MPNN,2,7.146518221202563
CCCOC(=O)OCCCCOC1COCC1OCCC,dc,D-MPNN,2,4.452595574725354
CCCCOC(=O)OCCCCOC1COCC1OCC,dc,D-MPNN,2,4.243790195617399
CCCOC(=O)OCCOCCOCC1CC(OCC)CO1,dc,D-MPNN,2,4.730131061205508
CCCCOC(=O)COCCCOC(=O)CC1CCCO1,dc,D-MPNN,2,7.187749697685869
CCCOC(COCC)(COC(=O)OCC)COC1CCOC1,dc,D-MPNN,2,4.326610131449195
CCCOC(=O)OC(COCC)(COCC)COC1CCOC1,dc,D-MPNN,2,4.628848329965548
CCCCOC(COC)(COC(=O)OCC)COC1CCOC1,dc,D-MPNN,2,4.302669986340227
CC(C)OCC(COCC1CCCO1)OC(=O)OC(C)C,dc,D-MPNN,2,4.328750154520078
CCCOC(COC(=O)OC)C(COC1CCOC1)OCCC,dc,D-MPNN,2,4.50828334610032
CCOC(=O)OCC(COCC(C)C)OCC1CCCO1,dc,D-MPNN,2,4.035521481577285
CCOCC(OCC)C(COC(COC)C1CCCO1)OCC1CCCO1,dc,D-MPNN,2,4.633963715197011
CCOCC(COC1CCOC1)(COC1CCOC1)OC(=O)OC1CCOC1,dc,D-MPNN,2,6.894185597964291
CCCC(=O)OC(COC(=O)COC)COC(C)COCC,dc,D-MPNN,2,6.44351209961472
CCCC(=O)OCC(OC(=O)CCC)C(=O)COC(C)C,dc,D-MPNN,2,10.883959880341983
CCCC(=O)OCC(COC(=O)CCC)OC(=O)CCC,dc,D-MPNN,2,7.283988397303382
CCCCCOCCOCCOC,dc,D-MPNN,3,5.083767902622927
COCCOC(=O)OC1CCCC1,dc,D-MPNN,3,6.347303347475689
CCCOC(=O)OCCOCCOCC,dc,D-MPNN,3,6.233488323638498
CCCCOC(=O)OCCOCCOC,dc,D-MPNN,3,5.821856780091752
CCCOC(CC)COCCOCCOC,dc,D-MPNN,3,5.246442647699803
CCCCOCCOCCOC(C)COCC,dc,D-MPNN,3,5.3136259017871215
CCCOCCOCCOC(=O)OCCC,dc,D-MPNN,3,6.027882357773399
CCCCOC(=O)OCCOCCOCC,dc,D-MPNN,3,5.714009949715697
CCCCOCCOCCOC(=O)OCC,dc,D-MPNN,3,5.806389957106433
CCCOC(=O)OCCOCCOCCOC,dc,D-MPNN,3,6.733105489167826
CCOC(=O)OCCCCOCCOCCOC,dc,D-MPNN,3,6.197068075141364
CCCOC(=O)OCCOCCOCCOCC,dc,D-MPNN,3,6.51983554160938
CC(=O)OCCOCCOCCOC(C)=O,dc,D-MPNN,3,7.392727113538338
CCCOC(=O)OCCCCOC1COCC1OCCC,dc,D-MPNN,3,5.940566835553792
CCCCOC(=O)OCCCCOC1COCC1OCC,dc,D-MPNN,3,5.601418815655181
CCCOC(=O)OCCOCCOCC1CC(OCC)CO1,dc,D-MPNN,3,6.339903040775172
CCCCOC(=O)COCCCOC(=O)CC1CCCO1,dc,D-MPNN,3,6.346904505257226
CCCOC(COCC)(COC(=O)OCC)COC1CCOC1,dc,D-MPNN,3,5.465439004223583
CCCOC(=O)OC(COCC)(COCC)COC1CCOC1,dc,D-MPNN,3,5.488777570818334
CCCCOC(COC)(COC(=O)OCC)COC1CCOC1,dc,D-MPNN,3,5.413241114057407
CC(C)OCC(COCC1CCCO1)OC(=O)OC(C)C,dc,D-MPNN,3,5.5032345297901015
CCCOC(COC(=O)OC)C(COC1CCOC1)OCCC,dc,D-MPNN,3,5.422126809664774
CCOC(=O)OCC(COCC(C)C)OCC1CCCO1,dc,D-MPNN,3,5.44695749056004
CCOCC(OCC)C(COC(COC)C1CCCO1)OCC1CCCO1,dc,D-MPNN,3,5.5119435189756665
CCOCC(COC1CCOC1)(COC1CCOC1)OC(=O)OC1CCOC1,dc,D-MPNN,3,7.809244334148888
CCCC(=O)OC(COC(=O)COC)COC(C)COCC,dc,D-MPNN,3,6.4207008653100255
CCCC(=O)OCC(OC(=O)CCC)C(=O)COC(C)C,dc,D-MPNN,3,10.091345166220757
CCCC(=O)OCC(COC(=O)CCC)OC(=O)CCC,dc,D-MPNN,3,6.265100970628437
CCCCCOCCOCCOC,dc,D-MPNN,4,6.034787456487027
COCCOC(=O)OC1CCCC1,dc,D-MPNN,4,4.655847593728974
CCCOC(=O)OCCOCCOCC,dc,D-MPNN,4,5.690801444459591
CCCCOC(=O)OCCOCCOC,dc,D-MPNN,4,5.239941202155098
CCCOC(CC)COCCOCCOC,dc,D-MPNN,4,5.922625068451772
CCCCOCCOCCOC(C)COCC,dc,D-MPNN,4,6.021454885708994
CCCOCCOCCOC(=O)OCCC,dc,D-MPNN,4,5.543719804740414
CCCCOC(=O)OCCOCCOCC,dc,D-MPNN,4,5.370315062258282
CCCCOCCOCCOC(=O)OCC,dc,D-MPNN,4,5.372797047366547
CCCOC(=O)OCCOCCOCCOC,dc,D-MPNN,4,6.521010559583486
CCOC(=O)OCCCCOCCOCCOC,dc,D-MPNN,4,5.669803524272646
CCCOC(=O)OCCOCCOCCOCC,dc,D-MPNN,4,6.5373458871631644
CC(=O)OCCOCCOCCOC(C)=O,dc,D-MPNN,4,9.2221454818288
CCCOC(=O)OCCCCOC1COCC1OCCC,dc,D-MPNN,4,4.470483945286764
CCCCOC(=O)OCCCCOC1COCC1OCC,dc,D-MPNN,4,4.265903314471488
CCCOC(=O)OCCOCCOCC1CC(OCC)CO1,dc,D-MPNN,4,5.698452578983091
CCCCOC(=O)COCCCOC(=O)CC1CCCO1,dc,D-MPNN,4,6.659771050563095
CCCOC(COCC)(COC(=O)OCC)COC1CCOC1,dc,D-MPNN,4,5.650655963432975
CCCOC(=O)OC(COCC)(COCC)COC1CCOC1,dc,D-MPNN,4,6.037065309229236
CCCCOC(COC)(COC(=O)OCC)COC1CCOC1,dc,D-MPNN,4,5.362937316344867
CC(C)OCC(COCC1CCCO1)OC(=O)OC(C)C,dc,D-MPNN,4,4.989783902157629
CCCOC(COC(=O)OC)C(COC1CCOC1)OCCC,dc,D-MPNN,4,5.138623339179552
CCOC(=O)OCC(COCC(C)C)OCC1CCCO1,dc,D-MPNN,4,5.07042946499573
CCOCC(OCC)C(COC(COC)C1CCCO1)OCC1CCCO1,dc,D-MPNN,4,4.890489511591206
CCOCC(COC1CCOC1)(COC1CCOC1)OC(=O)OC1CCOC1,dc,D-MPNN,4,7.93717515763989
CCCC(=O)OC(COC(=O)COC)COC(C)COCC,dc,D-MPNN,4,6.127415892243164
CCCC(=O)OCC(OC(=O)CCC)C(=O)COC(C)C,dc,D-MPNN,4,7.157297921446436
CCCC(=O)OCC(COC(=O)CCC)OC(=O)CCC,dc,D-MPNN,4,5.919146608857
CCCCCOCCOCCOC,dc,Uni-Mol,0,5.714907169342041
COCCOC(=O)OC1CCCC1,dc,Uni-Mol,0,5.192212104797363
CCCOC(=O)OCCOCCOCC,dc,Uni-Mol,0,6.629908561706543
CCCCOC(=O)OCCOCCOC,dc,Uni-Mol,0,6.451547145843506
CCCOC(CC)COCCOCCOC,dc,Uni-Mol,0,6.366954803466797
CCCCOCCOCCOC(C)COCC,dc,Uni-Mol,0,6.445233345031738
CCCOCCOCCOC(=O)OCCC,dc,Uni-Mol,0,6.481553554534912
CCCCOC(=O)OCCOCCOCC,dc,Uni-Mol,0,6.898290157318115
CCCCOCCOCCOC(=O)OCC,dc,Uni-Mol,0,6.1263532638549805
CCCOC(=O)OCCOCCOCCOC,dc,Uni-Mol,0,7.0147247314453125
CCOC(=O)OCCCCOCCOCCOC,dc,Uni-Mol,0,7.490768909454346
CCCOC(=O)OCCOCCOCCOCC,dc,Uni-Mol,0,6.907444477081299
CC(=O)OCCOCCOCCOC(C)=O,dc,Uni-Mol,0,7.6709136962890625
CCCOC(=O)OCCCCOC1COCC1OCCC,dc,Uni-Mol,0,6.262210369110107
CCCCOC(=O)OCCCCOC1COCC1OCC,dc,Uni-Mol,0,6.106048107147217
CCCOC(=O)OCCOCCOCC1CC(OCC)CO1,dc,Uni-Mol,0,7.059301376342773
CCCCOC(=O)COCCCOC(=O)CC1CCCO1,dc,Uni-Mol,0,6.957468509674072
CCCOC(COCC)(COC(=O)OCC)COC1CCOC1,dc,Uni-Mol,0,6.727072715759277
CCCOC(=O)OC(COCC)(COCC)COC1CCOC1,dc,Uni-Mol,0,7.303601264953613
CCCCOC(COC)(COC(=O)OCC)COC1CCOC1,dc,Uni-Mol,0,6.563202857971191
CC(C)OCC(COCC1CCCO1)OC(=O)OC(C)C,dc,Uni-Mol,0,7.447868347167969
CCCOC(COC(=O)OC)C(COC1CCOC1)OCCC,dc,Uni-Mol,0,6.996448516845703
CCOC(=O)OCC(COCC(C)C)OCC1CCCO1,dc,Uni-Mol,0,6.979056358337402
CCOCC(OCC)C(COC(COC)C1CCCO1)OCC1CCCO1,dc,Uni-Mol,0,7.135132789611816
CCOCC(COC1CCOC1)(COC1CCOC1)OC(=O)OC1CCOC1,dc,Uni-Mol,0,8.431620597839355
CCCC(=O)OC(COC(=O)COC)COC(C)COCC,dc,Uni-Mol,0,7.26095724105835
CCCC(=O)OCC(OC(=O)CCC)C(=O)COC(C)C,dc,Uni-Mol,0,10.327798843383789
CCCC(=O)OCC(COC(=O)CCC)OC(=O)CCC,dc,Uni-Mol,0,6.164012908935547
CCCCCOCCOCCOC,dc,Uni-Mol,1,5.212038516998291
COCCOC(=O)OC1CCCC1,dc,Uni-Mol,1,4.846457004547119
CCCOC(=O)OCCOCCOCC,dc,Uni-Mol,1,6.193273544311523
CCCCOC(=O)OCCOCCOC,dc,Uni-Mol,1,6.1854071617126465
CCCOC(CC)COCCOCCOC,dc,Uni-Mol,1,6.5289483070373535
CCCCOCCOCCOC(C)COCC,dc,Uni-Mol,1,6.063739776611328
CCCOCCOCCOC(=O)OCCC,dc,Uni-Mol,1,5.978519916534424
CCCCOC(=O)OCCOCCOCC,dc,Uni-Mol,1,5.959367752075195
CCCCOCCOCCOC(=O)OCC,dc,Uni-Mol,1,5.727059841156006
CCCOC(=O)OCCOCCOCCOC,dc,Uni-Mol,1,6.186734676361084
CCOC(=O)OCCCCOCCOCCOC,dc,Uni-Mol,1,6.9188385009765625
CCCOC(=O)OCCOCCOCCOCC,dc,Uni-Mol,1,5.949885845184326
CC(=O)OCCOCCOCCOC(C)=O,dc,Uni-Mol,1,7.370019435882568
CCCOC(=O)OCCCCOC1COCC1OCCC,dc,Uni-Mol,1,6.134578704833984
CCCCOC(=O)OCCCCOC1COCC1OCC,dc,Uni-Mol,1,5.993732929229736
CCCOC(=O)OCCOCCOCC1CC(OCC)CO1,dc,Uni-Mol,1,6.293802261352539
CCCCOC(=O)COCCCOC(=O)CC1CCCO1,dc,Uni-Mol,1,6.72235107421875
CCCOC(COCC)(COC(=O)OCC)COC1CCOC1,dc,Uni-Mol,1,6.032580852508545
CCCOC(=O)OC(COCC)(COCC)COC1CCOC1,dc,Uni-Mol,1,6.550130367279053
CCCCOC(COC)(COC(=O)OCC)COC1CCOC1,dc,Uni-Mol,1,5.8383355140686035
CC(C)OCC(COCC1CCCO1)OC(=O)OC(C)C,dc,Uni-Mol,1,6.653478145599365
CCCOC(COC(=O)OC)C(COC1CCOC1)OCCC,dc,Uni-Mol,1,6.718381881713867
CCOC(=O)OCC(COCC(C)C)OCC1CCCO1,dc,Uni-Mol,1,6.0244622230529785
CCOCC(OCC)C(COC(COC)C1CCCO1)OCC1CCCO1,dc,Uni-Mol,1,7.041543960571289
CCOCC(COC1CCOC1)(COC1CCOC1)OC(=O)OC1CCOC1,dc,Uni-Mol,1,7.646610736846924
CCCC(=O)OC(COC(=O)COC)COC(C)COCC,dc,Uni-Mol,1,6.91797399520874
CCCC(=O)OCC(OC(=O)CCC)C(=O)COC(C)C,dc,Uni-Mol,1,10.939002990722656
CCCC(=O)OCC(COC(=O)CCC)OC(=O)CCC,dc,Uni-Mol,1,5.614862442016602
CCCCCOCCOCCOC,dc,Uni-Mol,2,6.048226833343506
COCCOC(=O)OC1CCCC1,dc,Uni-Mol,2,5.772634506225586
CCCOC(=O)OCCOCCOCC,dc,Uni-Mol,2,6.991114139556885
CCCCOC(=O)OCCOCCOC,dc,Uni-Mol,2,7.157044410705566
CCCOC(CC)COCCOCCOC,dc,Uni-Mol,2,6.696146488189697
CCCCOCCOCCOC(C)COCC,dc,Uni-Mol,2,5.832252502441406
CCCOCCOCCOC(=O)OCCC,dc,Uni-Mol,2,6.7946295738220215
CCCCOC(=O)OCCOCCOCC,dc,Uni-Mol,2,6.987789630889893
CCCCOCCOCCOC(=O)OCC,dc,Uni-Mol,2,6.3713154792785645
CCCOC(=O)OCCOCCOCCOC,dc,Uni-Mol,2,8.152344703674316
CCOC(=O)OCCCCOCCOCCOC,dc,Uni-Mol,2,8.521774291992188
CCCOC(=O)OCCOCCOCCOCC,dc,Uni-Mol,2,7.475725173950195
CC(=O)OCCOCCOCCOC(C)=O,dc,Uni-Mol,2,8.127608299255371
CCCOC(=O)OCCCCOC1COCC1OCCC,dc,Uni-Mol,2,6.8976640701293945
CCCCOC(=O)OCCCCOC1COCC1OCC,dc,Uni-Mol,2,6.525986671447754
CCCOC(=O)OCCOCCOCC1CC(OCC)CO1,dc,Uni-Mol,2,6.728569030761719
CCCCOC(=O)COCCCOC(=O)CC1CCCO1,dc,Uni-Mol,2,7.176211833953857
CCCOC(COCC)(COC(=O)OCC)COC1CCOC1,dc,Uni-Mol,2,7.637746810913086
CCCOC(=O)OC(COCC)(COCC)COC1CCOC1,dc,Uni-Mol,2,8.158828735351562
CCCCOC(COC)(COC(=O)OCC)COC1CCOC1,dc,Uni-Mol,2,6.869650363922119
CC(C)OCC(COCC1CCCO1)OC(=O)OC(C)C,dc,Uni-Mol,2,7.195563316345215
CCCOC(COC(=O)OC)C(COC1CCOC1)OCCC,dc,Uni-Mol,2,7.512292861938477
CCOC(=O)OCC(COCC(C)C)OCC1CCCO1,dc,Uni-Mol,2,6.818429470062256
CCOCC(OCC)C(COC(COC)C1CCCO1)OCC1CCCO1,dc,Uni-Mol,2,6.479077339172363
CCOCC(COC1CCOC1)(COC1CCOC1)OC(=O)OC1CCOC1,dc,Uni-Mol,2,9.925957679748535
CCCC(=O)OC(COC(=O)COC)COC(C)COCC,dc,Uni-Mol,2,7.824426651000977
CCCC(=O)OCC(OC(=O)CCC)C(=O)COC(C)C,dc,Uni-Mol,2,10.83542251586914
CCCC(=O)OCC(COC(=O)CCC)OC(=O)CCC,dc,Uni-Mol,2,6.126328945159912
CCCCCOCCOCCOC,dc,Uni-Mol,3,5.589373588562012
COCCOC(=O)OC1CCCC1,dc,Uni-Mol,3,5.258060932159424
CCCOC(=O)OCCOCCOCC,dc,Uni-Mol,3,6.3643574714660645
CCCCOC(=O)OCCOCCOC,dc,Uni-Mol,3,6.187561511993408
CCCOC(CC)COCCOCCOC,dc,Uni-Mol,3,6.228630542755127
CCCCOCCOCCOC(C)COCC,dc,Uni-Mol,3,6.210350036621094
CCCOCCOCCOC(=O)OCCC,dc,Uni-Mol,3,5.982377529144287
CCCCOC(=O)OCCOCCOCC,dc,Uni-Mol,3,6.157110691070557
CCCCOCCOCCOC(=O)OCC,dc,Uni-Mol,3,6.00820779800415
CCCOC(=O)OCCOCCOCCOC,dc,Uni-Mol,3,7.461902141571045
CCOC(=O)OCCCCOCCOCCOC,dc,Uni-Mol,3,6.887386322021484
CCCOC(=O)OCCOCCOCCOCC,dc,Uni-Mol,3,6.785317897796631
CC(=O)OCCOCCOCCOC(C)=O,dc,Uni-Mol,3,7.968830585479736
CCCOC(=O)OCCCCOC1COCC1OCCC,dc,Uni-Mol,3,6.6651201248168945
CCCCOC(=O)OCCCCOC1COCC1OCC,dc,Uni-Mol,3,6.226954460144043
CCCOC(=O)OCCOCCOCC1CC(OCC)CO1,dc,Uni-Mol,3,7.234005928039551
CCCCOC(=O)COCCCOC(=O)CC1CCCO1,dc,Uni-Mol,3,6.941773414611816
CCCOC(COCC)(COC(=O)OCC)COC1CCOC1,dc,Uni-Mol,3,6.9942450523376465
CCCOC(=O)OC(COCC)(COCC)COC1CCOC1,dc,Uni-Mol,3,7.187266826629639
CCCCOC(COC)(COC(=O)OCC)COC1CCOC1,dc,Uni-Mol,3,7.366242408752441
CC(C)OCC(COCC1CCCO1)OC(=O)OC(C)C,dc,Uni-Mol,3,6.915227890014648
CCCOC(COC(=O)OC)C(COC1CCOC1)OCCC,dc,Uni-Mol,3,7.443026065826416
CCOC(=O)OCC(COCC(C)C)OCC1CCCO1,dc,Uni-Mol,3,6.106888771057129
CCOCC(OCC)C(COC(COC)C1CCCO1)OCC1CCCO1,dc,Uni-Mol,3,6.649068832397461
CCOCC(COC1CCOC1)(COC1CCOC1)OC(=O)OC1CCOC1,dc,Uni-Mol,3,9.390669822692871
CCCC(=O)OC(COC(=O)COC)COC(C)COCC,dc,Uni-Mol,3,6.412273406982422
CCCC(=O)OCC(OC(=O)CCC)C(=O)COC(C)C,dc,Uni-Mol,3,9.196294784545898
CCCC(=O)OCC(COC(=O)CCC)OC(=O)CCC,dc,Uni-Mol,3,5.536599636077881
CCCCCOCCOCCOC,dc,Uni-Mol,4,5.736307144165039
COCCOC(=O)OC1CCCC1,dc,Uni-Mol,4,5.919041633605957
CCCOC(=O)OCCOCCOCC,dc,Uni-Mol,4,6.977870941162109
CCCCOC(=O)OCCOCCOC,dc,Uni-Mol,4,7.0010905265808105
CCCOC(CC)COCCOCCOC,dc,Uni-Mol,4,6.104099273681641
CCCCOCCOCCOC(C)COCC,dc,Uni-Mol,4,6.820831298828125
CCCOCCOCCOC(=O)OCCC,dc,Uni-Mol,4,6.539809226989746
CCCCOC(=O)OCCOCCOCC,dc,Uni-Mol,4,6.976371765136719
CCCCOCCOCCOC(=O)OCC,dc,Uni-Mol,4,5.872903823852539
CCCOC(=O)OCCOCCOCCOC,dc,Uni-Mol,4,7.885458946228027
CCOC(=O)OCCCCOCCOCCOC,dc,Uni-Mol,4,6.776618957519531
CCCOC(=O)OCCOCCOCCOCC,dc,Uni-Mol,4,6.952237129211426
CC(=O)OCCOCCOCCOC(C)=O,dc,Uni-Mol,4,7.68401575088501
CCCOC(=O)OCCCCOC1COCC1OCCC,dc,Uni-Mol,4,6.090877056121826
CCCCOC(=O)OCCCCOC1COCC1OCC,dc,Uni-Mol,4,6.351738929748535
CCCOC(=O)OCCOCCOCC1CC(OCC)CO1,dc,Uni-Mol,4,6.849685192108154
CCCCOC(=O)COCCCOC(=O)CC1CCCO1,dc,Uni-Mol,4,6.503277778625488
CCCOC(COCC)(COC(=O)OCC)COC1CCOC1,dc,Uni-Mol,4,6.476417064666748
CCCOC(=O)OC(COCC)(COCC)COC1CCOC1,dc,Uni-Mol,4,6.889585018157959
CCCCOC(COC)(COC(=O)OCC)COC1CCOC1,dc,Uni-Mol,4,6.455578804016113
CC(C)OCC(COCC1CCCO1)OC(=O)OC(C)C,dc,Uni-Mol,4,6.826625823974609
CCCOC(COC(=O)OC)C(COC1CCOC1)OCCC,dc,Uni-Mol,4,6.560720443725586
CCOC(=O)OCC(COCC(C)C)OCC1CCCO1,dc,Uni-Mol,4,6.319941997528076
CCOCC(OCC)C(COC(COC)C1CCCO1)OCC1CCCO1,dc,Uni-Mol,4,6.650155544281006
CCOCC(COC1CCOC1)(COC1CCOC1)OC(=O)OC1CCOC1,dc,Uni-Mol,4,7.941547870635986
CCCC(=O)OC(COC(=O)COC)COC(C)COCC,dc,Uni-Mol,4,7.062853813171387
CCCC(=O)OCC(OC(=O)CCC)C(=O)COC(C)C,dc,Uni-Mol,4,7.703478813171387
CCCC(=O)OCC(COC(=O)CCC)OC(=O)CCC,dc,Uni-Mol,4,5.394553184509277
