SMILES,DC_exp,MaxEStateIndex,MinEStateIndex,MaxAbsEStateIndex,MinAbsEStateIndex,qed,MolWt,HeavyAtomMolWt,ExactMolWt,NumValenceElectrons,MaxPartialCharge,MinPartialCharge,MaxAbsPartialCharge,MinAbsPartialCharge,FpDensityMorgan1,FpDensityMorgan2,FpDensityMorgan3,BCUT2D_MWHI,BCUT2D_MWLOW,BCUT2D_CHGHI,BCUT2D_CHGLO,BCUT2D_LOGPHI,BCUT2D_LOGPLOW,BCUT2D_MRHI,BCUT2D_MRLOW,BalabanJ,BertzCT,Chi0,Chi0n,Chi0v,Chi1,Chi1n,Chi1v,Chi2n,Chi2v,Chi3n,Chi3v,Chi4n,Chi4v,HallKierAlpha,Ipc,Kappa1,Kappa2,Kappa3,LabuteASA,PEOE_VSA1,PEOE_VSA10,PEOE_VSA11,PEOE_VSA13,PEOE_VSA14,PEOE_VSA2,PEOE_VSA3,PEOE_VSA4,PEOE_VSA5,PEOE_VSA6,PEOE_VSA7,PEOE_VSA8,PEOE_VSA9,SMR_VSA1,SMR_VSA10,SMR_VSA4,SMR_VSA5,SMR_VSA6,SMR_VSA7,SMR_VSA9,SlogP_VSA1,SlogP_VSA10,SlogP_VSA11,SlogP_VSA2,SlogP_VSA3,SlogP_VSA4,SlogP_VSA5,SlogP_VSA6,SlogP_VSA8,TPSA,EState_VSA1,EState_VSA10,EState_VSA2,EState_VSA3,EState_VSA4,EState_VSA5,EState_VSA6,EState_VSA7,EState_VSA8,EState_VSA9,VSA_EState1,VSA_EState2,VSA_EState3,VSA_EState4,VSA_EState5,VSA_EState6,VSA_EState7,VSA_EState8,VSA_EState9,FractionCSP3,HeavyAtomCount,NHOHCount,NOCount,NumAliphaticCarbocycles,NumAliphaticHeterocycles,NumAliphaticRings,NumAromaticCarbocycles,NumAromaticHeterocycles,NumAromaticRings,NumHAcceptors,NumHDonors,NumHeteroatoms,NumRotatableBonds,NumSaturatedCarbocycles,NumSaturatedHeterocycles,NumSaturatedRings,RingCount,MolLogP,MolMR,fr_Al_COO,fr_Al_OH,fr_Al_OH_noTert,fr_Ar_OH,fr_COO,fr_COO2,fr_C_O,fr_C_O_noCOO,fr_aldehyde,fr_allylic_oxid,fr_aryl_methyl,fr_benzene,fr_bicyclic,fr_epoxide,fr_ester,fr_ether,fr_furan,fr_ketone,fr_ketone_Topliss,fr_lactone,fr_methoxy,fr_para_hydroxylation,fr_phenol,fr_phenol_noOrthoHbond,fr_term_acetylene,fr_unbrch_alkane
CCC,1.81,2.125,1.25,2.125,1.25,0.3854706587740357,44.096999999999994,36.033,44.062600255999996,20,-0.059038363929048716,-0.06564544121023959,0.06564544121023959,0.059038363929048716,1.3333333333333333,1.3333333333333333,1.3333333333333333,13.425713650761436,10.597286349238559,1.3523744386698806,-1.4760582438091703,1.5588136507614399,-1.26961365076144,3.9177136507614367,1.0892863492385598,1.6329931618554523,0.0,2.7071067811865475,2.7071067811865475,2.7071067811865475,1.4142135623730951,1.414213562373095,1.414213562373095,0.7071067811865475,0.7071067811865475,0.0,0.0,0.0,0.0,0.0,2.7548875021634682,3.0,2.0,0.0,21.469135256622767,0.0,0.0,0.0,0.0,0.0,0.0,0.0,0.0,0.0,20.268296022307258,0.0,0.0,0.0,0.0,0.0,0.0,20.268296022307258,0.0,0.0,0.0,0.0,0.0,0.0,0.0,0.0,0.0,20.268296022307258,0.0,0.0,0.0,0.0,0.0,0.0,0.0,0.0,6.4208216229260096,0.0,0.0,13.847474399381248,0.0,0.0,0.0,0.0,0.0,0.0,0.0,1.25,4.25,0.0,1.0,3,0,0,0,0,0,0,0,0,0,0,0,0,0,0,0,0,1.4163,15.965000000000003,0,0,0,0,0,0,0,0,0,0,0,0,0,0,0,0,0,0,0,0,0,0,0,0,0,0
CCCC,1.87,2.1805555555555554,1.3194444444444444,2.1805555555555554,1.3194444444444444,0.4310243576713091,58.123999999999995,48.044,58.078250319999995,26,-0.05643437041758633,-0.06539244288085166,0.06539244288085166,0.05643437041758633,1.0,1.25,1.25,13.630205166699419,10.393584045238853,1.560298808400194,-1.6763334730980048,1.763305166699431,-1.4733159547611456,4.122205166699432,0.8855840452388535,1.9747448713915894,2.0,3.414213562373095,3.414213562373095,3.414213562373095,1.914213562373095,1.914213562373095,1.914213562373095,0.9999999999999998,0.9999999999999998,0.4999999999999999,0.4999999999999999,0.0,0.0,0.0,6.854752972273345,4.0,3.0,2.0,27.834077371019376,0.0,0.0,0.0,0.0,0.0,0.0,0.0,0.0,0.0,26.689117645233267,0.0,0.0,0.0,0.0,0.0,0.0,26.689117645233267,0.0,0.0,0.0,0.0,0.0,0.0,0.0,0.0,0.0,26.689117645233267,0.0,0.0,0.0,0.0,0.0,0.0,0.0,0.0,12.841643245852019,0.0,0.0,13.847474399381248,0.0,0.0,0.0,0.0,0.0,0.0,0.0,2.638888888888889,4.361111111111111,0.0,1.0,4,0,0,0,0,0,0,0,0,0,0,0,1,0,0,0,0,1.8064,20.581999999999997,0,0,0,0,0,0,0,0,0,0,0,0,0,0,0,0,0,0,0,0,0,0,0,0,0,0
CC(C)C,1.86,2.1666666666666665,0.8333333333333333,2.1666666666666665,0.8333333333333333,0.3971180036971562,58.123999999999995,48.044,58.078250319999995,26,-0.04998608114307979,-0.06303725418182882,0.06303725418182882,0.04998608114307979,1.0,1.0,1.0,13.744051096243988,10.27994890375601,1.676547953743917,-1.7875712890688251,1.8066405809907944,-1.6605405809907938,4.201424890146755,0.7365751098532431,2.3237900077244498,4.754887502163469,3.5773502691896257,3.5773502691896257,3.5773502691896257,1.7320508075688772,1.7320508075688776,1.7320508075688776,1.7320508075688776,1.7320508075688776,0.0,0.0,0.0,0.0,0.0,3.2451124978365313,4.0,1.3333333333333333,0.0,27.834077371019372,0.0,0.0,0.0,0.0,0.0,0.0,0.0,0.0,0.0,20.771211599071872,5.917906046161393,0.0,0.0,0.0,0.0,5.917906046161393,20.771211599071872,0.0,0.0,0.0,0.0,0.0,0.0,0.0,0.0,5.917906046161393,20.771211599071872,0.0,0.0,0.0,0.0,0.0,0.0,0.0,5.917906046161393,0.0,0.0,0.0,20.771211599071872,0.0,0.0,0.0,0.0,0.0,0.8333333333333333,0.0,0.0,6.5,0.0,1.0,4,0,0,0,0,0,0,0,0,0,0,0,0,0,0,0,0,1.6622999999999999,20.511999999999997,0,0,0,0,0,0,0,0,0,0,0,0,0,0,0,0,0,0,0,0,0,0,0,0,0,0
CCCCC,1.91,2.2118055555555554,1.34375,2.2118055555555554,1.34375,0.4687855098011332,72.151,60.05499999999999,72.093900384,32,-0.05383131543183678,-0.06538255537938412,0.06538255537938412,0.05383131543183678,1.0,1.4,1.4,13.744962415414642,10.279705138833732,1.6770337181948811,-1.7882347992017722,1.878062415414647,-1.5871948611662696,4.236962415414642,0.7717051388337315,2.19060968716425,7.5097750043269365,4.121320343559642,4.121320343559642,4.121320343559642,2.414213562373095,2.414213562373095,2.414213562373095,1.3535533905932735,1.3535533905932735,0.7071067811865474,0.7071067811865474,0.3535533905932737,0.3535533905932737,0.0,11.245112497836532,5.0,4.0,4.0,34.19901948541599,0.0,0.0,0.0,0.0,0.0,0.0,0.0,0.0,0.0,33.10993926815928,0.0,0.0,0.0,0.0,0.0,0.0,33.10993926815928,0.0,0.0,0.0,0.0,0.0,0.0,0.0,0.0,0.0,33.10993926815928,0.0,0.0,0.0,0.0,0.0,0.0,0.0,0.0,19.26246486877803,0.0,0.0,13.847474399381248,0.0,0.0,0.0,0.0,0.0,0.0,0.0,4.076388888888889,4.423611111111111,0.0,1.0,5,0,0,0,0,0,0,0,0,0,0,0,2,0,0,0,0,2.1965000000000003,25.19899999999999,0,0,0,0,0,0,0,0,0,0,0,0,0,0,0,0,0,0,0,0,0,0,0,0,0,0
CCC(C)C,1.9,2.2222222222222223,0.8842592592592591,2.2222222222222223,0.8842592592592591,0.44444083512699417,72.151,60.05499999999999,72.093900384,32,-0.04739492560987911,-0.06513840899736081,0.06513840899736081,0.04739492560987911,1.4,1.6,1.6,13.860453240304048,10.164168786484398,1.7953101244900773,-1.9009992838179366,1.93398470299949,-1.7661131039686337,4.323050049794361,0.6258469732609503,2.5395388613593908,14.0,4.284457050376173,4.284457050376173,4.284457050376173,2.270055610029662,2.270055610029662,2.270055610029662,1.8020951405812147,1.8020951405812147,0.816496580927726,0.816496580927726,0.0,0.0,0.0,9.65148445440323,5.0,2.25,4.0,34.19901948541598,0.0,0.0,0.0,0.0,0.0,0.0,0.0,0.0,0.0,27.19203322199788,5.917906046161393,0.0,0.0,0.0,0.0,5.917906046161393,27.19203322199788,0.0,0.0,0.0,0.0,0.0,0.0,0.0,0.0,5.917906046161393,27.19203322199788,0.0,0.0,0.0,0.0,0.0,0.0,0.0,5.917906046161393,6.4208216229260096,0.0,0.0,20.771211599071872,0.0,0.0,0.0,0.0,0.0,0.8842592592592591,0.0,1.3055555555555556,6.643518518518518,0.0,1.0,5,0,0,0,0,0,0,0,0,0,0,0,1,0,0,0,0,2.0524,25.12899999999999,0,0,0,0,0,0,0,0,0,0,0,0,0,0,0,0,0,0,0,0,0,0,0,0,0,0
CC(C)(C)C,1.91,2.1875,0.5,2.1875,0.5,0.4105781835342534,72.151,60.05499999999999,72.093900384,32,-0.04110154814903501,-0.060438148494705184,0.060438148494705184,0.04110154814903501,0.8,0.8,0.8,14.012500562499918,10.012499437500075,1.9507468318905004,-2.049286528534241,2.0749019436870664,-1.9278019436870664,4.469833034771958,0.46916696522803947,3.0237157840738176,15.509775004326936,4.5,4.5,4.5,2.0,2.0,2.0,3.0,3.0,0.0,0.0,0.0,0.0,0.0,3.6096404744368114,5.0,1.0,0.0,34.19901948541599,0.0,0.0,0.0,0.0,0.0,0.0,0.0,0.0,0.0,27.694948798762496,5.41499046939678,0.0,0.0,0.0,0.0,5.41499046939678,27.694948798762496,0.0,0.0,0.0,0.0,0.0,0.0,0.0,0.0,5.41499046939678,27.694948798762496,0.0,0.0,0.0,0.0,0.0,0.0,5.41499046939678,0.0,0.0,0.0,0.0,27.694948798762496,0.0,0.0,0.0,0.0,0.5,0.0,0.0,0.0,8.75,0.0,1.0,5,0,0,0,0,0,0,0,0,0,0,0,0,0,0,0,0,2.0524,25.12899999999999,0,0,0,0,0,0,0,0,0,0,0,0,0,0,0,0,0,0,0,0,0,0,0,0,0,0
CCCCCC,1.94,2.2318055555555554,1.355,2.2318055555555554,1.355,0.4629542813199688,86.178,72.06599999999999,86.109550448,38,-0.05357870225236844,-0.06538238459812357,0.06538238459812357,0.05357870225236844,0.8333333333333334,1.1666666666666667,1.3333333333333333,13.815622205179755,10.209864201930968,1.748868474205106,-1.8568988201678052,1.9487222051797695,-1.6570357980690344,4.307622205179771,0.7018642019309675,2.3390923149762908,12.0,4.82842712474619,4.82842712474619,4.82842712474619,2.914213562373095,2.914213562373095,2.914213562373095,1.707106781186547,1.707106781186547,0.9571067811865472,0.9571067811865472,0.49999999999999983,0.49999999999999983,0.0,20.986300857070454,6.0,5.0,4.0,40.563961599812586,0.0,0.0,0.0,0.0,0.0,0.0,0.0,0.0,0.0,39.53076089108528,0.0,0.0,0.0,0.0,0.0,0.0,39.53076089108528,0.0,0.0,0.0,0.0,0.0,0.0,0.0,0.0,0.0,39.53076089108528,0.0,0.0,0.0,0.0,0.0,0.0,0.0,0.0,25.683286491704038,0.0,0.0,13.847474399381248,0.0,0.0,0.0,0.0,0.0,0.0,0.0,5.536388888888888,4.463611111111111,0.0,1.0,6,0,0,0,0,0,0,0,0,0,0,0,3,0,0,0,0,2.5866000000000007,29.81599999999998,0,0,0,0,0,0,0,0,0,0,0,0,0,0,0,0,0,0,0,0,0,0,0,0,0,1
CCCC(C)C,1.93,2.2534722222222223,0.8981481481481479,2.2534722222222223,0.8981481481481479,0.4838902980848686,86.178,72.06599999999999,86.109550448,38,-0.04714263543756667,-0.06537259817899396,0.06537259817899396,0.04714263543756667,1.3333333333333333,1.8333333333333333,1.8333333333333333,13.915562047569095,10.109923040658451,1.8513166066046423,-1.954342431596249,1.99908672764211,-1.8116090393407516,4.382863992183623,0.5760031536750146,2.6272148478988635,21.219280948873624,4.99156383156272,4.99156383156272,4.99156383156272,2.770055610029662,2.770055610029662,2.770055610029662,2.1825219847121646,2.1825219847121646,0.8660254037844386,0.8660254037844386,0.5773502691896257,0.5773502691896257,0.0,14.834466856136647,6.0,3.2,4.0,40.563961599812586,0.0,0.0,0.0,0.0,0.0,0.0,0.0,0.0,0.0,33.61285484492389,5.917906046161393,0.0,0.0,0.0,0.0,5.917906046161393,33.61285484492389,0.0,0.0,0.0,0.0,0.0,0.0,0.0,0.0,5.917906046161393,33.61285484492389,0.0,0.0,0.0,0.0,0.0,0.0,0.0,5.917906046161393,12.841643245852019,0.0,0.0,20.771211599071872,0.0,0.0,0.0,0.0,0.0,0.8981481481481479,0.0,2.7060185185185186,6.729166666666667,0.0,1.0,6,0,0,0,0,0,0,0,0,0,0,0,2,0,0,0,0,2.442500000000001,29.74599999999998,0,0,0,0,0,0,0,0,0,0,0,0,0,0,0,0,0,0,0,0,0,0,0,0,0,0
CCC(C)CC,1.93,2.2777777777777777,0.9351851851851851,2.2777777777777777,0.9351851851851851,0.4838902980848686,86.178,72.06599999999999,86.109550448,38,-0.04480471003954574,-0.06512847364618164,0.06512847364618164,0.04480471003954574,1.1666666666666667,1.5,1.5,13.945215218109075,10.080095912679619,1.8819366832520852,-1.983213102526966,2.0233630284165125,-1.8454449878734882,4.410076596695986,0.5440639288486602,2.7541847860376616,19.219280948873624,4.99156383156272,4.99156383156272,4.99156383156272,2.808060412490447,2.808060412490447,2.808060412490447,1.9216682964502652,1.9216682964502652,1.3938468501173518,1.3938468501173518,0.28867513459481287,0.28867513459481287,0.0,19.800269059780252,6.0,3.2,2.25,40.563961599812586,0.0,0.0,0.0,0.0,0.0,0.0,0.0,0.0,0.0,33.61285484492389,5.917906046161393,0.0,0.0,0.0,0.0,5.917906046161393,33.61285484492389,0.0,0.0,0.0,0.0,0.0,0.0,0.0,0.0,5.917906046161393,33.61285484492389,0.0,0.0,0.0,0.0,0.0,0.0,0.0,5.917906046161393,12.841643245852019,0.0,0.0,20.771211599071872,0.0,0.0,0.0,0.0,0.0,0.9351851851851851,0.0,2.6597222222222223,6.738425925925926,0.0,1.0,6,0,0,0,0,0,0,0,0,0,0,0,2,0,0,0,0,2.442500000000001,29.74599999999998,0,0,0,0,0,0,0,0,0,0,0,0,0,0,0,0,0,0,0,0,0,0,0,0,0,0
CCC(C)(C)C,1.94,2.2430555555555554,0.5416666666666667,2.2430555555555554,0.5416666666666667,0.4244820558666797,86.17799999999998,72.06599999999999,86.109550448,38,-0.03852311765626792,-0.06488336083848827,0.06488336083848827,0.03852311765626792,1.1666666666666667,1.3333333333333333,1.3333333333333333,14.087463954608307,9.938033219078697,2.027634076138968,-2.1218398136630356,2.156155175443969,-1.996399463192295,4.547798331492759,0.39760393957781626,3.168489872670569,29.793193904479523,5.207106781186548,5.207106781186548,5.207106781186548,2.5606601717798214,2.560660171779821,2.560660171779821,2.914213562373095,2.914213562373095,1.0606601717798212,1.0606601717798212,0.0,0.0,0.0,12.16479703638053,6.0,1.6326530612244898,4.0,40.563961599812586,0.0,0.0,0.0,0.0,0.0,0.0,0.0,0.0,0.0,34.11577042168851,5.41499046939678,0.0,0.0,0.0,0.0,5.41499046939678,34.11577042168851,0.0,0.0,0.0,0.0,0.0,0.0,0.0,0.0,5.41499046939678,34.11577042168851,0.0,0.0,0.0,0.0,0.0,0.0,5.41499046939678,0.0,6.4208216229260096,0.0,0.0,27.694948798762496,0.0,0.0,0.0,0.0,0.5416666666666667,0.0,0.0,1.2708333333333333,8.9375,0.0,1.0,6,0,0,0,0,0,0,0,0,0,0,0,0,0,0,0,0,2.442500000000001,29.74599999999998,0,0,0,0,0,0,0,0,0,0,0,0,0,0,0,0,0,0,0,0,0,0,0,0,0,0
CC(C)C(C)C,1.92,2.240740740740741,0.8518518518518516,2.240740740740741,0.8518518518518516,0.4590282783168001,86.178,72.06599999999999,86.109550448,38,-0.04481265908420449,-0.06252913230679805,0.06252913230679805,0.04481265908420449,0.6666666666666666,0.8333333333333334,0.8333333333333334,14.01333451785997,10.012000000000004,1.9516290844405955,-2.0497414690825204,2.0520159625774275,-1.952481299711394,4.459075191119941,0.4569728569138516,2.9934972434784735,21.019550008653873,5.1547005383792515,5.1547005383792515,5.1547005383792515,2.6427344100918364,2.642734410091837,2.642734410091837,2.4880338717125854,2.4880338717125854,1.3333333333333337,1.3333333333333337,0.0,0.0,0.0,13.609640474436812,6.0,2.2222222222222223,2.25,40.563961599812586,0.0,0.0,0.0,0.0,0.0,0.0,0.0,0.0,0.0,27.694948798762496,11.835812092322787,0.0,0.0,0.0,0.0,11.835812092322787,27.694948798762496,0.0,0.0,0.0,0.0,0.0,0.0,0.0,0.0,11.835812092322787,27.694948798762496,0.0,0.0,0.0,0.0,0.0,0.0,0.0,11.835812092322787,0.0,0.0,0.0,27.694948798762496,0.0,0.0,0.0,0.0,0.0,1.7037037037037033,0.0,0.0,8.962962962962964,0.0,1.0,6,0,0,0,0,0,0,0,0,0,0,0,1,0,0,0,0,2.2984,29.675999999999984,0,0,0,0,0,0,0,0,0,0,0,0,0,0,0,0,0,0,0,0,0,0,0,0,0,0
CCCCCCC,1.96,2.245694444444444,1.3611111111111112,2.245694444444444,1.3611111111111112,0.47630987365330063,100.205,84.07699999999998,100.12520051199999,44,-0.05332609175221321,-0.06538238322804024,0.06538238322804024,0.05332609175221321,0.7142857142857143,1.1428571428571428,1.4285714285714286,13.862233382977566,10.164098565543423,1.796206847856114,-1.9019330572190785,1.995333382977564,-1.7028014344565705,4.354233382977567,0.6560985655434296,2.447472887876344,19.219280948873624,5.535533905932738,5.535533905932738,5.535533905932738,3.414213562373095,3.414213562373095,3.414213562373095,2.060660171779821,2.060660171779821,1.2071067811865472,1.2071067811865472,0.6767766952966366,0.6767766952966366,0.0,35.509609925153406,7.0,6.0,6.0,46.92890371420919,0.0,0.0,0.0,0.0,0.0,0.0,0.0,0.0,0.0,45.95158251401129,0.0,0.0,0.0,0.0,0.0,0.0,45.95158251401129,0.0,0.0,0.0,0.0,0.0,0.0,0.0,0.0,0.0,45.95158251401129,0.0,0.0,0.0,0.0,0.0,0.0,0.0,0.0,32.10410811463005,0.0,0.0,13.847474399381248,0.0,0.0,0.0,0.0,0.0,0.0,0.0,7.008611111111112,4.491388888888888,0.0,1.0,7,0,0,0,0,0,0,0,0,0,0,0,4,0,0,0,0,2.976700000000002,34.432999999999986,0,0,0,0,0,0,0,0,0,0,0,0,0,0,0,0,0,0,0,0,0,0,0,0,0,2
CCCCC(C)C,1.95,2.2734722222222223,0.9027314814814813,2.2734722222222223,0.9027314814814813,0.5112703489666591,100.20499999999998,84.07699999999998,100.12520051199999,44,-0.04713274852204558,-0.06538221239010727,0.06538221239010727,0.04713274852204558,1.2857142857142858,1.8571428571428572,2.0,13.94608135018466,10.080142899802732,1.8821876934441113,-1.9837657676845375,2.0375324588646344,-1.8346673329298178,4.417096157328514,0.5496425543061613,2.678257743164726,29.01955000865387,5.698670612749268,5.698670612749268,5.698670612749268,3.270055610029662,3.270055610029662,3.270055610029662,2.536075375305438,2.536075375305438,1.1350278050148308,1.1350278050148308,0.6123724356957945,0.6123724356957945,0.0,29.01955000865388,7.0,4.166666666666667,6.0,46.92890371420919,0.0,0.0,0.0,0.0,0.0,0.0,0.0,0.0,0.0,40.0336764678499,5.917906046161393,0.0,0.0,0.0,0.0,5.917906046161393,40.0336764678499,0.0,0.0,0.0,0.0,0.0,0.0,0.0,0.0,5.917906046161393,40.0336764678499,0.0,0.0,0.0,0.0,0.0,0.0,0.0,5.917906046161393,19.26246486877803,0.0,0.0,20.771211599071872,0.0,0.0,0.0,0.0,0.0,0.9027314814814813,0.0,4.145185185185185,6.785416666666666,0.0,1.0,7,0,0,0,0,0,0,0,0,0,0,0,3,0,0,0,0,2.832600000000001,34.362999999999985,0,0,0,0,0,0,0,0,0,0,0,0,0,0,0,0,0,0,0,0,0,0,0,0,0,0
CCCC(C)CC,1.95,2.3090277777777777,0.949074074074074,2.3090277777777777,0.949074074074074,0.5112703489666591,100.205,84.07699999999998,100.12520051199999,44,-0.044552450743140945,-0.06537242643141263,0.06537242643141263,0.044552450743140945,1.2857142857142858,1.8571428571428572,2.0,13.983693217312995,10.042400277007209,1.9210343082010055,-2.0202837449723887,2.067663286451609,-1.8779395257262868,4.451311172753978,0.508967292553978,2.8318199660707846,31.019550008653873,5.698670612749268,5.698670612749268,5.698670612749268,3.308060412490447,3.308060412490447,3.308060412490447,2.3020951405812147,2.3020951405812147,1.478397839480233,1.478397839480233,0.6969234250586758,0.6969234250586758,0.0,31.916635235956914,7.0,4.166666666666667,3.84,46.92890371420919,0.0,0.0,0.0,0.0,0.0,0.0,0.0,0.0,0.0,40.0336764678499,5.917906046161393,0.0,0.0,0.0,0.0,5.917906046161393,40.0336764678499,0.0,0.0,0.0,0.0,0.0,0.0,0.0,0.0,5.917906046161393,40.0336764678499,0.0,0.0,0.0,0.0,0.0,0.0,0.0,5.917906046161393,19.26246486877803,0.0,0.0,20.771211599071872,0.0,0.0,0.0,0.0,0.0,0.949074074074074,0.0,4.082685185185185,6.8015740740740736,0.0,1.0,7,0,0,0,0,0,0,0,0,0,0,0,3,0,0,0,0,2.832600000000001,34.362999999999985,0,0,0,0,0,0,0,0,0,0,0,0,0,0,0,0,0,0,0,0,0,0,0,0,0,0
CCCC(C)(C)C,1.96,2.2743055555555554,0.5503472222222222,2.2743055555555554,0.5503472222222222,0.4750207476322447,100.20499999999998,84.07699999999998,100.12520051199999,44,-0.03827118037973427,-0.0653625715831776,0.0653625715831776,0.03827118037973427,1.1428571428571428,1.5714285714285714,1.5714285714285714,14.114787605279895,9.911430892981071,2.0554444225883466,-2.147949012445037,2.188397465243936,-2.0188459406773127,4.577417942951085,0.3731039513926097,3.154490065368808,38.49022499567306,5.914213562373095,5.914213562373095,5.914213562373095,3.060660171779821,3.060660171779821,3.060660171779821,3.310660171779821,3.310660171779821,0.9999999999999998,0.9999999999999998,0.7499999999999998,0.7499999999999998,0.0,18.14170945007629,7.0,2.34375,6.0,46.92890371420919,0.0,0.0,0.0,0.0,0.0,0.0,0.0,0.0,0.0,34.11577042168851,11.83581209232279,0.0,0.0,0.0,0.0,5.41499046939678,40.53659204461451,0.0,0.0,0.0,0.0,0.0,0.0,0.0,0.0,5.41499046939678,40.53659204461451,0.0,0.0,0.0,0.0,0.0,0.0,5.41499046939678,0.0,12.841643245852019,0.0,0.0,27.694948798762496,0.0,0.0,0.0,0.0,0.5503472222222222,0.0,0.0,2.6493055555555554,9.050347222222221,0.0,1.0,7,0,0,0,0,0,0,0,0,0,0,0,1,0,0,0,0,2.832600000000001,34.362999999999985,0,0,0,0,0,0,0,0,0,0,0,0,0,0,0,0,0,0,0,0,0,0,0,0,0,0
CCC(C)C(C)C,1.95,2.2962962962962963,0.8657407407407406,2.2962962962962963,0.8657407407407406,0.5001817914751358,100.20499999999998,84.07699999999998,100.12520051199999,44,-0.042223386517280546,-0.06511846835372892,0.06511846835372892,0.042223386517280546,1.1428571428571428,1.5714285714285714,1.5714285714285714,14.066881219377116,9.95918068295084,2.0064276726545613,-2.1013106062957765,2.113159452594174,-1.998760246267159,4.516176878336748,0.4074492292309298,3.1442082073698243,37.30296890880646,5.8618073195657985,5.8618073195657985,5.8618073195657985,3.1807392125526213,3.1807392125526213,3.1807392125526213,2.629549110512868,2.629549110512868,1.7820217383170776,1.7820217383170776,0.47140452079103173,0.47140452079103173,0.0,27.977093296928835,7.0,3.061224489795918,2.6666666666666665,46.92890371420919,0.0,0.0,0.0,0.0,0.0,0.0,0.0,0.0,0.0,34.11577042168851,11.835812092322787,0.0,0.0,0.0,0.0,11.835812092322787,34.11577042168851,0.0,0.0,0.0,0.0,0.0,0.0,0.0,0.0,11.835812092322787,34.11577042168851,0.0,0.0,0.0,0.0,0.0,0.0,0.0,11.835812092322787,6.4208216229260096,0.0,0.0,27.694948798762496,0.0,0.0,0.0,0.0,0.0,1.7685185185185182,0.0,1.3171296296296298,9.081018518518519,0.0,1.0,7,0,0,0,0,0,0,0,0,0,0,0,2,0,0,0,0,2.6885000000000012,34.292999999999985,0,0,0,0,0,0,0,0,0,0,0,0,0,0,0,0,0,0,0,0,0,0,0,0,0,0
CC(C)CC(C)C,1.95,2.263888888888889,0.8749999999999998,2.263888888888889,0.8749999999999998,0.5001817914751358,100.20499999999998,84.07699999999998,100.12520051199999,44,-0.04688931685947847,-0.06276378738606951,0.06276378738606951,0.04688931685947847,0.8571428571428571,1.1428571428571428,1.1428571428571428,14.014251950198746,10.01224954721075,1.951961100676995,-2.0500598497960745,2.0766437290779183,-1.9280421509203856,4.4715799171733694,0.46892161946431205,2.9532231745612925,29.302968908806456,5.8618073195657985,5.8618073195657985,5.8618073195657985,3.125897657686229,3.125897657686229,3.125897657686229,3.0233959606302196,3.0233959606302196,0.9428090415820635,0.9428090415820635,0.9428090415820635,0.9428090415820635,0.0,19.093583929800843,7.0,3.061224489795918,6.0,46.92890371420919,0.0,0.0,0.0,0.0,0.0,0.0,0.0,0.0,0.0,27.694948798762496,18.256633715248796,0.0,0.0,0.0,0.0,11.835812092322787,34.11577042168851,0.0,0.0,0.0,0.0,0.0,0.0,0.0,0.0,11.835812092322787,34.11577042168851,0.0,0.0,0.0,0.0,0.0,0.0,0.0,11.835812092322787,6.4208216229260096,0.0,0.0,27.694948798762496,0.0,0.0,0.0,0.0,0.0,1.7499999999999996,0.0,1.3611111111111112,9.055555555555555,0.0,1.0,7,0,0,0,0,0,0,0,0,0,0,0,2,0,0,0,0,2.6885000000000012,34.292999999999985,0,0,0,0,0,0,0,0,0,0,0,0,0,0,0,0,0,0,0,0,0,0,0,0,0,0
CCC(C)(C)CC,1.96,2.298611111111111,0.5833333333333334,2.298611111111111,0.5833333333333334,0.5002442109657919,100.20499999999998,84.07699999999998,100.12520051199999,44,-0.03594562843668448,-0.06487337882622692,0.06487337882622692,0.03594562843668448,1.0,1.2857142857142858,1.2857142857142858,14.149550307493493,9.876498710164569,2.0914343529325277,-2.1816698000596295,2.2220515744997984,-2.0541942039873824,4.611729990480692,0.3378954369712388,3.3604351426960575,38.0,5.914213562373096,5.914213562373096,5.914213562373096,3.121320343559643,3.1213203435596424,3.1213203435596424,2.871320343559643,2.871320343559643,1.914213562373095,1.914213562373095,0.24999999999999994,0.24999999999999994,0.0,26.838740541269832,7.0,2.34375,2.6666666666666665,46.92890371420919,0.0,0.0,0.0,0.0,0.0,0.0,0.0,0.0,0.0,40.53659204461451,5.41499046939678,0.0,0.0,0.0,0.0,5.41499046939678,40.53659204461451,0.0,0.0,0.0,0.0,0.0,0.0,0.0,0.0,5.41499046939678,40.53659204461451,0.0,0.0,0.0,0.0,0.0,0.0,5.41499046939678,0.0,12.841643245852019,0.0,0.0,27.694948798762496,0.0,0.0,0.0,0.0,0.5833333333333334,0.0,0.0,2.5902777777777777,9.07638888888889,0.0,1.0,7,0,0,0,0,0,0,0,0,0,0,0,2,0,0,0,0,2.832600000000001,34.362999999999985,0,0,0,0,0,0,0,0,0,0,0,0,0,0,0,0,0,0,0,0,0,0,0,0,0,0
CCC(CC)CC,1.95,2.261574074074074,0.9861111111111109,2.261574074074074,0.9861111111111109,0.5112703489666591,100.205,84.07699999999998,100.12520051199999,44,-0.04221543387253523,-0.06511852812199308,0.06511852812199308,0.04221543387253523,0.8571428571428571,1.1428571428571428,1.1428571428571428,14.014002995502262,10.011999999999999,1.9523752809357453,-2.0496634092422563,2.094855983815344,-1.9106590894867614,4.480204764679129,0.4773457108034254,2.9923028831940863,21.509775004326936,5.698670612749268,5.698670612749268,5.698670612749268,3.3460652149512318,3.3460652149512318,3.3460652149512318,2.0907702751760278,2.0907702751760278,1.7320508075688772,1.7320508075688772,0.8660254037844386,0.8660254037844386,0.0,34.3994618804395,7.0,4.166666666666667,2.6666666666666665,46.92890371420919,0.0,0.0,0.0,0.0,0.0,0.0,0.0,0.0,0.0,40.0336764678499,5.917906046161393,0.0,0.0,0.0,0.0,5.917906046161393,40.0336764678499,0.0,0.0,0.0,0.0,0.0,0.0,0.0,0.0,5.917906046161393,40.0336764678499,0.0,0.0,0.0,0.0,0.0,0.0,0.0,5.917906046161393,19.26246486877803,0.0,0.0,20.771211599071872,0.0,0.0,0.0,0.0,0.0,0.9861111111111109,0.0,4.0625,6.784722222222221,0.0,1.0,7,0,0,0,0,0,0,0,0,0,0,0,3,0,0,0,0,2.832600000000001,34.362999999999985,0,0,0,0,0,0,0,0,0,0,0,0,0,0,0,0,0,0,0,0,0,0,0,0,0,0
CC(C)C(C)(C)C,1.96,2.261574074074074,0.5,2.261574074074074,0.5,0.4387734079247987,100.20499999999998,84.07699999999998,100.12520051199999,44,-0.03595364166053182,-0.06227354329393883,0.06227354329393883,0.03595364166053182,1.0,1.1428571428571428,1.1428571428571428,14.189174912621917,9.836924894055704,2.131894152259927,-2.2204096809434954,2.2309724403081743,-2.1242526190713,4.636456830422641,0.2834800261158475,3.541196965079901,45.548875021634686,6.077350269189626,6.077350269189626,6.077350269189626,2.9433756729740645,2.9433756729740645,2.9433756729740645,3.5207259421636903,3.5207259421636903,1.7320508075688774,1.7320508075688774,0.0,0.0,0.0,17.086166327180322,7.0,1.8518518518518519,2.6666666666666665,46.92890371420919,0.0,0.0,0.0,0.0,0.0,0.0,0.0,0.0,0.0,34.61868599845312,11.332896515558172,0.0,0.0,0.0,0.0,11.332896515558172,34.61868599845312,0.0,0.0,0.0,0.0,0.0,0.0,0.0,0.0,11.332896515558172,34.61868599845312,0.0,0.0,0.0,0.0,0.0,0.0,5.41499046939678,5.917906046161393,0.0,0.0,0.0,34.61868599845312,0.0,0.0,0.0,0.0,0.5,0.7986111111111109,0.0,0.0,11.284722222222223,0.0,1.0,7,0,0,0,0,0,0,0,0,0,0,0,0,0,0,0,0,2.6885000000000012,34.292999999999985,0,0,0,0,0,0,0,0,0,0,0,0,0,0,0,0,0,0,0,0,0,0,0,0,0,0
CCCCCCCC,1.98,2.2558985260770976,1.364795918367347,2.2558985260770976,1.364795918367347,0.48061060527513716,114.232,96.08799999999998,114.14085057599999,50,-0.053316204543896704,-0.0653823832228023,0.0653823832228023,0.053316204543896704,0.625,1.0,1.25,13.894659234682535,10.132494143669753,1.8291013349134206,-1.9330649257747892,2.0277592346825384,-1.7344058563302445,4.386659234682543,0.624494143669756,2.53006045688352,25.019550008653873,6.242640687119286,6.242640687119286,6.242640687119286,3.914213562373095,3.914213562373095,3.914213562373095,2.4142135623730945,2.4142135623730945,1.4571067811865472,1.4571067811865472,0.8535533905932734,0.8535533905932734,0.0,61.499612265106904,8.0,7.0,6.0,53.293845828605804,0.0,0.0,0.0,0.0,0.0,0.0,0.0,0.0,0.0,52.372404136937305,0.0,0.0,0.0,0.0,0.0,0.0,52.372404136937305,0.0,0.0,0.0,0.0,0.0,0.0,0.0,0.0,0.0,52.372404136937305,0.0,0.0,0.0,0.0,0.0,0.0,0.0,0.0,38.524929737556064,0.0,0.0,13.847474399381248,0.0,0.0,0.0,0.0,0.0,0.0,0.0,8.488202947845807,4.511797052154195,0.0,1.0,8,0,0,0,0,0,0,0,0,0,0,0,5,0,0,0,0,3.3668000000000022,39.05,0,0,0,0,0,0,0,0,0,0,0,0,0,0,0,0,0,0,0,0,0,0,0,0,0,3
CCCCCC(C)C,1.97,2.287361111111111,0.9042129629629628,2.287361111111111,0.9042129629629628,0.4921472673477994,114.23199999999999,96.08799999999998,114.14085057599999,50,-0.0471325775290515,-0.06538238184567347,0.06538238184567347,0.0471325775290515,1.125,1.75,2.125,13.964879854785655,10.062182261607683,1.9011220709078742,-2.0015828937213636,2.0625287012244202,-1.8475068847504326,4.438796681172605,0.5343123279298295,2.7158427612932585,37.30296890880646,6.405777393935816,6.405777393935816,6.405777393935816,3.770055610029662,3.770055610029662,3.770055610029662,2.889628765898712,2.889628765898712,1.3850278050148308,1.3850278050148308,0.8025858577612692,0.8025858577612692,0.0,48.27551104108667,8.0,5.142857142857143,6.0,53.29384582860579,0.0,0.0,0.0,0.0,0.0,0.0,0.0,0.0,0.0,46.4544980907759,5.917906046161393,0.0,0.0,0.0,0.0,5.917906046161393,46.4544980907759,0.0,0.0,0.0,0.0,0.0,0.0,0.0,0.0,5.917906046161393,46.4544980907759,0.0,0.0,0.0,0.0,0.0,0.0,0.0,5.917906046161393,25.683286491704038,0.0,0.0,20.771211599071872,0.0,0.0,0.0,0.0,0.0,0.9042129629629628,0.0,5.604074074074074,6.825046296296296,0.0,1.0,8,0,0,0,0,0,0,0,0,0,0,0,4,0,0,0,0,3.2227000000000023,38.98,0,0,0,0,0,0,0,0,0,0,0,0,0,0,0,0,0,0,0,0,0,0,0,0,0,1
CCCCC(C)(C)C,1.98,2.2943055555555554,0.5515972222222223,2.2943055555555554,0.5515972222222223,0.5167600429991204,114.23199999999999,96.08799999999998,114.14085057599999,50,-0.03826129381068647,-0.0653820387556187,0.0653820387556187,0.03826129381068647,1.125,1.625,1.75,14.126349826711014,9.900380546431355,2.0670829577872842,-2.158917222522018,2.203329361863952,-2.027308897582956,4.590518669389076,0.3633925022694719,3.1117661943884265,47.548875021634686,6.621320343559642,6.621320343559642,6.621320343559642,3.5606601717798214,3.560660171779821,3.560660171779821,3.664213562373095,3.664213562373095,1.2803300858899105,1.2803300858899105,0.7071067811865474,0.7071067811865474,0.0,36.61600302409073,8.0,3.111111111111111,6.0,53.293845828605804,0.0,0.0,0.0,0.0,0.0,0.0,0.0,0.0,0.0,40.53659204461451,11.83581209232279,0.0,0.0,0.0,0.0,5.41499046939678,46.95741366754052,0.0,0.0,0.0,0.0,0.0,0.0,0.0,0.0,5.41499046939678,46.95741366754052,0.0,0.0,0.0,0.0,0.0,0.0,5.41499046939678,0.0,19.26246486877803,0.0,0.0,27.694948798762496,0.0,0.0,0.0,0.0,0.5515972222222223,0.0,0.0,4.073680555555556,9.124722222222221,0.0,1.0,8,0,0,0,0,0,0,0,0,0,0,0,2,0,0,0,0,3.2227000000000023,38.98,0,0,0,0,0,0,0,0,0,0,0,0,0,0,0,0,0,0,0,0,0,0,0,0,0,0
CC(C)CCC(C)C,1.97,2.2801388888888887,0.8864814814814813,2.2801388888888887,0.8864814814814813,0.5286347163806406,114.23199999999999,96.08799999999998,114.14085057599999,50,-0.047122791945284,-0.06277343901107306,0.06277343901107306,0.047122791945284,0.75,1.0,1.125,14.015202871615879,10.011999999999995,1.9525077848501957,-2.0507088659229424,2.0923092550797118,-1.9142116011653314,4.479592762694349,0.47560655433888877,2.9278193611827583,36.0,6.568914100752346,6.568914100752346,6.568914100752346,3.625897657686229,3.625897657686229,3.625897657686229,3.3650439694243293,3.3650439694243293,1.3213672050459182,1.3213672050459182,0.6666666666666667,0.6666666666666667,0.0,40.339203954130696,8.0,3.9375,6.0,53.29384582860579,0.0,0.0,0.0,0.0,0.0,0.0,0.0,0.0,0.0,40.53659204461451,11.835812092322787,0.0,0.0,0.0,0.0,11.835812092322787,40.53659204461451,0.0,0.0,0.0,0.0,0.0,0.0,0.0,0.0,11.835812092322787,40.53659204461451,0.0,0.0,0.0,0.0,0.0,0.0,0.0,11.835812092322787,12.841643245852019,0.0,0.0,27.694948798762496,0.0,0.0,0.0,0.0,0.0,1.7729629629629629,0.0,2.7731481481481484,9.120555555555555,0.0,1.0,8,0,0,0,0,0,0,0,0,0,0,0,3,0,0,0,0,3.0786000000000016,38.91,0,0,0,0,0,0,0,0,0,0,0,0,0,0,0,0,0,0,0,0,0,0,0,0,0,0
CCCC(C)(C)CC,1.98,2.329861111111111,0.5920138888888888,2.329861111111111,0.5920138888888888,0.528150214884252,114.23199999999999,96.08799999999998,114.14085057599999,50,-0.035693722224125785,-0.06536239888976586,0.06536239888976586,0.035693722224125785,1.125,1.625,1.75,14.17100340851335,9.85570704085019,2.113283500429641,-2.2020589734669738,2.2467969118897453,-2.0721307349431455,4.634732183251359,0.31853722530185236,3.373381552563661,53.05865002596163,6.621320343559643,6.621320343559642,6.621320343559642,3.6213203435596424,3.6213203435596424,3.6213203435596424,3.267766952966369,3.267766952966369,1.883883476483184,1.883883476483184,0.8535533905932736,0.8535533905932736,0.0,41.8157298068742,8.0,3.111111111111111,3.061224489795918,53.293845828605804,0.0,0.0,0.0,0.0,0.0,0.0,0.0,0.0,0.0,40.53659204461451,11.83581209232279,0.0,0.0,0.0,0.0,5.41499046939678,46.95741366754052,0.0,0.0,0.0,0.0,0.0,0.0,0.0,0.0,5.41499046939678,46.95741366754052,0.0,0.0,0.0,0.0,0.0,0.0,5.41499046939678,0.0,19.26246486877803,0.0,0.0,27.694948798762496,0.0,0.0,0.0,0.0,0.5920138888888888,0.0,0.0,3.99125,9.166736111111112,0.0,1.0,8,0,0,0,0,0,0,0,0,0,0,0,3,0,0,0,0,3.2227000000000023,38.98,0,0,0,0,0,0,0,0,0,0,0,0,0,0,0,0,0,0,0,0,0,0,0,0,0,0
CCC(C)C(C)CC,1.97,2.3275462962962963,0.9166666666666665,2.3275462962962963,0.9166666666666665,0.5286347163806406,114.23199999999999,96.08799999999998,114.14085057599999,50,-0.04197058946384056,-0.06511829561900206,0.06511829561900206,0.04197058946384056,0.875,1.125,1.25,14.109937408101041,9.916801308761304,2.0505084520341286,-2.1426656620061846,2.1604630591502176,-2.03714123638279,4.561274559759071,0.36704202954242665,3.292478156075495,40.0,6.568914100752346,6.568914100752346,6.568914100752346,3.718744015013406,3.718744015013406,3.718744015013406,2.771064349313151,2.771064349313151,2.25930562250979,2.25930562250979,0.804737854124365,0.804737854124365,0.0,53.47276361405894,8.0,3.9375,2.34375,53.293845828605804,0.0,0.0,0.0,0.0,0.0,0.0,0.0,0.0,0.0,40.53659204461451,11.835812092322787,0.0,0.0,0.0,0.0,11.835812092322787,40.53659204461451,0.0,0.0,0.0,0.0,0.0,0.0,0.0,0.0,11.835812092322787,40.53659204461451,0.0,0.0,0.0,0.0,0.0,0.0,0.0,11.835812092322787,12.841643245852019,0.0,0.0,27.694948798762496,0.0,0.0,0.0,0.0,0.0,1.833333333333333,0.0,2.6567592592592595,9.176574074074075,0.0,1.0,8,0,0,0,0,0,0,0,0,0,0,0,3,0,0,0,0,3.0786000000000016,38.91,0,0,0,0,0,0,0,0,0,0,0,0,0,0,0,0,0,0,0,0,0,0,0,0,0,0
CCCC(CC)CC,1.97,2.281574074074074,0.9999999999999998,2.281574074074074,0.9999999999999998,0.5261016802172799,114.232,96.08799999999998,114.14085057599999,50,-0.04196320542519574,-0.0653722545047953,0.0653722545047953,0.04196320542519574,1.0,1.5,1.625,14.04319907840953,9.98351254584087,1.9820493184461552,-2.0776676182946683,2.127892040538398,-1.935668349113428,4.51122650397729,0.4505881024986818,3.0743734120651833,35.302968908806456,6.405777393935816,6.405777393935816,6.405777393935816,3.8460652149512318,3.8460652149512318,3.8460652149512318,2.4711971193069777,2.4711971193069777,1.8516239634379272,1.8516239634379272,1.105171715522539,1.105171715522539,0.0,58.51622162380951,8.0,5.142857142857143,3.061224489795918,53.293845828605804,0.0,0.0,0.0,0.0,0.0,0.0,0.0,0.0,0.0,46.454498090775914,5.917906046161393,0.0,0.0,0.0,0.0,5.917906046161393,46.454498090775914,0.0,0.0,0.0,0.0,0.0,0.0,0.0,0.0,5.917906046161393,46.454498090775914,0.0,0.0,0.0,0.0,0.0,0.0,0.0,5.917906046161393,25.683286491704038,0.0,0.0,20.771211599071872,0.0,0.0,0.0,0.0,0.0,0.9999999999999998,0.0,5.507962962962963,6.82537037037037,0.0,1.0,8,0,0,0,0,0,0,0,0,0,0,0,4,0,0,0,0,3.2227000000000023,38.98,0,0,0,0,0,0,0,0,0,0,0,0,0,0,0,0,0,0,0,0,0,0,0,0,0,0
CCC(C)(CC)CC,1.98,2.3541666666666665,0.625,2.3541666666666665,0.625,0.528150214884252,114.23199999999999,96.08799999999998,114.14085057599999,50,-0.03336907992245038,-0.06486338665853789,0.06486338665853789,0.03336907992245038,0.875,1.125,1.125,14.203269502762417,9.823353096634328,2.1467402316676143,-2.23323759801976,2.2783951763906876,-2.1046900843742753,4.666730508881466,0.28603365760718136,3.5832125652604643,42.793987519471216,6.621320343559643,6.621320343559642,6.621320343559642,3.6819805153394642,3.6819805153394634,3.6819805153394634,2.871320343559643,2.871320343559643,2.560660171779821,2.560660171779821,0.7499999999999998,0.7499999999999998,0.0,52.28341890015258,8.0,3.111111111111111,1.8518518518518519,53.293845828605804,0.0,0.0,0.0,0.0,0.0,0.0,0.0,0.0,0.0,46.95741366754052,5.41499046939678,0.0,0.0,0.0,0.0,5.41499046939678,46.95741366754052,0.0,0.0,0.0,0.0,0.0,0.0,0.0,0.0,5.41499046939678,46.95741366754052,0.0,0.0,0.0,0.0,0.0,0.0,5.41499046939678,0.0,19.26246486877803,0.0,0.0,27.694948798762496,0.0,0.0,0.0,0.0,0.625,0.0,0.0,3.958333333333333,9.166666666666668,0.0,1.0,8,0,0,0,0,0,0,0,0,0,0,0,3,0,0,0,0,3.2227000000000023,38.98,0,0,0,0,0,0,0,0,0,0,0,0,0,0,0,0,0,0,0,0,0,0,0,0,0,0
CCC(C)C(C)(C)C,1.98,2.3055555555555554,0.5086805555555556,2.3055555555555554,0.5086805555555556,0.4911539632740701,114.23199999999999,96.08799999999998,114.14085057599999,50,-0.035701170512770566,-0.06510839342619178,0.06510839342619178,0.035701170512770566,1.25,1.625,1.625,14.220414892871707,9.806372605060647,2.1639167169550193,-2.250176954355492,2.2657400821413876,-2.1517145227145895,4.669358784447525,0.25447431651678964,3.623281003705976,56.92878689342031,6.784457050376173,6.784457050376173,6.784457050376173,3.4813804754348494,3.4813804754348494,3.4813804754348494,3.6753212645389093,3.6753212645389093,2.0907702751760278,2.0907702751760278,0.6123724356957945,0.6123724356957945,0.0,35.64737584844357,8.0,2.52,2.34375,53.29384582860579,0.0,0.0,0.0,0.0,0.0,0.0,0.0,0.0,0.0,41.03950762137913,11.332896515558172,0.0,0.0,0.0,0.0,11.332896515558172,41.03950762137913,0.0,0.0,0.0,0.0,0.0,0.0,0.0,0.0,11.332896515558172,41.03950762137913,0.0,0.0,0.0,0.0,0.0,0.0,5.41499046939678,5.917906046161393,6.4208216229260096,0.0,0.0,34.61868599845312,0.0,0.0,0.0,0.0,0.5086805555555556,0.849537037037037,0.0,1.2951388888888888,11.429976851851853,0.0,1.0,8,0,0,0,0,0,0,0,0,0,0,0,1,0,0,0,0,3.0786000000000016,38.91,0,0,0,0,0,0,0,0,0,0,0,0,0,0,0,0,0,0,0,0,0,0,0,0,0,0
CC(C)CC(C)(C)C,1.98,2.2847222222222223,0.5219907407407407,2.2847222222222223,0.5219907407407407,0.4911539632740701,114.23199999999999,96.08799999999998,114.14085057599999,50,-0.038018218252164164,-0.06275372160759639,0.06275372160759639,0.038018218252164164,1.125,1.5,1.5,14.163638387484248,9.863629649244036,2.1051028686638853,-2.194935125216457,2.2259535915423507,-2.076585447700782,4.620951578734183,0.32031651003291156,3.388924101358251,54.928786893420316,6.784457050376173,6.784457050376173,6.784457050376173,3.4165022194363885,3.4165022194363885,3.4165022194363885,4.158631167129105,4.158631167129105,1.0206207261596576,1.0206207261596576,1.2247448713915892,1.2247448713915892,0.0,23.005390496014627,8.0,2.52,6.0,53.29384582860579,0.0,0.0,0.0,0.0,0.0,0.0,0.0,0.0,0.0,34.61868599845312,17.75371813848418,0.0,0.0,0.0,0.0,11.332896515558172,41.03950762137913,0.0,0.0,0.0,0.0,0.0,0.0,0.0,0.0,11.332896515558172,41.03950762137913,0.0,0.0,0.0,0.0,0.0,0.0,5.41499046939678,5.917906046161393,6.4208216229260096,0.0,0.0,34.61868599845312,0.0,0.0,0.0,0.0,0.5219907407407407,0.8425925925925923,0.0,1.3263888888888888,11.39236111111111,0.0,1.0,8,0,0,0,0,0,0,0,0,0,0,0,1,0,0,0,0,3.0786000000000016,38.91,0,0,0,0,0,0,0,0,0,0,0,0,0,0,0,0,0,0,0,0,0,0,0,0,0,0
CCC(C)(C)C(C)C,1.98,2.3171296296296298,0.5416666666666667,2.3171296296296298,0.5416666666666667,0.517234095658858,114.23199999999997,96.08799999999998,114.14085057599999,50,-0.03337709673098796,-0.0648633266388849,0.0648633266388849,0.03337709673098796,1.25,1.625,1.625,14.23602865111902,9.790669788138525,2.1801565371507765,-2.2652633137208658,2.283658650437367,-2.165368076294864,4.686056226203565,0.23980087560137972,3.708324167474306,60.438561897747256,6.784457050376174,6.784457050376174,6.784457050376174,3.5040358447538855,3.5040358447538855,3.5040358447538855,3.4968351245806306,3.4968351245806306,2.474179755261594,2.474179755261594,0.408248290463863,0.408248290463863,0.0,38.3366927298978,8.0,2.52,1.8518518518518519,53.29384582860579,0.0,0.0,0.0,0.0,0.0,0.0,0.0,0.0,0.0,41.03950762137913,11.332896515558172,0.0,0.0,0.0,0.0,11.332896515558172,41.03950762137913,0.0,0.0,0.0,0.0,0.0,0.0,0.0,0.0,11.332896515558172,41.03950762137913,0.0,0.0,0.0,0.0,0.0,0.0,5.41499046939678,5.917906046161393,6.4208216229260096,0.0,0.0,34.61868599845312,0.0,0.0,0.0,0.0,0.5416666666666667,0.8124999999999998,0.0,1.2824074074074074,11.44675925925926,0.0,1.0,8,0,0,0,0,0,0,0,0,0,0,0,2,0,0,0,0,3.0786000000000016,38.91,0,0,0,0,0,0,0,0,0,0,0,0,0,0,0,0,0,0,0,0,0,0,0,0,0,0
CC(C)C(C)C(C)C,1.96,2.314814814814815,0.8425925925925924,2.314814814814815,0.8425925925925924,0.5174907689766356,114.23199999999999,96.08799999999998,114.14085057599999,50,-0.039643009079065525,-0.06250911399286939,0.06250911399286939,0.039643009079065525,0.625,0.875,0.875,14.15050063281029,9.876412757772446,2.0920012045164618,-2.182127374129738,2.1781801685513513,-2.0988790524576517,4.590923253015533,0.31609939839038115,3.464226847231096,45.058650025961626,6.732050807568877,6.732050807568878,6.732050807568878,3.5534180126147956,3.553418012614796,3.553418012614796,3.3471506281091274,3.3471506281091274,2.103133692252835,2.103133692252835,0.7698003589195014,0.7698003589195014,0.0,39.36806555425064,8.0,3.111111111111111,2.34375,53.29384582860579,0.0,0.0,0.0,0.0,0.0,0.0,0.0,0.0,0.0,34.61868599845312,17.75371813848418,0.0,0.0,0.0,0.0,17.75371813848418,34.61868599845312,0.0,0.0,0.0,0.0,0.0,0.0,0.0,0.0,17.75371813848418,34.61868599845312,0.0,0.0,0.0,0.0,0.0,0.0,0.0,17.75371813848418,0.0,0.0,0.0,34.61868599845312,0.0,0.0,0.0,0.0,0.0,2.5555555555555554,0.0,0.0,11.444444444444446,0.0,1.0,8,0,0,0,0,0,0,0,0,0,0,0,2,0,0,0,0,2.9345000000000017,38.839999999999996,0,0,0,0,0,0,0,0,0,0,0,0,0,0,0,0,0,0,0,0,0,0,0,0,0,0
CCCCCCCCC,2.0,2.2637110260770976,1.3671875,2.2637110260770976,1.3671875,0.4777243799437154,128.259,108.09899999999998,128.15650064,56,-0.053306317337172206,-0.06538238322279268,0.06538238322279268,0.053306317337172206,0.5555555555555556,0.8888888888888888,1.2222222222222223,13.918192972620595,10.109794084931163,1.852948366538763,-1.9554475366686943,2.051292972620585,-1.757105915068841,4.410192972620589,0.6017940849311597,2.595082706793886,33.30296890880646,6.949747468305834,6.949747468305834,6.949747468305834,4.414213562373095,4.414213562373095,4.414213562373095,2.7677669529663684,2.7677669529663684,1.7071067811865472,1.7071067811865472,1.0303300858899103,1.0303300858899103,0.0,103.68791599331826,9.0,8.0,8.0,59.658787943002416,0.0,0.0,0.0,0.0,0.0,0.0,0.0,0.0,0.0,58.79322575986332,0.0,0.0,0.0,0.0,0.0,0.0,58.79322575986332,0.0,0.0,0.0,0.0,0.0,0.0,0.0,0.0,0.0,58.79322575986332,0.0,0.0,0.0,0.0,0.0,0.0,0.0,0.0,44.94575136048208,0.0,0.0,13.847474399381248,0.0,0.0,0.0,0.0,0.0,0.0,0.0,9.972577947845807,4.527422052154195,0.0,1.0,9,0,0,0,0,0,0,0,0,0,0,0,6,0,0,0,0,3.7569000000000026,43.667000000000016,0,0,0,0,0,0,0,0,0,0,0,0,0,0,0,0,0,0,0,0,0,0,0,0,0,4
CCCCCCC(C)C,1.99,2.297565192743764,0.904496409674981,2.297565192743764,0.904496409674981,0.4960481579147377,128.259,108.09899999999998,128.15650064,56,-0.04713257615644698,-0.0653823832175159,0.0653823832175159,0.04713257615644698,1.0,1.6666666666666667,2.111111111111111,13.977397694607973,10.050441665426485,1.913683423360838,-2.0132747887679616,2.0799447660151404,-1.8552585685828449,4.4536145952322315,0.5246388237947701,2.746690906857495,46.0,7.112884175122364,7.112884175122364,7.112884175122364,4.270055610029662,4.2700556100296625,4.2700556100296625,3.2431821564919856,3.2431821564919856,1.6350278050148308,1.6350278050148308,0.9793625530579061,0.9793625530579061,0.0,84.62711413110172,9.0,6.125,8.0,59.6587879430024,0.0,0.0,0.0,0.0,0.0,0.0,0.0,0.0,0.0,52.87531971370191,5.917906046161393,0.0,0.0,0.0,0.0,5.917906046161393,52.87531971370191,0.0,0.0,0.0,0.0,0.0,0.0,0.0,0.0,5.917906046161393,52.87531971370191,0.0,0.0,0.0,0.0,0.0,0.0,0.0,5.917906046161393,32.10410811463005,0.0,0.0,20.771211599071872,0.0,0.0,0.0,0.0,0.0,0.904496409674981,0.0,7.074406651549509,6.854430272108845,0.0,1.0,9,0,0,0,0,0,0,0,0,0,0,0,5,0,0,0,0,3.6128000000000027,43.59700000000001,0,0,0,0,0,0,0,0,0,0,0,0,0,0,0,0,0,0,0,0,0,0,0,0,0,2
CCCCC(C)CCC,1.99,2.3602777777777777,0.9675462962962962,2.3602777777777777,0.9675462962962962,0.5302717025211113,128.259,108.09899999999998,128.15650064,56,-0.04429030725972217,-0.06538221100653975,0.06538221100653975,0.04429030725972217,1.0,1.6666666666666667,2.111111111111111,14.03075578735184,9.996745528774502,1.9687642741727558,-2.065258674783211,2.1214199371799807,-1.9174624590813056,4.501572726860945,0.46635560348707333,2.9548225727898,48.0,7.112884175122364,7.112884175122364,7.112884175122364,4.308060412490447,4.3080604124904465,4.3080604124904465,3.036075375305438,3.036075375305438,1.8319512300735068,1.8319512300735068,1.18972270488542,1.18972270488542,0.0,90.44046466047871,9.0,6.125,5.877551020408164,59.658787943002416,0.0,0.0,0.0,0.0,0.0,0.0,0.0,0.0,0.0,52.87531971370193,5.917906046161393,0.0,0.0,0.0,0.0,5.917906046161393,52.87531971370193,0.0,0.0,0.0,0.0,0.0,0.0,0.0,0.0,5.917906046161393,52.87531971370193,0.0,0.0,0.0,0.0,0.0,0.0,0.0,5.917906046161393,32.10410811463005,0.0,0.0,20.771211599071872,0.0,0.0,0.0,0.0,0.0,0.9675462962962962,0.0,6.976628873771731,6.889158163265305,0.0,1.0,9,0,0,0,0,0,0,0,0,0,0,0,5,0,0,0,0,3.6128000000000027,43.59700000000001,0,0,0,0,0,0,0,0,0,0,0,0,0,0,0,0,0,0,0,0,0,0,0,0,0,0
CCCC(C)CC(C)C,1.98,2.3506944444444446,0.8810648148148146,2.3506944444444446,0.8810648148148146,0.5435567265945545,128.259,108.09899999999998,128.15650064,56,-0.044046909476935195,-0.06537242366183277,0.06537242366183277,0.044046909476935195,1.1111111111111112,1.6666666666666667,2.0,14.076400787750268,9.951417596593144,2.0154056729391465,-2.1095915587155827,2.1472496227407496,-1.9816694600667537,4.537678087572551,0.4117258309866788,3.1512513888997318,55.058650025961626,7.276020881938894,7.276020881938894,7.276020881938894,4.163902460147014,4.163902460147014,4.163902460147014,3.5233959606302196,3.5233959606302196,1.6552478622747715,1.6552478622747715,1.4153882641488675,1.4153882641488675,0.0,66.8432930980791,9.0,4.839506172839506,5.877551020408164,59.6587879430024,0.0,0.0,0.0,0.0,0.0,0.0,0.0,0.0,0.0,40.53659204461451,18.256633715248796,0.0,0.0,0.0,0.0,11.835812092322787,46.95741366754052,0.0,0.0,0.0,0.0,0.0,0.0,0.0,0.0,11.835812092322787,46.95741366754052,0.0,0.0,0.0,0.0,0.0,0.0,0.0,11.835812092322787,19.26246486877803,0.0,0.0,27.694948798762496,0.0,0.0,0.0,0.0,0.0,1.8208796296296292,0.0,4.138796296296296,9.206990740740741,0.0,1.0,9,0,0,0,0,0,0,0,0,0,0,0,4,0,0,0,0,3.468700000000003,43.52700000000001,0,0,0,0,0,0,0,0,0,0,0,0,0,0,0,0,0,0,0,0,0,0,0,0,0,0
CCC(C)CCC(C)C,1.98,2.3356944444444445,0.8879629629629628,2.3356944444444445,0.8879629629629628,0.5435567265945545,128.259,108.09899999999998,128.15650064,56,-0.04453260720346361,-0.06512829911210985,0.06512829911210985,0.04453260720346361,1.0,1.5555555555555556,1.8888888888888888,14.051522415050991,9.976389383969586,1.9896838276176567,-2.0854624058792433,2.1303285348969765,-1.948096811465536,4.516746293679996,0.44082796731916557,3.0608205611627874,55.058650025961626,7.276020881938894,7.276020881938894,7.276020881938894,4.163902460147014,4.163902460147014,4.163902460147014,3.4846171252933797,3.4846171252933797,1.9337396407417127,1.9337396407417127,0.8219752754296894,0.8219752754296894,0.0,78.51304536092788,9.0,4.839506172839506,5.877551020408164,59.6587879430024,0.0,0.0,0.0,0.0,0.0,0.0,0.0,0.0,0.0,46.95741366754052,11.835812092322787,0.0,0.0,0.0,0.0,11.835812092322787,46.95741366754052,0.0,0.0,0.0,0.0,0.0,0.0,0.0,0.0,11.835812092322787,46.95741366754052,0.0,0.0,0.0,0.0,0.0,0.0,0.0,11.835812092322787,19.26246486877803,0.0,0.0,27.694948798762496,0.0,0.0,0.0,0.0,0.0,1.82537037037037,0.0,4.148703703703704,9.192592592592593,0.0,1.0,9,0,0,0,0,0,0,0,0,0,0,0,4,0,0,0,0,3.468700000000003,43.52700000000001,0,0,0,0,0,0,0,0,0,0,0,0,0,0,0,0,0,0,0,0,0,0,0,0,0,0
CC(C)CCCC(C)C,1.98,2.291990740740741,0.8923611111111109,2.291990740740741,0.8923611111111109,0.5435567265945545,128.259,108.09899999999998,128.15650064,56,-0.04713240510765534,-0.06277360921982794,0.06277360921982794,0.04713240510765534,0.7777777777777778,1.1111111111111112,1.3333333333333333,14.01617061718744,10.012166252905347,1.9532051023732495,-2.0508050659685533,2.103268129273611,-1.9049247834595697,4.485308378131319,0.480322022765254,2.914658625512464,45.058650025961626,7.276020881938894,7.276020881938894,7.276020881938894,4.125897657686229,4.125897657686229,4.125897657686229,3.7185973600176028,3.7185973600176028,1.5629488288431144,1.5629488288431144,0.9343477111254838,0.9343477111254838,0.0,65.1469510314125,9.0,4.839506172839506,8.0,59.6587879430024,0.0,0.0,0.0,0.0,0.0,0.0,0.0,0.0,0.0,46.95741366754052,11.835812092322787,0.0,0.0,0.0,0.0,11.835812092322787,46.95741366754052,0.0,0.0,0.0,0.0,0.0,0.0,0.0,0.0,11.835812092322787,46.95741366754052,0.0,0.0,0.0,0.0,0.0,0.0,0.0,11.835812092322787,19.26246486877803,0.0,0.0,27.694948798762496,0.0,0.0,0.0,0.0,0.0,1.7847222222222219,0.0,4.213981481481482,9.167962962962964,0.0,1.0,9,0,0,0,0,0,0,0,0,0,0,0,4,0,0,0,0,3.468700000000003,43.52700000000001,0,0,0,0,0,0,0,0,0,0,0,0,0,0,0,0,0,0,0,0,0,0,0,0,0,0
CCCCCCCCCC,2.01,2.2698838655832705,1.3688271604938271,2.2698838655832705,1.3688271604938271,0.4684089279615184,142.286,120.10999999999997,142.172150704,62,-0.053306146439862805,-0.06538238322279266,0.06538238322279266,0.053306146439862805,0.5,0.8,1.1,13.935876276700968,10.092933038718229,1.8708479928080215,-1.9720888623059794,2.068976276700974,-1.7739669612817646,4.427876276700977,0.5849330387182341,2.6476048489438337,40.0,7.6568542494923815,7.6568542494923815,7.6568542494923815,4.914213562373096,4.914213562373094,4.914213562373094,3.121320343559642,3.121320343559642,1.9571067811865472,1.9571067811865472,1.207106781186547,1.207106781186547,0.0,175.07674799821407,10.0,9.0,8.0,66.02373005739904,0.0,0.0,0.0,0.0,0.0,0.0,0.0,0.0,0.0,65.21404738278933,0.0,0.0,0.0,0.0,0.0,0.0,65.21404738278933,0.0,0.0,0.0,0.0,0.0,0.0,0.0,0.0,0.0,65.21404738278933,0.0,0.0,0.0,0.0,0.0,0.0,0.0,0.0,51.36657298340809,0.0,0.0,13.847474399381248,0.0,0.0,0.0,0.0,0.0,0.0,0.0,11.46023226883346,4.539767731166541,0.0,1.0,10,0,0,0,0,0,0,0,0,0,0,0,7,0,0,0,0,4.147000000000004,48.28400000000003,0,0,0,0,0,0,0,0,0,0,0,0,0,0,0,0,0,0,0,0,0,0,0,0,0,5
CC(C)CCCCC(C)C,2.0,2.300966553287982,0.8955205971277398,2.300966553287982,0.8955205971277398,0.5112629019538562,142.286,120.10999999999997,142.172150704,62,-0.04713257477153666,-0.06277361059816577,0.06277361059816577,0.04713257477153666,0.7,1.0,1.2,14.017148042438196,10.012000000000004,1.9539901117125664,-2.051164416286794,2.1114493401725616,-1.8986644603699616,4.48969181100658,0.4833936370689205,2.909471975439737,52.43856189774725,7.983127663125442,7.983127663125442,7.983127663125442,4.625897657686229,4.62589765768623,4.62589765768623,4.072150750610877,4.072150750610877,1.8129488288431144,1.8129488288431144,1.1051717155225387,1.1051717155225387,0.0,116.61674541783222,10.0,5.76,8.0,66.02373005739902,0.0,0.0,0.0,0.0,0.0,0.0,0.0,0.0,0.0,53.378235290466534,11.835812092322787,0.0,0.0,0.0,0.0,11.835812092322787,53.378235290466534,0.0,0.0,0.0,0.0,0.0,0.0,0.0,0.0,11.835812092322787,53.378235290466534,0.0,0.0,0.0,0.0,0.0,0.0,0.0,11.835812092322787,25.683286491704038,0.0,0.0,27.694948798762496,0.0,0.0,0.0,0.0,0.0,1.7910411942554796,0.0,5.671759259259259,9.203866213151928,0.0,1.0,10,0,0,0,0,0,0,0,0,0,0,0,5,0,0,0,0,3.858800000000003,48.14400000000003,0,0,0,0,0,0,0,0,0,0,0,0,0,0,0,0,0,0,0,0,0,0,0,0,0,1
CCCC(CCC)CCC,2.0,2.29,1.0277777777777777,2.29,1.0277777777777777,0.5255086598522993,142.286,120.10999999999997,142.172150704,62,-0.04145875664815216,-0.06537225174431041,0.06537225174431041,0.04145875664815216,0.7,1.0,1.2,14.090251217337578,9.937811875440032,2.0299328323977894,-2.122524777524159,2.179399030395447,-1.977033473150108,4.56044160884707,0.4070039117164785,3.2950821163049606,42.793987519471216,7.819990956308912,7.819990956308912,7.819990956308912,4.846065214951232,4.846065214951231,4.846065214951231,3.232050807568877,3.232050807568877,2.0907702751760273,2.0907702751760273,1.6577575732838081,1.6577575732838081,0.0,153.59701265360627,10.0,7.111111111111111,4.839506172839506,66.02373005739904,0.0,0.0,0.0,0.0,0.0,0.0,0.0,0.0,0.0,59.296141336627926,5.917906046161393,0.0,0.0,0.0,0.0,5.917906046161393,59.296141336627926,0.0,0.0,0.0,0.0,0.0,0.0,0.0,0.0,5.917906046161393,59.296141336627926,0.0,0.0,0.0,0.0,0.0,0.0,0.0,5.917906046161393,38.524929737556064,0.0,0.0,20.771211599071872,0.0,0.0,0.0,0.0,0.0,1.0277777777777777,0.0,8.435555555555556,6.87,0.0,1.0,10,0,0,0,0,0,0,0,0,0,0,0,6,0,0,0,0,4.002900000000003,48.21400000000003,0,0,0,0,0,0,0,0,0,0,0,0,0,0,0,0,0,0,0,0,0,0,0,0,0,0
CCCCCCCCCCC,2.02,2.2748838655832704,1.37,2.2748838655832704,1.37,0.4526177505443085,156.313,132.12099999999998,156.187800768,68,-0.053305975542553626,-0.06538238322279266,0.06538238322279266,0.053305975542553626,0.45454545454545453,0.7272727272727273,1.0,13.949555876360234,10.080083079100119,1.8846812289831505,-1.984781956019018,2.08265587636024,-1.7868169208998743,4.441555876360238,0.5720830791001252,2.6909155266923976,49.05865002596163,8.36396103067893,8.36396103067893,8.36396103067893,5.414213562373096,5.414213562373094,5.414213562373094,3.4748737341529154,3.4748737341529154,2.207106781186547,2.207106781186547,1.3838834764831838,1.3838834764831838,0.0,292.8860629742695,11.0,10.0,10.0,72.38867217179563,0.0,0.0,0.0,0.0,0.0,0.0,0.0,0.0,0.0,71.63486900571534,0.0,0.0,0.0,0.0,0.0,0.0,71.63486900571534,0.0,0.0,0.0,0.0,0.0,0.0,0.0,0.0,0.0,71.63486900571534,0.0,0.0,0.0,0.0,0.0,0.0,0.0,0.0,57.787394606334104,0.0,0.0,13.847474399381248,0.0,0.0,0.0,0.0,0.0,0.0,0.0,12.95023226883346,4.549767731166541,0.0,1.0,11,0,0,0,0,0,0,0,0,0,0,0,8,0,0,0,0,4.537100000000004,52.90100000000004,0,0,0,0,0,0,0,0,0,0,0,0,0,0,0,0,0,0,0,0,0,0,0,0,0,6
CCCCCCCCCCCC,2.03,2.279016096988229,1.3708677685950414,2.279016096988229,1.3708677685950414,0.4304643040524984,170.33999999999997,144.13199999999998,170.203450832,74,-0.05330597417108836,-0.06538238322279266,0.06538238322279266,0.05330597417108836,0.4166666666666667,0.6666666666666666,0.9166666666666666,13.960404810851868,10.07005824878275,1.8956419942770424,-1.9946923570827892,2.093504810851858,-1.7968417512172512,4.452404810851859,0.5620582487827479,2.72724281291869,56.43856189774725,9.071067811865477,9.071067811865477,9.071067811865477,5.914213562373096,5.914213562373094,5.914213562373094,3.828427124746189,3.828427124746189,2.457106781186547,2.457106781186547,1.5606601717798205,1.5606601717798205,0.0,488.92509398668415,12.0,11.0,10.0,78.75361428619225,0.0,0.0,0.0,0.0,0.0,0.0,0.0,0.0,0.0,78.05569062864136,0.0,0.0,0.0,0.0,0.0,0.0,78.05569062864136,0.0,0.0,0.0,0.0,0.0,0.0,0.0,0.0,0.0,78.05569062864136,0.0,0.0,0.0,0.0,0.0,0.0,0.0,0.0,64.20821622926012,0.0,0.0,13.847474399381248,0.0,0.0,0.0,0.0,0.0,0.0,0.0,14.441967806023545,4.558032193976458,0.0,1.0,12,0,0,0,0,0,0,0,0,0,0,0,9,0,0,0,0,4.9272000000000045,57.51800000000005,0,0,0,0,0,0,0,0,0,0,0,0,0,0,0,0,0,0,0,0,0,0,0,0,0,7
CCCCCCCCCCCCC,2.04,2.2824883192104513,1.3715277777777777,2.2824883192104513,1.3715277777777777,0.4031688486987215,184.36699999999996,156.14299999999997,184.219100896,80,-0.05330597279962309,-0.06538238322279266,0.06538238322279266,0.05330597279962309,0.38461538461538464,0.6153846153846154,0.8461538461538461,13.96919684802399,10.062095838697562,1.9045171999679065,-2.0025691854602417,2.1022968480239923,-1.8048041613024508,4.461196848023996,0.5540958386975499,2.7581498184332935,66.10749561002055,9.778174593052025,9.778174593052025,9.778174593052025,6.414213562373096,6.414213562373094,6.414213562373094,4.181980515339462,4.181980515339462,2.707106781186547,2.707106781186547,1.7374368670764573,1.7374368670764573,0.0,812.7027727261354,13.0,12.0,12.0,85.11855640058886,0.0,0.0,0.0,0.0,0.0,0.0,0.0,0.0,0.0,84.47651225156737,0.0,0.0,0.0,0.0,0.0,0.0,84.47651225156737,0.0,0.0,0.0,0.0,0.0,0.0,0.0,0.0,0.0,84.47651225156737,0.0,0.0,0.0,0.0,0.0,0.0,0.0,0.0,70.62903785218613,0.0,0.0,13.847474399381248,0.0,0.0,0.0,0.0,0.0,0.0,0.0,15.935023361579095,4.5649766384209025,0.0,1.0,13,0,0,0,0,0,0,0,0,0,0,0,10,0,0,0,0,5.317300000000005,62.13500000000006,0,0,0,0,0,0,0,0,0,0,0,0,0,0,0,0,0,0,0,0,0,0,0,0,0,8
CCCCC(CCCC)CCCC,2.03,2.3022831632653062,1.0415277777777776,2.3022831632653062,1.0415277777777776,0.4633331898529508,184.36699999999996,156.14299999999997,184.219100896,80,-0.0414290960332403,-0.0653822096214948,0.0653822096214948,0.0414290960332403,0.6153846153846154,0.9230769230769231,1.1538461538461537,14.118693137047329,9.911103910921971,2.0586093173869005,-2.14897562844668,2.2123711071374834,-1.9996955204454259,4.591044596264821,0.38230808121592275,3.467990238339422,67.01955000865388,9.941311299868556,9.941311299868556,9.941311299868556,6.346065214951232,6.346065214951231,6.346065214951231,4.292710979348698,4.292710979348698,2.8977774788672046,2.8977774788672046,1.911410541372452,1.911410541372452,0.0,758.5118062972541,13.0,10.083333333333334,8.333333333333334,85.11855640058884,0.0,0.0,0.0,0.0,0.0,0.0,0.0,0.0,0.0,78.55860620540597,5.917906046161393,0.0,0.0,0.0,0.0,5.917906046161393,78.55860620540597,0.0,0.0,0.0,0.0,0.0,0.0,0.0,0.0,5.917906046161393,78.55860620540597,0.0,0.0,0.0,0.0,0.0,0.0,0.0,5.917906046161393,57.787394606334104,0.0,0.0,20.771211599071872,0.0,0.0,0.0,0.0,0.0,1.0415277777777776,0.0,12.884956065759637,6.906849489795919,0.0,1.0,13,0,0,0,0,0,0,0,0,0,0,0,9,0,0,0,0,5.173200000000005,62.06500000000006,0,0,0,0,0,0,0,0,0,0,0,0,0,0,0,0,0,0,0,0,0,0,0,0,0,0
CCCCCCCCCCCCCC,2.05,2.285446899092108,1.3720414201183433,2.285446899092108,1.3720414201183433,0.37310358381743647,198.39399999999995,168.15399999999997,198.23475095999999,86,-0.05330597279437904,-0.06538238322279266,0.06538238322279266,0.05330597279437904,0.35714285714285715,0.5714285714285714,0.7857142857142857,13.976458977696502,10.055661093733848,1.911842359757533,-2.008938940565231,2.1095589776965054,-1.8112389062661431,4.468458977696503,0.5476610937338564,2.7847655305545773,74.03910001730775,10.485281374238573,10.485281374238573,10.485281374238573,6.914213562373096,6.914213562373094,6.914213562373094,4.535533905932736,4.535533905932736,2.957106781186547,2.957106781186547,1.914213562373094,1.914213562373094,0.0,1347.9122533421119,14.0,13.0,12.0,91.48349851498547,0.0,0.0,0.0,0.0,0.0,0.0,0.0,0.0,0.0,90.89733387449338,0.0,0.0,0.0,0.0,0.0,0.0,90.89733387449338,0.0,0.0,0.0,0.0,0.0,0.0,0.0,0.0,0.0,90.89733387449338,0.0,0.0,0.0,0.0,0.0,0.0,0.0,0.0,77.04985947511214,0.0,0.0,13.847474399381248,0.0,0.0,0.0,0.0,0.0,0.0,0.0,17.429106201815785,4.570893798184216,0.0,1.0,14,0,0,0,0,0,0,0,0,0,0,0,11,0,0,0,0,5.707400000000006,66.75200000000007,0,0,0,0,0,0,0,0,0,0,0,0,0,0,0,0,0,0,0,0,0,0,0,0,0,9
CCCCCCCCCCCCCCC,2.05,2.2879979195002713,1.3724489795918366,2.2879979195002713,1.3724489795918366,0.3429502160022288,212.42099999999994,180.16499999999996,212.25040102399998,92,-0.053305972789135014,-0.06538238322279266,0.06538238322279266,0.053305972789135014,0.3333333333333333,0.5333333333333333,0.7333333333333333,13.982560110947894,10.050392217470378,1.917992062514946,-2.014157426642645,2.115660110947922,-1.8165077825296245,4.474560110947918,0.542392217470372,2.8079257388805243,84.2114326716684,11.192388155425121,11.192388155425121,11.192388155425121,7.414213562373096,7.414213562373094,7.414213562373094,4.88908729652601,4.88908729652601,3.207106781186547,3.207106781186547,2.0909902576697306,2.0909902576697306,0.0,2230.017478996464,15.0,14.0,14.0,97.84844062938208,0.0,0.0,0.0,0.0,0.0,0.0,0.0,0.0,0.0,97.3181554974194,0.0,0.0,0.0,0.0,0.0,0.0,97.3181554974194,0.0,0.0,0.0,0.0,0.0,0.0,0.0,0.0,0.0,97.3181554974194,0.0,0.0,0.0,0.0,0.0,0.0,0.0,0.0,83.47068109803816,0.0,0.0,13.847474399381248,0.0,0.0,0.0,0.0,0.0,0.0,0.0,18.92400416099946,4.575995839000543,0.0,1.0,15,0,0,0,0,0,0,0,0,0,0,0,12,0,0,0,0,6.097500000000006,71.36900000000007,0,0,0,0,0,0,0,0,0,0,0,0,0,0,0,0,0,0,0,0,0,0,0,0,0,10
CCCCCCCCCCCCCCCC,2.06,2.2902201417224934,1.3727777777777779,2.2902201417224934,1.3727777777777779,0.3149047241460033,226.44799999999992,192.17599999999996,226.26605108799998,98,-0.05330597278912537,-0.06538238322279266,0.06538238322279266,0.05330597278912537,0.3125,0.5,0.6875,13.98776472858045,10.046019746831565,1.9232346627840138,-2.0184904120617633,2.120864728580438,-1.8208802531684363,4.479764728580435,0.5380197468315645,2.828262412638549,92.6059378176129,11.899494936611669,11.899494936611669,11.899494936611669,7.914213562373096,7.914213562373094,7.914213562373094,5.242640687119284,5.242640687119284,3.457106781186547,3.457106781186547,2.2677669529663675,2.2677669529663675,0.0,3682.875586750231,16.0,15.0,14.0,104.2133827437787,0.0,0.0,0.0,0.0,0.0,0.0,0.0,0.0,0.0,103.73897712034541,0.0,0.0,0.0,0.0,0.0,0.0,103.73897712034541,0.0,0.0,0.0,0.0,0.0,0.0,0.0,0.0,0.0,103.73897712034541,0.0,0.0,0.0,0.0,0.0,0.0,0.0,0.0,89.89150272096417,0.0,0.0,13.847474399381248,0.0,0.0,0.0,0.0,0.0,0.0,0.0,20.419559716555014,4.580440283444987,0.0,1.0,16,0,0,0,0,0,0,0,0,0,0,0,13,0,0,0,0,6.487600000000007,75.98600000000008,0,0,0,0,0,0,0,0,0,0,0,0,0,0,0,0,0,0,0,0,0,0,0,0,0,11
CCCCCCCCCCCCCCCCC,2.06,2.2921732667224934,1.373046875,2.2921732667224934,1.373046875,0.29031715960806453,240.4749999999999,204.18699999999995,240.28170115199998,104,-0.053305972789115724,-0.06538238322279266,0.06538238322279266,0.053305972789115724,0.29411764705882354,0.47058823529411764,0.6470588235294118,13.992266445135392,10.042354956130714,1.9277664755160213,-2.0221237001438355,2.125366445135389,-1.8245450438692723,4.484266445135391,0.5343549561307276,2.846262262649495,103.20671786825555,12.606601717798217,12.606601717798217,12.606601717798217,8.414213562373096,8.414213562373094,8.414213562373094,5.596194077712558,5.596194077712558,3.707106781186547,3.707106781186547,2.4445436482630045,2.4445436482630045,0.0,6072.014357777548,17.0,16.0,16.0,110.5783248581753,0.0,0.0,0.0,0.0,0.0,0.0,0.0,0.0,0.0,110.15979874327142,0.0,0.0,0.0,0.0,0.0,0.0,110.15979874327142,0.0,0.0,0.0,0.0,0.0,0.0,0.0,0.0,0.0,110.15979874327142,0.0,0.0,0.0,0.0,0.0,0.0,0.0,0.0,96.31232434389018,0.0,0.0,13.847474399381248,0.0,0.0,0.0,0.0,0.0,0.0,0.0,21.915653466555014,4.584346533444987,0.0,1.0,17,0,0,0,0,0,0,0,0,0,0,0,14,0,0,0,0,6.877700000000007,80.60300000000008,0,0,0,0,0,0,0,0,0,0,0,0,0,0,0,0,0,0,0,0,0,0,0,0,0,12
CCCCCCCCCCCCCCCCCCC,2.07,2.2954465804052653,1.373456790123457,2.2954465804052653,1.373456790123457,0.2520053119130528,268.5289999999999,228.20899999999995,268.31300128,116,-0.0533059727891157,-0.06538238322279266,0.06538238322279266,0.0533059727891157,0.2631578947368421,0.42105263157894735,0.5789473684210527,13.999703744723636,10.036599311794832,1.935247454363951,-2.0278333682776157,2.1328037447236343,-1.8303006882051691,4.491703744723637,0.528599311794828,2.8766966445353965,122.97373660251155,14.020815280171313,14.020815280171313,14.020815280171313,9.414213562373096,9.414213562373094,9.414213562373094,6.303300858899106,6.303300858899106,4.207106781186547,4.207106781186547,2.7980970388562785,2.7980970388562785,0.0,16439.976933070877,19.0,18.0,18.0,123.30820908696853,0.0,0.0,0.0,0.0,0.0,0.0,0.0,0.0,0.0,123.00144198912345,0.0,0.0,0.0,0.0,0.0,0.0,123.00144198912345,0.0,0.0,0.0,0.0,0.0,0.0,0.0,0.0,0.0,123.00144198912345,0.0,0.0,0.0,0.0,0.0,0.0,0.0,0.0,109.15396758974221,0.0,0.0,13.847474399381248,0.0,0.0,0.0,0.0,0.0,0.0,0.0,24.909106839189466,4.590893160810531,0.0,1.0,19,0,0,0,0,0,0,0,0,0,0,0,16,0,0,0,0,7.657900000000008,89.83700000000009,0,0,0,0,0,0,0,0,0,0,0,0,0,0,0,0,0,0,0,0,0,0,0,0,0,14
CCCCCCCCCCCCCCCCCCCCCC,2.08,2.299215408804584,1.3738662131519275,2.299215408804584,1.3738662131519275,0.20895316562946994,310.61,264.24199999999996,310.359951472,134,-0.0533059727891157,-0.06538238322279266,0.06538238322279266,0.0533059727891157,0.22727272727272727,0.36363636363636365,0.5,14.008245319905438,10.030609479819418,1.9438291863540782,-2.0337803951288995,2.141345319905434,-1.836290520180588,4.500245319905431,0.5226094798194109,2.9121609469850025,152.8771237954945,16.142135623730958,16.142135623730958,16.142135623730958,10.914213562373096,10.914213562373094,10.914213562373094,7.363961030678928,7.363961030678928,4.957106781186547,4.957106781186547,3.3284271247461894,3.3284271247461894,0.0,72672.20796662719,22.0,21.0,20.0,142.40303543015838,0.0,0.0,0.0,0.0,0.0,0.0,0.0,0.0,0.0,142.2639068579015,0.0,0.0,0.0,0.0,0.0,0.0,142.2639068579015,0.0,0.0,0.0,0.0,0.0,0.0,0.0,0.0,0.0,142.2639068579015,0.0,0.0,0.0,0.0,0.0,0.0,0.0,0.0,128.41643245852023,0.0,0.0,13.847474399381248,0.0,0.0,0.0,0.0,0.0,0.0,0.0,29.40156918239083,4.598430817609168,0.0,1.0,22,0,0,0,0,0,0,0,0,0,0,0,19,0,0,0,0,8.828200000000002,103.6880000000001,0,0,0,0,0,0,0,0,0,0,0,0,0,0,0,0,0,0,0,0,0,0,0,0,0,17
CCCCCC(CCCCC)CCCCC,2.05,2.308702916351726,1.045972222222222,2.308702916351726,1.045972222222222,0.3403852026073357,226.44799999999992,192.17599999999996,226.26605108799998,98,-0.041428582995084375,-0.06538238183510822,0.06538238183510822,0.041428582995084375,0.5,0.8125,1.0625,14.131227601782863,9.90014768648541,2.071128621478691,-2.159922474337052,2.22763541186734,-2.008427615576135,4.604867959132399,0.37247326590962776,3.57988974451701,93.43228035743822,12.0626316434282,12.0626316434282,12.0626316434282,7.846065214951233,7.846065214951231,7.846065214951231,5.35337115112852,5.35337115112852,3.6477774788672046,3.6477774788672046,2.4820508075688767,2.4820508075688767,0.0,3373.4577604044616,16.0,13.066666666666666,10.515555555555556,104.21338274377868,0.0,0.0,0.0,0.0,0.0,0.0,0.0,0.0,0.0,97.821071074184,5.917906046161393,0.0,0.0,0.0,0.0,5.917906046161393,97.821071074184,0.0,0.0,0.0,0.0,0.0,0.0,0.0,0.0,5.917906046161393,97.821071074184,0.0,0.0,0.0,0.0,0.0,0.0,0.0,5.917906046161393,77.04985947511214,0.0,0.0,20.771211599071872,0.0,0.0,0.0,0.0,0.0,1.045972222222222,0.0,17.361252362055936,6.926108749055178,0.0,1.0,16,0,0,0,0,0,0,0,0,0,0,0,12,0,0,0,0,6.343500000000007,75.91600000000007,0,0,0,0,0,0,0,0,0,0,0,0,0,0,0,0,0,0,0,0,0,0,0,0,0,3
CCCCCCC(CCCCCC)CCCCCC,2.07,2.3124794728880227,1.0468225623582765,2.3124794728880227,1.0468225623582765,0.26943898417727447,268.5289999999999,228.20899999999995,268.31300128,116,-0.04142857887655569,-0.06538238321749647,0.06538238321749647,0.04142857887655569,0.42105263157894735,0.7368421052631579,1.0,14.137463246944753,9.895243786685317,2.0772986311288113,-2.164868474779712,2.2356272374182984,-2.012065173006111,4.611922830091269,0.36821854158065387,3.65824749044978,121.58797503894243,14.183951986987843,14.183951986987843,14.183951986987843,9.346065214951233,9.346065214951231,9.346065214951231,6.414031322908341,6.414031322908341,4.397777478867205,4.397777478867205,3.0123808934587872,3.0123808934587872,0.0,15196.090281219807,19.0,16.055555555555557,14.222222222222221,123.30820908696852,0.0,0.0,0.0,0.0,0.0,0.0,0.0,0.0,0.0,117.08353594296204,5.917906046161393,0.0,0.0,0.0,0.0,5.917906046161393,117.08353594296204,0.0,0.0,0.0,0.0,0.0,0.0,0.0,0.0,5.917906046161393,117.08353594296204,0.0,0.0,0.0,0.0,0.0,0.0,0.0,5.917906046161393,96.31232434389018,0.0,0.0,20.771211599071872,0.0,0.0,0.0,0.0,0.0,1.0468225623582765,0.0,21.84907235231099,6.937438418664068,0.0,1.0,19,0,0,0,0,0,0,0,0,0,0,0,15,0,0,0,0,7.513800000000008,89.76700000000008,0,0,0,0,0,0,0,0,0,0,0,0,0,0,0,0,0,0,0,0,0,0,0,0,0,6
CCCCCCCC(CCCCCCC)CCCCCCC,2.08,2.314888979590112,1.0461848072562356,2.314888979590112,1.0461848072562356,0.22202192579783345,310.61,264.24199999999996,310.359951472,134,-0.04142857886080528,-0.06538238322278293,0.06538238322278293,0.04142857886080528,0.36363636363636365,0.6363636363636364,0.9090909090909091,14.140901082608623,9.892972868647016,2.0806699724116977,-2.167180659161437,2.2402560062113532,-2.0136195139350126,4.615909008458287,0.36632215231937765,3.7161866414752547,151.19311924156366,16.30527233054749,16.30527233054749,16.30527233054749,10.846065214951233,10.846065214951231,10.846065214951231,7.474691494688163,7.474691494688163,5.147777478867205,5.147777478867205,3.542710979348698,3.542710979348698,0.0,66968.56481096442,22.0,19.047619047619047,16.3718820861678,142.40303543015835,0.0,0.0,0.0,0.0,0.0,0.0,0.0,0.0,0.0,136.34600081174008,5.917906046161393,0.0,0.0,0.0,0.0,5.917906046161393,136.34600081174008,0.0,0.0,0.0,0.0,0.0,0.0,0.0,0.0,5.917906046161393,136.34600081174008,0.0,0.0,0.0,0.0,0.0,0.0,0.0,5.917906046161393,115.57478921266822,0.0,0.0,20.771211599071872,0.0,0.0,0.0,0.0,0.0,1.0461848072562356,0.0,26.342481587306764,6.944666938770336,0.0,1.0,22,0,0,0,0,0,0,0,0,0,0,0,18,0,0,0,0,8.684100000000004,103.6180000000001,0,0,0,0,0,0,0,0,0,0,0,0,0,0,0,0,0,0,0,0,0,0,0,0,0,9
CCCCCCCCC(CCCCCCCC)CCCCCCCC,2.09,2.3165202810304413,1.0449309492315442,2.3165202810304413,1.0449309492315442,0.18020343102771783,352.69100000000014,300.27500000000003,352.406901664,152,-0.04142857886077631,-0.06538238322279266,0.06538238322279266,0.04142857886077631,0.32,0.56,0.84,14.142987639787446,9.891871249553562,2.0826997558196467,-2.168313865452984,2.2431908723407967,-2.0143118918079064,4.61838108511554,0.3654388696115635,3.760771658852694,182.03910001730776,18.426592674107127,18.426592674107127,18.426592674107127,12.346065214951231,12.346065214951231,12.346065214951231,8.535351666467985,8.535351666467985,5.897777478867205,5.897777478867205,4.073041065238609,4.073041065238609,0.0,294455.3901706168,25.0,22.041666666666668,20.166666666666668,161.49786177334818,0.0,0.0,0.0,0.0,0.0,0.0,0.0,0.0,0.0,155.60846568051812,5.917906046161393,0.0,0.0,0.0,0.0,5.917906046161393,155.60846568051812,0.0,0.0,0.0,0.0,0.0,0.0,0.0,0.0,5.917906046161393,155.60846568051812,0.0,0.0,0.0,0.0,0.0,0.0,0.0,5.917906046161393,134.83725408144625,0.0,0.0,20.771211599071872,0.0,0.0,0.0,0.0,0.0,1.0449309492315442,0.0,30.83884154101047,6.949560843091323,0.0,1.0,25,0,0,0,0,0,0,0,0,0,0,0,21,0,0,0,0,9.854399999999996,117.46900000000011,0,0,0,0,0,0,0,0,0,0,0,0,0,0,0,0,0,0,0,0,0,0,0,0,0,12
CCCCCCCCCCC(CCCCCCCCCC)CCCCCCCCCC,2.1,2.318524557393114,1.041920542130228,2.318524557393114,1.041920542130228,0.11223555605527066,436.8530000000004,372.3410000000002,436.50080204799997,188,-0.0414285788607763,-0.06538238322279266,0.06538238322279266,0.0414285788607763,0.25806451612903225,0.45161290322580644,0.6774193548387096,14.145388871582668,9.891074815452795,2.0850151230828744,-2.1691446378305463,2.2467261347305065,-2.014754322913888,4.621289147260072,0.36483711440032446,3.8248926060717663,246.86456071487643,22.669233361226404,22.669233361226404,22.669233361226404,15.346065214951233,15.346065214951231,15.346065214951231,10.656672010027624,10.656672010027624,7.397777478867205,7.397777478867205,5.133701237018428,5.133701237018428,0.0,5595257.801358977,31.0,28.033333333333335,26.133333333333333,199.68751445972788,0.0,0.0,0.0,0.0,0.0,0.0,0.0,0.0,0.0,194.13339541807423,5.917906046161393,0.0,0.0,0.0,0.0,5.917906046161393,194.13339541807423,0.0,0.0,0.0,0.0,0.0,0.0,0.0,0.0,5.917906046161393,194.13339541807423,0.0,0.0,0.0,0.0,0.0,0.0,0.0,5.917906046161393,173.36218381900233,0.0,0.0,20.771211599071872,0.0,0.0,0.0,0.0,0.0,1.041920542130228,0.0,39.83583911902376,6.955573672179342,0.0,1.0,31,0,0,0,0,0,0,0,0,0,0,0,27,0,0,0,0,12.19499999999998,145.1709999999999,0,0,0,0,0,0,0,0,0,0,0,0,0,0,0,0,0,0,0,0,0,0,0,0,0,18
CCCCCCCCCCCC(CCCCCCCCCCC)CCCCCCCCCCC,2.1,2.319166021508604,1.0404283474562153,2.319166021508604,1.0404283474562153,0.08999026359870167,478.93400000000054,408.37400000000025,478.54775224,206,-0.0414285788607763,-0.06538238322279266,0.06538238322279266,0.0414285788607763,0.23529411764705882,0.4117647058823529,0.6176470588235294,14.146186648144527,9.890946451367103,2.0857794689847764,-2.169281004482237,2.247936265547753,-2.0148146313559736,4.6222686130272415,0.3647476099630732,3.8487191788561286,280.62624935385975,24.790553704786042,24.790553704786042,24.790553704786042,16.84606521495123,16.846065214951228,16.846065214951228,11.717332181807443,11.717332181807443,8.147777478867205,8.147777478867205,5.664031322908339,5.664031322908339,0.0,24269167.81812862,34.0,31.03030303030303,28.238751147842056,218.78234080291773,0.0,0.0,0.0,0.0,0.0,0.0,0.0,0.0,0.0,213.39586028685227,5.917906046161393,0.0,0.0,0.0,0.0,5.917906046161393,213.39586028685227,0.0,0.0,0.0,0.0,0.0,0.0,0.0,0.0,5.917906046161393,213.39586028685227,0.0,0.0,0.0,0.0,0.0,0.0,0.0,5.917906046161393,192.62464868778036,0.0,0.0,20.771211599071872,0.0,0.0,0.0,0.0,0.0,1.0404283474562153,0.0,44.3354069213513,6.9574980645258115,0.0,1.0,34,0,0,0,0,0,0,0,0,0,0,0,30,0,0,0,0,13.365299999999975,159.02199999999974,0,0,0,0,0,0,0,0,0,0,0,0,0,0,0,0,0,0,0,0,0,0,0,0,0,21
C1CCCC1,2.0,1.5,1.5,1.5,1.5,0.40836192922302755,70.135,60.05499999999999,70.07825032,30,-0.0533059727891157,-0.0533059727891157,0.0533059727891157,0.0533059727891157,0.4,0.6,0.8,14.013000000000002,10.393584045238855,1.9486940272108833,-1.6707219275502605,2.1460999999999983,-1.4733159547611452,4.505000000000001,0.8855840452388553,2.083333333333333,11.60964047443681,3.5355339059327378,3.5355339059327373,3.5355339059327373,2.5,2.4999999999999996,2.4999999999999996,1.7677669529663684,1.7677669529663684,1.2499999999999996,1.2499999999999996,0.883883476483184,0.883883476483184,0.0,22.886435386960574,3.2,1.44,0.64,33.19318833188676,0.0,0.0,0.0,0.0,0.0,0.0,0.0,0.0,0.0,32.10410811463005,0.0,0.0,0.0,0.0,0.0,0.0,32.10410811463005,0.0,0.0,0.0,0.0,0.0,0.0,0.0,0.0,0.0,32.10410811463005,0.0,0.0,0.0,0.0,0.0,0.0,0.0,0.0,32.10410811463005,0.0,0.0,0.0,0.0,0.0,0.0,0.0,0.0,0.0,0.0,7.5,0.0,0.0,1.0,5,0,0,1,0,1,0,0,0,0,0,0,0,1,0,1,1,1.9505000000000001,23.084999999999994,0,0,0,0,0,0,0,0,0,0,0,0,0,0,0,0,0,0,0,0,0,0,0,0,0,0
CCC1CC1,1.96,2.261574074074074,1.134259259259259,2.261574074074074,1.134259259259259,0.4410497751190364,70.135,60.05499999999999,70.07825032,30,-0.04167060163011753,-0.0651181786217329,0.0651181786217329,0.04167060163011753,1.6,2.2,2.2,14.226496913389497,10.33655028010373,2.1676901298753393,-1.7241719306031138,2.308513538986659,-1.5917509072980902,4.6933337601354355,0.7993462578049559,1.9989394851788977,27.019550008653876,3.698670612749268,3.698670612749268,3.698670612749268,2.431851652578137,2.431851652578137,2.431851652578137,1.8516239634379272,1.8516239634379272,1.2742736942483015,1.2742736942483015,0.5260994206616209,0.5260994206616209,0.0,29.69332843436964,3.2,1.0,0.64,33.19318833188675,0.0,0.0,0.0,0.0,0.0,0.0,0.0,0.0,0.0,26.186202068468653,5.917906046161393,0.0,0.0,0.0,0.0,5.917906046161393,26.186202068468653,0.0,0.0,0.0,0.0,0.0,0.0,0.0,0.0,5.917906046161393,26.186202068468653,0.0,0.0,0.0,0.0,0.0,0.0,0.0,5.917906046161393,19.26246486877803,0.0,0.0,6.923737199690624,0.0,0.0,0.0,0.0,0.0,1.134259259259259,0.0,4.4375,2.261574074074074,0.0,1.0,5,0,0,1,0,1,0,0,0,0,0,0,1,1,0,1,1,1.8064,23.014999999999993,0,0,0,0,0,0,0,0,0,0,0,0,0,0,0,0,0,0,0,0,0,0,0,0,0,0
C1CCCCC1,2.05,1.5,1.5,1.5,1.5,0.42231618686094674,84.162,72.06599999999999,84.093900384,36,-0.0533059727891157,-0.0533059727891157,0.0533059727891157,0.0533059727891157,0.3333333333333333,0.5,0.6666666666666666,14.014000000000014,10.01200000000001,1.9496940272108838,-2.052305972789116,2.1470999999999996,-1.8548999999999998,4.506,0.5039999999999998,2.0,15.509775004326936,4.242640687119286,4.242640687119285,4.242640687119285,3.0,2.9999999999999996,2.9999999999999996,2.121320343559642,2.121320343559642,1.4999999999999996,1.4999999999999996,1.0606601717798207,1.0606601717798207,0.0,34.3994618804395,4.166666666666667,2.2222222222222223,1.0,39.55813044628337,0.0,0.0,0.0,0.0,0.0,0.0,0.0,0.0,0.0,38.524929737556064,0.0,0.0,0.0,0.0,0.0,0.0,38.524929737556064,0.0,0.0,0.0,0.0,0.0,0.0,0.0,0.0,0.0,38.524929737556064,0.0,0.0,0.0,0.0,0.0,0.0,0.0,0.0,38.524929737556064,0.0,0.0,0.0,0.0,0.0,0.0,0.0,0.0,0.0,0.0,9.0,0.0,0.0,1.0,6,0,0,1,0,1,0,0,0,0,0,0,0,1,0,1,1,2.3406000000000002,27.701999999999984,0,0,0,0,0,0,0,0,0,0,0,0,0,0,0,0,0,0,0,0,0,0,0,0,0,0
CC1CCCC1,2.01,2.3402777777777777,1.0462962962962963,2.3402777777777777,1.0462962962962963,0.42179147361668384,84.162,72.06599999999999,84.093900384,36,-0.04428007283563192,-0.06250972283408605,0.06250972283408605,0.04428007283563192,1.1666666666666667,1.6666666666666667,1.8333333333333333,14.128549475203439,10.151124652342412,2.0671885801741863,-1.9093764261537582,2.2242009944189247,-1.780867708297833,4.601880870680769,0.6119149153541374,2.184105569636068,33.30296890880646,4.405777393935816,4.405777393935816,4.405777393935816,2.893846850117352,2.893846850117352,2.893846850117352,2.3896287658987116,2.3896287658987116,1.6438468501173518,1.6438468501173518,1.129936126950895,1.129936126950895,0.0,33.548875021634686,4.166666666666667,1.6326530612244898,0.7346938775510204,39.55813044628336,0.0,0.0,0.0,0.0,0.0,0.0,0.0,0.0,0.0,32.60702369139466,5.917906046161393,0.0,0.0,0.0,0.0,5.917906046161393,32.60702369139466,0.0,0.0,0.0,0.0,0.0,0.0,0.0,0.0,5.917906046161393,32.60702369139466,0.0,0.0,0.0,0.0,0.0,0.0,0.0,5.917906046161393,25.683286491704038,0.0,0.0,6.923737199690624,0.0,0.0,0.0,0.0,0.0,1.0462962962962963,0.0,5.9467592592592595,2.3402777777777777,0.0,1.0,6,0,0,1,0,1,0,0,0,0,0,0,0,1,0,1,1,2.1965000000000003,27.631999999999984,0,0,0,0,0,0,0,0,0,0,0,0,0,0,0,0,0,0,0,0,0,0,0,0,0,0
CCC1CCC1,1.99,2.281574074074074,1.1157407407407407,2.281574074074074,1.1157407407407407,0.45657894720556935,84.162,72.06599999999999,84.093900384,36,-0.041690513401009904,-0.06511818140645148,0.06511818140645148,0.041690513401009904,1.5,2.1666666666666665,2.1666666666666665,14.188576261747796,9.836857126640414,2.1288376386294967,-2.2228974743345695,2.278496278316855,-2.0765226055489903,4.65920417482887,0.3066967090827254,2.014266206295823,32.54808140664299,4.405777393935816,4.405777393935816,4.405777393935816,2.931851652578137,2.931851652578137,2.931851652578137,2.2051773540312007,2.2051773540312007,1.802095140581215,1.802095140581215,0.9010475702906072,0.9010475702906072,0.0,17.086166327180322,4.166666666666667,1.6326530612244898,0.5625,39.55813044628336,0.0,0.0,0.0,0.0,0.0,0.0,0.0,0.0,0.0,32.60702369139466,5.917906046161393,0.0,0.0,0.0,0.0,5.917906046161393,32.60702369139466,0.0,0.0,0.0,0.0,0.0,0.0,0.0,0.0,5.917906046161393,32.60702369139466,0.0,0.0,0.0,0.0,0.0,0.0,0.0,5.917906046161393,25.683286491704038,0.0,0.0,6.923737199690624,0.0,0.0,0.0,0.0,0.0,1.1157407407407407,0.0,5.936018518518519,2.281574074074074,0.0,1.0,6,0,0,1,0,1,0,0,0,0,0,0,1,1,0,1,1,2.1965000000000003,27.631999999999984,0,0,0,0,0,0,0,0,0,0,0,0,0,0,0,0,0,0,0,0,0,0,0,0,0,0
C1CCCCCC1,2.1,1.5,1.5,1.5,1.5,0.4085406794096017,98.18900000000001,84.07699999999998,98.109550448,42,-0.0533059727891157,-0.0533059727891157,0.0533059727891157,0.0533059727891157,0.2857142857142857,0.42857142857142855,0.5714285714285714,14.014999999999999,10.209864201930957,1.9506940272108844,-1.854441770858149,2.1481000000000003,-1.6570357980690336,4.506999999999999,0.7018642019309659,2.0416666666666665,19.651484454403228,4.949747468305834,4.949747468305832,4.949747468305832,3.5,3.4999999999999996,3.4999999999999996,2.4748737341529154,2.4748737341529154,1.7499999999999996,1.7499999999999996,1.2374368670764575,1.2374368670764575,0.0,58.974147804380216,5.142857142857143,3.061224489795918,1.9591836734693877,45.92307256067998,0.0,0.0,0.0,0.0,0.0,0.0,0.0,0.0,0.0,44.94575136048208,0.0,0.0,0.0,0.0,0.0,0.0,44.94575136048208,0.0,0.0,0.0,0.0,0.0,0.0,0.0,0.0,0.0,44.94575136048208,0.0,0.0,0.0,0.0,0.0,0.0,0.0,0.0,44.94575136048208,0.0,0.0,0.0,0.0,0.0,0.0,0.0,0.0,0.0,0.0,10.5,0.0,0.0,1.0,7,0,0,1,0,1,0,0,0,0,0,0,0,1,0,1,1,2.7307000000000015,32.31899999999998,0,0,0,0,0,0,0,0,0,0,0,0,0,0,0,0,0,0,0,0,0,0,0,0,0,0
CC1CCCCC1,2.06,2.3602777777777777,1.0358796296296295,2.3602777777777777,1.0358796296296295,0.43656953206962734,98.18900000000001,84.07699999999998,98.109550448,42,-0.04428007559516109,-0.06250972284470455,0.06250972284470455,0.04428007559516109,1.0,1.5714285714285714,1.8571428571428572,14.115632492342755,9.911130338789695,2.053987776269417,-2.15052687200399,2.2149178488962544,-1.9941012767549968,4.590675846362491,0.38509284200897903,2.1229179499593664,42.0,5.112884175122364,5.112884175122364,5.112884175122364,3.393846850117352,3.393846850117352,3.393846850117352,2.743182156491985,2.743182156491985,1.8938468501173518,1.8938468501173518,1.3067128222475317,1.3067128222475317,0.0,47.19725257297226,5.142857142857143,2.34375,1.5,45.92307256067996,0.0,0.0,0.0,0.0,0.0,0.0,0.0,0.0,0.0,39.02784531432067,5.917906046161393,0.0,0.0,0.0,0.0,5.917906046161393,39.02784531432067,0.0,0.0,0.0,0.0,0.0,0.0,0.0,0.0,5.917906046161393,39.02784531432067,0.0,0.0,0.0,0.0,0.0,0.0,0.0,5.917906046161393,32.10410811463005,0.0,0.0,6.923737199690624,0.0,0.0,0.0,0.0,0.0,1.0358796296296295,0.0,7.437175925925926,2.3602777777777777,0.0,1.0,7,0,0,1,0,1,0,0,0,0,0,0,0,1,0,1,1,2.5866000000000007,32.24899999999998,0,0,0,0,0,0,0,0,0,0,0,0,0,0,0,0,0,0,0,0,0,0,0,0,0,0
C1CCCCCCC1,2.11,1.5,1.5,1.5,1.5,0.45137552465947917,112.21600000000001,96.08799999999998,112.12520051199999,48,-0.0533059727891157,-0.0533059727891157,0.0533059727891157,0.0533059727891157,0.25,0.375,0.5,14.016000000000004,10.012000000000002,1.9516940272108834,-2.0523059727891155,2.149099999999998,-1.8548999999999998,4.507999999999998,0.5040000000000006,2.0,24.0,5.6568542494923815,5.65685424949238,5.65685424949238,4.0,3.9999999999999996,3.9999999999999996,2.828427124746189,2.828427124746189,1.9999999999999996,1.9999999999999996,1.4142135623730943,1.4142135623730943,0.0,72.69482743708812,6.125,3.9375,2.34375,52.28801467507659,0.0,0.0,0.0,0.0,0.0,0.0,0.0,0.0,0.0,51.36657298340809,0.0,0.0,0.0,0.0,0.0,0.0,51.36657298340809,0.0,0.0,0.0,0.0,0.0,0.0,0.0,0.0,0.0,51.36657298340809,0.0,0.0,0.0,0.0,0.0,0.0,0.0,0.0,51.36657298340809,0.0,0.0,0.0,0.0,0.0,0.0,0.0,0.0,0.0,0.0,12.0,0.0,0.0,1.0,8,0,0,1,0,1,0,0,0,0,0,0,0,1,0,1,1,3.120800000000002,36.93599999999999,0,0,0,0,0,0,0,0,0,0,0,0,0,0,0,0,0,0,0,0,0,0,0,0,0,0
CC1CCC2CC1C2(C)C,2.07,2.459814814814815,0.7060185185185186,2.459814814814815,0.7060185185185186,0.48230963382247877,138.254,120.10999999999997,138.140850576,58,-0.02948387800766573,-0.06222395552599654,0.06222395552599654,0.02948387800766573,1.2,1.9,2.2,14.570561836214493,9.45813108441766,2.5205477614753815,-2.5919233382482205,2.6054394872743614,-2.5102283680916355,5.0144457493995125,-0.09878034865885103,2.1555387119475258,144.11730005192325,7.3533711511285205,7.3533711511285205,7.3533711511285205,4.621027033568037,4.621027033568038,4.621027033568038,4.9151201161765625,4.9151201161765625,4.203665235117362,4.203665235117362,3.1770015731626717,3.1770015731626717,0.0,188.72061365554623,6.694214876033058,1.7777777777777777,0.6272,64.01206775034056,0.0,0.0,0.0,0.0,0.0,0.0,0.0,0.0,0.0,27.19203322199788,36.01035185373298,0.0,0.0,0.0,0.0,23.168708607880962,40.0336764678499,0.0,0.0,0.0,0.0,0.0,0.0,0.0,0.0,23.168708607880962,40.0336764678499,0.0,0.0,0.0,0.0,0.0,0.0,5.41499046939678,17.75371813848418,19.26246486877803,0.0,0.0,20.771211599071872,0.0,0.0,0.0,0.0,0.7060185185185186,3.1527314814814815,0.0,4.539282407407407,7.351967592592592,0.0,1.0,10,0,0,3,0,3,0,0,0,0,0,0,0,3,0,3,3,3.0786000000000016,43.77600000000002,0,0,0,0,0,0,0,0,0,0,0,0,2,0,0,0,0,0,0,0,0,0,0,0,0,0
C1CCC2CCCCC2C1,2.18,1.5601851851851851,1.1550925925925926,1.5601851851851851,1.1550925925925926,0.4811931969340536,138.254,120.10999999999997,138.140850576,58,-0.03858457793998495,-0.05302166586531271,0.05302166586531271,0.03858457793998495,0.5,0.8,1.1,14.319766871069124,9.709527137905743,2.26292170199422,-2.3473474271087666,2.3945515811820894,-2.221595083137486,4.782737938129141,0.17104685420105362,1.9253677344386608,80.60593781761291,6.811554787871634,6.811554787871632,6.811554787871632,4.9663264951887856,4.966326495188785,4.966326495188785,4.089073411524035,4.089073411524035,3.466326495188785,3.466326495188785,2.8575892353471586,2.8575892353471586,0.0,348.57046183703704,6.694214876033058,2.938775510204082,1.2098765432098766,64.01206775034058,0.0,0.0,0.0,0.0,0.0,0.0,0.0,0.0,0.0,51.36657298340809,11.835812092322787,0.0,0.0,0.0,0.0,11.835812092322787,51.36657298340809,0.0,0.0,0.0,0.0,0.0,0.0,0.0,0.0,11.835812092322787,51.36657298340809,0.0,0.0,0.0,0.0,0.0,0.0,0.0,11.835812092322787,25.683286491704038,25.683286491704038,0.0,0.0,0.0,0.0,0.0,0.0,0.0,2.310185185185185,0.0,12.356481481481481,0.0,0.0,1.0,10,0,0,2,0,2,0,0,0,0,0,0,0,2,0,2,2,3.3668000000000022,43.91600000000002,0,0,0,0,0,0,0,0,0,0,0,0,1,0,0,0,0,0,0,0,0,0,0,0,0,0
CC=CC,1.96,2.0,2.0,2.0,2.0,0.3695110694427644,56.108000000000004,48.044,56.062600255999996,24,-0.047001923410199216,-0.09194211202026763,0.09194211202026763,0.047001923410199216,1.0,1.25,1.25,13.426490009807724,10.59739590433905,1.3387570298654332,-1.4907736866908945,1.5669320623938208,-1.262184149961119,4.680482994746869,1.6434572368202558,2.549193338482967,15.219280948873624,3.414213562373095,3.1547005383792515,3.1547005383792515,1.914213562373095,1.488033871712585,1.488033871712585,0.6666666666666669,0.6666666666666669,0.3333333333333334,0.3333333333333334,0.0,0.0,-0.26,6.854752972273345,3.7400000000000007,2.7400000000000007,1.7400000000000013,27.144474338835117,0.0,0.0,0.0,0.0,0.0,0.0,0.0,0.0,0.0,12.152040213667762,13.847474399381248,0.0,0.0,0.0,0.0,0.0,13.847474399381248,0.0,12.152040213667762,0.0,0.0,0.0,0.0,0.0,0.0,0.0,13.847474399381248,12.152040213667762,0.0,0.0,0.0,0.0,0.0,0.0,0.0,0.0,0.0,25.99951461304901,0.0,0.0,0.0,0.0,0.0,0.0,0.0,0.0,4.0,4.0,0.0,0.5,4,0,0,0,0,0,0,0,0,0,0,0,0,0,0,0,0,1.5824,20.487999999999996,0,0,0,0,0,0,0,0,0,2,0,0,0,0,0,0,0,0,0,0,0,0,0,0,0,0
CC(=C)C,1.91,3.5555555555555554,1.1666666666666667,3.5555555555555554,1.1666666666666667,0.3695110694427644,56.108000000000004,48.044,56.062600255999996,24,-0.044481419382844625,-0.10041984861546271,0.10041984861546271,0.044481419382844625,1.5,1.5,1.5,13.593104873987254,10.430826496787697,1.5126774568734636,-1.6500455387474156,1.7328156644516626,-1.4294843230465377,4.784330868532299,1.4236642997314128,2.8030394876740514,23.019550008653873,3.5773502691896257,3.2071067811865475,3.2071067811865475,1.7320508075688772,1.3535533905932737,1.3535533905932737,1.2071067811865475,1.2071067811865475,0.0,0.0,0.0,0.0,-0.26,3.2451124978365313,3.7400000000000007,1.1049635036496352,14.095029585798825,27.14447433883512,0.0,0.0,0.0,0.0,0.0,0.0,0.0,0.0,6.578935683598497,5.573104530069267,13.847474399381248,0.0,0.0,0.0,0.0,0.0,13.847474399381248,0.0,12.152040213667764,0.0,0.0,0.0,0.0,0.0,0.0,0.0,13.847474399381248,12.152040213667764,0.0,0.0,0.0,0.0,0.0,0.0,0.0,5.573104530069267,0.0,13.847474399381248,6.578935683598497,0.0,0.0,0.0,0.0,1.1666666666666667,0.0,0.0,0.0,7.5,0.0,0.5,4,0,0,0,0,0,0,0,0,0,0,0,0,0,0,0,0,1.5824,20.487999999999996,0,0,0,0,0,0,0,0,0,1,0,0,0,0,0,0,0,0,0,0,0,0,0,0,0,0
CCCC=C,1.96,3.5504166666666666,1.1527777777777777,3.5504166666666666,1.1527777777777777,0.4356038269849662,70.135,60.05499999999999,70.07825032,30,-0.0356039482616076,-0.10308315147465182,0.10308315147465182,0.0356039482616076,1.8,2.4,2.4,13.680289867824069,10.344163286832249,1.6124140521216015,-1.724284144065298,1.8158722230661968,-1.5202989787414327,4.62509839051127,0.9610968344974905,2.4017152226171965,21.219280948873624,4.121320343559642,3.698670612749268,3.698670612749268,2.414213562373095,2.0236033621142737,2.0236033621142737,1.0773502691896257,1.0773502691896257,0.4927992798267443,0.4927992798267443,0.20412414523193148,0.20412414523193148,-0.26,11.245112497836532,4.74,3.7400000000000007,3.740000000000001,33.50941645323173,0.0,0.0,0.0,0.0,0.0,0.0,0.0,0.0,6.578935683598497,19.420578929450514,6.4208216229260096,0.0,0.0,0.0,0.0,0.0,19.765380445542643,0.0,12.654955790432378,0.0,0.0,0.0,0.0,0.0,0.0,0.0,19.765380445542643,12.654955790432378,0.0,0.0,0.0,0.0,0.0,0.0,6.4208216229260096,6.4208216229260096,0.0,6.076020106833881,13.502672883289122,0.0,0.0,0.0,0.0,0.0,0.0,0.0,4.309027777777778,5.690972222222221,0.0,0.6,5,0,0,0,0,0,0,0,0,0,0,0,2,0,0,0,0,1.9725,25.10499999999999,0,0,0,0,0,0,0,0,0,1,0,0,0,0,0,0,0,0,0,0,0,0,0,0,0,0
CCC(=C)C,1.94,3.673611111111111,1.1111111111111112,3.673611111111111,1.1111111111111112,0.4136396804400309,70.13499999999999,60.05499999999999,70.07825032,30,-0.03543505048507542,-0.100151220295327,0.100151220295327,0.03543505048507542,1.8,2.0,2.0,13.744717294119319,10.279826220230348,1.6722901317284153,-1.7931145553887502,1.8829657033824483,-1.5819583713517926,4.842142227591296,1.1098448289871017,2.847378923087672,35.302968908806456,4.284457050376173,3.914213562373095,3.914213562373095,2.270055610029662,1.914213562373095,1.914213562373095,1.3106601717798212,1.3106601717798212,0.6035533905932737,0.6035533905932737,0.0,0.0,-0.26,9.65148445440323,4.74,2.0073796791443854,3.740000000000001,33.50941645323173,0.0,0.0,0.0,0.0,0.0,0.0,0.0,0.0,6.578935683598497,12.496841729759891,13.344558822616634,0.0,0.0,0.0,0.0,0.0,20.268296022307258,0.0,12.152040213667764,0.0,0.0,0.0,0.0,0.0,0.0,0.0,20.268296022307258,12.152040213667764,0.0,0.0,0.0,0.0,0.0,0.0,6.4208216229260096,5.573104530069267,0.0,6.923737199690624,13.502672883289122,0.0,0.0,0.0,0.0,1.2546296296296298,0.0,0.0,1.1111111111111112,7.8009259259259265,0.0,0.6,5,0,0,0,0,0,0,0,0,0,0,0,1,0,0,0,0,1.9725,25.10499999999999,0,0,0,0,0,0,0,0,0,1,0,0,0,0,0,0,0,0,0,0,0,0,0,0,0,0
CC=C(C)C,1.98,2.0833333333333335,1.3796296296296298,2.0833333333333335,1.3796296296296298,0.38212381763757036,70.13499999999999,60.05499999999999,70.07825032,30,-0.044222970392810215,-0.08901317275117566,0.08901317275117566,0.044222970392810215,1.4,1.6,1.6,13.680318147082817,10.344362081429665,1.600853717319582,-1.7354290337516598,1.820259356195965,-1.5157148309915793,4.882754527877139,1.364792868652414,3.1431973062780685,38.0,4.284457050376173,4.077350269189626,4.077350269189626,2.270055610029662,1.8660254037844388,1.8660254037844388,1.3660254037844388,1.3660254037844388,0.5773502691896258,0.5773502691896258,0.0,0.0,-0.26,9.65148445440323,4.74,2.0073796791443854,3.740000000000001,33.50941645323173,0.0,0.0,0.0,0.0,0.0,0.0,0.0,0.0,0.0,11.64912463690315,20.771211599071872,0.0,0.0,0.0,0.0,0.0,20.771211599071872,0.0,11.64912463690315,0.0,0.0,0.0,0.0,0.0,0.0,0.0,20.771211599071872,11.64912463690315,0.0,0.0,0.0,0.0,0.0,0.0,0.0,5.573104530069267,0.0,6.923737199690624,19.92349450621513,0.0,0.0,0.0,0.0,1.3796296296296298,0.0,0.0,2.0833333333333335,6.203703703703704,0.0,0.6,5,0,0,0,0,0,0,0,0,0,0,0,0,0,0,0,0,1.9725,25.10499999999999,0,0,0,0,0,0,0,0,0,2,0,0,0,0,0,0,0,0,0,0,0,0,0,0,0,0
CCCCC=C,1.98,3.5981944444444443,1.1770833333333335,3.5981944444444443,1.1770833333333335,0.36350557388151317,84.16199999999999,72.06599999999999,84.093900384,36,-0.03535136060568804,-0.10308298030401146,0.10308298030401146,0.03535136060568804,1.6666666666666667,2.3333333333333335,2.5,13.77433409538813,10.250900986288366,1.7088924678795125,-1.8149024079880083,1.908997947787751,-1.6144725861877436,4.63693183675241,0.8157533078251099,2.4884037718761123,29.01955000865387,4.82842712474619,4.405777393935816,4.405777393935816,2.914213562373095,2.5236033621142737,2.5236033621142737,1.4309036597828992,1.4309036597828992,0.7618016810571366,0.7618016810571366,0.3484617125293379,0.3484617125293379,-0.26,20.986300857070454,5.740000000000001,4.74,3.7400000000000007,39.874358567628335,0.0,0.0,0.0,0.0,0.0,0.0,0.0,0.0,6.578935683598497,25.841400552376523,6.4208216229260096,0.0,0.0,0.0,0.0,0.0,26.186202068468653,0.0,12.654955790432378,0.0,0.0,0.0,0.0,0.0,0.0,0.0,26.186202068468653,12.654955790432378,0.0,0.0,0.0,0.0,0.0,0.0,0.0,19.26246486877803,0.0,6.076020106833881,13.502672883289122,0.0,0.0,0.0,0.0,0.0,0.0,0.0,5.717777777777778,5.782222222222222,0.0,0.6666666666666666,6,0,0,0,0,0,0,0,0,0,0,0,3,0,0,0,0,2.3626000000000005,29.721999999999984,0,0,0,0,0,0,0,0,0,1,0,0,0,0,0,0,0,0,0,0,0,0,0,0,0,1
CCCC=CC,2.01,2.1805555555555554,1.2326388888888888,2.1805555555555554,1.2326388888888888,0.4504228125641928,84.16199999999999,72.06599999999999,84.093900384,36,-0.03534645830278346,-0.09166437222257405,0.09166437222257405,0.03534645830278346,1.5,2.1666666666666665,2.3333333333333335,13.713295084565365,10.312004642950093,1.6437908317598424,-1.7581688654227334,1.8496438512544637,-1.5517106481821052,4.745935479722251,0.9569674578134113,2.6580999362490196,35.302968908806456,4.82842712474619,4.568914100752346,4.568914100752346,2.914213562373095,2.52603867417337,2.52603867417337,1.357710728323662,1.357710728323662,0.6910440616569954,0.6910440616569954,0.33333333333333337,0.33333333333333337,-0.26,20.986300857070454,5.740000000000001,4.74,3.7400000000000007,39.874358567628335,0.0,0.0,0.0,0.0,0.0,0.0,0.0,0.0,0.0,25.496599036284394,13.344558822616634,0.0,0.0,0.0,0.0,0.0,26.689117645233267,0.0,12.152040213667762,0.0,0.0,0.0,0.0,0.0,0.0,0.0,26.689117645233267,12.152040213667762,0.0,0.0,0.0,0.0,0.0,0.0,0.0,12.841643245852019,0.0,0.0,25.99951461304901,0.0,0.0,0.0,0.0,0.0,0.0,0.0,6.768194444444444,4.231805555555555,0.0,0.6666666666666666,6,0,0,0,0,0,0,0,0,0,0,0,2,0,0,0,0,2.3626000000000005,29.721999999999984,0,0,0,0,0,0,0,0,0,2,0,0,0,0,0,0,0,0,0,0,0,0,0,0,0,0
CCC=CCC,2.01,2.1805555555555554,1.1744444444444444,2.1805555555555554,1.1744444444444444,0.4504228125641928,84.162,72.06599999999999,84.093900384,36,-0.03793270846774509,-0.08882374820554795,0.08882374820554795,0.03793270846774509,1.0,1.3333333333333333,1.5,13.670617319923917,10.355091210255356,1.595641149579175,-1.7204707425558943,1.8086614591798227,-1.5068972274456387,4.770351556720963,1.1558199896703212,2.7343859935615478,29.302968908806456,4.82842712474619,4.568914100752346,4.568914100752346,2.914213562373095,2.5640434766341547,2.5640434766341547,1.2879011017187578,1.2879011017187578,0.6380711874576984,0.6380711874576984,0.3333333333333333,0.3333333333333333,-0.26,20.986300857070454,5.740000000000001,4.74,3.7400000000000007,39.874358567628335,0.0,0.0,0.0,0.0,0.0,0.0,0.0,0.0,0.0,25.99951461304901,12.841643245852019,0.0,0.0,0.0,0.0,0.0,26.689117645233267,0.0,12.152040213667762,0.0,0.0,0.0,0.0,0.0,0.0,0.0,26.689117645233267,12.152040213667762,0.0,0.0,0.0,0.0,0.0,0.0,0.0,12.841643245852019,0.0,0.0,25.99951461304901,0.0,0.0,0.0,0.0,0.0,0.0,0.0,6.709999999999999,4.29,0.0,0.6666666666666666,6,0,0,0,0,0,0,0,0,0,0,0,2,0,0,0,0,2.3626000000000005,29.721999999999984,0,0,0,0,0,0,0,0,0,2,0,0,0,0,0,0,0,0,0,0,0,0,0,0,0,0
CCCCCC=C,2.0,3.6324914965986395,1.1883333333333335,3.6324914965986395,1.1883333333333335,0.3744010571354258,98.189,84.07699999999998,98.109550448,42,-0.03534146559247401,-0.10308297894147123,0.10308297894147123,0.03534146559247401,1.4285714285714286,2.142857142857143,2.5714285714285716,13.834385545486168,10.191651690937656,1.7698529758166772,-1.873112565548697,1.9685275375863078,-1.6742376102162686,4.642184698605184,0.72966712352793,2.558780869327957,37.30296890880646,5.535533905932738,5.112884175122364,5.112884175122364,3.414213562373095,3.0236033621142737,3.0236033621142737,1.784457050376173,1.784457050376173,1.0118016810571366,1.0118016810571366,0.5386751345948128,0.5386751345948128,-0.26,35.509609925153406,6.74,5.740000000000001,5.739999999999999,46.23930068202493,0.0,0.0,0.0,0.0,0.0,0.0,0.0,0.0,6.578935683598497,25.841400552376523,12.841643245852019,0.0,0.0,0.0,0.0,0.0,32.60702369139466,0.0,12.654955790432378,0.0,0.0,0.0,0.0,0.0,0.0,0.0,32.60702369139466,12.654955790432378,0.0,0.0,0.0,0.0,0.0,0.0,0.0,25.683286491704038,0.0,6.076020106833881,13.502672883289122,0.0,0.0,0.0,0.0,0.0,0.0,0.0,7.1561111111111115,5.843888888888889,0.0,0.7142857142857143,7,0,0,0,0,0,0,0,0,0,0,0,4,0,0,0,0,2.752700000000001,34.338999999999984,0,0,0,0,0,0,0,0,0,1,0,0,0,0,0,0,0,0,0,0,0,0,0,0,0,2
CCCC=C(C)C,2.02,2.263888888888889,1.238425925925926,2.263888888888889,1.238425925925926,0.4657299227272448,98.189,84.07699999999998,98.109550448,42,-0.03508825722705776,-0.08589916377173265,0.08589916377173265,0.03508825722705776,1.4285714285714286,2.0,2.142857142857143,13.799550066097051,10.226982069492852,1.7273603286288393,-1.8457733462686956,1.9375149241204912,-1.6351069628278838,4.91546356360933,0.948152316259998,3.0797501465304435,56.43856189774725,5.698670612749268,5.49156383156272,5.49156383156272,3.270055610029662,2.9040302062452232,2.9040302062452232,2.07014954901637,2.07014954901637,0.8412609923560823,0.8412609923560823,0.4330127018922193,0.4330127018922193,-0.26,29.01955000865388,6.74,3.914216027874565,5.739999999999999,46.23930068202494,0.0,0.0,0.0,0.0,0.0,0.0,0.0,0.0,0.0,24.99368345951978,20.268296022307258,0.0,0.0,0.0,0.0,0.0,33.61285484492389,0.0,11.64912463690315,0.0,0.0,0.0,0.0,0.0,0.0,0.0,33.61285484492389,11.64912463690315,0.0,0.0,0.0,0.0,0.0,0.0,0.0,18.414747775921285,0.0,0.0,26.847231705905752,0.0,0.0,0.0,0.0,1.4322685185185187,0.0,0.0,4.7713425925925925,6.463055555555556,0.0,0.7142857142857143,7,0,0,0,0,0,0,0,0,0,0,0,2,0,0,0,0,2.752700000000001,34.33899999999999,0,0,0,0,0,0,0,0,0,2,0,0,0,0,0,0,0,0,0,0,0,0,0,0,0,0
CCC(=CC)CC,2.02,2.1944444444444446,1.2152777777777777,2.1944444444444446,1.2152777777777777,0.4657299227272448,98.189,84.07699999999998,98.109550448,42,-0.03491049003689685,-0.08847643445612759,0.08847643445612759,0.03491049003689685,1.2857142857142858,1.7142857142857142,1.7142857142857142,13.884879643525311,10.141153980600084,1.8160932105506415,-1.928032193334902,2.0230195341299853,-1.7207343459090978,4.966833801446658,0.9723648160503315,3.383202720889404,54.43856189774725,5.698670612749268,5.49156383156272,5.49156383156272,3.3460652149512318,2.9873457473440808,2.9873457473440808,1.6540302062452235,1.6540302062452235,1.316496580927726,1.316496580927726,0.6582482904638629,0.6582482904638629,-0.26,34.3994618804395,6.74,3.914216027874565,2.436864111498258,46.23930068202494,0.0,0.0,0.0,0.0,0.0,0.0,0.0,0.0,0.0,25.496599036284397,19.765380445542643,0.0,0.0,0.0,0.0,0.0,33.61285484492389,0.0,11.64912463690315,0.0,0.0,0.0,0.0,0.0,0.0,0.0,33.61285484492389,11.64912463690315,0.0,0.0,0.0,0.0,0.0,0.0,0.0,12.841643245852019,5.573104530069267,0.0,26.847231705905752,0.0,0.0,0.0,0.0,1.5555555555555558,0.0,0.0,4.625,6.486111111111112,0.0,0.7142857142857143,7,0,0,0,0,0,0,0,0,0,0,0,2,0,0,0,0,2.752700000000001,34.33899999999999,0,0,0,0,0,0,0,0,0,2,0,0,0,0,0,0,0,0,0,0,0,0,0,0,0,0
CCCCCCC=C,2.02,3.6583205782312924,1.1944444444444444,3.6583205782312924,1.1944444444444444,0.37835862251165964,112.216,96.08799999999998,112.12520051199999,48,-0.03534129448857064,-0.10308297893628117,0.10308297893628117,0.03534129448857064,1.25,2.0,2.5,13.87500337404529,10.151833169832068,1.8108044235579357,-1.9125180049178563,2.0088310376228167,-1.7143660868336437,4.644688407290811,0.6746866231140487,2.616293090417985,46.0,6.242640687119286,5.819990956308912,5.819990956308912,3.914213562373095,3.5236033621142737,3.5236033621142737,2.1380104409694467,2.1380104409694467,1.2618016810571366,1.2618016810571366,0.7154518298914496,0.7154518298914496,-0.26,61.499612265106904,7.739999999999999,6.74,5.740000000000001,52.604242796421545,0.0,0.0,0.0,0.0,0.0,0.0,0.0,0.0,6.578935683598497,32.26222217530253,12.841643245852019,0.0,0.0,0.0,0.0,0.0,39.02784531432067,0.0,12.654955790432378,0.0,0.0,0.0,0.0,0.0,0.0,0.0,39.02784531432067,12.654955790432378,0.0,0.0,0.0,0.0,0.0,0.0,0.0,32.10410811463005,0.0,6.076020106833881,13.502672883289122,0.0,0.0,0.0,0.0,0.0,0.0,0.0,8.611609977324264,5.888390022675736,0.0,0.75,8,0,0,0,0,0,0,0,0,0,0,0,5,0,0,0,0,3.142800000000002,38.955999999999996,0,0,0,0,0,0,0,0,0,1,0,0,0,0,0,0,0,0,0,0,0,0,0,0,0,3
CCCCC=CCC,2.04,2.267361111111111,1.1842403628117915,2.267361111111111,1.1842403628117915,0.38689857093662267,112.21599999999998,96.08799999999998,112.12520051199999,48,-0.03508370882088122,-0.08881350195100242,0.08881350195100242,0.03508370882088122,1.125,1.875,2.375,13.808652747413454,10.218303836087108,1.7414933493372968,-1.8493306242795386,1.9442551059439641,-1.6461648632308619,4.787416677297089,0.8124650541980023,2.799731275638644,53.058650025961626,6.242640687119286,5.983127663125442,5.983127663125442,3.914213562373095,3.5640434766341547,3.5640434766341547,2.021881336442981,2.021881336442981,1.1267131295540542,1.1267131295540542,0.606493072294114,0.606493072294114,-0.26,61.499612265106904,7.739999999999999,6.74,5.740000000000001,52.60424279642154,0.0,0.0,0.0,0.0,0.0,0.0,0.0,0.0,0.0,38.84115785890103,12.841643245852019,0.0,0.0,0.0,0.0,0.0,39.53076089108528,0.0,12.152040213667762,0.0,0.0,0.0,0.0,0.0,0.0,0.0,39.53076089108528,12.152040213667762,0.0,0.0,0.0,0.0,0.0,0.0,0.0,25.683286491704038,0.0,0.0,25.99951461304901,0.0,0.0,0.0,0.0,0.0,0.0,0.0,9.608897392290249,4.391102607709751,0.0,0.75,8,0,0,0,0,0,0,0,0,0,0,0,4,0,0,0,0,3.142800000000002,38.956,0,0,0,0,0,0,0,0,0,2,0,0,0,0,0,0,0,0,0,0,0,0,0,0,0,1
CCCC=CCCC,2.04,2.267361111111111,1.25,2.267361111111111,1.25,0.48997617635194024,112.216,96.08799999999998,112.12520051199999,48,-0.035336121178298735,-0.08854976435019243,0.08854976435019243,0.035336121178298735,0.875,1.25,1.5,13.785898021676859,10.24161801332269,1.7163653697286168,-1.8284618649781137,1.9224943658032236,-1.62181987366162,4.79474475031301,0.921256660616887,2.831978752333332,45.058650025961626,6.242640687119286,5.983127663125442,5.983127663125442,3.914213562373095,3.5640434766341547,3.5640434766341547,2.048754789980657,2.048754789980657,1.0773502691896257,1.0773502691896257,0.5690355937288492,0.5690355937288492,-0.26,61.499612265106904,7.739999999999999,6.74,5.740000000000001,52.60424279642154,0.0,0.0,0.0,0.0,0.0,0.0,0.0,0.0,0.0,38.84115785890103,12.841643245852019,0.0,0.0,0.0,0.0,0.0,39.53076089108528,0.0,12.152040213667762,0.0,0.0,0.0,0.0,0.0,0.0,0.0,39.53076089108528,12.152040213667762,0.0,0.0,0.0,0.0,0.0,0.0,0.0,25.683286491704038,0.0,0.0,25.99951461304901,0.0,0.0,0.0,0.0,0.0,0.0,0.0,9.590702947845806,4.409297052154195,0.0,0.75,8,0,0,0,0,0,0,0,0,0,0,0,4,0,0,0,0,3.142800000000002,38.956,0,0,0,0,0,0,0,0,0,2,0,0,0,0,0,0,0,0,0,0,0,0,0,0,0,0
CC(=C)CC(C)(C)C,2.01,3.8404861111111113,0.4224537037037037,3.8404861111111113,0.4224537037037037,0.4573184409568143,112.216,96.08799999999998,112.12520051199999,48,-0.027675510473789956,-0.1001206609624155,0.1001206609624155,0.027675510473789956,1.375,1.75,1.75,14.13566163609685,9.891238818039877,2.079348179791786,-2.165335093838745,2.214980645496572,-2.0344935191196876,4.914785034503669,0.41007468666976465,3.5512529243669313,82.70165766734145,6.784457050376173,6.414213562373095,6.414213562373095,3.4165022194363885,3.060660171779821,3.060660171779821,3.6945436482630054,3.6945436482630054,0.8321067811865475,0.8321067811865475,0.9053300858899106,0.9053300858899106,-0.26,23.005390496014627,7.739999999999999,2.340807862747661,5.740000000000001,52.60424279642154,0.0,0.0,0.0,0.0,0.0,0.0,0.0,0.0,6.578935683598497,26.344316129141138,18.759549292013414,0.0,0.0,0.0,0.0,5.41499046939678,34.11577042168851,0.0,12.152040213667764,0.0,0.0,0.0,0.0,0.0,0.0,5.41499046939678,34.11577042168851,12.152040213667764,0.0,0.0,0.0,0.0,0.0,5.41499046939678,6.4208216229260096,5.573104530069267,0.0,0.0,34.273884482361,0.0,0.0,0.0,0.0,1.697916666666667,0.0,0.0,1.1319444444444444,12.586805555555554,0.0,0.75,8,0,0,0,0,0,0,0,0,0,0,0,1,0,0,0,0,2.9987000000000013,38.886,0,0,0,0,0,0,0,0,0,1,0,0,0,0,0,0,0,0,0,0,0,0,0,0,0,0
CC(C)CC=C(C)C,2.02,2.2824074074074074,0.8100925925925925,2.2824074074074074,0.8100925925925925,0.4816019169622866,112.21599999999998,96.08799999999998,112.12520051199999,48,-0.03250075062581785,-0.08563416888476763,0.08563416888476763,0.03250075062581785,1.375,1.875,2.0,13.925002357051891,10.101877958547169,1.8609903796931515,-1.9626388221545723,2.019321107524916,-1.812392149801798,4.924699811700342,0.660979338678348,3.2936948768373453,74.03910001730776,6.568914100752346,6.3618073195657985,6.3618073195657985,3.625897657686229,3.259872253901791,3.259872253901791,2.9110235249344254,2.9110235249344254,0.9975039414526528,0.9975039414526528,0.47140452079103173,0.47140452079103173,-0.26,40.339203954130696,7.739999999999999,3.7068222395822903,5.740000000000001,52.60424279642154,0.0,0.0,0.0,0.0,0.0,0.0,0.0,0.0,0.0,25.496599036284394,26.18620206846865,0.0,0.0,0.0,0.0,5.917906046161393,34.11577042168851,0.0,11.64912463690315,0.0,0.0,0.0,0.0,0.0,0.0,5.917906046161393,34.11577042168851,11.64912463690315,0.0,0.0,0.0,0.0,0.0,0.0,5.917906046161393,11.993926152995277,0.0,0.0,33.770968905596376,0.0,0.0,0.0,0.0,1.429351851851852,0.8100925925925925,0.0,3.5069444444444446,8.75361111111111,0.0,0.75,8,0,0,0,0,0,0,0,0,0,0,0,2,0,0,0,0,2.9987000000000013,38.886,0,0,0,0,0,0,0,0,0,2,0,0,0,0,0,0,0,0,0,0,0,0,0,0,0,0
CCCCCCCC=C,2.03,3.678478757243638,1.1981292517006803,3.678478757243638,1.1981292517006803,0.3770196486235494,126.243,108.09899999999998,126.14085057599999,54,-0.03534129311518334,-0.10308297893627165,0.10308297893627165,0.03534129311518334,1.1111111111111112,1.7777777777777777,2.3333333333333335,13.90378720775011,10.123856936536356,1.8396979366427615,-1.9403354080595059,2.037415600026295,-1.7425384630993317,4.645958218162729,0.6375309624059109,2.663883887398184,55.058650025961626,6.949747468305834,6.52709773749546,6.52709773749546,4.414213562373095,4.023603362114273,4.023603362114273,2.49156383156272,2.49156383156272,1.5118016810571366,1.5118016810571366,0.8922285251880864,0.8922285251880864,-0.26,103.68791599331826,8.739999999999998,7.739999999999999,7.740000000000001,58.96918491081816,0.0,0.0,0.0,0.0,0.0,0.0,0.0,0.0,6.578935683598497,38.68304379822854,12.841643245852019,0.0,0.0,0.0,0.0,0.0,45.448666937246685,0.0,12.654955790432378,0.0,0.0,0.0,0.0,0.0,0.0,0.0,45.448666937246685,12.654955790432378,0.0,0.0,0.0,0.0,0.0,0.0,0.0,38.524929737556064,0.0,6.076020106833881,13.502672883289122,0.0,0.0,0.0,0.0,0.0,0.0,0.0,10.07796839569161,5.9220316043083905,0.0,0.7777777777777778,9,0,0,0,0,0,0,0,0,0,0,0,6,0,0,0,0,3.5329000000000024,43.57300000000001,0,0,0,0,0,0,0,0,0,1,0,0,0,0,0,0,0,0,0,0,0,0,0,0,0,4
CCCCCCCCC=C,2.04,3.694651596749811,1.2005208333333335,3.694651596749811,1.2005208333333335,0.37115110068804846,140.26999999999998,120.10999999999997,140.15650064,60,-0.03534129310993146,-0.10308297893627165,0.10308297893627165,0.03534129310993146,1.0,1.6,2.2,13.92497963638408,10.103471779693356,1.8609118100350828,-1.9606671042641148,2.0584761108411933,-1.7630533860889295,4.646643452681374,0.6112666584803261,2.703789901245323,64.43856189774723,7.6568542494923815,7.234204518682008,7.234204518682008,4.914213562373096,4.523603362114273,4.523603362114273,2.845117222155994,2.845117222155994,1.7618016810571366,1.7618016810571366,1.0690052204847231,1.0690052204847231,-0.26,175.07674799821407,9.739999999999998,8.739999999999998,7.739999999999999,65.33412702521478,0.0,0.0,0.0,0.0,0.0,0.0,0.0,0.0,6.578935683598497,45.10386542115455,12.841643245852019,0.0,0.0,0.0,0.0,0.0,51.8694885601727,0.0,12.654955790432378,0.0,0.0,0.0,0.0,0.0,0.0,0.0,51.8694885601727,12.654955790432378,0.0,0.0,0.0,0.0,0.0,0.0,0.0,44.94575136048208,0.0,6.076020106833881,13.502672883289122,0.0,0.0,0.0,0.0,0.0,0.0,0.0,11.55163737717309,5.948362622826908,0.0,0.8,10,0,0,0,0,0,0,0,0,0,0,0,7,0,0,0,0,3.9230000000000036,48.190000000000026,0,0,0,0,0,0,0,0,0,1,0,0,0,0,0,0,0,0,0,0,0,0,0,0,0,5
CCCCC=CCCCC,2.06,2.318611111111111,1.2779903628117915,2.318611111111111,1.2779903628117915,0.3872258886729136,140.26999999999998,120.10999999999997,140.15650064,60,-0.035083534843657525,-0.08853945863807447,0.08853945863807447,0.035083534843657525,0.8,1.2,1.5,13.850981804461991,10.17833668127443,1.7839459869702465,-1.8891467124955132,1.9866545552712243,-1.6860227045725569,4.802549595463606,0.7927559992015922,2.8919542432757295,62.10749561002055,7.6568542494923815,7.397341225498538,7.397341225498538,4.914213562373096,4.564043476634154,4.564043476634154,2.7558615711672045,2.7558615711672045,1.6153550716504104,1.6153550716504104,0.8796528112548947,0.8796528112548947,-0.26,175.07674799821407,9.739999999999998,8.739999999999998,7.739999999999999,65.33412702521477,0.0,0.0,0.0,0.0,0.0,0.0,0.0,0.0,0.0,51.68280110475304,12.841643245852019,0.0,0.0,0.0,0.0,0.0,52.372404136937305,0.0,12.152040213667762,0.0,0.0,0.0,0.0,0.0,0.0,0.0,52.372404136937305,12.152040213667762,0.0,0.0,0.0,0.0,0.0,0.0,0.0,38.524929737556064,0.0,0.0,25.99951461304901,0.0,0.0,0.0,0.0,0.0,0.0,0.0,12.52801004661124,4.471989953388763,0.0,0.8,10,0,0,0,0,0,0,0,0,0,0,0,6,0,0,0,0,3.9230000000000027,48.190000000000026,0,0,0,0,0,0,0,0,0,2,0,0,0,0,0,0,0,0,0,0,0,0,0,0,0,2
CCCCC(=CCCC)C,2.05,2.370694444444444,1.2594718442932729,2.370694444444444,1.2594718442932729,0.5075870640926917,140.26999999999998,120.10999999999997,140.15650064,60,-0.03231857206427828,-0.08562063131945874,0.08562063131945874,0.03231857206427828,1.2,1.9,2.4,13.93068495488871,10.097860594413241,1.8636446819890453,-1.9695922253705211,2.067670887768997,-1.7651913593192323,4.96566554411032,0.7802125748464248,3.297293167110204,90.2114326716684,7.819990956308912,7.612884175122364,7.612884175122364,4.8080604124904465,4.464690378025045,4.464690378025045,2.9427053408400363,2.9427053408400363,1.706142067608874,1.706142067608874,0.9484147430359838,0.9484147430359838,-0.26,157.20912659259116,9.739999999999998,6.854416475972538,5.869198966408269,65.33412702521477,0.0,0.0,0.0,0.0,0.0,0.0,0.0,0.0,0.0,38.33824228213641,26.186202068468653,0.0,0.0,0.0,0.0,0.0,52.87531971370191,0.0,11.64912463690315,0.0,0.0,0.0,0.0,0.0,0.0,0.0,52.87531971370191,11.64912463690315,0.0,0.0,0.0,0.0,0.0,0.0,0.0,32.10410811463005,5.573104530069267,0.0,26.847231705905752,0.0,0.0,0.0,0.0,1.5728703703703706,0.0,0.0,8.883457577475435,6.710338718820861,0.0,0.8,10,0,0,0,0,0,0,0,0,0,0,0,5,0,0,0,0,3.9230000000000027,48.190000000000026,0,0,0,0,0,0,0,0,0,2,0,0,0,0,0,0,0,0,0,0,0,0,0,0,0,0
CC(C)CC(=CC(C)C)C,2.04,2.3472222222222223,0.7071759259259258,2.3472222222222223,0.7071759259259258,0.5249883534532827,140.26999999999998,120.10999999999997,140.15650064,60,-0.028784389573581814,-0.08303252922359289,0.08303252922359289,0.028784389573581814,1.2,1.7,2.0,14.016696899239518,10.01237347217919,1.9532640747496255,-2.0514569463662222,2.112524596330767,-1.8973197895715475,4.9931200090696635,0.6352251345329738,3.709383026329404,107.20671786825557,8.146264369941973,7.9391575887554255,7.9391575887554255,4.519744507803582,4.193211225743786,4.193211225743786,3.855007268292261,3.855007268292261,1.3480746960913106,1.3480746960913106,1.2810275263322055,1.2810275263322055,-0.26,88.34747999952293,9.739999999999998,4.539257201710308,5.869198966408269,65.33412702521476,0.0,0.0,0.0,0.0,0.0,0.0,0.0,0.0,0.0,39.344073435665635,25.18037091493942,0.0,0.0,0.0,0.0,11.835812092322787,41.03950762137913,0.0,11.64912463690315,0.0,0.0,0.0,0.0,0.0,0.0,11.835812092322787,41.03950762137913,11.64912463690315,0.0,0.0,0.0,0.0,0.0,5.917906046161393,5.917906046161393,11.993926152995277,0.0,0.0,40.694706105287,0.0,0.0,0.0,0.0,1.5324074074074077,1.5081018518518516,0.0,3.595416666666667,11.197407407407407,0.0,0.8,10,0,0,0,0,0,0,0,0,0,0,0,3,0,0,0,0,3.634800000000003,48.050000000000026,0,0,0,0,0,0,0,0,0,2,0,0,0,0,0,0,0,0,0,0,0,0,0,0,0,0
CCCCCCCCCC=C,2.05,3.7079160595597283,1.2021604938271606,3.7079160595597283,1.2021604938271606,0.36073349676483174,154.297,132.12099999999998,154.172150704,66,-0.03534129310992181,-0.10308297893627165,0.10308297893627165,0.03534129310992181,0.9090909090909091,1.4545454545454546,2.0,13.941088859358103,10.088174770755645,1.877008749660025,-1.9759552571571368,2.074494762697347,-1.778439427207045,4.647038797959633,0.5920376544511287,2.7376715685719475,74.10749561002055,8.36396103067893,7.9413112998685556,7.9413112998685556,5.414213562373096,5.023603362114273,5.023603362114273,3.198670612749268,3.198670612749268,2.0118016810571366,2.0118016810571366,1.2457819157813597,1.2457819157813597,-0.26,292.8860629742695,10.74,9.739999999999998,9.74,71.69906913961138,0.0,0.0,0.0,0.0,0.0,0.0,0.0,0.0,6.578935683598497,51.524687044080565,12.841643245852019,0.0,0.0,0.0,0.0,0.0,58.29031018309871,0.0,12.654955790432378,0.0,0.0,0.0,0.0,0.0,0.0,0.0,58.29031018309871,12.654955790432378,0.0,0.0,0.0,0.0,0.0,0.0,0.0,51.36657298340809,0.0,6.076020106833881,13.502672883289122,0.0,0.0,0.0,0.0,0.0,0.0,0.0,13.03046453766692,5.969535462333081,0.0,0.8181818181818182,11,0,0,0,0,0,0,0,0,0,0,0,8,0,0,0,0,4.313100000000004,52.80700000000004,0,0,0,0,0,0,0,0,0,1,0,0,0,0,0,0,0,0,0,0,0,0,0,0,0,6
CCCCCCCCCCC=C,2.06,3.7189927354091314,1.2033333333333334,3.7189927354091314,1.2033333333333334,0.34551355016017615,168.32399999999998,144.13199999999998,168.187800768,72,-0.0353412931099218,-0.10308297893627165,0.10308297893627165,0.0353412931099218,0.8333333333333334,1.3333333333333333,1.8333333333333333,13.95367087240144,10.076405855434647,1.889567181455933,-1.9877331021564677,2.0870126440905317,-1.7902714052986013,4.647284161057681,0.5775380034502529,2.76676462623148,84.03910001730776,9.071067811865477,8.648418081055103,8.648418081055103,5.914213562373096,5.523603362114273,5.523603362114273,3.552224003342541,3.552224003342541,2.2618016810571366,2.2618016810571366,1.4225586110779964,1.4225586110779964,-0.26,488.92509398668415,11.74,10.74,9.739999999999998,78.064011254008,0.0,0.0,0.0,0.0,0.0,0.0,0.0,0.0,6.578935683598497,57.94550866700658,12.841643245852019,0.0,0.0,0.0,0.0,0.0,64.71113180602472,0.0,12.654955790432378,0.0,0.0,0.0,0.0,0.0,0.0,0.0,64.71113180602472,12.654955790432378,0.0,0.0,0.0,0.0,0.0,0.0,0.0,57.787394606334104,0.0,6.076020106833881,13.502672883289122,0.0,0.0,0.0,0.0,0.0,0.0,0.0,14.513067843452042,5.986932156547958,0.0,0.8333333333333334,12,0,0,0,0,0,0,0,0,0,0,0,9,0,0,0,0,4.703200000000004,57.42400000000005,0,0,0,0,0,0,0,0,0,1,0,0,0,0,0,0,0,0,0,0,0,0,0,0,0,7
CCCCCCCCCCCC=C,2.07,3.728382117394667,1.2042011019283747,3.728382117394667,1.2042011019283747,0.32579414820602015,182.35099999999997,156.14299999999997,182.203450832,78,-0.0353412931099218,-0.10308297893627165,0.10308297893627165,0.0353412931099218,0.7692307692307693,1.2307692307692308,1.6923076923076923,13.963730955515304,10.067162786478118,1.8996016081475036,-1.996991719202805,2.0970261058718958,-1.7995603205502422,4.647448665928548,0.5663423952307576,2.7919988397452453,94.21143267166842,9.778174593052025,9.355524862241651,9.355524862241651,6.414213562373096,6.023603362114273,6.023603362114273,3.905777393935815,3.905777393935815,2.5118016810571366,2.5118016810571366,1.5993353063746332,1.5993353063746332,-0.26,812.7027727261354,12.739999999999998,11.74,11.74,84.4289533684046,0.0,0.0,0.0,0.0,0.0,0.0,0.0,0.0,6.578935683598497,64.36633028993259,12.841643245852019,0.0,0.0,0.0,0.0,0.0,71.13195342895074,0.0,12.654955790432378,0.0,0.0,0.0,0.0,0.0,0.0,0.0,71.13195342895074,12.654955790432378,0.0,0.0,0.0,0.0,0.0,0.0,0.0,64.20821622926012,0.0,6.076020106833881,13.502672883289122,0.0,0.0,0.0,0.0,0.0,0.0,0.0,15.998518945380416,6.001481054619583,0.0,0.8461538461538461,13,0,0,0,0,0,0,0,0,0,0,0,10,0,0,0,0,5.0933000000000055,62.041000000000054,0,0,0,0,0,0,0,0,0,1,0,0,0,0,0,0,0,0,0,0,0,0,0,0,0,8
CCCC(=CCC)CC,2.04,2.3506944444444446,1.1975925925925925,2.3506944444444446,1.1975925925925925,0.5053632241756961,126.24299999999998,108.09899999999998,126.14085057599999,54,-0.03230484137676687,-0.08561623197549592,0.08561623197549592,0.03230484137676687,1.2222222222222223,1.8888888888888888,2.2222222222222223,13.947362892607273,10.08020421952919,1.8806688910628389,-1.9868582682871363,2.0849592306315894,-1.7822265156128625,4.99411596280732,0.8488435334910889,3.5268216309683416,80.03910001730775,7.112884175122364,6.905777393935816,6.905777393935816,4.346065214951232,4.025350549804866,4.025350549804866,2.3741741167529313,2.3741741167529313,1.5180376876527193,1.5180376876527193,1.032965732398865,1.032965732398865,-0.26,95.7964805168374,8.739999999999998,5.869198966408269,4.256795865633076,58.96918491081815,0.0,0.0,0.0,0.0,0.0,0.0,0.0,0.0,0.0,38.84115785890103,19.26246486877803,0.0,0.0,0.0,0.0,0.0,46.454498090775914,0.0,11.64912463690315,0.0,0.0,0.0,0.0,0.0,0.0,0.0,46.454498090775914,11.64912463690315,0.0,0.0,0.0,0.0,0.0,0.0,0.0,25.683286491704038,5.573104530069267,0.0,26.847231705905752,0.0,0.0,0.0,0.0,1.6250000000000002,0.0,0.0,7.37337962962963,6.668287037037038,0.0,0.7777777777777778,9,0,0,0,0,0,0,0,0,0,0,0,4,0,0,0,0,3.5329000000000024,43.573000000000015,0,0,0,0,0,0,0,0,0,2,0,0,0,0,0,0,0,0,0,0,0,0,0,0,0,0
CC(C)CCC=C(C)C,2.04,2.3055555555555554,0.8477777777777775,2.3055555555555554,0.8477777777777775,0.5083771761102213,126.24299999999998,108.09899999999998,126.14085057599999,54,-0.0345820625152719,-0.08587882271383403,0.08587882271383403,0.0345820625152719,1.3333333333333333,1.8888888888888888,2.2222222222222223,13.95059800815798,10.077024552783655,1.8872634892660196,-1.9865814808771447,2.0482771809365277,-1.8341729346250344,4.920354234222425,0.5931254736703165,3.1964264949964423,84.2114326716684,7.276020881938894,7.068914100752346,7.068914100752346,4.125897657686229,3.759872253901791,3.759872253901791,3.252671533728535,3.252671533728535,1.296602793617562,1.296602793617562,0.7053418012614795,0.7053418012614795,-0.26,65.1469510314125,8.739999999999998,4.602967287884421,7.740000000000001,58.96918491081815,0.0,0.0,0.0,0.0,0.0,0.0,0.0,0.0,0.0,25.496599036284394,32.60702369139466,0.0,0.0,0.0,0.0,5.917906046161393,40.53659204461451,0.0,11.64912463690315,0.0,0.0,0.0,0.0,0.0,0.0,5.917906046161393,40.53659204461451,11.64912463690315,0.0,0.0,0.0,0.0,0.0,0.0,5.917906046161393,18.414747775921285,0.0,0.0,33.770968905596376,0.0,0.0,0.0,0.0,1.440416666666667,0.8477777777777775,0.0,4.880138888888888,8.831666666666667,0.0,0.7777777777777778,9,0,0,0,0,0,0,0,0,0,0,0,3,0,0,0,0,3.3888000000000025,43.503000000000014,0,0,0,0,0,0,0,0,0,2,0,0,0,0,0,0,0,0,0,0,0,0,0,0,0,0
CCC(=CCC(C)C)C,2.04,2.337962962962963,0.8115740740740739,2.337962962962963,0.8115740740740739,0.5083771761102213,126.24299999999998,108.09899999999998,126.14085057599999,54,-0.032490540055106286,-0.08536592440183055,0.08536592440183055,0.032490540055106286,1.4444444444444444,2.0,2.3333333333333335,13.94778806167226,10.080184342398777,1.8828972948039584,-1.9851958471333133,2.0523546753098256,-1.8260662609338179,4.9610839783663945,0.6595943918314401,3.433877213885997,88.2114326716684,7.276020881938894,7.068914100752346,7.068914100752346,4.163902460147014,3.8205324256816118,3.8205324256816118,3.0335793167580913,3.0335793167580913,1.495394899343333,1.495394899343333,0.5812242912240135,0.5812242912240135,-0.26,78.51304536092788,8.739999999999998,4.602967287884421,5.613645096813391,58.96918491081815,0.0,0.0,0.0,0.0,0.0,0.0,0.0,0.0,0.0,32.42033623597502,25.683286491704035,0.0,0.0,0.0,0.0,5.917906046161393,40.53659204461451,0.0,11.64912463690315,0.0,0.0,0.0,0.0,0.0,0.0,5.917906046161393,40.53659204461451,11.64912463690315,0.0,0.0,0.0,0.0,0.0,0.0,5.917906046161393,18.414747775921285,0.0,0.0,33.770968905596376,0.0,0.0,0.0,0.0,1.517314814814815,0.8115740740740739,0.0,4.774861111111111,8.896249999999998,0.0,0.7777777777777778,9,0,0,0,0,0,0,0,0,0,0,0,3,0,0,0,0,3.3888000000000025,43.503000000000014,0,0,0,0,0,0,0,0,0,2,0,0,0,0,0,0,0,0,0,0,0,0,0,0,0,0
C1CC=CC1,2.11,2.236111111111111,1.3194444444444444,2.236111111111111,1.3194444444444444,0.37908242774858664,68.11900000000001,60.05499999999999,68.062600256,28,-0.034778562662440664,-0.08852787792887483,0.08852787792887483,0.034778562662440664,1.0,1.6,1.8,13.908955829948084,10.36872159842521,1.8438377344047774,-1.6866606756717897,2.0455123078166366,-1.4971461890918878,4.876292770651705,0.9293512716877671,2.3238508690240813,38.0,3.5355339059327378,3.276020881938894,3.276020881938894,2.5,2.1498299142610593,2.1498299142610593,1.4023081805739313,1.4023081805739313,0.9082482904638629,0.9082482904638629,0.5892556509887896,0.5892556509887896,-0.26,22.886435386960574,2.950970464135022,1.2497295661307843,0.5039801313892006,32.50358529970249,0.0,0.0,0.0,0.0,0.0,0.0,0.0,0.0,0.0,12.152040213667762,19.26246486877803,0.0,0.0,0.0,0.0,0.0,19.26246486877803,0.0,12.152040213667762,0.0,0.0,0.0,0.0,0.0,0.0,0.0,19.26246486877803,12.152040213667762,0.0,0.0,0.0,0.0,0.0,0.0,0.0,19.26246486877803,0.0,0.0,12.152040213667762,0.0,0.0,0.0,0.0,0.0,0.0,0.0,8.5,0.0,0.0,0.6,5,0,0,1,0,1,0,0,0,0,0,0,0,0,0,0,1,1.7265,22.990999999999993,0,0,0,0,0,0,0,0,0,2,0,0,0,0,0,0,0,0,0,0,0,0,0,0,0,0
C1CCC=CC1,2.16,2.267361111111111,1.3194444444444444,2.267361111111111,1.3194444444444444,0.3925134126271643,82.146,72.06599999999999,82.07825032,34,-0.03506250967660176,-0.08853909262111662,0.08853909262111662,0.03506250967660176,0.8333333333333334,1.3333333333333333,1.5,13.930949479463571,10.09497560017113,1.8664053496446475,-1.9700421058469584,2.066686710870128,-1.7693260179126047,4.848378458082364,0.7300577478236903,2.2551447208210704,45.058650025961626,4.242640687119286,3.9831276631254413,3.9831276631254413,3.0,2.6498299142610593,2.6498299142610593,1.755861571167205,1.755861571167205,1.158248290463863,1.158248290463863,0.7600796553858445,0.7600796553858445,-0.26,34.3994618804395,3.914216027874565,2.012323325522952,0.8522145467348156,38.868527414099105,0.0,0.0,0.0,0.0,0.0,0.0,0.0,0.0,0.0,12.152040213667762,25.683286491704038,0.0,0.0,0.0,0.0,0.0,25.683286491704038,0.0,12.152040213667762,0.0,0.0,0.0,0.0,0.0,0.0,0.0,25.683286491704038,12.152040213667762,0.0,0.0,0.0,0.0,0.0,0.0,0.0,25.683286491704038,0.0,0.0,12.152040213667762,0.0,0.0,0.0,0.0,0.0,0.0,0.0,10.0,0.0,0.0,0.6666666666666666,6,0,0,1,0,1,0,0,0,0,0,0,0,0,0,0,1,2.1166,27.607999999999986,0,0,0,0,0,0,0,0,0,2,0,0,0,0,0,0,0,0,0,0,0,0,0,0,0,0
C1CCC=CCC1,2.2,2.298611111111111,1.3194444444444444,2.298611111111111,1.3194444444444444,0.4063379244355816,96.173,84.07699999999998,96.093900384,40,-0.03507328213370474,-0.08853928066218605,0.08853928066218605,0.03507328213370474,0.7142857142857143,1.2857142857142858,1.8571428571428572,13.946750644123483,10.20050980034075,1.8824701635217749,-1.859173834341281,2.0819236072625955,-1.665995765165952,4.831790678103579,0.7176819800160975,2.202927766407529,54.43856189774725,4.949747468305834,4.690234444311988,4.690234444311988,3.5,3.1498299142610593,3.1498299142610593,2.1094149617604785,2.1094149617604785,1.4082482904638631,1.4082482904638631,0.9368563506824814,0.9368563506824814,-0.26,58.974147804380216,4.888367952522255,2.838891422835457,1.7674018438130124,45.23346952849571,0.0,0.0,0.0,0.0,0.0,0.0,0.0,0.0,0.0,18.57286183659377,25.683286491704038,0.0,0.0,0.0,0.0,0.0,32.10410811463005,0.0,12.152040213667762,0.0,0.0,0.0,0.0,0.0,0.0,0.0,32.10410811463005,12.152040213667762,0.0,0.0,0.0,0.0,0.0,0.0,0.0,32.10410811463005,0.0,0.0,12.152040213667762,0.0,0.0,0.0,0.0,0.0,0.0,0.0,11.5,0.0,0.0,0.7142857142857143,7,0,0,1,0,1,0,0,0,0,0,0,0,0,0,0,1,2.5067000000000004,32.22499999999999,0,0,0,0,0,0,0,0,0,2,0,0,0,0,0,0,0,0,0,0,0,0,0,0,0,0
C1CCCC=CCC1,2.19,2.318611111111111,1.3194444444444444,2.318611111111111,1.3194444444444444,0.42048665275473174,110.19999999999999,96.08799999999998,110.109550448,46,-0.03507346591861598,-0.0885392821504849,0.0885392821504849,0.03507346591861598,0.625,1.125,1.625,13.958669845942268,10.069167722117726,1.8945098322544998,-1.9952779206978322,2.0934373842076024,-1.7961059200178253,4.8218369058280395,0.6377403788636736,2.172380198442006,62.10749561002055,5.6568542494923815,5.397341225498536,5.397341225498536,4.0,3.6498299142610593,3.6498299142610593,2.4629683523537524,2.4629683523537524,1.658248290463863,1.658248290463863,1.1136330459791182,1.1136330459791182,-0.26,72.69482743708812,5.869198966408269,3.7068222395822903,2.1527155819962744,51.59841164289232,0.0,0.0,0.0,0.0,0.0,0.0,0.0,0.0,0.0,24.99368345951978,25.683286491704038,0.0,0.0,0.0,0.0,0.0,38.524929737556064,0.0,12.152040213667762,0.0,0.0,0.0,0.0,0.0,0.0,0.0,38.524929737556064,12.152040213667762,0.0,0.0,0.0,0.0,0.0,0.0,0.0,38.524929737556064,0.0,0.0,12.152040213667762,0.0,0.0,0.0,0.0,0.0,0.0,0.0,13.0,0.0,0.0,0.75,8,0,0,1,0,1,0,0,0,0,0,0,0,0,0,0,1,2.8968000000000016,36.842,0,0,0,0,0,0,0,0,0,2,0,0,0,0,0,0,0,0,0,0,0,0,0,0,0,0
CC1=C(CCCC1)C,2.13,2.258425925925926,1.3530092592592593,2.258425925925926,1.3530092592592593,0.42048665275473174,110.2,96.08799999999998,110.109550448,46,-0.03203857332740247,-0.07439787370369486,0.07439787370369486,0.03203857332740247,0.875,1.25,1.5,14.085728880783552,9.9418333249219,2.021726435754835,-2.1224920240491767,2.222943397414293,-1.920989602155417,5.1117014959425395,0.6722651564738312,2.5989013461724526,95.20671786825557,5.983127663125442,5.82842712474619,5.82842712474619,3.8045304526403108,3.457106781186547,3.457106781186547,2.767766952966368,2.767766952966368,2.082106781186547,2.082106781186547,1.2071067811865472,1.2071067811865472,-0.26,72.49526582754562,5.869198966408269,2.340807862747661,1.1180468774382823,51.59841164289232,0.0,0.0,0.0,0.0,0.0,0.0,0.0,0.0,0.0,11.146209060138535,39.53076089108528,0.0,0.0,0.0,0.0,0.0,39.53076089108528,0.0,11.146209060138535,0.0,0.0,0.0,0.0,0.0,0.0,0.0,39.53076089108528,11.146209060138535,0.0,0.0,0.0,0.0,0.0,0.0,0.0,25.683286491704038,11.146209060138535,0.0,13.847474399381248,0.0,0.0,0.0,0.0,3.2708333333333335,0.0,0.0,5.545648148148148,4.516851851851852,0.0,0.75,8,0,0,1,0,1,0,0,0,0,0,0,0,0,0,0,1,2.8968000000000016,36.842,0,0,0,0,0,0,0,0,0,2,0,0,0,0,0,0,0,0,0,0,0,0,0,0,0,0
CC1CCCC(=C1)C,2.13,2.392361111111111,0.8506944444444443,2.392361111111111,0.8506944444444443,0.4204986930836395,110.19999999999999,96.08799999999998,110.109550448,46,-0.025927543977929603,-0.08276754081742843,0.08276754081742843,0.025927543977929603,1.625,2.375,2.75,14.09844131105971,9.92916118678056,2.037599945330029,-2.1320991870058434,2.2049388704140584,-1.9696864879320708,5.028755457330731,0.5680916446329333,2.5038814405415337,100.60593781761293,5.983127663125442,5.776020881938894,5.776020881938894,3.787693700234704,3.461160418174909,3.461160418174909,2.8825317464674836,2.8825317464674836,1.7996158028163034,1.7996158028163034,1.3552450430204404,1.3552450430204404,-0.26,64.0524865010122,5.869198966408269,2.340807862747661,1.3594106312376408,51.59841164289231,0.0,0.0,0.0,0.0,0.0,0.0,0.0,0.0,0.0,18.572861836593773,32.104108114630044,0.0,0.0,0.0,0.0,5.917906046161393,33.10993926815928,0.0,11.64912463690315,0.0,0.0,0.0,0.0,0.0,0.0,5.917906046161393,33.10993926815928,11.64912463690315,0.0,0.0,0.0,0.0,0.0,0.0,5.917906046161393,19.26246486877803,5.573104530069267,0.0,19.92349450621513,0.0,0.0,0.0,0.0,1.5868055555555558,0.8506944444444443,0.0,6.536388888888888,4.526111111111111,0.0,0.75,8,0,0,1,0,1,0,0,0,0,0,0,0,0,0,0,1,2.752700000000001,36.772,0,0,0,0,0,0,0,0,0,2,0,0,0,0,0,0,0,0,0,0,0,0,0,0,0,0
CC1=CCC2CC1C2(C)C,2.13,2.4346064814814814,0.6377314814814815,2.4346064814814814,0.6377314814814815,0.44898299940434644,136.238,120.10999999999997,136.125200512,56,-0.014892219704730342,-0.08501290675016873,0.08501290675016873,0.014892219704730342,1.5,2.2,2.5,14.538688693894162,9.489745482551246,2.492881086243832,-2.5563031925381123,2.583642979326938,-2.469653908052952,5.205804338826817,-0.005790199618349197,2.296626579720339,186.21499122004107,7.3533711511285205,7.146264369941973,7.146264369941973,4.621027033568037,4.287693700234704,4.287693700234704,4.49042208974512,4.49042208974512,3.744517165725251,3.744517165725251,2.6590915110650326,2.6590915110650326,-0.26,188.72061365554623,6.450201165867344,1.6637425470500236,0.5744620757576451,63.322464718156304,0.0,0.0,0.0,0.0,0.0,0.0,0.0,0.0,0.0,25.496599036284397,37.01618300726221,0.0,0.0,0.0,0.0,17.250802561719567,33.61285484492389,0.0,11.64912463690315,0.0,0.0,0.0,0.0,0.0,0.0,17.250802561719567,33.61285484492389,11.64912463690315,0.0,0.0,0.0,0.0,0.0,5.41499046939678,11.835812092322787,12.841643245852019,5.573104530069267,0.0,26.847231705905752,0.0,0.0,0.0,0.0,2.283564814814815,1.9235648148148143,0.0,5.244791666666666,7.131412037037036,0.0,0.8,10,0,0,3,0,3,0,0,0,0,0,0,0,1,0,1,3,2.9987000000000013,43.75200000000002,0,0,0,0,0,0,0,0,0,2,0,0,1,0,0,0,0,0,0,0,0,0,0,0,0,0
CC1(C2CCC(=C)C1C2)C,2.1,4.128726851851852,0.6064814814814814,4.128726851851852,0.6064814814814814,0.44898299940434644,136.238,120.10999999999997,136.125200512,56,-0.014905781855990823,-0.09956033328791052,0.09956033328791052,0.014905781855990823,1.5,2.2,2.5,14.553937346790722,9.474523142158716,2.507483741293235,-2.572114961201124,2.601055543483972,-2.48297363008859,5.180720430864936,-0.027256165416087465,2.2310808128795734,174.47733175670794,7.3533711511285205,6.983127663125442,6.983127663125442,4.621027033568037,4.297877056362576,4.297877056362576,4.503502173320056,4.503502173320056,3.777239609420482,3.777239609420482,2.732515150218255,2.732515150218255,-0.26,188.72061365554623,6.450201165867344,1.6637425470500236,0.5744620757576451,63.32246471815629,0.0,0.0,0.0,0.0,0.0,0.0,0.0,0.0,0.0,25.999514613049012,36.51326743049759,0.0,0.0,0.0,0.0,17.250802561719567,33.10993926815928,0.0,12.152040213667764,0.0,0.0,0.0,0.0,0.0,0.0,17.250802561719567,33.10993926815928,12.152040213667764,0.0,0.0,0.0,0.0,0.0,5.41499046939678,11.835812092322787,24.835569398847294,0.0,0.0,20.426410082979746,0.0,0.0,0.0,0.0,2.127314814814815,1.8835648148148145,0.0,4.145763888888888,8.926689814814814,0.0,0.8,10,0,0,3,0,3,0,0,0,0,0,0,0,3,0,3,3,2.9987000000000013,43.75200000000002,0,0,0,0,0,0,0,0,0,1,0,0,2,0,0,0,0,0,0,0,0,0,0,0,0,0
CC1=CCC2C(C1)C2(C)C,2.2,2.4265046296296298,0.6748611111111111,2.4265046296296298,0.6748611111111111,0.44898299940434644,136.238,120.10999999999997,136.125200512,56,-0.02856732634599153,-0.08529220501473828,0.08529220501473828,0.02856732634599153,1.4,2.1,2.6,14.61052719371503,10.012093614753168,2.5659565533281055,-2.0450612533131016,2.6382185396774873,-1.90455635608073,5.183545026721794,0.5418026661108654,2.1301442252099365,186.21499122004107,7.3533711511285205,7.146264369941973,7.146264369941973,4.621027033568038,4.277656999102636,4.277656999102636,4.524656570913543,4.524656570913543,3.550036316374978,3.550036316374978,2.489170855154277,2.489170855154277,-0.26,289.68324343280017,6.450201165867344,1.6637425470500236,0.6799544698240754,63.322464718156304,0.0,0.0,0.0,0.0,0.0,0.0,0.0,0.0,0.0,25.496599036284397,37.01618300726221,0.0,0.0,0.0,0.0,17.250802561719567,33.61285484492389,0.0,11.64912463690315,0.0,0.0,0.0,0.0,0.0,0.0,17.250802561719567,33.61285484492389,11.64912463690315,0.0,0.0,0.0,0.0,0.0,5.41499046939678,11.835812092322787,12.841643245852019,5.573104530069267,0.0,26.847231705905752,0.0,0.0,0.0,0.0,2.292291666666667,2.049722222222222,0.0,5.1498842592592595,7.091435185185185,0.0,0.8,10,0,0,2,0,2,0,0,0,0,0,0,0,1,0,1,2,2.9987000000000013,43.75200000000002,0,0,0,0,0,0,0,0,0,2,0,0,1,0,0,0,0,0,0,0,0,0,0,0,0,0
CC(=C)C=C,2.0,3.5555555555555554,1.0185185185185186,3.5555555555555554,1.0185185185185186,0.41051468223900506,68.11900000000001,60.05499999999999,68.062600256,28,-0.040383549426410544,-0.09882310718358248,0.09882310718358248,0.040383549426410544,1.8,2.0,2.0,13.663201110418699,10.361242455059081,1.5895312911950221,-1.712739217545653,1.8054771631746687,-1.4965000448055632,5.0542910125344465,1.5785159751331013,3.204805417886435,51.058650025961626,4.284457050376173,3.4915638315627207,3.4915638315627207,2.270055610029662,1.5504768156519497,1.5504768156519497,1.0504768156519497,1.0504768156519497,0.34846171252933794,0.34846171252933794,0.0,0.0,-0.52,9.65148445440323,4.480000000000002,1.7673563218390813,3.4800000000000026,32.81981342104747,0.0,0.0,0.0,0.0,0.0,0.0,0.0,0.0,0.0,24.806996004100142,6.923737199690624,0.0,0.0,0.0,0.0,0.0,6.923737199690624,0.0,24.806996004100142,0.0,0.0,0.0,0.0,0.0,0.0,0.0,6.923737199690624,24.806996004100142,0.0,0.0,0.0,0.0,0.0,0.0,5.573104530069267,0.0,6.076020106833881,6.923737199690624,13.157871367196995,0.0,0.0,0.0,0.0,1.0185185185185186,0.0,0.0,1.7222222222222223,8.925925925925926,0.0,0.2,5,0,0,0,0,0,0,0,0,0,0,0,1,0,0,0,0,1.7485,25.01099999999999,0,0,0,0,0,0,0,0,0,2,0,0,0,0,0,0,0,0,0,0,0,0,0,0,0,0
CC=CC=C,2.05,3.463611111111111,1.75,3.463611111111111,1.75,0.41051468223900506,68.11900000000001,60.05499999999999,68.062600256,28,-0.04667865804740985,-0.09907712715583529,0.09907712715583529,0.04667865804740985,1.6,2.2,2.2,13.498529479967472,10.526112324028908,1.4151736150000132,-1.5574088648214726,1.641391231308493,-1.3310446241651446,4.939198525898851,1.743142602221809,2.9244181981729174,42.0,4.121320343559642,3.4391575887554247,3.4391575887554247,2.414213562373095,1.6522652263201558,1.6522652263201558,0.7614856834587247,0.7614856834587247,0.32853285321782977,0.32853285321782977,0.1360827634879544,0.1360827634879544,-0.52,11.245112497836532,4.480000000000002,3.4800000000000018,3.4800000000000026,32.81981342104747,0.0,0.0,0.0,0.0,0.0,0.0,0.0,0.0,0.0,24.806996004100142,6.923737199690624,0.0,0.0,0.0,0.0,0.0,6.923737199690624,0.0,24.806996004100142,0.0,0.0,0.0,0.0,0.0,0.0,0.0,6.923737199690624,24.806996004100142,0.0,0.0,0.0,0.0,0.0,0.0,0.0,0.0,6.076020106833881,19.075777413358384,6.578935683598497,0.0,0.0,0.0,0.0,0.0,0.0,0.0,5.576388888888889,5.423611111111111,0.0,0.2,5,0,0,0,0,0,0,0,0,0,0,0,1,0,0,0,0,1.7485,25.01099999999999,0,0,0,0,0,0,0,0,0,3,0,0,0,0,0,0,0,0,0,0,0,0,0,0,0,0
C=CCC=C,2.02,3.4791666666666665,0.9166666666666667,3.4791666666666665,0.9166666666666667,0.4323128922897264,68.119,60.05499999999999,68.062600256,28,-0.017454167721881367,-0.10277094322565337,0.10277094322565337,0.017454167721881367,1.2,1.6,1.6,13.593753188222761,10.430579593414523,1.5220570571414587,-1.6422567705776832,1.7334709107720068,-1.4297331947403291,4.785534449048992,1.4232134717068197,2.6531630746803305,29.302968908806456,4.121320343559642,3.276020881938894,3.276020881938894,2.414213562373095,1.632993161855452,1.632993161855452,0.8130525295851416,0.8130525295851416,0.33333333333333337,0.33333333333333337,0.11785113019775792,0.11785113019775792,-0.52,11.245112497836532,4.480000000000002,3.4800000000000018,3.4800000000000026,32.81981342104747,0.0,0.0,0.0,0.0,0.0,0.0,0.0,0.0,13.157871367196995,12.152040213667762,6.4208216229260096,0.0,0.0,0.0,0.0,0.0,6.4208216229260096,0.0,25.309911580864757,0.0,0.0,0.0,0.0,0.0,0.0,0.0,6.4208216229260096,25.309911580864757,0.0,0.0,0.0,0.0,0.0,0.0,6.4208216229260096,0.0,0.0,12.152040213667762,13.157871367196995,0.0,0.0,0.0,0.0,0.0,0.0,0.0,4.541666666666667,6.958333333333333,0.0,0.2,5,0,0,0,0,0,0,0,0,0,0,0,2,0,0,0,0,1.7485,25.01099999999999,0,0,0,0,0,0,0,0,0,2,0,0,0,0,0,0,0,0,0,0,0,0,0,0,0,0
C=CCCC=C,2.04,3.5504166666666666,1.0590277777777777,3.5504166666666666,1.0590277777777777,0.3611916015719576,82.14599999999999,72.06599999999999,82.07825032,34,-0.031876741053441425,-0.10307183078345948,0.10307183078345948,0.031876741053441425,1.0,1.3333333333333333,1.5,13.720370834554197,10.304676812599807,1.6553211964291934,-1.7613680426118719,1.8575610077162377,-1.5581768709230077,4.737432950472358,1.0593242886452086,2.6559049179251715,36.0,4.82842712474619,3.9831276631254413,3.9831276631254413,2.914213562373095,2.132993161855452,2.132993161855452,1.1547005383792515,1.1547005383792515,0.5749149571305296,0.5749149571305296,0.23570226039551584,0.23570226039551584,-0.52,20.986300857070454,5.48,4.480000000000002,3.4800000000000018,39.18475553544408,0.0,0.0,0.0,0.0,0.0,0.0,0.0,0.0,13.157871367196995,12.152040213667762,12.841643245852019,0.0,0.0,0.0,0.0,0.0,12.841643245852019,0.0,25.309911580864757,0.0,0.0,0.0,0.0,0.0,0.0,0.0,12.841643245852019,25.309911580864757,0.0,0.0,0.0,0.0,0.0,0.0,12.841643245852019,0.0,0.0,12.152040213667762,13.157871367196995,0.0,0.0,0.0,0.0,0.0,0.0,0.0,5.899166666666666,7.100833333333333,0.0,0.3333333333333333,6,0,0,0,0,0,0,0,0,0,0,0,3,0,0,0,0,2.1386000000000003,29.627999999999986,0,0,0,0,0,0,0,0,0,2,0,0,0,0,0,0,0,0,0,0,0,0,0,0,0,1
CC=CC=CC,2.1,2.0,2.0,2.0,2.0,0.42498877012082614,82.146,72.06599999999999,82.07825032,34,-0.04667849643437667,-0.08767230365496724,0.08767230365496724,0.04667849643437667,0.8333333333333334,1.1666666666666667,1.3333333333333333,13.565192281932903,10.460409348407572,1.4833352973453817,-1.6215894877872692,1.7077996316308357,-1.396994716313725,4.984303633520153,1.6860227643797105,3.071212650007494,48.438561897747256,4.82842712474619,4.309401076758503,4.309401076758503,2.914213562373095,2.154700538379252,2.154700538379252,1.0515668461264176,1.0515668461264176,0.4960112905708619,0.4960112905708619,0.22222222222222235,0.22222222222222235,-0.52,20.986300857070454,5.48,4.480000000000002,3.4800000000000018,39.184755535444076,0.0,0.0,0.0,0.0,0.0,0.0,0.0,0.0,0.0,24.304080427335524,13.847474399381248,0.0,0.0,0.0,0.0,0.0,13.847474399381248,0.0,24.304080427335524,0.0,0.0,0.0,0.0,0.0,0.0,0.0,13.847474399381248,24.304080427335524,0.0,0.0,0.0,0.0,0.0,0.0,0.0,0.0,0.0,38.15155482671677,0.0,0.0,0.0,0.0,0.0,0.0,0.0,0.0,8.0,4.0,0.0,0.3333333333333333,6,0,0,0,0,0,0,0,0,0,0,0,1,0,0,0,0,2.1386000000000003,29.627999999999986,0,0,0,0,0,0,0,0,0,4,0,0,0,0,0,0,0,0,0,0,0,0,0,0,0,0
CC=C(C)C=C,2.05,3.563148148148148,1.2314814814814816,3.563148148148148,1.2314814814814816,0.42498877012082603,82.14599999999999,72.06599999999999,82.07825032,34,-0.04012296511332252,-0.0988134538865661,0.0988134538865661,0.04012296511332252,1.6666666666666667,2.1666666666666665,2.1666666666666665,13.733350631808333,10.29187434939489,1.6609796563486607,-1.7807542898618682,1.875333665013046,-1.5661592442264818,5.102084964375676,1.4876855484991316,3.5040318284625833,68.10749561002055,4.99156383156272,4.3618073195657985,4.3618073195657985,2.808060412490447,2.0629488288431146,2.0629488288431146,1.236816215683037,1.236816215683037,0.777317076691169,0.777317076691169,0.11785113019775795,0.11785113019775795,-0.52,19.800269059780252,5.48,2.7032142857142865,1.7673563218390813,39.18475553544408,0.0,0.0,0.0,0.0,0.0,0.0,0.0,0.0,0.0,24.304080427335528,13.847474399381248,0.0,0.0,0.0,0.0,0.0,13.847474399381248,0.0,24.304080427335528,0.0,0.0,0.0,0.0,0.0,0.0,0.0,13.847474399381248,24.304080427335528,0.0,0.0,0.0,0.0,0.0,0.0,0.0,5.573104530069267,0.0,25.99951461304901,6.578935683598497,0.0,0.0,0.0,0.0,1.2314814814814816,0.0,0.0,3.854166666666667,7.581018518518518,0.0,0.3333333333333333,6,0,0,0,0,0,0,0,0,0,0,0,1,0,0,0,0,2.1386000000000003,29.627999999999986,0,0,0,0,0,0,0,0,0,3,0,0,0,0,0,0,0,0,0,0,0,0,0,0,0,0
CC(=CC=C)C,2.05,3.5244444444444447,1.2962962962962965,3.5244444444444447,1.2962962962962965,0.42498877012082614,82.14600000000002,72.06599999999999,82.07825032,34,-0.04389893455405506,-0.09906746755603477,0.09906746755603477,0.04389893455405506,1.5,2.0,2.0,13.706272211044121,10.319095225730736,1.630700775445467,-1.7566635610765462,1.8473644610688116,-1.5398471207770446,5.036847444941738,1.395298695095412,3.4050326129311186,64.10749561002055,4.99156383156272,4.3618073195657985,4.3618073195657985,2.770055610029662,2.0302567583920093,2.0302567583920093,1.4797191962518084,1.4797191962518084,0.45118446353109143,0.45118446353109143,0.2357022603955159,0.2357022603955159,-0.52,14.834466856136647,5.48,2.7032142857142865,3.4800000000000018,39.18475553544408,0.0,0.0,0.0,0.0,0.0,0.0,0.0,0.0,0.0,24.304080427335528,13.847474399381248,0.0,0.0,0.0,0.0,0.0,13.847474399381248,0.0,24.304080427335528,0.0,0.0,0.0,0.0,0.0,0.0,0.0,13.847474399381248,24.304080427335528,0.0,0.0,0.0,0.0,0.0,0.0,0.0,5.573104530069267,6.076020106833881,19.92349450621513,6.578935683598497,0.0,0.0,0.0,0.0,1.2962962962962965,0.0,0.0,3.7592592592592595,7.611111111111111,0.0,0.3333333333333333,6,0,0,0,0,0,0,0,0,0,0,0,1,0,0,0,0,2.1386000000000003,29.627999999999986,0,0,0,0,0,0,0,0,0,3,0,0,0,0,0,0,0,0,0,0,0,0,0,0,0,0
CC(=C)C(=C)C,2.01,3.6550925925925926,1.0648148148148149,3.6550925925925926,1.0648148148148149,0.42498877012082614,82.146,72.06599999999999,82.07825032,34,-0.04012105686863892,-0.09587009501833442,0.09587009501833442,0.04012105686863892,1.0,1.1666666666666667,1.1666666666666667,13.836065074283052,10.189103754947961,1.7683370834146648,-1.8788472007544048,1.9778902235226214,-1.6690864877826028,5.186852457019768,1.3850659696736396,3.567703455043203,66.03910001730776,5.1547005383792515,4.414213562373095,4.414213562373095,2.6427344100918364,1.9571067811865475,1.9571067811865475,1.5606601717798212,1.5606601717798212,0.7285533905932737,0.7285533905932737,0.0,0.0,-0.52,13.609640474436812,5.48,1.8066556556023234,1.7673563218390813,39.18475553544408,0.0,0.0,0.0,0.0,0.0,0.0,0.0,0.0,0.0,24.30408042733553,13.847474399381248,0.0,0.0,0.0,0.0,0.0,13.847474399381248,0.0,24.30408042733553,0.0,0.0,0.0,0.0,0.0,0.0,0.0,13.847474399381248,24.30408042733553,0.0,0.0,0.0,0.0,0.0,0.0,11.146209060138535,0.0,0.0,13.847474399381248,13.157871367196995,0.0,0.0,0.0,0.0,2.1296296296296298,0.0,0.0,0.0,11.203703703703704,0.0,0.3333333333333333,6,0,0,0,0,0,0,0,0,0,0,0,1,0,0,0,0,2.1386000000000003,29.627999999999986,0,0,0,0,0,0,0,0,0,2,0,0,0,0,0,0,0,0,0,0,0,0,0,0,0,0
C=CCCCC=C,2.05,3.5981944444444443,1.1170833333333334,3.5981944444444443,1.1170833333333334,0.3724112386194804,96.17299999999999,84.07699999999998,96.093900384,40,-0.03504655359771669,-0.10308279364240718,0.10308279364240718,0.03504655359771669,1.0,1.4285714285714286,1.7142857142857142,13.798937237525532,10.226857880380253,1.7359392657502584,-1.8367889717477828,1.93469472514036,-1.6374303066262765,4.709177729345016,0.8711274394893215,2.679549206552144,45.058650025961626,5.535533905932738,4.690234444311988,4.690234444311988,3.414213562373095,2.632993161855452,2.632993161855452,1.5082539289725252,1.5082539289725252,0.8164965809277259,0.8164965809277259,0.4065262647925707,0.4065262647925707,-0.52,35.509609925153406,6.48,5.48,5.480000000000001,45.54969764984068,0.0,0.0,0.0,0.0,0.0,0.0,0.0,0.0,13.157871367196995,12.152040213667762,19.26246486877803,0.0,0.0,0.0,0.0,0.0,19.26246486877803,0.0,25.309911580864757,0.0,0.0,0.0,0.0,0.0,0.0,0.0,19.26246486877803,25.309911580864757,0.0,0.0,0.0,0.0,0.0,0.0,12.841643245852019,6.4208216229260096,0.0,12.152040213667762,13.157871367196995,0.0,0.0,0.0,0.0,0.0,0.0,0.0,7.303611111111111,7.1963888888888885,0.0,0.42857142857142855,7,0,0,0,0,0,0,0,0,0,0,0,4,0,0,0,0,2.5287000000000006,34.24499999999999,0,0,0,0,0,0,0,0,0,2,0,0,0,0,0,0,0,0,0,0,0,0,0,0,0,2
C=CCCCCC=C,2.06,3.6324914965986395,1.1466666666666667,3.6324914965986395,1.1466666666666667,0.37681981380413243,110.19999999999999,96.08799999999998,110.109550448,46,-0.03533033667175625,-0.10308297747611476,0.10308297747611476,0.03533033667175625,0.875,1.25,1.5,13.850584013473373,10.175973242849759,1.7880298078324195,-1.8869833378236889,1.9854956202282845,-1.6891590381517774,4.691271161465025,0.7635574983420899,2.7079488122831483,52.43856189774725,6.242640687119286,5.397341225498536,5.397341225498536,3.914213562373095,3.132993161855452,3.132993161855452,1.861807319565799,1.861807319565799,1.0664965809277258,1.0664965809277258,0.5773502691896256,0.5773502691896256,-0.52,61.499612265106904,7.4799999999999995,6.48,5.48,51.91463976423729,0.0,0.0,0.0,0.0,0.0,0.0,0.0,0.0,13.157871367196995,12.152040213667762,25.683286491704038,0.0,0.0,0.0,0.0,0.0,25.683286491704038,0.0,25.309911580864757,0.0,0.0,0.0,0.0,0.0,0.0,0.0,25.683286491704038,25.309911580864757,0.0,0.0,0.0,0.0,0.0,0.0,12.841643245852019,12.841643245852019,0.0,12.152040213667762,13.157871367196995,0.0,0.0,0.0,0.0,0.0,0.0,0.0,8.735017006802721,7.264982993197279,0.0,0.5,8,0,0,0,0,0,0,0,0,0,0,0,5,0,0,0,0,2.918800000000002,38.862,0,0,0,0,0,0,0,0,0,2,0,0,0,0,0,0,0,0,0,0,0,0,0,0,0,3
C=CC=CC=C,2.13,3.463611111111111,1.71,3.463611111111111,1.71,0.4443452685175297,80.13,72.06599999999999,80.062600256,32,-0.06287787990511463,-0.09906582150131557,0.09906582150131557,0.06287787990511463,0.8333333333333334,1.1666666666666667,1.3333333333333333,13.548021223270005,10.477312643504687,1.4688354388807083,-1.6019833470692497,1.6921212232700118,-1.3785873564953137,5.050021223270016,1.9793126435046855,3.1730886052733203,58.10749561002055,4.82842712474619,3.723614639131598,3.723614639131598,2.914213562373095,1.8164965809277263,1.8164965809277263,0.8563047002507824,0.8563047002507824,0.38327663808701995,0.38327663808701995,0.1571348402636773,0.1571348402636773,-0.78,20.986300857070454,5.219999999999999,4.22,3.2199999999999998,38.495152503259824,0.0,0.0,0.0,0.0,0.0,0.0,0.0,0.0,0.0,37.46195179453252,0.0,0.0,0.0,0.0,0.0,0.0,0.0,0.0,37.46195179453252,0.0,0.0,0.0,0.0,0.0,0.0,0.0,0.0,37.46195179453252,0.0,0.0,0.0,0.0,0.0,0.0,0.0,0.0,12.152040213667762,12.152040213667762,13.157871367196995,0.0,0.0,0.0,0.0,0.0,0.0,0.0,7.072777777777778,6.927222222222222,0.0,0.0,6,0,0,0,0,0,0,0,0,0,0,0,2,0,0,0,0,1.9145999999999999,29.533999999999985,0,0,0,0,0,0,0,0,0,4,0,0,0,0,0,0,0,0,0,0,0,0,0,0,0,0
CC=C(C)C=CC=C(C)C,2.16,2.1041666666666665,1.303240740740741,2.1041666666666665,1.303240740740741,0.5097470209010231,136.23799999999997,120.10999999999997,136.125200512,56,-0.0401016590181564,-0.08472104139273888,0.08472104139273888,0.0401016590181564,1.1,1.7,2.1,13.810444633380122,10.218685691266835,1.739202536066244,-1.8527164998592198,1.9526516650954975,-1.6391121120076437,5.202088427578448,1.387753732015387,3.898807542787911,164.47733175670794,7.983127663125442,7.309401076758504,7.309401076758504,4.663902460147014,3.6100423396407315,3.6100423396407315,2.63582576270394,2.63582576270394,1.2440169358562927,1.2440169358562927,0.4885682574477751,0.4885682574477751,-0.78,128.88451270697286,9.22,5.040624785315335,5.358504155124655,63.954920960846245,0.0,0.0,0.0,0.0,0.0,0.0,0.0,0.0,0.0,35.45028948747406,27.694948798762496,0.0,0.0,0.0,0.0,0.0,27.694948798762496,0.0,35.45028948747406,0.0,0.0,0.0,0.0,0.0,0.0,0.0,27.694948798762496,35.45028948747406,0.0,0.0,0.0,0.0,0.0,0.0,0.0,11.146209060138535,0.0,6.923737199690624,45.075292026407396,0.0,0.0,0.0,0.0,2.6367157974300834,0.0,0.0,8.375,8.32161753590325,0.0,0.4,10,0,0,0,0,0,0,0,0,0,0,0,2,0,0,0,0,3.4750000000000023,48.00200000000003,0,0,0,0,0,0,0,0,0,6,0,0,0,0,0,0,0,0,0,0,0,0,0,0,0,0
CCCCCCCCCCCCCCCCCCCCCCCCCCCCCCC=CC=C,2.14,3.7116878010577645,1.227638888888889,3.7116878010577645,1.227638888888889,0.07165830384750638,474.90200000000044,408.37400000000025,474.516452112,202,-0.034760990715075234,-0.09907695656367406,0.09907695656367406,0.034760990715075234,0.35294117647058826,0.5882352941176471,0.8235294117647058,14.026401911386559,10.021303113323393,1.9621211553098137,-2.0429744731597084,2.15955898006496,-1.8455773949540726,4.962086092330351,0.513897877325222,3.014696719163758,379.4995490565424,24.62741699796951,23.945254243165298,23.945254243165298,16.914213562373092,16.19027002878094,16.19027002878094,10.998471291134111,10.998471291134111,7.496509729467781,7.496509729467781,5.124056169640961,5.124056169640961,-0.52,26297031.263557073,33.48,32.47999999999999,31.47999999999999,217.4031347385492,0.0,0.0,0.0,0.0,0.0,0.0,0.0,0.0,0.0,205.0929170227931,12.841643245852019,0.0,0.0,0.0,0.0,0.0,193.127564264545,0.0,24.806996004100142,0.0,0.0,0.0,0.0,0.0,0.0,0.0,193.127564264545,24.806996004100142,0.0,0.0,0.0,0.0,0.0,0.0,0.0,186.20382706485435,0.0,6.076020106833881,25.654713096956883,0.0,0.0,0.0,0.0,0.0,0.0,0.0,48.48310219204456,6.016897807955449,0.0,0.8823529411764706,34,0,0,0,0,0,0,0,0,0,0,0,30,0,0,0,0,13.061399999999976,158.90399999999974,0,0,0,0,0,0,0,0,0,3,0,0,0,0,0,0,0,0,0,0,0,0,0,0,0,27
C1C=CCC=C1,2.28,2.1805555555555554,1.1388888888888888,2.1805555555555554,1.1388888888888888,0.38966272622332315,80.12999999999998,72.06599999999999,80.062600256,32,-0.016896067685148813,-0.08444068375359089,0.08444068375359089,0.016896067685148813,0.6666666666666666,1.0,1.1666666666666667,13.825284627714566,10.200701885258548,1.7557919088375484,-1.869520769971046,1.9652288390679906,-1.6593744741276624,5.0189443072571125,1.2329998221869514,2.4,58.039100017307746,4.242640687119286,3.723614639131598,3.723614639131598,3.0,2.299659828522119,2.299659828522119,1.4142135623730951,1.4142135623730951,0.877664387285151,0.877664387285151,0.5420350197234278,0.5420350197234278,-0.52,34.3994618804395,3.662481751824818,1.8066556556023234,0.7127241728381909,38.17892438191485,0.0,0.0,0.0,0.0,0.0,0.0,0.0,0.0,0.0,24.304080427335524,12.841643245852019,0.0,0.0,0.0,0.0,0.0,12.841643245852019,0.0,24.304080427335524,0.0,0.0,0.0,0.0,0.0,0.0,0.0,12.841643245852019,24.304080427335524,0.0,0.0,0.0,0.0,0.0,0.0,12.841643245852019,0.0,0.0,0.0,24.304080427335524,0.0,0.0,0.0,0.0,0.0,0.0,0.0,11.0,0.0,0.0,0.3333333333333333,6,0,0,1,0,1,0,0,0,0,0,0,0,0,0,0,1,1.8926,27.51399999999999,0,0,0,0,0,0,0,0,0,4,0,0,0,0,0,0,0,0,0,0,0,0,0,0,0,0
CC1=CC=C(CC1)C(C)C,2.2,2.28125,0.7401388888888887,2.28125,0.7401388888888887,0.518498177076054,136.238,120.10999999999997,136.125200512,56,-0.025687994602429993,-0.07300932613049105,0.07300932613049105,0.025687994602429993,1.2,1.9,2.3,14.110124932482545,9.918888555376062,2.0508973643586565,-2.140697781755325,2.2255157411690805,-1.9718490161095874,5.230576966756834,0.6999942536260685,2.6429867035096573,170.4773317567079,7.560477932315068,7.146264369941973,7.146264369941973,4.698377302757663,4.061166056683571,4.061166056683571,3.409301499263133,3.409301499263133,2.1315216309498695,2.1315216309498695,1.2385952279010248,1.2385952279010248,-0.52,180.91251467537336,7.585485232067512,3.0462804076265617,1.7285097165599768,63.63869283950127,0.0,0.0,0.0,0.0,0.0,0.0,0.0,0.0,0.0,37.14572367318755,25.683286491704038,0.0,0.0,0.0,0.0,5.917906046161393,33.61285484492389,0.0,23.2982492738063,0.0,0.0,0.0,0.0,0.0,0.0,5.917906046161393,33.61285484492389,23.2982492738063,0.0,0.0,0.0,0.0,0.0,0.0,5.917906046161393,18.414747775921285,5.573104530069267,0.0,32.923251812739636,0.0,0.0,0.0,0.0,3.120370370370371,0.7401388888888887,0.0,7.07574074074074,6.730416666666667,0.0,0.6,10,0,0,1,0,1,0,0,0,0,0,0,1,0,0,0,1,3.308900000000002,45.91200000000003,0,0,0,0,0,0,0,0,0,4,0,0,0,0,0,0,0,0,0,0,0,0,0,0,0,0
CC1=CCC(=CC1)C(C)C,2.2,2.375,0.7401388888888887,2.375,0.7401388888888887,0.48503449155951595,136.238,120.10999999999997,136.125200512,56,-0.013345427061797126,-0.08122260922191826,0.08122260922191826,0.013345427061797126,1.2,1.9,2.3,14.102672653816771,9.92641133276688,2.0422117998545715,-2.134513694967065,2.217777953447928,-1.9648958369484533,5.206534948938187,0.7325409601309213,2.5385118917425267,170.4773317567079,7.560477932315068,7.146264369941973,7.146264369941973,4.698377302757663,4.044329304277964,4.044329304277964,3.392464746857526,3.392464746857526,2.1140337148788357,2.1140337148788357,1.222235160382552,1.222235160382552,-0.52,180.91251467537336,7.585485232067512,3.0462804076265617,1.7285097165599768,63.63869283950127,0.0,0.0,0.0,0.0,0.0,0.0,0.0,0.0,0.0,37.14572367318755,25.683286491704038,0.0,0.0,0.0,0.0,5.917906046161393,33.61285484492389,0.0,23.2982492738063,0.0,0.0,0.0,0.0,0.0,0.0,5.917906046161393,33.61285484492389,23.2982492738063,0.0,0.0,0.0,0.0,0.0,0.0,5.917906046161393,18.414747775921285,5.573104530069267,0.0,32.923251812739636,0.0,0.0,0.0,0.0,3.1203703703703707,0.7401388888888887,0.0,7.07574074074074,6.730416666666667,0.0,0.6,10,0,0,1,0,1,0,0,0,0,0,0,1,0,0,0,1,3.308900000000002,45.91200000000003,0,0,0,0,0,0,0,0,0,4,0,0,0,0,0,0,0,0,0,0,0,0,0,0,0,0
CC1=CCC(=C(C)C)CC1,2.19,2.353009259259259,1.2025462962962963,2.353009259259259,1.2025462962962963,0.44730559817707943,136.238,120.10999999999997,136.125200512,56,-0.01336498084424534,-0.08152454688889973,0.08152454688889973,0.01336498084424534,1.3,2.0,2.4,14.100035947953126,9.928852325431723,2.0386617814616663,-2.133031949434717,2.2387943540875597,-1.9324162339535995,5.205601411462195,0.8337234437682123,2.668730432311545,178.21499122004107,7.560477932315068,7.198670612749268,7.198670612749268,4.698377302757663,4.007583596838497,4.007583596838497,3.3581543514771552,3.3581543514771552,2.2251444688392668,2.2251444688392668,1.3037360979822399,1.3037360979822399,-0.52,180.91251467537336,7.585485232067512,3.0462804076265617,1.7285097165599768,63.63869283950128,0.0,0.0,0.0,0.0,0.0,0.0,0.0,0.0,0.0,22.795333697041684,40.0336764678499,0.0,0.0,0.0,0.0,0.0,40.0336764678499,0.0,22.795333697041684,0.0,0.0,0.0,0.0,0.0,0.0,0.0,40.0336764678499,22.795333697041684,0.0,0.0,0.0,0.0,0.0,0.0,0.0,24.835569398847294,11.146209060138535,0.0,26.847231705905752,0.0,0.0,0.0,0.0,4.7216203703703705,0.0,0.0,6.130138888888888,6.648240740740741,0.0,0.6,10,0,0,1,0,1,0,0,0,0,0,0,0,0,0,0,1,3.453000000000002,45.98200000000003,0,0,0,0,0,0,0,0,0,4,0,0,0,0,0,0,0,0,0,0,0,0,0,0,0,0
CC1=CCC(CC1)C(=C)C,2.17,3.9745748299319725,0.7673148148148146,3.9745748299319725,0.7673148148148146,0.48503449155951595,136.238,120.10999999999997,136.125200512,56,-0.0170963194460879,-0.099849370815529,0.099849370815529,0.0170963194460879,1.7,2.4,2.8,14.167726438908824,9.860904675999693,2.1127645688555345,-2.1947080392011404,2.268533557486795,-2.043086249184487,5.092421184055851,0.5403280569003355,2.495412226862891,162.8771237954945,7.560477932315068,6.983127663125442,6.983127663125442,4.698377302757663,4.009201921767763,4.009201921767763,3.368130306120973,3.368130306120973,2.3348909117743477,2.3348909117743477,1.4128424251168994,1.4128424251168994,-0.52,180.91251467537336,7.585485232067512,3.0462804076265617,1.7285097165599768,63.63869283950128,0.0,0.0,0.0,0.0,0.0,0.0,0.0,0.0,0.0,23.801164850570917,39.02784531432067,0.0,0.0,0.0,0.0,5.917906046161393,33.10993926815928,0.0,23.801164850570917,0.0,0.0,0.0,0.0,0.0,0.0,5.917906046161393,33.10993926815928,23.801164850570917,0.0,0.0,0.0,0.0,0.0,0.0,5.917906046161393,24.835569398847298,5.573104530069267,0.0,26.502430189813627,0.0,0.0,0.0,0.0,2.9039351851851856,0.7673148148148146,0.0,6.16587962962963,8.329537037037037,0.0,0.6,10,0,0,1,0,1,0,0,0,0,0,0,1,0,0,0,1,3.308900000000002,45.91200000000003,0,0,0,0,0,0,0,0,0,3,0,0,0,0,0,0,0,0,0,0,0,0,0,0,0,0
CC(=CCCC(=C)C=C)C,2.12,3.8227144746787607,1.0363888888888888,3.8227144746787607,1.0363888888888888,0.40978647534474283,136.238,120.10999999999997,136.125200512,56,-0.025013725022777593,-0.09881252036792461,0.09881252036792461,0.025013725022777593,1.4,2.0,2.4,13.905670673312546,10.122681364606192,1.8434223003241894,-1.9403443593926346,2.0447756246732993,-1.738267497345966,5.113926389125841,0.9992006403172083,3.4629046970868087,145.42124551085627,7.983127663125442,6.983127663125442,6.983127663125442,4.663902460147014,3.6009536313038994,3.6009536313038994,2.6825219847121646,2.6825219847121646,1.3067128222475324,1.3067128222475324,0.648301396808781,0.648301396808781,-0.78,128.88451270697286,9.22,5.040624785315335,5.358504155124655,63.954920960846245,0.0,0.0,0.0,0.0,0.0,0.0,0.0,0.0,0.0,36.456120641003295,26.689117645233267,0.0,0.0,0.0,0.0,0.0,26.689117645233267,0.0,36.456120641003295,0.0,0.0,0.0,0.0,0.0,0.0,0.0,26.689117645233267,36.456120641003295,0.0,0.0,0.0,0.0,0.0,0.0,18.414747775921285,5.573104530069267,0.0,6.076020106833881,33.081365873412125,0.0,0.0,0.0,0.0,2.494779856387,0.0,0.0,6.162083333333334,11.676470143613,0.0,0.4,10,0,0,0,0,0,0,0,0,0,0,0,4,0,0,0,0,3.4750000000000023,48.00200000000003,0,0,0,0,0,0,0,0,0,4,0,0,0,0,0,0,0,0,0,0,0,0,0,0,0,0
C1=CC=CC=C1,2.31,2.0,2.0,2.0,2.0,0.4426283718993647,78.11399999999999,72.06599999999999,78.046950192,30,-0.062268570782092456,-0.062268570782092456,0.062268570782092456,0.062268570782092456,0.3333333333333333,0.5,0.6666666666666666,13.646993161855445,10.379006838144555,1.5737245910733615,-1.6942617326375462,1.794093161855452,-1.4738931618554547,4.985993161855452,1.718006838144549,3.000000000000001,71.96100505779535,4.242640687119286,3.464101615137755,3.464101615137755,3.0,2.0000000000000004,2.0000000000000004,1.1547005383792521,1.1547005383792521,0.6666666666666671,0.6666666666666671,0.38490017945975075,0.38490017945975075,-0.78,34.3994618804395,3.4115708812260532,1.6057694396735218,0.5823992601400448,37.43140311949697,0.0,0.0,0.0,0.0,0.0,0.0,0.0,0.0,0.0,36.39820241076966,0.0,0.0,0.0,0.0,0.0,0.0,0.0,0.0,36.39820241076966,0.0,0.0,0.0,0.0,0.0,0.0,0.0,0.0,36.39820241076966,0.0,0.0,0.0,0.0,0.0,0.0,0.0,0.0,0.0,36.39820241076966,0.0,0.0,0.0,0.0,0.0,0.0,0.0,12.0,0.0,0.0,0.0,0.0,6,0,0,0,0,0,1,0,1,0,0,0,0,0,0,0,1,1.6866,26.441999999999993,0,0,0,0,0,0,0,0,0,0,0,1,0,0,0,0,0,0,0,0,0,0,0,0,0,0
CC1=CC=CC=C1,2.3,2.0833333333333335,1.3217592592592595,2.0833333333333335,1.3217592592592595,0.4588062796575455,92.14099999999999,84.07699999999998,92.062600256,36,-0.039774526323627504,-0.06224908578199481,0.06224908578199481,0.039774526323627504,1.0,1.5714285714285714,1.8571428571428572,13.782105281259431,10.2446262174219,1.7152546995077484,-1.8223238719751815,1.9162789955764012,-1.6221555927559288,5.11182720852277,1.475756642372446,3.0214653097240864,129.96566024533826,5.112884175122364,4.386751345948129,4.386751345948129,3.393846850117352,2.4106836025229597,2.4106836025229597,1.654700538379252,1.654700538379252,0.9404557350153064,0.9404557350153064,0.5343778974176118,0.5343778974176118,-0.78,47.19725257297226,4.380771704180065,1.7832860398554335,1.0382641324115067,43.79634523389357,0.0,0.0,0.0,0.0,0.0,0.0,0.0,0.0,0.0,35.89528683400505,6.923737199690624,0.0,0.0,0.0,0.0,0.0,6.923737199690624,0.0,35.89528683400505,0.0,0.0,0.0,0.0,0.0,0.0,6.923737199690624,5.563451491696996,30.33183534230805,0.0,0.0,0.0,0.0,0.0,0.0,0.0,5.563451491696996,0.0,18.19910120538483,19.056471336613843,0.0,0.0,0.0,0.0,1.3217592592592595,0.0,10.261574074074074,0.0,2.0833333333333335,0.0,0.14285714285714285,7,0,0,0,0,0,1,0,1,0,0,0,0,0,0,0,1,1.99502,31.17899999999999,0,0,0,0,0,0,0,0,0,0,1,1,0,0,0,0,0,0,0,0,0,0,0,0,0,0
CCC1=CC=CC=C1,2.28,2.162037037037037,1.1397222222222223,2.162037037037037,1.1397222222222223,0.5147578217927745,106.16799999999996,96.08799999999998,106.07825032,42,-0.03074408282510195,-0.06224874165506165,0.06224874165506165,0.03074408282510195,1.125,1.75,2.125,13.856596938329892,10.170710312539828,1.7943577512861228,-1.8917512520057715,1.9631405576194025,-1.73342650034674,5.1331381704563555,1.140415220080154,2.8320858350070908,141.38429890473827,5.819990956308912,5.093858127134677,5.093858127134677,3.931851652578137,2.971343774302781,2.971343774302781,1.839151950246763,1.839151950246763,1.251072952541352,1.251072952541352,0.7137128315712066,0.7137128315712066,-0.78,91.36757727918736,5.358504155124653,2.50834780755501,1.0935372033822537,50.16128734829017,0.0,0.0,0.0,0.0,0.0,0.0,0.0,0.0,0.0,37.255572541998674,11.984273114623004,0.0,0.0,0.0,0.0,0.0,13.344558822616634,0.0,35.89528683400505,0.0,0.0,0.0,0.0,0.0,6.4208216229260096,0.0,12.487188691387619,30.33183534230805,0.0,0.0,0.0,0.0,0.0,0.0,6.4208216229260096,5.563451491696996,0.0,6.06636706846161,31.18920547353706,0.0,0.0,0.0,0.0,1.4097222222222223,0.0,10.455185185185186,1.1397222222222223,2.162037037037037,0.0,0.25,8,0,0,0,0,0,1,0,1,0,0,0,1,0,0,0,1,2.2490000000000006,35.82,0,0,0,0,0,0,0,0,0,0,1,1,0,0,0,0,0,0,0,0,0,0,0,0,0,0
CC1=CC=CC=C1C,2.29,2.1203703703703702,1.3680555555555558,2.1203703703703702,1.3680555555555558,0.47575768534032103,106.16799999999999,96.08799999999998,106.07825032,42,-0.039511492179969666,-0.06198519188632999,0.06198519188632999,0.039511492179969666,0.875,1.25,1.5,13.895388335812484,10.131972178262572,1.8333702494943909,-1.9301487560702846,2.0210545658514985,-1.7433360304648589,5.2277847976727765,1.342538972786028,3.134861511345448,156.14811391899892,5.983127663125442,5.309401076758503,5.309401076758503,3.804530452640311,2.827350269189626,2.827350269189626,2.084258916577523,2.084258916577523,1.425569668769133,1.425569668769133,0.6626779572375285,0.6626779572375285,-0.78,72.49526582754562,5.358504155124653,1.9937447122872558,0.8900073912094391,50.16128734829018,0.0,0.0,0.0,0.0,0.0,0.0,0.0,0.0,0.0,24.26546827384644,24.974377382775238,0.0,0.0,0.0,0.0,0.0,13.847474399381248,0.0,35.392371257240434,0.0,0.0,0.0,0.0,0.0,0.0,13.847474399381248,11.126902983393991,24.26546827384644,0.0,0.0,0.0,0.0,0.0,0.0,0.0,11.126902983393991,0.0,0.0,38.112942673227685,0.0,0.0,0.0,0.0,2.7361111111111116,0.0,8.356481481481481,0.0,4.2407407407407405,0.0,0.25,8,0,0,0,0,0,1,0,1,0,0,0,0,0,0,0,1,2.30344,35.916,0,0,0,0,0,0,0,0,0,0,2,1,0,0,0,0,0,0,0,0,0,0,0,0,0,0
CC1=CC(=CC=C1)C,2.29,2.1666666666666665,1.3379629629629632,2.1666666666666665,1.3379629629629632,0.47575768534032103,106.16799999999998,96.08799999999998,106.07825032,42,-0.03976460504894693,-0.06174087142677341,0.06174087142677341,0.03976460504894693,1.0,1.5,1.75,13.866097802962315,10.161620655442984,1.8019696433634882,-1.9025751468103107,1.9954308850121383,-1.70976356612192,5.197667924264775,1.3865224211680838,3.077660437970554,159.89811391899892,5.983127663125442,5.309401076758503,5.309401076758503,3.7876937002347035,2.8213672050459184,2.8213672050459184,2.1581548620732005,2.1581548620732005,1.1735753140545637,1.1735753140545637,0.8070155245349351,0.8070155245349351,-0.78,64.0524865010122,5.358504155124653,1.9937447122872558,1.0935372033822537,50.16128734829018,0.0,0.0,0.0,0.0,0.0,0.0,0.0,0.0,0.0,35.392371257240434,13.847474399381248,0.0,0.0,0.0,0.0,0.0,13.847474399381248,0.0,35.392371257240434,0.0,0.0,0.0,0.0,0.0,0.0,13.847474399381248,11.126902983393991,24.26546827384644,0.0,0.0,0.0,0.0,0.0,0.0,0.0,11.126902983393991,0.0,0.0,38.112942673227685,0.0,0.0,0.0,0.0,2.6759259259259265,0.0,8.449074074074073,0.0,4.208333333333333,0.0,0.25,8,0,0,0,0,0,1,0,1,0,0,0,0,0,0,0,1,2.30344,35.916000000000004,0,0,0,0,0,0,0,0,0,0,2,1,0,0,0,0,0,0,0,0,0,0,0,0,0,0
CC1=CC=C(C=C1)C,2.29,2.1203703703703702,1.3292592592592594,2.1203703703703702,1.3292592592592594,0.47575768534032103,106.16799999999999,96.08799999999998,106.07825032,42,-0.03977419408172197,-0.05906257918023874,0.05906257918023874,0.03977419408172197,0.75,1.0,1.25,13.857926266609558,10.169746472097968,1.793218016453732,-1.8950191180357163,1.9882406125405068,-1.700595642224136,5.189391809591328,1.3985363743774328,3.0324555320336755,138.89811391899892,5.983127663125442,5.309401076758503,5.309401076758503,3.787693700234704,2.8213672050459184,2.8213672050459184,2.154700538379252,2.154700538379252,1.2182335127930843,1.2182335127930843,0.63689453417432,0.63689453417432,-0.78,70.79892376087899,5.358504155124653,1.9937447122872558,1.0935372033822537,50.16128734829018,0.0,0.0,0.0,0.0,0.0,0.0,0.0,0.0,0.0,35.392371257240434,13.847474399381248,0.0,0.0,0.0,0.0,0.0,13.847474399381248,0.0,35.392371257240434,0.0,0.0,0.0,0.0,0.0,0.0,13.847474399381248,11.126902983393991,24.26546827384644,0.0,0.0,0.0,0.0,0.0,0.0,0.0,11.126902983393991,0.0,0.0,38.112942673227685,0.0,0.0,0.0,0.0,2.6585185185185187,0.0,8.481481481481481,0.0,4.193333333333333,0.0,0.25,8,0,0,0,0,0,1,0,1,0,0,0,0,0,0,0,1,2.30344,35.916,0,0,0,0,0,0,0,0,0,0,2,1,0,0,0,0,0,0,0,0,0,0,0,0,0,0
CCCC1=CC=CC=C1,2.26,2.201388888888889,1.2091666666666667,2.201388888888889,1.2091666666666667,0.5624916701881997,120.19499999999995,108.09899999999998,120.093900384,48,-0.02814979848791882,-0.06506543814455573,0.06506543814455573,0.02814979848791882,1.1111111111111112,1.7777777777777777,2.3333333333333335,13.900305397606992,10.127691076689286,1.8402134192217525,-1.932640245358975,1.9995132590300744,-1.7835841892779878,5.137484570569242,0.9218388682835006,2.61489994009295,152.9490957526401,6.52709773749546,5.800964908321225,5.800964908321225,4.431851652578137,3.471343774302781,3.471343774302781,2.2355985596534893,2.2355985596534893,1.381499796672302,1.381499796672302,0.9333523724371704,0.9333523724371704,-0.78,145.16653667335345,6.341654501216546,3.285913486196659,1.8835467848238945,56.526229462686786,0.0,0.0,0.0,0.0,0.0,0.0,0.0,0.0,0.0,43.67639416492468,11.984273114623004,0.0,0.0,0.0,0.0,0.0,19.765380445542643,0.0,35.89528683400505,0.0,0.0,0.0,0.0,0.0,6.4208216229260096,0.0,18.90801031431363,30.33183534230805,0.0,0.0,0.0,0.0,0.0,0.0,0.0,18.405094737549014,0.0,0.0,37.255572541998674,0.0,0.0,0.0,0.0,1.4444444444444446,0.0,10.571574074074075,2.449259259259259,2.201388888888889,0.0,0.3333333333333333,9,0,0,0,0,0,1,0,1,0,0,0,2,0,0,0,1,2.639100000000001,40.43700000000001,0,0,0,0,0,0,0,0,0,0,1,1,0,0,0,0,0,0,0,0,0,0,0,0,0,0
CC(C)C1=CC=CC=C1,2.25,2.2037037037037037,0.6585185185185185,2.2037037037037037,0.6585185185185185,0.5342617380464316,120.19499999999995,108.09899999999998,120.093900384,48,-0.021882385616707155,-0.06224839474669082,0.06224839474669082,0.021882385616707155,1.0,1.5555555555555556,1.8888888888888888,13.98379891160912,10.0437961924526,1.9286570571247514,-2.0116432956174233,2.1112383174930924,-1.8293344608817792,5.170386827578657,0.8666303746678048,2.848234050597751,162.65300142116237,6.69023444431199,5.964101615137756,5.964101615137756,4.304530452640311,3.354059275497024,3.354059275497024,2.565384140902212,2.565384140902212,1.4662391580785155,1.4662391580785155,0.8379390982585982,0.8379390982585982,-0.78,129.22533870330605,6.341654501216546,2.6743372612696805,1.5627607309331124,56.52622946268678,0.0,0.0,0.0,0.0,0.0,0.0,0.0,0.0,0.0,44.179309741689295,11.48135753785839,0.0,0.0,0.0,0.0,0.0,19.76538044554264,0.0,35.89528683400505,0.0,0.0,0.0,0.0,0.0,0.0,0.0,25.328831937239634,30.33183534230805,0.0,0.0,0.0,0.0,0.0,5.917906046161393,0.0,5.563451491696996,0.0,6.06636706846161,38.112942673227685,0.0,0.0,0.0,0.0,1.414351851851852,0.6585185185185185,10.51972222222222,0.0,4.407407407407407,0.0,0.3333333333333333,9,0,0,0,0,0,1,0,1,0,0,0,1,0,0,0,1,2.8100000000000014,40.53100000000002,0,0,0,0,0,0,0,0,0,0,0,1,0,0,0,0,0,0,0,0,0,0,0,0,0,0
CCC1=CC=CC=C1C,2.27,2.1828703703703702,1.1455092592592593,2.1828703703703702,1.1455092592592593,0.5339790665494062,120.19499999999996,108.09899999999998,120.093900384,48,-0.03048142864999203,-0.061984846716096755,0.061984846716096755,0.03048142864999203,1.2222222222222223,1.8888888888888888,2.3333333333333335,13.948602353959256,10.079444319831124,1.88942284293085,-1.9798856275325625,2.055028504258698,-1.8213684743008438,5.244766684697955,1.1093160981133985,3.0065240073265844,188.98472797861993,6.69023444431199,6.016507857945051,6.016507857945051,4.342535255101096,3.3880104409694476,3.3880104409694476,2.2800380131045523,2.2800380131045523,1.6421561734439887,1.6421561734439887,1.0067764239924744,1.0067764239924744,-0.78,130.65102508867633,6.341654501216546,2.6743372612696805,1.3174550052099938,56.52622946268678,0.0,0.0,0.0,0.0,0.0,0.0,0.0,0.0,0.0,31.18920547353706,24.471461806010623,0.0,0.0,0.0,0.0,0.0,20.268296022307258,0.0,35.392371257240434,0.0,0.0,0.0,0.0,0.0,6.4208216229260096,6.923737199690624,18.050640183084614,24.26546827384644,0.0,0.0,0.0,0.0,0.0,0.0,6.4208216229260096,11.126902983393991,0.0,0.0,38.112942673227685,0.0,0.0,0.0,0.0,2.8587962962962967,0.0,8.494537037037036,1.1455092592592593,4.3344907407407405,0.0,0.3333333333333333,9,0,0,0,0,0,1,0,1,0,0,0,1,0,0,0,1,2.5574200000000005,40.557000000000016,0,0,0,0,0,0,0,0,0,0,2,1,0,0,0,0,0,0,0,0,0,0,0,0,0,0
CCC1=CC=CC(=C1)C,2.27,2.2222222222222223,1.1405555555555555,2.2222222222222223,1.1405555555555555,0.5339790665494062,120.19499999999996,108.09899999999998,120.093900384,48,-0.03073416305963221,-0.0617306129710105,0.0617306129710105,0.03073416305963221,1.3333333333333333,2.111111111111111,2.5555555555555554,13.914694226239927,10.113680973174736,1.8532542551197153,-1.9478957870415217,2.0259175971339554,-1.7829046180315833,5.212101835644279,1.1315246522842428,2.936866102336592,188.98472797861993,6.69023444431199,6.016507857945051,6.016507857945051,4.325698502695489,3.3820273768257403,3.3820273768257403,2.342606273940712,2.342606273940712,1.4907325733680776,1.4907325733680776,0.9320618013118032,0.9320618013118032,-0.78,126.05435680455047,6.341654501216546,2.6743372612696805,1.5627607309331124,56.52622946268678,0.0,0.0,0.0,0.0,0.0,0.0,0.0,0.0,0.0,36.75265696523406,18.90801031431363,0.0,0.0,0.0,0.0,0.0,20.268296022307258,0.0,35.392371257240434,0.0,0.0,0.0,0.0,0.0,6.4208216229260096,6.923737199690624,18.050640183084614,24.26546827384644,0.0,0.0,0.0,0.0,0.0,0.0,6.4208216229260096,11.126902983393991,0.0,0.0,38.112942673227685,0.0,0.0,0.0,0.0,2.7818055555555556,0.0,8.611435185185185,1.1405555555555555,4.299537037037037,0.0,0.3333333333333333,9,0,0,0,0,0,1,0,1,0,0,0,1,0,0,0,1,2.5574200000000005,40.557000000000016,0,0,0,0,0,0,0,0,0,0,2,1,0,0,0,0,0,0,0,0,0,0,0,0,0,0
CCC1=CC=C(C=C1)C,2.27,2.175925925925926,1.1391666666666667,2.175925925925926,1.1391666666666667,0.5339790665494062,120.19499999999996,108.09899999999998,120.093900384,48,-0.030743750429054795,-0.06129413538826337,0.06129413538826337,0.030743750429054795,1.1111111111111112,1.6666666666666667,2.111111111111111,13.905443535906025,10.122978884456797,1.8434203559821638,-1.9391812514594722,2.017825263002535,-1.7727923894588746,5.203157072514745,1.1354470818914195,2.8815558776461367,171.73472797861993,6.69023444431199,6.016507857945051,6.016507857945051,4.325698502695489,3.38202737682574,3.38202737682574,2.3391519502467633,2.3391519502467633,1.52885073031913,1.52885073031913,0.8237812581009272,0.8237812581009272,-0.78,129.22533870330605,6.341654501216546,2.6743372612696805,1.5627607309331124,56.52622946268678,0.0,0.0,0.0,0.0,0.0,0.0,0.0,0.0,0.0,36.75265696523406,18.90801031431363,0.0,0.0,0.0,0.0,0.0,20.268296022307258,0.0,35.392371257240434,0.0,0.0,0.0,0.0,0.0,6.4208216229260096,6.923737199690624,18.050640183084614,24.26546827384644,0.0,0.0,0.0,0.0,0.0,0.0,6.4208216229260096,11.126902983393991,0.0,0.0,38.112942673227685,0.0,0.0,0.0,0.0,2.7572222222222225,0.0,8.655092592592592,1.1391666666666667,4.281851851851852,0.0,0.3333333333333333,9,0,0,0,0,0,1,0,1,0,0,0,1,0,0,0,1,2.5574200000000005,40.557000000000016,0,0,0,0,0,0,0,0,0,0,2,1,0,0,0,0,0,0,0,0,0,0,0,0,0,0
CC1=C(C(=CC=C1)C)C,2.28,2.1574074074074074,1.3842592592592595,2.1574074074074074,1.3842592592592595,0.4933927122974484,120.19499999999996,108.09899999999998,120.093900384,48,-0.03924826125183226,-0.06172129778023983,0.06172129778023983,0.03924826125183226,0.8888888888888888,1.3333333333333333,1.6666666666666667,13.972415202776249,10.055785256859563,1.9130635293149665,-2.003644520203166,2.094041189153395,-1.8233373448608479,5.310663898612128,1.2670790693832337,3.2478347337367026,191.02833704135648,6.8533711511285205,6.232050807568878,6.232050807568878,4.21521405516327,3.244016935856293,3.244016935856293,2.516808826847648,2.516808826847648,1.8754627916220952,1.8754627916220952,0.897791890991355,0.897791890991355,-0.78,109.737515096202,6.341654501216546,2.218872016802184,1.1256808896802857,56.52622946268678,0.0,0.0,0.0,0.0,0.0,0.0,0.0,0.0,0.0,18.19910120538483,37.46156607416286,0.0,0.0,0.0,0.0,0.0,20.771211599071872,0.0,34.88945568047582,0.0,0.0,0.0,0.0,0.0,0.0,20.771211599071872,16.690354475090988,18.19910120538483,0.0,0.0,0.0,0.0,0.0,0.0,0.0,16.690354475090988,0.0,0.0,38.9703128044567,0.0,0.0,0.0,0.0,4.182870370370371,0.0,6.377314814814815,0.0,6.439814814814815,0.0,0.3333333333333333,9,0,0,0,0,0,1,0,1,0,0,0,0,0,0,0,1,2.611860000000001,40.65300000000001,0,0,0,0,0,0,0,0,0,0,2,1,0,0,0,0,0,0,0,0,0,0,0,0,0,0
CC1=CC(=C(C=C1)C)C,2.28,2.2037037037037037,1.345462962962963,2.2037037037037037,1.345462962962963,0.4933927122974484,120.19499999999998,108.09899999999998,120.093900384,48,-0.03950156209354446,-0.059043013944034425,0.059043013944034425,0.03950156209354446,0.8888888888888888,1.5555555555555556,2.0,13.946263183397173,10.082116398408997,1.8851595102255816,-1.9790456865146864,2.0706808331741313,-1.7941192218676627,5.28233709506377,1.3000507270249129,3.171678030440915,211.2783370413565,6.8533711511285205,6.232050807568878,6.232050807568878,4.198377302757662,3.2380338717125854,3.2380338717125854,2.5877132402714715,2.5877132402714715,1.6624107643699335,1.6624107643699335,0.891346035225553,0.891346035225553,-0.78,104.20091930659319,6.341654501216546,2.218872016802184,1.3174550052099938,56.52622946268678,0.0,0.0,0.0,0.0,0.0,0.0,0.0,0.0,0.0,23.762552697081826,31.898114582465862,0.0,0.0,0.0,0.0,0.0,20.771211599071872,0.0,34.88945568047582,0.0,0.0,0.0,0.0,0.0,0.0,20.771211599071872,16.690354475090988,18.19910120538483,0.0,0.0,0.0,0.0,0.0,0.0,0.0,16.690354475090988,0.0,0.0,38.9703128044567,0.0,0.0,0.0,0.0,4.105277777777778,0.0,6.502314814814815,0.0,6.392407407407408,0.0,0.3333333333333333,9,0,0,0,0,0,1,0,1,0,0,0,0,0,0,0,1,2.611860000000001,40.65300000000001,0,0,0,0,0,0,0,0,0,0,3,1,0,0,0,0,0,0,0,0,0,0,0,0,0,0
CC1=CC(=CC(=C1)C)C,2.28,2.1875,1.3541666666666667,2.1875,1.3541666666666667,0.4933927122974484,120.19499999999998,108.09899999999998,120.093900384,48,-0.03975468316246081,-0.05636528474297494,0.05636528474297494,0.03975468316246081,0.6666666666666666,0.8888888888888888,1.1111111111111112,13.931089724094385,10.097584126925678,1.8688928645621976,-1.9646511704342249,2.057339500550052,-1.776682551789754,5.266192904514411,1.322148357117152,3.165670309917317,160.80051514850786,6.8533711511285205,6.232050807568878,6.232050807568878,4.1815405503520555,3.2320508075688776,3.2320508075688776,2.6650635094610973,2.6650635094610973,1.366025403784439,1.366025403784439,1.2023502691896262,1.2023502691896262,-0.78,85.7569381887915,6.341654501216546,2.218872016802184,1.5627607309331124,56.52622946268678,0.0,0.0,0.0,0.0,0.0,0.0,0.0,0.0,0.0,34.88945568047582,20.771211599071872,0.0,0.0,0.0,0.0,0.0,20.771211599071872,0.0,34.88945568047582,0.0,0.0,0.0,0.0,0.0,0.0,20.771211599071872,16.690354475090988,18.19910120538483,0.0,0.0,0.0,0.0,0.0,0.0,0.0,16.690354475090988,0.0,0.0,38.9703128044567,0.0,0.0,0.0,0.0,4.062500000000001,0.0,6.5625,0.0,6.375,0.0,0.3333333333333333,9,0,0,0,0,0,1,0,1,0,0,0,0,0,0,0,1,2.611860000000001,40.65300000000001,0,0,0,0,0,0,0,0,0,0,3,1,0,0,0,0,0,0,0,0,0,0,0,0,0,0
CCC1=CC=CC=C1CC,2.26,2.207175925925926,1.1567592592592593,2.207175925925926,1.1567592592592593,0.5831204703949601,134.22199999999998,120.10999999999997,134.109550448,54,-0.030470988556806407,-0.06197457993591865,0.06197457993591865,0.030470988556806407,0.9,1.3,1.6,13.990902829870672,10.037828417375616,1.933596512646326,-2.019630050100106,2.0841732444208234,-1.877229376367907,5.260907139625517,1.0373321368189377,2.964000093923802,177.9482132452993,7.397341225498538,6.723614639131599,6.723614639131599,4.8805400575618805,3.9486706127492686,3.9486706127492686,2.4758171096315813,2.4758171096315813,1.8801892875255706,1.8801892875255706,1.247321500154146,1.247321500154146,-0.78,238.97589595141258,7.328459869848157,3.4037722935552446,1.3813978449955595,62.89117157708339,0.0,0.0,0.0,0.0,0.0,0.0,0.0,0.0,0.0,38.112942673227685,23.96854622924601,0.0,0.0,0.0,0.0,0.0,26.689117645233267,0.0,35.392371257240434,0.0,0.0,0.0,0.0,0.0,12.841643245852019,0.0,24.974377382775238,24.26546827384644,0.0,0.0,0.0,0.0,0.0,0.0,12.841643245852019,11.126902983393991,0.0,0.0,38.112942673227685,0.0,0.0,0.0,0.0,2.981481481481482,0.0,8.632592592592593,2.3135185185185185,4.4057407407407405,0.0,0.4,10,0,0,0,0,0,1,0,1,0,0,0,2,0,0,0,1,2.811400000000001,45.19800000000003,0,0,0,0,0,0,0,0,0,0,2,1,0,0,0,0,0,0,0,0,0,0,0,0,0,0
CCC1=CC(=CC=C1)CC,2.26,2.2777777777777777,1.1466666666666667,2.2777777777777777,1.1466666666666667,0.5831204703949601,134.22199999999998,120.10999999999997,134.109550448,54,-0.03073398623049164,-0.06172035451334157,0.06172035451334157,0.03073398623049164,1.0,1.5,1.9,13.949702056483028,10.07945021717913,1.8896634776318588,-1.98072709326993,2.0505210437250465,-1.8276461924903544,5.225426859332226,1.0868159067749028,2.8711457287957725,181.69821324529929,7.397341225498538,6.723614639131599,6.723614639131599,4.863703305156274,3.942687548605561,3.942687548605561,2.5270576858082223,2.5270576858082223,1.807889832681591,1.807889832681591,1.0694902838028495,1.0694902838028495,-0.78,235.2901527615482,7.328459869848157,3.4037722935552446,1.598288065805947,62.89117157708339,0.0,0.0,0.0,0.0,0.0,0.0,0.0,0.0,0.0,38.112942673227685,23.96854622924601,0.0,0.0,0.0,0.0,0.0,26.689117645233267,0.0,35.392371257240434,0.0,0.0,0.0,0.0,0.0,12.841643245852019,0.0,24.974377382775238,24.26546827384644,0.0,0.0,0.0,0.0,0.0,0.0,12.841643245852019,11.126902983393991,0.0,0.0,38.112942673227685,0.0,0.0,0.0,0.0,2.8876851851851857,0.0,8.773796296296297,2.2933333333333334,4.3785185185185185,0.0,0.4,10,0,0,0,0,0,1,0,1,0,0,0,2,0,0,0,1,2.811400000000001,45.19800000000003,0,0,0,0,0,0,0,0,0,0,2,1,0,0,0,0,0,0,0,0,0,0,0,0,0,0
CCC1=CC=C(C=C1)CC,2.26,2.207175925925926,1.1428514739229025,2.207175925925926,1.1428514739229025,0.5831204703949601,134.22199999999998,120.10999999999997,134.109550448,54,-0.030743747647749592,-0.061294135377601325,0.061294135377601325,0.030743747647749592,0.8,1.1,1.3,13.938169789117776,10.091104112264922,1.877385353410344,-1.969818494684351,2.0410637502095828,-1.8138008272787949,5.215707006356919,1.1004004819730613,2.7972512629697874,160.69821324529929,7.397341225498538,6.723614639131599,6.723614639131599,4.863703305156274,3.942687548605561,3.942687548605561,2.523603362114274,2.523603362114274,1.8394679478451756,1.8394679478451756,1.0106679820275342,1.0106679820275342,-0.78,237.587417309747,7.328459869848157,3.4037722935552446,1.598288065805947,62.89117157708339,0.0,0.0,0.0,0.0,0.0,0.0,0.0,0.0,0.0,38.112942673227685,23.96854622924601,0.0,0.0,0.0,0.0,0.0,26.689117645233267,0.0,35.392371257240434,0.0,0.0,0.0,0.0,0.0,12.841643245852019,0.0,24.974377382775238,24.26546827384644,0.0,0.0,0.0,0.0,0.0,0.0,12.841643245852019,11.126902983393991,0.0,0.0,38.112942673227685,0.0,0.0,0.0,0.0,2.855925925925926,0.0,8.828703703703704,2.285702947845805,4.3630007558578985,0.0,0.4,10,0,0,0,0,0,1,0,1,0,0,0,2,0,0,0,1,2.811400000000001,45.19800000000003,0,0,0,0,0,0,0,0,0,0,2,1,0,0,0,0,0,0,0,0,0,0,0,0,0,0
CCCCC1=CC=CC=C1,2.25,2.225138888888889,1.2334722222222223,2.225138888888889,1.2334722222222223,0.5957309560911629,134.22199999999998,120.10999999999997,134.109550448,54,-0.027897295142604965,-0.0653710717316953,0.0653710717316953,0.027897295142604965,1.1,1.8,2.4,13.928094568255245,10.100588827164405,1.8687601891678685,-1.9589484955842618,2.0257810758831734,-1.8110089866978991,5.138501418975812,0.7949849468755463,2.4265223465879537,164.65300142116237,7.234204518682008,6.508071689507773,6.508071689507773,4.931851652578137,3.971343774302781,3.971343774302781,2.5891519502467633,2.5891519502467633,1.6618298825622126,1.6618298825622126,1.0255780783709258,1.0255780783709258,-0.78,251.66716234355823,7.328459869848157,4.1024606217041155,2.218872016802184,62.89117157708339,0.0,0.0,0.0,0.0,0.0,0.0,0.0,0.0,0.0,43.67639416492468,18.405094737549014,0.0,0.0,0.0,0.0,0.0,26.186202068468653,0.0,35.89528683400505,0.0,0.0,0.0,0.0,0.0,6.4208216229260096,0.0,25.328831937239638,30.33183534230805,0.0,0.0,0.0,0.0,0.0,0.0,0.0,24.825916360475023,0.0,0.0,37.255572541998674,0.0,0.0,0.0,0.0,1.4623611111111112,0.0,10.649555933484505,3.8296107331821614,2.225138888888889,0.0,0.4,10,0,0,0,0,0,1,0,1,0,0,0,3,0,0,0,1,3.0292000000000012,45.05400000000003,0,0,0,0,0,0,0,0,0,0,1,1,0,0,0,0,0,0,0,0,0,0,0,0,0,0
CC(C)CC1=CC=CC=C1,2.24,2.2430555555555554,0.766111111111111,2.2430555555555554,0.766111111111111,0.5830950724974511,134.22199999999998,120.10999999999997,134.109550448,54,-0.02556439700331706,-0.06245589070299574,0.06245589070299574,0.02556439700331706,1.1,1.7,2.2,13.992301067094083,10.036128854524835,1.935619475577551,-2.02073647053565,2.054703547358194,-1.9177880346078915,5.142587045297222,0.6471297537755208,2.5872871851548136,174.4896154807834,7.397341225498538,6.671208396324304,6.671208396324304,4.787693700234704,3.827185821959348,3.827185821959348,3.083569555002773,3.083569555002773,1.486775212936868,1.486775212936868,1.085497855454677,1.085497855454677,-0.78,195.6254620163014,7.328459869848157,3.4037722935552446,2.218872016802184,62.89117157708339,0.0,0.0,0.0,0.0,0.0,0.0,0.0,0.0,0.0,44.179309741689295,17.9021791607844,0.0,0.0,0.0,0.0,5.917906046161393,20.268296022307258,0.0,35.89528683400505,0.0,0.0,0.0,0.0,0.0,6.4208216229260096,5.917906046161393,19.410925891078243,30.33183534230805,0.0,0.0,0.0,0.0,0.0,0.0,5.917906046161393,11.984273114623004,0.0,0.0,44.179309741689295,0.0,0.0,0.0,0.0,1.4421296296296298,0.766111111111111,10.61037037037037,1.1952777777777777,4.486111111111111,0.0,0.4,10,0,0,0,0,0,1,0,1,0,0,0,2,0,0,0,1,2.8851000000000013,44.98400000000003,0,0,0,0,0,0,0,0,0,0,0,1,0,0,0,0,0,0,0,0,0,0,0,0,0,0
CCC(C)C1=CC=CC=C1,2.24,2.259259259259259,0.7094444444444443,2.259259259259259,0.7094444444444443,0.5823253102746541,134.22199999999998,120.10999999999997,134.109550448,54,-0.019300891963447316,-0.06480959922040683,0.06480959922040683,0.019300891963447316,1.2,1.8,2.3,14.036406836346954,9.991665772882842,1.9832696656766395,-2.061745671975445,2.1628491948212765,-1.8823553939552446,5.176905949466727,0.7334968501745557,2.746978188530898,176.48961548078339,7.397341225498538,6.671208396324304,6.671208396324304,4.842535255101096,3.892064077957809,3.892064077957809,2.7199794632774306,2.7199794632774306,1.9809805208364926,1.9809805208364926,1.0172740324121932,1.0172740324121932,-0.78,237.587417309747,7.328459869848157,3.4037722935552446,1.598288065805947,62.89117157708339,0.0,0.0,0.0,0.0,0.0,0.0,0.0,0.0,0.0,44.179309741689295,17.9021791607844,0.0,0.0,0.0,0.0,0.0,26.18620206846865,0.0,35.89528683400505,0.0,0.0,0.0,0.0,0.0,0.0,0.0,31.749653560165644,30.33183534230805,0.0,0.0,0.0,0.0,0.0,5.917906046161393,0.0,11.984273114623004,0.0,0.0,44.179309741689295,0.0,0.0,0.0,0.0,1.4490740740740742,0.7094444444444443,10.636111111111113,1.2262037037037037,4.479166666666666,0.0,0.4,10,0,0,0,0,0,1,0,1,0,0,0,2,0,0,0,1,3.2001000000000017,45.14800000000003,0,0,0,0,0,0,0,0,0,0,0,1,0,0,0,0,0,0,0,0,0,0,0,0,0,0
CC(C)(C)C1=CC=CC=C1,2.25,2.224537037037037,0.2929166666666665,2.224537037037037,0.2929166666666665,0.5114006703774442,134.22199999999998,120.10999999999997,134.109550448,54,-0.013185421336817146,-0.06224804505884843,0.06224804505884843,0.013185421336817146,0.9,1.4,1.7,14.155053549200233,9.872663875210776,2.107334848194777,-2.175326969617501,2.2009962978294584,-2.095107890640282,5.214575082366548,0.5900845483530642,2.9660431785816628,191.02833704135648,7.612884175122366,6.886751345948131,6.886751345948131,4.605171715522539,3.66068360252296,3.66068360252296,3.6160254037844393,3.6160254037844393,1.639814472133079,1.639814472133079,0.9381528525526742,0.9381528525526742,-0.78,165.63732925805002,7.328459869848157,2.4517901863265905,1.598288065805947,62.89117157708339,0.0,0.0,0.0,0.0,0.0,0.0,0.0,0.0,0.0,51.10304694137992,10.978441961093775,0.0,0.0,0.0,0.0,0.0,26.186202068468653,0.0,35.89528683400505,0.0,0.0,0.0,0.0,0.0,5.41499046939678,0.0,26.334663090768867,30.33183534230805,0.0,0.0,0.0,0.0,0.0,5.41499046939678,0.0,5.563451491696996,0.0,0.0,51.10304694137992,0.0,0.0,0.0,0.0,1.6910648148148149,0.0,10.55199074074074,0.0,6.673611111111112,0.0,0.4,10,0,0,0,0,0,1,0,1,0,0,0,0,0,0,0,1,2.9841000000000015,45.14200000000003,0,0,0,0,0,0,0,0,0,0,0,1,0,0,0,0,0,0,0,0,0,0,0,0,0,0
CCC1=CC(=CC(=C1)C)C,2.27,2.2430555555555554,1.1413888888888888,2.2430555555555554,1.1413888888888888,0.5537053444239534,134.22199999999998,120.10999999999997,134.109550448,54,-0.030724242682959608,-0.061293800488366273,0.061293800488366273,0.030724242682959608,1.0,1.5,1.9,13.966495735716778,10.062833582536422,1.906090475370303,-1.9976523492284863,2.0796347666486463,-1.8296715039841578,5.277140211673089,1.1211300986702248,3.061688151345299,203.22996149735155,7.560477932315068,6.939157588755425,6.939157588755425,4.71954535281284,3.792710979348699,3.792710979348699,2.849514921328608,2.849514921328608,1.6897227048854204,1.6897227048854204,1.2731078885897673,1.2731078885897673,-0.78,172.48169296466315,7.328459869848157,2.8694839561664094,1.598288065805947,62.89117157708339,0.0,0.0,0.0,0.0,0.0,0.0,0.0,0.0,0.0,36.249741388469445,25.831747514004253,0.0,0.0,0.0,0.0,0.0,27.19203322199788,0.0,34.88945568047582,0.0,0.0,0.0,0.0,0.0,6.4208216229260096,13.847474399381248,23.61409167478161,18.19910120538483,0.0,0.0,0.0,0.0,0.0,0.0,6.4208216229260096,16.690354475090988,0.0,0.0,38.9703128044567,0.0,0.0,0.0,0.0,4.186296296296296,0.0,6.69361111111111,1.1413888888888888,6.478703703703703,0.0,0.4,10,0,0,0,0,0,1,0,1,0,0,0,1,0,0,0,1,2.8658400000000013,45.294000000000025,0,0,0,0,0,0,0,0,0,0,3,1,0,0,0,0,0,0,0,0,0,0,0,0,0,0
CC1=C(C(=C(C=C1)C)C)C,2.28,2.1782407407407405,1.3917592592592594,2.1782407407407405,1.3917592592592594,0.5114796780810564,134.22199999999998,120.10999999999997,134.109550448,54,-0.03923828708052484,-0.058778541985353226,0.058778541985353226,0.03923828708052484,0.7,1.0,1.3,14.027889001207866,10.001153571910725,1.970143839284491,-2.056643955073206,2.147351419410345,-1.879932521639363,5.3714505493372,1.2167683558099327,3.342153807770512,219.46037742768317,7.723614639131599,7.1547005383792515,7.1547005383792515,4.625897657686229,3.660683602522959,3.660683602522959,2.9493587371177723,2.9493587371177723,2.328846035225553,2.328846035225553,1.0915063509461098,1.0915063509461098,-0.78,171.96225538705855,7.328459869848157,2.4517901863265905,1.0617353254647492,62.89117157708339,0.0,0.0,0.0,0.0,0.0,0.0,0.0,0.0,0.0,12.13273413692322,49.948754765550476,0.0,0.0,0.0,0.0,0.0,27.694948798762496,0.0,34.386540103711205,0.0,0.0,0.0,0.0,0.0,0.0,27.694948798762496,22.253805966787983,12.13273413692322,0.0,0.0,0.0,0.0,0.0,0.0,0.0,22.253805966787983,0.0,0.0,39.827682935685715,0.0,0.0,0.0,0.0,5.64462962962963,0.0,4.356481481481481,0.0,8.665555555555555,0.0,0.4,10,0,0,0,0,0,1,0,1,0,0,0,0,0,0,0,1,2.920280000000001,45.39000000000002,0,0,0,0,0,0,0,0,0,0,2,1,0,0,0,0,0,0,0,0,0,0,0,0,0,0
CC1=CC=C(C=C1)C(C)C,2.25,2.212962962962963,0.6533333333333331,2.212962962962963,0.6533333333333331,0.5532584920101852,134.22199999999998,120.10999999999997,134.109550448,54,-0.021882053067443556,-0.0590419921968874,0.0590419921968874,0.021882053067443556,1.0,1.5,1.9,14.004238595994897,10.024482534992162,1.94837422588232,-2.031653154210887,2.1315276717887657,-1.8486722054148153,5.228177044700606,0.8658442096896675,2.893762783606678,193.78322454351996,7.560477932315068,6.886751345948129,6.886751345948129,4.698377302757663,3.764742878019983,3.764742878019983,3.065384140902211,3.065384140902211,1.7440169358562931,1.7440169358562931,0.9513530918323416,0.9513530918323416,-0.78,180.91251467537336,7.328459869848157,2.8694839561664094,1.598288065805947,62.89117157708339,0.0,0.0,0.0,0.0,0.0,0.0,0.0,0.0,0.0,43.67639416492469,18.405094737549014,0.0,0.0,0.0,0.0,0.0,26.689117645233264,0.0,35.392371257240434,0.0,0.0,0.0,0.0,0.0,0.0,6.923737199690624,30.892283428936633,24.26546827384644,0.0,0.0,0.0,0.0,0.0,5.917906046161393,0.0,11.126902983393991,0.0,0.0,45.03667987291831,0.0,0.0,0.0,0.0,2.7592592592592595,0.6533333333333331,8.712962962962964,0.0,6.541111111111111,0.0,0.4,10,0,0,0,0,0,1,0,1,0,0,0,1,0,0,0,1,3.118420000000002,45.26800000000003,0,0,0,0,0,0,0,0,0,0,1,1,0,0,0,0,0,0,0,0,0,0,0,0,0,0
CCC1=CC(=CC(=C1)C)CC,2.26,2.298611111111111,1.1475,2.298611111111111,1.1475,0.6041766830671922,148.24899999999997,132.12099999999998,148.125200512,60,-0.030724065839417145,-0.061293799070803824,0.061293799070803824,0.030724065839417145,0.9090909090909091,1.3636363636363635,1.7272727272727273,13.99465145358391,10.03538632941174,1.9353988767408226,-2.0239556118771733,2.09886852540407,-1.866951638407429,5.287499389176219,1.0758149075636663,3.017312592533342,213.5436681198771,8.267584713501616,7.646264369941973,7.646264369941973,5.257550155273626,4.3533711511285205,4.3533711511285205,3.0339663331961195,3.0339663331961195,2.013420005986402,2.013420005986402,1.356247713704087,1.356247713704087,-0.78,324.82522102445716,8.31784735812133,3.5646069197864145,2.074798910763036,69.25611369148,0.0,0.0,0.0,0.0,0.0,0.0,0.0,0.0,0.0,37.61002709646307,30.892283428936633,0.0,0.0,0.0,0.0,0.0,33.61285484492389,0.0,34.88945568047582,0.0,0.0,0.0,0.0,0.0,12.841643245852019,6.923737199690624,30.537828874472233,18.19910120538483,0.0,0.0,0.0,0.0,0.0,0.0,12.841643245852019,16.690354475090988,0.0,0.0,38.9703128044567,0.0,0.0,0.0,0.0,4.310092592592593,0.0,6.824722222222222,2.295,6.570185185185185,0.0,0.45454545454545453,11,0,0,0,0,0,1,0,1,0,0,0,2,0,0,0,1,3.1198200000000016,49.93500000000003,0,0,0,0,0,0,0,0,0,0,3,1,0,0,0,0,0,0,0,0,0,0,0,0,0,0
CCCCCCC1=CC=CC=C1,2.23,2.25249716553288,1.2508333333333332,2.25249716553288,1.2508333333333332,0.5774504107669273,162.276,144.13199999999998,162.140850576,66,-0.02788722931821786,-0.06538238174359431,0.06538238174359431,0.02788722931821786,0.9166666666666666,1.6666666666666667,2.3333333333333335,13.96060460945602,10.069587763365474,1.901166279548733,-1.9899911216213724,2.062562294296294,-1.8370259577359318,5.138861071878648,0.6666792987656656,2.157795777203053,188.45310074746274,8.648418081055103,7.922285251880869,7.922285251880869,5.931851652578137,4.97134377430278,4.97134377430278,3.2962587314333103,3.2962587314333103,2.161829882562212,2.161829882562212,1.4005780783709258,1.4005780783709258,-0.78,694.6611541570788,9.309126559714795,5.817954575285077,3.5646069197864145,75.62105580587661,0.0,0.0,0.0,0.0,0.0,0.0,0.0,0.0,0.0,56.5180374107767,18.405094737549014,0.0,0.0,0.0,0.0,0.0,39.02784531432067,0.0,35.89528683400505,0.0,0.0,0.0,0.0,0.0,6.4208216229260096,0.0,38.17047518309165,30.33183534230805,0.0,0.0,0.0,0.0,0.0,0.0,0.0,37.667559606327046,0.0,0.0,37.255572541998674,0.0,0.0,0.0,0.0,1.4801880196523056,0.0,10.747760377299068,6.686221104182414,2.25249716553288,0.0,0.5,12,0,0,0,0,0,1,0,1,0,0,0,5,0,0,0,1,3.809400000000003,54.288000000000046,0,0,0,0,0,0,0,0,0,0,1,1,0,0,0,0,0,0,0,0,0,0,0,0,0,2
CCC1=CC(=CC(=C1)CC)CC,2.25,2.318611111111111,1.1536111111111111,2.318611111111111,1.1536111111111111,0.638904466613166,162.27599999999995,144.13199999999998,162.140850576,66,-0.030723888995471238,-0.0612937976532388,0.0612937976532388,0.030723888995471238,0.6666666666666666,0.9166666666666666,1.0833333333333333,14.018449663361586,10.012299858603509,1.9600581647041553,-2.0461802730066143,2.1159236975795865,-1.8967270319568343,5.2973455412054875,1.0425686018522256,3.011257354290591,192.98255553483457,8.974691494688164,8.35337115112852,8.35337115112852,5.795554957734411,4.914031322908341,4.914031322908341,3.21841774506363,3.21841774506363,2.3371173070873836,2.3371173070873836,1.4517697445325848,1.4517697445325848,-0.78,595.1999366929648,9.309126559714795,4.296487425843833,2.1009139360681814,75.6210558058766,0.0,0.0,0.0,0.0,0.0,0.0,0.0,0.0,0.0,38.9703128044567,35.95281934386901,0.0,0.0,0.0,0.0,0.0,40.0336764678499,0.0,34.88945568047582,0.0,0.0,0.0,0.0,0.0,19.26246486877803,0.0,37.46156607416286,18.19910120538483,0.0,0.0,0.0,0.0,0.0,0.0,19.26246486877803,16.690354475090988,0.0,0.0,38.9703128044567,0.0,0.0,0.0,0.0,4.433888888888889,0.0,6.9558333333333335,3.4608333333333334,6.649444444444444,0.0,0.5,12,0,0,0,0,0,1,0,1,0,0,0,3,0,0,0,1,3.373800000000002,54.57600000000004,0,0,0,0,0,0,0,0,0,0,3,1,0,0,0,0,0,0,0,0,0,0,0,0,0,0
CCCCCCCC1=CC=CC=C1,2.23,2.2611068594104307,1.2545181405895691,2.2611068594104307,1.2545181405895691,0.5697750172321101,176.30300000000003,156.14299999999997,176.15650064,72,-0.02788722794457005,-0.06538238321718637,0.06538238321718637,0.02788722794457005,0.8461538461538461,1.5384615384615385,2.230769230769231,13.970823828661969,10.060162039373232,1.9110672296793774,-1.9997240028169074,2.0760309314420784,-1.8435537745852453,5.1388994613445265,0.6320541102109868,2.0653801840299586,200.53811204568345,9.355524862241651,8.629392033067417,8.629392033067417,6.431851652578136,5.471343774302779,5.471343774302779,3.649812122026584,3.649812122026584,2.4118298825622118,2.4118298825622118,1.5773547736675622,1.5773547736675622,-0.78,1148.7760826409656,10.301833060556465,6.70550882196095,4.716887369664168,81.98599792027323,0.0,0.0,0.0,0.0,0.0,0.0,0.0,0.0,0.0,62.938859033702705,18.405094737549014,0.0,0.0,0.0,0.0,0.0,45.448666937246685,0.0,35.89528683400505,0.0,0.0,0.0,0.0,0.0,6.4208216229260096,0.0,44.59129680601767,30.33183534230805,0.0,0.0,0.0,0.0,0.0,0.0,0.0,44.08838122925306,0.0,0.0,37.255572541998674,0.0,0.0,0.0,0.0,1.4851837679516253,0.0,10.780731056311414,8.139644982993197,2.2611068594104307,0.0,0.5384615384615384,13,0,0,0,0,0,1,0,1,0,0,0,6,0,0,0,1,4.199500000000003,58.90500000000005,0,0,0,0,0,0,0,0,0,0,1,1,0,0,0,0,0,0,0,0,0,0,0,0,0,3
CCCCCCCCC1=CC=CC=C1,2.22,2.267826252414546,1.2569097222222223,2.267826252414546,1.2569097222222223,0.551586623038264,190.33000000000004,168.15399999999997,190.172150704,78,-0.02788722793931699,-0.0653823832227824,0.0653823832227824,0.02788722793931699,0.7857142857142857,1.4285714285714286,2.142857142857143,13.978789560046257,10.052988083096889,1.9186783356042276,-2.007251112247707,2.0872151570670963,-1.8480177108105549,5.1389217625975085,0.607347501046157,1.992370638117442,212.73973650167846,10.0626316434282,9.336498814253964,9.336498814253964,6.931851652578136,5.971343774302779,5.971343774302779,4.003365512619857,4.003365512619857,2.6618298825622113,2.6618298825622113,1.754131468964199,1.754131468964199,-0.78,1905.4994163510707,11.295642965204237,7.607776175470456,5.0590077375885185,88.35094003466985,0.0,0.0,0.0,0.0,0.0,0.0,0.0,0.0,0.0,69.35968065662873,18.405094737549014,0.0,0.0,0.0,0.0,0.0,51.8694885601727,0.0,35.89528683400505,0.0,0.0,0.0,0.0,0.0,6.4208216229260096,0.0,51.01211842894368,30.33183534230805,0.0,0.0,0.0,0.0,0.0,0.0,0.0,50.50920285217907,0.0,0.0,37.255572541998674,0.0,0.0,0.0,0.0,1.4888810416141767,0.0,10.807208966728716,9.602750405909225,2.267826252414546,0.0,0.5714285714285714,14,0,0,0,0,0,1,0,1,0,0,0,7,0,0,0,1,4.589600000000004,63.522000000000055,0,0,0,0,0,0,0,0,0,0,1,1,0,0,0,0,0,0,0,0,0,0,0,0,0,4
C1CCC2=CC=CC=C2C1,2.41,2.258425925925926,1.3017592592592593,2.258425925925926,1.3017592592592593,0.5086297206140044,132.20599999999996,120.10999999999997,132.093900384,52,-0.027602666714009613,-0.06197440256795898,0.06197440256795898,0.027602666714009613,0.8,1.3,1.8,14.108498318975963,9.920457715284005,2.0543001063209303,-2.133853191351854,2.191966859421298,-2.0031930752971885,5.282254731517717,0.6854657156513605,2.414292094177304,200.23484899951498,6.811554787871634,6.137828201504693,6.137828201504693,4.9663264951887856,4.034457050376173,4.034457050376173,2.9758171096315813,2.9758171096315813,2.26061613165652,2.26061613165652,1.6761768643159767,1.6761768643159767,-0.78,348.57046183703704,5.964482443005351,2.4517901863265905,0.9420016699918123,61.88534042355416,0.0,0.0,0.0,0.0,0.0,0.0,0.0,0.0,0.0,24.26546827384644,36.81018947509803,0.0,0.0,0.0,0.0,0.0,25.683286491704038,0.0,35.392371257240434,0.0,0.0,0.0,0.0,0.0,12.841643245852019,0.0,23.96854622924601,24.26546827384644,0.0,0.0,0.0,0.0,0.0,0.0,0.0,25.683286491704038,11.126902983393991,0.0,24.26546827384644,0.0,0.0,0.0,0.0,3.155092592592593,0.0,8.802870370370371,5.37537037037037,0.0,0.0,0.4,10,0,0,1,0,1,1,0,1,0,0,0,0,0,0,0,2,2.5654000000000003,43.084000000000024,0,0,0,0,0,0,0,0,0,0,2,1,1,0,0,0,0,0,0,0,0,0,0,0,0,0
CC1=CC(=CC=C1)C(C)(C)C,2.25,2.25,0.28374999999999995,2.25,0.28374999999999995,0.5293048449815112,148.24899999999997,132.12099999999998,148.125200512,60,-0.01317550466634536,-0.061709886188580296,0.061709886188580296,0.01317550466634536,1.0909090909090908,1.7272727272727273,2.090909090909091,14.16541043127772,9.863035007533947,2.1173465999765506,-2.185293340947475,2.2165434218615343,-2.1012565176849907,5.269499993092951,0.5895202217009075,3.0599016922179834,240.46037742768323,8.483127663125442,7.809401076758503,7.809401076758503,4.999018565639891,4.071367205045918,4.071367205045918,4.119479727478388,4.119479727478388,1.8840986008569662,1.8840986008569662,1.111573902733206,1.111573902733206,-0.78,228.2124914971883,8.31784735812133,2.6893371506127393,2.074798910763036,69.25611369147998,0.0,0.0,0.0,0.0,0.0,0.0,0.0,0.0,0.0,50.60013136461531,17.9021791607844,0.0,0.0,0.0,0.0,0.0,33.10993926815928,0.0,35.392371257240434,0.0,0.0,0.0,0.0,0.0,5.41499046939678,6.923737199690624,31.898114582465865,24.26546827384644,0.0,0.0,0.0,0.0,5.41499046939678,0.0,0.0,11.126902983393991,0.0,0.0,51.960417072608934,0.0,0.0,0.0,0.0,3.0429398148148152,0.0,8.692615740740742,0.0,8.847777777777777,0.0,0.45454545454545453,11,0,0,0,0,0,1,0,1,0,0,0,0,0,0,0,1,3.2925200000000014,49.87900000000004,0,0,0,0,0,0,0,0,0,0,1,1,0,0,0,0,0,0,0,0,0,0,0,0,0,0
CC1=CC=C(C=C1)C(C)(C)C,2.25,2.2337962962962963,0.28541666666666665,2.2337962962962963,0.28541666666666665,0.5293048449815113,148.249,132.12099999999998,148.125200512,60,-0.013185088635292296,-0.05903159393535443,0.05903159393535443,0.013185088635292296,0.9090909090909091,1.3636363636363635,1.7272727272727273,14.16141072073547,9.867012994305778,2.113317919611424,-2.1813436251017864,2.211500222002835,-2.098329178156558,5.259574606947594,0.589906175405879,2.993754788259927,223.21037742768323,8.483127663125442,7.809401076758503,7.809401076758503,4.999018565639891,4.071367205045918,4.071367205045918,4.116025403784439,4.116025403784439,1.9175922499108566,1.9175922499108566,1.0535612008409867,1.0535612008409867,-0.78,230.73472009676777,8.31784735812133,2.6893371506127393,2.074798910763036,69.25611369147998,0.0,0.0,0.0,0.0,0.0,0.0,0.0,0.0,0.0,50.60013136461531,17.9021791607844,0.0,0.0,0.0,0.0,0.0,33.10993926815928,0.0,35.392371257240434,0.0,0.0,0.0,0.0,0.0,5.41499046939678,6.923737199690624,31.898114582465865,24.26546827384644,0.0,0.0,0.0,0.0,5.41499046939678,0.0,0.0,11.126902983393991,0.0,0.0,51.960417072608934,0.0,0.0,0.0,0.0,3.022546296296296,0.0,8.741898148148149,0.0,8.818888888888889,0.0,0.45454545454545453,11,0,0,0,0,0,1,0,1,0,0,0,0,0,0,0,1,3.2925200000000014,49.87900000000003,0,0,0,0,0,0,0,0,0,0,1,1,0,0,0,0,0,0,0,0,0,0,0,0,0,0
C=CC1=CC=CC=C1,2.35,3.630925925925926,1.1736111111111112,3.630925925925926,1.1736111111111112,0.5126059376700752,104.15199999999997,96.08799999999998,104.062600256,40,-0.02625578937784246,-0.09847005004016512,0.09847005004016512,0.02625578937784246,1.125,1.75,2.125,13.813866930193818,10.213378517192888,1.7531756783708032,-1.8476108231354809,1.9690264572734049,-1.6332305402260128,5.452095614533308,1.6665744673634502,2.9910469146846212,162.65300142116237,5.819990956308912,4.671208396324302,4.671208396324302,3.931851652578137,2.607607027581636,2.607607027581636,1.614807747754891,1.614807747754891,1.0352747518073642,1.0352747518073642,0.589121682286802,0.589121682286802,-1.04,91.36757727918736,5.10367816091954,2.3141072195146584,0.9688488520408163,49.47168431610592,0.0,0.0,0.0,0.0,0.0,0.0,0.0,0.0,0.0,42.98679113274043,5.563451491696996,0.0,0.0,0.0,6.076020106833881,0.0,0.0,0.0,42.47422251760354,0.0,0.0,0.0,0.0,0.0,0.0,0.0,5.563451491696996,36.91077102590655,6.076020106833881,0.0,0.0,0.0,0.0,0.0,0.0,5.563451491696996,0.0,36.407855449141934,6.578935683598497,0.0,0.0,0.0,0.0,1.1736111111111112,0.0,10.028796296296296,1.8333333333333333,3.630925925925926,0.0,0.0,8,0,0,0,0,0,1,0,1,0,0,0,1,0,0,0,1,2.3296,36.53300000000001,0,0,0,0,0,0,0,0,0,0,0,1,0,0,0,0,0,0,0,0,0,0,0,0,0,0
C=CCC1=CC=CC=C1,2.33,3.655963718820862,0.9730555555555556,3.655963718820862,0.9730555555555556,0.5229975730548514,118.17899999999995,108.09899999999998,118.07825032,46,-0.010013321697633543,-0.10274876838001491,0.10274876838001491,0.010013321697633543,1.2222222222222223,1.8888888888888888,2.4444444444444446,13.874564197507016,10.153255825634727,1.8156595914068916,-1.9061951296234276,1.9785799429266067,-1.7531843420947364,5.161299423772588,1.2783732037105746,2.719528532842932,174.4896154807834,6.52709773749546,5.37831517751085,5.37831517751085,4.431851652578137,3.0807335740439594,3.0807335740439594,1.9783978394802335,1.9783978394802335,1.2228644897704113,1.2228644897704113,0.7807600013303118,0.7807600013303118,-1.04,145.16653667335345,6.085628140703518,3.079539221938775,1.7260521604490249,55.83662643050253,0.0,0.0,0.0,0.0,0.0,0.0,0.0,0.0,6.578935683598497,36.407855449141934,11.984273114623004,0.0,0.0,0.0,0.0,0.0,6.4208216229260096,0.0,48.55024262443742,0.0,0.0,0.0,0.0,0.0,6.4208216229260096,0.0,5.563451491696996,42.98679113274043,0.0,0.0,0.0,0.0,0.0,0.0,6.4208216229260096,5.563451491696996,0.0,24.27512131221871,18.711669820521717,0.0,0.0,0.0,0.0,1.326388888888889,0.0,10.299221466364322,2.8850925925925925,3.655963718820862,0.0,0.1111111111111111,9,0,0,0,0,0,1,0,1,0,0,0,2,0,0,0,1,2.4151000000000007,40.34300000000002,0,0,0,0,0,0,0,0,0,1,0,1,0,0,0,0,0,0,0,0,0,0,0,0,0,0
CC=CC1=CC=CC=C1,2.36,2.0833333333333335,1.263888888888889,2.0833333333333335,1.263888888888889,0.5315253963209767,118.17899999999996,108.09899999999998,118.07825032,46,-0.025994603660731676,-0.08706595221034719,0.08706595221034719,0.025994603660731676,1.1111111111111112,1.7777777777777777,2.3333333333333335,13.831546715330443,10.19642068685575,1.7707918833644798,-1.864642939436033,1.9883512850080192,-1.648704425766103,5.474509323150004,1.644858515055136,2.8479481764153847,184.45310074746274,6.52709773749546,5.5414518843273814,5.5414518843273814,4.431851652578137,3.110042339640732,3.110042339640732,1.9106836025229597,1.9106836025229597,1.1586892478083903,1.1586892478083903,0.7566001196398341,0.7566001196398341,-1.04,145.16653667335345,6.085628140703518,3.079539221938775,1.7260521604490249,55.83662643050253,0.0,0.0,0.0,0.0,0.0,0.0,0.0,0.0,0.0,42.483875555975814,12.487188691387619,0.0,0.0,0.0,6.076020106833881,0.0,6.923737199690624,0.0,41.97130694083893,0.0,0.0,0.0,0.0,0.0,0.0,0.0,12.487188691387619,36.407855449141934,6.076020106833881,0.0,0.0,0.0,0.0,0.0,0.0,5.563451491696996,0.0,31.198858511909332,18.208754243757102,0.0,0.0,0.0,0.0,1.263888888888889,0.0,10.261574074074074,4.12037037037037,2.0208333333333335,0.0,0.1111111111111111,9,0,0,0,0,0,1,0,1,0,0,0,1,0,0,0,1,2.7197000000000005,41.15000000000002,0,0,0,0,0,0,0,0,0,1,0,1,0,0,0,0,0,0,0,0,0,0,0,0,0,0
CC(=C)C1=CC=CC=C1,2.31,3.8253703703703703,1.120925925925926,3.8253703703703703,1.120925925925926,0.5315253963209767,118.17899999999996,108.09899999999998,118.07825032,46,-0.02332520625238293,-0.09551616043242918,0.09551616043242918,0.02332520625238293,1.2222222222222223,1.7777777777777777,2.111111111111111,13.913486532862013,10.114316396056799,1.856700947160702,-1.9427524195208796,2.0800613673815307,-1.7220218146429371,5.601862016938904,1.5833123849166788,2.981454614041131,196.53811204568342,6.69023444431199,5.593858127134677,5.593858127134677,4.304530452640311,3.0142369931162336,3.0142369931162336,2.1463554896743497,2.1463554896743497,1.2665883481753843,1.2665883481753843,0.7226706494170987,0.7226706494170987,-1.04,129.22533870330605,6.085628140703518,2.492201093530749,1.4254483456763811,55.83662643050253,0.0,0.0,0.0,0.0,0.0,0.0,0.0,0.0,0.0,42.483875555975814,12.487188691387619,0.0,0.0,0.0,5.573104530069267,0.0,6.923737199690624,0.0,42.47422251760354,0.0,0.0,0.0,0.0,0.0,0.0,0.0,12.487188691387619,36.91077102590655,5.573104530069267,0.0,0.0,0.0,0.0,0.0,5.573104530069267,5.563451491696996,0.0,25.122838405075452,18.711669820521717,0.0,0.0,0.0,0.0,2.3408333333333333,0.0,10.15787037037037,0.0,5.83462962962963,0.0,0.1111111111111111,9,0,0,0,0,0,1,0,1,0,0,0,1,0,0,0,1,2.7197000000000005,41.15000000000002,0,0,0,0,0,0,0,0,0,1,0,1,0,0,0,0,0,0,0,0,0,0,0,0,0,0
CCC1=CC=C(C=C1)C=C,2.32,3.6864224300831445,1.1085544217687076,3.6864224300831445,1.1085544217687076,0.5800727622927881,132.20599999999996,120.10999999999997,132.093900384,52,-0.026235935123457448,-0.09847004747400068,0.09847004747400068,0.026235935123457448,1.3,1.9,2.3,13.918502849243376,10.11048009018112,1.85958497967368,-1.9485837087021296,2.045157419806699,-1.7755402290923563,5.465523614406229,1.13937083839264,2.895351845489354,205.984848999515,7.397341225498538,6.300964908321225,6.300964908321225,4.863703305156274,3.578950801884416,3.578950801884416,2.299259159622402,2.299259159622402,1.6236697471111878,1.6236697471111878,0.8894223997871525,0.8894223997871525,-1.04,237.587417309747,7.071607142857144,3.2100399595076996,1.471945587562872,62.20156854489913,0.0,0.0,0.0,0.0,0.0,0.0,0.0,0.0,0.0,43.84416126396944,17.54772460632,0.0,0.0,0.0,6.076020106833881,0.0,13.344558822616634,0.0,41.97130694083893,0.0,0.0,0.0,0.0,0.0,6.4208216229260096,0.0,18.050640183084614,30.84440395744494,6.076020106833881,0.0,0.0,0.0,0.0,0.0,6.4208216229260096,11.126902983393991,0.0,6.076020106833881,37.76814115713556,0.0,0.0,0.0,0.0,2.5720370370370373,0.0,8.450092592592593,2.969109977324263,5.84209372637944,0.0,0.2,10,0,0,0,0,0,1,0,1,0,0,0,2,0,0,0,1,2.8920000000000012,45.91100000000003,0,0,0,0,0,0,0,0,0,0,1,1,0,0,0,0,0,0,0,0,0,0,0,0,0,0
C1=CC=C(C=C1)CC2=CC=CC=C2,2.53,2.1597222222222223,1.0294444444444444,2.1597222222222223,1.0294444444444444,0.6452001853099995,168.239,156.14299999999997,168.093900384,64,-0.002577562398651189,-0.06224836070985519,0.06224836070985519,0.002577562398651189,0.5384615384615384,0.9230769230769231,1.3076923076923077,13.973391198113232,10.057421320677214,1.9209362997131332,-1.995602313438943,2.0730385167366205,-1.8519334180285343,5.248482575259282,1.1934564207687004,2.1614757505786617,310.81248233699284,8.932875131431278,7.480609473082808,7.480609473082808,6.449489742783179,4.528473986232467,4.528473986232467,3.1479738146036156,3.1479738146036156,2.093897614618841,2.093897614618841,1.4274256631424127,1.4274256631424127,-1.5599999999999996,1589.7182302135147,8.057239275855297,3.902562753362507,2.1870744067645087,78.85343943995761,0.0,0.0,0.0,0.0,0.0,0.0,0.0,0.0,0.0,60.6636706846161,17.54772460632,0.0,0.0,0.0,0.0,0.0,6.4208216229260096,0.0,71.7905736680101,0.0,0.0,0.0,0.0,0.0,6.4208216229260096,0.0,11.126902983393991,60.6636706846161,0.0,0.0,0.0,0.0,0.0,0.0,6.4208216229260096,11.126902983393991,0.0,0.0,60.6636706846161,0.0,0.0,0.0,0.0,2.7383333333333337,0.0,21.06555555555555,1.0294444444444444,0.0,0.0,0.07692307692307693,13,0,0,0,0,0,2,0,2,0,0,0,2,0,0,0,2,3.277400000000002,55.69000000000003,0,0,0,0,0,0,0,0,0,0,0,2,0,0,0,0,0,0,0,0,0,0,0,0,0,0
CC1=CC(=CC=C1)C2=CC=CC(=C2)C,2.51,2.217037037037037,1.2997222222222224,2.217037037037037,1.2997222222222224,0.625641454815298,182.266,168.15399999999997,182.109550448,70,-0.018130599861018955,-0.06138709715832892,0.06138709715832892,0.018130599861018955,0.6428571428571429,1.0714285714285714,1.4285714285714286,14.012230262869547,10.019923241222031,1.962440530593816,-2.0302796759785124,2.203407052234422,-1.7965496700512298,5.642074891102792,1.4384423135019553,2.492123645200362,397.7962278379978,9.966255326250886,8.618802153517008,8.618802153517008,6.7540201954234895,4.892734410091838,4.892734410091838,3.7389594549567753,3.7389594549567753,2.369479727478387,2.369479727478387,1.6492518599707344,1.6492518599707344,-1.5599999999999996,1970.1337814922244,9.01309382086168,3.6669516894800993,1.8475609825845754,85.2183815543542,0.0,0.0,0.0,0.0,0.0,0.0,0.0,0.0,0.0,59.65783953108687,24.974377382775238,0.0,0.0,0.0,0.0,0.0,13.847474399381248,0.0,59.65783953108687,11.126902983393991,0.0,0.0,0.0,0.0,0.0,13.847474399381248,11.126902983393991,48.53093654769288,11.126902983393991,0.0,0.0,0.0,0.0,0.0,0.0,22.253805966787983,0.0,0.0,62.37841094707413,0.0,0.0,0.0,0.0,5.217974300831445,0.0,17.20008692365835,0.0,4.248605442176871,0.0,0.14285714285714285,14,0,0,0,0,0,2,0,2,0,0,0,1,0,0,0,2,3.9704400000000026,61.35200000000004,0,0,0,0,0,0,0,0,0,0,2,2,0,0,0,0,0,0,0,0,0,0,0,0,0,0
CC1=CC=CC2=CC=CC=C12,2.54,2.1574074074074074,1.326388888888889,2.1574074074074074,1.326388888888889,0.5297256591150028,142.201,132.12099999999998,142.07825032,54,-0.015473597845287701,-0.06162938043001279,0.06162938043001279,0.015473597845287701,0.8181818181818182,1.5454545454545454,2.3636363636363638,13.964351267888201,10.065657641338516,1.9149365772653342,-1.9841733175690948,2.1604518494127207,-1.7463847710781442,5.847478750779856,1.5313553919725797,2.9131611636048604,369.20002354254177,7.681798275874712,6.5414518843273814,6.5414518843273814,5.377010097711745,3.8213672050459193,3.8213672050459193,2.796046573604805,2.796046573604805,2.0076386318775867,2.0076386318775867,1.3873573257964147,1.3873573257964147,-1.2999999999999998,505.7637345563877,6.412726002270941,2.3870748299319726,1.0063206988069775,66.47800976562876,0.0,0.0,0.0,0.0,0.0,0.0,0.0,0.0,0.0,42.46456947923127,23.259637120317212,0.0,0.0,0.0,10.772448428929591,0.0,6.923737199690624,0.0,48.02802097092827,0.0,0.0,0.0,0.0,0.0,0.0,6.923737199690624,5.563451491696996,42.46456947923127,10.772448428929591,0.0,0.0,0.0,0.0,0.0,0.0,16.335899920626588,0.0,0.0,49.38830667892189,0.0,0.0,0.0,2.6828703703703707,1.3500925925925928,0.0,14.825833333333335,0.0,2.1412037037037037,0.0,0.09090909090909091,11,0,0,0,0,0,2,0,2,0,0,0,0,0,0,0,2,3.148220000000002,48.68500000000003,0,0,0,0,0,0,0,0,0,0,1,2,1,0,0,0,0,0,0,0,0,0,0,0,0,0
CC1=CC2=CC=CC(=C2C=C1)C,2.51,2.224537037037037,1.3269444444444447,2.224537037037037,1.3269444444444447,0.5476492453414699,156.22799999999998,144.13199999999998,156.093900384,60,-0.015453962182023063,-0.061365598347694825,0.061365598347694825,0.015453962182023063,0.9166666666666666,1.75,2.5833333333333335,13.992972130381691,10.038079440002049,1.9431951701548655,-2.012077336501324,2.183015256658432,-1.7804326570738203,5.854980398134781,1.475582101772811,2.8630257936849905,413.3078661934481,8.55204176387779,7.464101615137755,7.464101615137755,5.770856947829096,4.2320508075688785,4.2320508075688785,3.2995008972987536,3.2995008972987536,2.2539171153160438,2.2539171153160438,1.565054945713914,1.565054945713914,-1.2999999999999998,703.5166427731616,7.354540141719628,2.6325540535695073,1.095421436004162,72.84295188002538,0.0,0.0,0.0,0.0,0.0,0.0,0.0,0.0,0.0,41.96165390246666,30.183374320007836,0.0,0.0,0.0,10.772448428929591,0.0,13.847474399381248,0.0,47.52510539416365,0.0,0.0,0.0,0.0,0.0,0.0,13.847474399381248,11.126902983393991,36.39820241076966,10.772448428929591,0.0,0.0,0.0,0.0,0.0,0.0,21.899351412323583,0.0,0.0,50.24567681015091,0.0,0.0,0.0,2.7065740740740747,2.6811111111111114,0.0,13.00175925925926,0.0,4.277222222222222,0.0,0.16666666666666666,12,0,0,0,0,0,2,0,2,0,0,0,0,0,0,0,2,3.456640000000002,53.42200000000003,0,0,0,0,0,0,0,0,0,0,2,2,1,0,0,0,0,0,0,0,0,0,0,0,0,0
CCCCC#C,2.01,4.964583333333334,0.9409722222222222,4.964583333333334,0.9409722222222222,0.35180438170232986,82.14599999999999,72.06599999999999,82.07825032,34,0.008590856339665517,-0.12010931716807507,0.12010931716807507,0.008590856339665517,1.6666666666666667,2.3333333333333335,2.5,13.763451003403999,10.261664084487077,1.7113597058051122,-1.7916049497757043,1.8813900915566895,-1.624168763504317,4.818690894842288,0.8283273726292318,2.543857644448419,47.548875021634686,4.82842712474619,4.198670612749268,4.198670612749268,2.914213562373095,2.349335306374634,2.349335306374634,1.307677535825205,1.307677535825205,0.6746676531873169,0.6746676531873169,0.2788387679126026,0.2788387679126026,-0.44,20.986300857070454,5.559999999999999,4.559999999999998,3.5599999999999987,39.56318699167187,0.0,0.0,0.0,0.0,0.0,0.0,0.0,0.0,12.343784214475903,13.344558822616634,6.4208216229260096,6.4208216229260096,0.0,0.0,0.0,0.0,26.186202068468653,0.0,0.0,12.343784214475903,0.0,0.0,0.0,0.0,0.0,12.343784214475903,26.186202068468653,0.0,0.0,0.0,0.0,0.0,0.0,0.0,6.4208216229260096,12.841643245852019,0.0,0.0,12.844171518546268,6.423349895620259,0.0,0.0,0.0,0.0,2.568611111111111,0.0,8.29513888888889,2.13625,0.0,0.6666666666666666,6,0,0,0,0,0,0,0,0,0,0,0,2,0,0,0,0,1.8098,28.357999999999986,0,0,0,0,0,0,0,0,0,0,0,0,0,0,0,0,0,0,0,0,0,0,0,0,1,1
C#CC1=CC=CC=C1,2.41,5.099814814814815,0.9375000000000002,5.099814814814815,0.9375000000000002,0.43694441995239286,102.13599999999998,96.08799999999998,102.046950192,38,0.02420775614931215,-0.11466530536013568,0.11466530536013568,0.02420775614931215,1.125,1.75,2.125,13.802254043828466,10.22491379115656,1.7592169101517794,-1.819867115906205,1.92481257520258,-1.6576958588168615,5.3023113490958105,1.653105501944991,3.049388908161901,191.02833704135648,5.819990956308912,4.464101615137754,4.464101615137754,3.931851652578137,2.4493587371177727,2.4493587371177727,1.5103629710818456,1.5103629710818456,0.9404557350153064,0.9404557350153064,0.5343778974176118,0.5343778974176118,-1.2200000000000002,91.36757727918736,4.927492625368731,2.1818477276782464,0.8859770341581867,49.16051274014944,0.0,0.0,0.0,0.0,0.0,0.0,0.0,0.0,6.423349895620259,24.119535524240472,12.13273413692322,5.563451491696996,0.0,0.0,0.0,0.0,0.0,0.0,35.89528683400505,12.343784214475903,0.0,0.0,0.0,0.0,0.0,12.343784214475903,5.563451491696996,30.33183534230805,0.0,0.0,0.0,0.0,0.0,0.0,5.563451491696996,0.0,0.0,30.33183534230805,5.920434318855644,6.423349895620259,0.0,0.0,0.0,0.9375000000000002,2.526944444444444,9.602407407407407,5.099814814814815,0.0,0.0,0.0,8,0,0,0,0,0,1,0,1,0,0,0,0,0,0,0,1,1.6679000000000002,34.377,0,0,0,0,0,0,0,0,0,0,0,1,0,0,0,0,0,0,0,0,0,0,0,0,1,0
CCOCC,4.32,4.833333333333333,0.84375,4.833333333333333,0.84375,0.4752681489358652,74.123,64.04299999999999,74.07316494,32,0.043708412524692805,-0.3820258357826421,0.3820258357826421,0.043708412524692805,1.2,1.6,1.6,16.471489792223306,10.800690364709848,1.635249239958044,-1.8589755250228044,1.6400163366950407,-1.837381208276838,4.066771354077524,0.16176261138507,2.19060968716425,11.119415478763749,4.121320343559642,3.822461852836958,3.822461852836958,2.414213562373095,1.9915638315627207,1.9915638315627207,0.7814744144215573,0.7814744144215573,0.408248290463863,0.408248290463863,0.2041241452319315,0.2041241452319315,-0.04,11.245112497836532,4.960000000000001,3.9600000000000004,3.9600000000000004,32.94762260052625,4.736862953800049,0.0,0.0,0.0,0.0,0.0,0.0,0.0,0.0,0.0,13.847474399381248,13.213763929025836,0.0,4.736862953800049,0.0,0.0,13.847474399381248,13.213763929025836,0.0,0.0,0.0,0.0,0.0,13.213763929025836,4.736862953800049,0.0,13.847474399381248,0.0,0.0,9.23,0.0,0.0,0.0,0.0,13.213763929025836,0.0,0.0,13.847474399381248,0.0,4.736862953800049,4.833333333333333,0.0,0.0,0.0,0.0,0.0,0.0,5.666666666666666,0.0,1.0,5,0,1,0,0,0,0,0,0,1,0,1,2,0,0,0,0,1.0428000000000002,22.166999999999994,0,0,0,0,0,0,0,0,0,0,0,0,0,0,0,1,0,0,0,0,0,0,0,0,0,0
CCCOCCC,3.78,5.131944444444445,0.9244444444444444,5.131944444444445,0.9244444444444444,0.4918698876466746,102.17699999999999,88.065,102.104465068,44,0.046290069989292804,-0.38147401199827174,0.38147401199827174,0.046290069989292804,1.0,1.4285714285714286,1.7142857142857142,16.472759480626404,10.49070474761637,1.7742526739765856,-1.9489609762547828,1.810103764975038,-1.9175639258928652,4.247448374574848,0.13527261614314542,2.447472887876344,23.360990398949916,5.535533905932738,5.236675415210053,5.236675415210053,3.414213562373095,2.9915638315627207,2.9915638315627207,1.6123724356957942,1.6123724356957942,0.6969234250586758,0.6969234250586758,0.39073720721077854,0.39073720721077854,-0.04,35.509609925153406,6.96,5.959999999999999,5.960000000000001,45.67750682931947,4.736862953800049,0.0,0.0,0.0,0.0,0.0,0.0,0.0,0.0,13.847474399381248,12.841643245852019,13.213763929025836,0.0,4.736862953800049,0.0,0.0,26.689117645233267,13.213763929025836,0.0,0.0,0.0,0.0,0.0,13.213763929025836,4.736862953800049,0.0,26.689117645233267,0.0,0.0,9.23,0.0,0.0,0.0,0.0,26.055407174877857,0.0,0.0,0.0,13.847474399381248,4.736862953800049,5.131944444444445,0.0,0.0,0.0,0.0,0.0,2.2777777777777777,6.090277777777777,0.0,1.0,7,0,1,0,0,0,0,0,0,1,0,1,4,0,0,0,0,1.823,31.400999999999982,0,0,0,0,0,0,0,0,0,0,0,0,0,0,0,1,0,0,0,0,0,0,0,0,0,2
CC(C)OC(C)C,3.64,5.25,0.3749999999999998,5.25,0.3749999999999998,0.5164411302422239,102.17699999999999,88.065,102.104465068,44,0.052185621038162336,-0.37614367594581366,0.37614367594581366,0.052185621038162336,0.8571428571428571,1.1428571428571428,1.1428571428571428,16.49500987386878,10.407647540679555,1.9361064839679714,-2.0886679113802384,1.9267050351083734,-2.088649795484417,4.396943927974851,0.02998594211953486,2.9532231745612925,33.44467835888275,5.8618073195657985,5.562948828843115,5.562948828843115,3.125897657686229,2.780805597549535,2.780805597549535,2.2335923434492697,2.2335923434492697,0.5443310539518176,0.5443310539518176,0.5443310539518176,0.5443310539518176,-0.04,19.093583929800843,6.96,3.026851631655436,5.960000000000001,45.677506829319455,4.736862953800049,0.0,0.0,0.0,0.0,0.0,0.0,0.0,0.0,0.0,27.694948798762496,0.0,12.207932775496605,4.736862953800049,0.0,0.0,39.9028815742591,0.0,0.0,0.0,0.0,0.0,0.0,12.207932775496605,4.736862953800049,0.0,27.694948798762496,0.0,0.0,9.23,0.0,0.0,0.0,12.207932775496605,0.0,0.0,0.0,27.694948798762496,0.0,4.736862953800049,5.25,0.0,0.0,0.0,0.0,0.0,0.7499999999999997,8.166666666666666,0.0,1.0,7,0,1,0,0,0,0,0,0,1,0,1,2,0,0,0,0,1.8197999999999999,31.356999999999978,0,0,0,0,0,0,0,0,0,0,0,0,0,0,0,1,0,0,0,0,0,0,0,0,0,0
CCCCCOCC,3.57,5.135555555555555,0.8647959183673469,5.135555555555555,0.8647959183673469,0.5002959280924315,116.204,100.07599999999998,116.120115132,50,0.04653905480797103,-0.38173914334608294,0.38173914334608294,0.04653905480797103,1.125,1.875,2.375,16.472174990620573,10.260152666043433,1.8201253692085746,-1.9638075849265435,1.9236204859611115,-1.9129782095336587,4.3360995159329425,0.1430863291236875,2.53006045688352,29.368065554250645,6.242640687119286,5.943782196396601,5.943782196396601,3.914213562373095,3.491563831562721,3.491563831562721,1.9040302062452232,1.9040302062452232,1.096352670420018,1.096352670420018,0.5984617125293378,0.5984617125293378,-0.04,61.499612265106904,7.96,6.96,5.959999999999999,52.04244894371607,4.736862953800049,0.0,0.0,0.0,0.0,0.0,0.0,0.0,0.0,19.765380445542643,13.344558822616634,13.213763929025836,0.0,4.736862953800049,0.0,0.0,33.10993926815928,13.213763929025836,0.0,0.0,0.0,0.0,0.0,13.213763929025836,4.736862953800049,0.0,33.10993926815928,0.0,0.0,9.23,0.0,0.0,0.0,0.0,13.213763929025836,19.26246486877803,0.0,6.923737199690624,6.923737199690624,4.736862953800049,5.135555555555555,0.0,0.0,0.0,0.0,0.0,3.8168792517006804,6.047565192743764,0.0,1.0,8,0,1,0,0,0,0,0,0,1,0,1,5,0,0,0,0,2.2131,36.017999999999994,0,0,0,0,0,0,0,0,0,0,0,0,0,0,0,1,0,0,0,0,0,0,0,0,0,3
CCOCCC(C)C,3.53,5.1443055555555555,0.7792129629629627,5.1443055555555555,0.7792129629629627,0.5107961299327568,116.204,100.07599999999998,116.120115132,50,0.04678309186159725,-0.3817286512469656,0.3817286512469656,0.04678309186159725,1.375,2.0,2.375,16.4722197170911,10.14803084044071,1.8999236264820574,-2.018302086046182,1.9728194910339543,-1.9687446351764084,4.4057618146258415,0.13583734656073132,2.7158427612932585,41.65148445440323,6.405777393935816,6.106918903213131,6.106918903213131,3.770055610029662,3.347405879219288,3.347405879219288,2.379445409770841,2.379445409770841,1.0436631119167217,1.0436631119167217,0.46337316102625564,0.46337316102625564,-0.04,48.27551104108667,7.96,5.10367816091954,5.959999999999999,52.04244894371607,4.736862953800049,0.0,0.0,0.0,0.0,0.0,0.0,0.0,0.0,13.847474399381248,19.262464868778025,13.213763929025836,0.0,4.736862953800049,0.0,5.917906046161393,27.19203322199788,13.213763929025836,0.0,0.0,0.0,0.0,0.0,13.213763929025836,4.736862953800049,5.917906046161393,27.19203322199788,0.0,0.0,9.23,0.0,0.0,0.0,0.0,19.13166997518723,6.4208216229260096,0.0,6.923737199690624,13.847474399381248,4.736862953800049,5.1443055555555555,0.0,0.0,0.0,0.7792129629629627,0.0,1.1883333333333335,8.221481481481483,0.0,1.0,8,0,1,0,0,0,0,0,0,1,0,1,4,0,0,0,0,2.069,35.94799999999999,0,0,0,0,0,0,0,0,0,0,0,0,0,0,0,1,0,0,0,0,0,0,0,0,0,1
CCCCOCCCC,3.46,5.314444444444444,0.9548611111111112,5.314444444444444,0.9548611111111112,0.5020748997224442,130.231,112.08699999999997,130.135765196,56,0.046543272315233225,-0.3814528145933262,0.3814528145933262,0.046543272315233225,0.8888888888888888,1.3333333333333333,1.6666666666666667,16.472849163469363,10.333412058370572,1.8395024414833718,-1.9905808507827512,1.9077081599186958,-1.946512816607829,4.333957112224253,0.12823474982407,2.595082706793886,37.832293921787276,6.949747468305834,6.650888977583149,6.650888977583149,4.414213562373095,3.9915638315627207,3.9915638315627207,2.3194792168823417,2.3194792168823417,1.284457050376173,1.284457050376173,0.59486135244271,0.59486135244271,-0.04,103.68791599331826,8.960000000000003,7.960000000000003,7.9600000000000035,58.40739105811268,4.736862953800049,0.0,0.0,0.0,0.0,0.0,0.0,0.0,0.0,26.689117645233267,12.841643245852019,13.213763929025836,0.0,4.736862953800049,0.0,0.0,39.53076089108528,13.213763929025836,0.0,0.0,0.0,0.0,0.0,13.213763929025836,4.736862953800049,0.0,39.53076089108528,0.0,0.0,9.23,0.0,0.0,0.0,0.0,13.213763929025836,25.683286491704038,0.0,0.0,13.847474399381248,4.736862953800049,5.314444444444444,0.0,0.0,0.0,0.0,0.0,4.908411281179138,6.277144274376417,0.0,1.0,9,0,1,0,0,0,0,0,0,1,0,1,6,0,0,0,0,2.603200000000001,40.635000000000005,0,0,0,0,0,0,0,0,0,0,0,0,0,0,0,1,0,0,0,0,0,0,0,0,0,4
CCCCCOCCCCC,3.21,5.437777777777778,0.9697959183673469,5.437777777777778,0.9697959183673469,0.4919683627504479,158.28499999999997,136.10899999999998,158.167065324,68,0.04655322398561381,-0.38145245175644565,0.38145245175644565,0.04655322398561381,0.7272727272727273,1.1818181818181819,1.5454545454545454,16.47286001714968,10.242766317324048,1.8755047053470584,-2.013005384377964,1.96970970443031,-1.9585063177078035,4.383116445127431,0.1261988558987068,2.6909155266923976,53.89311688209828,8.36396103067893,8.065102539956245,8.065102539956245,5.414213562373096,4.99156383156272,4.99156383156272,3.026585998068889,3.026585998068889,1.784457050376173,1.784457050376173,1.0103103630798287,1.0103103630798287,-0.04,292.8860629742695,10.96,9.96,9.960000000000003,71.1372752869059,4.736862953800049,0.0,0.0,0.0,0.0,0.0,0.0,0.0,0.0,39.53076089108528,12.841643245852019,13.213763929025836,0.0,4.736862953800049,0.0,0.0,52.372404136937305,13.213763929025836,0.0,0.0,0.0,0.0,0.0,13.213763929025836,4.736862953800049,0.0,52.372404136937305,0.0,0.0,9.23,0.0,0.0,0.0,0.0,13.213763929025836,38.524929737556064,0.0,0.0,13.847474399381248,4.736862953800049,5.437777777777778,0.0,0.0,0.0,0.0,0.0,7.683973765432098,6.378248456790123,0.0,1.0,11,0,1,0,0,0,0,0,0,1,0,1,8,0,0,0,0,3.3834000000000026,49.86900000000003,0,0,0,0,0,0,0,0,0,0,0,0,0,0,0,1,0,0,0,0,0,0,0,0,0,6
CC(C)CCOCCC(C)C,3.2,5.455277777777778,0.7722685185185183,5.455277777777778,0.7722685185185183,0.5396712514506112,158.285,136.10899999999998,158.167065324,68,0.046797500630105175,-0.3814314675670839,0.3814314675670839,0.046797500630105175,0.8181818181818182,1.1818181818181819,1.4545454545454546,16.4729495992498,10.13338791263996,1.9513560468253055,-2.069308469693795,2.0171829436198925,-2.0214838953280587,4.44882195552021,0.1136788820163023,2.909205095488745,66.9419624661572,8.69023444431199,8.391375953589305,8.391375953589305,5.125897657686229,4.703247926875856,4.703247926875856,3.9774164051201244,3.9774164051201244,1.6790779333695802,1.6790779333695802,0.7401332600736642,0.7401332600736642,-0.04,194.58777058351663,10.96,6.656627417550217,9.960000000000003,71.13727528690589,4.736862953800049,0.0,0.0,0.0,0.0,0.0,0.0,0.0,0.0,27.694948798762496,24.677455338174802,13.213763929025836,0.0,4.736862953800049,0.0,11.835812092322787,40.53659204461451,13.213763929025836,0.0,0.0,0.0,0.0,0.0,13.213763929025836,4.736862953800049,11.835812092322787,40.53659204461451,0.0,0.0,9.23,0.0,0.0,0.0,0.0,25.04957602134862,12.841643245852019,0.0,0.0,27.694948798762496,4.736862953800049,5.455277777777778,0.0,0.0,0.0,1.5445370370370366,0.0,2.3851095993953138,10.781742252456539,0.0,1.0,11,0,1,0,0,0,0,0,0,1,0,1,6,0,0,0,0,3.095200000000002,49.72900000000003,0,0,0,0,0,0,0,0,0,0,0,0,0,0,0,1,0,0,0,0,0,0,0,0,0,2
C1CO1,9.66,4.5,1.0,4.5,1.0,0.3490215851763434,44.053,40.021,44.026214748,18,0.07011439546557022,-0.37666763607345255,0.37666763607345255,0.07011439546557022,1.3333333333333333,1.6666666666666667,1.6666666666666667,16.56219128911242,11.010999999999994,1.9352115167924753,-1.2417647574003587,1.8429053014071384,-1.2034999999999993,4.363108021690151,0.4748919783098472,2.25,7.509775004326937,2.121320343559643,1.822461852836958,1.822461852836958,1.5,1.0773502691896257,1.0773502691896257,0.6123724356957945,0.6123724356957945,0.20412414523193148,0.20412414523193148,0.0,0.0,-0.04,8.75488750216347,1.297837837837838,0.20616508400292186,0.003402777777777784,19.21190721820381,4.736862953800049,0.0,0.0,0.0,0.0,0.0,0.0,0.0,0.0,0.0,0.0,0.0,13.213763929025836,4.736862953800049,0.0,0.0,0.0,13.213763929025836,0.0,0.0,0.0,0.0,0.0,13.213763929025836,4.736862953800049,0.0,0.0,0.0,0.0,12.53,0.0,0.0,0.0,0.0,13.213763929025836,0.0,0.0,0.0,4.736862953800049,0.0,4.5,0.0,0.0,0.0,0.0,0.0,0.0,2.0,0.0,1.0,3,0,1,0,1,1,0,0,0,1,0,1,0,0,1,1,1,0.016600000000000004,10.819,0,0,0,0,0,0,0,0,0,0,0,0,0,1,0,1,0,0,0,0,0,0,0,0,0,0
C1CCOC1,8.06,4.944444444444445,1.0,4.944444444444445,1.0,0.410937601049349,72.107,64.043,72.057514876,30,0.046638169849841704,-0.3814493819627182,0.3814493819627182,0.046638169849841704,1.0,1.6,1.8,16.478080853478218,10.39358404523885,1.9427470876857735,-1.764025781856996,1.9782597734636078,-1.743026702609948,4.431751901071205,0.19783349261359057,2.083333333333333,15.219280948873621,3.5355339059327378,3.236675415210053,3.236675415210053,2.5,2.0773502691896253,2.0773502691896253,1.319479216882342,1.319479216882342,0.8273502691896256,0.8273502691896256,0.5103103630798287,0.5103103630798287,-0.04,22.886435386960574,3.1616129032258065,1.4103121748178982,0.6183636836628511,31.941791446997026,4.736862953800049,0.0,0.0,0.0,0.0,0.0,0.0,0.0,0.0,0.0,12.841643245852019,13.213763929025836,0.0,4.736862953800049,0.0,0.0,12.841643245852019,13.213763929025836,0.0,0.0,0.0,0.0,0.0,13.213763929025836,4.736862953800049,0.0,12.841643245852019,0.0,0.0,9.23,0.0,0.0,0.0,0.0,13.213763929025836,12.841643245852019,0.0,0.0,0.0,4.736862953800049,4.944444444444445,0.0,0.0,0.0,0.0,0.0,2.5555555555555554,2.0,0.0,1.0,5,0,1,0,1,1,0,0,0,1,0,1,0,0,1,1,1,0.7968,20.052999999999997,0,0,0,0,0,0,0,0,0,0,0,0,0,0,0,1,0,0,0,0,0,0,0,0,0,0
C1CCOCC1,7.62,5.069444444444445,1.0,5.069444444444445,1.0,0.42994002180165675,86.134,76.054,86.07316494,36,0.04655485505248134,-0.3814524244186342,0.3814524244186342,0.04655485505248134,0.8333333333333334,1.5,1.6666666666666667,16.47409737004025,10.212503090659888,1.9448198809346338,-2.0754199407182474,2.0149842435977825,-2.025069148100972,4.447718102014309,0.09682559917152184,2.0,19.40990953421706,4.242640687119286,3.9437821963966004,3.9437821963966004,3.0,2.5773502691896253,2.5773502691896253,1.6730326074756157,1.6730326074756157,1.0773502691896255,1.0773502691896255,0.6870870583764656,0.6870870583764656,-0.04,34.3994618804395,4.127785234899329,2.189674338993739,0.9767560019818928,38.30673356139363,4.736862953800049,0.0,0.0,0.0,0.0,0.0,0.0,0.0,0.0,0.0,19.26246486877803,13.213763929025836,0.0,4.736862953800049,0.0,0.0,19.26246486877803,13.213763929025836,0.0,0.0,0.0,0.0,0.0,13.213763929025836,4.736862953800049,0.0,19.26246486877803,0.0,0.0,9.23,0.0,0.0,0.0,0.0,13.213763929025836,19.26246486877803,0.0,0.0,0.0,4.736862953800049,5.069444444444445,0.0,0.0,0.0,0.0,0.0,3.9305555555555554,2.0,0.0,1.0,6,0,1,0,1,1,0,0,0,1,0,1,0,0,1,1,1,1.1869,24.66999999999999,0,0,0,0,0,0,0,0,0,0,0,0,0,0,0,1,0,0,0,0,0,0,0,0,0,0
COC1=CC=CC=C1,4.18,4.914166666666667,0.9097222222222223,4.914166666666667,0.9097222222222223,0.5316253154127668,108.13999999999997,100.07599999999998,108.057514876,42,0.11835771513702235,-0.4967685686134767,0.4967685686134767,0.11835771513702235,1.125,1.75,2.125,16.465240463867097,10.341905912721627,1.7971474404811068,-1.9345412245137041,2.0496311270648704,-1.779639062125714,5.198905536384115,0.4145702171982055,2.8320858350070908,145.73281445033504,5.819990956308912,4.794999636411992,4.794999636411992,3.931851652578137,2.5230560382187543,2.5230560382187543,1.5171766748170736,1.5171766748170736,0.9789074255654433,0.9789074255654433,0.5565779913075294,0.5565779913075294,-0.9800000000000001,91.36757727918736,5.162450142450142,2.3586048594225155,0.9971092570832982,48.90989046340045,4.736862953800049,5.749511833283905,0.0,0.0,0.0,0.0,0.0,0.0,0.0,18.19910120538483,12.13273413692322,0.0,7.109797541277533,4.736862953800049,0.0,0.0,0.0,7.109797541277533,30.33183534230805,5.749511833283905,4.736862953800049,0.0,5.749511833283905,7.109797541277533,0.0,0.0,0.0,30.33183534230805,0.0,9.23,0.0,0.0,0.0,0.0,5.749511833283905,0.0,7.109797541277533,30.33183534230805,0.0,4.736862953800049,4.914166666666667,0.0,0.0,0.0,0.9097222222222223,9.680740740740742,0.0,0.0,1.662037037037037,0.14285714285714285,8,0,1,0,0,0,1,0,1,1,0,1,1,0,0,0,1,1.6952,32.99399999999999,0,0,0,0,0,0,0,0,0,0,0,1,0,0,0,1,0,0,0,0,1,1,0,0,0,0
CC1=CC=CC=C1OC,4.03,5.044953703703704,0.9560185185185187,5.044953703703704,0.9560185185185187,0.5532379862472909,122.16699999999999,112.08699999999997,122.07316494,48,0.12126196245781415,-0.4964893528963514,0.4964893528963514,0.12126196245781415,1.2222222222222223,1.8888888888888888,2.3333333333333335,16.46572834378395,10.211120785944088,1.903370921813003,-2.001712222522183,2.137867700309882,-1.8364342242876108,5.308193296514969,0.4114739816904764,3.0065240073265844,193.51405299160075,6.69023444431199,5.717649367222366,5.717649367222366,4.342535255101096,2.939722704885421,2.939722704885421,1.969621130028365,1.969621130028365,1.3135076570776052,1.3135076570776052,0.7854529994359876,0.7854529994359876,-0.98,130.65102508867633,6.144688279301746,2.533930223385564,1.2244346499594405,55.274832577797056,4.736862953800049,5.749511833283905,0.0,0.0,0.0,0.0,0.0,0.0,0.0,18.19910120538483,18.55355575984923,0.0,7.109797541277533,4.736862953800049,0.0,0.0,6.923737199690624,7.109797541277533,29.828919765543436,5.749511833283905,4.736862953800049,0.0,5.749511833283905,7.109797541277533,0.0,6.923737199690624,5.563451491696996,24.26546827384644,0.0,9.23,0.0,0.0,0.0,0.0,5.749511833283905,5.563451491696996,7.109797541277533,31.18920547353706,0.0,4.736862953800049,5.044953703703704,0.0,0.0,1.1805555555555558,0.9560185185185187,7.942314814814814,0.0,2.0266203703703702,1.6828703703703702,0.25,9,0,1,0,0,0,1,0,1,1,0,1,1,0,0,0,1,2.0036199999999997,37.73100000000001,0,0,0,0,0,0,0,0,0,0,1,1,0,0,0,1,0,0,0,0,1,1,0,0,0,0
CC1=CC(=CC=C1)OC,3.92,4.995,0.9259259259259262,4.995,0.9259259259259262,0.5532379862472909,122.16699999999997,112.08699999999997,122.07316494,48,0.11862252697125092,-0.49675814851100386,0.49675814851100386,0.11862252697125092,1.3333333333333333,2.111111111111111,2.5555555555555554,16.465266773722185,10.222102286330378,1.8619545389181489,-1.9733519359127354,2.098651003518476,-1.808057701799672,5.265080260875718,0.4142456569668184,2.936866102336592,193.51405299160075,6.69023444431199,5.717649367222366,5.717649367222366,4.325698502695488,2.933739640741713,2.933739640741713,2.0206309985110225,2.0206309985110225,1.2252402873288626,1.2252402873288626,0.7423164919189007,0.7423164919189007,-0.98,126.05435680455047,6.144688279301746,2.533930223385564,1.4567376919048354,55.274832577797056,4.736862953800049,5.749511833283905,0.0,0.0,0.0,0.0,0.0,0.0,0.0,12.13273413692322,24.619922828310838,0.0,7.109797541277533,4.736862953800049,0.0,0.0,6.923737199690624,7.109797541277533,29.828919765543436,5.749511833283905,4.736862953800049,0.0,5.749511833283905,7.109797541277533,0.0,6.923737199690624,5.563451491696996,24.26546827384644,0.0,9.23,0.0,0.0,0.0,0.0,5.749511833283905,5.563451491696996,7.109797541277533,31.18920547353706,0.0,4.736862953800049,4.995,0.0,0.0,1.2308796296296298,0.9259259259259262,7.961990740740741,0.0,2.0441666666666665,1.6753703703703704,0.25,9,0,1,0,0,0,1,0,1,1,0,1,1,0,0,0,1,2.0036199999999997,37.73100000000001,0,0,0,0,0,0,0,0,0,0,1,1,0,0,0,1,0,0,0,0,1,0,0,0,0,0
CC1=CC=C(C=C1)OC,3.94,4.969166666666666,0.9172222222222224,4.969166666666666,0.9172222222222224,0.5532379862472909,122.16699999999999,112.08699999999997,122.07316494,48,0.11837738457272944,-0.49676822175454044,0.49676822175454044,0.11837738457272944,1.1111111111111112,1.6666666666666667,2.111111111111111,16.46524673659835,10.225114531068288,1.8507724978319329,-1.965882890887034,2.088570334205118,-1.8009364076282444,5.253801282808621,0.4144614543051068,2.8815558776461367,176.26405299160075,6.69023444431199,5.717649367222366,5.717649367222366,4.325698502695489,2.933739640741713,2.933739640741713,2.017176674817074,2.017176674817074,1.2566852033432208,1.2566852033432208,0.6743520127395849,0.6743520127395849,-0.98,129.22533870330605,6.144688279301746,2.533930223385564,1.4567376919048354,55.274832577797056,4.736862953800049,5.749511833283905,0.0,0.0,0.0,0.0,0.0,0.0,0.0,17.696185628620217,19.056471336613843,0.0,7.109797541277533,4.736862953800049,0.0,0.0,6.923737199690624,7.109797541277533,29.828919765543436,5.749511833283905,4.736862953800049,0.0,5.749511833283905,7.109797541277533,0.0,6.923737199690624,5.563451491696996,24.26546827384644,0.0,9.23,0.0,0.0,0.0,0.0,5.749511833283905,5.563451491696996,7.109797541277533,24.26546827384644,6.923737199690624,4.736862953800049,4.969166666666666,0.0,0.0,1.2600000000000002,0.9172222222222224,7.960648148148148,0.0,2.055,1.6712962962962963,0.25,9,0,1,0,0,0,1,0,1,1,0,1,1,0,0,0,1,2.0036199999999997,37.73100000000001,0,0,0,0,0,0,0,0,0,0,1,1,0,0,0,1,0,0,0,0,1,0,0,0,0,0
CCOC1=CC=CC=C1,3.84,5.2058333333333335,0.7400925925925926,5.2058333333333335,0.7400925925925926,0.5832071586937729,122.16699999999996,112.08699999999997,122.07316494,48,0.11876930548015822,-0.49389011429960394,0.49389011429960394,0.11876930548015822,1.2222222222222223,1.8888888888888888,2.4444444444444446,16.476003995268037,10.338990687468797,1.8328895846066993,-1.9861953922823012,2.0637466656506582,-1.8880488950856402,5.201365463441659,0.34003308027213747,2.61489994009295,157.4784207656209,6.52709773749546,5.50210641759854,5.50210641759854,4.431851652578137,3.1105896635362518,3.1105896635362518,1.7460652314773615,1.7460652314773615,1.0542093991340007,1.0542093991340007,0.6833869393511794,0.6833869393511794,-0.9800000000000001,145.16653667335345,6.144688279301746,3.1269217948780974,1.7620129800279678,55.274832577797056,4.736862953800049,5.749511833283905,0.0,0.0,0.0,0.0,0.0,0.0,0.0,18.19910120538483,19.056471336613843,0.0,6.606881964512918,4.736862953800049,0.0,0.0,6.923737199690624,6.606881964512918,30.33183534230805,5.749511833283905,4.736862953800049,0.0,5.749511833283905,6.606881964512918,0.0,0.0,6.923737199690624,30.33183534230805,0.0,9.23,0.0,0.0,0.0,0.0,12.356393797796823,0.0,0.0,37.255572541998674,0.0,4.736862953800049,5.2058333333333335,0.0,0.0,0.0,0.9444444444444446,9.79712962962963,0.0,2.7192592592592595,0.0,0.25,9,0,1,0,0,0,1,0,1,1,0,1,2,0,0,0,1,2.0853,37.61100000000001,0,0,0,0,0,0,0,0,0,0,0,1,0,0,0,1,0,0,0,0,0,1,0,0,0,0
COC=O,9.77,8.95138888888889,0.375,8.95138888888889,0.375,0.39122582473304857,60.05200000000001,56.02,60.021129368000004,24,0.29229926118868244,-0.47122144651324294,0.47122144651324294,0.29229926118868244,2.0,2.25,2.25,16.507215603563868,11.504441992047042,1.4400368443510951,-1.666250135997895,1.3497095476217214,-1.67798453203007,5.3577601396717425,-0.12552598146619626,2.2968352619191386,18.0,3.414213562373095,2.393846850117352,2.393846850117352,1.914213562373095,0.8796528112548949,0.8796528112548949,0.33192730526045355,0.33192730526045355,0.09622504486493766,0.09622504486493766,0.0,0.0,-0.53,6.854752972273345,3.4699999999999998,2.4699999999999993,1.4699999999999982,24.379260471776803,4.736862953800049,0.0,0.0,6.472220864716464,0.0,4.794537184071822,0.0,0.0,0.0,0.0,0.0,0.0,7.109797541277533,9.53140013787187,6.472220864716464,0.0,0.0,7.109797541277533,0.0,0.0,0.0,0.0,0.0,13.582018405993997,9.53140013787187,0.0,0.0,0.0,0.0,26.3,0.0,0.0,0.0,6.472220864716464,0.0,7.109797541277533,0.0,0.0,4.736862953800049,4.794537184071822,3.861111111111111,8.95138888888889,0.0,0.0,0.0,0.0,0.0,0.375,1.3125,0.5,4,0,2,0,0,0,0,0,0,2,0,2,1,0,0,0,0,-0.2108000000000001,13.073,0,0,0,0,0,0,1,1,0,0,0,0,0,0,0,1,0,0,0,0,1,0,0,0,0,0
CCOC=O,7.96,9.182638888888889,0.4305555555555556,9.182638888888889,0.4305555555555556,0.43656455010269035,74.07900000000001,68.03099999999999,74.036779432,30,0.2925654199437486,-0.46819518164403584,0.46819518164403584,0.2925654199437486,2.0,2.6,2.6,16.516309308338048,10.883385014889067,1.6039718390313007,-1.7943348616310786,1.5491966306511697,-1.803951012140935,5.361538885172828,-0.1276935876884935,2.4017152226171965,26.07403392114697,4.121320343559642,3.1009536313038994,3.1009536313038994,2.414213562373095,1.4671864365723921,1.4671864365723921,0.5515668461264173,0.5515668461264173,0.2347080484106439,0.2347080484106439,0.0680413817439772,0.0680413817439772,-0.53,11.245112497836532,4.469999999999999,3.4699999999999998,3.469999999999999,30.744202586173408,4.736862953800049,0.0,0.0,6.472220864716464,0.0,4.794537184071822,0.0,0.0,0.0,0.0,6.923737199690624,0.0,6.606881964512918,9.53140013787187,6.472220864716464,0.0,6.923737199690624,6.606881964512918,0.0,0.0,0.0,0.0,0.0,13.079102829229381,9.53140013787187,0.0,6.923737199690624,0.0,0.0,26.3,0.0,4.794537184071822,0.0,13.079102829229381,0.0,0.0,6.923737199690624,0.0,4.736862953800049,0.0,4.152777777777778,9.182638888888889,0.0,0.0,0.0,0.0,0.0,2.664583333333333,0.0,0.6666666666666666,5,0,2,0,0,0,0,0,0,2,0,2,2,0,0,0,0,0.17930000000000001,17.689999999999998,0,0,0,0,0,0,1,1,0,0,0,0,0,0,0,1,0,0,0,0,0,0,0,0,0,0
CCCOC=O,6.82,9.341527777777777,0.4618055555555556,9.341527777777777,0.4618055555555556,0.37212291456454344,88.10599999999998,80.042,88.052429496,36,0.2925753483471992,-0.46791203855956276,0.46791203855956276,0.2925753483471992,1.8333333333333333,2.5,2.6666666666666665,16.516841510438685,10.539382035043038,1.7112053324308492,-1.861193116859676,1.712419713256837,-1.8568495855535254,5.36221374634295,-0.12819174663100488,2.4884037718761123,34.529325012980806,4.82842712474619,3.808060412490447,3.808060412490447,2.914213562373095,1.9671864365723921,1.9671864365723921,0.9670158567635357,0.9670158567635357,0.3900166571736666,0.3900166571736666,0.16596365263022675,0.16596365263022675,-0.53,20.986300857070454,5.469999999999999,4.469999999999999,3.4699999999999998,37.10914470057002,4.736862953800049,0.0,0.0,6.472220864716464,0.0,4.794537184071822,0.0,0.0,0.0,6.923737199690624,6.4208216229260096,0.0,6.606881964512918,9.53140013787187,6.472220864716464,0.0,13.344558822616634,6.606881964512918,0.0,0.0,0.0,0.0,0.0,13.079102829229381,9.53140013787187,0.0,13.344558822616634,0.0,0.0,26.3,0.0,4.794537184071822,0.0,13.079102829229381,6.4208216229260096,0.0,0.0,6.923737199690624,4.736862953800049,0.0,4.302083333333334,9.341527777777777,0.0,0.0,0.0,0.0,0.9015277777777778,2.9548611111111107,0.0,0.75,6,0,2,0,0,0,0,0,0,2,0,2,3,0,0,0,0,0.5694,22.306999999999995,0,0,0,0,0,0,1,1,0,0,0,0,0,0,0,1,0,0,0,0,0,0,0,0,0,1
CCCCOC=O,6.16,9.457457482993197,0.4818055555555556,9.457457482993197,0.4818055555555556,0.3900893193176149,102.13299999999998,92.05299999999998,102.06807956,42,0.2925755176100331,-0.46790117334695996,0.46790117334695996,0.2925755176100331,1.7142857142857142,2.4285714285714284,2.857142857142857,16.516880381122586,10.362542348869795,1.777653519769947,-1.9029675485354698,1.8327208842311973,-1.8809549826891248,5.362346989700931,-0.1282850441478533,2.558780869327957,43.34481288877288,5.535533905932738,4.515167193676994,4.515167193676994,3.414213562373095,2.4671864365723923,2.4671864365723923,1.3205692473568096,1.3205692473568096,0.6837834698324152,0.6837834698324152,0.2757834230632086,0.2757834230632086,-0.53,35.509609925153406,6.47,5.469999999999999,5.47,43.474086814966626,4.736862953800049,0.0,0.0,6.472220864716464,0.0,4.794537184071822,0.0,0.0,0.0,13.344558822616634,6.4208216229260096,0.0,6.606881964512918,9.53140013787187,6.472220864716464,0.0,19.765380445542643,6.606881964512918,0.0,0.0,0.0,0.0,0.0,13.079102829229381,9.53140013787187,0.0,19.765380445542643,0.0,0.0,26.3,0.0,4.794537184071822,0.0,13.079102829229381,12.841643245852019,0.0,0.0,6.923737199690624,4.736862953800049,0.0,4.3933333333333335,9.457457482993197,0.0,0.0,0.0,0.0,2.0481944444444444,3.101014739229025,0.0,0.8,7,0,2,0,0,0,0,0,0,2,0,2,4,0,0,0,0,0.9595,26.923999999999985,0,0,0,0,0,0,1,1,0,0,0,0,0,0,0,1,0,0,0,0,0,0,0,0,0,2
CCCCCOC=O,5.79,9.54578656462585,0.49569444444444444,9.54578656462585,0.49569444444444444,0.4000613909828066,116.15999999999998,104.06399999999998,116.083729624,48,0.2925755189554515,-0.46790098761435744,0.46790098761435744,0.2925755189554515,1.5,2.25,2.75,16.516885676051963,10.26121570223693,1.8202069473711877,-1.9319143150290408,1.9148185977215246,-1.8929506016075561,5.362379162154379,-0.12831087793974652,2.616293090417985,52.49022499567306,6.242640687119286,5.222273974863542,5.222273974863542,3.914213562373095,2.9671864365723923,2.9671864365723923,1.674122637950083,1.674122637950083,0.9337834698324152,0.9337834698324152,0.48350792838176787,0.48350792838176787,-0.53,61.499612265106904,7.470000000000001,6.47,5.469999999999999,49.83902892936323,4.736862953800049,0.0,0.0,6.472220864716464,0.0,4.794537184071822,0.0,0.0,0.0,19.765380445542643,6.4208216229260096,0.0,6.606881964512918,9.53140013787187,6.472220864716464,0.0,26.186202068468653,6.606881964512918,0.0,0.0,0.0,0.0,0.0,13.079102829229381,9.53140013787187,0.0,26.186202068468653,0.0,0.0,26.3,0.0,4.794537184071822,0.0,13.079102829229381,12.841643245852019,6.4208216229260096,0.0,0.0,11.660600153490673,0.0,4.455,9.54578656462585,0.0,0.0,0.0,0.0,3.310810657596372,3.1884027777777773,0.0,0.8333333333333334,8,0,2,0,0,0,0,0,0,2,0,2,5,0,0,0,0,1.3496,31.540999999999983,0,0,0,0,0,0,1,1,0,0,0,0,0,0,0,1,0,0,0,0,0,0,0,0,0,3
CC(=O)OC,7.03,9.590277777777779,-0.24537037037037002,9.590277777777779,0.24537037037037002,0.38296659073251405,74.07900000000001,68.031,74.036779432,30,0.3018471669894446,-0.46919810705104836,0.46919810705104836,0.3018471669894446,1.8,2.0,2.0,16.522022615331466,10.833750311743813,1.752248095909371,-1.8043066100873448,1.5985862655729954,-1.8811948381223964,5.650646146969499,-0.1374500448790443,2.8473789230876716,40.1577218810798,4.284457050376173,3.3164965809277263,3.3164965809277263,2.270055610029662,1.3164965809277263,1.3164965809277263,0.695705769029128,0.695705769029128,0.2874574785652649,0.2874574785652649,0.0,0.0,-0.53,9.65148445440323,4.469999999999999,1.7581844380403455,3.469999999999999,30.74420258617341,4.736862953800049,0.0,0.0,0.0,5.969305287951849,4.794537184071822,0.0,0.0,0.0,0.0,0.0,6.923737199690624,7.109797541277533,9.53140013787187,5.969305287951849,0.0,6.923737199690624,7.109797541277533,0.0,0.0,0.0,0.0,0.0,13.079102829229383,9.53140013787187,0.0,6.923737199690624,0.0,0.0,26.3,0.0,4.794537184071822,5.969305287951849,0.0,0.0,14.033534740968157,0.0,0.0,4.736862953800049,0.0,4.111111111111111,9.590277777777779,0.0,0.0,-0.24537037037037002,0.0,0.0,1.3611111111111112,1.349537037037037,0.6666666666666666,5,0,2,0,0,0,0,0,0,2,0,2,0,0,0,0,0,0.17930000000000001,17.689999999999998,0,0,0,0,0,0,1,1,0,0,0,0,0,0,1,1,0,0,0,0,1,0,0,0,0,0
CCOC(=O)C,6.13,9.821527777777778,-0.21064814814814792,9.821527777777778,0.21064814814814792,0.43785087777866244,88.106,80.04199999999999,88.052429496,36,0.30211277772699074,-0.4661718899744166,0.4661718899744166,0.30211277772699074,1.8333333333333333,2.3333333333333335,2.3333333333333335,16.530890923521223,10.769902048584518,1.8115671919809484,-1.889767490050901,1.6913973775510132,-1.9485172088790033,5.652796097040713,-0.13988766123000762,2.831257109931365,49.50977500432694,4.99156383156272,4.023603362114274,4.023603362114274,2.770055610029662,1.9040302062452235,1.9040302062452235,0.9245943256894159,0.9245943256894159,0.3476006996936919,0.3476006996936919,0.20326313239628543,0.20326313239628543,-0.53,14.834466856136647,5.469999999999999,2.693713646532438,3.4699999999999998,37.10914470057002,4.736862953800049,0.0,0.0,0.0,5.969305287951849,4.794537184071822,0.0,0.0,0.0,0.0,6.923737199690624,6.923737199690624,6.606881964512918,9.53140013787187,5.969305287951849,0.0,13.847474399381248,6.606881964512918,0.0,0.0,0.0,0.0,0.0,12.576187252464766,9.53140013787187,0.0,13.847474399381248,0.0,0.0,26.3,0.0,4.794537184071822,5.969305287951849,6.606881964512918,0.0,6.923737199690624,6.923737199690624,0.0,4.736862953800049,0.0,4.402777777777778,9.821527777777778,0.0,0.0,-0.21064814814814792,0.0,0.0,3.6530092592592593,0.0,0.75,6,0,2,0,0,0,0,0,0,2,0,2,1,0,0,0,0,0.5694,22.30699999999999,0,0,0,0,0,0,1,1,0,0,0,0,0,0,1,1,0,0,0,0,0,0,0,0,0,0
CCCOC(=O)C,5.55,9.980416666666667,-0.19273148148148112,9.980416666666667,0.19273148148148112,0.485245073645189,102.13299999999998,92.053,102.06807956,42,0.30212269736284525,-0.46588873984264995,0.46588873984264995,0.30212269736284525,1.7142857142857142,2.2857142857142856,2.4285714285714284,16.531408331943243,10.528939624075898,1.8500423804115531,-1.9332241587368821,1.7801275070333524,-1.9752776021580392,5.653106011739281,-0.14043901473445955,2.8219389370591843,59.10049400592804,5.698670612749268,4.730710143300821,4.730710143300821,3.270055610029662,2.4040302062452232,2.4040302062452232,1.3400433363265343,1.3400433363265343,0.5094493502441827,0.5094493502441827,0.24579081189859814,0.24579081189859814,-0.53,29.01955000865388,6.47,3.6528153564899446,5.47,43.47408681496663,4.736862953800049,0.0,0.0,0.0,5.969305287951849,4.794537184071822,0.0,0.0,0.0,6.923737199690624,6.4208216229260096,6.923737199690624,6.606881964512918,9.53140013787187,5.969305287951849,0.0,20.268296022307258,6.606881964512918,0.0,0.0,0.0,0.0,0.0,12.576187252464766,9.53140013787187,0.0,20.268296022307258,0.0,0.0,26.3,0.0,4.794537184071822,5.969305287951849,6.606881964512918,6.4208216229260096,6.923737199690624,0.0,6.923737199690624,4.736862953800049,0.0,4.552083333333334,9.980416666666667,0.0,0.0,-0.19273148148148112,0.0,0.9023611111111111,3.924537037037037,0.0,0.8,7,0,2,0,0,0,0,0,0,2,0,2,2,0,0,0,0,0.9595,26.923999999999985,0,0,0,0,0,0,1,1,0,0,0,0,0,0,1,1,0,0,0,0,0,0,0,0,0,0
CCCCOC(=O)C,5.11,10.096346371882085,-0.18199074074074062,10.096346371882085,0.18199074074074062,0.4106841127563541,116.15999999999998,104.06399999999998,116.083729624,48,0.3021228665755719,-0.46587787390632607,0.46587787390632607,0.3021228665755719,1.625,2.25,2.625,16.531446401176886,10.359489559118819,1.8756739672666687,-1.9592890193015746,1.8631937201423308,-1.9862710529642575,5.6531593391498305,-0.14054059256939685,2.822354554248032,68.92878689342031,6.405777393935816,5.437816924487368,5.437816924487368,3.770055610029662,2.9040302062452232,2.9040302062452232,1.693596726919808,1.693596726919808,0.8032161629029312,0.8032161629029312,0.36023509022874206,0.36023509022874206,-0.53,48.27551104108667,7.470000000000001,4.624559505409582,5.469999999999999,49.83902892936323,4.736862953800049,0.0,0.0,0.0,5.969305287951849,4.794537184071822,0.0,0.0,0.0,13.344558822616634,6.4208216229260096,6.923737199690624,6.606881964512918,9.53140013787187,5.969305287951849,0.0,26.689117645233267,6.606881964512918,0.0,0.0,0.0,0.0,0.0,12.576187252464766,9.53140013787187,0.0,26.689117645233267,0.0,0.0,26.3,0.0,4.794537184071822,5.969305287951849,6.606881964512918,12.841643245852019,6.923737199690624,0.0,0.0,11.660600153490673,0.0,4.6433333333333335,10.096346371882085,0.0,0.0,-0.18199074074074062,0.0,2.0484722222222222,4.060505479969766,0.0,0.8333333333333334,8,0,2,0,0,0,0,0,0,2,0,2,3,0,0,0,0,1.3496000000000001,31.540999999999983,0,0,0,0,0,0,1,1,0,0,0,0,0,0,1,1,0,0,0,0,0,0,0,0,0,1
CC(C)COC(=O)C,5.07,10.125972222222222,-0.1956481481481478,10.125972222222222,0.1956481481481478,0.506664866588942,116.15999999999998,104.06399999999998,116.083729624,48,0.30213268586701464,-0.46560442645794653,0.46560442645794653,0.30213268586701464,1.625,2.125,2.25,16.53198487092694,10.242421109498654,1.9411442370535046,-2.018597533145737,1.907625352239733,-2.049352700770259,5.653417431900272,-0.1414895270715717,3.0500782919131915,76.59772060569361,6.568914100752346,5.6009536313038994,5.6009536313038994,3.625897657686229,2.7598722539017904,2.7598722539017904,2.196432707878621,2.196432707878621,0.6199297990629521,0.6199297990629521,0.2840206908719886,0.2840206908719886,-0.53,40.339203954130696,7.470000000000001,3.4692670369115906,5.469999999999999,49.83902892936323,4.736862953800049,0.0,0.0,0.0,5.969305287951849,4.794537184071822,0.0,0.0,0.0,13.847474399381248,5.917906046161393,6.923737199690624,6.606881964512918,9.53140013787187,5.969305287951849,5.917906046161393,20.771211599071872,6.606881964512918,0.0,0.0,0.0,0.0,0.0,12.576187252464766,9.53140013787187,5.917906046161393,20.771211599071872,0.0,0.0,26.3,0.0,4.794537184071822,5.969305287951849,12.52478801067431,0.0,6.923737199690624,0.0,13.847474399381248,4.736862953800049,0.0,4.664351851851852,10.125972222222222,0.0,0.0,0.24777777777777799,0.0,0.0,5.961898148148149,0.0,0.8333333333333334,8,0,2,0,0,0,0,0,0,2,0,2,2,0,0,0,0,1.2055,31.470999999999982,0,0,0,0,0,0,1,1,0,0,0,0,0,0,1,1,0,0,0,0,0,0,0,0,0,0
CCC(C)OC(=O)C,5.06,10.190833333333334,-0.195046296296296,10.190833333333334,0.07638888888888862,0.5088591538782314,116.15999999999998,104.06399999999998,116.083729624,48,0.30238904886416573,-0.4628724496596981,0.4628724496596981,0.30238904886416573,1.75,2.25,2.375,16.541235322436723,10.311792939120027,1.9853115768394571,-2.061122888054467,1.9389291031132838,-2.09427668562634,5.6557757642842486,-0.14502716089105558,3.2364267831001374,78.59772060569361,6.568914100752346,5.6009536313038994,5.6009536313038994,3.663902460147014,2.836655891699415,2.836655891699415,1.828298261984863,1.828298261984863,0.9420630732918478,0.9420630732918478,0.366651010168882,0.366651010168882,-0.53,42.84459140699416,7.470000000000001,3.4692670369115906,3.6528153564899446,49.83902892936323,4.736862953800049,0.0,0.0,0.0,5.969305287951849,4.794537184071822,0.0,0.0,0.0,6.923737199690624,13.344558822616634,6.923737199690624,6.103966387748303,9.53140013787187,5.969305287951849,0.0,33.29599960974618,0.0,0.0,0.0,0.0,0.0,0.0,12.073271675700152,9.53140013787187,0.0,27.19203322199788,0.0,0.0,26.3,0.0,4.794537184071822,12.073271675700152,0.0,6.4208216229260096,6.923737199690624,0.0,13.847474399381248,0.0,4.736862953800049,4.760416666666667,10.190833333333334,0.0,0.0,-0.195046296296296,0.0,0.9648611111111108,5.278935185185185,0.0,0.8333333333333334,8,0,2,0,0,0,0,0,0,2,0,2,2,0,0,0,0,1.3479999999999999,31.518999999999984,0,0,0,0,0,0,1,1,0,0,0,0,0,0,1,1,0,0,0,0,0,0,0,0,0,0
CC(=O)OC(C)(C)C,5.07,10.237152777777778,-0.3275462962962963,10.237152777777778,0.22453703703703654,0.44638543206941245,116.16,104.064,116.083729624,48,0.3026461161791004,-0.4601506704482133,0.4601506704482133,0.3026461161791004,1.375,1.75,1.75,16.55147840991656,10.177137236937286,2.1120006391078503,-2.168894577540312,2.050470457988942,-2.2125150955635053,5.659072780247326,-0.15140380678986948,3.5512529243669313,89.19188266301451,6.784457050376173,5.816496580927726,5.816496580927726,3.4165022194363885,2.6123724356957947,2.6123724356957947,2.7060161321089566,2.7060161321089566,0.44991495713052976,0.44991495713052976,0.43118621784789735,0.43118621784789735,-0.53,23.005390496014627,7.470000000000001,2.158633811658892,5.469999999999999,49.83902892936323,4.736862953800049,5.601050810983688,0.0,0.0,5.969305287951849,4.794537184071822,0.0,0.0,0.0,0.0,20.771211599071872,6.923737199690624,0.0,9.53140013787187,5.969305287951849,0.0,33.29599960974618,0.0,0.0,0.0,0.0,0.0,0.0,11.570356098935537,9.53140013787187,0.0,27.694948798762496,0.0,0.0,26.3,0.0,4.794537184071822,11.570356098935537,0.0,0.0,6.923737199690624,0.0,20.771211599071872,0.0,4.736862953800049,4.798611111111111,10.237152777777778,0.0,-0.3275462962962963,-0.22453703703703654,0.0,0.0,6.932986111111111,0.0,0.8333333333333334,8,0,2,0,0,0,0,0,0,2,0,2,0,0,0,0,0,1.3479999999999999,31.518999999999984,0,0,0,0,0,0,1,1,0,0,0,0,0,0,1,1,0,0,0,0,0,0,0,0,0,0
CCCCCOC(=O)C,4.76,10.184675453514739,-0.17490457294028694,10.184675453514739,0.17490457294028694,0.4277197407264159,130.18699999999998,116.07499999999997,130.099379688,54,0.3021228679209696,-0.4658776881575565,0.4658776881575565,0.3021228679209696,1.4444444444444444,2.111111111111111,2.5555555555555554,16.531451740383403,10.259840941051534,1.893280598165248,-1.9768003008082362,1.9298861802459668,-1.9910506667858903,5.653172443634007,-0.14056845918091312,2.8288681349096856,78.98533616859814,7.112884175122364,6.144923705673916,6.144923705673916,4.270055610029662,3.4040302062452237,3.4040302062452237,2.0471501175130817,2.0471501175130817,1.0532161629029313,1.0532161629029313,0.5679595955473014,0.5679595955473014,-0.53,84.62711413110172,8.470000000000002,5.603868808567606,7.470000000000003,56.20397104375984,4.736862953800049,0.0,0.0,0.0,5.969305287951849,4.794537184071822,0.0,0.0,0.0,19.765380445542643,6.4208216229260096,6.923737199690624,6.606881964512918,9.53140013787187,5.969305287951849,0.0,33.10993926815928,6.606881964512918,0.0,0.0,0.0,0.0,0.0,12.576187252464766,9.53140013787187,0.0,33.10993926815928,0.0,0.0,26.3,0.0,4.794537184071822,5.969305287951849,6.606881964512918,12.841643245852019,13.344558822616634,0.0,0.0,6.923737199690624,4.736862953800049,4.705,10.184675453514739,0.0,0.0,-0.17490457294028694,0.0,3.3101436130007555,4.141752173091459,0.0,0.8571428571428571,9,0,2,0,0,0,0,0,0,2,0,2,4,0,0,0,0,1.7397,36.157999999999994,0,0,0,0,0,0,1,1,0,0,0,0,0,0,1,1,0,0,0,0,0,0,0,0,0,2
CC(C)CCOC(=O)C,4.73,10.203016817838247,-0.1845833333333331,10.203016817838247,0.1845833333333331,0.5422095914375367,130.18699999999998,116.07499999999997,130.099379688,54,0.302123037200498,-0.46586693130001083,0.46586693130001083,0.302123037200498,1.5555555555555556,2.111111111111111,2.4444444444444446,16.531488868847255,10.147848492306348,1.944482630675683,-2.0246988032162596,1.9774239153374735,-2.0231833016067835,5.653214887751465,-0.1407376222810253,3.006105030052141,86.91694057588533,7.276020881938894,6.3080604124904465,6.3080604124904465,4.125897657686229,3.259872253901791,3.259872253901791,2.5225653210386993,2.5225653210386993,1.000526604399635,1.000526604399635,0.4383565647770272,0.4383565647770272,-0.53,65.1469510314125,8.470000000000002,4.3587538349811625,7.470000000000003,56.20397104375984,4.736862953800049,0.0,0.0,0.0,5.969305287951849,4.794537184071822,0.0,0.0,0.0,13.847474399381248,12.338727669087403,6.923737199690624,6.606881964512918,9.53140013787187,5.969305287951849,5.917906046161393,27.19203322199788,6.606881964512918,0.0,0.0,0.0,0.0,0.0,12.576187252464766,9.53140013787187,5.917906046161393,27.19203322199788,0.0,0.0,26.3,0.0,4.794537184071822,5.969305287951849,12.52478801067431,6.4208216229260096,6.923737199690624,0.0,0.0,13.847474399381248,4.736862953800049,4.71375,10.203016817838247,0.0,0.0,0.4305555555555556,0.0,0.9579166666666666,6.194760959939531,0.0,0.8571428571428571,9,0,2,0,0,0,0,0,0,2,0,2,3,0,0,0,0,1.5956000000000001,36.087999999999994,0,0,0,0,0,0,1,1,0,0,0,0,0,0,1,1,0,0,0,0,0,0,0,0,0,0
CCCCCCOC(=O)C,4.49,10.254216348576467,-0.16990882464096724,10.254216348576467,0.16990882464096724,0.4361738106721368,144.214,128.08599999999998,144.115029752,60,0.30212286792609416,-0.4658776866736629,0.4658776866736629,0.30212286792609416,1.3,2.0,2.5,16.53145373435968,10.197248395616178,1.9058317994878777,-1.9892951582536134,1.9791098415290036,-1.9931847431938166,5.653177753213091,-0.14057149052918227,2.838589121813916,89.25838096618138,7.819990956308912,6.852030486860464,6.852030486860464,4.770055610029662,3.9040302062452237,3.9040302062452237,2.4007035081063552,2.4007035081063552,1.303216162902931,1.303216162902931,0.7447362908439382,0.7447362908439382,-0.53,142.19516056908168,9.47,6.588063754427392,7.470000000000003,62.568913158156434,4.736862953800049,0.0,0.0,0.0,5.969305287951849,4.794537184071822,0.0,0.0,0.0,26.186202068468653,6.4208216229260096,6.923737199690624,6.606881964512918,9.53140013787187,5.969305287951849,0.0,39.53076089108528,6.606881964512918,0.0,0.0,0.0,0.0,0.0,12.576187252464766,9.53140013787187,0.0,39.53076089108528,0.0,0.0,26.3,0.0,4.794537184071822,5.969305287951849,6.606881964512918,6.4208216229260096,26.186202068468653,0.0,0.0,6.923737199690624,4.736862953800049,4.749501133786849,10.254216348576467,0.0,0.0,-0.16990882464096724,0.0,4.637436696900983,4.195421312043336,0.0,0.875,10,0,2,0,0,0,0,0,0,2,0,2,5,0,0,0,0,2.1298000000000004,40.775000000000006,0,0,0,0,0,0,1,1,0,0,0,0,0,0,1,1,0,0,0,0,0,0,0,0,0,3
CCCCCCCOC(=O)C,4.26,10.31038918808264,-0.1662115509784159,10.31038918808264,0.1662115509784159,0.4383150695699537,158.24099999999999,140.09699999999998,158.130679816,66,0.30212286792610354,-0.46587768666800145,0.46587768666800145,0.30212286792610354,1.1818181818181819,1.8181818181818181,2.3636363636363638,16.531455181852714,10.155578470277227,1.9151217378260001,-1.9987334428504802,2.0149027566709146,-1.9941737251125,5.653181119298175,-0.14057364245649243,2.849761282233442,99.73585546369786,8.52709773749546,7.559137268047012,7.559137268047012,5.270055610029662,4.404030206245224,4.404030206245224,2.754256898699629,2.754256898699629,1.5532161629029313,1.5532161629029313,0.921512986140575,0.921512986140575,-0.53,240.89588338167468,10.47,7.575596620908132,9.470000000000002,68.93385527255305,4.736862953800049,0.0,0.0,0.0,5.969305287951849,4.794537184071822,0.0,0.0,0.0,32.60702369139466,6.4208216229260096,6.923737199690624,6.606881964512918,9.53140013787187,5.969305287951849,0.0,45.95158251401129,6.606881964512918,0.0,0.0,0.0,0.0,0.0,12.576187252464766,9.53140013787187,0.0,45.95158251401129,0.0,0.0,26.3,0.0,4.794537184071822,5.969305287951849,6.606881964512918,6.4208216229260096,32.60702369139466,0.0,0.0,6.923737199690624,4.736862953800049,4.783142715419501,10.31038918808264,0.0,0.0,-0.1662115509784159,0.0,6.006053240740741,4.2332930734022005,0.0,0.8888888888888888,11,0,2,0,0,0,0,0,0,2,0,2,6,0,0,0,0,2.5199000000000007,45.39200000000002,0,0,0,0,0,0,1,1,0,0,0,0,0,0,1,1,0,0,0,0,0,0,0,0,0,4
CCCCCCCCOC(=O)C,4.11,10.356711502132228,-0.1633720448055762,10.356711502132228,0.1633720448055762,0.43573251046428424,172.268,152.10799999999998,172.14632988,72,0.30212286792610354,-0.46587768666799095,0.46587768666799095,0.30212286792610354,1.0833333333333333,1.6666666666666667,2.25,16.531456515393494,10.126474119169002,1.922243434494931,-2.0060400527173714,2.0412868890858666,-1.9946291106996294,5.653183900448132,-0.1405736424570643,2.86138733944056,110.40620687739317,9.234204518682008,8.26624404923356,8.26624404923356,5.770055610029663,4.904030206245223,4.904030206245223,3.107810289292903,3.107810289292903,1.8032161629029313,1.8032161629029313,1.0982896814372116,1.0982896814372116,-0.53,402.8484647807608,11.47,8.565510983763133,9.47,75.29879738694966,4.736862953800049,0.0,0.0,0.0,5.969305287951849,4.794537184071822,0.0,0.0,0.0,39.02784531432067,6.4208216229260096,6.923737199690624,6.606881964512918,9.53140013787187,5.969305287951849,0.0,52.372404136937305,6.606881964512918,0.0,0.0,0.0,0.0,0.0,12.576187252464766,9.53140013787187,0.0,52.372404136937305,0.0,0.0,26.3,0.0,4.794537184071822,5.969305287951849,6.606881964512918,6.4208216229260096,39.02784531432067,0.0,0.0,6.923737199690624,4.736862953800049,4.80947373393802,10.356711502132228,0.0,0.0,-0.1633720448055762,0.0,7.402541545939363,4.261311929462632,0.0,0.9,12,0,2,0,0,0,0,0,0,2,0,2,7,0,0,0,0,2.910000000000002,50.009000000000036,0,0,0,0,0,0,1,1,0,0,0,0,0,0,1,1,0,0,0,0,0,0,0,0,0,5
CCCCCC(C)COC(=O)C,4.09,10.455944743638195,-0.16912821764508257,10.455944743638195,0.16912821764508257,0.45463199850688685,172.26799999999997,152.10799999999998,172.14632988,72,0.30213285735847556,-0.46559332121999136,0.46559332121999136,0.30213285735847556,1.4166666666666667,2.0833333333333335,2.5833333333333335,16.53203611333494,10.046764141504491,2.024952312364387,-2.094781507262481,2.087408585626198,-2.085039465834608,5.653506486941862,-0.14173741141605178,3.2087342138732122,121.00698692803581,9.397341225498538,8.42938075605009,8.42938075605009,5.663902460147014,4.797877056362576,4.797877056362576,3.403539489065169,3.403539489065169,1.8715910782459928,1.8715910782459928,1.0857455357976116,1.0857455357976116,-0.53,360.45445705343354,11.47,7.137067494977612,7.575596620908132,75.29879738694964,4.736862953800049,0.0,0.0,0.0,5.969305287951849,4.794537184071822,0.0,0.0,0.0,33.10993926815928,12.338727669087403,6.923737199690624,6.606881964512918,9.53140013787187,5.969305287951849,5.917906046161393,46.4544980907759,6.606881964512918,0.0,0.0,0.0,0.0,0.0,12.576187252464766,9.53140013787187,5.917906046161393,46.4544980907759,0.0,0.0,26.3,0.0,4.794537184071822,5.969305287951849,12.52478801067431,0.0,32.60702369139466,0.0,0.0,13.847474399381248,4.736862953800049,4.89541123393802,10.455944743638195,0.0,0.0,0.3451773379104728,0.0,4.9491550925925925,6.354311591920718,0.0,0.9,12,0,2,0,0,0,0,0,0,2,0,2,6,0,0,0,0,2.765900000000001,49.93900000000003,0,0,0,0,0,0,1,1,0,0,0,0,0,0,1,1,0,0,0,0,0,0,0,0,0,1
CCCCCCCCCOC(=O)C,3.92,10.395565955759409,-0.16112686574221535,10.395565955759409,0.16112686574221535,0.4292208034093734,186.295,164.11899999999997,186.161979944,78,0.30212286792610354,-0.46587768666799095,0.46587768666799095,0.30212286792610354,1.0,1.5384615384615385,2.076923076923077,16.531457823856456,10.105381478586855,1.9278789779066057,-2.0119061344168836,2.061170359064325,-1.9948469085377953,5.653186488829423,-0.14057409222300699,2.8729187591669154,121.2586863990795,9.941311299868556,8.973350830420108,8.973350830420108,6.270055610029663,5.404030206245223,5.404030206245223,3.4613636798861767,3.4613636798861767,2.053216162902931,2.053216162902931,1.2750663767338486,1.2750663767338486,-0.53,673.2349289501077,12.47,9.557183958151702,11.47,81.66373950134629,4.736862953800049,0.0,0.0,0.0,5.969305287951849,4.794537184071822,0.0,0.0,0.0,45.448666937246685,6.4208216229260096,6.923737199690624,6.606881964512918,9.53140013787187,5.969305287951849,0.0,58.79322575986332,6.606881964512918,0.0,0.0,0.0,0.0,0.0,12.576187252464766,9.53140013787187,0.0,58.79322575986332,0.0,0.0,26.3,0.0,4.794537184071822,5.969305287951849,6.606881964512918,6.4208216229260096,45.448666937246685,0.0,0.0,6.923737199690624,4.736862953800049,4.830646573444192,10.395565955759409,0.0,0.0,-0.16112686574221535,0.0,8.818784244388501,4.28279675881678,0.0,0.9090909090909091,13,0,2,0,0,0,0,0,0,2,0,2,8,0,0,0,0,3.3001000000000023,54.62600000000005,0,0,0,0,0,0,1,1,0,0,0,0,0,0,1,1,0,0,0,0,0,0,0,0,0,6
CCCCCCCCCCOC(=O)C,3.78,10.428623976798198,-0.15930944915207146,10.428623976798198,0.15930944915207146,0.41890454460111903,200.32199999999997,176.12999999999997,200.177630008,84,0.30212286792610354,-0.46587768666799095,0.46587768666799095,0.30212286792610354,0.9285714285714286,1.4285714285714286,1.9285714285714286,16.531459127306015,10.089604775299954,1.932466644859718,-2.016660269901094,2.076509085059813,-1.9949471384316713,5.653189012771373,-0.14057422498732094,2.884064614706359,132.28341890015258,10.648418081055103,9.680457611606656,9.680457611606656,6.770055610029663,5.904030206245223,5.904030206245223,3.81491707047945,3.81491707047945,2.3032161629029315,2.3032161629029315,1.4518430720304853,1.4518430720304853,-0.53,1119.28168851183,13.47,10.550192461908578,11.47,88.02868161574291,4.736862953800049,0.0,0.0,0.0,5.969305287951849,4.794537184071822,0.0,0.0,0.0,51.8694885601727,6.4208216229260096,6.923737199690624,6.606881964512918,9.53140013787187,5.969305287951849,0.0,65.21404738278933,6.606881964512918,0.0,0.0,0.0,0.0,0.0,12.576187252464766,9.53140013787187,0.0,65.21404738278933,0.0,0.0,26.3,0.0,4.794537184071822,5.969305287951849,6.606881964512918,6.4208216229260096,51.8694885601727,0.0,0.0,6.923737199690624,4.736862953800049,4.848043267659069,10.428623976798198,0.0,0.0,-0.15930944915207146,0.0,10.249567327747341,4.299741543614129,0.0,0.9166666666666666,14,0,2,0,0,0,0,0,0,2,0,2,9,0,0,0,0,3.6902000000000026,59.24300000000005,0,0,0,0,0,0,1,1,0,0,0,0,0,0,1,1,0,0,0,0,0,0,0,0,0,7
CCCCCCCCCCCCOC(=O)C,3.56,10.481866003391872,-0.15655171390807254,10.481866003391872,0.15655171390807254,0.3850425600347897,228.37599999999995,200.15199999999996,228.208930136,96,0.30212286792610354,-0.46587768666799095,0.46587768666799095,0.30212286792610354,0.8125,1.25,1.6875,16.53146173416962,10.068028890946081,1.9395658643343658,-2.0239243764199712,2.098349322886482,-1.9950184922559955,5.653194016219643,-0.1405746729258493,2.904707557588277,154.8143311431168,12.0626316434282,11.094671173979751,11.094671173979751,7.770055610029663,6.904030206245223,6.904030206245223,4.522023851665996,4.522023851665996,2.8032161629029315,2.8032161629029315,1.8053964626237589,1.8053964626237589,-0.53,3073.4820565622113,15.47,12.539108500345543,13.47,100.75856584453614,4.736862953800049,0.0,0.0,0.0,5.969305287951849,4.794537184071822,0.0,0.0,0.0,64.71113180602472,6.4208216229260096,6.923737199690624,6.606881964512918,9.53140013787187,5.969305287951849,0.0,78.05569062864136,6.606881964512918,0.0,0.0,0.0,0.0,0.0,12.576187252464766,9.53140013787187,0.0,78.05569062864136,0.0,0.0,26.3,0.0,4.794537184071822,5.969305287951849,6.606881964512918,6.4208216229260096,64.71113180602472,0.0,0.0,6.923737199690624,4.736862953800049,4.8749401275978865,10.481866003391872,0.0,0.0,-0.15655171390807254,0.0,13.141758477654525,4.324653771930453,0.0,0.9285714285714286,16,0,2,0,0,0,0,0,0,2,0,2,11,0,0,0,0,4.470400000000004,68.47700000000006,0,0,0,0,0,0,1,1,0,0,0,0,0,0,1,1,0,0,0,0,0,0,0,0,0,9
CC(=O)OC1CCCCC1,5.05,10.489744897959184,-0.13249999999999984,10.489744897959184,0.13249999999999984,0.5223901680877142,142.19799999999998,128.08599999999998,142.099379688,58,0.30239934917782924,-0.4625664738968723,0.4625664738968723,0.30239934917782924,1.3,1.9,2.4,16.541958517473716,9.977796665122057,2.1438484514230662,-2.2015372294424504,2.1945665820604194,-2.18366378033074,5.65646576426349,-0.14718361995036516,2.1919163912003334,114.42599881712918,7.397341225498538,6.42938075605009,6.42938075605009,4.787693700234704,3.960447131787105,3.960447131787105,2.869451662892547,2.869451662892547,1.8848291606201353,1.8848291606201353,1.4176903770587372,1.4176903770587372,-0.53,195.6254620163014,7.575596620908132,3.5925082832361293,2.3768530239607673,61.56308200462723,4.736862953800049,6.103966387748303,0.0,0.0,5.969305287951849,4.794537184071822,0.0,0.0,0.0,6.4208216229260096,25.683286491704038,6.923737199690624,0.0,9.53140013787187,5.969305287951849,0.0,45.13181170206897,0.0,0.0,0.0,0.0,0.0,0.0,12.073271675700152,9.53140013787187,0.0,39.02784531432067,0.0,0.0,26.3,0.0,4.794537184071822,12.073271675700152,0.0,12.841643245852019,26.186202068468653,0.0,0.0,0.0,4.736862953800049,5.052222222222222,10.489744897959184,0.0,0.0,-0.13249999999999984,0.0,6.109773242630386,1.4807596371882084,0.0,0.875,10,0,2,1,0,1,0,0,0,2,0,2,1,1,0,1,1,1.8821999999999999,38.639,0,0,0,0,0,0,1,1,0,0,0,0,0,0,1,1,0,0,0,0,0,0,0,0,0,0
CC(=O)OC1CC2CCC1(C2(C)C)C,4.19,11.007067271352986,-0.12539351851851843,11.007067271352986,0.12539351851851843,0.6027050642944551,196.29,176.12999999999997,196.14632988,80,0.30242017240296076,-0.4619500594812354,0.4619500594812354,0.30242017240296076,1.3571428571428572,2.0,2.357142857142857,16.543952506230923,9.697432789701361,2.6220278083133497,-2.377522779766872,2.656822176592182,-2.3745529206413143,5.659239622049591,-0.1535650684357194,2.2255402672605604,269.49529453537843,10.560477932315068,9.59251746286662,9.59251746286662,6.376845650481467,5.549599082033868,5.549599082033868,5.70853028564141,5.70853028564141,5.022169408483434,5.022169408483434,3.5088104284775,3.5088104284775,-0.53,1415.1970828121482,10.0037640634843,2.7398409384801687,1.0582157338162905,86.01701930868441,4.736862953800049,6.103966387748303,0.0,0.0,5.969305287951849,4.794537184071822,0.0,0.0,0.0,20.771211599071872,30.5953613843362,12.338727669087405,0.0,9.53140013787187,5.969305287951849,16.747886984954953,53.06138005528882,0.0,0.0,0.0,0.0,0.0,0.0,12.073271675700152,9.53140013787187,16.747886984954953,46.95741366754052,0.0,0.0,26.3,0.0,4.794537184071822,17.488262145096932,5.41499046939678,12.338727669087403,19.765380445542643,0.0,0.0,20.771211599071872,4.736862953800049,5.444791666666667,11.007067271352986,0.0,0.5520370370370369,0.6216898148148147,0.0,3.7511158352229774,8.456631708238852,0.0,0.9166666666666666,14,0,2,2,0,2,0,0,0,2,0,2,1,2,0,2,2,2.7643000000000013,54.783000000000044,0,0,0,0,0,0,1,1,0,0,0,0,2,0,1,1,0,0,0,0,0,0,0,0,0,0
CCC(=O)OC,6.13,9.958333333333334,-0.157407407407407,9.958333333333334,0.157407407407407,0.43785087777866244,88.106,80.042,88.052429496,36,0.30472073144092393,-0.46900295028300515,0.46900295028300515,0.30472073144092393,1.8333333333333333,2.3333333333333335,2.3333333333333335,16.522869370033764,10.512118003567068,1.870668997275968,-1.8675225081075373,1.7575525546136803,-1.944516245979505,5.680312931199207,-0.13969616300335452,2.9881608821342693,43.50977500432694,4.99156383156272,4.023603362114274,4.023603362114274,2.808060412490447,1.8771567527075474,1.8771567527075474,0.9296860037533515,0.9296860037533515,0.5163460352255528,0.5163460352255528,0.14433756729740646,0.14433756729740646,-0.53,19.800269059780252,5.469999999999999,2.693713646532438,1.7581844380403455,37.10914470057002,4.736862953800049,0.0,0.0,0.0,5.969305287951849,4.794537184071822,0.0,0.0,0.0,6.923737199690624,0.0,6.4208216229260096,7.109797541277533,9.53140013787187,5.969305287951849,0.0,13.344558822616634,7.109797541277533,0.0,0.0,0.0,0.0,0.0,13.079102829229383,9.53140013787187,0.0,13.344558822616634,0.0,0.0,26.3,0.0,4.794537184071822,5.969305287951849,6.4208216229260096,0.0,7.109797541277533,6.923737199690624,0.0,4.736862953800049,0.0,4.260416666666667,9.958333333333334,0.0,0.0,-0.157407407407407,0.0,0.46875,1.755787037037037,1.380787037037037,0.75,6,0,2,0,0,0,0,0,0,2,0,2,1,0,0,0,0,0.5694,22.30699999999999,0,0,0,0,0,0,1,1,0,0,0,0,0,0,1,1,0,0,0,0,1,0,0,0,0,0
CCC(=O)OCC,5.55,10.189583333333333,-0.12268518518518468,10.189583333333333,0.12268518518518468,0.485245073645189,102.133,92.053,102.06807956,42,0.304986319783951,-0.4659767306979968,0.4659767306979968,0.304986319783951,1.5714285714285714,2.142857142857143,2.2857142857142856,16.531723126594464,10.504128826857013,1.9061650500671703,-1.9331374785184705,1.801895370272275,-1.9963978579682273,5.682319352716487,-0.1421794024094493,3.002590528674132,59.10049400592805,5.698670612749268,4.730710143300821,4.730710143300821,3.308060412490447,2.4646903780250446,2.4646903780250446,1.1585745604136393,1.1585745604136393,0.5940003396070641,0.5940003396070641,0.2630497103308105,0.2630497103308105,-0.53,31.916635235956914,6.47,3.6528153564899446,3.2963341491124023,43.47408681496662,4.736862953800049,0.0,0.0,0.0,5.969305287951849,4.794537184071822,0.0,0.0,0.0,6.923737199690624,6.923737199690624,6.4208216229260096,6.606881964512918,9.53140013787187,5.969305287951849,0.0,20.268296022307258,6.606881964512918,0.0,0.0,0.0,0.0,0.0,12.576187252464766,9.53140013787187,0.0,20.268296022307258,0.0,0.0,26.3,0.0,4.794537184071822,5.969305287951849,13.027703587438928,0.0,0.0,13.847474399381248,0.0,4.736862953800049,0.0,4.552083333333334,10.189583333333333,0.0,0.0,-0.12268518518518468,0.0,0.48,4.067685185185185,0.0,0.8,7,0,2,0,0,0,0,0,0,2,0,2,2,0,0,0,0,0.9595,26.923999999999985,0,0,0,0,0,0,1,1,0,0,0,0,0,0,1,1,0,0,0,0,0,0,0,0,0,0
CCCOC(=O)CC,5.11,10.348472222222222,-0.1047685185185181,10.348472222222222,0.1047685185185181,0.5200986676423002,116.15999999999998,104.064,116.083729624,48,0.30499623910753,-0.46569358053783955,0.46569358053783955,0.30499623910753,1.5,2.125,2.5,16.5322398982581,10.473358020888677,1.9272552220576247,-1.9666896962365774,1.8457500986839357,-2.0165515044855176,5.682605148223011,-0.14273835675974808,2.988598647973156,68.92878689342031,6.405777393935816,5.437816924487368,5.437816924487368,3.808060412490447,2.9646903780250446,2.9646903780250446,1.574023571050758,1.574023571050758,0.7558489901575548,0.7558489901575548,0.31795959554730135,0.31795959554730135,-0.53,56.62563225878344,7.470000000000001,4.624559505409582,3.6528153564899446,49.83902892936323,4.736862953800049,0.0,0.0,0.0,5.969305287951849,4.794537184071822,0.0,0.0,0.0,13.847474399381248,6.4208216229260096,6.4208216229260096,6.606881964512918,9.53140013787187,5.969305287951849,0.0,26.689117645233267,6.606881964512918,0.0,0.0,0.0,0.0,0.0,12.576187252464766,9.53140013787187,0.0,26.689117645233267,0.0,0.0,26.3,0.0,4.794537184071822,5.969305287951849,13.027703587438928,6.4208216229260096,0.0,6.923737199690624,6.923737199690624,0.0,4.736862953800049,4.701388888888889,10.348472222222222,0.0,0.0,-0.1047685185185181,0.0,1.3945833333333333,4.32699074074074,0.0,0.8333333333333334,8,0,2,0,0,0,0,0,0,2,0,2,3,0,0,0,0,1.3496000000000001,31.540999999999983,0,0,0,0,0,0,1,1,0,0,0,0,0,0,1,1,0,0,0,0,0,0,0,0,0,0
CCCCOC(=O)CC,4.76,10.464401927437642,-0.0940277777777776,10.464401927437642,0.0940277777777776,0.4277197407264159,130.18699999999998,116.07499999999997,130.099379688,54,0.3049964083190467,-0.46568271458915556,0.46568271458915556,0.3049964083190467,1.4444444444444444,2.111111111111111,2.5555555555555554,16.532278015090792,10.35402143366548,1.9403933878142265,-1.986554550795672,1.895406792699138,-2.024506585754146,5.682654634424346,-0.14284144353789915,2.9730624080867365,78.98533616859814,7.112884175122364,6.144923705673916,6.144923705673916,4.308060412490447,3.4646903780250446,3.4646903780250446,1.9275769616440317,1.9275769616440317,1.0496158028163034,1.0496158028163034,0.4324038738774453,0.4324038738774453,-0.53,94.26737928973323,8.470000000000002,5.603868808567606,5.339329135302875,56.20397104375984,4.736862953800049,0.0,0.0,0.0,5.969305287951849,4.794537184071822,0.0,0.0,0.0,20.268296022307258,6.4208216229260096,6.4208216229260096,6.606881964512918,9.53140013787187,5.969305287951849,0.0,33.10993926815928,6.606881964512918,0.0,0.0,0.0,0.0,0.0,12.576187252464766,9.53140013787187,0.0,33.10993926815928,0.0,0.0,26.3,0.0,4.794537184071822,5.969305287951849,13.027703587438928,12.841643245852019,0.0,6.923737199690624,0.0,6.923737199690624,4.736862953800049,4.792638888888889,10.464401927437642,0.0,0.0,-0.0940277777777776,0.0,2.548064058956916,4.455589569160997,0.0,0.8571428571428571,9,0,2,0,0,0,0,0,0,2,0,2,4,0,0,0,0,1.7397,36.157999999999994,0,0,0,0,0,0,1,1,0,0,0,0,0,0,1,1,0,0,0,0,0,0,0,0,0,1
CCCCCOC(=O)CC,4.49,10.552731009070294,-0.08694160997732392,10.552731009070294,0.08694160997732392,0.4361738106721368,144.21399999999997,128.08599999999998,144.115029752,60,0.30499640966445174,-0.465682528839917,0.465682528839917,0.30499640966445174,1.3,2.0,2.5,16.532283395064095,10.258310571975327,1.9489435946207572,-1.9996218024084766,1.9450823533366501,-2.0277715819387,5.682667224143833,-0.1428694385784204,2.9617756061821483,89.25838096618138,7.819990956308912,6.852030486860464,6.852030486860464,4.808060412490447,3.9646903780250446,3.9646903780250446,2.281130352237305,2.281130352237305,1.2996158028163036,1.2996158028163036,0.6401283791960045,0.6401283791960045,-0.53,160.01692703161314,9.47,6.588063754427392,5.603868808567606,62.568913158156434,4.736862953800049,0.0,0.0,0.0,5.969305287951849,4.794537184071822,0.0,0.0,0.0,26.689117645233267,6.4208216229260096,6.4208216229260096,6.606881964512918,9.53140013787187,5.969305287951849,0.0,39.53076089108528,6.606881964512918,0.0,0.0,0.0,0.0,0.0,12.576187252464766,9.53140013787187,0.0,39.53076089108528,0.0,0.0,26.3,0.0,4.794537184071822,5.969305287951849,13.027703587438928,12.841643245852019,6.4208216229260096,0.0,6.923737199690624,6.923737199690624,4.736862953800049,4.854305555555555,10.552731009070294,0.0,0.0,-0.08694160997732392,0.0,3.814518613000756,4.532053099017385,0.0,0.875,10,0,2,0,0,0,0,0,0,2,0,2,5,0,0,0,0,2.1298000000000004,40.775000000000006,0,0,0,0,0,0,1,1,0,0,0,0,0,0,1,1,0,0,0,0,0,0,0,0,0,2
CCC(=O)OC1CCCCC1,4.73,10.85780045351474,-0.04453703703703682,10.85780045351474,0.04453703703703682,0.5731570120859113,156.22499999999997,140.09699999999998,156.115029752,64,0.30527286808185483,-0.4623713120079227,0.4623713120079227,0.30527286808185483,1.3636363636363635,2.0,2.5454545454545454,16.542773199054835,9.977216707920206,2.1554413175616864,-2.2079198503933615,2.198775001689502,-2.195879693215754,5.685706744013832,-0.1495739607535769,2.1853208144249185,125.52442279202945,8.104448006685086,7.136487537236638,7.136487537236638,5.325698502695489,4.521107303566926,4.521107303566926,3.1034318976167703,3.1034318976167703,2.138986498350524,2.138986498350524,1.4522081739231618,1.4522081739231618,-0.53,370.93558073874095,8.565510983763133,4.369018590889185,2.9124333212632876,67.92802411902383,4.736862953800049,6.103966387748303,0.0,0.0,5.969305287951849,4.794537184071822,0.0,0.0,0.0,13.344558822616634,25.683286491704038,6.4208216229260096,0.0,9.53140013787187,5.969305287951849,0.0,51.552633324994986,0.0,0.0,0.0,0.0,0.0,0.0,12.073271675700152,9.53140013787187,0.0,45.448666937246685,0.0,0.0,26.3,0.0,4.794537184071822,12.073271675700152,6.4208216229260096,12.841643245852019,19.26246486877803,0.0,6.923737199690624,0.0,4.736862953800049,5.201527777777779,10.85780045351474,0.0,0.0,-0.04453703703703682,0.0,6.646756660997732,1.8384521447467876,0.0,0.8888888888888888,11,0,2,1,0,1,0,0,0,2,0,2,2,1,0,1,1,2.2723000000000004,43.256000000000014,0,0,0,0,0,0,1,1,0,0,0,0,0,0,1,1,0,0,0,0,0,0,0,0,0,0
CCCC(=O)OC,5.44,10.189583333333333,-0.1226851851851849,10.189583333333333,0.1226851851851849,0.485245073645189,102.13299999999998,92.05299999999998,102.06807956,42,0.30499121879740626,-0.46899555445129654,0.46899555445129654,0.30499121879740626,1.7142857142857142,2.2857142857142856,2.4285714285714284,16.522927795707158,10.346773011787448,1.9216259777301299,-1.9053755893724298,1.8636239604227558,-1.967764940986358,5.683969138452378,-0.14012500645099385,3.002590528674132,59.10049400592805,5.698670612749268,4.730710143300821,4.730710143300821,3.308060412490447,2.3771567527075472,2.3771567527075472,1.3261326131600775,1.3261326131600775,0.6817950458626713,0.6817950458626713,0.30618621784789724,0.30618621784789724,-0.53,31.916635235956914,6.47,3.6528153564899446,3.2963341491124023,43.47408681496663,4.736862953800049,0.0,0.0,0.0,5.969305287951849,4.794537184071822,0.0,0.0,0.0,6.923737199690624,6.4208216229260096,6.4208216229260096,7.109797541277533,9.53140013787187,5.969305287951849,0.0,19.765380445542643,7.109797541277533,0.0,0.0,0.0,0.0,0.0,13.079102829229383,9.53140013787187,0.0,19.765380445542643,0.0,0.0,26.3,0.0,4.794537184071822,5.969305287951849,6.4208216229260096,6.4208216229260096,7.109797541277533,0.0,6.923737199690624,4.736862953800049,0.0,4.351666666666667,10.189583333333333,0.0,0.0,-0.1226851851851849,0.0,1.405925925925926,1.9413888888888888,1.400787037037037,0.8,7,0,2,0,0,0,0,0,0,2,0,2,2,0,0,0,0,0.9595,26.923999999999985,0,0,0,0,0,0,1,1,0,0,0,0,0,0,1,1,0,0,0,0,1,0,0,0,0,0
CCCC(=O)OCC,5.01,10.420833333333334,-0.08796296296296258,10.420833333333334,0.08796296296296258,0.5200986676423002,116.15999999999998,104.06399999999998,116.083729624,48,0.30525680561770935,-0.46596933451826794,0.46596933451826794,0.30525680561770935,1.5,2.125,2.5,16.531780753058076,10.344073575299786,1.9483380321092465,-1.9580317754075427,1.8860988277265274,-2.0135856628199122,5.685956046736482,-0.14261528894795505,3.0551722039096187,60.92878689342031,6.405777393935816,5.437816924487368,5.437816924487368,3.808060412490447,2.9646903780250446,2.9646903780250446,1.5550211698203653,1.5550211698203653,0.7594493502441826,0.7594493502441826,0.43728056659547937,0.43728056659547937,-0.53,50.25226450504587,7.470000000000001,4.624559505409582,3.6528153564899446,49.83902892936323,4.736862953800049,0.0,0.0,0.0,5.969305287951849,4.794537184071822,0.0,0.0,0.0,6.923737199690624,13.344558822616634,6.4208216229260096,6.606881964512918,9.53140013787187,5.969305287951849,0.0,26.689117645233267,6.606881964512918,0.0,0.0,0.0,0.0,0.0,12.576187252464766,9.53140013787187,0.0,26.689117645233267,0.0,0.0,26.3,0.0,4.794537184071822,5.969305287951849,13.027703587438928,6.4208216229260096,0.0,0.0,13.847474399381248,4.736862953800049,0.0,4.6433333333333335,10.420833333333334,0.0,0.0,-0.08796296296296258,0.0,1.4232870370370372,4.267175925925926,0.0,0.8333333333333334,8,0,2,0,0,0,0,0,0,2,0,2,3,0,0,0,0,1.3496000000000001,31.540999999999983,0,0,0,0,0,0,1,1,0,0,0,0,0,0,1,1,0,0,0,0,0,0,0,0,0,0
CCCC(=O)OCCC,4.77,10.579722222222223,-0.070046296296296,10.579722222222223,0.070046296296296,0.5416729314973412,130.18699999999998,116.07499999999997,130.099379688,54,0.30526672491010765,-0.46568618435369896,0.46568618435369896,0.30526672491010765,1.3333333333333333,2.0,2.4444444444444446,16.53229756935552,10.340082036662942,1.9636298500787168,-1.9856996100381001,1.907216020455328,-2.031381862976861,5.6862393533381885,-0.14317575674874336,3.061316839372158,78.98533616859814,7.112884175122364,6.144923705673916,6.144923705673916,4.308060412490447,3.4646903780250446,3.4646903780250446,1.9704701804574838,1.9704701804574838,0.9212980007946734,0.9212980007946734,0.49219045181197035,0.49219045181197035,-0.53,90.44046466047871,8.470000000000002,5.603868808567606,5.339329135302875,56.20397104375984,4.736862953800049,0.0,0.0,0.0,5.969305287951849,4.794537184071822,0.0,0.0,0.0,13.847474399381248,12.841643245852019,6.4208216229260096,6.606881964512918,9.53140013787187,5.969305287951849,0.0,33.10993926815928,6.606881964512918,0.0,0.0,0.0,0.0,0.0,12.576187252464766,9.53140013787187,0.0,33.10993926815928,0.0,0.0,26.3,0.0,4.794537184071822,5.969305287951849,13.027703587438928,12.841643245852019,0.0,0.0,13.847474399381248,0.0,4.736862953800049,4.792638888888889,10.579722222222223,0.0,0.0,-0.070046296296296,0.0,2.3452399848828422,4.519111866969009,0.0,0.8571428571428571,9,0,2,0,0,0,0,0,0,2,0,2,4,0,0,0,0,1.7397,36.157999999999994,0,0,0,0,0,0,1,1,0,0,0,0,0,0,1,1,0,0,0,0,0,0,0,0,0,0
CCOC(=O)CC(C)C,4.73,10.63125,-0.09027777777777746,10.63125,0.09027777777777746,0.5422095914375367,130.18699999999998,116.07499999999997,130.099379688,54,0.30552840550557964,-0.4659618863161138,0.4659618863161138,0.30552840550557964,1.5555555555555556,2.111111111111111,2.4444444444444446,16.53184503239224,10.139772961898421,2.0260733646996014,-2.019447661859495,1.9940375340606318,-2.062144950714096,5.6894525036581305,-0.14343797796943275,3.2711920488970017,86.91694057588533,7.276020881938894,6.308060412490447,6.308060412490447,4.163902460147014,3.3205324256816118,3.3205324256816118,2.4029921651696493,2.4029921651696493,0.880240162142781,0.880240162142781,0.5532465361470571,0.5532465361470571,-0.53,66.8432930980791,8.470000000000002,4.3587538349811625,5.339329135302875,56.20397104375983,4.736862953800049,0.0,0.0,0.0,5.969305287951849,4.794537184071822,0.0,0.0,0.0,13.847474399381248,12.841643245852017,6.4208216229260096,6.606881964512918,9.53140013787187,5.969305287951849,5.917906046161393,27.19203322199788,6.606881964512918,0.0,0.0,0.0,0.0,0.0,12.576187252464766,9.53140013787187,5.917906046161393,27.19203322199788,0.0,0.0,26.3,0.0,4.794537184071822,5.969305287951849,18.94560963360032,0.0,0.0,0.0,20.771211599071872,0.0,4.736862953800049,4.71375,10.63125,0.0,0.0,0.3162499999999999,0.0,0.5355555555555556,6.303194444444445,0.0,0.8571428571428571,9,0,2,0,0,0,0,0,0,2,0,2,3,0,0,0,0,1.5956000000000001,36.087999999999994,0,0,0,0,0,0,1,1,0,0,0,0,0,0,1,1,0,0,0,0,0,0,0,0,0,0
CCCCOC(=O)CCC,4.44,10.695651927437641,-0.05930555555555528,10.695651927437641,0.05930555555555528,0.4361738106721368,144.21399999999997,128.08599999999998,144.115029752,60,0.30526689412139096,-0.465675318404953,0.465675318404953,0.30526689412139096,1.3,2.0,2.5,16.53233571605518,10.322946893846378,1.9727893233478764,-2.002092794367302,1.9325973265949867,-2.038310245628365,5.686288719942931,-0.14327895509360344,3.0523751890457076,89.25838096618138,7.819990956308912,6.852030486860464,6.852030486860464,4.808060412490447,3.9646903780250446,3.9646903780250446,2.3240235710507577,2.3240235710507577,1.215064813453422,1.215064813453422,0.6066347301421143,0.6066347301421143,-0.53,149.45355810759327,9.47,6.588063754427392,5.603868808567606,62.56891315815645,4.736862953800049,0.0,0.0,0.0,5.969305287951849,4.794537184071822,0.0,0.0,0.0,20.268296022307258,12.841643245852019,6.4208216229260096,6.606881964512918,9.53140013787187,5.969305287951849,0.0,39.53076089108528,6.606881964512918,0.0,0.0,0.0,0.0,0.0,12.576187252464766,9.53140013787187,0.0,39.53076089108528,0.0,0.0,26.3,0.0,4.794537184071822,5.969305287951849,13.027703587438928,19.26246486877803,0.0,0.0,6.923737199690624,6.923737199690624,4.736862953800049,4.8838888888888885,10.695651927437641,0.0,0.0,-0.05930555555555528,0.0,3.5035038737717303,4.642927532123961,0.0,0.875,10,0,2,0,0,0,0,0,0,2,0,2,5,0,0,0,0,2.1298000000000004,40.775000000000006,0,0,0,0,0,0,1,1,0,0,0,0,0,0,1,1,0,0,0,0,0,0,0,0,0,1
CCCCCOC(=O)CCC,4.2,10.783981009070295,-0.0522193877551016,10.783981009070295,0.0522193877551016,0.43831506956995364,158.24099999999996,140.09699999999998,158.130679816,66,0.3052668954667954,-0.4656751326557105,0.4656751326557105,0.3052668954667954,1.1818181818181819,1.9090909090909092,2.4545454545454546,16.532341109067065,10.255059714293008,1.9785186647225825,-2.012813193400844,1.9638279736619557,-2.0411051091173418,5.686301449365037,-0.14330703060736102,3.040425665876032,99.73585546369786,8.52709773749546,7.559137268047012,7.559137268047012,5.308060412490447,4.464690378025045,4.464690378025045,2.6775769616440317,2.6775769616440317,1.465064813453422,1.465064813453422,0.8143592354606735,0.8143592354606735,-0.53,254.60129569772985,10.47,7.575596620908132,7.365875295682101,68.93385527255305,4.736862953800049,0.0,0.0,0.0,5.969305287951849,4.794537184071822,0.0,0.0,0.0,26.689117645233267,12.841643245852019,6.4208216229260096,6.606881964512918,9.53140013787187,5.969305287951849,0.0,45.95158251401129,6.606881964512918,0.0,0.0,0.0,0.0,0.0,12.576187252464766,9.53140013787187,0.0,45.95158251401129,0.0,0.0,26.3,0.0,4.794537184071822,5.969305287951849,13.027703587438928,19.26246486877803,6.4208216229260096,0.0,6.923737199690624,6.923737199690624,4.736862953800049,4.945555555555556,10.783981009070295,0.0,0.0,-0.0522193877551016,0.0,4.773237748803225,4.716111740992693,0.0,0.8888888888888888,11,0,2,0,0,0,0,0,0,2,0,2,6,0,0,0,0,2.5199000000000007,45.39200000000002,0,0,0,0,0,0,1,1,0,0,0,0,0,0,1,1,0,0,0,0,0,0,0,0,0,2
CCCC(=O)OCCC(C)C,4.24,10.802322373393801,-0.06189814814814776,10.802322373393801,0.06189814814814776,0.5740773887103613,158.24099999999999,140.09699999999998,158.130679816,66,0.30526706474485876,-0.46566437578616593,0.46566437578616593,0.30526706474485876,1.4545454545454546,2.090909090909091,2.5454545454545454,16.53237826811588,10.146559002939256,2.0004285090252965,-2.047393578090569,1.9983160674926843,-2.061680338819255,5.6863400829436594,-0.14347876696076767,3.1727643828864744,108.13036060964235,8.69023444431199,7.722273974863542,7.722273974863542,5.163902460147014,4.320532425681612,4.320532425681612,3.152992165169649,3.152992165169649,1.4123752549501256,1.4123752549501256,0.6847562046903994,0.6847562046903994,-0.53,203.69506175903632,10.47,6.197598478027457,7.365875295682101,68.93385527255305,4.736862953800049,0.0,0.0,0.0,5.969305287951849,4.794537184071822,0.0,0.0,0.0,20.771211599071872,18.75954929201341,6.4208216229260096,6.606881964512918,9.53140013787187,5.969305287951849,5.917906046161393,40.0336764678499,6.606881964512918,0.0,0.0,0.0,0.0,0.0,12.576187252464766,9.53140013787187,5.917906046161393,40.0336764678499,0.0,0.0,26.3,0.0,4.794537184071822,5.969305287951849,18.94560963360032,12.841643245852019,0.0,0.0,6.923737199690624,13.847474399381248,4.736862953800049,4.954305555555556,10.802322373393801,0.0,0.0,0.5533116024187454,0.0,2.396886337868481,6.793174130763417,0.0,0.8888888888888888,11,0,2,0,0,0,0,0,0,2,0,2,5,0,0,0,0,2.375800000000001,45.32200000000002,0,0,0,0,0,0,1,1,0,0,0,0,0,0,1,1,0,0,0,0,0,0,0,0,0,0
CCCC(=O)OC1CCCCC1,4.47,11.089050453514739,-0.00981481481481472,11.089050453514739,0.00981481481481472,0.6085520277708584,170.25199999999992,152.10799999999998,170.130679816,70,0.3055433523224798,-0.4623639154691147,0.4623639154691147,0.3055433523224798,1.3333333333333333,2.0,2.5833333333333335,16.542830092077438,9.976889291599335,2.1606397587023016,-2.210481374255764,2.2012263772505767,-2.19965120957231,5.689309101302187,-0.15002473414788803,2.1520380845200338,136.7740056622918,8.811554787871634,7.843594318423186,7.843594318423186,5.825698502695489,5.021107303566926,5.021107303566926,3.4998785070234963,3.4998785070234963,2.3044355089876425,2.3044355089876425,1.6319245509206388,1.6319245509206388,-0.53,585.3846826146989,9.557183958151702,5.175013037303056,3.244738765570308,74.29296623342044,4.736862953800049,6.103966387748303,0.0,0.0,5.969305287951849,4.794537184071822,0.0,0.0,0.0,13.344558822616634,32.10410811463005,6.4208216229260096,0.0,9.53140013787187,5.969305287951849,0.0,57.97345494792101,0.0,0.0,0.0,0.0,0.0,0.0,12.073271675700152,9.53140013787187,0.0,51.8694885601727,0.0,0.0,26.3,0.0,4.794537184071822,12.073271675700152,6.4208216229260096,19.26246486877803,19.26246486877803,0.0,6.923737199690624,0.0,4.736862953800049,5.292777777777777,11.089050453514739,0.0,0.0,-0.00981481481481472,0.0,7.625873173343412,2.0021134101788864,0.0,0.9,12,0,2,1,0,1,0,0,0,2,0,2,3,1,0,1,1,2.6624000000000008,47.87300000000003,0,0,0,0,0,0,1,1,0,0,0,0,0,0,1,1,0,0,0,0,0,0,0,0,0,0
CCCCC(=O)OC,5.11,10.348472222222222,-0.1047685185185181,10.348472222222222,0.1047685185185181,0.5200986676423002,116.15999999999998,104.06399999999998,116.083729624,48,0.3050016578853253,-0.46899542882535256,0.46899542882535256,0.3050016578853253,1.625,2.25,2.625,16.522934761703873,10.251399886746663,1.9466626170461885,-1.9316415448499826,1.935099964318807,-1.9773451080046154,5.684467380913765,-0.1402266931377064,2.988598647973156,68.92878689342031,6.405777393935816,5.437816924487368,5.437816924487368,3.808060412490447,2.8771567527075472,2.8771567527075472,1.6796860037533514,1.6796860037533514,0.9621251317525819,0.9621251317525819,0.423176335210009,0.423176335210009,-0.53,56.62563225878344,7.470000000000001,4.624559505409582,3.6528153564899446,49.83902892936323,4.736862953800049,0.0,0.0,0.0,5.969305287951849,4.794537184071822,0.0,0.0,0.0,13.344558822616634,6.4208216229260096,6.4208216229260096,7.109797541277533,9.53140013787187,5.969305287951849,0.0,26.186202068468653,7.109797541277533,0.0,0.0,0.0,0.0,0.0,13.079102829229383,9.53140013787187,0.0,26.186202068468653,0.0,0.0,26.3,0.0,4.794537184071822,5.969305287951849,6.4208216229260096,12.841643245852019,7.109797541277533,0.0,6.923737199690624,4.736862953800049,0.0,4.413333333333333,10.348472222222222,0.0,0.0,-0.1047685185185181,0.0,2.5503703703703704,2.044583333333333,1.414675925925926,0.8333333333333334,8,0,2,0,0,0,0,0,0,2,0,2,3,0,0,0,0,1.3496000000000001,31.540999999999983,0,0,0,0,0,0,1,1,0,0,0,0,0,0,1,1,0,0,0,0,1,0,0,0,0,0
CCCCC(=O)OCC,4.79,10.579722222222223,-0.07004629629629577,10.579722222222223,0.07004629629629577,0.5416729314973412,130.18699999999998,116.07499999999997,130.099379688,54,0.3052672446877203,-0.4659692088842844,0.4659692088842844,0.3052672446877203,1.4444444444444444,2.111111111111111,2.5555555555555554,16.53178774342358,10.250103288198842,1.9690509156181348,-1.974587688111188,1.9475881316819752,-2.020332036992306,5.686451940330819,-0.14271858864964487,3.0613168393721577,78.98533616859814,7.112884175122364,6.144923705673916,6.144923705673916,4.308060412490447,3.4646903780250446,3.4646903780250446,1.9085745604136393,1.9085745604136393,1.0397794361340933,1.0397794361340933,0.5542706839575913,0.5542706839575913,-0.53,90.44046466047871,8.470000000000002,5.603868808567606,5.339329135302875,56.20397104375984,4.736862953800049,0.0,0.0,0.0,5.969305287951849,4.794537184071822,0.0,0.0,0.0,13.344558822616634,13.344558822616634,6.4208216229260096,6.606881964512918,9.53140013787187,5.969305287951849,0.0,33.10993926815928,6.606881964512918,0.0,0.0,0.0,0.0,0.0,12.576187252464766,9.53140013787187,0.0,33.10993926815928,0.0,0.0,26.3,0.0,4.794537184071822,5.969305287951849,13.027703587438928,12.841643245852019,0.0,0.0,6.923737199690624,6.923737199690624,4.736862953800049,4.705,10.579722222222223,0.0,0.0,-0.07004629629629577,0.0,2.5714162887377174,4.380574452003024,0.0,0.8571428571428571,9,0,2,0,0,0,0,0,0,2,0,2,4,0,0,0,0,1.7397,36.157999999999994,0,0,0,0,0,0,1,1,0,0,0,0,0,0,1,1,0,0,0,0,0,0,0,0,0,0
CCCCC(=O)OCCC,4.5,10.738611111111112,-0.05212962962962919,10.738611111111112,0.05212962962962919,0.5523793366840761,144.21399999999997,128.08599999999998,144.115029752,60,0.3052771639792583,-0.4656860587195135,0.4656860587195135,0.3052771639792583,1.3,2.0,2.5,16.53230459583527,10.248803851308764,1.981726936405683,-1.9980402847012648,1.958480792578471,-2.0370987200328967,5.686735201798248,-0.14327917601074047,3.0863484262353005,79.25838096618138,7.819990956308912,6.852030486860464,6.852030486860464,4.808060412490447,3.9646903780250446,3.9646903780250446,2.3240235710507577,2.3240235710507577,1.201628086684584,1.201628086684584,0.6091805691740821,0.6091805691740821,-0.53,157.20912659259116,9.47,6.588063754427392,5.603868808567606,62.568913158156434,4.736862953800049,0.0,0.0,0.0,5.969305287951849,4.794537184071822,0.0,0.0,0.0,20.268296022307258,12.841643245852019,6.4208216229260096,6.606881964512918,9.53140013787187,5.969305287951849,0.0,39.53076089108528,6.606881964512918,0.0,0.0,0.0,0.0,0.0,12.576187252464766,9.53140013787187,0.0,39.53076089108528,0.0,0.0,26.3,0.0,4.794537184071822,5.969305287951849,13.027703587438928,19.26246486877803,0.0,0.0,6.923737199690624,6.923737199690624,4.736862953800049,4.854305555555555,10.738611111111112,0.0,0.0,-0.05212962962962919,0.0,3.498152399848829,4.627727229780801,0.0,0.875,10,0,2,0,0,0,0,0,0,2,0,2,5,0,0,0,0,2.1298000000000004,40.775000000000006,0,0,0,0,0,0,1,1,0,0,0,0,0,0,1,1,0,0,0,0,0,0,0,0,0,0
CCCCC(=O)OCC(C)C,4.25,10.884166666666667,-0.05504629629629609,10.884166666666667,0.05504629629629609,0.5740773887103613,158.24099999999999,140.09699999999998,158.130679816,66,0.3052871521360914,-0.4654017453032072,0.4654017453032072,0.3052871521360914,1.4545454545454546,2.090909090909091,2.5454545454545454,16.532880489302492,10.221840459476905,2.0165340553133535,-2.052932103824805,1.9868318604207842,-2.0872558562696213,5.687018398498663,-0.14434559082764348,3.227189314660307,108.13036060964235,8.69023444431199,7.722273974863542,7.722273974863542,5.163902460147014,4.320532425681612,4.320532425681612,3.180412942602845,3.180412942602845,1.3121085355033537,1.3121085355033537,0.6528959688802808,0.6528959688802808,-0.53,218.14313152321316,10.47,6.197598478027457,7.365875295682101,68.93385527255305,4.736862953800049,0.0,0.0,0.0,5.969305287951849,4.794537184071822,0.0,0.0,0.0,27.19203322199788,12.338727669087403,6.4208216229260096,6.606881964512918,9.53140013787187,5.969305287951849,5.917906046161393,40.0336764678499,6.606881964512918,0.0,0.0,0.0,0.0,0.0,12.576187252464766,9.53140013787187,5.917906046161393,40.0336764678499,0.0,0.0,26.3,0.0,4.794537184071822,5.969305287951849,18.94560963360032,12.841643245852019,0.0,0.0,13.847474399381248,6.923737199690624,4.736862953800049,4.9665740740740745,10.884166666666667,0.0,0.0,0.3899319727891155,0.0,2.5663959750566896,6.692931311413454,0.0,0.8888888888888888,11,0,2,0,0,0,0,0,0,2,0,2,5,0,0,0,0,2.375800000000001,45.32200000000002,0,0,0,0,0,0,1,1,0,0,0,0,0,0,1,1,0,0,0,0,0,0,0,0,0,0
CCCCC(=O)OCCC(C)C,4.07,10.961211262282692,-0.043981481481480955,10.961211262282692,0.043981481481480955,0.5757551591270549,172.26799999999997,152.10799999999998,172.14632988,72,0.30527750381399144,-0.4656642501519777,0.4656642501519777,0.30527750381399144,1.4166666666666667,2.0833333333333335,2.5833333333333335,16.53238532016725,10.145659570736713,2.011810240794357,-2.0524894850973125,2.011690817969958,-2.065635414969389,5.686836224813401,-0.14358238160214978,3.1968307824760274,119.0069869280358,9.397341225498538,8.42938075605009,8.42938075605009,5.663902460147014,4.820532425681613,4.820532425681613,3.506545555762923,3.506545555762923,1.692705340840036,1.692705340840036,0.8017463220525112,0.8017463220525112,-0.53,355.88049918074734,11.47,7.137067494977612,7.575596620908132,75.29879738694964,4.736862953800049,0.0,0.0,0.0,5.969305287951849,4.794537184071822,0.0,0.0,0.0,27.19203322199788,18.75954929201341,6.4208216229260096,6.606881964512918,9.53140013787187,5.969305287951849,5.917906046161393,46.4544980907759,6.606881964512918,0.0,0.0,0.0,0.0,0.0,12.576187252464766,9.53140013787187,5.917906046161393,46.4544980907759,0.0,0.0,26.3,0.0,4.794537184071822,5.969305287951849,18.94560963360032,19.26246486877803,0.0,0.0,0.0,20.771211599071872,4.736862953800049,5.0159722222222225,10.961211262282692,0.0,0.0,0.5708103164105152,0.0,3.547869740488788,6.904136458595784,0.0,0.9,12,0,2,0,0,0,0,0,0,2,0,2,6,0,0,0,0,2.765900000000001,49.93900000000003,0,0,0,0,0,0,1,1,0,0,0,0,0,0,1,1,0,0,0,0,0,0,0,0,0,0
CC(C)CCOC(=O)CC(C)C,4.07,11.012739040060469,-0.06421296296296264,11.012739040060469,0.06421296296296264,0.5957782183942469,172.26799999999997,152.10799999999998,172.14632988,72,0.3055386646009083,-0.46565692757946253,0.46565692757946253,0.3055386646009083,1.1666666666666667,1.75,2.1666666666666665,16.532442665540568,10.127942060241468,2.050984565852934,-2.071582713764732,2.0327404373884805,-2.0936091215451644,5.689834152663652,-0.14430454714548985,3.3197808606558676,127.80026905978025,9.560477932315068,8.59251746286662,8.59251746286662,5.519744507803582,4.67637447333818,4.67637447333818,4.000963160518933,4.000963160518933,1.533166066848724,1.533166066848724,0.8007221742419771,0.8007221742419771,-0.53,273.5449443651508,11.47,6.038286743034927,7.575596620908132,75.29879738694964,4.736862953800049,0.0,0.0,0.0,5.969305287951849,4.794537184071822,0.0,0.0,0.0,27.694948798762496,18.256633715248796,6.4208216229260096,6.606881964512918,9.53140013787187,5.969305287951849,11.835812092322787,40.53659204461451,6.606881964512918,0.0,0.0,0.0,0.0,0.0,12.576187252464766,9.53140013787187,11.835812092322787,40.53659204461451,0.0,0.0,26.3,0.0,4.794537184071822,5.969305287951849,24.86351567976171,6.4208216229260096,0.0,0.0,13.847474399381248,13.847474399381248,4.736862953800049,5.0247222222222225,11.012739040060469,0.0,0.0,0.9435648148148146,0.0,1.5019151549508691,8.85039210128496,0.0,0.9,12,0,2,0,0,0,0,0,0,2,0,2,5,0,0,0,0,2.6218000000000012,49.86900000000003,0,0,0,0,0,0,1,1,0,0,0,0,0,0,1,1,0,0,0,0,0,0,0,0,0,0
CCCCCC(=O)OC,4.77,10.464401927437642,-0.09402777777777738,10.464401927437642,0.09402777777777738,0.4277197407264159,130.18699999999998,116.07499999999997,130.099379688,54,0.30500183741330067,-0.4689954278244128,0.4689954278244128,0.30500183741330067,1.4444444444444444,2.111111111111111,2.5555555555555554,16.52293692730326,10.191525162975998,1.9603169232615014,-1.9512481010141725,1.9842967661922233,-1.9815605698631453,5.684547400860765,-0.1402423481333953,2.9730624080867365,78.98533616859814,7.112884175122364,6.144923705673916,6.144923705673916,4.308060412490447,3.3771567527075472,3.3771567527075472,2.033239394346625,2.033239394346625,1.2121251317525819,1.2121251317525819,0.6213996399133721,0.6213996399133721,-0.53,94.26737928973323,8.470000000000002,5.603868808567606,5.339329135302875,56.20397104375984,4.736862953800049,0.0,0.0,0.0,5.969305287951849,4.794537184071822,0.0,0.0,0.0,19.765380445542643,6.4208216229260096,6.4208216229260096,7.109797541277533,9.53140013787187,5.969305287951849,0.0,32.60702369139466,7.109797541277533,0.0,0.0,0.0,0.0,0.0,13.079102829229383,9.53140013787187,0.0,32.60702369139466,0.0,0.0,26.3,0.0,4.794537184071822,5.969305287951849,6.4208216229260096,19.26246486877803,7.109797541277533,0.0,0.0,11.660600153490673,0.0,4.457834467120182,10.464401927437642,0.0,0.0,-0.09402777777777738,0.0,3.8051662887377167,2.108411753590325,1.424880007558579,0.8571428571428571,9,0,2,0,0,0,0,0,0,2,0,2,4,0,0,0,0,1.7397,36.157999999999994,0,0,0,0,0,0,1,1,0,0,0,0,0,0,1,1,0,0,0,0,1,0,0,0,0,1
CCCCCC(=O)OCC,4.49,10.695651927437641,-0.059305555555555056,10.695651927437641,0.059305555555555056,0.4361738106721368,144.21399999999997,128.08599999999998,144.115029752,60,0.3052674242159281,-0.46596920788327123,0.46596920788327123,0.3052674242159281,1.3,2.0,2.5,16.531789969657577,10.190791102411675,1.9801976755125417,-1.9864653709753688,1.9919052650925198,-2.0230998086342433,5.686531881491815,-0.14273435165565113,3.0523751890457076,89.25838096618138,7.819990956308912,6.852030486860464,6.852030486860464,4.808060412490447,3.9646903780250446,3.9646903780250446,2.262127951006913,2.262127951006913,1.2897794361340933,1.2897794361340933,0.7524939886609543,0.7524939886609543,-0.53,149.45355810759327,9.47,6.588063754427392,5.603868808567606,62.568913158156434,4.736862953800049,0.0,0.0,0.0,5.969305287951849,4.794537184071822,0.0,0.0,0.0,19.765380445542643,13.344558822616634,6.4208216229260096,6.606881964512918,9.53140013787187,5.969305287951849,0.0,39.53076089108528,6.606881964512918,0.0,0.0,0.0,0.0,0.0,12.576187252464766,9.53140013787187,0.0,39.53076089108528,0.0,0.0,26.3,0.0,4.794537184071822,5.969305287951849,13.027703587438928,19.26246486877803,0.0,0.0,6.923737199690624,6.923737199690624,4.736862953800049,4.749501133786849,10.695651927437641,0.0,0.0,-0.059305555555555056,0.0,3.828603788737717,4.4522153722600155,0.0,0.875,10,0,2,0,0,0,0,0,0,2,0,2,5,0,0,0,0,2.1298000000000004,40.775000000000006,0,0,0,0,0,0,1,1,0,0,0,0,0,0,1,1,0,0,0,0,0,0,0,0,0,1
CCCCCC(=O)OCCCCC,3.95,11.058799603174602,-0.0235619803476943,11.058799603174602,0.0235619803476943,0.4292208034093733,186.29499999999993,164.11899999999997,186.161979944,78,0.3052775140641399,-0.4656750060205082,0.4656750060205082,0.3052775140641399,1.0,1.6153846153846154,2.230769230769231,16.532350412050913,10.187970689849127,2.0021033377600475,-2.0271175391850225,2.0131735618719526,-2.048243242566233,5.686877732723867,-0.1434263350623735,3.10508253630658,121.2586863990795,9.941311299868556,8.973350830420108,8.973350830420108,6.308060412490447,5.464690378025045,5.464690378025045,3.3846837428305787,3.3846837428305787,1.9953948993433326,1.9953948993433326,1.1295726575261482,1.1295726575261482,-0.53,717.913160439986,12.47,9.557183958151702,9.383611364256268,81.66373950134627,4.736862953800049,0.0,0.0,0.0,5.969305287951849,4.794537184071822,0.0,0.0,0.0,39.53076089108528,12.841643245852019,6.4208216229260096,6.606881964512918,9.53140013787187,5.969305287951849,0.0,58.79322575986332,6.606881964512918,0.0,0.0,0.0,0.0,0.0,12.576187252464766,9.53140013787187,0.0,58.79322575986332,0.0,0.0,26.3,0.0,4.794537184071822,5.969305287951849,13.027703587438928,32.10410811463005,6.4208216229260096,0.0,0.0,13.847474399381248,4.736862953800049,5.05172335600907,11.058799603174602,0.0,0.0,-0.0235619803476943,0.0,7.196323200959293,4.883382486871394,0.0,0.9090909090909091,13,0,2,0,0,0,0,0,0,2,0,2,8,0,0,0,0,3.3001000000000023,54.62600000000005,0,0,0,0,0,0,1,1,0,0,0,0,0,0,1,1,0,0,0,0,0,0,0,0,0,3
CCCCCCC(=O)OC,4.49,10.552731009070294,-0.08694160997732392,10.552731009070294,0.08694160997732392,0.4361738106721368,144.214,128.08599999999998,144.115029752,60,0.30500183885085225,-0.4689954278205985,0.4689954278205985,0.30500183885085225,1.3,2.0,2.5,16.522938365782046,10.151556815523172,1.968393209738075,-1.9666236050099748,2.019161155360421,-1.9835026755125207,5.6845652961694615,-0.14024838595728992,2.9617756061821483,89.25838096618138,7.819990956308912,6.852030486860464,6.852030486860464,4.808060412490447,3.8771567527075472,3.8771567527075472,2.386792784939899,2.386792784939899,1.4621251317525816,1.4621251317525816,0.7981763352100091,0.7981763352100091,-0.53,160.01692703161314,9.47,6.588063754427392,5.603868808567606,62.56891315815645,4.736862953800049,0.0,0.0,0.0,5.969305287951849,4.794537184071822,0.0,0.0,0.0,26.186202068468653,6.4208216229260096,6.4208216229260096,7.109797541277533,9.53140013787187,5.969305287951849,0.0,39.02784531432067,7.109797541277533,0.0,0.0,0.0,0.0,0.0,13.079102829229383,9.53140013787187,0.0,39.02784531432067,0.0,0.0,26.3,0.0,4.794537184071822,5.969305287951849,6.4208216229260096,12.841643245852019,19.951440787129552,0.0,0.0,11.660600153490673,0.0,4.491476048752834,10.552731009070294,0.0,0.0,-0.08694160997732392,0.0,5.125774045729402,2.15093466553288,1.432692507558579,0.875,10,0,2,0,0,0,0,0,0,2,0,2,5,0,0,0,0,2.1298000000000004,40.775000000000006,0,0,0,0,0,0,1,1,0,0,0,0,0,0,1,1,0,0,0,0,1,0,0,0,0,2
CCCCCCCC(=O)OC,4.26,10.622271904132024,-0.08194586167800422,10.622271904132024,0.08194586167800422,0.4383150695699537,158.24099999999999,140.09699999999998,158.130679816,66,0.30500183885634347,-0.4689954278205915,0.4689954278205915,0.30500183885634347,1.1818181818181819,1.8181818181818181,2.3636363636363638,16.522939656645022,10.123556356540949,1.9734931779546914,-1.9789157606699388,2.0446342136464675,-1.9844137103203543,5.68457188627173,-0.14024861082787443,2.9549874302986416,99.73585546369786,8.52709773749546,7.559137268047012,7.559137268047012,5.308060412490447,4.377156752707547,4.377156752707547,2.7403461755331726,2.7403461755331726,1.7121251317525816,1.7121251317525816,0.9749530305066458,0.9749530305066458,-0.53,266.8494448857759,10.47,7.575596620908132,7.365875295682101,68.93385527255306,4.736862953800049,0.0,0.0,0.0,5.969305287951849,4.794537184071822,0.0,0.0,0.0,32.60702369139466,6.4208216229260096,6.4208216229260096,7.109797541277533,9.53140013787187,5.969305287951849,0.0,45.448666937246685,7.109797541277533,0.0,0.0,0.0,0.0,0.0,13.079102829229383,9.53140013787187,0.0,45.448666937246685,0.0,0.0,26.3,0.0,4.794537184071822,5.969305287951849,6.4208216229260096,12.841643245852019,26.372262410055562,0.0,0.0,11.660600153490673,0.0,4.517807067271353,10.622271904132024,0.0,0.0,-0.08194586167800422,0.0,6.488808264046358,2.180859945830184,1.4388653470647519,0.8888888888888888,11,0,2,0,0,0,0,0,0,2,0,2,6,0,0,0,0,2.5199000000000007,45.39200000000002,0,0,0,0,0,0,1,1,0,0,0,0,0,0,1,1,0,0,0,0,1,0,0,0,0,3
CCCCCCCCC(=O)OC,4.08,10.678444743638195,-0.07824858801545287,10.678444743638195,0.07824858801545287,0.43573251046428424,172.268,152.10799999999998,172.14632988,72,0.3050018388563536,-0.4689954278205915,0.4689954278205915,0.3050018388563536,1.0833333333333333,1.6666666666666667,2.25,16.522940914966558,10.103201509803844,1.9768965629948723,-1.9889514607382572,2.063789118316332,-1.9848516209693348,5.684575810421873,-0.1402493598955784,2.9517571314463957,110.40620687739316,9.234204518682008,8.26624404923356,8.26624404923356,5.8080604124904465,4.877156752707547,4.877156752707547,3.0938995661264466,3.0938995661264466,1.9621251317525816,1.9621251317525816,1.1517297258032826,1.1517297258032826,-0.53,445.88872023332465,11.47,8.565510983763133,7.575596620908132,75.29879738694967,4.736862953800049,0.0,0.0,0.0,5.969305287951849,4.794537184071822,0.0,0.0,0.0,39.02784531432067,6.4208216229260096,6.4208216229260096,7.109797541277533,9.53140013787187,5.969305287951849,0.0,51.8694885601727,7.109797541277533,0.0,0.0,0.0,0.0,0.0,13.079102829229383,9.53140013787187,0.0,51.8694885601727,0.0,0.0,26.3,0.0,4.794537184071822,5.969305287951849,6.4208216229260096,12.841643245852019,32.79308403298157,0.0,0.0,11.660600153490673,0.0,4.538979906777525,10.678444743638195,0.0,0.0,-0.07824858801545287,0.0,7.8807990047871,2.202826252414546,1.4438653470647518,0.9,12,0,2,0,0,0,0,0,0,2,0,2,7,0,0,0,0,2.910000000000001,50.009000000000036,0,0,0,0,0,0,1,1,0,0,0,0,0,0,1,1,0,0,0,0,1,0,0,0,0,4
CCCCCCCCCCC(=O)OC,3.78,10.763621511314964,-0.07316390277925233,10.763621511314964,0.07316390277925233,0.41890454460111903,200.32199999999997,176.12999999999997,200.177630008,84,0.3050018388563536,-0.4689954278205915,0.4689954278205915,0.3050018388563536,0.9285714285714286,1.4285714285714286,1.9285714285714286,16.52294341725174,10.076205861049017,1.981026796041958,-2.0040309544193633,2.090255933180347,-1.9851635991238243,5.684581861448943,-0.14024970780385088,2.9522169798466935,132.28341890015258,10.648418081055103,9.680457611606656,9.680457611606656,6.808060412490448,5.877156752707547,5.877156752707547,3.8010063473129936,3.8010063473129936,2.462125131752582,2.462125131752582,1.505283116396556,1.505283116396556,-0.53,1228.290505377333,13.47,10.550192461908578,9.557183958151702,88.0286816157429,4.736862953800049,0.0,0.0,0.0,5.969305287951849,4.794537184071822,0.0,0.0,0.0,51.8694885601727,6.4208216229260096,6.4208216229260096,7.109797541277533,9.53140013787187,5.969305287951849,0.0,64.71113180602472,7.109797541277533,0.0,0.0,0.0,0.0,0.0,13.079102829229383,9.53140013787187,0.0,64.71113180602472,0.0,0.0,26.3,0.0,4.794537184071822,5.969305287951849,6.4208216229260096,6.4208216229260096,52.05554890175961,0.0,0.0,11.660600153490673,0.0,4.570925499064027,10.763621511314964,0.0,0.0,-0.07316390277925233,0.0,10.721313960743974,2.2324997976310206,1.4514698006919327,0.9166666666666666,14,0,2,0,0,0,0,0,0,2,0,2,9,0,0,0,0,3.6902000000000026,59.24300000000005,0,0,0,0,0,0,1,1,0,0,0,0,0,0,1,1,0,0,0,0,1,0,0,0,0,6
CCCCCCCCCC(=O)OCC,3.78,10.956017057687783,-0.04068685962039087,10.956017057687783,0.04068685962039087,0.41890454460111903,200.32199999999997,176.12999999999997,200.177630008,84,0.3052674256589853,-0.4659692078794497,0.4659692078794497,0.3052674256589853,0.9285714285714286,1.5,2.0714285714285716,16.531795447366775,10.087773822765095,1.9950538128227253,-2.0135159170815093,2.0805773330015143,-2.025111049532096,5.686563930637762,-0.14274154290641344,3.0148257844595356,132.28341890015258,10.648418081055103,9.680457611606656,9.680457611606656,6.808060412490448,5.964690378025045,5.964690378025045,3.676341513380008,3.676341513380008,2.289779436134093,2.289779436134093,1.4596007698475015,1.4596007698475015,-0.53,1175.4807664805464,13.47,10.550192461908578,9.557183958151702,88.0286816157429,4.736862953800049,0.0,0.0,0.0,5.969305287951849,4.794537184071822,0.0,0.0,0.0,45.448666937246685,13.344558822616634,6.4208216229260096,6.606881964512918,9.53140013787187,5.969305287951849,0.0,65.21404738278933,6.606881964512918,0.0,0.0,0.0,0.0,0.0,12.576187252464766,9.53140013787187,0.0,65.21404738278933,0.0,0.0,26.3,0.0,4.794537184071822,5.969305287951849,13.027703587438928,6.4208216229260096,38.524929737556064,0.0,6.923737199690624,6.923737199690624,4.736862953800049,4.848043267659069,10.956017057687783,0.0,0.0,-0.04068685962039087,0.0,9.321214098485022,4.582079102455185,0.0,0.9166666666666666,14,0,2,0,0,0,0,0,0,2,0,2,9,0,0,0,0,3.6902000000000026,59.24300000000005,0,0,0,0,0,0,1,1,0,0,0,0,0,0,1,1,0,0,0,0,0,0,0,0,0,5
CCCCCCCCCCC(=O)OCC,3.67,10.994871511314964,-0.03844168055703001,10.994871511314964,0.03844168055703001,0.40438545208052856,214.34899999999996,188.14099999999996,214.193280072,90,0.3052674256589853,-0.4659692078794497,0.4659692078794497,0.3052674256589853,0.8666666666666667,1.4,1.9333333333333333,16.531796757662725,10.076081272355992,1.996337231946015,-2.017640878259677,2.0918535186080085,-2.0251548258414624,5.686566936372794,-0.142741838758265,3.010539816526667,143.47137920080513,11.355524862241651,10.387564392793204,10.387564392793204,7.308060412490448,6.464690378025045,6.464690378025045,4.029894903973282,4.029894903973282,2.5397794361340935,2.5397794361340935,1.6363774651441383,1.6363774651441383,-0.53,1949.6320291581028,14.47,11.544239049740165,11.396238369038379,94.39362373013951,4.736862953800049,0.0,0.0,0.0,5.969305287951849,4.794537184071822,0.0,0.0,0.0,51.8694885601727,13.344558822616634,6.4208216229260096,6.606881964512918,9.53140013787187,5.969305287951849,0.0,71.63486900571534,6.606881964512918,0.0,0.0,0.0,0.0,0.0,12.576187252464766,9.53140013787187,0.0,71.63486900571534,0.0,0.0,26.3,0.0,4.794537184071822,5.969305287951849,13.027703587438928,6.4208216229260096,44.94575136048208,0.0,6.923737199690624,6.923737199690624,4.736862953800049,4.862592165730694,10.994871511314964,0.0,0.0,-0.03844168055703001,0.0,10.749605380862318,4.598039289315722,0.0,0.9230769230769231,15,0,2,0,0,0,0,0,0,2,0,2,10,0,0,0,0,4.080300000000003,63.860000000000056,0,0,0,0,0,0,1,1,0,0,0,0,0,0,1,1,0,0,0,0,0,0,0,0,0,6
CCCCCCCCCCCC(=O)OC,3.67,10.796679532353753,-0.07134648618910844,10.796679532353753,0.07134648618910844,0.40438545208052856,214.34899999999996,188.14099999999996,214.193280072,90,0.3050018388563536,-0.4689954278205915,0.4689954278205915,0.3050018388563536,0.8666666666666667,1.3333333333333333,1.8,16.522944668562765,10.066991689251154,1.9823585281365932,-2.009736764548245,2.0996813289451164,-1.9852126110691541,5.684584679440196,-0.14024987165429595,2.954539891476961,143.47137920080513,11.355524862241651,10.387564392793204,10.387564392793204,7.308060412490448,6.377156752707547,6.377156752707547,4.154559737906267,4.154559737906267,2.712125131752582,2.712125131752582,1.6820598116931929,1.6820598116931929,-0.53,2031.5013459492973,14.47,11.544239049740165,11.396238369038379,94.39362373013951,4.736862953800049,0.0,0.0,0.0,5.969305287951849,4.794537184071822,0.0,0.0,0.0,58.29031018309871,6.4208216229260096,6.4208216229260096,7.109797541277533,9.53140013787187,5.969305287951849,0.0,71.13195342895074,7.109797541277533,0.0,0.0,0.0,0.0,0.0,13.079102829229383,9.53140013787187,0.0,71.13195342895074,0.0,0.0,26.3,0.0,4.794537184071822,5.969305287951849,6.4208216229260096,6.4208216229260096,58.47637052468562,0.0,0.0,11.660600153490673,0.0,4.58327346093122,10.796679532353753,0.0,0.0,-0.07134648618910844,0.0,12.160762405655706,2.2428693733415055,1.4544283805735896,0.9230769230769231,15,0,2,0,0,0,0,0,0,2,0,2,10,0,0,0,0,4.080300000000003,63.860000000000056,0,0,0,0,0,0,1,1,0,0,0,0,0,0,1,1,0,0,0,0,1,0,0,0,0,7
CCCCCCCCCCCCC(=O)OC,3.56,10.825148316317044,-0.06984665055465755,10.825148316317044,0.06984665055465755,0.3850425600347897,228.37599999999995,200.15199999999996,228.208930136,96,0.3050018388563536,-0.4689954278205915,0.4689954278205915,0.3050018388563536,0.8125,1.25,1.6875,16.52294592077413,10.05962767510327,1.9834138610686465,-2.0145514658446686,2.1074303157600363,-1.9852370432526572,5.684587471601698,-0.14025008617711698,2.957653370548287,154.8143311431168,12.0626316434282,11.094671173979751,11.094671173979751,7.808060412490448,6.877156752707547,6.877156752707547,4.50811312849954,4.50811312849954,2.962125131752582,2.962125131752582,1.8588365069898296,1.8588365069898296,-0.53,3354.7452489129128,15.47,12.539108500345543,11.544239049740165,100.75856584453612,4.736862953800049,0.0,0.0,0.0,5.969305287951849,4.794537184071822,0.0,0.0,0.0,64.71113180602472,6.4208216229260096,6.4208216229260096,7.109797541277533,9.53140013787187,5.969305287951849,0.0,77.55277505187675,7.109797541277533,0.0,0.0,0.0,0.0,0.0,13.079102829229383,9.53140013787187,0.0,77.55277505187675,0.0,0.0,26.3,0.0,4.794537184071822,5.969305287951849,6.4208216229260096,6.4208216229260096,64.89719214761163,0.0,0.0,11.660600153490673,0.0,4.593885102037366,10.825148316317044,0.0,0.0,-0.06984665055465755,0.0,13.60920305739306,2.2512974404921002,1.4569794009817527,0.9285714285714286,16,0,2,0,0,0,0,0,0,2,0,2,11,0,0,0,0,4.470400000000004,68.47700000000006,0,0,0,0,0,0,1,1,0,0,0,0,0,0,1,1,0,0,0,0,1,0,0,0,0,8
CCCCCCCCCCCCCC(=O)OC,3.48,10.849921558947429,-0.06858875094510952,10.849921558947429,0.06858875094510952,0.3606575035504831,242.40299999999993,212.16299999999995,242.2245802,102,0.3050018388563536,-0.4689954278205915,0.4689954278205915,0.3050018388563536,0.7647058823529411,1.1764705882352942,1.588235294117647,16.52294717396276,10.05364669067226,1.984280397613218,-2.0186188979221282,2.113910016378581,-1.985248532493235,5.684590257732907,-0.14025027657145908,2.9612681471383215,166.30475487798427,12.769738424614747,11.8017779551663,11.8017779551663,8.308060412490448,7.377156752707547,7.377156752707547,4.861666519092814,4.861666519092814,3.212125131752582,3.212125131752582,2.0356132022864664,2.0356132022864664,-0.53,5530.208585035808,16.469999999999995,13.534641241111824,13.405667484474463,107.12350795893273,4.736862953800049,0.0,0.0,0.0,5.969305287951849,4.794537184071822,0.0,0.0,0.0,71.13195342895074,6.4208216229260096,6.4208216229260096,7.109797541277533,9.53140013787187,5.969305287951849,0.0,83.97359667480276,7.109797541277533,0.0,0.0,0.0,0.0,0.0,13.079102829229383,9.53140013787187,0.0,83.97359667480276,0.0,0.0,26.3,0.0,4.794537184071822,5.969305287951849,6.4208216229260096,6.4208216229260096,71.31801377053765,0.0,0.0,11.660600153490673,0.0,4.603102789112196,10.849921558947429,0.0,0.0,-0.06858875094510952,0.0,15.064770755872848,2.258258690475328,1.459201623203975,0.9333333333333333,17,0,2,0,0,0,0,0,0,2,0,2,12,0,0,0,0,4.8605000000000045,73.09400000000007,0,0,0,0,0,0,1,1,0,0,0,0,0,0,1,1,0,0,0,0,1,0,0,0,0,9
CCCCCCCCCCCCCC(=O)OCC,3.4,11.081171558947428,-0.0338665287228872,11.081171558947428,0.0338665287228872,0.33210766405412984,256.4299999999999,224.17399999999995,256.240230264,108,0.3052674256589853,-0.4659692078794497,0.4659692078794497,0.3052674256589853,0.7222222222222222,1.1666666666666667,1.6111111111111112,16.531800693324595,10.053584574698347,1.9986678385096193,-2.026759546347652,2.1148588148729415,-2.0251850822937847,5.686575645823964,-0.1427424372846376,3.005902695364245,177.93577382145608,13.476845205801295,12.508884736352847,12.508884736352847,8.808060412490448,7.964690378025045,7.964690378025045,5.090555075753102,5.090555075753102,3.2897794361340935,3.2897794361340935,2.1667075510340488,2.1667075510340488,-0.53,8770.621561698603,17.470000000000002,14.530716454159078,13.534641241111824,113.48845007332935,4.736862953800049,0.0,0.0,0.0,5.969305287951849,4.794537184071822,0.0,0.0,0.0,71.13195342895074,13.344558822616634,6.4208216229260096,6.606881964512918,9.53140013787187,5.969305287951849,0.0,90.89733387449338,6.606881964512918,0.0,0.0,0.0,0.0,0.0,12.576187252464766,9.53140013787187,0.0,90.89733387449338,0.0,0.0,26.3,0.0,4.794537184071822,5.969305287951849,13.027703587438928,6.4208216229260096,64.20821622926012,0.0,6.923737199690624,6.923737199690624,4.736862953800049,4.894769455778863,11.081171558947428,0.0,0.0,-0.0338665287228872,0.0,15.094067630872848,4.630524549790414,0.0,0.9375,18,0,2,0,0,0,0,0,0,2,0,2,13,0,0,0,0,5.250600000000005,77.71100000000007,0,0,0,0,0,0,1,1,0,0,0,0,0,0,1,1,0,0,0,0,0,0,0,0,0,9
CCCCCCCCCCCCCCC(=O)OC,3.4,10.871675031169652,-0.06751921201842781,10.871675031169652,0.06751921201842781,0.33210766405412984,256.4299999999999,224.17399999999995,256.240230264,108,0.3050018388563536,-0.4689954278205915,0.4689954278205915,0.3050018388563536,0.7222222222222222,1.1111111111111112,1.5,16.522948428147387,10.04872595858368,1.9850156112594355,-2.0220967413297766,2.1194123673302134,-1.985254415480875,5.684593044802091,-0.14025047769092702,2.9651821054755865,177.93577382145608,13.476845205801295,12.508884736352847,12.508884736352847,8.808060412490448,7.877156752707547,7.877156752707547,5.215219909686088,5.215219909686088,3.462125131752582,3.462125131752582,2.212389897583103,2.212389897583103,-0.53,9104.514234161794,17.470000000000002,14.530716454159078,13.534641241111824,113.48845007332935,4.736862953800049,0.0,0.0,0.0,5.969305287951849,4.794537184071822,0.0,0.0,0.0,77.55277505187675,6.4208216229260096,6.4208216229260096,7.109797541277533,9.53140013787187,5.969305287951849,0.0,90.39441829772878,7.109797541277533,0.0,0.0,0.0,0.0,0.0,13.079102829229383,9.53140013787187,0.0,90.39441829772878,0.0,0.0,26.3,0.0,4.794537184071822,5.969305287951849,6.4208216229260096,6.4208216229260096,77.73883539346366,0.0,0.0,11.660600153490673,0.0,4.611184386334418,10.871675031169652,0.0,0.0,-0.06751921201842781,0.0,16.526082936995298,2.2640887759817527,1.461154748203975,0.9375,18,0,2,0,0,0,0,0,0,2,0,2,13,0,0,0,0,5.250600000000005,77.71100000000007,0,0,0,0,0,0,1,1,0,0,0,0,0,0,1,1,0,0,0,0,1,0,0,0,0,10
CCCCCCCCCCCCCCCC(=O)OCC,3.22,11.122179194231935,-0.03187685090731662,11.122179194231935,0.03187685090731662,0.27090039076735023,284.484,248.19599999999994,284.271530392,120,0.3052674256589853,-0.4659692078794497,0.4659692078794497,0.3052674256589853,0.65,1.05,1.45,16.531803322217453,10.044584400723918,1.9996376738225325,-2.0310331066151286,2.1248903049651897,-2.0251874716434,5.686581432628968,-0.1427428547219338,3.0069232506258277,201.59490309182667,14.891058768174391,13.923098298725943,13.923098298725943,9.808060412490448,8.964690378025045,8.964690378025045,5.79766185693965,5.79766185693965,3.7897794361340935,3.7897794361340935,2.5202609416273223,2.5202609416273223,-0.53,23733.04243892991,19.470000000000002,16.52414185165133,15.527240984544935,126.21833430212257,4.736862953800049,0.0,0.0,0.0,5.969305287951849,4.794537184071822,0.0,0.0,0.0,83.97359667480276,13.344558822616634,6.4208216229260096,6.606881964512918,9.53140013787187,5.969305287951849,0.0,103.73897712034541,6.606881964512918,0.0,0.0,0.0,0.0,0.0,12.576187252464766,9.53140013787187,0.0,103.73897712034541,0.0,0.0,26.3,0.0,4.794537184071822,5.969305287951849,13.027703587438928,6.4208216229260096,77.04985947511214,0.0,6.923737199690624,6.923737199690624,4.736862953800049,4.909994489419771,11.122179194231935,0.0,0.0,-0.03187685090731662,0.0,18.021799785349565,4.6445700485727155,0.0,0.9444444444444444,20,0,2,0,0,0,0,0,0,2,0,2,15,0,0,0,0,6.030800000000006,86.94500000000008,0,0,0,0,0,0,1,1,0,0,0,0,0,0,1,1,0,0,0,0,0,0,0,0,0,11
CCCCCCCCCCCCCCCCCC(=O)OCCCC,3.05,11.429553616296912,-0.001718423815528558,11.429553616296912,0.001718423815528558,0.17870563962622946,340.5920000000001,296.24,340.334130648,144,0.3052775141617927,-0.465675191765929,0.465675191765929,0.3052775141617927,0.5416666666666666,0.9166666666666666,1.3333333333333333,16.53236129379466,10.038188803007563,2.0137643716211038,-2.0430227124957097,2.133519004467638,-2.0471879474992103,5.686921105760459,-0.14340715298085702,3.0581741685865103,250.35446975062405,17.71948589292058,16.751525423472135,16.751525423472135,11.808060412490448,10.964690378025043,10.964690378025043,7.27377103935659,7.27377103935659,4.745394899343333,4.745394899343333,3.043168495767231,3.043168495767231,-0.53,173172.87358004812,23.47,20.514503782821542,19.516576618537492,151.67810275970902,4.736862953800049,0.0,0.0,0.0,5.969305287951849,4.794537184071822,0.0,0.0,0.0,110.15979874327142,12.841643245852019,6.4208216229260096,6.606881964512918,9.53140013787187,5.969305287951849,0.0,129.42226361204948,6.606881964512918,0.0,0.0,0.0,0.0,0.0,12.576187252464766,9.53140013787187,0.0,129.42226361204948,0.0,0.0,26.3,0.0,4.794537184071822,5.969305287951849,13.027703587438928,19.26246486877803,89.89150272096417,0.0,0.0,13.847474399381248,4.736862953800049,5.1626081129414665,11.429553616296912,0.0,0.0,-0.001718423815528558,0.0,23.07707037741648,4.9991529838273365,0.0,0.9545454545454546,24,0,2,0,0,0,0,0,0,2,0,2,19,0,0,0,0,7.591200000000009,105.4130000000001,0,0,0,0,0,0,1,1,0,0,0,0,0,0,1,1,0,0,0,0,0,0,0,0,0,14
COC(=O)C1CCCCC1,5.05,10.944629629629631,-0.014166666666666217,10.944629629629631,0.014166666666666217,0.5211287604023573,142.19799999999998,128.08599999999998,142.099379688,58,0.3081490924554469,-0.468791909129792,0.468791909129792,0.3081490924554469,1.3,1.9,2.4,16.523964793346988,9.894208015488566,2.2036255662799067,-2.178443149580875,2.2358704671504097,-2.180854691909609,5.717278940709339,-0.14599714293111574,2.3116774307335968,114.42599881712918,7.397341225498538,6.42938075605009,6.42938075605009,4.842535255101096,3.921668296450265,3.921668296450265,2.8580936049889027,2.8580936049889027,2.1396895123869637,2.1396895123869637,1.5049576040777826,1.5049576040777826,-0.53,237.587417309747,7.575596620908132,3.5925082832361293,1.723431282582924,61.56308200462723,4.736862953800049,0.0,0.0,0.0,5.969305287951849,4.794537184071822,0.0,0.0,0.0,19.26246486877803,12.841643245852019,0.0,13.027703587438927,9.53140013787187,5.969305287951849,5.917906046161393,32.10410811463005,7.109797541277533,0.0,0.0,0.0,0.0,0.0,13.079102829229383,9.53140013787187,5.917906046161393,32.10410811463005,0.0,0.0,26.3,0.0,4.794537184071822,11.887211334113243,0.0,12.841643245852019,26.372262410055562,0.0,0.0,4.736862953800049,0.0,4.650740740740741,10.944629629629631,0.0,0.0,0.19300925925925916,0.0,5.742434807256236,0.0,1.4691855631141344,0.875,10,0,2,1,0,1,0,0,0,2,0,2,1,1,0,1,1,1.7397,38.591,0,0,0,0,0,0,1,1,0,0,0,0,0,0,1,1,0,0,0,0,1,0,0,0,0,0
CCOC(=O)C1CCCCC1,4.73,11.17587962962963,0.020555555555556104,11.17587962962963,0.020555555555556104,0.572362235900361,156.22499999999997,140.09699999999998,156.115029752,64,0.30841465533709006,-0.46576568634987137,0.46576568634987137,0.30841465533709006,1.3636363636363635,2.0,2.5454545454545454,16.532799927903284,9.893878278010773,2.209794572231621,-2.186799204816301,2.2383878001740474,-2.1954483748284592,5.719104471000434,-0.14858720381291218,2.2652187436469213,125.52442279202945,8.104448006685086,7.136487537236638,7.136487537236638,5.342535255101096,4.509201921767763,4.509201921767763,3.0869821616491913,3.0869821616491913,2.225101514585491,2.225101514585491,1.5984009660410863,1.5984009660410863,-0.53,380.17580046477946,8.565510983763133,4.369018590889185,2.5237952602171454,67.92802411902383,4.736862953800049,0.0,0.0,0.0,5.969305287951849,4.794537184071822,0.0,0.0,0.0,19.26246486877803,19.765380445542643,0.0,12.52478801067431,9.53140013787187,5.969305287951849,5.917906046161393,39.02784531432067,6.606881964512918,0.0,0.0,0.0,0.0,0.0,12.576187252464766,9.53140013787187,5.917906046161393,39.02784531432067,0.0,0.0,26.3,0.0,4.794537184071822,11.887211334113243,6.606881964512918,12.841643245852019,19.26246486877803,0.0,6.923737199690624,0.0,4.736862953800049,4.942407407407408,11.17587962962963,0.0,0.0,0.23231481481481486,0.0,5.764418225623583,2.3849799225245656,0.0,0.8888888888888888,11,0,2,1,0,1,0,0,0,2,0,2,2,1,0,1,1,2.1298000000000004,43.20800000000001,0,0,0,0,0,0,1,1,0,0,0,0,0,0,1,1,0,0,0,0,0,0,0,0,0,0
CCC=CCC=CCC=CCCCCCCCC(=O)OC,3.44,10.905159961691597,-0.08687704227743231,10.905159961691597,0.08687704227743231,0.24533810161105135,292.46299999999997,260.20699999999994,292.240230264,120,0.30500183885636434,-0.4689954278205915,0.4689954278205915,0.30500183885636434,0.8095238095238095,1.380952380952381,2.0476190476190474,16.522951396235314,10.09120032207885,1.9794362622509518,-1.994581097044494,2.0783783445419135,-1.984975697395296,5.684620498994697,-0.14025077648100306,3.252418136518658,313.52804312292585,15.598165549360939,13.85166600793096,13.85166600793096,10.308060412490448,8.326646495490726,8.326646495490726,5.176441074349249,5.176441074349249,3.25939586740524,3.25939586740524,1.9904712398862994,1.9904712398862994,-1.31,40352.15788365095,19.69,16.74350454788657,16.636666428066306,130.51446731996643,4.736862953800049,0.0,0.0,0.0,5.969305287951849,4.794537184071822,0.0,0.0,0.0,62.64232270947194,38.524929737556064,6.4208216229260096,7.109797541277533,9.53140013787187,5.969305287951849,0.0,71.13195342895074,7.109797541277533,36.45612064100329,0.0,0.0,0.0,0.0,13.079102829229383,9.53140013787187,0.0,71.13195342895074,36.45612064100329,0.0,26.3,0.0,4.794537184071822,5.969305287951849,6.4208216229260096,32.10410811463005,32.79308403298157,0.0,0.0,48.11672079449396,0.0,4.612060830218237,10.905159961691597,0.0,0.0,-0.08687704227743231,0.0,24.131305552173,2.154855271363609,1.4501620934976551,0.631578947368421,21,0,2,0,0,0,0,0,0,2,0,2,13,0,0,0,0,5.748900000000005,91.28000000000006,0,0,0,0,0,0,1,1,0,6,0,0,0,0,1,1,0,0,0,0,1,0,0,0,0,5
CCCCCC=CCC=CCCCCCCCC(=O)OC,3.36,10.908843190497825,-0.08270169505521019,10.908843190497825,0.08270169505521019,0.22389414511217784,294.4789999999999,260.20699999999994,294.255880328,122,0.30500183885636434,-0.4689954278205915,0.4689954278205915,0.30500183885636434,0.8095238095238095,1.380952380952381,2.0,16.522951659376467,10.09068097705159,1.9796444777653646,-1.9947773866567005,2.0801361463969097,-1.9849758637149229,5.684614495472021,-0.14025082847314313,3.1983555918756625,279.290940840325,15.598165549360939,14.111179031924804,14.111179031924804,10.308060412490448,8.676816581229666,8.676816581229666,5.556867918480199,5.556867918480199,3.559205615859021,3.559205615859021,2.1828268910508406,2.1828268910508406,-1.05,40352.15788365095,19.95,17.002770448548812,16.89739333183324,131.20407035215067,4.736862953800049,0.0,0.0,0.0,5.969305287951849,4.794537184071822,0.0,0.0,0.0,63.33192574165621,38.524929737556064,6.4208216229260096,7.109797541277533,9.53140013787187,5.969305287951849,0.0,83.97359667480276,7.109797541277533,24.304080427335524,0.0,0.0,0.0,0.0,13.079102829229383,9.53140013787187,0.0,83.97359667480276,24.304080427335524,0.0,26.3,0.0,4.794537184071822,5.969305287951849,6.4208216229260096,19.26246486877803,58.47637052468562,0.0,0.0,35.9646805808262,0.0,4.615744059024466,10.908843190497825,0.0,0.0,-0.08270169505521019,0.0,23.029684878099996,2.2416608269191642,1.4534354071804267,0.7368421052631579,21,0,2,0,0,0,0,0,0,2,0,2,14,0,0,0,0,5.972900000000005,91.37400000000007,0,0,0,0,0,0,1,1,0,4,0,0,0,0,1,1,0,0,0,0,1,0,0,0,0,7
CCCCCCCCC=CCCCCCCCC(=O)OC,3.28,10.914352790787646,-0.07627089295133094,10.914352790787646,0.07627089295133094,0.20427325727291779,296.49499999999995,260.20699999999994,296.271530392,124,0.30500183885636434,-0.4689954278205915,0.4689954278205915,0.30500183885636434,0.7619047619047619,1.2380952380952381,1.7619047619047619,16.522951926720264,10.077888804673949,1.9805724597742802,-1.9994022403349814,2.0954367463194434,-1.9849830716193868,5.6846081554049155,-0.1402508759805496,3.098746386670374,245.9509084662627,15.598165549360939,14.370692055918648,14.370692055918648,10.308060412490448,9.026986666968606,9.026986666968606,5.910421309073472,5.910421309073472,3.870373422216445,3.870373422216445,2.4421394670790373,2.4421394670790373,-0.79,40352.15788365095,20.21,17.262056220718378,17.158100762324715,131.89367338433493,4.736862953800049,0.0,0.0,0.0,5.969305287951849,4.794537184071822,0.0,0.0,0.0,70.44235039676647,32.10410811463005,6.4208216229260096,7.109797541277533,9.53140013787187,5.969305287951849,0.0,96.81523992065479,7.109797541277533,12.152040213667762,0.0,0.0,0.0,0.0,13.079102829229383,9.53140013787187,0.0,96.81523992065479,12.152040213667762,0.0,26.3,0.0,4.794537184071822,5.969305287951849,6.4208216229260096,12.841643245852019,77.73883539346366,0.0,0.0,23.812640367158433,0.0,4.621253659314286,10.914352790787646,0.0,0.0,-0.07627089295133094,0.0,21.983368662264546,2.2657537974407065,1.4582086498108122,0.8421052631578947,21,0,2,0,0,0,0,0,0,2,0,2,15,0,0,0,0,6.1969000000000065,91.46800000000007,0,0,0,0,0,0,1,1,0,2,0,0,0,0,1,1,0,0,0,0,1,0,0,0,0,10
CCCCCCCCC=CCCCCCCCC(=O)OCC,3.19,11.145602790787645,-0.04154867072910862,11.145602790787645,0.04154867072910862,0.18256502838186983,310.522,272.21799999999996,310.287180456,130,0.30526742565899606,-0.4659692078794497,0.4659692078794497,0.30526742565899606,0.7272727272727273,1.2272727272727273,1.7727272727272727,16.531805673423452,10.077811736649013,1.9961227302741253,-2.0136853119641476,2.096650428011797,-2.0250736717229434,5.686594166127321,-0.14274307336320574,3.124606929219554,258.43285882910067,16.30527233054749,15.077798837105195,15.077798837105195,10.808060412490448,9.614520292286103,9.614520292286103,6.13930986573376,6.13930986573376,3.9480277265979566,3.9480277265979566,2.5732338158266197,2.5732338158266197,-0.79,63950.88807157435,21.209999999999997,18.25948045522019,17.262056220718378,138.25861549873153,4.736862953800049,0.0,0.0,0.0,5.969305287951849,4.794537184071822,0.0,0.0,0.0,70.44235039676647,39.02784531432067,6.4208216229260096,6.606881964512918,9.53140013787187,5.969305287951849,0.0,103.73897712034541,6.606881964512918,12.152040213667762,0.0,0.0,0.0,0.0,12.576187252464766,9.53140013787187,0.0,103.73897712034541,12.152040213667762,0.0,26.3,0.0,4.794537184071822,5.969305287951849,13.027703587438928,12.841643245852019,70.62903785218613,0.0,6.923737199690624,19.075777413358384,4.736862953800049,4.912920325980952,11.145602790787645,0.0,0.0,-0.04154867072910862,0.0,22.01979946436843,4.62989275625875,0.0,0.85,22,0,2,0,0,0,0,0,0,2,0,2,16,0,0,0,0,6.587000000000008,96.08500000000008,0,0,0,0,0,0,1,1,0,2,0,0,0,0,1,1,0,0,0,0,0,0,0,0,0,10
CCCCCCCCC=CCCCCCCCC(=O)OCCCC,3.1,11.420421384891952,-0.012891263321701318,11.420421384891952,0.012891263321701318,0.14807847800712917,338.5760000000001,296.24,338.318480584,142,0.3052775141618034,-0.465675191765929,0.465675191765929,0.3052775141618034,0.6666666666666666,1.1666666666666667,1.75,16.532361006708076,10.07772794097445,2.0106600566008637,-2.0330105664071936,2.0986054835302994,-2.0471189628056514,5.686928172967438,-0.14340695716956198,3.1606950446064213,283.6945021246863,17.71948589292058,16.49201239947829,16.49201239947829,11.808060412490448,10.614520292286103,10.614520292286103,6.908312266964153,6.908312266964153,4.403643189807196,4.403643189807196,2.7425879793732544,2.7425879793732544,-0.79,173172.87358004812,23.21,20.255024763619993,19.257147571900045,150.98849972752475,4.736862953800049,0.0,0.0,0.0,5.969305287951849,4.794537184071822,0.0,0.0,0.0,83.7869092193831,38.524929737556064,6.4208216229260096,6.606881964512918,9.53140013787187,5.969305287951849,0.0,116.58062036619744,6.606881964512918,12.152040213667762,0.0,0.0,0.0,0.0,12.576187252464766,9.53140013787187,0.0,116.58062036619744,12.152040213667762,0.0,26.3,0.0,4.794537184071822,5.969305287951849,13.027703587438928,25.683286491704038,70.62903785218613,0.0,0.0,25.99951461304901,4.736862953800049,5.153475881536508,11.420421384891952,0.0,0.0,-0.012891263321701318,0.0,24.13005821549631,4.975602448063597,0.0,0.8636363636363636,24,0,2,0,0,0,0,0,0,2,0,2,18,0,0,0,0,7.367200000000008,105.31900000000009,0,0,0,0,0,0,1,1,0,2,0,0,0,0,1,1,0,0,0,0,0,0,0,0,0,11
CC(=O)OCC1=CC=CC=C1,5.48,10.39484552154195,-0.24180272108843526,10.39484552154195,0.24180272108843526,0.6001729288122303,150.177,140.09699999999998,150.06807956,58,0.30246072005009045,-0.46100343395037224,0.46100343395037224,0.30246072005009045,1.3636363636363635,2.0,2.5454545454545454,16.531651845545106,10.22282975665252,1.9258402458495314,-1.9935916309655286,1.9928032000913938,-1.974543614230757,5.65405052450942,-0.14172596071569932,2.453018743531937,228.57786591623355,8.104448006685086,6.410354708062404,6.410354708062404,5.287693700234704,3.4611604181749094,3.4611604181749094,2.265855318045499,2.265855318045499,1.2849232447891443,1.2849232447891443,0.7592005155721044,0.7592005155721044,-1.31,349.0290980341817,7.793199174406604,3.7604813030666033,2.8460530411741587,65.80129679223744,4.736862953800049,6.606881964512918,0.0,0.0,5.969305287951849,4.794537184071822,0.0,0.0,0.0,30.33183534230805,5.563451491696996,6.923737199690624,0.0,9.53140013787187,5.969305287951849,0.0,13.530619164203543,0.0,35.89528683400505,0.0,0.0,0.0,0.0,5.969305287951849,16.13828210238479,0.0,12.487188691387619,30.33183534230805,0.0,26.3,0.0,4.794537184071822,5.969305287951849,6.606881964512918,5.563451491696996,6.923737199690624,0.0,30.33183534230805,0.0,4.736862953800049,4.788981481481482,10.39484552154195,0.0,1.016388888888889,-0.24180272108843526,9.5980220143613,0.0,1.7768981481481478,0.0,0.2222222222222222,11,0,2,0,0,0,1,0,1,2,0,2,2,0,0,0,1,1.7496999999999998,41.91200000000003,0,0,0,0,0,0,1,1,0,0,0,1,0,0,1,1,0,0,0,0,0,0,0,0,0,0
CCC(=O)OCC1=CC=CC=C1,5.07,10.762901077097506,-0.15383975812547224,10.762901077097506,0.15383975812547224,0.6395972856634639,164.204,152.10799999999998,164.083729624,64,0.3053342363207337,-0.4608082715606513,0.4608082715606513,0.3053342363207337,1.3333333333333333,2.0,2.5833333333333335,16.53248343631187,10.221527532948738,1.9708347933791095,-2.0132672619277776,2.0042656963083716,-2.013107967522686,5.683382134515268,-0.144049587571871,2.384535862890579,241.27530899395387,8.811554787871634,7.117461489248952,7.117461489248952,5.825698502695489,4.021820589954731,4.021820589954731,2.499835552769723,2.499835552769723,1.5313228847025169,1.5313228847025169,0.8401248408473498,0.8401248408473498,-1.31,638.342203265092,8.783545369504209,4.544018446795469,2.7419880629252233,72.16623890663404,4.736862953800049,6.606881964512918,0.0,0.0,5.969305287951849,4.794537184071822,0.0,0.0,0.0,37.255572541998674,5.563451491696996,6.4208216229260096,0.0,9.53140013787187,5.969305287951849,0.0,19.951440787129552,0.0,35.89528683400505,0.0,0.0,0.0,0.0,5.969305287951849,16.13828210238479,0.0,18.90801031431363,30.33183534230805,0.0,26.3,0.0,4.794537184071822,5.969305287951849,13.027703587438928,5.563451491696996,0.0,6.923737199690624,30.33183534230805,0.0,4.736862953800049,4.938287037037037,10.762901077097506,0.0,1.02712962962963,-0.15383975812547224,9.654020455404385,0.4373348922902498,2.1675,0.0,0.3,12,0,2,0,0,0,1,0,1,2,0,2,3,0,0,0,1,2.1398,46.52900000000003,0,0,0,0,0,0,1,1,0,0,0,1,0,0,1,1,0,0,0,0,0,0,0,0,0,0
CCCC(=O)OCC1=CC=CC=C1,4.78,10.994151077097506,-0.11911753590325014,10.994151077097506,0.11911753590325014,0.6620936524754426,178.231,164.11899999999997,178.099379688,70,0.30560472033475083,-0.46080087498193306,0.46080087498193306,0.30560472033475083,1.3076923076923077,2.0,2.6153846153846154,16.532541215219148,10.21948068790088,1.9954453290600036,-2.0245638676520725,2.0155358284612053,-2.0274177667500077,5.687003961376384,-0.1444914274007397,2.310042822879905,254.05260581186823,9.518661569058182,7.824568270435499,7.824568270435499,6.325698502695489,4.521820589954731,4.521820589954731,2.8962821621764485,2.8962821621764485,1.6967718953396353,1.6967718953396353,1.014355697112019,1.014355697112019,-1.31,1015.5164547975032,9.775543199315653,5.355726156931021,3.740879047397056,78.53118102103066,4.736862953800049,6.606881964512918,0.0,0.0,5.969305287951849,4.794537184071822,0.0,0.0,0.0,37.255572541998674,11.984273114623004,6.4208216229260096,0.0,9.53140013787187,5.969305287951849,0.0,26.372262410055562,0.0,35.89528683400505,0.0,0.0,0.0,0.0,5.969305287951849,16.13828210238479,0.0,25.328831937239638,30.33183534230805,0.0,26.3,0.0,4.794537184071822,5.969305287951849,13.027703587438928,11.984273114623004,0.0,0.0,37.255572541998674,0.0,4.736862953800049,5.029537037037037,10.994151077097506,0.0,1.0342157974300834,-0.11911753590325014,9.696226458175863,1.3476751858150666,2.350645313681028,0.0,0.36363636363636365,13,0,2,0,0,0,1,0,1,2,0,2,4,0,0,0,1,2.5299000000000005,51.146000000000036,0,0,0,0,0,0,1,1,0,0,0,1,0,0,1,1,0,0,0,0,0,0,0,0,0,0
CCOC(=O)CC1=CC=CC=C1,5.18,10.990235260770975,-0.16324074074074058,10.990235260770975,0.16324074074074058,0.6365051962344709,164.204,152.10799999999998,164.083729624,64,0.309742211250131,-0.46572543544810774,0.46572543544810774,0.309742211250131,1.3333333333333333,2.0,2.5833333333333335,16.531817029710155,10.152226095388567,2.0097998488446414,-1.9998050021947005,1.997003749387028,-2.0649406888676705,5.719218828269901,-0.14177529274016712,2.4716659606850775,241.27530899395387,8.811554787871634,7.117461489248952,7.117461489248952,5.825698502695489,4.021820589954731,4.021820589954731,2.4673964247704925,2.4673964247704925,1.4966115796190784,1.4966115796190784,0.9745470420629431,0.9745470420629431,-1.31,585.3846826146989,8.783545369504209,4.544018446795469,2.7419880629252233,72.16623890663404,4.736862953800049,0.0,0.0,0.0,5.969305287951849,4.794537184071822,0.0,0.0,0.0,30.33183534230805,12.487188691387619,0.0,13.027703587438928,9.53140013787187,5.969305287951849,0.0,13.344558822616634,6.606881964512918,35.89528683400505,0.0,0.0,0.0,0.0,12.576187252464766,15.95222176079788,0.0,12.487188691387619,30.33183534230805,0.0,26.3,0.0,4.794537184071822,5.969305287951849,13.027703587438928,5.563451491696996,0.0,0.0,37.255572541998674,0.0,4.736862953800049,4.806862244897959,10.990235260770975,0.0,0.9962500000000003,-0.16324074074074058,9.575012046485261,0.36972222222222206,2.2584922996976573,0.0,0.3,12,0,2,0,0,0,1,0,1,2,0,2,3,0,0,0,1,1.7922,46.77900000000003,0,0,0,0,0,0,1,1,0,0,0,1,0,0,1,1,0,0,0,0,0,0,0,0,0,0
CC(=O)OCCC1=CC=CC=C1,5.14,10.411735953640715,-0.21673044217687032,10.411735953640715,0.21673044217687032,0.6365051962344709,164.204,152.10799999999998,164.083729624,64,0.3021342050184882,-0.46552389494585383,0.46552389494585383,0.3021342050184882,1.3333333333333333,2.0,2.5833333333333335,16.53147284694407,10.158468716074877,1.9318907485493593,-2.003647899828179,1.9868384293574737,-2.023410309052872,5.6537163842673674,-0.14033473907037503,2.290572056240154,241.27530899395387,8.811554787871634,7.117461489248952,7.117461489248952,5.787693700234704,3.9611604181749094,3.9611604181749094,2.5756418959800245,2.5756418959800245,1.538887074300519,1.538887074300519,0.9572881436307308,0.9572881436307308,-1.31,567.1150534979386,8.783545369504209,4.544018446795469,3.191164645691246,72.16623890663405,4.736862953800049,0.0,0.0,0.0,5.969305287951849,4.794537184071822,0.0,0.0,0.0,30.33183534230805,5.563451491696996,13.344558822616634,6.606881964512918,9.53140013787187,5.969305287951849,0.0,13.344558822616634,6.606881964512918,35.89528683400505,0.0,0.0,0.0,0.0,12.576187252464766,15.95222176079788,0.0,12.487188691387619,30.33183534230805,0.0,26.3,0.0,4.794537184071822,5.969305287951849,6.606881964512918,6.4208216229260096,12.487188691387619,0.0,30.33183534230805,0.0,4.736862953800049,4.806862244897959,10.411735953640715,0.0,1.1932870370370372,-0.21673044217687032,9.952900762156714,0.7920833333333333,1.8931944444444442,0.0,0.3,12,0,2,0,0,0,1,0,1,2,0,2,3,0,0,0,1,1.7922,46.77900000000003,0,0,0,0,0,0,1,1,0,0,0,1,0,0,1,1,0,0,0,0,0,0,0,0,0,0
CC(=O)OC1=CC=CC=C1,5.16,10.39092970521542,-0.2859259259259257,10.39092970521542,0.2859259259259257,0.4327747976813635,136.14999999999998,128.08599999999998,136.052429496,52,0.307523937689319,-0.4267339377171449,0.4267339377171449,0.307523937689319,1.3,1.9,2.4,16.53461992653741,10.338198521328197,1.924338660632118,-1.9686166601838864,2.070027508386308,-1.9988225119938599,5.686312892005634,-0.1313958557471609,2.6742416022951265,215.9590174505521,7.397341225498538,5.703247926875856,5.703247926875856,4.787693700234704,3.0230560382187543,3.0230560382187543,1.9066962259983042,1.9066962259983042,1.0047850346503178,1.0047850346503178,0.654500262193779,0.654500262193779,-1.31,195.6254620163014,6.805074798619103,3.011779444695785,1.89537540220571,59.43635467784082,4.736862953800049,5.749511833283905,0.0,0.0,5.969305287951849,4.794537184071822,0.0,0.0,0.0,18.19910120538483,12.13273413692322,6.923737199690624,0.0,9.53140013787187,5.969305287951849,0.0,6.923737199690624,0.0,30.33183534230805,5.749511833283905,4.736862953800049,0.0,5.749511833283905,5.969305287951849,4.794537184071822,0.0,6.923737199690624,30.33183534230805,0.0,26.3,0.0,4.794537184071822,5.969305287951849,5.749511833283905,0.0,6.923737199690624,12.13273413692322,18.19910120538483,0.0,4.736862953800049,4.775277777777777,10.39092970521542,0.0,0.0,0.3066666666666671,8.978514739229025,0.0,1.3819444444444444,0.0,0.125,10,0,2,0,0,0,1,0,1,2,0,2,1,0,0,0,1,1.6118999999999999,37.75100000000001,0,0,0,0,0,0,1,1,0,0,0,1,0,0,1,1,0,0,0,0,0,1,0,0,0,0
CCC(=O)OC1=CC=CC=C1,4.91,10.758985260770976,-0.19796296296296267,10.758985260770976,0.19796296296296267,0.47578979795050885,150.177,140.09699999999998,150.06807956,58,0.31039665771688263,-0.4265383005357766,0.4265383005357766,0.31039665771688263,1.3636363636363635,2.0,2.5454545454545454,16.53544705176432,10.332791799474382,1.9773013774204296,-1.9935300058058745,2.080289229930932,-2.043376068370771,5.713043489752405,-0.13351230255402635,2.57930229200732,228.57786591623355,8.104448006685086,6.410354708062404,6.410354708062404,5.325698502695489,3.5837162099985758,3.5837162099985758,2.1406764607225277,2.1406764607225277,1.2635668802778683,1.2635668802778683,0.6921512489780577,0.6921512489780577,-1.31,370.93558073874095,7.793199174406604,3.7604813030666033,2.4151759077622965,65.80129679223742,4.736862953800049,5.749511833283905,0.0,0.0,5.969305287951849,4.794537184071822,0.0,0.0,0.0,25.122838405075452,12.13273413692322,6.4208216229260096,0.0,9.53140013787187,5.969305287951849,0.0,13.344558822616634,0.0,30.33183534230805,5.749511833283905,4.736862953800049,0.0,5.749511833283905,5.969305287951849,4.794537184071822,0.0,13.344558822616634,30.33183534230805,0.0,26.3,0.0,4.794537184071822,5.969305287951849,12.170333456209914,0.0,0.0,19.056471336613843,18.19910120538483,0.0,4.736862953800049,4.9245833333333335,10.758985260770976,0.0,0.0,0.4125462962962967,9.056496598639455,0.4116014739229026,1.7691203703703704,0.0,0.2222222222222222,11,0,2,0,0,0,1,0,1,2,0,2,2,0,0,0,1,2.002,42.36800000000002,0,0,0,0,0,0,1,1,0,0,0,1,0,0,1,1,0,0,0,0,0,1,0,0,0,0
CCCC(=O)OC1=CC=CC=C1,4.56,10.990235260770975,-0.16324074074074058,10.990235260770975,0.16324074074074058,0.5061507405658744,164.20399999999998,152.10799999999998,164.083729624,64,0.31066711747981246,-0.4265308896956285,0.4265308896956285,0.31066711747981246,1.3333333333333333,2.0,2.5833333333333335,16.53550465000392,10.310321005803,2.003431926293942,-2.007681154488147,2.0877214957959236,-2.0583023268497995,5.716311199886446,-0.13391788718380113,2.4716659606850775,241.27530899395387,8.811554787871634,7.117461489248952,7.117461489248952,5.825698502695489,4.083716209998576,4.083716209998576,2.537123070129254,2.537123070129254,1.4290158909149868,1.4290158909149868,0.8751376468692689,0.8751376468692689,-1.31,585.3846826146989,8.783545369504209,4.544018446795469,2.7419880629252233,72.16623890663405,4.736862953800049,5.749511833283905,0.0,0.0,5.969305287951849,4.794537184071822,0.0,0.0,0.0,25.122838405075452,18.55355575984923,6.4208216229260096,0.0,9.53140013787187,5.969305287951849,0.0,19.765380445542643,0.0,30.33183534230805,5.749511833283905,4.736862953800049,0.0,5.749511833283905,5.969305287951849,4.794537184071822,0.0,19.765380445542643,30.33183534230805,0.0,26.3,0.0,4.794537184071822,5.969305287951849,12.170333456209914,6.4208216229260096,0.0,12.13273413692322,25.122838405075452,0.0,4.736862953800049,5.015833333333333,10.990235260770975,0.0,0.0,0.4580092592592597,9.112495039682539,1.306112292139078,1.9506481481481481,0.0,0.3,12,0,2,0,0,0,1,0,1,2,0,2,3,0,0,0,1,2.3921,46.985000000000035,0,0,0,0,0,0,1,1,0,0,0,1,0,0,1,1,0,0,0,0,0,1,0,0,0,0
CCCCC(=O)OC1=CC=CC=C1,4.28,11.149124149659865,-0.14532407407407377,11.149124149659865,0.14532407407407377,0.5231416986984402,178.231,164.11899999999997,178.099379688,70,0.3106775569658291,-0.4265307638284073,0.4265307638284073,0.3106775569658291,1.3076923076923077,2.0,2.6153846153846154,16.535511761024942,10.24410686980768,2.0164309906006013,-2.016789593689791,2.0937569690522104,-2.0637738432968042,5.716757604230572,-0.1340153459140416,2.367451726018245,254.05260581186823,9.518661569058182,7.824568270435499,7.824568270435499,6.325698502695489,4.583716209998576,4.583716209998576,2.890676460722528,2.890676460722528,1.7093459768048975,1.7093459768048975,0.9921277642313806,0.9921277642313806,-1.31,1003.4155326608467,9.775543199315653,5.355726156931021,3.740879047397056,78.53118102103066,4.736862953800049,5.749511833283905,0.0,0.0,5.969305287951849,4.794537184071822,0.0,0.0,0.0,31.54366002800146,18.55355575984923,6.4208216229260096,0.0,9.53140013787187,5.969305287951849,0.0,26.186202068468653,0.0,30.33183534230805,5.749511833283905,4.736862953800049,0.0,5.749511833283905,5.969305287951849,4.794537184071822,0.0,26.186202068468653,30.33183534230805,0.0,26.3,0.0,4.794537184071822,5.969305287951849,12.170333456209914,12.841643245852019,0.0,12.13273413692322,18.19910120538483,6.923737199690624,4.736862953800049,5.077500000000001,11.149124149659865,0.0,0.0,0.48301209372638,9.154701042454018,2.4176099930713026,2.051386054421769,0.0,0.36363636363636365,13,0,2,0,0,0,1,0,1,2,0,2,4,0,0,0,1,2.7822000000000013,51.60200000000004,0,0,0,0,0,0,1,1,0,0,0,1,0,0,1,1,0,0,0,0,0,1,0,0,0,0
CCCCCCCCCCCC(=O)OC1=CC=CC=C1,3.35,11.597331459791397,-0.11190204174466412,11.597331459791397,0.11190204174466412,0.3023245649136244,276.41999999999996,248.19599999999994,276.208930136,112,0.31067773795724546,-0.42653076282175384,0.42653076282175384,0.31067773795724546,0.85,1.4,2.0,16.535522625382566,10.066721042756672,2.0329394008760255,-2.039135843899493,2.124941039538326,-2.067191209504745,5.716875912508267,-0.1340376835005232,1.9205417581220963,345.6956718031832,14.468409037364017,12.774315738741334,12.774315738741334,9.82569850269549,8.083716209998574,8.083716209998574,5.365550194875444,5.365550194875444,3.4593459768048973,3.4593459768048973,2.2510112407145657,2.2510112407145657,-1.31,33108.06227668476,16.74350454788657,11.511171515999143,8.73339533486759,123.08577582180696,4.736862953800049,5.749511833283905,0.0,0.0,5.969305287951849,4.794537184071822,0.0,0.0,0.0,76.48941138848356,18.55355575984923,6.4208216229260096,0.0,9.53140013787187,5.969305287951849,0.0,71.13195342895074,0.0,30.33183534230805,5.749511833283905,4.736862953800049,0.0,5.749511833283905,5.969305287951849,4.794537184071822,0.0,71.13195342895074,30.33183534230805,0.0,26.3,0.0,4.794537184071822,5.969305287951849,12.170333456209914,12.841643245852019,44.94575136048208,0.0,30.33183534230805,6.923737199690624,4.736862953800049,5.247440127597887,11.597331459791397,0.0,0.0,0.534786985088004,9.294207461730382,11.914997245512051,2.2445700536136144,0.0,0.6111111111111112,20,0,2,0,0,0,1,0,1,2,0,2,11,0,0,0,1,5.5129000000000055,83.92100000000006,0,0,0,0,0,0,1,1,0,0,0,1,0,0,1,1,0,0,0,0,0,1,0,0,0,7
COC(=O)C1=CC=CC=C1,6.38,10.791203703703705,-0.2911111111111109,10.791203703703705,0.2911111111111109,0.546322425537599,136.14999999999998,128.08599999999998,136.052429496,52,0.33734142683544294,-0.4654175231959395,0.4654175231959395,0.33734142683544294,1.3,1.9,2.4,16.523255021680306,10.213460704055969,2.000367252300609,-1.9490312776571546,1.9831694841140397,-1.9899272454702739,5.885796167027513,0.0600517955700555,2.8526279288191434,215.9590174505521,7.397341225498538,5.703247926875856,5.703247926875856,4.842535255101096,2.977180183450686,2.977180183450686,1.8576070275816354,1.8576070275816354,1.1948867346934546,1.1948867346934546,0.6920867462383864,0.6920867462383864,-1.31,237.587417309747,6.805074798619103,3.011779444695785,1.34501586290279,59.43635467784082,4.736862953800049,0.0,0.0,0.0,5.969305287951849,0.0,4.794537184071822,0.0,0.0,18.19910120538483,12.13273413692322,0.0,12.673249032974528,9.53140013787187,5.969305287951849,0.0,0.0,7.109797541277533,35.89528683400505,0.0,0.0,0.0,0.0,13.079102829229383,4.736862953800049,0.0,10.357988675768818,30.33183534230805,0.0,26.3,0.0,4.794537184071822,5.969305287951849,5.563451491696996,0.0,7.109797541277533,24.26546827384644,6.06636706846161,4.736862953800049,0.0,4.497314814814814,10.791203703703705,0.0,0.5879629629629632,-0.2911111111111109,8.877592592592592,0.0,0.0,1.3703703703703702,0.125,10,0,2,0,0,0,1,0,1,2,0,2,1,0,0,0,1,1.4732,37.781500000000015,0,0,0,0,0,0,1,1,0,0,0,1,0,0,1,1,0,0,0,0,1,0,0,0,0,0
CCOC(=O)C1=CC=CC=C1,5.95,11.022453703703704,-0.25638888888888856,11.022453703703704,0.25638888888888856,0.601336802799046,150.177,140.09699999999998,150.06807956,58,0.33760712680806904,-0.4623913259160252,0.4623913259160252,0.33760712680806904,1.3636363636363635,2.0,2.5454545454545454,16.532103157596104,10.212187978618477,2.019198474009744,-1.987226026140368,1.9941874717395576,-2.030087655857122,5.887018454012597,0.05261480506602846,2.6930079504145,228.57786591623355,8.104448006685086,6.410354708062404,6.410354708062404,5.342535255101096,3.5647138087681833,3.5647138087681833,2.0864955842419235,2.0864955842419235,1.2849232447891443,1.2849232447891443,0.788663298121544,0.788663298121544,-1.31,380.17580046477946,7.793199174406604,3.7604813030666033,2.075224641853074,65.80129679223742,4.736862953800049,0.0,0.0,0.0,5.969305287951849,0.0,4.794537184071822,0.0,0.0,18.19910120538483,19.056471336613843,0.0,12.170333456209914,9.53140013787187,5.969305287951849,0.0,6.923737199690624,6.606881964512918,35.89528683400505,0.0,0.0,0.0,0.0,12.576187252464766,4.736862953800049,0.0,17.28172587545944,30.33183534230805,0.0,26.3,0.0,4.794537184071822,5.969305287951849,12.170333456209914,0.0,0.0,19.056471336613843,18.19910120538483,0.0,4.736862953800049,4.788981481481482,11.022453703703704,0.0,0.6058796296296298,-0.25638888888888856,8.955574452003024,0.0,2.216832955404384,0.0,0.2222222222222222,11,0,2,0,0,0,1,0,1,2,0,2,2,0,0,0,1,1.8633,42.39850000000003,0,0,0,0,0,0,1,1,0,0,0,1,0,0,1,1,0,0,0,0,0,0,0,0,0,0
CCCOC(=O)C1=CC=CC=C1,5.36,11.181342592592593,-0.23847222222222175,11.181342592592593,0.23847222222222175,0.640310443785496,164.20399999999998,152.10799999999998,164.083729624,64,0.33761704944114623,-0.46210816756826517,0.46210816756826517,0.33761704944114623,1.3333333333333333,2.0,2.5833333333333335,16.532619941236568,10.211074715082416,2.0289380534917845,-2.008054775970853,2.0026681098704846,-2.045668193627687,5.887179613271609,0.05048926721217723,2.539556056342092,241.27530899395387,8.811554787871634,7.117461489248952,7.117461489248952,5.842535255101096,4.064713808768183,4.064713808768183,2.5019445948790424,2.5019445948790424,1.4467718953396351,1.4467718953396351,0.852328724964577,0.852328724964577,-1.31,646.3567374307108,8.783545369504209,4.544018446795469,2.381380891498966,72.16623890663405,4.736862953800049,0.0,0.0,0.0,5.969305287951849,0.0,4.794537184071822,0.0,0.0,25.122838405075452,18.55355575984923,0.0,12.170333456209914,9.53140013787187,5.969305287951849,0.0,13.344558822616634,6.606881964512918,35.89528683400505,0.0,0.0,0.0,0.0,12.576187252464766,4.736862953800049,0.0,23.70254749838545,30.33183534230805,0.0,26.3,0.0,4.794537184071822,5.969305287951849,12.170333456209914,6.4208216229260096,0.0,12.13273413692322,25.122838405075452,0.0,4.736862953800049,4.938287037037037,11.181342592592593,0.0,0.6166203703703705,-0.23847222222222175,9.011572893046107,0.8596960034013605,2.4642866591080876,0.0,0.3,12,0,2,0,0,0,1,0,1,2,0,2,3,0,0,0,1,2.2534,47.01550000000003,0,0,0,0,0,0,1,1,0,0,0,1,0,0,1,1,0,0,0,0,0,0,0,0,0,0
CCCCOC(=O)C1=CC=CC=C1,5.0,11.297272297808012,-0.22773148148148126,11.297272297808012,0.22773148148148126,0.5230228241779536,178.231,164.11899999999997,178.099379688,70,0.33761721871256933,-0.46209730073266087,0.46209730073266087,0.33761721871256933,1.3076923076923077,2.0,2.6153846153846154,16.532658165861232,10.209542694088253,2.0341998185999874,-2.0205158865168062,2.0109987329805943,-2.051677854623928,5.887208811375768,0.04995281305794983,2.404796656306514,254.05260581186823,9.518661569058182,7.824568270435499,7.824568270435499,6.342535255101096,4.564713808768183,4.564713808768183,2.855497985472316,2.855497985472316,1.7405387079983838,1.7405387079983838,0.966773003294721,0.966773003294721,-1.31,1061.732325077868,9.775543199315653,5.355726156931021,3.2792261677717693,78.53118102103066,4.736862953800049,0.0,0.0,0.0,5.969305287951849,0.0,4.794537184071822,0.0,0.0,31.54366002800146,18.55355575984923,0.0,12.170333456209914,9.53140013787187,5.969305287951849,0.0,19.765380445542643,6.606881964512918,35.89528683400505,0.0,0.0,0.0,0.0,12.576187252464766,4.736862953800049,0.0,30.12336912131146,30.33183534230805,0.0,26.3,0.0,4.794537184071822,5.969305287951849,12.170333456209914,12.841643245852019,0.0,12.13273413692322,18.19910120538483,6.923737199690624,4.736862953800049,5.029537037037037,11.297272297808012,0.0,0.623706538170824,-0.22773148148148126,9.053778895817587,1.972860371000252,2.5839096749811037,0.0,0.36363636363636365,13,0,2,0,0,0,1,0,1,2,0,2,4,0,0,0,1,2.6435000000000013,51.632500000000036,0,0,0,0,0,0,1,1,0,0,0,1,0,0,1,1,0,0,0,0,0,0,0,0,0,1
CC(C)COC(=O)C1=CC=CC=C1,5.11,11.326898148148148,-0.24138888888888843,11.326898148148148,0.24138888888888843,0.6645754561212156,178.231,164.11899999999997,178.099379688,70,0.33762704096205426,-0.461823846024259,0.461823846024259,0.33762704096205426,1.3076923076923077,1.9230769230769231,2.4615384615384617,16.533195748850346,10.19818775319516,2.054154522895138,-2.0580868352218826,2.022179196211563,-2.0927230544435447,5.8873358568460255,0.045874080312407806,2.4977844401611917,264.6785847993893,9.681798275874712,7.98770497725203,7.98770497725203,6.198377302757663,4.42055585642475,4.42055585642475,3.358333966431129,3.358333966431129,1.5572523441584047,1.5572523441584047,0.8999229735792836,0.8999229735792836,-1.31,895.9030984629084,9.775543199315653,4.651378356698753,3.2792261677717693,78.53118102103066,4.736862953800049,0.0,0.0,0.0,5.969305287951849,0.0,4.794537184071822,0.0,0.0,32.046575604766076,18.050640183084614,0.0,12.170333456209914,9.53140013787187,5.969305287951849,5.917906046161393,13.847474399381248,6.606881964512918,35.89528683400505,0.0,0.0,0.0,0.0,12.576187252464766,4.736862953800049,5.917906046161393,24.205463075150064,30.33183534230805,0.0,26.3,0.0,4.794537184071822,5.969305287951849,18.088239502371305,0.0,0.0,12.13273413692322,32.046575604766076,0.0,4.736862953800049,5.050555555555556,11.326898148148148,0.0,0.6140277777777781,0.14070578231292552,9.030239040060469,0.0,4.504240362811791,0.0,0.36363636363636365,13,0,2,0,0,0,1,0,1,2,0,2,3,0,0,0,1,2.4994000000000005,51.562500000000036,0,0,0,0,0,0,1,1,0,0,0,1,0,0,1,1,0,0,0,0,0,0,0,0,0,0
CCCCCOC(=O)C1=CC=CC=C1,4.84,11.385601379440665,-0.22064531368102758,11.385601379440665,0.22064531368102758,0.5291550856889891,192.258,176.12999999999997,192.115029752,76,0.3376172200584772,-0.46209711496236544,0.46209711496236544,0.3376172200584772,1.2142857142857142,1.9285714285714286,2.5714285714285716,16.532663597256708,10.205854283640493,2.037175760307525,-2.0286043094426134,2.020587931164231,-2.054049252777637,5.8872179482537135,0.04979301563423953,2.2907968539797117,266.91003516871797,10.22576835024473,8.531675051622047,8.531675051622047,6.842535255101096,5.0647138087681824,5.0647138087681824,3.2090513760655894,3.2090513760655894,1.9905387079983836,1.9905387079983836,1.17449750861328,1.17449750861328,-1.31,1766.1615540777575,10.76880220646178,6.190508581943787,3.603400927138195,84.89612313542727,4.736862953800049,0.0,0.0,0.0,5.969305287951849,0.0,4.794537184071822,0.0,0.0,37.964481650927475,18.55355575984923,0.0,12.170333456209914,9.53140013787187,5.969305287951849,0.0,26.186202068468653,6.606881964512918,35.89528683400505,0.0,0.0,0.0,0.0,12.576187252464766,4.736862953800049,0.0,36.54419074423747,30.33183534230805,0.0,26.3,0.0,4.794537184071822,5.969305287951849,12.170333456209914,19.26246486877803,0.0,12.13273413692322,18.19910120538483,6.923737199690624,4.736862953800049,5.0912037037037035,11.385601379440665,0.0,0.6287022864701439,-0.22064531368102758,9.08674957482993,3.2083638038548754,2.6533578987150417,0.0,0.4166666666666667,14,0,2,0,0,0,1,0,1,2,0,2,5,0,0,0,1,3.0336000000000016,56.24950000000004,0,0,0,0,0,0,1,1,0,0,0,1,0,0,1,1,0,0,0,0,0,0,0,0,0,2
CCCCCCOC(=O)C1=CC=CC=C1,4.6,11.455142274502393,-0.21564956538170788,11.455142274502393,0.21564956538170788,0.5262670689187882,206.28500000000003,188.14099999999996,206.130679816,82,0.33761722006360384,-0.4620971134782722,0.4620971134782722,0.33761722006360384,1.1333333333333333,1.8666666666666667,2.533333333333333,16.532665653376156,10.187343224708403,2.038946302322483,-2.034118941579549,2.0324001691991445,-2.055001186562343,5.887222993283409,0.04975905149834122,2.195736743827031,279.8472440283996,10.932875131431278,9.238781832808595,9.238781832808595,7.342535255101096,5.5647138087681824,5.5647138087681824,3.562604766658863,3.562604766658863,2.2405387079983834,2.2405387079983834,1.351274203909917,1.351274203909917,-1.31,2911.175787257213,11.763046018991963,7.044412146426886,4.634056949645629,91.26106524982389,4.736862953800049,0.0,0.0,0.0,5.969305287951849,0.0,4.794537184071822,0.0,0.0,44.38530327385348,18.55355575984923,0.0,12.170333456209914,9.53140013787187,5.969305287951849,0.0,32.60702369139466,6.606881964512918,35.89528683400505,0.0,0.0,0.0,0.0,12.576187252464766,4.736862953800049,0.0,42.965012367163474,30.33183534230805,0.0,26.3,0.0,4.794537184071822,5.969305287951849,12.170333456209914,12.841643245852019,12.841643245852019,12.13273413692322,18.19910120538483,6.923737199690624,4.736862953800049,5.135704837490552,11.455142274502393,0.0,0.6323995601326953,-0.21564956538170788,9.113227485247236,4.514387310671132,2.698121430671034,0.0,0.46153846153846156,15,0,2,0,0,0,1,0,1,2,0,2,6,0,0,0,1,3.423700000000002,60.866500000000045,0,0,0,0,0,0,1,1,0,0,0,1,0,0,1,1,0,0,0,0,0,0,0,0,0,3
C1=CC=C(C=C1)COC(=O)C2=CC=CC=C2,5.42,11.595771447467877,-0.2875434618291757,11.595771447467877,0.2875434618291757,0.7307975714616393,212.248,200.15199999999996,212.083729624,80,0.3379551839851818,-0.45722281014698424,0.45722281014698424,0.3379551839851818,0.875,1.4375,2.0625,16.53286383787953,10.196822405449991,2.0480473964671213,-2.037993935021756,2.0505416252989894,-2.041405500379139,5.887324126113736,0.04724989300253453,1.9460332806831828,448.67626205276036,11.217332181807452,8.797106054010534,8.797106054010534,7.860173345306138,5.121844020697869,5.121844020697869,3.4277565765980063,3.4277565765980063,2.2222457898845964,2.2222457898845964,1.3806850731217146,1.3806850731217146,-2.0899999999999994,6818.994323164689,10.42855960264156,5.121140695118211,2.7009160415731115,94.49344888390488,4.736862953800049,6.606881964512918,0.0,0.0,5.969305287951849,0.0,4.794537184071822,0.0,0.0,48.53093654769288,17.696185628620217,0.0,5.563451491696996,9.53140013787187,5.969305287951849,0.0,6.606881964512918,0.0,71.7905736680101,0.0,0.0,0.0,0.0,5.969305287951849,11.343744918312968,0.0,15.921440167465814,60.6636706846161,0.0,26.3,0.0,4.794537184071822,5.969305287951849,12.170333456209914,5.563451491696996,0.0,12.13273413692322,48.53093654769288,0.0,4.736862953800049,5.175185185185185,11.595771447467877,0.0,1.5742705971277404,-0.2875434618291757,18.628261054421767,0.0,0.3140551776266063,0.0,0.07142857142857142,16,0,2,0,0,0,2,0,2,2,0,2,3,0,0,0,2,3.0436000000000014,62.00350000000004,0,0,0,0,0,0,1,1,0,0,0,2,0,0,1,1,0,0,0,0,0,0,0,0,0,0
CCCCOC(=O)C=CC1=CC=CC=C1,5.23,11.182164115646259,-0.2710156840513984,11.182164115646259,0.2710156840513984,0.41838581403351127,204.269,188.14099999999996,204.115029752,80,0.3302609210824029,-0.4625308314320587,0.4625308314320587,0.3302609210824029,1.3333333333333333,2.066666666666667,2.7333333333333334,16.531904742791944,10.190879910011178,1.9456510913917158,-1.9836597631850352,2.0077866582665136,-2.009744328596254,5.864806932360675,-0.13727988197220212,2.344827166745183,314.5676547509674,10.932875131431278,8.979268808814751,8.979268808814751,7.325698502695489,5.225397411291142,5.225397411291142,3.265067632707754,3.265067632707754,1.9536506069018704,1.9536506069018704,1.0936275616629978,1.0936275616629978,-1.5699999999999998,2810.826217488146,11.50446016381236,6.8207438060960595,5.00915670938773,90.57146221763963,4.736862953800049,0.0,0.0,0.0,5.969305287951849,0.0,4.794537184071822,0.0,0.0,43.67639416492468,18.060293221456885,6.076020106833881,6.606881964512918,9.53140013787187,12.045325394785731,0.0,19.765380445542643,6.606881964512918,41.97130694083893,0.0,0.0,0.0,0.0,12.576187252464766,9.53140013787187,0.0,25.328831937239638,36.407855449141934,6.076020106833881,26.3,0.0,4.794537184071822,5.969305287951849,6.606881964512918,18.405094737549014,6.076020106833881,6.076020106833881,30.33183534230805,6.923737199690624,4.736862953800049,4.9784119897959185,11.182164115646259,0.0,1.0045754860586211,-0.2710156840513984,9.687236838988733,5.180425512989095,2.5715350739061056,0.0,0.3076923076923077,15,0,2,0,0,0,1,0,1,2,0,2,5,0,0,0,1,3.0431000000000017,61.34300000000004,0,0,0,0,0,0,1,1,0,0,0,1,0,0,1,1,0,0,0,0,0,0,0,0,0,1
CCCCCCOC(=O)C=CC1=CC=CC=C1,4.7,11.340034092340641,-0.25893376795162504,11.340034092340641,0.25893376795162504,0.4055851220074479,232.32300000000004,212.16299999999995,232.14632988,92,0.33026092243342536,-0.4625306441786388,0.4625306441786388,0.33026092243342536,1.1764705882352942,1.9411764705882353,2.6470588235294117,16.531912161589226,10.186843812098045,1.9584135939301788,-2.004761309156324,2.020528080120475,-2.015056583522085,5.864822426420804,-0.13731023332042303,2.1868611126370787,341.19926929852556,12.347088693804373,10.393482371187847,10.393482371187847,8.325698502695488,6.225397411291142,6.225397411291142,3.9721744138943005,3.9721744138943005,2.4536506069018693,2.4536506069018693,1.4781287622781938,1.4781287622781938,-1.5699999999999998,7658.360518327348,13.494808813998704,8.566897726139374,6.563838968936737,103.30134644643285,4.736862953800049,0.0,0.0,0.0,5.969305287951849,0.0,4.794537184071822,0.0,0.0,56.5180374107767,18.060293221456885,6.076020106833881,6.606881964512918,9.53140013787187,12.045325394785731,0.0,32.60702369139466,6.606881964512918,41.97130694083893,0.0,0.0,0.0,0.0,12.576187252464766,9.53140013787187,0.0,38.17047518309165,36.407855449141934,6.076020106833881,26.3,0.0,4.794537184071822,5.969305287951849,6.606881964512918,18.405094737549014,18.9176633526859,6.076020106833881,30.33183534230805,6.923737199690624,4.736862953800049,5.084579790249434,11.340034092340641,0.0,1.0096601712948217,-0.25893376795162504,9.72714101115689,7.7437781172969595,2.687073918946213,0.0,0.4,17,0,2,0,0,0,1,0,1,2,0,2,7,0,0,0,1,3.8233000000000024,70.57700000000004,0,0,0,0,0,0,1,1,0,0,0,1,0,0,1,1,0,0,0,0,0,0,0,0,0,3
CCCCCCCOC(=O)C=CC1=CC=CC=C1,4.5,11.396206931846812,-0.2552364942890737,11.396206931846812,0.2552364942890737,0.3899180482021781,246.35000000000002,224.17399999999995,246.161979944,98,0.3302609224334348,-0.46253064417297657,0.46253064417297657,0.3302609224334348,1.1111111111111112,1.8333333333333333,2.5555555555555554,16.531913638414455,10.154704908607052,1.9622267043176378,-2.0115601070271323,2.0346633911065526,-2.015763481735723,5.864826874179101,-0.1373123408222761,2.1222402935228235,354.61952672317716,13.054195474990921,11.100589152374395,11.100589152374395,8.825698502695488,6.725397411291141,6.725397411291141,4.325727804487573,4.325727804487573,2.703650606901869,2.703650606901869,1.6549054575748305,1.6549054575748305,-1.5699999999999998,12611.818294019098,14.490864272671939,9.459058639853573,6.894023432626562,109.66628856082946,4.736862953800049,0.0,0.0,0.0,5.969305287951849,0.0,4.794537184071822,0.0,0.0,62.938859033702705,18.060293221456885,6.076020106833881,6.606881964512918,9.53140013787187,12.045325394785731,0.0,39.02784531432067,6.606881964512918,41.97130694083893,0.0,0.0,0.0,0.0,12.576187252464766,9.53140013787187,0.0,44.59129680601767,36.407855449141934,6.076020106833881,26.3,0.0,4.794537184071822,5.969305287951849,6.606881964512918,18.405094737549014,25.33848497561191,6.076020106833881,30.33183534230805,6.923737199690624,4.736862953800049,5.118221371882086,11.396206931846812,0.0,1.0114775878849653,-0.2552364942890737,9.742553635772811,9.10177746555865,2.7183328346770805,0.0,0.4375,18,0,2,0,0,0,1,0,1,2,0,2,8,0,0,0,1,4.213400000000004,75.19400000000005,0,0,0,0,0,0,1,1,0,0,0,1,0,0,1,1,0,0,0,0,0,0,0,0,0,4
CCCCCCCCOC(=O)C=CC1=CC=CC=C1,4.34,11.442529245896399,-0.252396988116234,11.442529245896399,0.252396988116234,0.36819148171189336,260.377,236.18499999999995,260.177630008,104,0.3302609224334348,-0.46253064417296624,0.46253064417296624,0.3302609224334348,1.0526315789473684,1.736842105263158,2.473684210526316,16.531915000248617,10.126127841962038,1.9650980797138222,-2.0168614618226948,2.0519550992075595,-2.016074797558196,5.864830977146656,-0.13731234089625294,2.0660675203363614,368.10827162495843,13.76130225617747,11.807695933560943,11.807695933560943,9.32569850269549,7.225397411291141,7.225397411291141,4.679281195080847,4.679281195080847,2.9536506069018684,2.9536506069018684,1.8316821528714673,1.8316821528714673,-1.5699999999999998,20717.361473854395,15.487372346528971,10.361528225025685,8.196595293696538,116.03123067522607,4.736862953800049,0.0,0.0,0.0,5.969305287951849,0.0,4.794537184071822,0.0,0.0,69.35968065662873,18.060293221456885,6.076020106833881,6.606881964512918,9.53140013787187,12.045325394785731,0.0,45.448666937246685,6.606881964512918,41.97130694083893,0.0,0.0,0.0,0.0,12.576187252464766,9.53140013787187,0.0,51.01211842894368,36.407855449141934,6.076020106833881,26.3,0.0,4.794537184071822,5.969305287951849,6.606881964512918,18.405094737549014,31.75930659853792,6.076020106833881,30.33183534230805,6.923737199690624,4.736862953800049,5.144552390400605,11.442529245896399,0.0,1.0129774235194164,-0.252396988116234,9.755795058574675,10.488866940548004,2.7410092625104694,0.0,0.47058823529411764,19,0,2,0,0,0,1,0,1,2,0,2,9,0,0,0,1,4.603500000000004,79.81100000000005,0,0,0,0,0,0,1,1,0,0,0,1,0,0,1,1,0,0,0,0,0,0,0,0,0,5
COC(=O)C=C,6.85,9.840277777777779,-0.3935185185185184,9.840277777777779,0.3935185185185184,0.33962825058753815,86.09,80.042,86.036779432,34,0.32936202683512367,-0.46586658161961975,0.46586658161961975,0.32936202683512367,2.0,2.5,2.5,16.52244456253522,10.669060449973255,1.8142405211237025,-1.8255447547892971,1.6723864964958832,-1.9081663379590106,5.804288116299819,-0.1343205281095306,3.2343908669158727,65.94833690207419,4.99156383156272,3.6009536313038994,3.6009536313038994,2.808060412490447,1.513420005986402,1.513420005986402,0.7272838841927123,0.7272838841927123,0.36785113019775806,0.36785113019775806,0.08333333333333334,0.08333333333333334,-0.79,19.800269059780252,5.21,2.4475296912114013,1.5215264797507788,36.41954166838576,4.736862953800049,0.0,0.0,0.0,5.969305287951849,0.0,4.794537184071822,0.0,0.0,6.578935683598497,0.0,6.076020106833881,7.109797541277533,9.53140013787187,5.969305287951849,0.0,0.0,7.109797541277533,12.654955790432378,0.0,0.0,0.0,0.0,13.079102829229383,9.53140013787187,0.0,0.0,12.654955790432378,0.0,26.3,5.969305287951849,4.794537184071822,0.0,0.0,6.076020106833881,7.109797541277533,0.0,0.0,11.315798637398547,0.0,4.142361111111111,9.840277777777779,0.0,0.0,-0.3935185185185184,0.0,1.1111111111111112,3.156898148148148,1.309537037037037,0.25,6,0,2,0,0,0,0,0,0,2,0,2,1,0,0,0,0,0.34539999999999993,22.21299999999999,0,0,0,0,0,0,1,1,0,0,0,0,0,0,1,1,0,0,0,0,1,0,0,0,0,0
CCOC(=O)C=C,6.25,10.071527777777778,-0.35879629629629606,10.071527777777778,0.35879629629629606,0.3775448287483148,100.11699999999999,92.05299999999998,100.052429496,40,0.3296277829557422,-0.46284039207159905,0.46284039207159905,0.3296277829557422,2.0,2.5714285714285716,2.7142857142857144,16.531305993255017,10.648619974721354,1.860904874302375,-1.9028980120894177,1.7394950605846693,-1.9685840017472003,5.805809999616545,-0.13669030575299798,3.172899533850818,76.14933958998697,5.698670612749268,4.3080604124904465,4.3080604124904465,3.308060412490447,2.1009536313038994,2.1009536313038994,0.9561724408530002,0.9561724408530002,0.45326313239628546,0.45326313239628546,0.20118446353109132,0.20118446353109132,-0.79,31.916635235956914,6.210000000000001,3.401938579654511,3.0288906629955825,42.78448378278237,4.736862953800049,0.0,0.0,0.0,5.969305287951849,0.0,4.794537184071822,0.0,0.0,6.578935683598497,6.923737199690624,6.076020106833881,6.606881964512918,9.53140013787187,5.969305287951849,0.0,6.923737199690624,6.606881964512918,12.654955790432378,0.0,0.0,0.0,0.0,12.576187252464766,9.53140013787187,0.0,6.923737199690624,12.654955790432378,0.0,26.3,0.0,4.794537184071822,5.969305287951849,6.606881964512918,6.076020106833881,0.0,6.923737199690624,0.0,11.315798637398547,0.0,4.434027777777778,10.071527777777778,0.0,0.0,-0.35879629629629606,0.0,1.1423611111111112,5.3775462962962965,0.0,0.4,7,0,2,0,0,0,0,0,0,2,0,2,2,0,0,0,0,0.7355,26.829999999999988,0,0,0,0,0,0,1,1,0,0,0,0,0,0,1,1,0,0,0,0,0,0,0,0,0,0
CCCCOC(=O)C=C,5.21,10.346346371882085,-0.33013888888888876,10.346346371882085,0.33013888888888876,0.32571682036013405,128.17099999999996,116.07499999999997,128.083729624,52,0.32963787572973874,-0.4625463670064307,0.4625463670064307,0.32963787572973874,1.7777777777777777,2.4444444444444446,2.888888888888889,16.53186127998952,10.358028943951807,1.9083991357641474,-1.966611421958674,1.8752834342465556,-2.0020287021314167,5.806046346066251,-0.1373278970956383,3.0655033793880806,97.089273230246,7.112884175122364,5.722273974863542,5.722273974863542,4.308060412490447,3.1009536313038994,3.1009536313038994,1.7251748420833923,1.7251748420833923,0.9088785956055249,0.9088785956055249,0.3760241478105343,0.3760241478105343,-0.79,94.26737928973323,8.210000000000003,5.348696255201112,5.074900256974754,55.514368011575584,4.736862953800049,0.0,0.0,0.0,5.969305287951849,0.0,4.794537184071822,0.0,0.0,19.923494506215132,6.4208216229260096,6.076020106833881,6.606881964512918,9.53140013787187,5.969305287951849,0.0,19.765380445542643,6.606881964512918,12.654955790432378,0.0,0.0,0.0,0.0,12.576187252464766,9.53140013787187,0.0,19.765380445542643,12.654955790432378,0.0,26.3,0.0,4.794537184071822,5.969305287951849,6.606881964512918,12.841643245852019,6.076020106833881,0.0,6.923737199690624,11.315798637398547,0.0,4.6745833333333335,10.346346371882085,0.0,0.0,-0.33013888888888876,0.0,3.1524433106575964,5.82343253968254,0.0,0.5714285714285714,9,0,2,0,0,0,0,0,0,2,0,2,4,0,0,0,0,1.5157,36.06399999999999,0,0,0,0,0,0,1,1,0,0,0,0,0,0,1,1,0,0,0,0,0,0,0,0,0,1
COC(=O)C1=CC=CC=C1C(=O)OC,9.43,11.224633408919123,-0.55,11.224633408919123,0.21004629629629656,0.6648651607326014,194.18599999999995,184.10599999999997,194.0579088,74,0.3382301748364015,-0.46539862017282685,0.46539862017282685,0.3382301748364015,0.9285714285714286,1.2857142857142858,1.5714285714285714,16.5295359885562,10.08755897245687,2.161492020469253,-2.0421577875184256,2.103779411695855,-2.1069416143048443,6.024933524088604,0.055502778325363024,3.153839931025287,321.89456038916694,10.55204176387779,7.942394238613956,7.942394238613956,6.701907262607798,3.9603434310450787,3.9603434310450787,2.528747029577103,2.528747029577103,1.737682652331105,1.737682652331105,1.0590287481546594,1.0590287481546594,-1.8399999999999999,1540.8392593149727,10.242236842105264,4.411323399666699,1.90394030896116,81.44130623618467,9.473725907600098,0.0,0.0,0.0,11.938610575903699,0.0,9.589074368143644,0.0,0.0,12.13273413692322,12.13273413692322,0.0,25.346498065949056,19.06280027574374,11.938610575903699,0.0,0.0,14.219595082555067,35.392371257240434,0.0,0.0,0.0,0.0,26.158205658458765,9.473725907600098,0.0,20.715977351537635,24.26546827384644,0.0,52.60000000000001,11.938610575903699,9.589074368143644,11.126902983393991,0.0,0.0,26.352329219478285,12.13273413692322,0.0,9.473725907600098,0.0,9.049743008314437,22.449266817838247,0.0,0.42009259259259313,-1.0999999999999996,6.326944444444444,0.0,0.0,2.5206198034769463,0.2,14,0,4,0,0,0,1,0,1,4,0,4,2,0,0,0,1,1.2597999999999998,49.12100000000002,0,0,0,0,0,0,2,2,0,0,0,1,0,0,2,2,0,0,0,0,2,0,0,0,0,0
CCOC(=O)C1=CC=CC=C1C(=O)OCC,7.64,11.544212490551775,-0.508191609977324,11.544212490551775,0.23870370370370386,0.7313625096648502,222.23999999999995,208.12799999999996,222.089208928,86,0.33849587273304266,-0.46237242193829203,0.46237242193829203,0.33849587273304266,0.9375,1.3125,1.625,16.538490398880874,10.08629354750653,2.1733600745940524,-2.06961887401508,2.113294282618488,-2.1327499284168296,6.025933163046389,0.04786723490105672,2.9975148158911993,347.3600796599688,11.966255326250886,9.356607800987051,9.356607800987051,7.701907262607798,5.135410681680073,5.135410681680073,2.986524142897679,2.986524142897679,1.9177556725224845,1.9177556725224845,1.256806359818137,1.256806359818137,-1.8399999999999999,3922.2090999066277,12.230621468926552,5.900534456325564,2.823480898816076,94.17119046497793,9.473725907600098,0.0,0.0,0.0,11.938610575903699,0.0,9.589074368143644,0.0,0.0,12.13273413692322,25.980208536304467,0.0,24.340666912419827,19.06280027574374,11.938610575903699,0.0,13.847474399381248,13.213763929025836,35.392371257240434,0.0,0.0,0.0,0.0,25.152374504929536,9.473725907600098,0.0,34.56345175091888,24.26546827384644,0.0,52.60000000000001,11.938610575903699,9.589074368143644,24.340666912419827,0.0,0.0,0.0,38.112942673227685,0.0,0.0,9.473725907600098,9.700359504913077,23.08842498110355,0.0,0.4774074074074077,-1.0163832199546476,6.442908163265306,0.0,3.973949829931973,0.0,0.3333333333333333,16,0,4,0,0,0,1,0,1,4,0,4,4,0,0,0,1,2.04,58.35500000000003,0,0,0,0,0,0,2,2,0,0,0,1,0,0,2,2,0,0,0,0,0,0,0,0,0,0
CCCCOC(=O)C1=CC=CC=C1C(=O)OCCCC,6.03,11.944744819223985,-0.47084118060804525,11.944744819223985,0.2686125283446712,0.5382823793200492,278.348,256.17199999999997,278.151809184,110,0.33850596455259063,-0.4620783967394106,0.4620783967394106,0.33850596455259063,0.85,1.25,1.6,16.53910627741684,10.08490658612528,2.1805387904793756,-2.089385574101829,2.1232332074785645,-2.1445019229492575,6.026113618839689,0.04521173681832877,2.7123913375014235,398.85794216890986,14.794682450997078,12.185034925733243,12.185034925733243,9.701907262607799,7.135410681680073,7.135410681680073,4.524528945358464,4.524528945358464,2.8289865989409635,2.8289865989409635,1.6130257701644908,1.6130257701644908,-1.8399999999999999,29244.903072936122,16.215066079295156,9.125580158740503,5.034776863662885,119.63095892256436,9.473725907600098,0.0,0.0,0.0,11.938610575903699,0.0,9.589074368143644,0.0,0.0,38.821851782156486,24.974377382775238,0.0,24.340666912419827,19.06280027574374,11.938610575903699,0.0,39.53076089108528,13.213763929025836,35.392371257240434,0.0,0.0,0.0,0.0,25.152374504929536,9.473725907600098,0.0,60.246738242622925,24.26546827384644,0.0,52.60000000000001,11.938610575903699,9.589074368143644,11.126902983393991,13.213763929025836,25.683286491704038,0.0,24.26546827384644,13.847474399381248,0.0,9.473725907600098,10.27647833207357,23.88948963844797,0.0,0.5372250566893424,-0.9416823612160905,6.591131109851348,3.533411858881181,4.780613031939344,0.0,0.5,20,0,4,0,0,0,1,0,1,4,0,4,8,0,0,0,1,3.600400000000003,76.82300000000005,0,0,0,0,0,0,2,2,0,0,0,1,0,0,2,2,0,0,0,0,0,0,0,0,0,2
CC(=O)OC(=O)C,22.24,9.811111111111112,-0.5624999999999998,9.811111111111112,0.5624999999999998,0.32146962429561426,102.089,96.041,102.031694052,40,0.3097681903271179,-0.3935616726354605,0.3935616726354605,0.3097681903271179,1.1428571428571428,1.4285714285714286,1.4285714285714286,16.57639835689634,10.745702452279899,1.931400668247677,-1.872480020200781,1.7331007082090735,-2.0257745752792733,5.819357405685584,-0.15580579031892713,3.318019590380522,83.10802962390817,5.8618073195657985,4.224744871391589,4.224744871391589,3.125897657686229,1.8164965809277263,1.8164965809277263,1.0852253202103586,1.0852253202103586,0.2874574785652649,0.2874574785652649,0.20240575138529343,0.20240575138529343,-0.8600000000000001,19.093583929800843,6.14,2.3368296745854065,5.14,41.27066680061378,4.736862953800049,0.0,0.0,0.0,11.938610575903699,9.589074368143644,0.0,0.0,0.0,0.0,0.0,13.847474399381248,0.0,14.325937321943691,11.938610575903699,0.0,13.847474399381248,0.0,0.0,0.0,0.0,0.0,0.0,11.938610575903699,14.325937321943691,0.0,13.847474399381248,0.0,0.0,43.370000000000005,11.938610575903699,9.589074368143644,0.0,0.0,0.0,13.847474399381248,0.0,0.0,4.736862953800049,0.0,3.9722222222222223,19.62222222222222,0.0,0.0,-1.1249999999999996,0.0,0.0,2.363888888888889,0.0,0.5,7,0,3,0,0,0,0,0,0,3,0,3,0,0,0,0,0,0.09599999999999997,22.44699999999999,0,0,0,0,0,0,2,2,0,0,0,0,0,0,2,1,0,0,0,0,0,0,0,0,0,0
CCC(=O)OC(=O)CC,16.88,10.338055555555556,-0.4566203703703706,10.338055555555556,0.25569444444444445,0.4112907874423964,130.14299999999997,120.06299999999999,130.06299418,52,0.31264757703388796,-0.39316244439546266,0.39316244439546266,0.31264757703388796,1.1111111111111112,1.4444444444444444,1.6666666666666667,16.57780188585433,10.459407244211246,2.0296575184156347,-1.948386938633918,1.8759520045562599,-2.086640079872783,5.844608674798098,-0.15864800236589288,3.4713176263221484,103.47138037474598,7.276020881938894,5.638958433764684,5.638958433764684,4.201907262607799,2.9378169244873686,2.9378169244873686,1.553185789658806,1.553185789658806,0.8050211698203655,0.8050211698203655,0.27130451414026263,0.27130451414026263,-0.8600000000000001,84.36491016843732,8.140000000000002,4.062432372063822,3.7002240896358556,54.000551029406985,4.736862953800049,0.0,0.0,0.0,11.938610575903699,9.589074368143644,0.0,0.0,0.0,13.847474399381248,0.0,12.841643245852019,0.0,14.325937321943691,11.938610575903699,0.0,26.689117645233267,0.0,0.0,0.0,0.0,0.0,0.0,11.938610575903699,14.325937321943691,0.0,26.689117645233267,0.0,0.0,43.370000000000005,11.938610575903699,9.589074368143644,12.841643245852019,0.0,0.0,0.0,13.847474399381248,0.0,4.736862953800049,0.0,4.270833333333333,20.676111111111112,0.0,0.0,-0.9132407407407408,0.0,0.5113888888888889,3.288240740740741,0.0,0.6666666666666666,9,0,3,0,0,0,0,0,0,3,0,3,2,0,0,0,0,0.8762,31.680999999999983,0,0,0,0,0,0,2,2,0,0,0,0,0,0,2,1,0,0,0,0,0,0,0,0,0,0
CCCC(=O)OC(=O)CCC,14.55,10.685235260770975,-0.41115740740740736,10.685235260770975,0.32882369614512474,0.4612803641355781,158.19699999999995,144.08499999999998,158.094294308,64,0.31291814073042146,-0.3931474813867636,0.3931474813867636,0.31291814073042146,1.0,1.3636363636363635,1.6363636363636365,16.577902306190037,10.314377498864,2.064462612234756,-1.9841577263282881,1.9546354818160707,-2.1045339228995203,5.8474802430971184,-0.15915402778734905,3.4899621428296506,124.27259690535836,8.69023444431199,7.053171996137779,7.053171996137779,5.201907262607799,3.9378169244873686,3.9378169244873686,2.346079008472258,2.346079008472258,1.1359191910946027,1.1359191910946027,0.6372773099226849,0.6372773099226849,-0.8600000000000001,209.90821786208994,10.14,5.890051546592285,5.577636761487965,66.7304352582002,4.736862953800049,0.0,0.0,0.0,11.938610575903699,9.589074368143644,0.0,0.0,0.0,13.847474399381248,12.841643245852019,12.841643245852019,0.0,14.325937321943691,11.938610575903699,0.0,39.53076089108528,0.0,0.0,0.0,0.0,0.0,0.0,11.938610575903699,14.325937321943691,0.0,39.53076089108528,0.0,0.0,43.370000000000005,11.938610575903699,9.589074368143644,0.0,12.841643245852019,12.841643245852019,0.0,0.0,13.847474399381248,4.736862953800049,0.0,4.453333333333333,21.37047052154195,0.0,0.0,-0.8223148148148143,0.0,2.0985964663643237,3.733247826908541,0.0,0.75,11,0,3,0,0,0,0,0,0,3,0,3,4,0,0,0,0,1.6563999999999999,40.915000000000006,0,0,0,0,0,0,2,2,0,0,0,0,0,0,2,1,0,0,0,0,0,0,0,0,0,0
CC=O,20.03,8.805555555555555,0.75,8.805555555555555,0.75,0.35500761339323206,44.053,40.021,44.026214748,18,0.1164052831422626,-0.30371526986366926,0.30371526986366926,0.1164052831422626,2.0,2.0,2.0,16.12814585089842,10.960294041682554,1.2409923070832758,-1.2348845535859683,1.1286964310315497,-1.3580303671411733,5.439544344589547,-0.10561046336263406,2.1874960973678963,10.264662506490405,2.7071067811865475,1.9855985596534889,1.9855985596534889,1.4142135623730951,0.8130525295851417,0.8130525295851417,0.2357022603955159,0.2357022603955159,0.0,0.0,0.0,0.0,-0.33,2.7548875021634682,2.67,1.6699999999999997,1.6700000000000006,19.265715242269923,4.794537184071822,6.286160523129555,0.0,0.0,0.0,0.0,0.0,0.0,0.0,0.0,6.923737199690624,0.0,0.0,4.794537184071822,6.286160523129555,0.0,6.923737199690624,0.0,0.0,0.0,0.0,0.0,0.0,6.286160523129555,4.794537184071822,0.0,6.923737199690624,0.0,0.0,17.07,0.0,0.0,0.0,0.0,6.286160523129555,6.923737199690624,0.0,0.0,0.0,4.794537184071822,0.0,8.805555555555555,0.0,0.0,0.0,0.0,0.75,1.4444444444444444,0.0,0.5,3,0,1,0,0,0,0,0,0,1,0,1,0,0,0,0,0,0.2052,11.738000000000001,0,0,0,0,0,0,1,1,1,0,0,0,0,0,0,0,0,0,0,0,0,0,0,0,0,0
CCC=O,16.18,9.17361111111111,0.6388888888888888,9.17361111111111,0.6388888888888888,0.40325990291792796,58.08,52.032000000000004,58.041864812,24,0.11921494428801727,-0.30341423261619294,0.30341423261619294,0.11921494428801727,2.0,2.25,2.25,16.128669873456406,10.573321524729696,1.5215102458266105,-1.5102578854215465,1.5296669070255924,-1.546033732636957,5.477669402907269,-0.10708870297661234,2.2968352619191386,17.24511249783653,3.414213562373095,2.6927053408400363,2.6927053408400363,1.914213562373095,1.3510573320459265,1.3510573320459265,0.5749149571305296,0.5749149571305296,0.16666666666666669,0.16666666666666669,0.0,0.0,-0.33,6.854752972273345,3.67,2.67,1.6699999999999997,25.630657356666532,4.794537184071822,6.286160523129555,0.0,0.0,0.0,0.0,0.0,0.0,0.0,6.923737199690624,0.0,6.4208216229260096,0.0,4.794537184071822,6.286160523129555,0.0,13.344558822616634,0.0,0.0,0.0,0.0,0.0,0.0,6.286160523129555,4.794537184071822,0.0,13.344558822616634,0.0,0.0,17.07,0.0,4.794537184071822,0.0,6.4208216229260096,6.286160523129555,0.0,0.0,6.923737199690624,0.0,0.0,0.0,9.17361111111111,0.0,0.0,0.0,0.0,1.5138888888888888,1.8125,0.0,0.6666666666666666,4,0,1,0,0,0,0,0,0,1,0,1,1,0,0,0,0,0.5952999999999999,16.355,0,0,0,0,0,0,1,1,1,0,0,0,0,0,0,0,0,0,0,0,0,0,0,0,0,0
CCCC=O,14.0,9.40486111111111,0.7083333333333333,9.40486111111111,0.7083333333333333,0.4443450475833798,72.107,64.04299999999999,72.057514876,30,0.11947978113414225,-0.30340309725779463,0.30340309725779463,0.11947978113414225,1.8,2.4,2.4,16.12871271764662,10.380675929382486,1.6636987729341335,-1.6800477671236316,1.7435851697182092,-1.641993214737829,5.483092870586735,-0.10737864157580468,2.4017152226171965,24.828921423310437,4.121320343559642,3.399812122026584,3.399812122026584,2.414213562373095,1.8510573320459265,1.8510573320459265,0.9553418012614794,0.9553418012614794,0.4065262647925708,0.4065262647925708,0.11785113019775793,0.11785113019775793,-0.33,11.245112497836532,4.67,3.67,3.67,31.99559947106314,4.794537184071822,6.286160523129555,0.0,0.0,0.0,0.0,0.0,0.0,0.0,6.923737199690624,6.4208216229260096,6.4208216229260096,0.0,4.794537184071822,6.286160523129555,0.0,19.765380445542643,0.0,0.0,0.0,0.0,0.0,0.0,6.286160523129555,4.794537184071822,0.0,19.765380445542643,0.0,0.0,17.07,0.0,4.794537184071822,0.0,6.4208216229260096,12.706982146055566,0.0,0.0,6.923737199690624,0.0,0.0,0.0,9.40486111111111,0.0,0.0,0.0,0.0,2.614583333333333,1.9805555555555556,0.0,0.75,5,0,1,0,0,0,0,0,0,1,0,1,2,0,0,0,0,0.9854,20.971999999999994,0,0,0,0,0,0,1,1,1,0,0,0,0,0,0,0,0,0,0,0,0,0,0,0,0,0
CCCCC=O,12.68,9.56375,0.7326388888888888,9.56375,0.7326388888888888,0.3742788667470001,86.13399999999999,76.05399999999999,86.07316494,36,0.11949002111110747,-0.3034029096435604,0.3034029096435604,0.11949002111110747,1.6666666666666667,2.3333333333333335,2.5,16.128718093227032,10.272009013458991,1.7448449549570915,-1.7851340810052503,1.8653096085942649,-1.697953073043692,5.483940233996039,-0.10745102277603202,2.4884037718761123,32.919684538544,4.82842712474619,4.106918903213131,4.106918903213131,2.914213562373095,2.3510573320459267,2.3510573320459267,1.3088951918547531,1.3088951918547531,0.6755286660229631,0.6755286660229631,0.2874574785652648,0.2874574785652648,-0.33,20.986300857070454,5.670000000000001,4.67,3.67,38.36054158545974,4.794537184071822,6.286160523129555,0.0,0.0,0.0,0.0,0.0,0.0,0.0,13.344558822616634,6.4208216229260096,6.4208216229260096,0.0,4.794537184071822,6.286160523129555,0.0,26.186202068468653,0.0,0.0,0.0,0.0,0.0,0.0,6.286160523129555,4.794537184071822,0.0,26.186202068468653,0.0,0.0,17.07,0.0,4.794537184071822,0.0,0.0,25.548625391907585,0.0,0.0,0.0,6.923737199690624,0.0,0.0,9.56375,0.0,0.0,0.0,0.0,3.8633333333333333,2.0729166666666665,0.0,0.8,6,0,1,0,0,0,0,0,0,1,0,1,3,0,0,0,0,1.3755,25.588999999999988,0,0,0,0,0,0,1,1,1,0,0,0,0,0,0,0,0,0,0,0,0,0,0,0,0,1
CCCCCCC=O,9.97,9.768008786848073,0.75,9.768008786848073,0.75,0.3951230978044112,114.18799999999999,100.07599999999998,114.104465068,48,0.11949019866492745,-0.30340290814946846,0.30340290814946846,0.11949019866492745,1.25,2.0,2.5,16.128720481644375,10.160754703927799,1.8299036953018308,-1.8981242502952553,1.9894756702654155,-1.7581680572711944,5.484120793525199,-0.10746699709644852,2.616293090417985,50.34851554559677,6.242640687119286,5.521132465586227,5.521132465586227,3.914213562373095,3.3510573320459267,3.3510573320459267,2.0160019730413006,2.0160019730413006,1.175528666022963,1.175528666022963,0.6544475959273766,0.6544475959273766,-0.33,61.499612265106904,7.669999999999999,6.670000000000001,5.670000000000001,51.09042581425296,4.794537184071822,6.286160523129555,0.0,0.0,0.0,0.0,0.0,0.0,0.0,26.186202068468653,6.4208216229260096,6.4208216229260096,0.0,4.794537184071822,6.286160523129555,0.0,39.02784531432067,0.0,0.0,0.0,0.0,0.0,0.0,6.286160523129555,4.794537184071822,0.0,39.02784531432067,0.0,0.0,17.07,0.0,4.794537184071822,0.0,0.0,19.127803768981575,19.26246486877803,0.0,0.0,6.923737199690624,0.0,0.0,9.768008786848073,0.0,0.0,0.0,0.0,6.564421768707483,2.167569444444444,0.0,0.8571428571428571,8,0,1,0,0,0,0,0,0,1,0,1,5,0,0,0,0,2.1557000000000004,34.822999999999986,0,0,0,0,0,0,1,1,1,0,0,0,0,0,0,0,0,0,0,0,0,0,0,0,0,3
CC(=O)C,20.62,9.444444444444445,0.16666666666666696,9.444444444444445,0.16666666666666696,0.3982369618339747,58.08,52.032,58.041864812,24,0.12626794356014373,-0.30034390268719197,0.30034390268719197,0.12626794356014373,1.5,1.5,1.5,16.136528004376032,10.550822254593742,1.6191254887288415,-1.5578363654489198,1.5007222223890127,-1.6913205217908898,5.717069246232807,-0.11449259533352314,2.8030394876740514,26.264662506490403,3.5773502691896257,2.908248290463863,2.908248290463863,1.7320508075688772,1.2041241452319316,1.2041241452319316,0.9082482904638631,0.9082482904638631,0.0,0.0,0.0,0.0,-0.33,3.2451124978365313,3.67,1.0445318352059925,6.883957759412302,25.63065735666653,4.794537184071822,5.783244946364939,0.0,0.0,0.0,0.0,0.0,0.0,0.0,0.0,13.847474399381248,0.0,0.0,4.794537184071822,5.783244946364939,0.0,13.847474399381248,0.0,0.0,0.0,0.0,0.0,0.0,5.783244946364939,4.794537184071822,0.0,13.847474399381248,0.0,0.0,17.07,0.0,4.794537184071822,5.783244946364939,0.0,0.0,13.847474399381248,0.0,0.0,0.0,0.0,0.0,9.444444444444445,0.0,0.0,0.16666666666666696,0.0,0.0,3.0555555555555554,0.0,0.6666666666666666,4,0,1,0,0,0,0,0,0,1,0,1,0,0,0,0,0,0.5952999999999999,16.355,0,0,0,0,0,0,1,1,0,0,0,0,0,0,0,0,0,1,1,0,0,0,0,0,0,0
CCC(=O)C,17.42,9.8125,0.25462962962963,9.8125,0.25462962962963,0.4510508050249619,72.107,64.043,72.057514876,30,0.1290650325260376,-0.3000423849594125,0.3000423849594125,0.1290650325260376,1.8,2.0,2.0,16.137113777124796,10.36069990921781,1.764361948378107,-1.7110451766420978,1.7108251507906331,-1.797011934236342,5.744224710981027,-0.11619858873065753,2.847378923087672,38.912609383243264,4.284457050376173,3.6153550716504106,3.6153550716504106,2.270055610029662,1.7647843170117528,1.7647843170117528,1.0555684937158853,1.0555684937158853,0.49789095789068016,0.49789095789068016,0.0,0.0,-0.33,9.65148445440323,4.67,1.9424795640326975,3.67,31.995599471063137,4.794537184071822,5.783244946364939,0.0,0.0,0.0,0.0,0.0,0.0,0.0,6.923737199690624,6.923737199690624,6.4208216229260096,0.0,4.794537184071822,5.783244946364939,0.0,20.268296022307258,0.0,0.0,0.0,0.0,0.0,0.0,5.783244946364939,4.794537184071822,0.0,20.268296022307258,0.0,0.0,17.07,0.0,4.794537184071822,5.783244946364939,6.4208216229260096,0.0,0.0,6.923737199690624,6.923737199690624,0.0,0.0,0.0,9.8125,0.0,0.0,0.25462962962963,0.0,0.6666666666666665,3.4328703703703702,0.0,0.75,5,0,1,0,0,0,0,0,0,1,0,1,1,0,0,0,0,0.9854,20.971999999999994,0,0,0,0,0,0,1,1,0,0,0,0,0,0,0,0,0,1,1,0,0,0,0,0,0,0
CCCC(=O)C,15.29,10.04375,0.2893518518518521,10.04375,0.2893518518518521,0.4957688321065222,86.13399999999999,76.05399999999999,86.07316494,36,0.12932953227060026,-0.30003121331851546,0.30003121331851546,0.12932953227060026,1.6666666666666667,2.1666666666666665,2.1666666666666665,16.137161377899325,10.25703770289729,1.832593837482173,-1.8015786707385315,1.8393110519916285,-1.8402587953823883,5.7474265714595205,-0.11653045458848842,2.831257109931365,47.900134529890124,4.99156383156272,4.322461852836958,4.322461852836958,2.770055610029662,2.2647843170117525,2.2647843170117525,1.4520151031226116,1.4520151031226116,0.6020620726159656,0.6020620726159656,0.35206207261596567,0.35206207261596567,-0.33,14.834466856136647,5.670000000000001,2.884132762312634,3.67,38.36054158545974,4.794537184071822,5.783244946364939,0.0,0.0,0.0,0.0,0.0,0.0,0.0,6.923737199690624,13.344558822616634,6.4208216229260096,0.0,4.794537184071822,5.783244946364939,0.0,26.689117645233267,0.0,0.0,0.0,0.0,0.0,0.0,5.783244946364939,4.794537184071822,0.0,26.689117645233267,0.0,0.0,17.07,0.0,4.794537184071822,5.783244946364939,0.0,12.841643245852019,0.0,6.923737199690624,6.923737199690624,0.0,0.0,0.0,10.04375,0.0,0.0,0.2893518518518521,0.0,1.7175925925925926,3.615972222222222,0.0,0.8,6,0,1,0,0,0,0,0,0,1,0,1,2,0,0,0,0,1.3755,25.588999999999988,0,0,0,0,0,0,1,1,0,0,0,0,0,0,0,0,0,1,1,0,0,0,0,0,0,0
CCC(=O)CC,15.14,10.180555555555555,0.342592592592593,10.180555555555555,0.342592592592593,0.4957688321065222,86.134,76.054,86.07316494,36,0.13186152172966464,-0.2997406513908195,0.2997406513908195,0.13186152172966464,1.3333333333333333,1.6666666666666667,1.6666666666666667,16.13770405136894,10.250042925844223,1.8625884936488524,-1.8087766781044416,1.8249499239166267,-1.8767940623440593,5.770114341262289,-0.11794492463097392,2.9881608821342693,41.900134529890124,4.99156383156272,4.322461852836958,4.322461852836958,2.808060412490447,2.325444488791574,2.325444488791574,1.2457819157813603,1.2457819157813603,0.7886751345948128,0.7886751345948128,0.24999999999999994,0.24999999999999994,-0.33,19.800269059780252,5.670000000000001,2.884132762312634,1.9424795640326975,38.36054158545974,0.0,5.783244946364939,0.0,0.0,0.0,4.794537184071822,0.0,0.0,0.0,13.847474399381248,0.0,12.841643245852019,0.0,4.794537184071822,5.783244946364939,0.0,26.689117645233267,0.0,0.0,0.0,0.0,0.0,0.0,5.783244946364939,4.794537184071822,0.0,26.689117645233267,0.0,0.0,17.07,0.0,4.794537184071822,0.0,18.624888192216957,0.0,0.0,0.0,13.847474399381248,0.0,0.0,0.0,10.180555555555555,0.0,0.0,0.342592592592593,0.0,1.3819444444444442,3.761574074074074,0.0,0.8,6,0,1,0,0,0,0,0,0,1,0,1,2,0,0,0,0,1.3755,25.588999999999988,0,0,0,0,0,0,1,1,0,0,0,0,0,0,0,0,0,1,1,0,0,0,0,0,0,0
CC(C)C(=O)C,15.58,10.143518518518519,0.2129629629629628,10.143518518518519,0.2129629629629628,0.46877109268711886,86.13399999999999,76.05399999999999,86.07316494,36,0.1318534622268426,-0.2997396385899406,0.2997396385899406,0.1318534622268426,1.5,1.6666666666666667,1.6666666666666667,16.137782715502038,10.142123763404971,1.9449549558120596,-1.9036158141219135,1.8905623662584157,-1.9811154399301927,5.768269316038381,-0.11924112613934283,3.2575861612334887,54.95878455585175,5.1547005383792515,4.485598559653489,4.485598559653489,2.6427344100918364,2.147499818205996,2.147499818205996,1.7653509484037542,1.7653509484037542,0.8130525295851416,0.8130525295851416,0.0,0.0,-0.33,13.609640474436812,5.670000000000001,1.9565136909816512,1.9424795640326975,38.36054158545974,0.0,5.783244946364939,0.0,0.0,0.0,4.794537184071822,0.0,0.0,0.0,13.847474399381248,6.923737199690624,5.917906046161393,0.0,4.794537184071822,5.783244946364939,5.917906046161393,20.771211599071872,0.0,0.0,0.0,0.0,0.0,0.0,5.783244946364939,4.794537184071822,5.917906046161393,20.771211599071872,0.0,0.0,17.07,0.0,4.794537184071822,11.701150992526333,0.0,0.0,0.0,6.923737199690624,13.847474399381248,0.0,0.0,0.0,10.143518518518519,0.0,0.0,0.4722222222222223,0.0,0.0,5.3842592592592595,0.0,0.8,6,0,1,0,0,0,0,0,0,1,0,1,1,0,0,0,0,1.2314,25.518999999999988,0,0,0,0,0,0,1,1,0,0,0,0,0,0,0,0,0,1,1,0,0,0,0,0,0,0
CCCCC(=O)C,13.53,10.202638888888888,0.3072685185185189,10.202638888888888,0.3072685185185189,0.5278529243600644,100.16099999999999,88.06499999999998,100.088815004,42,0.1293397726031704,-0.30003102499487694,0.30003102499487694,0.1293397726031704,1.5714285714285714,2.142857142857143,2.2857142857142856,16.137167305452813,10.193938925165149,1.86965892382449,-1.8611399014949905,1.921162010689879,-1.8610677631141601,5.747844212376289,-0.11661230295595063,2.8219389370591843,57.20035947603792,5.698670612749268,5.029568634023505,5.029568634023505,3.270055610029662,2.7647843170117525,2.7647843170117525,1.8055684937158853,1.8055684937158853,0.8823921585058763,0.8823921585058763,0.4257221742419769,0.4257221742419769,-0.33,29.01955000865388,6.670000000000001,3.84636684303351,5.669999999999999,44.725483699856355,4.794537184071822,5.783244946364939,0.0,0.0,0.0,0.0,0.0,0.0,0.0,13.344558822616634,13.344558822616634,6.4208216229260096,0.0,4.794537184071822,5.783244946364939,0.0,33.10993926815928,0.0,0.0,0.0,0.0,0.0,0.0,5.783244946364939,4.794537184071822,0.0,33.10993926815928,0.0,0.0,17.07,0.0,4.794537184071822,0.0,5.783244946364939,19.26246486877803,0.0,6.923737199690624,0.0,6.923737199690624,0.0,0.0,10.202638888888888,0.0,0.0,0.3072685185185189,0.0,2.935925925925926,3.720833333333333,0.0,0.8333333333333334,7,0,1,0,0,0,0,0,0,1,0,1,3,0,0,0,0,1.7656,30.20599999999998,0,0,0,0,0,0,1,1,0,0,0,0,0,0,0,0,0,1,1,0,0,0,0,0,0,0
CC(C)CC(=O)C,13.48,10.254166666666666,0.2870370370370372,10.254166666666666,0.2870370370370372,0.5150193170931499,100.16099999999999,88.06499999999998,100.088815004,42,0.12959512117371577,-0.3000199627172533,0.3000199627172533,0.12959512117371577,1.5714285714285714,2.0,2.0,16.13721582296354,10.097599154108247,1.9480787956992214,-1.9512962259758184,1.9728827182579025,-1.9495066129849994,5.750462716241885,-0.11716490653845879,3.126006652390634,64.58027134782355,5.8618073195657985,5.192705340840036,5.192705340840036,3.125897657686229,2.6206263646683197,2.6206263646683197,2.299986098471895,2.299986098471895,0.6957057690291278,0.6957057690291278,0.5749149571305296,0.5749149571305296,-0.33,19.093583929800843,6.670000000000001,2.779490232395047,5.669999999999999,44.725483699856355,4.794537184071822,5.783244946364939,0.0,0.0,0.0,0.0,0.0,0.0,0.0,13.847474399381248,12.841643245852017,6.4208216229260096,0.0,4.794537184071822,5.783244946364939,5.917906046161393,27.19203322199788,0.0,0.0,0.0,0.0,0.0,0.0,5.783244946364939,4.794537184071822,5.917906046161393,27.19203322199788,0.0,0.0,17.07,0.0,4.794537184071822,5.783244946364939,5.917906046161393,6.4208216229260096,0.0,6.923737199690624,13.847474399381248,0.0,0.0,0.0,10.254166666666666,0.0,0.0,0.8125000000000001,0.0,0.7222222222222221,5.711111111111111,0.0,0.8333333333333334,7,0,1,0,0,0,0,0,0,1,0,1,2,0,0,0,0,1.6215,30.13599999999998,0,0,0,0,0,0,1,1,0,0,0,0,0,0,0,0,0,1,1,0,0,0,0,0,0,0
CC(=O)C(C)(C)C,13.56,10.465277777777779,-0.13888888888888884,10.465277777777779,0.13888888888888884,0.4517892989299219,100.16099999999999,88.06499999999998,100.088815004,42,0.13463290995980942,-0.29943568716997876,0.29943568716997876,0.13463290995980942,1.2857142857142858,1.4285714285714286,1.4285714285714286,16.138553753159492,9.922643062471908,2.1415766004618044,-2.1078439716276973,2.1210016087086556,-2.1492386431827466,5.803844802470328,-0.12352134058164473,3.7911184170869663,76.67103446305711,6.077350269189626,5.408248290463863,5.408248290463863,2.9433756729740645,2.4541241452319316,2.4541241452319316,2.8061862178478973,2.8061862178478973,1.0561862178478973,1.0561862178478973,0.0,0.0,-0.33,17.086166327180322,6.670000000000001,1.6450481914728035,2.3754673721340387,44.725483699856355,0.0,5.783244946364939,0.0,0.0,0.0,4.794537184071822,0.0,0.0,0.0,20.771211599071872,6.923737199690624,5.41499046939678,0.0,4.794537184071822,5.783244946364939,5.41499046939678,27.694948798762496,0.0,0.0,0.0,0.0,0.0,0.0,5.783244946364939,4.794537184071822,5.41499046939678,27.694948798762496,0.0,0.0,17.07,0.0,4.794537184071822,11.198235415761719,0.0,0.0,0.0,6.923737199690624,20.771211599071872,0.0,0.0,0.0,10.465277777777779,0.0,-0.13888888888888884,0.24305555555555602,0.0,0.0,7.347222222222222,0.0,0.8333333333333334,7,0,1,0,0,0,0,0,0,1,0,1,0,0,0,0,0,1.6215,30.13599999999998,0,0,0,0,0,0,1,1,0,0,0,0,0,0,0,0,0,1,1,0,0,0,0,0,0,0
CCCCCC(=O)C,12.29,10.318568594104308,0.3180092592592596,10.318568594104308,0.3180092592592596,0.5116862498477169,114.18799999999999,100.07599999999998,114.104465068,48,0.12933994886491917,-0.3000310235003908,0.3000310235003908,0.12933994886491917,1.375,2.0,2.375,16.137168949759776,10.152628481001415,1.8920578624058306,-1.902327524163034,1.9755852732576749,-1.8720736715298694,5.747909217884563,-0.11662494280366033,2.822354554248032,66.78707744334402,6.405777393935816,5.736675415210053,5.736675415210053,3.770055610029662,3.2647843170117525,3.2647843170117525,2.159121884309159,2.159121884309159,1.1323921585058763,1.1323921585058763,0.6239454789453399,0.6239454789453399,-0.33,48.27551104108667,7.669999999999999,4.8199250374812594,5.670000000000001,51.09042581425295,4.794537184071822,5.783244946364939,0.0,0.0,0.0,0.0,0.0,0.0,0.0,19.765380445542643,13.344558822616634,6.4208216229260096,0.0,4.794537184071822,5.783244946364939,0.0,39.53076089108528,0.0,0.0,0.0,0.0,0.0,0.0,5.783244946364939,4.794537184071822,0.0,39.53076089108528,0.0,0.0,17.07,0.0,4.794537184071822,0.0,5.783244946364939,12.841643245852019,12.841643245852019,6.923737199690624,0.0,6.923737199690624,0.0,0.0,10.318568594104308,0.0,0.0,0.3180092592592596,0.0,4.242592592592593,3.787496220710506,0.0,0.8571428571428571,8,0,1,0,0,0,0,0,0,1,0,1,4,0,0,0,0,2.1557000000000004,34.822999999999986,0,0,0,0,0,0,1,1,0,0,0,0,0,0,0,0,0,1,1,0,0,0,0,0,0,1
CCCCC(=O)CC,12.25,10.570694444444445,0.3952314814814819,10.570694444444445,0.3952314814814819,0.5469887036855585,114.18799999999999,100.07599999999998,114.104465068,48,0.13213624621267467,-0.29972928203016475,0.29972928203016475,0.13213624621267467,1.375,2.0,2.375,16.1377580872745,10.145014453474055,1.9315701256157385,-1.9064047886008675,1.9602736129765213,-1.9216190324501965,5.773511625584291,-0.11836803443041416,2.988598647973156,66.78707744334402,6.405777393935816,5.736675415210053,5.736675415210053,3.808060412490447,3.325444488791574,3.325444488791574,1.9957819157813603,1.9957819157813603,1.2035064210999196,1.2035064210999196,0.5507221742419769,0.5507221742419769,-0.33,56.62563225878344,7.669999999999999,4.8199250374812594,3.84636684303351,51.09042581425295,0.0,5.783244946364939,0.0,0.0,0.0,4.794537184071822,0.0,0.0,0.0,20.268296022307258,6.4208216229260096,12.841643245852019,0.0,4.794537184071822,5.783244946364939,0.0,39.53076089108528,0.0,0.0,0.0,0.0,0.0,0.0,5.783244946364939,4.794537184071822,0.0,39.53076089108528,0.0,0.0,17.07,0.0,4.794537184071822,0.0,12.204066569290948,19.26246486877803,0.0,0.0,6.923737199690624,6.923737199690624,0.0,0.0,10.570694444444445,0.0,0.0,0.3952314814814819,0.0,3.6859259259259254,4.014814814814815,0.0,0.8571428571428571,8,0,1,0,0,0,0,0,0,1,0,1,4,0,0,0,0,2.1557000000000004,34.822999999999986,0,0,0,0,0,0,1,1,0,0,0,0,0,0,0,0,0,1,1,0,0,0,0,0,0,0
CCCC(=O)CCC,12.26,10.643055555555556,0.4120370370370374,10.643055555555556,0.4120370370370374,0.5469887036855585,114.18799999999999,100.07599999999998,114.104465068,48,0.13239048773034137,-0.2997182890076654,0.2997182890076654,0.13239048773034137,1.125,1.5,1.75,16.13780017662905,10.142095569961997,1.9432451374407358,-1.9078644987596927,1.9530988380555785,-1.9339473025779308,5.776106966082465,-0.11862587506324088,3.0551722039096187,58.78707744334402,6.405777393935816,5.736675415210053,5.736675415210053,3.808060412490447,3.325444488791574,3.325444488791574,2.0386751345948126,2.0386751345948126,1.057677535825205,1.057677535825205,0.6826775358252052,0.6826775358252052,-0.33,50.25226450504587,7.669999999999999,4.8199250374812594,3.84636684303351,51.09042581425295,0.0,5.783244946364939,0.0,0.0,0.0,4.794537184071822,0.0,0.0,0.0,13.847474399381248,12.841643245852019,12.841643245852019,0.0,4.794537184071822,5.783244946364939,0.0,39.53076089108528,0.0,0.0,0.0,0.0,0.0,0.0,5.783244946364939,4.794537184071822,0.0,39.53076089108528,0.0,0.0,17.07,0.0,4.794537184071822,0.0,5.783244946364939,25.683286491704038,0.0,0.0,13.847474399381248,0.0,0.0,0.0,10.643055555555556,0.0,0.0,0.4120370370370374,0.0,3.5410185185185186,4.070555555555556,0.0,0.8571428571428571,8,0,1,0,0,0,0,0,0,1,0,1,4,0,0,0,0,2.1557000000000004,34.822999999999986,0,0,0,0,0,0,1,1,0,0,0,0,0,0,0,0,0,1,1,0,0,0,0,0,0,0
CC(C)CCC(=O)C,12.08,10.348194444444445,0.3043518518518522,10.348194444444445,0.3043518518518522,0.5481896504339717,114.18799999999999,100.07599999999998,114.104465068,48,0.12935008517234206,-0.300030835096211,0.300030835096211,0.12935008517234206,1.5,2.0,2.125,16.13717408641372,10.072573146710253,1.9494425026400153,-1.9807422676699609,2.0207325073369535,-1.9318498224042626,5.748251411574944,-0.11676666015857798,3.0500782919131915,74.45601115561732,6.568914100752346,5.899812122026583,5.899812122026583,3.625897657686229,3.12062636466832,3.12062636466832,2.6345370878347767,2.6345370878347767,1.0737499091029978,1.0737499091029978,0.49193826699109827,0.49193826699109827,-0.33,40.339203954130696,7.669999999999999,3.645030979671556,5.670000000000001,51.09042581425295,4.794537184071822,5.783244946364939,0.0,0.0,0.0,0.0,0.0,0.0,0.0,13.847474399381248,19.262464868778025,6.4208216229260096,0.0,4.794537184071822,5.783244946364939,5.917906046161393,33.61285484492389,0.0,0.0,0.0,0.0,0.0,0.0,5.783244946364939,4.794537184071822,5.917906046161393,33.61285484492389,0.0,0.0,17.07,0.0,4.794537184071822,0.0,11.701150992526333,12.841643245852019,0.0,6.923737199690624,0.0,13.847474399381248,0.0,0.0,10.348194444444445,0.0,0.0,0.9700000000000002,0.0,1.784722222222222,5.897083333333333,0.0,0.8571428571428571,8,0,1,0,0,0,0,0,0,1,0,1,3,0,0,0,0,2.0116,34.752999999999986,0,0,0,0,0,0,1,1,0,0,0,0,0,0,0,0,0,1,1,0,0,0,0,0,0,0
C1CC(=O)C1,18.7,9.899305555555555,0.43518518518518534,9.899305555555555,0.43518518518518534,0.41052236175860424,70.09100000000001,64.043,70.041864812,28,0.13243840516053412,-0.29971746395926746,0.29971746395926746,0.13243840516053412,1.4,1.8,1.8,16.138988520254568,9.990705575834875,2.0912639864592957,-2.045430637601182,2.098487985966087,-2.0670103243064872,5.828065297340535,-0.12296500039205477,2.3224050495909907,50.668290500398435,3.6986706127492686,3.0295686340235055,3.0295686340235055,2.393846850117352,1.9112309264184786,1.9112309264184786,1.3922285251880864,1.3922285251880864,0.9112309264184789,0.9112309264184789,0.3211142625940433,0.3211142625940433,-0.33,10.39035952556319,2.884132762312634,0.813808963914784,0.31837055078089765,30.98976831753391,0.0,5.783244946364939,0.0,0.0,0.0,4.794537184071822,0.0,0.0,0.0,0.0,6.4208216229260096,12.841643245852019,0.0,4.794537184071822,5.783244946364939,0.0,19.26246486877803,0.0,0.0,0.0,0.0,0.0,0.0,5.783244946364939,4.794537184071822,0.0,19.26246486877803,0.0,0.0,17.07,0.0,4.794537184071822,0.0,5.783244946364939,19.26246486877803,0.0,0.0,0.0,0.0,0.0,0.0,9.899305555555555,0.0,0.0,0.43518518518518534,0.0,2.8321759259259256,0.0,0.0,0.75,5,0,1,1,0,1,0,0,0,1,0,1,0,1,0,1,1,0.7394000000000001,18.857999999999997,0,0,0,0,0,0,1,1,0,0,0,0,0,0,0,0,0,1,1,0,0,0,0,0,0,0
C1CCC(=O)C1,15.65,10.243055555555555,0.45370370370370394,10.243055555555555,0.45370370370370394,0.4296801032840842,84.118,76.05399999999999,84.057514876,34,0.13241174098098987,-0.2997179056395969,0.2997179056395969,0.13241174098098987,1.1666666666666667,1.6666666666666667,1.8333333333333333,16.138115168672947,10.357493667553983,2.068709157016928,-1.7106114043194847,2.109360468251137,-1.8130186227992746,5.794964874845796,-0.11686212346795587,2.3673518510178746,58.33869642763737,4.405777393935816,3.736675415210053,3.736675415210053,2.893846850117352,2.4112309264184786,2.4112309264184786,1.7457819157813603,1.7457819157813603,1.1612309264184788,1.1612309264184788,0.7693375672974063,0.7693375672974063,-0.33,33.548875021634686,3.84636684303351,1.4138304835588202,0.5880806897900375,37.35471043193051,0.0,5.783244946364939,0.0,0.0,0.0,4.794537184071822,0.0,0.0,0.0,0.0,12.841643245852019,12.841643245852019,0.0,4.794537184071822,5.783244946364939,0.0,25.683286491704038,0.0,0.0,0.0,0.0,0.0,0.0,5.783244946364939,4.794537184071822,0.0,25.683286491704038,0.0,0.0,17.07,0.0,4.794537184071822,0.0,5.783244946364939,25.683286491704038,0.0,0.0,0.0,0.0,0.0,0.0,10.243055555555555,0.0,0.0,0.45370370370370394,0.0,3.9699074074074074,0.0,0.0,0.8,6,0,1,1,0,1,0,0,0,1,0,1,0,1,0,1,1,1.1295,23.47499999999999,0,0,0,0,0,0,1,1,0,0,0,0,0,0,0,0,0,1,1,0,0,0,0,0,0,0
C1CCC(=O)CC1,13.62,10.463055555555556,0.4641203703703707,10.463055555555556,0.4641203703703707,0.448625540575247,98.145,88.06499999999998,98.07316494,40,0.13241132759858107,-0.2997179089731855,0.2997179089731855,0.13241132759858107,1.0,1.5714285714285714,1.8571428571428572,16.137890927375835,9.99757630025872,2.054314776810952,-2.0476118583191876,2.116969019379216,-2.0186618665215845,5.783227987090043,-0.11972648791267478,2.2495440947344703,68.24920506009684,5.112884175122364,4.443782196396601,4.443782196396601,3.393846850117352,2.9112309264184786,2.9112309264184786,2.099335306374634,2.099335306374634,1.4112309264184788,1.4112309264184788,0.9461142625940431,0.9461142625940431,-0.33,47.19725257297226,4.8199250374812594,2.101967961325131,1.298148750019123,43.719652546327126,0.0,5.783244946364939,0.0,0.0,0.0,4.794537184071822,0.0,0.0,0.0,6.4208216229260096,12.841643245852019,12.841643245852019,0.0,4.794537184071822,5.783244946364939,0.0,32.10410811463005,0.0,0.0,0.0,0.0,0.0,0.0,5.783244946364939,4.794537184071822,0.0,32.10410811463005,0.0,0.0,17.07,0.0,4.794537184071822,0.0,5.783244946364939,25.683286491704038,6.4208216229260096,0.0,0.0,0.0,0.0,0.0,10.463055555555556,0.0,0.0,0.4641203703703707,0.0,5.23949074074074,0.0,0.0,0.8333333333333334,7,0,1,1,0,1,0,0,0,1,0,1,0,1,0,1,1,1.5196,28.091999999999985,0,0,0,0,0,0,1,1,0,0,0,0,0,0,0,0,0,1,1,0,0,0,0,0,0,0
CC1CCCCC1=O,11.94,10.794074074074075,0.36458333333333315,10.794074074074075,0.36458333333333315,0.4664054785302647,112.172,100.07599999999998,112.088815004,46,0.13519971478507345,-0.2994148859068625,0.2994148859068625,0.13519971478507345,1.5,2.25,2.625,16.13857886355295,9.897135950080198,2.1561164653169245,-2.140762633995288,2.1841581280096327,-2.143720418555702,5.806378613932278,-0.12343599302519086,2.3927135778709268,96.55994821726517,5.983127663125442,5.314025684399679,5.314025684399679,3.804530452640311,3.331951230073507,3.331951230073507,2.613142328799064,2.613142328799064,1.8599593583945888,1.8599593583945888,1.1571419190381895,1.1571419190381895,-0.33,72.49526582754562,5.8003780964797915,2.2931845310981096,1.0861454348702535,50.084594660723724,0.0,5.783244946364939,0.0,0.0,0.0,4.794537184071822,0.0,0.0,0.0,13.344558822616634,12.841643245852019,12.338727669087403,0.0,4.794537184071822,5.783244946364939,5.917906046161393,32.60702369139466,0.0,0.0,0.0,0.0,0.0,0.0,5.783244946364939,4.794537184071822,5.917906046161393,32.60702369139466,0.0,0.0,17.07,0.0,4.794537184071822,0.0,11.701150992526333,19.26246486877803,6.4208216229260096,0.0,6.923737199690624,0.0,0.0,0.0,10.794074074074075,0.0,0.0,0.8333333333333334,0.0,4.343333333333333,2.029259259259259,0.0,0.8571428571428571,8,0,1,1,0,1,0,0,0,1,0,1,0,1,0,1,1,1.7656,32.63899999999998,0,0,0,0,0,0,1,1,0,0,0,0,0,0,0,0,0,1,1,0,0,0,0,0,0,0
CC1CCCC(=O)C1,12.12,10.673472222222223,0.4618055555555558,10.673472222222223,0.4618055555555558,0.4664054785302647,112.172,100.07599999999998,112.088815004,46,0.13267712672475132,-0.2997066458387008,0.2997066458387008,0.13267712672475132,1.625,2.375,2.75,16.137953386802984,9.900468764512445,2.135489461770563,-2.14239498063875,2.189770727204104,-2.108476890138777,5.786704844388005,-0.1207949138540589,2.336356083029012,96.55994821726517,5.983127663125442,5.314025684399679,5.314025684399679,3.787693700234704,3.305077776535831,3.305077776535831,2.74019952053737,2.74019952053737,1.728671501427993,1.728671501427993,1.2404752523715228,1.2404752523715228,-0.33,64.0524865010122,5.8003780964797915,2.2931845310981096,1.3224031402358494,50.084594660723724,0.0,5.783244946364939,0.0,0.0,0.0,4.794537184071822,0.0,0.0,0.0,6.923737199690624,18.75954929201341,12.841643245852019,0.0,4.794537184071822,5.783244946364939,5.917906046161393,32.60702369139466,0.0,0.0,0.0,0.0,0.0,0.0,5.783244946364939,4.794537184071822,5.917906046161393,32.60702369139466,0.0,0.0,17.07,0.0,4.794537184071822,0.0,11.701150992526333,19.26246486877803,6.4208216229260096,0.0,0.0,6.923737199690624,0.0,0.0,10.673472222222223,0.0,0.0,1.125,0.0,4.051666666666667,2.149861111111111,0.0,0.8571428571428571,8,0,1,1,0,1,0,0,0,1,0,1,0,1,0,1,1,1.7656,32.63899999999998,0,0,0,0,0,0,1,1,0,0,0,0,0,0,0,0,0,1,1,0,0,0,0,0,0,0
CC1CCC(=O)CC1,12.13,10.608611111111111,0.461203703703704,10.608611111111111,0.461203703703704,0.4664054785302647,112.172,100.07599999999998,112.088815004,46,0.13243195542561695,-0.29971752878253716,0.29971752878253716,0.13243195542561695,1.375,1.875,2.25,16.13790967867921,9.901411082584472,2.129378036315146,-2.1433365218879117,2.1915075606378194,-2.098809871931955,5.784579633947109,-0.12039198634608674,2.292321282391447,86.55994821726517,5.983127663125442,5.314025684399679,5.314025684399679,3.787693700234704,3.305077776535831,3.305077776535831,2.7211971193069777,2.7211971193069777,1.8319512300735068,1.8319512300735068,1.0841121225538402,1.0841121225538402,-0.33,70.79892376087899,5.8003780964797915,2.2931845310981096,1.3224031402358494,50.08459466072374,0.0,5.783244946364939,0.0,0.0,0.0,4.794537184071822,0.0,0.0,0.0,6.923737199690624,18.75954929201341,12.841643245852019,0.0,4.794537184071822,5.783244946364939,5.917906046161393,32.60702369139466,0.0,0.0,0.0,0.0,0.0,0.0,5.783244946364939,4.794537184071822,5.917906046161393,32.60702369139466,0.0,0.0,17.07,0.0,4.794537184071822,0.0,5.783244946364939,31.60119253786543,0.0,0.0,0.0,6.923737199690624,0.0,0.0,10.608611111111111,0.0,0.0,1.2600000000000002,0.0,3.9166666666666665,2.214722222222222,0.0,0.8571428571428571,8,0,1,1,0,1,0,0,0,1,0,1,0,1,0,1,1,1.7656,32.63899999999998,0,0,0,0,0,0,1,1,0,0,0,0,0,0,0,0,0,1,1,0,0,0,0,0,0,0
C1CCCC(=O)CC1,12.57,10.683055555555555,0.4745370370370374,10.683055555555555,0.4745370370370374,0.4373370857739533,112.172,100.07599999999998,112.088815004,46,0.13241132445136486,-0.29971790898555595,0.29971790898555595,0.13241132445136486,0.875,1.375,1.875,16.137833672478692,10.184632669998972,2.044561436444125,-1.865825690033345,2.1226954711300854,-1.9126541030402981,5.779150634027457,-0.11841098823611754,2.26669651519302,76.38761556290453,5.819990956308912,5.150888977583149,5.150888977583149,3.893846850117352,3.4112309264184786,3.4112309264184786,2.4528886969679076,2.4528886969679076,1.6612309264184786,1.6612309264184786,1.1228909578906798,1.1228909578906798,-0.33,85.39865212877876,5.8003780964797915,2.852684594293651,1.6450481914728035,50.08459466072374,0.0,5.783244946364939,0.0,0.0,0.0,4.794537184071822,0.0,0.0,0.0,12.841643245852019,12.841643245852019,12.841643245852019,0.0,4.794537184071822,5.783244946364939,0.0,38.524929737556064,0.0,0.0,0.0,0.0,0.0,0.0,5.783244946364939,4.794537184071822,0.0,38.524929737556064,0.0,0.0,17.07,0.0,4.794537184071822,0.0,5.783244946364939,25.683286491704038,12.841643245852019,0.0,0.0,0.0,0.0,0.0,10.683055555555555,0.0,0.0,0.4745370370370374,0.0,6.509074074074073,0.0,0.0,0.8571428571428571,8,0,1,1,0,1,0,0,0,1,0,1,0,1,0,1,1,1.9097,32.70899999999998,0,0,0,0,0,0,1,1,0,0,0,0,0,0,0,0,0,1,1,0,0,0,0,0,0,0
C1CCCCCC(=O)CCCCC1,7.83,11.299038407029478,0.5005309901738475,11.299038407029478,0.5005309901738475,0.555676737551937,182.30699999999996,160.13099999999997,182.167065324,76,0.1324113244396147,-0.2997179089855784,0.2997179089855784,0.1324113244396147,0.5384615384615384,0.8461538461538461,1.2307692307692308,16.13781751885019,10.00445665721251,2.024472657416108,-2.049922907038942,2.1394440563369743,-1.979415222856726,5.777046121755747,-0.11883913914770487,2.144560008407528,126.05990292969187,9.355524862241651,8.686422883515887,8.686422883515887,6.393846850117352,5.911230926418479,5.911230926418479,4.220655649934276,4.220655649934276,2.9112309264184786,2.9112309264184786,2.006774434373864,2.006774434373864,-0.33,978.5789294246621,10.748926598263616,7.10988646585922,5.839649417318773,81.9093052327068,0.0,5.783244946364939,0.0,0.0,0.0,4.794537184071822,0.0,0.0,0.0,44.94575136048208,12.841643245852019,12.841643245852019,0.0,4.794537184071822,5.783244946364939,0.0,70.62903785218613,0.0,0.0,0.0,0.0,0.0,0.0,5.783244946364939,4.794537184071822,0.0,70.62903785218613,0.0,0.0,17.07,0.0,4.794537184071822,0.0,5.783244946364939,25.683286491704038,44.94575136048208,0.0,0.0,0.0,0.0,0.0,11.299038407029478,0.0,0.0,0.5005309901738475,0.0,13.36709726946334,0.0,0.0,0.9166666666666666,13,0,1,1,0,1,0,0,0,1,0,1,0,1,0,1,1,3.8602000000000034,55.79400000000005,0,0,0,0,0,0,1,1,0,0,0,0,0,0,0,0,0,1,1,0,0,0,0,0,0,0
C1CC(=O)OC1,44.59,10.020833333333334,-0.04629629629629606,10.020833333333334,0.04629629629629606,0.3967776605314054,86.09,80.042,86.036779432,34,0.30540984130550025,-0.46565655717272214,0.46565655717272214,0.30540984130550025,1.6666666666666667,2.5,2.6666666666666665,16.537736722822217,10.380482045773824,2.0779192530218022,-1.8073537561954645,2.007301717160695,-1.8812070357865436,5.702906501721522,-0.13745329776759374,2.3673518510178746,59.94833690207419,4.405777393935816,3.4378169244873686,3.4378169244873686,2.893846850117352,2.0504768156519493,2.0504768156519493,1.3240235710507577,1.3240235710507577,0.7882881181567853,0.7882881181567853,0.47467936855888593,0.47467936855888593,-0.53,33.548875021634686,3.6528153564899446,1.2857540807770496,0.5057254621854761,36.103313547040784,4.736862953800049,0.0,0.0,0.0,5.969305287951849,4.794537184071822,0.0,0.0,0.0,0.0,6.4208216229260096,6.4208216229260096,6.606881964512918,9.53140013787187,5.969305287951849,0.0,12.841643245852019,6.606881964512918,0.0,0.0,0.0,0.0,0.0,12.576187252464766,9.53140013787187,0.0,12.841643245852019,0.0,0.0,26.3,0.0,4.794537184071822,5.969305287951849,13.027703587438928,6.4208216229260096,0.0,0.0,0.0,4.736862953800049,0.0,4.513888888888889,10.020833333333334,0.0,0.0,-0.04629629629629606,0.0,1.540509259259259,0.6377314814814814,0.0,0.75,6,0,2,0,1,1,0,0,0,2,0,2,0,0,1,1,1,0.3234,20.192999999999994,0,0,0,0,0,0,1,1,0,0,0,0,0,0,1,1,0,0,0,1,0,0,0,0,0,0
CC1CCC(=O)O1,35.11,10.23125,-0.04861111111111094,10.23125,0.04861111111111094,0.4189428687308838,100.11699999999999,92.05299999999998,100.052429496,40,0.3056876596821109,-0.46264003197434184,0.46264003197434184,0.3056876596821109,1.8571428571428572,2.5714285714285716,2.7142857142857144,16.54776222740221,10.263225331505746,2.170484770565788,-1.9517131628252842,2.108060679082464,-1.9834456516493986,5.7079666891375895,-0.14029754438163577,2.39706714269016,88.08094399727418,5.276020881938894,4.3080604124904465,4.3080604124904465,3.287693700234704,2.483102501106141,2.483102501106141,1.8391519502467628,1.8391519502467628,1.0876182966188024,1.0876182966188024,0.6633575045284709,0.6633575045284709,-0.53,46.670482779147534,4.624559505409582,1.5234757718400516,0.9180777352946504,42.4682556614374,4.736862953800049,0.0,0.0,0.0,5.969305287951849,4.794537184071822,0.0,0.0,0.0,0.0,13.344558822616634,6.4208216229260096,6.103966387748303,9.53140013787187,5.969305287951849,0.0,25.869346833290944,0.0,0.0,0.0,0.0,0.0,0.0,12.073271675700152,9.53140013787187,0.0,19.765380445542643,0.0,0.0,26.3,0.0,4.794537184071822,12.073271675700152,6.4208216229260096,6.4208216229260096,0.0,0.0,6.923737199690624,0.0,4.736862953800049,4.722222222222222,10.23125,0.0,0.0,-0.04861111111111094,0.0,1.6875,1.9076388888888889,0.0,0.8,7,0,2,0,1,1,0,0,0,2,0,2,0,0,1,1,1,0.7119,24.78799999999999,0,0,0,0,0,0,1,1,0,0,0,0,0,0,1,1,0,0,0,1,0,0,0,0,0,0
C1CCOC(=O)C1,38.3,10.240833333333333,-0.03587962962962932,10.240833333333333,0.03587962962962932,0.41897611120492895,100.11699999999999,92.053,100.052429496,40,0.3052797764816462,-0.4656747525684178,0.4656747525684178,0.3052797764816462,1.4285714285714286,2.2857142857142856,2.5714285714285716,16.533605508435304,10.20235678827108,2.061405488608972,-2.077559220361267,2.036541938452667,-2.104997003632067,5.692568689623937,-0.1461777194033511,2.2495440947344707,70.14933958998697,5.112884175122364,4.144923705673916,4.144923705673916,3.393846850117352,2.5504768156519493,2.5504768156519493,1.6775769616440317,1.6775769616440317,1.0382881181567851,1.0382881181567851,0.6295726575261485,0.6295726575261485,-0.53,47.19725257297226,4.624559505409582,1.958669537588103,1.1803344211294082,42.468255661437404,4.736862953800049,0.0,0.0,0.0,5.969305287951849,4.794537184071822,0.0,0.0,0.0,0.0,12.841643245852019,6.4208216229260096,6.606881964512918,9.53140013787187,5.969305287951849,0.0,19.26246486877803,6.606881964512918,0.0,0.0,0.0,0.0,0.0,12.576187252464766,9.53140013787187,0.0,19.26246486877803,0.0,0.0,26.3,0.0,4.794537184071822,5.969305287951849,13.027703587438928,12.841643245852019,0.0,0.0,0.0,4.736862953800049,0.0,4.638888888888889,10.240833333333333,0.0,0.0,-0.03587962962962932,0.0,2.6850925925925924,0.6377314814814815,0.0,0.8,7,0,2,0,1,1,0,0,0,2,0,2,0,0,1,1,1,0.7135,24.809999999999988,0,0,0,0,0,0,1,1,0,0,0,0,0,0,1,1,0,0,0,1,0,0,0,0,0,0
C1CCC(=O)OCC1,32.64,10.460833333333333,-0.025462962962962576,10.460833333333333,0.025462962962962576,0.44070632929283715,114.14399999999999,104.06399999999998,114.06807956,46,0.3052775335658631,-0.46567500274357665,0.46567500274357665,0.3052775335658631,1.25,2.125,3.0,16.53263975836202,10.20484461864816,2.050493808063329,-1.934626435997457,2.0578461389665947,-1.9965848326692328,5.688901398867384,-0.14218448491231445,2.26669651519302,78.52932501298082,5.819990956308912,4.852030486860464,4.852030486860464,3.893846850117352,3.0504768156519497,3.0504768156519497,2.031130352237305,2.031130352237305,1.2882881181567851,1.2882881181567851,0.8063493528227853,0.8063493528227853,-0.53,85.39865212877876,5.603868808567603,2.6984359410043637,1.5234757718400516,48.833197775834,4.736862953800049,0.0,0.0,0.0,5.969305287951849,4.794537184071822,0.0,0.0,0.0,0.0,19.26246486877803,6.4208216229260096,6.606881964512918,9.53140013787187,5.969305287951849,0.0,25.683286491704038,6.606881964512918,0.0,0.0,0.0,0.0,0.0,12.576187252464766,9.53140013787187,0.0,25.683286491704038,0.0,0.0,26.3,0.0,4.794537184071822,5.969305287951849,13.027703587438928,19.26246486877803,0.0,0.0,0.0,0.0,4.736862953800049,4.763888888888889,10.460833333333333,0.0,0.0,-0.025462962962962576,0.0,3.829675925925926,0.6377314814814814,0.0,0.8333333333333334,8,0,2,0,1,1,0,0,0,2,0,2,0,0,1,1,1,1.1036000000000001,29.426999999999985,0,0,0,0,0,0,1,1,0,0,0,0,0,0,1,1,0,0,0,1,0,0,0,0,0,0
COC(=O)OC,3.1,9.73611111111111,-0.6574074074074077,9.73611111111111,0.6574074074074077,0.40368692642150095,90.078,84.03,90.031694052,36,0.5071977938803105,-0.4376213233778794,0.5071977938803105,0.4376213233778794,1.3333333333333333,1.6666666666666667,1.6666666666666667,16.71404282514737,11.299247075569985,1.8836358650609495,-1.8925549360509393,1.7165600139270971,-1.9728889479900649,5.586087118375043,0.0924074904084094,2.9881608821342693,44.0,4.99156383156272,3.7247448713915894,3.7247448713915894,2.808060412490447,1.4288690166235207,1.4288690166235207,0.6582482904638631,0.6582482904638631,0.3333333333333334,0.3333333333333334,0.08333333333333336,0.08333333333333336,-0.73,19.800269059780252,5.27,2.504192037470726,1.575810397553516,35.8577478156803,9.473725907600098,0.0,0.0,0.0,6.155365629538759,0.0,4.794537184071822,0.0,0.0,0.0,0.0,0.0,14.219595082555067,14.268263091671919,6.155365629538759,0.0,0.0,14.219595082555067,0.0,0.0,0.0,4.794537184071822,0.0,20.374960712093824,9.473725907600098,0.0,0.0,0.0,0.0,35.53,6.155365629538759,4.794537184071822,0.0,0.0,0.0,14.219595082555067,0.0,0.0,9.473725907600098,0.0,8.07638888888889,9.73611111111111,0.0,0.0,0.0,0.0,-0.6574074074074077,0.0,2.511574074074074,0.6666666666666666,6,0,3,0,0,0,0,0,0,3,0,3,0,0,0,0,0,0.3992,19.413999999999994,0,0,0,0,0,0,1,1,0,0,0,0,0,0,0,2,0,0,0,0,2,0,0,0,0,0
CCOC(=O)OC,2.95,9.96736111111111,-0.6226851851851853,9.96736111111111,0.3677314814814814,0.46116392343507007,104.10499999999999,96.04099999999998,104.047344116,42,0.5074668087030922,-0.4376136691221626,0.5074668087030922,0.4376136691221626,1.7142857142857142,2.2857142857142856,2.4285714285714284,16.718100228907872,10.874214225154827,1.923638942011632,-1.943184412912607,1.772910104238212,-2.0176684251349153,5.5885380829798725,0.07708754143976157,3.002590528674132,59.955246978201394,5.698670612749268,4.431851652578137,4.431851652578137,3.308060412490447,2.016402641941018,2.016402641941018,0.8871368471241511,0.8871368471241511,0.4288553641618311,0.4288553641618311,0.17677669529663692,0.17677669529663692,-0.73,31.916635235956914,6.27,3.4597533206831117,3.0906538729439634,42.222689930076896,9.473725907600098,0.0,0.0,0.0,6.155365629538759,0.0,4.794537184071822,0.0,0.0,0.0,6.923737199690624,0.0,13.716679505790452,14.268263091671919,6.155365629538759,0.0,6.923737199690624,13.716679505790452,0.0,0.0,0.0,4.794537184071822,0.0,19.87204513532921,9.473725907600098,0.0,6.923737199690624,0.0,0.0,35.53,6.155365629538759,4.794537184071822,0.0,6.606881964512918,0.0,7.109797541277533,6.923737199690624,0.0,9.473725907600098,0.0,8.459305555555556,9.96736111111111,0.0,0.0,0.0,0.0,-0.6226851851851853,2.086898148148148,1.275787037037037,0.75,7,0,3,0,0,0,0,0,0,3,0,3,1,0,0,0,0,0.7893000000000001,24.030999999999988,0,0,0,0,0,0,1,1,0,0,0,0,0,0,0,2,0,0,0,0,1,0,0,0,0,0
CCOC(=O)OCC,2.85,10.198611111111111,-0.587962962962963,10.198611111111111,0.37384259259259256,0.5105361098562152,118.13199999999999,108.05199999999998,118.06299418,48,0.5077358221025684,-0.43458785003783723,0.5077358221025684,0.43458785003783723,1.25,1.625,1.875,16.72206668054827,10.847260475546785,1.9558092328295853,-1.9801168852194393,1.8133374016852077,-2.0521600823401838,5.590973707319101,0.06302697851422577,3.0551722039096187,62.07403392114697,6.405777393935816,5.138958433764684,5.138958433764684,3.808060412490447,2.6039362672585153,2.6039362672585153,1.1160254037844388,1.1160254037844388,0.5243773949903288,0.5243773949903288,0.2773689270621826,0.2773689270621826,-0.73,50.25226450504587,7.27,4.429489633173843,3.4597533206831117,48.5876320444735,9.473725907600098,0.0,0.0,0.0,6.155365629538759,0.0,4.794537184071822,0.0,0.0,0.0,13.847474399381248,0.0,13.213763929025836,14.268263091671919,6.155365629538759,0.0,13.847474399381248,13.213763929025836,0.0,0.0,0.0,4.794537184071822,0.0,19.369129558564595,9.473725907600098,0.0,13.847474399381248,0.0,0.0,35.53,6.155365629538759,4.794537184071822,0.0,13.213763929025836,0.0,0.0,13.847474399381248,0.0,9.473725907600098,0.0,8.842222222222222,10.198611111111111,0.0,0.0,0.0,0.0,-0.587962962962963,4.213796296296296,0.0,0.8,8,0,3,0,0,0,0,0,0,3,0,3,2,0,0,0,0,1.1794,28.647999999999985,0,0,0,0,0,0,1,1,0,0,0,0,0,0,0,2,0,0,0,0,0,0,0,0,0,0
CC1COC(=O)O1,74.04,10.009027777777778,-0.5486111111111109,10.009027777777778,0.04861111111111138,0.41861414893906074,102.08899999999998,96.041,102.031694052,40,0.5082899390744735,-0.4303457162325387,0.5082899390744735,0.4303457162325387,1.8571428571428572,2.5714285714285716,2.7142857142857144,16.76428310432403,10.457628289438047,2.1866551909760092,-1.8954751055544377,2.0238387270135427,-2.0066035537345472,5.6117163881070145,0.1212875540358181,2.39706714269016,88.93569696954752,5.276020881938894,4.009201921767763,4.009201921767763,3.287693700234704,2.1223483903396123,2.1223483903396123,1.4894725816878764,1.4894725816878764,0.7333020203377641,0.7333020203377641,0.4177032143021912,0.4177032143021912,-0.73,46.670482779147534,4.429489633173843,1.4049321347683748,0.8239390784715955,41.21685877654767,9.473725907600098,12.71084835226122,0.0,0.0,6.155365629538759,0.0,4.794537184071822,0.0,0.0,0.0,6.923737199690624,0.0,0.0,14.268263091671919,6.155365629538759,0.0,13.027703587438927,6.606881964512918,0.0,0.0,0.0,4.794537184071822,0.0,18.86621398179998,9.473725907600098,0.0,6.923737199690624,0.0,0.0,35.53,6.155365629538759,4.794537184071822,6.103966387748303,6.606881964512918,0.0,0.0,6.923737199690624,0.0,9.473725907600098,0.0,8.903935185185185,10.009027777777778,0.0,0.0,0.0,0.0,-0.5972222222222223,2.1842592592592593,0.0,0.75,7,0,3,0,1,1,0,0,0,3,0,3,0,0,1,1,1,0.5417000000000001,21.89499999999999,0,0,0,0,0,0,1,1,0,0,0,0,0,0,0,2,0,0,0,2,0,0,0,0,0,0
CCC1COC(=O)O1,62.0,10.167916666666667,-0.5306944444444441,10.167916666666667,0.0023148148148146586,0.4779215689047134,116.11599999999999,108.05199999999998,116.047344116,46,0.508300265760561,-0.43033382683627064,0.508300265760561,0.43033382683627064,1.875,2.625,2.875,16.76462437444855,10.298255043530373,2.217059383692469,-1.9664641493107167,2.073523979159443,-2.0592765102078303,5.612573343307053,0.11705658379524835,2.3210943523789513,99.84690469506812,5.983127663125442,4.71630870295431,4.71630870295431,3.825698502695489,2.6603531928003967,2.6603531928003967,1.7091121225538402,1.7091121225538402,1.1053104882659102,1.1053104882659102,0.5662962464778677,0.5662962464778677,-0.73,92.21698662121833,5.407551581843191,2.0264192526959985,0.9110148957694344,47.58180089094427,9.473725907600098,12.71084835226122,0.0,0.0,6.155365629538759,0.0,4.794537184071822,0.0,0.0,6.923737199690624,6.4208216229260096,0.0,0.0,14.268263091671919,6.155365629538759,0.0,19.448525210364934,6.606881964512918,0.0,0.0,0.0,4.794537184071822,0.0,18.86621398179998,9.473725907600098,0.0,13.344558822616634,0.0,0.0,35.53,6.155365629538759,4.794537184071822,6.103966387748303,6.606881964512918,6.4208216229260096,0.0,0.0,6.923737199690624,9.473725907600098,0.0,9.144490740740741,10.167916666666667,0.0,0.0,0.0,0.0,0.31064814814814834,2.3769444444444447,0.0,0.8,8,0,3,0,1,1,0,0,0,3,0,3,1,0,1,1,1,0.9318,26.51199999999999,0,0,0,0,0,0,1,1,0,0,0,0,0,0,0,2,0,0,0,2,0,0,0,0,0,0
CC(=O)O,3.49,9.0,-0.8333333333333333,9.0,0.8333333333333333,0.4298828832001217,60.05200000000001,56.02,60.021129368000004,24,0.2996845531582142,-0.481433475172105,0.481433475172105,0.2996845531582142,2.0,2.0,2.0,16.36392906806316,10.854985217204096,1.6509951854331453,-1.5897739953032324,1.4156543939895587,-1.7770437432804953,5.624779759282926,-0.1339289924624054,2.8030394876740514,27.019550008653873,3.5773502691896257,2.355461885963821,2.355461885963821,1.7320508075688772,0.9277309429819105,0.9277309429819105,0.5190180358994382,0.5190180358994382,0.0,0.0,0.0,0.0,-0.53,3.2451124978365313,3.4699999999999998,0.8748582995951415,1.1560092559629747,24.059948994465934,5.106527394840706,0.0,0.0,5.969305287951849,0.0,4.794537184071822,0.0,0.0,0.0,0.0,0.0,6.923737199690624,0.0,9.901064578912528,5.969305287951849,0.0,6.923737199690624,0.0,0.0,0.0,0.0,0.0,0.0,11.075832682792555,4.794537184071822,0.0,6.923737199690624,0.0,0.0,37.3,5.969305287951849,0.0,0.0,0.0,6.923737199690624,0.0,0.0,0.0,0.0,9.901064578912528,0.0,9.0,7.416666666666666,0.0,-0.8333333333333333,0.0,0.0,1.0833333333333333,0.0,0.5,4,1,2,0,0,0,0,0,0,1,1,2,0,0,0,0,0,0.09089999999999993,13.309800000000001,1,0,0,0,1,1,1,0,0,0,0,0,0,0,0,0,0,0,0,0,0,0,0,0,0,0
CCC(=O)O,3.64,9.368055555555555,-0.74537037037037,9.368055555555555,0.2222222222222221,0.4908446664452931,74.079,68.031,74.036779432,30,0.30255843749205596,-0.4812379170193394,0.4812379170193394,0.30255843749205596,2.0,2.2,2.2,16.365026720551658,10.520033180841269,1.8038776923605175,-1.7142549621177312,1.6671241453129713,-1.8648595675508879,5.655632415552586,-0.13611234592932717,2.847378923087672,40.1577218810798,4.284457050376173,3.0625686671503685,3.0625686671503685,2.270055610029662,1.4883911147617317,1.4883911147617317,0.7472919338166267,0.7472919338166267,0.30245145030582543,0.30245145030582543,0.0,0.0,-0.53,9.65148445440323,4.469999999999999,1.7581844380403455,3.469999999999999,30.42489110886254,5.106527394840706,0.0,0.0,0.0,5.969305287951849,4.794537184071822,0.0,0.0,0.0,6.923737199690624,0.0,6.4208216229260096,0.0,9.901064578912528,5.969305287951849,0.0,13.344558822616634,0.0,0.0,0.0,0.0,0.0,0.0,11.075832682792555,4.794537184071822,0.0,13.344558822616634,0.0,0.0,37.3,5.969305287951849,4.794537184071822,6.4208216229260096,0.0,0.0,0.0,6.923737199690624,0.0,0.0,5.106527394840706,0.0,9.368055555555555,7.722222222222222,0.0,-0.74537037037037,0.0,0.2222222222222221,1.599537037037037,0.0,0.6666666666666666,5,1,2,0,0,0,0,0,0,1,1,2,1,0,0,0,0,0.481,17.9268,1,0,0,0,1,1,1,0,0,0,0,0,0,0,0,0,0,0,0,0,0,0,0,0,0,0
CC(C)C(=O)O,3.39,9.699074074074074,-0.7407407407407407,9.699074074074074,0.23148148148148162,0.5126040106471911,88.10599999999998,80.04199999999999,88.052429496,36,0.3054235297285997,-0.4810415895699593,0.4810415895699593,0.3054235297285997,1.6666666666666667,1.8333333333333333,1.8333333333333333,16.366259130105444,10.23127082374889,1.986884626882684,-1.8870398904848031,1.8653371842904152,-2.0252031651742373,5.683221498244096,-0.13998528021806758,3.2575861612334887,56.568425030288566,5.1547005383792515,3.9328121551534467,3.9328121551534467,2.6427344100918364,1.871106615955975,1.871106615955975,1.492938206368118,1.492938206368118,0.4939011501426771,0.4939011501426771,0.0,0.0,-0.53,13.609640474436812,5.469999999999999,1.798837033645378,1.7581844380403455,36.789833223259144,5.106527394840706,0.0,0.0,0.0,5.969305287951849,4.794537184071822,0.0,0.0,0.0,13.847474399381248,0.0,0.0,5.917906046161393,9.901064578912528,5.969305287951849,5.917906046161393,13.847474399381248,0.0,0.0,0.0,0.0,0.0,0.0,11.075832682792555,4.794537184071822,5.917906046161393,13.847474399381248,0.0,0.0,37.3,5.969305287951849,4.794537184071822,5.917906046161393,0.0,0.0,0.0,13.847474399381248,0.0,0.0,5.106527394840706,0.0,9.699074074074074,7.9907407407407405,0.0,-0.9722222222222223,0.0,0.0,3.2824074074074074,0.0,0.75,6,1,2,0,0,0,0,0,0,1,1,2,1,0,0,0,0,0.727,22.473799999999994,1,0,0,0,1,1,1,0,0,0,0,0,0,0,0,0,0,0,0,0,0,0,0,0,0,0
CCCCC(=O)O,3.19,9.758194444444445,-0.6927314814814809,9.758194444444445,0.3159722222222221,0.5820724024360081,102.13299999999998,92.05299999999998,102.06807956,42,0.3028393755682016,-0.4812303907895895,0.4812303907895895,0.3028393755682016,1.7142857142857142,2.2857142857142856,2.4285714285714284,16.36511468010904,10.253677266337766,1.903602534816826,-1.8512963626362038,1.9070121012898604,-1.9137312284268215,5.6600249795576225,-0.13662901854910325,2.8219389370591843,59.10049400592804,5.698670612749268,4.476782229523463,4.476782229523463,3.270055610029662,2.4883911147617317,2.4883911147617317,1.4972919338166268,1.4972919338166268,0.7441955573808657,0.7441955573808657,0.3280024204495495,0.3280024204495495,-0.53,29.01955000865388,6.47,3.6528153564899446,5.47,43.15477533765576,5.106527394840706,0.0,0.0,0.0,5.969305287951849,4.794537184071822,0.0,0.0,0.0,13.344558822616634,6.4208216229260096,6.4208216229260096,0.0,9.901064578912528,5.969305287951849,0.0,26.186202068468653,0.0,0.0,0.0,0.0,0.0,0.0,11.075832682792555,4.794537184071822,0.0,26.186202068468653,0.0,0.0,37.3,5.969305287951849,4.794537184071822,0.0,6.4208216229260096,12.841643245852019,0.0,0.0,6.923737199690624,0.0,5.106527394840706,0.0,9.758194444444445,8.044583333333334,0.0,-0.6927314814814809,0.0,2.0814814814814815,1.975138888888889,0.0,0.8,7,1,2,0,0,0,0,0,0,1,1,2,3,0,0,0,0,1.2612,27.160799999999988,1,0,0,0,1,1,1,0,0,0,0,0,0,0,0,0,0,0,0,0,0,0,0,0,0,0
CCCCCC(=O)O,3.02,9.874124149659863,-0.6819907407407404,9.874124149659863,0.3272222222222223,0.5668732042121558,116.15999999999998,104.06399999999998,116.083729624,48,0.30283955508920857,-0.48123038978903615,0.48123038978903615,0.30283955508920857,1.5,2.125,2.5,16.3651171557072,10.192969759239665,1.922593033134046,-1.8929486356541232,1.9665585999543158,-1.9210552139374126,5.66011053245997,-0.13664414147432088,2.822354554248032,68.92878689342031,6.405777393935816,5.183889010710011,5.183889010710011,3.770055610029662,2.9883911147617317,2.9883911147617317,1.8508453244099006,1.8508453244099006,0.9941955573808657,0.9941955573808657,0.5262257251529125,0.5262257251529125,-0.53,48.27551104108667,7.470000000000001,4.624559505409582,5.469999999999999,49.51971745205236,5.106527394840706,0.0,0.0,0.0,5.969305287951849,4.794537184071822,0.0,0.0,0.0,19.765380445542643,6.4208216229260096,6.4208216229260096,0.0,9.901064578912528,5.969305287951849,0.0,32.60702369139466,0.0,0.0,0.0,0.0,0.0,0.0,11.075832682792555,4.794537184071822,0.0,32.60702369139466,0.0,0.0,37.3,5.969305287951849,4.794537184071822,0.0,6.4208216229260096,19.26246486877803,0.0,0.0,0.0,6.923737199690624,5.106527394840706,0.0,9.874124149659863,8.140104875283447,0.0,-0.6819907407407404,0.0,3.277037037037037,2.05739134542706,0.0,0.8333333333333334,8,1,2,0,0,0,0,0,0,1,1,2,4,0,0,0,0,1.6513,31.77779999999998,1,0,0,0,1,1,1,0,0,0,0,0,0,0,0,0,0,0,0,0,0,0,0,0,0,1
CCC(CC)C(=O)O,3.0,10.161574074074075,-0.6712962962962961,10.161574074074075,0.12962962962962998,0.6064010060918424,116.15999999999998,104.06399999999998,116.083729624,48,0.3059658046242487,-0.4810267167108486,0.4810267167108486,0.3059658046242487,1.5,1.875,1.875,16.36643606189922,10.0500205706344,2.0972659195532324,-2.0208735877696737,2.0517984792632324,-2.0987419585326954,5.691799931905809,-0.141412451955953,3.5208600674451374,74.59772060569361,6.568914100752346,5.347025717526542,5.347025717526542,3.718744015013406,2.947116220877545,2.947116220877545,1.8516576739752681,1.8516576739752681,1.334839412155211,1.334839412155211,0.637915987096535,0.637915987096535,-0.53,47.19725257297226,7.470000000000001,3.4692670369115906,1.958669537588103,49.51971745205236,5.106527394840706,0.0,0.0,0.0,5.969305287951849,4.794537184071822,0.0,0.0,0.0,13.847474399381248,12.841643245852019,0.0,5.917906046161393,9.901064578912528,5.969305287951849,5.917906046161393,26.689117645233267,0.0,0.0,0.0,0.0,0.0,0.0,11.075832682792555,4.794537184071822,5.917906046161393,26.689117645233267,0.0,0.0,37.3,5.969305287951849,4.794537184071822,5.917906046161393,0.0,12.841643245852019,0.0,0.0,13.847474399381248,0.0,5.106527394840706,0.0,10.161574074074075,8.37324074074074,0.0,-0.800925925925926,0.0,1.4837962962962963,3.7823148148148147,0.0,0.8333333333333334,8,1,2,0,0,0,0,0,0,1,1,2,3,0,0,0,0,1.5072,31.70779999999998,1,0,0,0,1,1,1,0,0,0,0,0,0,0,0,0,0,0,0,0,0,0,0,0,0,0
CC(C)(C)CC(=O)O,3.01,10.014930555555555,-0.7245370370370365,10.014930555555555,0.07754629629629628,0.5634065418831414,116.15999999999998,104.06399999999998,116.083729624,48,0.30337325489546363,-0.4812155592166923,0.4812155592166923,0.30337325489546363,1.5,1.875,1.875,16.365295436344176,9.926155144055187,2.133427494909562,-2.1268613581886027,2.1675939343857342,-2.109137499062107,5.6692283868923745,-0.138502998877029,3.5512529243669313,89.19188266301451,6.784457050376174,5.562568667150369,5.562568667150369,3.416502219436388,2.634837724168458,2.634837724168458,3.1311754102998117,3.1311754102998117,0.6815558110428233,0.6815558110428233,0.4536771754587381,0.4536771754587381,-0.53,23.005390496014627,7.470000000000001,2.158633811658892,5.469999999999999,49.51971745205236,5.106527394840706,0.0,0.0,0.0,5.969305287951849,4.794537184071822,0.0,0.0,0.0,20.771211599071872,5.41499046939678,0.0,6.4208216229260096,9.901064578912528,5.969305287951849,5.41499046939678,27.19203322199788,0.0,0.0,0.0,0.0,0.0,0.0,11.075832682792555,4.794537184071822,5.41499046939678,27.19203322199788,0.0,0.0,37.3,5.969305287951849,4.794537184071822,11.83581209232279,0.0,0.0,0.0,0.0,20.771211599071872,0.0,5.106527394840706,0.0,10.014930555555555,8.249097222222222,-0.07754629629629628,-0.7245370370370365,0.0,0.24305555555555536,5.711666666666667,0.0,0.8333333333333334,8,1,2,0,0,0,0,0,0,1,1,2,1,0,0,0,0,1.5072,31.70779999999998,1,0,0,0,1,1,1,0,0,0,0,0,0,0,0,0,0,0,0,0,0,0,0,0,0,0
CCCCCCC(=O)O,2.93,9.962453231292518,-0.6749045729402872,9.962453231292518,0.33333333333333326,0.5780646905302889,130.187,116.07499999999997,130.099379688,54,0.30283955652668276,-0.481230389785224,0.481230389785224,0.30283955652668276,1.3333333333333333,2.0,2.4444444444444446,16.365118660547804,10.152525605548368,1.9343320958925105,-1.9239900788292725,2.007202580674341,-1.9248675309569554,5.660129263024363,-0.136650258451996,2.8288681349096856,78.98533616859814,7.112884175122364,5.890995791896559,5.890995791896559,4.270055610029662,3.4883911147617317,3.4883911147617317,2.2043987150031743,2.2043987150031743,1.2441955573808654,1.2441955573808654,0.7030024204495495,0.7030024204495495,-0.53,84.62711413110172,8.470000000000002,5.603868808567606,7.470000000000003,55.884659566448974,5.106527394840706,0.0,0.0,0.0,5.969305287951849,4.794537184071822,0.0,0.0,0.0,26.186202068468653,6.4208216229260096,6.4208216229260096,0.0,9.901064578912528,5.969305287951849,0.0,39.02784531432067,0.0,0.0,0.0,0.0,0.0,0.0,11.075832682792555,4.794537184071822,0.0,39.02784531432067,0.0,0.0,37.3,5.969305287951849,4.794537184071822,0.0,6.4208216229260096,19.26246486877803,6.4208216229260096,0.0,0.0,6.923737199690624,5.106527394840706,0.0,9.962453231292518,8.2128089569161,0.0,-0.6749045729402872,0.0,4.554436885865457,2.11187216553288,0.0,0.8571428571428571,9,1,2,0,0,0,0,0,0,1,1,2,5,0,0,0,0,2.0414,36.39479999999999,1,0,0,0,1,1,1,0,0,0,0,0,0,0,0,0,0,0,0,0,0,0,0,0,0,2
CCCCCCCC(=O)O,2.84,10.031994126354245,-0.6699088246409672,10.031994126354245,0.33701814058956914,0.5811557038471341,144.214,128.08599999999998,144.115029752,60,0.30283955653217365,-0.481230389785217,0.481230389785217,0.30283955653217365,1.2,1.8,2.3,16.365119966680698,10.124243287305513,1.9420985020235586,-1.9472884190314357,2.036136763183895,-1.9268932152010187,5.660135891241354,-0.1366504525508183,2.838589121813916,89.25838096618138,7.819990956308912,6.598102573083107,6.598102573083107,4.770055610029662,3.9883911147617317,3.9883911147617317,2.557952105596448,2.557952105596448,1.4941955573808654,1.4941955573808654,0.8797791157461863,0.8797791157461863,-0.53,142.19516056908168,9.47,6.588063754427392,7.470000000000003,62.24960168084558,5.106527394840706,0.0,0.0,0.0,5.969305287951849,4.794537184071822,0.0,0.0,0.0,32.60702369139466,6.4208216229260096,6.4208216229260096,0.0,9.901064578912528,5.969305287951849,0.0,45.448666937246685,0.0,0.0,0.0,0.0,0.0,0.0,11.075832682792555,4.794537184071822,0.0,45.448666937246685,0.0,0.0,37.3,5.969305287951849,4.794537184071822,0.0,6.4208216229260096,12.841643245852019,19.26246486877803,0.0,0.0,6.923737199690624,5.106527394840706,0.0,10.031994126354245,8.270004172965482,0.0,-0.6699088246409672,0.0,5.884581443688586,2.14999574829932,0.0,0.875,10,1,2,0,0,0,0,0,0,1,1,2,6,0,0,0,0,2.4314999999999998,41.0118,1,0,0,0,1,1,1,0,0,0,0,0,0,0,0,0,0,0,0,0,0,0,0,0,0,3
CCCCC(CC)C(=O)O,2.81,10.436392668178382,-0.6426388888888888,10.436392668178382,0.11115740740740776,0.6423719745530849,144.214,128.08599999999998,144.115029752,60,0.305976471817206,-0.48102658929509645,0.48102658929509645,0.305976471817206,1.5,2.1,2.4,16.36644859382991,9.999519985380205,2.1231086116526363,-2.0631033030574284,2.112495560637824,-2.113850935682689,5.692474475902409,-0.1416134978094968,3.500355906453629,99.43071362054202,7.983127663125442,6.7612392798996375,6.7612392798996375,4.718744015013407,3.947116220877545,3.947116220877545,2.585637908699492,2.585637908699492,1.748179380683009,1.748179380683009,0.9527436441637653,0.9527436441637653,-0.53,137.9811722829983,9.47,5.270170381876186,3.4868174048208713,62.249601680845565,5.106527394840706,0.0,0.0,0.0,5.969305287951849,4.794537184071822,0.0,0.0,0.0,26.689117645233267,12.841643245852019,0.0,5.917906046161393,9.901064578912528,5.969305287951849,5.917906046161393,39.53076089108528,0.0,0.0,0.0,0.0,0.0,0.0,11.075832682792555,4.794537184071822,5.917906046161393,39.53076089108528,0.0,0.0,37.3,5.969305287951849,4.794537184071822,5.917906046161393,0.0,25.683286491704038,0.0,0.0,6.923737199690624,6.923737199690624,5.106527394840706,0.0,10.436392668178382,8.599873393801966,0.0,-0.7537962962962965,0.0,3.7145370370370374,4.0029931972789115,0.0,0.875,10,1,2,0,0,0,0,0,0,1,1,2,5,0,0,0,0,2.2874,40.9418,1,0,0,0,1,1,1,0,0,0,0,0,0,0,0,0,0,0,0,0,0,0,0,0,0,0
CCCCCCCCC(=O)O,2.76,10.088166965860419,-0.6662115509784157,10.088166965860419,0.3394097222222221,0.5783198770575686,158.241,140.09699999999998,158.130679816,66,0.3028395565321837,-0.481230389785217,0.481230389785217,0.3028395565321837,1.0909090909090908,1.6363636363636365,2.1818181818181817,16.365121227473033,10.103702922698512,1.9475302614035126,-1.9651190054950949,2.05748737280561,-1.9280243354000743,5.660139695052812,-0.13665125153188468,2.849761282233442,99.73585546369786,8.52709773749546,7.305209354269655,7.305209354269655,5.270055610029662,4.488391114761732,4.488391114761732,2.9115054961897218,2.9115054961897218,1.7441955573808654,1.7441955573808654,1.056555811042823,1.056555811042823,-0.53,240.89588338167468,10.47,7.575596620908132,9.470000000000002,68.6145437952422,5.106527394840706,0.0,0.0,0.0,5.969305287951849,4.794537184071822,0.0,0.0,0.0,39.02784531432067,6.4208216229260096,6.4208216229260096,0.0,9.901064578912528,5.969305287951849,0.0,51.8694885601727,0.0,0.0,0.0,0.0,0.0,0.0,11.075832682792555,4.794537184071822,0.0,51.8694885601727,0.0,0.0,37.3,5.969305287951849,4.794537184071822,0.0,6.4208216229260096,12.841643245852019,25.683286491704038,0.0,0.0,6.923737199690624,5.106527394840706,0.0,10.088166965860419,8.316177012471655,0.0,-0.6662115509784157,0.0,7.250707986898463,2.177826252414546,0.0,0.8888888888888888,11,1,2,0,0,0,0,0,0,1,1,2,7,0,0,0,0,2.821600000000001,45.62880000000001,1,0,0,0,1,1,1,0,0,0,0,0,0,0,0,0,0,0,0,0,0,0,0,0,0,4
CCCCCCC(C)C(=O)O,2.76,10.363012644872764,-0.6652791950113379,10.363012644872764,0.16031840513983409,0.6032763976498606,158.24099999999999,140.09699999999998,158.130679816,66,0.3057052111342036,-0.4810340294628062,0.4810340294628062,0.3057052111342036,1.3636363636363635,2.0,2.4545454545454546,16.36636260493861,10.031742861587016,2.0831155265929624,-2.0351378818269117,2.09398532101209,-2.082027115311604,5.688179084699309,-0.14086736263665037,3.1722885808494765,110.13036060964238,8.69023444431199,7.468346061086185,7.468346061086185,5.180739212552622,4.40911141841676,4.40911141841676,3.0886205446541077,3.0886205446541077,1.9122612390396234,1.9122612390396234,1.0007757679776097,1.0007757679776097,-0.53,226.84699271857485,10.47,6.197598478027457,5.892386483632524,68.61454379524218,5.106527394840706,0.0,0.0,0.0,5.969305287951849,4.794537184071822,0.0,0.0,0.0,39.53076089108528,6.4208216229260096,0.0,5.917906046161393,9.901064578912528,5.969305287951849,5.917906046161393,45.95158251401129,0.0,0.0,0.0,0.0,0.0,0.0,11.075832682792555,4.794537184071822,5.917906046161393,45.95158251401129,0.0,0.0,37.3,5.969305287951849,4.794537184071822,5.917906046161393,0.0,12.841643245852019,19.26246486877803,6.923737199690624,0.0,6.923737199690624,5.106527394840706,0.0,10.363012644872764,8.538522691484001,0.0,-0.825597600151172,0.0,5.498562925170068,3.9254993386243386,0.0,0.8888888888888888,11,1,2,0,0,0,0,0,0,1,1,2,6,0,0,0,0,2.6775,45.55880000000001,1,0,0,0,1,1,1,0,0,0,0,0,0,0,0,0,0,0,0,0,0,0,0,0,0,2
CCCCCC(CC)C(=O)O,2.76,10.524721749811036,-0.6355527210884351,10.524721749811036,0.10967592592592612,0.6032763976498606,158.24099999999999,140.09699999999998,158.130679816,66,0.3059764732625814,-0.48102658929125913,0.48102658929125913,0.3059764732625814,1.3636363636363635,2.0,2.3636363636363638,16.366450162995015,9.990466077683493,2.1263000977695894,-2.071098580214388,2.1258181196471218,-2.115198974077982,5.692494767147006,-0.1416231724403237,3.4423472154445234,110.13036060964238,8.69023444431199,7.468346061086185,7.468346061086185,5.218744015013407,4.447116220877545,4.447116220877545,2.9391912992927653,2.9391912992927653,1.9981793806830095,1.9981793806830095,1.1429570662292403,1.1429570662292403,-0.53,232.85408622715542,10.47,6.197598478027457,4.820563624272379,68.61454379524218,5.106527394840706,0.0,0.0,0.0,5.969305287951849,4.794537184071822,0.0,0.0,0.0,33.10993926815928,12.841643245852019,0.0,5.917906046161393,9.901064578912528,5.969305287951849,5.917906046161393,45.95158251401129,0.0,0.0,0.0,0.0,0.0,0.0,11.075832682792555,4.794537184071822,5.917906046161393,45.95158251401129,0.0,0.0,37.3,5.969305287951849,4.794537184071822,5.917906046161393,0.0,32.10410811463005,0.0,0.0,6.923737199690624,6.923737199690624,5.106527394840706,0.0,10.524721749811036,8.672577475434618,0.0,-0.7452286470143612,0.0,4.985973167044596,4.061956254724112,0.0,0.8888888888888888,11,1,2,0,0,0,0,0,0,1,1,2,6,0,0,0,0,2.6775,45.55880000000001,1,0,0,0,1,1,1,0,0,0,0,0,0,0,0,0,0,0,0,0,0,0,0,0,0,1
CCCCCCCCCCCCCCCCCC(=O)O,2.47,10.333207244414826,-0.6530610164081214,10.333207244414826,0.3454921184159938,0.3360419785922725,284.4839999999999,248.19599999999994,284.271530392,120,0.3028395565321837,-0.481230389785217,0.481230389785217,0.3028395565321837,0.6,0.9,1.2,16.365132494713635,10.038322990094663,1.9655332621108441,-2.0262306299153843,2.1306260955371354,-1.9294768815346763,5.660163678235024,-0.1366531961658982,2.938980066543728,201.59490309182667,14.891058768174391,13.669170384948586,13.669170384948586,9.770055610029663,8.988391114761729,8.988391114761729,6.093486011529184,6.093486011529184,3.994195557380866,3.994195557380866,2.647546068712554,2.647546068712554,-0.53,22676.463752160347,19.470000000000002,16.52414185165133,17.470000000000002,125.89902282481172,5.106527394840706,0.0,0.0,0.0,5.969305287951849,4.794537184071822,0.0,0.0,0.0,96.81523992065479,6.4208216229260096,6.4208216229260096,0.0,9.901064578912528,5.969305287951849,0.0,109.65688316650682,0.0,0.0,0.0,0.0,0.0,0.0,11.075832682792555,4.794537184071822,0.0,109.65688316650682,0.0,0.0,37.3,5.969305287951849,4.794537184071822,0.0,6.4208216229260096,12.841643245852019,83.47068109803816,0.0,0.0,6.923737199690624,5.106527394840706,0.0,10.333207244414826,8.51732177827958,0.0,-0.6530610164081214,0.0,20.199197231189736,2.2700014291906463,0.0,0.9444444444444444,20,1,2,0,0,0,0,0,0,1,1,2,16,0,0,0,0,6.332500000000007,87.18180000000008,1,0,0,0,1,1,1,0,0,0,0,0,0,0,0,0,0,0,0,0,0,0,0,0,0,13
CCCCCCC(C)(C)C(=O)O,2.69,10.684771904132024,-0.6814828987150412,10.684771904132024,0.5339866780045353,0.6250505545647914,172.268,152.10799999999998,172.14632988,72,0.3085617211964157,-0.48083691621004165,0.48083691621004165,0.3085617211964157,1.25,1.8333333333333333,2.25,16.367768054041854,9.869484724343767,2.2522131147121023,-2.176959068362264,2.232575354763706,-2.227248494955365,5.729363712793529,-0.1468525407802895,3.5448799819070964,138.7740056622918,9.612884175122364,8.39099579189656,8.39099579189656,5.504035844753886,4.738391114761732,4.738391114761732,3.999696212671489,3.999696212671489,2.2342867540247338,2.2342867540247338,1.1006511692837064,1.1006511692837064,-0.53,304.686670435603,11.47,5.175013037303056,4.369018590889185,74.97948590963881,5.106527394840706,0.0,0.0,0.0,5.969305287951849,4.794537184071822,0.0,0.0,0.0,32.60702369139466,20.268296022307258,0.0,5.41499046939678,9.901064578912528,5.969305287951849,5.41499046939678,52.87531971370191,0.0,0.0,0.0,0.0,0.0,0.0,11.075832682792555,4.794537184071822,5.41499046939678,52.87531971370191,0.0,0.0,37.3,11.384295757348628,4.794537184071822,0.0,0.0,19.26246486877803,12.841643245852019,13.847474399381248,0.0,6.923737199690624,5.106527394840706,0.0,10.684771904132024,8.79778195074326,-0.5339866780045353,-0.6814828987150412,0.0,5.408613473167045,5.740968915343916,0.0,0.9,12,1,2,0,0,0,0,0,0,1,1,2,6,0,0,0,0,3.0676000000000014,50.175800000000024,1,0,0,0,1,1,1,0,0,0,0,0,0,0,0,0,0,0,0,0,0,0,0,0,0,2
CCCCCC=CCC=CCCCCCCCC(=O)O,2.57,10.318565412720048,-0.670664658018173,10.318565412720048,0.32390232528264007,0.3182616134760953,280.4519999999999,248.19599999999994,280.240230264,116,0.30283955653219446,-0.4812303897852169,0.4812303897852169,0.30283955653219446,0.8,1.35,1.95,16.365131924316085,10.091065076846139,1.9518605401477056,-1.9757542832294848,2.07546385068565,-1.9284058637659944,5.6601764443863525,-0.13665293928718067,3.1737658828976505,266.5917875070114,14.891058768174391,13.1501443369609,13.1501443369609,9.770055610029663,8.28805094328385,8.28805094328385,5.374473848543474,5.374473848543474,3.341276041487305,3.341276041487305,2.087652976290381,2.087652976290381,-1.05,22676.463752160347,18.95,16.005710306406684,16.95,124.51981676044319,5.106527394840706,0.0,0.0,0.0,5.969305287951849,4.794537184071822,0.0,0.0,0.0,63.33192574165621,38.524929737556064,6.4208216229260096,0.0,9.901064578912528,5.969305287951849,0.0,83.97359667480276,0.0,24.304080427335524,0.0,0.0,0.0,0.0,11.075832682792555,4.794537184071822,0.0,83.97359667480276,24.304080427335524,0.0,37.3,5.969305287951849,4.794537184071822,0.0,6.4208216229260096,25.683286491704038,44.94575136048208,0.0,0.0,31.227817627026145,5.106527394840706,0.0,10.318565412720048,8.502679946584802,0.0,-0.670664658018173,0.0,22.28135034621706,2.2347356191629317,0.0,0.7222222222222222,20,1,2,0,0,0,0,0,0,1,1,2,14,0,0,0,0,5.884500000000005,86.99380000000006,1,0,0,0,1,1,1,0,0,4,0,0,0,0,0,0,0,0,0,0,0,0,0,0,0,7
CCC=CCC=CCC=CCCCCCCCC(=O)O,2.63,10.314882183913818,-0.6748400052403956,10.314882183913818,0.3191290826522546,0.3484104486085374,278.4359999999999,248.19599999999994,278.2245802,114,0.30283955653219446,-0.4812303897852169,0.4812303897852169,0.30283955653219446,0.8,1.35,2.0,16.36513164596557,10.091593720119729,1.9515436512809294,-1.9752348160722983,2.073493822791012,-1.9284048189796703,5.660182254659302,-0.1366528801509076,3.2329128954416952,300.5400831157719,14.891058768174391,12.890631312967056,12.890631312967056,9.770055610029663,7.937880857544911,7.937880857544911,4.994047004412524,4.994047004412524,3.041466293033524,3.041466293033524,1.8952973251258398,1.8952973251258398,-1.31,22676.463752160347,18.69,15.746529112492935,16.690000000000005,123.83021372825894,5.106527394840706,0.0,0.0,0.0,5.969305287951849,4.794537184071822,0.0,0.0,0.0,62.64232270947194,38.524929737556064,6.4208216229260096,0.0,9.901064578912528,5.969305287951849,0.0,71.13195342895074,0.0,36.45612064100329,0.0,0.0,0.0,0.0,11.075832682792555,4.794537184071822,0.0,71.13195342895074,36.45612064100329,0.0,37.3,5.969305287951849,4.794537184071822,0.0,6.4208216229260096,44.94575136048208,12.841643245852019,0.0,0.0,43.37985784069391,5.106527394840706,0.0,10.314882183913818,8.498996717778573,0.0,-0.6748400052403956,0.0,23.379697706607292,2.147930063607376,0.0,0.6111111111111112,20,1,2,0,0,0,0,0,0,1,1,2,13,0,0,0,0,5.660500000000005,86.89980000000006,1,0,0,0,1,1,1,0,0,6,0,0,0,0,0,0,0,0,0,0,0,0,0,0,0,5
CCCCCCCCC=CCCCCCCCC(=O)O,2.52,10.324075013009868,-0.6642338559142937,10.324075013009868,0.33150677890982094,0.2905169417988814,282.4679999999999,248.19599999999994,282.255880328,118,0.30283955653219446,-0.4812303897852169,0.4812303897852169,0.30283955653219446,0.75,1.2,1.7,16.365132207724244,10.078069350914621,1.9536542527070402,-1.987595192117485,2.0928591298268127,-1.9284418485519117,5.660170292284442,-0.13665299337315703,3.066157800884338,233.5727213605218,14.891058768174391,13.409657360954743,13.409657360954743,9.770055610029663,8.63822102902279,8.63822102902279,5.728027239136747,5.728027239136747,3.652443847844729,3.652443847844729,2.3469655523185775,2.3469655523185775,-0.79,22676.463752160347,19.210000000000004,16.264914881933006,17.21,125.20941979262746,5.106527394840706,0.0,0.0,0.0,5.969305287951849,4.794537184071822,0.0,0.0,0.0,70.44235039676647,32.10410811463005,6.4208216229260096,0.0,9.901064578912528,5.969305287951849,0.0,96.81523992065479,0.0,12.152040213667762,0.0,0.0,0.0,0.0,11.075832682792555,4.794537184071822,0.0,96.81523992065479,12.152040213667762,0.0,37.3,5.969305287951849,4.794537184071822,0.0,6.4208216229260096,12.841643245852019,70.62903785218613,0.0,0.0,19.075777413358384,5.106527394840706,0.0,10.324075013009868,8.508189546874622,0.0,-0.6642338559142937,0.0,21.239807373012,2.2588285896844735,0.0,0.8333333333333334,20,1,2,0,0,0,0,0,0,1,1,2,15,0,0,0,0,6.1085000000000065,87.08780000000007,1,0,0,0,1,1,1,0,0,2,0,0,0,0,0,0,0,0,0,0,0,0,0,0,0,10
C1=CC=C(C=C1)O,10.11,8.632222222222222,0.3217592592592595,8.632222222222222,0.3217592592592595,0.514729544768675,94.11299999999997,88.06499999999998,94.041864812,36,0.11507481947527982,-0.5079669948663066,0.5079669948663066,0.11507481947527982,1.0,1.5714285714285714,1.8571428571428572,16.254620152063808,10.346234440824093,1.7432187000138586,-1.8193535764132156,2.0225737403160666,-1.559498924160049,5.1797398060365785,0.4751166825208842,3.0214653097240864,134.10736969541455,5.112884175122364,3.833964941448087,3.833964941448087,3.393846850117352,2.1342904002729384,2.1342904002729384,1.3355491589367874,1.3355491589367874,0.756193600181959,0.756193600181959,0.4279941042701235,0.4279941042701235,-0.98,47.19725257297226,4.18611295681063,1.6461962159398054,0.9290591797144502,42.22563687169298,5.106527394840706,5.749511833283905,0.0,0.0,0.0,0.0,0.0,0.0,0.0,18.19910120538483,12.13273413692322,0.0,0.0,5.106527394840706,0.0,0.0,0.0,0.0,30.33183534230805,5.749511833283905,0.0,0.0,5.749511833283905,5.106527394840706,0.0,0.0,0.0,30.33183534230805,0.0,20.23,0.0,0.0,0.0,5.749511833283905,0.0,0.0,24.26546827384644,6.06636706846161,0.0,5.106527394840706,0.0,0.0,8.632222222222222,0.0,0.3217592592592595,8.712685185185185,0.0,0.0,0.0,0.0,7,1,1,0,0,0,1,0,1,1,1,1,0,0,0,0,1,1.3921999999999997,28.106799999999993,0,0,0,1,0,0,0,0,0,0,0,1,0,0,0,0,0,0,0,0,0,1,1,1,0,0
CC1=CC=CC=C1O,9.39,8.91925925925926,0.3680555555555558,8.91925925925926,0.3680555555555558,0.5359354364287862,108.13999999999999,100.07599999999998,108.057514876,42,0.11797961868439863,-0.5076872844527907,0.5076872844527907,0.11797961868439863,1.25,1.875,2.25,16.25527441287757,10.214592440524152,1.864690118404954,-1.9179349866154642,2.11713145249927,-1.683916199243291,5.292269352359672,0.47091519494026174,3.134861511345448,160.49662946459569,5.983127663125442,4.756614672258461,4.756614672258461,3.804530452640311,2.5509570669396053,2.5509570669396053,1.78648662573128,1.78648662573128,1.1154541553668325,1.1154541553668325,0.5634205269554476,0.5634205269554476,-0.98,72.49526582754562,5.162450142450142,1.8646221994975438,0.808016780809638,48.59057898608958,5.106527394840706,5.749511833283905,0.0,0.0,0.0,0.0,0.0,0.0,0.0,18.19910120538483,18.55355575984923,0.0,0.0,5.106527394840706,0.0,0.0,6.923737199690624,0.0,29.828919765543436,5.749511833283905,0.0,0.0,5.749511833283905,5.106527394840706,0.0,6.923737199690624,5.563451491696996,24.26546827384644,0.0,20.23,0.0,0.0,0.0,5.749511833283905,5.563451491696996,0.0,6.06636706846161,25.122838405075452,0.0,5.106527394840706,0.0,0.0,8.91925925925926,0.9236111111111113,0.3680555555555558,7.252037037037036,0.0,1.8703703703703702,0.0,0.14285714285714285,8,1,1,0,0,0,1,0,1,1,1,1,0,0,0,0,1,1.70062,32.843799999999995,0,0,0,1,0,0,0,0,0,0,1,1,0,0,0,0,0,0,0,0,0,1,1,1,0,0
CC1=CC(=CC=C1)O,8.64,8.813055555555556,0.33796296296296324,8.813055555555556,0.33796296296296324,0.5359354364287862,108.13999999999997,100.07599999999998,108.057514876,42,0.11533965245343211,-0.5079565717457838,0.5079565717457838,0.11533965245343211,1.375,2.125,2.5,16.254656663338768,10.224553205488641,1.8261851118664234,-1.8942898431050237,2.0782394469439156,-1.6646216320811125,5.250714755330712,0.4746651853356807,3.077660437970554,164.24662946459569,5.983127663125442,4.756614672258461,4.756614672258461,3.7876937002347035,2.5449740027958976,2.5449740027958976,1.8390034826307355,1.8390034826307355,1.001656401777274,1.001656401777274,0.6279702493922379,0.6279702493922379,-0.98,64.0524865010122,5.162450142450142,1.8646221994975438,0.9971092570832982,48.59057898608958,5.106527394840706,5.749511833283905,0.0,0.0,0.0,0.0,0.0,0.0,0.0,12.13273413692322,24.619922828310838,0.0,0.0,5.106527394840706,0.0,0.0,6.923737199690624,0.0,29.828919765543436,5.749511833283905,0.0,0.0,5.749511833283905,5.106527394840706,0.0,6.923737199690624,5.563451491696996,24.26546827384644,0.0,20.23,0.0,0.0,0.0,5.749511833283905,5.563451491696996,0.0,12.13273413692322,19.056471336613843,0.0,5.106527394840706,0.0,0.0,8.813055555555556,1.0879629629629632,0.33796296296296324,7.150185185185186,0.0,1.9441666666666666,0.0,0.14285714285714285,8,1,1,0,0,0,1,0,1,1,1,1,0,0,0,0,1,1.7006199999999996,32.843799999999995,0,0,0,1,0,0,0,0,0,0,1,1,0,0,0,0,0,0,0,0,0,0,1,1,0,0
CC1=CC=C(C=C1)O,8.56,8.756666666666668,0.3292592592592596,8.756666666666668,0.3292592592592596,0.5359354364287862,108.13999999999999,100.07599999999998,108.057514876,42,0.11509448895139268,-0.5079666481555334,0.5079666481555334,0.11509448895139268,1.125,1.625,2.0,16.254628518288314,10.227242689963592,1.8155373233666157,-1.8878934072065376,2.068038976596897,-1.6594050791138768,5.239730988034628,0.4749476246687406,3.0324555320336755,143.24662946459569,5.983127663125442,4.756614672258461,4.756614672258461,3.787693700234704,2.5449740027958976,2.5449740027958976,1.8355491589367872,1.8355491589367872,1.0339713779597368,1.0339713779597368,0.5447634667576462,0.5447634667576462,-0.98,70.79892376087899,5.162450142450142,1.8646221994975438,0.9971092570832982,48.59057898608958,5.106527394840706,5.749511833283905,0.0,0.0,0.0,0.0,0.0,0.0,0.0,17.696185628620217,19.056471336613843,0.0,0.0,5.106527394840706,0.0,0.0,6.923737199690624,0.0,29.828919765543436,5.749511833283905,0.0,0.0,5.749511833283905,5.106527394840706,0.0,6.923737199690624,5.563451491696996,24.26546827384644,0.0,20.23,0.0,0.0,0.0,5.749511833283905,0.0,5.563451491696996,12.13273413692322,19.056471336613843,0.0,5.106527394840706,0.0,0.0,8.756666666666668,1.1692592592592594,0.3292592592592596,7.092592592592593,0.0,1.9855555555555555,0.0,0.14285714285714285,8,1,1,0,0,0,1,0,1,1,1,1,0,0,0,0,1,1.7006199999999996,32.843799999999995,0,0,0,1,0,0,0,0,0,0,1,1,0,0,0,0,0,0,0,0,0,0,1,1,0,0
CC1=CC(=C(C=C1)O)C,8.14,9.043703703703704,0.37555555555555586,9.043703703703704,0.37555555555555586,0.5577043959706656,122.16699999999997,112.08699999999997,122.07316494,48,0.11799932341781073,-0.5076869366940918,0.5076869366940918,0.11799932341781073,1.2222222222222223,1.8888888888888888,2.3333333333333335,16.255283231028788,10.141013979595725,1.9121012180816046,-1.9662802561396748,2.1503676551195547,-1.7478908746833306,5.335343229290054,0.4707220428245069,3.171678030440915,215.80766205433733,6.8533711511285205,5.679264403068836,5.679264403068836,4.198377302757662,2.961640669462564,2.961640669462564,2.2899409494252287,2.2899409494252287,1.3522952509676334,1.3522952509676334,0.805386579086908,0.805386579086908,-0.98,104.20091930659319,6.144688279301746,2.094917408045428,1.2244346499594405,54.955521100486195,5.106527394840706,5.749511833283905,0.0,0.0,0.0,0.0,0.0,0.0,0.0,17.696185628620217,25.477292959539852,0.0,0.0,5.106527394840706,0.0,0.0,13.847474399381248,0.0,29.32600418877882,5.749511833283905,0.0,0.0,5.749511833283905,5.106527394840706,0.0,13.847474399381248,11.126902983393991,18.19910120538483,0.0,20.23,0.0,0.0,0.0,5.749511833283905,5.563451491696996,5.563451491696996,6.06636706846161,25.980208536304467,0.0,5.106527394840706,0.0,0.0,9.043703703703704,2.1252777777777783,0.37555555555555586,5.55787037037037,0.0,3.8975925925925927,0.0,0.25,9,1,1,0,0,0,1,0,1,1,1,1,0,0,0,0,1,2.0090399999999997,37.5808,0,0,0,1,0,0,0,0,0,0,2,1,0,0,0,0,0,0,0,0,0,0,1,1,0,0
CCCCCOC(=O)C1=CC=CC=C1O,6.02,11.446434712773998,-0.4544416099773241,11.446434712773998,0.02963747690434171,0.5974632010089735,208.257,192.12899999999996,208.109944372,82,0.341407891211495,-0.5070527991633591,0.5070527991633591,0.341407891211495,1.3333333333333333,2.066666666666667,2.7333333333333334,16.53332800226598,10.180405436435432,2.10120015086001,-2.0476674313501904,2.1604624557780934,-2.059858570347347,5.917538067732596,0.049465598218293466,2.4376371320044474,320.3981998735926,11.096011838247808,8.90153837793238,8.90153837793238,7.253218857624055,5.204987273184829,5.204987273184829,3.360175030715024,3.360175030715024,2.105010921015253,2.105010921015253,1.2409314488882688,1.2409314488882688,-1.51,2518.1847945572817,11.564128984432914,6.064027811846202,3.6181763996797778,89.69035688762328,9.843390348640755,11.3129633249809,0.0,0.0,5.969305287951849,0.0,4.794537184071822,0.0,0.0,31.898114582465862,18.55355575984923,0.0,6.606881964512918,14.637927532712576,5.969305287951849,0.0,26.186202068468653,6.606881964512918,29.828919765543436,5.749511833283905,0.0,0.0,5.749511833283905,17.682714647305474,4.736862953800049,0.0,36.54419074423747,24.26546827384644,0.0,46.53,5.969305287951849,9.901064578912528,11.3129633249809,6.606881964512918,19.26246486877803,6.06636706846161,18.19910120538483,0.0,6.923737199690624,4.736862953800049,5.012037037037037,11.446434712773998,9.382797382842025,0.23055413832199578,-0.4840790868816658,6.3945200302343155,3.01192932728647,2.5058064583858237,0.0,0.4166666666666667,15,1,3,0,0,0,1,0,1,3,1,3,5,0,0,0,1,2.7392000000000016,57.91430000000004,0,0,0,1,0,0,1,1,0,0,0,1,0,0,1,1,0,0,0,0,0,1,1,1,0,2
CC(C)CCOC(=O)C1=CC=CC=C1O,5.95,11.464776077097504,-0.46412037037037,11.464776077097504,0.035141723356008736,0.7734538509905432,208.257,192.12899999999996,208.109944372,82,0.34140806054643497,-0.5070527991633476,0.5070527991633476,0.34140806054643497,1.4,2.066666666666667,2.6666666666666665,16.533365412022064,10.141280226619438,2.106845756294932,-2.0692351552172252,2.1623155502450087,-2.076552807564268,5.917557113921474,0.04846311035347478,2.50866447696668,331.39404607382073,11.259148545064338,9.06467508474891,9.06467508474891,7.109060905280622,5.060829320841396,5.060829320841396,3.835590234240642,3.835590234240642,2.0523213625119565,2.0523213625119565,1.111328418117995,1.111328418117995,-1.51,2074.88648473427,11.564128984432914,5.390423373513118,3.6181763996797778,89.69035688762328,9.843390348640755,11.3129633249809,0.0,0.0,5.969305287951849,0.0,4.794537184071822,0.0,0.0,25.980208536304467,24.471461806010623,0.0,6.606881964512918,14.637927532712576,5.969305287951849,5.917906046161393,20.268296022307258,6.606881964512918,29.828919765543436,5.749511833283905,0.0,0.0,5.749511833283905,17.682714647305474,4.736862953800049,5.917906046161393,30.626284698076073,24.26546827384644,0.0,46.53,5.969305287951849,9.901064578912528,11.3129633249809,12.52478801067431,6.4208216229260096,6.06636706846161,18.19910120538483,0.0,13.847474399381248,4.736862953800049,5.020787037037037,11.464776077097504,9.388611426051902,0.22338529856387024,0.0027474384815660002,6.380029158268245,0.8326740835222978,4.52032281431091,0.0,0.4166666666666667,15,1,3,0,0,0,1,0,1,3,1,3,4,0,0,0,1,2.5951000000000017,57.84430000000004,0,0,0,1,0,0,1,1,0,0,0,1,0,0,1,1,0,0,0,0,0,1,1,1,0,0
C1=CC=C(C=C1)COC(=O)C2=CC=CC=C2O,7.5,11.65660478080121,-0.5213397581254722,11.65660478080121,0.06429474258839307,0.8214760330937975,228.24699999999999,216.15099999999995,228.078644244,86,0.34174583112785833,-0.5070527973358621,0.5070527973358621,0.34174583112785833,1.0,1.6470588235294117,2.3529411764705883,16.533528744060654,10.176370494070051,2.10756597358771,-2.0545753346706324,2.166816825246407,-2.04778119068516,5.917614779713976,0.04691886209866277,2.012836803765173,505.88558878375915,12.08757566981053,9.166969380320866,9.166969380320866,8.270856947829097,5.262117485114515,5.262117485114515,3.578880231247441,3.578880231247441,2.336718002901466,2.336718002901466,1.4471190133967031,1.4471190133967031,-2.2899999999999996,9733.739583402159,11.203022603757393,5.163787455051142,2.8441145992891728,99.28768263610088,9.843390348640755,17.919845289493818,0.0,0.0,5.969305287951849,0.0,4.794537184071822,0.0,0.0,42.46456947923127,17.696185628620217,0.0,0.0,14.637927532712576,5.969305287951849,0.0,6.606881964512918,0.0,65.72420659954848,5.749511833283905,0.0,0.0,5.749511833283905,11.075832682792555,11.343744918312968,0.0,15.921440167465814,54.59730361615449,0.0,46.53,5.969305287951849,9.901064578912528,17.919845289493818,0.0,5.563451491696996,12.13273413692322,12.13273413692322,30.33183534230805,0.0,4.736862953800049,5.096018518518519,11.65660478080121,9.477293398841017,1.0969463340891916,-0.5856345007138652,15.723049624170654,0.0,0.2023885109599397,0.0,0.07142857142857142,17,1,3,0,0,0,2,0,2,3,1,3,3,0,0,0,2,2.7492000000000014,63.66830000000004,0,0,0,1,0,0,1,1,0,0,0,2,0,0,1,1,0,0,0,0,0,1,1,1,0,0
CC(=O)OCCOC(=O)C,7.17,10.125718537414967,-0.36837773998488266,10.125718537414967,0.13384259259259235,0.4186583626992573,146.142,136.06199999999998,146.0579088,58,0.3022482902033888,-0.4622466419588056,0.4622466419588056,0.3022482902033888,1.0,1.3,1.5,16.57297490424971,10.694173960883612,1.935406636177289,-2.001904147078101,1.7889656247093453,-2.0921723269534263,5.662462006096404,-0.14897440932476555,3.0550899395377584,113.70950594454669,7.983127663125442,6.047206724228547,6.047206724228547,4.625897657686229,2.8938468501173515,2.8938468501173515,1.680086672653069,1.680086672653069,0.6939837433578356,0.6939837433578356,0.3707908118985982,0.3707908118985982,-1.06,116.61674541783222,8.94,4.784806790484913,6.9399999999999995,59.114096258913875,9.473725907600098,13.213763929025836,0.0,0.0,11.938610575903699,9.589074368143644,0.0,0.0,0.0,0.0,0.0,13.847474399381248,0.0,19.06280027574374,11.938610575903699,0.0,13.847474399381248,13.213763929025836,0.0,0.0,0.0,0.0,0.0,25.152374504929533,19.06280027574374,0.0,13.847474399381248,0.0,0.0,52.6,0.0,9.589074368143644,25.152374504929533,0.0,0.0,13.847474399381248,0.0,0.0,9.473725907600098,0.0,8.952222222222222,20.25143707482993,0.0,0.0,-0.7367554799697649,0.0,0.0,2.8664295162509448,0.0,0.6666666666666666,10,0,4,0,0,0,0,0,0,4,0,4,3,0,0,0,0,0.11260000000000003,33.26599999999999,0,0,0,0,0,0,2,2,0,0,0,0,0,0,2,2,0,0,0,0,0,0,0,0,0,1
CC(C(C)OC(=O)C)OC(=O)C,6.22,10.481690759637189,-0.396851851851852,10.481690759637189,0.3736092214663638,0.5960701775607595,174.19599999999997,160.08399999999997,174.089208928,70,0.30252593632809605,-0.4589213337821677,0.4589213337821677,0.30252593632809605,0.9166666666666666,1.1666666666666667,1.3333333333333333,16.58748673147022,10.241483386897864,2.164719421931588,-2.1845612382827895,2.0279291950434377,-2.2873029471719275,5.667854015372414,-0.16194525956492162,3.8336591607261026,155.89667380414838,9.723614639131599,7.787693700234704,7.787693700234704,5.43042811032654,3.775934973431343,3.775934973431343,2.6291022224235165,2.6291022224235165,1.364766745008722,1.364766745008722,0.7152039433474736,0.7152039433474736,-1.06,251.54467071452373,10.94,4.744526419642195,4.709164697585968,71.8439804877071,9.473725907600098,12.207932775496605,0.0,0.0,11.938610575903699,9.589074368143644,0.0,0.0,0.0,0.0,13.847474399381248,13.847474399381248,0.0,19.06280027574374,11.938610575903699,0.0,39.9028815742591,0.0,0.0,0.0,0.0,0.0,0.0,24.146543351400304,19.06280027574374,0.0,27.694948798762496,0.0,0.0,52.6,12.207932775496605,9.589074368143644,11.938610575903699,0.0,0.0,13.847474399381248,13.847474399381248,0.0,0.0,9.473725907600098,9.593425925925926,20.963381519274378,0.0,0.0,-0.747218442932728,0.0,-0.793703703703704,5.9841147014361304,0.0,0.75,12,0,4,0,0,0,0,0,0,4,0,4,3,0,0,0,0,0.8896000000000001,42.45600000000002,0,0,0,0,0,0,2,2,0,0,0,0,0,0,2,2,0,0,0,0,0,0,0,0,0,0
COC(=O)CCC(=O)OC,7.27,10.40217970521542,-0.397777777777778,10.40217970521542,0.08648148148148138,0.5301974190717502,146.142,136.06199999999998,146.0579088,58,0.30559485280552606,-0.4689839717471165,0.4689839717471165,0.30559485280552606,1.0,1.3,1.5,16.52958033384366,10.307739449022453,2.044867083307821,-1.9621294992071665,1.9220457100652468,-2.058624519136715,5.768723915351232,-0.1467061991438606,3.352921516464098,113.70950594454669,7.983127663125442,6.047206724228547,6.047206724228547,4.701907262607799,2.8400999430419995,2.8400999430419995,1.6522652263201556,1.6522652263201556,0.9885900917253427,0.9885900917253427,0.40824829046386296,0.40824829046386296,-1.06,147.1575478646058,8.94,4.784806790484913,3.884108521721475,59.114096258913875,9.473725907600098,0.0,0.0,0.0,11.938610575903699,9.589074368143644,0.0,0.0,0.0,0.0,0.0,0.0,27.061238328407086,19.06280027574374,11.938610575903699,0.0,12.841643245852019,14.219595082555067,0.0,0.0,0.0,0.0,0.0,26.158205658458765,19.06280027574374,0.0,12.841643245852019,0.0,0.0,52.60000000000001,11.938610575903699,9.589074368143644,12.841643245852019,0.0,0.0,14.219595082555067,0.0,0.0,9.473725907600098,0.0,8.596780045351474,20.80435941043084,0.0,0.0,-0.7955555555555556,0.0,0.17296296296296276,0.0,2.554786470143613,0.6666666666666666,10,0,4,0,0,0,0,0,0,4,0,4,3,0,0,0,0,0.11259999999999981,33.26599999999999,0,0,0,0,0,0,2,2,0,0,0,0,0,0,2,2,0,0,0,0,2,0,0,0,0,0
CCOC(=O)CCC(=O)OCC,6.23,10.721758786848072,-0.355969387755102,10.721758786848072,0.10384259259259254,0.5807321280929896,174.19599999999997,160.08399999999997,174.089208928,70,0.30586043921555606,-0.4659577512007539,0.4659577512007539,0.30586043921555606,0.9166666666666666,1.25,1.5,16.538531438671193,10.303703650946725,2.064698947702771,-2.0084441583120087,1.9470656805894526,-2.092845539710503,5.770508902966377,-0.14936250418475275,3.402570682630092,135.13685006057713,9.397341225498538,7.461420286601642,7.461420286601642,5.701907262607799,4.015167193676994,4.015167193676994,2.1100423396407315,2.1100423396407315,1.1438987004883654,1.1438987004883654,0.6704369879590275,0.6704369879590275,-1.06,374.0377304598448,10.94,6.637839971391235,5.704344619021978,71.84398048770709,9.473725907600098,0.0,0.0,0.0,11.938610575903699,9.589074368143644,0.0,0.0,0.0,0.0,13.847474399381248,0.0,26.055407174877857,19.06280027574374,11.938610575903699,0.0,26.689117645233267,13.213763929025836,0.0,0.0,0.0,0.0,0.0,25.152374504929536,19.06280027574374,0.0,26.689117645233267,0.0,0.0,52.60000000000001,0.0,9.589074368143644,24.780253821755714,13.213763929025836,0.0,0.0,13.847474399381248,0.0,9.473725907600098,0.0,9.247396541950113,21.443517573696145,0.0,0.0,-0.7119387755102036,0.0,0.20768518518518508,4.146672808012093,0.0,0.75,12,0,4,0,0,0,0,0,0,4,0,4,5,0,0,0,0,0.8927999999999999,42.500000000000014,0,0,0,0,0,0,2,2,0,0,0,0,0,0,2,2,0,0,0,0,0,0,0,0,0,0
COC(=O)CCCC(=O)OC,7.15,10.507285052910053,-0.29731198034769424,10.507285052910053,0.2694444444444444,0.5618596941783156,160.169,148.07299999999998,160.073558864,64,0.30501807396945335,-0.46899526599167873,0.46899526599167873,0.30501807396945335,1.0,1.3636363636363635,1.6363636363636365,16.52688530583161,10.227224829585984,2.030066494684232,-1.9738088229337636,1.9731194533613647,-2.0360839857514246,5.717590051337617,-0.14193509275411584,3.2703753945873237,125.3759999531186,8.69023444431199,6.7543135054150945,6.7543135054150945,5.201907262607799,3.3400999430419995,3.3400999430419995,2.0058186169134293,2.0058186169134293,1.2171434823186165,1.2171434823186165,0.5811876274750628,0.5811876274750628,-1.06,242.16734628632977,9.94,5.704344619021978,5.387427293064876,65.47903837331049,9.473725907600098,0.0,0.0,0.0,11.938610575903699,9.589074368143644,0.0,0.0,0.0,0.0,6.4208216229260096,12.841643245852019,14.219595082555067,19.06280027574374,11.938610575903699,0.0,19.26246486877803,14.219595082555067,0.0,0.0,0.0,0.0,0.0,26.158205658458765,19.06280027574374,0.0,19.26246486877803,0.0,0.0,52.60000000000001,0.0,9.589074368143644,24.780253821755714,6.4208216229260096,0.0,14.219595082555067,0.0,0.0,9.473725907600098,0.0,8.749203042328041,21.014570105820106,0.0,0.0,-0.5946239606953885,0.0,1.0243518518518517,0.0,2.6398322940287224,0.7142857142857143,11,0,4,0,0,0,0,0,0,4,0,4,4,0,0,0,0,0.5026999999999999,37.883,0,0,0,0,0,0,2,2,0,0,0,0,0,0,2,2,0,0,0,0,2,0,0,0,0,0
CCOC(=O)CCCC(=O)OCC,6.08,10.808075947971782,-0.2575940098261522,10.808075947971782,0.2575940098261522,0.5891025133512612,188.22299999999998,172.09499999999997,188.104858992,76,0.30528366076642843,-0.46596904603990275,0.46596904603990275,0.30528366076642843,0.9230769230769231,1.3076923076923077,1.6153846153846154,16.535882974983522,10.225142283124132,2.0481637864010973,-2.012879261351648,1.9890327296284906,-2.070373915740463,5.719550393920145,-0.14443006859858423,3.334857361032243,146.99763683370963,10.104448006685086,8.16852706778819,8.16852706778819,6.201907262607799,4.515167193676994,4.515167193676994,2.4635957302340055,2.4635957302340055,1.3724520910816391,1.3724520910816391,0.8433763249702273,0.8433763249702273,-1.06,608.5508759339294,11.94,7.581959097553653,7.305630712979889,78.2089226021037,9.473725907600098,0.0,0.0,0.0,11.938610575903699,9.589074368143644,0.0,0.0,0.0,0.0,20.268296022307258,12.841643245852019,13.213763929025836,19.06280027574374,11.938610575903699,0.0,33.10993926815928,13.213763929025836,0.0,0.0,0.0,0.0,0.0,25.152374504929536,19.06280027574374,0.0,33.10993926815928,0.0,0.0,52.60000000000001,0.0,9.589074368143644,24.780253821755714,19.634585551951847,0.0,0.0,13.847474399381248,0.0,0.0,9.473725907600098,9.385198412698413,21.616151895943563,0.0,0.0,-0.5151880196523044,0.0,1.0664436885865456,4.280727355757119,0.0,0.7777777777777778,13,0,4,0,0,0,0,0,0,4,0,4,6,0,0,0,0,1.2829000000000002,47.117000000000026,0,0,0,0,0,0,2,2,0,0,0,0,0,0,2,2,0,0,0,0,0,0,0,0,0,0
CCCCCCCCCOC(=O)CCCC(=O)OCCCCCCCCC,3.86,11.63151725299104,-0.19364607776064346,11.63151725299104,0.19364607776064324,0.17210689992580572,384.60100000000034,340.24900000000014,384.323959888,160,0.3052937506187224,-0.4656748426872885,0.4656748426872885,0.3052937506187224,0.48148148148148145,0.8148148148148148,1.1851851851851851,16.53653644855596,10.10446781740651,2.0690557071667577,-2.060650608612806,2.0855708942278044,-2.0903186811372843,5.719999944798321,-0.14515775452431856,3.314213743562647,309.2700494467603,20.00394294329675,18.068022004399857,18.068022004399857,13.2019072626078,11.515167193676994,11.515167193676994,7.537134438627528,7.537134438627528,4.783683017500119,4.783683017500119,3.011747225073711,3.011747225073711,-1.06,674299.0054707541,25.939999999999998,21.242459444694447,21.100384923817156,167.31811220365628,9.473725907600098,0.0,0.0,0.0,11.938610575903699,9.589074368143644,0.0,0.0,0.0,90.89733387449338,19.26246486877803,12.841643245852019,13.213763929025836,19.06280027574374,11.938610575903699,0.0,123.00144198912345,13.213763929025836,0.0,0.0,0.0,0.0,0.0,25.152374504929536,19.06280027574374,0.0,123.00144198912345,0.0,0.0,52.60000000000001,0.0,9.589074368143644,11.938610575903699,32.47622879780386,25.683286491704038,64.20821622926012,0.0,0.0,13.847474399381248,9.473725907600098,10.427690642157373,23.263034505982077,0.0,0.0,-0.3872921555212867,0.0,18.075665828737005,5.454234511978161,0.0,0.9130434782608695,27,0,4,0,0,0,0,0,0,4,0,4,20,0,0,0,0,6.744300000000008,111.7550000000001,0,0,0,0,0,0,2,2,0,0,0,0,0,0,2,2,0,0,0,0,0,0,0,0,0,12
COC(=O)CCCCC(=O)OC,6.95,10.587620543587805,-0.23623535525321215,10.587620543587805,0.23623535525321193,0.4585619491319411,174.196,160.08399999999997,174.089208928,70,0.30500207032597487,-0.46899542664993227,0.46899542664993227,0.30500207032597487,0.9166666666666666,1.25,1.5,16.526256696135032,10.175562100064706,2.020525903104179,-1.983738415374482,2.010198408465446,-2.0211124182851816,5.698562429759871,-0.1423798765717237,3.211729783466108,135.13685006057713,9.397341225498538,7.461420286601642,7.461420286601642,5.701907262607799,3.8400999430419995,3.8400999430419995,2.3593720075067033,2.3593720075067033,1.4671434823186162,1.4671434823186162,0.7427992798267444,0.7427992798267444,-1.06,407.12981448233984,10.94,6.637839971391235,5.704344619021978,71.8439804877071,9.473725907600098,0.0,0.0,0.0,11.938610575903699,9.589074368143644,0.0,0.0,0.0,0.0,12.841643245852019,12.841643245852019,14.219595082555067,19.06280027574374,11.938610575903699,0.0,25.683286491704038,14.219595082555067,0.0,0.0,0.0,0.0,0.0,26.158205658458765,19.06280027574374,0.0,25.683286491704038,0.0,0.0,52.60000000000001,0.0,9.589074368143644,11.938610575903699,25.683286491704038,0.0,14.219595082555067,0.0,0.0,9.473725907600098,0.0,8.856936413454271,21.17524108717561,0.0,0.0,-0.4724707105064241,0.0,2.0739436885865454,0.0,2.6996828546233305,0.75,12,0,4,0,0,0,0,0,0,4,0,4,5,0,0,0,0,0.8927999999999998,42.500000000000014,0,0,0,0,0,0,2,2,0,0,0,0,0,0,2,2,0,0,0,0,2,0,0,0,0,1
CCOC(=O)CCCCC(=O)OCC,6.12,10.875043383093978,-0.19781585936843826,10.875043383093978,0.19781585936843826,0.4652296975272086,202.24999999999997,184.10599999999997,202.120509056,82,0.30526765712898646,-0.46596920670870384,0.46596920670870384,0.30526765712898646,0.8571428571428571,1.2142857142857142,1.5,16.535266787336344,10.174330633060338,2.0374344484742832,-2.016957020509869,2.020886729369274,-2.0558123409948186,5.700610001967959,-0.14494159719987118,3.2823051857661723,156.96081175542733,10.811554787871634,8.875633848974738,8.875633848974738,6.701907262607799,5.015167193676994,5.015167193676994,2.8171491208272794,2.8171491208272794,1.6224520910816391,1.6224520910816391,1.0049879773219088,1.0049879773219088,-1.06,1028.6442132160066,12.94,8.534349380925875,7.581959097553653,84.57386471650032,9.473725907600098,0.0,0.0,0.0,11.938610575903699,9.589074368143644,0.0,0.0,0.0,0.0,26.689117645233267,12.841643245852019,13.213763929025836,19.06280027574374,11.938610575903699,0.0,39.53076089108528,13.213763929025836,0.0,0.0,0.0,0.0,0.0,25.152374504929536,19.06280027574374,0.0,39.53076089108528,0.0,0.0,52.60000000000001,0.0,9.589074368143644,11.938610575903699,38.897050420729876,0.0,0.0,13.847474399381248,0.0,0.0,9.473725907600098,9.482615425799949,21.750086766187955,0.0,0.0,-0.3956317187368765,0.0,2.120818688586546,4.375444171495759,0.0,0.8,14,0,4,0,0,0,0,0,0,4,0,4,7,0,0,0,0,1.673,51.73400000000004,0,0,0,0,0,0,2,2,0,0,0,0,0,0,2,2,0,0,0,0,0,0,0,0,0,1
CC(C)COC(=O)CCCCC(=O)OCC(C)C,5.03,11.268799122304262,-0.1812520733602081,11.268799122304262,0.18125207336020766,0.47109375854743574,258.3579999999999,232.14999999999995,258.183109312,106,0.30528756457733885,-0.46540174312761673,0.46540174312761673,0.30528756457733885,0.7777777777777778,1.1111111111111112,1.3888888888888888,16.536463885112227,10.166156545610216,2.069083432961799,-2.0759589223352095,2.0459524031127567,-2.109090614902619,5.701269761567625,-0.14652410616649267,3.4358934703418615,220.178546460492,13.966255326250886,12.03033438735399,12.03033438735399,8.413591357920934,6.7268512889901295,6.7268512889901295,5.36082588520569,5.36082588520569,2.167110289820159,2.167110289820159,1.2022385471672878,1.2022385471672878,-1.06,5665.282837977674,16.940000000000005,9.918124661996035,11.426139207725335,110.03363317408675,9.473725907600098,0.0,0.0,0.0,11.938610575903699,9.589074368143644,0.0,0.0,0.0,27.694948798762496,24.677455338174802,12.841643245852019,13.213763929025836,19.06280027574374,11.938610575903699,11.835812092322787,53.378235290466534,13.213763929025836,0.0,0.0,0.0,0.0,0.0,25.152374504929536,19.06280027574374,11.835812092322787,53.378235290466534,0.0,0.0,52.60000000000001,0.0,9.589074368143644,11.938610575903699,50.73286251305266,0.0,0.0,0.0,27.694948798762496,0.0,9.473725907600098,10.068683684140936,22.537598244608525,0.0,0.0,0.3596463584700351,0.0,2.1069200365331318,8.927151676247371,0.0,0.8571428571428571,18,0,4,0,0,0,0,0,0,4,0,4,9,0,0,0,0,2.9452000000000016,70.06200000000005,0,0,0,0,0,0,2,2,0,0,0,0,0,0,2,2,0,0,0,0,0,0,0,0,0,1
CCOC(=O)CCCCCCCC(=O)OCC,5.35,11.009733940067253,-0.11201521046894403,11.009733940067253,0.1120152104689438,0.4377830905362236,244.33099999999993,220.13899999999995,244.167459248,100,0.3052674256589963,-0.4659692078794497,0.4659692078794497,0.3052674256589963,0.7058823529411765,1.0588235294117647,1.411764705882353,16.53508912861838,10.096849415505012,2.021250557255784,-2.0257083666218145,2.0785073084650696,-2.0347727044034256,5.690409543278122,-0.14359245290483824,3.18321125293434,191.46500194404416,12.932875131431278,10.996954192534382,10.996954192534382,8.201907262607799,6.515167193676994,6.515167193676994,3.8778092926071,3.8778092926071,2.372452091081639,2.372452091081639,1.535318063211819,1.535318063211819,-1.06,4656.341705946308,15.94,11.426139207725331,11.207737617135207,103.66869105969015,9.473725907600098,0.0,0.0,0.0,11.938610575903699,9.589074368143644,0.0,0.0,0.0,19.26246486877803,26.689117645233267,12.841643245852019,13.213763929025836,19.06280027574374,11.938610575903699,0.0,58.79322575986332,13.213763929025836,0.0,0.0,0.0,0.0,0.0,25.152374504929536,19.06280027574374,0.0,58.79322575986332,0.0,0.0,52.60000000000001,0.0,9.589074368143644,11.938610575903699,26.055407174877857,32.10410811463005,0.0,0.0,13.847474399381248,0.0,9.473725907600098,9.65563783095335,22.019467880134506,0.0,0.0,-0.22403042093788783,0.0,5.8432555989184785,4.53900244426489,0.0,0.8461538461538461,17,0,4,0,0,0,0,0,0,4,0,4,10,0,0,0,0,2.843300000000001,65.58500000000005,0,0,0,0,0,0,2,2,0,0,0,0,0,0,2,2,0,0,0,0,0,0,0,0,0,4
CCOC(=O)CCCCCCCCC(=O)OCC,5.15,11.041132016959835,-0.09739715560516271,11.041132016959835,0.09739715560516249,0.4215226752792795,258.3579999999999,232.14999999999995,258.183109312,106,0.3052674256589853,-0.4659692078794497,0.4659692078794497,0.3052674256589853,0.6666666666666666,1.0,1.3333333333333333,16.535089928393116,10.083089703490927,2.01855501338766,-2.0280834932909118,2.0901956742634984,-2.031710543404777,5.690106885539158,-0.1437651058923881,3.162653055346669,201.8338811517707,13.639981912617825,11.70406097372093,11.70406097372093,8.701907262607799,7.015167193676994,7.015167193676994,4.2313626832003735,4.2313626832003735,2.622452091081639,2.622452091081639,1.7120947585084558,1.7120947585084558,-1.06,7689.947882386411,16.940000000000005,12.398315967600073,11.426139207725335,110.03363317408676,9.473725907600098,0.0,0.0,0.0,11.938610575903699,9.589074368143644,0.0,0.0,0.0,25.683286491704038,26.689117645233267,12.841643245852019,13.213763929025836,19.06280027574374,11.938610575903699,0.0,65.21404738278933,13.213763929025836,0.0,0.0,0.0,0.0,0.0,25.152374504929536,19.06280027574374,0.0,65.21404738278933,0.0,0.0,52.60000000000001,0.0,9.589074368143644,11.938610575903699,26.055407174877857,38.524929737556064,0.0,0.0,13.847474399381248,0.0,9.473725907600098,9.691959827582538,22.08226403391967,0.0,0.0,-0.1947943112103252,0.0,7.182195928136584,4.571707854904867,0.0,0.8571428571428571,18,0,4,0,0,0,0,0,0,4,0,4,11,0,0,0,0,3.2334000000000023,70.20200000000006,0,0,0,0,0,0,2,2,0,0,0,0,0,0,2,2,0,0,0,0,0,0,0,0,0,5
CCCCOC(=O)CCCCCCCCC(=O)OCCCC,4.6,11.36247732591675,-0.06641230966152567,11.36247732591675,0.06641230966152545,0.3218661464445503,314.46600000000007,280.194,314.245709568,130,0.3052775141617927,-0.465675191765929,0.465675191765929,0.3052775141617927,0.5909090909090909,0.9545454545454546,1.3181818181818181,16.53570989659792,10.082765956065133,2.0321942364272503,-2.04611622058598,2.0949626306197695,-2.0522797520469545,5.690522061322429,-0.14441703965458288,3.2259727928316795,248.2607212192847,16.46840903736402,14.532488098467121,14.532488098467121,10.701907262607799,9.015167193676994,9.015167193676994,5.769367485661157,5.769367485661157,3.533683017500118,3.533683017500118,2.050803085601726,2.050803085601726,-1.06,57242.79712389869,20.939999999999998,16.312921587033127,15.331143339748435,135.49340163167324,9.473725907600098,0.0,0.0,0.0,11.938610575903699,9.589074368143644,0.0,0.0,0.0,52.372404136937305,25.683286491704038,12.841643245852019,13.213763929025836,19.06280027574374,11.938610575903699,0.0,90.89733387449338,13.213763929025836,0.0,0.0,0.0,0.0,0.0,25.152374504929536,19.06280027574374,0.0,90.89733387449338,0.0,0.0,52.60000000000001,0.0,9.589074368143644,11.938610575903699,26.055407174877857,64.20821622926012,0.0,0.0,0.0,13.847474399381248,9.473725907600098,10.207669507287754,22.7249546518335,0.0,0.0,-0.13282461932305112,0.0,11.25094987892992,5.282583914605208,0.0,0.8888888888888888,22,0,4,0,0,0,0,0,0,4,0,4,15,0,0,0,0,4.7938000000000045,88.67000000000007,0,0,0,0,0,0,2,2,0,0,0,0,0,0,2,2,0,0,0,0,0,0,0,0,0,7
CCCCCCCCOC(=O)CCCCCCCCC(=O)OCCCCCCCC,3.81,11.68853748874109,-0.044752606310713094,11.68853748874109,0.04475260631071287,0.12294426865959429,426.68200000000036,376.28200000000015,426.37091007999993,178,0.30527751551233107,-0.46567500452711613,0.46567500452711613,0.30527751551233107,0.43333333333333335,0.7333333333333333,1.1,16.535739779663327,10.082105120886546,2.0404357232763726,-2.0576919083422545,2.107062481899106,-2.0559996249791723,5.690592683119562,-0.14444654233115087,3.2537941920499116,345.2298853004337,22.125263286856388,20.189342347959496,20.189342347959496,14.7019072626078,13.015167193676994,13.015167193676994,8.59779461040735,8.59779461040735,5.533683017500119,5.533683017500119,3.5269122680186658,3.5269122680186658,-1.06,2950228.6374567784,28.939999999999998,24.211658016562158,23.22120386819286,186.4129385468461,9.473725907600098,0.0,0.0,0.0,11.938610575903699,9.589074368143644,0.0,0.0,0.0,103.73897712034541,25.683286491704038,12.841643245852019,13.213763929025836,19.06280027574374,11.938610575903699,0.0,142.2639068579015,13.213763929025836,0.0,0.0,0.0,0.0,0.0,25.152374504929536,19.06280027574374,0.0,142.2639068579015,0.0,0.0,52.60000000000001,0.0,9.589074368143644,11.938610575903699,26.055407174877857,51.36657298340809,64.20821622926012,0.0,0.0,13.847474399381248,9.473725907600098,10.588623400369272,23.37707497748218,0.0,0.0,-0.08950521262142597,0.0,21.85335159297275,5.603788575130557,0.0,0.9230769230769231,30,0,4,0,0,0,0,0,0,4,0,4,23,0,0,0,0,7.91460000000001,125.60600000000011,0,0,0,0,0,0,2,2,0,0,0,0,0,0,2,2,0,0,0,0,0,0,0,0,0,15
C1=CC=C(C=C1)COC(=O)CCCCCCCCC(=O)OCC2=CC=CC=C2,4.92,11.716958423502845,-0.13424574879819273,11.716958423502845,0.1342457487981925,0.3344468673818332,382.5,352.2600000000001,382.21440944,150,0.30561534035156324,-0.46080074833316736,0.46080074833316736,0.30561534035156324,0.5357142857142857,0.8928571428571429,1.2857142857142858,16.53596192291061,10.082378958064112,2.0462898687697164,-2.056651850562341,2.10727313806724,-2.0423936642964757,5.6916720544184205,-0.14559901630501532,1.3877084131358677,620.7660406605172,19.865750262862548,16.47756366561719,16.47756366561719,13.737183443017884,10.129427617536368,10.129427617536368,6.913884667912539,6.913884667912539,4.4970971812725455,4.4970971812725455,2.8662450195415365,2.8662450195415365,-2.619999999999999,2198164.3509655707,21.677512129539636,13.533709072489168,9.907245537250747,167.41793735742158,9.473725907600098,13.213763929025836,0.0,0.0,11.938610575903699,9.589074368143644,0.0,0.0,0.0,86.34695717632016,23.96854622924601,12.841643245852019,0.0,19.06280027574374,11.938610575903699,0.0,64.58033691243394,0.0,71.7905736680101,0.0,0.0,0.0,0.0,11.938610575903699,32.27656420476958,0.0,62.49347596680208,60.6636706846161,0.0,52.60000000000001,0.0,9.589074368143644,11.938610575903699,26.055407174877857,49.651832720950054,0.0,0.0,60.6636706846161,0.0,9.473725907600098,10.528253385038202,23.43391684700569,0.0,2.0243429581061236,-0.26849149759638524,19.430093487080164,6.824017107349469,0.6945343796834071,0.0,0.4166666666666667,28,0,4,0,0,0,2,0,2,4,0,4,13,0,0,0,2,5.594000000000006,109.41200000000005,0,0,0,0,0,0,2,2,0,0,0,2,0,0,2,2,0,0,0,0,0,0,0,0,0,5
CC(=O)CCC(=O)OC,14.24,10.341805555555556,-0.3285185185185182,10.341805555555556,0.014259259259259638,0.5231690070940209,130.14299999999997,120.06299999999997,130.06299418,52,0.3054509713007721,-0.4689856763232739,0.4689856763232739,0.3054509713007721,1.3333333333333333,1.8888888888888888,2.2222222222222223,16.52298733495894,10.231396055704334,2.0018178199259546,-1.9307556977854334,1.9073978605764899,-2.019290221648079,5.803550094095563,-0.14131994774947396,3.276211537510185,117.47138037474598,7.276020881938894,5.638958433764684,5.638958433764684,4.163902460147014,2.727727507346205,2.727727507346205,1.7781477162826895,1.7781477162826895,0.908857118478637,0.908857118478637,0.3801551815399143,0.3801551815399143,-0.8600000000000001,78.51304536092788,8.140000000000002,4.062432372063822,5.003659030865051,54.000551029407,9.53140013787187,5.783244946364939,0.0,0.0,5.969305287951849,4.794537184071822,0.0,0.0,0.0,0.0,6.923737199690624,6.4208216229260096,13.530619164203543,14.325937321943693,11.75255023431679,0.0,19.765380445542643,7.109797541277533,0.0,0.0,0.0,0.0,0.0,18.862347775594323,14.325937321943693,0.0,19.765380445542643,0.0,0.0,43.370000000000005,0.0,9.589074368143644,24.594193480168805,0.0,0.0,14.033534740968157,0.0,0.0,4.736862953800049,0.0,4.309444444444445,20.59815192743764,0.0,0.0,-0.31425925925925857,0.0,0.4846296296296295,1.4473611111111109,1.3080054799697658,0.6666666666666666,9,0,3,0,0,0,0,0,0,3,0,3,3,0,0,0,0,0.5286,31.930999999999987,0,0,0,0,0,0,2,2,0,0,0,0,0,0,1,1,0,1,1,0,1,0,0,0,0,0
CCOC(=O)CCC(=O)C,13.25,10.573055555555555,-0.2937962962962961,10.573055555555555,0.021345427059713096,0.5508382023018105,144.17,132.07399999999998,144.078644244,58,0.3057165562315728,-0.46595945589073423,0.46595945589073423,0.3057165562315728,1.3,1.9,2.3,16.531839677151808,10.230277145197732,2.016666611354077,-1.9729343883894142,1.9229108742043934,-2.049905076942651,5.8041241962983765,-0.1437131729102471,3.3038725481541023,128.81290899230692,7.983127663125442,6.346065214951231,6.346065214951231,4.663902460147014,3.3152611326637027,3.3152611326637027,2.0070362729429774,2.0070362729429774,0.9865114228601484,0.9865114228601484,0.5112495302874965,0.5112495302874965,-0.8600000000000001,125.48550784437856,9.14,4.967392039224512,5.2800560224089645,60.3654931438036,9.53140013787187,5.783244946364939,0.0,0.0,5.969305287951849,4.794537184071822,0.0,0.0,0.0,0.0,13.847474399381248,6.4208216229260096,13.027703587438928,14.325937321943691,11.75255023431679,0.0,26.689117645233267,6.606881964512918,0.0,0.0,0.0,0.0,0.0,18.359432198829705,14.325937321943691,0.0,26.689117645233267,0.0,0.0,43.370000000000005,0.0,9.589074368143644,18.1733718572428,13.027703587438928,0.0,6.923737199690624,6.923737199690624,0.0,4.736862953800049,0.0,4.601111111111111,20.917731009070295,0.0,0.0,-0.272450869236583,0.0,0.5019907407407405,3.58495134164777,0.0,0.7142857142857143,10,0,3,0,0,0,0,0,0,3,0,3,4,0,0,0,0,0.9187,36.547999999999995,0,0,0,0,0,0,2,2,0,0,0,0,0,0,1,1,0,1,1,0,0,0,0,0,0,0
CCCCOC(=O)CCC(=O)C,11.3,10.847874149659864,-0.2651388888888888,10.847874149659864,0.030038449021584146,0.45211739607026175,172.22399999999996,156.09599999999998,172.109944372,70,0.30572664468796773,-0.46566543976936314,0.46566543976936314,0.30572664468796773,1.25,1.9166666666666667,2.4166666666666665,16.532395050375822,10.227612288908887,2.0292710908015144,-2.0104808392235154,1.9539217474672919,-2.066993422773481,5.804234407946521,-0.14434754916349496,3.2765533155320856,151.85263754543283,9.397341225498538,7.760278777324327,7.760278777324327,5.663902460147014,4.315261132663703,4.315261132663703,2.7760386741733694,2.7760386741733694,1.4421268860693879,1.4421268860693879,0.6806036938341314,0.6806036938341314,-0.8600000000000001,360.45445705343354,11.14,6.825900679776567,7.249409190371992,73.09537737259681,9.53140013787187,5.783244946364939,0.0,0.0,5.969305287951849,4.794537184071822,0.0,0.0,0.0,13.344558822616634,13.344558822616634,6.4208216229260096,13.027703587438928,14.325937321943691,11.75255023431679,0.0,39.53076089108528,6.606881964512918,0.0,0.0,0.0,0.0,0.0,18.359432198829705,14.325937321943691,0.0,39.53076089108528,0.0,0.0,43.370000000000005,0.0,9.589074368143644,18.1733718572428,13.027703587438928,12.841643245852019,6.923737199690624,0.0,6.923737199690624,0.0,4.736862953800049,4.841666666666667,21.318263337742504,0.0,0.0,-0.23510043986730467,0.0,2.426394557823129,3.9821092109683383,0.0,0.7777777777777778,12,0,3,0,0,0,0,0,0,3,0,3,6,0,0,0,0,1.6989,45.782000000000025,0,0,0,0,0,0,2,2,0,0,0,0,0,0,1,1,0,1,1,0,0,0,0,0,0,1
COC(=O)CCCCC(=O)O,6.95,10.486829648526077,-0.8241983182161754,10.486829648526077,0.12201814058956906,0.47702375015725706,160.169,148.07299999999998,160.073558864,64,0.3050020703234032,-0.4812303886150274,0.4812303886150274,0.3050020703234032,1.2727272727272727,1.8181818181818181,2.272727272727273,16.523001964927904,10.176810420413059,2.005191610497652,-1.9603410922336861,1.9971742212933963,-2.0032641078073854,5.690940589788301,-0.14126912572718195,3.1433356015620495,141.3759999531186,8.69023444431199,6.5003855916377375,6.5003855916377375,5.163902460147014,3.451334305096184,3.451334305096184,2.1769779375699785,2.1769779375699785,1.2492139079469,1.2492139079469,0.6476253650662849,0.6476253650662849,-1.06,220.6587824864839,9.94,5.704344619021978,6.829917453952502,65.15972689599963,9.843390348640755,0.0,0.0,0.0,11.938610575903699,9.589074368143644,0.0,0.0,0.0,0.0,12.841643245852019,12.841643245852019,7.109797541277533,19.432464716784395,11.938610575903699,0.0,25.683286491704038,7.109797541277533,0.0,0.0,0.0,0.0,0.0,24.154935512021936,14.325937321943691,0.0,25.683286491704038,0.0,0.0,63.60000000000001,5.969305287951849,9.589074368143644,12.390126910877859,19.26246486877803,0.0,7.109797541277533,0.0,0.0,4.736862953800049,5.106527394840706,4.370887188208616,20.484172414336108,8.219727812421265,0.0,-1.1062457482993193,0.0,1.5458144368858653,0.0,1.3189772297808011,0.7142857142857143,11,1,4,0,0,0,0,0,0,3,1,4,5,0,0,0,0,0.8043999999999998,38.1198,1,0,0,0,1,1,2,1,0,0,0,0,0,0,1,1,0,0,0,0,1,0,0,0,0,1
COC(=O)CCCC(=O)O,7.84,10.378139644746788,-0.8852749433106573,10.378139644746788,0.022916666666666696,0.5833845403418033,146.14200000000002,136.06199999999998,146.0579088,58,0.30501807327917485,-0.4812302279738031,0.4812302279738031,0.30501807327917485,1.4,2.0,2.4,16.523029262367224,10.22914999494753,2.012397506814338,-1.9441184564975538,1.9540675897544995,-2.015597047379765,5.707869850451284,-0.1408217548556216,3.197004958328417,129.7095059445467,7.983127663125442,5.79327881045119,5.79327881045119,4.663902460147014,2.951334305096184,2.951334305096184,1.8234245469767048,1.8234245469767048,0.9992139079469003,0.9992139079469003,0.48601371271460325,0.48601371271460325,-1.06,128.88451270697286,8.94,4.784806790484913,5.084092219020172,58.794784781603006,9.843390348640755,0.0,0.0,0.0,11.938610575903699,9.589074368143644,0.0,0.0,0.0,0.0,6.4208216229260096,12.841643245852019,7.109797541277533,19.432464716784395,11.938610575903699,0.0,19.26246486877803,7.109797541277533,0.0,0.0,0.0,0.0,0.0,24.154935512021936,14.325937321943691,0.0,19.26246486877803,0.0,0.0,63.60000000000001,5.969305287951849,9.589074368143644,18.810948533803867,6.4208216229260096,0.0,7.109797541277533,0.0,0.0,4.736862953800049,5.106527394840706,4.300143613000756,20.295146919879063,8.14695483749055,0.0,-1.2452286470143608,0.0,0.555462962962963,0.0,1.2808536470143612,0.6666666666666666,10,1,4,0,0,0,0,0,0,3,1,4,4,0,0,0,0,0.41429999999999995,33.502799999999986,1,0,0,0,1,1,2,1,0,0,0,0,0,0,1,1,0,0,0,0,1,0,0,0,0,0
COCCOC,4.42,4.657222222222222,0.6909722222222222,4.657222222222222,0.6909722222222222,0.4632611164076684,90.122,80.04199999999999,90.06807956,38,0.06960196782699893,-0.3822980177166475,0.3822980177166475,0.06960196782699893,1.0,1.3333333333333333,1.5,16.509459581108878,10.784165810543874,1.7303455929559843,-1.9123046616643302,1.6500079093302997,-1.9590665262942781,4.174615629413373,0.10260534577352344,2.3390923149762908,17.509775004326936,4.82842712474619,4.230710143300821,4.230710143300821,2.914213562373095,1.8938468501173518,1.8938468501173518,0.9855985596534889,0.9855985596534889,0.4915816237971963,0.4915816237971963,0.16666666666666669,0.16666666666666669,-0.08,20.986300857070454,5.92,4.920000000000001,3.9200000000000004,38.061167830033135,9.473725907600098,0.0,0.0,0.0,0.0,0.0,0.0,0.0,0.0,0.0,0.0,14.219595082555067,13.213763929025836,9.473725907600098,0.0,0.0,0.0,27.433359011580905,0.0,0.0,0.0,0.0,0.0,27.433359011580905,9.473725907600098,0.0,0.0,0.0,0.0,18.46,0.0,0.0,0.0,13.213763929025836,0.0,0.0,14.219595082555067,0.0,9.473725907600098,0.0,9.314444444444444,0.0,0.0,0.0,0.0,0.0,0.0,1.3819444444444444,3.303611111111111,1.0,6,0,2,0,0,0,0,0,0,2,0,2,3,0,0,0,0,0.2792,23.751999999999992,0,0,0,0,0,0,0,0,0,0,0,0,0,0,0,2,0,0,0,0,2,0,0,0,0,1
CCOCCOCC,6.14,5.010555555555555,0.7265277777777778,5.010555555555555,0.7265277777777778,0.5024136978092385,118.176,104.06399999999998,118.099379688,50,0.06997929385611126,-0.379346718645991,0.379346718645991,0.06997929385611126,0.875,1.25,1.5,16.519900083687606,10.715441512304274,1.8081547061168568,-1.9852027993879702,1.7482631824734907,-2.0227613512677727,4.243346799511277,0.05836399416504528,2.53006045688352,31.509775004326936,6.242640687119286,5.644923705673916,5.644923705673916,3.914213562373095,3.068914100752347,3.068914100752347,1.3938468501173518,1.3938468501173518,0.7802567583920093,0.7802567583920093,0.4065262647925708,0.4065262647925708,-0.08,61.499612265106904,7.919999999999998,6.92,5.92,50.791052058826345,9.473725907600098,0.0,0.0,0.0,0.0,0.0,0.0,0.0,0.0,0.0,13.847474399381248,13.213763929025836,13.213763929025836,9.473725907600098,0.0,0.0,13.847474399381248,26.427527858051672,0.0,0.0,0.0,0.0,0.0,26.427527858051672,9.473725907600098,0.0,13.847474399381248,0.0,0.0,18.46,0.0,0.0,0.0,0.0,26.427527858051672,0.0,0.0,13.847474399381248,0.0,9.473725907600098,10.02111111111111,0.0,0.0,0.0,0.0,0.0,0.0,6.978888888888889,0.0,1.0,8,0,2,0,0,0,0,0,0,2,0,2,5,0,0,0,0,1.0594000000000001,32.98599999999998,0,0,0,0,0,0,0,0,0,0,0,0,0,0,0,2,0,0,0,0,0,0,0,0,0,3
C(CO)O,35.12,7.625,-0.125,7.625,0.125,0.40752789066641704,62.068000000000005,56.02,62.036779432,26,0.06622663964681728,-0.3939905415754596,0.3939905415754596,0.06622663964681728,1.0,1.25,1.25,16.30425825223958,10.818323674812085,1.5752986759502907,-1.6990667974042981,1.392607250745466,-1.8453009104147722,4.062481069474973,0.1859385623806979,1.9747448713915894,6.0,3.414213562373095,2.3086407533730107,2.3086407533730107,1.914213562373095,1.1324555320336755,1.1324555320336755,0.4472135954999578,0.4472135954999578,0.09999999999999996,0.09999999999999996,0.0,0.0,-0.08,6.854752972273345,3.9200000000000004,2.92,1.9199999999999995,24.69266064661818,10.213054789681411,0.0,0.0,0.0,0.0,0.0,0.0,0.0,0.0,0.0,0.0,0.0,13.213763929025836,10.213054789681411,0.0,0.0,0.0,13.213763929025836,0.0,0.0,0.0,0.0,0.0,23.426818718707246,0.0,0.0,0.0,0.0,0.0,40.46,0.0,0.0,13.213763929025836,0.0,0.0,0.0,0.0,0.0,0.0,10.213054789681411,0.0,0.0,15.25,0.0,0.0,0.0,0.0,-0.25,0.0,1.0,4,2,2,0,0,0,0,0,0,2,2,2,1,0,0,0,0,-1.029,14.171600000000002,0,2,2,0,0,0,0,0,0,0,0,0,0,0,0,0,0,0,0,0,0,0,0,0,0,0
CC(CO)O,27.95,8.11111111111111,-0.5601851851851853,8.11111111111111,0.13888888888888884,0.43583499661104974,76.095,68.031,76.052429496,32,0.07423864406366021,-0.3937000421977661,0.3937000421977661,0.07423864406366021,1.8,2.0,2.0,16.31513815345841,10.458756100052481,1.8281882984618447,-1.8957837277830538,1.681968912999836,-2.0325604871035767,4.334973681772572,0.10985960933785116,2.5395388613593908,18.854752972273346,4.284457050376173,3.178884241376089,3.178884241376089,2.270055610029662,1.560025215417488,1.560025215417488,1.0315955518811348,1.0315955518811348,0.26422384392782794,0.26422384392782794,0.0,0.0,-0.08,9.65148445440323,4.920000000000001,2.1751020408163266,3.92,31.057602761014785,10.213054789681411,0.0,0.0,0.0,0.0,0.0,0.0,0.0,0.0,0.0,6.923737199690624,0.0,12.71084835226122,10.213054789681411,0.0,0.0,13.027703587438927,6.606881964512918,0.0,0.0,0.0,0.0,0.0,22.92390314194263,0.0,0.0,6.923737199690624,0.0,0.0,40.46,6.103966387748303,0.0,6.606881964512918,0.0,0.0,6.923737199690624,0.0,0.0,0.0,10.213054789681411,0.0,0.0,16.00462962962963,0.0,0.0,0.0,-0.5601851851851853,1.3888888888888888,0.0,1.0,5,2,2,0,0,0,0,0,0,2,2,2,1,0,0,0,0,-0.6405,18.766600000000004,0,2,2,0,0,0,0,0,0,0,0,0,0,0,0,0,0,0,0,0,0,0,0,0,0,0
C(CO)CO,35.46,7.90625,0.09375,7.90625,0.09375,0.4590493065582775,76.095,68.03099999999999,76.052429496,32,0.045238236823877565,-0.39628647261089006,0.39628647261089006,0.045238236823877565,1.0,1.4,1.4,16.265119645466125,10.503492168707801,1.698723971189746,-1.7909256874270048,1.6471801492495897,-1.8477962555191667,4.216962749735002,0.22099673119070973,2.19060968716425,12.36452797660028,4.121320343559642,3.015747534559558,3.015747534559558,2.414213562373095,1.6324555320336755,1.6324555320336755,0.8007669860932315,0.8007669860932315,0.31622776601683783,0.31622776601683783,0.07071067811865472,0.07071067811865472,-0.08,11.245112497836532,4.920000000000001,3.9200000000000004,3.92,31.057602761014792,10.213054789681411,0.0,0.0,0.0,0.0,0.0,0.0,0.0,0.0,0.0,6.4208216229260096,13.213763929025836,0.0,10.213054789681411,0.0,0.0,6.4208216229260096,13.213763929025836,0.0,0.0,0.0,0.0,0.0,23.426818718707246,0.0,0.0,6.4208216229260096,0.0,0.0,40.46,0.0,0.0,13.213763929025836,6.4208216229260096,0.0,0.0,0.0,0.0,0.0,10.213054789681411,0.0,0.0,15.8125,0.0,0.0,0.0,0.5,0.1875,0.0,1.0,5,2,2,0,0,0,0,0,0,2,2,2,2,0,0,0,0,-0.6389,18.7886,0,2,2,0,0,0,0,0,0,0,0,0,0,0,0,0,0,0,0,0,0,0,0,0,0,0
CCC(CO)O,23.8,8.416666666666668,-0.5092592592592595,8.416666666666668,0.11458333333333326,0.49054291541768236,90.12199999999999,80.04199999999999,90.06807956,38,0.07678623664008573,-0.39368882817264456,0.39368882817264456,0.07678623664008573,1.6666666666666667,2.1666666666666665,2.1666666666666665,16.315860527344622,10.299444880313601,1.916853408434713,-1.9703495417843586,1.829637178992926,-2.081430456296618,4.4331522213330254,0.09229848496722405,2.754184786037662,24.72905595320056,4.99156383156272,3.8859910225626364,3.8859910225626364,2.808060412490447,2.0980300178782727,2.0980300178782727,1.2446459825638418,1.2446459825638418,0.6819984233962213,0.6819984233962213,0.12909944487358055,0.12909944487358055,-0.08,19.800269059780252,5.92,3.1232520325203255,2.1751020408163266,37.4225448754114,10.213054789681411,0.0,0.0,0.0,0.0,0.0,0.0,0.0,0.0,6.923737199690624,6.4208216229260096,0.0,12.71084835226122,10.213054789681411,0.0,0.0,19.448525210364934,6.606881964512918,0.0,0.0,0.0,0.0,0.0,22.92390314194263,0.0,0.0,13.344558822616634,0.0,0.0,40.46,6.103966387748303,0.0,6.606881964512918,6.4208216229260096,0.0,0.0,0.0,6.923737199690624,0.0,10.213054789681411,0.0,0.0,16.501435185185187,0.0,0.0,0.0,0.12615740740740722,1.7057407407407408,0.0,1.0,6,2,2,0,0,0,0,0,0,2,2,2,2,0,0,0,0,-0.25039999999999996,23.383599999999994,0,2,2,0,0,0,0,0,0,0,0,0,0,0,0,0,0,0,0,0,0,0,0,0,0,0
CC(CCO)O,28.46,8.39236111111111,-0.3518518518518521,8.39236111111111,0.0810185185185186,0.49054291541768236,90.12199999999999,80.04199999999999,90.06807956,38,0.05334957508052504,-0.39627512172883306,0.39627512172883306,0.05334957508052504,1.6666666666666667,2.1666666666666665,2.1666666666666665,16.274870497594854,10.303595504441391,1.8789508988916954,-1.9458935007085116,1.8277268310349448,-2.004371894394267,4.400216757364208,0.14845122322560578,2.6272148478988635,26.72905595320056,4.99156383156272,3.8859910225626364,3.8859910225626364,2.770055610029662,2.060025215417488,2.060025215417488,1.3613032983908713,1.3613032983908713,0.546874024341974,0.546874024341974,0.18683447179254312,0.18683447179254312,-0.08,14.834466856136647,5.92,3.1232520325203255,3.9200000000000004,37.4225448754114,10.213054789681411,0.0,0.0,0.0,0.0,0.0,0.0,0.0,0.0,0.0,13.344558822616634,6.606881964512918,6.103966387748303,10.213054789681411,0.0,0.0,19.448525210364934,6.606881964512918,0.0,0.0,0.0,0.0,0.0,22.92390314194263,0.0,0.0,13.344558822616634,0.0,0.0,40.46,0.0,0.0,12.71084835226122,6.4208216229260096,0.0,0.0,6.923737199690624,0.0,0.0,10.213054789681411,0.0,0.0,16.469027777777775,0.0,0.0,0.0,0.13425925925925908,1.7300462962962964,0.0,1.0,6,2,2,0,0,0,0,0,0,2,2,2,2,0,0,0,0,-0.25039999999999996,23.383599999999994,0,2,2,0,0,0,0,0,0,0,0,0,0,0,0,0,0,0,0,0,0,0,0,0,0,0
C(CCO)CO,31.65,8.08625,0.19500000000000006,8.08625,0.19500000000000006,0.4690628122836084,90.122,80.042,90.06807956,38,0.04313700838996922,-0.3963750384086942,0.3963750384086942,0.04313700838996922,0.8333333333333334,1.1666666666666667,1.3333333333333333,16.25500965759963,10.341929394080399,1.768324594468359,-1.8529096031431325,1.8022274085506733,-1.8492942833348396,4.300373468246373,0.24205288545751424,2.3390923149762908,17.509775004326936,4.82842712474619,3.7228543157461056,3.7228543157461056,2.914213562373095,2.1324555320336755,2.1324555320336755,1.1543203766865051,1.1543203766865051,0.5662277660168378,0.5662277660168378,0.22360679774997888,0.22360679774997888,-0.08,20.986300857070454,5.92,4.920000000000001,3.9200000000000004,37.422544875411404,10.213054789681411,0.0,0.0,0.0,0.0,0.0,0.0,0.0,0.0,0.0,12.841643245852019,13.213763929025836,0.0,10.213054789681411,0.0,0.0,12.841643245852019,13.213763929025836,0.0,0.0,0.0,0.0,0.0,23.426818718707246,0.0,0.0,12.841643245852019,0.0,0.0,40.46,0.0,0.0,13.213763929025836,0.0,12.841643245852019,0.0,0.0,0.0,0.0,10.213054789681411,0.0,0.0,16.1725,0.0,0.0,0.0,1.4375,0.3900000000000001,0.0,1.0,6,2,2,0,0,0,0,0,0,2,2,2,3,0,0,0,0,-0.24880000000000002,23.405599999999996,0,2,2,0,0,0,0,0,0,0,0,0,0,0,0,0,0,0,0,0,0,0,0,0,0,1
CC(C(C)O)O,23.93,8.37962962962963,-0.5925925925925928,8.37962962962963,0.5925925925925928,0.46574414882903137,90.12199999999999,80.04199999999999,90.06807956,38,0.07678369378081898,-0.39073832390870694,0.39073832390870694,0.07678369378081898,1.0,1.1666666666666667,1.1666666666666667,16.325405195130323,10.264999700588952,1.99238327413744,-2.0320054333934094,1.851480228042131,-2.1682934119094006,4.504670032815811,0.0438286620456945,2.9934972434784735,26.52932501298081,5.1547005383792515,4.049127729379167,4.049127729379167,2.6427344100918364,2.0044316512069074,2.0044316512069074,1.481206843160961,1.481206843160961,0.698142396999972,0.698142396999972,0.0,0.0,-0.08,13.609640474436812,5.92,2.157216946676406,2.1751020408163266,37.4225448754114,10.213054789681411,0.0,0.0,0.0,0.0,0.0,0.0,0.0,0.0,0.0,13.847474399381248,0.0,12.207932775496605,10.213054789681411,0.0,0.0,26.055407174877853,0.0,0.0,0.0,0.0,0.0,0.0,22.420987565178017,0.0,0.0,13.847474399381248,0.0,0.0,40.46,12.207932775496605,0.0,0.0,0.0,0.0,0.0,13.847474399381248,0.0,0.0,10.213054789681411,0.0,0.0,16.75925925925926,0.0,0.0,0.0,-1.1851851851851856,3.0925925925925926,0.0,1.0,6,2,2,0,0,0,0,0,0,2,2,2,1,0,0,0,0,-0.252,23.361599999999996,0,2,2,0,0,0,0,0,0,0,0,0,0,0,0,0,0,0,0,0,0,0,0,0,0,0
CCCC(CO)O,20.69,8.607916666666666,-0.4953703703703707,8.607916666666666,0.10333333333333328,0.5343568186867893,104.14899999999999,92.05299999999998,104.083729624,44,0.07703859223672839,-0.39368863498661893,0.39368863498661893,0.07703859223672839,1.5714285714285714,2.142857142857143,2.2857142857142856,16.315917235248566,10.214646552970773,1.954509517836684,-2.005501173741324,1.9170016376023284,-2.096506805332155,4.475998041761735,0.08771649375592486,2.8318199660707837,37.06139398862029,5.698670612749268,4.593097803749185,4.593097803749185,3.308060412490447,2.5980300178782727,2.5980300178782727,1.6250728266947918,1.6250728266947918,0.832647827666678,0.832647827666678,0.42451068302303974,0.42451068302303974,-0.08,31.916635235956914,6.92,4.088918918918919,3.758059356203318,43.787486989808,10.213054789681411,0.0,0.0,0.0,0.0,0.0,0.0,0.0,0.0,13.344558822616634,6.4208216229260096,0.0,12.71084835226122,10.213054789681411,0.0,0.0,25.869346833290948,6.606881964512918,0.0,0.0,0.0,0.0,0.0,22.92390314194263,0.0,0.0,19.765380445542643,0.0,0.0,40.46,6.103966387748303,0.0,6.606881964512918,6.4208216229260096,6.4208216229260096,0.0,0.0,6.923737199690624,0.0,10.213054789681411,0.0,0.0,16.823796296296294,0.0,0.0,0.0,1.141759259259259,1.8677777777777778,0.0,1.0,7,2,2,0,0,0,0,0,0,2,2,2,3,0,0,0,0,0.13970000000000005,28.000599999999988,0,2,2,0,0,0,0,0,0,0,0,0,0,0,0,0,0,0,0,0,0,0,0,0,0,0
CC(CCCO)O,26.93,8.57236111111111,-0.25726851851851884,8.57236111111111,0.18541666666666679,0.5343568186867893,104.14899999999999,92.05299999999998,104.083729624,44,0.0512512821083535,-0.396374842711442,0.396374842711442,0.0512512821083535,1.5714285714285714,2.142857142857143,2.2857142857142856,16.26638565767921,10.219214717209226,1.904837746840514,-1.9753563975250241,1.9154078487680342,-1.9906581595383814,4.434208657166892,0.1667109125047854,2.6782577431647265,35.06139398862029,5.698670612749268,4.593097803749185,4.593097803749185,3.270055610029662,2.560025215417488,2.560025215417488,1.714856688984145,1.714856688984145,0.7800126077087437,0.7800126077087437,0.3866983310669868,0.3866983310669868,-0.08,29.01955000865388,6.92,4.088918918918919,5.920000000000001,43.787486989808,10.213054789681411,0.0,0.0,0.0,0.0,0.0,0.0,0.0,0.0,0.0,19.765380445542643,6.606881964512918,6.103966387748303,10.213054789681411,0.0,0.0,25.869346833290944,6.606881964512918,0.0,0.0,0.0,0.0,0.0,22.92390314194263,0.0,0.0,19.765380445542643,0.0,0.0,40.46,0.0,0.0,12.71084835226122,12.841643245852019,0.0,0.0,6.923737199690624,0.0,0.0,10.213054789681411,0.0,0.0,16.77638888888889,0.0,0.0,0.0,1.1536111111111107,1.9033333333333335,0.0,1.0,7,2,2,0,0,0,0,0,0,2,2,2,3,0,0,0,0,0.13970000000000005,28.000599999999988,0,2,2,0,0,0,0,0,0,0,0,0,0,0,0,0,0,0,0,0,0,0,0,0,0,0
C(CCO)CCO,29.15,8.21125,0.25,8.21125,0.25,0.4979883001019883,104.149,92.053,104.083729624,44,0.043053863150362574,-0.3963765571479563,0.3963765571479563,0.043053863150362574,0.7142857142857143,1.1428571428571428,1.4285714285714286,16.252450810735606,10.248447735721681,1.812111090953593,-1.896187565775148,1.8983467263436866,-1.8502512329671035,4.351664486747835,0.2565541131783405,2.447472887876344,25.26112492884004,5.535533905932738,4.4299610969326535,4.4299610969326535,3.414213562373095,2.6324555320336755,2.6324555320336755,1.5078737672797788,1.5078737672797788,0.8162277660168377,0.8162277660168377,0.4003834930466157,0.4003834930466157,-0.08,35.509609925153406,6.92,5.92,5.920000000000001,43.78748698980801,10.213054789681411,0.0,0.0,0.0,0.0,0.0,0.0,0.0,0.0,0.0,19.26246486877803,13.213763929025836,0.0,10.213054789681411,0.0,0.0,19.26246486877803,13.213763929025836,0.0,0.0,0.0,0.0,0.0,23.426818718707246,0.0,0.0,19.26246486877803,0.0,0.0,40.46,0.0,0.0,13.213763929025836,0.0,19.26246486877803,0.0,0.0,0.0,0.0,10.213054789681411,0.0,0.0,16.4225,0.0,0.0,0.0,2.5775,0.5,0.0,1.0,7,2,2,0,0,0,0,0,0,2,2,2,4,0,0,0,0,0.1413000000000001,28.02259999999999,0,2,2,0,0,0,0,0,0,0,0,0,0,0,0,0,0,0,0,0,0,0,0,0,0,2
CCC(C(C)O)O,20.38,8.685185185185185,-0.5787037037037039,8.685185185185185,0.541666666666667,0.5227723514658118,104.14899999999999,92.05299999999998,104.083729624,44,0.07933033207891083,-0.3907270731744585,0.3907270731744585,0.07933033207891083,1.4285714285714286,1.8571428571428572,1.8571428571428572,16.326088983044794,10.174795271626433,2.0475704649802164,-2.0803189280220273,1.9394367415886986,-2.2013434618406933,4.564446414750458,0.029384166551924804,3.1442082073698243,43.34481288877288,5.8618073195657985,4.756234510565715,4.756234510565715,3.180739212552621,2.5424364536676918,2.5424364536676918,1.7161993567749008,1.7161993567749008,0.9751258271316858,0.9751258271316858,0.34111151573446186,0.34111151573446186,-0.08,27.977093296928835,6.92,2.9925383407397503,2.595675675675676,43.787486989807995,10.213054789681411,0.0,0.0,0.0,0.0,0.0,0.0,0.0,0.0,6.923737199690624,13.344558822616634,0.0,12.207932775496605,10.213054789681411,0.0,0.0,32.476228797803856,0.0,0.0,0.0,0.0,0.0,0.0,22.420987565178017,0.0,0.0,20.268296022307258,0.0,0.0,40.46,12.207932775496605,0.0,0.0,6.4208216229260096,0.0,0.0,6.923737199690624,6.923737199690624,0.0,10.213054789681411,0.0,0.0,17.256064814814813,0.0,0.0,0.0,-0.4976851851851857,3.408287037037037,0.0,1.0,7,2,2,0,0,0,0,0,0,2,2,2,2,0,0,0,0,0.1381,27.97859999999999,0,2,2,0,0,0,0,0,0,0,0,0,0,0,0,0,0,0,0,0,0,0,0,0,0,0
CC(CC(C)O)O,24.44,8.562777777777779,-0.3750000000000002,8.562777777777779,0.3750000000000002,0.5227723514658118,104.14899999999999,92.05299999999998,104.083729624,44,0.053615023403694104,-0.3933174754384742,0.3933174754384742,0.053615023403694104,1.1428571428571428,1.4285714285714286,1.4285714285714286,16.28149509036915,10.191684183732265,1.9829284444264244,-2.0360133318607474,1.9309974343278544,-2.095760493223316,4.505607888508135,0.10167394822233465,2.953223174561293,35.34481288877287,5.8618073195657985,4.756234510565715,4.756234510565715,3.1258976576862287,2.4875948988012997,2.4875948988012997,1.933744992487675,1.933744992487675,0.6822230314689237,0.6822230314689237,0.493661223152511,0.493661223152511,-0.08,19.093583929800843,6.92,2.9925383407397503,5.920000000000001,43.787486989807995,10.213054789681411,0.0,0.0,0.0,0.0,0.0,0.0,0.0,0.0,0.0,20.268296022307258,0.0,12.207932775496605,10.213054789681411,0.0,0.0,32.476228797803856,0.0,0.0,0.0,0.0,0.0,0.0,22.420987565178017,0.0,0.0,20.268296022307258,0.0,0.0,40.46,0.0,0.0,12.207932775496605,6.4208216229260096,0.0,0.0,13.847474399381248,0.0,0.0,10.213054789681411,0.0,0.0,17.125555555555557,0.0,0.0,0.0,-0.2777777777777781,3.318888888888889,0.0,1.0,7,2,2,0,0,0,0,0,0,2,2,2,2,0,0,0,0,0.1381,27.97859999999999,0,2,2,0,0,0,0,0,0,0,0,0,0,0,0,0,0,0,0,0,0,0,0,0,0,0
CC(C)(CCO)O,24.56,8.85763888888889,-0.6996527777777777,8.85763888888889,0.05902777777777768,0.5228327941927947,104.14899999999999,92.05299999999998,104.083729624,44,0.06131225283441214,-0.39626369782030507,0.39626369782030507,0.06131225283441214,1.4285714285714286,1.8571428571428572,1.8571428571428572,16.288254361992113,10.078029084369296,2.0880872379479682,-2.1301090296376404,2.0358810563710454,-2.1905968115426324,4.617144210513165,0.05151372359814785,3.154490065368808,44.532068975639476,5.914213562373095,4.808640753373012,4.808640753373012,3.0606601717798214,2.3933879543600907,2.3933879543600907,2.286041057444903,2.286041057444903,0.7236067977499788,0.7236067977499788,0.27360679774997887,0.27360679774997887,-0.08,18.14170945007629,6.92,2.28455463728191,5.920000000000001,43.787486989808,10.213054789681411,0.0,0.0,0.0,0.0,0.0,0.0,0.0,0.0,0.0,20.268296022307258,6.606881964512918,5.601050810983688,10.213054789681411,0.0,0.0,25.869346833290944,6.606881964512918,0.0,0.0,0.0,0.0,0.0,22.420987565178017,0.0,0.0,20.268296022307258,0.0,0.0,40.46,5.601050810983688,0.0,6.606881964512918,6.4208216229260096,0.0,0.0,13.847474399381248,0.0,0.0,10.213054789681411,0.0,0.0,17.09951388888889,-0.6996527777777777,0.0,0.0,0.45138888888888884,3.3987499999999997,0.0,1.0,7,2,2,0,0,0,0,0,0,2,2,2,2,0,0,0,0,0.13970000000000005,28.000599999999988,0,2,1,0,0,0,0,0,0,0,0,0,0,0,0,0,0,0,0,0,0,0,0,0,0,0
CC(CC(C)(C)O)O,21.52,9.028055555555556,-0.7280092592592593,9.028055555555556,0.40740740740740766,0.5548951576761242,118.17599999999997,104.06399999999998,118.099379688,50,0.06157732087321983,-0.3933060128156288,0.3933060128156288,0.06157732087321983,1.5,1.875,1.875,16.29230025266355,10.02464758797823,2.1394513329798643,-2.1746103770929586,2.0864135812171076,-2.2360181493722777,4.668077864943923,0.024858572475635003,3.388924101358251,61.419011889093376,6.784457050376173,5.67888424137609,5.67888424137609,3.416502219436388,2.8209576377439025,2.8209576377439025,2.8655797709729356,2.8655797709729356,0.7949466215308498,0.7949466215308498,0.7229343982628323,0.7229343982628323,-0.08,23.005390496014627,7.919999999999998,2.464484911550468,5.92,50.15242910420461,10.213054789681411,0.0,0.0,0.0,0.0,0.0,0.0,0.0,0.0,0.0,20.771211599071872,6.4208216229260096,11.70501719873199,10.213054789681411,0.0,0.0,38.89705042072987,0.0,0.0,0.0,0.0,0.0,0.0,21.918071988413402,0.0,0.0,27.19203322199788,0.0,0.0,40.46,11.70501719873199,0.0,0.0,6.4208216229260096,0.0,0.0,20.771211599071872,0.0,0.0,10.213054789681411,0.0,0.0,17.75604166666667,-0.7280092592592593,0.0,0.0,0.030092592592592338,5.0252083333333335,0.0,1.0,8,2,2,0,0,0,0,0,0,2,2,2,2,0,0,0,0,0.5282,32.59559999999998,0,2,1,0,0,0,0,0,0,0,0,0,0,0,0,0,0,0,0,0,0,0,0,0,0,0
CCCC(C(CC)CO)O,17.44,9.348935185185185,-0.3055555555555558,9.348935185185185,0.08328703703703666,0.6108521743033035,146.23000000000002,128.08599999999998,146.130679816,62,0.058963735419807,-0.3959861267142406,0.3959861267142406,0.058963735419807,1.3,1.9,2.2,16.27771056974405,9.971117637966442,2.13810756982419,-2.174080507248589,2.114794342800658,-2.2211310141182667,4.6474804364029065,0.05839161834985368,3.529930309226677,69.65784284662087,7.983127663125442,6.877554854125359,6.877554854125359,4.756748817474191,4.046718422862017,4.046718422862017,2.706924911010133,2.706924911010133,1.8874791853491408,1.8874791853491408,1.0543197901440524,1.0543197901440524,-0.08,145.16653667335345,9.92,5.685803850156088,3.180475787948315,62.88231333299782,10.213054789681411,0.0,0.0,0.0,0.0,0.0,0.0,0.0,0.0,20.268296022307258,12.841643245852019,12.52478801067431,6.103966387748303,10.213054789681411,0.0,5.917906046161393,39.21390565590758,6.606881964512918,0.0,0.0,0.0,0.0,0.0,22.92390314194263,0.0,5.917906046161393,33.10993926815928,0.0,0.0,40.46,0.0,5.106527394840706,18.628754398422615,0.0,19.26246486877803,0.0,0.0,13.847474399381248,0.0,5.106527394840706,0.0,0.0,18.112003023431598,0.0,0.08328703703703666,0.0,2.3416666666666663,4.129709939531368,0.0,1.0,10,2,2,0,0,0,0,0,0,2,2,2,5,0,0,0,0,1.1659,41.781600000000005,0,2,2,0,0,0,0,0,0,0,0,0,0,0,0,0,0,0,0,0,0,0,0,0,0,0
CC(CCC(C)O)O,23.6,8.690138888888889,-0.27351851851851894,8.690138888888889,0.2735185185185187,0.5671258850897161,118.17599999999997,104.06399999999998,118.099379688,50,0.0512619369691599,-0.39341753562647275,0.39341753562647275,0.0512619369691599,1.0,1.25,1.375,16.270285806086672,10.147618267218213,1.9770502122762077,-2.039340614391201,1.9827766466211125,-2.0563317367536516,4.506572926345596,0.13312062646971184,2.9278193611827588,42.49022499567306,6.568914100752346,5.463341291752263,5.463341291752263,3.625897657686229,2.9875948988012997,2.9875948988012997,2.2753930012817842,2.2753930012817842,1.0022158256034535,1.0022158256034535,0.4824045318333193,0.4824045318333193,-0.08,40.339203954130696,7.919999999999998,3.8663320069380673,5.92,50.15242910420461,10.213054789681411,0.0,0.0,0.0,0.0,0.0,0.0,0.0,0.0,0.0,26.689117645233267,0.0,12.207932775496605,10.213054789681411,0.0,0.0,38.89705042072987,0.0,0.0,0.0,0.0,0.0,0.0,22.420987565178017,0.0,0.0,26.689117645233267,0.0,0.0,40.46,0.0,0.0,12.207932775496605,12.841643245852019,0.0,0.0,13.847474399381248,0.0,0.0,10.213054789681411,0.0,0.0,17.380277777777778,0.0,0.0,0.0,0.8372222222222216,3.4491666666666667,0.0,1.0,8,2,2,0,0,0,0,0,0,2,2,2,3,0,0,0,0,0.5282,32.59559999999998,0,2,2,0,0,0,0,0,0,0,0,0,0,0,0,0,0,0,0,0,0,0,0,0,0,0
C(CCCO)CCCO,23.41,8.373399234693878,0.3046875,8.373399234693878,0.3046875,0.5275198540778463,132.203,116.07499999999997,132.115029752,56,0.04305240727343793,-0.3963765693421972,0.3963765693421972,0.04305240727343793,0.5555555555555556,0.8888888888888888,1.2222222222222223,16.251649376481677,10.150243180449003,1.8631104950884387,-1.9503702957936488,2.0030823870759225,-1.851453288015763,4.4101990463035845,0.27155960706739646,2.595082706793886,40.180809467384044,6.949747468305834,5.844174659305748,5.844174659305748,4.414213562373095,3.6324555320336755,3.6324555320336755,2.2149805484663263,2.2149805484663263,1.3162277660168376,1.3162277660168376,0.7539368836398892,0.7539368836398892,-0.08,103.68791599331826,8.92,7.919999999999998,7.920000000000001,56.51737121860122,10.213054789681411,0.0,0.0,0.0,0.0,0.0,0.0,0.0,0.0,19.26246486877803,12.841643245852019,13.213763929025836,0.0,10.213054789681411,0.0,0.0,32.10410811463005,13.213763929025836,0.0,0.0,0.0,0.0,0.0,23.426818718707246,0.0,0.0,32.10410811463005,0.0,0.0,40.46,0.0,0.0,0.0,13.213763929025836,32.10410811463005,0.0,0.0,0.0,0.0,10.213054789681411,0.0,0.0,16.746798469387755,0.0,0.0,0.0,5.143826530612245,0.609375,0.0,1.0,9,2,2,0,0,0,0,0,0,2,2,2,6,0,0,0,0,0.9215,37.25659999999999,0,2,2,0,0,0,0,0,0,0,0,0,0,0,0,0,0,0,0,0,0,0,0,0,0,4
CO,32.93,7.0,1.0,7.0,1.0,0.38528440447384316,32.042,28.009999999999998,32.026214748,14,0.031940683717728124,-0.3996302435573072,0.3996302435573072,0.031940683717728124,1.5,1.5,1.5,16.235703028195374,11.774296971804631,0.8391720167738221,-1.2068615766134012,0.7545197820005356,-1.2473197820005355,3.1778074852252667,0.39899251477473313,1.0,2.0,2.0,1.4472135954999579,1.4472135954999579,1.0,0.4472135954999579,0.4472135954999579,0.0,0.0,0.0,0.0,0.0,0.0,-0.04,2.0,1.96,0.9600000000000016,-27.040000000000028,13.533484780025564,5.106527394840706,0.0,0.0,0.0,0.0,0.0,0.0,0.0,0.0,0.0,0.0,7.109797541277533,0.0,5.106527394840706,0.0,0.0,0.0,7.109797541277533,0.0,0.0,0.0,0.0,0.0,12.216324936118239,0.0,0.0,0.0,0.0,0.0,20.23,0.0,0.0,0.0,0.0,7.109797541277533,0.0,0.0,0.0,0.0,5.106527394840706,0.0,0.0,7.0,0.0,0.0,0.0,0.0,0.0,1.0,1.0,2,1,1,0,0,0,0,0,0,1,1,1,0,0,0,0,0,-0.3915,8.1428,0,1,1,0,0,0,0,0,0,0,0,0,0,0,0,0,0,0,0,0,0,0,0,0,0,0
CCO,25.18,7.569444444444445,0.25,7.569444444444445,0.25,0.40680796565539457,46.069,40.021,46.041864812,20,0.04022058174908642,-0.3966637147812598,0.3966637147812598,0.04022058174908642,2.0,2.0,2.0,16.248991329327914,10.908168035086371,1.3402935186707783,-1.52235869276019,1.2962426382141046,-1.5683635470355741,3.835802335589486,0.3184056131739115,1.6329931618554523,2.7548875021634682,2.7071067811865475,2.1543203766865053,2.1543203766865053,1.4142135623730951,1.0233345472033855,1.0233345472033855,0.3162277660168379,0.3162277660168379,0.0,0.0,0.0,0.0,-0.04,2.7548875021634682,2.9600000000000004,1.96,1.9600000000000033,19.89842689442217,5.106527394840706,0.0,0.0,0.0,0.0,0.0,0.0,0.0,0.0,0.0,6.923737199690624,6.606881964512918,0.0,5.106527394840706,0.0,0.0,6.923737199690624,6.606881964512918,0.0,0.0,0.0,0.0,0.0,11.713409359353623,0.0,0.0,6.923737199690624,0.0,0.0,20.23,0.0,0.0,6.606881964512918,0.0,0.0,0.0,6.923737199690624,0.0,0.0,5.106527394840706,0.0,0.0,7.569444444444445,0.0,0.0,0.0,0.0,1.9305555555555556,0.0,1.0,3,1,1,0,0,0,0,0,0,1,1,1,0,0,0,0,0,-0.0014000000000000123,12.759800000000002,0,1,1,0,0,0,0,0,0,0,0,0,0,0,0,0,0,0,0,0,0,0,0,0,0,0
CCCO,20.46,7.875,0.3194444444444444,7.875,0.3194444444444444,0.46378398302396845,60.096,52.032000000000004,60.057514876,26,0.04278927992053378,-0.39638735063233616,0.39638735063233616,0.04278927992053378,1.75,2.0,2.0,16.24985029953303,10.547573166539827,1.5677116084812683,-1.6891847809432488,1.6080928326075683,-1.6908528015472257,4.09636113465441,0.29476856785792466,1.9747448713915894,5.245112497836532,3.414213562373095,2.861427157873053,2.861427157873053,1.914213562373095,1.5233345472033855,1.5233345472033855,0.7236067977499788,0.7236067977499788,0.2236067977499789,0.2236067977499789,0.0,0.0,-0.04,6.854752972273345,3.9600000000000004,2.9600000000000004,1.96,26.26336900881878,5.106527394840706,0.0,0.0,0.0,0.0,0.0,0.0,0.0,0.0,6.923737199690624,6.4208216229260096,6.606881964512918,0.0,5.106527394840706,0.0,0.0,13.344558822616634,6.606881964512918,0.0,0.0,0.0,0.0,0.0,11.713409359353623,0.0,0.0,13.344558822616634,0.0,0.0,20.23,0.0,0.0,0.0,6.606881964512918,6.4208216229260096,0.0,0.0,6.923737199690624,0.0,5.106527394840706,0.0,0.0,7.875,0.0,0.0,0.0,0.875,2.25,0.0,1.0,4,1,1,0,0,0,0,0,0,1,1,1,1,0,0,0,0,0.3887,17.376800000000003,0,1,1,0,0,0,0,0,0,0,0,0,0,0,0,0,0,0,0,0,0,0,0,0,0,0
CC(C)O,20.11,8.055555555555555,-0.16666666666666674,8.055555555555555,0.16666666666666674,0.42840479403162834,60.096000000000004,52.032000000000004,60.057514876,26,0.04834761180869219,-0.3937069016405105,0.3937069016405105,0.04834761180869219,1.5,1.5,1.5,16.26364309024246,10.503601865317728,1.6882269952162394,-1.7983014802258805,1.64578110289585,-1.848436775374454,4.204004313602449,0.21562482738807573,2.3237900077244498,8.0,3.5773502691896257,3.0245638646895836,3.0245638646895836,1.7320508075688772,1.412899428126413,1.412899428126413,1.0937480486839481,1.0937480486839481,0.0,0.0,0.0,0.0,-0.04,3.2451124978365313,3.9600000000000004,1.297837837837838,1128.9599999999998,26.263369008818774,5.106527394840706,0.0,0.0,0.0,0.0,0.0,0.0,0.0,0.0,0.0,13.847474399381248,6.103966387748303,0.0,5.106527394840706,0.0,0.0,19.95144078712955,0.0,0.0,0.0,0.0,0.0,0.0,11.210493782589008,0.0,0.0,13.847474399381248,0.0,0.0,20.23,0.0,0.0,6.103966387748303,0.0,0.0,0.0,13.847474399381248,0.0,0.0,5.106527394840706,0.0,0.0,8.055555555555555,0.0,0.0,0.0,-0.16666666666666674,3.4444444444444446,0.0,1.0,4,1,1,0,0,0,0,0,0,1,1,1,0,0,0,0,0,0.38710000000000006,17.354800000000004,0,1,1,0,0,0,0,0,0,0,0,0,0,0,0,0,0,0,0,0,0,0,0,0,0,0
CCCCO,17.29,8.06625,0.34375,8.06625,0.34375,0.5128217987135145,74.12299999999999,64.04299999999999,74.07316494,32,0.043042283485206966,-0.39637675206921097,0.39637675206921097,0.043042283485206966,1.6,2.2,2.2,16.249913992725098,10.366423430594468,1.687587037465619,-1.7897007308893,1.7840580049254637,-1.7487729920784478,4.227732581407003,0.28678383848176386,2.19060968716425,11.119415478763749,4.121320343559642,3.5685339390596003,3.5685339390596003,2.414213562373095,2.0233345472033855,2.0233345472033855,1.0771601883432524,1.0771601883432524,0.5116672736016926,0.5116672736016926,0.15811388300841892,0.15811388300841892,-0.04,11.245112497836532,4.960000000000001,3.9600000000000004,3.9600000000000004,32.62831112321538,5.106527394840706,0.0,0.0,0.0,0.0,0.0,0.0,0.0,0.0,13.344558822616634,6.4208216229260096,6.606881964512918,0.0,5.106527394840706,0.0,0.0,19.765380445542643,6.606881964512918,0.0,0.0,0.0,0.0,0.0,11.713409359353623,0.0,0.0,19.765380445542643,0.0,0.0,20.23,0.0,0.0,0.0,6.606881964512918,12.841643245852019,0.0,0.0,0.0,6.923737199690624,5.106527394840706,0.0,0.0,8.06625,0.0,0.0,0.0,2.0381944444444446,2.3955555555555557,0.0,1.0,5,1,1,0,0,0,0,0,0,1,1,1,2,0,0,0,0,0.7787999999999999,21.993799999999997,0,1,1,0,0,0,0,0,0,0,0,0,0,0,0,0,0,0,0,0,0,0,0,0,0,0
CCC(C)O,17.05,8.36111111111111,-0.11574074074074092,8.36111111111111,0.11574074074074092,0.4869274292842043,74.12299999999999,64.04299999999999,74.07316494,32,0.05090390435353903,-0.39343008722162376,0.39343008722162376,0.05090390435353903,1.8,2.0,2.0,16.26458483482449,10.326388173243137,1.8121320881201473,-1.9009157450724303,1.811751014763369,-1.926645189206828,4.338386966555718,0.19054420525614957,2.5395388613593908,17.609640474436812,4.284457050376173,3.731670645876131,3.731670645876131,2.270055610029662,1.9509042305871975,1.9509042305871975,1.2572696565099426,1.2572696565099426,0.5908224762989184,0.5908224762989184,0.0,0.0,-0.04,9.65148445440323,4.960000000000001,2.212525252525253,3.9600000000000004,32.62831112321538,5.106527394840706,0.0,0.0,0.0,0.0,0.0,0.0,0.0,0.0,6.923737199690624,13.344558822616634,0.0,6.103966387748303,5.106527394840706,0.0,0.0,26.37226241005556,0.0,0.0,0.0,0.0,0.0,0.0,11.210493782589008,0.0,0.0,20.268296022307258,0.0,0.0,20.23,0.0,0.0,6.103966387748303,0.0,6.4208216229260096,0.0,6.923737199690624,6.923737199690624,0.0,5.106527394840706,0.0,0.0,8.36111111111111,0.0,0.0,0.0,0.7453703703703702,3.726851851851852,0.0,1.0,5,1,1,0,0,0,0,0,0,1,1,1,1,0,0,0,0,0.7771999999999999,21.971799999999995,0,1,1,0,0,0,0,0,0,0,0,0,0,0,0,0,0,0,0,0,0,0,0,0,0,0
CC(=O)OC(C)=O,22.45,9.811111111111112,-0.5624999999999998,9.811111111111112,0.5624999999999998,0.32146962429561426,102.089,96.041,102.031694052,40,0.3097681903271179,-0.3935616726354605,0.3935616726354605,0.3097681903271179,1.1428571428571428,1.4285714285714286,1.4285714285714286,16.576398356896366,10.745702452279913,1.9314006682476774,-1.8724800202007803,1.7331007082090732,-2.0257745752792733,5.819357405685582,-0.15580579031892713,3.318019590380522,83.10802962390817,5.8618073195657985,4.224744871391589,4.224744871391589,3.125897657686229,1.8164965809277263,1.8164965809277263,1.0852253202103586,1.0852253202103586,0.2874574785652649,0.2874574785652649,0.20240575138529343,0.20240575138529343,-0.8600000000000001,19.093583929800843,6.14,2.3368296745854065,5.14,41.27066680061378,4.736862953800049,0.0,0.0,0.0,11.938610575903699,9.589074368143644,0.0,0.0,0.0,0.0,0.0,13.847474399381248,0.0,14.325937321943691,11.938610575903699,0.0,13.847474399381248,0.0,0.0,0.0,0.0,0.0,0.0,11.938610575903699,14.325937321943691,0.0,13.847474399381248,0.0,0.0,43.370000000000005,11.938610575903699,9.589074368143644,0.0,0.0,0.0,13.847474399381248,0.0,0.0,4.736862953800049,0.0,3.9722222222222223,19.62222222222222,0.0,0.0,-1.1249999999999996,0.0,0.0,2.363888888888889,0.0,0.5,7,0,3,0,0,0,0,0,0,3,0,3,0,0,0,0,0,0.09600000000000009,22.44699999999999,0,0,0,0,0,0,2,2,0,0,0,0,0,0,2,1,0,0,0,0,0,0,0,0,0,0
CC(C)=O,21.01,9.444444444444445,0.16666666666666674,9.444444444444445,0.16666666666666674,0.3982369618339747,58.080000000000005,52.032000000000004,58.041864812,24,0.12626794356014373,-0.30034390268719197,0.30034390268719197,0.12626794356014373,1.5,1.5,1.5,16.136528004376025,10.550822254593735,1.6191254887288427,-1.5578363654489205,1.5007222223890129,-1.6913205217908904,5.7170692462328105,-0.11449259533352324,2.8030394876740514,26.264662506490403,3.5773502691896257,2.908248290463863,2.908248290463863,1.7320508075688772,1.2041241452319316,1.2041241452319316,0.9082482904638631,0.9082482904638631,0.0,0.0,0.0,0.0,-0.33,3.2451124978365313,3.67,1.0445318352059925,6.883957759412302,25.63065735666653,4.794537184071822,5.783244946364939,0.0,0.0,0.0,0.0,0.0,0.0,0.0,0.0,13.847474399381248,0.0,0.0,4.794537184071822,5.783244946364939,0.0,13.847474399381248,0.0,0.0,0.0,0.0,0.0,0.0,5.783244946364939,4.794537184071822,0.0,13.847474399381248,0.0,0.0,17.07,0.0,4.794537184071822,5.783244946364939,0.0,0.0,13.847474399381248,0.0,0.0,0.0,0.0,0.0,9.444444444444445,0.0,0.0,0.16666666666666674,0.0,0.0,3.0555555555555554,0.0,0.6666666666666666,4,0,1,0,0,0,0,0,0,1,0,1,0,0,0,0,0,0.5952999999999999,16.355,0,0,0,0,0,0,1,1,0,0,0,0,0,0,0,0,0,1,1,0,0,0,0,0,0,0
CC(=O)c1ccccc1,17.44,10.64537037037037,0.12092592592592633,10.64537037037037,0.12092592592592633,0.5170467542625542,120.15099999999995,112.08699999999997,120.057514876,46,0.15929849657429365,-0.2945122071568907,0.2945122071568907,0.15929849657429365,1.2222222222222223,1.7777777777777777,2.111111111111111,16.137391260156598,10.154360743614632,1.9227125119501591,-1.8898985040785958,1.969861928411889,-1.881047751982691,5.933640770576842,0.10129919055383087,2.981454614041131,201.06743705866424,6.69023444431199,5.294999636411993,5.294999636411993,4.304530452640311,2.864807747754891,2.864807747754891,1.9222116216323364,1.9222116216323364,1.1803153331412106,1.1803153331412106,0.672860900963318,0.672860900963318,-1.11,129.22533870330605,6.016742712294044,2.4437525520871133,1.3892524797182944,54.32280944833394,0.0,0.0,5.783244946364939,0.0,0.0,4.794537184071822,0.0,0.0,0.0,30.33183534230805,6.923737199690624,5.563451491696996,0.0,4.794537184071822,5.783244946364939,0.0,6.923737199690624,0.0,35.89528683400505,0.0,0.0,0.0,0.0,5.783244946364939,0.0,0.0,17.28172587545944,30.33183534230805,0.0,17.07,0.0,4.794537184071822,5.783244946364939,0.0,5.563451491696996,0.0,6.923737199690624,30.33183534230805,0.0,0.0,0.0,10.64537037037037,0.0,0.7754629629629632,0.12092592592592633,9.226759259259257,0.0,1.5648148148148149,0.0,0.125,9,0,1,0,0,0,1,0,1,1,0,1,1,0,0,0,1,1.8892,36.44650000000001,0,0,0,0,0,0,1,1,0,0,0,1,0,0,0,0,0,1,1,0,0,0,0,0,0,0
C=CCO,19.7,7.756944444444445,0.08333333333333348,7.756944444444445,0.08333333333333348,0.425825650815454,58.08,52.032000000000004,58.041864812,24,0.06093122118130107,-0.3923178086285883,0.3923178086285883,0.06093122118130107,2.0,2.25,2.25,16.24941515818958,10.718631676315583,1.4468719758921826,-1.5995765209844832,1.4586604123434628,-1.6216562365762965,4.603456919204676,0.34288544690840933,2.2968352619191394,17.24511249783653,3.414213562373095,2.4387774270626785,2.4387774270626785,1.914213562373095,1.1327243469445638,1.1327243469445638,0.4712493204298682,0.4712493204298682,0.12909944487358055,0.12909944487358055,0.0,0.0,-0.3,6.854752972273345,3.7,2.700000000000001,1.7000000000000013,25.573765976634522,5.106527394840706,0.0,0.0,0.0,0.0,0.0,0.0,0.0,6.578935683598497,6.076020106833881,0.0,0.0,6.606881964512918,5.106527394840706,0.0,0.0,0.0,6.606881964512918,12.654955790432378,0.0,0.0,0.0,0.0,11.713409359353623,0.0,0.0,0.0,12.654955790432378,0.0,20.23,0.0,0.0,6.606881964512918,0.0,0.0,6.076020106833881,0.0,0.0,6.578935683598497,5.106527394840706,0.0,0.0,7.756944444444445,0.0,0.0,0.0,1.4305555555555556,3.3125,0.0,0.3333333333333333,4,1,1,0,0,0,0,0,0,1,1,1,1,0,0,0,0,0.1647,17.2828,0,1,1,0,0,0,0,0,0,0,0,0,0,0,0,0,0,0,0,0,0,0,0,0,0,0
C=CCc1ccccc1,2.63,3.655963718820862,0.9730555555555556,3.655963718820862,0.9730555555555556,0.5229975730548514,118.17899999999995,108.09899999999998,118.07825032,46,-0.010013321697633543,-0.10274876838001491,0.10274876838001491,0.010013321697633543,1.2222222222222223,1.8888888888888888,2.4444444444444446,13.874564197507016,10.153255825634727,1.8156595914068916,-1.9061951296234276,1.9785799429266067,-1.7531843420947364,5.161299423772588,1.2783732037105746,2.719528532842932,174.4896154807834,6.52709773749546,5.37831517751085,5.37831517751085,4.431851652578137,3.0807335740439594,3.0807335740439594,1.9783978394802335,1.9783978394802335,1.2228644897704113,1.2228644897704113,0.7807600013303118,0.7807600013303118,-1.04,145.16653667335345,6.085628140703518,3.079539221938775,1.7260521604490249,55.83662643050253,0.0,0.0,0.0,0.0,0.0,0.0,0.0,0.0,6.578935683598497,36.407855449141934,11.984273114623004,0.0,0.0,0.0,0.0,0.0,6.4208216229260096,0.0,48.55024262443742,0.0,0.0,0.0,0.0,0.0,6.4208216229260096,0.0,5.563451491696996,42.98679113274043,0.0,0.0,0.0,0.0,0.0,0.0,6.4208216229260096,5.563451491696996,0.0,24.27512131221871,18.711669820521717,0.0,0.0,0.0,0.0,1.326388888888889,0.0,10.299221466364322,2.8850925925925925,3.655963718820862,0.0,0.1111111111111111,9,0,0,0,0,0,1,0,1,0,0,0,2,0,0,0,1,2.4151000000000007,40.34300000000002,0,0,0,0,0,0,0,0,0,1,0,1,0,0,0,0,0,0,0,0,0,0,0,0,0,0
C=CCc1ccc(O)c(OC)c1,9.55,9.252350245653817,0.17158541194255506,9.252350245653817,0.17158541194255506,0.6932796632293876,164.20399999999995,152.10799999999998,164.083729624,64,0.16026030577317685,-0.5042546024667084,0.5042546024667084,0.16026030577317685,1.5833333333333333,2.3333333333333335,2.9166666666666665,16.473994547864088,10.128913972337218,1.9985271362385968,-2.038016956135422,2.257574710091857,-1.8607527413378189,5.416095017071877,0.37281480333412753,2.959559547224779,279.16711032401867,8.974691494688164,7.07907652509542,7.07907652509542,5.774386907679233,3.744063076679359,3.744063076679359,2.4990004639770524,2.4990004639770524,1.6241733935106493,1.6241733935106493,1.0156731681243485,1.0156731681243485,-1.44,552.9468754776709,8.654696969696971,3.809658461029751,1.7840075614366737,72.10934752660204,9.843390348640755,0.0,11.49902366656781,0.0,0.0,0.0,0.0,0.0,6.578935683598497,12.142387175295491,24.117007251546223,0.0,7.109797541277533,9.843390348640755,0.0,0.0,6.4208216229260096,7.109797541277533,36.417508487514205,11.49902366656781,4.736862953800049,0.0,11.49902366656781,12.216324936118239,6.4208216229260096,0.0,5.563451491696996,30.854056995817206,0.0,29.46,0.0,5.106527394840706,5.749511833283905,5.749511833283905,11.984273114623004,7.109797541277533,12.13273413692322,12.142387175295491,6.578935683598497,4.736862953800049,4.947657785336357,0.0,9.252350245653817,1.0830092592592595,0.6802428193499628,5.272037037037037,2.599663643235072,3.630571617535903,1.5344675925925926,0.2,12,1,2,0,0,0,1,0,1,2,1,2,3,0,0,0,1,2.1292999999999997,48.55980000000003,0,0,0,1,0,0,0,0,0,1,0,1,0,0,0,1,0,0,0,0,1,0,1,1,0,0
COc1ccccc1,4.3,4.914166666666667,0.9097222222222223,4.914166666666667,0.9097222222222223,0.5316253154127668,108.13999999999997,100.07599999999998,108.057514876,42,0.11835771513702235,-0.4967685686134767,0.4967685686134767,0.11835771513702235,1.125,1.75,2.125,16.465240463867097,10.341905912721627,1.7971474404811068,-1.9345412245137041,2.0496311270648704,-1.779639062125714,5.198905536384115,0.4145702171982055,2.8320858350070908,145.73281445033504,5.819990956308912,4.794999636411992,4.794999636411992,3.931851652578137,2.5230560382187543,2.5230560382187543,1.5171766748170736,1.5171766748170736,0.9789074255654433,0.9789074255654433,0.5565779913075294,0.5565779913075294,-0.9800000000000001,91.36757727918736,5.162450142450142,2.3586048594225155,0.9971092570832982,48.90989046340045,4.736862953800049,5.749511833283905,0.0,0.0,0.0,0.0,0.0,0.0,0.0,18.19910120538483,12.13273413692322,0.0,7.109797541277533,4.736862953800049,0.0,0.0,0.0,7.109797541277533,30.33183534230805,5.749511833283905,4.736862953800049,0.0,5.749511833283905,7.109797541277533,0.0,0.0,0.0,30.33183534230805,0.0,9.23,0.0,0.0,0.0,0.0,5.749511833283905,0.0,7.109797541277533,30.33183534230805,0.0,4.736862953800049,4.914166666666667,0.0,0.0,0.0,0.9097222222222223,9.680740740740742,0.0,0.0,1.662037037037037,0.14285714285714285,8,0,1,0,0,0,1,0,1,1,0,1,1,0,0,0,1,1.6952,32.99399999999999,0,0,0,0,0,0,0,0,0,0,0,1,0,0,0,1,0,0,0,0,1,1,0,0,0,0
O=Cc1ccccc1,17.85,10.006481481481481,0.729166666666667,10.006481481481481,0.729166666666667,0.4956362681365689,106.12399999999997,100.07599999999998,106.041864812,40,0.14954802883036308,-0.2978964116504968,0.2978964116504968,0.14954802883036308,1.125,1.75,2.125,16.128918620598046,10.236032132295673,1.7947307206774132,-1.814861063410931,1.9099593255102687,-1.7250862341623123,5.737575002628403,0.11183469450156105,2.9910469146846212,167.00151696675914,5.819990956308912,4.3723499056016175,4.3723499056016175,3.931851652578137,2.4350609975132884,2.4350609975132884,1.5285347327207177,1.5285347327207177,0.9356552548998027,0.9356552548998027,0.5316063389306862,0.5316063389306862,-1.11,91.36757727918736,5.035137880986937,2.262450086021194,0.936277398677246,47.95786733393734,0.0,6.286160523129555,0.0,0.0,0.0,4.794537184071822,0.0,0.0,0.0,30.33183534230805,0.0,5.563451491696996,0.0,4.794537184071822,6.286160523129555,0.0,0.0,0.0,35.89528683400505,0.0,0.0,0.0,0.0,6.286160523129555,0.0,0.0,10.357988675768818,30.33183534230805,0.0,17.07,0.0,4.794537184071822,0.0,0.0,11.849612014826551,0.0,12.13273413692322,18.19910120538483,0.0,0.0,0.0,10.006481481481481,0.0,0.729166666666667,0.0,9.097685185185185,0.8333333333333333,0.0,0.0,0.0,8,0,1,0,0,0,1,0,1,1,0,1,1,0,0,0,1,1.4990999999999999,31.829499999999992,0,0,0,0,0,0,1,1,1,0,0,1,0,0,0,0,0,0,0,0,0,0,0,0,0,0
c1ccccc1,2.2825,2.0,2.0,2.0,2.0,0.4426283718993647,78.11399999999999,72.06599999999999,78.046950192,30,-0.062268570782092456,-0.062268570782092456,0.062268570782092456,0.062268570782092456,0.3333333333333333,0.5,0.6666666666666666,13.646993161855445,10.379006838144555,1.5737245910733615,-1.6942617326375462,1.794093161855452,-1.4738931618554547,4.985993161855452,1.718006838144549,3.000000000000001,71.96100505779535,4.242640687119286,3.464101615137755,3.464101615137755,3.0,2.0000000000000004,2.0000000000000004,1.1547005383792521,1.1547005383792521,0.6666666666666671,0.6666666666666671,0.38490017945975075,0.38490017945975075,-0.78,34.3994618804395,3.4115708812260532,1.6057694396735218,0.5823992601400448,37.43140311949697,0.0,0.0,0.0,0.0,0.0,0.0,0.0,0.0,0.0,36.39820241076966,0.0,0.0,0.0,0.0,0.0,0.0,0.0,0.0,36.39820241076966,0.0,0.0,0.0,0.0,0.0,0.0,0.0,0.0,36.39820241076966,0.0,0.0,0.0,0.0,0.0,0.0,0.0,0.0,0.0,36.39820241076966,0.0,0.0,0.0,0.0,0.0,0.0,0.0,12.0,0.0,0.0,0.0,0.0,6,0,0,0,0,0,1,0,1,0,0,0,0,0,0,0,1,1.6866,26.441999999999993,0,0,0,0,0,0,0,0,0,0,0,1,0,0,0,0,0,0,0,0,0,0,0,0,0,0
OCCc1ccccc1,12.31,8.519688208616781,0.24009259259259252,8.519688208616781,0.24009259259259252,0.6249752698115418,122.16699999999996,112.08699999999997,122.07316494,48,0.04709448741986935,-0.3960313152991432,0.3960313152991432,0.04709448741986935,1.1111111111111112,1.7777777777777777,2.3333333333333335,16.249950507455196,10.160386613032658,1.8487273253644483,-1.9290453238323417,1.9679455289082408,-1.8758469596295961,5.138812350059316,0.29940231473405127,2.61489994009295,157.4784207656209,6.52709773749546,5.248178503821182,5.248178503821182,4.431851652578137,3.080464759133071,3.080464759133071,1.959205357403468,1.959205357403468,1.2433031955472913,1.2433031955472913,0.7737766827159379,0.7737766827159379,-0.8200000000000001,145.16653667335345,6.302249388753057,3.2539886368490754,1.8590386018272278,54.95552110048619,5.106527394840706,0.0,0.0,0.0,0.0,0.0,0.0,0.0,0.0,30.33183534230805,11.984273114623004,6.606881964512918,0.0,5.106527394840706,0.0,0.0,6.4208216229260096,6.606881964512918,35.89528683400505,0.0,0.0,0.0,0.0,11.713409359353623,6.4208216229260096,0.0,5.563451491696996,30.33183534230805,0.0,20.23,0.0,0.0,6.606881964512918,0.0,6.4208216229260096,5.563451491696996,0.0,30.33183534230805,0.0,5.106527394840706,0.0,0.0,8.519688208616781,1.1944444444444446,0.0,9.947719198790626,0.7647222222222221,0.24009259259259252,0.0,0.25,9,1,1,0,0,0,1,0,1,1,1,1,2,0,0,0,1,1.2214,37.23180000000001,0,1,1,0,0,0,0,0,0,0,0,1,0,0,0,0,0,0,0,0,0,0,0,0,0,0
OCCCc1ccccc1,11.97,8.527570861678004,0.2866014739229026,8.527570861678004,0.2866014739229026,0.6689565380917977,136.194,124.09799999999997,136.088815004,54,0.04336966675192703,-0.3963644531513796,0.3963644531513796,0.04336966675192703,1.1,1.8,2.4,16.249928315990566,10.121335949916038,1.8748614780693686,-1.9560217646062732,2.0027150496569055,-1.8719559495967726,5.138774119312274,0.2883694193221458,2.4265223465879537,169.34295735705518,7.234204518682008,5.95528528500773,5.95528528500773,4.931851652578137,3.580464759133071,3.580464759133071,2.312758747996742,2.312758747996742,1.4663903749773577,1.4663903749773577,0.9278583245784985,0.9278583245784985,-0.8200000000000001,251.66716234355823,7.288932461873639,4.0691775159120125,2.1939048454146013,61.3204632148828,5.106527394840706,0.0,0.0,0.0,0.0,0.0,0.0,0.0,0.0,30.33183534230805,18.405094737549014,6.606881964512918,0.0,5.106527394840706,0.0,0.0,12.841643245852019,6.606881964512918,35.89528683400505,0.0,0.0,0.0,0.0,11.713409359353623,6.4208216229260096,0.0,11.984273114623004,30.33183534230805,0.0,20.23,0.0,0.0,6.606881964512918,0.0,12.841643245852019,5.563451491696996,0.0,18.19910120538483,12.13273413692322,5.106527394840706,0.0,0.0,8.527570861678004,1.3023611111111113,0.0,10.201568405139835,1.8485648148148148,0.2866014739229026,0.0,0.3333333333333333,10,1,1,0,0,0,1,0,1,1,1,1,3,0,0,0,1,1.6115,41.848800000000026,0,1,1,0,0,0,0,0,0,0,1,1,0,0,0,0,0,0,0,0,0,0,0,0,0,0
O=C(c1ccccc1)c1ccccc1,12.62,11.846296296296297,0.07518518518518569,11.846296296296297,0.07518518518518569,0.6524732866647586,182.222,172.14199999999997,182.07316494,68,0.1925196653354077,-0.2886159649049109,0.2886159649049109,0.1925196653354077,0.6428571428571429,1.0,1.3571428571428572,16.138265180166254,10.039466370350809,2.0556401157605753,-1.9882943090672232,2.0786317814185296,-1.9925035301173142,6.083681316874596,0.10340472792903752,2.348637604509715,376.003255415297,9.803118619434356,7.681750982360123,7.681750982360123,6.877010097711745,4.525491350277851,4.525491350277851,3.0611749528008096,3.0611749528008096,2.071955531687609,2.071955531687609,1.3457218019266357,1.3457218019266357,-1.8899999999999997,2580.4142437867595,8.696948085233146,3.8789693771624525,1.7163680610147731,83.01496154000138,0.0,0.0,5.783244946364939,0.0,0.0,4.794537184071822,0.0,0.0,0.0,60.6636706846161,0.0,11.126902983393991,0.0,4.794537184071822,5.783244946364939,0.0,0.0,0.0,71.7905736680101,0.0,0.0,0.0,0.0,5.783244946364939,0.0,0.0,15.921440167465814,60.6636706846161,0.0,17.07,0.0,4.794537184071822,5.783244946364939,0.0,11.126902983393991,0.0,0.0,60.6636706846161,0.0,0.0,0.0,11.846296296296297,0.0,1.4698148148148151,0.07518518518518569,18.608703703703704,0.0,0.0,0.0,0.0,14,0,1,0,0,0,2,0,2,1,0,1,2,0,0,0,2,2.917600000000001,56.316500000000026,0,0,0,0,0,0,1,1,0,0,0,2,0,0,0,0,0,1,0,0,0,0,0,0,0,0
CC(=O)OCc1ccccc1,5.34,10.39484552154195,-0.24180272108843526,10.39484552154195,0.24180272108843526,0.6001729288122303,150.177,140.09699999999998,150.06807956,58,0.30246072005009045,-0.46100343395037224,0.46100343395037224,0.30246072005009045,1.3636363636363635,2.0,2.5454545454545454,16.531651845545106,10.22282975665252,1.9258402458495314,-1.9935916309655286,1.9928032000913938,-1.974543614230757,5.65405052450942,-0.14172596071569932,2.453018743531937,228.57786591623355,8.104448006685086,6.410354708062404,6.410354708062404,5.287693700234704,3.4611604181749094,3.4611604181749094,2.265855318045499,2.265855318045499,1.2849232447891443,1.2849232447891443,0.7592005155721044,0.7592005155721044,-1.31,349.0290980341817,7.793199174406604,3.7604813030666033,2.8460530411741587,65.80129679223744,4.736862953800049,6.606881964512918,0.0,0.0,5.969305287951849,4.794537184071822,0.0,0.0,0.0,30.33183534230805,5.563451491696996,6.923737199690624,0.0,9.53140013787187,5.969305287951849,0.0,13.530619164203543,0.0,35.89528683400505,0.0,0.0,0.0,0.0,5.969305287951849,16.13828210238479,0.0,12.487188691387619,30.33183534230805,0.0,26.3,0.0,4.794537184071822,5.969305287951849,6.606881964512918,5.563451491696996,6.923737199690624,0.0,30.33183534230805,0.0,4.736862953800049,4.788981481481482,10.39484552154195,0.0,1.016388888888889,-0.24180272108843526,9.5980220143613,0.0,1.7768981481481478,0.0,0.2222222222222222,11,0,2,0,0,0,1,0,1,2,0,2,2,0,0,0,1,1.7496999999999998,41.91200000000003,0,0,0,0,0,0,1,1,0,0,0,1,0,0,1,1,0,0,0,0,0,0,0,0,0,0
OCc1ccccc1,11.916,8.537592592592592,0.13972222222222208,8.537592592592592,0.13972222222222208,0.5723436119287516,108.13999999999997,100.07599999999998,108.057514876,42,0.06813693972174781,-0.3916804684282009,0.3916804684282009,0.06813693972174781,1.125,1.75,2.125,16.25024349675667,10.226480034689388,1.806301482102353,-1.8873289469783763,1.9491003361878647,-1.7726836754112527,5.124430982766706,0.28160926643985323,2.8320858350070908,145.73281445033504,5.819990956308912,4.541071722634634,4.541071722634634,3.931851652578137,2.5804647591330716,2.5804647591330716,1.643712442661908,1.643712442661908,1.0253988479125442,1.0253988479125442,0.5834198265146368,0.5834198265146368,-0.8200000000000001,91.36757727918736,5.319275766016713,2.4782287289052554,1.073981896801325,48.59057898608958,5.106527394840706,0.0,0.0,0.0,0.0,0.0,0.0,0.0,0.0,30.33183534230805,5.563451491696996,0.0,6.606881964512918,5.106527394840706,0.0,0.0,6.606881964512918,0.0,35.89528683400505,0.0,0.0,0.0,0.0,5.106527394840706,6.606881964512918,0.0,5.563451491696996,30.33183534230805,0.0,20.23,0.0,0.0,6.606881964512918,0.0,5.563451491696996,0.0,0.0,30.33183534230805,0.0,5.106527394840706,0.0,0.0,8.537592592592592,0.9652777777777779,0.0,9.524074074074074,0.0,0.13972222222222208,0.0,0.14285714285714285,8,1,1,0,0,0,1,0,1,1,1,1,1,0,0,0,1,1.1789,32.364799999999995,0,1,1,0,0,0,0,0,0,0,0,1,0,0,0,0,0,0,0,0,0,0,0,0,0,0
O=C(OCc1ccccc1)c1ccccc1,5.26,11.595771447467875,-0.2875434618291759,11.595771447467875,0.2875434618291759,0.7307975714616393,212.248,200.15199999999996,212.083729624,80,0.3379551839851818,-0.45722281014698424,0.45722281014698424,0.3379551839851818,0.875,1.4375,2.0625,16.532863837879493,10.19682240545,2.0480473964671213,-2.037993935021755,2.050541625298985,-2.0414055003791387,5.887324126113739,0.047249893002535626,1.9460332806831828,448.67626205276036,11.217332181807452,8.797106054010534,8.797106054010534,7.860173345306138,5.121844020697869,5.121844020697869,3.4277565765980063,3.4277565765980063,2.2222457898845973,2.2222457898845973,1.3806850731217148,1.3806850731217148,-2.0899999999999994,6818.994323164689,10.42855960264156,5.121140695118211,2.7009160415731115,94.49344888390488,4.736862953800049,6.606881964512918,0.0,0.0,5.969305287951849,0.0,4.794537184071822,0.0,0.0,48.53093654769288,17.696185628620217,0.0,5.563451491696996,9.53140013787187,5.969305287951849,0.0,6.606881964512918,0.0,71.7905736680101,0.0,0.0,0.0,0.0,5.969305287951849,11.343744918312968,0.0,15.921440167465814,60.6636706846161,0.0,26.3,0.0,4.794537184071822,5.969305287951849,12.170333456209914,5.563451491696996,0.0,12.13273413692322,48.53093654769288,0.0,4.736862953800049,5.175185185185185,11.595771447467875,0.0,1.57427059712774,-0.2875434618291759,18.628261054421767,0.0,0.31405517762660606,0.0,0.07142857142857142,16,0,2,0,0,0,2,0,2,2,0,2,3,0,0,0,2,3.0436000000000014,62.00350000000004,0,0,0,0,0,0,1,1,0,0,0,2,0,0,1,1,0,0,0,0,0,0,0,0,0,0
CCCC(=O)OCc1ccccc1,4.55,10.994151077097506,-0.11911753590325014,10.994151077097506,0.11911753590325014,0.6620936524754426,178.231,164.11899999999997,178.099379688,70,0.30560472033475083,-0.46080087498193306,0.46080087498193306,0.30560472033475083,1.3076923076923077,2.0,2.6153846153846154,16.532541215219148,10.21948068790088,1.9954453290600036,-2.0245638676520725,2.0155358284612053,-2.0274177667500077,5.687003961376384,-0.1444914274007397,2.310042822879905,254.05260581186823,9.518661569058182,7.824568270435499,7.824568270435499,6.325698502695489,4.521820589954731,4.521820589954731,2.8962821621764485,2.8962821621764485,1.6967718953396353,1.6967718953396353,1.014355697112019,1.014355697112019,-1.31,1015.5164547975032,9.775543199315653,5.355726156931021,3.740879047397056,78.53118102103066,4.736862953800049,6.606881964512918,0.0,0.0,5.969305287951849,4.794537184071822,0.0,0.0,0.0,37.255572541998674,11.984273114623004,6.4208216229260096,0.0,9.53140013787187,5.969305287951849,0.0,26.372262410055562,0.0,35.89528683400505,0.0,0.0,0.0,0.0,5.969305287951849,16.13828210238479,0.0,25.328831937239638,30.33183534230805,0.0,26.3,0.0,4.794537184071822,5.969305287951849,13.027703587438928,11.984273114623004,0.0,0.0,37.255572541998674,0.0,4.736862953800049,5.029537037037037,10.994151077097506,0.0,1.0342157974300834,-0.11911753590325014,9.696226458175863,1.3476751858150666,2.350645313681028,0.0,0.36363636363636365,13,0,2,0,0,0,1,0,1,2,0,2,4,0,0,0,1,2.5299000000000005,51.146000000000036,0,0,0,0,0,0,1,1,0,0,0,1,0,0,1,1,0,0,0,0,0,0,0,0,0,0
CCOCc1ccccc1,3.9,5.219537037037037,0.7334722222222221,5.219537037037037,0.7334722222222221,0.6187343699407113,136.194,124.09799999999997,136.088815004,54,0.07162232757703527,-0.377061057335097,0.377061057335097,0.07162232757703527,1.2,1.9,2.5,16.47241558224887,10.223134703781568,1.863724499778313,-1.9835125986805613,1.9871854030271905,-1.8953952361681148,5.127491908850024,0.1338405330789786,2.4265223465879537,169.34295735705518,7.234204518682008,6.209213198785088,6.209213198785088,4.931851652578137,3.548694043492407,3.548694043492407,2.12273540677764,2.12273540677764,1.315677546592053,1.315677546592053,0.7941488188543521,0.7941488188543521,-0.8200000000000001,251.66716234355823,7.288932461873639,4.0691775159120125,2.1939048454146013,61.63977469219367,4.736862953800049,0.0,0.0,0.0,0.0,0.0,0.0,0.0,0.0,30.33183534230805,12.487188691387619,6.606881964512918,6.606881964512918,4.736862953800049,0.0,0.0,13.530619164203543,6.606881964512918,35.89528683400505,0.0,0.0,0.0,0.0,6.606881964512918,11.343744918312968,0.0,12.487188691387619,30.33183534230805,0.0,9.23,0.0,0.0,0.0,0.0,13.213763929025836,5.563451491696996,0.0,25.122838405075452,12.13273413692322,4.736862953800049,5.219537037037037,0.0,0.0,1.2401388888888891,0.0,10.18400037792895,0.0,3.5229903628117913,0.0,0.3333333333333333,10,0,1,0,0,0,1,0,1,1,0,1,3,0,0,0,1,2.2231000000000005,41.77200000000002,0,0,0,0,0,0,0,0,0,0,0,1,0,0,0,1,0,0,0,0,0,0,0,0,0,0
O=COCc1ccccc1,6.34,9.75595663265306,0.3654166666666665,9.75595663265306,0.3654166666666665,0.5862546438800912,136.14999999999998,128.08599999999998,136.052429496,52,0.29291400077904456,-0.46302674346149275,0.46302674346149275,0.29291400077904456,1.3,2.0,2.6,16.517090685081612,10.224186028184157,1.866163726077579,-1.9547260355465554,1.9787377518820901,-1.8756401732343126,5.368752637981667,-0.12932716364820052,2.4987708532837547,193.6723816963364,7.234204518682008,5.487704977252029,5.487704977252029,4.931851652578137,3.024316648502078,3.024316648502078,1.8928278384825001,1.8928278384825001,1.1608660438214662,1.1608660438214662,0.7044813517775547,0.7044813517775547,-1.31,251.66716234355823,6.805074798619103,3.6654814097710124,1.89537540220571,59.43635467784082,4.736862953800049,6.606881964512918,0.0,6.472220864716464,0.0,4.794537184071822,0.0,0.0,0.0,30.33183534230805,5.563451491696996,0.0,0.0,9.53140013787187,6.472220864716464,0.0,6.606881964512918,0.0,35.89528683400505,0.0,0.0,0.0,0.0,6.472220864716464,16.13828210238479,0.0,5.563451491696996,30.33183534230805,0.0,26.3,0.0,4.794537184071822,0.0,13.079102829229381,5.563451491696996,0.0,0.0,30.33183534230805,4.736862953800049,0.0,4.538981481481481,9.75595663265306,0.0,1.0088888888888892,0.0,9.546034108087678,0.0,0.8168055555555553,0.0,0.125,10,0,2,0,0,0,1,0,1,2,0,2,3,0,0,0,1,1.3596,37.295000000000016,0,0,0,0,0,0,1,1,0,0,0,1,0,0,0,1,0,0,0,0,0,0,0,0,0,0
CCC(=O)OCc1ccccc1,5.11,10.762901077097506,-0.15383975812547224,10.762901077097506,0.15383975812547224,0.6395972856634639,164.204,152.10799999999998,164.083729624,64,0.3053342363207337,-0.4608082715606513,0.4608082715606513,0.3053342363207337,1.3333333333333333,2.0,2.5833333333333335,16.53248343631187,10.221527532948738,1.9708347933791095,-2.0132672619277776,2.0042656963083716,-2.013107967522686,5.683382134515268,-0.144049587571871,2.384535862890579,241.27530899395387,8.811554787871634,7.117461489248952,7.117461489248952,5.825698502695489,4.021820589954731,4.021820589954731,2.499835552769723,2.499835552769723,1.5313228847025169,1.5313228847025169,0.8401248408473498,0.8401248408473498,-1.31,638.342203265092,8.783545369504209,4.544018446795469,2.7419880629252233,72.16623890663404,4.736862953800049,6.606881964512918,0.0,0.0,5.969305287951849,4.794537184071822,0.0,0.0,0.0,37.255572541998674,5.563451491696996,6.4208216229260096,0.0,9.53140013787187,5.969305287951849,0.0,19.951440787129552,0.0,35.89528683400505,0.0,0.0,0.0,0.0,5.969305287951849,16.13828210238479,0.0,18.90801031431363,30.33183534230805,0.0,26.3,0.0,4.794537184071822,5.969305287951849,13.027703587438928,5.563451491696996,0.0,6.923737199690624,30.33183534230805,0.0,4.736862953800049,4.938287037037037,10.762901077097506,0.0,1.02712962962963,-0.15383975812547224,9.654020455404385,0.4373348922902498,2.1675,0.0,0.3,12,0,2,0,0,0,1,0,1,2,0,2,3,0,0,0,1,2.1398,46.52900000000003,0,0,0,0,0,0,1,1,0,0,0,1,0,0,1,1,0,0,0,0,0,0,0,0,0,0
O=C(OCc1ccccc1)c1ccccc1O,4.12,11.65660478080121,-0.5213397581254722,11.65660478080121,0.06429474258839307,0.8214760330937975,228.24699999999999,216.15099999999995,228.078644244,86,0.34174583112785833,-0.5070527973358621,0.5070527973358621,0.34174583112785833,1.0,1.6470588235294117,2.3529411764705883,16.533528744060636,10.176370494070031,2.107565973587706,-2.054575334670636,2.1668168252464066,-2.0477811906851624,5.917614779713969,0.04691886209866214,2.012836803765173,505.88558878375915,12.08757566981053,9.166969380320866,9.166969380320866,8.270856947829097,5.262117485114515,5.262117485114515,3.5788802312474415,3.5788802312474415,2.3367180029014665,2.3367180029014665,1.4471190133967033,1.4471190133967033,-2.2899999999999996,9733.739583402159,11.203022603757393,5.163787455051142,2.8441145992891728,99.28768263610088,9.843390348640755,17.919845289493818,0.0,0.0,5.969305287951849,0.0,4.794537184071822,0.0,0.0,42.46456947923127,17.696185628620217,0.0,0.0,14.637927532712576,5.969305287951849,0.0,6.606881964512918,0.0,65.72420659954848,5.749511833283905,0.0,0.0,5.749511833283905,11.075832682792555,11.343744918312968,0.0,15.921440167465814,54.59730361615449,0.0,46.53,5.969305287951849,9.901064578912528,17.919845289493818,0.0,5.563451491696996,12.13273413692322,12.13273413692322,30.33183534230805,0.0,4.736862953800049,5.096018518518519,11.65660478080121,9.477293398841017,1.0969463340891914,-0.5856345007138652,15.723049624170654,0.0,0.20238851095993948,0.0,0.07142857142857142,17,1,3,0,0,0,2,0,2,3,1,3,3,0,0,0,2,2.7492000000000014,63.66830000000004,0,0,0,1,0,0,1,1,0,0,0,2,0,0,1,1,0,0,0,0,0,1,1,1,0,0
CC(O)CCO,28.8,8.39236111111111,-0.3518518518518523,8.39236111111111,0.0810185185185186,0.49054291541768236,90.122,80.04199999999999,90.06807956,38,0.05334957508052505,-0.39627512172883306,0.39627512172883306,0.05334957508052505,1.6666666666666667,2.1666666666666665,2.1666666666666665,16.274870497594847,10.303595504441393,1.8789508988916948,-1.9458935007085103,1.8277268310349442,-2.004371894394265,4.400216757364212,0.14845122322560556,2.6272148478988635,26.72905595320056,4.99156383156272,3.8859910225626364,3.8859910225626364,2.770055610029662,2.060025215417488,2.060025215417488,1.3613032983908713,1.3613032983908713,0.546874024341974,0.546874024341974,0.18683447179254312,0.18683447179254312,-0.08,14.834466856136647,5.92,3.1232520325203255,3.9200000000000004,37.4225448754114,10.213054789681411,0.0,0.0,0.0,0.0,0.0,0.0,0.0,0.0,0.0,13.344558822616634,6.606881964512918,6.103966387748303,10.213054789681411,0.0,0.0,19.448525210364934,6.606881964512918,0.0,0.0,0.0,0.0,0.0,22.92390314194263,0.0,0.0,13.344558822616634,0.0,0.0,40.46,0.0,0.0,12.71084835226122,6.4208216229260096,0.0,0.0,6.923737199690624,0.0,0.0,10.213054789681411,0.0,0.0,16.469027777777775,0.0,0.0,0.0,0.13425925925925886,1.7300462962962964,0.0,1.0,6,2,2,0,0,0,0,0,0,2,2,2,2,0,0,0,0,-0.25039999999999996,23.383599999999994,0,2,2,0,0,0,0,0,0,0,0,0,0,0,0,0,0,0,0,0,0,0,0,0,0,0
OCCCCO,31.9,8.08625,0.19500000000000006,8.08625,0.19500000000000006,0.4690628122836084,90.122,80.04199999999999,90.06807956,38,0.04313700838996922,-0.3963750384086942,0.3963750384086942,0.04313700838996922,0.8333333333333334,1.1666666666666667,1.3333333333333333,16.25500965759964,10.341929394080413,1.7683245944683608,-1.8529096031431322,1.8022274085506735,-1.8492942833348398,4.300373468246377,0.24205288545751386,2.3390923149762908,17.509775004326936,4.82842712474619,3.7228543157461056,3.7228543157461056,2.914213562373095,2.1324555320336755,2.1324555320336755,1.1543203766865051,1.1543203766865051,0.5662277660168378,0.5662277660168378,0.22360679774997888,0.22360679774997888,-0.08,20.986300857070454,5.92,4.920000000000001,3.9200000000000004,37.4225448754114,10.213054789681411,0.0,0.0,0.0,0.0,0.0,0.0,0.0,0.0,0.0,12.841643245852019,13.213763929025836,0.0,10.213054789681411,0.0,0.0,12.841643245852019,13.213763929025836,0.0,0.0,0.0,0.0,0.0,23.426818718707246,0.0,0.0,12.841643245852019,0.0,0.0,40.46,0.0,0.0,13.213763929025836,0.0,12.841643245852019,0.0,0.0,0.0,0.0,10.213054789681411,0.0,0.0,16.1725,0.0,0.0,0.0,1.4375,0.3900000000000001,0.0,1.0,6,2,2,0,0,0,0,0,0,2,2,2,3,0,0,0,0,-0.24880000000000008,23.405599999999993,0,2,2,0,0,0,0,0,0,0,0,0,0,0,0,0,0,0,0,0,0,0,0,0,0,1
CC(=O)C(C)=O,4.04,9.793981481481481,-0.3796296296296291,9.793981481481481,0.3796296296296291,0.42594168943823185,86.08999999999999,80.04199999999999,86.036779432,34,0.19451404848392276,-0.2912343143503756,0.2912343143503756,0.19451404848392276,1.0,1.1666666666666667,1.1666666666666667,16.171947357788003,10.329259716415757,1.9380585369095762,-1.729205364455651,1.660594334632765,-2.0102907720185765,6.346873349323015,-0.13353708450477395,3.5677034550432034,71.5488750216347,5.1547005383792515,3.8164965809277263,3.8164965809277263,2.6427344100918364,1.6582482904638631,1.6582482904638631,1.1123724356957947,1.1123724356957947,0.49579081189859825,0.49579081189859825,0.0,0.0,-0.66,13.609640474436812,5.34,1.6978532452412014,1.6394011976047902,36.1571215711069,0.0,0.0,11.566489892729878,0.0,0.0,9.589074368143644,0.0,0.0,0.0,0.0,0.0,13.847474399381248,0.0,9.589074368143644,11.566489892729878,0.0,13.847474399381248,0.0,0.0,0.0,0.0,0.0,0.0,11.566489892729878,9.589074368143644,0.0,13.847474399381248,0.0,0.0,34.14,0.0,9.589074368143644,11.566489892729878,0.0,0.0,13.847474399381248,0.0,0.0,0.0,0.0,0.0,19.587962962962962,0.0,0.0,-0.7592592592592582,0.0,0.0,2.5046296296296298,0.0,0.5,6,0,2,0,0,0,0,0,0,2,0,2,1,0,0,0,0,0.1644000000000001,21.36199999999999,0,0,0,0,0,0,2,2,0,0,0,0,0,0,0,0,0,2,2,0,0,0,0,0,0,0
OCC(O)C(O)CO,28.21,8.466435185185185,-1.2222222222222225,8.466435185185185,0.5260648148148146,0.338933418507044,122.11999999999999,112.03999999999999,122.0579088,50,0.10512346450181179,-0.3935793747869591,0.3935793747869591,0.10512346450181179,0.875,1.125,1.25,16.36896936513298,10.220834787885567,2.1168408783897816,-2.104053455450733,1.878929959206537,-2.3149895282726436,4.621336744843458,-0.038752964750926155,3.292478156075495,48.0,6.568914100752346,4.357768482752178,4.357768482752178,3.718744015013406,2.2986832257890577,2.2986832257890577,1.4998436611312251,1.4998436611312251,0.8182696708746624,0.8182696708746624,0.24335210265819232,0.24335210265819232,-0.16,53.47276361405894,7.840000000000001,3.7953311120366515,2.225724698042482,47.01101237980341,20.426109579362823,12.207932775496605,0.0,0.0,0.0,0.0,0.0,0.0,0.0,0.0,0.0,0.0,13.213763929025836,20.426109579362823,0.0,0.0,12.207932775496605,13.213763929025836,0.0,0.0,0.0,0.0,0.0,45.847806283885255,0.0,0.0,0.0,0.0,0.0,80.92,25.421696704522443,0.0,0.0,0.0,0.0,0.0,0.0,0.0,0.0,20.426109579362823,0.0,0.0,33.16324074074074,0.0,0.0,0.0,-2.444444444444445,-1.0521296296296292,0.0,1.0,8,4,4,0,0,0,0,0,0,4,4,4,3,0,0,0,0,-2.3071999999999995,26.18519999999999,0,4,4,0,0,0,0,0,0,0,0,0,0,0,0,0,0,0,0,0,0,0,0,0,0,0
CCC(C)=O,18.56,9.8125,0.25462962962962976,9.8125,0.25462962962962976,0.4510508050249618,72.10699999999999,64.04299999999999,72.057514876,30,0.12906503252603763,-0.3000423849594125,0.3000423849594125,0.12906503252603763,1.8,2.0,2.0,16.137113777124785,10.360699909217814,1.764361948378108,-1.7110451766420995,1.7108251507906327,-1.7970119342363384,5.744224710981029,-0.11619858873065733,2.847378923087672,38.912609383243264,4.284457050376173,3.6153550716504106,3.6153550716504106,2.270055610029662,1.7647843170117528,1.7647843170117528,1.0555684937158853,1.0555684937158853,0.49789095789068016,0.49789095789068016,0.0,0.0,-0.33,9.65148445440323,4.67,1.9424795640326975,3.67,31.995599471063137,4.794537184071822,5.783244946364939,0.0,0.0,0.0,0.0,0.0,0.0,0.0,6.923737199690624,6.923737199690624,6.4208216229260096,0.0,4.794537184071822,5.783244946364939,0.0,20.268296022307258,0.0,0.0,0.0,0.0,0.0,0.0,5.783244946364939,4.794537184071822,0.0,20.268296022307258,0.0,0.0,17.07,0.0,4.794537184071822,5.783244946364939,6.4208216229260096,0.0,0.0,6.923737199690624,6.923737199690624,0.0,0.0,0.0,9.8125,0.0,0.0,0.25462962962962976,0.0,0.6666666666666666,3.4328703703703702,0.0,0.75,5,0,1,0,0,0,0,0,0,1,0,1,1,0,0,0,0,0.9854,20.971999999999994,0,0,0,0,0,0,1,1,0,0,0,0,0,0,0,0,0,1,1,0,0,0,0,0,0,0
CCC(C)OC(C)=O,5.135,10.190833333333334,-0.195046296296296,10.190833333333334,0.07638888888888862,0.5088591538782314,116.15999999999998,104.06399999999998,116.083729624,48,0.30238904886416573,-0.4628724496596981,0.4628724496596981,0.30238904886416573,1.75,2.25,2.375,16.541235322436727,10.311792939120041,1.9853115768394574,-2.061122888054466,1.938929103113284,-2.094276685626341,5.65577576428425,-0.1450271608910551,3.2364267831001374,78.59772060569361,6.568914100752346,5.6009536313038994,5.6009536313038994,3.663902460147014,2.836655891699415,2.836655891699415,1.828298261984863,1.828298261984863,0.9420630732918477,0.9420630732918477,0.3666510101688821,0.3666510101688821,-0.53,42.84459140699416,7.470000000000001,3.4692670369115906,3.6528153564899446,49.83902892936324,4.736862953800049,0.0,0.0,0.0,5.969305287951849,4.794537184071822,0.0,0.0,0.0,6.923737199690624,13.344558822616634,6.923737199690624,6.103966387748303,9.53140013787187,5.969305287951849,0.0,33.29599960974618,0.0,0.0,0.0,0.0,0.0,0.0,12.073271675700152,9.53140013787187,0.0,27.19203322199788,0.0,0.0,26.3,0.0,4.794537184071822,12.073271675700152,0.0,6.4208216229260096,6.923737199690624,0.0,13.847474399381248,0.0,4.736862953800049,4.760416666666667,10.190833333333334,0.0,0.0,-0.195046296296296,0.0,0.9648611111111108,5.278935185185185,0.0,0.8333333333333334,8,0,2,0,0,0,0,0,0,2,0,2,2,0,0,0,0,1.3479999999999999,31.518999999999984,0,0,0,0,0,0,1,1,0,0,0,0,0,0,1,1,0,0,0,0,0,0,0,0,0,0
C=CC(=O)OCCCC,5.25,10.346346371882087,-0.33013888888888854,10.346346371882087,0.33013888888888854,0.32571682036013405,128.171,116.07499999999999,128.083729624,52,0.32963787572973874,-0.4625463670064307,0.4625463670064307,0.32963787572973874,1.7777777777777777,2.4444444444444446,2.888888888888889,16.531861279989496,10.358028943951807,1.9083991357641479,-1.9666114219586754,1.8752834342465565,-2.0020287021314203,5.806046346066262,-0.1373278970956384,3.0655033793880806,97.089273230246,7.112884175122364,5.722273974863542,5.722273974863542,4.308060412490447,3.1009536313038994,3.1009536313038994,1.7251748420833923,1.7251748420833923,0.908878595605525,0.908878595605525,0.3760241478105342,0.3760241478105342,-0.79,94.26737928973323,8.210000000000003,5.348696255201112,5.074900256974754,55.51436801157559,4.736862953800049,0.0,0.0,0.0,5.969305287951849,0.0,4.794537184071822,0.0,0.0,19.923494506215132,6.4208216229260096,6.076020106833881,6.606881964512918,9.53140013787187,5.969305287951849,0.0,19.765380445542643,6.606881964512918,12.654955790432378,0.0,0.0,0.0,0.0,12.576187252464766,9.53140013787187,0.0,19.765380445542643,12.654955790432378,0.0,26.3,0.0,4.794537184071822,5.969305287951849,6.606881964512918,12.841643245852019,6.076020106833881,0.0,6.923737199690624,11.315798637398547,0.0,4.6745833333333335,10.346346371882087,0.0,0.0,-0.33013888888888854,0.0,3.152443310657596,5.823432539682539,0.0,0.5714285714285714,9,0,2,0,0,0,0,0,0,2,0,2,4,0,0,0,0,1.5156999999999998,36.06399999999999,0,0,0,0,0,0,1,1,0,0,0,0,0,0,1,1,0,0,0,0,0,0,0,0,0,1
CCCCc1ccccc1,2.359,2.225138888888889,1.2334722222222223,2.225138888888889,1.2334722222222223,0.5957309560911629,134.22199999999998,120.10999999999997,134.109550448,54,-0.027897295142604965,-0.0653710717316953,0.0653710717316953,0.027897295142604965,1.1,1.8,2.4,13.928094568255245,10.100588827164405,1.8687601891678685,-1.9589484955842618,2.0257810758831734,-1.8110089866978991,5.138501418975812,0.7949849468755463,2.4265223465879537,164.65300142116237,7.234204518682008,6.508071689507773,6.508071689507773,4.931851652578137,3.971343774302781,3.971343774302781,2.5891519502467633,2.5891519502467633,1.6618298825622126,1.6618298825622126,1.0255780783709258,1.0255780783709258,-0.78,251.66716234355823,7.328459869848157,4.1024606217041155,2.218872016802184,62.89117157708339,0.0,0.0,0.0,0.0,0.0,0.0,0.0,0.0,0.0,43.67639416492468,18.405094737549014,0.0,0.0,0.0,0.0,0.0,26.186202068468653,0.0,35.89528683400505,0.0,0.0,0.0,0.0,0.0,6.4208216229260096,0.0,25.328831937239638,30.33183534230805,0.0,0.0,0.0,0.0,0.0,0.0,0.0,24.825916360475023,0.0,0.0,37.255572541998674,0.0,0.0,0.0,0.0,1.4623611111111112,0.0,10.649555933484505,3.8296107331821614,2.225138888888889,0.0,0.4,10,0,0,0,0,0,1,0,1,0,0,0,3,0,0,0,1,3.0292000000000012,45.05400000000003,0,0,0,0,0,0,0,0,0,0,1,1,0,0,0,0,0,0,0,0,0,0,0,0,0,0
CCC(C)c1ccccc1,2.357,2.259259259259259,0.7094444444444443,2.259259259259259,0.7094444444444443,0.5823253102746541,134.22199999999998,120.10999999999997,134.109550448,54,-0.019300891963447316,-0.06480959922040683,0.06480959922040683,0.019300891963447316,1.2,1.8,2.3,14.036406836346954,9.991665772882842,1.9832696656766395,-2.061745671975445,2.1628491948212765,-1.8823553939552446,5.176905949466727,0.7334968501745557,2.746978188530898,176.48961548078339,7.397341225498538,6.671208396324304,6.671208396324304,4.842535255101096,3.892064077957809,3.892064077957809,2.7199794632774306,2.7199794632774306,1.9809805208364926,1.9809805208364926,1.0172740324121932,1.0172740324121932,-0.78,237.587417309747,7.328459869848157,3.4037722935552446,1.598288065805947,62.89117157708339,0.0,0.0,0.0,0.0,0.0,0.0,0.0,0.0,0.0,44.179309741689295,17.9021791607844,0.0,0.0,0.0,0.0,0.0,26.18620206846865,0.0,35.89528683400505,0.0,0.0,0.0,0.0,0.0,0.0,0.0,31.749653560165644,30.33183534230805,0.0,0.0,0.0,0.0,0.0,5.917906046161393,0.0,11.984273114623004,0.0,0.0,44.179309741689295,0.0,0.0,0.0,0.0,1.4490740740740742,0.7094444444444443,10.636111111111113,1.2262037037037037,4.479166666666666,0.0,0.4,10,0,0,0,0,0,1,0,1,0,0,0,2,0,0,0,1,3.2001000000000017,45.14800000000003,0,0,0,0,0,0,0,0,0,0,0,1,0,0,0,0,0,0,0,0,0,0,0,0,0,0
CC(C)(C)c1ccccc1,2.359,2.224537037037037,0.2929166666666665,2.224537037037037,0.2929166666666665,0.5114006703774442,134.22199999999998,120.10999999999997,134.109550448,54,-0.013185421336817146,-0.06224804505884843,0.06224804505884843,0.013185421336817146,0.9,1.4,1.7,14.155053549200233,9.872663875210776,2.107334848194777,-2.175326969617501,2.2009962978294584,-2.095107890640282,5.214575082366548,0.5900845483530642,2.9660431785816628,191.02833704135648,7.612884175122366,6.886751345948131,6.886751345948131,4.605171715522539,3.66068360252296,3.66068360252296,3.6160254037844393,3.6160254037844393,1.639814472133079,1.639814472133079,0.9381528525526742,0.9381528525526742,-0.78,165.63732925805002,7.328459869848157,2.4517901863265905,1.598288065805947,62.89117157708339,0.0,0.0,0.0,0.0,0.0,0.0,0.0,0.0,0.0,51.10304694137992,10.978441961093775,0.0,0.0,0.0,0.0,0.0,26.186202068468653,0.0,35.89528683400505,0.0,0.0,0.0,0.0,0.0,5.41499046939678,0.0,26.334663090768867,30.33183534230805,0.0,0.0,0.0,0.0,0.0,5.41499046939678,0.0,5.563451491696996,0.0,0.0,51.10304694137992,0.0,0.0,0.0,0.0,1.6910648148148149,0.0,10.55199074074074,0.0,6.673611111111112,0.0,0.4,10,0,0,0,0,0,1,0,1,0,0,0,0,0,0,0,1,2.9841000000000015,45.14200000000003,0,0,0,0,0,0,0,0,0,0,0,1,0,0,0,0,0,0,0,0,0,0,0,0,0,0
CCCCOC(=O)c1ccccc1,5.52,11.297272297808012,-0.22773148148148126,11.297272297808012,0.22773148148148126,0.5230228241779536,178.231,164.11899999999997,178.099379688,70,0.33761721871256933,-0.46209730073266087,0.46209730073266087,0.33761721871256933,1.3076923076923077,2.0,2.6153846153846154,16.532658165861232,10.209542694088253,2.0341998185999874,-2.0205158865168062,2.0109987329805943,-2.051677854623928,5.887208811375768,0.04995281305794983,2.404796656306514,254.05260581186823,9.518661569058182,7.824568270435499,7.824568270435499,6.342535255101096,4.564713808768183,4.564713808768183,2.855497985472316,2.855497985472316,1.7405387079983838,1.7405387079983838,0.966773003294721,0.966773003294721,-1.31,1061.732325077868,9.775543199315653,5.355726156931021,3.2792261677717693,78.53118102103066,4.736862953800049,0.0,0.0,0.0,5.969305287951849,0.0,4.794537184071822,0.0,0.0,31.54366002800146,18.55355575984923,0.0,12.170333456209914,9.53140013787187,5.969305287951849,0.0,19.765380445542643,6.606881964512918,35.89528683400505,0.0,0.0,0.0,0.0,12.576187252464766,4.736862953800049,0.0,30.12336912131146,30.33183534230805,0.0,26.3,0.0,4.794537184071822,5.969305287951849,12.170333456209914,12.841643245852019,0.0,12.13273413692322,18.19910120538483,6.923737199690624,4.736862953800049,5.029537037037037,11.297272297808012,0.0,0.623706538170824,-0.22773148148148126,9.053778895817587,1.972860371000252,2.5839096749811037,0.0,0.36363636363636365,13,0,2,0,0,0,1,0,1,2,0,2,4,0,0,0,1,2.6435000000000013,51.632500000000036,0,0,0,0,0,0,1,1,0,0,0,1,0,0,1,1,0,0,0,0,0,0,0,0,0,1
CCCCOc1ccccc1,3.734,5.4463888888888885,0.8338425925925926,5.4463888888888885,0.8338425925925926,0.5995383104300366,150.22099999999998,136.10899999999998,150.104465068,60,0.1187851854213909,-0.4936020171055252,0.4936020171055252,0.1187851854213909,1.1818181818181819,1.9090909090909092,2.5454545454545454,16.476680437472606,10.318456781183219,1.878788751153172,-2.0262245711358564,2.078381522587835,-1.9481863562528798,5.202078236558637,0.3091698847643414,2.2758012873675093,181.32408233692004,7.9413112998685556,6.916319979971636,6.916319979971636,5.431851652578137,4.110589663536252,4.110589663536252,2.515067632707754,2.515067632707754,1.5098248623432402,1.5098248623432402,0.8510777538283802,0.8510777538283802,-0.9800000000000001,414.0733220718486,8.119800399201598,4.777405278638739,3.076605601867104,68.00471680659028,4.736862953800049,5.749511833283905,0.0,0.0,0.0,0.0,0.0,0.0,0.0,31.54366002800146,18.55355575984923,0.0,6.606881964512918,4.736862953800049,0.0,0.0,19.765380445542643,6.606881964512918,30.33183534230805,5.749511833283905,4.736862953800049,0.0,5.749511833283905,6.606881964512918,0.0,0.0,19.765380445542643,30.33183534230805,0.0,9.23,0.0,0.0,0.0,0.0,18.777215420722833,6.4208216229260096,0.0,30.33183534230805,6.923737199690624,4.736862953800049,5.4463888888888885,0.0,0.0,0.0,0.9731018518518519,9.931109930083144,2.321158588435374,2.9949074074074074,0.0,0.4,11,0,1,0,0,0,1,0,1,1,0,1,4,0,0,0,1,2.8655000000000017,46.845000000000034,0,0,0,0,0,0,0,0,0,0,0,1,0,0,0,1,0,0,0,0,0,1,0,0,0,1
O=C=O,1.4492,8.125,0.25,8.125,0.25,0.3641671297164792,44.009,44.009,43.98982924,16,0.3729288194127355,-0.18646440970636774,0.3729288194127355,0.18646440970636774,1.3333333333333333,1.3333333333333333,1.3333333333333333,16.236649983752773,11.77435001624722,1.131976275186126,-0.9445118654797582,0.7870546020353395,-1.2169546020353397,5.199368063920023,-0.19136806392002803,3.2659863237109046,23.774437510817343,2.7071067811865475,1.3164965809277263,1.3164965809277263,1.4142135623730951,0.4082482904638631,0.4082482904638631,0.08333333333333336,0.08333333333333336,0.0,0.0,0.0,0.0,-0.6200000000000001,2.7548875021634682,2.3800000000000003,1.3800000000000001,1.3799999999999997,17.062295227917083,0.0,0.0,0.0,0.0,6.1514994233331,0.0,0.0,9.589074368143644,0.0,0.0,0.0,0.0,0.0,9.589074368143644,6.1514994233331,0.0,0.0,0.0,0.0,0.0,0.0,0.0,0.0,6.1514994233331,9.589074368143644,0.0,0.0,0.0,0.0,34.14,0.0,0.0,6.1514994233331,0.0,0.0,0.0,0.0,0.0,0.0,9.589074368143644,0.0,16.25,0.0,0.0,0.0,0.0,0.25,0.0,0.0,0.0,3,0,2,0,0,0,0,0,0,2,0,2,0,0,0,0,0,-0.5835,5.007,0,0,0,0,0,0,0,2,0,0,0,0,0,0,0,0,0,0,0,0,0,0,0,0,0,0
Cc1ccccc1O,6.76,8.91925925925926,0.3680555555555558,8.91925925925926,0.3680555555555558,0.5359354364287862,108.13999999999999,100.07599999999998,108.057514876,42,0.11797961868439863,-0.5076872844527907,0.5076872844527907,0.11797961868439863,1.25,1.875,2.25,16.25527441287757,10.214592440524152,1.864690118404954,-1.9179349866154642,2.11713145249927,-1.683916199243291,5.292269352359672,0.47091519494026174,3.134861511345448,160.49662946459569,5.983127663125442,4.756614672258461,4.756614672258461,3.804530452640311,2.5509570669396053,2.5509570669396053,1.78648662573128,1.78648662573128,1.1154541553668325,1.1154541553668325,0.5634205269554476,0.5634205269554476,-0.98,72.49526582754562,5.162450142450142,1.8646221994975438,0.808016780809638,48.59057898608958,5.106527394840706,5.749511833283905,0.0,0.0,0.0,0.0,0.0,0.0,0.0,18.19910120538483,18.55355575984923,0.0,0.0,5.106527394840706,0.0,0.0,6.923737199690624,0.0,29.828919765543436,5.749511833283905,0.0,0.0,5.749511833283905,5.106527394840706,0.0,6.923737199690624,5.563451491696996,24.26546827384644,0.0,20.23,0.0,0.0,0.0,5.749511833283905,5.563451491696996,0.0,6.06636706846161,25.122838405075452,0.0,5.106527394840706,0.0,0.0,8.91925925925926,0.9236111111111113,0.3680555555555558,7.252037037037036,0.0,1.8703703703703702,0.0,0.14285714285714285,8,1,1,0,0,0,1,0,1,1,1,1,0,0,0,0,1,1.70062,32.843799999999995,0,0,0,1,0,0,0,0,0,0,1,1,0,0,0,0,0,0,0,0,0,1,1,1,0,0
Cc1cccc(O)c1,12.44,8.813055555555556,0.33796296296296324,8.813055555555556,0.33796296296296324,0.5359354364287862,108.13999999999999,100.07599999999998,108.057514876,42,0.11533965245343211,-0.5079565717457838,0.5079565717457838,0.11533965245343211,1.375,2.125,2.5,16.254656663338764,10.22455320548862,1.826185111866424,-1.894289843105025,2.0782394469439165,-1.6646216320811145,5.2507147553307165,0.4746651853356812,3.077660437970554,164.24662946459569,5.983127663125442,4.756614672258461,4.756614672258461,3.787693700234704,2.5449740027958976,2.5449740027958976,1.8390034826307355,1.8390034826307355,1.0016564017772738,1.0016564017772738,0.6279702493922379,0.6279702493922379,-0.9800000000000001,64.0524865010122,5.162450142450142,1.8646221994975438,0.9971092570832982,48.59057898608958,5.106527394840706,5.749511833283905,0.0,0.0,0.0,0.0,0.0,0.0,0.0,12.13273413692322,24.619922828310838,0.0,0.0,5.106527394840706,0.0,0.0,6.923737199690624,0.0,29.828919765543436,5.749511833283905,0.0,0.0,5.749511833283905,5.106527394840706,0.0,6.923737199690624,5.563451491696996,24.26546827384644,0.0,20.23,0.0,0.0,0.0,5.749511833283905,5.563451491696996,0.0,12.13273413692322,19.056471336613843,0.0,5.106527394840706,0.0,0.0,8.813055555555556,1.0879629629629632,0.33796296296296324,7.150185185185185,0.0,1.9441666666666666,0.0,0.14285714285714285,8,1,1,0,0,0,1,0,1,1,1,1,0,0,0,0,1,1.7006199999999998,32.843799999999995,0,0,0,1,0,0,0,0,0,0,1,1,0,0,0,0,0,0,0,0,0,0,1,1,0,0
Cc1ccc(O)cc1,13.05,8.756666666666668,0.3292592592592596,8.756666666666668,0.3292592592592596,0.5359354364287862,108.13999999999999,100.07599999999998,108.057514876,42,0.11509448895139268,-0.5079666481555334,0.5079666481555334,0.11509448895139268,1.125,1.625,2.0,16.254628518288314,10.227242689963592,1.8155373233666159,-1.8878934072065379,2.0680389765968967,-1.6594050791138777,5.239730988034628,0.47494762466874013,3.0324555320336755,143.24662946459569,5.983127663125442,4.756614672258461,4.756614672258461,3.787693700234704,2.5449740027958976,2.5449740027958976,1.8355491589367872,1.8355491589367872,1.0339713779597368,1.0339713779597368,0.5447634667576462,0.5447634667576462,-0.98,70.79892376087899,5.162450142450142,1.8646221994975438,0.9971092570832982,48.59057898608958,5.106527394840706,5.749511833283905,0.0,0.0,0.0,0.0,0.0,0.0,0.0,17.696185628620217,19.056471336613843,0.0,0.0,5.106527394840706,0.0,0.0,6.923737199690624,0.0,29.828919765543436,5.749511833283905,0.0,0.0,5.749511833283905,5.106527394840706,0.0,6.923737199690624,5.563451491696996,24.26546827384644,0.0,20.23,0.0,0.0,0.0,5.749511833283905,0.0,5.563451491696996,12.13273413692322,19.056471336613843,0.0,5.106527394840706,0.0,0.0,8.756666666666668,1.1692592592592594,0.3292592592592596,7.092592592592593,0.0,1.9855555555555555,0.0,0.14285714285714285,8,1,1,0,0,0,1,0,1,1,1,1,0,0,0,0,1,1.7006199999999998,32.843799999999995,0,0,0,1,0,0,0,0,0,0,1,1,0,0,0,0,0,0,0,0,0,0,1,1,0,0
O=C1CCC1,14.27,9.899305555555555,0.43518518518518556,9.899305555555555,0.43518518518518556,0.41052236175860424,70.09100000000001,64.04299999999999,70.041864812,28,0.13243840516053412,-0.29971746395926746,0.29971746395926746,0.13243840516053412,1.4,1.8,1.8,16.13898852025454,9.990705575834882,2.0912639864592966,-2.0454306376011844,2.0984879859660897,-2.067010324306489,5.828065297340535,-0.12296500039205484,2.3224050495909916,50.668290500398435,3.698670612749268,3.0295686340235055,3.0295686340235055,2.393846850117352,1.9112309264184788,1.9112309264184788,1.3922285251880866,1.3922285251880866,0.9112309264184789,0.9112309264184789,0.3211142625940433,0.3211142625940433,-0.33,10.39035952556319,2.884132762312634,0.813808963914784,0.31837055078089765,30.989768317533912,0.0,5.783244946364939,0.0,0.0,0.0,4.794537184071822,0.0,0.0,0.0,0.0,6.4208216229260096,12.841643245852019,0.0,4.794537184071822,5.783244946364939,0.0,19.26246486877803,0.0,0.0,0.0,0.0,0.0,0.0,5.783244946364939,4.794537184071822,0.0,19.26246486877803,0.0,0.0,17.07,0.0,4.794537184071822,0.0,5.783244946364939,19.26246486877803,0.0,0.0,0.0,0.0,0.0,0.0,9.899305555555555,0.0,0.0,0.43518518518518556,0.0,2.8321759259259256,0.0,0.0,0.75,5,0,1,1,0,1,0,0,0,1,0,1,0,1,0,1,1,0.7394000000000001,18.857999999999997,0,0,0,0,0,0,1,1,0,0,0,0,0,0,0,0,0,1,1,0,0,0,0,0,0,0
O=C1CCCCCCCCCCC1,11.4,11.299038407029478,0.5005309901738475,11.299038407029478,0.5005309901738475,0.555676737551937,182.30699999999996,160.13099999999997,182.167065324,76,0.1324113244396147,-0.2997179089855784,0.2997179089855784,0.1324113244396147,0.5384615384615384,0.8461538461538461,1.2307692307692308,16.1378175188502,10.00445665721252,2.0244726574161067,-2.0499229070389418,2.1394440563369703,-1.979415222856724,5.777046121755741,-0.11883913914770465,2.144560008407528,126.05990292969187,9.355524862241651,8.686422883515888,8.686422883515888,6.393846850117352,5.911230926418479,5.911230926418479,4.220655649934275,4.220655649934275,2.9112309264184786,2.9112309264184786,2.0067744343738636,2.0067744343738636,-0.33,978.5789294246621,10.748926598263616,7.10988646585922,5.839649417318773,81.9093052327068,0.0,5.783244946364939,0.0,0.0,0.0,4.794537184071822,0.0,0.0,0.0,44.94575136048208,12.841643245852019,12.841643245852019,0.0,4.794537184071822,5.783244946364939,0.0,70.62903785218613,0.0,0.0,0.0,0.0,0.0,0.0,5.783244946364939,4.794537184071822,0.0,70.62903785218613,0.0,0.0,17.07,0.0,4.794537184071822,0.0,5.783244946364939,25.683286491704038,44.94575136048208,0.0,0.0,0.0,0.0,0.0,11.299038407029478,0.0,0.0,0.5005309901738475,0.0,13.367097269463338,0.0,0.0,0.9166666666666666,13,0,1,1,0,1,0,0,0,1,0,1,0,1,0,1,1,3.8602000000000034,55.79400000000005,0,0,0,0,0,0,1,1,0,0,0,0,0,0,0,0,0,1,1,0,0,0,0,0,0,0
O=C1CCCCCC1,13.16,10.683055555555557,0.47453703703703765,10.683055555555557,0.47453703703703765,0.4373370857739534,112.17200000000001,100.07599999999998,112.088815004,46,0.13241132445136486,-0.29971790898555595,0.29971790898555595,0.13241132445136486,0.875,1.375,1.875,16.137833672478695,10.184632669998967,2.0445614364441234,-1.8658256900333432,2.1226954711300876,-1.912654103040301,5.779150634027467,-0.11841098823611755,2.26669651519302,76.38761556290453,5.819990956308912,5.150888977583149,5.150888977583149,3.893846850117352,3.4112309264184786,3.4112309264184786,2.4528886969679076,2.4528886969679076,1.6612309264184788,1.6612309264184788,1.1228909578906798,1.1228909578906798,-0.33,85.39865212877876,5.8003780964797915,2.852684594293651,1.6450481914728035,50.08459466072374,0.0,5.783244946364939,0.0,0.0,0.0,4.794537184071822,0.0,0.0,0.0,12.841643245852019,12.841643245852019,12.841643245852019,0.0,4.794537184071822,5.783244946364939,0.0,38.524929737556064,0.0,0.0,0.0,0.0,0.0,0.0,5.783244946364939,4.794537184071822,0.0,38.524929737556064,0.0,0.0,17.07,0.0,4.794537184071822,0.0,5.783244946364939,25.683286491704038,12.841643245852019,0.0,0.0,0.0,0.0,0.0,10.683055555555557,0.0,0.0,0.47453703703703765,0.0,6.509074074074074,0.0,0.0,0.8571428571428571,8,0,1,1,0,1,0,0,0,1,0,1,0,1,0,1,1,1.9097,32.70899999999998,0,0,0,0,0,0,1,1,0,0,0,0,0,0,0,0,0,1,1,0,0,0,0,0,0,0
C1=CCCCCC1,2.265,2.298611111111111,1.3194444444444444,2.298611111111111,1.3194444444444444,0.4063379244355816,96.173,84.07699999999998,96.093900384,40,-0.03507328213370474,-0.08853928066218605,0.08853928066218605,0.03507328213370474,0.7142857142857143,1.2857142857142858,1.8571428571428572,13.946750644123508,10.200509800340756,1.8824701635217749,-1.8591738343412845,2.0819236072625924,-1.6659957651659516,4.831790678103587,0.717681980016098,2.2029277664075284,54.43856189774725,4.949747468305834,4.690234444311988,4.690234444311988,3.5,3.1498299142610593,3.1498299142610593,2.1094149617604785,2.1094149617604785,1.408248290463863,1.408248290463863,0.9368563506824813,0.9368563506824813,-0.26,58.974147804380216,4.888367952522255,2.838891422835457,1.7674018438130124,45.23346952849571,0.0,0.0,0.0,0.0,0.0,0.0,0.0,0.0,0.0,18.572861836593773,25.683286491704038,0.0,0.0,0.0,0.0,0.0,32.10410811463005,0.0,12.152040213667762,0.0,0.0,0.0,0.0,0.0,0.0,0.0,32.10410811463005,12.152040213667762,0.0,0.0,0.0,0.0,0.0,0.0,0.0,32.10410811463005,0.0,0.0,12.152040213667762,0.0,0.0,0.0,0.0,0.0,0.0,0.0,11.5,0.0,0.0,0.7142857142857143,7,0,0,1,0,1,0,0,0,0,0,0,0,0,0,0,1,2.5067000000000004,32.22499999999999,0,0,0,0,0,0,0,0,0,2,0,0,0,0,0,0,0,0,0,0,0,0,0,0,0,0
C1=CCC=CC1,2.211,2.1805555555555554,1.1388888888888888,2.1805555555555554,1.1388888888888888,0.38966272622332315,80.13,72.06599999999999,80.062600256,32,-0.016896067685148813,-0.08444068375359089,0.08444068375359089,0.016896067685148813,0.6666666666666666,1.0,1.1666666666666667,13.82528462771457,10.200701885258544,1.7557919088375489,-1.8695207699710479,1.9652288390679917,-1.6593744741276621,5.018944307257109,1.2329998221869525,2.4,58.039100017307746,4.242640687119286,3.7236146391315983,3.7236146391315983,3.0,2.299659828522119,2.299659828522119,1.4142135623730954,1.4142135623730954,0.8776643872851508,0.8776643872851508,0.5420350197234279,0.5420350197234279,-0.52,34.3994618804395,3.662481751824818,1.8066556556023234,0.7127241728381909,38.178924381914854,0.0,0.0,0.0,0.0,0.0,0.0,0.0,0.0,0.0,24.304080427335524,12.841643245852019,0.0,0.0,0.0,0.0,0.0,12.841643245852019,0.0,24.304080427335524,0.0,0.0,0.0,0.0,0.0,0.0,0.0,12.841643245852019,24.304080427335524,0.0,0.0,0.0,0.0,0.0,0.0,12.841643245852019,0.0,0.0,0.0,24.304080427335524,0.0,0.0,0.0,0.0,0.0,0.0,0.0,11.0,0.0,0.0,0.3333333333333333,6,0,0,1,0,1,0,0,0,0,0,0,0,0,0,0,1,1.8926,27.51399999999999,0,0,0,0,0,0,0,0,0,4,0,0,0,0,0,0,0,0,0,0,0,0,0,0,0,0
OC1CCCCC1,16.4,8.909166666666668,0.035879629629629095,8.909166666666668,0.035879629629629095,0.4863248839438126,100.161,88.06499999999998,100.088815004,42,0.053984774844812504,-0.39313138246784024,0.39313138246784024,0.053984774844812504,1.0,1.5714285714285714,1.8571428571428572,16.265806170464227,9.981987147444359,2.0713281703650557,-2.1403644269403514,2.1579921435463514,-2.0941353324569594,4.611711079073381,0.13007435293164965,2.1229179499593664,46.14170945007629,5.112884175122364,4.5600977706223205,4.5600977706223205,3.393846850117352,3.0746954706748872,3.0746954706748872,2.2918339472343705,2.2918339472343705,1.574695470674887,1.574695470674887,1.0810387176187242,1.0810387176187242,-0.04,47.19725257297226,5.10367816091954,2.3141072195146584,1.4750627509406329,44.35236419847938,5.106527394840706,0.0,0.0,0.0,0.0,0.0,0.0,0.0,0.0,19.26246486877803,12.841643245852019,0.0,6.103966387748303,5.106527394840706,0.0,0.0,38.20807450237835,0.0,0.0,0.0,0.0,0.0,0.0,11.210493782589008,0.0,0.0,32.10410811463005,0.0,0.0,20.23,0.0,0.0,6.103966387748303,0.0,12.841643245852019,19.26246486877803,0.0,0.0,0.0,5.106527394840706,0.0,0.0,8.909166666666668,0.0,0.0,0.0,5.924166666666667,0.0,0.0,1.0,7,1,1,1,0,1,0,0,0,1,1,1,0,1,0,1,1,1.3114,29.091799999999985,0,1,1,0,0,0,0,0,0,0,0,0,0,0,0,0,0,0,0,0,0,0,0,0,0,0
O=C1CCCCC1,16.1,10.463055555555556,0.4641203703703709,10.463055555555556,0.4641203703703709,0.448625540575247,98.14500000000001,88.06499999999998,98.07316494,40,0.13241132759858107,-0.2997179089731855,0.2997179089731855,0.13241132759858107,1.0,1.5714285714285714,1.8571428571428572,16.13789092737584,9.997576300258713,2.05431477681095,-2.0476118583191836,2.1169690193792166,-2.0186618665215885,5.783227987090052,-0.1197264879126747,2.2495440947344707,68.24920506009684,5.112884175122364,4.443782196396601,4.443782196396601,3.393846850117352,2.9112309264184786,2.9112309264184786,2.099335306374634,2.099335306374634,1.4112309264184788,1.4112309264184788,0.9461142625940431,0.9461142625940431,-0.33,47.19725257297226,4.8199250374812594,2.101967961325131,1.298148750019123,43.719652546327126,0.0,5.783244946364939,0.0,0.0,0.0,4.794537184071822,0.0,0.0,0.0,6.4208216229260096,12.841643245852019,12.841643245852019,0.0,4.794537184071822,5.783244946364939,0.0,32.10410811463005,0.0,0.0,0.0,0.0,0.0,0.0,5.783244946364939,4.794537184071822,0.0,32.10410811463005,0.0,0.0,17.07,0.0,4.794537184071822,0.0,5.783244946364939,25.683286491704038,6.4208216229260096,0.0,0.0,0.0,0.0,0.0,10.463055555555556,0.0,0.0,0.4641203703703709,0.0,5.239490740740741,0.0,0.0,0.8333333333333334,7,0,1,1,0,1,0,0,0,1,0,1,0,1,0,1,1,1.5196,28.091999999999985,0,0,0,0,0,0,1,1,0,0,0,0,0,0,0,0,0,1,1,0,0,0,0,0,0,0
O=COC1CCCCC1,6.47,9.850856009070295,0.2326388888888884,9.850856009070295,0.2326388888888884,0.5265280274418117,128.171,116.07499999999997,128.083729624,52,0.2928525601504561,-0.46458973228476425,0.46458973228476425,0.2928525601504561,1.2222222222222223,1.8888888888888888,2.4444444444444446,16.52766436830269,9.978954434690277,2.121026105611719,-2.18394133447869,2.186272334675552,-2.147138530579058,5.369200516979475,-0.13434516240381836,2.145525723179687,84.91694057588535,6.52709773749546,5.506731025239716,5.506731025239716,4.431851652578137,3.5236033621142737,3.5236033621142737,2.492326717250485,2.492326717250485,1.8002044866086728,1.8002044866086728,1.2797813820701283,1.2797813820701283,-0.53,145.16653667335345,6.588063754427392,3.4868174048208713,2.0389280055171963,55.19813989023063,4.736862953800049,6.103966387748303,0.0,6.472220864716464,0.0,4.794537184071822,0.0,0.0,0.0,6.4208216229260096,25.683286491704038,0.0,0.0,9.53140013787187,6.472220864716464,0.0,38.20807450237835,0.0,0.0,0.0,0.0,0.0,0.0,12.576187252464766,9.53140013787187,0.0,32.10410811463005,0.0,0.0,26.3,0.0,4.794537184071822,6.103966387748303,6.472220864716464,12.841643245852019,19.26246486877803,0.0,0.0,0.0,4.736862953800049,4.802222222222222,9.850856009070295,0.0,0.0,0.0,0.0,6.114792139077853,0.5654629629629631,0.0,0.8571428571428571,9,0,2,1,0,1,0,0,0,2,0,2,2,1,0,1,1,1.4921,34.02199999999999,0,0,0,0,0,0,1,1,0,0,0,0,0,0,0,1,0,0,0,0,0,0,0,0,0,0
C1=CCCCCCC1,2.306,2.318611111111111,1.3194444444444444,2.318611111111111,1.3194444444444444,0.42048665275473174,110.2,96.08799999999998,110.109550448,46,-0.03507346591861598,-0.0885392821504849,0.0885392821504849,0.03507346591861598,0.625,1.125,1.625,13.958669845942262,10.069167722117719,1.894509832254501,-1.9952779206978344,2.0934373842075957,-1.7961059200178249,4.821836905828045,0.6377403788636749,2.172380198442006,62.10749561002054,5.6568542494923815,5.397341225498536,5.397341225498536,4.0,3.6498299142610593,3.6498299142610593,2.462968352353752,2.462968352353752,1.658248290463863,1.658248290463863,1.1136330459791182,1.1136330459791182,-0.26,72.69482743708812,5.869198966408269,3.7068222395822903,2.1527155819962744,51.59841164289232,0.0,0.0,0.0,0.0,0.0,0.0,0.0,0.0,0.0,24.993683459519783,25.683286491704038,0.0,0.0,0.0,0.0,0.0,38.524929737556064,0.0,12.152040213667762,0.0,0.0,0.0,0.0,0.0,0.0,0.0,38.524929737556064,12.152040213667762,0.0,0.0,0.0,0.0,0.0,0.0,0.0,38.524929737556064,0.0,0.0,12.152040213667762,0.0,0.0,0.0,0.0,0.0,0.0,0.0,13.000000000000002,0.0,0.0,0.75,8,0,0,1,0,1,0,0,0,0,0,0,0,0,0,0,1,2.8968000000000016,36.842,0,0,0,0,0,0,0,0,0,2,0,0,0,0,0,0,0,0,0,0,0,0,0,0,0,0
OC1CCCC1,18.5,8.729166666666668,0.046296296296295836,8.729166666666668,0.046296296296295836,0.46448993193719695,86.134,76.05399999999999,86.07316494,36,0.053984801105416404,-0.3931313823625101,0.3931313823625101,0.053984801105416404,1.1666666666666667,1.6666666666666667,1.8333333333333333,16.26616102076956,10.320349977190231,2.0865640467248188,-1.9089118857945926,2.158904138155017,-1.9426321489480105,4.625676707883458,0.1829267375211858,2.184105569636068,37.20310343869659,4.405777393935816,3.8529909894357735,3.8529909894357735,2.893846850117352,2.5746954706748872,2.5746954706748872,1.9382805566410968,1.9382805566410968,1.324695470674887,1.324695470674887,0.9042620223220874,0.9042620223220874,-0.04,33.548875021634686,4.127785234899329,1.6056599286563615,0.716242568370987,37.987422084082766,5.106527394840706,0.0,0.0,0.0,0.0,0.0,0.0,0.0,0.0,12.841643245852019,12.841643245852019,0.0,6.103966387748303,5.106527394840706,0.0,0.0,31.78725287945234,0.0,0.0,0.0,0.0,0.0,0.0,11.210493782589008,0.0,0.0,25.683286491704038,0.0,0.0,20.23,0.0,0.0,6.103966387748303,0.0,12.841643245852019,12.841643245852019,0.0,0.0,0.0,5.106527394840706,0.0,0.0,8.729166666666668,0.0,0.0,0.0,4.604166666666666,0.0,0.0,1.0,6,1,1,1,0,1,0,0,0,1,1,1,0,1,0,1,1,0.9213,24.474799999999988,0,1,1,0,0,0,0,0,0,0,0,0,0,0,0,0,0,0,0,0,0,0,0,0,0,0
O=C1CCCC1,13.58,10.243055555555555,0.45370370370370416,10.243055555555555,0.45370370370370416,0.4296801032840842,84.11800000000001,76.05399999999999,84.057514876,34,0.13241174098098987,-0.2997179056395969,0.2997179056395969,0.13241174098098987,1.1666666666666667,1.6666666666666667,1.8333333333333333,16.13811516867295,10.357493667553982,2.068709157016927,-1.7106114043194847,2.109360468251139,-1.8130186227992746,5.794964874845805,-0.11686212346795634,2.3673518510178746,58.33869642763737,4.405777393935816,3.736675415210053,3.736675415210053,2.893846850117352,2.4112309264184786,2.4112309264184786,1.7457819157813603,1.7457819157813603,1.1612309264184788,1.1612309264184788,0.7693375672974063,0.7693375672974063,-0.33,33.548875021634686,3.84636684303351,1.4138304835588202,0.5880806897900375,37.35471043193051,0.0,5.783244946364939,0.0,0.0,0.0,4.794537184071822,0.0,0.0,0.0,0.0,12.841643245852019,12.841643245852019,0.0,4.794537184071822,5.783244946364939,0.0,25.683286491704038,0.0,0.0,0.0,0.0,0.0,0.0,5.783244946364939,4.794537184071822,0.0,25.683286491704038,0.0,0.0,17.07,0.0,4.794537184071822,0.0,5.783244946364939,25.683286491704038,0.0,0.0,0.0,0.0,0.0,0.0,10.243055555555555,0.0,0.0,0.45370370370370416,0.0,3.9699074074074074,0.0,0.0,0.8,6,0,1,1,0,1,0,0,0,1,0,1,0,1,0,1,1,1.1295,23.47499999999999,0,0,0,0,0,0,1,1,0,0,0,0,0,0,0,0,0,1,1,0,0,0,0,0,0,0
C1=CCCC1,2.083,2.236111111111111,1.3194444444444444,2.236111111111111,1.3194444444444444,0.37908242774858664,68.119,60.05499999999999,68.062600256,28,-0.034778562662440664,-0.08852787792887483,0.08852787792887483,0.034778562662440664,1.0,1.6,1.8,13.908955829948093,10.368721598425218,1.8438377344047754,-1.6866606756717892,2.045512307816636,-1.4971461890918873,4.8762927706517045,0.9293512716877668,2.3238508690240818,38.0,3.5355339059327378,3.276020881938894,3.276020881938894,2.5,2.1498299142610593,2.1498299142610593,1.4023081805739313,1.4023081805739313,0.9082482904638629,0.9082482904638629,0.5892556509887895,0.5892556509887895,-0.26,22.886435386960574,2.950970464135022,1.2497295661307843,0.5039801313892006,32.5035852997025,0.0,0.0,0.0,0.0,0.0,0.0,0.0,0.0,0.0,12.152040213667762,19.26246486877803,0.0,0.0,0.0,0.0,0.0,19.26246486877803,0.0,12.152040213667762,0.0,0.0,0.0,0.0,0.0,0.0,0.0,19.26246486877803,12.152040213667762,0.0,0.0,0.0,0.0,0.0,0.0,0.0,19.26246486877803,0.0,0.0,12.152040213667762,0.0,0.0,0.0,0.0,0.0,0.0,0.0,8.5,0.0,0.0,0.6,5,0,0,1,0,1,0,0,0,0,0,0,0,0,0,0,1,1.7265,22.990999999999993,0,0,0,0,0,0,0,0,0,2,0,0,0,0,0,0,0,0,0,0,0,0,0,0,0,0
CCCCCCCCCCO,7.93,8.507012641489101,0.3700000000000001,8.507012641489101,0.3700000000000001,0.5380402798848124,158.285,136.10899999999998,158.167065324,68,0.043052407228889096,-0.39637656934228244,0.39637656934228244,0.043052407228889096,0.7272727272727273,1.1818181818181819,1.6363636363636365,16.249925975595467,10.090100395149069,1.8880856920778704,-1.9829591967337095,2.070505379699938,-1.831827006128816,4.441733181123969,0.2820048741318684,2.6909155266923976,53.89311688209828,8.36396103067893,7.811174626178888,7.811174626178888,5.414213562373096,5.023334547203385,5.023334547203385,3.198480531902894,3.198480531902894,2.0116672736016925,2.0116672736016925,1.2456868753581731,1.2456868753581731,-0.04,292.8860629742695,10.96,9.96,9.960000000000003,70.81796380959506,5.106527394840706,0.0,0.0,0.0,0.0,0.0,0.0,0.0,0.0,51.8694885601727,6.4208216229260096,6.606881964512918,0.0,5.106527394840706,0.0,0.0,58.29031018309871,6.606881964512918,0.0,0.0,0.0,0.0,0.0,11.713409359353623,0.0,0.0,58.29031018309871,0.0,0.0,20.23,0.0,0.0,0.0,6.606881964512918,6.4208216229260096,44.94575136048208,0.0,0.0,6.923737199690624,5.106527394840706,0.0,0.0,8.507012641489101,0.0,0.0,0.0,10.381161344167298,2.611826014343601,0.0,1.0,11,1,1,0,0,0,0,0,0,1,1,1,8,0,0,0,0,3.119400000000002,49.69580000000003,0,1,1,0,0,0,0,0,0,0,0,0,0,0,0,0,0,0,0,0,0,0,0,0,0,6
CCCCCCCCC(C)O,5.82,8.955065901360545,-0.09613412803392984,8.955065901360545,0.09613412803392984,0.5643412331132144,158.285,136.10899999999998,158.167065324,68,0.05116668313469139,-0.3934192690333077,0.3934192690333077,0.05116668313469139,1.0,1.5454545454545454,2.090909090909091,16.26466650437929,10.081804118882815,1.9405203138956664,-2.0223464371982303,2.0739302573498892,-1.9752095299364825,4.483640153190934,0.1800013393396257,2.7964218719764764,69.27302875388388,8.52709773749546,7.974311332995418,7.974311332995418,5.270055610029662,4.950904230587198,4.950904230587198,3.4054634536072608,3.4054634536072608,1.9754521152935984,1.9754521152935984,1.2200788913367757,1.2200788913367757,-0.04,240.89588338167468,10.96,8.060401606425705,9.960000000000003,70.81796380959504,5.106527394840706,0.0,0.0,0.0,0.0,0.0,0.0,0.0,0.0,45.448666937246685,13.344558822616634,0.0,6.103966387748303,5.106527394840706,0.0,0.0,64.89719214761162,0.0,0.0,0.0,0.0,0.0,0.0,11.210493782589008,0.0,0.0,58.79322575986332,0.0,0.0,20.23,0.0,0.0,6.103966387748303,0.0,6.4208216229260096,38.524929737556064,0.0,6.923737199690624,6.923737199690624,5.106527394840706,0.0,0.0,8.955065901360545,0.0,0.0,0.0,8.779219865415303,4.099047566557487,0.0,1.0,11,1,1,0,0,0,0,0,0,1,1,1,7,0,0,0,0,3.117800000000002,49.67380000000003,0,1,1,0,0,0,0,0,0,0,0,0,0,0,0,0,0,0,0,0,0,0,0,0,0,4
CCCCCCCC(O)CC,4.05,9.214448617409927,-0.04479024943310694,9.214448617409927,0.04479024943310694,0.5643412331132145,158.285,136.10899999999998,158.167065324,68,0.05372202876614347,-0.39314221194376076,0.39314221194376076,0.05372202876614347,1.0,1.6363636363636365,2.1818181818181817,16.26561348068064,10.071708890680307,1.980940378323452,-2.0540553973017177,2.0780320199206948,-2.026056296744894,4.5198601150350965,0.1562173483910378,2.894206463174485,71.27302875388389,8.52709773749546,7.974311332995418,7.974311332995418,5.308060412490447,4.988909033047982,4.988909033047982,3.2649604936966945,3.2649604936966945,2.1121504463605856,2.1121504463605856,1.1876397633375455,1.1876397633375455,-0.04,266.8494448857759,10.96,8.060401606425705,7.860849011479592,70.81796380959503,5.106527394840706,0.0,0.0,0.0,0.0,0.0,0.0,0.0,0.0,45.95158251401129,12.841643245852019,0.0,6.103966387748303,5.106527394840706,0.0,0.0,64.89719214761162,0.0,0.0,0.0,0.0,0.0,0.0,11.210493782589008,0.0,0.0,58.79322575986332,0.0,0.0,20.23,0.0,5.106527394840706,6.103966387748303,0.0,12.841643245852019,32.10410811463005,0.0,6.923737199690624,6.923737199690624,0.0,0.0,0.0,9.214448617409927,0.0,0.0,0.0,8.357377015621063,4.261507700302344,0.0,1.0,11,1,1,0,0,0,0,0,0,1,1,1,7,0,0,0,0,3.1178000000000017,49.67380000000003,0,1,1,0,0,0,0,0,0,0,0,0,0,0,0,0,0,0,0,0,0,0,0,0,0,3
CCCCCCC(O)CCC,3.42,9.348503401360544,-0.030688775510204547,9.348503401360544,0.030688775510204547,0.5643412331132144,158.28499999999997,136.10899999999998,158.167065324,68,0.05397465119852909,-0.3931315661236573,0.3931315661236573,0.05397465119852909,0.9090909090909091,1.6363636363636365,2.1818181818181817,16.265682586823242,10.063895852454596,2.000388383201377,-2.0702001212254735,2.081405239416181,-2.042972310199879,4.538410976410753,0.1497130279273181,2.9725776527439676,71.27302875388389,8.52709773749546,7.974311332995418,7.974311332995418,5.308060412490447,4.988909033047982,4.988909033047982,3.2918339472343705,3.2918339472343705,2.0127998506310423,2.0127998506310423,1.2843000802118958,1.2843000802118958,-0.04,254.60129569772985,10.96,8.060401606425705,7.860849011479592,70.81796380959503,5.106527394840706,0.0,0.0,0.0,0.0,0.0,0.0,0.0,0.0,45.95158251401129,12.841643245852019,0.0,6.103966387748303,5.106527394840706,0.0,0.0,64.89719214761162,0.0,0.0,0.0,0.0,0.0,0.0,11.210493782589008,0.0,0.0,58.79322575986332,0.0,0.0,20.23,0.0,5.106527394840706,6.103966387748303,0.0,19.26246486877803,25.683286491704038,0.0,0.0,13.847474399381248,0.0,0.0,0.0,9.348503401360544,0.0,0.0,0.0,8.153744173595364,4.331085758377425,0.0,1.0,11,1,1,0,0,0,0,0,0,1,1,1,7,0,0,0,0,3.1178000000000017,49.67380000000003,0,1,1,0,0,0,0,0,0,0,0,0,0,0,0,0,0,0,0,0,0,0,0,0,0,2
CCCCCC(O)CCCC,3.24,9.406910430839002,-0.02638888888888924,9.406910430839002,0.02638888888888924,0.5643412331132144,158.28499999999997,136.10899999999998,158.167065324,68,0.053984599459467916,-0.3931313839351955,0.3931313839351955,0.053984599459467916,0.9090909090909091,1.4545454545454546,2.0,16.26568924223829,10.0598892518288,2.0079880213613572,-2.076795802490107,2.0832430753885087,-2.0483969820904315,4.545892739393062,0.1479258769358226,3.017123749997144,71.27302875388389,8.52709773749546,7.974311332995418,7.974311332995418,5.308060412490447,4.988909033047982,4.988909033047982,3.29183394723437,3.29183394723437,2.0318022518614343,2.0318022518614343,1.2140486002566124,1.2140486002566124,-0.04,259.80449914949315,10.96,8.060401606425705,7.860849011479592,70.81796380959503,5.106527394840706,0.0,0.0,0.0,0.0,0.0,0.0,0.0,0.0,45.95158251401129,12.841643245852019,0.0,6.103966387748303,5.106527394840706,0.0,0.0,64.89719214761162,0.0,0.0,0.0,0.0,0.0,0.0,11.210493782589008,0.0,0.0,58.79322575986332,0.0,0.0,20.23,0.0,5.106527394840706,6.103966387748303,0.0,12.841643245852019,32.10410811463005,0.0,0.0,13.847474399381248,0.0,0.0,0.0,9.406910430839002,0.0,0.0,0.0,8.068102639203829,4.358320263290501,0.0,1.0,11,1,1,0,0,0,0,0,0,1,1,1,7,0,0,0,0,3.1178000000000017,49.67380000000003,0,1,1,0,0,0,0,0,0,0,0,0,0,0,0,0,0,0,0,0,0,0,0,0,0,1
C=CCCCCCCCC,2.136,3.694651596749811,1.2005208333333335,3.694651596749811,1.2005208333333335,0.3711511006880485,140.27,120.10999999999997,140.15650064,60,-0.03534129310993146,-0.10308297893627165,0.10308297893627165,0.03534129310993146,1.0,1.6,2.2,13.924979636384105,10.103471779693372,1.8609118100350819,-1.9606671042641166,2.0584761108411938,-1.7630533860889304,4.646643452681372,0.6112666584803249,2.7037899012453233,64.43856189774723,7.6568542494923815,7.234204518682006,7.234204518682006,4.914213562373096,4.523603362114273,4.523603362114273,2.845117222155994,2.845117222155994,1.7618016810571364,1.7618016810571364,1.0690052204847231,1.0690052204847231,-0.26,175.07674799821407,9.739999999999998,8.739999999999998,7.739999999999999,65.33412702521478,0.0,0.0,0.0,0.0,0.0,0.0,0.0,0.0,6.578935683598497,45.10386542115455,12.841643245852019,0.0,0.0,0.0,0.0,0.0,51.8694885601727,0.0,12.654955790432378,0.0,0.0,0.0,0.0,0.0,0.0,0.0,51.8694885601727,12.654955790432378,0.0,0.0,0.0,0.0,0.0,0.0,0.0,44.94575136048208,0.0,6.076020106833881,13.502672883289122,0.0,0.0,0.0,0.0,0.0,0.0,0.0,11.551637377173092,5.948362622826908,0.0,0.8,10,0,0,0,0,0,0,0,0,0,0,0,7,0,0,0,0,3.9230000000000027,48.190000000000026,0,0,0,0,0,0,0,0,0,1,0,0,0,0,0,0,0,0,0,0,0,0,0,0,0,5
CCCCCCCCCCOC(C)=O,3.75,10.428623976798198,-0.15930944915207168,10.428623976798198,0.15930944915207168,0.41890454460111903,200.32199999999997,176.12999999999997,200.177630008,84,0.30212286792610354,-0.46587768666799095,0.46587768666799095,0.30212286792610354,0.9285714285714286,1.4285714285714286,1.9285714285714286,16.53145912730603,10.089604775299946,1.9324666448597194,-2.016660269901095,2.0765090850598162,-1.9949471384316755,5.653189012771369,-0.1405742249873216,2.884064614706359,132.28341890015258,10.648418081055103,9.680457611606656,9.680457611606656,6.770055610029663,5.904030206245223,5.904030206245223,3.81491707047945,3.81491707047945,2.3032161629029315,2.3032161629029315,1.4518430720304853,1.4518430720304853,-0.53,1119.28168851183,13.47,10.550192461908578,11.47,88.02868161574291,4.736862953800049,0.0,0.0,0.0,5.969305287951849,4.794537184071822,0.0,0.0,0.0,51.8694885601727,6.4208216229260096,6.923737199690624,6.606881964512918,9.53140013787187,5.969305287951849,0.0,65.21404738278933,6.606881964512918,0.0,0.0,0.0,0.0,0.0,12.576187252464766,9.53140013787187,0.0,65.21404738278933,0.0,0.0,26.3,0.0,4.794537184071822,5.969305287951849,6.606881964512918,6.4208216229260096,51.8694885601727,0.0,0.0,6.923737199690624,4.736862953800049,4.848043267659069,10.428623976798198,0.0,0.0,-0.15930944915207168,0.0,10.249567327747341,4.299741543614129,0.0,0.9166666666666666,14,0,2,0,0,0,0,0,0,2,0,2,9,0,0,0,0,3.6902000000000026,59.24300000000005,0,0,0,0,0,0,1,1,0,0,0,0,0,0,1,1,0,0,0,0,0,0,0,0,0,7
CC(=O)CC(C)(C)O,18.2,10.299375000000001,-0.8275462962962963,10.299375000000001,0.025462962962963465,0.5773011105328564,116.15999999999998,104.06399999999998,116.083729624,48,0.13218099052709145,-0.3900121029867823,0.3900121029867823,0.13218099052709145,1.625,2.0,2.0,16.282160827317284,10.035903798116205,2.134196354067687,-2.1275596464831925,2.056395578639334,-2.2107134151359205,5.758957724469098,-0.12020809013649192,3.5512529243669313,89.19188266301451,6.784457050376173,5.562568667150369,5.562568667150369,3.4165022194363885,2.634837724168458,2.634837724168458,2.6912260581141734,2.6912260581141734,0.6815558110428234,0.6815558110428234,0.609222760613285,0.609222760613285,-0.37,23.005390496014627,7.63,2.266093076218851,5.630000000000001,49.51971745205236,5.106527394840706,5.783244946364939,0.0,0.0,0.0,4.794537184071822,0.0,0.0,0.0,0.0,20.771211599071872,6.4208216229260096,5.601050810983688,9.901064578912528,5.783244946364939,0.0,32.79308403298157,0.0,0.0,0.0,0.0,0.0,0.0,16.490823152189336,4.794537184071822,0.0,27.19203322199788,0.0,0.0,37.3,5.601050810983688,4.794537184071822,12.204066569290948,0.0,0.0,6.923737199690624,13.847474399381248,0.0,0.0,5.106527394840706,0.0,10.299375000000001,8.967222222222222,-0.8275462962962963,0.025462962962963465,0.0,0.24305555555555536,4.709097222222223,0.0,0.8333333333333334,8,1,2,0,0,0,0,0,0,2,1,2,2,0,0,0,0,0.7363999999999999,31.595799999999983,0,1,0,0,0,0,1,1,0,0,0,0,0,0,0,0,0,1,1,0,0,0,0,0,0,0
c1ccc(COCc2ccccc2)cc1,3.821,5.605740740740741,0.6763236961451247,5.605740740740741,0.6763236961451247,0.7312006902877912,198.26500000000001,184.15299999999996,198.104465068,76,0.07209664108064073,-0.3720967403051906,0.3720967403051906,0.07209664108064073,0.6,1.0,1.4,16.473341547152963,10.204070870033744,1.9266944373625352,-2.034767909340947,2.0461259418492097,-1.9280759340851352,5.147175811867582,0.1069353665481903,1.8095807579695855,341.09815896246135,10.347088693804373,8.595964544733219,8.595964544733219,7.449489742783179,5.1058242554220925,5.1058242554220925,3.4639963991337233,3.4639963991337233,2.2231068027202427,2.2231068027202427,1.4352045287847555,1.4352045287847555,-1.5999999999999996,4414.324202483753,9.936265432098764,5.322711058263973,3.222760476739716,90.3319267838611,4.736862953800049,0.0,0.0,0.0,0.0,0.0,0.0,0.0,0.0,60.6636706846161,11.126902983393991,0.0,13.213763929025836,4.736862953800049,0.0,0.0,13.213763929025836,0.0,71.7905736680101,0.0,0.0,0.0,0.0,0.0,17.950626882825887,0.0,11.126902983393991,60.6636706846161,0.0,9.23,0.0,0.0,0.0,13.213763929025836,0.0,11.126902983393991,0.0,36.39820241076966,24.26546827384644,4.736862953800049,5.605740740740741,0.0,0.0,2.432279856387,0.0,20.442665343915344,0.0,1.3526473922902493,0.0,0.14285714285714285,15,0,1,0,0,0,2,0,2,1,0,1,4,0,0,0,2,3.403400000000002,61.37700000000004,0,0,0,0,0,0,0,0,0,0,0,2,0,0,0,1,0,0,0,0,0,0,0,0,0,0
CCCCOC(=O)c1ccccc1C(=O)OCCCC,6.58,11.944744819223985,-0.47084118060804525,11.944744819223985,0.2686125283446712,0.5382823793200492,278.348,256.17199999999997,278.151809184,110,0.33850596455259063,-0.4620783967394106,0.4620783967394106,0.33850596455259063,0.85,1.25,1.6,16.53910627741684,10.08490658612528,2.1805387904793756,-2.089385574101829,2.1232332074785645,-2.1445019229492575,6.026113618839689,0.04521173681832877,2.7123913375014235,398.85794216890986,14.794682450997078,12.185034925733243,12.185034925733243,9.701907262607799,7.135410681680073,7.135410681680073,4.524528945358464,4.524528945358464,2.8289865989409635,2.8289865989409635,1.6130257701644908,1.6130257701644908,-1.8399999999999999,29244.903072936122,16.215066079295156,9.125580158740503,5.034776863662885,119.63095892256436,9.473725907600098,0.0,0.0,0.0,11.938610575903699,0.0,9.589074368143644,0.0,0.0,38.821851782156486,24.974377382775238,0.0,24.340666912419827,19.06280027574374,11.938610575903699,0.0,39.53076089108528,13.213763929025836,35.392371257240434,0.0,0.0,0.0,0.0,25.152374504929536,9.473725907600098,0.0,60.246738242622925,24.26546827384644,0.0,52.60000000000001,11.938610575903699,9.589074368143644,11.126902983393991,13.213763929025836,25.683286491704038,0.0,24.26546827384644,13.847474399381248,0.0,9.473725907600098,10.27647833207357,23.88948963844797,0.0,0.5372250566893424,-0.9416823612160905,6.591131109851348,3.533411858881181,4.780613031939344,0.0,0.5,20,0,4,0,0,0,1,0,1,4,0,4,8,0,0,0,1,3.600400000000003,76.82300000000005,0,0,0,0,0,0,2,2,0,0,0,1,0,0,2,2,0,0,0,0,0,0,0,0,0,2
C1CCC(OC2CCCCC2)CC1,3.45,6.1322222222222225,0.6220833333333332,6.1322222222222225,0.6220833333333332,0.632860599196764,182.30699999999996,160.13099999999997,182.167065324,76,0.05784910086657251,-0.3749944777393341,0.3749944777393341,0.05784910086657251,0.5384615384615384,0.9230769230769231,1.3076923076923077,16.498093731539168,9.947109059547603,2.19983967781554,-2.292781029294525,2.264246261094644,-2.2541412797598652,4.70669687842162,-0.04497060736806869,1.6872141191211394,116.05990292969187,8.932875131431276,8.634016640708591,8.634016640708591,6.449489742783179,6.104397682646484,6.104397682646484,4.65612058128314,4.65612058128314,3.489297862106234,3.489297862106234,2.6745934508524885,2.6745934508524885,-0.04,1589.7182302135147,9.512540619535145,4.994598611605554,2.9780280400480326,81.85549720864068,4.736862953800049,0.0,0.0,0.0,0.0,0.0,0.0,0.0,0.0,38.524929737556064,25.683286491704038,0.0,12.207932775496605,4.736862953800049,0.0,0.0,76.41614900475672,0.0,0.0,0.0,0.0,0.0,0.0,12.207932775496605,4.736862953800049,0.0,64.20821622926012,0.0,0.0,9.23,0.0,0.0,0.0,12.207932775496605,0.0,64.20821622926012,0.0,0.0,0.0,4.736862953800049,6.1322222222222225,0.0,0.0,0.0,0.0,0.0,15.034444444444443,0.0,0.0,1.0,13,0,1,2,0,2,0,0,0,1,0,1,2,2,0,2,2,3.6684000000000028,54.831000000000046,0,0,0,0,0,0,0,0,0,0,0,0,0,0,0,1,0,0,0,0,0,0,0,0,0,0
CCCCCCCCCCOCCCCCCCCCC,2.644,5.723864313095914,0.9915277777777778,5.723864313095914,0.9915277777777778,0.24143004385556788,298.555,256.21899999999994,298.323565964,128,0.046553397776831415,-0.3814524488455787,0.3814524488455787,0.046553397776831415,0.38095238095238093,0.6666666666666666,1.0,16.472871480560954,10.086196360872446,1.938239606036219,-2.047170453967023,2.0951648377949943,-1.9686381928067356,4.47352198039465,0.12536797569000507,2.901443984538413,149.22134949146295,15.435028842544408,15.136170351821724,15.136170351821724,10.414213562373096,9.99156383156272,9.99156383156272,6.562119904001627,6.562119904001627,4.284457050376173,4.284457050376173,2.778077316046197,2.778077316046197,-0.04,44319.47665250541,20.96,19.960000000000004,19.959999999999997,134.78669643087204,4.736862953800049,0.0,0.0,0.0,0.0,0.0,0.0,0.0,0.0,103.73897712034541,12.841643245852019,13.213763929025836,0.0,4.736862953800049,0.0,0.0,116.58062036619744,13.213763929025836,0.0,0.0,0.0,0.0,0.0,13.213763929025836,4.736862953800049,0.0,116.58062036619744,0.0,0.0,9.23,0.0,0.0,0.0,0.0,13.213763929025836,102.7331459668162,0.0,0.0,13.847474399381248,4.736862953800049,5.723864313095914,0.0,0.0,0.0,0.0,0.0,22.22997473867518,6.546160948228909,0.0,1.0,21,0,1,0,0,0,0,0,0,1,0,1,18,0,0,0,0,7.284400000000009,96.03900000000009,0,0,0,0,0,0,0,0,0,0,0,0,0,0,0,1,0,0,0,0,0,0,0,0,0,16
CCOCOCC,2.527,4.851666666666667,0.4375,4.851666666666667,0.4375,0.39130553466661755,104.149,92.05299999999998,104.083729624,44,0.14617310473834694,-0.35571862092632356,0.35571862092632356,0.14617310473834694,1.0,1.4285714285714286,1.7142857142857142,16.657115628082334,10.854334983987416,1.7588173889875436,-1.9683018077646428,1.7351380905114862,-1.9707101441115422,4.075296841215741,-0.044490346356737015,2.447472887876344,25.26112492884004,5.535533905932738,4.937816924487368,4.937816924487368,3.414213562373095,2.5689141007523464,2.5689141007523464,1.1034496898512467,1.1034496898512467,0.5749149571305296,0.5749149571305296,0.22559223176554563,0.22559223176554563,-0.08,35.509609925153406,6.92,5.92,5.920000000000001,44.42610994442975,9.473725907600098,6.792942306099827,0.0,0.0,0.0,0.0,0.0,0.0,0.0,0.0,13.847474399381248,13.213763929025836,0.0,9.473725907600098,0.0,0.0,13.847474399381248,20.006706235125662,0.0,0.0,0.0,0.0,0.0,20.006706235125662,9.473725907600098,0.0,13.847474399381248,0.0,0.0,18.46,0.0,0.0,0.0,6.792942306099827,13.213763929025836,0.0,0.0,13.847474399381248,0.0,9.473725907600098,9.703333333333333,0.0,0.0,0.0,0.0,0.0,0.0,5.796666666666667,0.0,1.0,7,0,2,0,0,0,0,0,0,2,0,2,4,0,0,0,0,1.0169000000000001,28.118999999999986,0,0,0,0,0,0,0,0,0,0,0,0,0,0,0,2,0,0,0,0,0,0,0,0,0,2
CCc1cccc(CC)c1,2.369,2.2777777777777777,1.1466666666666665,2.2777777777777777,1.1466666666666665,0.5831204703949601,134.22199999999998,120.10999999999997,134.109550448,54,-0.03073398623049164,-0.06172035451334157,0.06172035451334157,0.03073398623049164,1.0,1.5,1.9,13.949702056483012,10.079450217179128,1.8896634776318588,-1.9807270932699323,2.0505210437250496,-1.8276461924903555,5.225426859332224,1.0868159067749017,2.8711457287957725,181.69821324529929,7.397341225498538,6.723614639131599,6.723614639131599,4.863703305156274,3.9426875486055617,3.9426875486055617,2.5270576858082228,2.5270576858082228,1.8078898326815913,1.8078898326815913,1.0694902838028495,1.0694902838028495,-0.78,235.2901527615482,7.328459869848157,3.4037722935552446,1.598288065805947,62.891171577083384,0.0,0.0,0.0,0.0,0.0,0.0,0.0,0.0,0.0,38.112942673227685,23.96854622924601,0.0,0.0,0.0,0.0,0.0,26.689117645233267,0.0,35.392371257240434,0.0,0.0,0.0,0.0,0.0,12.841643245852019,0.0,24.974377382775238,24.26546827384644,0.0,0.0,0.0,0.0,0.0,0.0,12.841643245852019,11.126902983393991,0.0,0.0,38.112942673227685,0.0,0.0,0.0,0.0,2.8876851851851857,0.0,8.773796296296297,2.293333333333333,4.3785185185185185,0.0,0.4,10,0,0,0,0,0,1,0,1,0,0,0,2,0,0,0,1,2.811400000000001,45.19800000000003,0,0,0,0,0,0,0,0,0,0,2,1,0,0,0,0,0,0,0,0,0,0,0,0,0,0
CCc1ccc(CC)cc1,2.2592,2.207175925925926,1.1428514739229025,2.207175925925926,1.1428514739229025,0.5831204703949601,134.22199999999998,120.10999999999997,134.109550448,54,-0.030743747647749592,-0.061294135377601325,0.061294135377601325,0.030743747647749592,0.8,1.1,1.3,13.938169789117763,10.091104112264919,1.8773853534103442,-1.969818494684351,2.0410637502095828,-1.8138008272787938,5.215707006356914,1.100400481973061,2.7972512629697874,160.69821324529929,7.397341225498538,6.723614639131599,6.723614639131599,4.863703305156274,3.9426875486055613,3.9426875486055613,2.5236033621142737,2.5236033621142737,1.8394679478451754,1.8394679478451754,1.0106679820275342,1.0106679820275342,-0.78,237.587417309747,7.328459869848157,3.4037722935552446,1.598288065805947,62.89117157708339,0.0,0.0,0.0,0.0,0.0,0.0,0.0,0.0,0.0,38.112942673227685,23.96854622924601,0.0,0.0,0.0,0.0,0.0,26.689117645233267,0.0,35.392371257240434,0.0,0.0,0.0,0.0,0.0,12.841643245852019,0.0,24.974377382775238,24.26546827384644,0.0,0.0,0.0,0.0,0.0,0.0,12.841643245852019,11.126902983393991,0.0,0.0,38.112942673227685,0.0,0.0,0.0,0.0,2.855925925925926,0.0,8.828703703703704,2.285702947845805,4.3630007558578985,0.0,0.4,10,0,0,0,0,0,1,0,1,0,0,0,2,0,0,0,1,2.811400000000001,45.19800000000003,0,0,0,0,0,0,0,0,0,0,2,1,0,0,0,0,0,0,0,0,0,0,0,0,0,0
OCCOCCO,31.82,8.08625,0.02777777777777768,8.08625,0.02777777777777768,0.4512483454757534,106.121,96.041,106.06299418,44,0.06983770901314526,-0.3939803248815449,0.3939803248815449,0.06983770901314526,1.0,1.4285714285714286,1.7142857142857142,16.492048156590776,10.722758674519781,1.7902477886608232,-1.9410848007494004,1.6778440625411846,-2.0256745253064454,4.235162489037085,0.06497451219300676,2.447472887876344,26.115877901113386,5.535533905932738,4.131102606209969,4.131102606209969,3.414213562373095,2.2098058012233013,2.2098058012233013,1.0595860311957523,1.0595860311957523,0.4712493204298682,0.4712493204298682,0.23116151748954625,0.23116151748954625,-0.12,35.509609925153406,6.880000000000001,5.88,5.88,42.53609010491827,14.94991774348146,0.0,0.0,0.0,0.0,0.0,0.0,0.0,0.0,0.0,0.0,0.0,26.427527858051672,14.94991774348146,0.0,0.0,0.0,26.427527858051672,0.0,0.0,0.0,0.0,0.0,36.64058264773308,4.736862953800049,0.0,0.0,0.0,0.0,49.69,0.0,0.0,13.213763929025836,13.213763929025836,0.0,0.0,0.0,0.0,4.736862953800049,10.213054789681411,4.631944444444445,0.0,16.1725,0.0,0.0,0.0,0.0,0.6955555555555555,0.0,1.0,7,2,3,0,0,0,0,0,0,3,2,3,4,0,0,0,0,-1.0124,24.99059999999999,0,2,2,0,0,0,0,0,0,0,0,0,0,0,0,1,0,0,0,0,0,0,0,0,0,2
COCCOCCOC,7.23,5.064444444444444,0.6526388888888889,5.064444444444444,0.6526388888888889,0.4887535185088601,134.175,120.06299999999997,134.094294308,56,0.07009723476105108,-0.3822977261723157,0.3822977261723157,0.07009723476105108,0.7777777777777778,1.2222222222222223,1.5555555555555556,16.535366340024712,10.708899361245841,1.8394357828842804,-2.0016564231998566,1.7509165541171785,-2.0604744430873256,4.2757721954267565,0.03852003581561913,2.595082706793886,41.567631415296866,6.949747468305834,6.053171996137779,6.053171996137779,4.414213562373095,2.9711971193069777,2.9711971193069777,1.5979709953492833,1.5979709953492833,0.8635900917253425,0.8635900917253425,0.38657986948039036,0.38657986948039036,-0.12,103.68791599331826,8.880000000000003,7.8800000000000034,7.880000000000003,55.90459728833323,14.210588861400147,0.0,0.0,0.0,0.0,0.0,0.0,0.0,0.0,0.0,0.0,14.219595082555067,26.427527858051672,14.210588861400147,0.0,0.0,0.0,40.647122940606735,0.0,0.0,0.0,0.0,0.0,40.647122940606735,14.210588861400147,0.0,0.0,0.0,0.0,27.69,0.0,0.0,0.0,26.427527858051672,0.0,0.0,14.219595082555067,0.0,0.0,14.210588861400147,14.576874999999998,0.0,0.0,0.0,0.0,0.0,0.0,2.618202947845805,3.304922052154195,1.0,9,0,3,0,0,0,0,0,0,3,0,3,6,0,0,0,0,0.29580000000000006,34.57099999999999,0,0,0,0,0,0,0,0,0,0,0,0,0,0,0,3,0,0,0,0,2,0,0,0,0,4
CCOC(=O)C=CC(=O)OCC,6.56,10.634953231292517,-0.5365249433106574,10.634953231292517,0.297617787855883,0.461643930727104,172.17999999999995,160.08399999999997,172.073558864,68,0.3304955947262348,-0.4628220014249601,0.4628220014249601,0.3304955947262348,1.0,1.3333333333333333,1.5833333333333333,16.536980981847215,10.480195704716824,1.9692091882912321,-1.9504221702105176,1.8395285085989017,-2.0305780335377213,5.910991628037686,-0.13952711577795762,3.7281604099567245,163.49688176536182,9.397341225498538,7.201907262607799,7.201907262607799,5.701907262607799,3.7187440150134066,3.7187440150134066,1.8374299245754706,1.8374299245754706,0.9286917917684798,0.9286917917684798,0.5168256052173168,0.5168256052173168,-1.32,374.0377304598448,10.68,6.393995146516292,5.463757940031418,71.15437745552283,9.473725907600098,0.0,0.0,0.0,11.938610575903699,0.0,9.589074368143644,0.0,0.0,0.0,13.847474399381248,12.152040213667762,13.213763929025836,19.06280027574374,11.938610575903699,0.0,13.847474399381248,13.213763929025836,12.152040213667762,0.0,0.0,0.0,0.0,25.152374504929536,19.06280027574374,0.0,13.847474399381248,12.152040213667762,0.0,52.60000000000001,11.938610575903699,9.589074368143644,0.0,13.213763929025836,12.152040213667762,0.0,13.847474399381248,0.0,9.473725907600098,0.0,9.073785430839003,21.269906462585034,0.0,0.0,-1.0730498866213143,0.0,2.086296296296296,3.9763950302343156,0.0,0.5,12,0,4,0,0,0,0,0,0,4,0,4,4,0,0,0,0,0.6688,42.40600000000002,0,0,0,0,0,0,2,2,0,0,0,0,0,0,2,2,0,0,0,0,0,0,0,0,0,0
CCOC(=O)C(=O)OCC,8.266,10.436203703703704,-0.9265277777777781,10.436203703703704,0.19211073318216165,0.40962950958530486,146.14199999999997,136.06199999999998,146.0579088,58,0.4169612440040684,-0.4575721095461552,0.4575721095461552,0.4169612440040684,1.0,1.3,1.5,16.5971424258656,10.651415225312679,2.140687107881213,-1.9876180587684165,1.8242965559851094,-2.1941781264427207,6.291678244012586,-0.16659131032165234,3.6012554446032645,113.70950594454669,7.983127663125442,6.0472067242285465,6.0472067242285465,4.718744015013407,3.058060412490447,3.058060412490447,1.4409403609149685,1.4409403609149685,0.717530498756644,0.717530498756644,0.3800398276929224,0.3800398276929224,-1.06,137.9811722829983,8.94,4.784806790484913,3.0637782081888196,59.114096258913875,9.473725907600098,0.0,0.0,0.0,11.938610575903699,0.0,9.589074368143644,0.0,0.0,0.0,13.847474399381248,0.0,13.213763929025836,19.06280027574374,11.938610575903699,0.0,13.847474399381248,13.213763929025836,0.0,0.0,0.0,0.0,0.0,25.152374504929536,19.06280027574374,0.0,13.847474399381248,0.0,0.0,52.60000000000001,11.938610575903699,9.589074368143644,13.213763929025836,0.0,0.0,0.0,13.847474399381248,0.0,9.473725907600098,0.0,8.685462962962962,20.872407407407408,0.0,0.0,-1.8530555555555557,0.0,0.0,3.6285185185185185,0.0,0.6666666666666666,10,0,4,0,0,0,0,0,0,4,0,4,2,0,0,0,0,0.11260000000000003,33.26599999999999,0,0,0,0,0,0,2,2,0,0,0,0,0,0,2,2,0,0,0,0,0,0,0,0,0,0
CCOC(=O)c1ccccc1C(=O)OCC,7.862,11.544212490551775,-0.508191609977324,11.544212490551775,0.23870370370370386,0.7313625096648502,222.23999999999995,208.12799999999996,222.089208928,86,0.33849587273304266,-0.46237242193829203,0.46237242193829203,0.33849587273304266,0.9375,1.3125,1.625,16.538490398880874,10.08629354750653,2.1733600745940524,-2.06961887401508,2.113294282618488,-2.1327499284168296,6.025933163046389,0.04786723490105672,2.9975148158911993,347.3600796599688,11.966255326250886,9.356607800987051,9.356607800987051,7.701907262607798,5.135410681680073,5.135410681680073,2.986524142897679,2.986524142897679,1.9177556725224845,1.9177556725224845,1.256806359818137,1.256806359818137,-1.8399999999999999,3922.2090999066277,12.230621468926552,5.900534456325564,2.823480898816076,94.17119046497793,9.473725907600098,0.0,0.0,0.0,11.938610575903699,0.0,9.589074368143644,0.0,0.0,12.13273413692322,25.980208536304467,0.0,24.340666912419827,19.06280027574374,11.938610575903699,0.0,13.847474399381248,13.213763929025836,35.392371257240434,0.0,0.0,0.0,0.0,25.152374504929536,9.473725907600098,0.0,34.56345175091888,24.26546827384644,0.0,52.60000000000001,11.938610575903699,9.589074368143644,24.340666912419827,0.0,0.0,0.0,38.112942673227685,0.0,0.0,9.473725907600098,9.700359504913077,23.08842498110355,0.0,0.4774074074074077,-1.0163832199546476,6.442908163265306,0.0,3.973949829931973,0.0,0.3333333333333333,16,0,4,0,0,0,1,0,1,4,0,4,4,0,0,0,1,2.04,58.35500000000003,0,0,0,0,0,0,2,2,0,0,0,1,0,0,2,2,0,0,0,0,0,0,0,0,0,0
CCCCCCOC(=O)c1ccccc1C(=O)OCCCCCC,5.622,12.187791563595134,-0.4536745792720718,12.187791563595134,0.2838423301419333,0.3911537223261821,334.45600000000024,304.21600000000007,334.21440944,134,0.33850596590362286,-0.4620782094850137,0.4620782094850137,0.33850596590362286,0.7083333333333334,1.125,1.5,16.53912513734189,10.083792123114298,2.182234089567828,-2.0953923092532776,2.1298990013805144,-2.1458464328011777,6.026142065614005,0.04502539686928272,2.5016837685957376,451.16714517212966,17.623109575743268,15.013462050479434,15.013462050479434,11.701907262607799,9.135410681680073,9.135410681680073,5.9387425077315585,5.9387425077315585,3.8289865989409635,3.8289865989409635,2.382028171394883,2.382028171394883,-1.8399999999999999,211650.95573055476,20.205126353790615,12.566699772746402,7.622310555812808,145.09072738015084,9.473725907600098,0.0,0.0,0.0,11.938610575903699,0.0,9.589074368143644,0.0,0.0,64.50513827386052,24.974377382775238,0.0,24.340666912419827,19.06280027574374,11.938610575903699,0.0,65.21404738278933,13.213763929025836,35.392371257240434,0.0,0.0,0.0,0.0,25.152374504929536,9.473725907600098,0.0,85.93002473432696,24.26546827384644,0.0,52.60000000000001,11.938610575903699,9.589074368143644,11.126902983393991,13.213763929025836,51.36657298340809,0.0,24.26546827384644,0.0,13.847474399381248,9.473725907600098,10.552705117553604,24.375583127190268,0.0,0.5676846602838665,-0.9073491585441431,6.682057609698303,8.349646017079492,5.046339293405278,0.0,0.6,24,0,4,0,0,0,1,0,1,4,0,4,12,0,0,0,1,5.160800000000005,95.29100000000007,0,0,0,0,0,0,2,2,0,0,0,1,0,0,2,2,0,0,0,0,0,0,0,0,0,6
CC(C)OC(=O)C(=O)OC(C)C,6.4032,10.792175925925926,-0.9317592592592596,10.792175925925926,0.2942479213907787,0.46052267651570167,174.196,160.08399999999997,174.089208928,70,0.4172388181832239,-0.4545560152814165,0.4545560152814165,0.4172388181832239,0.8333333333333334,1.0833333333333333,1.25,16.60619923981241,10.445411096933052,2.1881692175202327,-2.0869354923160097,1.9426704803632866,-2.2510613510078494,6.292771329450397,-0.17176172649112684,3.8596229957787846,151.8966738041484,9.723614639131599,7.787693700234705,7.787693700234705,5.43042811032654,3.8473021784772614,3.8473021784772614,2.9081267974873604,2.9081267974873604,0.8521473625203941,0.8521473625203941,0.524377394990329,0.524377394990329,-1.06,251.54467071452373,10.94,4.744526419642195,4.709164697585968,71.84398048770709,9.473725907600098,0.0,0.0,0.0,11.938610575903699,0.0,9.589074368143644,0.0,0.0,0.0,27.694948798762496,0.0,12.207932775496605,19.06280027574374,11.938610575903699,0.0,39.9028815742591,0.0,0.0,0.0,0.0,0.0,0.0,24.146543351400304,19.06280027574374,0.0,27.694948798762496,0.0,0.0,52.60000000000001,11.938610575903699,9.589074368143644,12.207932775496605,0.0,0.0,0.0,27.694948798762496,0.0,9.473725907600098,0.0,9.198796296296297,21.58435185185185,0.0,0.0,-1.8635185185185184,0.0,-0.5884958427815576,6.668866213151928,0.0,0.75,12,0,4,0,0,0,0,0,0,4,0,4,2,0,0,0,0,0.8896,42.45600000000002,0,0,0,0,0,0,2,2,0,0,0,0,0,0,2,2,0,0,0,0,0,0,0,0,0,0
COc1ccccc1OC,4.452,5.011203703703703,0.7685185185185186,5.011203703703703,0.7685185185185186,0.6189113153967103,138.16599999999997,128.08599999999998,138.06807956,54,0.16021145103900217,-0.49287034547589753,0.49287034547589753,0.16021145103900217,0.9,1.3,1.6,16.507704468471406,10.304769744974916,1.9684646429502897,-2.0411600421770566,2.240343188390823,-1.8780333910621705,5.3848793645903745,0.3547411221176021,2.964000093923802,185.16749419417295,7.397341225498538,6.125897657686229,6.125897657686229,4.8805400575618805,3.0520951405812156,3.0520951405812156,1.8549833434792076,1.8549833434792076,1.288988166820813,1.288988166820813,0.7874372297358482,0.7874372297358482,-1.1800000000000002,238.97589595141258,6.933378684807257,3.1068549717952316,1.2095233527616807,60.38837780730394,9.473725907600098,0.0,11.49902366656781,0.0,0.0,0.0,0.0,0.0,0.0,12.13273413692322,12.13273413692322,0.0,14.219595082555067,9.473725907600098,0.0,0.0,0.0,14.219595082555067,24.26546827384644,11.49902366656781,9.473725907600098,0.0,11.49902366656781,14.219595082555067,0.0,0.0,0.0,24.26546827384644,0.0,18.46,0.0,0.0,0.0,0.0,11.49902366656781,0.0,14.219595082555067,24.26546827384644,0.0,9.473725907600098,10.022407407407407,0.0,0.0,0.0,1.5370370370370372,7.528148148148148,0.0,0.0,3.245740740740741,0.25,10,0,2,0,0,0,1,0,1,2,0,2,2,0,0,0,1,1.7038,39.546000000000014,0,0,0,0,0,0,0,0,0,0,0,1,0,0,0,2,0,0,0,0,2,2,0,0,0,0
COc1cccc(OC)c1,5.363,4.976666666666667,0.8188425925925926,4.976666666666667,0.8188425925925926,0.6189113153967103,138.166,128.08599999999998,138.06807956,54,0.12205427277394275,-0.4966248137183565,0.4966248137183565,0.12205427277394275,1.0,1.5,1.9,16.47547353667011,10.3089512056031,1.9106422112799606,-2.008978026348318,2.171053982538621,-1.8440880292962938,5.3201910604854135,0.39411927469536967,2.8711457287957725,188.91749419417292,7.397341225498538,6.125897657686229,6.125897657686229,4.863703305156274,3.0461120764375083,3.0461120764375083,1.883107134948844,1.883107134948844,1.2769052606031615,1.2769052606031615,0.7281601576187492,0.7281601576187492,-1.1800000000000002,235.2901527615482,6.933378684807257,3.1068549717952316,1.4055758723328653,60.38837780730393,9.473725907600098,11.49902366656781,0.0,0.0,0.0,0.0,0.0,0.0,0.0,6.06636706846161,12.13273413692322,6.06636706846161,14.219595082555067,9.473725907600098,0.0,0.0,0.0,14.219595082555067,24.26546827384644,11.49902366656781,9.473725907600098,0.0,11.49902366656781,14.219595082555067,0.0,0.0,0.0,24.26546827384644,0.0,18.46,0.0,0.0,0.0,0.0,11.49902366656781,0.0,14.219595082555067,24.26546827384644,0.0,9.473725907600098,9.953333333333333,0.0,0.0,0.0,1.6376851851851855,7.4749074074074064,0.0,0.0,3.2674074074074073,0.25,10,0,2,0,0,0,1,0,1,2,0,2,2,0,0,0,1,1.7038,39.546000000000014,0,0,0,0,0,0,0,0,0,0,0,1,0,0,0,2,0,0,0,0,2,0,0,0,0,0
COCOC,2.644,4.46875,0.38888888888888884,4.46875,0.38888888888888884,0.43839625187853903,76.095,68.031,76.052429496,32,0.14544832362631532,-0.3586824811062546,0.3586824811062546,0.14544832362631532,1.2,1.6,1.6,16.64767929265465,11.364987079838789,1.626167677613157,-1.8721337358812924,1.599315679190352,-1.8685481648559163,3.8433824229560134,-0.0027143766041226682,2.19060968716425,12.36452797660028,4.121320343559642,3.5236033621142737,3.5236033621142737,2.414213562373095,1.393846850117352,1.393846850117352,0.6952013993873838,0.6952013993873838,0.2357022603955159,0.2357022603955159,0.11785113019775795,0.11785113019775795,-0.08,11.245112497836532,4.920000000000001,3.9200000000000004,3.92,31.696225715636526,9.473725907600098,6.792942306099827,0.0,0.0,0.0,0.0,0.0,0.0,0.0,0.0,0.0,14.219595082555067,0.0,9.473725907600098,0.0,0.0,0.0,21.012537388654895,0.0,0.0,0.0,0.0,0.0,21.012537388654895,9.473725907600098,0.0,0.0,0.0,0.0,18.46,0.0,0.0,0.0,6.792942306099827,0.0,0.0,14.219595082555067,0.0,9.473725907600098,0.0,8.9375,0.0,0.0,0.0,0.0,0.0,0.0,0.38888888888888884,3.173611111111111,1.0,5,0,2,0,0,0,0,0,0,2,0,2,2,0,0,0,0,0.23670000000000002,18.884999999999998,0,0,0,0,0,0,0,0,0,0,0,0,0,0,0,2,0,0,0,0,2,0,0,0,0,0
COc1c(C)cccc1C,3.7802,5.175740740740741,1.002314814814815,5.175740740740741,1.002314814814815,0.5753074009416117,136.19399999999996,124.09799999999997,136.088815004,54,0.12416563787852744,-0.4962099392860885,0.4962099392860885,0.12416563787852744,1.1,1.6,1.9,16.466218154111846,10.128601963711674,1.978769950677869,-2.0557864886340265,2.204113720969617,-1.8857724356426888,5.388907887077563,0.4083479983732255,3.1694511920127173,207.91991743324434,7.560477932315068,6.640299098032741,6.640299098032741,4.753218857624055,3.3563893715520874,3.3563893715520874,2.4250571173115105,2.4250571173115105,1.6128870776889033,1.6128870776889033,1.1211418814983551,1.1211418814983551,-0.9800000000000001,186.20990064351324,7.130864745011085,2.7355185063164273,1.1276912984196836,61.63977469219367,4.736862953800049,5.749511833283905,0.0,0.0,0.0,0.0,0.0,0.0,0.0,18.19910120538483,24.974377382775238,0.0,7.109797541277533,4.736862953800049,0.0,0.0,13.847474399381248,7.109797541277533,29.32600418877882,5.749511833283905,4.736862953800049,0.0,5.749511833283905,7.109797541277533,0.0,13.847474399381248,11.126902983393991,18.19910120538483,0.0,9.23,0.0,0.0,0.0,0.0,5.749511833283905,11.126902983393991,7.109797541277533,32.046575604766076,0.0,4.736862953800049,5.175740740740741,0.0,0.0,2.393518518518519,1.002314814814815,6.129814814814814,0.0,4.094907407407407,1.7037037037037037,0.3333333333333333,10,0,1,0,0,0,1,0,1,1,0,1,1,0,0,0,1,2.3120400000000005,42.46800000000002,0,0,0,0,0,0,0,0,0,0,2,1,0,0,0,1,0,0,0,0,1,1,0,0,0,0
C=C(C)C(=C)C,2.102201,3.6550925925925926,1.0648148148148149,3.6550925925925926,1.0648148148148149,0.42498877012082603,82.14599999999999,72.06599999999999,82.07825032,34,-0.04012105686863892,-0.09587009501833442,0.09587009501833442,0.04012105686863892,1.0,1.1666666666666667,1.1666666666666667,13.836065074283079,10.189103754947974,1.7683370834146646,-1.8788472007544066,1.97789022352262,-1.6690864877826013,5.186852457019774,1.385065969673641,3.567703455043203,66.03910001730776,5.1547005383792515,4.414213562373095,4.414213562373095,2.6427344100918364,1.9571067811865475,1.9571067811865475,1.5606601717798212,1.5606601717798212,0.7285533905932737,0.7285533905932737,0.0,0.0,-0.52,13.609640474436812,5.48,1.8066556556023234,1.7673563218390813,39.18475553544408,0.0,0.0,0.0,0.0,0.0,0.0,0.0,0.0,0.0,24.30408042733553,13.847474399381248,0.0,0.0,0.0,0.0,0.0,13.847474399381248,0.0,24.30408042733553,0.0,0.0,0.0,0.0,0.0,0.0,0.0,13.847474399381248,24.30408042733553,0.0,0.0,0.0,0.0,0.0,0.0,11.146209060138535,0.0,0.0,13.847474399381248,13.157871367196995,0.0,0.0,0.0,0.0,2.1296296296296298,0.0,0.0,0.0,11.203703703703704,0.0,0.3333333333333333,6,0,0,0,0,0,0,0,0,0,0,0,1,0,0,0,0,2.1386000000000003,29.627999999999986,0,0,0,0,0,0,0,0,0,2,0,0,0,0,0,0,0,0,0,0,0,0,0,0,0,0
CCC(C)(C)CO,10.52,8.594027777777779,0.13888888888888884,8.594027777777779,0.13888888888888884,0.5586541703076433,102.17699999999998,88.06499999999998,102.104465068,44,0.048152855759497626,-0.39582051920065514,0.39582051920065514,0.048152855759497626,1.4285714285714286,1.8571428571428572,1.8571428571428572,16.252012718747906,9.9192445729427,2.1083310495636467,-2.1692464953308814,2.1633780762413686,-2.1360594881351624,4.617993280005848,0.15549386326177583,3.3604351426960575,42.14170945007629,5.914213562373096,5.361427157873054,5.361427157873054,3.121320343559643,2.730441328389933,2.730441328389933,2.6758808359747874,2.6758808359747874,1.3851379460783748,1.3851379460783748,0.11180339887498945,0.11180339887498945,-0.04,26.838740541269832,6.96,2.3141072195146584,2.6311409395973158,45.35819535200859,5.106527394840706,0.0,0.0,0.0,0.0,0.0,0.0,0.0,0.0,20.771211599071872,11.83581209232279,6.606881964512918,0.0,5.106527394840706,0.0,5.41499046939678,27.19203322199788,6.606881964512918,0.0,0.0,0.0,0.0,0.0,11.713409359353623,0.0,5.41499046939678,27.19203322199788,0.0,0.0,20.23,0.0,0.0,5.41499046939678,6.606881964512918,6.4208216229260096,0.0,0.0,13.847474399381248,6.923737199690624,5.106527394840706,0.0,0.0,8.594027777777779,0.13888888888888884,0.0,0.0,1.0451388888888888,6.4719444444444445,0.0,1.0,7,1,1,0,0,0,0,0,0,1,1,1,2,0,0,0,0,1.4149,31.15779999999998,0,1,1,0,0,0,0,0,0,0,0,0,0,0,0,0,0,0,0,0,0,0,0,0,0,0
CC(C)CC(=O)CC(C)C,9.91,11.06388888888889,0.40740740740740766,11.06388888888889,0.40740740740740766,0.5894293327569649,142.242,124.09799999999997,142.135765196,60,0.1329216283938693,-0.2996957672567549,0.2996957672567549,0.1329216283938693,1.0,1.3,1.5,16.137910274092086,9.997767406026048,2.057594131502555,-2.0461368185766555,2.070836903443856,-2.0521050553855953,5.781712963736205,-0.11993290837065909,3.4443870603345483,91.29589375350572,8.146264369941973,7.4771623912162095,7.4771623912162095,4.519744507803582,4.037128584104708,4.037128584104708,3.73461712529338,3.73461712529338,1.2718383821892054,1.2718383821892054,0.9940169358562925,0.9940169358562925,-0.33,88.34747999952293,9.67,4.480030663449536,5.8003780964797915,63.82031004304616,0.0,5.783244946364939,0.0,0.0,0.0,4.794537184071822,0.0,0.0,0.0,27.694948798762496,11.835812092322787,12.841643245852019,0.0,4.794537184071822,5.783244946364939,11.835812092322787,40.53659204461451,0.0,0.0,0.0,0.0,0.0,0.0,5.783244946364939,4.794537184071822,11.835812092322787,40.53659204461451,0.0,0.0,17.07,0.0,4.794537184071822,0.0,17.61905703868773,12.841643245852019,0.0,0.0,0.0,27.694948798762496,0.0,0.0,11.06388888888889,0.0,0.0,1.4467592592592595,0.0,1.4963888888888888,8.326296296296297,0.0,0.8888888888888888,10,0,1,0,0,0,0,0,0,1,0,1,4,0,0,0,0,2.6477000000000013,43.917000000000016,0,0,0,0,0,0,1,1,0,0,0,0,0,0,0,0,0,1,1,0,0,0,0,0,0,0
CCCCC(C)(C)CO,4.502,8.820660430839002,0.1488194444444444,8.820660430839002,0.1488194444444444,0.6181883212577808,130.231,112.08699999999997,130.135765196,56,0.04816305486971737,-0.3958203344324979,0.3958203344324979,0.04816305486971737,1.3333333333333333,1.8888888888888888,2.2222222222222223,16.252023283362046,9.884308013905379,2.137424291880564,-2.198271422772576,2.208676169114692,-2.1532567807684067,4.650326495912393,0.1475080348738801,3.330074215693167,66.96788691072805,7.32842712474619,6.775640720246148,6.775640720246148,4.121320343559643,3.730441328389933,3.730441328389933,3.4258808359747874,3.4258808359747874,1.6351379460783746,1.6351379460783746,0.73438702739412,0.73438702739412,-0.04,75.58143215472592,8.960000000000003,3.8869850486282487,4.462512562814072,58.08807958080182,5.106527394840706,0.0,0.0,0.0,0.0,0.0,0.0,0.0,0.0,33.61285484492389,11.83581209232279,6.606881964512918,0.0,5.106527394840706,0.0,5.41499046939678,40.0336764678499,6.606881964512918,0.0,0.0,0.0,0.0,0.0,11.713409359353623,0.0,5.41499046939678,40.0336764678499,0.0,0.0,20.23,0.0,0.0,5.41499046939678,6.606881964512918,6.4208216229260096,12.841643245852019,0.0,0.0,20.771211599071872,5.106527394840706,0.0,0.0,8.820660430839002,0.1488194444444444,0.0,0.0,3.594236111111111,6.686284013605442,0.0,1.0,9,1,1,0,0,0,0,0,0,1,1,1,4,0,0,0,0,2.1951000000000005,40.3918,0,1,1,0,0,0,0,0,0,0,0,0,0,0,0,0,0,0,0,0,0,0,0,0,0,0
CC(C)=CCC(C)C,2.4312,2.2824074074074074,0.8100925925925924,2.2824074074074074,0.8100925925925924,0.4816019169622866,112.216,96.08799999999998,112.12520051199999,48,-0.03250075062581785,-0.08563416888476763,0.08563416888476763,0.03250075062581785,1.375,1.875,2.0,13.92500235705188,10.101877958547147,1.860990379693153,-1.9626388221545703,2.0193211075249193,-1.8123921498018003,4.9246998117003455,0.6609793386783479,3.293694876837346,74.03910001730775,6.568914100752346,6.361807319565799,6.361807319565799,3.625897657686229,3.2598722539017904,3.2598722539017904,2.911023524934425,2.911023524934425,0.9975039414526528,0.9975039414526528,0.47140452079103173,0.47140452079103173,-0.26,40.339203954130696,7.739999999999999,3.7068222395822903,5.740000000000001,52.60424279642154,0.0,0.0,0.0,0.0,0.0,0.0,0.0,0.0,0.0,25.496599036284397,26.186202068468653,0.0,0.0,0.0,0.0,5.917906046161393,34.11577042168851,0.0,11.64912463690315,0.0,0.0,0.0,0.0,0.0,0.0,5.917906046161393,34.11577042168851,11.64912463690315,0.0,0.0,0.0,0.0,0.0,0.0,5.917906046161393,11.993926152995277,0.0,0.0,33.770968905596376,0.0,0.0,0.0,0.0,1.429351851851852,0.8100925925925924,0.0,3.5069444444444446,8.75361111111111,0.0,0.75,8,0,0,0,0,0,0,0,0,0,0,0,2,0,0,0,0,2.9987000000000013,38.886,0,0,0,0,0,0,0,0,0,2,0,0,0,0,0,0,0,0,0,0,0,0,0,0,0,0
COC(=O)CC(=O)OC,9.82,10.258055555555556,-0.5816203703703702,10.258055555555556,0.3125,0.38282268372876527,132.115,124.05099999999999,132.042258736,52,0.31636909881866576,-0.46857144359683284,0.46857144359683284,0.31636909881866576,1.1111111111111112,1.4444444444444444,1.6666666666666667,16.541034072238634,10.44331854648928,2.069090309860996,-1.9470538242424078,1.8511668753936155,-2.094653873450832,5.904474293711854,-0.15072572684318478,3.4713176263221484,104.12640240679957,7.276020881938894,5.3400999430419995,5.3400999430419995,4.201907262607799,2.3400999430419995,2.3400999430419995,1.3290419216167924,1.3290419216167924,0.7440169358562925,0.7440169358562925,0.2621886974951644,0.2621886974951644,-1.06,84.36491016843732,7.939999999999999,3.884108521721475,3.516368876080691,52.74915414451728,9.473725907600098,6.4208216229260096,0.0,0.0,11.938610575903699,9.589074368143644,0.0,0.0,0.0,0.0,0.0,0.0,14.219595082555067,19.06280027574374,11.938610575903699,0.0,6.4208216229260096,14.219595082555067,0.0,0.0,0.0,0.0,0.0,26.158205658458765,19.06280027574374,0.0,6.4208216229260096,0.0,0.0,52.60000000000001,11.938610575903699,9.589074368143644,6.4208216229260096,0.0,0.0,14.219595082555067,0.0,0.0,9.473725907600098,0.0,8.365833333333333,20.516111111111112,0.0,0.0,-1.1632407407407404,0.0,-0.3125,0.0,2.427129629629629,0.6,9,0,4,0,0,0,0,0,0,4,0,4,2,0,0,0,0,-0.2775000000000001,28.648999999999987,0,0,0,0,0,0,2,2,0,0,0,0,0,0,2,2,0,0,0,0,2,0,0,0,0,0
Cc1ccc2c(C)cccc2c1,2.725,2.224537037037037,1.3269444444444445,2.224537037037037,1.3269444444444445,0.5476492453414699,156.228,144.13199999999998,156.093900384,60,-0.015453962182023063,-0.061365598347694825,0.061365598347694825,0.015453962182023063,0.9166666666666666,1.75,2.5833333333333335,13.992972130381688,10.038079440002065,1.9431951701548655,-2.012077336501323,2.183015256658435,-1.780432657073825,5.8549803981347806,1.475582101772812,2.8630257936849905,413.3078661934481,8.55204176387779,7.464101615137756,7.464101615137756,5.770856947829096,4.2320508075688785,4.2320508075688785,3.299500897298753,3.299500897298753,2.253917115316043,2.253917115316043,1.565054945713915,1.565054945713915,-1.2999999999999998,703.5166427731616,7.354540141719628,2.6325540535695073,1.095421436004162,72.84295188002538,0.0,0.0,0.0,0.0,0.0,0.0,0.0,0.0,0.0,41.96165390246666,30.183374320007836,0.0,0.0,0.0,10.772448428929591,0.0,13.847474399381248,0.0,47.52510539416365,0.0,0.0,0.0,0.0,0.0,0.0,13.847474399381248,11.126902983393991,36.39820241076966,10.772448428929591,0.0,0.0,0.0,0.0,0.0,0.0,21.899351412323583,0.0,0.0,50.245676810150904,0.0,0.0,0.0,2.7065740740740747,2.6811111111111114,0.0,13.00175925925926,0.0,4.277222222222222,0.0,0.16666666666666666,12,0,0,0,0,0,2,0,2,0,0,0,0,0,0,0,2,3.456640000000002,53.42200000000003,0,0,0,0,0,0,0,0,0,0,2,2,1,0,0,0,0,0,0,0,0,0,0,0,0,0
CCCCCCC(C)(C)CO,7.86,8.950559728521037,0.14656887755102055,8.950559728521037,0.14656887755102055,0.5891370851914504,158.285,136.10899999999998,158.167065324,68,0.04816305627270883,-0.3958203344268978,0.3958203344268978,0.04816305627270883,1.0909090909090908,1.7272727272727273,2.1818181818181817,16.252025188248574,9.878004710988128,2.142269598026773,-2.203270966311511,2.2200126796899657,-2.1550517372618607,4.656526334155849,0.14677790904882979,3.228802352525457,86.8735668734444,8.742640687119286,8.189854282619244,8.189854282619244,5.121320343559643,4.730441328389933,4.730441328389933,4.132987617161335,4.132987617161335,2.135137946078374,2.135137946078374,1.10938702739412,1.10938702739412,-0.04,212.46472614508406,10.96,5.590015324213376,6.361606425702812,70.81796380959504,5.106527394840706,0.0,0.0,0.0,0.0,0.0,0.0,0.0,0.0,46.4544980907759,11.83581209232279,6.606881964512918,0.0,5.106527394840706,0.0,5.41499046939678,52.87531971370191,6.606881964512918,0.0,0.0,0.0,0.0,0.0,11.713409359353623,0.0,5.41499046939678,52.87531971370191,0.0,0.0,20.23,0.0,0.0,5.41499046939678,6.606881964512918,6.4208216229260096,25.683286491704038,0.0,0.0,20.771211599071872,5.106527394840706,0.0,0.0,8.950559728521037,0.14656887755102055,0.0,0.0,6.366956490929705,6.785914902998236,0.0,1.0,11,1,1,0,0,0,0,0,0,1,1,1,6,0,0,0,0,2.975300000000002,49.62580000000003,0,1,1,0,0,0,0,0,0,0,0,0,0,0,0,0,0,0,0,0,0,0,0,0,0,2
CCCC(C)(C)CO,6.02,8.725138888888889,0.14756944444444442,8.725138888888889,0.14756944444444442,0.595840675627883,116.20399999999998,100.07599999999998,116.120115132,50,0.04816288099372805,-0.3958203358972684,0.3958203358972684,0.04816288099372805,1.375,1.875,2.0,16.25202131142625,9.894387545113556,2.1293950712283634,-2.1900057330770206,2.1943680798194394,-2.1491160659100546,4.640962663907081,0.1493406210946088,3.373381552563661,57.4071655715584,6.621320343559643,6.0685339390596,6.0685339390596,3.6213203435596424,3.230441328389933,3.230441328389933,3.0723274453815144,3.0723274453815144,1.354807860188464,1.354807860188464,0.7558336368008463,0.7558336368008463,-0.04,41.8157298068742,7.96,3.079539221938775,3.026851631655436,51.723137466405205,5.106527394840706,0.0,0.0,0.0,0.0,0.0,0.0,0.0,0.0,27.19203322199788,11.83581209232279,6.606881964512918,0.0,5.106527394840706,0.0,5.41499046939678,33.61285484492389,6.606881964512918,0.0,0.0,0.0,0.0,0.0,11.713409359353623,0.0,5.41499046939678,33.61285484492389,0.0,0.0,20.23,0.0,0.0,5.41499046939678,6.606881964512918,12.841643245852019,0.0,0.0,0.0,20.771211599071872,5.106527394840706,0.0,0.0,8.725138888888889,0.14756944444444442,0.0,0.0,2.274861111111111,6.6024305555555545,0.0,1.0,8,1,1,0,0,0,0,0,0,1,1,1,3,0,0,0,0,1.8050000000000002,35.77479999999999,0,1,1,0,0,0,0,0,0,0,0,0,0,0,0,0,0,0,0,0,0,0,0,0,0,0
COC(=O)c1ccccc1C(=O)OC,8.66,11.224633408919123,-0.55,11.224633408919123,0.21004629629629656,0.6648651607326014,194.18599999999995,184.10599999999997,194.0579088,74,0.3382301748364015,-0.46539862017282685,0.46539862017282685,0.3382301748364015,0.9285714285714286,1.2857142857142858,1.5714285714285714,16.5295359885562,10.08755897245687,2.161492020469253,-2.0421577875184256,2.103779411695855,-2.1069416143048443,6.024933524088604,0.055502778325363024,3.153839931025287,321.89456038916694,10.55204176387779,7.942394238613956,7.942394238613956,6.701907262607798,3.9603434310450787,3.9603434310450787,2.528747029577103,2.528747029577103,1.737682652331105,1.737682652331105,1.0590287481546594,1.0590287481546594,-1.8399999999999999,1540.8392593149727,10.242236842105264,4.411323399666699,1.90394030896116,81.44130623618467,9.473725907600098,0.0,0.0,0.0,11.938610575903699,0.0,9.589074368143644,0.0,0.0,12.13273413692322,12.13273413692322,0.0,25.346498065949056,19.06280027574374,11.938610575903699,0.0,0.0,14.219595082555067,35.392371257240434,0.0,0.0,0.0,0.0,26.158205658458765,9.473725907600098,0.0,20.715977351537635,24.26546827384644,0.0,52.60000000000001,11.938610575903699,9.589074368143644,11.126902983393991,0.0,0.0,26.352329219478285,12.13273413692322,0.0,9.473725907600098,0.0,9.049743008314437,22.449266817838247,0.0,0.42009259259259313,-1.0999999999999996,6.326944444444444,0.0,0.0,2.5206198034769463,0.2,14,0,4,0,0,0,1,0,1,4,0,4,2,0,0,0,1,1.2597999999999998,49.12100000000002,0,0,0,0,0,0,2,2,0,0,0,1,0,0,2,2,0,0,0,0,2,0,0,0,0,0
CCCCCCCCOC(=O)c1ccccc1C(=O)OCCCCCCCC,5.22,12.351813522152975,-0.44382054721208575,12.351813522152975,0.29298961103163834,0.23208948544502053,390.56400000000036,352.26000000000016,390.277009696,158,0.3385059659036322,-0.462078209479341,0.462078209479341,0.3385059659036322,0.6071428571428571,0.9642857142857143,1.3571428571428572,16.53913635754613,10.082151177066834,2.1828718842363672,-2.0975473726905087,2.1359469150834522,-2.1460041309826394,6.026163342477181,0.04501239049078748,2.3497229976940814,504.29105939397743,20.451536700489452,17.841889175225624,17.841889175225624,13.7019072626078,11.135410681680073,11.135410681680073,7.352956070104654,7.352956070104654,4.828986598940965,4.828986598940965,3.0891349525814307,3.0891349525814307,-1.8399999999999999,1512650.6160113628,24.198226299694188,16.145140259904732,10.482776036995192,170.55049583773726,9.473725907600098,0.0,0.0,0.0,11.938610575903699,0.0,9.589074368143644,0.0,0.0,90.18842476556458,24.974377382775238,0.0,24.340666912419827,19.06280027574374,11.938610575903699,0.0,90.89733387449338,13.213763929025836,35.392371257240434,0.0,0.0,0.0,0.0,25.152374504929536,9.473725907600098,0.0,111.61331122603102,24.26546827384644,0.0,52.60000000000001,11.938610575903699,9.589074368143644,0.0,24.340666912419827,25.683286491704038,51.36657298340809,24.26546827384644,0.0,13.847474399381248,9.473725907600098,10.718569523802625,24.703627044305946,0.0,0.5859792220632769,-0.887641094424171,6.743601491224701,13.628049508542668,5.174480971151621,0.0,0.6666666666666666,28,0,4,0,0,0,1,0,1,4,0,4,16,0,0,0,1,6.721200000000008,113.75900000000009,0,0,0,0,0,0,2,2,0,0,0,1,0,0,2,2,0,0,0,0,0,0,0,0,0,10
C1COCCO1,2.2189,4.944444444444445,0.7777777777777778,4.944444444444445,0.7777777777777778,0.4157492501598946,88.106,80.04199999999999,88.052429496,36,0.07011439546557022,-0.37666763607345255,0.37666763607345255,0.07011439546557022,0.6666666666666666,1.0,1.1666666666666667,16.564300828554593,10.638571834466195,1.9381982860111924,-2.0933036854099747,1.8459039112320426,-2.158799402239841,4.3659799536361215,-0.033358205886512574,2.0,21.019550008653873,4.242640687119286,3.644923705673916,3.644923705673916,3.0,2.1547005383792515,2.1547005383792515,1.2247448713915892,1.2247448713915892,0.7440169358562925,0.7440169358562925,0.4398264056274473,0.4398264056274473,-0.08,34.3994618804395,4.088918918918919,2.157216946676406,0.9536924762600438,37.055336676503906,9.473725907600098,0.0,0.0,0.0,0.0,0.0,0.0,0.0,0.0,0.0,0.0,0.0,26.427527858051672,9.473725907600098,0.0,0.0,0.0,26.427527858051672,0.0,0.0,0.0,0.0,0.0,26.427527858051672,9.473725907600098,0.0,0.0,0.0,0.0,18.46,0.0,0.0,0.0,0.0,26.427527858051672,0.0,0.0,0.0,0.0,9.473725907600098,9.88888888888889,0.0,0.0,0.0,0.0,0.0,0.0,3.111111111111111,0.0,1.0,6,0,2,0,1,1,0,0,0,2,0,2,0,0,1,1,1,0.03320000000000001,21.637999999999995,0,0,0,0,0,0,0,0,0,0,0,0,0,0,0,2,0,0,0,0,0,0,0,0,0,0
CCCCCOC(=O)c1ccccc1C(=O)OCCCCC,6.0,12.079396214906225,-0.4609155066347521,12.079396214906225,0.27730555030654247,0.4752630490370072,306.4020000000001,280.194,306.183109312,122,0.3385059658984963,-0.46207821096910706,0.46207821096910706,0.3385059658984963,0.7727272727272727,1.1818181818181819,1.5454545454545454,16.539118398282607,10.084360828257731,2.181632317613626,-2.093177346190167,2.126732549503384,-2.145504145074001,6.026130044651489,0.04506433801233602,2.5983251157200424,424.90988971896695,16.208896013370172,13.599248488106339,13.599248488106339,10.701907262607799,8.135410681680073,8.135410681680073,5.2316357265450115,5.2316357265450115,3.3289865989409635,3.3289865989409635,2.0284747808016093,2.0284747808016093,-1.8399999999999999,79127.15400068865,18.209603174603174,10.825135301083288,6.288909888397771,132.3608431513576,9.473725907600098,0.0,0.0,0.0,11.938610575903699,0.0,9.589074368143644,0.0,0.0,51.6634950280085,24.974377382775238,0.0,24.340666912419827,19.06280027574374,11.938610575903699,0.0,52.372404136937305,13.213763929025836,35.392371257240434,0.0,0.0,0.0,0.0,25.152374504929536,9.473725907600098,0.0,73.08838148847494,24.26546827384644,0.0,52.60000000000001,11.938610575903699,9.589074368143644,11.126902983393991,13.213763929025836,38.524929737556064,0.0,24.26546827384644,0.0,13.847474399381248,9.473725907600098,10.434605053836655,24.15879242981245,0.0,0.5546111006130849,-0.9218310132695042,6.641447467876039,5.858118124103319,4.940923503694622,0.0,0.5555555555555556,22,0,4,0,0,0,1,0,1,4,0,4,10,0,0,0,1,4.380600000000004,86.05700000000006,0,0,0,0,0,0,2,2,0,0,0,1,0,0,2,2,0,0,0,0,0,0,0,0,0,4
c1ccc(Cc2ccccc2)cc1,2.54,2.1597222222222223,1.0294444444444444,2.1597222222222223,1.0294444444444444,0.6452001853099995,168.239,156.14299999999997,168.093900384,64,-0.002577562398651189,-0.06224836070985519,0.06224836070985519,0.002577562398651189,0.5384615384615384,0.9230769230769231,1.3076923076923077,13.973391198113239,10.057421320677204,1.9209362997131345,-1.9956023134389425,2.073038516736622,-1.851933418028533,5.248482575259283,1.1934564207687026,2.1614757505786617,310.81248233699284,8.932875131431276,7.480609473082808,7.480609473082808,6.449489742783179,4.528473986232467,4.528473986232467,3.147973814603615,3.147973814603615,2.0938976146188413,2.0938976146188413,1.427425663142413,1.427425663142413,-1.5599999999999996,1589.7182302135147,8.057239275855297,3.902562753362507,2.1870744067645087,78.8534394399576,0.0,0.0,0.0,0.0,0.0,0.0,0.0,0.0,0.0,60.6636706846161,17.54772460632,0.0,0.0,0.0,0.0,0.0,6.4208216229260096,0.0,71.7905736680101,0.0,0.0,0.0,0.0,0.0,6.4208216229260096,0.0,11.126902983393991,60.6636706846161,0.0,0.0,0.0,0.0,0.0,0.0,6.4208216229260096,11.126902983393991,0.0,0.0,60.6636706846161,0.0,0.0,0.0,0.0,2.7383333333333337,0.0,21.065555555555555,1.0294444444444444,0.0,0.0,0.07692307692307693,13,0,0,0,0,0,2,0,2,0,0,0,2,0,0,0,2,3.277400000000002,55.69000000000003,0,0,0,0,0,0,0,0,0,0,0,2,0,0,0,0,0,0,0,0,0,0,0,0,0,0
C=COC=C,3.94,4.361111111111111,1.3125,4.361111111111111,1.3125,0.4446626309457236,70.09100000000001,64.04299999999999,70.041864812,28,0.0828804352185583,-0.4738803444692918,0.4738803444692918,0.0828804352185583,1.2,1.6,1.6,16.460432252901224,11.072766387362885,1.4533594551950348,-1.7622248505113043,1.65353398702465,-1.519850982248578,4.565970360910867,0.4064638950871341,2.6531630746803305,32.912609383243264,4.121320343559642,2.9771623912162095,2.9771623912162095,2.414213562373095,1.2879011017187578,1.2879011017187578,0.46941609682128776,0.46941609682128776,0.19245008972987532,0.19245008972987532,0.06804138174397717,0.06804138174397717,-0.7200000000000001,11.245112497836532,4.280000000000001,3.2800000000000016,3.280000000000003,31.568416536157745,4.736862953800049,0.0,0.0,0.0,0.0,0.0,0.0,0.0,0.0,13.157871367196995,0.0,0.0,12.52416089684158,4.736862953800049,0.0,0.0,0.0,0.0,25.682032264038575,0.0,0.0,0.0,0.0,0.0,4.736862953800049,0.0,0.0,25.682032264038575,0.0,9.23,0.0,0.0,0.0,0.0,0.0,12.52416089684158,0.0,0.0,17.894734320997046,0.0,4.361111111111111,0.0,0.0,0.0,0.0,0.0,2.625,6.513888888888889,0.0,0.0,5,0,1,0,0,0,0,0,0,1,0,1,2,0,0,0,0,1.29,21.478999999999992,0,0,0,0,0,0,0,0,0,0,0,0,0,0,0,1,0,0,0,0,0,0,0,0,0,0
CCCCCCCCCCCCO,5.82,8.566063511947316,0.3715277777777777,8.566063511947316,0.3715277777777777,0.5129821812363801,186.33899999999997,160.13099999999997,186.198365452,80,0.043052407228889096,-0.39637656934228244,0.39637656934228244,0.043052407228889096,0.6153846153846154,1.0,1.3846153846153846,16.249927477955328,10.068325566540919,1.906847569022382,-2.001282761980743,2.0944957020580746,-1.8381005645724204,4.461354260921017,0.28198991162501685,2.7581498184332935,71.19366193720087,9.778174593052025,9.225388188551984,9.225388188551984,6.414213562373096,6.023334547203385,6.023334547203385,3.905587313089441,3.905587313089441,2.5116672736016925,2.5116672736016925,1.5992402659514466,1.5992402659514466,-0.04,812.7027727261354,12.960000000000003,11.96,11.960000000000003,83.54784803838828,5.106527394840706,0.0,0.0,0.0,0.0,0.0,0.0,0.0,0.0,64.71113180602472,6.4208216229260096,6.606881964512918,0.0,5.106527394840706,0.0,0.0,71.13195342895074,6.606881964512918,0.0,0.0,0.0,0.0,0.0,11.713409359353623,0.0,0.0,71.13195342895074,0.0,0.0,20.23,0.0,0.0,0.0,6.606881964512918,6.4208216229260096,57.787394606334104,0.0,0.0,6.923737199690624,5.106527394840706,0.0,0.0,8.566063511947316,0.0,0.0,0.0,13.30358903011771,2.6303474579349744,0.0,1.0,13,1,1,0,0,0,0,0,0,1,1,1,10,0,0,0,0,3.8996000000000035,58.92980000000006,0,1,1,0,0,0,0,0,0,0,0,0,0,0,0,0,0,0,0,0,0,0,0,0,0,8
C=CCCCCCCCCCC,2.152,3.7189927354091314,1.2033333333333334,3.7189927354091314,1.2033333333333334,0.34551355016017615,168.32399999999998,144.13199999999998,168.187800768,72,-0.0353412931099218,-0.10308297893627165,0.10308297893627165,0.0353412931099218,0.8333333333333334,1.3333333333333333,1.8333333333333333,13.953670872401435,10.076405855434642,1.8895671814559318,-1.9877331021564693,2.0870126440905277,-1.790271405298602,4.6472841610576765,0.5775380034502535,2.76676462623148,84.03910001730776,9.071067811865477,8.648418081055102,8.648418081055102,5.914213562373096,5.523603362114272,5.523603362114272,3.552224003342541,3.552224003342541,2.261801681057136,2.261801681057136,1.4225586110779966,1.4225586110779966,-0.26,488.92509398668415,11.74,10.74,9.739999999999998,78.064011254008,0.0,0.0,0.0,0.0,0.0,0.0,0.0,0.0,6.578935683598497,57.94550866700658,12.841643245852019,0.0,0.0,0.0,0.0,0.0,64.71113180602472,0.0,12.654955790432378,0.0,0.0,0.0,0.0,0.0,0.0,0.0,64.71113180602472,12.654955790432378,0.0,0.0,0.0,0.0,0.0,0.0,0.0,57.787394606334104,0.0,6.076020106833881,13.502672883289122,0.0,0.0,0.0,0.0,0.0,0.0,0.0,14.51306784345204,5.986932156547957,0.0,0.8333333333333334,12,0,0,0,0,0,0,0,0,0,0,0,9,0,0,0,0,4.703200000000004,57.42400000000005,0,0,0,0,0,0,0,0,0,1,0,0,0,0,0,0,0,0,0,0,0,0,0,0,0,7
CCCCCCCCCCCCOC(C)=O,3.6,10.481866003391872,-0.15655171390807254,10.481866003391872,0.15655171390807254,0.3850425600347897,228.37599999999995,200.15199999999996,228.208930136,96,0.30212286792610354,-0.46587768666799095,0.46587768666799095,0.30212286792610354,0.8125,1.25,1.6875,16.53146173416961,10.06802889094607,1.9395658643343645,-2.023924376419972,2.098349322886478,-1.9950184922559988,5.653194016219642,-0.1405746729258502,2.904707557588277,154.8143311431168,12.0626316434282,11.094671173979751,11.094671173979751,7.770055610029663,6.904030206245223,6.904030206245223,4.522023851665996,4.522023851665996,2.8032161629029315,2.8032161629029315,1.8053964626237589,1.8053964626237589,-0.53,3073.4820565622113,15.47,12.539108500345543,13.47,100.75856584453614,4.736862953800049,0.0,0.0,0.0,5.969305287951849,4.794537184071822,0.0,0.0,0.0,64.71113180602472,6.4208216229260096,6.923737199690624,6.606881964512918,9.53140013787187,5.969305287951849,0.0,78.05569062864136,6.606881964512918,0.0,0.0,0.0,0.0,0.0,12.576187252464766,9.53140013787187,0.0,78.05569062864136,0.0,0.0,26.3,0.0,4.794537184071822,5.969305287951849,6.606881964512918,6.4208216229260096,64.71113180602472,0.0,0.0,6.923737199690624,4.736862953800049,4.8749401275978865,10.481866003391872,0.0,0.0,-0.15655171390807254,0.0,13.141758477654525,4.324653771930453,0.0,0.9285714285714286,16,0,2,0,0,0,0,0,0,2,0,2,11,0,0,0,0,4.470400000000004,68.47700000000006,0,0,0,0,0,0,1,1,0,0,0,0,0,0,1,1,0,0,0,0,0,0,0,0,0,9
OCCO,41.4,7.625,-0.125,7.625,0.125,0.40752789066641704,62.068000000000005,56.02,62.036779432,26,0.06622663964681728,-0.3939905415754596,0.3939905415754596,0.06622663964681728,1.0,1.25,1.25,16.3042582522396,10.818323674812099,1.575298675950289,-1.6990667974042952,1.392607250745467,-1.845300910414772,4.062481069474976,0.18593856238069723,1.9747448713915894,6.0,3.414213562373095,2.3086407533730107,2.3086407533730107,1.914213562373095,1.1324555320336755,1.1324555320336755,0.4472135954999578,0.4472135954999578,0.09999999999999996,0.09999999999999996,0.0,0.0,-0.08,6.854752972273345,3.9200000000000004,2.92,1.9199999999999995,24.69266064661818,10.213054789681411,0.0,0.0,0.0,0.0,0.0,0.0,0.0,0.0,0.0,0.0,0.0,13.213763929025836,10.213054789681411,0.0,0.0,0.0,13.213763929025836,0.0,0.0,0.0,0.0,0.0,23.426818718707246,0.0,0.0,0.0,0.0,0.0,40.46,0.0,0.0,13.213763929025836,0.0,0.0,0.0,0.0,0.0,0.0,10.213054789681411,0.0,0.0,15.25,0.0,0.0,0.0,0.0,-0.25,0.0,1.0,4,2,2,0,0,0,0,0,0,2,2,2,1,0,0,0,0,-1.0290000000000001,14.171600000000002,0,2,2,0,0,0,0,0,0,0,0,0,0,0,0,0,0,0,0,0,0,0,0,0,0,0
CC(=O)OCCOC(C)=O,7.7,10.125718537414967,-0.36837773998488266,10.125718537414967,0.13384259259259235,0.4186583626992573,146.142,136.06199999999998,146.0579088,58,0.3022482902033888,-0.4622466419588056,0.4622466419588056,0.3022482902033888,1.0,1.3,1.5,16.57297490424971,10.694173960883617,1.9354066361772906,-2.0019041470781023,1.788965624709343,-2.0921723269534236,5.662462006096407,-0.14897440932476552,3.0550899395377584,113.70950594454669,7.983127663125442,6.047206724228547,6.047206724228547,4.625897657686229,2.8938468501173515,2.8938468501173515,1.680086672653069,1.680086672653069,0.6939837433578357,0.6939837433578357,0.3707908118985982,0.3707908118985982,-1.06,116.61674541783222,8.94,4.784806790484913,6.9399999999999995,59.11409625891388,9.473725907600098,13.213763929025836,0.0,0.0,11.938610575903699,9.589074368143644,0.0,0.0,0.0,0.0,0.0,13.847474399381248,0.0,19.06280027574374,11.938610575903699,0.0,13.847474399381248,13.213763929025836,0.0,0.0,0.0,0.0,0.0,25.152374504929533,19.06280027574374,0.0,13.847474399381248,0.0,0.0,52.6,0.0,9.589074368143644,25.152374504929533,0.0,0.0,13.847474399381248,0.0,0.0,9.473725907600098,0.0,8.952222222222222,20.25143707482993,0.0,0.0,-0.7367554799697649,0.0,0.0,2.8664295162509448,0.0,0.6666666666666666,10,0,4,0,0,0,0,0,0,4,0,4,3,0,0,0,0,0.11260000000000003,33.26599999999999,0,0,0,0,0,0,2,2,0,0,0,0,0,0,2,2,0,0,0,0,0,0,0,0,0,1
CC(=O)OCCO,12.953,9.869305555555556,-0.35273148148148104,9.869305555555556,0.09763888888888883,0.4821200073432251,104.105,96.041,104.047344116,42,0.30220714759858636,-0.4634329975019097,0.4634329975019097,0.30220714759858636,1.8571428571428572,2.4285714285714284,2.5714285714285716,16.538095647086536,10.732878035734684,1.8573922366454594,-1.9291353325848175,1.7061935053626767,-2.025776734890002,5.653241038469879,-0.14140056197457515,2.8219389370591843,59.955246978201394,5.698670612749268,4.1779237388007795,4.1779237388007795,3.270055610029662,2.0131511910755138,2.0131511910755138,1.0636501340765134,1.0636501340765134,0.39661229792977887,0.39661229792977887,0.18937228574139625,0.18937228574139625,-0.5700000000000001,29.01955000865388,6.43,3.614162062615101,5.43,41.903378452766034,9.843390348640755,6.606881964512918,0.0,0.0,5.969305287951849,4.794537184071822,0.0,0.0,0.0,0.0,0.0,6.923737199690624,6.606881964512918,14.637927532712576,5.969305287951849,0.0,6.923737199690624,13.213763929025836,0.0,0.0,0.0,0.0,0.0,24.28959661181839,9.53140013787187,0.0,6.923737199690624,0.0,0.0,46.53,0.0,4.794537184071822,19.183069216977685,0.0,0.0,6.923737199690624,0.0,0.0,4.736862953800049,5.106527394840706,4.302083333333333,9.869305555555556,8.037916666666668,0.0,-0.35273148148148104,0.0,0.0,1.3100925925925926,0.0,0.75,7,1,3,0,0,0,0,0,0,3,1,3,2,0,0,0,0,-0.4581999999999999,23.71879999999999,0,1,1,0,0,0,1,1,0,0,0,0,0,0,1,1,0,0,0,0,0,0,0,0,0,0
C#COCC,8.0525,4.666805555555555,0.6076388888888888,4.666805555555555,0.6076388888888888,0.41066262042709656,70.091,64.04299999999999,70.041864812,28,0.1060150592225267,-0.44709566541040086,0.44709566541040086,0.1060150592225267,2.0,2.6,2.6,16.464195414158194,10.876170906485653,1.5595977561447354,-1.7906410142559914,1.5827640685010307,-1.7275886984121476,4.664901629657878,0.29951626613469856,2.483699570591265,42.09986547010987,4.121320343559642,3.1927053408400363,3.1927053408400363,2.414213562373095,1.4885811956081048,1.4885811956081048,0.5508638320899772,0.5508638320899772,0.2276709006307398,0.2276709006307398,0.08333333333333334,0.08333333333333334,-0.64,11.245112497836532,4.360000000000002,3.3600000000000017,3.3600000000000025,31.946847992385525,4.736862953800049,6.106494660442553,0.0,0.0,0.0,0.0,0.0,0.0,0.0,6.423349895620259,6.923737199690624,0.0,6.606881964512918,4.736862953800049,0.0,0.0,6.923737199690624,6.606881964512918,0.0,12.529844556062812,0.0,0.0,0.0,6.606881964512918,4.736862953800049,12.529844556062812,6.923737199690624,0.0,0.0,9.23,0.0,0.0,0.0,6.606881964512918,0.0,0.0,0.0,13.030231860133178,11.160212849420308,0.0,4.361111111111111,0.0,0.0,0.0,0.0,0.0,6.684166666666666,2.4547222222222222,0.0,0.5,5,0,1,0,0,0,0,0,0,1,0,1,1,0,0,0,0,0.6136,20.458999999999996,0,0,0,0,0,0,0,0,0,0,0,0,0,0,0,1,0,0,0,0,0,0,0,0,1,0
CCOCCO,13.38,8.07236111111111,0.13277777777777788,8.07236111111111,0.13277777777777788,0.49472125079952195,90.122,80.04199999999999,90.06807956,38,0.06970519849679675,-0.39398034488025224,0.39398034488025224,0.06970519849679675,1.6666666666666667,2.3333333333333335,2.5,16.48222505476728,10.752436037229472,1.7324357559520092,-1.9070253250058218,1.6605022502892148,-1.9612775182199813,4.177801025850383,0.10157292789225579,2.3390923149762908,17.509775004326936,4.82842712474619,3.9767822295234634,3.9767822295234634,2.914213562373095,2.100684816393011,2.100684816393011,0.9205302228086549,0.9205302228086549,0.4397488054468656,0.4397488054468656,0.2088872897341967,0.2088872897341967,-0.08,20.986300857070454,5.92,4.920000000000001,3.9200000000000004,37.741856352722266,9.843390348640755,0.0,0.0,0.0,0.0,0.0,0.0,0.0,0.0,0.0,6.923737199690624,6.606881964512918,13.213763929025836,9.843390348640755,0.0,0.0,6.923737199690624,19.820645893538753,0.0,0.0,0.0,0.0,0.0,24.927173288379457,4.736862953800049,0.0,6.923737199690624,0.0,0.0,29.46,0.0,0.0,6.606881964512918,13.213763929025836,0.0,0.0,0.0,6.923737199690624,0.0,9.843390348640755,4.732638888888889,0.0,8.07236111111111,0.0,0.0,0.0,0.0,3.1950000000000003,0.0,1.0,6,1,2,0,0,0,0,0,0,2,1,2,3,0,0,0,0,0.015200000000000047,23.578799999999994,0,1,1,0,0,0,0,0,0,0,0,0,0,0,0,1,0,0,0,0,0,0,0,0,0,1
CCOCCOC(C)=O,7.567,10.129119897959184,-0.254904572940287,10.129119897959184,0.254904572940287,0.41447898290641144,132.159,120.06299999999997,132.078644244,54,0.3022073008453582,-0.463422548278865,0.463422548278865,0.3022073008453582,1.4444444444444444,2.111111111111111,2.5555555555555554,16.55493134530597,10.703690093938146,1.8908958155758375,-1.9943420881276401,1.7711186273854713,-2.064108205421547,5.653298351190057,-0.14194010212604435,2.828868134909685,80.37215811651096,7.112884175122364,5.846065214951231,5.846065214951231,4.270055610029662,2.9813804754348494,2.9813804754348494,1.5369667613852103,1.5369667613852103,0.7371202508749224,0.7371202508749224,0.3886585383455845,0.3886585383455845,-0.5700000000000001,84.62711413110172,8.43,5.564589502018842,7.43,54.95257415887011,9.473725907600098,6.606881964512918,0.0,0.0,5.969305287951849,4.794537184071822,0.0,0.0,0.0,0.0,6.923737199690624,13.530619164203543,6.606881964512918,14.268263091671919,5.969305287951849,0.0,13.847474399381248,19.820645893538753,0.0,0.0,0.0,0.0,0.0,25.7899511814906,14.268263091671919,0.0,13.847474399381248,0.0,0.0,35.53,0.0,4.794537184071822,5.969305287951849,19.820645893538753,0.0,6.923737199690624,0.0,6.923737199690624,4.736862953800049,4.736862953800049,9.486666666666666,10.129119897959184,0.0,0.0,-0.254904572940287,0.0,0.0,4.805784674981104,0.0,0.8333333333333334,9,0,3,0,0,0,0,0,0,3,0,3,4,0,0,0,0,0.5860000000000001,33.12599999999999,0,0,0,0,0,0,1,1,0,0,0,0,0,0,1,2,0,0,0,0,0,0,0,0,0,2
CCOc1cccc2ccccc12,3.3,5.51912037037037,0.7162773998488285,5.51912037037037,0.7162773998488285,0.6753183566001416,172.22699999999998,160.13099999999997,172.088815004,66,0.12659183403554014,-0.4932356776807762,0.4932356776807762,0.12659183403554014,1.0,1.7692307692307692,2.6153846153846154,16.476365162079983,10.112256973878187,1.9785326452419782,-2.0563222236020517,2.2418822357317474,-1.9104523136739198,5.876239562533,0.3441245100652375,2.6138711904545664,401.28971348226935,9.096011838247808,7.6568069559777925,7.6568069559777925,6.41501490017253,4.521273266059211,4.521273266059211,2.9102973437159356,2.9102973437159356,2.049472065343796,2.049472065343796,1.4770570442430475,1.4770570442430475,-1.5,1449.6657993930446,8.1144,3.4807162534435263,1.4985185185185186,77.95649710953226,4.736862953800049,5.749511833283905,0.0,0.0,0.0,0.0,0.0,0.0,0.0,36.39820241076966,18.37632848261703,5.386224214464796,6.606881964512918,4.736862953800049,10.772448428929591,0.0,6.923737199690624,6.606881964512918,42.46456947923127,5.749511833283905,4.736862953800049,0.0,5.749511833283905,6.606881964512918,0.0,0.0,6.923737199690624,42.46456947923127,10.772448428929591,9.23,0.0,0.0,0.0,6.606881964512918,5.749511833283905,10.772448428929591,0.0,31.18920547353706,18.19910120538483,4.736862953800049,5.51912037037037,0.0,2.416944444444445,0.0,0.972777777777778,14.373120748299321,0.0,2.718036659108088,0.0,0.16666666666666666,13,0,1,0,0,0,2,0,2,1,0,1,2,0,0,0,2,3.238500000000002,55.11700000000003,0,0,0,0,0,0,0,0,0,0,0,2,1,0,0,1,0,0,0,0,0,0,0,0,0,0
CCOC(C)=O,6.0814,9.821527777777778,-0.21064814814814792,9.821527777777778,0.21064814814814792,0.43785087777866244,88.106,80.04199999999999,88.052429496,36,0.3021127777269908,-0.4661718899744166,0.4661718899744166,0.3021127777269908,1.8333333333333333,2.3333333333333335,2.3333333333333335,16.530890923521227,10.769902048584518,1.8115671919809493,-1.8897674900509007,1.6913973775510127,-1.9485172088790024,5.652796097040712,-0.13988766123000757,2.831257109931365,49.50977500432694,4.99156383156272,4.023603362114273,4.023603362114273,2.770055610029662,1.9040302062452235,1.9040302062452235,0.9245943256894159,0.9245943256894159,0.3476006996936919,0.3476006996936919,0.20326313239628543,0.20326313239628543,-0.53,14.834466856136647,5.469999999999999,2.693713646532438,3.4699999999999998,37.10914470057002,4.736862953800049,0.0,0.0,0.0,5.969305287951849,4.794537184071822,0.0,0.0,0.0,0.0,6.923737199690624,6.923737199690624,6.606881964512918,9.53140013787187,5.969305287951849,0.0,13.847474399381248,6.606881964512918,0.0,0.0,0.0,0.0,0.0,12.576187252464766,9.53140013787187,0.0,13.847474399381248,0.0,0.0,26.3,0.0,4.794537184071822,5.969305287951849,6.606881964512918,0.0,6.923737199690624,6.923737199690624,0.0,4.736862953800049,0.0,4.402777777777778,9.821527777777778,0.0,0.0,-0.21064814814814792,0.0,0.0,3.6530092592592593,0.0,0.75,6,0,2,0,0,0,0,0,0,2,0,2,1,0,0,0,0,0.5694,22.30699999999999,0,0,0,0,0,0,1,1,0,0,0,0,0,0,1,1,0,0,0,0,0,0,0,0,0,0
CCOC(=O)CC(C)=O,14.0,10.410416666666666,-0.43981481481481466,10.410416666666666,0.1033333333333335,0.41310853664366537,130.143,120.06299999999997,130.06299418,52,0.3127834997135031,-0.4656469596214534,0.4656469596214534,0.3127834997135031,1.4444444444444444,2.0,2.3333333333333335,16.532146471426106,10.315529659540774,2.0277701383949567,-1.9556921473572684,1.8551110531384711,-2.074257079418656,5.935345704963478,-0.1446876462983591,3.386924951000887,117.47138037474598,7.276020881938894,5.638958433764684,5.638958433764684,4.163902460147014,2.8152611326637027,2.8152611326637027,1.6838129682396143,1.6838129682396143,0.6986082512549978,0.6986082512549978,0.41528180641911305,0.41528180641911305,-0.8600000000000001,66.8432930980791,8.140000000000002,4.062432372063822,5.003659030865051,54.00055102940699,4.736862953800049,12.204066569290948,0.0,0.0,5.969305287951849,9.589074368143644,0.0,0.0,0.0,0.0,13.847474399381248,0.0,6.606881964512918,14.325937321943691,11.75255023431679,0.0,20.268296022307258,6.606881964512918,0.0,0.0,0.0,0.0,0.0,18.359432198829705,14.325937321943691,0.0,20.268296022307258,0.0,0.0,43.370000000000005,5.969305287951849,9.589074368143644,12.204066569290948,6.606881964512918,0.0,6.923737199690624,6.923737199690624,0.0,4.736862953800049,0.0,4.492916666666667,20.638568594104306,0.0,0.0,-0.5986574074074071,0.0,-0.1033333333333335,3.403838813303099,0.0,0.6666666666666666,9,0,3,0,0,0,0,0,0,3,0,3,3,0,0,0,0,0.5286,31.930999999999983,0,0,0,0,0,0,2,2,0,0,0,0,0,0,1,1,0,1,1,0,0,0,0,0,0,0
C=CC(=O)OCC,6.05,10.071527777777778,-0.35879629629629606,10.071527777777778,0.35879629629629606,0.3775448287483148,100.11699999999999,92.053,100.052429496,40,0.3296277829557422,-0.46284039207159905,0.46284039207159905,0.3296277829557422,2.0,2.5714285714285716,2.7142857142857144,16.531305993255014,10.648619974721369,1.860904874302375,-1.902898012089416,1.7394950605846673,-1.9685840017471994,5.805809999616549,-0.13669030575299695,3.172899533850818,76.14933958998697,5.698670612749268,4.3080604124904465,4.3080604124904465,3.308060412490447,2.1009536313038994,2.1009536313038994,0.9561724408530001,0.9561724408530001,0.4532631323962854,0.4532631323962854,0.20118446353109126,0.20118446353109126,-0.79,31.916635235956914,6.210000000000001,3.401938579654511,3.0288906629955825,42.78448378278237,4.736862953800049,0.0,0.0,0.0,5.969305287951849,0.0,4.794537184071822,0.0,0.0,6.578935683598497,6.923737199690624,6.076020106833881,6.606881964512918,9.53140013787187,5.969305287951849,0.0,6.923737199690624,6.606881964512918,12.654955790432378,0.0,0.0,0.0,0.0,12.576187252464766,9.53140013787187,0.0,6.923737199690624,12.654955790432378,0.0,26.3,0.0,4.794537184071822,5.969305287951849,6.606881964512918,6.076020106833881,0.0,6.923737199690624,0.0,11.315798637398547,0.0,4.434027777777778,10.071527777777778,0.0,0.0,-0.35879629629629606,0.0,1.1423611111111112,5.3775462962962965,0.0,0.4,7,0,2,0,0,0,0,0,0,2,0,2,2,0,0,0,0,0.7354999999999999,26.829999999999988,0,0,0,0,0,0,1,1,0,0,0,0,0,0,1,1,0,0,0,0,0,0,0,0,0,0
CCc1ccccc1,2.4463,2.162037037037037,1.1397222222222223,2.162037037037037,1.1397222222222223,0.5147578217927745,106.16799999999996,96.08799999999998,106.07825032,42,-0.03074408282510195,-0.06224874165506165,0.06224874165506165,0.03074408282510195,1.125,1.75,2.125,13.856596938329892,10.170710312539828,1.7943577512861228,-1.8917512520057715,1.9631405576194025,-1.73342650034674,5.1331381704563555,1.140415220080154,2.8320858350070908,141.38429890473827,5.819990956308912,5.093858127134677,5.093858127134677,3.931851652578137,2.971343774302781,2.971343774302781,1.839151950246763,1.839151950246763,1.251072952541352,1.251072952541352,0.7137128315712066,0.7137128315712066,-0.78,91.36757727918736,5.358504155124653,2.50834780755501,1.0935372033822537,50.16128734829017,0.0,0.0,0.0,0.0,0.0,0.0,0.0,0.0,0.0,37.255572541998674,11.984273114623004,0.0,0.0,0.0,0.0,0.0,13.344558822616634,0.0,35.89528683400505,0.0,0.0,0.0,0.0,0.0,6.4208216229260096,0.0,12.487188691387619,30.33183534230805,0.0,0.0,0.0,0.0,0.0,0.0,6.4208216229260096,5.563451491696996,0.0,6.06636706846161,31.18920547353706,0.0,0.0,0.0,0.0,1.4097222222222223,0.0,10.455185185185186,1.1397222222222223,2.162037037037037,0.0,0.25,8,0,0,0,0,0,1,0,1,0,0,0,1,0,0,0,1,2.2490000000000006,35.82,0,0,0,0,0,0,0,0,0,0,1,1,0,0,0,0,0,0,0,0,0,0,0,0,0,0
CCOC(=O)c1ccccc1,6.2,11.022453703703704,-0.25638888888888856,11.022453703703704,0.25638888888888856,0.601336802799046,150.177,140.09699999999998,150.06807956,58,0.33760712680806904,-0.4623913259160252,0.4623913259160252,0.33760712680806904,1.3636363636363635,2.0,2.5454545454545454,16.532103157596104,10.212187978618477,2.019198474009744,-1.987226026140368,1.9941874717395576,-2.030087655857122,5.887018454012597,0.05261480506602846,2.6930079504145,228.57786591623355,8.104448006685086,6.410354708062404,6.410354708062404,5.342535255101096,3.5647138087681833,3.5647138087681833,2.0864955842419235,2.0864955842419235,1.2849232447891443,1.2849232447891443,0.788663298121544,0.788663298121544,-1.31,380.17580046477946,7.793199174406604,3.7604813030666033,2.075224641853074,65.80129679223742,4.736862953800049,0.0,0.0,0.0,5.969305287951849,0.0,4.794537184071822,0.0,0.0,18.19910120538483,19.056471336613843,0.0,12.170333456209914,9.53140013787187,5.969305287951849,0.0,6.923737199690624,6.606881964512918,35.89528683400505,0.0,0.0,0.0,0.0,12.576187252464766,4.736862953800049,0.0,17.28172587545944,30.33183534230805,0.0,26.3,0.0,4.794537184071822,5.969305287951849,12.170333456209914,0.0,0.0,19.056471336613843,18.19910120538483,0.0,4.736862953800049,4.788981481481482,11.022453703703704,0.0,0.6058796296296298,-0.25638888888888856,8.955574452003024,0.0,2.216832955404384,0.0,0.2222222222222222,11,0,2,0,0,0,1,0,1,2,0,2,2,0,0,0,1,1.8633,42.39850000000003,0,0,0,0,0,0,1,1,0,0,0,1,0,0,1,1,0,0,0,0,0,0,0,0,0,0
CCOC(=O)CC(=O)c1ccccc1,13.5,11.429077853363568,-0.4709693877551009,11.429077853363568,0.1826851851851854,0.4149382941276642,192.21400000000003,180.11799999999997,192.078644244,74,0.313182879314295,-0.46563728852362507,0.46563728852362507,0.313182879314295,1.2142857142857142,1.8571428571428572,2.4285714285714284,16.532168494655203,10.097189236626688,2.1085731514908863,-2.0028468333416196,2.0298841571379116,-2.10607215949428,6.0536132551810855,-0.14147062724279721,2.5530399860231014,316.56434575430654,10.38890505706126,8.025709779712814,8.025709779712814,6.736382105218448,4.475944735186663,4.475944735186663,2.7709996041114513,2.7709996041114513,1.7059842473850089,1.7059842473850089,1.0692204598807846,1.0692204598807846,-1.6399999999999997,1507.7046181225094,10.440906148867313,5.167915581597221,3.0117020960309198,82.69270312107442,4.736862953800049,6.4208216229260096,5.783244946364939,0.0,5.969305287951849,9.589074368143644,0.0,0.0,0.0,30.33183534230805,6.923737199690624,5.563451491696996,6.606881964512918,14.325937321943691,11.75255023431679,0.0,13.344558822616634,6.606881964512918,35.89528683400505,0.0,0.0,0.0,0.0,18.359432198829705,9.53140013787187,0.0,23.70254749838545,30.33183534230805,0.0,43.370000000000005,5.969305287951849,9.589074368143644,12.204066569290948,12.170333456209914,0.0,0.0,31.18920547353706,6.06636706846161,4.736862953800049,0.0,4.674245323129252,22.412812263794407,0.0,0.5421787603930466,-0.6755527210884338,8.709362323633156,-0.1826851851851854,2.0196392353237593,0.0,0.2727272727272727,14,0,3,0,0,0,1,0,1,3,0,3,4,0,0,0,1,1.8225,52.02250000000003,0,0,0,0,0,0,2,2,0,0,0,1,0,0,1,1,0,1,1,0,0,0,0,0,0,0
CC=CC(=O)OCC,5.4,10.334027777777777,-0.26851851851851816,10.334027777777777,0.26851851851851816,0.3970055975202388,114.14399999999999,104.06399999999998,114.06807956,46,0.3298946641066981,-0.4628333708948408,0.4628333708948408,0.3298946641066981,1.75,2.375,2.75,16.531336787492574,10.528498302135292,1.8787873596361304,-1.912475591378267,1.77818933288339,-1.975396980849282,5.811833643236979,-0.1367276385363136,3.3336475811181034,94.70165766734146,6.405777393935816,5.178303900493525,5.178303900493525,3.808060412490447,2.6033889433629955,2.6033889433629955,1.2520482956210688,1.2520482956210688,0.5893458958842399,0.5893458958842399,0.32645418435263557,0.32645418435263557,-0.79,50.25226450504587,7.21,4.371030595813205,3.401938579654511,49.14942589717898,4.736862953800049,0.0,0.0,0.0,5.969305287951849,0.0,4.794537184071822,0.0,0.0,6.076020106833881,13.847474399381248,6.076020106833881,6.606881964512918,9.53140013787187,5.969305287951849,0.0,13.847474399381248,6.606881964512918,12.152040213667762,0.0,0.0,0.0,0.0,12.576187252464766,9.53140013787187,0.0,13.847474399381248,12.152040213667762,0.0,26.3,0.0,4.794537184071822,5.969305287951849,6.606881964512918,0.0,6.076020106833881,19.92349450621513,0.0,4.736862953800049,0.0,4.556527777777778,10.334027777777777,0.0,0.0,-0.26851851851851816,0.0,3.0431481481481484,4.001481481481481,0.0,0.5,8,0,2,0,0,0,0,0,0,2,0,2,2,0,0,0,0,1.1256000000000002,31.446999999999985,0,0,0,0,0,0,1,1,0,1,0,0,0,0,1,1,0,0,0,0,0,0,0,0,0,0
CCCC(O)C(CC)CO,18.73,9.348935185185185,-0.305555555555556,9.348935185185185,0.08328703703703688,0.6108521743033035,146.23,128.08599999999998,146.130679816,62,0.058963735419807,-0.3959861267142406,0.3959861267142406,0.058963735419807,1.3,1.9,2.2,16.277710569744055,9.97111763796647,2.1381075698241894,-2.1740805072485894,2.11479434280066,-2.221131014118269,4.647480436402905,0.05839161834985498,3.529930309226677,69.65784284662087,7.983127663125442,6.877554854125359,6.877554854125359,4.756748817474191,4.046718422862017,4.046718422862017,2.706924911010133,2.706924911010133,1.8874791853491408,1.8874791853491408,1.0543197901440524,1.0543197901440524,-0.08,145.16653667335345,9.92,5.685803850156088,3.180475787948315,62.88231333299781,10.213054789681411,0.0,0.0,0.0,0.0,0.0,0.0,0.0,0.0,20.268296022307258,12.841643245852019,12.52478801067431,6.103966387748303,10.213054789681411,0.0,5.917906046161393,39.21390565590758,6.606881964512918,0.0,0.0,0.0,0.0,0.0,22.92390314194263,0.0,5.917906046161393,33.10993926815928,0.0,0.0,40.46,0.0,5.106527394840706,18.628754398422615,0.0,19.26246486877803,0.0,0.0,13.847474399381248,0.0,5.106527394840706,0.0,0.0,18.112003023431598,0.0,0.08328703703703688,0.0,2.3416666666666663,4.129709939531368,0.0,1.0,10,2,2,0,0,0,0,0,0,2,2,2,5,0,0,0,0,1.1659,41.781600000000005,0,2,2,0,0,0,0,0,0,0,0,0,0,0,0,0,0,0,0,0,0,0,0,0,0,0
CCCCC(CC)CO,7.58,8.752651171579743,0.3715277777777779,8.752651171579743,0.3715277777777779,0.6045431522728564,130.231,112.08699999999997,130.135765196,56,0.0458662459549641,-0.3960883514176953,0.3960883514176953,0.0458662459549641,1.3333333333333333,2.0,2.3333333333333335,16.250976177500252,10.00801710598075,2.009387876161716,-2.0824731193588426,2.099064609468845,-2.0286922456585303,4.530245215649565,0.2122003520641338,3.0922461946023914,48.52932501298081,7.112884175122364,6.560097770622322,6.560097770622322,4.346065214951232,3.9551861997815223,3.9551861997815223,2.5990764052714432,2.5990764052714432,1.8014749852258547,1.8014749852258547,0.917309962849784,0.917309962849784,-0.04,99.31601294519112,8.960000000000003,6.08562814070352,4.462512562814072,58.088079580801804,5.106527394840706,0.0,0.0,0.0,0.0,0.0,0.0,0.0,0.0,33.10993926815928,12.338727669087403,6.606881964512918,0.0,5.106527394840706,0.0,5.917906046161393,39.53076089108528,6.606881964512918,0.0,0.0,0.0,0.0,0.0,11.713409359353623,0.0,5.917906046161393,39.53076089108528,0.0,0.0,20.23,0.0,0.0,0.0,12.52478801067431,6.4208216229260096,19.26246486877803,0.0,0.0,13.847474399381248,5.106527394840706,0.0,0.0,8.752651171579743,0.0,0.5601388888888886,0.0,4.828935185185185,4.6916080876795165,0.0,1.0,9,1,1,0,0,0,0,0,0,1,1,1,5,0,0,0,0,2.1951000000000005,40.3918,0,1,1,0,0,0,0,0,0,0,0,0,0,0,0,0,0,0,0,0,0,0,0,0,0,0
CCOC(=O)C(C)O,15.4,10.270601851851852,-0.9907870370370373,10.270601851851852,0.3231481481481482,0.5161288838079469,118.13199999999998,108.05199999999998,118.06299418,48,0.33414768930295624,-0.464078219287178,0.464078219287178,0.33414768930295624,1.875,2.375,2.5,16.54475181145466,10.422064410675155,2.0656970575207936,-2.0068880223769656,1.835236769635595,-2.182683143369384,5.731709791807217,-0.1514198674347531,3.329150037184473,77.74296763342026,6.568914100752346,5.048167226803858,5.048167226803858,3.6807392125526213,2.528254499776823,2.528254499776823,1.4280217648366234,1.4280217648366234,0.6277079814640807,0.6277079814640807,0.2628600313905422,0.2628600313905422,-0.5700000000000001,45.11498676384928,7.43,3.43425867993602,2.5774208427157883,48.26832056716263,9.843390348640755,6.103966387748303,0.0,0.0,5.969305287951849,0.0,4.794537184071822,0.0,0.0,0.0,13.847474399381248,0.0,6.606881964512918,14.637927532712576,5.969305287951849,0.0,19.95144078712955,6.606881964512918,0.0,0.0,0.0,0.0,0.0,23.786681035053775,9.53140013787187,0.0,13.847474399381248,0.0,0.0,46.53,12.073271675700152,4.794537184071822,0.0,6.606881964512918,0.0,6.923737199690624,6.923737199690624,0.0,4.736862953800049,5.106527394840706,4.414351851851852,10.270601851851852,8.477453703703704,0.0,-0.5624999999999998,0.0,-0.9907870370370373,3.3908796296296293,0.0,0.8,8,1,3,0,0,0,0,0,0,3,1,3,2,0,0,0,0,-0.06970000000000004,28.313799999999986,0,1,1,0,0,0,1,1,0,0,0,0,0,0,1,1,0,0,0,0,0,0,0,0,0,0
C=C(C)C(=O)OCC,5.68,10.421064814814814,-0.31249999999999956,10.421064814814814,0.31249999999999956,0.3970055975202387,114.14399999999998,104.06399999999998,114.06807956,46,0.3325927183895292,-0.46264858702008466,0.46264858702008466,0.3325927183895292,1.75,2.25,2.375,16.532184081208666,10.361484680089443,1.9756084349824405,-1.9629426340748355,1.8910488242880368,-2.027578832160075,5.863553391393377,-0.13789469445631583,3.4904530666021536,105.09616281328597,6.568914100752347,5.230710143300821,5.230710143300821,3.6807392125526213,2.507583596838497,2.507583596838497,1.5008002663473947,1.5008002663473947,0.6238936285743266,0.6238936285743266,0.2542941687042683,0.2542941687042683,-0.79,45.11498676384928,7.21,3.242623436781632,2.394521355353814,49.14942589717898,4.736862953800049,0.0,0.0,0.0,5.969305287951849,0.0,4.794537184071822,0.0,0.0,6.578935683598497,13.847474399381248,5.573104530069267,6.606881964512918,9.53140013787187,5.969305287951849,0.0,13.847474399381248,6.606881964512918,12.152040213667764,0.0,0.0,0.0,0.0,12.576187252464766,9.53140013787187,0.0,13.847474399381248,12.152040213667764,0.0,26.3,0.0,4.794537184071822,5.969305287951849,12.179986494582185,0.0,0.0,13.847474399381248,0.0,11.315798637398547,0.0,4.564814814814815,10.421064814814814,0.0,0.45078703703703726,-0.31249999999999956,0.0,0.0,7.2091666666666665,0.0,0.5,8,0,2,0,0,0,0,0,0,2,0,2,2,0,0,0,0,1.1256,31.446999999999985,0,0,0,0,0,0,1,1,0,0,0,0,0,0,1,1,0,0,0,0,0,0,0,0,0,0
CCC(O)(CC)CC,3.158,9.4375,-0.3749999999999998,9.4375,0.3749999999999998,0.5971696682305409,116.204,100.076,116.120115132,50,0.06395512394652587,-0.38992768830315744,0.38992768830315744,0.06395512394652587,1.0,1.25,1.25,16.282962683227865,9.94789078268667,2.173146209274642,-2.2175897197518832,2.1697960088287047,-2.2409250696859244,4.708126019618746,0.028481285580616886,3.5832125652604643,47.142503065067984,6.621320343559643,6.0685339390596,6.0685339390596,3.6819805153394642,3.4055873130894425,3.4055873130894425,2.285001820805078,2.285001820805078,1.9743416490252568,1.9743416490252568,0.7499999999999998,0.7499999999999998,-0.04,52.28341890015258,7.96,3.079539221938775,1.8263903061224485,51.723137466405205,5.106527394840706,0.0,0.0,0.0,0.0,0.0,0.0,0.0,0.0,20.771211599071872,19.26246486877803,0.0,5.601050810983688,5.106527394840706,0.0,0.0,45.63472727883358,0.0,0.0,0.0,0.0,0.0,0.0,10.707578205824394,0.0,0.0,40.0336764678499,0.0,0.0,20.23,0.0,5.106527394840706,5.601050810983688,0.0,19.26246486877803,0.0,0.0,20.771211599071872,0.0,0.0,0.0,0.0,9.4375,-0.3749999999999998,0.0,0.0,2.625,6.0625,0.0,1.0,8,1,1,0,0,0,0,0,0,1,1,1,3,0,0,0,0,1.9475,35.822799999999994,0,1,0,0,0,0,0,0,0,0,0,0,0,0,0,0,0,0,0,0,0,0,0,0,0,0
CC=C(CC)CC,2.051,2.1944444444444446,1.2152777777777777,2.1944444444444446,1.2152777777777777,0.4657299227272448,98.189,84.07699999999998,98.109550448,42,-0.03491049003689685,-0.08847643445612759,0.08847643445612759,0.03491049003689685,1.2857142857142858,1.7142857142857142,1.7142857142857142,13.884879643525316,10.141153980600082,1.8160932105506402,-1.9280321933349,2.0230195341299853,-1.720734345909098,4.966833801446667,0.9723648160503312,3.383202720889405,54.43856189774725,5.698670612749268,5.49156383156272,5.49156383156272,3.3460652149512318,2.987345747344081,2.987345747344081,1.6540302062452235,1.6540302062452235,1.316496580927726,1.316496580927726,0.6582482904638629,0.6582482904638629,-0.26,34.3994618804395,6.74,3.914216027874565,2.436864111498258,46.23930068202494,0.0,0.0,0.0,0.0,0.0,0.0,0.0,0.0,0.0,25.496599036284397,19.765380445542643,0.0,0.0,0.0,0.0,0.0,33.61285484492389,0.0,11.64912463690315,0.0,0.0,0.0,0.0,0.0,0.0,0.0,33.61285484492389,11.64912463690315,0.0,0.0,0.0,0.0,0.0,0.0,0.0,12.841643245852019,5.573104530069267,0.0,26.847231705905752,0.0,0.0,0.0,0.0,1.5555555555555558,0.0,0.0,4.625,6.486111111111112,0.0,0.7142857142857143,7,0,0,0,0,0,0,0,0,0,0,0,2,0,0,0,0,2.752700000000001,34.33899999999999,0,0,0,0,0,0,0,0,0,2,0,0,0,0,0,0,0,0,0,0,0,0,0,0,0,0
CCOC(=O)Cc1ccccc1,5.32,10.990235260770975,-0.16324074074074058,10.990235260770975,0.16324074074074058,0.6365051962344709,164.204,152.10799999999998,164.083729624,64,0.309742211250131,-0.46572543544810774,0.46572543544810774,0.309742211250131,1.3333333333333333,2.0,2.5833333333333335,16.531817029710155,10.152226095388567,2.0097998488446414,-1.9998050021947005,1.997003749387028,-2.0649406888676705,5.719218828269901,-0.14177529274016712,2.4716659606850775,241.27530899395387,8.811554787871634,7.117461489248952,7.117461489248952,5.825698502695489,4.021820589954731,4.021820589954731,2.4673964247704925,2.4673964247704925,1.4966115796190784,1.4966115796190784,0.9745470420629431,0.9745470420629431,-1.31,585.3846826146989,8.783545369504209,4.544018446795469,2.7419880629252233,72.16623890663404,4.736862953800049,0.0,0.0,0.0,5.969305287951849,4.794537184071822,0.0,0.0,0.0,30.33183534230805,12.487188691387619,0.0,13.027703587438928,9.53140013787187,5.969305287951849,0.0,13.344558822616634,6.606881964512918,35.89528683400505,0.0,0.0,0.0,0.0,12.576187252464766,15.95222176079788,0.0,12.487188691387619,30.33183534230805,0.0,26.3,0.0,4.794537184071822,5.969305287951849,13.027703587438928,5.563451491696996,0.0,0.0,37.255572541998674,0.0,4.736862953800049,4.806862244897959,10.990235260770975,0.0,0.9962500000000003,-0.16324074074074058,9.575012046485261,0.36972222222222206,2.2584922996976573,0.0,0.3,12,0,2,0,0,0,1,0,1,2,0,2,3,0,0,0,1,1.7922,46.77900000000003,0,0,0,0,0,0,1,1,0,0,0,1,0,0,1,1,0,0,0,0,0,0,0,0,0,0
CCOC(=O)CC,5.76,10.189583333333333,-0.1226851851851849,10.189583333333333,0.1226851851851849,0.485245073645189,102.133,92.05299999999998,102.06807956,42,0.304986319783951,-0.4659767306979968,0.4659767306979968,0.304986319783951,1.5714285714285714,2.142857142857143,2.2857142857142856,16.531723126594454,10.504128826857032,1.9061650500671683,-1.9331374785184658,1.8018953702722742,-1.9963978579682258,5.682319352716487,-0.14217940240944815,3.002590528674132,59.10049400592805,5.698670612749268,4.730710143300821,4.730710143300821,3.308060412490447,2.4646903780250446,2.4646903780250446,1.1585745604136395,1.1585745604136395,0.5940003396070641,0.5940003396070641,0.2630497103308105,0.2630497103308105,-0.53,31.916635235956914,6.47,3.6528153564899446,3.2963341491124023,43.47408681496662,4.736862953800049,0.0,0.0,0.0,5.969305287951849,4.794537184071822,0.0,0.0,0.0,6.923737199690624,6.923737199690624,6.4208216229260096,6.606881964512918,9.53140013787187,5.969305287951849,0.0,20.268296022307258,6.606881964512918,0.0,0.0,0.0,0.0,0.0,12.576187252464766,9.53140013787187,0.0,20.268296022307258,0.0,0.0,26.3,0.0,4.794537184071822,5.969305287951849,13.027703587438928,0.0,0.0,13.847474399381248,0.0,4.736862953800049,0.0,4.552083333333334,10.189583333333333,0.0,0.0,-0.1226851851851849,0.0,0.48,4.067685185185185,0.0,0.8,7,0,2,0,0,0,0,0,0,2,0,2,2,0,0,0,0,0.9595,26.923999999999985,0,0,0,0,0,0,1,1,0,0,0,0,0,0,1,1,0,0,0,0,0,0,0,0,0,0
C=Cc1ccc(CC)cc1,3.35,3.6864224300831445,1.1085544217687073,3.6864224300831445,1.1085544217687073,0.5800727622927883,132.206,120.10999999999997,132.093900384,52,-0.026235935123457448,-0.09847004747400068,0.09847004747400068,0.026235935123457448,1.3,1.9,2.3,13.918502849243371,10.110480090181115,1.8595849796736812,-1.948583708702131,2.045157419806697,-1.7755402290923565,5.465523614406229,1.1393708383926358,2.895351845489354,205.984848999515,7.397341225498538,6.300964908321225,6.300964908321225,4.863703305156274,3.578950801884416,3.578950801884416,2.299259159622402,2.299259159622402,1.6236697471111876,1.6236697471111876,0.8894223997871524,0.8894223997871524,-1.04,237.587417309747,7.071607142857144,3.2100399595076996,1.471945587562872,62.20156854489914,0.0,0.0,0.0,0.0,0.0,0.0,0.0,0.0,0.0,43.84416126396944,17.547724606320003,0.0,0.0,0.0,6.076020106833881,0.0,13.344558822616634,0.0,41.97130694083893,0.0,0.0,0.0,0.0,0.0,6.4208216229260096,0.0,18.050640183084617,30.844403957444936,6.076020106833881,0.0,0.0,0.0,0.0,0.0,6.4208216229260096,11.126902983393991,0.0,6.076020106833881,37.76814115713556,0.0,0.0,0.0,0.0,2.5720370370370373,0.0,8.450092592592593,2.969109977324263,5.84209372637944,0.0,0.2,10,0,0,0,0,0,1,0,1,0,0,0,2,0,0,0,1,2.8920000000000012,45.91100000000003,0,0,0,0,0,0,0,0,0,0,1,1,0,0,0,0,0,0,0,0,0,0,0,0,0,0
CCc1ccccc1C,2.595,2.1828703703703702,1.1455092592592593,2.1828703703703702,1.1455092592592593,0.5339790665494062,120.19499999999996,108.09899999999998,120.093900384,48,-0.03048142864999203,-0.061984846716096755,0.061984846716096755,0.03048142864999203,1.2222222222222223,1.8888888888888888,2.3333333333333335,13.948602353959256,10.079444319831124,1.88942284293085,-1.9798856275325625,2.055028504258698,-1.8213684743008438,5.244766684697955,1.1093160981133985,3.0065240073265844,188.98472797861993,6.69023444431199,6.016507857945051,6.016507857945051,4.342535255101096,3.3880104409694476,3.3880104409694476,2.2800380131045523,2.2800380131045523,1.6421561734439887,1.6421561734439887,1.0067764239924744,1.0067764239924744,-0.78,130.65102508867633,6.341654501216546,2.6743372612696805,1.3174550052099938,56.52622946268678,0.0,0.0,0.0,0.0,0.0,0.0,0.0,0.0,0.0,31.18920547353706,24.471461806010623,0.0,0.0,0.0,0.0,0.0,20.268296022307258,0.0,35.392371257240434,0.0,0.0,0.0,0.0,0.0,6.4208216229260096,6.923737199690624,18.050640183084614,24.26546827384644,0.0,0.0,0.0,0.0,0.0,0.0,6.4208216229260096,11.126902983393991,0.0,0.0,38.112942673227685,0.0,0.0,0.0,0.0,2.8587962962962967,0.0,8.494537037037036,1.1455092592592593,4.3344907407407405,0.0,0.3333333333333333,9,0,0,0,0,0,1,0,1,0,0,0,1,0,0,0,1,2.5574200000000005,40.557000000000016,0,0,0,0,0,0,0,0,0,0,2,1,0,0,0,0,0,0,0,0,0,0,0,0,0,0
CCc1cccc(C)c1,2.365,2.2222222222222223,1.1405555555555555,2.2222222222222223,1.1405555555555555,0.5339790665494062,120.19499999999996,108.09899999999998,120.093900384,48,-0.03073416305963221,-0.0617306129710105,0.0617306129710105,0.03073416305963221,1.3333333333333333,2.111111111111111,2.5555555555555554,13.914694226239902,10.113680973174723,1.8532542551197158,-1.9478957870415212,2.0259175971339562,-1.782904618031582,5.212101835644286,1.1315246522842426,2.9368661023365914,188.98472797861993,6.69023444431199,6.016507857945051,6.016507857945051,4.325698502695489,3.3820273768257403,3.3820273768257403,2.3426062739407114,2.3426062739407114,1.4907325733680776,1.4907325733680776,0.9320618013118032,0.9320618013118032,-0.78,126.05435680455047,6.341654501216546,2.6743372612696805,1.5627607309331124,56.526229462686786,0.0,0.0,0.0,0.0,0.0,0.0,0.0,0.0,0.0,36.75265696523406,18.90801031431363,0.0,0.0,0.0,0.0,0.0,20.268296022307258,0.0,35.392371257240434,0.0,0.0,0.0,0.0,0.0,6.4208216229260096,6.923737199690624,18.050640183084614,24.26546827384644,0.0,0.0,0.0,0.0,0.0,0.0,6.4208216229260096,11.126902983393991,0.0,0.0,38.112942673227685,0.0,0.0,0.0,0.0,2.7818055555555556,0.0,8.611435185185185,1.1405555555555555,4.299537037037037,0.0,0.3333333333333333,9,0,0,0,0,0,1,0,1,0,0,0,1,0,0,0,1,2.5574200000000005,40.557000000000016,0,0,0,0,0,0,0,0,0,0,2,1,0,0,0,0,0,0,0,0,0,0,0,0,0,0
CCc1ccc(C)cc1,2.265,2.175925925925926,1.1391666666666667,2.175925925925926,1.1391666666666667,0.5339790665494062,120.19499999999996,108.09899999999998,120.093900384,48,-0.030743750429054795,-0.06129413538826337,0.06129413538826337,0.030743750429054795,1.1111111111111112,1.6666666666666667,2.111111111111111,13.905443535906027,10.122978884456804,1.8434203559821596,-1.939181251459471,2.0178252630025355,-1.7727923894588735,5.2031570725147445,1.1354470818914193,2.881555877646136,171.73472797861993,6.69023444431199,6.016507857945051,6.016507857945051,4.325698502695489,3.38202737682574,3.38202737682574,2.3391519502467633,2.3391519502467633,1.52885073031913,1.52885073031913,0.8237812581009272,0.8237812581009272,-0.78,129.22533870330605,6.341654501216546,2.6743372612696805,1.5627607309331124,56.52622946268678,0.0,0.0,0.0,0.0,0.0,0.0,0.0,0.0,0.0,36.75265696523406,18.90801031431363,0.0,0.0,0.0,0.0,0.0,20.268296022307258,0.0,35.392371257240434,0.0,0.0,0.0,0.0,0.0,6.4208216229260096,6.923737199690624,18.050640183084614,24.26546827384644,0.0,0.0,0.0,0.0,0.0,0.0,6.4208216229260096,11.126902983393991,0.0,0.0,38.112942673227685,0.0,0.0,0.0,0.0,2.7572222222222225,0.0,8.655092592592592,1.1391666666666667,4.281851851851852,0.0,0.3333333333333333,9,0,0,0,0,0,1,0,1,0,0,0,1,0,0,0,1,2.5574200000000005,40.557000000000016,0,0,0,0,0,0,0,0,0,0,2,1,0,0,0,0,0,0,0,0,0,0,0,0,0,0
CC12CCC(CC1)C(C)(C)O2,4.57,6.060185185185185,0.15798611111111116,6.060185185185185,0.15798611111111116,0.5210255264729503,154.253,136.10899999999998,154.135765196,64,0.0661764034177079,-0.3691300164664661,0.3691300164664661,0.0661764034177079,1.0909090909090908,1.6363636363636365,1.9090909090909092,16.52669086422193,9.688270842860277,2.4748234860422493,-2.535061958618119,2.4865823613820233,-2.533481290260625,4.97206151539184,-0.22920842100504876,2.2239918531978673,160.9567031494677,8.112884175122364,7.814025684399679,7.814025684399679,5.019385277895634,4.7205267871729495,4.7205267871729495,4.9296915177288065,4.9296915177288065,3.5358886933172697,3.5358886933172697,2.744104673446887,2.744104673446887,-0.04,293.9926160508495,7.600932428048904,2.0070319396307648,1.0992889094512,69.12561297984745,4.736862953800049,0.0,0.0,0.0,0.0,0.0,0.0,0.0,0.0,0.0,52.372404136937305,0.0,11.202101621967376,4.736862953800049,0.0,5.917906046161393,57.65659971274329,0.0,0.0,0.0,0.0,0.0,0.0,11.202101621967376,4.736862953800049,5.917906046161393,46.4544980907759,0.0,0.0,9.23,0.0,0.0,11.202101621967376,0.0,5.917906046161393,25.683286491704038,0.0,0.0,20.771211599071872,4.736862953800049,6.060185185185185,0.0,0.0,0.3784722222222223,0.8234490740740739,0.0,5.314675925925927,6.756550925925926,0.0,1.0,11,0,1,1,2,3,0,0,0,1,0,1,0,1,2,3,3,2.7441000000000013,45.52700000000002,0,0,0,0,0,0,0,0,0,0,0,0,3,0,0,1,0,0,0,0,0,0,0,0,0,0
c1ccoc1,2.94,4.583333333333333,1.625,4.583333333333333,1.625,0.44603148755014616,68.07499999999999,64.043,68.026214748,26,0.09020235450853635,-0.4726377692765222,0.4726377692765222,0.09020235450853635,1.0,1.6,1.8,16.322838790183518,10.690498814349613,1.5846923785346962,-1.4987389221240004,1.7925139830361358,-1.1635621514579968,4.787660640186299,0.5671124179950148,3.1250000000000004,60.12481811269772,3.5355339059327378,2.7176493672223665,2.7176493672223665,2.5,1.4714045207910322,1.4714045207910322,0.793148469923614,0.793148469923614,0.42538079163846576,0.42538079163846576,0.22680460581325737,0.22680460581325737,-0.7200000000000001,22.886435386960574,2.5136448598130845,0.9307991964363703,0.29336361254258025,30.2257323835738,4.417150937053347,0.0,0.0,0.0,0.0,0.0,0.0,0.0,0.0,0.0,12.13273413692322,0.0,12.526325991278114,4.417150937053347,0.0,0.0,0.0,0.0,24.659060128201332,0.0,0.0,0.0,0.0,0.0,0.0,0.0,0.0,29.07621106525468,0.0,13.14,0.0,0.0,0.0,0.0,0.0,0.0,12.526325991278114,12.13273413692322,4.417150937053347,0.0,4.583333333333333,0.0,0.0,0.0,0.0,3.6666666666666665,3.25,0.0,0.0,0.0,5,0,1,0,0,0,0,1,1,1,0,1,0,0,0,0,1,1.2795999999999998,18.708,0,0,0,0,0,0,0,0,0,0,0,0,0,0,0,0,1,0,0,0,0,0,0,0,0,0
O=Cc1ccco1,42.1,9.773842592592594,0.37500000000000044,9.773842592592594,0.37500000000000044,0.4896950193353882,96.08499999999998,92.05299999999998,96.021129368,36,0.18480086649586971,-0.4615648134016627,0.4615648134016627,0.18480086649586971,1.7142857142857142,2.5714285714285716,2.857142857142857,16.337291486531015,10.501457041144834,1.8418899451137059,-1.6833751715561356,1.9220413316465286,-1.6459114979203369,5.694580576536039,0.10957973060819552,2.962094525806721,141.1235805057187,5.112884175122364,3.625897657686229,3.625897657686229,3.431851652578137,1.919545601879256,1.919545601879256,1.133270707342195,1.133270707342195,0.6593369410140689,0.6593369410140689,0.35831930379476873,0.35831930379476873,-1.05,66.31310982742876,4.118067226890756,1.598931214740438,0.6815770736917053,40.75219659801417,4.417150937053347,0.0,12.046407942003999,0.0,0.0,4.794537184071822,0.0,0.0,0.0,0.0,12.13273413692322,0.0,6.263162995639057,9.211688121125169,6.286160523129555,0.0,0.0,0.0,24.156144551436718,0.0,0.0,0.0,0.0,6.286160523129555,0.0,0.0,10.554784602946263,22.813048069615622,0.0,30.21,0.0,4.794537184071822,0.0,12.046407942003999,0.0,6.263162995639057,12.13273413692322,0.0,4.417150937053347,0.0,4.614583333333333,9.773842592592594,0.0,0.0,0.37500000000000044,3.274537037037037,2.1287037037037035,0.0,0.0,0.0,7,0,2,0,0,0,0,1,1,2,0,2,1,0,0,0,1,1.0920999999999998,24.095499999999994,0,0,0,0,0,0,1,1,1,0,0,0,0,0,0,0,1,0,0,0,0,0,0,0,0,0
OCc1ccco1,16.85,8.332731481481481,-0.006944444444444642,8.332731481481481,0.006944444444444642,0.562462027989617,98.10099999999998,92.05299999999998,98.036779432,38,0.12864401421936308,-0.46690881342439633,0.46690881342439633,0.12864401421936308,1.7142857142857142,2.5714285714285716,2.857142857142857,16.352552129495646,10.484144692373476,1.8525809591635836,-1.7896458285717416,1.9624852182439274,-1.7172011423737097,4.949038542831341,0.24700226979928866,2.762608341443769,120.63609436412281,5.112884175122364,3.7946194747192457,3.7946194747192457,3.431851652578137,2.064949363499039,2.064949363499039,1.2374773758177693,1.2374773758177693,0.7359378891141173,0.7359378891141173,0.4025448818005122,0.4025448818005122,-0.76,66.31310982742876,4.40025641025641,1.7971563749580297,0.81015270053728,41.384908250166426,9.523678331894054,12.367129383387361,0.0,0.0,0.0,0.0,0.0,0.0,0.0,0.0,12.13273413692322,0.0,6.263162995639057,9.523678331894054,0.0,0.0,6.606881964512918,0.0,24.156144551436718,0.0,0.0,0.0,0.0,5.106527394840706,6.606881964512918,0.0,5.760247418874442,22.813048069615622,0.0,33.370000000000005,0.0,0.0,6.606881964512918,5.760247418874442,0.0,6.263162995639057,12.13273413692322,0.0,0.0,9.523678331894054,4.732638888888889,0.0,8.332731481481481,0.0,0.6111111111111114,3.4638425925925924,1.533287037037037,-0.006944444444444642,0.0,0.2,7,1,2,0,0,0,0,1,1,2,1,2,1,0,0,0,1,0.7719,24.630799999999994,0,1,1,0,0,0,0,0,0,0,0,0,0,0,0,0,1,0,0,0,0,0,0,0,0,0
OCC(O)CO,46.53,8.166666666666668,-0.9537037037037039,8.166666666666668,0.36458333333333326,0.3814944322102413,92.09400000000001,84.03,92.047344116,38,0.10004702601723478,-0.3935933161206694,0.3935933161206694,0.10004702601723478,1.1666666666666667,1.5,1.5,16.344803208507116,10.418392587147725,1.932810557446746,-1.9633086591105848,1.7123879794103936,-2.153670382242676,4.434895881394919,0.04502149254246311,2.7541847860376616,25.219280948873624,4.99156383156272,3.3332046180625943,3.3332046180625943,2.808060412490447,1.7071510027085632,1.7071510027085632,1.0189718779350343,1.0189718779350343,0.42149820593270626,0.42149820593270626,0.05773502691896257,0.05773502691896257,-0.12,19.800269059780252,5.88,3.0849180327868857,2.1377319587628865,35.851836513210806,15.319582184522117,6.103966387748303,0.0,0.0,0.0,0.0,0.0,0.0,0.0,0.0,0.0,0.0,13.213763929025836,15.319582184522117,0.0,0.0,6.103966387748303,13.213763929025836,0.0,0.0,0.0,0.0,0.0,34.63731250129626,0.0,0.0,0.0,0.0,0.0,60.69,6.103966387748303,0.0,13.213763929025836,0.0,0.0,0.0,0.0,0.0,0.0,15.319582184522117,0.0,0.0,24.016203703703706,0.0,0.0,0.0,-0.9537037037037039,-0.7291666666666665,0.0,1.0,6,3,3,0,0,0,0,0,0,3,3,3,2,0,0,0,0,-1.6681000000000001,20.1784,0,3,3,0,0,0,0,0,0,0,0,0,0,0,0,0,0,0,0,0,0,0,0,0,0,0
CC(=O)OCC(COC(C)=O)OC(C)=O,7.11,10.640325963718821,-0.7543518518518522,10.640325963718821,0.12282407407407403,0.47869816055379727,218.20499999999998,204.09299999999996,218.079038168,86,0.30265255720774037,-0.46178258082648094,0.46178258082648094,0.30265255720774037,0.8666666666666667,1.2666666666666666,1.5333333333333334,16.604114797562193,10.377882608976746,2.148969598426655,-2.154259790174214,1.9663128339949625,-2.2886378731683212,5.672702954470653,-0.16338033133923985,3.9922055468289943,228.98712426015686,11.844934982691242,8.941053574345899,8.941053574345899,6.913591357920934,4.3542939819044575,4.3542939819044575,2.8366129374456404,2.8366129374456404,1.2776082746396011,1.2776082746396011,0.7714625129394689,0.7714625129394689,-1.59,1181.1146166851313,13.41,6.803584654107227,8.73232070910556,87.48398993165436,14.210588861400147,13.213763929025836,6.103966387748303,0.0,17.90791586385555,14.383611552215466,0.0,0.0,0.0,0.0,0.0,20.771211599071872,0.0,28.59420041361561,17.90791586385555,0.0,26.875177986820173,13.213763929025836,0.0,0.0,0.0,0.0,0.0,37.22564618062969,28.59420041361561,0.0,20.771211599071872,0.0,0.0,78.9,24.01188225160385,14.383611552215466,13.213763929025836,0.0,0.0,20.771211599071872,0.0,0.0,9.473725907600098,4.736862953800049,14.017256235827666,31.64363252708491,0.0,0.0,-1.5099461451247154,0.0,-0.7543518518518522,3.436742567397329,0.0,0.6666666666666666,15,0,6,0,0,0,0,0,0,6,0,6,5,0,0,0,0,0.044299999999999784,48.82000000000003,0,0,0,0,0,0,3,3,0,0,0,0,0,0,3,3,0,0,0,0,0,0,0,0,0,0
CCCCCC(=O)OCC(COC(=O)CCCCC)OC(=O)CCCCC,4.476,11.936231117868022,-0.7459473943898549,11.936231117868022,0.07667052469135793,0.2042964372882025,386.5290000000002,348.22500000000014,386.26683893599994,158,0.30580717021188586,-0.4615798962473142,0.4615798962473142,0.30580717021188586,0.5925925925925926,0.9629629629629629,1.3333333333333333,16.605072077759946,10.182353737901327,2.1887135773034005,-2.179618813730223,2.0720823498765233,-2.304584539301851,5.70649387468271,-0.16654135775083334,4.358621183172052,381.47601269744524,20.33021635692981,17.426334948584472,17.426334948584472,13.027605765303289,10.536274497243921,10.536274497243921,6.849213813398132,6.849213813398132,4.111902181777821,4.111902181777821,2.435107274290156,2.435107274290156,-1.59,552578.7149845123,25.41,17.805432845726006,16.316741056032804,163.86329530441367,14.210588861400147,13.213763929025836,6.103966387748303,0.0,17.90791586385555,14.383611552215466,0.0,0.0,0.0,59.296141336627926,19.26246486877803,19.26246486877803,0.0,28.59420041361561,17.90791586385555,0.0,103.9250374619323,13.213763929025836,0.0,0.0,0.0,0.0,0.0,37.22564618062969,28.59420041361561,0.0,97.821071074184,0.0,0.0,78.9,6.103966387748303,14.383611552215466,31.12167979288138,19.26246486877803,57.787394606334104,0.0,0.0,0.0,20.771211599071872,14.210588861400147,15.757096865376084,35.45838224148663,0.0,0.0,-0.9796087875768595,0.0,8.563739439244852,6.033723574802618,0.0,0.8571428571428571,27,0,6,0,0,0,0,0,0,6,0,6,17,0,0,0,0,4.725500000000005,104.22400000000007,0,0,0,0,0,0,3,3,0,0,0,0,0,0,3,3,0,0,0,0,0,0,0,0,0,3
CCCCCCCC(=O)OCC(COC(=O)CCCCCCC)OC(=O)CCCCCCC,3.931,12.217154704566564,-0.7488661122927904,12.217154704566564,0.07028963881236616,0.09026518387328009,470.6910000000005,420.2910000000003,470.36073931999994,194,0.3058071716549379,-0.46157989624349244,0.46157989624349244,0.3058071716549379,0.48484848484848486,0.8181818181818182,1.1818181818181819,16.60509426508238,10.120115855656188,2.1904634866651835,-2.1805128053288656,2.101338998190666,-2.3046580584406327,5.706585886686541,-0.16654645459788436,4.367407054130716,461.0032508161707,24.57285704404909,21.66897563570375,21.66897563570375,16.02760576530329,13.536274497243921,13.536274497243921,8.970534156957774,8.970534156957774,5.611902181777823,5.611902181777823,3.495767446069978,3.495767446069978,-1.59,10531333.277998636,31.41,23.564244369945538,21.98902314052119,202.05294799079334,14.210588861400147,13.213763929025836,6.103966387748303,0.0,17.90791586385555,14.383611552215466,0.0,0.0,0.0,97.821071074184,19.26246486877803,19.26246486877803,0.0,28.59420041361561,17.90791586385555,0.0,142.44996719948838,13.213763929025836,0.0,0.0,0.0,0.0,0.0,37.22564618062969,28.59420041361561,0.0,136.34600081174008,0.0,0.0,78.9,6.103966387748303,14.383611552215466,31.12167979288138,19.26246486877803,77.04985947511214,19.26246486877803,0.0,0.0,20.771211599071872,14.210588861400147,16.118590754853244,36.284583444765445,0.0,0.0,-0.9245785598911631,0.0,16.038748479534586,6.3159892140712195,0.0,0.8888888888888888,33,0,6,0,0,0,0,0,0,6,0,6,23,0,0,0,0,7.066100000000009,131.92600000000004,0,0,0,0,0,0,3,3,0,0,0,0,0,0,3,3,0,0,0,0,0,0,0,0,0,9
CCCCCCCO,11.75,8.365586734693878,0.36479591836734704,8.365586734693878,0.36479591836734704,0.5441914935658748,116.204,100.07599999999998,116.120115132,50,0.04305240722358137,-0.39637656934229265,0.39637656934229265,0.04305240722358137,1.0,1.625,2.125,16.249923664121983,10.156927409334365,1.8355493946765933,-1.9302010202407784,1.9992919154403415,-1.8123719223305603,4.3862962203408635,0.28226080118618174,2.53006045688352,29.368065554250645,6.242640687119286,5.689854282619244,5.689854282619244,3.914213562373095,3.5233345472033855,3.5233345472033855,2.1378203601230736,2.1378203601230736,1.2616672736016925,1.2616672736016925,0.715356789468263,0.715356789468263,-0.04,61.499612265106904,7.96,6.96,5.959999999999999,51.723137466405205,5.106527394840706,0.0,0.0,0.0,0.0,0.0,0.0,0.0,0.0,32.60702369139466,6.4208216229260096,6.606881964512918,0.0,5.106527394840706,0.0,0.0,39.02784531432067,6.606881964512918,0.0,0.0,0.0,0.0,0.0,11.713409359353623,0.0,0.0,39.02784531432067,0.0,0.0,20.23,0.0,0.0,0.0,6.606881964512918,6.4208216229260096,25.683286491704038,0.0,0.0,6.923737199690624,5.106527394840706,0.0,0.0,8.365586734693878,0.0,0.0,0.0,6.076218820861678,2.5581944444444447,0.0,1.0,8,1,1,0,0,0,0,0,0,1,1,1,5,0,0,0,0,1.9491,35.84479999999999,0,1,1,0,0,0,0,0,0,0,0,0,0,0,0,0,0,0,0,0,0,0,0,0,0,3
CCCC(O)CCC,6.18,9.049166666666666,-0.037037037037037424,9.049166666666666,0.037037037037037424,0.5948534280152403,116.204,100.07599999999998,116.120115132,50,0.05396452766195677,-0.39313174977877047,0.39313174977877047,0.05396452766195677,1.125,1.5,1.75,16.26567184580975,10.118726515754783,1.971707747717533,-2.04181862574201,2.017925962476934,-2.0317635747977025,4.5064337470993,0.1525151601685056,2.919612641438553,37.65148445440323,6.405777393935816,5.852990989435774,5.852990989435774,3.808060412490447,3.488909033047982,3.488909033047982,2.231173775454549,2.231173775454549,1.2437974494006496,1.2437974494006496,0.8107847475084304,0.8107847475084304,-0.04,50.25226450504587,7.96,5.10367816091954,4.127785234899329,51.723137466405205,5.106527394840706,0.0,0.0,0.0,0.0,0.0,0.0,0.0,0.0,26.689117645233267,12.841643245852019,0.0,6.103966387748303,5.106527394840706,0.0,0.0,45.634727278833594,0.0,0.0,0.0,0.0,0.0,0.0,11.210493782589008,0.0,0.0,39.53076089108528,0.0,0.0,20.23,0.0,0.0,6.103966387748303,0.0,25.683286491704038,0.0,0.0,0.0,13.847474399381248,5.106527394840706,0.0,0.0,9.049166666666666,0.0,0.0,0.0,4.091944444444445,4.192222222222222,0.0,1.0,8,1,1,0,0,0,0,0,0,1,1,1,4,0,0,0,0,1.9475,35.822799999999994,0,1,1,0,0,0,0,0,0,0,0,0,0,0,0,0,0,0,0,0,0,0,0,0,0,0
CCCCCC(C)=O,11.95,10.318568594104308,0.3180092592592594,10.318568594104308,0.3180092592592594,0.5116862498477169,114.18799999999999,100.07599999999998,114.104465068,48,0.1293399488649192,-0.3000310235003908,0.3000310235003908,0.1293399488649192,1.375,2.0,2.375,16.137168949759804,10.152628481001415,1.8920578624058295,-1.9023275241630329,1.9755852732576769,-1.8720736715298707,5.747909217884566,-0.11662494280366004,2.822354554248032,66.78707744334402,6.405777393935816,5.736675415210053,5.736675415210053,3.770055610029662,3.2647843170117525,3.2647843170117525,2.159121884309159,2.159121884309159,1.1323921585058763,1.1323921585058763,0.62394547894534,0.62394547894534,-0.33,48.27551104108667,7.669999999999999,4.8199250374812594,5.670000000000001,51.09042581425296,4.794537184071822,5.783244946364939,0.0,0.0,0.0,0.0,0.0,0.0,0.0,19.765380445542643,13.344558822616634,6.4208216229260096,0.0,4.794537184071822,5.783244946364939,0.0,39.53076089108528,0.0,0.0,0.0,0.0,0.0,0.0,5.783244946364939,4.794537184071822,0.0,39.53076089108528,0.0,0.0,17.07,0.0,4.794537184071822,0.0,5.783244946364939,12.841643245852019,12.841643245852019,6.923737199690624,0.0,6.923737199690624,0.0,0.0,10.318568594104308,0.0,0.0,0.3180092592592594,0.0,4.242592592592593,3.787496220710506,0.0,0.8571428571428571,8,0,1,0,0,0,0,0,0,1,0,1,4,0,0,0,0,2.1557000000000004,34.822999999999986,0,0,0,0,0,0,1,1,0,0,0,0,0,0,0,0,0,1,1,0,0,0,0,0,0,1
C=CCCCCC,2.092,3.6324914965986395,1.1883333333333335,3.6324914965986395,1.1883333333333335,0.3744010571354258,98.189,84.07699999999998,98.109550448,42,-0.03534146559247401,-0.10308297894147123,0.10308297894147123,0.03534146559247401,1.4285714285714286,2.142857142857143,2.5714285714285716,13.834385545486183,10.191651690937658,1.7698529758166812,-1.873112565548704,1.968527537586309,-1.6742376102162704,4.642184698605179,0.7296671235279323,2.558780869327957,37.30296890880646,5.535533905932738,5.112884175122363,5.112884175122363,3.414213562373095,3.0236033621142733,3.0236033621142733,1.7844570503761732,1.7844570503761732,1.0118016810571366,1.0118016810571366,0.5386751345948128,0.5386751345948128,-0.26,35.509609925153406,6.74,5.740000000000001,5.739999999999999,46.23930068202494,0.0,0.0,0.0,0.0,0.0,0.0,0.0,0.0,6.578935683598497,25.841400552376523,12.841643245852019,0.0,0.0,0.0,0.0,0.0,32.60702369139466,0.0,12.654955790432378,0.0,0.0,0.0,0.0,0.0,0.0,0.0,32.60702369139466,12.654955790432378,0.0,0.0,0.0,0.0,0.0,0.0,0.0,25.683286491704038,0.0,6.076020106833881,13.502672883289122,0.0,0.0,0.0,0.0,0.0,0.0,0.0,7.1561111111111115,5.843888888888889,0.0,0.7142857142857143,7,0,0,0,0,0,0,0,0,0,0,0,4,0,0,0,0,2.752700000000001,34.33899999999999,0,0,0,0,0,0,0,0,0,1,0,0,0,0,0,0,0,0,0,0,0,0,0,0,0,2
CCCCCCCOC(C)=O,4.2,10.31038918808264,-0.1662115509784159,10.31038918808264,0.1662115509784159,0.4383150695699537,158.24099999999999,140.09699999999998,158.130679816,66,0.30212286792610354,-0.46587768666800145,0.46587768666800145,0.30212286792610354,1.1818181818181819,1.8181818181818181,2.3636363636363638,16.531455181852714,10.155578470277218,1.915121737826,-1.998733442850477,2.014902756670915,-1.9941737251124987,5.653181119298176,-0.14057364245649182,2.8497612822334424,99.73585546369786,8.52709773749546,7.559137268047012,7.559137268047012,5.270055610029662,4.404030206245224,4.404030206245224,2.754256898699629,2.754256898699629,1.5532161629029313,1.5532161629029313,0.921512986140575,0.921512986140575,-0.53,240.89588338167468,10.47,7.575596620908132,9.470000000000002,68.93385527255306,4.736862953800049,0.0,0.0,0.0,5.969305287951849,4.794537184071822,0.0,0.0,0.0,32.60702369139466,6.4208216229260096,6.923737199690624,6.606881964512918,9.53140013787187,5.969305287951849,0.0,45.95158251401129,6.606881964512918,0.0,0.0,0.0,0.0,0.0,12.576187252464766,9.53140013787187,0.0,45.95158251401129,0.0,0.0,26.3,0.0,4.794537184071822,5.969305287951849,6.606881964512918,6.4208216229260096,32.60702369139466,0.0,0.0,6.923737199690624,4.736862953800049,4.783142715419501,10.31038918808264,0.0,0.0,-0.1662115509784159,0.0,6.006053240740741,4.2332930734022005,0.0,0.8888888888888888,11,0,2,0,0,0,0,0,0,2,0,2,6,0,0,0,0,2.5199000000000007,45.39200000000002,0,0,0,0,0,0,1,1,0,0,0,0,0,0,1,1,0,0,0,0,0,0,0,0,0,4
CCCCCCO,13.03,8.292882653061223,0.36111111111111116,8.292882653061223,0.36111111111111116,0.5339278817039772,102.17699999999999,88.06499999999998,102.104465068,44,0.04305240583871402,-0.396376569347818,0.396376569347818,0.04305240583871402,1.1428571428571428,1.8571428571428572,2.2857142857142856,16.24992271074938,10.199338618479077,1.8042035443757636,-1.899002084825518,1.9548843059963394,-1.7998072712309119,4.352979366632653,0.282705155566582,2.447472887876344,23.360990398949916,5.535533905932738,4.982747501432696,4.982747501432696,3.414213562373095,3.0233345472033855,3.0233345472033855,1.7842669695298,1.7842669695298,1.0116672736016925,1.0116672736016925,0.5385800941716262,0.5385800941716262,-0.04,35.509609925153406,6.96,5.959999999999999,5.960000000000001,45.35819535200859,5.106527394840706,0.0,0.0,0.0,0.0,0.0,0.0,0.0,0.0,26.186202068468653,6.4208216229260096,6.606881964512918,0.0,5.106527394840706,0.0,0.0,32.60702369139466,6.606881964512918,0.0,0.0,0.0,0.0,0.0,11.713409359353623,0.0,0.0,32.60702369139466,0.0,0.0,20.23,0.0,0.0,0.0,6.606881964512918,6.4208216229260096,19.26246486877803,0.0,0.0,6.923737199690624,5.106527394840706,0.0,0.0,8.292882653061223,0.0,0.0,0.0,4.6819444444444445,2.5251729024943312,0.0,1.0,7,1,1,0,0,0,0,0,0,1,1,1,4,0,0,0,0,1.559,31.22779999999998,0,1,1,0,0,0,0,0,0,0,0,0,0,0,0,0,0,0,0,0,0,0,0,0,0,2
CCCCC(C)O,11.06,8.683472222222221,-0.0972685185185187,8.683472222222221,0.0972685185185187,0.5729664843005482,102.17699999999998,88.06499999999998,102.104465068,44,0.051166509252298105,-0.3934192704931501,0.3934192704931501,0.051166509252298105,1.5714285714285714,2.142857142857143,2.2857142857142856,16.26466185213077,10.176110061834999,1.8981700405138908,-1.9787743146858008,1.9670076870483262,-1.9660471375772455,4.433654679279867,0.18104162389176365,2.678257743164726,33.16125945873016,5.698670612749268,5.145884208249226,5.145884208249226,3.270055610029662,2.9509042305871973,2.9509042305871973,1.9912498912341658,1.9912498912341658,0.9754521152935987,0.9754521152935987,0.49953538338139064,0.49953538338139064,-0.04,29.01955000865388,6.96,4.127785234899329,5.960000000000001,45.3581953520086,5.106527394840706,0.0,0.0,0.0,0.0,0.0,0.0,0.0,0.0,19.765380445542643,13.344558822616634,0.0,6.103966387748303,5.106527394840706,0.0,0.0,39.21390565590758,0.0,0.0,0.0,0.0,0.0,0.0,11.210493782589008,0.0,0.0,33.10993926815928,0.0,0.0,20.23,0.0,0.0,6.103966387748303,0.0,12.841643245852019,6.4208216229260096,0.0,6.923737199690624,6.923737199690624,5.106527394840706,0.0,0.0,8.683472222222221,0.0,0.0,0.0,3.193472222222222,3.9563888888888887,0.0,1.0,7,1,1,0,0,0,0,0,0,1,1,1,3,0,0,0,0,1.5574,31.205799999999982,0,1,1,0,0,0,0,0,0,0,0,0,0,0,0,0,0,0,0,0,0,0,0,0,0,0
CCCC(O)CC,9.66,8.857916666666666,-0.05092592592592626,8.857916666666666,0.05092592592592626,0.5729664843005482,102.17699999999999,88.06499999999998,102.104465068,44,0.053711905178556944,-0.3931423955826943,0.3931423955826943,0.053711905178556944,1.4285714285714286,2.0,2.142857142857143,16.26560187333993,10.160206113667568,1.9401852346392487,-2.0131598947405824,1.9755386579348329,-2.0124579642756633,4.473297294280572,0.15918140204601294,2.8318199660707846,35.161259458730164,5.698670612749268,5.145884208249226,5.145884208249226,3.308060412490447,2.988909033047982,2.988909033047982,1.8507469313235994,1.8507469313235994,1.0931480451301931,1.0931480451301931,0.5373477353374435,0.5373477353374435,-0.04,31.916635235956914,6.96,4.127785234899329,3.799034859521332,45.35819535200859,5.106527394840706,0.0,0.0,0.0,0.0,0.0,0.0,0.0,0.0,20.268296022307258,12.841643245852019,0.0,6.103966387748303,5.106527394840706,0.0,0.0,39.21390565590758,0.0,0.0,0.0,0.0,0.0,0.0,11.210493782589008,0.0,0.0,33.10993926815928,0.0,0.0,20.23,0.0,0.0,6.103966387748303,0.0,19.26246486877803,0.0,0.0,6.923737199690624,6.923737199690624,5.106527394840706,0.0,0.0,8.857916666666666,0.0,0.0,0.0,2.89287037037037,4.082546296296297,0.0,1.0,7,1,1,0,0,0,0,0,0,1,1,1,3,0,0,0,0,1.5574,31.205799999999982,0,1,1,0,0,0,0,0,0,0,0,0,0,0,0,0,0,0,0,0,0,0,0,0,0,0
CCCCC(C)=O,14.56,10.202638888888888,0.30726851851851866,10.202638888888888,0.30726851851851866,0.5278529243600644,100.16099999999999,88.06499999999998,100.088815004,42,0.1293397726031704,-0.30003102499487694,0.30003102499487694,0.1293397726031704,1.5714285714285714,2.142857142857143,2.2857142857142856,16.137167305452795,10.193938925165142,1.869658923824491,-1.8611399014949912,1.9211620106898817,-1.861067763114163,5.74784421237629,-0.116612302955951,2.8219389370591843,57.20035947603792,5.698670612749268,5.029568634023505,5.029568634023505,3.270055610029662,2.7647843170117525,2.7647843170117525,1.8055684937158853,1.8055684937158853,0.8823921585058763,0.8823921585058763,0.4257221742419769,0.4257221742419769,-0.33,29.01955000865388,6.670000000000001,3.84636684303351,5.669999999999999,44.72548369985635,4.794537184071822,5.783244946364939,0.0,0.0,0.0,0.0,0.0,0.0,0.0,13.344558822616634,13.344558822616634,6.4208216229260096,0.0,4.794537184071822,5.783244946364939,0.0,33.10993926815928,0.0,0.0,0.0,0.0,0.0,0.0,5.783244946364939,4.794537184071822,0.0,33.10993926815928,0.0,0.0,17.07,0.0,4.794537184071822,0.0,5.783244946364939,19.26246486877803,0.0,6.923737199690624,0.0,6.923737199690624,0.0,0.0,10.202638888888888,0.0,0.0,0.30726851851851866,0.0,2.935925925925926,3.720833333333333,0.0,0.8333333333333334,7,0,1,0,0,0,0,0,0,1,0,1,3,0,0,0,0,1.7656,30.20599999999998,0,0,0,0,0,0,1,1,0,0,0,0,0,0,0,0,0,1,1,0,0,0,0,0,0,0
C=CCCCC,2.077,3.5981944444444443,1.1770833333333335,3.5981944444444443,1.1770833333333335,0.36350557388151317,84.16199999999999,72.06599999999999,84.093900384,36,-0.03535136060568804,-0.10308298030401146,0.10308298030401146,0.03535136060568804,1.6666666666666667,2.3333333333333335,2.5,13.774334095388141,10.250900986288373,1.70889246787951,-1.8149024079880056,1.9089979477877488,-1.614472586187744,4.636931836752408,0.8157533078251082,2.488403771876112,29.01955000865387,4.82842712474619,4.405777393935816,4.405777393935816,2.914213562373095,2.5236033621142733,2.5236033621142733,1.4309036597828992,1.4309036597828992,0.7618016810571366,0.7618016810571366,0.3484617125293379,0.3484617125293379,-0.26,20.986300857070454,5.740000000000001,4.74,3.7400000000000007,39.874358567628335,0.0,0.0,0.0,0.0,0.0,0.0,0.0,0.0,6.578935683598497,25.841400552376523,6.4208216229260096,0.0,0.0,0.0,0.0,0.0,26.186202068468653,0.0,12.654955790432378,0.0,0.0,0.0,0.0,0.0,0.0,0.0,26.186202068468653,12.654955790432378,0.0,0.0,0.0,0.0,0.0,0.0,0.0,19.26246486877803,0.0,6.076020106833881,13.502672883289122,0.0,0.0,0.0,0.0,0.0,0.0,0.0,5.717777777777778,5.782222222222222,0.0,0.6666666666666666,6,0,0,0,0,0,0,0,0,0,0,0,3,0,0,0,0,2.3626000000000005,29.721999999999984,0,0,0,0,0,0,0,0,0,1,0,0,0,0,0,0,0,0,0,0,0,0,0,0,0,1
CC=CCCC,1.978,2.1805555555555554,1.2326388888888888,2.1805555555555554,1.2326388888888888,0.4504228125641928,84.162,72.06599999999999,84.093900384,36,-0.03534645830278346,-0.09166437222257405,0.09166437222257405,0.03534645830278346,1.5,2.1666666666666665,2.3333333333333335,13.71329508456536,10.31200464295009,1.6437908317598438,-1.758168865422731,1.849643851254467,-1.5517106481821044,4.745935479722252,0.9569674578134094,2.658099936249019,35.302968908806456,4.82842712474619,4.568914100752346,4.568914100752346,2.914213562373095,2.52603867417337,2.52603867417337,1.3577107283236622,1.3577107283236622,0.6910440616569955,0.6910440616569955,0.33333333333333337,0.33333333333333337,-0.26,20.986300857070454,5.740000000000001,4.74,3.7400000000000007,39.874358567628335,0.0,0.0,0.0,0.0,0.0,0.0,0.0,0.0,0.0,25.496599036284397,13.344558822616634,0.0,0.0,0.0,0.0,0.0,26.689117645233267,0.0,12.152040213667762,0.0,0.0,0.0,0.0,0.0,0.0,0.0,26.689117645233267,12.152040213667762,0.0,0.0,0.0,0.0,0.0,0.0,0.0,12.841643245852019,0.0,0.0,25.99951461304901,0.0,0.0,0.0,0.0,0.0,0.0,0.0,6.768194444444444,4.231805555555555,0.0,0.6666666666666666,6,0,0,0,0,0,0,0,0,0,0,0,2,0,0,0,0,2.3626000000000005,29.721999999999984,0,0,0,0,0,0,0,0,0,2,0,0,0,0,0,0,0,0,0,0,0,0,0,0,0,0
CCCCCCOC(C)=O,4.42,10.254216348576467,-0.16990882464096724,10.254216348576467,0.16990882464096724,0.4361738106721368,144.21399999999997,128.08599999999998,144.115029752,60,0.30212286792609416,-0.4658776866736629,0.4658776866736629,0.30212286792609416,1.3,2.0,2.5,16.531453734359687,10.197248395616175,1.9058317994878784,-1.9892951582536158,1.979109841529001,-1.9931847431938134,5.653177753213099,-0.14057149052918275,2.8385891218139165,89.25838096618138,7.819990956308912,6.852030486860464,6.852030486860464,4.770055610029662,3.9040302062452237,3.9040302062452237,2.4007035081063557,2.4007035081063557,1.303216162902931,1.303216162902931,0.7447362908439382,0.7447362908439382,-0.53,142.19516056908168,9.47,6.588063754427392,7.470000000000003,62.56891315815644,4.736862953800049,0.0,0.0,0.0,5.969305287951849,4.794537184071822,0.0,0.0,0.0,26.186202068468653,6.4208216229260096,6.923737199690624,6.606881964512918,9.53140013787187,5.969305287951849,0.0,39.53076089108528,6.606881964512918,0.0,0.0,0.0,0.0,0.0,12.576187252464766,9.53140013787187,0.0,39.53076089108528,0.0,0.0,26.3,0.0,4.794537184071822,5.969305287951849,6.606881964512918,6.4208216229260096,26.186202068468653,0.0,0.0,6.923737199690624,4.736862953800049,4.749501133786849,10.254216348576467,0.0,0.0,-0.16990882464096724,0.0,4.637436696900983,4.195421312043336,0.0,0.875,10,0,2,0,0,0,0,0,0,2,0,2,5,0,0,0,0,2.1298000000000004,40.775000000000006,0,0,0,0,0,0,1,1,0,0,0,0,0,0,1,1,0,0,0,0,0,0,0,0,0,3
CCCCCCc1ccccc1,2.3,2.25249716553288,1.2508333333333332,2.25249716553288,1.2508333333333332,0.5774504107669273,162.276,144.13199999999998,162.140850576,66,-0.02788722931821786,-0.06538238174359431,0.06538238174359431,0.02788722931821786,0.9166666666666666,1.6666666666666667,2.3333333333333335,13.96060460945602,10.069587763365474,1.901166279548733,-1.9899911216213724,2.062562294296294,-1.8370259577359318,5.138861071878648,0.6666792987656656,2.157795777203053,188.45310074746274,8.648418081055103,7.922285251880869,7.922285251880869,5.931851652578137,4.97134377430278,4.97134377430278,3.2962587314333103,3.2962587314333103,2.161829882562212,2.161829882562212,1.4005780783709258,1.4005780783709258,-0.78,694.6611541570788,9.309126559714795,5.817954575285077,3.5646069197864145,75.62105580587661,0.0,0.0,0.0,0.0,0.0,0.0,0.0,0.0,0.0,56.5180374107767,18.405094737549014,0.0,0.0,0.0,0.0,0.0,39.02784531432067,0.0,35.89528683400505,0.0,0.0,0.0,0.0,0.0,6.4208216229260096,0.0,38.17047518309165,30.33183534230805,0.0,0.0,0.0,0.0,0.0,0.0,0.0,37.667559606327046,0.0,0.0,37.255572541998674,0.0,0.0,0.0,0.0,1.4801880196523056,0.0,10.747760377299068,6.686221104182414,2.25249716553288,0.0,0.5,12,0,0,0,0,0,1,0,1,0,0,0,5,0,0,0,1,3.809400000000003,54.288000000000046,0,0,0,0,0,0,0,0,0,0,1,1,0,0,0,0,0,0,0,0,0,0,0,0,0,2
CCCCCCOC(=O)c1ccccc1,4.8,11.455142274502393,-0.21564956538170788,11.455142274502393,0.21564956538170788,0.5262670689187882,206.28500000000003,188.14099999999996,206.130679816,82,0.33761722006360384,-0.4620971134782722,0.4620971134782722,0.33761722006360384,1.1333333333333333,1.8666666666666667,2.533333333333333,16.532665653376156,10.187343224708403,2.038946302322483,-2.034118941579549,2.0324001691991445,-2.055001186562343,5.887222993283409,0.04975905149834122,2.195736743827031,279.8472440283996,10.932875131431278,9.238781832808595,9.238781832808595,7.342535255101096,5.5647138087681824,5.5647138087681824,3.562604766658863,3.562604766658863,2.2405387079983834,2.2405387079983834,1.351274203909917,1.351274203909917,-1.31,2911.175787257213,11.763046018991963,7.044412146426886,4.634056949645629,91.26106524982389,4.736862953800049,0.0,0.0,0.0,5.969305287951849,0.0,4.794537184071822,0.0,0.0,44.38530327385348,18.55355575984923,0.0,12.170333456209914,9.53140013787187,5.969305287951849,0.0,32.60702369139466,6.606881964512918,35.89528683400505,0.0,0.0,0.0,0.0,12.576187252464766,4.736862953800049,0.0,42.965012367163474,30.33183534230805,0.0,26.3,0.0,4.794537184071822,5.969305287951849,12.170333456209914,12.841643245852019,12.841643245852019,12.13273413692322,18.19910120538483,6.923737199690624,4.736862953800049,5.135704837490552,11.455142274502393,0.0,0.6323995601326953,-0.21564956538170788,9.113227485247236,4.514387310671132,2.698121430671034,0.0,0.46153846153846156,15,0,2,0,0,0,1,0,1,2,0,2,6,0,0,0,1,3.423700000000002,60.866500000000045,0,0,0,0,0,0,1,1,0,0,0,1,0,0,1,1,0,0,0,0,0,0,0,0,0,3
C#CCCCC,2.621,4.964583333333334,0.9409722222222222,4.964583333333334,0.9409722222222222,0.35180438170232986,82.146,72.06599999999999,82.07825032,34,0.008590856339665517,-0.12010931716807507,0.12010931716807507,0.008590856339665517,1.6666666666666667,2.3333333333333335,2.5,13.763451003404022,10.261664084487082,1.7113597058051129,-1.791604949775703,1.8813900915566912,-1.62416876350432,4.8186908948422875,0.828327372629234,2.5438576444484196,47.548875021634686,4.82842712474619,4.198670612749268,4.198670612749268,2.914213562373095,2.349335306374634,2.349335306374634,1.307677535825205,1.307677535825205,0.674667653187317,0.674667653187317,0.2788387679126026,0.2788387679126026,-0.44,20.986300857070454,5.559999999999999,4.559999999999998,3.5599999999999987,39.56318699167186,0.0,0.0,0.0,0.0,0.0,0.0,0.0,0.0,12.343784214475903,13.344558822616634,6.4208216229260096,6.4208216229260096,0.0,0.0,0.0,0.0,26.186202068468653,0.0,0.0,12.343784214475903,0.0,0.0,0.0,0.0,0.0,12.343784214475903,26.186202068468653,0.0,0.0,0.0,0.0,0.0,0.0,0.0,6.4208216229260096,12.841643245852019,0.0,0.0,12.844171518546268,6.423349895620259,0.0,0.0,0.0,0.0,2.568611111111111,0.0,8.29513888888889,2.13625,0.0,0.6666666666666666,6,0,0,0,0,0,0,0,0,0,0,0,2,0,0,0,0,1.8098,28.357999999999986,0,0,0,0,0,0,0,0,0,0,0,0,0,0,0,0,0,0,0,0,0,0,0,0,1,1
O=C(O)CCO,30.0,9.439305555555556,-0.9606481481481481,9.439305555555556,0.1527777777777779,0.47811267727041573,90.078,84.02999999999999,90.031694052,36,0.30517504813875157,-0.48116749666172093,0.48116749666172093,0.30517504813875157,1.6666666666666667,2.1666666666666665,2.1666666666666665,16.367606219242646,10.478858629746563,1.8821441114079178,-1.7948775822697367,1.6973942949602363,-1.9588916690830103,5.661413213661492,-0.137203664010344,2.8312571099313644,50.0,4.99156383156272,3.216889043836874,3.216889043836874,2.770055610029662,1.5975120995920222,1.5975120995920222,0.867345340973332,0.867345340973332,0.32566887036594466,0.32566887036594466,0.09564354645876383,0.09564354645876383,-0.5700000000000001,14.834466856136647,5.43,2.6557336343115123,3.4299999999999993,35.21912486105856,10.213054789681411,0.0,0.0,0.0,5.969305287951849,4.794537184071822,0.0,0.0,0.0,0.0,0.0,0.0,13.027703587438928,15.007591973753234,5.969305287951849,0.0,6.4208216229260096,6.606881964512918,0.0,0.0,0.0,0.0,0.0,22.789242042146178,4.794537184071822,0.0,6.4208216229260096,0.0,0.0,57.53,5.969305287951849,4.794537184071822,13.027703587438928,0.0,0.0,0.0,0.0,0.0,0.0,10.213054789681411,0.0,9.439305555555556,15.609305555555554,0.0,-0.9606481481481481,0.0,-0.1527777777777779,-0.2685185185185186,0.0,0.6666666666666666,6,2,3,0,0,0,0,0,0,2,2,3,2,0,0,0,0,-0.5466,19.3386,1,1,1,0,1,1,1,0,0,0,0,0,0,0,0,0,0,0,0,0,0,0,0,0,0,0
C=C(C)C,2.1225,3.5555555555555554,1.1666666666666667,3.5555555555555554,1.1666666666666667,0.3695110694427644,56.10799999999999,48.044,56.062600255999996,24,-0.044481419382844625,-0.10041984861546271,0.10041984861546271,0.044481419382844625,1.5,1.5,1.5,13.593104873987253,10.430826496787683,1.512677456873463,-1.6500455387474164,1.7328156644516624,-1.4294843230465375,4.7843308685323,1.4236642997314148,2.8030394876740514,23.019550008653873,3.5773502691896257,3.2071067811865475,3.2071067811865475,1.7320508075688772,1.3535533905932737,1.3535533905932737,1.2071067811865475,1.2071067811865475,0.0,0.0,0.0,0.0,-0.26,3.2451124978365313,3.7400000000000007,1.1049635036496352,14.095029585798825,27.14447433883512,0.0,0.0,0.0,0.0,0.0,0.0,0.0,0.0,6.578935683598497,5.573104530069267,13.847474399381248,0.0,0.0,0.0,0.0,0.0,13.847474399381248,0.0,12.152040213667764,0.0,0.0,0.0,0.0,0.0,0.0,0.0,13.847474399381248,12.152040213667764,0.0,0.0,0.0,0.0,0.0,0.0,0.0,5.573104530069267,0.0,13.847474399381248,6.578935683598497,0.0,0.0,0.0,0.0,1.1666666666666667,0.0,0.0,0.0,7.5,0.0,0.5,4,0,0,0,0,0,0,0,0,0,0,0,0,0,0,0,0,1.5824,20.487999999999996,0,0,0,0,0,0,0,0,0,1,0,0,0,0,0,0,0,0,0,0,0,0,0,0,0,0
CC(=O)OCC(C)C,5.068,10.125972222222222,-0.19564814814814802,10.125972222222222,0.19564814814814802,0.506664866588942,116.16,104.064,116.083729624,48,0.3021326858670147,-0.46560442645794653,0.46560442645794653,0.3021326858670147,1.625,2.125,2.25,16.531984870926934,10.24242110949865,1.9411442370535041,-2.018597533145738,1.9076253522397344,-2.049352700770259,5.653417431900272,-0.14148952707157197,3.0500782919131915,76.59772060569361,6.568914100752346,5.6009536313038994,5.6009536313038994,3.625897657686229,2.7598722539017904,2.7598722539017904,2.1964327078786217,2.1964327078786217,0.6199297990629522,0.6199297990629522,0.28402069087198867,0.28402069087198867,-0.53,40.339203954130696,7.470000000000001,3.4692670369115906,5.469999999999999,49.83902892936323,4.736862953800049,0.0,0.0,0.0,5.969305287951849,4.794537184071822,0.0,0.0,0.0,13.847474399381248,5.917906046161393,6.923737199690624,6.606881964512918,9.53140013787187,5.969305287951849,5.917906046161393,20.771211599071872,6.606881964512918,0.0,0.0,0.0,0.0,0.0,12.576187252464766,9.53140013787187,5.917906046161393,20.771211599071872,0.0,0.0,26.3,0.0,4.794537184071822,5.969305287951849,12.52478801067431,0.0,6.923737199690624,0.0,13.847474399381248,4.736862953800049,0.0,4.664351851851852,10.125972222222222,0.0,0.0,0.24777777777777765,0.0,0.0,5.961898148148148,0.0,0.8333333333333334,8,0,2,0,0,0,0,0,0,2,0,2,2,0,0,0,0,1.2055,31.470999999999982,0,0,0,0,0,0,1,1,0,0,0,0,0,0,1,1,0,0,0,0,0,0,0,0,0,0
CC(C)Cc1ccccc1,2.318,2.2430555555555554,0.766111111111111,2.2430555555555554,0.766111111111111,0.5830950724974511,134.22199999999998,120.10999999999997,134.109550448,54,-0.02556439700331706,-0.06245589070299574,0.06245589070299574,0.02556439700331706,1.1,1.7,2.2,13.992301067094083,10.036128854524835,1.935619475577551,-2.02073647053565,2.054703547358194,-1.9177880346078915,5.142587045297222,0.6471297537755208,2.5872871851548136,174.4896154807834,7.397341225498538,6.671208396324304,6.671208396324304,4.787693700234704,3.827185821959348,3.827185821959348,3.083569555002773,3.083569555002773,1.486775212936868,1.486775212936868,1.085497855454677,1.085497855454677,-0.78,195.6254620163014,7.328459869848157,3.4037722935552446,2.218872016802184,62.89117157708339,0.0,0.0,0.0,0.0,0.0,0.0,0.0,0.0,0.0,44.179309741689295,17.9021791607844,0.0,0.0,0.0,0.0,5.917906046161393,20.268296022307258,0.0,35.89528683400505,0.0,0.0,0.0,0.0,0.0,6.4208216229260096,5.917906046161393,19.410925891078243,30.33183534230805,0.0,0.0,0.0,0.0,0.0,0.0,5.917906046161393,11.984273114623004,0.0,0.0,44.179309741689295,0.0,0.0,0.0,0.0,1.4421296296296298,0.766111111111111,10.61037037037037,1.1952777777777777,4.486111111111111,0.0,0.4,10,0,0,0,0,0,1,0,1,0,0,0,2,0,0,0,1,2.8851000000000013,44.98400000000003,0,0,0,0,0,0,0,0,0,0,0,1,0,0,0,0,0,0,0,0,0,0,0,0,0,0
CC(C)COC(=O)c1ccccc1,5.39,11.326898148148148,-0.24138888888888843,11.326898148148148,0.24138888888888843,0.6645754561212156,178.231,164.11899999999997,178.099379688,70,0.33762704096205426,-0.461823846024259,0.461823846024259,0.33762704096205426,1.3076923076923077,1.9230769230769231,2.4615384615384617,16.533195748850346,10.19818775319516,2.054154522895138,-2.0580868352218826,2.022179196211563,-2.0927230544435447,5.8873358568460255,0.045874080312407806,2.4977844401611917,264.6785847993893,9.681798275874712,7.98770497725203,7.98770497725203,6.198377302757663,4.42055585642475,4.42055585642475,3.358333966431129,3.358333966431129,1.5572523441584047,1.5572523441584047,0.8999229735792836,0.8999229735792836,-1.31,895.9030984629084,9.775543199315653,4.651378356698753,3.2792261677717693,78.53118102103066,4.736862953800049,0.0,0.0,0.0,5.969305287951849,0.0,4.794537184071822,0.0,0.0,32.046575604766076,18.050640183084614,0.0,12.170333456209914,9.53140013787187,5.969305287951849,5.917906046161393,13.847474399381248,6.606881964512918,35.89528683400505,0.0,0.0,0.0,0.0,12.576187252464766,4.736862953800049,5.917906046161393,24.205463075150064,30.33183534230805,0.0,26.3,0.0,4.794537184071822,5.969305287951849,18.088239502371305,0.0,0.0,12.13273413692322,32.046575604766076,0.0,4.736862953800049,5.050555555555556,11.326898148148148,0.0,0.6140277777777781,0.14070578231292552,9.030239040060469,0.0,4.504240362811791,0.0,0.36363636363636365,13,0,2,0,0,0,1,0,1,2,0,2,3,0,0,0,1,2.4994000000000005,51.562500000000036,0,0,0,0,0,0,1,1,0,0,0,1,0,0,1,1,0,0,0,0,0,0,0,0,0,0
CC(C)COC=O,6.41,9.487083333333334,0.44925925925925914,9.487083333333334,0.44925925925925914,0.49286858766087543,102.13299999999998,92.05299999999998,102.06807956,42,0.29258534569416605,-0.4676277321796983,0.4676277321796983,0.29258534569416605,1.7142857142857142,2.2857142857142856,2.4285714285714284,16.517434970168996,10.244791872448747,1.8816607969610608,-1.9787582368709018,1.8809676051678994,-1.9825572730472718,5.362950372947688,-0.1291482573917905,2.8099823316091586,50.041843979966416,5.698670612749268,4.678303900493526,4.678303900493526,3.270055610029662,2.323028484228959,2.323028484228959,1.823405228315623,1.823405228315623,0.49759975994224825,0.49759975994224825,0.23173379979579461,0.23173379979579461,-0.53,29.01955000865388,6.47,3.6528153564899446,5.47,43.474086814966626,4.736862953800049,0.0,0.0,6.472220864716464,0.0,4.794537184071822,0.0,0.0,0.0,13.847474399381248,5.917906046161393,0.0,6.606881964512918,9.53140013787187,6.472220864716464,5.917906046161393,13.847474399381248,6.606881964512918,0.0,0.0,0.0,0.0,0.0,13.079102829229381,9.53140013787187,5.917906046161393,13.847474399381248,0.0,0.0,26.3,0.0,4.794537184071822,0.0,18.997008875390776,0.0,0.0,0.0,13.847474399381248,4.736862953800049,0.0,4.414351851851852,9.487083333333334,0.0,0.0,0.44925925925925914,0.0,0.0,4.982638888888888,0.0,0.8,7,0,2,0,0,0,0,0,0,2,0,2,3,0,0,0,0,0.8154,26.853999999999985,0,0,0,0,0,0,1,1,0,0,0,0,0,0,0,1,0,0,0,0,0,0,0,0,0,0
C=COCC(C)C,3.34,4.858796296296296,0.6092592592592592,4.858796296296296,0.6092592592592592,0.4912577744179638,100.16099999999999,88.06499999999998,100.088815004,42,0.08953389032351075,-0.501550993229236,0.501550993229236,0.08953389032351075,1.7142857142857142,2.2857142857142856,2.4285714285714284,16.467338291475453,10.244196869776507,1.8678966496872411,-2.0015948202220915,1.9010094321185367,-1.9494688360349977,4.4948662132808765,0.2123862081608041,2.8099823316091586,48.14170945007629,5.698670612749268,4.9771623912162095,4.9771623912162095,3.270055610029662,2.4955745142973065,2.4955745142973065,1.893846850117352,1.893846850117352,0.547409508396029,0.547409508396029,0.2604914714738525,0.2604914714738525,-0.46,29.01955000865388,6.539999999999999,3.720505415162455,5.539999999999999,44.9879037971352,4.736862953800049,0.0,0.0,0.0,0.0,0.0,0.0,0.0,0.0,20.426410082979746,5.917906046161393,0.0,12.868962412933708,4.736862953800049,0.0,5.917906046161393,13.847474399381248,6.606881964512918,12.841016132019288,0.0,0.0,0.0,0.0,6.606881964512918,4.736862953800049,5.917906046161393,13.847474399381248,12.841016132019288,0.0,9.23,0.0,0.0,0.0,5.917906046161393,6.606881964512918,6.26208044842079,0.0,0.0,20.426410082979746,4.736862953800049,4.858796296296296,0.0,0.0,0.0,0.6092592592592592,0.0,1.4722222222222223,8.393055555555556,0.0,0.6666666666666666,7,0,1,0,0,0,0,0,0,1,0,1,3,0,0,0,0,1.8025,30.986999999999984,0,0,0,0,0,0,0,0,0,0,0,0,0,0,0,1,0,0,0,0,0,0,0,0,0,0
CC(=O)OCCC(C)C,4.72,10.203016817838247,-0.18458333333333288,10.203016817838247,0.18458333333333288,0.5422095914375367,130.18699999999998,116.07499999999999,130.099379688,54,0.302123037200498,-0.46586693130001083,0.46586693130001083,0.302123037200498,1.5555555555555556,2.111111111111111,2.4444444444444446,16.53148886884726,10.14784849230633,1.9444826306756808,-2.0246988032162574,1.977423915337474,-2.023183301606784,5.653214887751465,-0.14073762228102524,3.006105030052141,86.91694057588535,7.276020881938894,6.308060412490447,6.308060412490447,4.125897657686229,3.2598722539017904,3.2598722539017904,2.5225653210386993,2.5225653210386993,1.0005266043996348,1.0005266043996348,0.4383565647770273,0.4383565647770273,-0.53,65.1469510314125,8.470000000000002,4.3587538349811625,7.470000000000003,56.20397104375984,4.736862953800049,0.0,0.0,0.0,5.969305287951849,4.794537184071822,0.0,0.0,0.0,13.847474399381248,12.338727669087403,6.923737199690624,6.606881964512918,9.53140013787187,5.969305287951849,5.917906046161393,27.19203322199788,6.606881964512918,0.0,0.0,0.0,0.0,0.0,12.576187252464766,9.53140013787187,5.917906046161393,27.19203322199788,0.0,0.0,26.3,0.0,4.794537184071822,5.969305287951849,12.52478801067431,6.4208216229260096,6.923737199690624,0.0,0.0,13.847474399381248,4.736862953800049,4.71375,10.203016817838247,0.0,0.0,0.4305555555555558,0.0,0.9579166666666666,6.194760959939531,0.0,0.8571428571428571,9,0,2,0,0,0,0,0,0,2,0,2,3,0,0,0,0,1.5956000000000001,36.087999999999994,0,0,0,0,0,0,1,1,0,0,0,0,0,0,1,1,0,0,0,0,0,0,0,0,0,0
CC(C)CCOC=O,5.44,9.564127928949357,0.4884722222222222,9.564127928949357,0.4884722222222222,0.4073087263825542,116.15999999999998,104.06399999999998,116.083729624,48,0.2925756882855401,-0.4678902314688661,0.4678902314688661,0.2925756882855401,1.625,2.25,2.625,16.516923776970014,10.148675522758184,1.9032226990494223,-1.9964779645302309,1.9660680967000255,-1.9563967964261333,5.362495422280578,-0.1284671452039383,2.814002148389726,59.54887502163469,6.405777393935816,5.385410681680073,5.385410681680073,3.770055610029662,2.823028484228959,2.823028484228959,2.1495378414757003,2.1495378414757003,0.8810939113291189,0.8810939113291189,0.3518561645719619,0.3518561645719619,-0.53,48.27551104108667,7.470000000000001,4.624559505409582,5.469999999999999,49.83902892936323,4.736862953800049,0.0,0.0,6.472220864716464,0.0,4.794537184071822,0.0,0.0,0.0,13.847474399381248,12.338727669087403,0.0,6.606881964512918,9.53140013787187,6.472220864716464,5.917906046161393,20.268296022307258,6.606881964512918,0.0,0.0,0.0,0.0,0.0,13.079102829229381,9.53140013787187,5.917906046161393,20.268296022307258,0.0,0.0,26.3,0.0,4.794537184071822,0.0,18.997008875390776,6.4208216229260096,0.0,0.0,0.0,18.584337353181297,0.0,4.46375,9.564127928949357,0.0,0.0,0.6203240740740739,0.0,0.9570833333333334,5.228047996976569,0.0,0.8333333333333334,8,0,2,0,0,0,0,0,0,2,0,2,4,0,0,0,0,1.2055,31.470999999999982,0,0,0,0,0,0,1,1,0,0,0,0,0,0,0,1,0,0,0,0,0,0,0,0,0,1
CC(C)CCOC(=O)c1ccccc1O,7.26,11.464776077097504,-0.46412037037037,11.464776077097504,0.035141723356008736,0.7734538509905432,208.257,192.12899999999996,208.109944372,82,0.34140806054643497,-0.5070527991633476,0.5070527991633476,0.34140806054643497,1.4,2.066666666666667,2.6666666666666665,16.533365412022064,10.141280226619438,2.106845756294932,-2.0692351552172252,2.1623155502450087,-2.076552807564268,5.917557113921474,0.04846311035347478,2.50866447696668,331.39404607382073,11.259148545064338,9.06467508474891,9.06467508474891,7.109060905280622,5.060829320841396,5.060829320841396,3.835590234240642,3.835590234240642,2.0523213625119565,2.0523213625119565,1.111328418117995,1.111328418117995,-1.51,2074.88648473427,11.564128984432914,5.390423373513118,3.6181763996797778,89.69035688762328,9.843390348640755,11.3129633249809,0.0,0.0,5.969305287951849,0.0,4.794537184071822,0.0,0.0,25.980208536304467,24.471461806010623,0.0,6.606881964512918,14.637927532712576,5.969305287951849,5.917906046161393,20.268296022307258,6.606881964512918,29.828919765543436,5.749511833283905,0.0,0.0,5.749511833283905,17.682714647305474,4.736862953800049,5.917906046161393,30.626284698076073,24.26546827384644,0.0,46.53,5.969305287951849,9.901064578912528,11.3129633249809,12.52478801067431,6.4208216229260096,6.06636706846161,18.19910120538483,0.0,13.847474399381248,4.736862953800049,5.020787037037037,11.464776077097504,9.388611426051902,0.22338529856387024,0.0027474384815660002,6.380029158268245,0.8326740835222978,4.52032281431091,0.0,0.4166666666666667,15,1,3,0,0,0,1,0,1,3,1,3,4,0,0,0,1,2.5951000000000017,57.84430000000004,0,0,0,1,0,0,1,1,0,0,0,1,0,0,1,1,0,0,0,0,0,1,1,1,0,0
CC(C)c1ccc(C=O)cc1,10.68,10.287636999244143,0.5376870748299319,10.287636999244143,0.5376870748299319,0.5890553243743855,148.20499999999998,136.10899999999998,148.088815004,58,0.14954836598843899,-0.29789640884515184,0.29789640884515184,0.14954836598843899,1.1818181818181819,1.7272727272727273,2.090909090909091,16.128922357995492,10.023117403135563,1.9640598880003863,-2.028407052503894,2.130107436112014,-1.867070620167938,5.741135737284857,0.11183185453431094,2.90982279990154,233.55461928814682,8.267584713501616,6.872349905601619,6.872349905601619,5.236382105218447,3.789120273010312,3.789120273010312,2.939218335243676,2.939218335243676,1.7392164557407899,1.7392164557407899,0.9594788901624515,0.9594788901624515,-1.11,335.4793897870248,7.991112234580385,3.3308105585183703,1.9034909190792926,67.05269367712715,0.0,6.286160523129555,0.0,0.0,0.0,4.794537184071822,0.0,0.0,0.0,38.112942673227685,11.48135753785839,5.563451491696996,0.0,4.794537184071822,6.286160523129555,0.0,19.76538044554264,0.0,35.392371257240434,0.0,0.0,0.0,0.0,6.286160523129555,0.0,0.0,35.68682061300845,24.26546827384644,0.0,17.07,0.0,4.794537184071822,0.0,5.917906046161393,11.849612014826551,5.563451491696996,0.0,24.26546827384644,13.847474399381248,0.0,0.0,10.287636999244143,0.0,2.018518518518519,0.5376870748299319,7.687962962962963,0.8651851851851853,4.269675925925926,0.0,0.3,11,0,1,0,0,0,1,0,1,1,0,1,2,0,0,0,1,2.6225000000000014,45.91850000000003,0,0,0,0,0,0,1,1,1,0,0,1,0,0,0,0,0,0,0,0,0,0,0,0,0,0
CC(C)c1ccccc1,2.381,2.2037037037037037,0.6585185185185185,2.2037037037037037,0.6585185185185185,0.5342617380464316,120.19499999999995,108.09899999999998,120.093900384,48,-0.021882385616707155,-0.06224839474669082,0.06224839474669082,0.021882385616707155,1.0,1.5555555555555556,1.8888888888888888,13.98379891160912,10.0437961924526,1.9286570571247514,-2.0116432956174233,2.1112383174930924,-1.8293344608817792,5.170386827578657,0.8666303746678048,2.848234050597751,162.65300142116237,6.69023444431199,5.964101615137756,5.964101615137756,4.304530452640311,3.354059275497024,3.354059275497024,2.565384140902212,2.565384140902212,1.4662391580785155,1.4662391580785155,0.8379390982585982,0.8379390982585982,-0.78,129.22533870330605,6.341654501216546,2.6743372612696805,1.5627607309331124,56.52622946268678,0.0,0.0,0.0,0.0,0.0,0.0,0.0,0.0,0.0,44.179309741689295,11.48135753785839,0.0,0.0,0.0,0.0,0.0,19.76538044554264,0.0,35.89528683400505,0.0,0.0,0.0,0.0,0.0,0.0,0.0,25.328831937239634,30.33183534230805,0.0,0.0,0.0,0.0,0.0,5.917906046161393,0.0,5.563451491696996,0.0,6.06636706846161,38.112942673227685,0.0,0.0,0.0,0.0,1.414351851851852,0.6585185185185185,10.51972222222222,0.0,4.407407407407407,0.0,0.3333333333333333,9,0,0,0,0,0,1,0,1,0,0,0,1,0,0,0,1,2.8100000000000014,40.53100000000002,0,0,0,0,0,0,0,0,0,0,0,1,0,0,0,0,0,0,0,0,0,0,0,0,0,0
C=C(C)C1CC=C(C)CC1,2.3746,3.974574829931973,0.7673148148148148,3.974574829931973,0.7673148148148148,0.48503449155951595,136.23799999999997,120.10999999999997,136.125200512,56,-0.017096319446087898,-0.099849370815529,0.099849370815529,0.017096319446087898,1.7,2.4,2.8,14.167726438908836,9.860904675999693,2.1127645688555337,-2.194708039201139,2.2685335574867964,-2.0430862491844906,5.0924211840558495,0.5403280569003356,2.495412226862891,162.8771237954945,7.560477932315068,6.983127663125442,6.983127663125442,4.698377302757663,4.009201921767763,4.009201921767763,3.368130306120973,3.368130306120973,2.3348909117743473,2.3348909117743473,1.4128424251168994,1.4128424251168994,-0.52,180.91251467537336,7.585485232067512,3.0462804076265617,1.7285097165599768,63.63869283950128,0.0,0.0,0.0,0.0,0.0,0.0,0.0,0.0,0.0,23.801164850570913,39.02784531432067,0.0,0.0,0.0,0.0,5.917906046161393,33.10993926815928,0.0,23.801164850570913,0.0,0.0,0.0,0.0,0.0,0.0,5.917906046161393,33.10993926815928,23.801164850570913,0.0,0.0,0.0,0.0,0.0,0.0,5.917906046161393,24.835569398847294,5.573104530069267,0.0,26.502430189813627,0.0,0.0,0.0,0.0,2.9039351851851856,0.7673148148148148,0.0,6.16587962962963,8.329537037037037,0.0,0.6,10,0,0,1,0,1,0,0,0,0,0,0,1,0,0,0,1,3.308900000000002,45.91200000000003,0,0,0,0,0,0,0,0,0,3,0,0,0,0,0,0,0,0,0,0,0,0,0,0,0,0
COc1ccc(C=O)cc1,22.0,10.165294312169312,0.6674074074074077,10.165294312169312,0.6674074074074077,0.575816465118545,136.14999999999998,128.08599999999998,136.052429496,52,0.14955258130421192,-0.49676779267846277,0.49676779267846277,0.14955258130421192,1.3,1.9,2.3,16.4652627977906,10.217451245488549,1.889318830393527,-1.9615284426764696,2.085945835455534,-1.8246960807452335,5.742935063019508,0.1118318600683671,2.895351845489354,213.20412994838864,7.397341225498538,5.703247926875856,5.703247926875856,4.863703305156274,2.9581170357320423,2.9581170357320423,1.8910108691585394,1.8910108691585394,1.2518847232277175,1.2518847232277175,0.6824778110696945,0.6824778110696945,-1.31,237.587417309747,6.805074798619103,3.011779444695785,1.34501586290279,59.43635467784082,4.736862953800049,12.03567235641346,0.0,0.0,0.0,4.794537184071822,0.0,0.0,0.0,0.0,24.26546827384644,5.563451491696996,7.109797541277533,9.53140013787187,6.286160523129555,0.0,0.0,7.109797541277533,29.828919765543436,5.749511833283905,4.736862953800049,0.0,5.749511833283905,13.39595806440709,0.0,0.0,10.357988675768818,24.26546827384644,0.0,26.3,0.0,4.794537184071822,0.0,5.563451491696996,12.03567235641346,0.0,31.37526581512397,0.0,0.0,4.736862953800049,4.897738095238095,10.165294312169312,0.0,0.6674074074074077,0.7690740740740742,6.9356481481481485,0.8049999999999999,0.0,1.5931712962962963,0.125,10,0,2,0,0,0,1,0,1,2,0,2,2,0,0,0,1,1.5076999999999998,38.38150000000001,0,0,0,0,0,0,1,1,1,0,0,1,0,0,0,1,0,0,0,0,1,0,0,0,0,0
COCCO,17.2,7.94125,0.12152777777777768,7.94125,0.12152777777777768,0.48573367049540345,76.095,68.03099999999999,76.052429496,32,0.06934265212863683,-0.3939806162163566,0.3939806162163566,0.06934265212863683,1.8,2.4,2.4,16.47203731064674,10.800703317685024,1.6669610016480747,-1.8379588886566176,1.5607274670495996,-1.9118289875210903,4.124600329158877,0.13544323112367002,2.19060968716425,12.36452797660028,4.121320343559642,3.269675448336916,3.269675448336916,2.414213562373095,1.5131511910755138,1.5131511910755138,0.7164060775767234,0.7164060775767234,0.2954112381494592,0.2954112381494592,0.09128709291752768,0.09128709291752768,-0.08,11.245112497836532,4.920000000000001,3.9200000000000004,3.92,31.37691423832566,9.843390348640755,0.0,0.0,0.0,0.0,0.0,0.0,0.0,0.0,0.0,0.0,7.109797541277533,13.213763929025836,9.843390348640755,0.0,0.0,0.0,20.32356147030337,0.0,0.0,0.0,0.0,0.0,25.43008886514408,4.736862953800049,0.0,0.0,0.0,0.0,29.46,0.0,0.0,6.606881964512918,6.606881964512918,0.0,0.0,7.109797541277533,0.0,4.736862953800049,5.106527394840706,4.440972222222222,0.0,7.94125,0.0,0.0,0.0,0.0,0.5659722222222221,1.5518055555555557,1.0,5,1,2,0,0,0,0,0,0,2,1,2,2,0,0,0,0,-0.37489999999999996,18.9618,0,1,1,0,0,0,0,0,0,0,0,0,0,0,0,1,0,0,0,0,1,0,0,0,0,0
COc1cccc2ccccc12,4.02,5.227453703703704,0.9380555555555556,5.227453703703704,0.9380555555555556,0.6196937967945624,158.2,148.11999999999998,158.07316494,60,0.12618034203420433,-0.4961141554062587,0.4961141554062587,0.12618034203420433,0.9166666666666666,1.6666666666666667,2.5,16.465606776960406,10.113093012873572,1.964811196513017,-2.0285578928137022,2.2362867308564423,-1.8271634808591481,5.875961956680876,0.4195857497683435,2.7909670297392646,387.63117497912054,8.38890505706126,6.949700174791245,6.949700174791245,5.91501490017253,3.933739640741714,3.933739640741714,2.6814087870556476,2.6814087870556476,1.9695455838780764,1.9695455838780764,1.3736893294883632,1.3736893294883632,-1.5,902.1138495051405,7.165406427221172,2.856919875130073,1.0343428880475933,71.59155499513565,4.736862953800049,5.749511833283905,0.0,0.0,0.0,0.0,0.0,0.0,0.0,36.39820241076966,11.452591282926406,5.386224214464796,7.109797541277533,4.736862953800049,10.772448428929591,0.0,0.0,7.109797541277533,42.46456947923127,5.749511833283905,4.736862953800049,0.0,5.749511833283905,7.109797541277533,0.0,0.0,0.0,42.46456947923127,10.772448428929591,9.23,0.0,0.0,0.0,0.0,5.749511833283905,10.772448428929591,7.109797541277533,24.26546827384644,18.19910120538483,4.736862953800049,5.227453703703704,0.0,2.3882870370370375,0.0,0.9380555555555556,14.25,0.0,0.0,1.6962037037037037,0.09090909090909091,12,0,1,0,0,0,2,0,2,1,0,1,1,0,0,0,2,2.8484000000000007,50.50000000000003,0,0,0,0,0,0,0,0,0,0,0,2,1,0,0,1,0,0,0,0,1,0,0,0,0,0
COc1ccccc1O,11.95,8.98550925925926,0.1805555555555558,8.98550925925926,0.1805555555555558,0.6127725486570802,124.13899999999997,116.07499999999997,124.052429496,48,0.159973721120165,-0.5042548357902157,0.5042548357902157,0.159973721120165,1.3333333333333333,2.0,2.4444444444444446,16.473959000435126,10.308952917667566,1.9357138577099908,-1.9872980717789168,2.224673531587158,-1.8031102621429882,5.370720836721778,0.3732712808331073,3.0065240073265844,195.86256853719752,6.69023444431199,5.164862962722324,5.164862962722324,4.342535255101096,2.6633295026354,2.6633295026354,1.6718488391821222,1.6718488391821222,1.0851702186431136,1.0851702186431136,0.6297770429967046,0.6297770429967046,-1.1800000000000002,130.65102508867633,5.947877237851663,2.3955617406597787,1.1340794947334671,53.704124215596465,9.843390348640755,0.0,11.49902366656781,0.0,0.0,0.0,0.0,0.0,0.0,12.13273413692322,12.13273413692322,0.0,7.109797541277533,9.843390348640755,0.0,0.0,0.0,7.109797541277533,24.26546827384644,11.49902366656781,4.736862953800049,0.0,11.49902366656781,12.216324936118239,0.0,0.0,0.0,24.26546827384644,0.0,29.46,0.0,0.0,5.749511833283905,5.749511833283905,0.0,7.109797541277533,24.26546827384644,0.0,0.0,9.843390348640755,4.794953703703704,0.0,8.98550925925926,0.0,0.69212962962963,6.837870370370371,0.0,0.0,1.5228703703703703,0.14285714285714285,9,1,2,0,0,0,1,0,1,2,1,2,1,0,0,0,1,1.4008,34.6588,0,0,0,1,0,0,0,0,0,0,0,1,0,0,0,1,0,0,0,0,1,2,1,1,0,0
COc1cccc(O)c1,11.59,8.864166666666666,0.23087962962962982,8.864166666666666,0.23087962962962982,0.6127725486570802,124.13899999999997,116.07499999999997,124.052429496,48,0.12204628002540481,-0.5078231992316957,0.5078231992316957,0.12204628002540481,1.4444444444444444,2.2222222222222223,2.6666666666666665,16.465732361991925,10.312713764439962,1.8836964810885628,-1.9655356148549123,2.157578116011674,-1.7904161320639596,5.308831372898268,0.407458885974144,2.9368661023365914,195.86256853719752,6.69023444431199,5.164862962722324,5.164862962722324,4.325698502695489,2.6573464384916927,2.6573464384916927,1.7014796190685573,1.7014796190685573,1.0533213750515726,1.0533213750515726,0.6104858103726772,0.6104858103726772,-1.1800000000000002,126.05435680455047,5.947877237851663,2.3955617406597787,1.3533930115039927,53.704124215596465,9.843390348640755,11.49902366656781,0.0,0.0,0.0,0.0,0.0,0.0,0.0,6.06636706846161,12.13273413692322,6.06636706846161,7.109797541277533,9.843390348640755,0.0,0.0,0.0,7.109797541277533,24.26546827384644,11.49902366656781,4.736862953800049,0.0,11.49902366656781,12.216324936118239,0.0,0.0,0.0,24.26546827384644,0.0,29.46,0.0,0.0,5.749511833283905,5.749511833283905,0.0,0.0,31.37526581512397,0.0,0.0,9.843390348640755,4.835,0.0,8.864166666666666,0.0,0.9068055555555559,6.663101851851851,0.0,0.0,1.5642592592592592,0.14285714285714285,9,1,2,0,0,0,1,0,1,2,1,2,1,0,0,0,1,1.4007999999999998,34.6588,0,0,0,1,0,0,0,0,0,0,0,1,0,0,0,1,0,0,0,0,1,0,1,1,0,0
COc1ccc(O)cc1,11.05,8.796632653061224,0.26000000000000023,8.796632653061224,0.26000000000000023,0.6127725486570802,124.13899999999997,116.07499999999997,124.052429496,48,0.11862884646960269,-0.5079622349506875,0.5079622349506875,0.11862884646960269,1.2222222222222223,1.7777777777777777,2.2222222222222223,16.46535800054517,10.313855975415139,1.8693008050757127,-1.9598366883116591,2.139859420204769,-1.7875017560519741,5.292661356587295,0.41201126438782465,2.881555877646136,178.61256853719752,6.69023444431199,5.164862962722325,5.164862962722325,4.325698502695489,2.6573464384916923,2.6573464384916923,1.698025295374609,1.698025295374609,1.0724230685098737,1.0724230685098737,0.5822209453229111,0.5822209453229111,-1.1800000000000002,129.22533870330605,5.947877237851663,2.3955617406597787,1.3533930115039927,53.704124215596465,9.843390348640755,11.49902366656781,0.0,0.0,0.0,0.0,0.0,0.0,0.0,0.0,24.26546827384644,0.0,7.109797541277533,9.843390348640755,0.0,0.0,0.0,7.109797541277533,24.26546827384644,11.49902366656781,4.736862953800049,0.0,11.49902366656781,12.216324936118239,0.0,0.0,0.0,24.26546827384644,0.0,29.46,0.0,0.0,5.749511833283905,0.0,5.749511833283905,0.0,31.37526581512397,0.0,0.0,9.843390348640755,4.858055555555556,0.0,8.796632653061224,0.0,1.0172222222222227,6.5717592592592595,0.0,0.0,1.5896636432350717,0.14285714285714285,9,1,2,0,0,0,1,0,1,2,1,2,1,0,0,0,1,1.4008,34.6588,0,0,0,1,0,0,0,0,0,0,0,1,0,0,0,1,0,0,0,0,1,0,1,1,0,0
COC(C)=O,7.07,9.590277777777779,-0.24537037037037024,9.590277777777779,0.24537037037037024,0.38296659073251405,74.079,68.03099999999999,74.036779432,30,0.3018471669894446,-0.46919810705104836,0.46919810705104836,0.3018471669894446,1.8,2.0,2.0,16.522022615331466,10.833750311743815,1.752248095909371,-1.8043066100873437,1.5985862655729968,-1.8811948381223973,5.6506461469695,-0.13745004487904483,2.847378923087672,40.1577218810798,4.284457050376173,3.3164965809277263,3.3164965809277263,2.270055610029662,1.3164965809277263,1.3164965809277263,0.695705769029128,0.695705769029128,0.2874574785652649,0.2874574785652649,0.0,0.0,-0.53,9.65148445440323,4.469999999999999,1.7581844380403455,3.469999999999999,30.74420258617341,4.736862953800049,0.0,0.0,0.0,5.969305287951849,4.794537184071822,0.0,0.0,0.0,0.0,0.0,6.923737199690624,7.109797541277533,9.53140013787187,5.969305287951849,0.0,6.923737199690624,7.109797541277533,0.0,0.0,0.0,0.0,0.0,13.079102829229383,9.53140013787187,0.0,6.923737199690624,0.0,0.0,26.3,0.0,4.794537184071822,5.969305287951849,0.0,0.0,14.033534740968157,0.0,0.0,4.736862953800049,0.0,4.111111111111111,9.590277777777779,0.0,0.0,-0.24537037037037024,0.0,0.0,1.3611111111111112,1.349537037037037,0.6666666666666666,5,0,2,0,0,0,0,0,0,2,0,2,0,0,0,0,0,0.17930000000000001,17.689999999999998,0,0,0,0,0,0,1,1,0,0,0,0,0,0,1,1,0,0,0,0,1,0,0,0,0,0
COc1ccccc1C,3.502,5.044953703703704,0.9560185185185187,5.044953703703704,0.9560185185185187,0.5532379862472909,122.16699999999997,112.08699999999997,122.07316494,48,0.12126196245781415,-0.4964893528963514,0.4964893528963514,0.12126196245781415,1.2222222222222223,1.8888888888888888,2.3333333333333335,16.46572834378396,10.211120785944072,1.9033709218130026,-2.001712222522182,2.137867700309881,-1.8364342242876137,5.308193296514969,0.4114739816904775,3.0065240073265844,193.51405299160075,6.69023444431199,5.717649367222366,5.717649367222366,4.342535255101096,2.939722704885421,2.939722704885421,1.9696211300283653,1.9696211300283653,1.3135076570776056,1.3135076570776056,0.7854529994359876,0.7854529994359876,-0.9800000000000001,130.65102508867633,6.144688279301746,2.533930223385564,1.2244346499594405,55.274832577797056,4.736862953800049,5.749511833283905,0.0,0.0,0.0,0.0,0.0,0.0,0.0,18.19910120538483,18.553555759849232,0.0,7.109797541277533,4.736862953800049,0.0,0.0,6.923737199690624,7.109797541277533,29.828919765543436,5.749511833283905,4.736862953800049,0.0,5.749511833283905,7.109797541277533,0.0,6.923737199690624,5.563451491696996,24.26546827384644,0.0,9.23,0.0,0.0,0.0,0.0,5.749511833283905,5.563451491696996,7.109797541277533,31.189205473537065,0.0,4.736862953800049,5.044953703703704,0.0,0.0,1.1805555555555558,0.9560185185185187,7.942314814814815,0.0,2.0266203703703702,1.6828703703703702,0.25,9,0,1,0,0,0,1,0,1,1,0,1,1,0,0,0,1,2.0036199999999997,37.73100000000001,0,0,0,0,0,0,0,0,0,0,1,1,0,0,0,1,0,0,0,0,1,1,0,0,0,0
COc1cccc(C)c1,3.967,4.995,0.925925925925926,4.995,0.925925925925926,0.5532379862472909,122.16699999999997,112.08699999999997,122.07316494,48,0.11862252697125092,-0.49675814851100386,0.49675814851100386,0.11862252697125092,1.3333333333333333,2.111111111111111,2.5555555555555554,16.46526677372219,10.222102286330394,1.8619545389181473,-1.9733519359127338,2.0986510035184787,-1.808057701799674,5.265080260875706,0.41424565696681626,2.9368661023365914,193.51405299160075,6.69023444431199,5.717649367222366,5.717649367222366,4.325698502695489,2.9337396407417136,2.9337396407417136,2.020630998511022,2.020630998511022,1.2252402873288626,1.2252402873288626,0.7423164919189007,0.7423164919189007,-0.9800000000000001,126.05435680455047,6.144688279301746,2.533930223385564,1.4567376919048354,55.27483257779706,4.736862953800049,5.749511833283905,0.0,0.0,0.0,0.0,0.0,0.0,0.0,12.13273413692322,24.61992282831084,0.0,7.109797541277533,4.736862953800049,0.0,0.0,6.923737199690624,7.109797541277533,29.828919765543436,5.749511833283905,4.736862953800049,0.0,5.749511833283905,7.109797541277533,0.0,6.923737199690624,5.563451491696996,24.26546827384644,0.0,9.23,0.0,0.0,0.0,0.0,5.749511833283905,5.563451491696996,7.109797541277533,31.189205473537065,0.0,4.736862953800049,4.995,0.0,0.0,1.2308796296296298,0.925925925925926,7.96199074074074,0.0,2.0441666666666665,1.6753703703703704,0.25,9,0,1,0,0,0,1,0,1,1,0,1,1,0,0,0,1,2.0036199999999997,37.73100000000001,0,0,0,0,0,0,0,0,0,0,1,1,0,0,0,1,0,0,0,0,1,0,0,0,0,0
COc1ccc(C)cc1,3.914,4.969166666666666,0.9172222222222224,4.969166666666666,0.9172222222222224,0.5532379862472909,122.16699999999997,112.08699999999997,122.07316494,48,0.11837738457272944,-0.49676822175454044,0.49676822175454044,0.11837738457272944,1.1111111111111112,1.6666666666666667,2.111111111111111,16.465246736598363,10.225114531068288,1.8507724978319346,-1.965882890887034,2.0885703342051167,-1.8009364076282444,5.253801282808628,0.4144614543051035,2.881555877646136,176.26405299160075,6.69023444431199,5.717649367222367,5.717649367222367,4.325698502695489,2.9337396407417136,2.9337396407417136,2.017176674817074,2.017176674817074,1.2566852033432212,1.2566852033432212,0.6743520127395849,0.6743520127395849,-0.9800000000000001,129.22533870330605,6.144688279301746,2.533930223385564,1.4567376919048354,55.274832577797056,4.736862953800049,5.749511833283905,0.0,0.0,0.0,0.0,0.0,0.0,0.0,17.696185628620217,19.056471336613843,0.0,7.109797541277533,4.736862953800049,0.0,0.0,6.923737199690624,7.109797541277533,29.828919765543436,5.749511833283905,4.736862953800049,0.0,5.749511833283905,7.109797541277533,0.0,6.923737199690624,5.563451491696996,24.26546827384644,0.0,9.23,0.0,0.0,0.0,0.0,5.749511833283905,5.563451491696996,7.109797541277533,24.26546827384644,6.923737199690624,4.736862953800049,4.969166666666666,0.0,0.0,1.2600000000000002,0.9172222222222224,7.960648148148149,0.0,2.055,1.6712962962962963,0.25,9,0,1,0,0,0,1,0,1,1,0,1,1,0,0,0,1,2.0036199999999997,37.73100000000001,0,0,0,0,0,0,0,0,0,0,1,1,0,0,0,1,0,0,0,0,1,0,0,0,0,0
COC(=O)c1ccccc1,6.642,10.791203703703705,-0.2911111111111109,10.791203703703705,0.2911111111111109,0.546322425537599,136.14999999999998,128.08599999999998,136.052429496,52,0.33734142683544294,-0.4654175231959395,0.4654175231959395,0.33734142683544294,1.3,1.9,2.4,16.523255021680306,10.213460704055969,2.000367252300609,-1.9490312776571546,1.9831694841140397,-1.9899272454702739,5.885796167027513,0.0600517955700555,2.8526279288191434,215.9590174505521,7.397341225498538,5.703247926875856,5.703247926875856,4.842535255101096,2.977180183450686,2.977180183450686,1.8576070275816354,1.8576070275816354,1.1948867346934546,1.1948867346934546,0.6920867462383864,0.6920867462383864,-1.31,237.587417309747,6.805074798619103,3.011779444695785,1.34501586290279,59.43635467784082,4.736862953800049,0.0,0.0,0.0,5.969305287951849,0.0,4.794537184071822,0.0,0.0,18.19910120538483,12.13273413692322,0.0,12.673249032974528,9.53140013787187,5.969305287951849,0.0,0.0,7.109797541277533,35.89528683400505,0.0,0.0,0.0,0.0,13.079102829229383,4.736862953800049,0.0,10.357988675768818,30.33183534230805,0.0,26.3,0.0,4.794537184071822,5.969305287951849,5.563451491696996,0.0,7.109797541277533,24.26546827384644,6.06636706846161,4.736862953800049,0.0,4.497314814814814,10.791203703703705,0.0,0.5879629629629632,-0.2911111111111109,8.877592592592592,0.0,0.0,1.3703703703703702,0.125,10,0,2,0,0,0,1,0,1,2,0,2,1,0,0,0,1,1.4732,37.781500000000015,0,0,0,0,0,0,1,1,0,0,0,1,0,0,1,1,0,0,0,0,1,0,0,0,0,0
C=CC(=C)C,2.098,3.5555555555555554,1.0185185185185186,3.5555555555555554,1.0185185185185186,0.41051468223900506,68.119,60.05499999999999,68.062600256,28,-0.040383549426410544,-0.09882310718358248,0.09882310718358248,0.040383549426410544,1.8,2.0,2.0,13.6632011104187,10.361242455059077,1.5895312911950223,-1.712739217545652,1.8054771631746704,-1.4965000448055648,5.0542910125344465,1.578515975133101,3.204805417886435,51.058650025961626,4.284457050376173,3.4915638315627207,3.4915638315627207,2.270055610029662,1.5504768156519497,1.5504768156519497,1.0504768156519497,1.0504768156519497,0.34846171252933794,0.34846171252933794,0.0,0.0,-0.52,9.65148445440323,4.480000000000002,1.7673563218390813,3.4800000000000026,32.81981342104748,0.0,0.0,0.0,0.0,0.0,0.0,0.0,0.0,0.0,24.806996004100146,6.923737199690624,0.0,0.0,0.0,0.0,0.0,6.923737199690624,0.0,24.806996004100146,0.0,0.0,0.0,0.0,0.0,0.0,0.0,6.923737199690624,24.806996004100146,0.0,0.0,0.0,0.0,0.0,0.0,5.573104530069267,0.0,6.076020106833881,6.923737199690624,13.157871367196995,0.0,0.0,0.0,0.0,1.0185185185185186,0.0,0.0,1.7222222222222223,8.925925925925926,0.0,0.2,5,0,0,0,0,0,0,0,0,0,0,0,1,0,0,0,0,1.7485,25.01099999999999,0,0,0,0,0,0,0,0,0,2,0,0,0,0,0,0,0,0,0,0,0,0,0,0,0,0
CC(C)CCO,15.63,8.236666666666666,0.3310185185185186,8.236666666666666,0.3310185185185186,0.5340885234757722,88.14999999999999,76.05399999999999,88.088815004,38,0.04329631139781931,-0.3963660786745106,0.3963660786745106,0.04329631139781931,1.5,2.0,2.0,16.249986255992376,10.150333339038989,1.8615329791001507,-1.9493033987694035,1.943364357071091,-1.8916422079273936,4.382367207740192,0.2676502026721925,2.6272148478988635,25.11941547876375,4.99156383156272,4.4387774270626785,4.4387774270626785,2.770055610029662,2.3791765948599526,2.3791765948599526,1.9061287824621436,1.9061287824621436,0.7064497140632062,0.7064497140632062,0.2581988897471611,0.2581988897471611,-0.04,14.834466856136647,5.959999999999999,3.1616129032258065,3.9600000000000004,38.99325323761199,5.106527394840706,0.0,0.0,0.0,0.0,0.0,0.0,0.0,0.0,13.847474399381248,12.338727669087403,6.606881964512918,0.0,5.106527394840706,0.0,5.917906046161393,20.268296022307258,6.606881964512918,0.0,0.0,0.0,0.0,0.0,11.713409359353623,0.0,5.917906046161393,20.268296022307258,0.0,0.0,20.23,0.0,0.0,0.0,12.52478801067431,6.4208216229260096,0.0,0.0,0.0,13.847474399381248,5.106527394840706,0.0,0.0,8.236666666666666,0.0,0.6481481481481479,0.0,0.9305555555555556,4.517962962962963,0.0,1.0,6,1,1,0,0,0,0,0,0,1,1,1,2,0,0,0,0,1.0248,26.54079999999999,0,1,1,0,0,0,0,0,0,0,0,0,0,0,0,0,0,0,0,0,0,0,0,0,0,0
CCC(C)(C)O,5.78,8.82638888888889,-0.45833333333333326,8.82638888888889,0.45833333333333326,0.5097634659284825,88.14999999999998,76.05399999999999,88.088815004,38,0.05886986149053354,-0.3904828518322725,0.3904828518322725,0.05886986149053354,1.5,1.6666666666666667,1.6666666666666667,16.280875925424954,10.089568530700591,2.0523477770427223,-2.110586250862595,2.029944044666616,-2.1499255863879716,4.585334900404654,0.07646981732380431,3.168489872670569,33.69332843436965,5.207106781186548,4.654320376686506,4.654320376686506,2.5606601717798214,2.2842669695298,2.2842669695298,2.1659876502881983,2.1659876502881983,0.8652206641949665,0.8652206641949665,0.0,0.0,-0.04,12.16479703638053,5.959999999999999,1.6056599286563615,3.9600000000000004,38.99325323761199,5.106527394840706,0.0,0.0,0.0,0.0,0.0,0.0,0.0,0.0,6.923737199690624,20.268296022307258,0.0,5.601050810983688,5.106527394840706,0.0,0.0,32.79308403298157,0.0,0.0,0.0,0.0,0.0,0.0,10.707578205824394,0.0,0.0,27.19203322199788,0.0,0.0,20.23,5.601050810983688,0.0,0.0,0.0,6.4208216229260096,0.0,13.847474399381248,6.923737199690624,0.0,5.106527394840706,0.0,0.0,8.82638888888889,-0.45833333333333326,0.0,0.0,0.8263888888888888,5.555555555555555,0.0,1.0,6,1,1,0,0,0,0,0,0,1,1,1,1,0,0,0,0,1.1673,26.58879999999999,0,1,0,0,0,0,0,0,0,0,0,0,0,0,0,0,0,0,0,0,0,0,0,0,0,0
CC(=O)C(C)C,10.37,10.143518518518519,0.2129629629629628,10.143518518518519,0.2129629629629628,0.46877109268711886,86.134,76.05399999999999,86.07316494,36,0.1318534622268426,-0.2997396385899406,0.2997396385899406,0.1318534622268426,1.5,1.6666666666666667,1.6666666666666667,16.13778271550205,10.142123763404955,1.9449549558120616,-1.9036158141219155,1.8905623662584148,-1.9811154399301913,5.768269316038373,-0.11924112613934343,3.2575861612334887,54.95878455585175,5.1547005383792515,4.485598559653489,4.485598559653489,2.6427344100918364,2.147499818205996,2.147499818205996,1.765350948403754,1.765350948403754,0.8130525295851417,0.8130525295851417,0.0,0.0,-0.33,13.609640474436812,5.670000000000001,1.9565136909816512,1.9424795640326975,38.36054158545974,0.0,5.783244946364939,0.0,0.0,0.0,4.794537184071822,0.0,0.0,0.0,13.847474399381248,6.923737199690624,5.917906046161393,0.0,4.794537184071822,5.783244946364939,5.917906046161393,20.771211599071872,0.0,0.0,0.0,0.0,0.0,0.0,5.783244946364939,4.794537184071822,5.917906046161393,20.771211599071872,0.0,0.0,17.07,0.0,4.794537184071822,11.701150992526333,0.0,0.0,0.0,6.923737199690624,13.847474399381248,0.0,0.0,0.0,10.143518518518519,0.0,0.0,0.47222222222222254,0.0,0.0,5.3842592592592595,0.0,0.8,6,0,1,0,0,0,0,0,0,1,0,1,1,0,0,0,0,1.2314,25.518999999999988,0,0,0,0,0,0,1,1,0,0,0,0,0,0,0,0,0,1,1,0,0,0,0,0,0,0
C=C(C)CC,2.18,3.673611111111111,1.1111111111111112,3.673611111111111,1.1111111111111112,0.4136396804400309,70.13499999999999,60.05499999999999,70.07825032,30,-0.03543505048507542,-0.100151220295327,0.100151220295327,0.03543505048507542,1.8,2.0,2.0,13.744717294119312,10.279826220230339,1.6722901317284162,-1.7931145553887513,1.8829657033824472,-1.5819583713517922,4.842142227591295,1.1098448289871026,2.8473789230876716,35.302968908806456,4.284457050376173,3.914213562373095,3.914213562373095,2.270055610029662,1.914213562373095,1.914213562373095,1.3106601717798212,1.3106601717798212,0.6035533905932737,0.6035533905932737,0.0,0.0,-0.26,9.65148445440323,4.74,2.0073796791443854,3.740000000000001,33.50941645323173,0.0,0.0,0.0,0.0,0.0,0.0,0.0,0.0,6.578935683598497,12.496841729759891,13.344558822616634,0.0,0.0,0.0,0.0,0.0,20.268296022307258,0.0,12.152040213667764,0.0,0.0,0.0,0.0,0.0,0.0,0.0,20.268296022307258,12.152040213667764,0.0,0.0,0.0,0.0,0.0,0.0,6.4208216229260096,5.573104530069267,0.0,6.923737199690624,13.502672883289122,0.0,0.0,0.0,0.0,1.2546296296296298,0.0,0.0,1.1111111111111112,7.8009259259259265,0.0,0.6,5,0,0,0,0,0,0,0,0,0,0,0,1,0,0,0,0,1.9725,25.10499999999999,0,0,0,0,0,0,0,0,0,1,0,0,0,0,0,0,0,0,0,0,0,0,0,0,0,0
CC=CC(=O)OC,6.6645,10.102777777777778,-0.3032407407407405,10.102777777777778,0.3032407407407405,0.35850815039012257,100.11699999999999,92.05299999999998,100.052429496,40,0.32962890943273676,-0.4658595607748108,0.4658595607748108,0.32962890943273676,1.7142857142857142,2.2857142857142856,2.4285714285714284,16.522475666363203,10.535448403471944,1.8375802471897376,-1.8414846146041373,1.7316667971027253,-1.9178820234881087,5.810339747912276,-0.13435722622338625,3.3698477814970644,84.08094399727418,5.698670612749268,4.471197119306978,4.471197119306978,3.308060412490447,2.015855318045498,2.015855318045498,1.023159738960781,1.023159738960781,0.5039338936857124,0.5039338936857124,0.2041241452319316,0.2041241452319316,-0.79,31.916635235956914,6.210000000000001,3.401938579654511,3.0288906629955825,42.78448378278237,4.736862953800049,0.0,0.0,0.0,5.969305287951849,0.0,4.794537184071822,0.0,0.0,6.076020106833881,6.923737199690624,6.076020106833881,7.109797541277533,9.53140013787187,5.969305287951849,0.0,6.923737199690624,7.109797541277533,12.152040213667762,0.0,0.0,0.0,0.0,13.079102829229383,9.53140013787187,0.0,6.923737199690624,12.152040213667762,0.0,26.3,0.0,4.794537184071822,5.969305287951849,0.0,0.0,13.185817648111414,12.999757306524504,0.0,4.736862953800049,0.0,4.264861111111111,10.102777777777778,0.0,0.0,-0.3032407407407405,0.0,2.991898148148148,1.7608333333333333,1.349537037037037,0.4,7,0,2,0,0,0,0,0,0,2,0,2,1,0,0,0,0,0.7355,26.829999999999988,0,0,0,0,0,0,1,1,0,1,0,0,0,0,1,1,0,0,0,0,1,0,0,0,0,0
CC1CCCCC1O,9.375,9.177685185185187,0.003472222222222099,9.177685185185187,0.003472222222222099,0.5063684419484297,114.18799999999999,100.07599999999998,114.104465068,48,0.05653143764999585,-0.39285313400708555,0.39285313400708555,0.05653143764999585,1.25,1.875,2.25,16.26689560539731,9.882162462793294,2.1685194823013227,-2.227724463659677,2.2238220439444394,-2.205975794946071,4.691488134901955,0.07931091542707458,2.2794002709583667,60.78707744334402,5.983127663125442,5.4303412586254005,5.4303412586254005,3.804530452640311,3.4853790731978465,3.4853790731978465,2.8290885792994427,2.8290885792994427,2.0662055841667044,2.0662055841667044,1.2966931594519633,1.2966931594519633,-0.04,72.49526582754562,6.085628140703518,2.492201093530749,1.2206425488837975,50.71730631287597,5.106527394840706,0.0,0.0,0.0,0.0,0.0,0.0,0.0,0.0,19.765380445542643,18.75954929201341,0.0,6.103966387748303,5.106527394840706,0.0,5.917906046161393,38.71099007914296,0.0,0.0,0.0,0.0,0.0,0.0,11.210493782589008,0.0,5.917906046161393,32.60702369139466,0.0,0.0,20.23,0.0,5.106527394840706,6.103966387748303,5.917906046161393,6.4208216229260096,19.26246486877803,0.0,0.0,6.923737199690624,0.0,0.0,0.0,9.177685185185187,0.0,0.5590277777777776,0.0,4.801157407407408,2.1287962962962963,0.0,1.0,8,1,1,1,0,1,0,0,0,1,1,1,0,1,0,1,1,1.5574,33.63879999999999,0,1,1,0,0,0,0,0,0,0,0,0,0,0,0,0,0,0,0,0,0,0,0,0,0,0
CC1CCC(O)CC1,13.45,9.026944444444444,0.01962962962962922,9.026944444444444,0.01962962962962922,0.5063684419484297,114.18799999999999,100.07599999999998,114.104465068,48,0.05400481617339662,-0.393131015016309,0.393131015016309,0.05400481617339662,1.125,1.625,2.0,16.265830884223103,9.890762611780163,2.1398945282869883,-2.2084748544957047,2.221986989013843,-2.152611044653405,4.669742185771392,0.11246725850145575,2.1923771580194713,52.787077443344025,5.983127663125442,5.4303412586254005,5.4303412586254005,3.787693700234704,3.4685423207922392,3.4685423207922392,2.913695760166714,2.913695760166714,1.9853790731978465,1.9853790731978465,1.2424841872191639,1.2424841872191639,-0.04,70.79892376087899,6.085628140703518,2.492201093530749,1.4780561603845095,50.71730631287598,5.106527394840706,0.0,0.0,0.0,0.0,0.0,0.0,0.0,0.0,6.923737199690624,31.60119253786543,0.0,6.103966387748303,5.106527394840706,0.0,5.917906046161393,38.710990079142974,0.0,0.0,0.0,0.0,0.0,0.0,11.210493782589008,0.0,5.917906046161393,32.60702369139466,0.0,0.0,20.23,0.0,0.0,6.103966387748303,0.0,18.75954929201341,12.841643245852019,0.0,0.0,6.923737199690624,5.106527394840706,0.0,0.0,9.026944444444444,0.0,0.8596296296296295,0.0,4.524259259259259,2.2558333333333334,0.0,1.0,8,1,1,1,0,1,0,0,0,1,1,1,0,1,0,1,1,1.5574,33.63879999999999,0,1,1,0,0,0,0,0,0,0,0,0,0,0,0,0,0,0,0,0,0,0,0,0,0,0
Cc1ccco1,2.76,4.833333333333333,0.9675925925925928,4.833333333333333,0.9675925925925928,0.4628605847396023,82.102,76.05399999999999,82.041864812,32,0.10017047607147558,-0.469664556492416,0.469664556492416,0.10017047607147558,1.6666666666666667,2.5,2.6666666666666665,16.33181032010626,10.51682688500302,1.7542868797014255,-1.686512360265907,1.9288971019272538,-1.4790398616728275,4.932245232446961,0.5340345909525056,3.049648321313926,107.4988650600484,4.405777393935816,3.6402990980327403,3.6402990980327403,2.893846850117352,1.8951682068889273,1.8951682068889273,1.2237010601067568,1.2237010601067568,0.6634344070931327,0.6634344070931327,0.36068497693851154,0.36068497693851154,-0.72,33.548875021634686,3.4693939393939397,1.1675410767171084,0.432338837275346,36.590674497970404,4.417150937053347,5.760247418874442,0.0,0.0,0.0,0.0,0.0,0.0,0.0,0.0,19.056471336613843,0.0,6.263162995639057,4.417150937053347,0.0,0.0,6.923737199690624,0.0,24.156144551436718,0.0,0.0,0.0,0.0,0.0,0.0,6.923737199690624,5.760247418874442,22.813048069615622,0.0,13.14,0.0,0.0,0.0,0.0,5.760247418874442,0.0,6.263162995639057,19.056471336613843,0.0,4.417150937053347,4.833333333333333,0.0,0.0,0.0,0.9675925925925928,3.787037037037037,1.662037037037037,1.9166666666666667,0.0,0.2,6,0,1,0,0,0,0,1,1,1,0,1,0,0,0,0,1,1.58802,23.444999999999993,0,0,0,0,0,0,0,0,0,0,1,0,0,0,0,0,1,0,0,0,0,0,0,0,0,0
CCCCC(C)CCO,2.884,8.536003401360544,0.3520644368858654,8.536003401360544,0.3520644368858654,0.6045431522728564,130.231,112.08699999999997,130.135765196,56,0.043306484096030336,-0.39636589491534674,0.39636589491534674,0.043306484096030336,1.3333333333333333,2.0,2.4444444444444446,16.24999679997947,10.016067517063647,1.975797065343985,-2.060623080705499,2.0960805893093144,-1.9647546932522442,4.502963803016962,0.2568182747655569,2.9548225727898,52.52932501298081,7.112884175122364,6.560097770622322,6.560097770622322,4.308060412490447,3.9171813973207374,3.9171813973207374,2.759682173055417,2.759682173055417,1.6723755403522744,1.6723755403522744,0.917309962849784,0.917309962849784,-0.04,90.44046466047871,8.960000000000003,6.08562814070352,5.836965253005683,58.08807958080182,5.106527394840706,0.0,0.0,0.0,0.0,0.0,0.0,0.0,0.0,33.10993926815928,12.338727669087403,6.606881964512918,0.0,5.106527394840706,0.0,5.917906046161393,39.53076089108529,6.606881964512918,0.0,0.0,0.0,0.0,0.0,11.713409359353623,0.0,5.917906046161393,39.53076089108529,0.0,0.0,20.23,0.0,0.0,0.0,6.606881964512918,12.338727669087403,19.26246486877803,0.0,0.0,13.847474399381248,5.106527394840706,0.0,0.0,8.536003401360544,0.0,0.7175462962962962,0.0,4.8273762282690855,4.752407407407408,0.0,1.0,9,1,1,0,0,0,0,0,0,1,1,1,5,0,0,0,0,2.1951000000000005,40.3918,0,1,1,0,0,0,0,0,0,0,0,0,0,0,0,0,0,0,0,0,0,0,0,0,0,0
CCCC(C)CCCO,4.63,8.483364512471656,0.35521258503401354,8.483364512471656,0.35521258503401354,0.6045431522728564,130.23100000000002,112.08699999999997,130.135765196,56,0.0430624282296026,-0.39637638654523827,0.39637638654523827,0.0430624282296026,1.3333333333333333,2.0,2.4444444444444446,16.2499317556123,10.008170721194048,1.9730986831026653,-2.0624053647035936,2.1042139992130466,-1.945964493485514,4.50243312163455,0.27123505168314005,2.9548225727898005,52.52932501298081,7.112884175122364,6.560097770622322,6.560097770622322,4.308060412490447,3.9171813973207374,3.9171813973207374,2.759682173055417,2.759682173055417,1.636511722488652,1.636511722488652,1.0768856525710164,1.0768856525710164,-0.04,90.44046466047871,8.960000000000003,6.08562814070352,5.836965253005683,58.08807958080182,5.106527394840706,0.0,0.0,0.0,0.0,0.0,0.0,0.0,0.0,26.689117645233267,18.75954929201341,6.606881964512918,0.0,5.106527394840706,0.0,5.917906046161393,39.53076089108529,6.606881964512918,0.0,0.0,0.0,0.0,0.0,11.713409359353623,0.0,5.917906046161393,39.53076089108529,0.0,0.0,20.23,0.0,0.0,0.0,6.606881964512918,12.338727669087403,19.26246486877803,0.0,0.0,13.847474399381248,5.106527394840706,0.0,0.0,8.483364512471656,0.0,0.807546296296296,0.0,4.734228080120937,4.808194444444444,0.0,1.0,9,1,1,0,0,0,0,0,0,1,1,1,5,0,0,0,0,2.1951000000000005,40.3918,0,1,1,0,0,0,0,0,0,0,0,0,0,0,0,0,0,0,0,0,0,0,0,0,0,0
CC(C)CCCCCO,10.54,8.431488095238095,0.3592214663643236,8.431488095238095,0.3592214663643236,0.5655261550619519,130.23100000000002,112.08699999999997,130.135765196,56,0.043052408620864124,-0.39637656933671606,0.39637656933671606,0.043052408620864124,1.1111111111111112,1.7777777777777777,2.2222222222222223,16.249924746063705,10.059445109749946,1.9168834576026357,-2.011410627866893,2.0644900866294216,-1.8792328074851332,4.453946077832594,0.2809869034134545,2.7466909068574954,50.52932501298081,7.112884175122364,6.560097770622322,6.560097770622322,4.2700556100296625,3.8791765948599526,3.8791765948599526,2.966788954241964,2.966788954241964,1.439588297429976,1.439588297429976,0.8411659519328957,0.8411659519328957,-0.04,84.62711413110172,8.960000000000003,6.08562814070352,7.9600000000000035,58.08807958080182,5.106527394840706,0.0,0.0,0.0,0.0,0.0,0.0,0.0,0.0,33.10993926815928,12.338727669087403,6.606881964512918,0.0,5.106527394840706,0.0,5.917906046161393,39.53076089108529,6.606881964512918,0.0,0.0,0.0,0.0,0.0,11.713409359353623,0.0,5.917906046161393,39.53076089108529,0.0,0.0,20.23,0.0,0.0,0.0,6.606881964512918,12.338727669087403,19.26246486877803,0.0,0.0,13.847474399381248,5.106527394840706,0.0,0.0,8.431488095238095,0.0,0.8228637566137564,0.0,4.74962962962963,4.829351851851852,0.0,1.0,9,1,1,0,0,0,0,0,0,1,1,1,5,0,0,0,0,2.1951000000000005,40.3918,0,1,1,0,0,0,0,0,0,0,0,0,0,0,0,0,0,0,0,0,0,0,0,0,0,2
CCCCCC(C)(C)O,3.43,9.244271541950113,-0.44923611111111117,9.244271541950113,0.44923611111111117,0.5790050169562546,130.231,112.08699999999997,130.135765196,56,0.05913229105924113,-0.390471997481796,0.390471997481796,0.05913229105924113,1.2222222222222223,1.7777777777777777,2.111111111111111,16.280961997381553,10.012072369910207,2.0955457832843045,-2.15176022387796,2.1175895410690346,-2.1707715790284627,4.631504163230511,0.06817045695534438,3.072989461365733,61.45811190640112,7.32842712474619,6.775640720246148,6.775640720246148,4.060660171779821,3.7842669695298,3.7842669695298,3.2695410408814722,3.2695410408814722,1.3921334847648998,1.3921334847648998,0.8076103320974831,0.8076103320974831,-0.04,60.47184355343589,8.960000000000003,3.8869850486282487,7.9600000000000035,58.08807958080181,5.106527394840706,0.0,0.0,0.0,0.0,0.0,0.0,0.0,0.0,26.186202068468653,20.268296022307258,0.0,5.601050810983688,5.106527394840706,0.0,0.0,52.05554890175959,0.0,0.0,0.0,0.0,0.0,0.0,10.707578205824394,0.0,0.0,46.4544980907759,0.0,0.0,20.23,5.601050810983688,5.106527394840706,0.0,0.0,12.841643245852019,12.841643245852019,0.0,13.847474399381248,6.923737199690624,0.0,0.0,0.0,9.244271541950113,-0.44923611111111117,0.0,0.0,4.5564583333333335,5.898506235827664,0.0,1.0,9,1,1,0,0,0,0,0,0,1,1,1,4,0,0,0,0,2.3376000000000006,40.439800000000005,0,1,0,0,0,0,0,0,0,0,0,0,0,0,0,0,0,0,0,0,0,0,0,0,0,1
CCCCC(C)C(C)O,7.47,9.047512282690853,-0.12819444444444472,9.047512282690853,0.12819444444444472,0.618178584322222,130.231,112.08699999999997,130.135765196,56,0.053714293070171025,-0.3931412637389528,0.3931412637389528,0.053714293070171025,1.3333333333333333,1.8888888888888888,2.2222222222222223,16.26573822031839,9.99592658909133,2.056742167554836,-2.121641111944477,2.1037381546736205,-2.117563718285731,4.572659715339636,0.12846838081622408,3.1552800835051924,59.58797503894244,7.276020881938894,6.723234477438853,6.723234477438853,4.180739212552622,3.8615878331101565,3.8615878331101565,2.860115830961279,2.860115830961279,1.836535384654466,1.836535384654466,0.7673016865782805,0.7673016865782805,-0.04,80.20139955580649,8.960000000000003,4.803032525510205,4.462512562814072,58.08807958080181,5.106527394840706,0.0,0.0,0.0,0.0,0.0,0.0,0.0,0.0,26.689117645233267,19.262464868778025,0.0,6.103966387748303,5.106527394840706,0.0,5.917906046161393,46.1376428555982,0.0,0.0,0.0,0.0,0.0,0.0,11.210493782589008,0.0,5.917906046161393,40.0336764678499,0.0,0.0,20.23,0.0,0.0,6.103966387748303,5.917906046161393,6.4208216229260096,12.841643245852019,0.0,6.923737199690624,13.847474399381248,5.106527394840706,0.0,0.0,9.047512282690853,0.0,0.47680555555555537,0.0,3.508009259259259,6.134339569160998,0.0,1.0,9,1,1,0,0,0,0,0,0,1,1,1,4,0,0,0,0,2.1935000000000007,40.369800000000005,0,1,1,0,0,0,0,0,0,0,0,0,0,0,0,0,0,0,0,0,0,0,0,0,0,0
CCCC(C)CC(C)O,3.59,8.949410430839002,-0.11893518518518542,8.949410430839002,0.11893518518518542,0.618178584322222,130.231,112.08699999999997,130.135765196,56,0.051420406762273226,-0.39340855820133264,0.39340855820133264,0.051420406762273226,1.3333333333333333,1.8888888888888888,2.2222222222222223,16.264743304556905,9.996336777573612,2.027818048284194,-2.1025085588274672,2.109294973040999,-2.058320111008076,4.551115043975898,0.16138487352685318,3.1512513888997318,59.58797503894244,7.276020881938894,6.723234477438853,6.723234477438853,4.163902460147014,3.8447510807045493,3.8447510807045493,2.978570476558947,2.978570476558947,1.5249548572182017,1.5249548572182017,1.192964191675624,1.192964191675624,-0.04,66.8432930980791,8.960000000000003,4.803032525510205,5.836965253005683,58.08807958080181,5.106527394840706,0.0,0.0,0.0,0.0,0.0,0.0,0.0,0.0,26.689117645233267,19.262464868778025,0.0,6.103966387748303,5.106527394840706,0.0,5.917906046161393,46.1376428555982,0.0,0.0,0.0,0.0,0.0,0.0,11.210493782589008,0.0,5.917906046161393,40.0336764678499,0.0,0.0,20.23,0.0,0.0,6.103966387748303,5.917906046161393,6.4208216229260096,12.841643245852019,0.0,6.923737199690624,13.847474399381248,5.106527394840706,0.0,0.0,8.949410430839002,0.0,0.6898148148148147,0.0,3.3043055555555556,6.223135865457294,0.0,1.0,9,1,1,0,0,0,0,0,0,1,1,1,4,0,0,0,0,2.1935000000000007,40.369800000000005,0,1,1,0,0,0,0,0,0,0,0,0,0,0,0,0,0,0,0,0,0,0,0,0,0,0
CC(C)CCCC(C)O,6.41,8.865256046863191,-0.10763888888888906,8.865256046863191,0.10763888888888906,0.618178584322222,130.231,112.08699999999997,130.135765196,56,0.05116685567487937,-0.39341926757154483,0.39341926757154483,0.05116685567487937,1.1111111111111112,1.6666666666666667,2.0,16.26466586177377,10.051357960631927,1.9636478633580883,-2.045948673379015,2.068941799986759,-1.9914861027937074,4.496692052516518,0.17863518792908095,2.914658625512464,49.58797503894244,7.276020881938894,6.723234477438853,6.723234477438853,4.125897657686229,3.8067462782437644,3.8067462782437644,3.1737718759463305,3.1737718759463305,1.403373139121882,1.403373139121882,0.82151065881108,0.82151065881108,-0.04,65.1469510314125,8.960000000000003,4.803032525510205,7.9600000000000035,58.08807958080181,5.106527394840706,0.0,0.0,0.0,0.0,0.0,0.0,0.0,0.0,26.689117645233267,19.262464868778025,0.0,6.103966387748303,5.106527394840706,0.0,5.917906046161393,46.1376428555982,0.0,0.0,0.0,0.0,0.0,0.0,11.210493782589008,0.0,5.917906046161393,40.0336764678499,0.0,0.0,20.23,0.0,0.0,6.103966387748303,0.0,18.75954929201341,6.4208216229260096,0.0,6.923737199690624,13.847474399381248,5.106527394840706,0.0,0.0,8.865256046863191,0.0,0.7812499999999998,0.0,3.2518981481481477,6.268262471655329,0.0,1.0,9,1,1,0,0,0,0,0,0,1,1,1,4,0,0,0,0,2.1935000000000007,40.369800000000005,0,1,1,0,0,0,0,0,0,0,0,0,0,0,0,0,0,0,0,0,0,0,0,0,0,0
CCCCC(C)(O)CC,3.013,9.454305555555557,-0.40673611111111097,9.454305555555557,0.40673611111111097,0.6189519529723387,130.23099999999997,112.08699999999997,130.135765196,56,0.06167517824707944,-0.39019452193417875,0.39019452193417875,0.06167517824707944,1.3333333333333333,1.8888888888888888,2.2222222222222223,16.282000964946086,9.965970145279703,2.1466047184601664,-2.195828884349942,2.157562731134915,-2.2139680563090685,4.682340805996238,0.04474006200855538,3.330074215693167,66.96788691072805,7.32842712474619,6.775640720246148,6.775640720246148,4.121320343559643,3.8449271413096215,3.8449271413096215,2.9540481261399116,2.9540481261399116,1.8305774536632295,1.8305774536632295,0.73438702739412,0.73438702739412,-0.04,75.58143215472592,8.960000000000003,3.8869850486282487,4.462512562814072,58.088079580801804,5.106527394840706,0.0,0.0,0.0,0.0,0.0,0.0,0.0,0.0,26.689117645233267,19.765380445542643,0.0,5.601050810983688,5.106527394840706,0.0,0.0,52.05554890175959,0.0,0.0,0.0,0.0,0.0,0.0,10.707578205824394,0.0,0.0,46.454498090775914,0.0,0.0,20.23,5.601050810983688,5.106527394840706,0.0,0.0,19.26246486877803,6.4208216229260096,0.0,13.847474399381248,6.923737199690624,0.0,0.0,0.0,9.454305555555557,-0.40673611111111097,0.0,0.0,4.128958333333333,6.073472222222222,0.0,1.0,9,1,1,0,0,0,0,0,0,1,1,1,4,0,0,0,0,2.3376,40.439800000000005,0,1,0,0,0,0,0,0,0,0,0,0,0,0,0,0,0,0,0,0,0,0,0,0,0,0
CCCC(C)C(O)CC,3.312,9.257546296296297,-0.07875000000000032,9.257546296296297,0.07875000000000032,0.618178584322222,130.23099999999997,112.08699999999997,130.135765196,56,0.05626854539474217,-0.39286397543260754,0.39286397543260754,0.05626854539474217,1.3333333333333333,1.8888888888888888,2.2222222222222223,16.266690043923386,9.978340702781894,2.0877550976355463,-2.1472789991121077,2.1160529625726867,-2.1504236400876033,4.603718613142601,0.1074956856130543,3.324760174025222,61.58797503894244,7.276020881938894,6.723234477438853,6.723234477438853,4.218744015013407,3.8995926355709414,3.8995926355709414,2.7415549539819457,2.7415549539819457,1.8191427629879782,1.8191427629879782,1.050097457771413,1.050097457771413,-0.04,86.01498078690322,8.960000000000003,4.803032525510205,3.5220017538265314,58.088079580801804,5.106527394840706,0.0,0.0,0.0,0.0,0.0,0.0,0.0,0.0,27.19203322199788,18.75954929201341,0.0,6.103966387748303,5.106527394840706,0.0,5.917906046161393,46.1376428555982,0.0,0.0,0.0,0.0,0.0,0.0,11.210493782589008,0.0,5.917906046161393,40.0336764678499,0.0,0.0,20.23,0.0,5.106527394840706,6.103966387748303,5.917906046161393,12.841643245852019,6.4208216229260096,0.0,6.923737199690624,13.847474399381248,0.0,0.0,0.0,9.257546296296297,0.0,0.48611111111111094,0.0,3.1379166666666665,6.2850925925925925,0.0,1.0,9,1,1,0,0,0,0,0,0,1,1,1,4,0,0,0,0,2.1935000000000002,40.369800000000005,0,1,1,0,0,0,0,0,0,0,0,0,0,0,0,0,0,0,0,0,0,0,0,0,0,0
CCC(C)CC(O)CC,3.832,9.159444444444444,-0.06949074074074102,9.159444444444444,0.06949074074074102,0.618178584322222,130.23099999999997,112.08699999999997,130.135765196,56,0.05397554853138927,-0.3931314922114302,0.3931314922114302,0.05397554853138927,1.2222222222222223,1.7777777777777777,2.111111111111111,16.265689610265998,9.999751126008608,2.044973300139615,-2.114011146667595,2.103915313176093,-2.0866921558718166,4.568800780931049,0.14032731092250106,3.2230469044906185,53.587975038942446,7.276020881938894,6.723234477438853,6.723234477438853,4.201907262607799,3.882755883165334,3.882755883165334,2.8111940631107046,2.8111940631107046,1.8426175945563392,1.8426175945563392,0.7977959847866968,0.7977959847866968,-0.04,84.36491016843732,8.960000000000003,4.803032525510205,4.462512562814072,58.088079580801804,5.106527394840706,0.0,0.0,0.0,0.0,0.0,0.0,0.0,0.0,27.19203322199788,18.75954929201341,0.0,6.103966387748303,5.106527394840706,0.0,5.917906046161393,46.1376428555982,0.0,0.0,0.0,0.0,0.0,0.0,11.210493782589008,0.0,5.917906046161393,40.0336764678499,0.0,0.0,20.23,0.0,0.0,6.103966387748303,5.917906046161393,12.841643245852019,6.4208216229260096,0.0,6.923737199690624,13.847474399381248,5.106527394840706,0.0,0.0,9.159444444444444,0.0,0.6805092592592592,0.0,2.9666203703703697,6.360092592592592,0.0,1.0,9,1,1,0,0,0,0,0,0,1,1,1,4,0,0,0,0,2.1935000000000002,40.369800000000005,0,1,1,0,0,0,0,0,0,0,0,0,0,0,0,0,0,0,0,0,0,0,0,0,0,0
CCCC(O)CC(C)C,3.338,9.219583333333333,-0.060185185185185563,9.219583333333333,0.060185185185185563,0.618178584322222,130.23099999999997,112.08699999999997,130.135765196,56,0.054218170660501386,-0.39312102884313965,0.39312102884313965,0.054218170660501386,1.3333333333333333,1.8888888888888888,2.2222222222222223,16.265751149889446,10.030173609628847,2.0330842696006637,-2.100127656504161,2.078331111433625,-2.0829713457553014,4.558989959431198,0.13835375660087162,3.1512513888997318,59.58797503894244,7.276020881938894,6.723234477438853,6.723234477438853,4.163902460147014,3.8447510807045493,3.8447510807045493,3.072047751372604,3.072047751372604,1.3653791674969695,1.3653791674969695,0.9952265643144953,0.9952265643144953,-0.04,66.8432930980791,8.960000000000003,4.803032525510205,5.836965253005683,58.088079580801804,5.106527394840706,0.0,0.0,0.0,0.0,0.0,0.0,0.0,0.0,27.19203322199788,18.75954929201341,0.0,6.103966387748303,5.106527394840706,0.0,5.917906046161393,46.1376428555982,0.0,0.0,0.0,0.0,0.0,0.0,11.210493782589008,0.0,5.917906046161393,40.0336764678499,0.0,0.0,20.23,0.0,5.106527394840706,6.103966387748303,5.917906046161393,19.26246486877803,0.0,0.0,0.0,20.771211599071872,0.0,0.0,0.0,9.219583333333333,0.0,0.6310648148148146,0.0,2.9397222222222217,6.376296296296297,0.0,1.0,9,1,1,0,0,0,0,0,0,1,1,1,4,0,0,0,0,2.1935000000000002,40.369800000000005,0,1,1,0,0,0,0,0,0,0,0,0,0,0,0,0,0,0,0,0,0,0,0,0,0,0
CCCC(O)C(C)CC,7.46,9.317685185185185,-0.06944444444444486,9.317685185185185,0.06944444444444486,0.618178584322222,130.23099999999997,112.08699999999997,130.135765196,56,0.05651115033434972,-0.39285350254921814,0.39285350254921814,0.05651115033434972,1.3333333333333333,1.8888888888888888,2.2222222222222223,16.266752084616787,9.98486206359423,2.0885465470567985,-2.146899263563201,2.109133768071196,-2.153290182069952,4.605181626516,0.1047464454486899,3.324760174025222,61.58797503894244,7.276020881938894,6.723234477438853,6.723234477438853,4.218744015013407,3.8995926355709414,3.8995926355709414,2.7415549539819453,2.7415549539819453,1.8852411778955536,1.8852411778955536,0.8523598304102844,0.8523598304102844,-0.04,86.01498078690322,8.960000000000003,4.803032525510205,3.5220017538265314,58.08807958080182,5.106527394840706,0.0,0.0,0.0,0.0,0.0,0.0,0.0,0.0,33.61285484492389,12.338727669087403,0.0,6.103966387748303,5.106527394840706,0.0,5.917906046161393,46.1376428555982,0.0,0.0,0.0,0.0,0.0,0.0,11.210493782589008,0.0,5.917906046161393,40.0336764678499,0.0,0.0,20.23,0.0,5.106527394840706,6.103966387748303,5.917906046161393,19.26246486877803,0.0,0.0,0.0,20.771211599071872,0.0,0.0,0.0,9.317685185185185,0.0,0.47680555555555537,0.0,3.0572222222222223,6.314953703703704,0.0,1.0,9,1,1,0,0,0,0,0,0,1,1,1,4,0,0,0,0,2.1935000000000002,40.369800000000005,0,1,1,0,0,0,0,0,0,0,0,0,0,0,0,0,0,0,0,0,0,0,0,0,0,0
CCCC(C)(O)CCC,2.902,9.514444444444445,-0.39930555555555536,9.514444444444445,0.39930555555555536,0.6189519529723387,130.23099999999997,112.08699999999997,130.135765196,56,0.06191750364691832,-0.3901840235990071,0.3901840235990071,0.06191750364691832,1.1111111111111112,1.4444444444444444,1.6666666666666667,16.282068905477587,9.954274273110695,2.15788535661408,-2.2057159791297383,2.1683206495089236,-2.2221251191832474,4.693668356586285,0.040563634152377945,3.4310512772790966,58.96788691072806,7.328427124746191,6.775640720246148,6.775640720246148,4.121320343559643,3.8449271413096215,3.8449271413096215,2.996941344953364,2.996941344953364,1.5771601883432524,1.5771601883432524,1.2021601883432524,1.2021601883432524,-0.04,64.0524865010122,8.960000000000003,3.8869850486282487,4.462512562814072,58.08807958080182,5.106527394840706,0.0,0.0,0.0,0.0,0.0,0.0,0.0,0.0,26.689117645233267,19.765380445542643,0.0,5.601050810983688,5.106527394840706,0.0,0.0,52.05554890175961,0.0,0.0,0.0,0.0,0.0,0.0,10.707578205824394,0.0,0.0,46.454498090775914,0.0,0.0,20.23,5.601050810983688,5.106527394840706,0.0,0.0,25.683286491704038,0.0,0.0,6.923737199690624,13.847474399381248,0.0,0.0,0.0,9.514444444444445,-0.39930555555555536,0.0,0.0,4.015555555555555,6.119305555555556,0.0,1.0,9,1,1,0,0,0,0,0,0,1,1,1,4,0,0,0,0,2.3376,40.439800000000005,0,1,0,0,0,0,0,0,0,0,0,0,0,0,0,0,0,0,0,0,0,0,0,0,0,0
CCCCC(C)(C)O,3.257,9.14875,-0.4484027777777777,9.14875,0.4484027777777777,0.5971696682305409,116.20399999999998,100.07599999999998,116.120115132,50,0.05913211846330341,-0.3904719989420869,0.3904719989420869,0.05913211846330341,1.375,1.875,2.0,16.28095993737626,10.024087370268735,2.0906888470458123,-2.1467778087271108,2.1021754400255164,-2.1693472830076423,4.626062860221546,0.06860001016699858,3.1117661943884265,51.897390567231454,6.621320343559642,6.0685339390596,6.0685339390596,3.5606601717798214,3.2842669695298,3.2842669695298,2.9159876502881983,2.9159876502881983,1.1421334847648998,1.1421334847648998,0.60938702739412,0.60938702739412,-0.04,36.61600302409073,7.96,3.079539221938775,5.959999999999999,51.7231374664052,5.106527394840706,0.0,0.0,0.0,0.0,0.0,0.0,0.0,0.0,19.765380445542643,20.268296022307258,0.0,5.601050810983688,5.106527394840706,0.0,0.0,45.63472727883358,0.0,0.0,0.0,0.0,0.0,0.0,10.707578205824394,0.0,0.0,40.0336764678499,0.0,0.0,20.23,5.601050810983688,0.0,0.0,0.0,12.841643245852019,6.4208216229260096,0.0,13.847474399381248,6.923737199690624,5.106527394840706,0.0,0.0,9.14875,-0.4484027777777777,0.0,0.0,3.2192361111111114,5.830416666666666,0.0,1.0,8,1,1,0,0,0,0,0,0,1,1,1,3,0,0,0,0,1.9475000000000002,35.822799999999994,0,1,0,0,0,0,0,0,0,0,0,0,0,0,0,0,0,0,0,0,0,0,0,0,0,0
CCCC(C)C(C)O,4.99,8.95199074074074,-0.12967592592592614,8.95199074074074,0.12967592592592614,0.5958243786434456,116.20399999999998,100.07599999999998,116.120115132,50,0.053714119828902576,-0.39314126520158216,0.39314126520158216,0.053714119828902576,1.375,1.875,2.0,16.265736214917514,10.011977883292186,2.0471904839259083,-2.1118370635392405,2.0810585076614716,-2.114079741343764,4.561261504360431,0.12942961640337786,3.170819357347939,50.34851554559677,6.568914100752346,6.016127696252305,6.016127696252305,3.6807392125526213,3.3615878331101565,3.3615878331101565,2.5065624403680054,2.5065624403680054,1.5675329834240739,1.5675329834240739,0.6965440671781392,0.6965440671781392,-0.04,45.11498676384928,7.96,3.9018954066816494,3.026851631655436,51.7231374664052,5.106527394840706,0.0,0.0,0.0,0.0,0.0,0.0,0.0,0.0,20.268296022307258,19.262464868778025,0.0,6.103966387748303,5.106527394840706,0.0,5.917906046161393,39.71682123267219,0.0,0.0,0.0,0.0,0.0,0.0,11.210493782589008,0.0,5.917906046161393,33.61285484492389,0.0,0.0,20.23,0.0,0.0,6.103966387748303,5.917906046161393,6.4208216229260096,6.4208216229260096,0.0,6.923737199690624,13.847474399381248,5.106527394840706,0.0,0.0,8.95199074074074,0.0,0.472222222222222,0.0,2.1795833333333334,6.06287037037037,0.0,1.0,8,1,1,0,0,0,0,0,0,1,1,1,3,0,0,0,0,1.8034,35.75279999999999,0,1,1,0,0,0,0,0,0,0,0,0,0,0,0,0,0,0,0,0,0,0,0,0,0,0
CCCC(C)(O)CC,3.248,9.323194444444445,-0.40798611111111094,9.323194444444445,0.40798611111111094,0.5971696682305409,116.20399999999998,100.07599999999998,116.120115132,50,0.06166522893358491,-0.39019470481066787,0.39019470481066787,0.06166522893358491,1.375,1.875,2.0,16.281992568843464,9.980577020997416,2.138559471446421,-2.1878217149152412,2.140276988471359,-2.210339825890332,4.673739834222605,0.04627415493361514,3.373381552563661,57.4071655715584,6.621320343559643,6.0685339390596,6.0685339390596,3.6213203435596424,3.3449271413096215,3.3449271413096215,2.6004947355466377,2.6004947355466377,1.5502473677733188,1.5502473677733188,0.7153567894682631,0.7153567894682631,-0.04,41.8157298068742,7.96,3.079539221938775,3.026851631655436,51.723137466405205,5.106527394840706,0.0,0.0,0.0,0.0,0.0,0.0,0.0,0.0,20.268296022307258,19.765380445542643,0.0,5.601050810983688,5.106527394840706,0.0,0.0,45.634727278833594,0.0,0.0,0.0,0.0,0.0,0.0,10.707578205824394,0.0,0.0,40.0336764678499,0.0,0.0,20.23,5.601050810983688,5.106527394840706,0.0,0.0,19.26246486877803,0.0,0.0,13.847474399381248,6.923737199690624,0.0,0.0,0.0,9.323194444444445,-0.40798611111111094,0.0,0.0,2.8523611111111107,5.982430555555556,0.0,1.0,8,1,1,0,0,0,0,0,0,1,1,1,3,0,0,0,0,1.9475,35.822799999999994,0,1,0,0,0,0,0,0,0,0,0,0,0,0,0,0,0,0,0,0,0,0,0,0,0,0
CC(=O)CCC(C)C,13.53,10.348194444444445,0.304351851851852,10.348194444444445,0.304351851851852,0.5481896504339717,114.18799999999999,100.07599999999998,114.104465068,48,0.12935008517234206,-0.300030835096211,0.300030835096211,0.12935008517234206,1.5,2.0,2.125,16.137174086413737,10.072573146710264,1.9494425026400137,-1.9807422676699578,2.0207325073369526,-1.9318498224042606,5.748251411574943,-0.11676666015857722,3.0500782919131915,74.45601115561732,6.568914100752346,5.899812122026583,5.899812122026583,3.625897657686229,3.1206263646683197,3.1206263646683197,2.6345370878347767,2.6345370878347767,1.0737499091029978,1.0737499091029978,0.49193826699109827,0.49193826699109827,-0.33,40.339203954130696,7.669999999999999,3.645030979671556,5.670000000000001,51.09042581425295,4.794537184071822,5.783244946364939,0.0,0.0,0.0,0.0,0.0,0.0,0.0,13.847474399381248,19.262464868778025,6.4208216229260096,0.0,4.794537184071822,5.783244946364939,5.917906046161393,33.61285484492389,0.0,0.0,0.0,0.0,0.0,0.0,5.783244946364939,4.794537184071822,5.917906046161393,33.61285484492389,0.0,0.0,17.07,0.0,4.794537184071822,0.0,11.701150992526333,12.841643245852019,0.0,6.923737199690624,0.0,13.847474399381248,0.0,0.0,10.348194444444445,0.0,0.0,0.97,0.0,1.784722222222222,5.897083333333333,0.0,0.8571428571428571,8,0,1,0,0,0,0,0,0,1,0,1,3,0,0,0,0,2.0116,34.752999999999986,0,0,0,0,0,0,1,1,0,0,0,0,0,0,0,0,0,1,1,0,0,0,0,0,0,0
C=C(C)C(=O)OC,6.32,10.189814814814815,-0.3472222222222221,10.189814814814815,0.3472222222222221,0.35850815039012257,100.11699999999998,92.05299999999998,100.052429496,40,0.3323269847170088,-0.4656747792521672,0.4656747792521672,0.3323269847170088,1.7142857142857142,2.142857142857143,2.142857142857143,16.52333817037392,10.365312316369552,1.9500563434876952,-1.9104118557638585,1.8652216245215985,-1.9839968124582632,5.862236422098166,-0.13549970793352958,3.577919926272439,94.25327665163482,5.861807319565799,4.523603362114274,4.523603362114274,3.1807392125526213,1.920049971521,1.920049971521,1.2719117096871069,1.2719117096871069,0.5338571184786371,0.5338571184786371,0.174230856264669,0.174230856264669,-0.79,27.977093296928835,6.210000000000001,2.394521355353814,1.9777543186180424,42.78448378278237,4.736862953800049,0.0,0.0,0.0,5.969305287951849,0.0,4.794537184071822,0.0,0.0,6.578935683598497,6.923737199690624,5.573104530069267,7.109797541277533,9.53140013787187,5.969305287951849,0.0,6.923737199690624,7.109797541277533,12.152040213667764,0.0,0.0,0.0,0.0,13.079102829229383,9.53140013787187,0.0,6.923737199690624,12.152040213667764,0.0,26.3,0.0,4.794537184071822,5.969305287951849,5.573104530069267,0.0,7.109797541277533,6.923737199690624,0.0,11.315798637398547,0.0,4.273148148148148,10.189814814814815,0.0,0.4328703703703707,-0.3472222222222221,0.0,0.0,4.954351851851852,1.3303703703703704,0.4,7,0,2,0,0,0,0,0,0,2,0,2,1,0,0,0,0,0.7355,26.829999999999988,0,0,0,0,0,0,1,1,0,0,0,0,0,0,1,1,0,0,0,0,1,0,0,0,0,0
COC(=O)c1ccccc1OC,7.7,11.090925925925927,-0.3819907407407406,11.090925925925927,0.3819907407407406,0.6240969235528273,166.17599999999996,156.09599999999998,166.06299418,64,0.3411403368739376,-0.4958555108378468,0.4958555108378468,0.3411403368739376,1.25,1.9166666666666667,2.5,16.52635921900487,10.182120861568363,2.0953314778531746,-2.0419385517562847,2.1691505411352723,-2.0273631350525543,5.9182768211717836,0.05968688534141226,3.0445058359443866,280.85706625991145,8.974691494688164,7.034145948150093,7.034145948150093,5.79122366008484,3.506219285813147,3.506219285813147,2.1918651865281555,2.1918651865281555,1.5122831125506089,1.5122831125506089,0.923232988945254,0.923232988945254,-1.51,610.0504636634034,8.585328884652048,3.7588733548338538,1.5570110928371719,70.9148420217443,9.473725907600098,11.3129633249809,0.0,0.0,5.969305287951849,0.0,4.794537184071822,0.0,0.0,12.13273413692322,12.13273413692322,0.0,14.219595082555067,14.268263091671919,5.969305287951849,0.0,0.0,14.219595082555067,29.828919765543436,5.749511833283905,4.736862953800049,0.0,5.749511833283905,20.188900370506914,4.736862953800049,0.0,10.357988675768818,24.26546827384644,0.0,35.53,0.0,4.794537184071822,5.969305287951849,11.3129633249809,0.0,14.219595082555067,24.26546827384644,0.0,4.736862953800049,4.736862953800049,9.527268518518518,11.090925925925927,0.0,0.44675925925925974,0.1498148148148153,6.9275462962962955,0.0,0.0,2.857685185185185,0.2222222222222222,12,0,3,0,0,0,1,0,1,3,0,3,2,0,0,0,1,1.4818,44.33350000000003,0,0,0,0,0,0,1,1,0,0,0,1,0,0,1,2,0,0,0,0,2,1,0,0,0,0
Cc1cccc2ccccc12,2.915,2.1574074074074074,1.326388888888889,2.1574074074074074,1.326388888888889,0.5297256591150028,142.201,132.12099999999998,142.07825032,54,-0.015473597845287701,-0.06162938043001279,0.06162938043001279,0.015473597845287701,0.8181818181818182,1.5454545454545454,2.3636363636363638,13.964351267888201,10.065657641338516,1.9149365772653342,-1.9841733175690948,2.1604518494127207,-1.7463847710781442,5.847478750779856,1.5313553919725797,2.9131611636048604,369.20002354254177,7.681798275874712,6.5414518843273814,6.5414518843273814,5.377010097711745,3.8213672050459193,3.8213672050459193,2.796046573604805,2.796046573604805,2.0076386318775867,2.0076386318775867,1.3873573257964147,1.3873573257964147,-1.2999999999999998,505.7637345563877,6.412726002270941,2.3870748299319726,1.0063206988069775,66.47800976562876,0.0,0.0,0.0,0.0,0.0,0.0,0.0,0.0,0.0,42.46456947923127,23.259637120317212,0.0,0.0,0.0,10.772448428929591,0.0,6.923737199690624,0.0,48.02802097092827,0.0,0.0,0.0,0.0,0.0,0.0,6.923737199690624,5.563451491696996,42.46456947923127,10.772448428929591,0.0,0.0,0.0,0.0,0.0,0.0,16.335899920626588,0.0,0.0,49.38830667892189,0.0,0.0,0.0,2.6828703703703707,1.3500925925925928,0.0,14.825833333333335,0.0,2.1412037037037037,0.0,0.09090909090909091,11,0,0,0,0,0,2,0,2,0,0,0,0,0,0,0,2,3.148220000000002,48.68500000000003,0,0,0,0,0,0,0,0,0,0,1,2,1,0,0,0,0,0,0,0,0,0,0,0,0,0
CCCC=C(C)CCCC,2.175,2.370694444444444,1.2594718442932729,2.370694444444444,1.2594718442932729,0.5075870640926918,140.27,120.10999999999997,140.15650064,60,-0.03231857206427828,-0.08562063131945874,0.08562063131945874,0.03231857206427828,1.2,1.9,2.4,13.930684954888697,10.097860594413241,1.8636446819890427,-1.9695922253705163,2.0676708877689984,-1.7651913593192345,4.965665544110323,0.7802125748464246,3.297293167110204,90.2114326716684,7.819990956308912,7.612884175122364,7.612884175122364,4.808060412490447,4.464690378025045,4.464690378025045,2.942705340840036,2.942705340840036,1.706142067608874,1.706142067608874,0.9484147430359838,0.9484147430359838,-0.26,157.20912659259116,9.739999999999998,6.854416475972538,5.869198966408269,65.33412702521478,0.0,0.0,0.0,0.0,0.0,0.0,0.0,0.0,0.0,38.33824228213641,26.186202068468653,0.0,0.0,0.0,0.0,0.0,52.87531971370193,0.0,11.64912463690315,0.0,0.0,0.0,0.0,0.0,0.0,0.0,52.87531971370193,11.64912463690315,0.0,0.0,0.0,0.0,0.0,0.0,0.0,32.10410811463005,5.573104530069267,0.0,26.847231705905752,0.0,0.0,0.0,0.0,1.5728703703703706,0.0,0.0,8.883457577475435,6.710338718820861,0.0,0.8,10,0,0,0,0,0,0,0,0,0,0,0,5,0,0,0,0,3.9230000000000027,48.190000000000026,0,0,0,0,0,0,0,0,0,2,0,0,0,0,0,0,0,0,0,0,0,0,0,0,0,0
C=CC(C)=CC,2.426,3.563148148148148,1.2314814814814816,3.563148148148148,1.2314814814814816,0.42498877012082603,82.14599999999999,72.06599999999999,82.07825032,34,-0.04012296511332252,-0.0988134538865661,0.0988134538865661,0.04012296511332252,1.6666666666666667,2.1666666666666665,2.1666666666666665,13.73335063180835,10.291874349394915,1.6609796563486645,-1.7807542898618673,1.875333665013044,-1.5661592442264818,5.1020849643756705,1.4876855484991325,3.5040318284625833,68.10749561002055,4.99156383156272,4.3618073195657985,4.3618073195657985,2.808060412490447,2.0629488288431146,2.0629488288431146,1.236816215683037,1.236816215683037,0.777317076691169,0.777317076691169,0.11785113019775793,0.11785113019775793,-0.52,19.800269059780252,5.48,2.7032142857142865,1.7673563218390813,39.18475553544408,0.0,0.0,0.0,0.0,0.0,0.0,0.0,0.0,0.0,24.304080427335528,13.847474399381248,0.0,0.0,0.0,0.0,0.0,13.847474399381248,0.0,24.304080427335528,0.0,0.0,0.0,0.0,0.0,0.0,0.0,13.847474399381248,24.304080427335528,0.0,0.0,0.0,0.0,0.0,0.0,0.0,5.573104530069267,0.0,25.99951461304901,6.578935683598497,0.0,0.0,0.0,0.0,1.2314814814814816,0.0,0.0,3.854166666666667,7.581018518518519,0.0,0.3333333333333333,6,0,0,0,0,0,0,0,0,0,0,0,1,0,0,0,0,2.1386000000000003,29.627999999999986,0,0,0,0,0,0,0,0,0,3,0,0,0,0,0,0,0,0,0,0,0,0,0,0,0,0
C=CC=C(C)C,2.599,3.5244444444444443,1.2962962962962965,3.5244444444444443,1.2962962962962965,0.42498877012082603,82.14599999999999,72.06599999999999,82.07825032,34,-0.04389893455405506,-0.09906746755603477,0.09906746755603477,0.04389893455405506,1.5,2.0,2.0,13.706272211044121,10.319095225730731,1.6307007754454679,-1.7566635610765458,1.8473644610688125,-1.5398471207770452,5.0368474449417375,1.3952986950954136,3.405032612931118,64.10749561002055,4.99156383156272,4.3618073195657985,4.3618073195657985,2.770055610029662,2.0302567583920093,2.0302567583920093,1.4797191962518084,1.4797191962518084,0.4511844635310913,0.4511844635310913,0.23570226039551587,0.23570226039551587,-0.52,14.834466856136647,5.48,2.7032142857142865,3.4800000000000018,39.18475553544408,0.0,0.0,0.0,0.0,0.0,0.0,0.0,0.0,0.0,24.304080427335528,13.847474399381248,0.0,0.0,0.0,0.0,0.0,13.847474399381248,0.0,24.304080427335528,0.0,0.0,0.0,0.0,0.0,0.0,0.0,13.847474399381248,24.304080427335528,0.0,0.0,0.0,0.0,0.0,0.0,0.0,5.573104530069267,6.076020106833881,19.92349450621513,6.578935683598497,0.0,0.0,0.0,0.0,1.2962962962962965,0.0,0.0,3.7592592592592595,7.611111111111111,0.0,0.3333333333333333,6,0,0,0,0,0,0,0,0,0,0,0,1,0,0,0,0,2.1386000000000003,29.627999999999986,0,0,0,0,0,0,0,0,0,3,0,0,0,0,0,0,0,0,0,0,0,0,0,0,0,0
CC(O)CC(C)(C)O,25.86,9.028055555555556,-0.7280092592592593,9.028055555555556,0.4074074074074079,0.5548951576761242,118.17599999999999,104.06399999999998,118.099379688,50,0.06157732087321983,-0.3933060128156288,0.3933060128156288,0.06157732087321983,1.5,1.875,1.875,16.29230025266356,10.02464758797823,2.1394513329798674,-2.1746103770929603,2.086413581217106,-2.2360181493722773,4.668077864943921,0.024858572475634593,3.388924101358251,61.419011889093376,6.784457050376173,5.678884241376089,5.678884241376089,3.4165022194363885,2.820957637743903,2.820957637743903,2.8655797709729356,2.8655797709729356,0.7949466215308498,0.7949466215308498,0.7229343982628323,0.7229343982628323,-0.08,23.005390496014627,7.919999999999998,2.464484911550468,5.92,50.152429104204614,10.213054789681411,0.0,0.0,0.0,0.0,0.0,0.0,0.0,0.0,0.0,20.771211599071872,6.4208216229260096,11.70501719873199,10.213054789681411,0.0,0.0,38.89705042072987,0.0,0.0,0.0,0.0,0.0,0.0,21.918071988413402,0.0,0.0,27.19203322199788,0.0,0.0,40.46,11.70501719873199,0.0,0.0,6.4208216229260096,0.0,0.0,20.771211599071872,0.0,0.0,10.213054789681411,0.0,0.0,17.75604166666667,-0.7280092592592593,0.0,0.0,0.030092592592592116,5.0252083333333335,0.0,1.0,8,2,2,0,0,0,0,0,0,2,2,2,2,0,0,0,0,0.5282,32.59559999999998,0,2,1,0,0,0,0,0,0,0,0,0,0,0,0,0,0,0,0,0,0,0,0,0,0,0
CCC(C)(O)CC,4.322,9.131944444444445,-0.4166666666666665,9.131944444444445,0.4166666666666665,0.5606097975915726,102.17699999999998,88.06499999999998,102.104465068,44,0.06141295148533153,-0.3902053852586639,0.3902053852586639,0.06141295148533153,1.2857142857142858,1.5714285714285714,1.5714285714285714,16.28191631524053,10.011953327044699,2.1171196627897637,-2.167858821564834,2.106455512296916,-2.1978305581045676,4.6514639060656195,0.052109618116603855,3.3604351426960575,42.14170945007629,5.914213562373096,5.361427157873052,5.361427157873052,3.121320343559643,2.8449271413096215,2.8449271413096215,2.2040481261399116,2.2040481261399116,1.5233345472033855,1.5233345472033855,0.24999999999999994,0.24999999999999994,-0.04,26.838740541269832,6.96,2.3141072195146584,2.6311409395973158,45.35819535200859,5.106527394840706,0.0,0.0,0.0,0.0,0.0,0.0,0.0,0.0,13.847474399381248,19.765380445542643,0.0,5.601050810983688,5.106527394840706,0.0,0.0,39.21390565590758,0.0,0.0,0.0,0.0,0.0,0.0,10.707578205824394,0.0,0.0,33.61285484492389,0.0,0.0,20.23,5.601050810983688,0.0,0.0,0.0,12.841643245852019,0.0,0.0,20.771211599071872,0.0,5.106527394840706,0.0,0.0,9.131944444444445,-0.4166666666666665,0.0,0.0,1.7013888888888888,5.833333333333333,0.0,1.0,7,1,1,0,0,0,0,0,0,1,1,1,2,0,0,0,0,1.5574,31.205799999999982,0,1,0,0,0,0,0,0,0,0,0,0,0,0,0,0,0,0,0,0,0,0,0,0,0,0
CC(=O)CC(C)C,13.11,10.254166666666666,0.2870370370370374,10.254166666666666,0.2870370370370374,0.5150193170931499,100.16099999999999,88.06499999999998,100.088815004,42,0.12959512117371577,-0.3000199627172533,0.3000199627172533,0.12959512117371577,1.5714285714285714,2.0,2.0,16.137215822963526,10.097599154108243,1.9480787956992192,-1.9512962259758149,1.9728827182579025,-1.9495066129849994,5.750462716241895,-0.11716490653845865,3.126006652390634,64.58027134782355,5.8618073195657985,5.192705340840036,5.192705340840036,3.125897657686229,2.6206263646683197,2.6206263646683197,2.299986098471895,2.299986098471895,0.6957057690291278,0.6957057690291278,0.5749149571305298,0.5749149571305298,-0.33,19.093583929800843,6.670000000000001,2.779490232395047,5.669999999999999,44.72548369985634,4.794537184071822,5.783244946364939,0.0,0.0,0.0,0.0,0.0,0.0,0.0,13.847474399381248,12.841643245852017,6.4208216229260096,0.0,4.794537184071822,5.783244946364939,5.917906046161393,27.19203322199788,0.0,0.0,0.0,0.0,0.0,0.0,5.783244946364939,4.794537184071822,5.917906046161393,27.19203322199788,0.0,0.0,17.07,0.0,4.794537184071822,5.783244946364939,5.917906046161393,6.4208216229260096,0.0,6.923737199690624,13.847474399381248,0.0,0.0,0.0,10.254166666666666,0.0,0.0,0.8125000000000002,0.0,0.7222222222222221,5.711111111111111,0.0,0.8333333333333334,7,0,1,0,0,0,0,0,0,1,0,1,2,0,0,0,0,1.6215,30.13599999999998,0,0,0,0,0,0,1,1,0,0,0,0,0,0,0,0,0,1,1,0,0,0,0,0,0,0
CC(C)C(=O)OC(=O)C(C)C,13.6,10.814629629629628,-0.45490740740740754,10.814629629629628,0.23824074074074075,0.4499801391391512,158.19699999999997,144.08499999999998,158.094294308,64,0.3155182135501634,-0.39276162724339664,0.39276162724339664,0.3155182135501634,0.9090909090909091,1.1818181818181819,1.3636363636363635,16.579359456853737,10.192917734798922,2.1561539525183258,-2.057846368802075,2.0079862369614814,-2.2002542571738832,5.866700857409992,-0.16364372160116405,3.8624101150224392,140.72010581370304,9.01650785794505,7.379445409770842,7.379445409770842,4.947264862732148,3.7032479268758554,3.7032479268758554,3.0495343368321675,3.0495343368321675,1.143993505113155,1.143993505113155,0.3348458191359676,0.3348458191359676,-0.8600000000000001,169.85318124863062,10.14,4.10920333614693,3.754674019900145,66.73043525820019,4.736862953800049,0.0,0.0,0.0,11.938610575903699,9.589074368143644,0.0,0.0,0.0,27.694948798762496,0.0,0.0,11.835812092322787,14.325937321943691,11.938610575903699,11.835812092322787,27.694948798762496,0.0,0.0,0.0,0.0,0.0,0.0,11.938610575903699,14.325937321943691,11.835812092322787,27.694948798762496,0.0,0.0,43.370000000000005,11.938610575903699,9.589074368143644,11.835812092322787,0.0,0.0,0.0,27.694948798762496,0.0,4.736862953800049,0.0,4.49537037037037,21.629259259259257,0.0,0.0,-1.3862962962962961,0.0,0.0,6.761666666666667,0.0,0.75,11,0,3,0,0,0,0,0,0,3,0,3,2,0,0,0,0,1.3681999999999999,40.775000000000006,0,0,0,0,0,0,2,2,0,0,0,0,0,0,2,1,0,0,0,0,0,0,0,0,0,0
CC(C)CO,17.93,8.143518518518519,0.3055555555555556,8.143518518518519,0.3055555555555556,0.4834802442445536,74.12299999999999,64.04299999999999,74.07316494,32,0.045348803787554154,-0.39610984383746906,0.39610984383746906,0.045348803787554154,1.6,1.8,1.8,16.250822345185263,10.248648690795427,1.81069746698569,-1.895920975847972,1.8300960747109434,-1.9021634047053195,4.318960271531586,0.2479626892715294,2.5395388613593903,17.609640474436812,4.284457050376173,3.731670645876131,3.731670645876131,2.270055610029662,1.8791765948599526,1.8791765948599526,1.5764210359524071,1.5764210359524071,0.3651483716701107,0.3651483716701107,0.0,0.0,-0.04,9.65148445440323,4.960000000000001,2.212525252525253,3.9600000000000004,32.62831112321538,5.106527394840706,0.0,0.0,0.0,0.0,0.0,0.0,0.0,0.0,13.847474399381248,5.917906046161393,6.606881964512918,0.0,5.106527394840706,0.0,5.917906046161393,13.847474399381248,6.606881964512918,0.0,0.0,0.0,0.0,0.0,11.713409359353623,0.0,5.917906046161393,13.847474399381248,0.0,0.0,20.23,0.0,0.0,0.0,12.52478801067431,0.0,0.0,0.0,13.847474399381248,0.0,5.106527394840706,0.0,0.0,8.143518518518519,0.0,0.43981481481481466,0.0,0.0,4.25,0.0,1.0,5,1,1,0,0,0,0,0,0,1,1,1,1,0,0,0,0,0.6347,21.923799999999996,0,1,1,0,0,0,0,0,0,0,0,0,0,0,0,0,0,0,0,0,0,0,0,0,0,0
CC(C)(C)O,12.47,8.520833333333332,-0.5,8.520833333333332,0.5,0.4498276567484776,74.12299999999999,64.04299999999999,74.07316494,32,0.05632585341065862,-0.3907600879079809,0.3907600879079809,0.05632585341065862,1.2,1.2,1.2,16.27984148257892,10.191955772566992,1.974011306289054,-2.041982881014427,1.9294032058885513,-2.0955514074936135,4.504159461784884,0.10158908055418193,3.0237157840738176,19.11941547876375,4.5,3.947213595499958,3.947213595499958,2.0,1.723606797749979,1.723606797749979,2.170820393249937,2.170820393249937,0.0,0.0,0.0,0.0,-0.04,3.6096404744368114,4.960000000000001,0.9767560019818928,9507.96,32.62831112321538,5.106527394840706,0.0,0.0,0.0,0.0,0.0,0.0,0.0,0.0,0.0,20.771211599071872,0.0,5.601050810983688,5.106527394840706,0.0,0.0,26.37226241005556,0.0,0.0,0.0,0.0,0.0,0.0,10.707578205824394,0.0,0.0,20.771211599071872,0.0,0.0,20.23,5.601050810983688,0.0,0.0,0.0,0.0,0.0,20.771211599071872,0.0,0.0,5.106527394840706,0.0,0.0,8.520833333333332,-0.5,0.0,0.0,0.0,5.229166666666667,0.0,1.0,5,1,1,0,0,0,0,0,0,1,1,1,0,0,0,0,0,0.7771999999999999,21.971799999999995,0,1,0,0,0,0,0,0,0,0,0,0,0,0,0,0,0,0,0,0,0,0,0,0,0,0
O=C(Oc1cccc2ccccc12)c1ccccc1O,6.3,12.096377078609223,-0.5699508692365833,12.096377078609223,0.08542900184765223,0.5658834329489506,264.28,252.18399999999994,264.07864424400003,98,0.34683318080374653,-0.5070525222235092,0.5070525222235092,0.34683318080374653,0.85,1.55,2.4,16.53678493012433,10.1078302132031,2.1350402144955116,-2.080374612311608,2.2658894627809913,-2.0834524781577763,5.9664528977594475,0.07338012135631285,1.9789232769760297,772.5469446867364,13.94938298937633,10.61456313751357,10.61456313751357,9.754020195423491,6.2346967076813185,6.2346967076813185,4.383953251438821,4.383953251438821,3.0762502272068897,3.0762502272068897,2.085788365027305,2.085788365027305,-2.809999999999999,53866.22200411376,12.23544093091737,5.052938138047801,2.2114147809396623,115.60440505343948,9.843390348640755,17.062475158264807,0.0,0.0,5.969305287951849,0.0,4.794537184071822,0.0,0.0,48.53093654769288,23.585325419849624,5.386224214464796,0.0,14.637927532712576,16.74175371688144,0.0,0.0,0.0,72.29348924477472,11.49902366656781,4.736862953800049,0.0,11.49902366656781,11.075832682792555,0.0,0.0,10.357988675768818,66.73003775307771,10.772448428929591,46.53,5.969305287951849,9.901064578912528,11.3129633249809,5.749511833283905,10.772448428929591,12.13273413692322,18.19910120538483,36.39820241076966,0.0,4.736862953800049,5.395601851851852,12.096377078609223,11.526808337532545,0.15317979969765694,-0.17264555513563407,19.50067848744436,0.0,0.0,0.0,0.0,20,1,3,0,0,0,3,0,3,3,1,3,2,0,0,0,3,3.764600000000002,77.01330000000003,0,0,0,1,0,0,1,1,0,0,0,3,1,0,1,1,0,0,0,0,0,1,1,1,0,0
CCCCCCCCCO,8.83,8.468954790249434,0.36882716049382713,8.468954790249434,0.36882716049382713,0.5446193762686498,144.258,124.09799999999997,144.15141526,62,0.04305240722888908,-0.39637656934228244,0.39637656934228244,0.04305240722888908,0.8,1.3,1.8,16.249925222858444,10.106046944196422,1.87502819430455,-1.9699260433180419,2.053292839740624,-1.8272204641447032,4.428013034612784,0.2820281809206044,2.6476048489438337,44.68995593589281,7.6568542494923815,7.10406784499234,7.10406784499234,4.914213562373096,4.523334547203385,4.523334547203385,2.8449271413096207,2.8449271413096207,1.7616672736016925,1.7616672736016925,1.0689101800615364,1.0689101800615364,-0.04,175.07674799821407,9.96,8.960000000000003,7.960000000000003,64.45302169519843,5.106527394840706,0.0,0.0,0.0,0.0,0.0,0.0,0.0,0.0,45.448666937246685,6.4208216229260096,6.606881964512918,0.0,5.106527394840706,0.0,0.0,51.8694885601727,6.606881964512918,0.0,0.0,0.0,0.0,0.0,11.713409359353623,0.0,0.0,51.8694885601727,0.0,0.0,20.23,0.0,0.0,0.0,6.606881964512918,6.4208216229260096,38.524929737556064,0.0,0.0,6.923737199690624,5.106527394840706,0.0,0.0,8.468954790249434,0.0,0.0,0.0,8.93233418367347,2.5987110260770976,0.0,1.0,10,1,1,0,0,0,0,0,0,1,1,1,7,0,0,0,0,2.7293000000000016,45.078800000000015,0,1,1,0,0,0,0,0,0,0,0,0,0,0,0,0,0,0,0,0,0,0,0,0,0,5
CCCCCC(O)CCC,3.69,9.275799319727891,-0.030972222222222623,9.275799319727891,0.030972222222222623,0.5682059195571066,144.25799999999998,124.09799999999997,144.15141526,62,0.053974649812272686,-0.3931315661292135,0.3931315661292135,0.053974649812272686,1.0,1.7,2.2,16.26568150236666,10.075854469734022,1.9955579566206387,-2.0651524605381426,2.06642026254254,-2.041806977259948,4.53274611415079,0.1499069654535532,2.968015041036938,61.74860596185444,7.819990956308912,7.26720455180887,7.26720455180887,4.808060412490447,4.488909033047982,4.488909033047982,2.9382805566410966,2.9382805566410966,1.762799850631042,1.762799850631042,1.1075233849152588,1.1075233849152588,-0.04,149.45355810759327,9.96,7.071607142857144,6.08562814070352,64.45302169519842,5.106527394840706,0.0,0.0,0.0,0.0,0.0,0.0,0.0,0.0,39.53076089108528,12.841643245852019,0.0,6.103966387748303,5.106527394840706,0.0,0.0,58.476370524685606,0.0,0.0,0.0,0.0,0.0,0.0,11.210493782589008,0.0,0.0,52.372404136937305,0.0,0.0,20.23,0.0,5.106527394840706,6.103966387748303,0.0,19.26246486877803,19.26246486877803,0.0,0.0,13.847474399381248,0.0,0.0,0.0,9.275799319727891,0.0,0.0,0.0,6.756698318216175,4.300835695389267,0.0,1.0,10,1,1,0,0,0,0,0,0,1,1,1,6,0,0,0,0,2.7277000000000013,45.05680000000002,0,1,1,0,0,0,0,0,0,0,0,0,0,0,0,0,0,0,0,0,0,0,0,0,0,1
CCCCC(O)CCCC,3.54,9.311388888888889,-0.027870370370370656,9.311388888888889,0.027870370370370656,0.6074078001069999,144.25799999999998,124.09799999999997,144.15141526,62,0.05398442695800063,-0.39313138539122416,0.39313138539122416,0.05398442695800063,1.0,1.4,1.7,16.265687311853082,10.073123982891792,2.0007563739223757,-2.0696540266223358,2.0677139016578465,-2.045762359444708,4.537840143344512,0.14850795278049309,2.998419094375296,53.748605961854445,7.819990956308912,7.26720455180887,7.26720455180887,4.808060412490447,4.488909033047982,4.488909033047982,2.9382805566410966,2.9382805566410966,1.7818022518614345,1.7818022518614345,1.0238351781911375,1.0238351781911375,-0.04,157.20912659259116,9.96,7.071607142857144,6.08562814070352,64.45302169519843,5.106527394840706,0.0,0.0,0.0,0.0,0.0,0.0,0.0,0.0,39.53076089108528,12.841643245852019,0.0,6.103966387748303,5.106527394840706,0.0,0.0,58.476370524685606,0.0,0.0,0.0,0.0,0.0,0.0,11.210493782589008,0.0,0.0,52.372404136937305,0.0,0.0,20.23,0.0,5.106527394840706,6.103966387748303,0.0,12.841643245852019,25.683286491704038,0.0,0.0,13.847474399381248,0.0,0.0,0.0,9.311388888888889,0.0,0.0,0.0,6.703411281179138,4.318533163265306,0.0,1.0,10,1,1,0,0,0,0,0,0,1,1,1,6,0,0,0,0,2.7277000000000013,45.05680000000002,0,1,1,0,0,0,0,0,0,0,0,0,0,0,0,0,0,0,0,0,0,0,0,0,0,0
CCCCCCCC(C)=O,9.14,10.47643857079869,0.33009117535903276,10.47643857079869,0.33009117535903276,0.5209988837775532,142.242,124.09799999999997,142.135765196,60,0.1293399502822649,-0.30003102349469607,0.30003102349469607,0.1293399502822649,1.1,1.7,2.2,16.137170745825955,10.103367379181853,1.9169611695626567,-1.9538498718442892,2.040486319932213,-1.8820993795703351,5.747929218114287,-0.11663032624936387,2.8385891218139165,86.72905595320057,7.819990956308912,7.150888977583149,7.150888977583149,4.770055610029662,4.2647843170117525,4.2647843170117525,2.866228665495706,2.866228665495706,1.632392158505876,1.632392158505876,0.9774988695386135,0.9774988695386135,-0.33,142.19516056908168,9.67,6.785340253748558,7.669999999999999,63.820310043046184,4.794537184071822,5.783244946364939,0.0,0.0,0.0,0.0,0.0,0.0,0.0,32.60702369139466,13.344558822616634,6.4208216229260096,0.0,4.794537184071822,5.783244946364939,0.0,52.372404136937305,0.0,0.0,0.0,0.0,0.0,0.0,5.783244946364939,4.794537184071822,0.0,52.372404136937305,0.0,0.0,17.07,0.0,4.794537184071822,0.0,5.783244946364939,12.841643245852019,25.683286491704038,6.923737199690624,0.0,6.923737199690624,0.0,0.0,10.47643857079869,0.0,0.0,0.33009117535903276,0.0,6.994269652305366,3.8658672682035777,0.0,0.8888888888888888,10,0,1,0,0,0,0,0,0,1,0,1,6,0,0,0,0,2.935900000000002,44.057000000000016,0,0,0,0,0,0,1,1,0,0,0,0,0,0,0,0,0,1,1,0,0,0,0,0,0,3
CCCCC(=O)CCCC,10.6,10.960833333333333,0.4478703703703708,10.960833333333333,0.4478703703703708,0.5569438384242685,142.242,124.09799999999997,142.135765196,60,0.1324109690533248,-0.2997179119890417,0.2997179119890417,0.1324109690533248,1.0,1.4,1.7,16.13781222739311,10.092175792285381,1.9769800687816568,-1.956606876689818,2.0171976504364837,-1.955585409777226,5.776877878921645,-0.11879315542738499,3.0863484262353005,76.72905595320057,7.819990956308912,7.150888977583149,7.150888977583149,4.808060412490447,4.3254444887915735,4.3254444887915735,2.74578191578136,2.74578191578136,1.6183377076050263,1.6183377076050263,0.87289095789068,0.87289095789068,-0.33,157.20912659259116,9.67,6.785340253748558,5.8003780964797915,63.82031004304618,0.0,5.783244946364939,0.0,0.0,0.0,4.794537184071822,0.0,0.0,0.0,26.689117645233267,12.841643245852019,12.841643245852019,0.0,4.794537184071822,5.783244946364939,0.0,52.372404136937305,0.0,0.0,0.0,0.0,0.0,0.0,5.783244946364939,4.794537184071822,0.0,52.372404136937305,0.0,0.0,17.07,0.0,4.794537184071822,0.0,5.783244946364939,38.524929737556064,0.0,0.0,0.0,13.847474399381248,0.0,0.0,10.960833333333333,0.0,0.0,0.4478703703703708,0.0,6.021652021919879,4.236310941043084,0.0,0.8888888888888888,10,0,1,0,0,0,0,0,0,1,0,1,6,0,0,0,0,2.935900000000001,44.057000000000016,0,0,0,0,0,0,1,1,0,0,0,0,0,0,0,0,0,1,1,0,0,0,0,0,0,0
C=CCCCCCCC,2.18,3.678478757243638,1.1981292517006803,3.678478757243638,1.1981292517006803,0.3770196486235494,126.243,108.09899999999998,126.14085057599999,54,-0.03534129311518334,-0.10308297893627165,0.10308297893627165,0.03534129311518334,1.1111111111111112,1.7777777777777777,2.3333333333333335,13.90378720775012,10.123856936536356,1.8396979366427588,-1.9403354080595057,2.0374156000262946,-1.7425384630993326,4.64595821816273,0.6375309624059127,2.6638838873981836,55.058650025961626,6.949747468305834,6.527097737495458,6.527097737495458,4.414213562373095,4.023603362114273,4.023603362114273,2.4915638315627207,2.4915638315627207,1.5118016810571364,1.5118016810571364,0.8922285251880863,0.8922285251880863,-0.26,103.68791599331826,8.739999999999998,7.739999999999999,7.740000000000001,58.969184910818164,0.0,0.0,0.0,0.0,0.0,0.0,0.0,0.0,6.578935683598497,38.68304379822854,12.841643245852019,0.0,0.0,0.0,0.0,0.0,45.448666937246685,0.0,12.654955790432378,0.0,0.0,0.0,0.0,0.0,0.0,0.0,45.448666937246685,12.654955790432378,0.0,0.0,0.0,0.0,0.0,0.0,0.0,38.524929737556064,0.0,6.076020106833881,13.502672883289122,0.0,0.0,0.0,0.0,0.0,0.0,0.0,10.077968395691611,5.9220316043083905,0.0,0.7777777777777778,9,0,0,0,0,0,0,0,0,0,0,0,6,0,0,0,0,3.5329000000000024,43.573000000000015,0,0,0,0,0,0,0,0,0,1,0,0,0,0,0,0,0,0,0,0,0,0,0,0,0,4
CCCCCCC=CC(=O)O,2.5,10.001361410304863,-0.846767106533971,10.001361410304863,0.846767106533971,0.4737815410419873,156.225,140.09699999999998,156.115029752,64,0.32747555651043064,-0.47808199874234,0.47808199874234,0.32747555651043064,1.3636363636363635,2.090909090909091,2.6363636363636362,16.36452607251797,10.1433977350728,1.8594685650423657,-1.922266074604474,2.0185760307368885,-1.8500314391388928,5.790923523892997,-0.13095133451766436,3.071758115592961,127.52442279202945,8.52709773749546,7.0456963302758115,7.0456963302758115,5.270055610029662,4.165094482560468,4.165094482560468,2.5899419014256826,2.5899419014256826,1.4847723136835997,1.4847723136835997,0.8731158762270763,0.8731158762270763,-0.79,240.89588338167468,10.21,7.318577633007602,9.210000000000003,67.92494076305793,5.106527394840706,0.0,0.0,0.0,5.969305287951849,0.0,4.794537184071822,0.0,0.0,32.26222217530253,12.841643245852019,6.076020106833881,0.0,9.901064578912528,5.969305287951849,0.0,39.02784531432067,0.0,12.152040213667762,0.0,0.0,0.0,0.0,11.075832682792555,4.794537184071822,0.0,39.02784531432067,12.152040213667762,0.0,37.3,5.969305287951849,4.794537184071822,0.0,0.0,12.841643245852019,25.33848497561191,6.076020106833881,0.0,6.923737199690624,5.106527394840706,0.0,10.001361410304863,8.2293714569161,0.0,-0.846767106533971,0.0,8.622891235197784,2.159809670781893,0.0,0.6666666666666666,11,1,2,0,0,0,0,0,0,1,1,2,6,0,0,0,0,2.5976,45.53480000000001,1,0,0,0,1,1,1,0,0,1,0,0,0,0,0,0,0,0,0,0,0,0,0,0,0,3
CCCCCCCCCOC(C)=O,3.87,10.395565955759409,-0.16112686574221535,10.395565955759409,0.16112686574221535,0.4292208034093734,186.295,164.11899999999997,186.161979944,78,0.30212286792610354,-0.46587768666799095,0.46587768666799095,0.30212286792610354,1.0,1.5384615384615385,2.076923076923077,16.53145782385646,10.105381478586878,1.9278789779066037,-2.011906134416879,2.061170359064326,-1.9948469085377953,5.653186488829419,-0.1405740922230064,2.8729187591669154,121.25868639907948,9.941311299868556,8.973350830420108,8.973350830420108,6.270055610029663,5.404030206245223,5.404030206245223,3.4613636798861767,3.4613636798861767,2.0532161629029315,2.0532161629029315,1.2750663767338486,1.2750663767338486,-0.53,673.2349289501077,12.47,9.557183958151702,11.47,81.66373950134629,4.736862953800049,0.0,0.0,0.0,5.969305287951849,4.794537184071822,0.0,0.0,0.0,45.448666937246685,6.4208216229260096,6.923737199690624,6.606881964512918,9.53140013787187,5.969305287951849,0.0,58.79322575986332,6.606881964512918,0.0,0.0,0.0,0.0,0.0,12.576187252464766,9.53140013787187,0.0,58.79322575986332,0.0,0.0,26.3,0.0,4.794537184071822,5.969305287951849,6.606881964512918,6.4208216229260096,45.448666937246685,0.0,0.0,6.923737199690624,4.736862953800049,4.830646573444192,10.395565955759409,0.0,0.0,-0.16112686574221535,0.0,8.818784244388501,4.28279675881678,0.0,0.9090909090909091,13,0,2,0,0,0,0,0,0,2,0,2,8,0,0,0,0,3.3001000000000023,54.62600000000005,0,0,0,0,0,0,1,1,0,0,0,0,0,0,1,1,0,0,0,0,0,0,0,0,0,6
CCCCCCCCO,10.3,8.42278195074326,0.3671875,8.42278195074326,0.3671875,0.5470483699238978,130.23100000000002,112.08699999999997,130.135765196,56,0.04305240722887934,-0.3963765693422825,0.3963765693422825,0.04305240722887934,0.8888888888888888,1.4444444444444444,2.0,16.24992446165915,10.127401577099874,1.858126841561492,-1.952908261540892,2.030494638054405,-1.8210083240349728,4.4101918633492065,0.28209872716679824,2.595082706793886,37.832293921787276,6.949747468305834,6.396961063805792,6.396961063805792,4.414213562373095,4.023334547203385,4.023334547203385,2.491373750716347,2.491373750716347,1.5116672736016925,1.5116672736016925,0.8921334847648997,0.8921334847648997,-0.04,103.68791599331826,8.960000000000003,7.960000000000003,7.9600000000000035,58.08807958080182,5.106527394840706,0.0,0.0,0.0,0.0,0.0,0.0,0.0,0.0,39.02784531432067,6.4208216229260096,6.606881964512918,0.0,5.106527394840706,0.0,0.0,45.448666937246685,6.606881964512918,0.0,0.0,0.0,0.0,0.0,11.713409359353623,0.0,0.0,45.448666937246685,0.0,0.0,20.23,0.0,0.0,0.0,6.606881964512918,6.4208216229260096,32.10410811463005,0.0,0.0,6.923737199690624,5.106527394840706,0.0,0.0,8.42278195074326,0.0,0.0,0.0,7.495702239229025,2.5815158100277147,0.0,1.0,9,1,1,0,0,0,0,0,0,1,1,1,6,0,0,0,0,2.3392000000000013,40.461800000000004,0,1,1,0,0,0,0,0,0,0,0,0,0,0,0,0,0,0,0,0,0,0,0,0,0,4
CCCCCCC(C)O,8.13,8.851697845804988,-0.0955035903250192,8.851697845804988,0.0955035903250192,0.5662247345927632,130.231,112.08699999999997,130.135765196,56,0.05116668312937806,-0.393419269033318,0.393419269033318,0.05116668312937806,1.2222222222222223,1.8888888888888888,2.3333333333333335,16.26466478134419,10.113938153399081,1.9271613494171287,-2.008049197360261,2.0365084922133314,-1.9735154225765954,4.46735597841861,0.18009857275322552,2.746690906857495,50.52932501298081,7.112884175122364,6.560097770622322,6.560097770622322,4.270055610029662,3.9509042305871973,3.9509042305871973,2.698356672420713,2.698356672420713,1.4754521152935984,1.4754521152935984,0.8665255007435023,0.8665255007435023,-0.04,84.62711413110172,8.960000000000003,6.08562814070352,7.9600000000000035,58.08807958080181,5.106527394840706,0.0,0.0,0.0,0.0,0.0,0.0,0.0,0.0,32.60702369139466,13.344558822616634,0.0,6.103966387748303,5.106527394840706,0.0,0.0,52.05554890175959,0.0,0.0,0.0,0.0,0.0,0.0,11.210493782589008,0.0,0.0,45.95158251401129,0.0,0.0,20.23,0.0,0.0,6.103966387748303,0.0,6.4208216229260096,25.683286491704038,0.0,6.923737199690624,6.923737199690624,5.106527394840706,0.0,0.0,8.851697845804988,0.0,0.0,0.0,5.93171485260771,4.049920634920635,0.0,1.0,9,1,1,0,0,0,0,0,0,1,1,1,5,0,0,0,0,2.3376000000000006,40.439800000000005,0,1,1,0,0,0,0,0,0,0,0,0,0,0,0,0,0,0,0,0,0,0,0,0,0,2
CCCCCC(O)CC,5.55,9.084549319727891,-0.04486111111111146,9.084549319727891,0.04486111111111146,0.5662247345927631,130.23099999999997,112.08699999999997,130.135765196,56,0.05372202737458578,-0.3931422119493265,0.3931422119493265,0.05372202737458578,1.2222222222222223,1.8888888888888888,2.3333333333333335,16.26561149832913,10.10042484279721,1.9704207422536548,-2.042857763718714,2.042669084433835,-2.024042526197083,4.507194665877332,0.1564782818940715,2.8766225950797444,52.52932501298081,7.112884175122364,6.560097770622322,6.560097770622322,4.308060412490447,3.988909033047982,3.988909033047982,2.557853712510147,2.557853712510147,1.6121504463605854,1.6121504463605854,0.8340863727442719,0.8340863727442719,-0.04,94.26737928973323,8.960000000000003,6.08562814070352,5.836965253005683,58.088079580801804,5.106527394840706,0.0,0.0,0.0,0.0,0.0,0.0,0.0,0.0,33.10993926815928,12.841643245852019,0.0,6.103966387748303,5.106527394840706,0.0,0.0,52.05554890175959,0.0,0.0,0.0,0.0,0.0,0.0,11.210493782589008,0.0,0.0,45.95158251401129,0.0,0.0,20.23,0.0,0.0,6.103966387748303,0.0,12.841643245852019,19.26246486877803,0.0,6.923737199690624,6.923737199690624,5.106527394840706,0.0,0.0,9.084549319727891,0.0,0.0,0.0,5.545471466364323,4.203312547241119,0.0,1.0,9,1,1,0,0,0,0,0,0,1,1,1,5,0,0,0,0,2.3376,40.439800000000005,0,1,1,0,0,0,0,0,0,0,0,0,0,0,0,0,0,0,0,0,0,0,0,0,0,1
CCCCC(O)CCC,4.48,9.180277777777778,-0.03245370370370404,9.180277777777778,0.03245370370370404,0.605289928470367,130.23099999999997,112.08699999999997,130.135765196,56,0.05397447731079189,-0.3931315675852373,0.3931315675852373,0.05397447731079189,1.1111111111111112,1.7777777777777777,2.2222222222222223,16.265679575395048,10.092935737605549,1.9872105438288583,-2.0567687878844447,2.0462771555313353,-2.038979949616939,4.5233155469396324,0.15049798758537428,2.9548225727898,52.52932501298081,7.112884175122364,6.560097770622322,6.560097770622322,4.308060412490447,3.988909033047982,3.988909033047982,2.584727166047823,2.584727166047823,1.512799850631042,1.512799850631042,0.917309962849784,0.917309962849784,-0.04,90.44046466047871,8.960000000000003,6.08562814070352,5.836965253005683,58.08807958080182,5.106527394840706,0.0,0.0,0.0,0.0,0.0,0.0,0.0,0.0,33.10993926815928,12.841643245852019,0.0,6.103966387748303,5.106527394840706,0.0,0.0,52.05554890175959,0.0,0.0,0.0,0.0,0.0,0.0,11.210493782589008,0.0,0.0,45.95158251401129,0.0,0.0,20.23,0.0,5.106527394840706,6.103966387748303,0.0,19.26246486877803,12.841643245852019,0.0,0.0,13.847474399381248,0.0,0.0,0.0,9.180277777777778,0.0,0.0,0.0,5.395286281179137,4.257769274376417,0.0,1.0,9,1,1,0,0,0,0,0,0,1,1,1,5,0,0,0,0,2.3376,40.439800000000005,0,1,1,0,0,0,0,0,0,0,0,0,0,0,0,0,0,0,0,0,0,0,0,0,0,0
CCCCCCC(C)=O,9.51,10.40689767573696,0.32509542705971306,10.40689767573696,0.32509542705971306,0.519888284177327,128.215,112.08699999999997,128.120115132,54,0.12933995027687056,-0.30003102349470656,0.30003102349470656,0.12933995027687056,1.2222222222222223,1.8888888888888888,2.3333333333333335,16.137169920162368,10.12400443373838,1.906728459467547,-1.9319854659029887,2.013317930917894,-1.8783638035314085,5.747923720185074,-0.11663014704017016,2.828868134909685,76.63682062300136,7.112884175122364,6.443782196396601,6.443782196396601,4.270055610029662,3.7647843170117525,3.7647843170117525,2.512675274902433,2.512675274902433,1.382392158505876,1.382392158505876,0.8007221742419768,0.8007221742419768,-0.33,84.62711413110172,8.67,5.8003780964797915,7.670000000000001,57.45536792864957,4.794537184071822,5.783244946364939,0.0,0.0,0.0,0.0,0.0,0.0,0.0,26.186202068468653,13.344558822616634,6.4208216229260096,0.0,4.794537184071822,5.783244946364939,0.0,45.95158251401129,0.0,0.0,0.0,0.0,0.0,0.0,5.783244946364939,4.794537184071822,0.0,45.95158251401129,0.0,0.0,17.07,0.0,4.794537184071822,0.0,5.783244946364939,12.841643245852019,19.26246486877803,6.923737199690624,0.0,6.923737199690624,0.0,0.0,10.40689767573696,0.0,0.0,0.32509542705971306,0.0,5.6016250944822366,3.833048469387755,0.0,0.875,9,0,1,0,0,0,0,0,0,1,0,1,5,0,0,0,0,2.5458000000000007,39.440000000000005,0,0,0,0,0,0,1,1,0,0,0,0,0,0,0,0,0,1,1,0,0,0,0,0,0,2
CCCCCC(=O)CC,10.5,10.686624149659863,0.4059722222222226,10.686624149659863,0.4059722222222226,0.5198882841773269,128.21499999999997,112.08699999999997,128.120115132,54,0.13213642248814716,-0.29972928053425624,0.29972928053425624,0.13213642248814716,1.2222222222222223,1.8888888888888888,2.3333333333333335,16.137759762849072,10.117424867352259,1.9451668105018318,-1.9343821809500008,2.0007598936775453,-1.9282873551389577,5.773572379658575,-0.11838100061244548,2.9730624080867365,76.63682062300136,7.112884175122364,6.443782196396601,6.443782196396601,4.308060412490447,3.825444488791574,3.825444488791574,2.349335306374634,2.349335306374634,1.4535064210999196,1.4535064210999196,0.7489454789453399,0.7489454789453399,-0.33,94.26737928973323,8.67,5.8003780964797915,5.542552479382498,57.455367928649565,0.0,5.783244946364939,0.0,0.0,0.0,4.794537184071822,0.0,0.0,0.0,26.689117645233267,6.4208216229260096,12.841643245852019,0.0,4.794537184071822,5.783244946364939,0.0,45.95158251401129,0.0,0.0,0.0,0.0,0.0,0.0,5.783244946364939,4.794537184071822,0.0,45.95158251401129,0.0,0.0,17.07,0.0,4.794537184071822,0.0,12.204066569290948,12.841643245852019,12.841643245852019,0.0,6.923737199690624,6.923737199690624,0.0,0.0,10.686624149659863,0.0,0.0,0.4059722222222226,0.0,4.999962207105064,4.074108087679516,0.0,0.875,9,0,1,0,0,0,0,0,0,1,0,1,5,0,0,0,0,2.5458000000000007,39.440000000000005,0,0,0,0,0,0,1,1,0,0,0,0,0,0,0,0,0,1,1,0,0,0,0,0,0,1
C=CCCCCCC,2.113,3.6583205782312924,1.1944444444444444,3.6583205782312924,1.1944444444444444,0.37835862251165964,112.216,96.08799999999998,112.12520051199999,48,-0.03534129448857064,-0.10308297893628117,0.10308297893628117,0.03534129448857064,1.25,2.0,2.5,13.875003374045285,10.15183316983208,1.8108044235579352,-1.9125180049178578,2.008831037622816,-1.714366086833646,4.644688407290809,0.6746866231140507,2.6162930904179853,46.0,6.242640687119286,5.81999095630891,5.81999095630891,3.914213562373095,3.5236033621142733,3.5236033621142733,2.1380104409694467,2.1380104409694467,1.2618016810571364,1.2618016810571364,0.7154518298914495,0.7154518298914495,-0.26,61.499612265106904,7.739999999999999,6.74,5.740000000000001,52.60424279642155,0.0,0.0,0.0,0.0,0.0,0.0,0.0,0.0,6.578935683598497,32.26222217530253,12.841643245852019,0.0,0.0,0.0,0.0,0.0,39.02784531432067,0.0,12.654955790432378,0.0,0.0,0.0,0.0,0.0,0.0,0.0,39.02784531432067,12.654955790432378,0.0,0.0,0.0,0.0,0.0,0.0,0.0,32.10410811463005,0.0,6.076020106833881,13.502672883289122,0.0,0.0,0.0,0.0,0.0,0.0,0.0,8.611609977324264,5.888390022675736,0.0,0.75,8,0,0,0,0,0,0,0,0,0,0,0,5,0,0,0,0,3.142800000000002,38.956,0,0,0,0,0,0,0,0,0,1,0,0,0,0,0,0,0,0,0,0,0,0,0,0,0,3
CCC=CCCCC,2.062,2.267361111111111,1.1842403628117912,2.267361111111111,1.1842403628117912,0.3868985709366228,112.21600000000001,96.08799999999998,112.12520051199999,48,-0.03508370882088122,-0.08881350195100242,0.08881350195100242,0.03508370882088122,1.125,1.875,2.375,13.80865274741346,10.218303836087108,1.7414933493372995,-1.8493306242795375,1.9442551059439654,-1.6461648632308603,4.787416677297078,0.8124650541980034,2.799731275638644,53.05865002596163,6.242640687119286,5.983127663125442,5.983127663125442,3.914213562373095,3.5640434766341547,3.5640434766341547,2.021881336442981,2.021881336442981,1.1267131295540542,1.1267131295540542,0.606493072294114,0.606493072294114,-0.26,61.499612265106904,7.739999999999999,6.74,5.740000000000001,52.60424279642154,0.0,0.0,0.0,0.0,0.0,0.0,0.0,0.0,0.0,38.84115785890103,12.841643245852019,0.0,0.0,0.0,0.0,0.0,39.53076089108528,0.0,12.152040213667762,0.0,0.0,0.0,0.0,0.0,0.0,0.0,39.53076089108528,12.152040213667762,0.0,0.0,0.0,0.0,0.0,0.0,0.0,25.683286491704038,0.0,0.0,25.99951461304901,0.0,0.0,0.0,0.0,0.0,0.0,0.0,9.608897392290249,4.391102607709751,0.0,0.75,8,0,0,0,0,0,0,0,0,0,0,0,4,0,0,0,0,3.142800000000002,38.956,0,0,0,0,0,0,0,0,0,2,0,0,0,0,0,0,0,0,0,0,0,0,0,0,0,1
CCCCCCCCOC(C)=O,4.18,10.356711502132228,-0.1633720448055762,10.356711502132228,0.1633720448055762,0.43573251046428424,172.268,152.10799999999998,172.14632988,72,0.30212286792610354,-0.46587768666799095,0.46587768666799095,0.30212286792610354,1.0833333333333333,1.6666666666666667,2.25,16.531456515393504,10.126474119169023,1.9222434344949297,-2.0060400527173727,2.0412868890858684,-1.9946291106996286,5.653183900448133,-0.1405736424570642,2.86138733944056,110.40620687739316,9.234204518682008,8.26624404923356,8.26624404923356,5.770055610029663,4.904030206245223,4.904030206245223,3.107810289292903,3.107810289292903,1.8032161629029313,1.8032161629029313,1.0982896814372118,1.0982896814372118,-0.53,402.8484647807608,11.47,8.565510983763133,9.47,75.29879738694967,4.736862953800049,0.0,0.0,0.0,5.969305287951849,4.794537184071822,0.0,0.0,0.0,39.02784531432067,6.4208216229260096,6.923737199690624,6.606881964512918,9.53140013787187,5.969305287951849,0.0,52.372404136937305,6.606881964512918,0.0,0.0,0.0,0.0,0.0,12.576187252464766,9.53140013787187,0.0,52.372404136937305,0.0,0.0,26.3,0.0,4.794537184071822,5.969305287951849,6.606881964512918,6.4208216229260096,39.02784531432067,0.0,0.0,6.923737199690624,4.736862953800049,4.80947373393802,10.356711502132228,0.0,0.0,-0.1633720448055762,0.0,7.402541545939363,4.261311929462632,0.0,0.9,12,0,2,0,0,0,0,0,0,2,0,2,7,0,0,0,0,2.910000000000002,50.009000000000036,0,0,0,0,0,0,1,1,0,0,0,0,0,0,1,1,0,0,0,0,0,0,0,0,0,5
CCCCCCCCc1ccccc1,2.26,2.267826252414546,1.2569097222222223,2.267826252414546,1.2569097222222223,0.551586623038264,190.33000000000004,168.15399999999997,190.172150704,78,-0.02788722793931699,-0.0653823832227824,0.0653823832227824,0.02788722793931699,0.7857142857142857,1.4285714285714286,2.142857142857143,13.978789560046257,10.052988083096889,1.9186783356042276,-2.007251112247707,2.0872151570670963,-1.8480177108105549,5.1389217625975085,0.607347501046157,1.992370638117442,212.73973650167846,10.0626316434282,9.336498814253964,9.336498814253964,6.931851652578136,5.971343774302779,5.971343774302779,4.003365512619857,4.003365512619857,2.6618298825622113,2.6618298825622113,1.754131468964199,1.754131468964199,-0.78,1905.4994163510707,11.295642965204237,7.607776175470456,5.0590077375885185,88.35094003466985,0.0,0.0,0.0,0.0,0.0,0.0,0.0,0.0,0.0,69.35968065662873,18.405094737549014,0.0,0.0,0.0,0.0,0.0,51.8694885601727,0.0,35.89528683400505,0.0,0.0,0.0,0.0,0.0,6.4208216229260096,0.0,51.01211842894368,30.33183534230805,0.0,0.0,0.0,0.0,0.0,0.0,0.0,50.50920285217907,0.0,0.0,37.255572541998674,0.0,0.0,0.0,0.0,1.4888810416141767,0.0,10.807208966728716,9.602750405909225,2.267826252414546,0.0,0.5714285714285714,14,0,0,0,0,0,1,0,1,0,0,0,7,0,0,0,1,4.589600000000004,63.522000000000055,0,0,0,0,0,0,0,0,0,0,1,1,0,0,0,0,0,0,0,0,0,0,0,0,0,4
C=CC=CC,2.319,3.463611111111111,1.75,3.463611111111111,1.75,0.41051468223900506,68.119,60.05499999999999,68.062600256,28,-0.04667865804740985,-0.09907712715583529,0.09907712715583529,0.04667865804740985,1.6,2.2,2.2,13.498529479967459,10.52611232402891,1.4151736150000145,-1.5574088648214728,1.6413912313084935,-1.3310446241651446,4.9391985258988536,1.7431426022218086,2.924418198172918,42.0,4.121320343559642,3.4391575887554247,3.4391575887554247,2.414213562373095,1.6522652263201558,1.6522652263201558,0.7614856834587247,0.7614856834587247,0.3285328532178297,0.3285328532178297,0.13608276348795437,0.13608276348795437,-0.52,11.245112497836532,4.480000000000002,3.4800000000000018,3.4800000000000026,32.81981342104747,0.0,0.0,0.0,0.0,0.0,0.0,0.0,0.0,0.0,24.80699600410014,6.923737199690624,0.0,0.0,0.0,0.0,0.0,6.923737199690624,0.0,24.80699600410014,0.0,0.0,0.0,0.0,0.0,0.0,0.0,6.923737199690624,24.80699600410014,0.0,0.0,0.0,0.0,0.0,0.0,0.0,0.0,6.076020106833881,19.075777413358388,6.578935683598497,0.0,0.0,0.0,0.0,0.0,0.0,0.0,5.576388888888889,5.423611111111111,0.0,0.2,5,0,0,0,0,0,0,0,0,0,0,0,1,0,0,0,0,1.7485,25.01099999999999,0,0,0,0,0,0,0,0,0,3,0,0,0,0,0,0,0,0,0,0,0,0,0,0,0,0
CC(O)CCCO,26.74,8.57236111111111,-0.25726851851851906,8.57236111111111,0.18541666666666679,0.5343568186867893,104.149,92.05299999999998,104.083729624,44,0.051251282108353474,-0.396374842711442,0.396374842711442,0.051251282108353474,1.5714285714285714,2.142857142857143,2.2857142857142856,16.266385657679237,10.21921471720923,1.904837746840513,-1.975356397525024,1.9154078487680342,-1.990658159538382,4.4342086571668915,0.16671091250478506,2.6782577431647265,35.06139398862029,5.698670612749268,4.593097803749185,4.593097803749185,3.270055610029662,2.560025215417488,2.560025215417488,1.714856688984145,1.714856688984145,0.7800126077087438,0.7800126077087438,0.3866983310669868,0.3866983310669868,-0.08,29.01955000865388,6.92,4.088918918918919,5.920000000000001,43.787486989808,10.213054789681411,0.0,0.0,0.0,0.0,0.0,0.0,0.0,0.0,0.0,19.765380445542643,6.606881964512918,6.103966387748303,10.213054789681411,0.0,0.0,25.869346833290944,6.606881964512918,0.0,0.0,0.0,0.0,0.0,22.92390314194263,0.0,0.0,19.765380445542643,0.0,0.0,40.46,0.0,0.0,12.71084835226122,12.841643245852019,0.0,0.0,6.923737199690624,0.0,0.0,10.213054789681411,0.0,0.0,16.77638888888889,0.0,0.0,0.0,1.1536111111111107,1.9033333333333335,0.0,1.0,7,2,2,0,0,0,0,0,0,2,2,2,3,0,0,0,0,0.13970000000000005,28.000599999999988,0,2,2,0,0,0,0,0,0,0,0,0,0,0,0,0,0,0,0,0,0,0,0,0,0,0
OCCCCCO,26.2,8.21125,0.25,8.21125,0.25,0.4979883001019883,104.149,92.05299999999998,104.083729624,44,0.043053863150362574,-0.3963765571479563,0.3963765571479563,0.043053863150362574,0.7142857142857143,1.1428571428571428,1.4285714285714286,16.252450810735606,10.248447735721683,1.8121110909535931,-1.8961875657751461,1.8983467263436857,-1.8502512329671028,4.351664486747835,0.2565541131783405,2.447472887876344,25.26112492884004,5.535533905932738,4.4299610969326535,4.4299610969326535,3.414213562373095,2.6324555320336755,2.6324555320336755,1.5078737672797788,1.5078737672797788,0.8162277660168377,0.8162277660168377,0.4003834930466157,0.4003834930466157,-0.08,35.509609925153406,6.92,5.92,5.920000000000001,43.787486989808,10.213054789681411,0.0,0.0,0.0,0.0,0.0,0.0,0.0,0.0,0.0,19.26246486877803,13.213763929025836,0.0,10.213054789681411,0.0,0.0,19.26246486877803,13.213763929025836,0.0,0.0,0.0,0.0,0.0,23.426818718707246,0.0,0.0,19.26246486877803,0.0,0.0,40.46,0.0,0.0,13.213763929025836,0.0,19.26246486877803,0.0,0.0,0.0,0.0,10.213054789681411,0.0,0.0,16.4225,0.0,0.0,0.0,2.5775,0.5,0.0,1.0,7,2,2,0,0,0,0,0,0,2,2,2,4,0,0,0,0,0.14130000000000004,28.022599999999986,0,2,2,0,0,0,0,0,0,0,0,0,0,0,0,0,0,0,0,0,0,0,0,0,0,2
CCC(O)C(C)O,17.37,8.685185185185185,-0.5787037037037039,8.685185185185185,0.541666666666667,0.5227723514658118,104.14899999999999,92.053,104.083729624,44,0.07933033207891083,-0.3907270731744585,0.3907270731744585,0.07933033207891083,1.4285714285714286,1.8571428571428572,1.8571428571428572,16.32608898304481,10.174795271626436,2.0475704649802173,-2.080318928022027,1.9394367415886982,-2.2013434618406924,4.564446414750455,0.02938416655192437,3.1442082073698243,43.34481288877288,5.8618073195657985,4.756234510565715,4.756234510565715,3.1807392125526213,2.542436453667692,2.542436453667692,1.7161993567749008,1.7161993567749008,0.9751258271316858,0.9751258271316858,0.34111151573446186,0.34111151573446186,-0.08,27.977093296928835,6.92,2.9925383407397503,2.595675675675676,43.787486989808,10.213054789681411,0.0,0.0,0.0,0.0,0.0,0.0,0.0,0.0,6.923737199690624,13.344558822616634,0.0,12.207932775496605,10.213054789681411,0.0,0.0,32.476228797803856,0.0,0.0,0.0,0.0,0.0,0.0,22.420987565178017,0.0,0.0,20.268296022307258,0.0,0.0,40.46,12.207932775496605,0.0,0.0,6.4208216229260096,0.0,0.0,6.923737199690624,6.923737199690624,0.0,10.213054789681411,0.0,0.0,17.256064814814813,0.0,0.0,0.0,-0.4976851851851857,3.408287037037037,0.0,1.0,7,2,2,0,0,0,0,0,0,2,2,2,2,0,0,0,0,0.1381,27.97859999999999,0,2,2,0,0,0,0,0,0,0,0,0,0,0,0,0,0,0,0,0,0,0,0,0,0,0
CC(O)CC(C)O,24.69,8.562777777777779,-0.37500000000000044,8.562777777777779,0.3750000000000002,0.5227723514658118,104.14899999999999,92.05299999999998,104.083729624,44,0.053615023403694104,-0.3933174754384742,0.3933174754384742,0.053615023403694104,1.1428571428571428,1.4285714285714286,1.4285714285714286,16.281495090369148,10.191684183732285,1.9829284444264244,-2.036013331860748,1.9309974343278526,-2.095760493223313,4.5056078885081385,0.10167394822233625,2.9532231745612925,35.34481288877287,5.8618073195657985,4.756234510565715,4.756234510565715,3.125897657686229,2.4875948988012997,2.4875948988012997,1.933744992487675,1.933744992487675,0.6822230314689237,0.6822230314689237,0.49366122315251104,0.49366122315251104,-0.08,19.093583929800843,6.92,2.9925383407397503,5.920000000000001,43.787486989808,10.213054789681411,0.0,0.0,0.0,0.0,0.0,0.0,0.0,0.0,0.0,20.268296022307258,0.0,12.207932775496605,10.213054789681411,0.0,0.0,32.476228797803856,0.0,0.0,0.0,0.0,0.0,0.0,22.420987565178017,0.0,0.0,20.268296022307258,0.0,0.0,40.46,0.0,0.0,12.207932775496605,6.4208216229260096,0.0,0.0,13.847474399381248,0.0,0.0,10.213054789681411,0.0,0.0,17.125555555555557,0.0,0.0,0.0,-0.27777777777777835,3.318888888888889,0.0,1.0,7,2,2,0,0,0,0,0,0,2,2,2,2,0,0,0,0,0.1381,27.97859999999999,0,2,2,0,0,0,0,0,0,0,0,0,0,0,0,0,0,0,0,0,0,0,0,0,0,0
CC(=O)CC(C)=O,26.524,10.033333333333333,-0.06249999999999978,10.033333333333333,0.062499999999999556,0.4748220028701909,100.11699999999999,92.05299999999998,100.052429496,40,0.1366720688163241,-0.2995372651428887,0.2995372651428887,0.1366720688163241,1.1428571428571428,1.4285714285714286,1.4285714285714286,16.1474706125509,10.235939118755097,1.943015855029274,-1.8112933115385115,1.7982636963443523,-1.970244924187619,5.960965661422772,-0.12412565263964781,3.318019590380522,82.25327665163482,5.8618073195657985,4.523603362114274,4.523603362114274,3.125897657686229,2.1153550716504106,2.1153550716504106,1.5808069015418604,1.5808069015418604,0.49789095789068016,0.49789095789068016,0.35057704514348276,0.35057704514348276,-0.66,19.093583929800843,6.339999999999999,2.5023162734229616,5.34,42.52206368550351,0.0,11.566489892729878,0.0,0.0,0.0,9.589074368143644,0.0,0.0,0.0,0.0,13.847474399381248,0.0,6.4208216229260096,9.589074368143644,11.566489892729878,0.0,20.268296022307258,0.0,0.0,0.0,0.0,0.0,0.0,11.566489892729878,9.589074368143644,0.0,20.268296022307258,0.0,0.0,34.14,0.0,9.589074368143644,17.987311515655886,0.0,0.0,13.847474399381248,0.0,0.0,0.0,0.0,0.0,20.066666666666666,0.0,0.0,-0.12499999999999933,0.0,0.08333333333333326,2.808333333333333,0.0,0.6,7,0,2,0,0,0,0,0,0,2,0,2,2,0,0,0,0,0.5545,25.97899999999999,0,0,0,0,0,0,2,2,0,0,0,0,0,0,0,0,0,2,2,0,0,0,0,0,0,0
CCCCCO,15.13,8.19736111111111,0.355,8.19736111111111,0.355,0.513281356352027,88.14999999999999,76.05399999999999,88.088815004,38,0.04305223345357219,-0.3963765707960063,0.3963765707960063,0.04305223345357219,1.3333333333333333,2.0,2.1666666666666665,16.249920993384958,10.263374251449198,1.7585175569461067,-1.854824490829793,1.8886357691457698,-1.7805579678492776,4.304159999369914,0.2838073227136418,2.3390923149762908,15.900134529890124,4.82842712474619,4.275640720246148,4.275640720246148,2.914213562373095,2.5233345472033855,2.5233345472033855,1.4307135789365262,1.4307135789365262,0.7616672736016925,0.7616672736016925,0.36180339887498936,0.36180339887498936,-0.04,20.986300857070454,5.959999999999999,4.960000000000001,3.9600000000000004,38.99325323761199,5.106527394840706,0.0,0.0,0.0,0.0,0.0,0.0,0.0,0.0,19.765380445542643,6.4208216229260096,6.606881964512918,0.0,5.106527394840706,0.0,0.0,26.186202068468653,6.606881964512918,0.0,0.0,0.0,0.0,0.0,11.713409359353623,0.0,0.0,26.186202068468653,0.0,0.0,20.23,0.0,0.0,0.0,6.606881964512918,12.841643245852019,6.4208216229260096,0.0,0.0,6.923737199690624,5.106527394840706,0.0,0.0,8.19736111111111,0.0,0.0,0.0,3.3269444444444445,2.475694444444444,0.0,1.0,6,1,1,0,0,0,0,0,0,1,1,1,3,0,0,0,0,1.1689,26.61079999999999,0,1,1,0,0,0,0,0,0,0,0,0,0,0,0,0,0,0,0,0,0,0,0,0,0,1
CCCC(C)O,13.71,8.55236111111111,-0.10185185185185208,8.55236111111111,0.10185185185185208,0.536831757483578,88.14999999999999,76.05399999999999,88.088815004,38,0.051156559616146235,-0.39341945247761856,0.39341945247761856,0.051156559616146235,1.6666666666666667,2.1666666666666665,2.1666666666666665,16.264654235538682,10.232511656792356,1.868347564105359,-1.9505745111914885,1.9068288615649058,-1.9545411179135384,4.400152443362449,0.18332736846132083,2.6272148478988635,25.11941547876375,4.99156383156272,4.4387774270626785,4.4387774270626785,2.770055610029662,2.4509042305871973,2.4509042305871973,1.6376965006408923,1.6376965006408923,0.7064497140632062,0.7064497140632062,0.4177745794683934,0.4177745794683934,-0.04,14.834466856136647,5.959999999999999,3.1616129032258065,3.9600000000000004,38.99325323761199,5.106527394840706,0.0,0.0,0.0,0.0,0.0,0.0,0.0,0.0,13.344558822616634,13.344558822616634,0.0,6.103966387748303,5.106527394840706,0.0,0.0,32.79308403298157,0.0,0.0,0.0,0.0,0.0,0.0,11.210493782589008,0.0,0.0,26.689117645233267,0.0,0.0,20.23,0.0,0.0,6.103966387748303,0.0,12.841643245852019,0.0,0.0,6.923737199690624,6.923737199690624,5.106527394840706,0.0,0.0,8.55236111111111,0.0,0.0,0.0,1.9097222222222223,3.87125,0.0,1.0,6,1,1,0,0,0,0,0,0,1,1,1,2,0,0,0,0,1.1673,26.58879999999999,0,1,1,0,0,0,0,0,0,0,0,0,0,0,0,0,0,0,0,0,0,0,0,0,0,0
CCC(O)CC,13.35,8.666666666666668,-0.0648148148148151,8.666666666666668,0.0648148148148151,0.5368317574835781,88.15,76.054,88.088815004,38,0.053459279988046865,-0.39315304062176465,0.39315304062176465,0.053459279988046865,1.3333333333333333,1.6666666666666667,1.6666666666666667,16.265531977745443,10.21918518011678,1.9012792558323743,-1.9778314724069923,1.9147559154423983,-1.9908291230983497,4.431569486173675,0.16601582405001344,2.7541847860376616,23.11941547876375,4.99156383156272,4.4387774270626785,4.4387774270626785,2.808060412490447,2.488909033047982,2.488909033047982,1.4703200871926496,1.4703200871926496,0.9424986408597364,0.9424986408597364,0.28867513459481287,0.28867513459481287,-0.04,19.800269059780252,5.959999999999999,3.1616129032258065,2.212525252525253,38.99325323761199,5.106527394840706,0.0,0.0,0.0,0.0,0.0,0.0,0.0,0.0,13.847474399381248,12.841643245852019,0.0,6.103966387748303,5.106527394840706,0.0,0.0,32.79308403298157,0.0,0.0,0.0,0.0,0.0,0.0,11.210493782589008,0.0,0.0,26.689117645233267,0.0,0.0,20.23,0.0,0.0,6.103966387748303,0.0,12.841643245852019,0.0,0.0,13.847474399381248,0.0,5.106527394840706,0.0,0.0,8.666666666666668,0.0,0.0,0.0,1.7060185185185184,3.960648148148148,0.0,1.0,6,1,1,0,0,0,0,0,0,1,1,1,2,0,0,0,0,1.1673,26.58879999999999,0,1,1,0,0,0,0,0,0,0,0,0,0,0,0,0,0,0,0,0,0,0,0,0,0,0
CCCC(C)=O,15.45,10.04375,0.2893518518518521,10.04375,0.2893518518518521,0.4957688321065222,86.13399999999999,76.05399999999999,86.07316494,36,0.12932953227060026,-0.30003121331851546,0.30003121331851546,0.12932953227060026,1.6666666666666667,2.1666666666666665,2.1666666666666665,16.137161377899332,10.257037702897286,1.8325938374821737,-1.8015786707385293,1.8393110519916285,-1.8402587953823883,5.747426571459517,-0.11653045458848853,2.831257109931365,47.900134529890124,4.99156383156272,4.322461852836958,4.322461852836958,2.770055610029662,2.2647843170117525,2.2647843170117525,1.4520151031226116,1.4520151031226116,0.6020620726159657,0.6020620726159657,0.35206207261596567,0.35206207261596567,-0.33,14.834466856136647,5.670000000000001,2.884132762312634,3.67,38.36054158545974,4.794537184071822,5.783244946364939,0.0,0.0,0.0,0.0,0.0,0.0,0.0,6.923737199690624,13.344558822616634,6.4208216229260096,0.0,4.794537184071822,5.783244946364939,0.0,26.689117645233267,0.0,0.0,0.0,0.0,0.0,0.0,5.783244946364939,4.794537184071822,0.0,26.689117645233267,0.0,0.0,17.07,0.0,4.794537184071822,5.783244946364939,0.0,12.841643245852019,0.0,6.923737199690624,6.923737199690624,0.0,0.0,0.0,10.04375,0.0,0.0,0.2893518518518521,0.0,1.7175925925925926,3.615972222222222,0.0,0.8,6,0,1,0,0,0,0,0,0,1,0,1,2,0,0,0,0,1.3755,25.588999999999988,0,0,0,0,0,0,1,1,0,0,0,0,0,0,0,0,0,1,1,0,0,0,0,0,0,0
C=CCCC,2.011,3.5504166666666666,1.1527777777777777,3.5504166666666666,1.1527777777777777,0.4356038269849662,70.13499999999999,60.05499999999999,70.07825032,30,-0.0356039482616076,-0.10308315147465182,0.10308315147465182,0.0356039482616076,1.8,2.4,2.4,13.680289867824076,10.344163286832245,1.6124140521216,-1.7242841440652994,1.8158722230661952,-1.5202989787414323,4.625098390511273,0.9610968344974901,2.4017152226171965,21.219280948873624,4.121320343559642,3.698670612749268,3.698670612749268,2.414213562373095,2.0236033621142733,2.0236033621142733,1.0773502691896257,1.0773502691896257,0.4927992798267443,0.4927992798267443,0.20412414523193148,0.20412414523193148,-0.26,11.245112497836532,4.74,3.7400000000000007,3.740000000000001,33.50941645323173,0.0,0.0,0.0,0.0,0.0,0.0,0.0,0.0,6.578935683598497,19.420578929450514,6.4208216229260096,0.0,0.0,0.0,0.0,0.0,19.765380445542643,0.0,12.654955790432378,0.0,0.0,0.0,0.0,0.0,0.0,0.0,19.765380445542643,12.654955790432378,0.0,0.0,0.0,0.0,0.0,0.0,6.4208216229260096,6.4208216229260096,0.0,6.076020106833881,13.502672883289122,0.0,0.0,0.0,0.0,0.0,0.0,0.0,4.309027777777778,5.690972222222221,0.0,0.6,5,0,0,0,0,0,0,0,0,0,0,0,2,0,0,0,0,1.9725,25.10499999999999,0,0,0,0,0,0,0,0,0,1,0,0,0,0,0,0,0,0,0,0,0,0,0,0,0,0
CCCCCOC(C)=O,4.79,10.184675453514739,-0.17490457294028694,10.184675453514739,0.17490457294028694,0.4277197407264159,130.18699999999998,116.07499999999997,130.099379688,54,0.3021228679209696,-0.4658776881575565,0.4658776881575565,0.3021228679209696,1.4444444444444444,2.111111111111111,2.5555555555555554,16.531451740383385,10.259840941051536,1.893280598165245,-1.9768003008082335,1.929886180245967,-1.9910506667858903,5.653172443634002,-0.14056845918091282,2.828868134909685,78.98533616859814,7.112884175122364,6.144923705673916,6.144923705673916,4.270055610029662,3.4040302062452237,3.4040302062452237,2.0471501175130817,2.0471501175130817,1.0532161629029313,1.0532161629029313,0.5679595955473012,0.5679595955473012,-0.53,84.62711413110172,8.470000000000002,5.603868808567606,7.470000000000003,56.203971043759836,4.736862953800049,0.0,0.0,0.0,5.969305287951849,4.794537184071822,0.0,0.0,0.0,19.765380445542643,6.4208216229260096,6.923737199690624,6.606881964512918,9.53140013787187,5.969305287951849,0.0,33.10993926815928,6.606881964512918,0.0,0.0,0.0,0.0,0.0,12.576187252464766,9.53140013787187,0.0,33.10993926815928,0.0,0.0,26.3,0.0,4.794537184071822,5.969305287951849,6.606881964512918,12.841643245852019,13.344558822616634,0.0,0.0,6.923737199690624,4.736862953800049,4.705,10.184675453514739,0.0,0.0,-0.17490457294028694,0.0,3.3101436130007555,4.141752173091459,0.0,0.8571428571428571,9,0,2,0,0,0,0,0,0,2,0,2,4,0,0,0,0,1.7397,36.157999999999994,0,0,0,0,0,0,1,1,0,0,0,0,0,0,1,1,0,0,0,0,0,0,0,0,0,2
CCCCCOC(=O)c1ccccc1,5.07,11.385601379440665,-0.22064531368102758,11.385601379440665,0.22064531368102758,0.5291550856889891,192.258,176.12999999999997,192.115029752,76,0.3376172200584772,-0.46209711496236544,0.46209711496236544,0.3376172200584772,1.2142857142857142,1.9285714285714286,2.5714285714285716,16.532663597256708,10.205854283640493,2.037175760307525,-2.0286043094426134,2.020587931164231,-2.054049252777637,5.8872179482537135,0.04979301563423953,2.2907968539797117,266.91003516871797,10.22576835024473,8.531675051622047,8.531675051622047,6.842535255101096,5.0647138087681824,5.0647138087681824,3.2090513760655894,3.2090513760655894,1.9905387079983836,1.9905387079983836,1.17449750861328,1.17449750861328,-1.31,1766.1615540777575,10.76880220646178,6.190508581943787,3.603400927138195,84.89612313542727,4.736862953800049,0.0,0.0,0.0,5.969305287951849,0.0,4.794537184071822,0.0,0.0,37.964481650927475,18.55355575984923,0.0,12.170333456209914,9.53140013787187,5.969305287951849,0.0,26.186202068468653,6.606881964512918,35.89528683400505,0.0,0.0,0.0,0.0,12.576187252464766,4.736862953800049,0.0,36.54419074423747,30.33183534230805,0.0,26.3,0.0,4.794537184071822,5.969305287951849,12.170333456209914,19.26246486877803,0.0,12.13273413692322,18.19910120538483,6.923737199690624,4.736862953800049,5.0912037037037035,11.385601379440665,0.0,0.6287022864701439,-0.22064531368102758,9.08674957482993,3.2083638038548754,2.6533578987150417,0.0,0.4166666666666667,14,0,2,0,0,0,1,0,1,2,0,2,5,0,0,0,1,3.0336000000000016,56.24950000000004,0,0,0,0,0,0,1,1,0,0,0,1,0,0,1,1,0,0,0,0,0,0,0,0,0,2
CCCCCOC(=O)C=Cc1ccccc1,4.08,11.270493197278912,-0.26392951625094474,11.270493197278912,0.26392951625094474,0.41516123592902404,218.29600000000002,200.15199999999996,218.130679816,86,0.33026092242829896,-0.4625306456627218,0.4625306456627218,0.33026092242829896,1.25,2.0,2.6875,16.531910133787832,10.190437453629302,1.9531602095312492,-1.9958562416093921,2.0123238286318443,-2.013458586741769,5.864816832178046,-0.13730721461215814,2.2608818152112007,327.84839499722005,11.639981912617825,9.6863755900013,9.6863755900013,7.825698502695489,5.725397411291142,5.725397411291142,3.618621023301027,3.618621023301027,2.20365060690187,2.20365060690187,1.301352066981557,1.301352066981557,-1.5699999999999998,4658.3327128884375,12.499300069300068,7.686756841859208,5.345259760458109,96.93640433203625,4.736862953800049,0.0,0.0,0.0,5.969305287951849,0.0,4.794537184071822,0.0,0.0,50.09721578785069,18.060293221456885,6.076020106833881,6.606881964512918,9.53140013787187,12.045325394785731,0.0,26.186202068468653,6.606881964512918,41.97130694083893,0.0,0.0,0.0,0.0,12.576187252464766,9.53140013787187,0.0,31.749653560165648,36.407855449141934,6.076020106833881,26.3,0.0,4.794537184071822,5.969305287951849,6.606881964512918,24.825916360475023,6.076020106833881,6.076020106833881,30.33183534230805,6.923737199690624,4.736862953800049,5.040078656462585,11.270493197278912,0.0,1.0074149922314606,-0.26392951625094474,9.708973524020873,6.428506687199418,2.6417957923910302,0.0,0.35714285714285715,16,0,2,0,0,0,1,0,1,2,0,2,6,0,0,0,1,3.433200000000002,65.96000000000004,0,0,0,0,0,0,1,1,0,0,0,1,0,0,1,1,0,0,0,0,0,0,0,0,0,2
CCCCCOC(=O)CCCCC,4.22,11.058799603174602,-0.0235619803476943,11.058799603174602,0.0235619803476943,0.4292208034093733,186.29499999999993,164.11899999999997,186.161979944,78,0.3052775140641399,-0.4656750060205082,0.4656750060205082,0.3052775140641399,1.0,1.6153846153846154,2.230769230769231,16.53235041205092,10.187970689849138,2.002103337760048,-2.0271175391850247,2.013173561871953,-2.0482432425662345,5.686877732723858,-0.14342633506237437,3.105082536306579,121.2586863990795,9.941311299868556,8.973350830420108,8.973350830420108,6.308060412490447,5.464690378025045,5.464690378025045,3.3846837428305787,3.3846837428305787,1.9953948993433326,1.9953948993433326,1.1295726575261484,1.1295726575261484,-0.53,717.913160439986,12.47,9.557183958151702,9.383611364256268,81.66373950134627,4.736862953800049,0.0,0.0,0.0,5.969305287951849,4.794537184071822,0.0,0.0,0.0,39.53076089108528,12.841643245852019,6.4208216229260096,6.606881964512918,9.53140013787187,5.969305287951849,0.0,58.79322575986332,6.606881964512918,0.0,0.0,0.0,0.0,0.0,12.576187252464766,9.53140013787187,0.0,58.79322575986332,0.0,0.0,26.3,0.0,4.794537184071822,5.969305287951849,13.027703587438928,32.10410811463005,6.4208216229260096,0.0,0.0,13.847474399381248,4.736862953800049,5.05172335600907,11.058799603174602,0.0,0.0,-0.0235619803476943,0.0,7.196323200959294,4.883382486871394,0.0,0.9090909090909091,13,0,2,0,0,0,0,0,0,2,0,2,8,0,0,0,0,3.3001000000000023,54.62600000000005,0,0,0,0,0,0,1,1,0,0,0,0,0,0,1,1,0,0,0,0,0,0,0,0,0,3
CCCCCOC(=O)c1ccccc1O,6.25,11.446434712773998,-0.4544416099773241,11.446434712773998,0.02963747690434171,0.5974632010089735,208.257,192.12899999999996,208.109944372,82,0.341407891211495,-0.5070527991633591,0.5070527991633591,0.341407891211495,1.3333333333333333,2.066666666666667,2.7333333333333334,16.53332800226598,10.180405436435432,2.10120015086001,-2.0476674313501904,2.1604624557780934,-2.059858570347347,5.917538067732596,0.049465598218293466,2.4376371320044474,320.3981998735926,11.096011838247808,8.90153837793238,8.90153837793238,7.253218857624055,5.204987273184829,5.204987273184829,3.360175030715024,3.360175030715024,2.105010921015253,2.105010921015253,1.2409314488882688,1.2409314488882688,-1.51,2518.1847945572817,11.564128984432914,6.064027811846202,3.6181763996797778,89.69035688762328,9.843390348640755,11.3129633249809,0.0,0.0,5.969305287951849,0.0,4.794537184071822,0.0,0.0,31.898114582465862,18.55355575984923,0.0,6.606881964512918,14.637927532712576,5.969305287951849,0.0,26.186202068468653,6.606881964512918,29.828919765543436,5.749511833283905,0.0,0.0,5.749511833283905,17.682714647305474,4.736862953800049,0.0,36.54419074423747,24.26546827384644,0.0,46.53,5.969305287951849,9.901064578912528,11.3129633249809,6.606881964512918,19.26246486877803,6.06636706846161,18.19910120538483,0.0,6.923737199690624,4.736862953800049,5.012037037037037,11.446434712773998,9.382797382842025,0.23055413832199578,-0.4840790868816658,6.3945200302343155,3.01192932728647,2.5058064583858237,0.0,0.4166666666666667,15,1,3,0,0,0,1,0,1,3,1,3,5,0,0,0,1,2.7392000000000016,57.91430000000004,0,0,0,1,0,0,1,1,0,0,0,1,0,0,1,1,0,0,0,0,0,1,1,1,0,2
Oc1ccccc1,12.4,8.632222222222222,0.32175925925925974,8.632222222222222,0.32175925925925974,0.514729544768675,94.11299999999999,88.06499999999998,94.041864812,36,0.11507481947527982,-0.5079669948663066,0.5079669948663066,0.11507481947527982,1.0,1.5714285714285714,1.8571428571428572,16.25462015206382,10.346234440824079,1.743218700013858,-1.8193535764132152,2.022573740316066,-1.5594989241600477,5.1797398060365785,0.47511668252088485,3.0214653097240864,134.10736969541455,5.112884175122364,3.8339649414480865,3.8339649414480865,3.393846850117352,2.134290400272939,2.134290400272939,1.3355491589367874,1.3355491589367874,0.756193600181959,0.756193600181959,0.4279941042701234,0.4279941042701234,-0.9800000000000001,47.19725257297226,4.18611295681063,1.6461962159398054,0.9290591797144502,42.22563687169298,5.106527394840706,5.749511833283905,0.0,0.0,0.0,0.0,0.0,0.0,0.0,18.19910120538483,12.13273413692322,0.0,0.0,5.106527394840706,0.0,0.0,0.0,0.0,30.33183534230805,5.749511833283905,0.0,0.0,5.749511833283905,5.106527394840706,0.0,0.0,0.0,30.33183534230805,0.0,20.23,0.0,0.0,0.0,5.749511833283905,0.0,0.0,24.26546827384644,6.06636706846161,0.0,5.106527394840706,0.0,0.0,8.632222222222222,0.0,0.32175925925925974,8.712685185185185,0.0,0.0,0.0,0.0,7,1,1,0,0,0,1,0,1,1,1,1,0,0,0,0,1,1.3921999999999999,28.106799999999993,0,0,0,1,0,0,0,0,0,0,0,1,0,0,0,0,0,0,0,0,0,1,1,1,0,0
C#COc1ccccc1,4.76,4.888316326530612,0.7083333333333335,4.888316326530612,0.7083333333333335,0.5093547808731408,118.13499999999995,112.08699999999997,118.041864812,44,0.1397206705297443,-0.40784642070224525,0.40784642070224525,0.1397206705297443,1.2222222222222223,1.8888888888888888,2.4444444444444446,16.46875344183802,10.341234594696203,1.8264158275123465,-1.9134939704722884,2.058548710903106,-1.776669773014628,5.218247509692706,0.520620440059428,2.756899621214729,207.75928651033234,6.52709773749546,4.872349905601618,4.872349905601618,4.431851652578137,2.607607027581636,2.607607027581636,1.532965732398866,1.532965732398866,0.9199818604665643,0.9199818604665643,0.5565779913075294,0.5565779913075294,-1.42,145.16653667335345,5.7119261213720325,2.783041713531224,1.5039237974032542,54.274057969656326,4.736862953800049,11.856006493726458,0.0,0.0,0.0,0.0,0.0,0.0,0.0,24.622451101005087,12.13273413692322,0.0,0.0,4.736862953800049,0.0,0.0,0.0,0.0,30.33183534230805,18.279356389346717,4.736862953800049,0.0,5.749511833283905,0.0,0.0,12.529844556062812,0.0,30.33183534230805,0.0,9.23,0.0,0.0,0.0,5.749511833283905,0.0,0.0,12.13273413692322,18.19910120538483,6.106494660442553,11.160212849420308,4.733611111111111,0.0,0.0,0.0,0.7083333333333335,9.252424414210129,6.972297808012094,0.0,0.0,0.0,9,0,1,0,0,0,1,0,1,1,0,1,1,0,0,0,1,1.6561000000000001,35.90300000000001,0,0,0,0,0,0,0,0,0,0,0,1,0,0,0,1,0,0,0,0,0,1,0,0,1,0
CC(=O)Oc1ccccc1,5.403,10.39092970521542,-0.2859259259259257,10.39092970521542,0.2859259259259257,0.4327747976813635,136.14999999999998,128.08599999999998,136.052429496,52,0.307523937689319,-0.4267339377171449,0.4267339377171449,0.307523937689319,1.3,1.9,2.4,16.53461992653741,10.338198521328197,1.924338660632118,-1.9686166601838864,2.070027508386308,-1.9988225119938599,5.686312892005634,-0.1313958557471609,2.6742416022951265,215.9590174505521,7.397341225498538,5.703247926875856,5.703247926875856,4.787693700234704,3.0230560382187543,3.0230560382187543,1.9066962259983042,1.9066962259983042,1.0047850346503178,1.0047850346503178,0.654500262193779,0.654500262193779,-1.31,195.6254620163014,6.805074798619103,3.011779444695785,1.89537540220571,59.43635467784082,4.736862953800049,5.749511833283905,0.0,0.0,5.969305287951849,4.794537184071822,0.0,0.0,0.0,18.19910120538483,12.13273413692322,6.923737199690624,0.0,9.53140013787187,5.969305287951849,0.0,6.923737199690624,0.0,30.33183534230805,5.749511833283905,4.736862953800049,0.0,5.749511833283905,5.969305287951849,4.794537184071822,0.0,6.923737199690624,30.33183534230805,0.0,26.3,0.0,4.794537184071822,5.969305287951849,5.749511833283905,0.0,6.923737199690624,12.13273413692322,18.19910120538483,0.0,4.736862953800049,4.775277777777777,10.39092970521542,0.0,0.0,0.3066666666666671,8.978514739229025,0.0,1.3819444444444444,0.0,0.125,10,0,2,0,0,0,1,0,1,2,0,2,1,0,0,0,1,1.6118999999999999,37.75100000000001,0,0,0,0,0,0,1,1,0,0,0,1,0,0,1,1,0,0,0,0,0,1,0,0,0,0
C#Cc1ccccc1,2.98,5.099814814814815,0.9375000000000002,5.099814814814815,0.9375000000000002,0.43694441995239286,102.13599999999998,96.08799999999998,102.046950192,38,0.02420775614931215,-0.11466530536013568,0.11466530536013568,0.02420775614931215,1.125,1.75,2.125,13.802254043828466,10.22491379115656,1.7592169101517794,-1.819867115906205,1.92481257520258,-1.6576958588168615,5.3023113490958105,1.653105501944991,3.049388908161901,191.02833704135648,5.819990956308912,4.464101615137754,4.464101615137754,3.931851652578137,2.4493587371177727,2.4493587371177727,1.5103629710818456,1.5103629710818456,0.9404557350153064,0.9404557350153064,0.5343778974176118,0.5343778974176118,-1.2200000000000002,91.36757727918736,4.927492625368731,2.1818477276782464,0.8859770341581867,49.16051274014944,0.0,0.0,0.0,0.0,0.0,0.0,0.0,0.0,6.423349895620259,24.119535524240472,12.13273413692322,5.563451491696996,0.0,0.0,0.0,0.0,0.0,0.0,35.89528683400505,12.343784214475903,0.0,0.0,0.0,0.0,0.0,12.343784214475903,5.563451491696996,30.33183534230805,0.0,0.0,0.0,0.0,0.0,0.0,5.563451491696996,0.0,0.0,30.33183534230805,5.920434318855644,6.423349895620259,0.0,0.0,0.0,0.9375000000000002,2.526944444444444,9.602407407407407,5.099814814814815,0.0,0.0,0.0,8,0,0,0,0,0,1,0,1,0,0,0,0,0,0,0,1,1.6679000000000002,34.377,0,0,0,0,0,0,0,0,0,0,0,1,0,0,0,0,0,0,0,0,0,0,0,0,1,0
CCCC(=O)Oc1ccccc1,4.48,10.990235260770975,-0.16324074074074058,10.990235260770975,0.16324074074074058,0.5061507405658744,164.20399999999998,152.10799999999998,164.083729624,64,0.31066711747981246,-0.4265308896956285,0.4265308896956285,0.31066711747981246,1.3333333333333333,2.0,2.5833333333333335,16.53550465000392,10.310321005803,2.003431926293942,-2.007681154488147,2.0877214957959236,-2.0583023268497995,5.716311199886446,-0.13391788718380113,2.4716659606850775,241.27530899395387,8.811554787871634,7.117461489248952,7.117461489248952,5.825698502695489,4.083716209998576,4.083716209998576,2.537123070129254,2.537123070129254,1.4290158909149868,1.4290158909149868,0.8751376468692689,0.8751376468692689,-1.31,585.3846826146989,8.783545369504209,4.544018446795469,2.7419880629252233,72.16623890663405,4.736862953800049,5.749511833283905,0.0,0.0,5.969305287951849,4.794537184071822,0.0,0.0,0.0,25.122838405075452,18.55355575984923,6.4208216229260096,0.0,9.53140013787187,5.969305287951849,0.0,19.765380445542643,0.0,30.33183534230805,5.749511833283905,4.736862953800049,0.0,5.749511833283905,5.969305287951849,4.794537184071822,0.0,19.765380445542643,30.33183534230805,0.0,26.3,0.0,4.794537184071822,5.969305287951849,12.170333456209914,6.4208216229260096,0.0,12.13273413692322,25.122838405075452,0.0,4.736862953800049,5.015833333333333,10.990235260770975,0.0,0.0,0.4580092592592597,9.112495039682539,1.306112292139078,1.9506481481481481,0.0,0.3,12,0,2,0,0,0,1,0,1,2,0,2,3,0,0,0,1,2.3921,46.985000000000035,0,0,0,0,0,0,1,1,0,0,0,1,0,0,1,1,0,0,0,0,0,1,0,0,0,0
CC(=O)OCCc1ccccc1,4.93,10.411735953640715,-0.21673044217687032,10.411735953640715,0.21673044217687032,0.6365051962344709,164.204,152.10799999999998,164.083729624,64,0.3021342050184882,-0.46552389494585383,0.46552389494585383,0.3021342050184882,1.3333333333333333,2.0,2.5833333333333335,16.53147284694407,10.158468716074877,1.9318907485493593,-2.003647899828179,1.9868384293574737,-2.023410309052872,5.6537163842673674,-0.14033473907037503,2.290572056240154,241.27530899395387,8.811554787871634,7.117461489248952,7.117461489248952,5.787693700234704,3.9611604181749094,3.9611604181749094,2.5756418959800245,2.5756418959800245,1.538887074300519,1.538887074300519,0.9572881436307308,0.9572881436307308,-1.31,567.1150534979386,8.783545369504209,4.544018446795469,3.191164645691246,72.16623890663405,4.736862953800049,0.0,0.0,0.0,5.969305287951849,4.794537184071822,0.0,0.0,0.0,30.33183534230805,5.563451491696996,13.344558822616634,6.606881964512918,9.53140013787187,5.969305287951849,0.0,13.344558822616634,6.606881964512918,35.89528683400505,0.0,0.0,0.0,0.0,12.576187252464766,15.95222176079788,0.0,12.487188691387619,30.33183534230805,0.0,26.3,0.0,4.794537184071822,5.969305287951849,6.606881964512918,6.4208216229260096,12.487188691387619,0.0,30.33183534230805,0.0,4.736862953800049,4.806862244897959,10.411735953640715,0.0,1.1932870370370372,-0.21673044217687032,9.952900762156714,0.7920833333333333,1.8931944444444442,0.0,0.3,12,0,2,0,0,0,1,0,1,2,0,2,3,0,0,0,1,1.7922,46.77900000000003,0,0,0,0,0,0,1,1,0,0,0,1,0,0,1,1,0,0,0,0,0,0,0,0,0,0
CCCCCCCCCCCC(=O)Oc1ccccc1,3.28,11.597331459791397,-0.11190204174466412,11.597331459791397,0.11190204174466412,0.3023245649136244,276.41999999999996,248.19599999999994,276.208930136,112,0.31067773795724546,-0.42653076282175384,0.42653076282175384,0.31067773795724546,0.85,1.4,2.0,16.535522625382566,10.066721042756672,2.0329394008760255,-2.039135843899493,2.124941039538326,-2.067191209504745,5.716875912508267,-0.1340376835005232,1.9205417581220963,345.6956718031832,14.468409037364017,12.774315738741334,12.774315738741334,9.82569850269549,8.083716209998574,8.083716209998574,5.365550194875444,5.365550194875444,3.4593459768048973,3.4593459768048973,2.2510112407145657,2.2510112407145657,-1.31,33108.06227668476,16.74350454788657,11.511171515999143,8.73339533486759,123.08577582180696,4.736862953800049,5.749511833283905,0.0,0.0,5.969305287951849,4.794537184071822,0.0,0.0,0.0,76.48941138848356,18.55355575984923,6.4208216229260096,0.0,9.53140013787187,5.969305287951849,0.0,71.13195342895074,0.0,30.33183534230805,5.749511833283905,4.736862953800049,0.0,5.749511833283905,5.969305287951849,4.794537184071822,0.0,71.13195342895074,30.33183534230805,0.0,26.3,0.0,4.794537184071822,5.969305287951849,12.170333456209914,12.841643245852019,44.94575136048208,0.0,30.33183534230805,6.923737199690624,4.736862953800049,5.247440127597887,11.597331459791397,0.0,0.0,0.534786985088004,9.294207461730382,11.914997245512051,2.2445700536136144,0.0,0.6111111111111112,20,0,2,0,0,0,1,0,1,2,0,2,11,0,0,0,1,5.5129000000000055,83.92100000000006,0,0,0,0,0,0,1,1,0,0,0,1,0,0,1,1,0,0,0,0,0,1,0,0,0,7
CC(C)(O)Cc1ccccc1,5.71,9.47107709750567,-0.5958796296296296,9.47107709750567,0.5958796296296296,0.6832906730543121,150.221,136.10899999999998,150.104465068,60,0.06314585916429531,-0.3901254528044347,0.3901254528044347,0.06314585916429531,1.1818181818181819,1.7272727272727273,2.1818181818181817,16.28099511751662,9.990325143140012,2.1163412326892246,-2.1587501392065445,2.1037003328922665,-2.210866451261962,5.157406409675764,0.0809874348014095,2.657660984532226,208.06442835348818,8.319990956308914,7.041071722634636,7.041071722634636,5.0782982619848624,3.8413971814594863,3.8413971814594863,3.4748095146450506,3.4748095146450506,1.4795591394069039,1.4795591394069039,1.0953970847548395,1.0953970847548395,-0.8200000000000001,244.8579631665867,8.278231827111984,3.0548987926736837,3.1900463490984974,67.6854053292794,5.106527394840706,0.0,0.0,0.0,0.0,0.0,0.0,0.0,0.0,30.33183534230805,19.410925891078243,6.4208216229260096,5.601050810983688,5.106527394840706,0.0,0.0,25.869346833290944,0.0,35.89528683400505,0.0,0.0,0.0,0.0,10.707578205824394,6.4208216229260096,0.0,19.410925891078243,30.33183534230805,0.0,20.23,5.601050810983688,5.106527394840706,0.0,6.4208216229260096,0.0,5.563451491696996,0.0,44.179309741689295,0.0,0.0,0.0,0.0,9.47107709750567,0.5846759259259262,0.0,10.00591364323507,0.7161111111111109,3.638888888888889,0.0,0.4,11,1,1,0,0,0,1,0,1,1,1,1,2,0,0,0,1,2.0,46.44380000000004,0,1,0,0,0,0,0,0,0,0,0,1,0,0,0,0,0,0,0,0,0,0,0,0,0,0
CCCCC(=O)Oc1ccccc1,4.3,11.149124149659865,-0.14532407407407377,11.149124149659865,0.14532407407407377,0.5231416986984402,178.231,164.11899999999997,178.099379688,70,0.3106775569658291,-0.4265307638284073,0.4265307638284073,0.3106775569658291,1.3076923076923077,2.0,2.6153846153846154,16.535511761024942,10.24410686980768,2.0164309906006013,-2.016789593689791,2.0937569690522104,-2.0637738432968042,5.716757604230572,-0.1340153459140416,2.367451726018245,254.05260581186823,9.518661569058182,7.824568270435499,7.824568270435499,6.325698502695489,4.583716209998576,4.583716209998576,2.890676460722528,2.890676460722528,1.7093459768048975,1.7093459768048975,0.9921277642313806,0.9921277642313806,-1.31,1003.4155326608467,9.775543199315653,5.355726156931021,3.740879047397056,78.53118102103066,4.736862953800049,5.749511833283905,0.0,0.0,5.969305287951849,4.794537184071822,0.0,0.0,0.0,31.54366002800146,18.55355575984923,6.4208216229260096,0.0,9.53140013787187,5.969305287951849,0.0,26.186202068468653,0.0,30.33183534230805,5.749511833283905,4.736862953800049,0.0,5.749511833283905,5.969305287951849,4.794537184071822,0.0,26.186202068468653,30.33183534230805,0.0,26.3,0.0,4.794537184071822,5.969305287951849,12.170333456209914,12.841643245852019,0.0,12.13273413692322,18.19910120538483,6.923737199690624,4.736862953800049,5.077500000000001,11.149124149659865,0.0,0.0,0.48301209372638,9.154701042454018,2.4176099930713026,2.051386054421769,0.0,0.36363636363636365,13,0,2,0,0,0,1,0,1,2,0,2,4,0,0,0,1,2.7822000000000013,51.60200000000004,0,0,0,0,0,0,1,1,0,0,0,1,0,0,1,1,0,0,0,0,0,1,0,0,0,0
CCC(=O)Oc1ccccc1,4.77,10.758985260770976,-0.19796296296296267,10.758985260770976,0.19796296296296267,0.47578979795050885,150.177,140.09699999999998,150.06807956,58,0.31039665771688263,-0.4265383005357766,0.4265383005357766,0.31039665771688263,1.3636363636363635,2.0,2.5454545454545454,16.53544705176432,10.332791799474382,1.9773013774204296,-1.9935300058058745,2.080289229930932,-2.043376068370771,5.713043489752405,-0.13351230255402635,2.57930229200732,228.57786591623355,8.104448006685086,6.410354708062404,6.410354708062404,5.325698502695489,3.5837162099985758,3.5837162099985758,2.1406764607225277,2.1406764607225277,1.2635668802778683,1.2635668802778683,0.6921512489780577,0.6921512489780577,-1.31,370.93558073874095,7.793199174406604,3.7604813030666033,2.4151759077622965,65.80129679223742,4.736862953800049,5.749511833283905,0.0,0.0,5.969305287951849,4.794537184071822,0.0,0.0,0.0,25.122838405075452,12.13273413692322,6.4208216229260096,0.0,9.53140013787187,5.969305287951849,0.0,13.344558822616634,0.0,30.33183534230805,5.749511833283905,4.736862953800049,0.0,5.749511833283905,5.969305287951849,4.794537184071822,0.0,13.344558822616634,30.33183534230805,0.0,26.3,0.0,4.794537184071822,5.969305287951849,12.170333456209914,0.0,0.0,19.056471336613843,18.19910120538483,0.0,4.736862953800049,4.9245833333333335,10.758985260770976,0.0,0.0,0.4125462962962967,9.056496598639455,0.4116014739229026,1.7691203703703704,0.0,0.2222222222222222,11,0,2,0,0,0,1,0,1,2,0,2,2,0,0,0,1,2.002,42.36800000000002,0,0,0,0,0,0,1,1,0,0,0,1,0,0,1,1,0,0,0,0,0,1,0,0,0,0
CC(O)Cc1ccccc1,9.35,9.005799319727892,-0.23388888888888926,9.005799319727892,0.23388888888888926,0.6545072890910887,136.194,124.09799999999997,136.088815004,54,0.055194439423307824,-0.39307335282894207,0.39307335282894207,0.055194439423307824,1.3,1.9,2.4,16.264694052015688,10.104981764786046,1.9502311280400684,-2.014947904708848,2.0094184999971616,-2.0277953238187654,5.145590087571089,0.19525570713819523,2.5872871851548136,179.17957141667623,7.397341225498538,6.1184219918242615,6.1184219918242615,4.787693700234704,3.5080344425168835,3.5080344425168835,2.538744070931501,2.538744070931501,1.373938160622464,1.373938160622464,0.955204850398107,0.955204850398107,-0.8200000000000001,195.6254620163014,7.288932461873639,3.3737941826863076,2.1939048454146013,61.3204632148828,5.106527394840706,0.0,0.0,0.0,0.0,0.0,0.0,0.0,0.0,30.33183534230805,18.90801031431363,0.0,6.103966387748303,5.106527394840706,0.0,0.0,19.448525210364934,0.0,35.89528683400505,0.0,0.0,0.0,0.0,11.210493782589008,6.4208216229260096,0.0,12.487188691387619,30.33183534230805,0.0,20.23,0.0,0.0,6.103966387748303,0.0,6.4208216229260096,5.563451491696996,6.923737199690624,30.33183534230805,0.0,5.106527394840706,0.0,0.0,9.005799319727892,1.1921296296296298,0.0,9.986515495086923,0.516944444444444,1.7986111111111112,0.0,0.3333333333333333,10,1,1,0,0,0,1,0,1,1,1,1,2,0,0,0,1,1.6098999999999999,41.82680000000002,0,1,1,0,0,0,0,0,0,0,0,1,0,0,0,0,0,0,0,0,0,0,0,0,0,0
O=C(Oc1ccccc1)c1ccccc1O,6.92,11.65268896447468,-0.5654629629629626,11.65268896447468,0.08015636810279636,0.6170368785141781,214.21999999999997,204.13999999999996,214.06299418,80,0.3468118641435122,-0.5070525222360159,0.5070525222360159,0.3468118641435122,0.9375,1.5625,2.25,16.536482778590827,10.180990294606127,2.1154165998746843,-2.0444905437102276,2.1817287880201093,-2.07822264998468,5.9326529995014265,0.07314635975522803,2.1868113457628673,491.54071015476427,11.380468888623982,8.459862599134318,8.459862599134318,7.770856947829096,4.82401310515836,4.82401310515836,3.2197211392002467,3.2197211392002467,2.07771754010336,2.07771754010336,1.296804828956263,1.296804828956263,-2.2899999999999996,5744.988995136991,10.235362076049029,4.486277072858324,2.1998362076575533,92.92274052170427,9.843390348640755,17.062475158264807,0.0,0.0,5.969305287951849,0.0,4.794537184071822,0.0,0.0,30.33183534230805,24.26546827384644,0.0,0.0,14.637927532712576,5.969305287951849,0.0,0.0,0.0,60.160755107851486,11.49902366656781,4.736862953800049,0.0,11.49902366656781,11.075832682792555,0.0,0.0,10.357988675768818,54.59730361615449,0.0,46.53,5.969305287951849,9.901064578912528,11.3129633249809,5.749511833283905,0.0,12.13273413692322,36.39820241076966,6.06636706846161,0.0,4.736862953800049,5.082314814814815,11.65268896447468,9.458110985134795,0.15866024187452776,-0.1912183484504908,15.006110008818343,0.0,0.0,0.0,0.0,16,1,3,0,0,0,2,0,2,3,1,3,2,0,0,0,2,2.611400000000001,59.50730000000003,0,0,0,1,0,0,1,1,0,0,0,2,0,0,1,1,0,0,0,0,0,2,1,1,0,0
CC(O)CO,27.5,8.11111111111111,-0.5601851851851856,8.11111111111111,0.13888888888888884,0.43583499661104974,76.095,68.03099999999999,76.052429496,32,0.07423864406366021,-0.3937000421977661,0.3937000421977661,0.07423864406366021,1.8,2.0,2.0,16.31513815345842,10.458756100052474,1.8281882984618447,-1.8957837277830536,1.6819689129998365,-2.0325604871035776,4.334973681772572,0.10985960933785062,2.5395388613593903,18.854752972273346,4.284457050376173,3.178884241376089,3.178884241376089,2.270055610029662,1.5600252154174878,1.5600252154174878,1.0315955518811348,1.0315955518811348,0.26422384392782794,0.26422384392782794,0.0,0.0,-0.08,9.65148445440323,4.920000000000001,2.1751020408163266,3.92,31.057602761014792,10.213054789681411,0.0,0.0,0.0,0.0,0.0,0.0,0.0,0.0,0.0,6.923737199690624,0.0,12.71084835226122,10.213054789681411,0.0,0.0,13.027703587438927,6.606881964512918,0.0,0.0,0.0,0.0,0.0,22.92390314194263,0.0,0.0,6.923737199690624,0.0,0.0,40.46,6.103966387748303,0.0,6.606881964512918,0.0,0.0,6.923737199690624,0.0,0.0,0.0,10.213054789681411,0.0,0.0,16.00462962962963,0.0,0.0,0.0,-0.5601851851851856,1.3888888888888888,0.0,1.0,5,2,2,0,0,0,0,0,0,2,2,2,1,0,0,0,0,-0.6405000000000001,18.7666,0,2,2,0,0,0,0,0,0,0,0,0,0,0,0,0,0,0,0,0,0,0,0,0,0,0
OCCCO,35.1,7.90625,0.09375,7.90625,0.09375,0.4590493065582775,76.095,68.03099999999999,76.052429496,32,0.045238236823877565,-0.39628647261089006,0.39628647261089006,0.045238236823877565,1.0,1.4,1.4,16.26511964546613,10.503492168707789,1.698723971189745,-1.7909256874270039,1.6471801492495908,-1.8477962555191658,4.216962749735002,0.22099673119070984,2.19060968716425,12.36452797660028,4.121320343559642,3.015747534559558,3.015747534559558,2.414213562373095,1.6324555320336755,1.6324555320336755,0.8007669860932315,0.8007669860932315,0.31622776601683783,0.31622776601683783,0.07071067811865472,0.07071067811865472,-0.08,11.245112497836532,4.920000000000001,3.9200000000000004,3.92,31.057602761014792,10.213054789681411,0.0,0.0,0.0,0.0,0.0,0.0,0.0,0.0,0.0,6.4208216229260096,13.213763929025836,0.0,10.213054789681411,0.0,0.0,6.4208216229260096,13.213763929025836,0.0,0.0,0.0,0.0,0.0,23.426818718707246,0.0,0.0,6.4208216229260096,0.0,0.0,40.46,0.0,0.0,13.213763929025836,6.4208216229260096,0.0,0.0,0.0,0.0,0.0,10.213054789681411,0.0,0.0,15.8125,0.0,0.0,0.0,0.5,0.1875,0.0,1.0,5,2,2,0,0,0,0,0,0,2,2,2,2,0,0,0,0,-0.6389,18.7886,0,2,2,0,0,0,0,0,0,0,0,0,0,0,0,0,0,0,0,0,0,0,0,0,0,0
C#CCO,20.8,7.638888888888889,-0.15277777777777768,7.638888888888889,0.15277777777777768,0.37468964677801264,56.064,52.032000000000004,56.026214748,22,0.10346755159713841,-0.38366582997434834,0.38366582997434834,0.10346755159713841,2.0,2.25,2.25,16.249274754080798,10.779639157210953,1.4299673214246171,-1.5538884140735332,1.3361250839676853,-1.6389444384684564,4.806717543823851,0.3505673736696641,2.4330963097956353,33.03830640231605,3.414213562373095,2.231670645876131,2.231670645876131,1.914213562373095,0.9584562912049245,0.9584562912049245,0.36223802824035045,0.36223802824035045,0.09128709291752768,0.09128709291752768,0.0,0.0,-0.48,6.854752972273345,3.52,2.52,1.5199999999999998,25.26259440067805,5.106527394840706,6.606881964512918,0.0,0.0,0.0,0.0,0.0,0.0,6.423349895620259,5.920434318855644,0.0,0.0,0.0,5.106527394840706,0.0,0.0,0.0,6.606881964512918,0.0,12.343784214475903,0.0,0.0,0.0,11.713409359353623,0.0,12.343784214475903,0.0,0.0,0.0,20.23,0.0,0.0,6.606881964512918,0.0,0.0,0.0,0.0,5.920434318855644,6.423349895620259,5.106527394840706,0.0,0.0,7.638888888888889,0.0,1.9861111111111112,0.0,4.527777777777778,-0.15277777777777768,0.0,0.3333333333333333,4,1,1,0,0,0,0,0,0,1,1,1,0,0,0,0,0,-0.3881,15.918800000000001,0,1,1,0,0,0,0,0,0,0,0,0,0,0,0,0,0,0,0,0,0,0,0,0,1,0
CC=Cc1ccccc1,2.73,2.0833333333333335,1.263888888888889,2.0833333333333335,1.263888888888889,0.5315253963209767,118.17899999999996,108.09899999999998,118.07825032,46,-0.025994603660731676,-0.08706595221034719,0.08706595221034719,0.025994603660731676,1.1111111111111112,1.7777777777777777,2.3333333333333335,13.831546715330443,10.19642068685575,1.7707918833644798,-1.864642939436033,1.9883512850080192,-1.648704425766103,5.474509323150004,1.644858515055136,2.8479481764153847,184.45310074746274,6.52709773749546,5.5414518843273814,5.5414518843273814,4.431851652578137,3.110042339640732,3.110042339640732,1.9106836025229597,1.9106836025229597,1.1586892478083903,1.1586892478083903,0.7566001196398341,0.7566001196398341,-1.04,145.16653667335345,6.085628140703518,3.079539221938775,1.7260521604490249,55.83662643050253,0.0,0.0,0.0,0.0,0.0,0.0,0.0,0.0,0.0,42.483875555975814,12.487188691387619,0.0,0.0,0.0,6.076020106833881,0.0,6.923737199690624,0.0,41.97130694083893,0.0,0.0,0.0,0.0,0.0,0.0,0.0,12.487188691387619,36.407855449141934,6.076020106833881,0.0,0.0,0.0,0.0,0.0,0.0,5.563451491696996,0.0,31.198858511909332,18.208754243757102,0.0,0.0,0.0,0.0,1.263888888888889,0.0,10.261574074074074,4.12037037037037,2.0208333333333335,0.0,0.1111111111111111,9,0,0,0,0,0,1,0,1,0,0,0,1,0,0,0,1,2.7197000000000005,41.15000000000002,0,0,0,0,0,0,0,0,0,1,0,1,0,0,0,0,0,0,0,0,0,0,0,0,0,0
CCCOC(C)=O,5.62,9.980416666666667,-0.19273148148148134,9.980416666666667,0.19273148148148134,0.485245073645189,102.13299999999998,92.053,102.06807956,42,0.3021226973628453,-0.46588873984264995,0.46588873984264995,0.3021226973628453,1.7142857142857142,2.2857142857142856,2.4285714285714284,16.531408331943243,10.528939624075903,1.8500423804115524,-1.9332241587368793,1.7801275070333518,-1.975277602158039,5.653106011739284,-0.14043901473445988,2.8219389370591843,59.10049400592804,5.698670612749268,4.730710143300821,4.730710143300821,3.270055610029662,2.4040302062452232,2.4040302062452232,1.340043336326534,1.340043336326534,0.5094493502441826,0.5094493502441826,0.24579081189859814,0.24579081189859814,-0.53,29.01955000865388,6.47,3.6528153564899446,5.47,43.474086814966626,4.736862953800049,0.0,0.0,0.0,5.969305287951849,4.794537184071822,0.0,0.0,0.0,6.923737199690624,6.4208216229260096,6.923737199690624,6.606881964512918,9.53140013787187,5.969305287951849,0.0,20.268296022307258,6.606881964512918,0.0,0.0,0.0,0.0,0.0,12.576187252464766,9.53140013787187,0.0,20.268296022307258,0.0,0.0,26.3,0.0,4.794537184071822,5.969305287951849,6.606881964512918,6.4208216229260096,6.923737199690624,0.0,6.923737199690624,4.736862953800049,0.0,4.552083333333334,9.980416666666667,0.0,0.0,-0.19273148148148134,0.0,0.9023611111111111,3.924537037037037,0.0,0.8,7,0,2,0,0,0,0,0,0,2,0,2,2,0,0,0,0,0.9595,26.923999999999985,0,0,0,0,0,0,1,1,0,0,0,0,0,0,1,1,0,0,0,0,0,0,0,0,0,0
CCCc1ccccc1,2.36,2.201388888888889,1.2091666666666667,2.201388888888889,1.2091666666666667,0.5624916701881997,120.19499999999995,108.09899999999998,120.093900384,48,-0.02814979848791882,-0.06506543814455573,0.06506543814455573,0.02814979848791882,1.1111111111111112,1.7777777777777777,2.3333333333333335,13.900305397606992,10.127691076689286,1.8402134192217525,-1.932640245358975,1.9995132590300744,-1.7835841892779878,5.137484570569242,0.9218388682835006,2.61489994009295,152.9490957526401,6.52709773749546,5.800964908321225,5.800964908321225,4.431851652578137,3.471343774302781,3.471343774302781,2.2355985596534893,2.2355985596534893,1.381499796672302,1.381499796672302,0.9333523724371704,0.9333523724371704,-0.78,145.16653667335345,6.341654501216546,3.285913486196659,1.8835467848238945,56.526229462686786,0.0,0.0,0.0,0.0,0.0,0.0,0.0,0.0,0.0,43.67639416492468,11.984273114623004,0.0,0.0,0.0,0.0,0.0,19.765380445542643,0.0,35.89528683400505,0.0,0.0,0.0,0.0,0.0,6.4208216229260096,0.0,18.90801031431363,30.33183534230805,0.0,0.0,0.0,0.0,0.0,0.0,0.0,18.405094737549014,0.0,0.0,37.255572541998674,0.0,0.0,0.0,0.0,1.4444444444444446,0.0,10.571574074074075,2.449259259259259,2.201388888888889,0.0,0.3333333333333333,9,0,0,0,0,0,1,0,1,0,0,0,2,0,0,0,1,2.639100000000001,40.43700000000001,0,0,0,0,0,0,0,0,0,0,1,1,0,0,0,0,0,0,0,0,0,0,0,0,0,0
CCCOC(=O)c1ccccc1,5.78,11.181342592592593,-0.23847222222222175,11.181342592592593,0.23847222222222175,0.640310443785496,164.20399999999998,152.10799999999998,164.083729624,64,0.33761704944114623,-0.46210816756826517,0.46210816756826517,0.33761704944114623,1.3333333333333333,2.0,2.5833333333333335,16.532619941236568,10.211074715082416,2.0289380534917845,-2.008054775970853,2.0026681098704846,-2.045668193627687,5.887179613271609,0.05048926721217723,2.539556056342092,241.27530899395387,8.811554787871634,7.117461489248952,7.117461489248952,5.842535255101096,4.064713808768183,4.064713808768183,2.5019445948790424,2.5019445948790424,1.4467718953396351,1.4467718953396351,0.852328724964577,0.852328724964577,-1.31,646.3567374307108,8.783545369504209,4.544018446795469,2.381380891498966,72.16623890663405,4.736862953800049,0.0,0.0,0.0,5.969305287951849,0.0,4.794537184071822,0.0,0.0,25.122838405075452,18.55355575984923,0.0,12.170333456209914,9.53140013787187,5.969305287951849,0.0,13.344558822616634,6.606881964512918,35.89528683400505,0.0,0.0,0.0,0.0,12.576187252464766,4.736862953800049,0.0,23.70254749838545,30.33183534230805,0.0,26.3,0.0,4.794537184071822,5.969305287951849,12.170333456209914,6.4208216229260096,0.0,12.13273413692322,25.122838405075452,0.0,4.736862953800049,4.938287037037037,11.181342592592593,0.0,0.6166203703703705,-0.23847222222222175,9.011572893046107,0.8596960034013605,2.4642866591080876,0.0,0.3,12,0,2,0,0,0,1,0,1,2,0,2,3,0,0,0,1,2.2534,47.01550000000003,0,0,0,0,0,0,1,1,0,0,0,1,0,0,1,1,0,0,0,0,0,0,0,0,0,0
CCCOC(=O)CCC,4.3,10.579722222222223,-0.07004629629629577,10.579722222222223,0.07004629629629577,0.5416729314973412,130.18699999999998,116.07499999999999,130.099379688,54,0.30526672491010765,-0.46568618435369896,0.46568618435369896,0.30526672491010765,1.3333333333333333,2.0,2.4444444444444446,16.532297569355542,10.340082036662944,1.963629850078719,-1.9856996100381028,1.9072160204553286,-2.0313818629768625,5.686239353338182,-0.1431757567487422,3.0613168393721577,78.98533616859814,7.112884175122364,6.144923705673916,6.144923705673916,4.308060412490447,3.4646903780250446,3.4646903780250446,1.9704701804574842,1.9704701804574842,0.9212980007946734,0.9212980007946734,0.4921904518119704,0.4921904518119704,-0.53,90.44046466047871,8.470000000000002,5.603868808567606,5.339329135302875,56.20397104375984,4.736862953800049,0.0,0.0,0.0,5.969305287951849,4.794537184071822,0.0,0.0,0.0,13.847474399381248,12.841643245852019,6.4208216229260096,6.606881964512918,9.53140013787187,5.969305287951849,0.0,33.10993926815928,6.606881964512918,0.0,0.0,0.0,0.0,0.0,12.576187252464766,9.53140013787187,0.0,33.10993926815928,0.0,0.0,26.3,0.0,4.794537184071822,5.969305287951849,13.027703587438928,12.841643245852019,0.0,0.0,13.847474399381248,0.0,4.736862953800049,4.792638888888889,10.579722222222223,0.0,0.0,-0.07004629629629577,0.0,2.345239984882842,4.51911186696901,0.0,0.8571428571428571,9,0,2,0,0,0,0,0,0,2,0,2,4,0,0,0,0,1.7397,36.157999999999994,0,0,0,0,0,0,1,1,0,0,0,0,0,0,1,1,0,0,0,0,0,0,0,0,0,0
O=Cc1ccccc1O,18.35,10.067314814814814,0.03472222222222254,10.067314814814814,0.03472222222222254,0.5681374031144324,122.12299999999996,116.07499999999997,122.036779432,46,0.1532681322488156,-0.5072100278982061,0.5072100278982061,0.1532681322488156,1.3333333333333333,2.0,2.4444444444444446,16.256094460995353,10.2064815347475,1.926683674725132,-1.9084975277371177,2.111474623777825,-1.7670994095253116,5.782042221629941,0.11161475788531641,3.1479791300397526,217.91106510209755,6.69023444431199,4.7422132319119505,4.7422132319119505,4.342535255101096,2.575334461929934,2.575334461929934,1.6766668552982982,1.6766668552982982,1.0637215700056875,1.0637215700056875,0.5871869415178455,0.5871869415178455,-1.31,130.65102508867633,5.820039011703511,2.306763635550358,1.0768191760192187,52.75210108613335,5.106527394840706,5.749511833283905,6.286160523129555,0.0,0.0,4.794537184071822,0.0,0.0,0.0,12.13273413692322,12.13273413692322,0.0,5.563451491696996,9.901064578912528,6.286160523129555,0.0,0.0,0.0,29.828919765543436,5.749511833283905,0.0,0.0,5.749511833283905,11.39268791797026,0.0,0.0,10.357988675768818,24.26546827384644,0.0,37.3,0.0,4.794537184071822,5.749511833283905,11.849612014826551,0.0,6.06636706846161,18.19910120538483,0.0,0.0,5.106527394840706,0.0,10.067314814814814,8.879259259259259,0.3310185185185188,0.03472222222222254,6.400648148148148,0.6203703703703702,0.0,0.0,0.0,9,1,2,0,0,0,1,0,1,2,1,2,1,0,0,0,1,1.2047,33.494299999999996,0,0,0,1,0,0,1,1,1,0,0,1,0,0,0,0,0,0,0,0,0,1,1,1,0,0
C=Cc1ccccc1,2.4737,3.630925925925926,1.1736111111111112,3.630925925925926,1.1736111111111112,0.5126059376700752,104.15199999999997,96.08799999999998,104.062600256,40,-0.02625578937784246,-0.09847005004016512,0.09847005004016512,0.02625578937784246,1.125,1.75,2.125,13.813866930193818,10.213378517192888,1.7531756783708032,-1.8476108231354809,1.9690264572734049,-1.6332305402260128,5.452095614533308,1.6665744673634502,2.9910469146846212,162.65300142116237,5.819990956308912,4.671208396324302,4.671208396324302,3.931851652578137,2.607607027581636,2.607607027581636,1.614807747754891,1.614807747754891,1.0352747518073642,1.0352747518073642,0.589121682286802,0.589121682286802,-1.04,91.36757727918736,5.10367816091954,2.3141072195146584,0.9688488520408163,49.47168431610592,0.0,0.0,0.0,0.0,0.0,0.0,0.0,0.0,0.0,42.98679113274043,5.563451491696996,0.0,0.0,0.0,6.076020106833881,0.0,0.0,0.0,42.47422251760354,0.0,0.0,0.0,0.0,0.0,0.0,0.0,5.563451491696996,36.91077102590655,6.076020106833881,0.0,0.0,0.0,0.0,0.0,0.0,5.563451491696996,0.0,36.407855449141934,6.578935683598497,0.0,0.0,0.0,0.0,1.1736111111111112,0.0,10.028796296296296,1.8333333333333333,3.630925925925926,0.0,0.0,8,0,0,0,0,0,1,0,1,0,0,0,1,0,0,0,1,2.3296,36.53300000000001,0,0,0,0,0,0,0,0,0,0,0,1,0,0,0,0,0,0,0,0,0,0,0,0,0,0
OCCOCCOCCOCCO,20.44,8.35657854636345,0.04128086419753085,8.35657854636345,0.04128086419753085,0.43749139944601423,194.22699999999998,176.08299999999997,194.115423676,80,0.07011439369107968,-0.39398032487450974,0.39398032487450974,0.07011439369107968,0.5384615384615384,0.8461538461538461,1.1538461538461537,16.54532371756488,10.668862026690839,1.894194669704337,-2.043583608986997,1.7979400350612236,-2.1125595131238635,4.326811864760139,0.0023000751548775196,2.7581498184332935,78.60357147141794,9.778174593052025,7.776026311883886,7.776026311883886,6.414213562373096,4.364506339602554,4.364506339602554,2.2843309025873415,2.2843309025873415,1.215266256286161,1.215266256286161,0.6709879231169935,0.6709879231169935,-0.2,812.7027727261354,12.800000000000002,11.8,11.799999999999999,78.22294902151847,24.423643651081555,0.0,0.0,0.0,0.0,0.0,0.0,0.0,0.0,0.0,0.0,0.0,52.85505571610334,24.423643651081555,0.0,0.0,0.0,52.85505571610334,0.0,0.0,0.0,0.0,0.0,63.068110505784745,14.210588861400147,0.0,0.0,0.0,0.0,68.15,0.0,0.0,13.213763929025836,39.641291787077506,0.0,0.0,0.0,0.0,0.0,24.423643651081555,15.022897455278407,0.0,16.713157092726895,0.0,0.0,0.0,0.0,2.7639454519946947,0.0,1.0,13,2,5,0,0,0,0,0,0,5,2,5,10,0,0,0,0,-0.979199999999999,46.62860000000003,0,2,2,0,0,0,0,0,0,0,0,0,0,0,0,3,0,0,0,0,0,0,0,0,0,8
COCCOCCOCCOCCOC,7.68,5.2624305555555555,0.5945953010833963,5.2624305555555555,0.5945953010833963,0.44524533093782936,222.28099999999995,200.10499999999996,222.146723804,92,0.0701143954538758,-0.38229772617229335,0.38229772617229335,0.0701143954538758,0.4666666666666667,0.7333333333333333,1.0,16.556383721353058,10.665451312616737,1.9060553861461138,-2.056608704408977,1.8146901447087134,-2.120302557421944,4.33701617373481,-0.0037984427108259293,2.8079257388805243,97.98587018248574,11.192388155425121,9.698095701811697,9.698095701811697,7.414213562373096,5.12589765768623,5.12589765768623,2.822715866740873,2.822715866740873,1.6076070275816348,1.6076070275816348,0.8264062751078375,0.8264062751078375,-0.2,2230.017478996464,14.799999999999999,13.799999999999999,13.800000000000002,91.59145620493341,23.684314769000245,0.0,0.0,0.0,0.0,0.0,0.0,0.0,0.0,0.0,0.0,14.219595082555067,52.85505571610334,23.684314769000245,0.0,0.0,0.0,67.0746507986584,0.0,0.0,0.0,0.0,0.0,67.0746507986584,23.684314769000245,0.0,0.0,0.0,0.0,46.150000000000006,0.0,0.0,0.0,52.85505571610334,0.0,0.0,14.219595082555067,0.0,0.0,23.684314769000245,25.332686683106054,0.0,0.0,0.0,0.0,0.0,0.0,4.867283492398378,3.3000298244955673,1.0,15,0,5,0,0,0,0,0,0,5,0,5,12,0,0,0,0,0.32900000000000085,56.20900000000005,0,0,0,0,0,0,0,0,0,0,0,0,0,0,0,5,0,0,0,0,2,0,0,0,0,10
OCC1CCCO1,13.48,8.441018518518518,0.15277777777777746,8.441018518518518,0.15277777777777746,0.510634486072128,102.13300000000001,92.05299999999998,102.06807956,42,0.08061179343490381,-0.39367837065173167,0.39367837065173167,0.08061179343490381,1.7142857142857142,2.5714285714285716,2.857142857142857,16.501241310067318,10.249917306864383,2.1202137500899805,-2.0005390027645005,2.0925489548655127,-2.0859822989640877,4.609229596226363,0.05911419739365505,2.1399633186493645,48.041843979966416,5.112884175122364,4.261239279899637,4.261239279899637,3.431851652578137,2.657101741934893,2.657101741934893,1.8176019908498866,1.8176019908498866,1.2276254226758745,1.2276254226758745,0.7883292878844071,0.7883292878844071,-0.08,66.31310982742876,5.0645086705202305,2.28455463728191,1.1433103420539323,43.10096731358964,9.843390348640755,0.0,0.0,0.0,0.0,0.0,0.0,0.0,0.0,0.0,12.841643245852019,6.606881964512918,12.71084835226122,9.843390348640755,0.0,0.0,18.94560963360032,13.213763929025836,0.0,0.0,0.0,0.0,0.0,24.424257711614846,4.736862953800049,0.0,12.841643245852019,0.0,0.0,29.46,0.0,0.0,12.71084835226122,0.0,19.448525210364938,0.0,0.0,0.0,0.0,9.843390348640755,5.052083333333334,0.0,8.441018518518518,0.0,0.0,0.0,2.3072685185185184,1.032962962962963,0.0,1.0,7,1,2,0,1,1,0,0,0,2,1,2,1,0,1,1,1,0.15769999999999995,26.05979999999999,0,1,1,0,0,0,0,0,0,0,0,0,0,0,0,1,0,0,0,0,0,0,0,0,0,0
c1ccc2c(c1)CCCC2,2.771,2.258425925925926,1.3017592592592593,2.258425925925926,1.3017592592592593,0.5086297206140044,132.206,120.10999999999997,132.093900384,52,-0.027602666714009613,-0.06197440256795898,0.06197440256795898,0.027602666714009613,0.8,1.3,1.8,14.108498318975968,9.92045771528401,2.054300106320932,-2.133853191351853,2.1919668594212993,-2.0031930752971863,5.2822547315177175,0.6854657156513604,2.414292094177304,200.23484899951498,6.811554787871633,6.1378282015046945,6.1378282015046945,4.9663264951887856,4.034457050376173,4.034457050376173,2.975817109631581,2.975817109631581,2.2606161316565205,2.2606161316565205,1.6761768643159773,1.6761768643159773,-0.78,348.57046183703704,5.964482443005351,2.4517901863265905,0.9420016699918123,61.885340423554176,0.0,0.0,0.0,0.0,0.0,0.0,0.0,0.0,0.0,24.26546827384644,36.81018947509803,0.0,0.0,0.0,0.0,0.0,25.683286491704038,0.0,35.392371257240434,0.0,0.0,0.0,0.0,0.0,12.841643245852019,0.0,23.968546229246012,24.26546827384644,0.0,0.0,0.0,0.0,0.0,0.0,0.0,25.683286491704038,11.126902983393991,0.0,24.26546827384644,0.0,0.0,0.0,0.0,3.155092592592593,0.0,8.802870370370371,5.37537037037037,0.0,0.0,0.4,10,0,0,1,0,1,1,0,1,0,0,0,0,0,0,0,2,2.5654000000000003,43.084000000000024,0,0,0,0,0,0,0,0,0,0,2,1,1,0,0,0,0,0,0,0,0,0,0,0,0,0
OC1CCc2ccccc2C1,11.7,9.35593820861678,-0.10657407407407438,9.35593820861678,0.10657407407407438,0.59132191678848,148.20499999999996,136.10899999999998,148.088815004,58,0.058338593689573774,-0.39277278270958565,0.39277278270958565,0.058338593689573774,1.1818181818181819,1.9090909090909092,2.727272727272727,16.26583496896167,9.900236640209686,2.1407031740633533,-2.1920371479731906,2.198557576824811,-2.175949206687958,5.292573367646502,0.1583784307288672,2.3421943753296612,254.80461928814677,7.681798275874712,6.455285285007729,6.455285285007729,5.360173345306137,4.109152521051061,4.109152521051061,3.1653331145367023,3.1653331145367023,2.3208241941974164,2.3208241941974164,1.6785475654096444,1.6785475654096444,-0.8200000000000001,487.8529731213885,6.863561560542881,2.6656660782077517,1.2864543031768623,66.67957417575018,5.106527394840706,0.0,0.0,0.0,0.0,0.0,0.0,0.0,0.0,24.26546827384644,30.38936785217202,0.0,6.103966387748303,5.106527394840706,0.0,0.0,25.36643125652633,0.0,35.392371257240434,0.0,0.0,0.0,0.0,11.210493782589008,12.841643245852019,0.0,17.54772460632,24.26546827384644,0.0,20.23,0.0,5.106527394840706,6.103966387748303,0.0,19.26246486877803,11.126902983393991,0.0,6.06636706846161,18.19910120538483,0.0,0.0,0.0,9.35593820861678,2.7398611111111117,0.0,8.367395124716552,2.7034722222222216,0.0,0.0,0.4,11,1,1,1,0,1,1,0,1,1,1,1,0,0,0,0,2,1.5362,44.473800000000026,0,1,1,0,0,0,0,0,0,0,1,1,1,0,0,0,0,0,0,0,0,0,0,0,0,0
Cc1ccc(C)c(C)c1C,2.538,2.1782407407407405,1.3917592592592594,2.1782407407407405,1.3917592592592594,0.5114796780810564,134.222,120.10999999999997,134.109550448,54,-0.03923828708052484,-0.058778541985353226,0.058778541985353226,0.03923828708052484,0.7,1.0,1.3,14.027889001207871,10.001153571910727,1.9701438392844914,-2.056643955073205,2.1473514194103442,-1.8799325216393643,5.3714505493372,1.2167683558099327,3.3421538077705124,219.46037742768317,7.723614639131599,7.1547005383792515,7.1547005383792515,4.625897657686229,3.660683602522959,3.660683602522959,2.9493587371177723,2.9493587371177723,2.3288460352255527,2.3288460352255527,1.0915063509461098,1.0915063509461098,-0.78,171.96225538705855,7.328459869848157,2.4517901863265905,1.0617353254647492,62.89117157708339,0.0,0.0,0.0,0.0,0.0,0.0,0.0,0.0,0.0,12.13273413692322,49.948754765550476,0.0,0.0,0.0,0.0,0.0,27.694948798762496,0.0,34.386540103711205,0.0,0.0,0.0,0.0,0.0,0.0,27.694948798762496,22.253805966787983,12.13273413692322,0.0,0.0,0.0,0.0,0.0,0.0,0.0,22.253805966787983,0.0,0.0,39.827682935685715,0.0,0.0,0.0,0.0,5.64462962962963,0.0,4.356481481481481,0.0,8.665555555555555,0.0,0.4,10,0,0,0,0,0,1,0,1,0,0,0,0,0,0,0,1,2.9202800000000018,45.39000000000002,0,0,0,0,0,0,0,0,0,0,2,1,0,0,0,0,0,0,0,0,0,0,0,0,0,0
Cc1ccccc1,2.379,2.0833333333333335,1.3217592592592595,2.0833333333333335,1.3217592592592595,0.4588062796575455,92.14099999999999,84.07699999999998,92.062600256,36,-0.039774526323627504,-0.06224908578199481,0.06224908578199481,0.039774526323627504,1.0,1.5714285714285714,1.8571428571428572,13.782105281259431,10.2446262174219,1.7152546995077484,-1.8223238719751815,1.9162789955764012,-1.6221555927559288,5.11182720852277,1.475756642372446,3.0214653097240864,129.96566024533826,5.112884175122364,4.386751345948129,4.386751345948129,3.393846850117352,2.4106836025229597,2.4106836025229597,1.654700538379252,1.654700538379252,0.9404557350153064,0.9404557350153064,0.5343778974176118,0.5343778974176118,-0.78,47.19725257297226,4.380771704180065,1.7832860398554335,1.0382641324115067,43.79634523389357,0.0,0.0,0.0,0.0,0.0,0.0,0.0,0.0,0.0,35.89528683400505,6.923737199690624,0.0,0.0,0.0,0.0,0.0,6.923737199690624,0.0,35.89528683400505,0.0,0.0,0.0,0.0,0.0,0.0,6.923737199690624,5.563451491696996,30.33183534230805,0.0,0.0,0.0,0.0,0.0,0.0,0.0,5.563451491696996,0.0,18.19910120538483,19.056471336613843,0.0,0.0,0.0,0.0,1.3217592592592595,0.0,10.261574074074074,0.0,2.0833333333333335,0.0,0.14285714285714285,7,0,0,0,0,0,1,0,1,0,0,0,0,0,0,0,1,1.99502,31.17899999999999,0,0,0,0,0,0,0,0,0,0,1,1,0,0,0,0,0,0,0,0,0,0,0,0,0,0
CCCCCCC(=O)CCCCCC,7.6,11.369350907029478,0.48352418745275916,11.369350907029478,0.48352418745275916,0.4724056154574517,198.34999999999994,172.14199999999997,198.198365452,84,0.13241132442880493,-0.29971790898559925,0.29971790898559925,0.13241132442880493,0.7142857142857143,1.1428571428571428,1.5,16.137817609429707,10.049385869808463,2.0023277873500285,-2.0010369489031556,2.0785670931351397,-1.9689155895444008,5.777027839795547,-0.11882968096274597,3.1134825987889045,115.19725257297226,10.648418081055103,9.97931610232934,9.97931610232934,6.808060412490447,6.3254444887915735,6.3254444887915735,4.159995478154454,4.159995478154454,2.6183377076050256,2.6183377076050256,1.62289095789068,1.62289095789068,-0.33,1198.2696054316536,13.670000000000002,10.748926598263616,9.755689802913453,89.28007850063263,0.0,5.783244946364939,0.0,0.0,0.0,4.794537184071822,0.0,0.0,0.0,52.372404136937305,12.841643245852019,12.841643245852019,0.0,4.794537184071822,5.783244946364939,0.0,78.05569062864136,0.0,0.0,0.0,0.0,0.0,0.0,5.783244946364939,4.794537184071822,0.0,78.05569062864136,0.0,0.0,17.07,0.0,4.794537184071822,0.0,5.783244946364939,25.683286491704038,38.524929737556064,0.0,0.0,13.847474399381248,0.0,0.0,11.369350907029478,0.0,0.0,0.48352418745275916,0.0,11.411867654851962,4.401923917332467,0.0,0.9230769230769231,14,0,1,0,0,0,0,0,0,1,0,1,10,0,0,0,0,4.496300000000004,62.525000000000055,0,0,0,0,0,0,1,1,0,0,0,0,0,0,0,0,0,1,1,0,0,0,0,0,0,4
C=CCCCCCCCCCCC,2.139,3.728382117394667,1.2042011019283747,3.728382117394667,1.2042011019283747,0.3257941482060202,182.35099999999997,156.14299999999997,182.203450832,78,-0.0353412931099218,-0.10308297893627165,0.10308297893627165,0.0353412931099218,0.7692307692307693,1.2307692307692308,1.6923076923076923,13.963730955515278,10.06716278647812,1.8996016081475047,-1.9969917192028053,2.0970261058718975,-1.7995603205502437,4.647448665928554,0.5663423952307585,2.7919988397452453,94.21143267166842,9.778174593052025,9.35552486224165,9.35552486224165,6.414213562373096,6.023603362114272,6.023603362114272,3.9057773939358147,3.9057773939358147,2.511801681057136,2.511801681057136,1.5993353063746334,1.5993353063746334,-0.26,812.7027727261354,12.739999999999998,11.74,11.74,84.4289533684046,0.0,0.0,0.0,0.0,0.0,0.0,0.0,0.0,6.578935683598497,64.36633028993259,12.841643245852019,0.0,0.0,0.0,0.0,0.0,71.13195342895074,0.0,12.654955790432378,0.0,0.0,0.0,0.0,0.0,0.0,0.0,71.13195342895074,12.654955790432378,0.0,0.0,0.0,0.0,0.0,0.0,0.0,64.20821622926012,0.0,6.076020106833881,13.502672883289122,0.0,0.0,0.0,0.0,0.0,0.0,0.0,15.998518945380418,6.001481054619583,0.0,0.8461538461538461,13,0,0,0,0,0,0,0,0,0,0,0,10,0,0,0,0,5.093300000000005,62.041000000000054,0,0,0,0,0,0,0,0,0,1,0,0,0,0,0,0,0,0,0,0,0,0,0,0,0,8
CCOC(OCC)OCC,4.779,5.078333333333333,-0.47222222222222276,5.078333333333333,0.47222222222222276,0.5324629796952653,148.202,132.07399999999998,148.109944372,62,0.27108872599008393,-0.3302374253099551,0.3302374253099551,0.27108872599008393,0.8,1.1,1.3,16.84017766290844,10.808948151593428,2.0399042489266535,-2.148313948250671,1.9546088633922567,-2.203037013523273,4.228453587565388,-0.2823264042728761,3.2950821163049606,51.606896511778146,7.819990956308912,6.9234154841408575,6.9234154841408575,4.846065214951232,3.6944525285306287,3.6944525285306287,1.654700538379252,1.654700538379252,0.9082482904638634,0.9082482904638634,0.5525858577612696,0.5525858577612696,-0.12,153.59701265360627,9.88,6.992612612612613,4.730174498823148,62.269539402729826,14.210588861400147,0.0,0.0,6.476087070922121,0.0,0.0,0.0,0.0,0.0,0.0,20.771211599071872,19.820645893538753,0.0,14.210588861400147,0.0,0.0,27.24729866999399,19.820645893538753,0.0,0.0,0.0,0.0,0.0,26.296732964460876,14.210588861400147,0.0,20.771211599071872,0.0,0.0,27.69,6.476087070922121,0.0,0.0,19.820645893538753,0.0,0.0,0.0,20.771211599071872,0.0,14.210588861400147,15.235,0.0,0.0,0.0,0.0,0.0,0.0,7.098333333333333,0.0,1.0,10,0,3,0,0,0,0,0,0,3,0,3,6,0,0,0,0,1.3795,38.666000000000004,0,0,0,0,0,0,0,0,0,0,0,0,0,0,0,3,0,0,0,0,0,0,0,0,0,0
CCc1cc(CC)cc(CC)c1,2.256,2.318611111111111,1.1536111111111111,2.318611111111111,1.1536111111111111,0.638904466613166,162.27599999999998,144.13199999999998,162.140850576,66,-0.030723888995471238,-0.0612937976532388,0.0612937976532388,0.030723888995471238,0.6666666666666666,0.9166666666666666,1.0833333333333333,14.018449663361602,10.012299858603512,1.9600581647041555,-2.046180273006613,2.1159236975795848,-1.8967270319568348,5.297345541205474,1.0425686018522242,3.011257354290591,192.98255553483457,8.974691494688164,8.35337115112852,8.35337115112852,5.795554957734411,4.914031322908341,4.914031322908341,3.21841774506363,3.21841774506363,2.3371173070873836,2.3371173070873836,1.4517697445325843,1.4517697445325843,-0.78,595.1999366929648,9.309126559714795,4.296487425843833,2.1009139360681814,75.6210558058766,0.0,0.0,0.0,0.0,0.0,0.0,0.0,0.0,0.0,38.970312804456704,35.95281934386901,0.0,0.0,0.0,0.0,0.0,40.0336764678499,0.0,34.88945568047582,0.0,0.0,0.0,0.0,0.0,19.26246486877803,0.0,37.46156607416286,18.19910120538483,0.0,0.0,0.0,0.0,0.0,0.0,19.26246486877803,16.690354475090988,0.0,0.0,38.970312804456704,0.0,0.0,0.0,0.0,4.433888888888889,0.0,6.9558333333333335,3.4608333333333334,6.649444444444444,0.0,0.5,12,0,0,0,0,0,1,0,1,0,0,0,3,0,0,0,1,3.373800000000002,54.57600000000004,0,0,0,0,0,0,0,0,0,0,3,1,0,0,0,0,0,0,0,0,0,0,0,0,0,0
OCCOCCOCCO,23.69,8.263138463718821,0.04166666666666652,8.263138463718821,0.04166666666666652,0.4571376225737072,150.174,136.06199999999998,150.089208928,62,0.07011417636253671,-0.39398032487450974,0.39398032487450974,0.07011417636253671,0.7,1.1,1.4,16.52900932345186,10.686072527240288,1.8615819007410503,-2.0127871939818895,1.7614694023633564,-2.0855832970091526,4.297640641497955,0.022200782201089068,2.6476048489438337,49.70950594454669,7.6568542494923815,5.953564459046927,5.953564459046927,4.914213562373096,3.2871560704129275,3.2871560704129275,1.671958466891547,1.671958466891547,0.8432577883580145,0.8432577883580145,0.4510747203032699,0.4510747203032699,-0.16,175.07674799821407,9.839999999999998,8.840000000000002,7.840000000000001,60.379519563218366,19.68678069728151,0.0,0.0,0.0,0.0,0.0,0.0,0.0,0.0,0.0,0.0,0.0,39.641291787077506,19.68678069728151,0.0,0.0,0.0,39.641291787077506,0.0,0.0,0.0,0.0,0.0,49.854346576758914,9.473725907600098,0.0,0.0,0.0,0.0,58.92,0.0,0.0,13.213763929025836,26.427527858051672,0.0,0.0,0.0,0.0,0.0,19.68678069728151,9.74545918367347,0.0,16.526276927437642,0.0,0.0,0.0,0.0,1.7282638888888888,0.0,1.0,10,2,4,0,0,0,0,0,0,4,2,4,7,0,0,0,0,-0.9958000000000002,35.809599999999996,0,2,2,0,0,0,0,0,0,0,0,0,0,0,0,2,0,0,0,0,0,0,0,0,0,5
COCCOCCOCCOC,7.62,5.163437500000001,0.6181292517006802,5.163437500000001,0.6181292517006802,0.4761817023320393,178.22799999999998,160.08399999999997,178.120509056,74,0.07011439248751951,-0.38229772617229335,0.38229772617229335,0.07011439248751951,0.5833333333333334,0.9166666666666666,1.25,16.548487293507783,10.679667809422712,1.8833135163881196,-2.0382259777594,1.7926989352254334,-2.1005261372458204,4.316125829377169,0.01060465006207289,2.72724281291869,67.45811190640111,9.071067811865477,7.875633848974738,7.875633848974738,5.914213562373096,4.048547388496604,4.048547388496604,2.2103434310450782,2.2103434310450782,1.2355985596534889,1.2355985596534889,0.606493072294114,0.606493072294114,-0.16,488.92509398668415,11.839999999999998,10.840000000000002,9.839999999999998,73.74802674663331,18.947451815200196,0.0,0.0,0.0,0.0,0.0,0.0,0.0,0.0,0.0,0.0,14.219595082555067,39.641291787077506,18.947451815200196,0.0,0.0,0.0,53.860886869632566,0.0,0.0,0.0,0.0,0.0,53.860886869632566,18.947451815200196,0.0,0.0,0.0,0.0,36.92,0.0,0.0,0.0,39.641291787077506,0.0,0.0,14.219595082555067,0.0,0.0,18.947451815200196,19.92910666003469,0.0,0.0,0.0,0.0,0.0,0.0,3.768418997228521,3.3024743427367884,1.0,12,0,4,0,0,0,0,0,0,4,0,4,9,0,0,0,0,0.3124,45.39000000000002,0,0,0,0,0,0,0,0,0,0,0,0,0,0,0,4,0,0,0,0,2,0,0,0,0,7
Cc1cccc(C)c1C,4.9,2.1574074074074074,1.3842592592592595,2.1574074074074074,1.3842592592592595,0.4933927122974484,120.195,108.09899999999998,120.093900384,48,-0.03924826125183226,-0.06172129778023983,0.06172129778023983,0.03924826125183226,0.8888888888888888,1.3333333333333333,1.6666666666666667,13.972415202776245,10.05578525685956,1.9130635293149654,-2.003644520203166,2.0940411891533945,-1.8233373448608452,5.310663898612129,1.2670790693832314,3.2478347337367026,191.0283370413565,6.8533711511285205,6.232050807568877,6.232050807568877,4.21521405516327,3.2440169358562927,3.2440169358562927,2.5168088268476474,2.5168088268476474,1.875462791622095,1.875462791622095,0.8977918909913551,0.8977918909913551,-0.78,109.737515096202,6.341654501216546,2.218872016802184,1.1256808896802857,56.52622946268678,0.0,0.0,0.0,0.0,0.0,0.0,0.0,0.0,0.0,18.19910120538483,37.46156607416286,0.0,0.0,0.0,0.0,0.0,20.771211599071872,0.0,34.88945568047582,0.0,0.0,0.0,0.0,0.0,0.0,20.771211599071872,16.690354475090988,18.19910120538483,0.0,0.0,0.0,0.0,0.0,0.0,0.0,16.690354475090988,0.0,0.0,38.9703128044567,0.0,0.0,0.0,0.0,4.182870370370371,0.0,6.377314814814815,0.0,6.439814814814815,0.0,0.3333333333333333,9,0,0,0,0,0,1,0,1,0,0,0,0,0,0,0,1,2.611860000000001,40.65300000000001,0,0,0,0,0,0,0,0,0,0,2,1,0,0,0,0,0,0,0,0,0,0,0,0,0,0
Cc1ccc(C)c(C)c1,2.44,2.2037037037037037,1.345462962962963,2.2037037037037037,1.345462962962963,0.4933927122974484,120.195,108.09899999999998,120.093900384,48,-0.03950156209354446,-0.059043013944034425,0.059043013944034425,0.03950156209354446,0.8888888888888888,1.5555555555555556,2.0,13.94626318339716,10.082116398408997,1.8851595102255807,-1.9790456865146857,2.0706808331741313,-1.7941192218676645,5.28233709506377,1.3000507270249129,3.1716780304409156,211.27833704135645,6.8533711511285205,6.232050807568878,6.232050807568878,4.198377302757663,3.2380338717125854,3.2380338717125854,2.5877132402714715,2.5877132402714715,1.6624107643699337,1.6624107643699337,0.8913460352255531,0.8913460352255531,-0.78,104.20091930659319,6.341654501216546,2.218872016802184,1.3174550052099938,56.526229462686786,0.0,0.0,0.0,0.0,0.0,0.0,0.0,0.0,0.0,23.762552697081826,31.898114582465862,0.0,0.0,0.0,0.0,0.0,20.771211599071872,0.0,34.88945568047582,0.0,0.0,0.0,0.0,0.0,0.0,20.771211599071872,16.690354475090988,18.19910120538483,0.0,0.0,0.0,0.0,0.0,0.0,0.0,16.690354475090988,0.0,0.0,38.970312804456704,0.0,0.0,0.0,0.0,4.105277777777778,0.0,6.502314814814815,0.0,6.392407407407408,0.0,0.3333333333333333,9,0,0,0,0,0,1,0,1,0,0,0,0,0,0,0,1,2.611860000000001,40.65300000000001,0,0,0,0,0,0,0,0,0,0,3,1,0,0,0,0,0,0,0,0,0,0,0,0,0,0
Cc1cc(C)cc(C)c1,2.656,2.1875,1.3541666666666667,2.1875,1.3541666666666667,0.4933927122974484,120.19499999999998,108.09899999999998,120.093900384,48,-0.03975468316246081,-0.05636528474297494,0.05636528474297494,0.03975468316246081,0.6666666666666666,0.8888888888888888,1.1111111111111112,13.931089724094374,10.09758412692568,1.868892864562198,-1.9646511704342249,2.057339500550052,-1.7766825517897538,5.266192904514411,1.3221483571171515,3.165670309917317,160.80051514850786,6.8533711511285205,6.232050807568878,6.232050807568878,4.1815405503520555,3.2320508075688776,3.2320508075688776,2.665063509461097,2.665063509461097,1.366025403784439,1.366025403784439,1.202350269189626,1.202350269189626,-0.78,85.7569381887915,6.341654501216546,2.218872016802184,1.5627607309331124,56.526229462686786,0.0,0.0,0.0,0.0,0.0,0.0,0.0,0.0,0.0,34.88945568047582,20.771211599071872,0.0,0.0,0.0,0.0,0.0,20.771211599071872,0.0,34.88945568047582,0.0,0.0,0.0,0.0,0.0,0.0,20.771211599071872,16.690354475090988,18.19910120538483,0.0,0.0,0.0,0.0,0.0,0.0,0.0,16.690354475090988,0.0,0.0,38.970312804456704,0.0,0.0,0.0,0.0,4.062500000000001,0.0,6.5625,0.0,6.375,0.0,0.3333333333333333,9,0,0,0,0,0,1,0,1,0,0,0,0,0,0,0,1,2.611860000000001,40.65300000000001,0,0,0,0,0,0,0,0,0,0,3,1,0,0,0,0,0,0,0,0,0,0,0,0,0,0
CC(=CC(C)C)CC(C)C,2.293,2.3472222222222223,0.7071759259259259,2.3472222222222223,0.7071759259259259,0.5249883534532827,140.27,120.10999999999997,140.15650064,60,-0.028784389573581814,-0.08303252922359289,0.08303252922359289,0.028784389573581814,1.2,1.7,2.0,14.016696899239522,10.0123734721792,1.9532640747496288,-2.051456946366223,2.1125245963307666,-1.8973197895715443,4.993120009069663,0.6352251345329744,3.709383026329404,107.20671786825557,8.146264369941973,7.939157588755425,7.939157588755425,4.519744507803581,4.193211225743786,4.193211225743786,3.8550072682922614,3.8550072682922614,1.3480746960913104,1.3480746960913104,1.2810275263322053,1.2810275263322053,-0.26,88.34747999952293,9.739999999999998,4.539257201710308,5.869198966408269,65.33412702521476,0.0,0.0,0.0,0.0,0.0,0.0,0.0,0.0,0.0,39.34407343566565,25.180370914939417,0.0,0.0,0.0,0.0,11.835812092322787,41.03950762137913,0.0,11.64912463690315,0.0,0.0,0.0,0.0,0.0,0.0,11.835812092322787,41.03950762137913,11.64912463690315,0.0,0.0,0.0,0.0,0.0,5.917906046161393,5.917906046161393,11.993926152995277,0.0,0.0,40.694706105287,0.0,0.0,0.0,0.0,1.5324074074074077,1.5081018518518516,0.0,3.595416666666667,11.197407407407407,0.0,0.8,10,0,0,0,0,0,0,0,0,0,0,0,3,0,0,0,0,3.634800000000003,48.050000000000026,0,0,0,0,0,0,0,0,0,2,0,0,0,0,0,0,0,0,0,0,0,0,0,0,0,0
C=C(C)CC(C)(C)C,2.0908,3.8404861111111113,0.4224537037037037,3.8404861111111113,0.4224537037037037,0.4573184409568142,112.21599999999998,96.08799999999998,112.12520051199999,48,-0.027675510473789956,-0.1001206609624155,0.1001206609624155,0.027675510473789956,1.375,1.75,1.75,14.135661636096845,9.891238818039874,2.0793481797917868,-2.165335093838743,2.2149806454965693,-2.034493519119689,4.914785034503663,0.4100746866697635,3.5512529243669313,82.70165766734145,6.784457050376173,6.414213562373095,6.414213562373095,3.4165022194363885,3.060660171779821,3.060660171779821,3.6945436482630054,3.6945436482630054,0.8321067811865475,0.8321067811865475,0.9053300858899105,0.9053300858899105,-0.26,23.005390496014627,7.739999999999999,2.340807862747661,5.740000000000001,52.60424279642154,0.0,0.0,0.0,0.0,0.0,0.0,0.0,0.0,6.578935683598497,26.344316129141138,18.759549292013414,0.0,0.0,0.0,0.0,5.41499046939678,34.11577042168851,0.0,12.152040213667764,0.0,0.0,0.0,0.0,0.0,0.0,5.41499046939678,34.11577042168851,12.152040213667764,0.0,0.0,0.0,0.0,0.0,5.41499046939678,6.4208216229260096,5.573104530069267,0.0,0.0,34.273884482361,0.0,0.0,0.0,0.0,1.697916666666667,0.0,0.0,1.1319444444444444,12.586805555555554,0.0,0.75,8,0,0,0,0,0,0,0,0,0,0,0,1,0,0,0,0,2.9987000000000013,38.886,0,0,0,0,0,0,0,0,0,1,0,0,0,0,0,0,0,0,0,0,0,0,0,0,0,0
C=CCCCCCCCCC,2.137,3.7079160595597283,1.2021604938271606,3.7079160595597283,1.2021604938271606,0.36073349676483174,154.297,132.12099999999998,154.172150704,66,-0.03534129310992181,-0.10308297893627165,0.10308297893627165,0.03534129310992181,0.9090909090909091,1.4545454545454546,2.0,13.941088859358077,10.08817477075564,1.877008749660025,-1.9759552571571368,2.0744947626973462,-1.778439427207045,4.647038797959633,0.5920376544511284,2.7376715685719475,74.10749561002055,8.36396103067893,7.941311299868554,7.941311299868554,5.414213562373096,5.023603362114272,5.023603362114272,3.1986706127492677,3.1986706127492677,2.011801681057136,2.011801681057136,1.2457819157813599,1.2457819157813599,-0.26,292.8860629742695,10.74,9.739999999999998,9.74,71.69906913961138,0.0,0.0,0.0,0.0,0.0,0.0,0.0,0.0,6.578935683598497,51.524687044080565,12.841643245852019,0.0,0.0,0.0,0.0,0.0,58.29031018309871,0.0,12.654955790432378,0.0,0.0,0.0,0.0,0.0,0.0,0.0,58.29031018309871,12.654955790432378,0.0,0.0,0.0,0.0,0.0,0.0,0.0,51.36657298340809,0.0,6.076020106833881,13.502672883289122,0.0,0.0,0.0,0.0,0.0,0.0,0.0,13.030464537666917,5.969535462333081,0.0,0.8181818181818182,11,0,0,0,0,0,0,0,0,0,0,0,8,0,0,0,0,4.313100000000003,52.80700000000004,0,0,0,0,0,0,0,0,0,1,0,0,0,0,0,0,0,0,0,0,0,0,0,0,0,6
Cc1ccccc1C,2.562,2.1203703703703702,1.3680555555555558,2.1203703703703702,1.3680555555555558,0.47575768534032103,106.16799999999999,96.08799999999998,106.07825032,42,-0.039511492179969666,-0.06198519188632999,0.06198519188632999,0.039511492179969666,0.875,1.25,1.5,13.895388335812484,10.131972178262572,1.8333702494943909,-1.9301487560702846,2.0210545658514985,-1.7433360304648589,5.2277847976727765,1.342538972786028,3.134861511345448,156.14811391899892,5.983127663125442,5.309401076758503,5.309401076758503,3.804530452640311,2.827350269189626,2.827350269189626,2.084258916577523,2.084258916577523,1.425569668769133,1.425569668769133,0.6626779572375285,0.6626779572375285,-0.78,72.49526582754562,5.358504155124653,1.9937447122872558,0.8900073912094391,50.16128734829018,0.0,0.0,0.0,0.0,0.0,0.0,0.0,0.0,0.0,24.26546827384644,24.974377382775238,0.0,0.0,0.0,0.0,0.0,13.847474399381248,0.0,35.392371257240434,0.0,0.0,0.0,0.0,0.0,0.0,13.847474399381248,11.126902983393991,24.26546827384644,0.0,0.0,0.0,0.0,0.0,0.0,0.0,11.126902983393991,0.0,0.0,38.112942673227685,0.0,0.0,0.0,0.0,2.7361111111111116,0.0,8.356481481481481,0.0,4.2407407407407405,0.0,0.25,8,0,0,0,0,0,1,0,1,0,0,0,0,0,0,0,1,2.30344,35.916,0,0,0,0,0,0,0,0,0,0,2,1,0,0,0,0,0,0,0,0,0,0,0,0,0,0
Cc1cccc(C)c1,2.359,2.1666666666666665,1.3379629629629632,2.1666666666666665,1.3379629629629632,0.47575768534032103,106.16799999999999,96.08799999999998,106.07825032,42,-0.03976460504894693,-0.06174087142677341,0.06174087142677341,0.03976460504894693,1.0,1.5,1.75,13.866097802962315,10.161620655442979,1.801969643363488,-1.902575146810309,1.9954308850121385,-1.7097635661219206,5.197667924264773,1.3865224211680824,3.077660437970554,159.89811391899892,5.983127663125442,5.309401076758503,5.309401076758503,3.787693700234704,2.821367205045919,2.821367205045919,2.1581548620732005,2.1581548620732005,1.1735753140545637,1.1735753140545637,0.807015524534935,0.807015524534935,-0.78,64.0524865010122,5.358504155124653,1.9937447122872558,1.0935372033822537,50.16128734829017,0.0,0.0,0.0,0.0,0.0,0.0,0.0,0.0,0.0,35.392371257240434,13.847474399381248,0.0,0.0,0.0,0.0,0.0,13.847474399381248,0.0,35.392371257240434,0.0,0.0,0.0,0.0,0.0,0.0,13.847474399381248,11.126902983393991,24.26546827384644,0.0,0.0,0.0,0.0,0.0,0.0,0.0,11.126902983393991,0.0,0.0,38.112942673227685,0.0,0.0,0.0,0.0,2.6759259259259265,0.0,8.449074074074073,0.0,4.208333333333333,0.0,0.25,8,0,0,0,0,0,1,0,1,0,0,0,0,0,0,0,1,2.30344,35.916,0,0,0,0,0,0,0,0,0,0,2,1,0,0,0,0,0,0,0,0,0,0,0,0,0,0
Cc1ccc(C)cc1,2.2735,2.1203703703703702,1.3292592592592594,2.1203703703703702,1.3292592592592594,0.47575768534032103,106.16799999999999,96.08799999999998,106.07825032,42,-0.03977419408172197,-0.05906257918023874,0.05906257918023874,0.03977419408172197,0.75,1.0,1.25,13.857926266609555,10.16974647209797,1.793218016453734,-1.8950191180357168,1.9882406125405065,-1.7005956422241364,5.189391809591328,1.398536374377432,3.0324555320336755,138.89811391899892,5.983127663125442,5.309401076758504,5.309401076758504,3.787693700234704,2.821367205045919,2.821367205045919,2.154700538379252,2.154700538379252,1.2182335127930843,1.2182335127930843,0.63689453417432,0.63689453417432,-0.78,70.79892376087899,5.358504155124653,1.9937447122872558,1.0935372033822537,50.16128734829017,0.0,0.0,0.0,0.0,0.0,0.0,0.0,0.0,0.0,35.392371257240434,13.847474399381248,0.0,0.0,0.0,0.0,0.0,13.847474399381248,0.0,35.392371257240434,0.0,0.0,0.0,0.0,0.0,0.0,13.847474399381248,11.126902983393991,24.26546827384644,0.0,0.0,0.0,0.0,0.0,0.0,0.0,11.126902983393991,0.0,0.0,38.112942673227685,0.0,0.0,0.0,0.0,2.6585185185185187,0.0,8.481481481481481,0.0,4.193333333333333,0.0,0.25,8,0,0,0,0,0,1,0,1,0,0,0,0,0,0,0,1,2.30344,35.916,0,0,0,0,0,0,0,0,0,0,2,1,0,0,0,0,0,0,0,0,0,0,0,0,0,0
Cc1ccc(O)c(C)c1,5.06,9.043703703703704,0.37555555555555586,9.043703703703704,0.37555555555555586,0.5577043959706656,122.16699999999999,112.08699999999997,122.07316494,48,0.11799932341781073,-0.5076869366940918,0.5076869366940918,0.11799932341781073,1.2222222222222223,1.8888888888888888,2.3333333333333335,16.255283231028788,10.141013979595721,1.9121012180816048,-1.9662802561396755,2.1503676551195547,-1.7478908746833275,5.335343229290066,0.470722042824507,3.1716780304409156,215.80766205433727,6.8533711511285205,5.679264403068835,5.679264403068835,4.198377302757663,2.9616406694625645,2.9616406694625645,2.2899409494252287,2.2899409494252287,1.3522952509676334,1.3522952509676334,0.8053865790869081,0.8053865790869081,-0.98,104.20091930659319,6.144688279301746,2.094917408045428,1.2244346499594405,54.95552110048619,5.106527394840706,5.749511833283905,0.0,0.0,0.0,0.0,0.0,0.0,0.0,17.696185628620217,25.477292959539852,0.0,0.0,5.106527394840706,0.0,0.0,13.847474399381248,0.0,29.32600418877882,5.749511833283905,0.0,0.0,5.749511833283905,5.106527394840706,0.0,13.847474399381248,11.126902983393991,18.19910120538483,0.0,20.23,0.0,0.0,0.0,5.749511833283905,5.563451491696996,5.563451491696996,6.06636706846161,25.980208536304467,0.0,5.106527394840706,0.0,0.0,9.043703703703704,2.1252777777777783,0.37555555555555586,5.55787037037037,0.0,3.8975925925925927,0.0,0.25,9,1,1,0,0,0,1,0,1,1,1,1,0,0,0,0,1,2.0090399999999997,37.5808,0,0,0,1,0,0,0,0,0,0,2,1,0,0,0,0,0,0,0,0,0,0,1,1,0,0
Cc1cc(C)cc(O)c1,9.06,8.99388888888889,0.35416666666666696,8.99388888888889,0.35416666666666696,0.5577043959706656,122.16699999999997,112.08699999999997,122.07316494,48,0.11560448564858775,-0.5079461480132894,0.5079461480132894,0.11560448564858775,1.0,1.4444444444444444,1.7777777777777777,16.254693399446438,10.145529860537273,1.8908548194885804,-1.9544632191061568,2.126576291332609,-1.739391477704934,5.310778492446143,0.4741996220926742,3.165670309917317,165.32984016148868,6.8533711511285205,5.679264403068836,5.679264403068836,4.1815405503520555,2.955657605318857,2.955657605318857,2.345912130018632,2.345912130018632,1.2064497140632067,1.2064497140632067,0.95064351205172,0.95064351205172,-0.9800000000000001,85.7569381887915,6.144688279301746,2.094917408045428,1.4567376919048354,54.95552110048619,5.106527394840706,5.749511833283905,0.0,0.0,0.0,0.0,0.0,0.0,0.0,6.06636706846161,37.10711151969846,0.0,0.0,5.106527394840706,0.0,0.0,13.847474399381248,0.0,29.32600418877882,5.749511833283905,0.0,0.0,5.749511833283905,5.106527394840706,0.0,13.847474399381248,11.126902983393991,18.19910120538483,0.0,20.23,0.0,0.0,0.0,5.749511833283905,11.126902983393991,0.0,12.13273413692322,19.913841467842857,0.0,5.106527394840706,0.0,0.0,8.99388888888889,2.208333333333334,0.35416666666666696,5.513611111111111,0.0,3.9299999999999997,0.0,0.25,9,1,1,0,0,0,1,0,1,1,1,1,0,0,0,0,1,2.0090399999999997,37.5808,0,0,0,1,0,0,0,0,0,0,2,1,0,0,0,0,0,0,0,0,0,0,1,1,0,0
OCC(O)C(O)C(O)CO,40.0,8.766203703703704,-1.4907407407407411,8.766203703703704,0.6406481481481481,0.2963895134660185,152.146,140.04999999999998,152.068473484,62,0.11019804516401113,-0.39357913693569924,0.39357913693569924,0.11019804516401113,0.8,1.1,1.3,16.384318468675577,10.11019465560095,2.2218604078542654,-2.185681291265348,1.9747605761209421,-2.4075191473374944,4.726995434154113,-0.09001222366072124,3.685406534013343,76.10749561002055,8.146264369941973,5.382332347441762,5.382332347441762,4.629427617536366,2.8902154488695526,2.8902154488695526,1.9904361478610724,1.9904361478610724,1.1625677910153454,1.1625677910153454,0.47242821474919294,0.47242821474919294,-0.2,139.79835167144978,9.8,4.590123456790124,2.5902901465096244,58.17018824639602,25.532636974203527,18.31189916324491,0.0,0.0,0.0,0.0,0.0,0.0,0.0,0.0,0.0,0.0,13.213763929025836,25.532636974203527,0.0,0.0,18.31189916324491,13.213763929025836,0.0,0.0,0.0,0.0,0.0,57.05830006647426,0.0,0.0,0.0,0.0,0.0,101.15,31.525663092270744,0.0,0.0,0.0,0.0,0.0,0.0,0.0,0.0,25.532636974203527,0.0,0.0,42.57361111111111,0.0,0.0,0.0,-4.292314814814816,-1.2812962962962962,0.0,1.0,10,5,5,0,0,0,0,0,0,5,5,5,4,0,0,0,0,-2.9463000000000004,32.191999999999986,0,5,5,0,0,0,0,0,0,0,0,0,0,0,0,0,0,0,0,0,0,0,0,0,0,0
