SMILES,name,density_40C_g_cm3,density_100C_g_cm3,kv_40C_cSt,kv_100C_cSt,tc_40C_W_mK,tc_100C_W_mK,cpsat_40C_J_K_mol,cpsat_100C_J_K_mol,cp_40C_J_K_mol,cp_100C_J_K_mol,FOM1_sat_40,FOM1_sat_100,FOM1_ig_40,FOM1_ig_100
CC(C)c1ccc(C(=O)O)cc1,4-(1-methylethyl)benzoic acid,,,,,,,,,213.0,249.0,,,,
CC(C)c1cccc(O)c(=O)c1,"2-hydroxy-4-(1-methylethyl)-2,4,6-cycloheptatrien-1-one",,,,,,,,,211.0,245.0,,,,
CC(=O)c1c(C)cc(C)cc1O,"1-(2-hydroxy-4,6-dimethylphenyl)ethanone",,,,,,,,,216.0,247.0,,,,
c1ccc(C2OCCCO2)cc1,"2-phenyl-1,3-dioxane",,,,,,,,,187.0,221.0,,,,
CC=Cc1ccc(O)c(OC)c1,2-methoxy-4-(1-propenyl)phenol,1.0692,1.0182,13.094,2.946,0.152,0.142,,,213.0,244.0,,,43.791499929041805,65.9151615316674
CC(C)c1ccccc1C(=O)O,2-(1-methylethyl)benzoic acid,,,,,,,,,216.8,252.1,,,,
CCCc1cccc(C(=O)O)c1,3-propylbenzoic acid,,,,,,,,,203.0,235.0,,,,
CC1(c2ccccc2)OCCO1,"2-methyl-2-phenyl-1,3-dioxolane",,,,,,,,,190.0,224.0,,,,
CC(C)c1cccc(C(=O)O)c1,3-(1-methylethyl)benzoic acid,,,,,,,,,213.0,249.0,,,,
CC1=C(C)C(=O)C(C)=C(C)C1=O,"1,4-benzoquinone, tetramethyl-",,,,,,,,,211.0,243.0,,,,
Cc1cc(C(=O)O)cc(C)c1C,.alpha.-isodurylic acid,,,,,,,,,205.0,236.0,,,,
Cc1cc(C)c(C)c(C(=O)O)c1,"2,3,5-trimethylbenzoic acid",,,,,,,,,205.0,236.0,,,,
OOC1CCCc2ccccc21,"1,2,3,4-tetrahydro-1-hydroperoxynaphthalene",1.39,1.32,27.338,6.212,0.182,0.166,,,195.0,226.0,,,43.20979909153958,63.960384929818495
Cc1cc(C)c(C(=O)O)cc1C,"2,4,5-trimethylbenzoic acid",,,,,,,,,205.0,236.0,,,,
Cc1ccc(C(=O)O)c(C)c1C,"2,3,4-trimethylbenzoic acid",,,,,,,,,205.0,236.0,,,,
Cc1cc(C)c(C(=O)O)c(C)c1,"2,4,6-trimethylbenzoic acid",,,,,,,,,205.0,236.0,,,,
CC(=O)OC(C)c1ccccc1,.alpha.-methylbenzenemethyl acetate,1.116,1.055,1.971,0.796,0.15,0.14,306.0,330.4,199.0,233.0,86.04522403701908,107.9774900734796,76.23610557748663,97.8733572716538
c1ccc(COCC2CO2)cc1,"1-(benzyloxy)-2,3-epoxypropane",1.168,1.11,2.312,0.892,0.171,0.16,310.0,330.7,205.0,236.0,89.44487808824175,113.51444784168902,79.62176364558178,103.236779558999
c1ccc(C2CCOCO2)cc1,"1,3-dioxane, 4-phenyl-",1.0924,1.039,3.479,1.636,0.169,0.159,282.0,307.3,187.0,221.0,75.2145883484513,91.18726380459988,67.00636407024028,83.11135879866444
CC(C)OC(=O)c1ccccc1,1-methylethyl benzoate,0.9936,0.9415,2.114,0.882,0.148,0.138,286.0,312.4,199.0,233.0,78.42524591977185,97.76829887609756,70.81862567555069,90.02706004795272
CC=Cc1ccc(OC)cc1,1-methoxy-4-(1-propenyl)benzene,0.9837,0.9322,1.931,0.762,0.151,0.141,279.0,300.0,193.0,222.0,83.15001775157187,104.93920198593489,74.96199824359007,96.41678369193538
OCC1(c2ccccc2)CC1,.alpha.-cyclopropylbenzyl alcohol,1.079,1.028,7.878,2.14,0.143,0.136,,,190.0,223.0,,,48.19182869080971,70.15990615816214
CC(=O)c1ccc(C)cc1C,"2',4'-dimethylacetophenone",0.9765,0.929,2.151,0.98,0.143,0.134,289.0,310.0,196.0,225.0,76.57994854356069,92.98964983322335,68.6556273461813,84.97350063963317
OC1CCCc2ccccc21,.alpha.-tetralol,1.094,1.047,18.282,4.489,0.138,0.131,,,179.0,211.1,,,35.624997972476336,53.35992317239998
COC(C)=Cc1ccccc1,(E)-2-methoxy-1-phenyl-1-propene,0.916,0.872,2.511,0.917,0.144,0.135,241.2,268.2,193.0,222.0,68.54038634352376,89.50090116121038,64.374087154962,84.86547509921036
COC(C)=Cc1ccccc1,(Z)-2-methoxy-1-phenyl-1-propene,0.916,0.872,2.511,0.917,0.144,0.135,241.2,268.2,193.0,222.0,68.54038634352376,89.50090116121038,64.374087154962,84.86547509921036
CC(=O)c1cc(C)ccc1C,"2,5-dimethylacetophenone",0.9803,0.932,3.978,1.363,0.141,0.132,279.0,300.9,196.0,225.0,63.43708174633309,83.52944991505451,57.43893339093926,76.9712256850868
CO/C(C)=C/c1ccccc1,(Z)-2-methoxy-1-phenylpropene,0.916,0.872,2.511,0.917,0.144,0.135,241.2,268.2,193.0,222.0,68.54038634352376,89.50090116121038,64.374087154962,84.86547509921036
CCc1ccccc1C(C)=O,2-ethylacetophenone,0.9768,0.929,2.662,1.076,0.152,0.143,268.0,291.9,195.0,225.0,73.9059967710189,93.48177895223088,67.58216453329658,86.88114980183255
OC1CCc2ccccc2C1,.beta.-tetralol,1.0508,1.008,52.056,5.04,0.139,0.132,278.0,300.0,179.0,211.1,29.41160792611074,55.83987630625047,25.98582590168052,50.58348866557694
CC(=O)c1ccc(C)c(C)c1,"3,4-dimethylacetophenone",0.9893,0.942,2.224,1.051,0.143,0.135,288.0,308.5,196.0,225.0,75.7005218462852,91.43285589248612,67.93340754976194,83.66498713106962
CCCC(=O)c1ccccc1,1-phenyl-1-butanone,0.9779,0.931,5.011,1.686,0.167,0.156,280.0,302.1,194.0,224.0,66.6509586252546,88.0832369307582,60.11453229761992,80.97512637768577
Cc1ccc2c(c1)CC(C)O2,"2,5-dimethyl-2,3-dihydrobenzofuran",0.9927,0.9406,3.224,1.063,0.128,0.12,269.0,292.5,180.0,212.0,63.47729071050344,84.77225680599145,56.69401595219886,77.43384332524953
Cc1cccc2c1OC(C)C2,"2,7-dimethyl-2,3-dihydrobenzofuran",0.9929,0.9413,3.021,1.02,0.127,0.119,261.0,285.4,180.0,212.0,63.569530362332856,84.43184261307168,57.26063817208395,77.65784657455362
CC(C)C(=O)c1ccccc1,2-methyl-1-phenyl-1-propanone,0.974,0.925,3.183,1.297,0.16,0.15,273.0,296.9,193.0,225.0,73.8142356499253,92.88092041854966,66.95374060141134,85.91128287777461
CCc1ccc(C(C)=O)cc1,4'-ethylacetophenone,0.9832,0.9351,3.051,1.208,0.155,0.146,268.1,298.0,195.0,225.0,72.26490468239818,92.5468722736875,66.07455951288313,85.51329738705108
CCC(C=O)c1ccccc1,2-phenylbutyraldehyde,0.958,0.906,1.983,0.828,0.16,0.149,284.0,307.9,192.0,224.0,86.70350886621442,107.73845798474196,77.66240943675244,98.51579751782997
CCc1cccc(C(C)=O)c1,3'-ethylacetophenone,0.978,0.931,4.601,1.515,0.154,0.145,280.0,302.2,195.0,225.0,64.44657212811701,86.18573716296419,58.21045640365025,79.32270419193281
C1=Cc2ccccc2CC1,"1,2-dihydronaphthalene",0.97997,0.93045,2.449,1.032,0.164,0.154,215.78,240.85,150.6,181.3,78.7517540063808,98.99779823233794,71.17460287216983,91.39606654685517
C=Cc1cccc(C=C)c1,"1,3-diethenylbenzene",0.9139,0.8661,2.188,0.739,0.133,0.124,240.1,262.7,169.0,197.2,71.34435444729233,94.42457465685108,64.63382053391366,87.10603243887887
C=Cc1ccc(C=C)cc1,"1,4-diethenylbenzene",0.913,0.8661,2.629,0.854,0.135,0.126,248.0,269.7,169.0,197.2,68.74155195132177,91.89678320859016,61.711287170900675,84.14935919878322
C1=CCc2ccccc2C1,"1,4-dihydronaphthalene",0.9879,0.9395,2.429,1.022,0.136,0.127,221.0,246.0,151.9,182.2,69.01660103763867,86.38485525974215,62.10809696137543,79.3889067704461
CC(=O)C(C)c1ccccc1,3-phenyl-2-butanone,0.972,0.924,4.63,1.58,0.159,0.149,270.0,295.0,193.0,225.0,65.54420487703365,86.78070174078016,59.63743325726464,80.41390766823638
C=C=CCc1ccccc1,"(2,3-butadienyl)benzene",0.9067,0.8578,1.985,0.699,0.286,0.267,236.0,258.1,170.0,197.0,127.32343054371046,166.68484999508777,116.1003333467674,154.48755942056343
CC=C=Cc1ccccc1,"1,2-butadienylbenzene",0.9137,0.8653,2.517,0.855,0.295,0.275,240.3,261.2,168.0,194.8,122.04529377006662,160.9545504661814,110.35563200973944,148.2074647828334
C=Cc1ccccc1C=C,"1,2-diethenylbenzene",0.9182,0.8745,2.614,0.858,0.132,0.124,224.7,249.1,169.0,197.2,64.59771604200141,86.97509576836742,59.62326421448002,81.44272569055948
C=CC=Cc1ccccc1,"1,3-butadiene, 1-phenyl-",0.9115,0.8625,2.523,0.835,0.151,0.141,253.4,273.9,165.9,194.2,76.76968048865133,101.95194922381124,68.14621230601436,92.55191345733874
CC(=O)c1cccc(C)c1C,"2,3-dimethylacetophenone",,,,,,,,,,,,,,
C#Cc1ccc(CC)cc1,1-ethyl-4-ethynylbenzene,0.8969,0.8512,3.233,1.234,0.095,0.0888,255.0,275.5,176.0,202.7,50.408922805112034,64.35072510876621,45.41615649809869,59.02896894038096
CC1C=Cc2ccccc21,1-methylindene,0.955,0.908,1.99,0.804,0.163,0.153,246.5,266.8,154.7,183.6,85.03279525547553,107.20419293867184,74.58851836541618,96.5057261840844
CCC#Cc1ccccc1,1-phenyl-1-butyne,0.9005,0.8549,1.51,0.655,0.142,0.133,224.6,247.8,170.0,196.8,80.38909843766487,99.72553387813142,74.3311541921966,93.46627456797928
CC1=CCc2ccccc21,"1H-indene, 3-methyl-",0.959,0.9112,2.92,0.944,0.154,0.144,233.7,255.5,155.4,184.1,72.53724817619879,97.37623899970096,64.67144285943017,88.80012270416923
Cc1ccc2c(c1)CC=C2,"1H-indene, 6-methyl-",1.01,0.959,2.772,0.907,0.154,0.145,235.4,257.0,155.4,184.1,75.11340017233559,100.95534058684429,66.83184263360461,91.91253437206495
C#Cc1ccc(C)cc1C,"2,4-dimethyl-1-ethynylbenzene",0.9054,0.8595,4.087,1.303,0.0836,0.0784,265.0,283.7,177.0,203.6,43.57163597241145,58.49836076588229,38.895528961115595,53.28605308203264
C=C(C)C#CC#CC(=C)C,"2,7-dimethyl-1,7-octadiene-3,5-diyne",0.847,0.799,2.125,0.763,0.124,0.116,268.3,287.2,193.0,217.6,70.6538153469751,91.57303599083468,64.40089379005727,84.69617106573082
CC#CCc1ccccc1,2-butynylbenzene,0.9103,0.8608,1.758,0.755,0.149,0.139,269.0,286.1,170.0,196.8,85.84248640908861,105.39124674352796,75.44635340646647,94.86266640716124
C=CC(=C)c1ccccc1,2-phenylbutadiene,0.9072,0.8586,1.587,0.582,0.129,0.12,220.2,246.2,169.0,197.8,74.9064465432041,97.30389013085592,69.53271937089613,91.493307961351
Cc1cccc2c1C=CC2,4-methylindene,0.9763,0.9271,2.97,0.949,0.155,0.146,242.6,263.2,155.4,184.1,73.8924273968077,99.83135861969616,65.19065173310094,90.28179657680757
C#CCCc1ccccc1,4-phenyl-1-butyne,0.907,0.857,1.676,0.77,0.102,0.095,228.5,252.9,174.0,201.9,63.46627095800418,77.22630374183802,58.783412717479955,72.48540831516907
CC=C(C)c1ccccc1,(E)-2-phenyl-2-butene,0.9052,0.858,2.43,0.839,0.133,0.124,245.9,270.9,177.0,207.1,69.18938787283814,91.18325331774422,63.07743054447604,84.54878519470846
Cc1ccc2c(c1)C=CC2,5-methylindene,1.01,0.959,2.772,0.907,0.154,0.145,235.4,257.0,155.4,184.1,75.11340017233559,100.95534058684429,66.83184263360461,91.91253437206495
C=C[C@H](C)c1ccccc1,(-)-3-phenyl-1-butene,0.8668,0.8146,1.396,0.54,0.133,0.123,244.7,271.7,177.0,208.9,83.0725333366484,105.65271630820264,75.83847631640371,98.1228005493672
CC1(c2ccccc2)CC1,(1-methylcyclopropyl)benzene,0.944,0.89,1.907,0.685,0.124,0.115,240.6,267.2,174.0,205.1,72.70402236822113,94.60919334097944,66.36918486826633,87.82540990002012
C1=CCCC=C=CCCC=1,"1,2,6,7-cyclodecatetraene",0.832,0.793,3.846,1.349,0.422,0.394,212.0,239.6,176.0,204.1,126.73944474552232,167.65827298046486,120.27524102985832,160.2633382581565
C[C@@H]1C[C@@H]1c1ccccc1,(2-methylcyclopropyl)benzene,0.9076,0.8584,1.873,0.664,0.13,0.121,238.4,264.9,173.0,204.5,73.45313608998521,96.20171262581712,67.11760689576782,89.4474321735203
CCC=Cc1ccccc1,"1-butene, 1-phenyl-, (E)-",,,,,0.146,0.136,232.1,258.4,176.0,205.7,,,,
CC=C(C)c1ccccc1,(1-methylpropenyl)benzene,0.881,0.819,2.27,0.818,0.132,0.123,247.2,272.2,177.0,207.1,75.85231274362837,98.71637755528316,69.04928299250149,91.41061771971948
CC=CCc1ccccc1,(E)-2-butenylbenzene,0.895,0.843,2.346,0.807,0.147,0.136,261.0,283.7,176.0,205.7,78.4672650321724,102.55812214891502,70.23446107480218,93.6900639442726
c1ccc2c(c1)CCCC2,"1,2,3,4-tetrahydronaphthalene",0.95341,0.90559,1.594,0.762,0.128,0.121,224.54,253.9,161.1,194.7,74.14519940654604,90.72099461057164,67.53362937212579,84.1927756189667
C=Cc1cc(C)ccc1C,"1-ethenyl-2,5-dimethylbenzene",0.888,0.839,1.914,0.667,0.117,0.109,249.9,274.3,180.0,209.5,68.5072947991033,89.90731010261065,62.46738505934514,83.34338810901126
C=Cc1ccc(CC)cc1,1-ethenyl-4-ethylbenzene,0.876,0.8244,2.169,0.764,0.13,0.121,254.8,278.6,179.0,208.7,72.78328190690407,95.06558656561836,65.90149918490062,87.64594143210503
C/C=C\c1ccc(C)cc1,(Z)-1-methyl-4-(1-propenyl)benzene,0.885,0.837,2.712,0.932,0.134,0.126,253.9,277.2,177.0,206.5,68.37993889676956,90.5583726518788,61.78057847576416,83.36003472506312
CC=C(C)c1ccccc1,(Z)-2-phenyl-2-butene,0.8909,0.834,1.796,0.671,0.13,0.121,241.9,267.8,177.0,207.1,77.74682576202491,100.2293919695626,71.20668647054192,93.23810613536494
C=C(C)c1cccc(C)c1,".alpha.,m-dimethylstyrene",0.8897,0.8412,2.023,0.749,0.118,0.109,257.9,282.0,180.0,210.1,68.26898891344857,87.44983902980513,61.70073876038854,80.5012063949821
CCc1cccc(C(=O)O)c1C(=O)O,"3-ethyl-1,2-benzenedicarboxylic acid",,,,,,,,,219.0,250.0,,,,
CC1=C(C)C=CC=CC=C1,"1,2-dimethyl-1,3,5,7-cyclooctatetraene",0.8831,0.8333,2.038,0.744,0.13,0.121,236.4,262.8,175.0,205.5,71.80384487948204,93.28111044825962,65.97923399763214,87.04564748715205
CCc1ccc(C(=O)O)c(C(=O)O)c1,4-ethylphthalic acid,,,,,,,,,219.0,250.0,,,,
C=CC=CC=CC=CC=C,"1,3,5,7,9-decapentaene",0.842,0.79,1.639,0.608,0.153,0.142,268.7,291.4,190.0,219.0,90.06156869248369,115.42723883969587,81.69583210846876,106.51587191125992
C=CC(C)c1ccccc1,"1-butene, 3-phenyl-",0.873,0.82,1.386,0.537,0.133,0.123,244.7,271.7,177.0,208.9,83.59760121674583,106.2721225765053,76.31782064827698,98.69806145933184
CCC1=C/C=C\C=C/C=C\1,"1-ethyl-1,3,5,7-cyclooctatetraene",0.8877,0.8377,2.253,0.836,0.142,0.132,233.3,260.2,174.0,204.7,74.18749184030496,95.9365645396815,68.31290845903068,89.67588477724847
COC(=O)c1ccccc1C(=O)OC,"dimethyl 1,2-benzenedicarboxylate",1.17298,1.1179,4.689,1.073,0.1482,0.1393,309.6,339.2,212.0,246.0,62.165293551027275,92.3717434871284,55.88354637091462,84.39018864382763
c1ccc2c(c1)CCCC2,"1,2,3,4-tetrahydronaphthalene",,,,,,,,,219.6,251.6,,,,
CC=CCc1ccccc1,(E)-2-butenylbenzene,,,,,,,,,212.0,246.0,,,,
COC(=O)c1c(O)cccc1C(C)=O,methyl 6-acetylsalicylate,,,,,,,,,227.0,259.0,,,,
O=C(O)CC(C(=O)O)c1ccccc1,phenylsuccinic acid,,,,,,,,,216.0,250.0,,,,
C=C(C)c1ccccc1C,1-methyl-2-(1-methylethenyl)benzene,0.857,0.769,1.75,0.689,0.116,0.108,252.0,277.1,180.0,210.1,82.51908466777965,104.64664679250563,75.06691800046526,96.80774647413148
CC=C(C)c1ccccc1,(E)-2-phenyl-2-butene,0.887,0.841,2.818,0.951,0.133,0.125,246.5,270.7,177.0,206.5,65.93162097351363,87.87753610528344,60.06625182392935,81.43403178115304
CC1(C)Oc2c(O)cccc2C1=O,"2,3-dihydro-2,2-dimethyl-7-benzofuranol-3-one",,,,,,,,,204.0,237.0,,,,
COc1cc(C=CC(=O)O)ccc1O,4-hydroxy-3-methoxycinnamic acid,,,,,,,,,228.0,258.0,,,,
COC(=O)/C=C/c1ccc(O)cc1,"2-propenoic acid, 3-(4-hydroxyphenyl)-, methyl ester",,,,,,,,,208.0,240.0,,,,
COc1ccccc1/C=C\C(=O)O,cis-2-methoxycinnamic acid,,,,,,,,,207.0,236.0,,,,
COc1ccccc1C=CC(=O)O,trans-2-methoxycinnamic acid,,,,,,,,,207.0,236.0,,,,
COc1cccc(/C=C/C(=O)O)c1,trans-3-methoxycinnamic acid,,,,,,,,,207.0,236.0,,,,
COc1ccc(C=CC(=O)O)cc1,trans-p-methoxycinnamic acid,,,,,,,,,207.0,236.0,,,,
COc1cccc(C=CC(=O)O)c1,trans-m-methoxycinnamic acid,,,,,,,,,207.0,236.0,,,,
O=C1CCCc2ccccc21,"1-naphthone, 1,2,3,4-tetrahydro-",1.103,1.057,,,,,249.0,273.0,167.0,197.6,,,,
C#CC(C)(O)c1ccccc1,2-phenyl-3-butyn-2-ol,,,,,,,,,192.0,222.0,,,,
Cc1ccc(C(=O)CC(=O)O)cc1,2-(4-methylbenzoyl)ethanoic acid,1.33,1.27,56.391,9.449,0.184,0.174,,,209.0,239.0,,,33.899631766610256,55.8957273265984
CC(=O)Cc1ccc2c(c1)OCO2,"1-(1,3-benzodioxol-5-yl)-2-propanone",1.294,1.236,1.468,0.971,0.18,0.17,326.0,343.0,202.0,232.0,104.52480004834118,114.30994898811458,91.35799816703232,102.40415189574942
CC(=O)C=Cc1ccccc1,4-phenyl-3-butene-2-one,,,,,,,,,182.0,210.0,,,,
O=C1OC(=O)C2C3C=CC(CC3)C12,"bicyclo[2.2.2]oct-5-ene-2,3-dicarboxylic anhydride, cis-endo-",,,,,,,,,184.0,219.0,,,,
C=Cc1ccc(C(C)=O)cc1,p-vinylacetophenone,1.014,0.966,3.254,1.211,0.159,0.15,274.0,294.0,185.0,213.0,72.96070128357628,94.246049285888,65.32887411417472,86.07761641811972
CC(=O)CC(=O)c1ccccc1,1-benzoylacetone,,,,,,,,,200.0,228.0,,,,
O=C1CCc2ccccc2C1,.beta.-tetralone,1.102,1.056,8.167,2.462,0.157,0.149,247.0,270.4,167.0,197.6,53.56052974305957,74.14339215701202,47.97658751262468,67.88187612073013
CC(C=O)=Cc1ccccc1,2-methyl-3-phenyl-2-propenal,1.0279,0.9803,4.767,1.52,0.163,0.154,264.8,289.3,181.0,210.7,65.91770573036004,89.4792304626295,59.227068646287094,81.8449259137136
O=C(O)C/C=C/c1ccccc1,4-phenyl-3-butenoic acid,,,,,,,,,190.0,220.0,,,,
O=C1CC(c2ccccc2)C1,3-phenylcyclobutanone,1.126,1.075,3.552,1.33,0.166,0.157,269.0,289.4,171.0,201.7,74.29986016611684,96.05681648894908,65.4094482751092,86.78055488962256
O=C1C2C=CC1C1CC=CC21,"3a,4,7,7a-tetrahydro-4,7-methano-1H-inden-8-one",1.249,1.186,1.281,0.54,0.155,0.146,237.9,262.5,156.0,188.0,96.60233497029058,121.30233283439485,85.78943681854061,110.43040930018768
O=C/C=C/Cc1ccccc1,4-phenyl-2-butenal,1.0078,0.9572,1.786,0.846,0.178,0.167,292.0,309.2,180.0,209.3,96.78942023577837,115.92964387278718,84.47415341280956,103.87774623778964
O=C(c1ccccc1)C1CC1,cyclopropyl phenyl ketone,1.053,1.003,4.368,1.426,0.163,0.154,261.0,282.8,179.0,208.4,68.22201050827789,91.78131756032866,61.355160546726125,84.22849841160965
CC=Cc1ccc2c(c1)OCO2,"1,2-(methylenedioxy)-4-(1-propenyl)benzene",1.17,1.116,6.325,1.882,0.154,0.145,268.0,290.5,184.0,214.0,59.00886821672488,81.2938786809899,53.08553774850264,74.5968057372214
C=C(OC(C)=O)c1ccccc1,1-Phenylethenyl acetate,1.071,1.018,3.361,1.12,0.144,0.135,271.0,295.9,190.0,222.0,67.0317228743977,89.3563701010551,60.65959527775899,82.41789747724523
COC(=O)C=Cc1ccccc1,methyl 3-phenyl-2-propenoate,1.065,1.0127,2.723,1.244,0.165,0.154,286.0,308.0,187.0,219.0,79.33135773403967,96.0881426012561,70.39440881149386,87.29862661783619
C=CCOC(=O)c1ccccc1,2-propenyl benzoate,1.0363,0.9837,1.447,0.722,0.157,0.148,282.0,305.1,189.0,221.0,91.23247024953302,108.71144083181836,81.51979249275075,99.28398616410976
CC1(C)Oc2c(O)cccc2C1O,"3,7-benzofurandiol, 2,3-dihydro-2,2-dimethyl-",,,,,,,,,216.0,250.0,,,,
Cc1ccc(OCCC(=O)O)cc1,3-(4-methylphenoxy)propanoic acid,,,,,,,,,219.0,250.0,,,,
O=C1CCc2ccccc2C1,.beta.-tetralone,1.18,1.124,3.39,1.263,0.174,0.163,315.0,338.0,215.0,248.0,83.57823006998854,107.3840002096844,75.06428459373731,98.42707247879922
C=CCc1ccc2c(c1)OCO2,"4-allyl-1,2-(methylenedioxy)benzene",1.172,1.114,4.863,1.526,0.15,0.141,273.0,295.6,186.0,217.0,63.94450824434351,86.65609698878977,57.40169152079588,79.43942490539975
CCOc1ccc(CC(=O)O)cc1,4-ethoxyphenylethanoic acid,,,,,,,,,219.0,250.0,,,,
COc1ccccc1CCC(=O)O,3-(o-methoxyphenyl)propionic acid,,,,,,,,,219.0,250.0,,,,
O=C(O)[C@H]1C[C@H]1c1ccccc1,cis-1-Phenylcyclopropane-2-carboxylic acid,1.207,1.155,10.771,2.857,0.154,0.145,,,188.0,219.0,,,45.49436978759246,66.05931872104861
C=CC(=O)OCc1ccccc1,"acrylic acid, benzyl ester",1.128,1.071,1.418,0.682,0.158,0.148,282.0,304.8,189.0,221.0,94.27982842681064,112.96199244563178,84.24272661459683,103.19448346207136
C=COc1ccc(C(C)=O)cc1,p-acetylphenyl vinyl ether,1.129,1.076,11.515,2.695,0.178,0.168,317.0,332.3,201.0,228.0,57.69761601101349,84.38916190901841,50.75735113277133,75.90445411348722
CCCOC(=O)c1ccc(O)cc1,propyl 4-hydroxybenzoate,,,,,,,,,220.0,254.0,,,,
COc1cc(C(=O)O)cc(OC)c1OC,"3,4,5-trimethoxybenzoic acid",,,,,,,,,253.0,283.0,,,,
COC(=O)C=Cc1ccccc1,"2-propenoic acid, 3-phenyl-, methyl ester, (E)-",,,,,,,277.9,303.9,,,,,,
O=C1C2C=CC1C1CC=CC21,"3a,4,7,7a-tetrahydro-4,7-methano-1H-inden-8-one",,,,,,,,,219.0,250.0,,,,
COc1cc(OC)c(C(=O)O)cc1OC,asaronic acid,,,,,,,,,253.0,283.0,,,,
O=C/C=C/Cc1ccccc1,4-phenyl-2-butenal,1.091,1.0361,4.4,1.351,0.16,0.15,325.0,346.0,216.0,248.0,73.35805922669113,99.3579894416245,65.39384653908783,90.47319887010808
CCOC(=O)c1cccc(OC)c1,ethyl 3-methoxybenzoate,1.0842,1.0323,4.427,1.356,0.16,0.15,325.0,346.0,216.0,248.0,67.96416540330169,92.11514064057214,60.58554778291621,83.87802012659365
CC12CCC(C(=O)C1=O)C2(C)C,"(.+-.)-1,7,7-trimethylbicyclo[2.2.1]heptane-2,3-dione",,,,,,,,,206.0,243.0,,,,
CCOC(=O)c1ccc(OC)cc1,ethyl 4-methoxybenzoate,1.0906,1.0419,4.585,1.44,0.157,0.148,309.0,332.0,216.0,248.0,64.29034241310326,87.09193976015082,58.13025910850424,80.23079181653398
O=C(OCC(O)CO)c1ccccc1,1-Monobenzoylglycerol,1.34,1.28,89.552,15.625,0.19,0.178,382.0,402.0,234.0,270.0,35.12516582057572,55.56311639010895,30.601617317121526,49.67758033294036
COc1ccc(C=O)c(OC)c1OC,"2,3,4-trimethoxybenzaldehyde",1.225,1.174,4.408,1.448,0.177,0.168,352.0,368.0,244.0,272.0,72.70156313447166,96.98099702936685,65.58039912981533,89.07542147250861
O=C1CCC[C@H]2C(=O)CCC[C@@H]12,"1,5-naphthalenedione, octahydro-, cis-",,,,,,,,,197.0,235.0,,,,
O=C(OC(CO)CO)c1ccccc1,2-Monobenzoylglycerol,1.34,1.29,104.478,17.054,0.191,0.179,,,234.0,270.0,,,27.943207254235126,46.232163172960185
COc1cc(OC)c(OC)cc1C=O,"2,4,5-trimethoxybenzaldehyde",1.243,1.19,4.344,1.429,0.179,0.17,363.0,378.0,244.0,272.0,75.04057999588154,99.99283867202077,67.10690456562571,91.15168201016496
COc1cc(OC)c(C=O)c(OC)c1,"2,4,6-trimethoxybenzaldehyde",1.216,1.166,4.441,1.458,0.176,0.167,347.0,364.0,244.0,272.0,71.56441651916823,95.54940701498904,64.81495317557076,88.03075155573734
O=C1CCCc2c(O)cccc21,5-hydroxy-1-tetralone,,,,,,,,,,,,,,
CC(C)=CC(=O)C(=O)C=C(C)C,"2,7-dimethyl-2,6-octadiene-4,5-dione",1.049,0.995,1.43,0.754,0.173,0.162,343.0,363.5,236.0,267.0,103.75670102137966,120.4464447020729,93.3981051119976,110.43372234229184
OCC(CO)Cc1ccccc1,"2-benzyl-1,3-propanediol",,,,,,,,,222.0,257.0,,,,
CCCc1ccc(OC)c(O)c1,2-methoxy-5-propylphenol,1.06,1.008,11.321,2.679,0.143,0.134,,,225.0,257.0,,,44.43147682462321,66.0260428756887
COc1cc(OC)c(C(=O)O)cc1OC,asaronic acid,,,,,,,,,222.0,257.0,,,,
CCCOC(=O)c1cc(O)c(O)c(O)c1,"propyl 3,4,5-trihydroxybenzoate",1.39,1.34,143.885,22.388,0.175,0.164,408.0,427.0,260.0,297.0,27.429168845204124,44.75077861216058,24.163839742908877,40.40616415603457
CC1(C)[C@H]2CC[C@]1(C)C(=O)C2=O,(+)-camphorquinone,1.21,1.15,1.736,0.661,0.15,0.141,297.0,325.4,206.0,243.0,87.71616473496304,112.9499273820976,79.13782214467064,104.04325828535669
CC1(C)[C@H]2CC[C@@]1(C)C(=O)C2=O,"(1R)-1,7,7-trimethylbicyclo[2.2.1]heptane-2,3-dione",1.21,1.15,1.736,0.661,0.15,0.141,297.0,325.4,206.0,243.0,87.71616473496304,112.9499273820976,79.13782214467064,104.04325828535669
CC(C)(C)c1ccc(O)c(O)c1,"benzene, 1,2-dihydroxyl-4-tert-butyl-",,,,,,,,,229.0,265.0,,,,
CCCc1ccc(O)c(OC)c1,"phenol, 2-methoxy-4-propyl-",1.036,0.99,16.409,3.434,0.141,0.133,,,225.0,257.0,,,38.27998376204872,59.16534010804077
O=C1CCCc2cc(O)ccc21,6-hydroxy-1-tetralone,,,,,,,,,,,,,,
O=C1CCC[C@H]2C(=O)CCC[C@H]12,"trans-1,5-decalindione",,,,,,,,,197.0,235.0,,,,
CC(C)(C)c1ccccc1,"(1,1-dimethylethyl)benzene",0.84987,0.79925,1.111,0.622,0.1152,0.1061,248.6,278.12,188.0,221.0,79.2202231203652,90.72479549458971,73.2322196973132,85.04347951112616
C1=CCC2=C(C1)CCCC2,"1,2,3,4,5,8-hexahydronaphthalene",0.9273,0.873,2.696,1.18,0.129,0.119,297.0,318.1,170.0,203.4,71.80491069754216,87.15549814934714,61.37521674091377,76.85334084880598
CCC(C)c1ccccc1,(1-methylpropyl)benzene,0.8457,0.79584,1.797,0.679,0.131,0.121,250.0,278.9,187.0,220.0,75.69130448981886,96.9447968151168,69.75486612758402,90.68664553433857
Cc1ccc(C)c(C)c1C,"1,2,3,4-tetramethylbenzene",0.8888,0.8405,2.363,0.809,0.104,0.097,261.0,298.6,196.8,225.3,59.556760026133,79.53774256050282,55.009709022916574,73.47882827144436
COC(C)(OC)c1ccccc1,acetophenone dimethyl acetal,0.9946,0.944,3.821,1.356,0.15,0.141,291.0,317.0,220.0,252.0,66.58691166249446,87.31572886668862,61.54875533324494,81.85750160315672
CCOC(=O)c1ccc(OC)cc1,ethyl 4-methoxybenzoate,1.053,1.001,4.274,1.399,0.156,0.146,322.0,343.1,221.0,252.0,67.26307136677922,89.38973727845702,60.505434505276384,81.95732687691593
O=C(O)C1CC1c1ccccc1,trans-2-phenylcyclopropane-1-carboxylic acid,,,,,,,,,,,,,,
OCCCOCc1ccccc1,benzyl 3-hydroxypropyl ether,1.082,1.031,9.242,2.91,0.172,0.161,338.0,357.0,221.0,253.0,59.90401542699182,80.29445713285742,53.15562309616564,72.88158343686165
Cc1cc(C)c(C)c(C)c1,"1,2,3,5-tetramethylbenzene",0.875,0.827,2.171,0.762,0.103,0.096,250.3,283.4,192.5,220.7,59.75760000498342,78.9781366844797,55.50300223879447,73.61365864247726
CCOC(=O)C1CC2C=CC1C2,"bicyclo[2.2.1]hept-5-ene-2-carboxylic acid, ethyl ester",1.068,1.01,1.592,0.594,0.136,0.127,269.0,299.9,196.0,232.0,80.69326493512413,104.51803324692168,73.81754616785581,97.23654501255147
Cc1cc(C)c(C)cc1C,"1,2,4,5-tetramethylbenzene",,,,,,,,,196.8,225.3,,,,
Cc1ccc(C(C)C)c(O)c1O,"catechol, 3-isopropyl-6-methyl-",1.12,1.071,35.714,6.816,0.137,0.128,369.0,389.0,229.0,264.0,35.24780883680335,54.28911489513329,30.821184756127195,48.68073457428455
COC(=O)C1CC2=CCC1CC2,exo-5-methoxycarbonylbicyclo[2.2.2]octene,1.082,1.027,2.033,0.73,0.137,0.129,270.0,300.5,194.0,231.0,74.68210071073851,98.31903949539974,68.05068878887187,91.30698994153344
COC(=O)C1CC2=CCC1CC2,endo-5-methoxycarbonylbicyclo[2.2.2]octene,1.082,1.027,2.033,0.73,0.137,0.129,270.0,300.5,194.0,231.0,74.68210071073851,98.31903949539974,68.05068878887187,91.30698994153344
CCc1ccccc1CC,"1,2-diethylbenzene",0.86387,0.8138,2.199,0.774,0.126,0.117,263.5,288.6,190.6,221.3,70.66011880720465,92.19855713451494,64.5070744085069,85.56300714523549
CCc1cccc(CC)c1,"1,3-diethylbenzene",0.848,0.7983,2.123,0.777,0.126,0.117,258.3,284.2,185.1,216.6,70.8158006756736,91.5099873091494,64.4794018421973,84.7783121290509
C=CC=C(C1CC1)C1CC1,"1,1-dicyclopropyl-1,3-butadiene",0.8936,0.8398,1.298,0.5,0.118,0.109,261.4,290.1,196.0,229.0,79.59829902650755,101.25375474663706,73.40529012529385,94.7366845754882
C1=C2CCCC=C2CCC1,"1,2,3,5,6,7-hexahydronaphthalene",0.9536,0.9018,2.412,1.042,0.122,0.114,248.7,275.8,170.0,203.4,66.81867808535023,82.96610454277113,60.03708016422547,76.15539155210382
Cc1ccc(C(C)C)cc1,1-(1-methylethyl)-4-methylbenzene,0.84058,0.7908,0.785,0.455,0.12,0.111,245.8,279.7,188.0,221.0,89.24465100295151,102.01414541578772,82.76221704903266,95.47361162246246
CCc1cccc(C)c1C,"1-ethyl-2,3-dimethylbenzene",0.8764,0.8276,2.054,0.725,0.115,0.107,263.9,289.4,190.0,221.0,66.99488955831312,87.50367965455457,61.08072214589881,81.11185377362516
COC(C)(OC)c1ccccc1,acetophenone dimethyl acetal,0.8605,0.8114,1.976,0.69,0.115,0.106,266.2,291.5,190.0,221.0,64.04109768554201,83.30114552980098,58.2453327141836,77.0594125003942
CCc1cc(C)ccc1C,"1-ethyl-2,5-dimethylbenzene",0.861,0.8109,1.858,0.666,0.114,0.106,265.1,290.6,190.0,221.0,69.07703881972664,89.78063585547554,62.89873969952291,83.12567184127
CCc1ccc(C)c(C)c1,"1-ethyl-3,4-dimethylbenzene",0.8589,0.8104,1.979,0.703,0.115,0.107,266.4,291.7,190.0,221.0,67.76173355588612,88.30892569974496,61.6162296285012,81.67620125115366
CCc1cc(C)cc(C)c1,"1-ethyl-3,5-dimethylbenzene",0.8489,0.7993,1.767,0.663,0.114,0.106,266.3,291.7,190.0,221.0,69.95117675503225,89.73676883130919,63.61382409689997,82.99680165529892
CC(C)(C)Oc1ccccc1,"1,1-dimethylethyl phenyl ether",0.9093,0.8605,2.419,0.918,0.136,0.126,267.0,295.2,204.0,237.0,70.15836818601801,89.71738618510582,65.0430394388782,84.34310635024681
C=C1C=CC(C)=CCC1C,"1,5-dimethyl-2-methylene-3,5-cycloheptadiene",0.8896,0.831,1.203,0.493,0.113,0.103,246.0,275.6,187.0,220.0,79.37754195480721,98.54569616994864,73.48465244854272,92.49337341877562
Cc1ccc(OC(C)C)cc1,1-(1-methylethoxy)-4-methylbenzene,0.9112,0.8596,1.339,0.582,0.136,0.127,289.0,313.8,204.0,237.0,86.06403095805577,105.99843502690408,78.0315234737005,97.95073321144812
C=C1C=CC(C)(C)C(C)=C1,"1,6,6-trimethyl-3-methylene-1,4-cyclohexadiene",0.8489,0.7954,1.143,0.465,0.104,0.096,248.0,277.2,190.0,222.0,74.11530119482318,92.98153632201704,68.76413875665494,87.35103897464356
C=CC=CC1=CCCCC1,"1-(1,3-butadienyl)cyclohexene",0.8694,0.8184,1.07,0.611,0.139,0.128,284.0,307.6,184.0,216.0,95.329269416407,107.57161851764224,84.37252944942114,97.38879410247436
CC(CCO)c1ccccc1,(R)-(-)-3-phenyl-1-butanol,1.022,0.968,9.1,2.583,0.152,0.142,,,205.0,239.0,,,50.00611214859225,70.85597095031663
CCc1ccc(C)c(C)c1O,"2,3-xylenol, 6-ethyl-",,,,,,,,,210.0,243.0,,,,
Cc1cc(C)cc(C(C)O)c1,".alpha.,3,5-trimethylbenzenemethanol",0.9713,0.9224,7.516,2.168,0.124,0.116,,,207.0,240.0,,,44.453283819089705,62.66718809514872
Cc1ccccc1C(C)C,1-methyl-2-(1-methylethyl)benzene,0.8609,0.8117,0.999,0.567,0.12,0.111,256.6,284.7,188.0,221.0,84.13035357774295,96.05255755050976,77.08136928500008,89.44731018349643
CCC[C@H](O)c1ccccc1,.alpha.-propylbenzyl alcohol,0.9584,0.9095,8.243,2.419,0.147,0.138,,,205.0,239.0,,,48.81427445524807,68.76254830174557
Cc1cc(O)c(C)c(C)c1C,"2,3,4,5-tetramethylphenol",,,,,,,,,211.0,244.0,,,,
Cc1cc(C)c(C)cc1C,"1,2,4,5-tetramethylbenzene",1.014,0.96,1.874,0.75,0.14,0.13,302.0,327.3,202.0,237.0,84.62324930574752,106.18478075196448,75.5716812702205,96.96715933890836
CC(O)(CCO)c1ccccc1,"3-phenyl-1,3-butanediol",,,,,,,,,,,,,,
CCc1ccc(C(C)O)cc1,1-(p-ethylphenyl)ethanol,0.992,0.939,10.685,2.662,0.136,0.127,,,206.0,240.0,,,43.954314585019944,64.5768201066585
CCc1cccc(CC)c1O,"2,6-diethylphenol",0.966,0.915,,,,,299.0,323.0,209.0,242.0,,,,
CC(C)[C@@H](O)c1ccccc1,"1-propanol, 2-methyl-1-phenyl-, (R)-(+)-",0.984,0.931,6.606,1.933,0.142,0.133,,,204.0,240.0,,,51.76430692019648,73.04308374461426
CCC(C)c1ccccc1O,2-(1-methylpropyl)phenol,0.9691,0.921,13.415,2.823,0.133,0.125,291.0,318.0,208.0,242.0,43.5104070759383,66.14181937395577,39.58870219187632,61.25064276480523
COc1ccc(C)c(C)c1C,"1-methoxy-2,3,4-trimethylbenzene",0.929,0.883,2.368,0.827,0.116,0.109,273.0,298.0,207.0,237.0,62.30608132907657,82.09688124805652,57.63951836718936,76.97440380316411
C=CC#CC1(O)CCCCC1,1-vinylethynylcyclohexanol,0.99,0.938,9.697,2.665,0.138,0.129,,,204.0,237.0,,,45.278541440858355,64.70716472658447
CCc1cc(C)cc(C)c1O,"2,4-xylenol, 6-ethyl-",0.976,0.925,5.123,1.503,0.116,0.109,305.0,328.3,210.0,243.0,53.26004299380415,73.41386256769133,47.95216892014139,67.45623843086877
O=C(O)CCCC#CCCCC(=O)O,5-decynedioic acid,,,,,,,,,257.0,290.0,,,,
Cc1cccc(C(C)(C)O)c1,2-(3-methylphenyl)-2-propanol,0.965,0.916,18.653,3.821,0.124,0.117,,,206.0,241.0,,,34.39658184405823,53.857234764288066
C=C(C)C1CC=C(C)C(=O)C1,(S)-carvone,,,,,,,,,245.0,281.0,,,,
CC(O)C(C)c1ccccc1,"2-butanol, 3-phenyl-",0.9703,0.9198,7.627,2.174,0.147,0.138,304.0,328.5,205.0,239.0,56.247702143099225,78.19679944935562,50.346444661402295,71.50409377148901
CCc1ccc(O)c(CC)c1,"2,4-diethylphenol",,,,,0.129,0.121,,,209.0,242.0,,,,
O=C1CCCC1=C1CCCC1,2-cyclopentylidenecyclopentanone,1.045,0.997,3.158,1.204,0.143,0.135,269.0,296.0,184.0,220.0,67.30844810924965,87.01415134324193,60.4885974527367,80.04588868871687
CC12CCC(C(=O)OC1=O)C2(C)C,"(.+-.)-1,8,8-trimethyl-3-oxabycylco[3.2.1]octane-2,4-dione",,,,,,,,,219.0,257.0,,,,
CC1CC2C(=O)OC(=O)C1C2(C)C,"1,8,8-trimethyl-3-oxabicyclo[3.2.1]octane-2,4-dione",,,,,,,,,219.0,257.0,,,,
CC1CC2C(=O)OC(=O)C1C2(C)C,"(1R)-3-oxabicyclo[3.2.1]octane-2,4-dione, 1,8,8-trimethyl-",,,,,,,,,219.0,257.0,,,,
OCCOCCOc1ccccc1,2-(2-phenoxyethoxy)ethanol,1.0977,1.048,13.301,2.863,0.191,0.178,383.0,397.0,237.0,268.0,58.421130078686275,86.41694102889896,51.04260703760502,77.37371281324337
COC(OC)(OC)c1ccccc1,"benzene, (trimethoxymethyl)-",1.0453,0.994,5.357,1.811,0.166,0.156,296.0,329.0,236.0,268.0,64.01436678109287,85.5638793504518,60.06247745518469,80.7676744036003
CC(O)(CCO)c1ccccc1,"3-phenyl-1,3-butanediol",0.8319,0.7836,1.887,0.702,0.109,0.101,259.5,290.3,197.0,232.0,61.693982166392615,79.60717049732621,57.0925331885636,74.74206403260138
C=C(C)C1=CCC(C)CC1,(+)-4-methyl-1-(1-methylethenyl)cyclohexene,0.8441,0.798,2.132,0.764,0.11,0.102,260.7,291.3,197.0,232.0,62.71170068625148,81.7923682646802,57.9590763687242,76.71946665665135
C=C(C)C1=CC(C)CCC1,(+)-3-methyl-1-(1-methylethenyl)cyclohexene,0.8453,0.7965,2.011,0.741,0.11,0.102,264.2,294.3,197.0,232.0,65.02333742000297,84.07216494175849,59.870502823319555,78.6309097621909
C=C(C)C1=CCCC(C)C1,(+)-4-methyl-2-(1-methylethenyl)cyclohexene,0.8441,0.7954,1.896,0.704,0.109,0.102,259.3,290.1,197.0,232.0,65.29425915544093,84.89913788862128,60.43738987457385,79.7260732390264
C=CCC1=CCCC(C)C1,(+)-4-methyl-2-(2-propenyl)cyclohexene,0.8202,0.7697,1.719,0.65,0.122,0.113,270.9,300.0,196.0,230.0,74.43834294765384,95.31318376260865,67.96090548493605,88.44897571533079
C=C(C)C1=CC(C)CCC1,(.+-.)-3-methyl-1-(1-methylethenyl)cyclohexene,0.8443,0.7968,2.132,0.766,0.11,0.102,259.7,290.3,197.0,232.0,63.17335007068703,82.34327329320627,58.448894055809866,77.31095285369464
C=C(C)C1CC=C(C)CC1,(R)-1-methyl-4-(1-methylethenyl)cyclohexene,0.82708,0.7784,0.869,0.493,0.11,0.102,256.1,291.6,197.0,232.0,81.5582582066524,93.97395443932,75.75576309125977,88.12001112260556
CC1=CCC2CC1C2(C)C,(1R)-(+)-.alpha.-pinene,0.856,0.808,1.203,0.47,0.098,0.0914,236.1,269.1,191.0,226.0,66.68504886466447,85.71695593855013,62.82482084217006,81.60987643977123
C=C1CCC2(C(C)C)CC12,(1R)-4-methylene-1-(1-methylethyl)bicyclo[3.1.0]hexane,0.8248,0.7773,0.812,0.399,0.094,0.087,238.8,273.7,199.0,235.0,72.30224751198936,86.78927831757349,68.68756377714361,83.14613502387428
C=C1C2CCC(C2)C1(C)C,(1R)-camphene,0.8539,0.8001,1.148,0.462,0.096,0.0887,248.4,280.3,187.0,222.0,69.73484369206007,88.04856904765037,64.38174342955774,82.45842144872489
C=C1CCC2(C(C)C)CC12,(1S)-4-methylene-1-(1-methylethyl)bicyclo[3.1.0]hexane,0.8316,0.7837,0.806,0.396,0.093,0.087,238.3,273.3,199.0,235.0,72.02578060160202,87.14327796616705,68.46527407962031,83.51962842639475
C#CCCC1CCCCC1,(3-butynyl)cyclohexane,0.8308,0.782,2.528,1.125,0.092,0.0851,282.0,309.3,200.0,234.0,54.614585865289065,66.55420354126552,49.583058040616685,61.53072605843129
C=C(C)[C@@H]1C=C[C@@H](C)CC1,(3R-trans)-3-methyl-6-(1-methylethenyl)cyclohexene,0.8231,0.7718,1.434,0.57,0.115,0.106,256.0,287.9,196.0,231.0,74.21780937884195,93.78391891245548,68.84649929308846,88.15110203922197
CC1=CCC2CC1C2(C)C,.alpha.-pinene,0.84194,0.7902,1.238,0.64,0.099,0.0919,250.5,285.1,191.0,226.0,69.19785582765333,81.89822223590899,64.11545214370526,76.71750341610957
CC1=CCC2CC1C2(C)C,(S)-(-)-.alpha.-pinene,0.8449,0.7942,1.207,0.478,0.099,0.0917,244.6,276.5,191.0,226.0,68.83324615944404,87.50387944964575,64.20666866524304,82.67784914854782
C=C(C)[C@H]1C=C[C@H](C)CC1,(3S-trans)-3-methyl-6-(1-methylethenyl)cyclohexene,0.8216,0.7704,1.436,0.571,0.115,0.106,256.0,287.9,196.0,231.0,74.14800816027702,93.6862512184068,68.78174974598099,88.05930042798776
C=C(C)[C@@H]1CCC=C(C)C1,(R)-1-methyl-5-(1-methylethenyl)cyclohexene,0.8535,0.8103,1.863,0.691,0.109,0.101,258.3,289.3,197.0,232.0,63.373497262424095,81.8704998357545,58.72329664178011,76.94172125182234
CC12CCC(CC1=O)C2(C)C,"(1S)-1,7,7-trimethylbicyclo[2.2.1]heptan-2-one",,,,,,,,,200.0,238.0,,,,
CC1CC2C(=O)OC(=O)C1C2(C)C,"(1R)-3-oxabicyclo[3.2.1]octane-2,4-dione, 1,8,8-trimethyl-",0.8301,0.7833,0.843,0.498,0.109,0.102,259.6,290.4,197.0,232.0,74.75637804071287,85.29675154972375,69.17317217705214,80.07617406667602
CC1=CCC(C(C)C)C=C1,.alpha.-d-phellandrene,0.8273,0.7764,1.596,0.605,0.12,0.111,267.5,298.0,197.0,232.0,75.01157020398261,96.04848922311533,68.82645875303633,89.51694929237992
C=C(C)C1C=C(C)CCC1,(+)-1-methyl-3-(1-methylethenyl)cyclohexene,0.776,0.7226,1.031,0.443,0.0803,0.0733,273.3,303.8,210.0,244.0,64.80394380157796,79.29651600278417,60.17484716899728,74.55468249360825
O=C1C2CC3CC(C2)CC1C3,2-adamantanone,,,,,,,,,174.0,210.0,,,,
CC12CCC(C1)C(C)(C)C2=O,(-)-fenchone,0.977,0.923,1.146,0.509,0.121,0.113,273.0,304.6,200.0,238.0,82.09699221036846,101.27598285503532,75.21672696963117,94.4853212510319
CC12CCC(CC1=O)C2(C)C,"(1R)-1,7,7-trimethylbicyclo[2,2,1]heptan-2-one",,,,,,,,,200.0,238.0,,,,
CC12CCC(C1)C(C)(C)C2=O,"1,3,3-trimethylbicyclo[2.2.1]heptan-2-one",0.9332,0.8852,1.232,0.542,0.121,0.113,274.0,305.1,200.0,238.0,77.9012745251634,96.3037829811692,71.29926741391051,89.80506929651496
CC1C(=O)CC2(C(C)C)CC12,"(1S,1-.alpha.,4-.alpha.,5-.alpha.)-4-methyl-1-(1-methylethyl)bicyclo(3.1.0)hexan-3-one",1.059,0.999,2.172,0.761,0.135,0.125,331.0,356.7,212.0,250.0,80.68575912347994,104.72145073483462,71.18156831354987,94.75743795093295
CC1=CCC2CC1C2(C)C,(1R)-(+)-.alpha.-pinene,,,,,,,,,200.0,238.0,,,,
C=C1CCC2(C(C)C)CC12,(1R)-4-methylene-1-(1-methylethyl)bicyclo[3.1.0]hexane,0.953,0.903,1.784,0.62,0.11,0.103,270.0,302.7,211.0,248.0,68.1274907536339,90.3406768904933,63.56241965120808,85.41493290028453
CC1=CC(=O)[C@@H](C(C)C)CC1,"2-cyclohexen-1-one, 3-methyl-6-(1-methylethyl)-",0.897,0.854,2.787,0.984,0.137,0.129,269.0,301.8,211.0,248.0,65.29668770289969,86.56734884101613,60.984924394547534,81.91592772908318
C=CC(O)C1CC=CCC1C,"3-cyclohexene-1-methanol, 6-methyl-alpha-vinyl-",0.9405,0.8903,7.656,2.246,0.142,0.132,,,212.0,249.0,,,49.254877260531835,69.04414712374067
CC12CCC(C1)C(C)(C)C2=O,"2-norbornanone, 1,3,3-trimethyl0, (1S,4R)-(+)-",0.944,0.898,1.261,0.546,0.119,0.112,250.3,284.7,200.0,238.0,73.66282641279409,92.53729307532394,69.15778566518152,87.98906337818005
C[C@@]12CCCC[C@H]1CC(=O)C2,"2H-inden-2-one, octahydro-3a-methyl-, trans-",0.9684,0.9203,2.169,0.869,0.138,0.13,271.0,302.0,195.0,233.0,72.84270671949575,93.05105541896702,66.40160085640056,86.50327915428127
CC(C)=CCCC(C)=CC=O,"3,7-dimethyl-2,6-octadienal, (cis+trans)",0.8732,0.8229,1.72,0.815,0.152,0.141,378.0,395.0,228.0,262.0,92.68286885197608,109.69127746770056,80.39667677308783,97.72765650274135
C#CC(C)(O)CCC=C(C)C,"3,7-dimethyl-6-octen-1-yn-3-ol",0.86136,0.8089,46.438,4.574,0.11,0.099,,,239.0,274.0,,,25.855417081763587,47.809230194567306
CCC(=O)C1=CC(C)CCC1,3-methyl-1-cyclohexenyl ethyl ketone,0.9192,0.8711,2.285,1.136,0.147,0.138,300.0,325.9,212.0,246.0,77.29671088873772,92.0310403696694,70.10436874291693,85.03030690178367
CC12CCC(C(=O)OC1)C2(C)C,"(.+-.)-5,8,8-trimethyl-3-oxabicylo[3.2.1]octan-2-one",,,,,,,,,214.0,252.0,,,,
CC=C(C)C#CC(O)CCC,3-methyl-2-nonen-4-yn-6-ol,0.8662,0.819,23.089,3.297,0.141,0.131,,,234.0,267.0,,,36.30122962447921,61.78124254511621
C=C=CC(O)(CC=C)C(C)C,"4-(1-methylethyl)-1,2,6-heptatrien-4-ol",0.8723,0.828,18.342,2.415,0.263,0.249,,,236.0,271.0,,,59.691332469641566,105.54183155092336
CC(=O)C(O)C1CC=CCC1C,1-hydroxy-1-(6-methyl-3-cyclohexen-1-yl)-2-propanone,,,,,,,,,228.0,265.0,,,,
O=C1CCCCC(=O)CCCC1,"1,6-cyclodecanedione",,,,,,,,,215.0,255.0,,,,
C=C=CC(O)(CC=C)CCC,"4-propyl-1,2,6-heptatrien-4-ol",0.8669,0.8165,21.917,2.694,0.279,0.259,,,236.0,270.0,,,61.42582354615078,109.06041625530968
C=C1C(=C)C(C)(C)C1(C)C,"1,1,2,2-tetramethyl-3,4-dimethylenecyclobutane",0.8495,0.8038,2.354,0.958,0.164,0.153,331.0,352.8,234.0,265.0,86.6980064651563,108.13387894313266,78.63971256804692,99.77024941730294
CCC1C(=O)OC(=O)C1(CC)CC,"3,3,4-triethyldihydro-2,5-furandione",1.147,1.092,1.569,0.788,0.179,0.168,340.0,369.0,244.0,282.0,100.9073158218819,119.7463729650152,91.91584681728804,111.0229915035392
CC1=CC(=O)[C@@H](C(C)C)CC1,"2-cyclohexen-1-one, 3-methyl-6-(1-methylethyl)-",1.03,0.982,13.592,3.768,0.121,0.113,394.0,411.0,247.0,280.0,43.91517303452505,60.69563558595925,38.50943652799981,54.484041279519765
CC1(C)C(=O)OC12CCCCC2,"3,3-dimethyl-1-oxaspiro(3.5)nonan-2-one",,,,,,,,,216.0,255.0,,,,
C=CC(O)C1CC=CCC1C,"3-cyclohexene-1-methanol, 6-methyl-alpha-vinyl-",,,,,,,,,236.0,272.0,,,,
O=C1CCCCCCCCC1=O,sebacil,,,,,,,,,215.0,255.0,,,,
C1COC2(CCC3(CC2)OCCO3)O1,"1,4,9,12-tetraoxadispiro[4.2.4.2]tetradecane",,,,,,,,,222.0,265.0,,,,
CC1=CCC(CC(=O)O)C1(C)C,"2,2,3-trimethylcyclopent-3-ene-1-acetic acid",0.9903,0.9522,4.443,1.575,0.133,0.125,,,223.0,260.0,,,49.976776213147694,66.81215207008196
CC1(C)C2CC=C(CO)CC21,(+)-3-caren-10-ol,,,,,,,,,,,,,,
CC(C)OC(=O)/C=C\C(=O)OC(C)C,bis(1-methylethyl) (Z)-2-butenedioate,0.9923,0.937,2.923,1.046,0.156,0.144,367.0,397.0,256.0,297.0,76.70322246992627,98.84908936941912,69.31240182611546,91.1001920344044
CCCCCC#CC(=O)OCC,ethyl 2-octynoate,0.899,0.848,2.336,0.92,0.149,0.139,329.0,355.4,239.0,273.0,78.68633462453059,99.42201939828992,71.9209538975973,92.3120342341428
C=C(C)C(=O)OC1CCCCC1,"methacrylic acid, cyclohexyl ester",1.035,0.977,1.643,0.85,0.13,0.121,307.0,337.5,216.0,255.0,80.08876882449816,94.029270570291,72.5473298589161,86.89992594167337
CC(=O)O[C@H]1CCCC[C@@H]1OC(C)=O,"1,2-cyclohexanediol, diacetate, trans-",1.154,1.093,3.12,1.244,0.15,0.14,346.0,377.0,237.0,278.0,74.02696654717205,93.46969256886943,66.55252795362371,85.7937781518936
O=C(O)CCCC=CCCCC(=O)O,cis-5-decenedioic acid,,,,,,,,,262.0,298.0,,,,
CCOC(=O)CCC(C(C)=O)=C(C)O,3-ethoxycarbonylethyl-2-hydroxy-2-penten-4-one,1.25,1.19,24.8,4.538,0.174,0.161,,,271.0,308.0,,,42.71645057147042,67.52685176400918
C=C(C)COC(=O)C(C)(C)OC(C)=O,2-methyl-2-propenyl 2-acetoxy-2-methylpropanoate,0.9947,0.9385,3.016,1.055,0.141,0.13,354.0,386.0,259.0,300.0,70.30701309843897,91.31486226595982,64.39101247386819,85.0645616832496
CCOC(=O)CCC(C(C)=O)C(C)=O,"3-ethoxycarbonylethyl-2,4-pentandione",1.21,1.15,4.463,1.478,0.197,0.184,393.0,417.0,269.0,306.0,83.99875869088127,110.97287401605332,75.50219196690601,101.71991736744948
C=COC(=O)CCCCC(=O)OCC,Hexanedioic acid ethenyl ethyl ester,1.104,1.043,2.446,0.959,0.165,0.153,380.0,407.0,259.0,297.0,87.16111604446816,109.52866912989586,78.25117731835066,100.2386692745484
C=COC(=O)CCCCCC(=O)OC,Vinyl methyl pimelate,1.109,1.049,2.615,1.02,0.165,0.154,383.0,409.0,259.0,297.0,85.33007922665573,107.79710327187468,76.43804262209788,98.51802871269388
CC1(C(=O)O)CCC(C(=O)O)C1(C)C,"cis-1,2,2-trimethyl-1,3-cyclopentanedicarboxylic acid",1.216,1.164,9.868,3.265,0.136,0.129,366.0,392.0,247.0,286.0,48.47303242701831,64.93996638744213,43.3968905955162,59.42873062159234
CCOC(=O)[C@H]1C[C@@H](C(=O)OCC)C1,"cis-1,3-cyclobutanedicarboxylic acid, diethyl diester",1.21,1.15,1.818,0.722,0.149,0.139,351.0,381.0,246.0,286.0,85.70724104220854,108.18569247668476,77.5519404583994,99.8001970372005
COC(=O)[C@@H]1CCC[C@H](C(=O)OC)C1,"cis-1,3-cyclohexanedicarboxylic acid, dimethyl diester",1.161,1.102,3.704,1.361,0.151,0.141,348.0,378.0,237.0,278.0,70.32892217780993,90.81593600732378,63.125441720961,83.29586090725513
COC(=O)C1CCCCC1C(=O)OC,"dimethyl cis-1,2-cyclohexanedicarboxylate",1.156,1.098,3.806,1.457,0.151,0.141,344.0,375.0,237.0,278.0,69.23321685927239,88.4653822022014,62.34438296868896,81.32202109943606
CCOC(=O)C1(C(=O)OCC)CCC1,"diethyl 1,1-cyclobutanedicarboxylate",1.0251,0.969,2.341,0.97,0.143,0.133,352.0,383.0,247.0,287.0,76.109095405473,94.7880997947763,68.89056742475537,87.39813787243833
CC(C)C1CC=C(C=O)CC1,4-isopropyl-1-carbonyl-1-cyclohexene,,,,,,,,,,,,,,
CCCOC(=O)/C=C\C(=O)OCCC,dipropyl (Z)-2-butenedioate,1.113,1.054,3.055,1.167,0.17,0.158,382.0,407.0,257.0,295.0,82.99435299074868,105.07777264511137,74.23834938311929,95.9826826863782
CCOC(=O)[C@H]1C[C@H](C(=O)OCC)C1,"trans-1,3-cyclobutanedicarboxylic acid diethyl diester",1.21,1.15,1.818,0.722,0.149,0.139,351.0,381.0,246.0,286.0,85.70724104220854,108.18569247668476,77.5519404583994,99.8001970372005
COC(=O)[C@H]1CCC[C@H](C(=O)OC)C1,"trans-1,3-cyclohexanedicarboxylic acid, dimethyl diester",1.161,1.102,3.704,1.361,0.151,0.141,348.0,378.0,237.0,278.0,70.32892217780993,90.81593600732378,63.125441720961,83.29586090725513
CC1(O)C(=O)CC2CC1C2(C)C,"(1S,2S,5S)-(-)-2-hydroxy-3-pinanone",,,,,,,,,,,,,,
CC(=O)OC[C@@H]1CCC[C@H](OC(C)=O)O1,cis-2-acetoxy-6-acetoxymethyltetrahydropyran,1.3,1.24,6.462,2.016,0.167,0.156,374.0,404.0,252.0,295.0,64.870214539037,87.6005817239819,58.05110950834388,80.18494677419042
CC(C)=C1CCCCCC1,(1-methylethylidene)cycloheptane,0.814,0.768,3.317,1.224,0.111,0.103,265.9,298.7,203.0,240.0,55.78640621023929,72.30761908607477,51.70752516706577,67.99137368760199
CC(=O)OC[C@H]1CCC[C@H](OC(C)=O)O1,trans-2-acetoxy-6-acetoxymethyltetrahydropyran,1.3,1.24,6.462,2.016,0.167,0.156,374.0,404.0,252.0,295.0,64.870214539037,87.6005817239819,58.05110950834388,80.18494677419042
CC1CCC2CC1C2(C)C,"(1.alpha.,2.beta.,5.alpha.)-2,6,6-trimethylbicyclo[3.1.1]heptane",0.8415,0.7917,1.462,0.556,0.101,0.0938,259.0,292.5,199.0,236.0,66.62409579558215,85.80604352200525,61.86392557626788,80.7786919575282
CC1CCC2CC1C2(C)C,"(1.alpha.,3.alpha.,5.alpha.)-2,6,6-trimethylbicyclo[3.1.1]heptane",0.8381,0.7874,1.348,0.521,0.101,0.0931,258.1,291.8,199.0,236.0,68.44033459426778,87.30082126839899,63.61265598062024,82.24130334521422
CC1CC2CCC(C)C2C1,"(1.alpha.,3a.alpha.,5.alpha.,6a.alpha.)-octahydro-1,5-dimethylpentalene",0.864,0.811,1.296,0.506,0.11,0.102,255.1,288.9,191.0,229.0,74.25966826303792,94.90386584275916,68.45419048145341,88.89909526449006
CC1CCC2(C)CCCC12,"(1.alpha.,3a.alpha.,6a.alpha.)-octahydro-1,3a-dimethylpentalene",0.86,0.809,1.36,0.532,0.105,0.098,251.2,285.5,192.0,230.0,69.78509643346928,89.64584045613908,64.70380120548586,84.35720541802004
CC=CCC1CCCCC1,(2-butenyl)cyclohexane,0.7979,0.7498,1.291,0.747,0.133,0.122,285.0,314.8,202.0,238.0,85.54158761035865,96.4316765775694,77.64701905511915,89.13610399196848
CC1CC(C(=O)O)C(C(=O)O)CC1C,"cis-4,5-dimethylhexahydrophthalic acid",,,,,,,,,,,,,,
CC1CCC2CCCC2C1,"(3a.alpha.,5.beta.,7a.alpha.)-octahydro-5-methyl-1H-indene",0.87,0.82,1.655,0.622,0.116,0.107,251.8,285.7,189.0,227.0,70.59090222094876,90.89209493608637,65.11791140083487,85.19785021780517
C1=C/CCCCCCCC/1,(E)-cyclodecene,0.8533,0.8088,3.985,1.719,0.135,0.126,256.1,290.0,195.0,233.0,59.782364982209515,74.63505364930208,55.3699604659667,70.17905454883238
CC1=CCC(C(C)C)CC1,(R)-1-methyl-4-(1-methylethyl)cyclohexene,0.8041,0.756,2.114,0.767,0.114,0.105,277.0,309.3,205.0,243.0,66.12046037204483,85.50677162501108,60.7522925066925,79.89648678167228
CC(C)C1=CC[C@@H](C)CC1,(R)-4-methyl-1-(1-methylethyl)cyclohexene,0.798,0.751,1.667,0.652,0.111,0.103,262.4,296.7,205.0,243.0,67.85661768205553,86.6833591438348,63.30442143499594,81.9490364785737
CC1=CCC(C(C)C)CC1,(S)-1-methyl-4-(1-methylethyl)cyclohexene,0.819,0.767,1.783,0.678,0.113,0.104,276.6,309.2,205.0,243.0,70.42660883909247,89.86001165920142,64.73514437918094,83.9717391807445
C1=C\CCCCCCCC/1,(Z)-cyclodecene,0.8592,0.812,3.608,1.613,0.136,0.126,261.5,294.8,195.0,233.0,63.2067449142265,77.61043937573486,58.19898010755549,72.64057659516324
CC1=CCC(C(C)(C)O)CC1,"(S)-.alpha.,.alpha.,4-trimethyl-3-cyclohexene-1-methanol",0.9204,0.8693,10.756,2.761,0.12,0.112,,,223.0,262.0,,,40.28256222979828,58.80359818960298
COC(=O)C1CCCC(C(=O)OC)C1,"cis-dimethyl cyclohexane-1,3-dicarboxylate",,,,,,,,,,,,,,
CC1CC2CCCC2C1C,"(exo,exo)-2,3-dimethylbicyclo[3.3.0]octane",0.869,0.817,1.404,0.539,0.111,0.102,256.5,290.0,191.0,229.0,72.80156071589795,92.83307493486696,67.00683407660253,86.86641537667705
CC1(O)C(=O)CC2CC1C2(C)C,"(1S,2S,5S)-(-)-2-hydroxy-3-pinanone",0.84983,0.8047,1.277,0.706,0.1164,0.1083,247.02,283.02,186.0,225.0,69.60823272226068,81.12804723277418,64.26863177166136,76.0578084149202
C=C1CCCC(C)(C)C1C,"1,1,2-trimethyl-3-methylenecyclohexane",0.8093,0.7592,1.334,0.527,0.098,0.0904,261.2,295.4,207.0,244.0,67.17074517106883,85.20737048260932,62.91700934450112,80.74645229998619
C=C(C)C1CCCC1(C)C,"1,1-dimethyl-2-isopropenylcyclopentane",0.7829,0.733,1.303,0.532,0.098,0.0901,266.0,300.2,208.0,245.0,67.88731293605989,85.06805239245435,63.34912648875304,80.34211917815101
CC1=CCC(C(C)(C)O)CC1,".alpha.,.alpha.,4-trimethyl-3-cyclohexene-1-methanol",0.9007,0.8516,11.102,2.818,0.12,0.112,,,223.0,262.0,,,39.47948832999161,57.81358570073466
CC1=C(C)C(C)(C)CCC1,"1,2,3,3-tetramethylcyclohexene",0.8231,0.773,1.628,0.621,0.096,0.0891,274.4,306.2,208.0,244.0,63.45051752095716,81.33762080035285,58.693355047087984,76.30464285493997
CC1CCC2CCCC12C,"1,2,3,3a.alpha.,4,5,6,6a-octahydro-1.alpha.,6a.alpha.-dimethylpentalene",0.862,0.812,1.415,0.542,0.105,0.098,251.5,285.8,192.0,230.0,68.65085905720541,88.70828069628833,63.630784159569544,83.4502992840817
CC1(C)C2CCC1(C)[C@H](O)C2,"(1S-endo)-1,7,7-trimethylbicyclo[2.2.1]heptan-2-ol",0.996,0.942,2.41,0.87,0.106,0.1,,,213.0,251.0,,,56.27006470669672,75.26962509904497
CC12CCC(CC1)C(C)(C)O2,"1,3,3-trimethyl-2-oxabicyclo[2.2.2]octane",0.90861,0.8573,2.068,0.805,0.109,0.101,314.0,371.0,208.0,247.0,65.89555674549388,85.25228612802725,58.68688219729907,76.03381924984271
CC12CCC(C1)C(C)(C)C2O,"1,3,3-trimethylbicyclo[2.2.1]heptan-2-ol",,,,,,,,,213.0,251.0,,,,
COC(=O)C1CCCC(C(=O)OC)C1,"trans-dimethyl cyclohexane-1,3-dicarboxylate",,,,,,,,,,,,,,
CC(C)=CCCC(C)=CCO,"(E)-3,7-dimethyl-2,6-octadien-1-ol",0.8663,0.8201,3.578,1.134,0.133,0.124,357.0,381.0,241.0,277.0,65.59314293543287,87.76339853710213,58.72922444640932,80.23591245266051
CC1CC(C(=O)O)C(C(=O)O)CC1C,"cis-4,5-dimethylhexahydrophthalic acid",0.8396,0.7914,1.906,0.834,0.146,0.135,334.0,362.2,239.0,275.0,77.28163530109512,94.29825642117184,70.33795729957696,87.26814641629268
CC(C)=CCCC(C)=CCO,"(Z)-3,7-dimethyl-2,6-octadien-1-ol",0.8615,0.812,3.134,1.022,0.134,0.124,366.0,389.0,241.0,277.0,70.2834675638959,92.67974488083011,62.48954245838651,84.2367428540241
CCCC=C=C(C)C(C)(C)O,"2,3-dimethyl-3,4-octadien-2-ol",0.8531,0.807,37.51,4.213,0.266,0.249,,,245.0,280.0,,,50.10514106040256,91.76803957027025
CC(C)C=CC(=O)CC(C)C,"2,7-dimethyl-5-octen-4-one",0.826,0.7783,1.453,0.694,0.152,0.141,332.0,360.6,239.0,276.0,91.97397753240038,109.79532514184592,83.85175468549755,101.84043324917118
CC1CCCC(C)(C)CC1=O,"2,6,6-trimethylcycloheptanone",0.891,0.8431,3.479,1.423,0.142,0.132,338.0,364.0,218.0,257.0,68.93774705741782,85.88791920913148,60.93693832951858,77.8768630930527
CC(C)(C)C1CCCCC1=O,"2-(1,1-dimethylethyl)cyclohexanone",0.918,0.869,4.466,1.427,0.134,0.125,288.0,322.5,219.0,259.0,59.3011729112689,80.27258822885626,54.903888765502906,75.4708219404649
OC1CCCC1C1CCCC1,2-cyclopentylcyclopentanol,1.007,0.956,5.958,1.987,0.131,0.123,,,204.0,243.0,,,49.37891041801403,67.51468023192852
CC(C)C1CCC(C)(C(=O)O)C1,1-methyl-3-isopropylcyclopentanecarboxylic acid,1.046,0.995,7.648,2.312,0.131,0.122,355.0,382.0,231.0,271.0,52.31899573603988,71.04782043514695,46.36221891854336,64.50755732010252
CC1C=CC(C(C)C)CC1,(3R-trans)-3-methyl-6-(1-methylethyl)cyclohexene,,,,,,,277.8,310.6,205.0,242.0,,,,
C#CC(C)(O)CCCC(C)C,"3,7-dimethyl-1-octyn-3-ol",0.8368,0.7882,35.851,4.06,0.087,0.0815,,,250.0,287.0,,,23.200562879623217,42.4697296531629
CCCCCCC/C=C\C=O,2-decenal,0.8382,0.7907,1.551,0.771,0.167,0.155,349.0,373.0,238.0,273.0,97.87096495911555,115.05209677116316,87.8796210852468,105.38174752499704
CCCCC(=O)/C=C/C(C)C,2-methyl-3-nonen-5-one,0.8331,0.7848,1.68,0.777,0.161,0.149,350.0,375.0,239.0,275.0,93.72659959691045,112.28423855184158,84.18987210261656,102.90301259055435
CCCC=CC(=O)CC(C)C,2-methyl-5-nonen-4-one,0.8274,0.779,1.692,0.783,0.162,0.15,355.0,379.0,239.0,275.0,94.3868716653509,112.98368893107188,84.4453394904853,103.2354433950544
CC(=O)C(C)=CCCC(C)C,"3,7-dimethyl-3-octen-2-one",0.8349,0.7866,1.557,0.75,0.146,0.135,337.0,363.5,240.0,276.0,88.30843045397324,104.72160797675306,80.26630982143016,96.91569954508331
CC(C)=CCCC(C)CC=O,"3,7-dimethyl-6-octenal",0.8359,0.7879,1.914,0.825,0.145,0.135,332.0,360.0,239.0,275.0,82.42332999685419,101.49610436239436,75.14452492633929,94.09049790557728
C/C=C/OC(O/C=C/C)C(C)C,"(E,E)-1,1-bis(1-propenoxy)-2-methylpropane",0.918,0.862,1.743,0.766,0.161,0.148,347.0,373.9,253.0,288.0,93.82716331746433,113.6618596606335,85.8483016404568,105.61503611153675
C/C=C\OC(O/C=C/C)C(C)C,"(Z,E)-1,1-bis(1-propenoxy)-2-methylpropane",0.918,0.862,1.743,0.766,0.161,0.148,347.0,373.9,253.0,288.0,93.82716331746433,113.6618596606335,85.8483016404568,105.61503611153675
CC1CCC(CC(=O)O)C1(C)C,"2,2,3-Trimethylcyclopentaneacetic acid",1.052,1.0,4.183,1.6,0.13,0.122,,,232.0,270.0,,,55.003442662986345,71.86245301650617
C/C=C\OC(O/C=C\C)C(C)C,"(Z,Z)-1,1-bis(1-propenoxy)-2-methylpropane",0.918,0.862,1.743,0.766,0.161,0.148,347.0,373.9,253.0,288.0,93.82716331746433,113.6618596606335,85.8483016404568,105.61503611153675
CCCCCCC1CCC(=O)O1,.gamma.-decalactone,1.052,1.005,2.567,1.194,0.175,0.165,340.0,368.0,237.0,275.0,84.56018153328127,102.79649891099548,76.39722731502341,94.7086440640386
CC1(C)C2CCC(CO)C1C2,(+)-trans-myrtanol,,,,,,,,,,,,,,
CC12COC(C(C)(C)C)(OC1)OC2,"2,6,7-trioxabicyclo[2.2.2]octane, 1-(1,1-dimethylethyl)-4-methyl-",,,,,,,,,239.0,282.0,,,,
CC(C)C(=O)CC(=O)C(C)(C)C,"2,2,6-trimethyl-3,5-heptanedione",0.96,0.906,2.083,0.949,0.163,0.151,365.0,392.0,258.0,295.0,90.39555970985768,108.90286189107526,81.99034968855594,100.5330492591832
CC1C=CC(C(C)C)CC1,(3R-trans)-3-methyl-6-(1-methylethyl)cyclohexene,0.9121,0.867,6.688,2.307,0.17,0.159,,,248.0,284.0,,,60.67088561886023,81.03834255084334
C#CC(C)(O)CCCC(C)C,"3,7-dimethyl-1-octyn-3-ol",0.9354,0.8927,35.279,5.601,0.174,0.161,,,262.0,298.0,,,37.47398423046987,61.66673913217112
CC(C)C(=O)CC(=O)C(C)(C)C,"2,2,6-trimethylheptane-3,5-dione",0.907,0.856,1.874,0.853,0.156,0.145,334.0,364.5,258.0,295.0,86.60395923033079,105.08580085377356,80.5371930373573,99.01464973176654
CCC#CC(C)(O)C(C)(O)CC,"3,4-dimethyl-5-octyne-3,4-diol",0.9479,0.897,105.496,8.473,0.138,0.128,,,263.0,301.0,,,23.84667812888999,47.699652760146805
CCCC=CC(=O)CC(C)C,2-methyl-5-nonen-4-one,0.8985,0.854,5.899,2.108,0.166,0.155,,,248.0,284.0,,,59.68574032833555,78.83964248054245
CCCCCCC=CC(=O)OC,"2-nonenoic acid, methyl ester",0.8976,0.8467,1.939,0.92,0.152,0.141,348.0,375.0,245.0,282.0,85.12186171049945,101.57919793196557,77.12004810102754,93.752931844226
CC1(C)COC2(CCCC2)OC1,"6,10-dioxaspiro(4.5)decane, 8,8-dimethyl-",0.965,0.915,5.078,1.705,0.129,0.121,270.0,314.0,219.0,260.0,53.46039575813122,72.41360353990507,50.40300992849725,68.66981110113741
CCCCC(=O)OC(=O)CCCC,valeric anhydride,0.9273,0.8778,2.588,1.094,0.173,0.161,376.0,401.0,263.0,300.0,85.16026049424212,104.91907481217804,77.01409076939304,96.69502927285826
CCC(C(=O)O)C(CC)(CC)C(=O)O,Triethylbutanedioic acid,,,,,,,,,274.0,315.0,,,,
CC(C)(C)C(=O)OC(=O)C(C)(C)C,trimethylacetic anhydride,0.906,0.851,3.532,1.222,0.135,0.125,349.5,383.9,264.0,304.0,65.88335209397415,86.2756001468196,60.883720069942626,80.79412336724494
O=C(O)CCCCCCCCC(=O)O,"1,10-decanedioic acid",,,,,,,,,274.0,312.0,,,,
CCCC(=O)OCCOC(=O)CCC,"1,2-ethanediol dibutanoate",0.9824,0.928,3.054,1.185,0.162,0.15,387.3,418.0,268.0,309.0,78.44876719462674,98.9783669713945,70.72984067383739,90.91357091533918
C=COCCOCCOCCOC=C,"3,6,9,12-tetraoxatetradeca-1,13-diene",1.093,1.037,2.745,1.244,0.204,0.191,415.0,433.0,290.0,321.0,98.07336347812522,118.27001584269038,88.66795600497406,108.72025825630458
CC(C)OC(=O)CCC(=O)OC(C)C,bis(1-methylethyl) butanedioate,,,,,0.148,0.137,380.0,412.0,268.0,311.0,,,,
CCOC(=O)CCCCC(=O)OCC,"diethyl 1,6-hexanedioate",0.98862,0.9315,2.295,1.003,0.1433,0.1302,393.0,421.0,268.0,309.0,79.24150600267157,95.18305623955334,71.15155795297713,87.2518034127822
CC(C)(C(=O)O)C1(O)CCCCC1,"1-hydroxy-alpha,alpha-dimethylcyclohexaneacetic acid",,,,,,,,,,,,,,
COC(=O)CCCCCCC(=O)OC,dimethyl octanedioate,1.006,0.956,3.777,1.423,0.16,0.15,380.0,409.0,268.0,309.0,71.14142864740218,91.2468515051083,64.48575281037434,84.32676533389326
CCCCCCCC(C(=O)O)C(=O)O,heptylpropanedioic acid,,,,,,,,,274.0,313.0,,,,
CCCCOC(=O)C(=O)OCCCC,dibutyl ethanedioate,0.9701,0.9144,3.299,1.29,0.163,0.151,384.4,421.0,268.0,309.0,77.45447713497053,97.94924125647589,69.98118297160646,89.7874924401704
CCCC(C(=O)OCC)C(=O)OCC,diethyl propylpropanedioate,0.9688,0.9125,4.129,1.403,0.154,0.143,383.0,413.0,268.0,310.0,69.94640735338237,91.77344993849036,63.262436623945746,84.65845782439074
CCCCCC(C(=O)OC)C(=O)OC,dimethyl pentylpropanedioate,0.9865,0.9335,4.866,1.607,0.156,0.145,387.0,416.0,268.0,310.0,66.46892302451897,87.8966418328637,59.941811718240565,80.9172981932187
CCCOC(=O)C(C)C(=O)OCCC,dipropyl methylpropanedioate,0.9687,0.9131,4.129,1.402,0.154,0.143,383.0,413.0,268.0,310.0,69.70066797970628,91.46937086841324,63.04017972553709,84.3779533304804
CC(C)(C)/C=C/C(C)(C)C,"(E)-2,2,5,5-tetramethyl-3-hexene",0.698,0.6533,1.39,0.674,0.102,0.094,297.0,325.0,234.0,273.0,68.33349462954348,81.01661823329424,63.90100123274433,77.13897685417837
CCCOC(=O)CCC(=O)OCCC,dipropyl succinate,0.9871,0.9349,3.242,1.251,0.162,0.15,389.0,418.0,268.0,309.0,76.34487460954384,96.35527981260536,68.7482077745629,88.50421392426442
CCCCOC(=O)CCCCC(=O)O,monobutyl adipate,1.021,0.972,12.821,3.076,0.171,0.16,414.0,437.0,271.0,310.0,53.89765088449325,77.94884273220521,47.841182157808205,70.7721335015874
CC(=O)OCCOCCOCCOC(C)=O,triethylene glycol diacetate,1.368,1.298,7.31,2.234,0.198,0.185,449.0,472.0,301.0,340.0,76.12240720488369,102.62222195171448,68.02309262116313,93.57644642860711
C#CC#CC#CC#CC#C,"1,3,5,7,9-decapentayne",0.94,0.89,4.043,1.528,0.0822,0.0774,241.3,248.2,168.0,181.0,43.860459296439096,55.66845349840038,39.61314297939207,50.93735616242208
CCC(C)(C)C1CCCC1,"(1,1-dimethylpropyl)cyclopentane",0.793,0.7502,2.522,1.0,0.11,0.102,275.0,311.2,216.0,256.0,58.981023697114374,75.0348411965039,55.1073921645519,71.02460609431743
CCCC(C)C1CCCC1,(1-methylbutyl)cyclopentane,0.7881,0.744,2.284,0.833,0.118,0.11,277.0,312.5,215.0,255.0,64.45778476973388,84.20118937373823,60.02342259636523,79.52005426866235
CC/C=C/CCCCCC,(E)-3-decene,0.72517,0.6764,0.938,0.517,0.134,0.123,312.0,342.2,234.0,269.0,96.49781360964826,110.11465065494646,88.99635236352462,102.90617981854294
CC1CC(C)C(C)C(C)C1,"(1.alpha.,2.alpha.,4.alpha.,5.beta.)-1,2,3,5-tetramethylcyclohexane",0.768,0.721,1.302,0.527,0.106,0.098,264.6,301.3,214.0,253.0,70.25023166585386,88.8213344240853,66.17876118667563,84.56149266498625
CC(C)C1CCC(C)C1C,"(1.alpha.,2.alpha.,3.alpha.)-1,2-dimethyl-3-(1-methylethyl)cyclopentane",0.788,0.7375,0.901,0.461,0.109,0.1,286.0,321.0,216.0,256.0,82.91074661909288,97.20341338677184,76.61554603174731,91.2093902632993
CC(C)C1CCC(C)C1C,"(1.alpha.,2.beta.,3.alpha.)-1,2-dimethyl-3-(1-methylethyl)cyclopentane",0.7725,0.7226,0.893,0.471,0.108,0.1,286.2,321.2,216.0,256.0,82.3092877859136,96.3109610700846,76.04479916215683,90.35613807998884
CC1CC(C)C(C)C(C)C1,"(1.alpha.,2.beta.,4.beta.,5.alpha.)-1,2,3,5-tetramethylcyclohexane",0.768,0.721,1.302,0.527,0.106,0.098,264.6,301.3,214.0,253.0,70.25023166585386,88.8213344240853,66.17876118667563,84.56149266498625
CC(C)CCC1CCCC1,(3-methylbutyl)cyclopentane,0.7725,0.7253,2.136,0.813,0.119,0.11,285.0,319.5,215.0,255.0,67.90024935901228,86.95465694762393,62.724679203411895,81.61029452511977
CCCCC=CCCCC,(E)-5-decene,0.72735,0.6792,0.935,0.515,0.134,0.123,311.9,342.0,234.0,269.0,96.2291456515942,109.82068957436287,88.75657311357944,102.64834203575376
C/C=C/CCCCCCC,(E)-2-decene,0.72806,0.6797,0.961,0.53,0.135,0.124,312.0,341.7,234.0,269.0,96.12742915351036,109.68027871903146,88.65476052495964,102.54241212995068
CC1CCC(C(C)C)C(O)C1,"(1R,2S,5R)-(-)-menthol",,,,,,,,,231.0,272.0,,,,
CCCC(C(=O)OCC)C(=O)OCC,diethyl propylpropanedioate,0.72616,0.6777,0.936,0.516,0.134,0.123,312.0,342.1,234.0,269.0,86.95488248639329,99.21141988341604,80.19526113609469,92.7243338093308
CCCCC=CCCCC,(Z)-5-decene,0.72987,0.6811,0.932,0.514,0.134,0.123,311.8,342.1,234.0,269.0,96.65472698592798,110.28599455873896,89.15714831467075,103.07478096750776
CC(C)(C)OC(=O)C(=O)OC(C)(C)C,di-tert-butyl oxalate,,,,,,,,,,,,,,
CC[C@H](C)C1CCCCC1,(R)-(+)-sec-butylcyclohexane,0.7964,0.7472,1.657,0.83,0.121,0.111,294.0,327.7,213.0,253.0,75.32916741327388,88.66559232910554,68.80028634438496,82.4421671195456
CC(C)(C)/C=C/C(C)(C)C,"(E)-2,2,5,5-tetramethyl-3-hexene",0.738,0.6895,0.867,0.479,0.116,0.106,303.0,336.3,234.0,272.0,88.07547683003291,100.44798291705912,81.9003225902335,94.6274604835552
CC(C)(C)C1(O)CCCCC1,"1-(1,1-dimethylethyl)cyclohexanol",,,,,,,,,232.0,273.0,,,,
CC(C)(C)C=CC(C)(C)C,"(Z)-2,2,5,5-tetramethyl-3-hexene",0.716,0.669,1.145,0.583,0.1,0.0919,284.8,322.4,234.0,273.0,71.30928758938293,84.02137795468373,67.47523730323006,80.18088204936393
CCC(C)(C)C1CCCC1,"(1,1-dimethylpropyl)cyclopentane",0.9326,0.8786,6.541,1.935,0.122,0.115,,,231.0,272.0,,,49.396636900550746,69.8251109411623
C/C=C\CCCCCCC,(Z)-2-decene,0.7336,0.6867,0.954,0.524,0.135,0.124,312.0,342.4,234.0,269.0,95.49824388810538,109.15016490750637,88.07448630435987,101.9880685026722
CC/C=C\CCCCCC,(Z)-3-decene,0.7288,0.6809,0.933,0.514,0.134,0.123,312.0,342.3,234.0,269.0,96.15490326594488,109.7470296587168,88.68009887926668,102.55419509662948
CC1CCC(C(C)(C)O)CC1,".alpha.,.alpha.,4-trimethylcyclohexanemethanol",0.809,0.77,5.068,1.558,0.108,0.103,,,232.0,273.0,,,43.09223158848287,60.75549179499121
CCC/C=C\CCCCC,(Z)-4-decene,0.73035,0.6821,0.931,0.513,0.134,0.123,312.0,342.5,234.0,269.0,96.41020625280292,110.05035810826648,88.91555534950122,102.82074741782436
CCCCC(O)C1CCCC1,.alpha.-butylcyclopentanemethanol,0.8818,0.8339,7.598,2.278,0.134,0.125,,,233.0,273.0,,,47.63155220002655,66.48289504669701
CC(C)C1CC(C)(C)C1C,"1,1,2-trimethyl-3-(1-methylethyl)cyclobutane",0.744,0.6948,1.156,0.475,0.096,0.0885,280.3,316.6,224.0,263.0,69.64329542347508,87.30167467182427,65.38644160919414,82.86333485401548
C=CC(C)(C)OCCC(C)C,"1,1-dimethyl-2-propenyl 3-methylbutyl ether",0.7715,0.7206,1.387,0.638,0.126,0.116,347.0,377.3,252.0,290.0,83.66315171041374,100.42023555193204,76.46338355231369,93.2549286739032
CC1CC(C)C(C)(O)CC1C,"1,2,4,5-tetramethylcyclohexanol",0.8802,0.8277,3.408,1.293,0.113,0.105,,,233.0,272.0,,,54.18049914813131,70.50675939965065
CCC(C)(C)OCC=C(C)C,"1,1-dimethylpropyl 3-methyl-2-butenyl ether",0.7981,0.748,2.005,0.816,0.121,0.111,330.0,361.3,251.0,288.0,71.91260486306427,89.28477703207423,66.58482564846021,83.76763758269507
CCC1CCCCC1(O)CC,"1,2-diethylcyclohexanol",0.9067,0.8552,4.853,1.777,0.124,0.115,,,232.0,272.0,,,52.093104394368034,68.45918049106862
CC1CCC(C)(CO)C1(C)C,"1-hydroxymethyl-1,2,2,3-tetramethylcyclopentane",,,,,,,,,235.0,275.0,,,,
CC(C)(C)C1(O)CCCCC1,"1-(1,1-dimethylethyl)cyclohexanol",,,,,,,,,225.0,266.0,,,,
CCCCCCCCC1CO1,"1,2-epoxydecane",0.925,0.869,1.005,0.529,0.145,0.133,356.0,383.0,247.0,284.0,104.83919360266307,120.47386023599825,94.5946207407146,110.75350016612852
CCCCC1(O)CCCCC1,1-butylcyclohexanol,0.9032,0.8561,6.864,2.336,0.129,0.121,,,232.0,271.0,,,47.40823796150935,64.05176538906629
C=COCCCCCCCC,1-(ethenyloxy)octane,0.7872,0.7379,1.042,0.556,0.147,0.135,342.0,370.0,252.0,287.0,99.98015057952264,114.7318375338238,91.75003001393549,106.81960847726506
C=C(OCC(C)(C)C)C(C)C,"1-butene, 2-(2,2-dimethylpropoxy)-3-methyl-",0.811,0.75,0.999,0.493,0.11,0.1,333.0,367.0,253.0,291.0,86.56007454994895,101.32710470541063,80.12201474684404,94.9244670171529
OC1CCCCCCCCC1O,"1,2-cyclodecanediol",,,,,,,,,239.0,282.0,,,,
C=CCC(O)(CCC)CCC,"1-hepten-4-ol, 4-propyl-",0.888,0.834,23.649,2.758,0.132,0.122,374.0,401.0,253.0,292.0,40.45234669262301,71.34838488809048,36.24037989373578,65.25771013930095
CCCC1(O)CCC(C)CC1,1-methyl-4-propyl-4-cyclohexanol,0.947,0.893,5.174,1.904,0.126,0.117,,,232.0,272.0,,,52.44942093193186,68.89236441207431
CC(C)(C)C=CC(C)(C)C,"(Z)-2,2,5,5-tetramethyl-3-hexene",0.8478,0.801,22.411,2.747,0.111,0.104,,,254.0,294.0,,,32.201315803465796,57.78858205941554
CCCCCCC(O)/C=C\CO,"(Z)-2-decene-1,4-diol",0.9176,0.875,14.167,3.2,0.173,0.161,,,268.0,307.0,,,47.03034845984333,70.51698077489996
CC1CCC(C(C)C)C(O)C1,"(1.alpha.,2.beta.,5.alpha.)-5-methyl-2-(1-methylethyl)cyclohexanol",0.822,0.774,1.91,0.814,0.119,0.11,318.0,352.9,252.0,291.0,70.43304252779842,87.1259395812552,65.97169955725978,82.52511932198246
CCCCC(C)(C)OCC1CO1,"((1,1-Dimethylpentyloxy)-methyl)oxirane",0.985,0.927,3.452,1.079,0.143,0.132,370.0,399.0,263.0,302.0,72.86682277284012,97.46197731272404,66.19546547174878,90.11715977921112
CC(C)C(C)C(=O)C(C)(C)C,"2,2,4,5-tetramethyl-3-hexanone",0.848,0.792,1.203,0.606,0.126,0.116,330.0,364.9,251.0,291.0,88.19632282267902,103.67900789517346,81.66213404681777,97.28467285712296
CCOC(=O)CCC[C@@H](C)CC,(R)-ethyl 5-methylheptanoate,0.8511,0.7992,1.762,0.763,0.138,0.127,352.0,384.0,257.0,297.0,82.01822449555564,100.19827132392696,75.07271112067066,93.21251901330902
CCCC[C@@H](C)CC(=O)OCC,(S)-ethyl 3-methylheptanoate,0.8489,0.7972,1.767,0.765,0.138,0.127,352.0,384.0,257.0,297.0,81.86391214362075,100.01582731910833,74.9314663340344,93.042794874925
CCC(C)(C)OC(=O)C(C)(C)C,"1,1-dimethylpropyl 2,2-dimethylpropanoate",0.921,0.862,2.28,0.916,0.111,0.102,349.0,384.4,258.0,300.0,67.4661164937655,84.31438529785089,61.96943586017035,78.63507811316492
CCC(C)C(=O)OC(C)(C)CC,"1,1-dimethylpropyl 2-methylbutanoate",0.928,0.87,1.724,0.759,0.122,0.113,351.0,386.0,257.0,299.0,77.86418838548205,95.3358987652164,71.32750893372065,88.72699265687895
CC(CO)(CO)C1CCCCC1,"1,3-propanediol, 2-cyclohexyl-2-methyl-",,,,,,,,,249.0,291.0,,,,
CCCCC(=O)OC(C)(C)CC,"1,1-dimethylpropyl pentanoate",0.916,0.858,2.183,0.851,0.126,0.116,345.0,378.8,257.0,298.0,74.21009660768735,93.57449389009837,68.31069015461465,87.46771824005152
CCCCC(C)C(C)OC(C)=O,"1,2-dimethylhexyl ethanoate",0.8386,0.7856,1.55,0.7,0.132,0.121,350.0,384.0,256.0,298.0,82.71095144662421,99.73432174100108,75.74510605884646,92.86868588123762
CC(C)CC(=O)OC(C)C(C)C,"1,2-dimethylpropyl 3-methylbutanoate",0.926,0.868,1.436,0.634,0.127,0.117,350.0,385.0,256.0,299.0,84.30561905860547,102.74993703188676,77.20547213232923,95.6968772976036
CCCCC(=O)OC(C)C(C)C,"1,2-dimethylpropyl pentanoate",0.923,0.864,1.408,0.637,0.132,0.121,350.0,384.0,256.0,298.0,87.57966211067668,105.55241241685285,80.2037780867759,98.28626356134038
CCCCCCC1(C)OCCO1,"1,3-dioxolane, 2-hexyl-2-methyl-",0.901,0.853,2.331,1.184,0.146,0.136,341.0,372.0,248.0,288.0,76.54016935119036,90.18393160604046,69.98176149407237,83.91943330078551
CC(=O)OC(C)CCCC(C)C,"1,5-dimethylhexyl ethanoate",0.8328,0.7802,1.561,0.705,0.132,0.121,350.0,384.0,256.0,298.0,82.37085509554261,99.32294912931545,75.43365233074464,92.48563185141238
CCCCC(OC(C)=O)C(C)C,1-(1-methylethyl)pentyl ethanoate,0.8579,0.8037,1.515,0.684,0.132,0.121,350.0,384.0,256.0,298.0,83.7699867837371,101.01936470054312,76.71495034822632,94.06526744784736
CCCC(CC(C)C)OC(C)=O,1-(2-methylpropyl)butyl ethanoate,0.8612,0.8067,1.51,0.682,0.132,0.121,350.0,384.0,256.0,298.0,83.97821554282373,101.25971636503206,76.9056422598252,94.28907348413264
CCCCC(CCCC)OC=O,1-butylpentyl methanoate,0.8538,0.8025,3.162,1.159,0.156,0.144,377.0,404.0,266.0,303.0,77.21504140602707,98.57828114890204,69.99971813156307,90.91509036678433
CCCCCCCOC(=O)C(C)O,heptyl 2-hydroxypropanoate,0.997,0.943,6.419,1.697,0.151,0.14,,,274.0,315.0,,,55.906696063310875,80.06116595717992
CCC(CCC(C)C)OC(C)=O,1-ethyl-4-methylpentyl ethanoate,0.8387,0.7857,1.55,0.7,0.132,0.121,350.0,384.0,256.0,298.0,82.71095144662421,99.73432174100108,75.74510605884647,92.86868588123762
CCCCCCOC(=O)C(C)(C)O,hexyl 2-hydroxy-2-methylpropanoate,1.048,0.991,13.359,2.825,0.148,0.136,,,275.0,316.0,,,45.57333770028644,69.04060147698405
C=COCCOCCOCCCC,2-butoxyethyl 2-ethenyloxyethyl ether,0.999,0.941,1.902,0.935,0.182,0.168,401.0,424.0,284.0,318.0,102.23515649848916,119.72445116801433,92.77996474692743,110.41741822027004
COC(C)[C@H]1CO[C@@H](C(C)C)OC1,"cis-5-methoxyethyl-2-(1-methylethyl)-1,3-dioxane",1.039,0.982,4.62,1.629,0.161,0.15,364.0,395.0,261.0,302.0,70.62516178204915,92.08858863246404,64.31653086097221,85.39039194599404
COCC1(C)OCC(C(C)C)CO1,"cis-2-(methoxymethyl)-2-methyl-5-(1-methylethyl)-1,3-dioxane",1.018,0.963,4.617,1.62,0.149,0.139,352.0,385.0,262.0,303.0,65.52440475429523,85.82510853089613,60.301593170798704,80.23319180483232
CCCCCCCOC(=O)CCO,heptyl 3-hydroxypropanoate,0.9164,0.8693,6.984,1.956,0.163,0.15,411.0,436.0,274.0,314.0,62.20986616574479,85.23444370832864,55.50406560888266,77.71661772953921
COC(=O)CCCCCCCCO,methyl 9-hydroxynonanoate,0.9433,0.895,8.693,2.346,0.171,0.156,,,274.0,314.0,,,54.40157897519007,76.49236493061652
CCCCCCCCCC(=O)OO,peroxydecanoic acid,1.1,1.04,6.182,1.731,0.17,0.155,,,274.0,314.0,,,63.37592368752127,88.15577203811668
CC(=O)OC(C)CCCC(C)C,"1,5-dimethylhexyl ethanoate",0.868,0.817,10.138,1.958,0.139,0.128,,,263.0,302.0,,,46.200332083397555,71.89389876589281
CCCCOC(C)C(=O)OCCC,propyl 2-butoxypropanoate,0.894,0.8398,2.796,1.048,0.155,0.143,414.0,439.0,273.0,312.0,80.91494659221738,102.3113276456948,71.97126041800529,92.94031457249343
COCC1(C)OCC(C(C)C)CO1,"trans-2-(methoxymethyl)-2-methyl-5-(1-methylethyl)-1,3-dioxane",1.018,0.963,4.617,1.62,0.149,0.139,352.0,385.0,262.0,303.0,65.52440475429523,85.82510853089613,60.301593170798704,80.23319180483232
CC(C)CC(=O)OC(C)C(C)C,"1,2-dimethylpropyl 3-methylbutanoate",1.039,0.982,4.62,1.629,0.161,0.15,364.0,395.0,261.0,302.0,72.41175636141449,94.4181404397915,65.94353690953041,87.55050043326932
CC(C)(C)C(C)(O)C(C)(C)C,"1,1-di-tert-butylethanol",,,,,,,,,264.0,308.0,,,,
CCCCOCCOCCOC(C)=O,2-(2-butoxyethoxy)ethyl ethanoate,1.1,1.043,3.636,1.438,0.179,0.167,418.0,442.0,289.0,327.0,82.83890643976527,103.92535797772962,74.67032339030816,95.47870668295894
CCCCC(O)CC(C)CC,(+)-3-methyl-5-nonanol,0.8098,0.7626,8.274,1.652,0.131,0.122,,,262.0,303.0,,,46.92250523792962,73.07249385995412
C1COCCOCCOCCOCCO1,"1,4,7,10,13-pentaoxacyclopentadecane",1.16,1.111,12.069,5.221,0.206,0.195,388.0,418.0,270.0,318.0,60.079767846122174,74.65661463847313,54.25409309875564,69.12961742155026
CCCCCCCCCCO,1-decanol,0.81617,0.77172,8.148,1.752,0.1619,0.1533,391.6,463.3,254.2,295.2,60.412065020541775,93.84260286839908,53.49742955458134,82.66786283230101
CCCCCCC(CC)CO,(.+-.)-2-ethyloctanol,0.869,0.819,19.563,2.808,0.139,0.129,375.0,404.0,263.0,302.0,43.211849010611104,72.2014149168287,39.10762178042956,66.52679226392777
CCCCCCC(C)CCO,(R)-3-methyl-1-nonanol,0.8144,0.7683,23.33,3.254,0.141,0.13,387.0,415.0,263.0,302.0,40.97086882223845,68.597403817032,36.75239379216826,62.730204432442704
CCCC(CC(C)C)OC(C)=O,1-(2-methylpropyl)butyl ethanoate,0.8097,0.7587,6.669,1.437,0.121,0.112,369.0,401.0,263.0,304.0,51.74820252696791,77.16957395740687,47.04617334460022,71.38614497357624
CCCCCCCC(C)(C)O,"1,1-dimethyl-1-octanol",0.7963,0.7481,12.433,2.139,0.127,0.118,370.0,401.0,263.0,303.0,45.36066883984471,72.20754797172329,41.20765080322079,66.73411368110415
CCC(C)(C)OCCC(C)C,"1,1-dimethylpropyl 3-methylbutyl ether",0.7665,0.7163,1.461,0.684,0.121,0.111,343.0,377.5,262.0,301.0,79.22670243138217,94.7045156747199,73.44487523509468,88.85967140061057
CCCCCCC(CC)OC,1-ethylheptyl methyl ether,0.7785,0.7287,1.477,0.672,0.138,0.127,350.0,381.4,261.0,299.0,87.10938943035376,104.915923607904,80.20835390486806,97.97275616125556
CCC(CC)CC(CC)CO,"1-hexanol, 2,4-diethyl-",0.847,0.799,15.348,2.378,0.131,0.122,360.0,392.0,262.0,303.0,43.328256500646475,71.2470022897042,39.623375800980334,66.26817903763327
CCCCC(CO)CCCC,"1-hexanol, 2-butyl-",0.818,0.7703,17.115,2.596,0.139,0.128,378.0,407.0,263.0,302.0,44.37671251003282,72.58680359144263,40.07192766188346,66.74284546684599
CCC(CO)CCC(C)(C)C,"1-hexanol, 2-ethyl-5,5-dimethyl-",0.8232,0.7748,14.577,2.323,0.121,0.113,365.0,397.0,263.0,304.0,41.78126892049518,68.27602881600937,38.101510645602744,63.337486179761704
CCCC(CO)CC(C)CC,"1-hexanol, 4-methyl-2-propyl-",0.814,0.7681,17.199,2.604,0.132,0.123,365.0,397.0,262.0,303.0,41.82673598181941,69.23191147943557,38.10212044080328,64.16472900676074
CC(C)CCC(CO)C(C)C,"1-hexanol, 5-methyl-2-(1-methylethyl)-",0.8186,0.7709,14.659,2.335,0.128,0.118,377.0,408.0,262.0,304.0,43.653829054127506,70.5849433429246,39.406301413210514,64.97790512157756
CCCCCCCC(C)CO,"1-nonanol, 2-methyl-",0.8158,0.7704,35.548,4.673,0.147,0.135,,,263.0,302.0,,,33.49451339780422,57.96595552804352
CCCCCCCCCOC,1-methoxynonane,0.777,0.7282,1.223,0.645,0.145,0.133,356.0,385.0,262.0,298.0,95.09575916422436,109.37782281038524,87.23814425977424,101.7738505928814
CCC(C)CCCC(C)CO,"1-octanol, 2,6-dimethyl-",0.814,0.7681,19.656,2.994,0.134,0.124,375.0,406.0,262.0,303.0,41.033313415350015,67.3786748260482,37.09622739271153,62.05458897552549
CCCCCC(CC)CCO,"1-octanol, 3-ethyl-",0.89,0.84,22.472,3.214,0.142,0.131,391.0,418.0,263.0,302.0,42.70080359984446,70.95968438638315,38.19357212038019,64.75909041542623
CC(C)CCC(C)CCCO,"1-octanol, 4,7-dimethyl-",0.844,0.796,14.218,2.261,0.131,0.122,358.0,390.0,262.0,303.0,44.20114417081712,72.16146553711677,40.48502103850509,67.21538370908387
CCCCCCC(C)CC,(+)-3-methylnonane,0.7188,0.6714,0.946,0.521,0.123,0.112,325.0,358.6,245.0,284.0,90.47058500643944,102.8386570842376,83.55780611657481,96.30813494362148
CCCCCCC(C)CC,(-)-3-methylnonane,0.7188,0.6713,0.918,0.506,0.122,0.111,320.0,354.3,245.0,284.0,90.36355331113904,102.73292103600058,83.82373935884236,96.5361513508794
CCCCCCCC(C)C,"(3R,6S)-dimethyloctane",0.735,0.685,0.803,0.453,0.115,0.105,310.0,347.0,239.2,280.6,90.42507890092148,102.7081255260304,84.06483608960117,96.75138319693905
CCCCCCCC(C)C,"(3RS,4RS)-dimethyloctane",0.74,0.69,0.838,0.464,0.116,0.106,310.0,347.6,238.2,280.4,89.90404990442329,102.76455667552304,83.48201587912786,96.73810335745064
CCCCCCCC(C)C,"(3RS,4SR)-dimethyloctane",0.74,0.69,0.838,0.464,0.116,0.106,311.0,348.7,239.9,281.5,89.98553618597798,102.85593280190612,83.6491861830818,96.8447066665286
CCCCCCCC(C)C,"(3RS,5RS)-dimethyloctane",0.735,0.685,0.803,0.453,0.115,0.105,319.0,355.9,248.7,289.5,91.15598138651517,103.44242305069064,84.99090433117671,97.60495468069026
CCCCCCCC(C)C,"(3RS,5SR)-dimethyloctane",0.735,0.685,0.803,0.453,0.115,0.105,318.0,355.8,247.9,289.7,91.0755076712082,103.43424623357356,84.91390994965366,97.62391803839256
CCCCCCCC(C)C,"(3RS,6SR)-dimethyloctane",0.735,0.685,0.803,0.453,0.115,0.105,310.0,347.1,239.2,280.7,90.42507890092148,102.71645082983348,84.06483608960117,96.76108122950156
CCCCC(C)CCCC,(4RS)-ethyl-3-methylheptane,0.735,0.686,0.844,0.466,0.115,0.106,315.0,350.5,247.4,286.7,89.06188001022142,102.29744803107582,83.21094112059892,96.67595459132798
CCCCC(C)CCCC,(4SR)-ethyl-3-methylheptane,0.735,0.686,0.844,0.466,0.115,0.106,315.0,350.4,247.3,286.7,89.06188001022142,102.28923712582623,83.20147845348485,96.67595459132798
CCC[C@H](C)[C@@H](C)CCC,"(R*,R*)-(.+-.)-4,5-dimethyloctane",0.733,0.685,0.846,0.467,0.116,0.106,312.0,348.3,245.0,285.0,88.8008362918786,101.46463420464968,82.96287391934224,95.89832921691024
CCC[C@@H](C)[C@@H](C)CCC,"(R*,S*)-4,5-dimethyloctane",0.733,0.685,0.846,0.467,0.116,0.106,308.0,346.5,240.8,283.2,88.479097694475,101.31685557617097,82.56031419755726,95.7275651299011
CCCCCCCCC(O)CO,"1,2-decanediol",,,,,,,,,280.0,321.0,,,,
OCCCCCCCCCCO,"1,10-decanediol",,,,,,,,,280.0,320.0,,,,
CCCCCC(CC)CCO,"1-octanol, 3-ethyl-",0.734,0.685,0.817,0.453,0.11,0.101,314.0,352.6,246.0,288.1,84.40787643367496,96.81701001794336,78.80734743226179,91.46831349917268
CCCC(OC(C)C)OC(C)C,"1,1-bis(1-methylethoxy)butane",0.872,0.81,1.365,0.654,0.139,0.126,369.0,402.0,277.0,317.0,94.06250370276672,110.43918024883024,86.77239341205797,103.3004839388014
CC(C)COC(C)OCC(C)C,"1,1-bis(2-methylpropoxy)ethane",0.80374,0.7492,1.617,0.761,0.14,0.128,373.0,405.0,277.0,317.0,87.21919325951188,103.46028717642584,80.21580200351289,96.57051600690164
CCC(C)OC(C)OC(C)CC,"1,1-bis(1-methylpropoxy)ethane",0.872,0.813,1.491,0.701,0.14,0.127,367.0,400.0,277.0,317.0,90.81226464359192,107.26146279728344,83.90222948859788,100.4690302422867
CC(C)OC(OC(C)C)C(C)C,"1,1-diisopropoxy-2-methylpropane",0.863,0.802,1.263,0.611,0.133,0.121,365.0,400.0,276.0,318.0,92.43022078340384,108.69198609555188,85.44147408175218,101.89920549728862
CCCOC(CCC)OCCC,"1,1-dipropoxybutane",0.886,0.828,1.693,0.797,0.152,0.139,373.0,403.0,277.0,315.0,92.9360235758302,110.09546457341918,85.47359116211027,102.72398948217624
CCCCCCC(O)CCCO,"1,4-decanediol",0.9047,0.862,71.847,9.281,0.175,0.161,,,280.0,321.0,,,30.32696319389652,52.78625939918668
CC(C)COCCOCC(C)C,"1,2-di(isobutoxy)ethane",0.8032,0.7526,1.868,0.864,0.145,0.133,360.0,393.0,277.0,316.0,83.26119048017341,99.63027673270976,77.34358202887312,93.7023943725474
CCCCC(CC)(CO)C(C)O,"1,3-butanediol, 2-butyl-2-ethyl-",0.969,0.92,35.088,5.217,0.149,0.138,419.0,446.0,280.0,323.0,38.480182940538384,63.3535542035576,34.35531047003113,57.85644676472768
CC(C)OCCCCOC(C)C,"1,4-diisopropoxy butane",0.8142,0.7611,1.842,0.828,0.146,0.134,371.0,402.0,277.0,316.0,85.87538724176176,103.41569990765367,79.09943597180867,96.64506070024498
CCCC(O)CCCCCCO,"1,7-decanediol",0.9186,0.8753,51.165,6.969,0.167,0.155,,,280.0,321.0,,,32.38934322083847,55.8948459915925
CCCOCCCCOCCC,"1,4-dipropoxybutane",0.825,0.7747,1.697,0.891,0.159,0.147,375.0,402.0,278.0,314.0,92.29984974037224,106.63764523957116,84.84686485505907,99.47823421578217
CCCCCC(O)CCCCO,"1,5-decanediol",0.989,0.942,53.589,7.113,0.169,0.157,437.0,460.0,280.0,321.0,37.399178463764365,63.51054562104953,32.997435474767265,57.39736184193522
CCCCCCCOCC(O)CO,"3-(heptyloxy)-1,2-propanediol",1.05,1.001,7.238,1.998,0.184,0.17,448.0,471.0,296.0,336.0,69.40349833617198,95.51023305188748,61.766247157804926,86.85370760886637
CCCCOCCCCCOC,1-butoxy-5-methoxypentane,0.8291,0.7795,1.544,0.949,0.162,0.149,383.0,409.0,278.0,314.0,96.25982781668333,105.88173786897704,87.96320939171407,98.29458747420118
CC(C)CC(C)(O)CC(C)(C)O,"2,4,6-trimethyl-2,4-heptanediol",0.8903,0.8392,14.602,2.741,0.129,0.119,,,281.0,325.0,,,40.14873189820459,63.18641147336029
CCCC(CO)C(CO)CCC,"2,3-dipropyl-1,4-butanediol",0.9225,0.8795,119.241,12.507,0.162,0.15,425.0,451.0,280.0,322.0,28.033718803586417,50.86071460470664,24.928747629506148,46.26179217849326
CCCCC(C)(O)CC(C)(C)O,"2,4-dimethyl-2,4-octanediol",0.8874,0.8382,27.045,4.056,0.135,0.124,,,281.0,324.0,,,34.50928766259109,57.62230419382644
CCCCOCC(C)OCC(C)O,1-(2-butoxy-1-methylethoxy)-2-propanol,0.8967,0.8483,3.792,1.532,0.159,0.148,,,294.0,334.0,,,66.34564075424746,84.28329808734938
CCC(CO)CCC(CC)CO,"2,5-diethyl-1,6-hexanediol",0.9202,0.8767,104.325,10.836,0.161,0.15,423.0,449.0,280.0,322.0,29.034208320846897,53.06062681964621,25.852705409466743,48.32316119128313
CCCC(C)(O)CC(O)C(C)C,"2,5-dimethyl-3,5-octanediol",0.8942,0.8455,17.893,3.075,0.14,0.13,407.0,438.0,280.0,324.0,44.031508362838494,69.94378530397175,39.63421035240528,64.2567530337393
CCCOCC(O)COC(C)(C)C,1-Tert-butoxy-3-propoxy-2-propanol,0.972,0.918,4.63,1.569,0.152,0.141,406.0,435.0,295.0,335.0,68.57639136406897,89.81632289739395,62.68407011638964,83.45326781561337
CCCCCCCC(C)C,"(4R,5S)-dimethyloctane",,,,,,,,,240.9,283.1,,,,
CCCCCCCC(C)C,"(4RS,5SR)-dimethyloctane",,,,,,,,,239.2,281.7,,,,
CCCCCCOCCOCCO,"3,6-dioxadodecanol-1",0.91702,0.8691,4.362,1.611,0.176,0.163,428.0,451.0,295.0,332.0,76.04518568255278,96.65032785861108,68.48690265625744,88.67059308337713
OCCOCCOCCOCCOCCO,"3,6,9,12-tetraoxatetradecane-1,14-diol",1.1106,1.0654,24.671,4.496,0.186,0.1823,524.0,553.0,345.0,381.0,47.505781384660246,76.74280604216804,42.23641867751368,69.10719902957872
COCCOCCOCCOCCOC,"2,5,8,11,14-pentaoxapentadecane",0.99304,0.93786,2.43,1.039,0.16,0.156,452.4,493.0,326.0,360.0,84.68648525471687,108.1952386812144,77.2295871613518,99.03716602103783
O=C1C=CC(=O)c2ccccc21,"1,4-naphthaquinone",,,,,,,,,163.3,191.8,,,,
O=C(O)c1cc(C(=O)O)c(C(=O)O)cc1C(=O)O,"1,2,4,5-benzenetetracarboxylic acid",,,,,,,,,248.0,280.0,,,,
O=C1C=CC(=O)c2c(O)ccc(O)c21,"5,8-dihydroxy-1,4-naphthoquinone",,,,,,,,,200.0,230.0,,,,
CCCCOCC(C)OCC(C)O,dipropylene glycol monobutyl ether,0.8969,0.8475,3.679,1.534,0.166,0.152,,,294.0,334.0,,,69.4151432835554,86.37825394681133
CCCOCCOCCOCCC,bis(2-propoxyethyl) ether,0.8688,0.8183,2.302,1.149,0.178,0.164,408.0,432.0,294.0,329.0,91.88445294337102,107.0405983918303,83.79332696367602,99.14576232763746
O=Cc1coc2ccccc2c1=O,3-formylchromone,,,,,,,,,179.0,207.6,,,,
O=C(O)c1ccc(C(=O)O)c(C(=O)O)c1C(=O)O,mellophanic acid,,,,,,,,,248.0,280.0,,,,
CCCCOCC(C)OCC(C)O,dipropylene glycol butyl ether,0.8966,0.851,3.268,1.34,0.179,0.166,433.0,455.0,295.0,332.0,82.5999196584882,101.95613304055549,74.14750001085015,93.3062837333973
CCCC(O)CCCCCCO,"1,7-decanediol",1.063,1.002,4.892,1.697,0.17,0.155,,,311.0,350.0,,,72.01752550459577,93.8386661359072
CC(C)OCCCCOC(C)C,"1,4-diisopropoxy butane",1.057,0.998,2.649,1.263,0.197,0.183,441.0,462.0,310.0,344.0,103.9875823346537,123.0675649138424,94.1718170917116,113.26968940793688
CCCCOCCOCCOCCO,2-(2-(2-butoxyethoxy)ethoxy)ethanol,0.9709,0.9171,5.047,1.603,0.197,0.181,467.0,486.0,311.0,347.0,81.915404648419,107.62513489033763,73.06346084386865,97.89434558098324
c1ccc2cccc-2cc1,"bicyclo[5.3.0]deca-2,4,6,8,10-pentaene",1.041,0.997,3.554,1.344,0.203,0.192,210.0,232.6,135.7,164.3,79.70875898514808,103.61016348489622,70.49534999015057,93.95802818250144
O=c1oc(=O)c2cc3c(=O)oc(=O)c3cc12,"1,2,4,5-benzenetetracarboxylic 1,2:4,5-dianhydride",,,,,,,,,194.0,224.0,,,,
C#Cc1ccccc1C#C,"1,2-diethynylbenzene",0.9619,0.9147,4.99,1.859,0.0627,0.0589,257.0,270.5,162.4,185.3,33.77017344754896,43.241507736284795,29.679525434450007,38.876354262487226
C#Cc1cccc(C#C)c1,"1,3-diethynlbenzene",0.9511,0.9059,5.257,1.877,0.0622,0.0586,251.0,265.7,162.4,185.3,32.470646632632004,42.2331061536788,28.72768091718183,38.161464693664875
Oc1ccc2ccccc2c1,2-naphthol,,,,,,,,,155.7,185.6,,,,
C#C/C=C/c1ccccc1,"1-buten-3-yne, 1-phenyl-",0.9219,0.8789,3.363,1.32,0.115,0.108,245.0,262.5,162.7,188.2,55.83471413179471,70.791626021253,49.76169855445725,64.4660873614584
C=CC#Cc1ccccc1,"1-buten-3-yne, 4-phenyl-",0.9096,0.8657,1.869,0.751,0.149,0.14,232.2,251.2,160.2,185.3,78.6121213949216,99.32016413986145,70.81806228794011,91.1727933112448
[2H]c1c([2H])c([2H])c2c([2H])c([2H])c([2H])c([2H])c2c1[2H],naphthalene,,,,,,,,,139.3,167.8,,,,
COC(=O)C#Cc1ccccc1,methyl phenylpropynoate,1.072,1.023,3.731,1.29,0.164,0.154,291.0,308.0,182.0,209.7,71.5739407200248,93.71294228454092,62.72200213409488,84.10772682476502
C#Cc1ccc(C=C)cc1,p-ethynylstyrene,0.909,0.869,2.97,1.128,0.095,0.0899,215.5,238.0,165.7,191.2,47.63692180729656,61.81943692999568,44.242574805625615,58.126810052735095
CCCCOCCCOCC(C)O,1-(3-butoxypropoxy)-2-propanol,,,,,,,,,,,,,,
O=C1C=CC(=O)c2ccccc21,"1,4-naphthaquinone",1.187,1.136,1.432,0.581,0.14,0.132,204.6,229.4,147.5,176.4,76.86983448633242,98.0779567581466,70.10990646833642,91.09122304811532
O=C(O)c1cc(C(=O)O)c(C(=O)O)cc1C(=O)O,"1,2,4,5-benzenetetracarboxylic acid",,,,,,,,,157.2,186.7,,,,
CCCCOCC(C)OCC(C)O,dipropylene glycol monobutyl ether,1.012,0.9657,4.15,1.595,0.173,0.164,266.0,281.7,176.0,201.1,65.991010401721,84.45697090689652,58.75276189270515,76.81751901152711
Oc1ccc2ccccc2c1O,"1,2-naphthalenediol",1.291,1.244,56.545,11.254,0.252,0.24,306.0,322.0,184.0,213.7,45.47665213752267,70.14585492123895,39.41379941157921,62.5052027208269
Oc1cc(O)c2ccccc2c1,"1,3-naphthalenediol",1.3,1.251,55.385,11.191,0.254,0.241,312.0,327.0,184.0,213.7,46.80060477664896,71.60759888264236,40.34029144854123,63.53175327375605
Oc1ccc(O)c2ccccc12,"1,4-naphthalenediol",1.296,1.248,54.012,10.417,0.253,0.24,309.0,325.0,184.0,213.7,46.60017334226044,72.30171528706629,40.276847024720865,64.25838751496374
Oc1cc2ccccc2cc1O,"2,3-naphthalenediol",1.3,1.251,55.385,11.191,0.254,0.241,312.0,327.0,184.0,213.7,46.80060477664896,71.60759888264236,40.34029144854123,63.53175327375605
CCCOCC(O)COOC(C)(C)C,"1-(1,1-dimethylethylperoxy)-3-propoxy-2-propanol",1.303,1.255,55.257,11.155,0.255,0.242,314.0,329.0,184.0,213.7,43.56266392688207,66.67505130258125,37.48188063804936,59.05411487365524
O=C1CC(c2ccccc2)C(=O)O1,Monophenyl succinic anhydride,1.409,1.352,13.485,3.476,0.207,0.197,288.0,309.0,185.0,217.0,59.70905799920794,86.06067662865708,52.71916463224564,77.91580448676058
C=C(C)C#Cc1ccccc1,(3-methyl-3-buten-1-ynyl)benzene,0.9113,0.8696,3.073,1.15,0.142,0.134,279.0,299.1,185.0,214.5,66.55574624249223,85.83450027219938,59.291508801663106,78.17092023710626
Cc1coc(-c2ccccc2)c1,4-methyl-2-phenylfuran,1.097,1.046,,,,,267.0,291.0,182.0,214.0,,,,
Cc1cc(-c2ccccc2)co1,"furan, 2-methyl-4-phenyl-",,,,,,,,,182.0,214.0,,,,
Cc1cccc2ccccc12,1-methylnaphthalene,1.00455,0.9595,2.08,0.892,0.191,0.18,230.77,257.9,167.7,199.0,89.05302977763913,111.72409927161604,81.40432866021217,103.86589551618876
O=C1C=CC(=O)C2C3C=CC(C3)C12,"1,4,4-Alpha,8-alpha-tetrahydro-endo-1,4-methanonaphthalene-5,8-dione",,,,,,,,,184.0,219.0,,,,
Cc1ccc2ccccc2c1,2-methylnaphthalene,0.991,0.94491,1.683,0.769,0.156,0.151,229.91,254.68,167.6,198.2,82.16266512692349,102.96582560873192,75.17208080289227,95.95376367426452
C=CCC#Cc1ccccc1,4-penten-1-ynlbenzene,0.9271,0.8844,2.049,0.814,0.149,0.14,249.0,272.8,184.0,213.1,75.2864802057619,95.76360645507606,69.14477547746608,89.33630739372171
c1c#cc2c(c#1)CC=CCC2,"benzocyclohepta-1,3,6-triene",1.002,0.955,3.493,1.393,0.202,0.19,237.0,262.2,165.0,196.5,81.70086261594312,104.17507073792014,73.78841229104722,96.05618094295885
C1=CC=C2C=CC=CC(=C1)C2,bicyclo[4.4.1]undecapentaene,0.968,0.917,1.539,0.556,0.428,0.4,232.5,257.1,171.0,199.5,179.62104517283962,234.37253599661415,164.74955382253782,218.23225632051196
C=C(C)C(=O)Oc1ccc(C(=O)O)cc1,4-[(2-methyl-1-oxo-2-propenyl)oxy]benzoic acid,,,,,,,,,230.0,266.0,,,,
COc1cccc2ccccc12,1-methoxynaphthalene,1.0817,1.0346,6.286,1.836,0.211,0.199,280.0,300.3,185.0,215.0,72.72013802736647,100.52745521368044,64.71791950589659,91.50889531779518
c1ccc(Cc2ccco2)cc1,2-benzylfuran,1.0315,0.9792,2.811,1.164,0.159,0.149,266.0,290.7,181.0,213.0,75.54097005961424,94.72558170592994,67.7873000229429,86.79073693464187
COc1ccc2ccccc2c1,2-methoxynaphthalene,1.123,1.072,5.877,1.772,0.21,0.199,279.0,299.2,185.0,215.0,75.45234379575113,103.72647482595798,67.21708580912409,94.51844373151856
C#CC(=O)CCc1ccccc1,phenylpropionylacetylene,0.9961,0.9519,5.421,1.996,0.176,0.167,297.0,315.8,200.0,229.0,66.46092191717055,86.24667375129698,59.46476540959898,78.79151388286742
CCOC(=O)C#Cc1ccccc1,ethyl phenylpropiolate,1.045,0.996,4.402,1.506,0.165,0.155,316.0,336.0,206.0,238.0,68.59003088225602,90.21536960273576,60.81208181866907,81.8752034197211
O=C1C2C3CC4C2C(=O)C2C1C3C42,"pentacyclo(5.4.0.0(2,6).0(3,10).0(5,9))undecane-8,11-dione",,,,,,,,,171.0,206.5,,,,
Cc1cc(=O)oc2cc(O)ccc12,7-hydroxy-4-methyl-2H-1-benzopyran-2-one,,,,,,,,,,,,,,
O=C(O)C12C3C4C5C6C4C1C6C2C53,pentaprismanecarboxylic acid,1.62,1.56,2.84,0.897,0.101,0.096,,,179.0,212.0,,,49.19361482927727,68.79073586010344
CC1=CC(C)c2ccccc21,"(.+-.)-1,3-dimethyl-1H-indene",0.9405,0.8941,3.19,1.007,0.15,0.141,261.0,286.1,180.0,212.4,69.00930844134658,93.68634399118773,62.160551110616595,86.15616956795293
C=C(c1ccccc1)C1CC1,(1-cyclopropylethenyl)benzene,0.9388,0.8894,2.13,0.731,0.127,0.118,257.6,285.7,188.0,222.0,69.55842446786517,91.77181178235148,63.660679432134906,85.48518321646829
C=CC(=CC)c1ccccc1,(1-ethenyl-1-propenyl)benzene,0.9013,0.8555,3.107,0.994,0.138,0.13,266.0,292.1,191.0,223.0,65.58898226663436,88.8907370416086,59.753916228742646,82.39116394126316
CC=C=CCc1ccccc1,"(2,3-pentadienyl)benzene",0.8991,0.8534,3.559,1.137,0.301,0.282,277.0,300.0,192.0,223.0,111.7727374219285,150.35988169747645,100.8228486757135,138.32348566869024
C=CC=CCc1ccccc1,"(2,4-pentadienyl)benzene",0.9158,0.8674,0.972,0.53,0.152,0.142,276.0,300.4,190.0,222.0,100.04834644962948,115.72029841947432,90.07319716614536,106.28247195009769
C=C=CCCc1ccccc1,"(3,4-pentadienyl)benzene",0.9023,0.8556,2.66,0.9,0.293,0.274,267.0,291.9,194.0,225.0,118.48127922856054,157.03874826176727,108.30057024766124,145.95044259261263
C=CC=Cc1ccc(C)cc1,"1-(1,3-butadienyl)-4-methyl-benzene",0.8993,0.8542,3.225,1.03,0.139,0.13,270.0,294.9,191.0,223.0,65.23377914748374,87.86058176859846,59.18131328553745,81.21808010208524
C=C(C)/C=C/c1ccccc1,"(3-methyl-1,3-butadienyl)benzene",0.923,0.876,1.083,0.582,0.14,0.131,278.0,302.3,191.0,223.0,90.91318791918684,105.68008324905188,81.80347859433827,97.01168633236408
CC1=Cc2ccccc2CC1,"1,2-dihydro-3-methylnaphthalene",0.9599,0.9144,4.167,1.334,0.153,0.144,246.0,273.6,177.0,210.2,63.50746185511066,86.30637479703385,57.890805206210864,80.13803694109218
CC1=CCCc2ccccc21,"1,2-dihydro-4-methylnaphthalene",,,,,0.157,0.148,279.0,301.9,177.0,210.2,,,,
COc1cccc2ccccc12,1-methoxynaphthalene,0.9153,0.8708,3.715,1.16,0.155,0.145,262.0,287.1,188.0,220.0,65.25038386624031,88.54026748125169,59.434076743672506,82.15227463912314
c1ccc(Cc2ccco2)cc1,2-benzylfuran,0.9637,0.9169,3.217,1.058,0.121,0.114,231.7,261.0,177.0,210.2,55.72049741077531,75.47795105811916,51.655452605669986,71.01918911269667
Cc1cccc2c1C=CC2C,"1,4-dimethylindene",0.996,0.947,3.414,1.056,0.151,0.142,263.0,287.4,180.0,212.4,69.2283750742948,94.46962268312603,62.224116887584366,86.76576863756297
C=C/C=C/c1ccccc1C,"1-(1,3-butadienyl)-2-methylbenzene",0.9109,0.8648,3.074,0.994,0.139,0.13,268.0,292.9,191.0,223.0,66.38985987101805,89.1226827002529,60.35623219451371,82.5426199538019
OC1(c2ccccc2)C2CC1C2,2-phenylbicyclo(1.1.1)pentan-2-ol,,,,,,,,,198.0,231.0,,,,
C=C/C=C/c1cccc(C)c1,"1-(1,3-butadienyl)-3-methylbenzene",0.9066,0.8609,3.199,1.034,0.139,0.131,270.0,295.0,191.0,223.0,65.62601130847933,88.58666183195649,59.53715369067575,81.88145693664207
Cc1cc(C)c2c(c1)CCC2=O,"2,3-dihydro-5,7-dimethyl-1H-inden-1-one",,,,,,,,,195.0,229.0,,,,
C#Cc1ccc(C(C)C)cc1,1-ethynyl-4-(1-methylethyl)benzene,0.8929,0.8476,5.264,1.664,0.09,0.085,283.0,307.4,199.0,232.0,42.192048020196545,57.30456198027316,38.21294003538266,52.94316138659407
Cc1ccc(C(=O)C2CC2)cc1,cyclopropyl p-tolyl ketone,,,,,,,,,204.0,237.0,,,,
COc1ccc2oc(=O)cc(C)c2c1,6-methoxy-4-methylcoumarin,,,,,,,,,,,,,,
C=C1CCCc2ccccc21,"1-methylene-1,2,3,4-tetrahydronaphthalene/",0.9697,0.926,5.259,1.566,0.151,0.142,248.0,274.9,178.0,211.0,58.390484650649455,80.86055503979765,53.18950747040629,75.06154830670566
CCCC#Cc1ccccc1,1-pentynylbenzene,0.8955,0.8513,2.568,1.01,0.15,0.141,287.0,308.1,194.0,225.0,74.31421502273083,94.28208036344192,66.56230361796095,86.30364222831388
COc1ccc2c(c1)CCCC2=O,"6-methoxy-3,4-dihydro-1(2H)-naphthalenone",,,,,,,,,208.0,242.0,,,,
CC1CCc2ccccc2C1=O,"3,4-dihydro-2-methyl-1(2H)-naphthalenone",1.11,1.062,4.234,1.507,0.152,0.144,272.0,298.9,191.0,226.0,63.79485463345025,84.26219206694383,57.75586673808579,77.88933878645773
COc1ccc2c(c1)C(=O)CCC2,7-methoxy-1-tetralone,,,,,,,,,208.0,242.0,,,,
CC(=O)c1ccc(C)c(C(C)=O)c1,"1,1'-(4-methyl-1,3-phenylene)bisethanone",1.049,1.003,6.673,1.994,0.169,0.16,315.0,338.0,226.0,258.0,60.730012675275255,83.65667212909067,55.3145415031364,77.536276254182
CC(=O)C(C)C(=O)c1ccccc1,"2-methyl-1-phenyl-1,3-butanedione",1.092,1.043,5.861,2.109,0.192,0.181,332.0,354.0,224.0,257.0,71.32152830816025,92.79227394008984,63.84828927732535,84.79912822562639
CCOC(=O)C=Cc1ccccc1,ethyl trans-3-phenylpropenoate,1.03222,0.9809,3.778,1.223,0.166,0.156,315.0,340.0,211.0,247.0,72.55719432180452,97.3662474968423,64.82258960954408,88.99570877078061
CC(O)=C(C)COc1ccccc1,3-hydroxy-2-methyl-1-phenoxy-2-butene,1.19,1.142,73.109,14.011,0.171,0.161,,,225.0,259.0,,,28.755147615704036,45.596611189607806
C1=Cc2ccccc2CCC1,"1,2-benzo-3-cycloheptene",,,,,,,,,,,,,,
C=C(C)C(=O)OCc1ccccc1,benzyl methacrylate,1.0217,0.9719,1.685,0.792,0.147,0.138,311.0,337.3,214.0,250.0,82.44165839363905,99.67253626721951,74.21276563847373,91.61889238449488
COC(=O)/C=C/c1ccc(O)c(OC)c1,"2-propenoic acid, 3-(4-hydroxy-3-methoxyphenyl)-, methyl ester",,,,,,,,,249.0,284.0,,,,
CC(=O)OC(OC(C)=O)c1ccccc1,benzal diacetate,,,,,,,,,234.0,274.0,,,,
CC(O)=CC(=O)OCc1ccccc1,"3-hydroxy-2-butenoic acid, benzyl ester",1.27,1.21,19.685,4.628,0.172,0.16,,,230.0,266.0,,,43.667599300780495,64.89576574922141
CCOC(=O)C=C(O)c1ccccc1,"2-Propenoic acid, 3-hydroxy-3-phenyl-, ethyl ester",1.24,1.18,5.645,2.034,0.185,0.175,343.0,366.0,229.0,264.0,73.16826617507526,95.41371987401752,65.3079797100507,87.03637270348551
CCOC(=O)C=C(O)c1ccccc1,"3-hydroxy-3-phenyl-2-propenoic acid, ethyl ester",1.26,1.2,19.841,4.667,0.172,0.159,,,230.0,266.0,,,43.570744544413955,64.45168251096038
COc1ccc(C=CC(=O)O)c(OC)c1,"trans-2,4-dimethoxycinnamic acid",,,,,,,,,249.0,281.0,,,,
CCOC(=O)CC(=O)c1ccccc1,ethyl .beta.-oxobenzenepropanoate,1.09848,1.0444,6.372,2.298,0.185,0.175,343.0,366.0,229.0,264.0,68.68032330759155,89.53883925911003,61.30216548140445,81.67730799599146
CC(=O)CC(=O)OCc1ccccc1,"3-oxobutanoic acid, benzyl ester",1.23,1.18,4.065,1.61,0.184,0.174,342.0,365.0,229.0,264.0,75.87784196670052,96.332581577019,67.78212003343715,87.9422151586498
COC(=O)/C=C\c1ccccc1OC,methyl cis-3-(2-methoxyphenyl)propenoate,1.1213,1.0729,7.045,1.957,0.17,0.16,346.0,367.0,229.0,263.0,61.04936487693568,85.2003589578958,54.35766148688128,77.57725575916209
COc1cc(/C=C/C(=O)O)cc(OC)c1,"trans-3,5-dimethoxycinnamic acid",,,,,,,,,249.0,281.0,,,,
COC(=O)/C=C/c1ccccc1OC,methyl trans-3-(2-methoxyphenyl)propenoate,1.1235,1.0754,7.833,2.139,0.171,0.162,348.0,369.0,229.0,263.0,59.49812804168834,83.82226697349532,52.890635082275075,76.20587208062553
COc1cccc2c1CCCC2=O,"3,4-dihydro-5-methoxy-1(2H)-naphthalenone",,,,,,,,,,,,,,
COc1cccc(C=CC(=O)O)c1OC,"trans-2,3-dimethoxycinnamic acid",,,,,,,,,249.0,281.0,,,,
O=C1CCCCc2ccccc21,1-benzosuberone,,,,,,,,,,,,,,
COc1ccc(OC)c(/C=C/C(=O)O)c1,"trans-2,5-dimethoxycinnamic acid",,,,,,,,,249.0,281.0,,,,
Cc1cccc2c1CCCC2,"1,2,3,4-tetrahydro-5-methylnaphthalene",0.9569,0.912,2.09,0.932,0.119,0.112,262.0,290.3,186.0,221.0,65.02229363313299,80.41384876255532,59.04839845741653,74.4748306260994
CC1(C)C(=O)OC1c1ccccc1,"3,3-dimethyl-4-phenyl-2-oxetanone",,,,,,,,,,,,,,
CC1C(=O)OC1(C)c1ccccc1,"3,4-dimethyl-4-phenyl-2-oxetanone",,,,,,,,,,,,,,
c1ccc(C2CC23OCCO3)cc1,"4,7-dioxaspiro[2.4]heptane, 1-phenyl-",,,,,,,,,,,,,,
CC=C(CC)c1ccccc1,(1-ethyl-1-propenyl)benzene,0.862,0.804,1.067,0.609,0.135,0.125,284.0,310.7,201.0,235.0,94.55788659875316,107.43927182004698,85.7962604466596,99.32277646762384
CC1(c2ccccc2)CCC1,(1-methylcyclobutyl)benzene,0.9047,0.858,3.979,1.317,0.127,0.119,265.0,294.0,190.0,225.0,57.66390017688977,77.33210827524579,52.511973082821434,71.72700361742069
CCC1CC1c1ccccc1,"(2-ethylcyclopropyl)benzene,",0.9032,0.8549,2.325,0.795,0.131,0.123,269.0,298.6,198.0,232.0,69.5297282035631,92.54594725554328,63.78714045083069,86.203800562244
C/C=C/CCc1ccccc1,(E)-3-pentenylbenzene,0.8603,0.8147,1.139,0.626,0.148,0.138,280.0,307.1,200.0,234.0,92.32049424895644,106.62821701521985,83.98317794543841,98.77811985487324
CC=Cc1ccc(C)c(C)c1,"1,2-dimethyl-4-(1-propenyl)benzene",0.8997,0.8555,3.668,1.146,0.124,0.117,284.0,309.4,202.0,235.0,58.22677197646465,79.35530741980652,52.905351623337296,73.44699047317073
CC=Cc1ccc(C)cc1C,"1,3-dimethyl-4-(1-propenyl)benzene",0.892,0.8458,2.803,0.91,0.123,0.115,278.0,304.5,202.0,235.0,62.84211601485945,84.29869930755693,57.44289764161875,78.3734846277599
CC=Cc1cc(C)ccc1C,"1,4-dimethyl-2-(1-propenyl)benzene",0.9132,0.8687,3.833,1.163,0.125,0.117,284.0,309.8,202.0,235.0,57.953632405977096,79.20658023318187,52.65717463312509,73.2826981491231
Cc1cccc2c1CCC2C,"1,4-dimethylindan",0.953,0.909,3.673,1.111,0.114,0.107,260.0,288.3,189.0,223.0,53.379088723188126,73.50130960681723,48.79865567614162,68.37840044325145
CCC=Cc1cccc(C)c1,1-(1-butenyl)-3-methylbenzene,0.8748,0.8309,1.6,0.794,0.138,0.129,288.0,313.2,201.0,234.0,79.56889185858024,94.52355161055502,71.91264354141137,87.08147825812156
CCC=Cc1ccc(C)cc1,1-(1-butenyl)-4-methylbenzene,0.8753,0.8312,1.599,0.782,0.137,0.129,286.0,311.3,201.0,234.0,79.11405123639399,94.88824454494844,71.64186946668393,87.56721674118903
C=C(C)c1ccc(CC)cc1,1-ethyl-4-(1-methylethenyl)benzene,0.88,0.8356,2.841,0.945,0.116,0.109,260.0,290.5,204.0,238.0,58.24841553268699,78.32133459402385,54.40653647226685,74.0505296169063
C/C=C/c1ccc(CC)cc1,1-ethyl-4-(1-propenyl)benzene,0.8916,0.8467,3.926,1.252,0.137,0.128,283.0,309.5,201.0,234.0,61.578067979646256,82.94194780957153,55.92778059327965,76.66758953072541
CCC1CCc2ccccc21,1-ethylindan,0.9261,0.8826,2.807,1.088,0.126,0.119,259.0,287.7,188.0,223.0,61.6017084336636,79.5018965691209,56.2927073540259,74.00411408447958
C=C(C)c1cccc(C)c1C,"1-isopropenyl-2,3-dimethylbenzene",0.8827,0.8388,2.832,0.906,0.105,0.099,266.0,294.9,205.0,239.0,54.44752930940771,74.03659219536372,50.60056126470122,69.78631020253788
C=C(C)c1ccc(C)c(C)c1,"1-isopropenyl-3,4-dimethylbenzene",0.9046,0.854,0.807,0.48,0.108,0.101,292.0,317.8,205.0,239.0,84.50582566513287,95.45195478589764,76.50165214935566,88.09926117745181
COc1ccc(/C=C/C(=O)O)cc1OC,"trans-3,4-dimethoxycinnamic acid",,,,,,,,,249.0,281.0,,,,
CC(C)=Cc1ccc(C)cc1,1-methyl-4-(2-methyl-1-propenyl)benzene,0.878,0.831,3.075,1.023,0.122,0.114,273.0,300.8,202.0,236.0,60.85110138226266,81.1706395058717,55.907649116651754,75.81577170895562
CC1CCCc2ccccc21,1-methyltetralin,0.9436,0.8978,1.95,0.88,0.124,0.117,254.0,283.7,185.0,221.0,68.07934952093555,84.25424251130228,62.27175136772307,78.5380282557809
CCC/C=C/c1ccccc1,1-phenyl-1-pentene,0.899,0.853,3.56,1.137,0.148,0.139,281.0,307.4,200.0,234.0,67.23228340296238,90.86632799876524,61.099338932201896,84.15352302399448
C/C=C(\C)OCc1ccccc1,(E)-2-benzyloxy-2-butene,0.958,0.906,1.43,0.706,0.149,0.139,298.0,324.6,217.0,250.0,89.24345369166564,106.0631941712956,81.62542528184446,98.5514206401808
CO/C(C)=C/c1cccc(C)c1,(E)-2-methoxy-1-(3-methylphenyl)-1-propene,0.992,0.943,3.024,1.156,0.141,0.132,316.0,339.8,218.0,251.0,69.46481810659937,88.61890669418916,62.57642355177728,81.38070922417846
CO/C(C)=C(\C)c1ccccc1,(E)-2-methoxy-3-phenyl-2-butene,0.899,0.857,3.115,1.074,0.132,0.124,263.0,294.2,218.0,252.0,59.74409152967806,79.53614148562436,56.67208895810722,76.14638807618418
C/C=C(/C)OCc1ccccc1,(Z)-2-benzyloxy-2-butene,0.958,0.906,1.43,0.706,0.149,0.139,298.0,324.6,217.0,250.0,89.24345369166564,106.0631941712956,81.62542528184446,98.5514206401808
CC=Cc1ccc(C)c(C)c1,"1,2-dimethyl-4-(1-propenyl)benzene",0.992,0.943,3.024,1.156,0.141,0.132,316.0,339.8,218.0,251.0,71.52354610084512,91.2453041858058,64.43100027791404,83.79258834281781
CC=Cc1ccc(C)cc1C,"1,3-dimethyl-4-(1-propenyl)benzene",0.899,0.857,3.115,1.074,0.132,0.124,263.0,294.2,218.0,252.0,61.5147264651094,81.89335317196992,58.351678989587576,78.40313768074765
CC1(O)CCCc2ccccc21,"1-methyl-1,2,3,4-tetrahydro-1-naphthol",1.073,1.027,19.571,4.771,0.13,0.123,,,204.0,240.0,,,33.65795607783374,50.3620992571102
CC(C)=C(C)c1ccccc1,"(1,1-dimethyl-1-propenyl)benzene",,,,,,,,,,,,,,
CCC=Cc1ccc(OC)cc1,1-(1-butenyl)-4-methoxybenzene,0.964,0.9179,2.282,0.872,0.151,0.142,301.0,325.8,217.0,250.0,76.5862874704403,98.21305143259904,69.85160435762918,91.1625763328529
OC1(c2ccccc2)CCCC1,1-phenylcyclopentanol,1.062,1.014,12.241,3.55,0.14,0.133,,,200.0,237.0,,,40.768700942628584,58.38179693559808
CC(=O)c1cc(C)c(C)cc1C,"1-(2,4,5-trimethylphenyl)ethanone",0.978,0.932,2.045,0.912,0.131,0.124,316.0,339.8,221.0,254.0,72.25622285691023,88.97278398436498,65.34175962159739,81.97921761247457
CCCCC(=O)c1ccccc1,1-phenyl-1-pentanone,0.961,0.915,6.452,2.077,0.167,0.157,303.0,328.5,218.0,252.0,61.54000734215742,82.83769806703903,56.09647140106626,76.88481849654066
CC(=O)c1c(C)cc(C)cc1C,"2',4',6'-trimethylacetophenone",0.959,0.912,1.773,0.844,0.13,0.122,306.0,330.7,221.0,254.0,74.57933975273387,89.73446876649793,68.05540825039012,83.31480488126714
CC(=O)c1ccccc1C(C)C,2'-isopropylacetophenone,0.959,0.912,4.588,1.513,0.149,0.14,298.0,325.8,219.0,253.0,62.48950984786104,83.7109835410438,57.30295425465049,77.96274258716807
C=C(CC)OCc1ccccc1,2-benzyloxy-1-butene,0.956,0.904,1.297,0.653,0.145,0.135,300.0,326.7,219.0,253.0,90.12095121960796,106.35853415009883,82.48566643121107,98.97830089866642
C=C(Cc1cccc(C)c1)OC,2-methoxy-3-(3-methylphenyl)-1-propene,1.0,0.947,2.4,0.94,0.138,0.129,327.0,349.9,220.0,253.0,75.34482207051892,95.23242476546764,67.39607872374121,86.93030710056736
COc1cc(C)cc(C)c1C(C)=O,"1-(2-methoxy-4,6-dimethylphenyl)ethanone",,,,,,,,,237.0,269.0,,,,
C=C(OC)C(C)c1ccccc1,2-methoxy-3-phenyl-1-butene,0.917,0.868,1.745,0.726,0.138,0.129,279.0,310.2,219.0,254.0,77.09200019595349,96.83781836672138,72.01579858586612,91.54315681539347
CC1(c2ccccc2)CCCO1,2-methyl-2-phenyltetrahydrofuran,1.0027,0.9522,5.984,1.922,0.141,0.132,273.0,304.2,198.0,236.0,55.4880049614008,75.08961153125917,50.69422355708363,69.91451001217959
CC(C)=C(C)Oc1ccccc1,2-methyl-3-phenoxy-2-butene,0.952,0.899,1.376,0.701,0.136,0.127,298.0,324.8,218.0,252.0,84.93985881131331,100.15077032182468,77.78973845933253,93.25039489078225
Cc1cc(C)cc(CCC(=O)O)c1,"3,5-dimethylbenzylacetic acid",,,,,,,,,228.0,264.0,,,,
CC(=O)c1cccc(C(C)C)c1,3'-isopropylacetophenone,0.981,0.934,5.097,1.606,0.151,0.142,311.0,337.0,219.0,253.0,61.99153639705125,83.95595006412779,56.16759546200911,77.45099332624389
CC(C)(C)c1cccc(C(=O)O)c1,"3-(1,1-dimethylethyl)benzoic acid",,,,,,,,,228.0,265.0,,,,
C=C(Oc1ccccc1)C(C)C,3-methyl-2-phenoxy-1-butene,0.949,0.896,1.686,0.703,0.139,0.13,298.0,325.9,219.0,254.0,81.48922532080373,101.8606953755505,74.72571575891081,94.96328523826335
COC1(OC)CC1c1ccccc1,"(2,2-dimethoxycyclopropyl)- benzene",0.965,0.918,2.176,1.013,0.152,0.143,388.0,377.0,230.0,264.0,82.01843896963946,96.55004692348584,70.799008405763,87.34234583584791
CO/C(C)=C(\C)c1ccccc1,(E)-2-methoxy-3-phenyl-2-butene,1.071,1.023,4.388,1.564,0.158,0.149,341.0,362.0,234.0,267.0,68.95993841222115,89.87164772900904,62.02881419412392,82.49651474284497
C/C=C(/C)OCc1ccccc1,(Z)-2-benzyloxy-2-butene,1.071,1.023,4.388,1.564,0.158,0.149,341.0,362.0,234.0,267.0,68.95993841222115,89.87164772900904,62.02881419412392,82.49651474284497
CO/C(C)=C(\C)c1ccccc1,(Z)-2-methoxy-3-phenyl-2-butene,0.9972,0.9441,1.705,0.805,0.155,0.145,324.0,351.5,223.0,260.0,89.9885744814534,108.39452225061343,81.01197476775913,99.57963800755242
CCC(=O)OC(C)c1ccccc1,1-phenylethyl propionate,0.9946,0.943,2.614,1.05,0.152,0.142,331.0,358.5,223.0,261.0,76.47216199574797,96.25863787942237,68.43116157351135,88.03652382642852
Cc1cc(C)c(C(=O)O)c(C)c1C,"2,3,4,6-tetramethylbenzoic acid",,,,,,,,,230.0,265.0,,,,
CCC(=O)OCCc1ccccc1,2-phenylethyl propanoate,0.9827,0.932,1.73,0.848,0.155,0.145,343.0,359.0,223.0,260.0,87.54482207043206,103.29723675163535,77.55867595275701,94.33495323673664
C=C(Cc1ccccc1OC)OC,2-methoxy-3-(2-methoxyphenyl)-1-propene,1.068,1.017,3.371,1.229,0.153,0.144,344.0,365.0,236.0,269.0,72.07041808944946,93.18395055302436,64.82213007844413,85.51798357321438
O=C(O)CCCCc1ccccc1,5-phenylvaleric acid,,,,,,,,,226.0,262.0,,,,
CCC(O)(CC(=O)O)c1ccccc1,3-hydroxy-3-phenylvaleric acid,,,,,,,,,244.0,282.0,,,,
C#CC(OC(C)=O)C1CC=CCC1,"3-cyclohexene-1-methanol, alpha-ethynyl-, acetate",1.001,0.948,6.494,2.004,0.109,0.102,340.0,367.0,227.0,265.0,47.32460598117442,64.17131639240763,42.240792832780194,58.55438836054591
CCCCc1ccc(C(=O)O)cc1,4-butylbenzoic acid,,,,,,,,,227.5,265.6,,,,
COc1ccc(CCCC(=O)O)cc1,4-(4-methoxyphenyl)butanoic acid,,,,,,,,,243.0,278.0,,,,
CC1CCOC(c2ccccc2)O1,"4-methyl-2-phenyl-1,3-Dioxane",1.069,1.0194,3.929,1.766,0.164,0.155,304.0,332.8,211.0,250.0,69.5364540325546,85.7721975949251,62.74813986923169,79.14015465062047
C#CCC#CCCCCCC(=O)O,"7,10-undecadiynoic acid",0.9979,0.951,23.048,5.678,0.132,0.124,,,253.0,285.0,,,33.81044933573903,49.57243465753774
COc1cc(CC(=O)O)cc(OC)c1OC,"3,4,5-trimethoxyphenylacetic acid",,,,,,,,,278.0,310.0,,,,
OCC1CCOC(c2ccccc2)O1,"1,3-Dioxane-4-methanol, 2-phenyl- (9CI)",1.333,1.274,57.764,11.774,0.198,0.183,,,229.0,268.0,,,35.377256667063904,54.657571527107365
CC1OC(c2ccccc2)OC1C,"anti-4,5-dimethyl-2-phenyl-1,3-dioxolane",1.097,1.04,5.469,1.731,0.155,0.146,299.0,328.9,214.0,252.0,62.9732723468881,85.63860091146545,57.31857050181949,79.45723864505159
CC(C)(C)OC(=O)c1ccccc1,"benzoic acid 1,1-dimethylethyl ester",1.064,1.011,4.323,1.444,0.139,0.13,308.0,339.0,224.0,262.0,61.46260109619501,81.92062930702578,56.19612717321924,76.19320777693846
CC(C)(C)OOC(=O)c1ccccc1,"1,1-dimethylethyl peroxybenzoate",1.26,1.2,11.905,2.917,0.169,0.158,406.0,425.0,240.0,278.0,58.11048359567583,83.30108513594618,50.12213232246492,73.92556525150545
CCCCOc1ccc(C(=O)O)cc1,4-butoxybenzoic acid,,,,,,,,,243.0,278.0,,,,
COc1ccc(CCC(=O)O)cc1OC,"3-(3,4-dimethoxyphenyl)propionic acid",,,,,,,,,260.0,294.0,,,,
COC1COC(c2ccccc2)OC1,"cis-5-methoxy-2-phenyl-1,3-dioxane",1.172,1.116,5.717,2.151,0.178,0.168,321.0,350.0,227.0,265.0,68.06647749278329,88.07899313909793,61.745240140709605,81.44887027887263
COC1COC(c2ccccc2)OC1,"trans-5-methoxy-2-phenyl-1,3-dioxane",1.172,1.116,5.717,2.151,0.178,0.168,321.0,350.0,227.0,265.0,68.06647749278329,88.07899313909793,61.745240140709605,81.44887027887263
C#CCCCCCCCC#C,"1,10-undecadiyne",0.804,0.7567,3.358,1.335,0.0616,0.057,337.0,361.7,243.0,276.0,38.463779548956175,48.10135614054829,35.08332208369525,44.57810574171771
CC[C@@H](C)Cc1ccccc1,(+)-.beta.-methylbutylbenzene,0.8458,0.7986,2.483,0.864,0.133,0.124,283.0,314.6,211.0,248.0,69.27534532347195,91.3285008263141,63.78401154472375,85.41734318715237
CCC(C)(C)c1ccccc1,"(1,1-dimethylpropyl)benzene",0.8572,0.809,1.983,0.816,0.123,0.114,280.0,312.7,212.0,249.0,69.96980729347203,87.7335590380251,64.70284859732317,82.2881219962394
CCC(CC)c1ccccc1,(1-ethylpropyl)benzene,0.8539,0.804,1.253,0.609,0.133,0.124,289.0,320.1,211.0,248.0,85.80070422041943,102.86033442224304,78.53458332920398,95.73490918728484
CCCC(C)c1ccccc1,(1-methylbutyl)benzene,0.8436,0.7961,2.371,0.842,0.134,0.124,288.0,318.6,211.0,248.0,71.03445606886402,92.48576417787342,65.082257247913,86.19282431343676
CC1(OO)CCCc2ccccc21,"1-methyl-1,2,3,4-tetrahydronaphthalene-1-hydroperoxide",,,,,,,,,220.0,255.0,,,,
CCc1cc(C)cc(CC)c1,"1,3-diethyl-5-methylbenzene",0.8477,0.7993,0.767,0.475,0.116,0.108,302.6,329.9,214.0,249.0,89.67151703695397,99.87154166881056,81.34511609267555,92.27237198949328
CC(C)(C)c1ccc(C(=O)O)cc1,"4-(1,1-dimethylethyl)benzoic acid",,,,,,,,,228.0,265.0,,,,
CCCC(=O)c1ccc(OC)c(O)c1,"butyrophenone, 3'-hydroxy-4'-methoxy-",0.9473,0.898,1.436,0.612,0.109,0.102,256.0,288.3,183.0,221.0,63.889471552404586,80.06128934494116,58.13248460597986,74.29264637243485
CC(C)(C)Cc1ccccc1,"(2,2-dimethylpropyl)benzene",0.8403,0.7918,1.904,0.796,0.122,0.114,279.0,311.4,212.0,249.0,70.41256741390968,88.39880902533827,65.17784473273235,83.00930271296703
CCC(C)Cc1ccccc1,(2-methylbutyl)benzene,0.8444,0.7967,2.487,0.891,0.134,0.125,288.0,318.3,211.0,248.0,70.1692790900028,91.63678888108154,64.28957614891746,85.4242498393133
CC(C)CCc1ccccc1,(3-methylbutyl)benzene,0.8417,0.7943,2.495,0.894,0.134,0.125,288.0,318.6,211.0,248.0,69.98160439060754,91.4120677811836,64.11762729844516,85.19218463976904
Cc1cccc(C(C)(C)C)c1,"1-(1,1-dimethylethyl)-3-methylbenzene",0.8508,0.8033,2.351,0.896,0.111,0.103,277.8,310.3,213.0,250.0,61.5633323759596,78.94780573445615,57.13121007176358,74.29205554302901
CCc1ccc(C)cc1CC,"1,2-diethyl-4-methylbenzene",0.877,0.826,0.764,0.46,0.116,0.108,297.0,324.7,214.0,249.0,90.62410749190616,101.81538339872364,82.64236703606912,94.48966506037172
Cc1ccc(C(C)C)cc1C,"1,2-dimethyl-4-(1-methylethyl)benzene",,,,,,,,,214.0,250.0,,,,
CCCc1ccc(C)c(C)c1,"1,2-dimethyl-4-propylbenzene",0.8504,0.8032,0.811,0.486,0.116,0.108,297.0,325.1,214.0,249.0,87.19482926453242,98.12670048287904,79.51512332819887,91.03485372613272
CC(C)(C(=O)O)C(O)c1ccccc1,"2,2-dimethyl-3-phenyl-hydracrylic acid",,,,,,,,,,,,,,
CCc1ccc(C)c(CC)c1,"1,3-diethyl-4-methylbenzene",0.891,0.841,0.842,0.499,0.118,0.11,302.0,328.9,214.0,249.0,89.1915251360403,100.63513576202574,80.9548796755388,93.0572995609215
Cc1ccc(C(C)(C)C)cc1,"1-(1,1-dimethylethyl)-4-methylbenzene",0.8465,0.7994,2.363,0.913,0.111,0.103,242.0,288.0,213.0,250.0,58.99461771299554,76.71841810199734,56.91389538220191,73.72470728912197
CC(C(=O)O)C(C)(O)c1ccccc1,"beta-hydroxy-alpha,beta-dimethyl-benzenepropanoic acid",,,,,,,,,,,,,,
CCc1cc(C)c(C)cc1C,"1-ethyl-2,4,5-trimethylbenzene",0.8721,0.826,0.837,0.496,0.104,0.097,299.0,326.2,215.0,250.0,79.52261133983534,89.80531174760293,72.47684276549715,83.32964127128369
CC(C)(C)C(O)c1ccccc1,"2,2-dimethyl-1-phenyl-1-propanol",,,,,,,,,229.0,269.0,,,,
CCc1c(C)cc(C)cc1C,"1-ethyl-2,4,6-trimethylbenzene",0.8712,0.8242,0.826,0.497,0.104,0.097,297.0,324.7,215.0,250.0,80.10303254154806,90.1270084916798,73.14379802100004,83.73663658756765
COc1ccc(C(C)(C)C)cc1,"1-(1,1-dimethylethyl)-4-methoxybenzene",0.9234,0.876,4.115,1.199,0.128,0.119,306.0,336.0,229.0,266.0,58.13602474751268,80.12449939691847,53.58381317253469,75.02833257056234
Cc1ccc(C(C)(C)C)c(O)c1,"2-(1,1-dimethylethyl)-5-methylphenol",0.9649,0.905,,,0.113,0.106,297.0,354.0,234.0,272.0,,,,
C=C1C=C(C)C(C)(C)C(C)=C1,"1,5,6,6-tetramethyl-3-methylene-1,4-cyclohexadiene",0.8625,0.8095,1.414,0.544,0.094,0.087,279.8,311.5,216.0,251.0,65.13414252438312,83.07362005234046,60.560894260926425,78.17746863564685
CCc1cc(C)cc(C)c1C,"1-ethyl-2,3,5-trimethylbenzene",0.887,0.84,0.891,0.524,0.105,0.098,299.0,326.7,215.0,250.0,79.10458408602825,89.60735046727869,72.09585306916544,83.11013908360441
CCCCc1cccc(O)c1C,3-butyl-2-methylphenol,0.937,0.894,9.605,2.573,0.126,0.119,,,233.0,270.0,,,40.81103189430862,59.13737875533719
CC(C)OC(C)c1ccccc1,(1-isopropoxyethyl)benzene,0.922,0.869,1.735,0.725,0.143,0.133,303.0,334.6,227.0,265.0,82.59990695691616,103.0559139445242,76.15524512483209,96.51233823198643
CCCCCOc1ccccc1,(pentyloxy)benzene,0.911,0.8626,1.647,0.823,0.157,0.147,310.0,337.2,228.0,263.0,87.9407354678905,104.39426605558356,80.65979639089386,97.3453979970138
CCCC(C)c1ccccc1O,2-(2-pentyl)phenol,0.9517,0.9054,17.863,3.534,0.134,0.126,318.0,348.1,232.0,270.0,39.92289310776003,61.80222119794218,36.534319903177185,57.53940533826313
CC(C)(O)CCc1ccccc1,"2-butanol, 2-methyl-4-phenyl-",1.009,0.96,23.786,5.104,0.143,0.134,351.0,376.0,229.0,268.0,40.319368682476565,60.48578541197329,35.75531040488869,54.99045348380471
CC(C)CCc1ccccc1,(3-methylbutyl)benzene,0.994,0.941,13.078,3.294,0.141,0.131,346.0,373.0,229.0,268.0,49.49344404665228,70.66653501431689,44.06840075619249,64.39118540628037
CCCCc1ccc(O)cc1C,4-butyl-m-cresol,0.966,0.921,11.387,2.932,0.129,0.121,323.0,351.0,233.0,270.0,43.9325195032601,62.90918689801657,40.07602709508011,58.43348746897594
CC(c1ccccc1)C(C)(C)O,2-methyl-3-phenyl-2-butanol,0.9658,0.9172,8.801,2.508,0.131,0.123,,,229.0,269.0,,,44.304149548377026,63.06812876717193
CCC(C)(O)Cc1ccccc1,2-methyl-1-phenylbutan-2-ol,0.994,0.941,13.078,3.294,0.141,0.131,346.0,373.0,229.0,268.0,48.08697811263318,68.6583887620755,42.816099453986425,62.56136712490001
CCC(CC)c1cccc(O)c1,3-(1-ethylpropyl)phenol,0.984,0.938,28.455,5.117,0.138,0.13,336.0,363.0,232.0,270.0,36.26228632805124,57.5262997804904,32.67440698370958,52.930662933239056
CCCC(C)c1cccc(O)c1,3-(2-pentyl)phenol,0.984,0.938,28.455,5.117,0.138,0.13,336.0,363.0,232.0,270.0,36.26228632805124,57.5262997804904,32.67440698370958,52.930662933239056
CCC(C)(C)c1ccc(O)cc1,"4-(1,1-dimethylpropyl)phenol",,,,,,,,,233.0,271.0,,,,
CCC(C)c1ccc(C)cc1O,3-methyl-6-(1-methylpropyl)phenol,0.9765,0.9311,19.457,4.189,0.126,0.119,338.0,365.0,233.0,271.0,37.72412916604099,56.98815920749048,33.975994367754076,52.40900416651263
O=C(O)C1C2CC3CC(C2)CC1C3,adamantane-2-carboxylic acid,,,,,,,,,207.0,248.0,,,,
CC(CO)(CO)Cc1ccccc1,"2-benzyl-2-methyl-1,3-propanediol",,,,,,,,,247.0,286.0,,,,
CCOC(OCC)c1ccccc1,(diethoxymethyl)benzene,0.946,0.898,2.96,1.203,0.166,0.155,342.0,368.0,244.0,279.0,77.553678229481,97.08434259529972,70.52670838121317,89.80999353599277
COc1ccc(O)c(C(C)(C)C)c1,2-(3)-tert-butyl-4-hydroxyanisole,0.984,0.943,47.764,6.999,0.124,0.118,,,250.0,287.0,,,25.191738333045137,43.37721073084448
O=C(O)C12CC3CC(CC(C3)C1)C2,"tricyclo[3.3.1.1(3,7)]decane-1-carboxylic acid",,,,,,,,,207.0,248.0,,,,
COc1ccc(OC(C)(C)C)cc1,"benzene, 1-(1,1-dimethylethoxy)-4-methoxy-",1.019,0.967,7.066,1.965,0.143,0.134,335.0,362.0,245.0,281.0,55.46316949166504,77.54149421846483,50.79044283546446,72.20886729273525
CCOC(C)c1ccc(OC)cc1,"benzene, 1-(1-ethoxyethyl)-4-methoxy-",1.015,0.963,4.236,1.371,0.155,0.145,333.0,360.0,245.0,280.0,67.75390922853029,90.66852556640484,62.15029789332772,84.48006009529045
COc1ccc(O)cc1C(C)(C)C,"phenol, 3-(1,1-dimethylethyl)-4-methoxy-",1.074,1.022,42.831,6.458,0.132,0.124,374.0,398.0,250.0,287.0,32.53372513258236,53.89528926451572,29.048622039313045,49.15932110088517
C=C(C)CC1=CCCC(C)C1,(+)-4-methyl-2-(2-methyl-2-propenyl)cyclohexene,0.8276,0.7808,2.417,0.858,0.111,0.103,290.0,323.6,221.0,260.0,61.33756941265669,80.22276685525011,56.82396736448693,75.43349754651223
CC1=CC(C)C(=C(C)C)CC1,"(-)-1,3-dimethyl-4-(1-methylethylidene)cyclohexene",0.8254,0.778,1.938,0.707,0.102,0.095,290.0,322.7,222.0,260.0,61.64151095457078,80.15411338576445,57.178111930968214,75.42801320055602
CC1=C(C)C2(C)CCC1(C)C2,"1,2,3,4-tetramethylbicyclo[2.2.1]-2-heptene",0.8358,0.784,1.34,0.523,0.084,0.0773,278.8,313.3,212.0,251.0,60.30908016480309,76.49457600902139,55.83674925741485,71.86959550152541
C1=CCCCCCCCCC=1,"1,2-cycloundecadiene",0.832,0.791,7.332,2.465,0.283,0.266,272.0,306.4,212.0,250.0,83.23157443096899,111.8586060760652,77.59650395309886,105.63720430435473
CC1=CC(C)=C(C(C)C)CC1,"1,3-dimethyl-4-(1-methylethyl)-1,3-cyclohexadiene",0.8469,0.798,1.263,0.489,0.097,0.09,258.8,296.8,223.0,261.0,65.52295250542505,84.27022039230566,62.83545540876575,81.27762605844214
C=CCCC1=C(C)CCCC1,1-(3-butenyl)-2-methylcyclohexene,0.8579,0.809,1.014,0.569,0.118,0.109,303.0,334.5,221.0,259.0,83.87865530083629,95.84213924765146,76.75367779154097,89.1877264871203
CCC(c1ccccc1)C(C)O,"2-pentanol, 3-phenyl-",,,,,,,,,,,,,,
C=C(C)C1CC=C(CC)CC1,1-ethyl-4-(1-methylethenyl)cyclohexene,0.8387,0.7928,2.742,0.959,0.112,0.104,291.0,324.3,221.0,260.0,59.31459500324624,77.91292626415769,54.89667214840782,73.2170357373265
CC12CC=CCC1CCCC2,1-methylbicyclo[4.4.0]-3-decene,0.89,0.8444,3.371,1.137,0.119,0.112,265.0,301.0,202.0,242.0,56.8353950120581,76.56514048389592,52.65688432795754,72.00747643436439
CCC(OC)(OC)c1ccccc1,"1,1dimethoxypropylbenzene",,,,,,,,,,,,,,
C=CC#CCCCCCCC,1-undecen-3-yne,0.7829,0.7399,2.044,0.797,0.139,0.13,315.0,343.7,242.0,277.0,75.53910615966511,96.15874454646294,70.13977126630215,90.49634542916463
C=C(C)C(C)=C(C)C=C(C)C,"2,3,4,6-tetramethyl-1,3,5-heptatriene",0.7859,0.7303,0.649,0.411,0.096,0.087,329.0,359.9,240.0,278.0,86.99746360476016,94.52751015771216,79.61095015154868,87.90509880506751
C=CCC1(C)CCC=C(C)C1,"2,4-dimethyl-4-(2-propenyl)cyclohexene",0.8228,0.7753,0.984,0.568,0.113,0.105,297.0,329.1,221.0,259.0,80.8749828921978,92.16472936861749,74.42268926443843,86.15919696274007
CCC1=CC(CC)C(C)C=C1,"2,6-diethyl-5-methyl-1,3-cyclohexadiene",0.8207,0.7733,1.681,0.621,0.118,0.11,270.0,305.6,221.0,259.0,69.82395092235835,90.96582960520018,65.9993014714601,86.82921424612744
C=CC=C(C)CCC=C(C)C,"2,6-dimethyl-2,6,8-nonatriene",0.792,0.7443,0.846,0.524,0.126,0.116,332.0,361.0,238.0,275.0,94.27278446612291,104.07058740021844,85.84624230027497,96.4018829409678
CCC(CC)OC1=CC=CCC1,"1,3-cyclohexadiene, 1-(1-ethylpropoxy)-",0.906,0.851,1.656,0.729,0.141,0.13,316.0,348.0,236.0,275.0,84.41966381526109,103.0650960071216,77.76457242072577,96.46053306287853
CCC(CC)OC1=CCCC=C1,"1,3-cyclohexadiene, 2-(1-ethylpropoxy)-",0.862,0.817,1.717,0.759,0.135,0.126,284.0,320.1,236.0,275.0,74.2835477459413,91.98253029565603,70.5138349291425,88.13588683599262
CCC(CC)OC1=CCC=CC1,"1,4-cyclohexadiene, 1-(1-ethylpropoxy)-",0.886,0.841,2.032,0.856,0.138,0.129,298.0,331.8,236.0,275.0,72.95471907432741,91.35717755950022,68.32135968793186,86.65715650814708
C=C(C)C(=C=CCCC)C(C)O,"3-(methylethenyl)-3,4-octadien-2-ol",0.8584,0.8084,10.834,1.979,0.279,0.257,,,259.0,297.0,,,74.82498547446247,118.25810022413567
C=CCC1(C)CCCC(C)C1=O,"2-allyl-2,6-dimethylcyclohexanone",0.952,0.901,2.206,0.899,0.14,0.131,316.0,349.6,235.0,275.0,75.85128967869817,95.77053724356014,69.78826197726202,89.51783473603895
C/C=C/C(O)C(C)=C=CCCC,"5-methyl-2,5,6-decatrien-4-ol",0.8559,0.807,10.632,1.983,0.291,0.269,,,257.0,293.0,,,76.88212578834462,120.90772247649112
C#CC(C=C)C(O)CCCCC,3-ethenyl-1-nonyn-4-ol,0.864,0.8166,19.676,2.939,0.1,0.094,,,263.0,302.0,,,29.93926170234984,50.82768831393459
CC1(O)C2CC3CC(C2)CC1C3,2-methyl-2-adamantanol,,,,,,,,,201.6,245.8,,,,
C=C(C)C(CC=C(C)C)C(C)=O,"5-heptene-2-one, 6-methyl-3-isopropenyl-",0.872,0.821,1.376,0.658,0.135,0.125,347.0,377.0,256.0,294.0,86.63775666205336,103.26237453812142,79.53355946754279,96.28605421090396
C#CCCCCCCCCC(=O)O,10-undecynoic acid,,,,,,,,,271.0,308.0,,,,
CC1CC(C(=O)C2CC(C)C2)C1,bis(3-methylcyclobutyl) ketone,0.8993,0.853,1.512,0.739,0.139,0.13,312.0,343.4,232.0,270.0,81.37780113549093,97.45081466202711,74.87072415876357,91.0767404218591
C[C@]12CCCC[C@H]1CCCC2=O,"cis-8a-methyl-2,3,4,4a,5,6,7,8-octahydroxnaphthalen-1-one",1.023,0.974,3.421,1.304,0.14,0.132,297.0,331.2,217.0,259.0,65.14768962677493,84.46523159604462,59.6429001003395,78.82024700847983
COC1=C2CCCCC2CCC1,"naphthalene, 1,2,3,4,4a,5,6,7-octahydro-8-methoxy-",0.941,0.897,3.082,1.059,0.121,0.114,274.0,309.0,219.0,258.0,57.2963833643153,76.68640059754117,53.79660953831008,72.8923005092089
C1=C(C2CCCCC2)CCC1,1-cyclohexylcyclopentene,,,,,,,,,,,,,,
O=C(O)C12CCCCC1CCCC2,cis-octahydro-4a(2H)naphthalenecarboxylic acid,,,,,,,,,225.0,268.0,,,,
COC1=CCC[C@H]2CCCC[C@@H]12,"naphthalene, 1,2,3,4,4a,5,6,8a-octahydro-8-methoxy-, cis-",0.951,0.906,3.049,1.071,0.13,0.122,279.0,314.0,219.0,258.0,61.205473067629875,81.13673641514266,57.17533608658979,76.77500409155397
C[C@@]12CCCC[C@H]1CCCC2=O,"trans-8a-methyl-2,3,4,4a,5,6,7,8-octahydroxnaphthalen-1-one",1.023,0.974,3.421,1.304,0.14,0.132,297.0,331.2,217.0,259.0,65.14768962677493,84.46523159604462,59.6429001003395,78.82024700847983
C/C=C/OC1(O/C=C/C)CCCC1,"(E,E)-1,1-bis(1-propenoxy)cyclopentane",0.995,0.938,1.809,0.906,0.16,0.148,347.0,375.0,249.0,286.0,91.13336407524136,106.979628774849,83.01060843731635,99.12925814239392
C/C=C\OC1(O/C=C/C)CCCC1,"(Z,E)-1,1-bis(1-propenoxy)cyclopentane",0.995,0.938,1.809,0.906,0.16,0.148,347.0,375.0,249.0,286.0,91.13336407524136,106.979628774849,83.01060843731635,99.12925814239392
C/C=C\OC1(O/C=C\C)CCCC1,"(Z,Z)-1,1-bis(1-propenoxy)cyclopentane",0.995,0.938,1.809,0.906,0.16,0.148,347.0,375.0,249.0,286.0,91.13336407524136,106.979628774849,83.01060843731635,99.12925814239392
C=CC#CC(C)(C)OOC(C)(C)C,"2-(1,1-dimethylethylperoxy)-2-methyl-5-hexen-3-yn",0.932,0.871,3.541,1.137,0.136,0.125,377.0,406.0,275.0,312.0,70.0349714307906,92.64607493870255,64.08766089815065,86.03087473507354
O=C(O)C12CCCCC1CCCC2,trans-octahydro-4a(2H)naphthalenecarboxylic acid,,,,,,,,,225.0,268.0,,,,
C=C(CCC(C)=CC(=O)O)C(C)C,"3-methyl-6-(1-methylethyl)-2,6-heptadienoic acid",0.9499,0.9027,8.422,2.548,0.135,0.126,,,264.0,304.0,,,45.95155402184542,63.68779270727616
CCC(CC)OC1=CCCC=C1,"1,3-cyclohexadiene, 2-(1-ethylpropoxy)-",0.867,0.818,3.806,1.21,0.131,0.121,332.0,365.5,275.0,312.0,62.19290231318238,83.31020657311493,58.983286583604546,79.6826333618401
C#CC(C)(C)O[C@H]1CCC[C@H](C)O1,"2H-pyran, 2-[(1,1-dimethyl-2-propynyl)oxy]tetrahydro-6-methyl-, trans-",0.959,0.908,10.949,2.753,0.098,0.092,330.0,363.8,257.0,297.0,36.89666976471566,53.43656732119173,34.39088765972684,50.47243589994891
COC1=CCC2CCCC1(OC)C2,"bicyclo[3.3.1]non-2-ene, 1,2-dimethoxy-",1.06,1.003,1.604,0.798,0.138,0.129,327.0,357.3,238.0,276.0,83.35824311408031,99.0865613164817,76.23200947416736,92.14553466176628
CC=C1C2CCC(C2)C1(C)C,"2,2-dimethyl-3-ethylidenebicyclo[2.2.1]heptane",,,,,,,,,,,,,,
C#CC(C)(C)O[C@H]1CCC[C@@H](C)O1,"cis-2-[(1,1-dimethyl-2-propynyl)oxy]tetrahydro-6-methyl-2H-pyran",0.959,0.908,10.949,2.753,0.098,0.092,330.0,363.8,257.0,297.0,36.89666976471566,53.43656732119173,34.39088765972684,50.47243589994891
CCCCCCC#CC(=O)OCC,ethyl 2-nonynoate,0.893,0.844,3.024,1.126,0.152,0.142,362.0,390.0,264.0,301.0,73.72109366025094,94.65467666529928,67.45656666431272,88.00277308278015
CC(C)OC(=O)C1CC=CCC1C,isopropyl 6-methyl-3-cyclohexenecarboxylate,0.9273,0.8763,1.769,0.833,0.137,0.127,325.0,361.0,240.0,283.0,78.05110813691695,94.094474893653,71.6703798508585,87.86681237355356
C=COC(=O)CCCCC(=O)OCCC,Vinyl propyl adipate,1.101,1.042,2.997,1.132,0.167,0.156,412.0,441.0,283.0,325.0,82.56526065044766,105.38641875476104,74.28725204837387,96.71567356987894
C[C@@]12CCCC[C@H]1CCCC2=O,"trans-8a-methyl-2,3,4,4a,5,6,7,8-octahydroxnaphthalen-1-one",1.0319,0.979,3.489,1.369,0.143,0.134,340.0,388.0,264.0,308.0,69.82112465686353,89.97500640986605,65.0247970339353,84.31655200031229
CC(=O)OC[C@@H]1CCC[C@H]1COC(C)=O,"trans-1,2-bis(acetoxymethyl)cyclopentane",1.19,1.129,3.697,1.329,0.157,0.147,406.0,435.0,263.0,308.0,74.84459403488286,97.0589197567078,66.23928193931552,88.07603228455847
CCOC(=O)C(C)(C(=O)OCC)C(=O)OCC,"1,1,1-ethanetricarboxylic acid, triethyl ester",1.056,1.002,17.045,3.792,0.158,0.147,393.0,442.0,304.0,352.0,45.03592135550186,67.45317691388885,41.89756339057613,63.26850548744181
CCCCC(C(=O)OC)(C(=O)OC)C(=O)OC,"1,1,1-pentanetricarboxylic acid, trimethyl ester",1.026,0.977,22.417,4.606,0.157,0.148,470.0,484.0,304.0,352.0,42.4713796332503,64.05907778780961,37.57228261539013,58.570122607221585
CC(C)=C1CCCCCCC1,(1-methylethylidene)cyclooctane,0.819,0.774,4.762,1.68,0.112,0.104,290.0,326.9,224.0,266.0,50.264328650573745,66.07600380257699,46.74251726026201,62.35310094982229
C=C(CCC)C1CCCCC1,(1-propylethenyl)cyclohexane,0.8071,0.7597,1.375,0.777,0.117,0.109,310.0,344.7,229.0,270.0,76.05800576195426,87.44389301480514,69.84681557598817,81.6375340787596
CC1CCCC2CCCCC12,"(1.alpha.,2-beta.,6.beta.)-2-methylbicyclo[4.4.0]decane",0.879,0.833,3.413,1.152,0.118,0.111,278.0,315.3,211.0,253.0,56.9851573899994,76.69016739401648,52.73180114951592,72.08525437793799
CC1CCCC2CCCCC12,"(1.alpha.,2.alpha.,6.alpha.)-2-methylbicyclo[4.4.0]decane",0.879,0.833,3.413,1.152,0.118,0.111,278.0,315.3,211.0,253.0,56.9851573899994,76.69016739401648,52.73180114951592,72.08525437793799
CC1CCC2CCCCC2C1,"(1.alpha.,3.alpha.,6.alpha.)-3-methylbicyclo[4.4.0]decane",0.875,0.829,3.2,1.086,0.118,0.11,277.0,314.5,211.0,253.0,57.968766473430186,77.41271015678346,53.696398105290704,72.81643051221441
CC1CCC2CCCCC2C1,"(1.beta..3.alpha.,6.alpha.)-3-methylbicyclo[4.4.0]decane",0.8518,0.8069,3.405,1.153,0.118,0.11,278.0,314.8,211.0,253.0,56.63586825950619,75.62375090673086,52.4085828622205,71.11461271104407
CC1CCC2CCCCC2C1,"(2.alpha.,4a.alpha.,8a.beta.)-decahydro-2-methylnaphthalene",0.875,0.829,3.2,1.086,0.118,0.11,277.0,314.5,211.0,253.0,57.968766473430186,77.41271015678346,53.696398105290704,72.81643051221441
C1=CCCCCCCCCC1,(E)-cycloundecene,0.8561,0.81,6.074,2.469,0.142,0.133,321.0,353.0,217.0,259.0,57.67198817887165,72.79673460869158,51.65723792095589,66.72431099924549
C#CC(C)(C)O[C@H]1CCC[C@@H](C)O1,"cis-2-[(1,1-dimethyl-2-propynyl)oxy]tetrahydro-6-methyl-2H-pyran",0.9,0.85,5.111,2.141,0.136,0.128,278.0,316.1,217.0,259.0,54.824330086670734,69.50912007452787,51.13398687840253,65.72073074839197
C=C1CCCC(C)(C)C1(C)C,"1,1,2,2-tetramethyl-3-methylenecyclohexane",0.8038,0.758,1.991,0.739,0.09,0.0834,287.0,324.5,232.0,273.0,55.00685244206783,71.24039629318344,51.81152644131939,67.86005133668083
C=CCCCCCCCC=C,"1,10-undecadiene",0.7511,0.7048,1.078,0.582,0.137,0.126,337.0,367.9,250.0,288.0,92.78194026472612,106.50230556420615,85.30641352380741,99.41372042343444
CC1=CC(C)(C)CC(C)(C)C1,"1,3,3,5,5-pentamethylcyclohexene",0.788,0.7365,0.787,0.475,0.093,0.086,307.0,342.1,232.0,272.0,77.01976934282325,86.51403542156788,71.18392958497573,81.10983967618134
CCCC1(C)C=C(C)CCC1,"1,3-dimethyl-3-propylcyclohexene",0.8106,0.7616,1.049,0.604,0.11,0.102,310.0,343.7,231.0,271.0,79.25100749614923,90.25733882926208,72.9573074232788,84.42080394521044
C=CCC=CCCCCCC,"1,4-undecadiene",0.798,0.748,1.028,0.548,0.141,0.13,339.0,369.3,248.0,286.0,98.25696891367352,113.32454652321088,89.98651760711532,105.46198849883116
CCCC(C)C1=CCCCC1,1-(1-methylbutyl)cyclohexene,0.8259,0.7779,1.659,0.81,0.121,0.112,310.0,344.2,229.0,270.0,74.17133126404632,88.40605800601645,68.11421419646034,82.56951929584362
CC(C)C1=CCCCCCC1,1-(1-methylethyl)cyclooctene,0.857,0.806,2.334,1.141,0.122,0.113,319.0,352.9,225.0,267.0,69.50301790795265,82.76652849126896,63.00228280220676,76.5205258994986
CC(C)CC1=CCCC(C)C1,1-(2-methylpropyl)-5-methylcyclohexene,0.823,0.774,1.288,0.633,0.114,0.106,303.0,338.4,230.0,271.0,76.2584485216807,91.1719387234145,70.56871253488937,85.64986697368239
CC(C)CCC1=CCCCC1,1-(3-methylbutyl)cyclohexene,0.8094,0.7632,1.754,0.839,0.121,0.112,309.0,343.5,229.0,270.0,72.1720834230222,86.54989505215111,66.33849939467787,80.88220456778132
CCCCC1=C(C)CCCC1,1-butyl-2-methylcyclohexene,0.8164,0.7699,1.176,0.662,0.114,0.106,309.0,342.6,231.0,270.0,77.51746916341176,89.02213071725089,71.42632653030107,83.25396529698193
CCCCC1=CCC(C)CC1,1-butyl-4-methylcyclohexene,0.8014,0.7548,1.111,0.636,0.121,0.112,307.0,340.9,230.0,270.0,82.11363473377655,93.59081997793874,75.7072187283366,87.64918933948043
CC(C)=C1CCCCCCC1,(1-methylethylidene)cyclooctane,0.894,0.848,6.935,2.476,0.139,0.13,310.0,344.4,236.0,277.0,54.14769836386639,71.01768062120345,50.14874891282829,66.79749582199979
CC(C)(C)C1CCC(C=O)CC1,"1-(1,1-dimethylethyl)-4-oxomethylcyclohexane",0.928,0.876,4.203,1.495,0.136,0.126,342.0,376.0,243.0,286.0,63.492664277655486,82.55529520291134,57.673067669271255,76.43994379266404
C#CCCCCCCCCCO,10-undecyn-1-ol,0.859,0.8146,20.955,4.297,0.121,0.111,,,274.0,312.0,,,33.388030251456485,50.82786148592504
CCCC1(C)CCCC(C)C1=O,"2,6-dimethyl-2-propylcyclohexanone",0.932,0.881,2.361,0.988,0.137,0.128,326.0,360.7,244.0,286.0,73.66138528007359,92.21774264459916,67.89605316109828,86.3903119872765
C=CC(C=C)C(O)CCCCC,3-vinyl-1-nonen-4-ol,0.8389,0.7911,9.656,1.896,0.138,0.128,,,267.0,308.0,,,46.25209683142363,72.10599532300458
C=CC(C)C(O)C(C)C=C,"3,5-diethyl-1,6-heptadiene-4-ol",0.876,0.8258,10.731,2.059,0.136,0.126,386.0,417.0,266.0,309.0,49.96816501944086,76.90952310923953,44.99928328608176,70.69051838808599
CCC(C)=CCCC(C)=CCO,"3,7-dimethyl-2,6-nonadien-1-ol",0.8665,0.8208,4.155,1.267,0.133,0.124,373.0,402.0,265.0,305.0,61.94230690950228,84.01511559199268,56.26324098747235,77.73599921272236
CCCCCC(=O)/C=C/C(C)C,"3-decen-5-one, 2-methyl-",0.8339,0.7874,2.039,0.902,0.164,0.152,382.0,409.0,264.0,303.0,88.99820709442432,108.05547577645372,80.21286311961323,99.31133609794004
CCCCC(/C=C/C(C)=O)CC,5-ethylnon-3-en-2-one,0.8902,0.8407,1.91,0.856,0.164,0.152,379.0,406.0,264.0,303.0,92.05350933921378,111.37303186014312,83.15077943600055,102.5726275098461
CCC(C=CC(=O)C(C)C)CC,6-ethyl-2-methyl-4-octen-3-one,0.875,0.826,1.6,0.751,0.154,0.143,356.0,388.0,263.0,304.0,90.60461989722216,108.87699544912722,83.20721964608823,101.6553177749437
C[C@H]1CCC(=O)[C@@H](C(C)(C)C)C1,"cis-2-(1,1-dimethylethyl)-4-methylcyclohexanone",0.922,0.874,5.423,1.602,0.131,0.123,319.0,356.6,244.0,287.0,55.158680534498025,76.65281699036103,51.15290561267859,72.11102798670456
C=CCCCCCCCCC(=O)O,10-undecenoic acid,0.8887,0.8327,7.539,2.642,0.156,0.147,375.0,405.0,274.0,314.0,60.72650376367323,79.86037693112311,55.59586807545393,74.34308306361113
C[C@H]1C[C@@H](C(C)(C)C)CCC1=O,"cis-4-(1,1-dimethylethyl)-2-methylcyclohexanone",0.922,0.874,5.423,1.602,0.131,0.123,319.0,356.6,244.0,287.0,55.158680534498025,76.65281699036103,51.15290561267859,72.11102798670456
CO/C1=C/CCCCCCCC1,"cyclodecene, 1-methoxy-, (Z)-",0.909,0.861,3.41,1.661,0.14,0.131,319.0,352.4,236.0,277.0,65.92209514659451,79.12803324607287,60.56403880099132,73.94668878740833
O=C1CCCCCCCCCC1,cycloundecanone,0.9383,0.89488,9.059,3.352,0.158,0.149,309.0,346.0,231.0,275.0,52.63549939738332,68.90461586020183,48.49952414103682,64.59374966800945
C[C@@H]1CCC(=O)[C@@H](C(C)(C)C)C1,"trans-2-(1,1-dimethylethyl)-4-methylcyclohexanone",0.922,0.874,5.423,1.602,0.131,0.123,319.0,356.6,244.0,287.0,55.158680534498025,76.65281699036103,51.15290561267859,72.11102798670456
C[C@H]1C[C@H](C(C)(C)C)CCC1=O,"trans-4-(1,1-dimethylethyl)-2-methylcyclohexanone",0.922,0.874,5.423,1.602,0.131,0.123,319.0,356.6,244.0,287.0,55.158680534498025,76.65281699036103,51.15290561267859,72.11102798670456
C/C=C/OC(O/C=C/C)C(C)(C)C,"(E,E)-2,2-dimethyl-1,1-bis(1-propenoxy)propane",0.907,0.851,1.985,0.881,0.151,0.139,369.0,401.0,278.0,317.0,85.95441850354206,104.18867511003803,79.37312712481305,97.52230867341888
C/C=C\OC(O/C=C/C)C(C)(C)C,"(Z,E)-2,2-dimethyl-1,1-bis(1-propenoxy)propane",0.907,0.851,1.985,0.881,0.151,0.139,369.0,401.0,278.0,317.0,85.95441850354206,104.18867511003803,79.37312712481305,97.52230867341888
C/C=C\OC(O/C=C\C)C(C)(C)C,"(Z,Z)-2,2-dimethyl-1,1-bis(1-propenoxy)propane",0.907,0.851,1.985,0.881,0.151,0.139,369.0,401.0,278.0,317.0,85.95441850354206,104.18867511003803,79.37312712481305,97.52230867341888
C=CC(=O)OC(C)CCCCCC,1-methylheptyl 2-propenoate,0.86,0.8116,1.977,0.826,0.142,0.132,363.0,397.0,271.0,313.0,78.66098645709917,97.84180687958688,72.45225656028802,91.51268903531688
CCCC(=O)C(C)(C)C(=O)C(C)C,"2,4,4-trimethyl-3,5-octanedione",0.92,0.869,2.283,1.001,0.159,0.149,368.0,401.0,282.0,323.0,83.47118515505292,102.91497318190368,77.44950788596051,96.8395410935024
CC(CC=CC(=O)O)CC(C)(C)C,"2-octeneoic acid, 5,7,7-trimethyl-",0.997,0.947,9.428,2.851,0.145,0.135,,,272.0,315.0,,,47.88099310195395,66.35946572031196
O=C(O)CCCCCC1CCCC1,6-cyclopentylhexanoic acid,1.078,1.026,7.05,2.437,0.157,0.147,,,254.0,296.0,,,54.56531217137359,73.25584875901882
C=CC(=O)OCC(CC)CCCC,2-ethylhexyl 2-propenoate,0.8692,0.8188,1.956,0.794,0.143,0.132,370.0,403.0,271.0,313.0,80.63702653428663,100.49181587630244,73.87434128982339,93.59550817417838
CCCCCC/C=C/C(=O)OCC,"2-nonenoic acid, ethyl ester",0.8913,0.8419,2.266,1.045,0.154,0.143,377.0,408.0,269.0,310.0,81.57074723813697,98.31377897207044,74.18206785269598,91.00300437727132
CC1(C)COC2(CCCCC2)OC1,"3,3-dimethyl-1,5-dioxaspiro[5.5]undecane",0.966,0.917,7.557,2.399,0.131,0.123,346.0,373.0,241.0,286.0,50.3993748083569,67.93816994653619,45.52442159752339,63.04750645826878
CCC=C(C)CCCCCC(=O)O,7-methyl-7-decenoic acid,0.996,0.948,6.426,2.215,0.153,0.143,410.0,435.0,273.0,313.0,61.50366030298911,80.38115926131218,54.855151227549875,73.27298082780841
C/C=C/CCCCCCCC(=O)O,9-undecenoic acid,0.8951,0.8506,6.703,2.351,0.166,0.155,407.0,432.0,272.0,312.0,62.95821805278914,81.8334712204867,56.21053939556186,74.67497447579136
CCOC(=O)[C@H]1C[C@@H](C(C)(C)C)C1,cis-3-tert-butylcyclobutanecarboxylic acid ethyl ester,0.967,0.909,2.068,0.781,0.119,0.11,352.0,388.0,259.0,303.0,71.35980903985396,91.151651890037,65.45946501360844,85.02683052174227
CCOC(=O)[C@H]1C[C@H](C(C)(C)C)C1,"cyclobutanecarboxylic acid, 3-tert-butyl-, ethyl ester, trans-",0.967,0.909,2.068,0.781,0.119,0.11,352.0,388.0,259.0,303.0,71.35980903985396,91.151651890037,65.45946501360844,85.02683052174227
CCCCOC(=O)CC(=O)OCCCC,"dibutyl 1,3-propanedioate",1.15,1.09,3.217,1.22,0.164,0.153,438.0,466.0,293.0,337.0,81.44614810374476,103.56744481180714,72.73672519195758,94.54282917424632
CC(C)(C)[C@H]1CC[C@@H](C(=O)O)CC1,"cyclohexanecarboxylic acid, 4-(1,1-dimethylethyl)-, cis-",0.971,0.93,20.597,4.946,0.124,0.117,331.0,368.0,253.0,297.0,34.324207578256534,50.66269460455935,31.825168204520256,47.698166227179975
CC(C)(C)[C@H]1CC[C@H](C(=O)O)CC1,"cyclohexanecarboxylic acid, 4-(1,1-dimethylethyl)-, trans-",0.965,0.925,20.725,4.973,0.123,0.117,327.0,364.0,253.0,297.0,33.71431542178392,50.08081623888757,31.36677476601415,47.295516056187424
CCC(OC(C)=O)C1CCCCC1,"cyclohexanemethanol, a-ethyl-, acetate",0.972,0.919,2.881,1.186,0.135,0.126,341.0,377.0,249.0,294.0,68.77516917250907,86.41469654847322,62.95333423690492,80.5765913644898
CCC(C)C(=O)OC1CCCCC1,cyclohexyl 2-methylbutanoate,0.983,0.929,2.95,1.227,0.136,0.127,348.0,383.0,249.0,294.0,69.4400114621545,86.91918311100157,63.1996129947096,80.6878094099113
CCCCC(=O)OC1CCCCC1,cyclohexyl pentanoate,0.91473,0.8631,2.624,1.274,0.144,0.134,330.0,365.2,260.3,301.2,72.74206641774718,87.09095023434725,68.04567809436955,82.49640552195073
COC(=O)CCCCCCCCC(=O)O,monomethyl sebacate,,,,,,,,,295.0,338.0,,,,
O=C(O)CCCCCCCCCC(=O)O,"1,11-undecanedioic acid",,,,,,,,,298.0,340.0,,,,
CCCCCOC(=O)CCCCC(=O)O,Hexanedioic acid monopentyl ester,0.998,0.952,14.128,3.876,0.172,0.162,440.0,466.0,295.0,338.0,51.648921730526006,72.34099349476071,46.1550211619559,66.09243890822223
CC(C)(C)OC(=O)CC(=O)OC(C)(C)C,"bis(1,1-dimethylethyl) propanedioate",1.026,0.966,5.361,1.615,0.125,0.116,396.0,434.0,293.0,341.0,56.41643364465615,76.88727661890671,51.83270030083576,71.8443176171742
CC(C)OC(=O)CCCC(=O)OC(C)C,bis(1-methylethyl) pentanedioate,0.9473,0.8925,4.645,1.546,0.15,0.14,410.0,445.0,292.0,339.0,65.91684628011278,87.47176253387853,59.91457983271923,81.0269294702325
CCCCC(C(=O)OCC)C(=O)OCC,diethyl butylmalonate,0.9576,0.904,4.386,1.471,0.155,0.144,410.0,443.0,292.0,338.0,68.16089531061426,89.84227636893178,61.95428989735381,83.25908751382939
CCOC(=O)CCCCCC(=O)OCC,diethyl heptandioate,0.9779,0.926,3.886,1.458,0.165,0.154,427.0,457.0,293.0,337.0,73.9370567924368,94.48977197392726,66.50474904761187,86.73066273379547
COC(=O)CCCCCCCC(=O)OC,dimethyl nonanedioate,0.993,0.942,3.726,1.699,0.167,0.156,443.0,470.0,293.0,337.0,75.8780599290103,91.62490025356672,67.5480337370651,83.44007360778134
CCCOC(=O)C(CC)C(=O)OCCC,dipropyl ethylpropanedioate,0.9569,0.9029,5.33,1.772,0.157,0.146,413.0,446.0,292.0,338.0,65.3915265493937,86.45208257761485,59.31532612480363,79.96534801316021
CCCOC(=O)CCCC(=O)OCCC,dipropyl glutarate,1.101,1.042,3.451,1.315,0.165,0.154,439.0,468.0,293.0,337.0,79.87582919105913,101.52331792278405,71.28858124626696,92.56524081296944
CCCCCOC(=O)CCCCC(=O)O,hexanedioic acid pentyl ester,1.17,1.11,11.966,3.243,0.172,0.162,440.0,466.0,295.0,338.0,58.319268995208894,81.96484367325529,52.11584297282196,74.88501555468622
CCOC(=O)CCCCCCCC(=O)O,nonanedioic acid ethyl ester,1.17,1.11,11.966,3.243,0.172,0.162,440.0,466.0,295.0,338.0,58.319268995208894,81.96484367325529,52.11584297282196,74.88501555468622
CCOC(=O)C(CCC(C)C)=C(C)O,ethyl 3-hydroxy-2-(3-methylbutyl)-2-butenoate,1.07,1.02,11.215,2.549,0.14,0.129,,,288.0,332.0,,,44.13851042386585,65.7115961533059
CCOC(=O)C(CC(C)C)C(C)=O,ethyl 2-(3-methylbutyl)-3-oxobutanoate,1.06,1.008,3.774,1.3,0.165,0.153,404.0,436.0,287.0,330.0,75.04033724849924,98.00345297267512,68.15879075276175,90.61744218434112
CCC(C)(C)C1CCCCC1,"(1,1-dimethylpropyl)cyclohexane",0.8138,0.771,3.072,1.232,0.109,0.102,296.0,336.0,238.0,282.0,55.094395383723494,70.38783637987696,51.81603305516427,67.00287703556417
C=CCC(C)CCCCCC,(-)-4-methyl-1-decene,0.785,0.735,0.981,0.531,0.129,0.118,351.0,384.0,259.0,300.0,93.96380190971804,107.42521685353763,86.26346771427599,100.21854069276051
CC1CC(C)C(C)C(C)C1C,"(1.alpha.,2.beta.,3.alpha.,4.alpha.,5.beta.)-1,2,3,4,5-pentamethylcyclohexane",0.786,0.735,0.712,0.422,0.103,0.095,302.0,341.2,239.0,281.0,84.31600643392805,95.38620814430055,78.94550456609849,90.31735999348464
CC1CC(C)C(C)C(C)C1C,"(1.alpha.,2.beta.,3.alpha.,4.beta.,5-alpha.)-1,2,3,4,5-pentamethylcyclohexane",0.786,0.735,0.712,0.422,0.103,0.095,302.0,341.2,239.0,281.0,84.31600643392805,95.38620814430055,78.94550456609849,90.31735999348464
CC1CC(C)C(C)C(C)C1C,"(1.alpha.,2.beta.,3.beta.,4.beta.,5.alpha.)-1,2,3,4,5-pentamethylcyclohexane",0.786,0.735,0.712,0.422,0.103,0.095,302.0,341.2,239.0,281.0,84.31600643392805,95.38620814430055,78.94550456609849,90.31735999348464
CC(C)(C)CC1CCCCC1,"(2,2-dimethylpropyl)cyclohexane",0.7837,0.7365,2.68,1.113,0.111,0.102,313.0,351.1,238.0,282.0,60.56711776698885,75.37590226983826,56.07527125232994,70.86926124957893
CC(C)C(C)(C)C1CC1(C)C,"1,1-dimethyl-2-(1,1,2-trimethylpropyl)cyclopropane",0.7699,0.7233,1.702,0.636,0.089,0.0826,321.0,360.8,256.0,300.0,58.92174391883089,76.1234039150034,55.28834995436685,72.27254267568952
CCCC(C)(C)C1CC1(C)C,"1,1-dimethyl-2-(1,1-dimethylbutyl)cyclopropane",0.7628,0.7162,1.35,0.586,0.095,0.087,324.0,361.9,257.0,299.0,66.08173382786597,80.92671426521095,61.91263750521203,76.69503405992687
CC1(C)CCCCCCCC1,"1,1-dimethylcyclononane",0.8294,0.7841,6.39,2.181,0.116,0.108,306.0,344.0,232.0,275.0,48.08986085721644,63.881222989499875,44.48687026328377,59.98236964698779
CC1CC(C)C(C)C(C)C1C,"1,2,3,4,5-pentamethylcyclohexane",0.8021,0.753,0.848,0.491,0.109,0.1,337.0,371.6,239.0,281.0,85.30711979519637,96.11327801613848,77.44730639054141,88.84687997196708
CC(C)C1CC(C)C(C)C1C,"1,2,3-trimethyl-4-(1-methylethyl)cyclopentane",0.764,0.7185,1.859,0.682,0.104,0.096,304.0,343.5,241.0,284.0,62.8847888624956,81.46868050203021,58.90805208041833,77.2241148482584
CCCC1(C)CCCC(C)C1,"1,3-dimethyl-1-propylcyclohexane",0.7919,0.7458,1.288,0.737,0.11,0.102,308.0,345.5,239.0,281.0,73.12722123457743,83.70433296994076,68.09152861458574,78.97753792430483
CC1CC(C)CC(C(C)C)C1,"1,3-dimethyl-5-(1-methylethyl)cyclohexane",0.7924,0.7437,1.401,0.686,0.113,0.104,327.0,363.3,238.0,282.0,75.20032248965599,89.20917723673905,68.77150336105841,83.07339353804625
CCCCC1CCCC(C)C1,1-butyl-3-methylcyclohexane,0.7848,0.7399,1.325,0.757,0.121,0.112,312.0,348.5,238.0,280.0,77.3966557662499,88.41031826064338,71.72120975044965,83.13173900722937
CC1CCCC(C(C)(C)C)C1,"1-(1,1-dimethylethyl)-3-methylcyclohexane",0.7987,0.754,2.379,0.981,0.104,0.097,298.0,338.2,238.0,282.0,58.05127186574484,73.40835430914629,54.49363797685898,69.74997039428708
CCCCC1CCCCC1C,1-butyl-2-methylcyclohexane,0.7968,0.7517,1.33,0.745,0.121,0.112,310.0,347.2,238.0,280.0,77.27150629923747,88.82627753250846,71.73488919822577,83.6107159666697
CCCCC1CCC(C)CC1,1-butyl-4-methylcyclohexane,0.7908,0.7457,1.34,0.751,0.121,0.112,312.0,348.5,238.0,280.0,77.24847382100175,88.7192937762032,71.58389389007874,83.42226699564152
C=C(C)CCCCCCCC,"1-decene, 2-methyl-",0.7396,0.6934,0.798,0.505,0.12,0.111,344.0,377.4,261.0,301.0,91.93754853804688,101.47919530282353,85.06678200573346,95.2233369718776
CCOC(=O)C1CC1c1ccccc1,ethyl trans-2-phenyl-1-cyclopropanecarboxylate,1.039,0.988,1.732,0.82,0.149,0.139,334.0,364.0,233.0,273.0,83.03706379653318,99.8719137959682,75.03766710668867,92.10815974919518
CCOC(=O)C(=C(C)O)c1ccccc1,"3-hydroxy-2-phenyl-2-butenoic acid, ethyl ester",1.21,1.154,26.446,5.893,0.161,0.149,,,255.0,296.0,,,37.934407030106925,57.08018140804986
CCOC(=O)C=C(O)c1ccc(C)cc1,"2-Propenoic acid, 3-hydroxy-3-(4-methylphenyl)-, ethyl ester",1.23,1.18,9.756,2.797,0.177,0.167,385.0,409.0,255.0,293.0,58.46809731257422,81.05543296062193,52.07012385082917,73.79623836672563
CCOC(=O)C=C(O)c1cccc(C)c1,3-hydroxy-3-(3-methylphenyl)-2-propenoic acid ethyl ester,1.25,1.19,43.2,8.067,0.162,0.15,,,255.0,295.0,,,33.84097963633552,53.484252473551514
CCOC(=O)CC(=O)c1cccc(C)c1,"3-(3-methylphenyl)-3-oxopropanoic acid, ethyl ester",1.23,1.17,9.756,2.735,0.177,0.167,384.0,408.0,255.0,293.0,61.49997168665718,85.80157213218864,54.810314642362634,78.171132384247
Cc1cc(C)cc(CC(C(=O)O)C(=O)O)c1,"3,5-dimethylbenzylmalonic acid",,,,,,,,,267.0,307.0,,,,
CCOC(=O)C=C(O)c1ccc(C)cc1,3-hydroxy-3-(4-methylphenyl)-2-propenoic acid ethyl ester,1.25,1.2,46.4,8.333,0.163,0.15,,,255.0,295.0,,,31.649008025012236,50.34877617349425
CCOC(=O)C(C(C)=O)c1ccccc1,3-oxo-2-phenylbutanoic acid ethyl ester,1.21,1.15,7.438,2.435,0.181,0.17,372.0,399.0,253.0,293.0,66.85178532043606,89.23217260442037,59.9814670211683,81.80835373743348
C=CCc1ccc(OC(C)=O)c(OC)c1,eugenol acetate,1.164,1.112,3.179,1.106,0.148,0.14,342.0,371.0,256.0,294.0,68.92526074032344,91.1932907097576,63.53232901296339,85.4169600009473
O=C(c1ccccc1)C1CCCC1,phenyl cyclopentyl ketone,1.28,1.23,53.906,8.943,0.192,0.182,399.0,422.0,271.0,309.0,40.592151317034585,65.77347455952683,36.40681230423756,60.25258892836838
C=CCc1cc(OC)c2c(c1OC)OCO2,"benzene, 1-allyl-2,5-dimethoxy-3,4-(methylenedioxy)-",1.33,1.273,7.519,2.357,0.167,0.157,417.0,437.0,268.0,305.0,62.69303944390089,84.21477936276278,55.3616940385304,76.11222742362435
CC1(C)C(=O)OC1(C)c1ccccc1,"3,3,4-trimethyl-4-phenyl-2-oxetanone",,,,,,,,,,,,,,
CCOC(=O)CC(=O)c1ccccc1OC,"3-(2-methoxyphenyl)-3-oxopropanoic acid, ethyl ester",1.28,1.23,50.781,8.293,0.192,0.181,398.0,421.0,271.0,309.0,38.52185237258862,62.45047938674964,34.574373231549586,57.24671139759418
Cc1cc(C)cc(CC(C(=O)O)C(=O)O)c1,"3,5-dimethylbenzylmalonic acid",,,,,,,,,268.9,309.2,,,,
CCOC(=O)C=C(O)c1ccccc1OC,"3-hydroxy-3-(2-methoxyphenyl)-2-propenoic acid, ethyl ester",1.32,1.26,54.545,9.524,0.181,0.167,,,271.0,310.0,,,34.18830691891407,54.74990701871626
CCOC(=O)C=C(O)c1cccc(OC)c1,"3-hydroxy-3-(3-methoxyphenyl)-2-propenoic acid, ethyl ester",1.32,1.26,54.545,9.524,0.181,0.167,,,271.0,310.0,,,34.18830691891407,54.74990701871626
CCOC(=O)c1ccccc1C(=O)OCC,diethyl phthalate,1.10357,1.0512,5.711,1.611,0.161,0.152,373.54,405.0,268.8,308.8,62.460282650258534,87.52558005390479,56.93823059980299,81.09687544426363
CCOC(=O)C1CC1c1ccccc1,ethyl trans-2-phenyl-1-cyclopropanecarboxylate,1.32,1.26,57.576,9.524,0.182,0.168,,,271.0,310.0,,,35.31691384088821,57.44325493879573
CCOC(=O)CC(=O)c1ccc(OC)cc1,"Benzenepropanoic acid, 4-methoxy-.beta.-oxo-, ethyl ester",1.29,1.23,55.814,8.943,0.192,0.182,400.0,423.0,271.0,309.0,39.54104367730272,64.69780196151602,35.439118772313655,59.22775908081653
CC1Cc2ccccc2C(=O)C1C,"2,3-dimethyl-1-keto-1,2,3,4-tetrahydronaphthalene",,,,,,,317.0,345.0,216.0,254.0,,,,
CC(=O)OCC=C(C)c1ccccc1,"2-Buten-1-ol, 3-phenyl-, acetate",,,,,,,,,,,,,,
CCOC(=O)c1cccc(C(=O)OCC)c1,"diethyl 1,3-benzenedioate",1.108,1.0579,8.303,2.363,0.163,0.154,406.0,431.0,268.9,309.2,57.34639226427811,79.72665916600953,51.07067764999077,72.61552424431528
OC1(c2ccccc2)CCCCC1,1-phenylcyclohexanol,,,,,,,,,222.0,263.0,,,,
OC1CCCC(c2ccccc2)C1,3-phenylcyclohexanol,,,,,,,,,222.0,263.0,,,,
CCOC(=O)[C@@H]1C[C@@H]1c1ccccc1,ethyl cis-2-phenyl-1-cyclopropanecarboxylate,,,,,,,,,,,,,,
Oc1ccccc1C1CCCCC1,2-cyclohexylphenol,,,,,,,,,222.0,263.0,,,,
Oc1ccc(C2CCCCC2)cc1,4-cyclohexylphenol,,,,,,,,,222.0,263.0,,,,
CCCOC(=O)/C=C/c1ccccc1,propyl cinnamate,,,,,,,,,,,,,,
CO/C(=C/C(C)C)c1ccccc1,(E)-1-methoxy-3-methyl-1-phenyl-1-butene,0.907,0.864,2.536,1.019,0.143,0.134,297.0,331.7,241.0,279.0,68.23348984773016,86.81502414679323,64.33874555869636,82.69088721326838
C/C(=C\C(C)C)Oc1ccccc1,(E)-4-methyl-2-phenoxy-2-pentene,0.956,0.904,2.301,0.918,0.146,0.136,327.0,357.8,241.0,279.0,77.14911847467268,97.37359996037758,70.80274236646991,90.79264373371718
C=CCc1ccc(OC(C)=O)c(OC)c1,eugenol acetate,0.907,0.864,2.536,1.019,0.143,0.134,297.0,331.7,241.0,279.0,65.28392485424769,83.062225386197,61.55754072734447,79.11636469143114
OC(c1ccccc1)C1CCCC1,.alpha.-phenylcyclopentanemetaanol,1.0238,0.9782,20.512,4.907,0.148,0.14,,,223.0,265.0,,,36.43408796423167,54.95221831864344
c1cc(C2OCCO2)ccc1C1OCCO1,"2,2'-(1,4-phenylene)bis-1,3-dioxolane",,,,,,,,,,,,,,
C1CCc2c(oc3c2CCCC3)C1,"1,2,3,4,6,7,8,9-octahydrodibenzofuran",1.085,1.04,12.903,3.462,0.117,0.111,287.0,321.3,210.0,251.0,37.49578371756222,53.95942103011324,34.341601589190915,50.338643928139504
CC1(C)C(=O)OC1(C)c1ccccc1,"3,3,4-trimethyl-4-phenyl-2-oxetanone",0.946,0.9017,4.968,1.774,0.161,0.151,352.0,378.0,243.0,280.0,63.668241973204424,82.87414360275349,57.36558829095176,76.16512593176617
CCCCC(=O)c1ccc(C)cc1,1-(4-methylphenyl)-1-pentanone,0.981,0.935,4.689,1.711,0.159,0.15,346.0,372.0,243.0,280.0,65.9035517135989,85.6514578359531,59.66748857909309,79.072702940182
COC(=O)C=Cc1cc(OC)c(O)c(OC)c1,"3,5-dimethoxy-4-hydroxy cinnamic acid methyl ester",,,,,,,,,290.0,328.0,,,,
CC(=O)c1ccc(CC(C)C)cc1,4-isobutylacetophenone,0.973,0.926,3.905,1.469,0.152,0.143,338.0,367.0,243.0,281.0,67.13934126849676,86.58091323607191,61.1876611382962,80.3161137728919
OC1CCC(c2ccccc2)CC1,cis-4-phenylcyclohexanol,1.085,1.035,13.825,4.155,0.152,0.142,,,222.0,263.0,,,42.53387288017447,59.57487080863825
C=C(CC(C)C)Oc1ccccc1,4-methyl-2-phenoxy-1-pentene,0.953,0.901,1.994,0.832,0.142,0.132,328.0,359.3,243.0,281.0,78.80026756934832,98.09600942199968,72.42415297473342,91.5424039608844
CCCCCC(=O)c1ccccc1,hexanophenone,0.975,0.93,3.59,1.613,0.172,0.162,341.0,368.0,242.0,279.0,74.40504872127246,91.1918984410069,67.56252329570275,84.35905925285886
Oc1cccc(C2CCCCC2)c1,"phenol, 3-cyclohexyl-",1.058,1.013,16.068,4.64,0.14,0.133,326.0,356.0,222.0,263.0,41.56862330353902,58.24463433195192,37.310117977298965,53.4892601234057
c1cc(C2OCCO2)ccc1C1OCCO1,"2,2'-(1,4-phenylene)bis-1,3-dioxolane",0.8829,0.8363,1.37,0.741,0.126,0.117,322.0,351.0,226.0,264.0,72.62708120304859,83.86526576581097,65.74298787856068,77.40774577241038
OC1CCC(c2ccccc2)CC1,trans-4-phenylcyclohexanol,1.085,1.035,13.825,4.155,0.152,0.142,,,222.0,263.0,,,42.53387288017447,59.57487080863825
CC1CCC(C)c2ccccc21,"(.+-.)-trans-1,4-dimethyltetralin",0.96,0.914,3.438,1.313,0.123,0.116,292.0,323.3,210.0,249.0,58.55805964583081,75.74128937165007,53.37215875916805,70.37711921209637
Oc1ccccc1C1CCCCC1,2-cyclohexylphenol,0.8699,0.8231,2.529,0.948,0.13,0.121,311.0,343.3,226.0,266.0,66.15442965736221,85.13547271363625,60.47225115636982,79.24004532251178
Oc1ccc(C2CCCCC2)cc1,4-cyclohexylphenol,0.8744,0.831,1.601,0.818,0.125,0.118,312.0,342.4,226.0,264.0,71.67194411510198,85.26248632120904,65.45671432137483,79.24846007449217
C/C(=C\C(C)C)c1ccccc1,"(1,3-dimethyl-1-butenyl)benzene",0.8834,0.8389,3.962,1.252,0.131,0.123,301.0,333.8,225.0,264.0,58.827813588288535,80.03645124202846,54.20394484640405,74.92526772103358
C=CC(CCC)c1ccccc1,(1-ethenylbutyl)benzene,0.8618,0.8147,1.404,0.663,0.139,0.129,309.0,340.3,226.0,265.0,84.13277481663974,101.18388691519016,77.04608872103782,94.30998083499362
C=CC(C)(CC)c1ccccc1,(1-ethyl-1-methyl-2-propenyl)benzene,0.882,0.8365,2.721,1.04,0.13,0.122,309.0,340.9,226.0,266.0,65.91960805629847,84.85758251752556,60.3670564988559,79.13741937267875
CCC(=C(C)C)c1ccccc1,(1-ethyl-2-methyl-1-propenyl)benzene,0.872,0.8248,2.982,1.018,0.121,0.113,298.0,330.7,226.0,264.0,61.021728865520195,80.93819080337741,56.45444948538016,75.96855015504329
OC(c1ccccc1)C1CCCC1,.alpha.-phenylcyclopentanemetaanol,0.882,0.838,3.968,1.253,0.13,0.122,299.0,331.9,225.0,264.0,56.64819985807742,77.0795985535046,52.29362529504524,72.27320074262386
C/C(=C/C(C)C)Oc1ccccc1,(Z)-4-methyl-2-phenoxy-2-pentene,0.8728,0.8277,1.272,0.677,0.149,0.139,296.0,327.4,224.0,261.0,86.40416116521084,100.97534112719616,79.88864728810188,94.73810040762244
C1CCc2c(oc3c2CCCC3)C1,"1,2,3,4,6,7,8,9-octahydrodibenzofuran",0.858,0.817,4.662,1.408,0.136,0.128,285.0,318.5,225.0,263.0,54.086973940243944,74.81942286929936,50.60736991324283,70.89624302305413
CCC(C)/C=C/c1ccccc1,(3-methyl-1-pentenyl)benzene,0.8841,0.84,2.036,0.893,0.145,0.136,310.0,340.6,224.0,262.0,76.75476688226415,94.90511797150454,70.05031298947117,88.15305514470795
CCCCC(=O)c1ccc(C)cc1,1-(4-methylphenyl)-1-pentanone,0.9064,0.862,5.185,1.647,0.132,0.124,277.0,310.8,207.0,246.0,52.12424033376065,71.07120606203954,48.023370514447976,66.54705225216802
C=C(C)CCCc1ccccc1,(4-methyl-4-pentenyl)benzene,0.8667,0.8225,3.461,1.119,0.131,0.123,302.0,333.6,227.0,265.0,61.04884468241938,82.43438686322635,56.338018767663385,77.26521026318694
CC(C)(C)/C=C\c1ccccc1,"(Z)-(3,3-dimethyl-1-butenyl)benzene",0.847,0.807,2.715,1.029,0.129,0.121,277.0,312.4,224.0,264.0,61.344996630266195,79.61883699947009,57.78755974619554,75.93653962319132
CC1(C)COC(c2ccccc2)OC1,"1,3-dioxane, 5,5-dimethyl-2-phenyl-",1.103,1.051,4.261,1.808,0.155,0.146,340.0,372.0,236.0,279.0,66.81529999695898,83.54593342976844,60.29357700363508,77.05131393061771
CC1(C)CCCc2ccccc21,"1,1-dimethyl-1,2,3,4-tetrahydronaphthalene",0.9343,0.889,2.997,1.215,0.115,0.108,279.0,313.0,210.0,250.0,57.00713109356146,72.55646814929761,52.62850226165142,68.11143598952417
CC(C)(C)Cc1ccc(C(=O)O)cc1,"4-(2,2-dimethylpropyl)benzoic acid",,,,,,,,,252.0,293.0,,,,
Cc1cccc2c1CCCC2C,"1,2,3,4-tetrahydro-1,5-dimethylnaphthalene",0.956,0.913,6.695,1.972,0.115,0.109,289.0,320.5,211.0,249.0,45.25576190626366,63.22865657664994,41.42323115931068,58.89459028399626
Cc1ccc2c(c1)CC(C)CC2,"1,2,3,4-tetrahydro-2,7-dimethylnaphthalene",0.958,0.909,1.67,0.825,0.115,0.108,294.0,325.6,211.0,249.0,69.72048470569493,83.63386686742243,63.50895230849543,77.55591622044314
C#CC(OC(C)=O)C1CC=CCC1C,"3-cyclohexene-1-methanol, alpha-ethynyl-6-methyl-, acetate",,,,,,,,,251.0,294.0,,,,
Cc1cccc2c1CC(C)C2C,"1,2,4-trimethylindan",0.968,0.92,1.55,0.707,0.111,0.104,300.0,330.6,213.0,252.0,69.40159139084496,84.87933595564199,63.027256396711195,78.63865083012026
Cc1ccc2c(c1)CC(C)C2C,"1,2,5-trimethylindan",0.969,0.922,1.548,0.716,0.111,0.104,301.0,331.3,213.0,252.0,69.08148731789015,84.12846927554637,62.67785228579153,77.89662995360241
CC1CC(C)OC(c2ccccc2)O1,"(2.alpha.,4.alpha.,6.alpha.)-4,6-dimethyl-2-phenyl-1,3-dioxane",1.086,1.033,3.223,1.452,0.158,0.149,330.0,363.0,236.0,278.0,73.05456577740692,90.0321587407252,66.47977468880143,83.522931913858
CC(=O)OCC=C(C)CCC=C(C)C,"(Z)-3,7-dimethyl-2,6-octadienyl acetate",0.9006,0.8497,1.666,0.789,0.134,0.124,383.0,417.0,284.0,327.0,80.08669392448246,95.73090954567574,73.62494778115764,89.40260960362984
C=CC(C)(CCC=C(C)C)OC(C)=O,linalool acetate,0.8799,0.831,3.296,1.167,0.126,0.117,379.0,416.0,285.0,330.0,62.34679011805052,81.26536300325762,57.54276790917021,76.13993417599383
CC(=O)O[C@H]1CC2CCC1(C)C2(C)C,borneol ethanoate,0.9699,0.919,1.237,0.598,0.107,0.1,344.0,382.0,255.0,302.0,71.87567283984774,86.50911910109137,66.07052930976093,80.97545906836156
CCC1(CC)C(=O)OC(=O)C1(CC)CC,"Dihydro-3,3,4,4-tetraethyl-2,5-furandione",,,,,,,,,293.0,339.0,,,,
CCCCOC(=O)/C=C/C(=O)OCCCC,(E)-dibutyl butenedioate,1.15,1.09,4.261,1.468,0.174,0.163,441.0,472.0,305.0,351.0,77.48906739383207,101.70394162902178,69.85434159992758,93.57348240761132
CC(=O)OC(C)(C)C1CC=C(C)CC1,p-ment-1-en-8-yl acetate,0.9449,0.894,4.762,1.611,0.122,0.114,374.0,410.0,266.0,313.0,55.34354129368731,73.37213371144495,50.28487417885195,68.00669541424513
C1CC2(CCCC3(C1)OCCO3)OCCO2,"1,4,10,13-tetraoxadispiro[4.3.4.3]hexadecane",1.235,1.182,6.397,2.623,0.166,0.156,372.0,412.0,266.0,317.0,61.5131303495582,77.79735657081542,55.97489709629914,72.26736572650833
CCC(C)OC(=O)C1CC=CCC1C,sec-butyl 6-methyl-3-cyclohexenecarboxylate,0.9271,0.8776,2.265,0.98,0.139,0.13,360.0,397.0,264.0,311.0,73.5356918981404,91.18117845358164,67.39186484980941,85.1292738202745
CCCCCCC#CC(=O)OCCC,propyl 2-nonynoate,0.885,0.838,3.842,1.372,0.155,0.144,394.0,425.0,288.0,329.0,69.28566939900298,89.68465495981279,63.43916189859597,83.45253656074799
CC(=O)OCC=C(C)CCC=C(C)C,"trans-3,7-dimethyl-2,6-octadien-1-yl acetate",0.9043,0.8532,1.659,0.785,0.134,0.124,383.0,417.0,284.0,327.0,80.27010686405757,95.97369130272745,73.79356215936308,89.62934225192059
OCC1CC2C3CC(CO)C(C3)C2C1,"tricyclo[5.2.1.0(2,6)]decane-4,8-dimethanol",1.17,1.123,11.966,3.206,0.143,0.135,374.0,406.0,252.0,298.0,46.809786748723425,66.57277174771025,41.889179431912325,61.02605568143115
CC1(C)CCC(C)(C)CC(=O)OC(=O)C1,"3,3,6,6-tetramethyloctanedioic acid anhydride",1.062,1.015,4.237,2.069,0.171,0.161,388.0,425.0,284.0,331.0,70.45366668694129,84.68190406134504,64.53327193835186,78.93187567070088
CCC(=O)OCC(COC(=O)CC)OC(=O)CC,glyceryl tripropanoate,1.0607,0.997,19.798,4.714,0.181,0.169,489.9,526.0,328.0,379.0,52.24267426986101,75.96527931156322,46.66738754414738,69.27444561738763
CCOC(=O)C1CCCC(C(=O)OCC)C1,"cis-1,3-cyclohexanedicarboxylic acid diethyl diester",1.134,1.078,4.762,1.763,0.154,0.144,408.0,444.0,285.0,334.0,66.01121769438242,85.18894326705329,59.67424038237653,78.63289815562824
CCCCOC(=O)C=CC(=O)OCCCC,dibutyl cis-butendioate,0.9754,0.9253,4.511,1.621,0.171,0.16,424.0,457.0,305.0,351.0,70.79694016650144,91.92901584345294,64.53124102925284,85.35187685698403
C=CC(C)(CCC=C(C)C)OC(C)=O,linalool acetate,1.3,1.24,100.0,12.097,0.171,0.159,,,346.0,398.0,,,30.697581036013208,54.896130512528785
CC1CCCC1C1CCCCC1,(2-methylcyclopentyl)cyclohexane,0.8545,0.8117,5.266,1.7,0.118,0.111,296.0,337.7,232.0,279.0,49.076288574899586,66.99038127901251,45.82570165475223,63.48704665063419
CC1CCC(C2CCCCC2)C1,(3-methylcyclopentyl)cyclohexane,0.872,0.827,4.817,1.56,0.118,0.111,300.0,341.0,232.0,279.0,51.229793331966675,69.79484530808958,47.656282888011184,65.96415516644156
C1CC2(CCCC3(C1)OCCO3)OCCO2,"1,4,10,13-tetraoxadispiro[4.3.4.3]hexadecane",0.8576,0.8135,7.579,3.073,0.142,0.133,327.0,366.0,239.0,285.0,48.0067630300061,60.941535500038206,43.95451277133495,56.80074375272644
C1CCC(C2CCCCC2)CC1,"1,1'-bicyclohexyl",0.8723,0.8298,2.927,1.195,0.1074,0.1058,297.49,342.96,230.0,277.0,54.074789327902835,71.63532550861935,50.29920237580642,67.45789878665113
CC1(C)CCCC2CCCCC21,"1,1-dimethyldecahydronaphthalene",0.878,0.833,4.442,1.417,0.109,0.102,306.0,346.2,236.0,282.0,49.78286434830407,67.76807890903953,46.275017331921475,63.96870305451935
C=CCCCCCCCCC=C,"1,11-dodecadiene",0.7535,0.7093,1.314,0.677,0.139,0.129,368.0,401.0,274.0,316.0,87.5220181138992,102.40501262109387,80.553342370214,95.7676167388388
C=CC=CCCCCCCCC,"1,3-dodecadiene",0.7665,0.723,1.435,0.719,0.145,0.134,373.0,406.0,272.0,314.0,87.95178390223785,103.37153604511204,80.47614989433377,96.16319992177158
O=C1CCCCCCCCCCCO1,12-dodecanolide,0.964,0.928,44.606,10.991,0.171,0.163,328.0,373.0,267.0,316.0,32.77544960565666,48.688963573095045,30.932210966972065,46.469800916897846
C1CCC(CCC2CCCC2)C1,"1,2-dicyclopentylethane",0.8475,0.803,1.487,0.872,0.126,0.118,320.0,358.5,234.0,280.0,75.877110159237,86.83983107910078,69.48203247593615,81.00777867721874
CC(=O)CCCCCCCCC(C)=O,"2,11-dodecanedione",,,,,,,,,306.0,347.0,,,,
CCCC1=C(CCC)CCCC1,"1,2-dipropylcyclohexene",0.8568,0.8091,1.284,0.704,0.116,0.107,341.0,377.0,255.0,298.0,77.35365323914696,88.91011266987974,71.28149098768904,83.21916883087522
CCC(O)(C#CC(O)(CC)CC)CC,"3,6-diethyloct-4-yne-3,6-diol",,,,,,,,,312.0,357.0,,,,
CC(C)(C)/C1=C/CCCCCC1,"1-(1,1-dimethylethyl)cyclooctene",0.858,0.809,4.079,1.607,0.113,0.105,344.0,382.0,249.0,296.0,55.39211578449562,70.32767355625867,50.57838296204925,65.45852055743244
CCOC(=O)C1CCCC(C(=O)OCC)C1,"cis-diethyl cyclohexane-1,3-dicarboxylate",,,,,,,,,,,,,,
CC(C(=O)C(C)(C)C)C(=O)C(C)(C)C,"2,2,4,6,6-pentamethyl-3,5-heptanedione",0.899,0.85,2.225,1.035,0.141,0.132,380.0,420.0,306.0,353.0,75.37904021711304,91.70466401454269,70.92362337745178,87.3293893331254
CCCCCC/C=C/C(=O)OCCC,"2-nonenoic acid, propyl ester",0.8889,0.8403,3.262,1.321,0.157,0.146,409.0,442.0,293.0,338.0,74.4807548740519,93.17169131283045,67.81037790630812,86.39944695840124
C=CC(=O)OCCCCCCCCC,nonyl 2-propenoate,0.867,0.822,2.076,0.973,0.159,0.147,441.0,470.0,295.0,340.0,85.31055997455888,101.59447992623652,76.18739957956755,92.7500181752582
CCOC(=O)C1CCCC(C(=O)OCC)C1,"trans-diethyl cyclohexane-1,3-dicarboxylate",,,,,,,,,,,,,,
C=C(C)C(=O)OCCCCCCCC,octyl 2-methyl-2-propenoate,0.944,0.892,1.695,0.807,0.139,0.129,409.0,443.0,296.0,342.0,83.61309204519756,99.85915473368142,76.3432907089517,92.8487499453213
CC(C)C(=O)CCCCC(=O)C(C)C,"3,8-decanedione, 2,9-dimethyl-",0.978,0.928,2.965,1.207,0.181,0.169,435.0,465.0,305.0,349.0,86.9172169349112,108.55208631380798,78.65608545586504,100.13374330839429
CC(C)(C)C1=CC(C(C)(C)C)C(=O)O1,"cis-3,5-bis(1,1-dimethylethyl)-2-furanone",1.003,0.957,7.577,2.403,0.135,0.128,376.0,417.0,286.0,336.0,50.69532233098284,69.3887872552949,46.94002462236555,65.29865916681892
COC(=O)[C@H]1CC[C@@H](C(C)(C)C)CC1,"cis-4-(1,1-dimethylethyl)cyclohexanecarboxylic acid, methyl ester",0.98,0.928,5.102,1.724,0.122,0.114,377.0,416.0,274.0,323.0,54.57345635797694,72.50830565969717,49.88797453096653,67.52669160716934
OC1(C2CCCCC2)CCCCC1,1-cyclohexylcyclohexanol,,,,,,,,,248.0,296.0,,,,
CC(=O)O[C@H]1CC[C@@H](C(C)(C)C)CC1,"cyclohexanol, 4-(1,1-dimethylethyl)-, acetate",0.977,0.924,4.606,1.591,0.122,0.113,376.0,415.0,274.0,323.0,56.42588872303645,74.0421233715597,51.61991684538386,69.00182936513316
CCCCCCC(CCO)CCCO,"3-hexyl-1,6-hexanediol",,,,,,,,,182.0,214.1,,,,
O=C1OC(=O)c2cccc3cccc1c23,"1,8-naphthalenedioic anhydride",,,,,,,,,195.0,229.0,,,,
c1ccc2c(c1)-c1ccccc1-2,diphenylene,,,,,,,,,167.5,198.9,,,,
CCCCCCOCCOCCOCCO,triethylene glycol mono-n-hexyl ether,0.9527,0.9084,9.132,2.972,0.2,0.185,491.0,520.0,359.0,403.0,64.93038834997735,85.5584956996575,59.45588460198914,79.63861692205951
c1ccc2c(c1)Oc1ccccc1O2,"dibenzo[b,e][1,4]dioxin",,,,,,,,,185.3,221.2,,,,
CCOCCOCCOCCOCCOCC,"3,6,9,12,15-pentaoxaheptadecane",1.069,1.019,5.145,2.159,0.212,0.199,491.0,520.0,374.0,416.0,80.80687216914906,100.18307900984912,74.85069800249987,94.08785949846056
CCCCOCCOCCOCCOCCO,"3,6,9,12-tetraoxahexadecan-1-ol",0.9955,0.949,10.045,3.372,0.221,0.203,539.0,563.0,375.0,418.0,69.37748920838406,89.82083578089743,62.64662147501194,82.60302814899107
CCCCCC(O)C(CO)CCCC,"2-butyl-1,3-octanediol",1.01136,0.95745,3.573,1.39,0.242,0.227,548.3,569.3,390.0,431.0,110.15159685371836,138.65905756350608,100.08556353692448,128.21806697880277
CCCCCOC(C)OCCCCC,"pentane, 1,1'-(ethylidenebis(oxy)]bis-",1.0437,1.0022,6.132,1.996,0.155,0.148,234.0,260.3,179.0,209.6,50.229947450490336,68.65437449343919,46.58325813156261,64.59556448271385
C1=Cc2cccc3cccc1c23,acenaphthylene,,,,,,,,,163.1,195.3,,,,
c1ccc2c(c1)oc1ccccc12,dibenzo[bd]furan,,,,,,,,,175.0,207.4,,,,
O=C(c1ccccc1)c1ccccc1,benzophenone,,,,,,,,,208.0,244.0,,,,
O=C(O)c1ccc2cc(C(=O)O)ccc2c1,"2,6-naphthalenedicarboxylic acid",,,,,,,,,222.0,257.0,,,,
O=C(O)c1ccccc1-c1ccccc1,2-phenylbenzoic acid,,,,,,,,,218.0,255.0,,,,
C1=Cc2cc3ccccc3cc2C1,1H-Benz[f]indene,1.152,1.106,6.858,2.26,0.227,0.216,282.0,307.0,182.1,219.3,73.41214719542656,99.14085326260988,64.91395054421453,90.18925395099556
Cc1cccc2c1-c1ccccc1-2,1-methylbiphenylene,1.162,1.118,5.852,1.789,0.246,0.235,294.0,317.0,192.0,226.0,81.2638401474625,112.09959264963535,72.08482903730591,101.92172559551868
O=C(O)c1cccc(-c2ccccc2)c1,3-phenylbenzoic acid,,,,,,,,,218.0,255.0,,,,
O=C(O)c1ccc(-c2ccccc2)cc1,4-phenylbenzoic acid,,,,,,,,,218.0,255.0,,,,
C1=Cc2ccc3ccccc3c2C1,1H-benz[e]indene,1.141,1.096,6.924,2.281,0.225,0.215,277.0,303.0,183.3,220.0,71.93910268556695,97.5858866015799,64.05057882373528,89.18271734445874
Cc1ccc2c(c1)-c1ccccc1-2,2-methylbiphenylene,1.16,1.117,5.948,1.791,0.247,0.235,297.0,319.0,192.0,226.0,80.83649178087649,111.53914787492803,71.50126143773541,101.23290673634789
c1ccc2c(c1)COc1ccccc1-2,"6H-Dibenzo[b,d]pyran",1.203,1.155,19.95,4.762,0.209,0.199,290.0,317.0,197.0,234.0,50.92370113266319,75.42298676291927,45.675231083565194,69.24942581413201
c1ccc2c(c1)Cc1ccccc1-2,fluorene,,,,,,,,,182.8,220.3,,,,
O=C(Oc1ccccc1)c1ccccc1,phenyl benzoate,,,,,,,,,214.0,252.0,,,,
O=C(c1ccccc1O)c1ccccc1O,"2,2'-dihydroxybenzophenone",,,,,,,,,249.0,287.0,,,,
CC(C)OC(C)COC(C)COC(C)CO,tripropyleneglycol monoisopropyl ether,,,,,,,,,,,,,,
O=C(O)c1ccccc1Oc1ccccc1,o-phenoxybenzoic acid,,,,,,,,,234.0,270.0,,,,
O=C(c1ccccc1)c1ccccc1O,(2-hydroxyphenyl)phenylmethanone,,,,,,,,,230.0,268.0,,,,
O=C(Oc1ccccc1)c1ccccc1O,"salicylic acid, phenyl ester",,,,,,,,,234.0,274.0,,,,
C1=Cc2cc3ccccc3cc2C1,1H-Benz[f]indene,,,,,,,,,270.0,309.0,,,,
O=C(c1ccc(O)cc1O)c1ccc(O)cc1O,"methanone, bis(2,4-dihydroxyphenyl)-",,,,,,,,,290.0,330.0,,,,
O=C(C=Cc1ccco1)C=Cc1ccco1,Difurfurylideneacetone,1.3,1.248,3.769,1.683,0.216,0.205,358.0,382.0,238.0,275.0,86.40396364385532,106.32645482691105,77.0295690437554,96.93736191379418
C=C(C)c1ccc2ccccc2c1,2-(1-methylethenyl)naphthalene,,,,,,,,,208.0,245.0,,,,
Cc1ccccc1-c1ccccc1,"2-methyl-1,1'-biphenyl",0.9971,0.9527,2.908,1.081,0.2,0.188,281.9,307.8,199.8,236.8,84.18110177353778,109.026921199036,76.41178944974364,101.27385887597448
Cc1cccc(-c2ccccc2)c1,3-methylbiphenyl,0.9981,0.9525,3.076,1.134,0.203,0.192,285.0,313.0,196.9,234.0,84.64365249643281,110.55089219648416,76.2812597068896,101.86524883742032
Cc1ccc(-c2ccccc2)cc1,4-methylbiphenyl,,,,,,,,,196.9,234.0,,,,
c1ccc(Cc2ccccc2)cc1,diphenylmethane,0.99073,0.94315,2.11,0.966,0.155,0.146,274.92,305.96,190.9,228.8,77.66616335580464,95.51600980809694,70.09286590416932,88.01844328219828
CC(=O)c1ccc(C)c2ccccc12,1-(4-methyl-1-naphthyl) ethanone,1.068,1.026,,,,,320.0,347.0,224.0,260.0,,,,
C1=CC=C(c2ccccc2)CC=C1,"1,3,5-cycloheptatriene, 1-phenyl-",0.981,0.935,5.199,2.032,0.18,0.17,269.0,301.1,200.0,238.0,66.06205479392058,85.2418161614437,60.77745343712522,79.78522180165002
C/C=C/c1cccc2ccccc12,1-(1-propenyl)naphthalene,1.0077,0.965,9.527,2.487,0.204,0.193,291.0,319.1,205.0,241.0,61.028988189252,87.81592686747172,55.301821117553445,81.14842098319471
C=C(C)c1cccc2ccccc12,1-(1-methylethenyl)naphthalene,0.9935,0.9513,7.146,1.997,0.183,0.174,279.0,309.3,208.0,245.0,60.28057780066463,85.66107844371314,55.50091719133066,80.22543594849319
OC1c2ccccc2-c2ccccc21,9-hydroxyfluorene,,,,,,,,,201.0,238.0,,,,
C=CCc1cccc2ccccc12,1-allylnaphthalene,1.0028,0.96,7.778,2.083,0.199,0.189,293.0,320.7,207.0,243.0,63.63446941761862,91.11491101021603,57.70919601375024,84.27424349530656
Cc1cc2ccccc2cc(C)c1=O,"2,7-dimethyl-4,5-benzotropone",,,,,,,,,221.0,259.0,,,,
c1ccc2c3c(ccc2c1)CCC3,"2,3-dihydro-1H-benz[e]indene",1.0522,1.01,7.318,2.376,0.19,0.18,295.0,321.0,192.0,230.0,62.48860558994363,84.46404647568822,55.3773967709432,76.90349160654624
c1ccc2c(c1)Cc1ccccc1O2,"9-oxa-9,10-dihydroanthracene",,,,,,,,,197.0,234.0,,,,
OC(c1ccccc1)c1ccccc1,diphenylmethanol,,,,,,,,,219.0,259.0,,,,
c1ccc(COc2ccccc2)cc1,benzyl phenyl ether,1.095,1.048,,,,,315.0,342.0,218.0,255.0,,,,
C1=CCC=C(c2ccccc2)C=C1,"5-phenyl-1,3,5-cycloheptatriene",0.982,0.936,5.193,2.03,0.21,0.198,270.0,301.7,200.0,238.0,73.90283802812014,95.19317852093008,67.92008605371183,89.04968581345562
C1=CC=CC(c2ccccc2)C=C1,"7-phenyl-1,3,5-cycloheptatriene",1.031,0.982,3.589,1.629,0.165,0.155,297.0,325.1,199.0,237.0,72.09134066246781,88.29038283425491,64.41159940390895,80.77923503703224
OCc1ccc(-c2ccccc2)cc1,p-phenylbenzyl alcohol,,,,,,,,,221.0,259.0,,,,
Oc1ccccc1Cc1ccccc1,2-(phenylmethyl)phenol,1.111,1.065,26.103,6.009,0.175,0.165,329.0,356.0,223.0,261.0,42.416252430289205,62.840581412235125,38.02097476122904,57.58618191421736
OCc1ccccc1-c1ccccc1,2-biphenylmethanol,,,,,,,,,221.0,259.0,,,,
CC(C)c1ccc2occ(C=O)c(=O)c2c1,3-formyl-6-isopropylchromone,,,,,,,,,252.0,293.0,,,,
COc1ccccc1-c1ccccc1,2-methoxybiphenyl,0.9957,0.9527,8.537,2.624,0.213,0.201,290.0,320.0,219.0,256.0,63.350837413095846,87.05640474575927,58.53919321971341,81.75982270773342
CCC(=O)c1cccc2ccccc12,ethyl 1-naphthyl ketone,1.0807,1.0378,6.015,2.313,0.229,0.218,340.0,364.0,223.0,259.0,76.96351869274214,99.08525087787729,68.35307447127158,90.03936380782464
Cc1cc2ccccc2c(C)c1C,"1,2,3-trimethylnaphthalene",1.055,1.009,2.464,0.932,0.177,0.167,346.0,370.0,219.0,257.0,86.1436758585727,110.67160623308676,75.74399762401026,99.88844577758522
O=C(c1ccc(O)cc1)c1ccc(O)c(O)c1O,"4,2',3',4'-tetrahydroxybenzophenone",,,,,,,,,290.0,330.0,,,,
Cc1cc(C)c2ccccc2c1C,"1,2,4-trimethylnaphthalene",,,,,,,,,219.0,257.0,,,,
COC(=O)Cc1ccc2ccccc2c1,"2-naphthaleneacetic acid, methyl ester",1.1147,1.069,5.203,1.964,0.225,0.214,382.0,404.0,228.0,268.0,81.33582176555981,104.83319402602172,70.34520625394798,93.40240469225796
CCOC(=O)c1ccc2ccccc2c1,"2-naphthoic acid, ethyl ester",1.1008,1.0557,5.269,1.989,0.224,0.212,374.0,396.0,228.0,268.0,80.01131067562415,102.79329064844904,69.61289183746561,92.10165427416688
CCOC(=O)c1cccc2ccccc12,ethyl 1-naphthalenecarboxylate,1.1094,1.0641,4.867,1.88,0.221,0.209,362.0,387.0,228.0,268.0,80.3886783825496,102.8332791387898,70.58578359907453,92.73526297744948
COC(=O)Cc1cccc2ccccc12,methyl .alpha.-naphthylethanoate,1.1279,1.0818,4.61,1.756,0.221,0.209,362.0,386.0,228.0,268.0,82.02780328453989,105.26696532023983,72.02502750694373,94.99908270822496
COC(=O)C1=Cc2ccccc2OC1C(=O)OC,"dimethyl 2H-1-benzopyran-2,3-dicarboxylate",1.358,1.303,17.673,4.375,0.201,0.191,390.0,420.0,265.0,309.0,53.03965655219628,77.31916989078438,47.576588068044515,70.92387857643048
CCC=C(C)C#Cc1ccccc1,(3-methyl-3-hexen-1-ynyl)benzene,0.9004,0.8581,3.665,1.352,0.148,0.139,337.0,362.0,232.0,268.0,65.6753777535834,84.79942711104246,59.12784604725496,77.9224349216205
Cc1cc(C)c2cccc(C)c2c1,"1,3,5-trimethylnaphthalene",,,,,,,,,219.0,257.0,,,,
C=C(C)C=C=CCc1ccccc1,"(5-methyl-2,3,5-hexatrienyl)benzene",0.9263,0.8832,1.727,0.838,0.307,0.289,338.0,363.0,232.0,268.0,137.948314411472,165.16445372924542,124.0920332580786,151.652358632033
Cc1cc(C)c2cc(C)ccc2c1,"1,3,7-trimethylnaphthalene",0.9931,0.9493,2.014,0.864,0.173,0.163,313.0,341.0,219.0,257.0,85.99887189248601,107.0942239366424,77.77912653621036,98.9045858713116
Cc1ccc2c(C)cccc2c1C,"1,2,5-trimethylnaphthalene",0.9961,0.952,2.008,0.893,0.173,0.164,322.0,349.0,219.0,257.0,86.92694032171558,107.47532930080692,77.99404887245795,98.61118539544675
Cc1ccc2c(C)c(C)ccc2c1,"1,2,6-trimethylnaphthalene",0.922,0.881,2.278,0.999,0.175,0.165,325.0,352.0,219.0,257.0,83.091793091853,102.717430628347,74.35878262634061,94.01905544830804
Cc1ccc(C)c2c(C)cccc12,"1,4,5-trimethylnaphthalene",,,,,,,,,219.0,257.0,,,,
Cc1ccc2ccc(C)c(C)c2c1,"1,2,7-trimethylnaphthalene",1.014,0.968,1.972,0.857,0.172,0.163,314.0,342.0,219.0,257.0,87.4248160773009,108.9192660492044,78.9978636606939,100.5072407019029
CC(C)c1cccc2ccccc12,1-(1-methylethyl)naphthalene,0.9819,0.9392,3.055,1.097,0.19,0.179,301.0,333.0,216.0,256.0,80.34601346846031,105.63696897879136,73.18556301759136,98.10480320761724
Cc1ccc2cccc(C)c2c1C,"1,2,8-trimethylnaphthalene",1.01,0.965,6.931,1.865,0.171,0.162,311.0,339.0,219.0,257.0,60.58962354906243,86.382943390018,54.89738861934447,79.90924189281994
Cc1ccc2c(C)cc(C)cc2c1,"1,3,6-trimethylnaphthalene",1.035,0.988,2.029,0.881,0.175,0.166,331.0,357.0,219.0,257.0,89.66426777863704,111.5049930314826,79.82863828136156,101.65832116978122
Cc1cc(C)c2c(C)cccc2c1,"1,3,8-trimethylnaphthalene",1.001,0.956,6.094,1.674,0.17,0.161,307.0,336.0,219.0,257.0,62.33169604687416,88.43189371634735,56.681828106419886,82.00944524986843
C1=CCC2c3ccccc3CC2C1,"1,4,4a,9a-tetrahydrofluorene",1.0018,0.961,6.488,1.873,0.132,0.125,272.0,305.3,200.0,240.0,48.00984454530327,67.64167632438154,44.03173564247096,63.2141254791105
Cc1ccc2c(C)ccc(C)c2c1,"1,4,6-trimethylnaphthalene",0.9997,0.9561,2.101,0.91,0.173,0.163,312.0,341.0,219.0,257.0,84.79615907972041,105.40710904625648,76.76043428074706,97.34648690558532
Cc1cc(C)c2c(C)cccc2c1,"1,6,8-trimethylnaphthalene",1.014,0.97,2.071,0.897,0.173,0.163,315.0,343.0,219.0,257.0,85.5889951486259,106.28154262260377,77.26985518729965,97.99271737235108
CC/C(C)=C1\C=Cc2ccccc21,1-(1-methylpropylidene)-1H-indene,0.9845,0.9404,5.383,1.542,0.181,0.171,296.0,327.2,219.0,257.0,66.4521483115911,93.269872641418,61.05223916712073,87.14422088816397
COC(=O)Cc1cccc2ccccc12,methyl .alpha.-naphthylethanoate,1.012,0.966,2.668,1.149,0.185,0.175,311.0,340.0,218.0,256.0,80.62303768303383,100.67551321428382,72.95473285789903,92.9515711646555
CCc1ccc(C)c2ccccc12,1-ethyl-4-methylnaphthalene,0.9839,0.94,2.643,1.16,0.184,0.174,308.0,337.0,218.0,256.0,82.95467800802805,103.03764676599282,75.26955995236719,95.36994728572088
C[C@@H]1OC=C2C(=CC(=O)C(C(=O)O)=C2O)[C@H]1C,"(3R,4S)-4,6-dihydro-8-hydroxy-3,4,5-trimethyl-6-oxo-3H-2-benzopyran-7-carboxylic acid",,,,,0.229,0.216,,,290.0,334.0,,,,
CC(C)(C)C(=O)C#Cc1ccccc1,"1-pentyn-3-one, 4,4-dimethyl-1-phenyl-",0.8887,0.848,18.004,4.363,0.163,0.154,357.0,384.0,249.0,287.0,44.0995088379131,64.38373808610507,39.84914977158931,59.32066243090028
CCCCC=C=Cc1ccccc1,"(1,2-heptadienyl)benzene",0.8992,0.8574,1.668,0.84,0.31,0.292,328.0,357.0,241.0,278.0,137.45155909466814,163.54336069606123,126.03633102967648,152.43235167830838
CCC(C)=C=C(C)c1ccccc1,"(1,3-dimethyl-1,2-pentadienyl)benzene",0.9117,0.8695,5.704,1.668,0.276,0.26,307.0,340.4,243.0,281.0,88.05622135354692,122.72872406471495,82.4515956793005,116.2836475489566
C1=C(Cc2ccccc2)CCCC1,(1-cyclohexen-1-ylmethyl)benzene,0.9485,0.9037,4.217,1.605,0.137,0.129,291.0,326.4,220.0,261.0,58.05033499675207,75.34643143335238,53.65808049242319,70.7531444090405
C=C(C=CCCC)c1ccccc1,(1-methylene-2-hexenyl)benzene,0.933,0.891,3.966,1.212,0.137,0.129,300.0,335.0,239.0,279.0,58.49762810854113,80.66148922258667,54.874095881729566,76.61602111861444
Oc1ccc(OCc2ccccc2)cc1,p-(benzyloxy)phenol,,,,,,,,,,,,,,
CC(C)=C/C(C)=C/c1ccccc1,"(2,4-dimethyl-1,3-pentadienyl)benzene",0.8976,0.8558,5.793,1.683,0.131,0.123,311.0,345.0,239.0,279.0,51.367457660530675,71.56526928781203,47.699947796168885,67.4158882052736
CCC=C=CCCc1ccccc1,"(3,4-heptadienyl)benzene",0.8963,0.8537,4.463,1.347,0.299,0.282,306.0,338.4,241.0,278.0,100.10845660202014,138.30700500129848,93.60492995006533,130.8655152129032
C=CC=C(C)CCc1ccccc1,"(3-methyl-3,5-hexadienyl)benzene",0.8967,0.8527,1.361,0.704,0.141,0.133,324.0,356.0,239.0,279.0,83.53502432898982,99.00922844891036,76.68238669763981,92.44879485280336
CC1CC=C(c2ccccc2)CC1,(4-methyl-1-cyclohexen-1-yl)benzene,0.9517,0.9052,6.305,2.32,0.169,0.159,325.0,356.0,220.0,262.0,62.840210642876485,81.74652718177528,56.307771923022415,74.99193858586025
CC(C)CC=C=Cc1ccccc1,"(5-methyl-1,2-hexadienyl)benzene",0.8799,0.8382,4.887,1.467,0.298,0.28,313.0,346.3,240.0,280.0,97.38500299648268,134.4025512858259,90.37511898866538,126.60331606084364
CC(C)/C=C/C=C/c1ccccc1,"(5-methyl-1,3-hexadienyl)benzene",0.9108,0.8666,2.196,0.935,0.154,0.145,328.0,360.0,236.0,277.0,78.16316401354436,97.69911358427336,71.25034397584056,90.75536107609231
CC1CCC=C(c2ccccc2)C1,(5-methyl-1-cyclohexenyl)benzene,0.9567,0.9115,5.017,1.865,0.164,0.154,297.0,331.6,220.0,262.0,63.43219609035715,82.60913233751201,58.29708752718885,77.31207844656927
CC1=CC(C)(C)c2ccc(C)cc21,"1,1,3,5-tetramethyl-1H-indene",0.9078,0.864,1.763,0.81,0.133,0.125,336.0,365.0,230.0,270.0,75.14617394359408,91.55279537294966,67.5463171756567,84.10876443505893
CC1=C(C)C(C)c2cc(C)ccc21,"1,2,3,6-tetramethylindene",0.985,0.937,1.624,0.726,0.129,0.121,326.0,356.0,230.0,270.0,76.54270666722137,93.97925269307092,69.38885878418317,86.94642499858169
CC1=Cc2c(ccc(C)c2C)C1C,"1,2,4,5-tetramethylindene",0.99,0.943,1.717,0.774,0.13,0.122,328.0,358.0,230.0,270.0,75.45468518513265,92.4468184232822,68.28494115699452,85.39398894074586
Cc1ccc2c(c1)C=CCC2(C)C,"1,2-dihydro-1,1,6-trimethylnaphthalene",0.935,0.8909,4.492,1.392,0.138,0.13,294.0,329.1,227.0,267.0,57.238210328359855,78.69549064817393,53.22185602205187,74.19986788017029
CC1=C(C)c2cccc(C)c2CC1,"1,2-dihydro-3,4,8-trimethylnaphthalene",0.9621,0.9183,1.975,0.904,0.134,0.126,317.0,348.0,228.0,268.0,71.9882141014821,88.0883770171732,65.61460241806138,81.84773860153406
CC1=CC(C)c2c(C)ccc(C)c21,"1,3,4,7-tetramethylindene",0.99,0.943,1.717,0.774,0.13,0.122,328.0,358.0,230.0,270.0,75.45468518513265,92.4468184232822,68.28494115699452,85.39398894074586
CCOC(=O)C(Cc1ccccc1)=C(C)O,2-benzyl-3-hydroxy-2-butenoic acid ethyl ester,1.193,1.138,28.5,6.327,0.163,0.151,,,279.0,323.0,,,37.54029500681159,56.544490781907086
Cc1ccc(C)c(C2C=CCC2)c1,"1,4-dimethyl-2-(2-cyclopentenyl)benzene",0.9494,0.9053,6.741,1.988,0.122,0.115,302.0,335.8,224.0,264.0,47.08827204946323,65.55497445464506,43.29239062157602,61.26555026133036
CCCCOC(=O)C=Cc1ccccc1,butyl 3-phenyl-2-propenoate,1.0014,0.9536,5.792,1.678,0.168,0.158,362.0,394.0,260.0,302.0,63.45706735231941,88.10957897974666,57.81589850909145,81.7590792457919
CCOC(=O)C(C(=O)OCC)c1ccccc1,diethyl phenylmalonate,1.08,1.03,9.259,2.621,0.171,0.161,422.0,453.0,283.0,330.0,57.16737527465104,79.64883742561736,51.08993907327056,72.85795684721893
CCOC(=O)C(Cc1ccccc1)C(C)=O,2-benzyl-3-oxobutanoic acid ethyl ester,1.19,1.14,8.403,2.719,0.183,0.172,403.0,433.0,277.0,321.0,62.10214565395682,83.2478669070494,55.886106629708216,76.52598610842459
CC(C)=CC(C)(C)c1ccccc1,"(1,1,3-trimethyl-2-butenyl)benzene",0.8614,0.8152,2.67,1.018,0.119,0.111,322.0,359.5,250.0,293.0,61.71345176184256,79.41714530368155,57.47255516682622,74.97665044306152
C=CC(CC)(CC)c1ccccc1,"(1,1-diethyl-2-propenyl)benzene",0.8886,0.8433,2.926,1.091,0.13,0.122,329.0,365.0,251.0,294.0,64.12301898272771,83.25269963812055,59.423054647387765,78.3378136529424
CC(C)CC(=O)C#Cc1ccccc1,5-methyl-1-phenyl-1-hexyne-3-one,,,,,,,,,,,,,,
CCC(C)C=C(C)c1ccccc1,"(1,3-dimethyl-1-pentenyl)benzene",0.8738,0.8311,2.403,1.011,0.133,0.125,333.0,368.0,249.0,292.0,67.99034941366955,85.32244443918707,62.65194911687626,79.94705935174969
CC(=CCC(C)C)c1ccccc1,"(1,4-dimethyl-1-pentenyl)benzene",0.8646,0.8222,2.429,1.046,0.134,0.126,339.0,373.0,249.0,292.0,68.35823795731037,85.14908159503105,62.675320113915845,79.48230803482979
CC=C(C)C(CC)c1ccccc1,(1-ethyl-2-methyl-2-butenyl)benzene,0.8718,0.8263,2.065,0.908,0.133,0.124,342.0,376.0,249.0,292.0,72.77521923970995,89.55086246949683,66.55992978742529,83.40299151059408
CCC=C(CCC)c1ccccc1,(1-propyl-1-butenyl)benzene,0.869,0.827,1.841,0.895,0.14,0.132,331.0,365.0,249.0,291.0,75.55243030352156,91.1884603460692,69.73835526307688,85.5578766889442
CCCCC(C)=Cc1ccccc1,(2-methyl-1-hexenyl)benzene,0.882,0.8395,1.701,0.846,0.139,0.13,318.0,354.0,249.0,291.0,76.24728407150516,91.15079023452311,71.17746332070315,86.26187987288974
CCCC(=C(C)C)c1ccccc1,(2-methyl-1-propyl-1-propenyl)benzene,0.914,0.87,1.86,0.897,0.127,0.12,346.0,378.0,250.0,292.0,72.05652232214612,87.07168296898101,65.761500746761,80.97308608663984
CCC=CC(C)Cc1ccccc1,(2-methyl-3-hexenyl)benzene,0.8595,0.8147,2.094,0.896,0.147,0.137,346.0,379.0,248.0,290.0,77.81172646011468,96.35866044809032,70.85364591227489,89.37007059039759
CC1CCC(c2ccccc2)CC1,(4-methylcyclohexyl)benzene,0.961,0.914,3.226,1.477,0.137,0.129,318.0,353.0,228.0,272.0,64.83445625345429,79.65672627586817,59.04188255003304,74.02487145899734
Cc1ccc2c(c1)C(C)(C)C(C)C2,"1,1,2,6-tetramethylindan",0.921,0.879,4.452,1.32,0.098,0.093,305.0,342.1,238.0,281.0,44.570488682932535,62.40893101835045,41.56664276651241,59.048731412553195
Cc1ccc(C)c2c1CCC2(C)C,"1,1,4,7-tetramethyhlindan",0.983,0.938,1.933,0.864,0.094,0.089,344.0,375.0,239.0,281.0,57.68869944681913,71.27663168335971,52.07151192415373,65.7193501331136
Cc1ccc2c(c1)CCCC2(C)C,"1,1,6-trimethyltetralin",0.9207,0.8777,4.236,1.322,0.1,0.095,287.0,326.8,236.0,278.0,45.38082170030725,62.94887511225502,42.950707706743,60.14925252901866
CC1CCc2ccccc2C1(C)C,"1,2,3,4-tetrahydro-1,1,2-trimethylnaphthalene",0.9227,0.8759,2.493,1.028,0.109,0.103,301.0,338.6,235.0,278.0,58.17006795306779,74.06819463564375,54.257553283306514,70.07137184677462
CCC=C(CCC)c1ccccc1,(1-propyl-1-butenyl)benzene,,,,,,,,,275.0,321.0,,,,
Cc1ccc(C)c(C2C=CCC2)c1,"1,4-dimethyl-2-(2-cyclopentenyl)benzene",0.9305,0.887,1.827,0.846,0.11,0.104,320.0,355.0,235.0,278.0,63.897983793539765,78.47266647567758,58.58276363358736,73.25697399537223
CC1Cc2ccccc2CC1(C)C,"1,2,3,4-tetrahydro-2,2,3-trimethylnaphthalene",0.9216,0.8759,3.038,1.187,0.111,0.105,311.0,347.6,235.0,278.0,55.886616868799265,72.17123517226578,51.650640611554365,67.77479310585899
Cc1ccc(C)c2c1CCC(C)C2,"1,2,3,4-tetrahydro-2,5,8-trimethylnaphthalene",0.972,0.927,2.572,1.154,0.105,0.099,330.0,362.0,236.0,278.0,56.9723834644624,70.2289429483431,51.844962404427754,65.20204420434575
C/C=C/C(C)c1ccc(C)c(C)c1,"1,2-dimethyl-4-(1-methyl-2-butenyl)benzene",0.8782,0.8332,1.594,0.744,0.122,0.114,345.0,378.0,250.0,292.0,73.51606424405243,89.01421856650423,67.14818242154944,82.77956434456722
C/C=C/C(C)c1ccc(C)cc1C,"1,3-dimethyl-4-(1-methyl-2-butenyl)benzene",0.8763,0.8314,1.484,0.71,0.12,0.112,333.0,368.0,250.0,292.0,73.34354107103844,88.32875658070286,67.66106598027403,82.76397132359261
CC(C)Cc1ccc(C(C)C(=O)O)cc1,ibuprofen,,,,,,,,,275.0,321.0,,,,
C[C@H](OC(=O)c1ccccc1)C(C)(C)C,"(S)-1,2,2-trimethylpropyl benzoate",0.9594,0.9149,4.378,1.585,0.134,0.127,354.0,394.0,272.0,319.0,56.6792298208835,74.79603279175875,52.63002245986017,70.48258037856847
CCCCCCc1ccc(C(=O)O)cc1,4-hexylbenzoic acid,,,,,,,,,276.0,318.0,,,,
CC=CC(C)c1cc(C)ccc1C,"1,4-dimethyl-5-(1-methyl-2-butenyl)benzene",0.8769,0.832,1.482,0.709,0.12,0.112,335.0,370.0,250.0,292.0,73.495063948374,88.49861172064435,67.6867391717125,82.79679179559065
CC1(C)COC(C)(c2ccccc2)OC1,"1,3-dioxane, 2,5,5-trimethyl-2-phenyl-",,,,,,,,,261.0,307.0,,,,
O=C(O)CCCCCCc1ccccc1,7-phenylheptanoic acid,1.063,1.017,20.696,5.113,0.167,0.158,395.0,425.0,275.0,318.0,44.64885474618533,64.9038165524165,40.32476520868092,59.81872861117318
CCCCCCOC(=O)c1ccccc1,"benzoic acid, hexyl ester",0.965,0.92,2.902,1.25,0.16,0.151,372.0,406.0,272.0,316.0,73.52464956396544,91.61008839913764,67.32610141618586,85.37425074993756
CCC(CC)(CC)c1ccccc1,"(1,1-diethylpropyl)benzene",0.8604,0.806,3.371,1.266,0.125,0.117,323.0,363.0,260.0,305.0,62.54412603720285,81.18008103920961,58.840975150104235,77.30031998892399
CCCCCCOc1ccc(C(=O)O)cc1,4-n-hexyloxybenzoic acid,,,,,,,,,292.0,334.0,,,,
CCCCCCC(=O)Oc1ccccc1,phenyl heptanoate,0.96028,0.9111,2.916,1.273,0.159,0.15,373.0,407.0,272.0,316.0,75.00107595390072,93.0666069680177,68.62621271458772,86.67162709107505
Cc1ccc2c(c1)C(C)(C)C(C)C2,"1,1,2,6-tetramethylindan",1.134,1.08,11.464,3.426,0.177,0.166,379.0,415.0,275.0,322.0,59.6017353256654,82.01126361131165,54.4592908204079,76.36184809531815
Cc1ccc(C)c2c1CCC2(C)C,"1,1,4,7-tetramethyhlindan",0.79293,0.75587,122.331,18.522,0.159,0.149,404.0,438.0,292.0,338.0,25.96369328541074,43.11082573844869,23.697557634580956,40.07965198406697
CC(C)O[C@H]1CO[C@H](c2ccccc2)OC1,"trans-5-(1-methylethoxy)-2-phenyl-1,3-dioxane",1.134,1.08,11.464,3.426,0.177,0.166,379.0,415.0,275.0,322.0,55.65977801307356,76.58717824632907,50.857446033254035,71.31140545539144
CC(C)(C)C(C)(C)c1ccccc1,"(1,1,2,2-tetramethylpropyl)benzene",0.8726,0.8281,3.553,1.304,0.111,0.104,333.0,373.0,261.0,307.0,53.93511709614721,70.44543235917335,50.362703793095974,66.69037655514751
CCC(C)C(C)(C)c1ccccc1,"(1,1,2-trimethylbutyl)benzene",0.8658,0.8206,2.079,0.938,0.121,0.113,337.0,376.0,260.0,306.0,67.24055812515445,82.58302755190583,62.50877978869695,77.93344903382716
CCCCC(C)(C)c1ccccc1,"(1,1-dimethylpentyl)benzene",0.8593,0.8148,3.258,1.19,0.126,0.118,336.0,374.0,260.0,305.0,60.69029951294157,79.20924799967602,56.466652827882264,74.79294831129515
C#CCCCCCCCCCC#C,"1,12-tridecadiyne",0.8133,0.771,5.902,2.075,0.063,0.0584,395.0,425.0,292.0,332.0,32.19211302334745,41.75728673562198,29.56915520994875,38.95494618029691
CCCC(C)C(C)c1ccccc1,"(1,2-dimethylpentyl)benzene",0.8658,0.8197,1.848,0.817,0.132,0.123,345.0,383.0,260.0,305.0,74.89520292542394,92.23437802996295,69.16676968175665,86.51124323052422
CC(C)CCC(C)c1ccccc1,"(1,4-dimethylpentyl)benzene",0.8604,0.8164,1.976,0.894,0.134,0.125,357.0,394.0,260.0,305.0,74.03675207005925,90.5081121646347,67.71950765267842,84.21858958851247
CCC(C)(c1ccccc1)C(C)C,"(1-ethyl-1,2-dimethylpropyl)benzene",0.8665,0.8215,2.077,0.949,0.121,0.113,337.0,376.0,260.0,306.0,67.17491559200576,82.21001201260296,62.44775657943498,77.58143496528488
CC(C)Cc1ccc(C(C)C(=O)O)cc1,ibuprofen,0.8654,0.8213,3.235,1.193,0.126,0.118,333.0,371.0,260.0,305.0,57.88940902208464,75.36928604446827,53.9967419117452,71.32849576556193
CCCCC(CC)c1ccccc1,(1-ethylpentyl)benzene,0.8454,0.8013,2.247,0.998,0.141,0.132,362.0,397.0,260.0,304.0,74.4074338775821,91.50706096450752,67.79280582733989,84.88817099788764
CCC(c1ccccc1)C(C)(C)C,"(1-ethyl-2,2-dimethylpropyl)benzene",0.8612,0.816,2.09,0.931,0.121,0.113,336.0,376.0,260.0,306.0,67.08471433816568,82.75722385522599,62.4160583320749,78.09783776028976
CCCC(C)CCc1ccccc1,(3-methylhexyl)benzene,0.88,0.84,2.159,0.917,0.139,0.13,353.0,389.0,260.0,304.0,71.95171795474747,89.66482198070582,66.02131130731358,83.65686908709266
CC1(C)COC(C)(c2ccccc2)OC1,"1,3-dioxane, 2,5,5-trimethyl-2-phenyl-",0.8372,0.7932,3.344,1.248,0.127,0.119,346.0,383.0,260.0,305.0,58.266546890227225,75.49771278182695,53.76617942509171,70.81308654453244
CC(C)CCCCc1ccccc1,(5-methylhexyl)benzene,0.8405,0.7965,2.261,0.967,0.14,0.13,356.0,391.0,260.0,304.0,73.50498484245394,90.86703953331052,67.28618583639835,84.65632200273178
CC(C)O[C@H]1CO[C@H](c2ccccc2)OC1,"trans-5-(1-methylethoxy)-2-phenyl-1,3-dioxane",0.8427,0.7971,1.282,0.64,0.106,0.099,339.0,378.1,262.0,307.0,65.89784081703004,78.65981704246964,61.290640952058354,74.1829668908088
CCCCCCc1cc(O)ccc1C,3-hexyl-4-methylphenol,0.955,0.912,16.754,4.167,0.13,0.123,374.0,409.0,282.0,325.0,39.004203927265515,56.85285858005124,36.02613821646472,53.29265155620956
Cc1cc(C(C)(C)C)cc(C)c1C,"1,2,3-trimethyl-5-(1,1-dimethylethyl)benzene",0.872,0.825,2.064,0.824,0.09,0.084,345.0,382.0,264.0,308.0,55.43309059750576,70.28423928572934,51.41357058856171,66.15350224788912
Cc1cc(C)c(C)c(C(C)(C)C)c1,"1,2,4-trimethyl-6-(1,1-dimethylethyl)benzene",0.8833,0.8371,2.038,0.812,0.089,0.084,344.0,381.0,264.0,308.0,54.87548082962685,70.18310760613036,50.937970008740706,66.1070405242159
CCC(C)c1c(C)cc(C)cc1C,"1,3,5-trimethyl-2-(1-methylpropyl)benzene",0.8725,0.8286,1.605,0.736,0.1,0.094,345.0,381.0,263.0,307.0,62.95740982999099,77.10932890329633,58.32998876026259,72.56459116625645
CC(C)O[C@H]1CO[C@@H](c2ccccc2)OC1,"cis-5-(1-methylethoxy)-2-phenyl-1,3-dioxane",0.8574,0.8134,1.516,0.738,0.113,0.106,348.0,384.0,262.0,306.0,65.64279232935195,78.92224994219383,60.605070229066726,74.0389961228772
CCCCCCc1ccc(O)cc1C,4-hexyl-3-methylphenol,0.953,0.91,16.789,4.066,0.13,0.122,373.0,408.0,282.0,325.0,38.95196612474356,56.87256534565865,36.004995719783444,53.347847857849665
CC(=O)C=CC1C(C)=CCCC1(C)C,.alpha.-ionone,0.974,0.928,2.464,1.207,0.142,0.134,365.0,400.0,274.0,317.0,72.12889419131078,86.77220370961189,66.53888585015923,81.2772726693753
CCCCC(C)c1ccc(O)c(C)c1,2-methyl-4-(1-methylpentyl)phenol,0.9353,0.8936,33.144,6.491,0.129,0.121,393.0,426.0,281.0,327.0,32.18542345720332,49.740848860394266,29.287189062786023,46.174537608773576
Cc1cc(C(C)C)cc(C(C)C)c1O,"2-methyl-4,6-bis(1-methylethyl)phenol",0.9376,0.8954,23.464,4.691,0.11,0.103,389.0,424.0,282.0,328.0,31.64677442873379,48.640604655732766,28.908909051989323,45.25184197317106
CC(C)(O)CCCCc1ccccc1,2-methyl-6-phenyl-2-hexanol,0.991,0.944,33.3,6.78,0.147,0.136,404.0,436.0,278.0,323.0,36.79976294550455,55.63134851569389,33.12681971422541,51.12940132078875
CC(=O)CC=C=C(C)CCC=C(C)C,"4,5,9-undecatrien-2-one, 6,10-dimethyl-",0.8608,0.815,1.743,0.871,0.316,0.295,411.0,444.0,295.0,336.0,145.8964500478271,172.49069591869335,132.90213367451358,159.4836195490551
CCCCCCc1ccc(C)c(O)c1,5-hexyl-o-cresol,0.953,0.91,16.789,4.066,0.13,0.122,373.0,408.0,282.0,325.0,38.95196612474356,56.87256534565865,36.004995719783444,53.347847857849665
CCC(C)(c1ccccc1)C(C)C,"(1-ethyl-1,2-dimethylpropyl)benzene",0.9287,0.8853,2.584,1.254,0.126,0.12,382.0,408.0,274.0,318.0,66.68864782636899,80.38855612709675,60.737473295217626,74.94596799287714
CC(C)CCC(C)c1ccccc1,"(1,4-dimethylpentyl)benzene",0.937,0.8948,29.883,5.923,0.141,0.132,388.0,422.0,280.0,326.0,36.18919361969152,55.71530071015276,33.016124680480125,51.813412603442785
CCCCCCc1cc(O)ccc1C,3-hexyl-4-methylphenol,0.937,0.895,16.009,3.799,0.129,0.121,,,282.0,325.0,,,36.04870630444698,53.69960587474257
CCC(c1ccccc1)C(C)(C)C,"(1-ethyl-2,2-dimethylpropyl)benzene",0.9553,0.9105,23.029,4.613,0.113,0.105,420.0,451.0,282.0,328.0,34.538003334788556,52.54214141928944,30.876799371511662,48.04002447814484
CCCC(C)CCc1ccccc1,(3-methylhexyl)benzene,0.971,0.927,22.657,4.531,0.11,0.103,389.0,424.0,282.0,328.0,33.13750041096324,50.92759599290621,30.270667481391214,47.37949995185506
CC(C)(C)CCCc1ccccc1,"(4,4-dimethylpentyl)benzene",0.971,0.927,22.657,4.531,0.11,0.103,389.0,424.0,282.0,328.0,33.13750041096324,50.92759599290621,30.270667481391214,47.37949995185506
Cc1cc(C(C)C)c(O)cc1C(C)C,"4-methyl-2,5-bis(1-methylethyl)phenol",0.968,0.924,21.694,4.437,0.11,0.103,386.0,422.0,282.0,328.0,32.66391524268488,49.92578446230415,29.90310634731387,46.50930151610518
CCCCCCCc1ccc(O)cc1,p-heptylphenol,0.9445,0.901,31.763,6.215,0.148,0.138,403.0,434.0,281.0,325.0,36.64184390571983,56.297668262859375,33.10747795923347,51.89880237838606
Cc1cc(O)c(C(C)C)cc1C(C)C,"5-methyl-2,4-bis(1-methylethyl)phenol",0.9261,0.87,22.676,4.713,0.112,0.104,414.0,446.0,282.0,328.0,35.6877370096443,53.7533889145505,32.034052872701395,49.30185570565038
CC(=O)C=CC=C(C)CCC=C(C)C,"6,10-dimethyl-3,5,9-undecatrien-2-one",0.8796,0.8395,2.16,1.013,0.129,0.1186,391.0,417.0,291.0,333.0,68.52739588882856,81.28247578655778,63.06349044306254,76.29853759387201
Cc1cc(C)c(C)c(C(C)(C)C)c1,"1,2,4-trimethyl-6-(1,1-dimethylethyl)benzene",0.9319,0.8905,34.338,6.625,0.147,0.137,393.0,425.0,281.0,325.0,35.796080938205705,55.26150187258576,32.5727139037964,51.24478403908259
CC(C)(C)OOC(C)(C)c1ccccc1,"1,1-dimethylethyl 1-methyl-1-phenylethyl peroxide",0.989,0.934,4.752,1.606,0.14,0.13,390.0,426.0,293.0,338.0,62.17353383023931,81.99549396942672,57.367898383751296,76.82831956006159
CCCCOC(C)c1ccc(OC)cc1,1-(1-butoxyethyl)-4-methoxybenzene,1.012,0.964,6.818,2.075,0.159,0.15,395.0,428.0,293.0,336.0,59.44981373291346,81.48845119496893,54.658485868437914,76.1255020785508
CCCCCCc1ccc(O)c(OC)c1,4-hexylguaiacol,1.014,0.971,34.517,6.385,0.145,0.137,,,298.0,341.0,,,31.577400482370287,50.61578404303084
CC(C)OC(OC(C)C)c1ccccc1,[bis(1-methylethoxy)methyl]benzene,0.98,0.925,3.163,1.243,0.158,0.147,380.0,417.0,291.0,337.0,75.49397120291108,95.68474679338964,70.03453399031818,90.11990615437342
C/C=C/C(O)C(=C=CCC(C)C)CC,"5-ethyl-9-methyl-2,5,6-decatrien-4-ol",0.8524,0.8064,16.424,2.728,0.288,0.267,,,305.0,350.0,,,66.6600778330766,108.73217607275792
C=C(C)C(=C=CCC(C)C)C(C)(C)O,"2,7-dimethyl-3-(1-methylethenyl)-3,4-octadien-2-ol",0.8403,0.7916,48.792,5.558,0.279,0.254,,,308.0,355.0,,,48.87669422558817,87.60661014567904
C#CCCCCC(C(=O)OCC)C(=O)OCC,"diethyl 2-(5-hexynyl)-1,3-propanedioate",0.9962,0.947,20.076,4.646,0.12,0.113,450.0,486.0,327.0,376.0,35.96362481421135,53.12503005067644,32.874341400427,49.42523546026745
CC(=O)CC/C=C(\C)CCC=C(C)C,"(E)-6,10-dimethyl-5,9-undecadien-2-one",0.884,0.84,1.81,0.893,0.149,0.139,401.0,436.0,302.0,346.0,82.33776520889442,97.82465980704389,76.02571554170116,91.66486505807836
C=C(C)C1=C(C(C)C)CCC(C)C1,(+)-1-(1-methylethenyl)-2-(1-methylethyl)-5-methylcyclohexene,0.8408,0.7948,1.546,0.705,0.096,0.089,350.0,391.0,270.0,317.0,62.655325057569904,76.34634699247364,58.24441309819522,71.97089616313106
CC1C2(C)CC3CC(C2)CC1(C)C3,"1,2,3-trimethyladamantane",0.943,0.895,2.969,0.95,0.092,0.086,315.0,357.8,243.0,291.0,49.69138991587419,67.60934619155539,46.19313424715831,63.791205211290965
CC1=CC(C(C)C)=C(C(C)C)CC1,"1,2-bis(1-methylethyl)-4-methyl-1,3-cyclohexadiene",0.876,0.8284,1.37,0.652,0.1,0.093,357.0,396.0,271.0,318.0,67.77368069534441,81.6182917410476,62.71764817602723,76.73413359503472
CC12CC3CC(C)(C1)CC(C)(C3)C2,"1,3,5-trimethyl-tricyclo[3.3.1.1(3,7)]decane",0.8724,0.8267,2.636,0.883,0.086,0.08,306.0,350.7,241.6,291.1,47.88771571699611,64.25708921311882,44.808030003206504,60.97694892294611
Cc1c(C(C)C)cc(O)cc1C(C)C,"4-methyl-3,5-bis(1-methylethyl)phenol",0.896,0.857,2.902,0.933,0.088,0.083,282.0,328.8,243.0,291.0,43.35966056510778,59.73302659259243,41.581662041209775,57.715797420549386
C1CCC2C(C1)CC1CCCCC12,perhydrofluorene,0.93664,0.8938,5.413,1.678,0.12,0.113,313.0,355.0,234.0,283.0,49.1101751616349,67.74482919959478,45.25173984483081,63.560080818437775
Cc1cc(C(C)C)c(O)cc1C(C)C,"4-methyl-2,5-bis(1-methylethyl)phenol",0.8387,0.7927,1.145,0.618,0.116,0.108,357.0,394.0,267.0,313.0,76.89617380284344,89.32743638298051,70.86255047729189,83.72755424246233
C=C1C2CCC(CCC)(C2)C1(C)C,"2,2-dimethyl-3-methylene-1-propylbicyclo[2.2.1]heptane",0.8572,0.8104,1.19,0.605,0.091,0.084,338.0,378.0,260.0,307.0,64.57735864386545,76.10347723670941,59.982976464361975,71.77745941088469
C=C(C)C1(C(C)C)CC=CC(C)C1,4-(1-methylethenyl)-4-(1-methylethyl)-6-methylcyclohexene,0.8756,0.8262,1.827,0.823,0.109,0.101,369.0,408.0,269.0,317.0,67.82119551212895,82.65555665893113,62.05120798423385,76.99124130068195
C1CCC2C(C1)CCC1CCCC12,dodecahydro-1H-benz[e]indene,0.9109,0.8681,2.525,0.968,0.119,0.112,310.0,352.0,234.0,283.0,60.3154835243157,78.37147149355535,55.72745244622121,73.70603926520606
O=C(OC1CCCCC1)OC1CCCCC1,Dicyclohexyl carbonate,1.057,1.012,,,,,358.0,402.0,282.0,333.0,,,,
CC1C2CC3CC(C)(C2)CC1(C)C3,"trans-1,3,4-trimethyladamantane",0.941,0.892,2.869,0.93,0.092,0.086,315.0,357.2,243.0,291.0,50.464478213779685,68.37858264957545,46.91179741175309,64.54746658334703
CCC12CC3CC(CC(C)(C3)C1)C2,"tricyclo[3.3.1.1(3,7)]decane, 1-ethyl-3-methyl-",0.936,0.888,2.885,0.923,0.096,0.09,311.0,354.2,242.0,291.0,51.46478194215318,70.22371402633327,47.95831346683745,66.44667806057083
C[C@@H]1[C@H]2C[C@@H]3C[C@](C)(C2)C[C@@]1(C)C3,"tricyclo[3.3.1.13,7]decane, 1,2,5-trimethyl-, (1R,2R,3S,5R,7R)-rel-",0.941,0.892,2.869,0.93,0.092,0.086,315.0,357.2,243.0,291.0,50.464478213779685,68.37858264957545,46.91179741175309,64.54746658334703
C=COC(=O)CCCCC(=O)OCCCCC,Hexanedioic acid ethenyl pentyl ester,1.099,1.044,4.368,1.533,0.172,0.161,475.0,509.0,331.0,381.0,74.7757199463201,97.61046030892972,67.55139241242573,89.97271881851236
C=COC(=O)CCCCCCCCC(=O)OC,Vinyl methyl sebacate,1.103,1.049,4.714,1.621,0.173,0.162,478.0,512.0,331.0,381.0,73.24610801245707,96.18035122723016,66.05247576718946,88.50807889638534
CC=CC(CCC)C1CCCCC1,(1-propyl-2-butenyl)cyclohexane,0.8249,0.7803,3.637,1.423,0.134,0.125,375.0,415.0,274.0,323.0,63.06911861783459,80.37819619925158,57.740561056469296,74.90658460705785
CC1CCC2C(C1)C(C)CC2(C)C,"1,1,3,5-tetramethylhexahydroindan",0.88,0.831,1.182,0.602,0.1,0.093,340.0,383.0,263.0,312.0,70.03266013443337,83.10457197450724,65.1522105792113,78.4470811798206
CCCC(O)CC(C)(O)c1ccccc1,"2,4-Heptanediol, 2-phenyl-",,,,,,,,,,,,,,
C=C1CCCC(C)(C)C1CC(C)C,"1,1-dimethyl-3-methylene-2-(2-methylpropyl)cyclohexane",0.7908,0.7461,1.517,0.71,0.098,0.091,356.0,400.0,279.0,329.0,63.51964611823523,77.04878585693585,59.310781682715195,72.92787010864942
C=CCCCCCCCCCC=C,"1,12-tridecadiene",0.817,0.771,1.469,0.726,0.143,0.132,403.0,438.0,298.0,344.0,87.7876874919821,103.44897710544112,80.6414511932584,96.65257376603309
CCCC1C(C)=C(C)CC(C)C1C,"1,2,4,5-tetramethyl-3-propylcyclohexene",0.874,0.827,1.259,0.653,0.103,0.096,381.0,418.0,280.0,327.0,71.7191181810584,84.17672311679142,65.76673770449746,78.55926472454163
CCCCC1=C(CCC)CCCC1,1-butyl-2-propylcyclohexene,0.8564,0.8071,1.366,0.756,0.119,0.11,389.0,426.0,279.0,326.0,79.27107051156806,90.76998064371448,72.1955389250866,84.18940370256173
CC1(C2CCCCC2)CCCCC1,1-cyclohexyl-1-methylcyclohexane,0.8741,0.8326,10.411,3.123,0.116,0.109,331.0,375.0,255.0,306.0,40.018482703427765,55.613213747761435,37.18713809051675,52.52141695585137
C1CCC(CCC2CCCC2)CC1,1-cyclohexyl-2-cyclopentylethane,0.8622,0.8197,2.088,1.159,0.127,0.119,337.0,380.0,256.0,306.0,67.90822607392901,79.10402916050258,62.85473459662646,74.42843999683551
CC1CCCC(C2CCCCC2)C1,1-cyclohexyl-3-methylcyclohexane,0.8794,0.8365,3.298,1.518,0.122,0.114,335.0,378.0,254.0,305.0,58.07095725053832,71.17626415751728,53.720940254755654,67.0070179746605
CC1CCC(C)C(C2CCCC2)C1,"1-cyclopentyl-2,5-dimethylcyclohexane",0.8626,0.8185,2.087,0.977,0.115,0.107,329.0,374.0,257.0,307.0,63.471738916652306,77.35010002278723,59.21167929330782,73.17186474842795
C#CCCCCCCCCCCC,1-tridecyne,0.7702,0.7301,5.064,1.808,0.097,0.091,378.0,417.0,298.8,344.3,44.31007307159414,58.128974078352485,41.47425406667228,55.079345424149174
CCCCCCCC1=CCCCC1,1-heptylcyclohexene,0.864,0.818,2.199,1.027,0.13,0.122,373.0,411.0,278.0,325.0,71.60598862553474,87.09440760364014,65.9230742327253,81.52848168556636
CC1(C2CCCCC2)CCCCC1,1-methyl-1-cyclohexylcyclohexane,0.878,0.837,9.567,2.867,0.114,0.108,325.0,370.0,255.0,306.0,40.12776045198501,56.186144190191165,37.48106180426774,53.26323272186613
CCCC1=C(C(C)C)CCC(C)C1,1-isopropyl-2-propyl-4-methylcyclohexene,0.8242,0.7792,1.699,0.757,0.105,0.098,361.0,402.0,279.0,327.0,65.03116739750585,80.07422075770288,60.484380487475725,75.55552282136631
CCC=C1CC(C)CCC1C(C)C,1-methyl-4-(1-methylethyl)-3-propylidenecyclohexane,0.7965,0.7523,1.758,0.784,0.112,0.104,357.0,399.0,277.0,326.0,66.91797349684114,82.15849117184642,62.30842455555005,77.61879393491503
CCC1C(C)CCC2CCCCC21,10-ethyl-9-methylbicyclo[4.4.0]decane,0.8497,0.8061,1.165,0.67,0.116,0.109,341.0,384.0,259.0,309.0,75.76882855307996,87.52945964138058,70.12744069494471,82.33930448695844
CC1(C)CCCC(C)(C)CC(=O)OC(=O)C1,"3,3,7,7-tetramethyl-nonanedioic anhydride",,,,,,,,,,,,,,
C=C(C)CCCCCCCC(=C)C,"2,10-dimethyl-1,10-undecadiene",0.7739,0.7291,0.995,0.603,0.115,0.107,397.0,434.0,300.0,346.0,82.78486074926018,92.7931611305636,76.51126140023581,87.06271685590039
CC(C)(C)C#CC(C)(C)C(C)(C)C,"2,2,3,3,6,6-hexamethyl-4-heptyne",0.755,0.71,3.709,1.296,0.087,0.082,353.0,399.0,301.0,350.0,45.32199169325155,60.430380239827066,43.33519123786414,58.24357071570507
CCCCCCC=C(C)C=C(C)C,"2,4-dimethyl-2,4-undecadiene",0.7761,0.7336,1.121,0.654,0.121,0.113,374.0,414.0,296.0,342.0,80.45056843407767,91.71158542115693,75.32769764499623,86.91276145285977
CCC(=C=CCCC(C)C)C(C)(C)O,"2,8-dimethyl-3-ethyl-3,4-nonadien-2-ol",0.8155,0.7698,47.823,5.586,0.277,0.255,,,317.0,365.0,,,48.283326799978965,86.59937556644006
O=C1CCCCCCCCCCCC1,cyclotridecanone,,,,,,,,,275.0,328.0,,,,
CCC1C(C)CC2CCCC(C)C21,"2,8-dimethyl-9-ethylbicyclo[4.3.0]nonane",0.8234,0.78,0.984,0.577,0.11,0.103,342.0,384.0,262.0,311.0,76.44296938582414,87.53391116993667,70.92251997082384,82.49306842038582
CO/C1=C\CCCCCCCCCC1,(E)-1-methoxycyclododecene,0.918,0.873,5.882,2.635,0.144,0.135,374.0,414.0,280.0,329.0,56.74552412467249,69.87190469292499,52.3080324161056,65.4979326515705
CCCC=C=C(C(C)(C)C)C(C)(C)O,"3-(1,1-dimethylethyl)-2-methyl-3,4-octadien-2-ol",0.8213,0.7817,88.883,8.315,0.249,0.234,,,318.0,366.0,,,36.11574589885582,69.97187069081433
CC=C(C=O)CCCCCCCCC,2-nonyl-2-butenal,0.8437,0.8006,2.608,1.162,0.16,0.149,431.0,465.0,312.0,358.0,79.11102918610837,96.39308370900034,72.23775917756926,89.556817849808
CCC(=C=CCC(C)(C)C)C(C)(C)O,"3-ethyl-2,7,7-trimethyl-3,4-octadien-2-ol",0.8363,0.7953,141.098,12.197,0.259,0.242,,,318.0,366.0,,,32.94379189381698,64.99124717561288
CCCCC#CC(O)CCCCCC,5-tridecyn-7-ol,0.8412,0.7994,77.271,8.631,0.153,0.141,,,318.0,363.0,,,26.877862790492483,48.73655426983344
CCCCCCCCCCC=CC=O,2-tridecenal,0.8347,0.7949,2.755,1.208,0.17,0.159,406.0,442.0,311.0,357.0,78.24008781192705,96.30514559423295,72.58793696125365,90.6896606808429
CCCCCC(=O)C=CC(CC)CC,3-ethyl-4-undecen-6-one,0.8361,0.7939,2.99,1.234,0.166,0.156,425.0,460.0,312.0,358.0,77.3994707527881,97.08056157293366,70.95416152822173,90.47025141899246
CO/C1=C/CCCCCCCCCC1,cis-1-methoxy-1-cyclododecene,0.918,0.873,5.882,2.635,0.144,0.135,374.0,414.0,280.0,329.0,56.74552412467249,69.87190469292499,52.3080324161056,65.4979326515705
CC(C)[C@H]1C[C@@H](C(C)(C)C)CCC1=O,"cis-4-(1,1-dimethylethyl)-2-(1-methylethyl)cyclohexanone",0.929,0.882,5.92,1.927,0.129,0.121,378.0,422.0,292.0,344.0,53.14014246520777,71.78084296005437,49.41814817136905,67.77071250670603
CC(C)[C@H]1C[C@H](C(C)(C)C)CCC1=O,"trans-4-(1,1-dimethylethyl)-2-(1-methylethyl)cyclohexanone",0.929,0.882,5.92,1.927,0.129,0.121,378.0,422.0,292.0,344.0,53.14014246520777,71.78084296005437,49.41814817136905,67.77071250670603
C=CCCC(=O)OCC(CC)CCCC,2-ethylhexyl 4-pentenoate,0.8637,0.8167,2.003,1.065,0.148,0.137,435.0,473.0,319.0,369.0,80.96334279756762,93.666269776901,74.1989435981692,87.34726336781749
CC(C)(C)c1ccc(C2OCCO2)cc1,"cis-2-(4-(1,1-dimethylethyl)phenyl)-1,3-dioxolane",,,,,0.134,0.126,375.0,420.0,288.0,342.0,,,,
C=CCCCCCCCCCCC,1-tridecene,0.75093,0.70732,1.547,0.778,0.139,0.129,405.0,443.0,301.3,349.8,83.36550144040375,98.31273756262536,76.70995438390054,91.99260822676747
CCOC(=O)[C@H]1CC[C@@H](C(C)(C)C)CC1,"cis-4-(1,1-dimethylethyl)cyclohexanoic acid ethyl ester",1.003,0.949,5.783,1.897,0.123,0.115,,,298.0,351.0,,,49.17637841071179,67.13306658625835
C=CC(=O)OCCCCCCCCCC,decyl 2-propenoate,0.865,0.82,2.197,1.0,0.156,0.145,447.0,483.0,320.0,368.0,81.55264890634966,98.68115475304594,74.23440886239167,91.4140365498016
O=C1CCCCCCCCCCCCO1,oxacyclotetradecan-2-one,0.936,0.902,60.897,14.412,0.172,0.164,413.0,448.1,289.0,342.0,31.056697303141085,46.05873054021827,28.08918140230012,42.68759974222087
C=CC(=O)OCCCCCCCC(C)C,"propenoic acid, 8-methylnonyl ester",0.949,0.897,2.74,1.048,0.149,0.138,437.0,475.0,319.0,369.0,76.74055544152607,97.42830684214624,70.23827372324672,90.74772778790296
CC(C)(C)c1ccc(C2OCCO2)cc1,"trans-2-(4-(1,1-dimethylethyl)phenyl)-1,3-dioxolane",1.006,0.958,9.841,3.027,0.134,0.126,375.0,420.0,288.0,342.0,46.47639884836719,63.95827380863511,43.15037568817558,60.366813528424274
CCOC(=O)[C@H]1CC[C@H](C(C)(C)C)CC1,"trans-4-(1,1-dimethylethyl)cyclohexanoic acid ethyl ester",1.003,0.949,5.783,1.897,0.123,0.115,406.0,448.0,298.0,351.0,53.646066073896485,71.90284910160256,49.17637841071179,67.13306658625835
CC(C)CC(C)(C)C1CCCCC1,"(1,1,3-trimethylbutyl)cyclohexane",0.8142,0.7713,3.439,1.4,0.106,0.099,353.0,401.0,286.0,339.0,52.48084343460204,66.68751540634561,49.46380787043423,63.609971381804115
CCC(CC)(CC)C1CCCCC1,"(1,1-diethylpropyl)cyclohexane",0.8227,0.7802,5.105,1.743,0.111,0.104,350.0,396.0,286.0,338.0,48.29911344803945,64.56170017947497,45.63190328821719,61.74866471727676
CCCC(C)(CC)C1CCCCC1,(1-ethyl-1-methylbutyl)cyclohexane,0.8234,0.7782,5.587,1.915,0.116,0.108,384.0,426.0,286.0,338.0,50.75981172874126,67.097065791982,46.72221185248647,62.86875732623763
CCCC1CCCCC1(CC)CC,"1,1-diethyl-2-propylcyclohexane",0.8041,0.7599,3.482,1.184,0.108,0.101,338.0,386.0,287.0,337.0,52.80309317469293,70.75364553306403,50.42864207230038,68.10266448418076
CC=C(C=O)CCCCCCCCC,2-nonyl-2-butenal,0.8086,0.7646,3.71,1.465,0.126,0.118,383.0,425.0,286.0,337.0,58.71038089848365,74.8974330976555,54.080020552735654,70.16546679267917
CCCCC1C(C)CCCC1(C)C,"1-butyl-2,2,6-trimethylcyclohexane",0.834,0.786,1.367,0.751,0.108,0.101,371.0,414.0,287.0,337.0,72.16732398278567,83.94526490779626,67.13946842580545,79.2239148236244
C=C(C)CCCCCCCCCC,"1-dodecene, 2-methyl-",0.7551,0.7131,1.046,0.617,0.123,0.114,395.0,435.0,309.0,357.0,83.74828455406342,94.52135619044498,78.1589069673179,89.41049216074694
CCCC(C)=CC(C)(C)C(C)(C)C,"2,2,3,3,5-pentamethyl-4-octene",0.7926,0.7512,3.028,1.198,0.094,0.088,378.0,423.0,308.0,359.0,50.35714178186433,64.34193620327133,47.538113727930735,61.44020396517235
C=C(C)CC(C)CC(C)CC(C)C,"2,4,6,8-tetramethyl-1-nonene",0.7529,0.7071,1.169,0.608,0.105,0.097,387.0,433.0,308.0,360.0,73.80566056393482,86.4846164374947,69.21430998075185,82.1074778582705
C=C(C)CC(C)(CCC)C(C)(C)C,"2,4-dimethyl-4-(1,1-dimethylethyl)-1-heptene",0.7926,0.7499,2.65,1.093,0.091,0.085,378.0,423.0,310.0,361.0,51.52338405365066,64.9607496158106,48.72770765378488,62.12812662712661
CCCCCCC(C)=CCC(C)C,"2,5-dimethyl-4-undecene",0.7512,0.7074,1.464,0.721,0.122,0.113,395.0,436.0,307.0,355.0,76.64469963305737,91.02424700867104,71.3988782474984,85.91100138527922
O=C(O)CCCCCCCCCCCC(=O)O,tridecanedioic acid,,,,,,,,,347.0,396.0,,,,
CCCCCCC(C)C1CCCC1,2-cyclopentyloctane,0.7477,0.709,3.21,1.283,0.124,0.116,374.0,417.0,288.0,338.0,59.135294847856,75.22492371764416,54.944609565179384,70.90906380635016
CCCCCOC(=O)CC(=O)OCCCCC,"dipentyl 1,3-propanedioate",1.09,1.036,5.138,1.737,0.17,0.158,489.0,524.0,341.0,392.0,70.88753700769487,93.03729947555426,64.0517664996732,85.74337530210225
C=C(CCCCC)CCCCCC,2-pentyl-1-octene,0.761,0.7183,1.038,0.613,0.123,0.115,395.0,435.0,309.0,357.0,84.32050582974016,95.73481149354186,78.69293807838463,90.55833472498566
CCC(C)=CC(C)(CC)CC(C)C,"3,5,7-trimethyl-5-ethyl-3-octene",0.7693,0.7251,1.482,0.759,0.104,0.096,387.0,431.0,307.0,357.0,67.88522018452164,79.7433828008051,63.60396084137148,75.62785242122028
CCCCCCCCCCCC(C)=O,2-tridecanone,0.81419,0.76972,2.334,1.039,0.165,0.154,437.0,473.0,324.0,371.0,84.26864813972087,102.9616005234572,77.46667399089164,96.1616102038792
CCC(C)C=CC(C)CC(C)CC,"3,6,8-trimethyl-4-decene",0.767,0.723,1.265,0.636,0.121,0.112,374.0,420.0,305.0,356.0,78.27884179925566,92.83171213701254,73.91441676840213,88.61336310384947
CCCCC(C)(C=C(C)CC)CC,"3-nonene, 5-ethyl-3,5-dimethyl-",0.772,0.7311,2.202,0.93,0.106,0.099,356.0,402.0,308.0,356.0,58.83910480173193,73.87336926743185,56.49011888511034,71.39075958038228
CCC=C(CCC)CCCCCC,4-propyl-3-decene,0.7577,0.7145,1.109,0.658,0.128,0.119,398.0,437.0,307.0,354.0,85.63155652739628,96.62071664105092,79.60104242398985,91.06205435362344
CCCC=C(CCCC)CCCC,5-butyl-4-nonene,0.75689,0.7123,1.346,0.67,0.125,0.116,392.0,432.0,307.0,354.0,80.0909257332378,94.91957492820188,74.76941244336106,89.7488359203873
CC/C(C)=C/C(C)(CC)C(C)(C)C,"5-ethyl-3,5,6,6-tetramethyl-3-heptene",0.7875,0.744,2.54,1.035,0.093,0.087,371.0,417.0,308.0,359.0,52.96066994941891,67.15736652188836,50.259470175674565,64.38689078353472
CCCCOC(=O)C(CC)C(=O)OCCCC,dibutyl ethylpropanedioate,0.94,0.892,8.511,2.466,0.161,0.151,476.0,514.0,341.0,393.0,56.78764957071927,78.51594227801154,51.70194302069816,72.80589518641652
CCOC(=O)CCCCCCCC(=O)OCC,diethyl azelate,0.9566,0.907,3.251,1.378,0.17,0.158,489.0,524.0,341.0,392.0,78.7231611111475,96.9524104234748,71.13179194052157,89.35154997236043
CCC(C)(C)C(=O)C(C)(C)C(C)(C)C,"2,2,3,3,5,5-hexamethyl-4-heptanone",0.8583,0.8114,3.728,1.479,0.113,0.105,432.0,474.0,325.0,377.0,56.936685066528774,71.90389956495854,52.55613139973932,67.4187689920748
CCCCCCCCCCCCC=O,tridecanal,0.8216,0.782,3.165,1.368,0.168,0.157,450.0,484.0,322.0,370.0,76.47040053069131,94.13022376282916,69.59924708389788,87.28050207320291
C=C(C)C(=O)OCCCCCCCCC,nonyl 2-methylpropenoate,,,,,,,,,,,,,,
CCCCCCCCCC(=O)CCC,4-tridecanone,0.826,0.784,2.179,1.033,0.165,0.154,438.0,472.0,322.5,369.3,84.5977901402736,101.42453033034757,77.61787726105443,94.66009158249146
CCCCCCCCCCC(=O)CC,3-tridecanone,0.819,0.778,2.198,1.028,0.164,0.154,432.0,467.0,322.5,369.3,83.13270957666165,100.5751734833926,76.57019759582036,94.14900857779548
CCCCCCCCC(=O)CCCC,5-tridecanone,0.825,0.783,2.061,1.022,0.166,0.155,442.0,476.0,324.0,371.0,86.52811197350879,102.44767098562392,79.28960505208332,95.5116031502564
CCCCCCCC(=O)CCCCC,6-tridecanone,0.8145,0.7727,2.087,1.048,0.166,0.155,442.0,477.0,324.0,371.0,86.10781408015505,101.64973360361036,78.90446716789555,94.7117596746839
CCCCCCC(=O)CCCCCC,7-tridecanone,0.8042,0.754,2.114,1.074,0.166,0.155,444.0,478.0,324.0,371.0,90.44713408914284,106.35043830965382,82.7755913845727,99.03326503871271
CC(=O)CCCC(C)CCCC(C)C,hexahydropseudoionone,0.81732,0.7727,2.377,1.043,0.1233,0.1086,430.0,473.0,324.0,373.0,67.7553934971316,80.09344965516806,62.569906594524625,74.91697874173798
CCCCCCCCC(=O)OC(C)(C)C,"1,1-dimethylethyl nonanoate",0.879,0.8304,5.006,1.662,0.133,0.123,440.0,481.0,330.0,382.0,58.527639140304736,77.36616620860518,53.97786956092218,72.51003093827606
CCCCCC(CCC)C(C)OC(C)=O,1-methyl-2-propylheptyl ethanoate,0.92,0.87,2.826,1.092,0.138,0.128,437.0,480.0,329.0,382.0,71.01754383471982,90.26404369875031,65.56701702733002,84.64787290359195
CCCCC(C)(C=C(C)CC)CC,"3-nonene, 5-ethyl-3,5-dimethyl-",0.8397,0.7957,3.454,1.307,0.145,0.135,445.0,485.0,329.0,381.0,70.57398011070929,90.27708686574884,64.82583891781945,84.35145554514553
CCC=C(CCC)CCCCCC,4-propyl-3-decene,0.8415,0.7913,3.446,1.314,0.145,0.135,445.0,485.0,329.0,381.0,73.28795685662948,93.54696473333196,67.31876646819623,87.40670430384401
CCCCCCCC(C)CC(C)C(=O)O,"2,4-dimethylundecanoic acid",0.8751,0.833,12.57,3.481,0.148,0.138,466.0,502.0,332.0,383.0,47.6116441749868,66.34830813109967,43.280509416596104,61.48592520012762
CCCCCCCCCCC(C)C(=O)O,2-methyldodecanoic acid,0.8741,0.833,13.728,3.721,0.154,0.144,469.0,504.0,332.0,382.0,47.5552455082383,66.76018913183894,43.15127678426428,61.75303010271883
CCCCCCCC(CCCC)C(=O)O,2-butylnonanoic acid,0.8728,0.831,13.749,3.73,0.154,0.144,469.0,504.0,332.0,382.0,47.76116075700629,67.03253023194056,43.33812275254235,62.00494502943616
CCCCCCCCCC(C)OC(C)=O,2-undecyl ethanoate,0.842,0.797,3.325,1.292,0.144,0.134,443.0,483.0,329.0,381.0,68.16771968381333,86.52800039596576,62.69495634635419,80.94248535424137
CCCCCCCCC(=O)OCCCC,butyl nonanoate,0.841,0.7951,2.14,0.981,0.146,0.136,424.0,465.0,329.0,380.0,77.4074058099135,94.01603508362464,72.07617044451928,88.82608926848147
CCCCCCCCC(C)(C)CC(=O)O,"3,3-dimethylundecanoic acid",0.8728,0.8316,25.206,5.772,0.143,0.134,469.0,504.0,333.0,383.0,38.03032595056161,56.06799254697363,34.53764250897272,51.90092668010812
CCCCCCC(C)CC(C)CC(=O)O,"3,5-dimethylundecanoic acid",0.8788,0.837,12.517,3.584,0.147,0.138,462.0,500.0,332.0,383.0,47.226570530475854,65.60034404720665,43.034698496307485,60.86108212840809
CC(=O)OCCCC(C)CCCC(C)C,"acetic acid, 4,8-dimethylnonyl ester",0.8466,0.7997,3.189,1.225,0.14,0.13,449.0,490.0,329.0,382.0,68.64100055464787,87.29976398633741,62.891784235461344,81.39455183925145
CC(C)(C)OC(=O)CCCC(=O)OC(C)(C)C,di-tert-butyl glutarate,,,,,,,,,,,,,,
CCCCCCCCCCOC(=O)C(C)O,decyl 2-hydroxypropanoate,0.9092,0.865,6.049,2.081,0.158,0.146,,,347.0,399.0,,,56.05398982485434,74.3650252723082
CC(C)C1OC(C(C)(C)C)OC1C(C)C,"anti-4,5-bis(1-methylethyl)-2-(1,1-dimethylethyl)-1,3-dioxolane",0.942,0.888,2.654,1.115,0.122,0.113,419.0,466.0,320.0,375.0,66.80919475918553,83.14764750033272,61.93071892220435,78.21823349151535
CCC1OC(C(C)(C)C)C(C(C)(C)C)O1,"anti-4,5-bis(1,1-dimethylethyl)-2-ethyl-1,3-dioxolane",0.946,0.891,4.334,1.526,0.117,0.108,421.0,467.0,321.0,375.0,56.84398203156729,74.11262773964401,52.66884632659061,69.67682761164124
CCCCOC(=O)CCCC(=O)OCCCC,"pentanedioic acid, dibutyl ester",,,,,,,,,,,,,,
COC(=O)CCCCCCCCCCCO,methyl 12-hydroxydodecanoate,1.08,1.03,14.815,3.398,0.179,0.163,526.0,557.0,347.0,398.0,55.46358763644323,79.73752169185121,49.33888715727275,72.54387916926609
CCCCCCCCCCOC(=O)CC,decyl propanoate,0.8494,0.804,2.472,1.107,0.152,0.141,453.0,490.0,329.0,380.0,77.71024438947217,94.3558009002374,71.02398838099673,87.84348835511767
CCCCCCCCCCCCOC=O,dodecyl methanoate,0.8541,0.8093,4.8,1.73,0.17,0.159,469.0,502.0,339.0,386.0,70.30035074024256,91.00301718307782,64.16552414950787,84.5190962695355
CCCCCCCC(CC)C(=O)OCC,ethyl 2-ethylnonanoate,0.942,0.891,3.185,1.212,0.146,0.135,451.0,490.0,329.0,381.0,72.54653106779043,92.115948092722,66.38714554223935,85.82165093767263
CCOC(=O)CCC(C)CCCC(C)C,"ethyl 4,8-dimethylnonanoate",0.935,0.883,2.781,1.087,0.139,0.129,447.0,488.0,329.0,382.0,72.96856939790283,92.3241412176115,66.94089760994498,86.17815751804723
CCCCC(CC)CCCC(=O)OCC,ethyl 5-ethylnonanoate,0.923,0.873,3.034,1.157,0.143,0.133,438.0,479.0,329.0,381.0,71.46239120584895,91.23400263137492,65.93531462514377,85.54458907355536
CCCCCCCCCCCCC(=O)OO,peroxytridecanoic acid,,,,,,,,,347.0,398.0,,,,
CCCCCCOC(=O)OCCCCCC,dihexyl carbonate,0.88551,0.8378,4.743,1.79,0.172,0.16,492.0,526.0,346.0,395.0,71.91350754561826,91.50543739437435,65.1332568890681,84.42214343076832
CC(C)(C)OOC1(OOC(C)(C)C)CCCC1,"1,1-di(1,1-dimethylethylperoxy)cyclopentane",1.067,1.002,5.53,1.996,0.147,0.135,483.0,520.0,354.0,404.0,65.51685595244399,83.80767492057831,60.03345494885695,78.06334011682976
CCCCCCCCCC(=O)OCC(O)CO,"decanoic acid, 2,3-dihydroxypropyl ester",1.16,1.11,41.379,7.207,0.196,0.18,549.0,580.0,364.0,417.0,44.04230029590703,68.78826619016571,39.23431842528568,62.69116505512094
CCCCCCCCCC(=O)OC(CO)CO,"decanoic acid, 2-hydroxy-1-(hydroxymethyl)ethyl ester",1.14,1.09,47.368,8.073,0.197,0.181,,,364.0,417.0,,,37.9088681796616,60.963935948778406
CCCCC(O)(CCCC)CCCC,"1,1-dibutyl-1-pentanol",0.8213,0.771,42.615,5.966,0.136,0.124,544.5,541.0,336.0,387.0,35.57695032079511,57.77565611891833,31.05930627183629,52.5798799207896
CCC(C)CCCCCCCCCO,"1-dodecanol, 10-methyl-, (.+-.)-",0.893,0.847,62.71,7.202,0.146,0.134,460.0,498.0,335.0,386.0,31.23201939046307,55.19706722448126,28.566786682857863,51.379798619670446
CCCCCCC(C)OCCCCC,1-methylheptyl pentyl ether,0.7834,0.7358,2.808,1.114,0.146,0.135,444.0,483.0,334.0,383.0,74.80125969094617,93.90531915062095,69.04463900617093,87.97305631569596
CC(C)(C)C(O)(C(C)(C)C)C(C)(C)C,"2,2,4,4-tetramethyl-3-(1,1-dimethylethyl)-3-pentanol",,,,,,,,,337.0,393.0,,,,
CC(C)C(C)(C)C(O)C(C)(C)C(C)C,"2,3,3,5,5,6-hexamethyl-4-heptanol",0.864,0.818,20.833,3.545,0.099,0.091,,,335.0,392.0,,,29.459811625502024,47.69623553174335
CCCCCCCCCCCCCO,1-tridecanol,0.8217,0.7818,,,0.174,0.161,,,325.0,377.6,,,,
CCCCCCCCCC(CC)CO,"1-undecanol, 2-ethyl-",0.8271,0.7853,62.87,7.258,0.144,0.133,452.0,490.0,335.0,386.0,29.9325186360985,53.08311034388933,27.513631991419143,49.63765010837643
CCCCCCCCOC1CCCCO1,"2H-pyran, tetrahydro-2-(octyloxy)-",,,,,,,,,,,,,,
CCCCC(O)(CCCC)C(C)(C)C,"2,2-dimethyl-3-butyl-3-heptanol",0.897,0.848,34.56,4.953,0.118,0.108,469.0,508.0,336.0,389.0,32.43521936014543,53.761300529088146,29.53079627209871,49.87272825833632
CCCCC(C)CCC(C)C(C)CO,"2,3,6-trimethyl-1-decanol",0.8251,0.783,65.447,7.535,0.135,0.124,461.0,501.0,335.0,388.0,28.469095708844996,50.361250457636714,26.02373970334588,46.86736284497234
CCCCCCCC(C)(O)CC(C)C,"2,4-dimethyl-4-undecanol",0.8115,0.7682,15.034,2.734,0.119,0.111,,,335.0,388.0,,,36.23486394571759,58.02131503147115
CC(C)CCCC(C)(O)CCC(C)C,"2,5,9-trimethyl-5-decanol",0.824,0.7793,21.845,3.593,0.121,0.112,449.0,491.0,335.0,389.0,36.170080085684795,58.29865855427225,33.30946665064984,54.60220245507365
CCCCCCCC(CO)CCCC,2-butyl-1-nonanol,0.8227,0.781,111.827,11.78,0.155,0.142,501.0,533.0,335.0,386.0,27.608752957255064,49.68348520423135,24.65344089840104,45.37228988012309
CCCCCCCCCCC(C)(C)O,2-methyl-2-dodecanol,0.906,0.858,51.876,6.643,0.138,0.126,472.0,509.0,336.0,387.0,32.24980006494078,55.00992754508971,29.309363089349777,50.92891866373698
CCCCCCCCCCC(C)CO,2-methyl-1-dodecanol,0.8336,0.7898,61.18,7.217,0.148,0.136,474.0,510.0,335.0,386.0,31.589293949103883,55.36149178123039,28.65092025155632,51.18884170001718
CCCCC(O)(C(C)(C)C)C(C)(C)C,"3 -tert-butyl-2,2-dimethyl-3-heptanol",0.845,0.7968,24.852,3.891,0.098,0.091,450.0,494.0,336.0,391.0,30.63880343329117,50.24215987525291,28.22164723572808,47.0437823765368
CCCCCCCCC(C)C(C)C,"2,3-dimethylundecane",0.7489,0.7064,1.708,0.815,0.124,0.115,408.0,451.0,310.6,363.2,74.0725354399192,88.87302077433559,68.60168370841247,83.6217217870473
CCC(C)(C)C(O)(CC)C(C)(C)CC,"3,3,5,5-tetramethyl-4-ethyl-4-heptanol",0.8771,0.828,26.223,4.106,0.099,0.091,456.0,499.0,336.0,391.0,30.67316920639067,49.88708876288235,28.14822921346217,46.57917575015319
CCCCCCCC(C)CC(C)C,"2,4-dimethylundecane",0.7469,0.702,1.651,0.796,0.124,0.114,420.0,463.0,319.6,372.4,76.56956974605627,90.95883125916416,70.90584972979951,85.5543230854777
CCCC(O)(CC(C)C)C(C)(C)CC,"3,3,6-trimethyl-4-n-propyl-4-heptanol",0.8447,0.7971,20.125,3.513,0.111,0.102,464.0,505.0,336.0,390.0,35.73863961310112,56.27705136330996,32.63666306481527,52.331350643458144
CCCCCCC(C)(O)CC(C)CC,"3,5-dimethyl-5-undecanol",0.8188,0.7754,40.303,6.19,0.136,0.124,495.0,530.0,335.0,388.0,33.753146739665546,54.53900402329943,30.242447070924708,49.95819800971743
CCCCCCCCCCC(C)C,2-methyldodecane,0.7395,0.6963,1.669,0.824,0.131,0.121,418.0,459.0,313.3,364.7,78.44653237547845,92.77829339095032,72.33533913781729,86.96630162111812
CCCCCCCCCCCC(C)O,2-tridecanol,,,,,0.143,0.133,,,335.0,386.0,,,,
CCC(C)(O)CCC(C)CC(C)(C)C,"3,6,8,8-tetramethyl-3-nonanol",0.874,0.824,17.162,3.155,0.111,0.102,453.0,496.0,336.0,390.0,37.642054210473454,58.5160004270377,34.60765162430575,54.689268284564186
CC(CCC(C)(C)C)CC(C)(C)C,"2,2,4,7,7-pentamethyloctane",0.772,0.724,1.528,0.801,0.094,0.087,398.0,445.0,318.0,372.0,64.3639560031738,75.34021642879823,60.42662940227722,71.63692265494014
CCCCCCCCCC(C)(C)C,"2,2-dimethylundecane",0.7389,0.6956,2.436,1.035,0.118,0.109,409.0,453.0,315.1,367.6,65.06994844995273,80.476586188499,60.466695061301394,75.88383133058817
CC(C)(C)C(O)(C(C)(C)C)C(C)(C)C,"2,2,4,4-tetramethyl-3-(1,1-dimethylethyl)-3-pentanol",0.784,0.7414,2.041,0.863,0.089,0.083,388.0,438.0,318.0,373.0,53.50101228310977,67.07244372906045,50.589033666305674,64.10902277274033
CC(C)C(C)(C)C(O)C(C)(C)C(C)C,"2,3,3,5,5,6-hexamethyl-4-heptanol",0.7766,0.7332,1.893,0.9,0.095,0.088,396.0,443.0,318.0,372.0,57.90125248784208,69.71616061692274,54.436356715457066,66.37336293807077
CCCCC(C)CC(C)CC(C)C,"2,4,6-trimethyldecane",0.742,0.6975,1.449,0.721,0.116,0.107,409.0,454.0,317.0,370.0,74.96321943606183,88.646947545667,69.77798656666127,83.68914276024192
CCCCCCCCOC1CCCCO1,"2H-pyran, tetrahydro-2-(octyloxy)-",0.7827,0.7399,1.661,0.838,0.092,0.086,381.0,430.0,318.0,372.0,56.75253273541512,67.81049104859646,53.939113077585155,65.10224149635062
CCCCC(C)CCC(C)C(C)CO,"2,3,6-trimethyl-1-decanol",0.7404,0.6969,1.486,0.717,0.123,0.113,411.0,454.0,317.0,369.0,75.45874868098844,89.6251163257323,70.14292383935775,84.54821395507567
CCCCCCCCCC(C)CC,3-methyldodecane,0.7446,0.7013,1.612,0.803,0.132,0.122,414.0,456.0,312.1,363.6,79.48776991785765,93.89674883379637,73.41468739992159,88.10229889059794
CCCC(CCC)(CCC)CCC,"4,4-dipropylheptane",0.7619,0.7204,2.363,0.958,0.113,0.105,379.0,426.0,318.0,369.0,61.53038663115741,77.75885439335987,58.566757873450946,74.67950835610546
CCCC(CCC)(CCC)C(C)C,4-(1-methylethyl)-4-propylheptane,0.7674,0.7262,1.694,0.826,0.109,0.101,386.0,433.0,318.0,370.0,66.04684108776586,79.03933694952916,62.54286775400961,75.6196021448786
CCCCCCCCC(C)(C)CC,"3,3-dimethylundecane",0.7494,0.7065,2.535,1.062,0.118,0.109,410.0,452.0,318.0,369.0,64.22118352567117,79.63787218006547,59.790881298524894,75.22006819437574
CCC(C)CCC(C)CC(C)CC,"3,5,8-trimethyldecane",0.786,0.74,1.399,0.676,0.117,0.108,404.0,449.0,317.0,370.0,76.62401134909351,91.44031079198834,71.57111390876268,86.59562334132126
CCCCC(C)(CC)CC(C)CC,"3,5-dimethyl-5-ethylnonane",0.7622,0.7185,1.574,0.807,0.111,0.103,404.0,448.0,318.0,370.0,70.35064333883425,82.82546711075898,65.76968232124523,78.48642242653099
CCC(C)CC(C)(CC)C(C)(C)C,"3-ethyl-2,2,3,5-tetramethylheptane",0.7755,0.7326,1.805,0.901,0.094,0.088,395.0,443.0,318.0,372.0,59.38029102700518,71.1129327221692,55.8666085289296,67.70316166856472
CC(C)(O)CCCCCCCC(C)(C)O,"2,10-Dimethyl-2,10-undecanediol",,,,,,,,,353.0,407.0,,,,
CCCCCCCCCCC(O)CCO,"1,3-tridecanediol",,,,,,,,,353.0,404.0,,,,
CCC(CC)CC(C)CC(C)(C)C,"3-ethyl-5,7,7-trimethyloctane",0.772,0.725,1.412,0.731,0.105,0.097,396.0,443.0,318.0,371.0,70.73631059599349,82.99210022403678,66.50334614346053,78.95293292376333
CCCCCCCCC(CC)CC,3-ethylundecane,0.7489,0.7061,1.602,0.779,0.129,0.119,411.0,453.0,318.0,368.0,77.90717724808248,92.54672249033102,72.48305899292194,87.29183239861658
CCC(C)CC(C)(CC)CC(C)C,"4-ethyl-2,4,6-trimethyloctane",0.7622,0.7185,1.574,0.807,0.106,0.098,405.0,451.0,318.0,371.0,68.10575219062088,80.06584969678362,63.62670667057604,75.78658475904942
CCCCCCOCOCCCCCC,"1,1'-[methylenebis(oxy)]bishexane",0.82619,0.7805,3.026,1.384,0.167,0.156,462.0,498.0,350.0,397.0,78.920045449937,95.64302866725232,72.99109515634055,89.73512572488953
CCCCCCC(OC(C)C)OC(C)C,"1,1-bis(1-methylethoxy)heptane",0.916,0.864,3.384,1.308,0.15,0.139,463.0,503.0,349.0,400.0,73.46587409066699,93.01730252510347,67.85072772453861,87.2111759056111
CCCCCCCCCCOCC(O)CO,"3-(decyloxy)-1,2-propanediol",1.06,1.01,,,,,543.0,574.0,369.0,420.0,,,,
OCCCCCCCCCCCCCO,"1,13-tridecanediol",1.01,0.966,14.851,3.727,0.229,0.211,523.0,554.0,353.0,403.0,64.85367545157901,91.68723707184758,58.06428645711154,83.83626049783626
O=C1C=C(O)c2cccc3cccc1c23,3-hydroxy-1H-phenalen-1-one,,,,,,,,,210.0,246.0,,,,
CCCCCCCCCCOCCCO,3-(decyloxy)-1-propanol,0.892,0.849,3.924,1.39,0.158,0.147,,,351.0,400.0,,,64.14552989227735,84.60441072223999
CCCCCCCCCC(O)CCCO,"1,4-tridecanediol",1.0,0.956,130.0,14.644,0.177,0.163,517.0,550.0,353.0,404.0,29.18046423328881,51.72307806689319,26.210561915555196,47.42369791097794
O=C1C=Cc2cccc3cccc1c23,perinaphthenone,,,,,,,,,189.0,224.0,,,,
CCCCCCCCC(O)CC(C)CO,"2-methyl-1,4-dodecanediol",0.8845,0.845,96.099,11.716,0.165,0.152,493.0,531.0,352.0,405.0,28.91381793545232,50.30986491787675,26.299655208188103,46.61880753617441
O=c1oc2ccccc2c2ccccc12,"6H-dibenzo[b,d]pyran-6-one",,,,,,,,,202.0,239.0,,,,
CCCCCCCCCC(C)(O)CCO,"3-methyl-1,3-dodecanediol",0.8889,0.848,179.998,17.689,0.163,0.15,511.0,545.0,353.0,405.0,24.505690624168672,45.14627315566913,22.083971185335937,41.528922855932365
CCCCOCC(C)OCC(C)OCC(C)O,tripropylene glycol monobutyl ether,0.985,0.94,11.168,3.085,0.171,0.16,,,383.0,434.0,,,50.51605499661443,71.63350521175855
O=c1c2ccccc2oc2ccccc12,9H-xanthen-9-one,,,,,,,,,202.0,239.0,,,,
CCCCOC(CC)OC(C)COC(O)CC,tripropylene glycol n-butyl ether,1.064,1.011,10.338,2.967,0.189,0.172,,,383.0,434.0,,,58.08885682296509,79.88111921778919
CCCCCCCOCCOCCOCCO,"3,6-dioxa-1-pentadecanol",0.9431,0.899,7.74,2.558,0.188,0.173,516.0,547.0,368.0,416.0,66.05202061431942,86.36156025791205,60.06074820299612,79.96051801025202
CCCCCCCOCCOCCOCCO,triethylene glycol n-heptyl ether,1.037,0.991,9.643,3.128,0.198,0.184,511.0,545.0,384.0,431.0,63.83150380826183,84.63621974227847,58.90181133453768,79.22940189994549
O=C1c2ccccc2-c2ccccc21,9(9H)-fluorenone,,,,,,,,,189.0,224.0,,,,
O=c1c2ccccc2oc2cccc(O)c12,"9H-xanthen-9-one, 1-hydroxy-",1.271,1.234,45.633,9.724,0.159,0.154,,,221.0,258.0,,,27.345879223069627,43.12254668181831
C(#Cc1ccccc1)c1ccccc1,"1,2-diphenylethyne",,,,,,,,,209.0,245.0,,,,
O=C1c2ccccc2Cc2ccccc21,anthrone,,,,,,,,,211.0,250.0,,,,
O=C(O)c1ccccc1C(=O)c1ccccc1,2-benzoylbenzoic acid,,,,,,,,,248.0,287.0,,,,
C1=CC2c3cc4ccccc4cc3C12,anthracene,,,,,,,,,194.8,233.4,,,,
O=C(OC(=O)c1ccccc1)c1ccccc1,benzoic anhydride,,,,,,,,,244.0,285.0,,,,
CC(O)c1cc2c(o1)C(=O)c1cccc(O)c1C2=O,"(R)-5-hydroxy-2-(1-hydroxyethyl)naphtho[2,3-b]furan-4,9-dione",,,,,,,,,280.0,324.0,,,,
O=C(Oc1ccccc1)C(=O)Oc1ccccc1,oxalic acid diphenyl ester,,,,,,,,,249.0,293.0,,,,
Oc1ccc2cc3ccccc3cc2c1,2-hydroxyanthracene,1.253,1.209,79.808,14.888,0.285,0.271,343.0,367.0,217.0,255.0,43.29458718543872,68.24970072049011,38.06286636180319,61.60556432449095
CC(O)c1cc2c(o1)C(=O)c1c(O)cccc1C2=O,"(R)-8-hydroxy-2-(1-hydroxyethyl)naphtho[2,3-b]furan-4,9-dione",,,,,,,,,280.0,324.0,,,,
[2H]c1c([2H])c([2H])c2c(c1[2H])c([2H])c([2H])c1c([2H])c([2H])c([2H])c([2H])c12,phenanthrene,,,,,,,,,195.7,234.2,,,,
Oc1cccc2cc3ccccc3cc12,"anthracene, 1-hydroxy-",1.25,1.206,80.0,14.925,0.285,0.27,341.0,365.0,217.0,255.0,43.19421846906524,67.9166165890756,38.037147166820546,61.39921412500322
CC(O)c1cc2c(o1)C(=O)c1cccc(O)c1C2=O,"(RS)-5-hydroxy-2-(1-hydroxyethyl)naphtho[2,3-b]furan-4,9-dione",,,,,,,,,280.0,324.0,,,,
Oc1c2ccccc2cc2ccccc12,"anthracene, 9-hydroxy",1.242,1.199,80.515,15.013,0.283,0.269,336.0,360.0,217.0,255.0,42.445384464159574,66.92771818309848,37.53335237408322,60.74043219895851
CCCCCCCCCC(C)(O)CCO,"3-methyl-1,3-dodecanediol",1.51,1.44,39.735,8.333,0.178,0.165,,,246.0,287.0,,,37.813206074965315,58.02704913466134
O=C1C=Cc2cccc3cccc1c23,perinaphthenone,,,,,,,,,239.0,276.0,,,,
c1ccc2c(c1)C1OOC2c2ccccc21,Anthracene transannular peroxide,1.359,1.306,3.9,1.455,0.157,0.149,322.0,351.0,214.0,255.0,66.75074846313328,86.92009248208137,59.50338569753831,79.44837899722276
C(#Cc1ccccc1)c1ccccc1,"1,2-diphenylethyne",,,,,,,,,280.0,324.0,,,,
O=C1c2ccccc2Cc2ccccc21,anthrone,,,,,,,,,280.0,324.0,,,,
CC(O)c1cc2c(o1)C(=O)c1c(O)cccc1C2=O,"(S)-8-hydroxy-2-(1-hydroxyethyl)naphtho[2,3-b]furan-4,9-dione",,,,,,,,,280.0,324.0,,,,
O=C(O)C#Cc1cccc2ccccc12,"propiolic acid, 3-(1-naphthyl)-",,,,,,,,,,,,,,
C(=Cc1ccccc1)c1ccccc1,"(E)-1,2-diphenylethene",,,,,,,,,215.0,254.0,,,,
C=C(c1ccccc1)c1ccccc1,"1,1-diphenylethene",1.0073,0.9599,5.262,1.875,0.148,0.139,309.0,344.0,218.0,257.0,58.82439499007828,77.47260430587058,53.32611691783639,71.37209634735561
C(=Cc1ccccc1)c1ccccc1,"1,2-diphenylethene",,,,,,,,,215.0,254.0,,,,
O=Cc1ccc2c(c1)Cc1ccccc1-2,2-fluorenecarboxaldehyde,,,,,,,,,,,,,,
C(=Cc1ccccc1)c1ccccc1,"(Z)-1,2-diphenylethene",1.0006,0.958,5.597,1.983,0.162,0.154,245.0,302.0,215.0,254.0,56.08313621484889,76.79650834435519,54.05984684529957,73.14678561914637
C1=Cc2cc3ccccc3cc2CC1,"1,2-dihydroanthracene",1.128,1.085,10.638,3.318,0.23,0.219,306.0,335.0,202.1,242.8,64.27980259661572,88.34312929617411,57.200114889390726,80.6952792714028
O=C(O)C1c2ccccc2-c2ccccc21,9-fluorenecarboxylic acid,,,,,,,,,,,,,,
[2H]c1c([2H])c([2H])c2c(c1[2H])c([2H])c([2H])c1c([2H])c([2H])c([2H])c([2H])c12,phenanthrene,1.118,1.076,10.733,3.346,0.228,0.217,299.0,329.0,203.1,243.6,63.08624264084404,86.81086961111157,56.58315483101522,79.77360539654099
Cc1ccc2c(c1C)-c1ccccc1-2,"1,2-dimethylbiphenylene",1.144,1.102,7.517,2.269,0.237,0.226,330.0,355.0,217.0,255.0,73.48634372700998,101.53811378099736,65.31227199546883,92.51445793481813
Cc1cc(O)c2c(=O)c3ccccc3oc2c1,1-hydroxy-3-methylxanthone,1.13,1.087,10.619,3.404,0.199,0.19,310.0,339.0,203.6,243.8,54.56744856757301,74.54215553859106,48.481136385549846,67.94059597415135
Cc1cc(C)c2c(c1)-c1ccccc1-2,"1,3-dimethylbiphenylene",1.147,1.105,7.585,2.262,0.238,0.227,333.0,358.0,217.0,255.0,73.70997774552278,102.19100603815076,65.34447007721383,92.88918063351828
C1=CCc2c(ccc3ccccc23)C1,"1,4-dihydrophenanthrene",1.121,1.079,10.705,3.429,0.197,0.188,302.0,331.0,204.3,244.4,56.81780648911266,77.65521234561261,50.902252601019605,71.30432367878689
Cc1ccc(C)c2c1-c1ccccc1-2,"1,4-dimethylbiphenylene",1.144,1.102,7.517,2.269,0.237,0.226,330.0,355.0,217.0,255.0,73.48634372700998,101.53811378099736,65.31227199546883,92.51445793481813
CC(O)c1cc2c(o1)C(=O)c1c(O)cccc1C2=O,"(RS)-8-hydroxy-2-(1-hydroxyethyl)naphtho[2,3-b]furan-4,9-dione",1.144,1.102,7.517,2.269,0.237,0.226,330.0,355.0,217.0,255.0,66.41823706432501,91.77191529930384,59.030368699787616,83.61617801830849
Cc1ccc2c(c1)-c1cccc(C)c1-2,"1,6-dimethylbiphenylene",1.147,1.105,7.585,2.262,0.238,0.227,333.0,358.0,217.0,255.0,73.70997774552278,102.19100603815076,65.34447007721383,92.88918063351828
O=C(OOC(=O)c1ccccc1)c1ccccc1,benzoyl peroxide,,,,,,,,,249.0,293.0,,,,
Cc1ccc2c(c1)-c1c(C)cccc1-2,"1,7-dimethylbiphenylene",1.147,1.105,7.585,2.262,0.238,0.227,333.0,358.0,217.0,255.0,73.70997774552278,102.19100603815076,65.34447007721383,92.88918063351828
Cc1cccc2c1=c1c(C)cccc1=2,"1,8-dimethylbiphenylene",1.144,1.102,7.517,2.269,0.237,0.226,330.0,355.0,217.0,255.0,73.48634372700998,101.53811378099736,65.31227199546883,92.51445793481813
CCc1cccc2c1=c1ccccc1=2,1-ethylbiphenylene,1.139,1.097,6.936,2.097,0.249,0.238,326.0,352.0,216.0,254.0,77.61773414421259,107.49073587118993,69.13129458278874,98.06370765056408
O=C(Cc1ccccc1)c1ccccc1,"1,2-diphenylethan-1-one",,,,,,,,,233.0,272.0,,,,
Cc1cccc2c1Cc1ccccc1-2,1-methyl-9H-fluorene,1.133,1.089,5.825,1.837,0.184,0.175,321.0,348.0,209.0,248.0,66.16956304267092,90.3348562917294,58.64561587035706,82.12367478571487
Cc1ccc(C(=O)c2ccccc2)cc1,4-methylbenzophenone,,,,,,,,,234.0,272.0,,,,
OCC1c2ccccc2-c2ccccc21,9-fluorenemethanol,,,,,,,,,225.0,265.0,,,,
O=C(c1ccccc1)C(O)c1ccccc1,2-hydroxy-2-phenylacetophenone,,,,,,,,,250.0,291.0,,,,
O=C(O)c1ccccc1Cc1ccccc1,"benzoic acid, o-benzyl-",,,,,,,,,242.0,283.0,,,,
COc1ccccc1C(=O)c1ccccc1,(2-methoxyphenyl)phenylmethanone,,,,,,,,,250.0,288.0,,,,
Cc1cc2c(cc1C)-c1ccccc1-2,"2,3-dimethylbiphenylene",1.147,1.105,7.585,2.262,0.238,0.227,333.0,358.0,217.0,255.0,73.70997774552278,102.19100603815076,65.34447007721383,92.88918063351828
Cc1cc(C)c2c(c1)-c1ccccc1-2,"2,4-dimethylbiphenylene",1.147,1.105,7.585,2.262,0.238,0.227,333.0,358.0,217.0,255.0,73.70997774552278,102.19100603815076,65.34447007721383,92.88918063351828
O=C(O)C(c1ccccc1)c1ccccc1,diphenylethanoic acid,,,,,,,,,241.0,283.0,,,,
O=C(O)C(O)(c1ccccc1)c1ccccc1,".alpha.-hydroxy-.alpha.,.alpha.-diphenylethanoic acid",,,,,,,,,259.0,302.0,,,,
O=C(OCc1ccccc1)c1ccccc1,benzyl benzoate,1.1022,1.053,4.718,1.595,0.174,0.165,349.0,380.0,238.0,280.0,68.05595927773317,91.02841592442378,61.10833704785231,83.5351801810295
COC(=O)c1ccc(-c2ccccc2)cc1,methyl 4-phenylbenzoate,,,,,,,,,239.0,281.0,,,,
O=C(OOC(=O)c1ccccc1)Oc1ccccc1,Benzoylcarboxyperoxide phenyl ester,,,,,,,,,265.0,308.0,,,,
Oc1ccc(C=Cc2cc(O)cc(O)c2)cc1,"5-[(1E)-2-(4-hydroxyphenyl)-ethenyl]-1,3-benzenediol",,,,,,,,,270.0,311.0,,,,
Cc1cc2cc3c(C)cc(=O)oc3c(C)c2o1,"2,5,9-trimethyl-7H-furo[3,2-g][1]benzopyran-7-one",,,,,,,,,257.0,298.0,,,,
Cc1ccccc1C(=O)c1ccccc1,o-methylbenzophenone,1.094,1.05,4.845,1.905,0.17,0.162,333.0,361.0,234.0,272.0,64.94662936789474,83.44749684100954,58.81031080098817,77.06031333556406
O=C(OCc1ccccc1)c1ccccc1O,"benzoic acid, 2-hydroxy-, benzyl ester",1.33,1.267,30.075,6.314,0.184,0.17,435.0,458.0,256.0,299.0,47.01685261158781,69.91021254052382,40.502742190646615,62.007678020920885
COC(=O)c1ccc2ccccc2c1C(=O)OC,"1,2-dicarbomethoxynaphthalene",,,,,,,,,265.0,309.0,,,,
COC(=O)c1cc(C(=O)OC)c2ccccc2c1,"1,3-dicarbomethoxynaphthalene",,,,,,,,,265.0,309.0,,,,
COC(=O)c1ccc(C(=O)OC)c2ccccc12,"1,4-dicarbomethoxynaphthalene",,,,,,,,,265.0,309.0,,,,
COC(=O)c1cccc2c(C(=O)OC)cccc12,"1,5-dicarbomethoxynaphthalene",,,,,,,,,265.0,309.0,,,,
COC(=O)c1ccc2c(C(=O)OC)cccc2c1,"1,6-dicarbomethoxynaphthalene",,,,,,,,,265.0,309.0,,,,
COC(=O)c1ccc2cccc(C(=O)OC)c2c1,"1,7-dicarbomethoxynaphthalene",,,,,,,,,265.0,309.0,,,,
O=C(O)C(c1ccccc1)c1ccccc1,diphenylethanoic acid,,,,,,,,,265.0,309.0,,,,
COC(=O)c1cc2ccccc2cc1C(=O)OC,"2,3-dicarbomethoxynaphthalene",,,,,,,,,265.0,309.0,,,,
COC(=O)c1ccc2ccc(C(=O)OC)cc2c1,"2,7-dicarbomethoxynaphthalene",,,,,,,,,265.0,309.0,,,,
c1cc2c3c(ccc4c3c1CC4)CC2,"1,2,5,6-tetrahydrocyclopent[fg]acenaphthylene",,,,,,,,,197.8,239.3,,,,
COC(=O)c1ccc2cc(C(=O)OC)ccc2c1,"dimethyl 2,6-naphthalenedicarboxylate",,,,,,,,,265.0,309.0,,,,
COc1ccc(C(=O)c2ccccc2O)c(O)c1,dioxybenzone,,,,,,,,,291.0,331.0,,,,
CC(c1ccccc1)c1ccccc1,"1,1-diphenylethane",0.9846,0.945,2.712,1.125,0.151,0.143,235.0,313.0,221.4,263.1,63.09993899778897,84.24587277377103,62.05060399863409,80.22911587163641
Cc1cccc(Cc2ccccc2)c1,1-methyl-3-(phenylmethyl)benzene,0.9775,0.9344,2.465,1.06,0.145,0.136,321.0,352.0,228.0,268.0,70.38578436451849,87.46742297539411,63.92815365432613,81.00991893060687
Cc1ccc(Cc2ccccc2)cc1,1-methyl-4-(phenylmethyl)benzene,0.979,0.935,2.176,1.016,0.145,0.136,323.0,354.0,228.0,268.0,73.45192717233391,89.17489758992554,66.59652953194644,82.45980799226562
Cc1ccccc1-c1ccccc1C,"2,2'-dimethyl-1,1'-biphenyl",0.97437,0.926,9.237,2.592,0.189,0.178,303.0,336.0,225.2,264.3,59.6842662877225,84.1436551174931,54.90444868381137,78.6498804236084
C(#CC1C=CCCC1)c1ccccc1,(2-cyclohexen-1-ylethynyl)benzene,0.9263,0.886,7.233,2.37,0.155,0.147,307.0,340.0,226.0,266.0,52.86144030609597,71.67721753670928,48.49731231708639,66.89525644695289
CC#CC(C)(C)C#Cc1ccccc1,"(3,3-dimethyl-1,4-hexadiynyl)benzene",0.9171,0.875,11.994,3.086,0.146,0.138,362.0,388.0,250.0,288.0,46.57497565274161,66.81631112884556,41.96898248310407,61.4428337701974
COc1ccc(C(=O)c2ccccc2)cc1,"benzophenone, 4-methoxy-",,,,,,,,,,,,,,
c1ccc2cc3c(cc2c1)CCCC3,"1,2,3,4-tetrahydroanthracene",,,,,,,,,210.9,253.8,,,,
c1ccc2c3c(ccc2c1)CCCC3,"1,2,3,4-tetrahydrophenanthrene",1.0601,1.0183,9.244,2.946,0.19,0.18,287.72,326.55,211.8,254.6,56.65764601825767,77.90218960977693,51.9796346397725,72.6346060028615
c1ccc(CCc2ccccc2)cc1,"1,2-diphenylethane",,,,,,,,,226.2,268.9,,,,
C1=CCC2=C(C1)Cc1ccccc1C2,"1,4,9,10-tetrahydroanthracene",1.075,1.026,4.837,1.754,0.125,0.118,309.0,341.0,214.0,256.0,53.681544282495025,70.43711988749186,48.411113851159456,64.97939824677975
Cc1cccc(C(=O)c2ccccc2)c1,3-methylbenzophenone,,,,,,,,,,,,,,
Cc1cccc(C)c1-c1ccccc1,"2,6-dimethyl-1,1'-biphenyl",0.9767,0.932,3.174,1.448,0.189,0.178,307.0,338.0,225.2,264.3,79.12690028437245,97.10419306190632,72.52197370541258,90.61282027782048
CC(O)(c1ccccc1)c1ccccc1,.alpha.-methylbenzhydrol,,,,,,,,,244.0,288.0,,,,
Cc1cccc(-c2ccccc2)c1C,"2,3'-dimethyl-1,1'-biphenyl",0.9826,0.939,3.46,1.491,0.191,0.18,311.0,342.0,222.4,262.4,77.55453025286921,96.72611211117228,70.5736677728493,89.77940310368044
Cc1cccc(-c2ccccc2)c1C,"2,3-dimethylbiphenyl",0.996,0.952,12.048,3.361,0.19,0.18,308.0,339.0,225.2,264.3,54.38522628557701,76.96383860841651,49.79997335124042,71.75918161371926
CCc1ccccc1-c1ccccc1,"2-ethyl-1,1'-biphenyl",0.983,0.9391,3.204,1.171,0.202,0.191,308.0,341.0,223.7,264.6,82.4382688568608,108.1564074408594,75.34606711608453,100.7077674343252
Cc1ccc(-c2ccccc2)c(C)c1,"2,4'-dimethylbiphenyl",0.979,0.937,12.257,3.415,0.19,0.18,303.0,335.0,222.4,262.4,53.17373031556813,75.3713376935894,48.74345750630065,70.36645052305006
Cc1ccc(-c2ccccc2)c(C)c1,"2,4-dimethyl-1,1'-biphenyl",0.9816,0.9372,3.362,1.494,0.191,0.18,309.0,340.0,222.4,262.4,78.44232284614306,97.00696684908436,71.51121217381147,90.18876330092766
c1ccc2cc3c(cc2c1)CCCC3,"1,2,3,4-tetrahydroanthracene",,,,,,,,,245.0,287.0,,,,
Cc1ccc(C)c(-c2ccccc2)c1,"2,5-dimethylbiphenyl",0.975,0.93,3.897,1.72,0.192,0.181,314.0,345.0,222.4,262.4,76.16240867945668,94.35092919273524,69.11994355775037,87.35991357234818
COc1ccc(C(=O)c2ccc(O)cc2O)cc1,"2,4-dihydroxy-4'-methoxybenzophenone",,,,,,,,,,,,,,
OC(Cc1ccccc1)c1ccccc1,"benzeneethanol, .alpha.-phenyl-",,,,,,,,,244.0,287.0,,,,
c1ccc(COCc2ccccc2)cc1,"benzene, 1,1'-[oxybis(methylene)]-bis-",1.0257,0.978,3.128,1.231,0.175,0.166,332.2,363.1,243.0,283.0,76.45054468848909,98.10596965834394,70.01352009141924,91.46344919209574
CC=C(C)c1cccc2ccccc12,2-(1-naphthyl)-2-butene,1.0397,0.9972,3.366,1.404,0.194,0.184,324.0,355.0,230.0,271.0,79.38118384695306,100.27318137801804,72.08672582605436,92.93939046653084
OCCOc1ccccc1-c1ccccc1,"ethanol, 2-([1,1'-biphenyl-2-yl]oxy)-",,,,,,,,,261.0,302.0,,,,
COc1ccc2cc(C(C)C(=O)O)ccc2c1,2-(6-methoxy-2-naphthyl)propionic acid,,,,,,,,,272.0,315.0,,,,
CC(C)(C)C(=O)C1C(=O)c2ccccc2C1=O,"2,3-dihydro-2-(2,2-dimethyl-1-oxopropyl)-1H-indene-1,3-dione",,,,,,,,,278.0,323.0,,,,
OCC(c1ccccc1)c1ccccc1,"2,2-diphenylethanol",1.082,1.04,80.407,13.462,0.161,0.152,,,244.0,287.0,,,25.55466054213212,42.431208491605595
COc1ccc(Cc2ccccc2)cc1,1-benzyl-4-methoxybenzene,1.0392,0.996,3.56,1.506,0.159,0.15,338.0,368.0,244.0,284.0,67.24466165684494,84.13175158936947,61.354483313981405,78.21776252851511
CCCC(=O)c1cccc2ccccc12,"1-butanone, 1-(1-naphthalenyl)-",1.057,1.0163,6.906,2.657,0.229,0.218,362.0,390.0,247.0,287.0,72.7233191600258,93.77853785055376,65.30923915825117,86.02786813528954
COc1ccc2cc(C(C)C(=O)O)ccc2c1,"2-naphthaleneacetic acid, 6-methoxy-.alpha.-methyl-, (+)-",,,,,,,,,272.0,315.0,,,,
c1ccc(OCCOc2ccccc2)cc1,"1,2-diphenoxyethane",1.156,1.106,7.266,2.441,0.191,0.181,375.0,401.0,259.0,298.0,65.88728099280482,87.79415245672077,59.37283870116132,80.76033535743778
Cc1ccc2c(C)c(C)cc(C)c2c1,"1,2,4,6-tetramethylnaphthalene",,,,,,,,,244.0,285.0,,,,
CCOC(=O)Cc1cccc2ccccc12,"1-naphthaleneacetic acid, ethyl ester",1.0919,1.047,5.312,2.006,0.224,0.212,396.0,423.0,252.0,296.0,79.492608662512,102.36897977166186,70.00177712524028,92.58767702664832
c1ccccccccccccc1,"1,3,5,7,9,11,13-cyclotetradecaheptaene",,,,,,,309.0,344.1,229.0,271.0,,,,
CCCOC(=O)c1cccc2ccccc12,"1-naphthalenecarboxylic acid, propyl ester",1.083,1.04,6.187,2.308,0.227,0.215,407.0,432.0,252.0,296.0,76.54486329622608,98.78968140570989,66.88844759323577,88.8227807091101
Cc1ccc2c(C)cc(C)c(C)c2c1,"1,2,4,7-tetramethylnaphthalene",1.0027,0.9597,2.493,1.042,0.163,0.154,353.0,383.0,244.0,285.0,78.09274058976054,98.04357825127003,70.38731481842305,90.22215518645478
CCOC(=O)Cc1ccc2ccccc2c1,"2-naphthaleneacetic acid, ethyl ester",1.081,1.035,5.458,2.029,0.225,0.213,401.0,427.0,252.0,296.0,79.96397495069824,103.3596812720094,70.16876527762484,93.23654214435972
CCCOC(=O)c1ccc2ccccc2c1,"2-naphthalenecarboxylic acid, propyl ester",1.075,1.032,7.163,2.616,0.233,0.221,435.0,456.0,252.0,296.0,76.25919845627756,98.76538447500164,65.40322750504566,87.46057067827407
Cc1ccccc1OOc1ccccc1C,bis(o-tolyl) peroxide,1.005,0.972,9.154,2.572,0.148,0.141,282.0,322.0,261.0,300.0,42.20744204737074,60.473126568837266,41.29856232598385,59.28117119361475
COc1ccc(Cc2ccccc2)cc1,1-benzyl-4-methoxybenzene,,,,,,,,,244.0,285.0,,,,
C=CCOC(=O)c1ccccc1C(=O)OCC=C,"diallyl 1,2-benzenedicarboxylate",1.103,1.056,9.066,2.367,0.17,0.16,407.0,440.0,289.0,335.0,55.06157095174679,78.6157190364918,50.00578552539398,72.8117144552111
C1=Cc2ccc3c(c2CC1)CCCC3,"1,2,3,4,5,6-hexahydrophenanthrene",1.0333,0.9906,8.226,2.726,0.15,0.143,315.0,349.0,223.0,267.0,50.822267045877794,68.95860235411898,46.11661615358468,63.95423021056096
c1ccc2c(c1)CC1=C(CCCC1)C2,"1,2,3,4,9,10-hexahydroanthracene",1.059,1.009,5.571,1.982,0.118,0.112,318.0,352.0,223.0,267.0,50.02755993837563,66.31108870567758,45.274611266335775,61.35095463950416
Cc1ccc(C)c2c(C)ccc(C)c12,"1,4,5,8-tetramethylnaphthalene",,,,,,,,,244.0,285.0,,,,
Cc1cc(C)c2cccc(C)c2c1C,"1,2,4,8-tetramethylnaphthalene",1.038,0.995,2.794,1.106,0.165,0.156,364.0,392.0,244.0,285.0,76.95563540209272,97.94946935960448,68.76625404026933,89.54855371503861
CCc1ccc(CC)c2ccccc12,"1,4-diethylnaphthalene",0.9794,0.9368,3.165,1.281,0.187,0.177,339.0,371.0,242.0,284.0,79.47695887767998,101.06675598748274,72.28752044957339,93.74797474190405
Cc1ccc2c(C)c(C)ccc2c1C,"1,2,5,6-tetramethylnaphthalene",1.006,0.962,2.286,0.988,0.161,0.152,344.0,375.0,244.0,285.0,79.25021538801052,98.64380144895688,71.95141173083744,91.31511363138964
Cc1ccc2c(C)ccc(C)c2c1C,"1,2,5,8-tetramethylnaphthalene",1.007,0.966,2.781,1.118,0.162,0.153,343.0,374.0,244.0,285.0,73.79122946695567,93.76950886268176,67.05007508883477,86.86817922928172
Cc1cc(C)c2c(C)c(C)ccc2c1,"1,2,6,8-tetramethylnaphthalene",1.084,1.038,3.506,1.349,0.172,0.163,397.0,420.0,244.0,285.0,77.68156390977121,99.3359345589105,67.74089790842359,89.07056675533111
CCc1ccc2ccccc2c1CC,"1,2-diethylnaphthalene",1.021,0.977,3.232,1.331,0.19,0.18,353.0,382.0,242.0,284.0,81.57252259831817,102.9666143731901,73.35371789490962,94.72845586570452
Cc1cc(C)c2cc(C)c(C)cc2c1,"1,3,6,7-tetramethylnaphthalene",1.025,0.983,2.829,1.119,0.164,0.156,355.0,384.0,244.0,285.0,75.31628589136315,96.42304740191474,67.77701184461115,88.66584120396872
CCc1cccc2c(C)cc(C)cc12,"1,3-dimethyl-5-ethylnaphthalene",0.9783,0.9359,2.147,0.919,0.171,0.162,327.0,361.0,243.0,285.0,82.17807379541469,103.18778442176058,75.59354623428855,96.54935368596148
CC1(C)COC2(CC2c2ccccc2)OC1,"4,8-dioxaspiro[2.5]octane, 6,6-dimethyl-1-phenyl-",,,,,,,,,273.0,322.0,,,,
O=C(O)C(c1ccccc1)C1CCCCC1,cyclohexylphenylacetic acid,,,,,,,,,266.0,315.0,,,,
Cc1cc2c(C)ccc(C)c2cc1C,"1,4,6,7-tetramethylnaphthalene",1.055,1.009,2.654,1.09,0.167,0.158,377.0,403.0,244.0,285.0,81.0601322610005,101.94796725343905,71.72247113013937,92.4813414108471
CC1=CC(c2ccccc2)=CC(C)C1,"1,5-dimethyl-3-phenyl-1,3-cyclohexadiene",0.959,0.912,2.398,1.129,0.187,0.176,313.0,349.1,237.0,280.0,86.37825911552962,105.40125381714824,79.87751299034717,99.06027718580778
CCc1ccc2c(CC)cccc2c1,"1,6-diethylnaphthalene",0.96,0.918,8.229,2.288,0.181,0.171,315.0,350.0,242.0,284.0,57.89312008573394,82.0599789197213,53.755073459872975,77.37550726900551
CCc1ccc2cccc(CC)c2c1,"1,7-diethylnaphthalene",0.982,0.938,2.749,1.183,0.184,0.174,327.0,361.0,242.0,284.0,81.64995402262214,102.23694381860544,75.02066752746639,95.56514690583737
CC(C)(C)c1cccc2ccccc12,"1-(1,1-dimethylethyl)naphthalene",0.97821,0.93536,6.543,1.711,0.181,0.172,327.0,362.0,241.0,285.0,62.75542903816687,90.78607995759596,57.593094543851365,84.87941982514916
CCC(C)c1cccc2ccccc12,1-(1-methylpropyl)naphthalene,0.963,0.9218,4.673,1.627,0.191,0.181,325.0,360.0,241.0,284.0,70.79628564791778,94.32231735640433,65.08472549851079,88.23583863073512
CCCCCC(=O)C#Cc1ccccc1,1-phenyl-1-octyn-3-one,0.957,0.916,8.986,2.948,0.183,0.173,388.0,416.0,273.0,313.0,58.56722141505723,78.48515105927827,53.05286092855757,72.44912868066825
CCOC(=O)C(=Cc1ccccc1)C(=O)OCC,"propanedioic acid, benzal-, diethyl ester",1.29,1.23,8.527,2.602,0.179,0.168,448.0,479.0,296.0,344.0,63.82647552385493,86.77329578979631,56.80292718563634,79.05723171823628
CCCCCC=C=Cc1ccccc1,"(1,2-octadienyl)benzene",0.8822,0.8422,2.154,1.033,0.319,0.301,369.0,399.0,265.0,306.0,130.40457553629983,157.213182663838,118.8084629598222,145.90451169798777
CCCCCOC(=O)C=Cc1ccccc1,pentyl cinnamate,0.9778,0.9305,6.136,1.827,0.171,0.161,388.0,424.0,284.0,330.0,63.10030153092023,87.10992383902244,57.79782812697299,81.17972762975131
C1=C(CCc2ccccc2)CCCC1,(2-phenylethyl)cyclohexene,0.9411,0.897,6.057,2.23,0.145,0.136,349.0,383.0,244.0,289.0,55.975758120314744,72.6820443775245,50.6146164061084,67.14657768990051
CC(C)CCC=C=Cc1ccccc1,"(6-methyl-1,2-heptadienyl)benzene",0.859,0.82,4.889,1.451,0.292,0.276,319.0,358.0,265.0,307.0,92.61308278011532,129.29286890681934,87.90530514841672,123.82242404227912
CC1=C(C)C(C)(C)c2ccc(C)cc21,"1,1,2,3,5-pentamethyl-1H-indene",0.9163,0.8703,1.528,0.724,0.118,0.11,345.0,380.0,255.0,299.0,71.72762934568912,86.4625135272022,65.88062621439569,80.82412956562072
CC(C)CC=CC=Cc1ccccc1,"(6-methyl-1,3-heptadienyl)benzene",0.931,0.8868,2.578,1.037,0.156,0.146,357.0,391.0,260.0,305.0,75.54819761728074,95.48055355722708,69.10198791335782,89.03671967076046
CC1=CC(C)(C)c2c(C)ccc(C)c21,"1,1,3,4,7-pentamethyl-1H-indene",0.9264,0.8837,2.051,0.905,0.12,0.113,351.0,385.0,255.0,299.0,65.76311300777162,81.37072493451181,60.110068651338814,75.78519758370737
CC(C)C1=CC(C)(C)c2ccccc21,"1,1-dimethyl-3-(1-methylethyl)-1H-indene",0.957,0.913,2.926,1.062,0.138,0.13,336.0,374.0,253.0,298.0,65.5431180486332,86.05790493248129,60.51536566738022,80.73075655526385
c1cc2c(c3c1CCCC3)CCCC2,"1,2,3,4,5,6,7,8-octahydrophenanthrene",1.0109,0.9697,7.518,2.052,0.114,0.108,328.0,365.0,226.5,274.1,42.72010598388616,61.01634950412918,38.49441248545792,56.29334427197419
c1c2c(cc3c1CCCC3)CCCC2,"1,2,3,4,5,6,7,8-octahydroanthracene",,,,,,,,,227.0,274.7,,,,
C(#CC1=CCCCC1)C1=CCCCC1,"1,2-bis(1-cyclohexenyl)ethyne",0.9802,0.9375,17.343,4.48,0.137,0.129,353.0,386.0,244.0,289.0,39.73930815469774,57.110922884020546,35.81822295679293,52.6456791425311
CC1=C(C)c2cc(C)ccc2C(C)C1,"1,2-dihydro-1,3,4,6-tetramethylnaphthalene",0.9544,0.9104,2.096,0.901,0.13,0.123,352.0,385.0,252.0,296.0,69.87565606926479,87.32539317673809,63.6059025377367,81.10073773606958
Cc1ccc(C)c2c1C(C)C=CC2C,"1,4-dihydro-1,4,5,8-tetramethylnaphthalene",0.9609,0.918,2.185,0.959,0.108,0.101,350.0,384.0,252.0,295.0,59.922100478927,73.89231884538275,54.63295102127965,68.61006886380439
Cc1ccc(C(C)C)c2c1C=CC2C,"1,4-dimethyl-7-(1-methylethyl)indene",0.982,0.937,3.259,1.153,0.138,0.13,353.0,387.0,253.0,298.0,64.88355876461567,85.4410873026311,59.08040179809813,79.38541273372509
Cc1cc(C(C)C)cc2c1C=CC2C,"1,4-dimethyl-6-(1-methylethyl)indene",0.982,0.937,3.259,1.153,0.138,0.13,353.0,387.0,253.0,298.0,64.88355876461567,85.4410873026311,59.08040179809813,79.38541273372509
O=C(O)C(O)(c1ccccc1)C1CCCCC1,cyclohexylhydroxyphenylethanoic acid,,,,,,,,,284.0,335.0,,,,
Cc1ccc2c(c1)C(C(C)C)=CC2C,"1,5-dimethyl-3-(1-methylethyl)indene",0.979,0.933,3.064,1.093,0.138,0.13,351.0,386.0,253.0,298.0,66.32285752484907,87.20964352820712,60.487570360445915,81.0876170015913
O=C1C2CC3C4CC5CC3C1C(C5)C4C2,Diamantanone,,,,,,,,,226.0,275.0,,,,
O=C(OOC(=O)c1ccccc1)OC1CCCCC1,Benzoyl(cyclohexyloxy)-carbonylperoxide,,,,,,,,,291.0,341.0,,,,
CC1=CC(c2ccccc2)CC(C)C1,"1,5-dimethyl-3-phenyl-1-cyclohexene",0.9288,0.8851,3.984,1.514,0.13,0.122,325.0,363.0,245.0,290.0,56.92171364955533,73.64835520737853,52.57237490632119,69.1407164301268
CC1=CCC(c2ccccc2)C(C)C1,"1,5-dimethyl-4-phenylcyclohexene",0.9496,0.9055,4.107,1.524,0.13,0.122,324.0,362.0,245.0,290.0,56.53273069866984,73.64358532491485,52.25839555707977,69.18990906434216
CCCCCC#CC(O)c1ccccc1,1-phenyl-2-octyn-1-ol,1.042,0.995,61.42,10.05,0.168,0.156,,,284.0,328.0,,,30.44311093470171,50.014622877523934
C1=C(CCc2ccccc2)CCCC1,(2-phenylethyl)cyclohexene,0.8849,0.8452,2.825,1.219,0.305,0.288,364.0,395.0,266.0,307.0,116.29709897769403,144.6543705402276,106.47564181156106,134.75373821826065
CCCCCOC(=O)C=Cc1cccc(O)c1,pentyl 3-(3-hydroxyphenyl)-2-propenoate,1.113,1.068,116.801,15.918,0.169,0.158,,,304.0,352.0,,,24.653704814889355,42.881153583614925
C(=Cc1ccccc1)COC1CCCCO1,"2H-pyran, tetrahydro-2-[(3-phenyl-2-propen-1-yl)oxy]-",,,,,,,,,,,,,,
OC1(CCc2ccccc2)CCCCC1,1-(2-phenylethyl)cyclohexanol,,,,,,,,,270.0,319.0,,,,
CCCOC(=O)c1ccccc1C(=O)OCCC,"1,2-benzenedicarboxylic acid, dipropyl ester",,,,,,,,,308.0,358.0,,,,
CC(C)OC(=O)c1cccc(C(=O)OC(C)C)c1,"1,3-benzenedicarboxylic acid bis(1-methylethyl) ester",,,,,,,414.0,454.0,308.0,360.0,,,,
CCCOC(=O)c1ccc(C(=O)OCCC)cc1,"1,4-benzenedicarboxylic acid dipropyl ester",,,,,,,,,308.0,358.0,,,,
CC(C)OC(=O)c1ccccc1C(=O)OC(C)C,"bis(1-methylethyl) 1,2-benzenedicarboxylate",,,,,,,,,308.0,360.0,,,,
CC(C)OC(=O)c1ccc(C(=O)OC(C)C)cc1,diisopropyl terephthalate,,,,,,,,,308.0,360.0,,,,
CCCCCC#CC(O)c1ccccc1,1-phenyl-2-octyn-1-ol,,,,,,,,,,,,,,
OC1(CCc2ccccc2)CCCCC1,1-(2-phenylethyl)cyclohexanol,,,,,,,,,,,,,,
OC12CC3CC4C5CC(CC41)CC2C5C3,1-diamantanol,,,,,,,,,,,,,,
CCCOC(=O)c1cccc(C(=O)OCCC)c1,dipropyl isophthalate,1.22,1.17,11.475,2.991,0.164,0.155,,,,,,,,
COCCOC(=O)c1ccccc1C(=O)OCCOC,"bis(2-methoxyethyl) 1,2-benzenedioate",1.159,1.112,18.982,3.75,0.2,0.189,,,,,,,,
Cc1cc(C(C)C)cc2c1C=CC2C,"1,4-dimethyl-6-(1-methylethyl)indene",1.01,0.962,5.644,1.975,0.152,0.143,,,,,,,,
CC1=CCC(c2ccccc2)C(C)C1,"1,5-dimethyl-4-phenylcyclohexene",,,,,,,,,238.0,288.0,,,,
CC1=CC(c2ccccc2)CC(C)C1,"1,5-dimethyl-3-phenyl-1-cyclohexene",0.958,0.91,2.61,0.989,0.12,0.112,391.0,427.0,293.0,339.0,65.46596250949332,83.90605184719104,60.36234416368689,78.63195978472024
C/C(=C\C(C)C)Oc1c(C)cccc1C,"(E)-2-(2,6-dimethylphenoxy)-4-methyl-2-pentene",,,,,,,,,,,,,,
CCCCC=C=Cc1ccc(C)cc1,"1-(1,2-heptadienyl)-4-methylbenzene",0.9314,0.89,7.516,2.472,0.166,0.156,419.0,449.0,291.0,336.0,60.043236429307754,80.05154082845094,54.19115239337101,73.78227440611978
C/C(=C/C(C)C)Oc1c(C)cccc1C,"(Z)-2-(2,6-dimethylphenoxy)-4-methyl-2-pentene",,,,,,,,,,,,,,
CCCCCOC(=O)C=Cc1cccc(O)c1,pentyl 3-(3-hydroxyphenyl)-2-propenoate,0.98,0.937,4.898,2.028,0.175,0.165,397.0,430.0,290.0,335.0,65.6591602853387,82.49137921848792,60.107423379150035,76.89692840206874
C(=Cc1ccccc1)COC1CCCCO1,"2H-pyran, tetrahydro-2-[(3-phenyl-2-propen-1-yl)oxy]-",1.285,1.235,8.56,2.105,0.115,0.109,,,256.0,308.0,,,39.03995498837936,58.715080819650346
CCCOC(=O)c1ccccc1C(=O)OCCC,"1,2-benzenedicarboxylic acid, dipropyl ester",,,,,,,,,300.0,346.0,,,,
CC(C)OC(=O)c1cccc(C(=O)OC(C)C)c1,"1,3-benzenedicarboxylic acid bis(1-methylethyl) ester",1.028,0.98,2.14,0.908,0.121,0.114,409.0,445.0,299.0,346.0,64.90607131620017,81.0450964484632,59.43111269107814,75.50664592475665
CCCOC(=O)c1ccc(C(=O)OCCC)cc1,"1,4-benzenedicarboxylic acid dipropyl ester",1.078,1.028,13.915,3.988,0.152,0.143,394.0,434.0,284.0,335.0,45.20478975619776,63.185242186987175,41.2277672486481,58.74689234357017
CC(C)OC(=O)c1ccccc1C(=O)OC(C)C,"bis(1-methylethyl) 1,2-benzenedicarboxylate",1.079,1.028,7.507,2.724,0.152,0.143,397.0,436.0,284.0,335.0,54.19054125466053,70.8215188958243,49.31762661894112,65.76166365214335
CC(C)OC(=O)c1ccc(C(=O)OC(C)C)cc1,diisopropyl terephthalate,1.077,1.027,12.999,3.895,0.152,0.143,394.0,433.0,284.0,335.0,46.07903906419573,63.5647748932345,42.02510193777781,59.138127912914726
c1ccc2c(c1)OCCOCCOCCOCCO2,"2,3,5,6,8,9,11,12-octahydro-1,4,7,10,13-benzopentaoxacyclopentadecin",,,,,,,,,315.0,370.0,,,,
CCCCCCCOC(=O)c1ccccc1,heptyl benzoate,0.9541,0.911,3.668,1.537,0.164,0.154,420.0,455.0,296.0,344.0,70.31406501557048,87.79024599051377,63.723047757629494,81.1486968449496
CC(C)(C)Oc1ccc(C(C)(C)C)cc1,"1-(1,1-dimethylethoxy)-4-(1,1-dimethylethyl)benzene",,,,,,,,,302.0,351.0,,,,
CCCCCOC(=O)CCc1ccccc1,pentyl 3-phenylpropanoate,1.039,0.989,2.791,1.213,0.162,0.152,414.0,449.0,296.0,344.0,78.1588351042013,96.56228233248645,71.11975310684171,89.59102726412037
CC(C)(C)c1cccc(C(C)(C)C)c1O,"2,6-bis(1,1-dimethylethyl)phenol",0.923,0.8774,,,,,388.0,432.0,306.0,358.0,,,,
CC(C)(C)[C@H]1OC[C@H](c2ccccc2)CO1,"trans-2-(1,1-dimethylethyl)-5-phenyl-1,3-dioxane",1.078,1.028,13.915,3.988,0.152,0.143,394.0,434.0,284.0,335.0,46.85672488689065,65.4942435532796,42.73436859433258,60.89370147164651
CC(C)C1COC(C)(c2ccccc2)OC1,"trans-2-methyl-5-(1-methylethyl)-2-phenyl-1,3-dioxane",1.079,1.028,7.507,2.724,0.152,0.143,397.0,436.0,284.0,335.0,56.17084598193919,73.40957550894024,51.11985864819316,68.1648161283672
CC(C)(C)[C@H]1CO[C@H](c2ccccc2)OC1,"trans-5-(1,1-dimethylethyl)-2-phenyl-1,3-dioxane",1.077,1.027,12.999,3.895,0.152,0.143,394.0,433.0,284.0,335.0,47.76292220643021,65.8876456617314,43.560840576014634,61.299234105192944
CCCCCCCOc1ccc(C(=O)O)cc1,4-heptyloxybenzoic acid,,,,,,,,,316.0,362.0,,,,
CC(OC1CCCCC1)c1ccccc1,(1-cyclohexyloxyethyl)benzene,1.008,0.967,87.302,12.41,0.154,0.145,,,316.0,365.0,,,25.616447418131983,44.2248176617405
CCCOC(=O)c1cccc(C(=O)OCCC)c1,dipropyl isophthalate,1.034,0.989,22.244,4.348,0.142,0.134,396.0,437.0,313.0,362.0,36.67591258063861,57.24498229946085,34.327793991801194,54.29185969550919
CCCCCCc1ccc(C(C)O)cc1,1-(p-hexylphenyl)ethanol,0.994,0.945,30.181,6.138,0.145,0.134,,,302.0,351.0,,,34.23926814241018,52.82573563824493
CC(C)(C)CC(C)(C)Oc1ccccc1,"1,1,3,3-tetramethylbutyl phenyl ether",0.942,0.895,6.369,2.011,0.128,0.12,397.0,438.0,301.0,350.0,51.75921824310537,70.25638330308298,47.881604371269574,65.96073142038321
CCC(C)c1cccc(C(C)CC)c1O,"2,6-bis(1-methylpropyl)phenol",1.008,0.962,34.722,6.549,0.126,0.117,443.0,478.0,305.0,355.0,32.557540845089875,50.41877014149775,29.312426474106516,46.37120869216456
CC(C)Cc1cccc(CC(C)C)c1O,"2,6-diisobutylphenol",0.9425,0.899,32.891,6.452,0.127,0.118,442.0,477.0,305.0,355.0,32.706533232965654,50.117462250814,29.46529363921129,46.12125195242757
CCCCCC(CC)c1ccccc1O,2-(1-ethylhexyl)phenol,0.972,0.929,63.786,9.903,0.143,0.133,417.0,454.0,304.0,354.0,28.988781522554408,47.59350789141565,26.522718014664243,44.37644643378428
Cc1ccc(C(C)C)c(O)c1CC(C)C,2-isopropyl-5-methyl-6-isobutylphenol,0.9215,0.8807,28.215,5.45,0.11,0.103,410.0,449.0,306.0,356.0,29.61446795363198,46.02074292175736,27.274781052701464,43.11214328584107
CCCCCC(C)c1ccc(O)c(C)c1,2-methyl-4-(1-methylhexyl)phenol,0.9367,0.8955,41.636,7.705,0.13,0.122,420.0,456.0,306.0,354.0,30.216580710014014,47.4870631449218,27.64131690736393,44.22248249294086
CCCCCCCCc1ccccc1O,2-octylphenol,0.9246,0.882,42.18,7.937,0.155,0.143,453.0,483.0,305.0,353.0,35.22755524500136,54.15445216946158,31.5177803985448,49.58255057974465
CC(C)(C)c1cc(O)cc(C(C)(C)C)c1,"3,5-di-tert-butylphenol",1.01,0.962,74.257,11.435,0.107,0.099,447.0,483.0,306.0,358.0,23.717264950937626,38.79974902389806,21.318985599097378,35.6649717113934
CCCCC(CCC)c1cccc(O)c1,3-(1-propylpentyl)phenol,0.972,0.929,63.786,9.903,0.143,0.133,417.0,454.0,304.0,354.0,28.988781522554408,47.59350789141565,26.522718014664243,44.37644643378428
CCCC(C)C(C)(C)c1ccc(O)cc1,"4-(1,1,2-trimethylpentyl)phenol",0.9538,0.9132,40.889,7.775,0.124,0.117,398.0,440.0,305.0,356.0,28.79671773488369,45.31615112818029,26.719567623479133,42.69457187971431
CCC(C)CC(C)(C)c1ccc(O)cc1,"4-(1,1,3-trimethylpentyl)phenol",0.9398,0.8994,39.37,7.449,0.124,0.116,397.0,439.0,305.0,356.0,29.044053621517904,45.49099045434179,26.968140687126375,42.88673728962864
CC(C)CCC(C)(C)c1ccc(O)cc1,"4-(1,1,4-trimethylpentyl)phenol",0.9374,0.8971,38.404,7.246,0.123,0.116,396.0,438.0,305.0,356.0,29.03714536714985,45.78461028519736,26.980861200498037,43.19124660258531
CCCCCCC(C)c1ccccc1,(1-methylheptyl)benzene,0.84255,0.7979,2.003,0.924,0.142,0.132,389.0,427.0,284.0,332.0,77.41320480438422,93.74060717973111,70.85665939465538,87.33423972618965
CC(C)(C)c1cccc(C(C)(C)C)c1O,"2,6-bis(1,1-dimethylethyl)phenol",0.9416,0.9013,116.822,15.533,0.129,0.122,401.0,441.0,305.0,355.0,22.051757819464832,38.38307950696976,20.417955221956703,36.1109135971512
CCC(CC)C(C)(C)c1ccc(O)cc1,"4-(1,1-dimethyl-2-ethylbutyl)phenol",0.9538,0.9128,38.792,7.34,0.124,0.116,397.0,439.0,305.0,356.0,29.286340621004904,45.86984493940346,27.193110313404237,43.243903238524496
CCCCC(C)(CC)c1ccc(O)cc1,4-(1-ethyl-1-methylpentyl)phenol,0.9405,0.9,56.353,7.556,0.128,0.12,,,305.0,355.0,,,24.960296086032997,43.764363679248035
CCCCCC(C)(C)c1ccc(O)cc1,"4-(1,1-dimethylhexyl)phenol",0.9362,0.8962,72.634,11.27,0.129,0.122,401.0,441.0,305.0,355.0,25.15280300890084,41.91996504919959,23.289245680410744,39.43842587232658
CCCCC(CCC)c1ccc(O)cc1,4-(1-propylpentyl)phenol,0.996,0.951,59.237,9.253,0.145,0.135,436.0,470.0,304.0,354.0,30.662053317857392,50.15169903814115,27.704226177169236,46.308332273145616
CCCC(C)C(C)(C)c1ccccc1,"(1,1,2-trimethylpentyl)benzene",0.8719,0.827,2.409,1.052,0.122,0.114,367.0,410.0,284.0,334.0,64.93132161045445,80.54491882917571,60.41323998925088,76.03121494937015
CCC(C)CC(C)(C)c1ccccc1,"(1,1,3-trimethylpentyl)benzene",0.859,0.815,2.561,1.08,0.123,0.115,368.0,410.0,284.0,334.0,63.88311476296018,79.99842500295287,59.39249101218606,75.51534641074544
CC(C)CCC(C)(C)c1ccccc1,"(1,1,4-trimethylpentyl)benzene",0.8563,0.812,2.452,1.084,0.122,0.115,368.0,410.0,284.0,334.0,64.41421631081693,80.06817549119931,59.88625910763166,75.58118811052957
CCCCCC(C)(C)c1ccccc1,"(1,1-dimethylhexyl)benzene",0.8619,0.8187,4.061,1.441,0.128,0.12,367.0,408.0,285.0,333.0,57.40188464824941,75.56076219951098,53.46055300490166,71.36432939435568
CCc1ccc(CC)c(CC)c1CC,"1,2,3,4-tetraethylbenzene",0.8739,0.8298,1.133,0.615,0.107,0.1,414.0,461.0,312.0,368.8,75.19460513143491,87.66974431970249,69.44327181562485,82.33584620619608
CCc1cc(CC)c(CC)c(CC)c1,"1,2,3,5-tetraethylbenzene",0.8658,0.821,1.143,0.633,0.108,0.1,402.0,436.0,299.9,344.2,75.22240370714907,85.98800155870686,69.2710703325244,80.4554008279946
CCc1cc(CC)c(CC)cc1CC,"1,2,4,5-tetraethylbenzene",0.8676,0.8229,1.118,0.632,0.108,0.101,399.0,426.0,295.9,334.8,75.48502792706715,86.02588481254949,69.39692436877482,80.38932367098128
CC(C)CC(C)(C)Cc1ccccc1,"(2,2,4-trimethylpentyl)benzene",0.8559,0.8116,3.271,1.368,0.13,0.122,417.0,452.0,284.0,334.0,64.39761083003282,80.42485110245752,57.80214192469172,73.86346976229389
CCC(CC)(CC)Cc1ccccc1,"(2,2-diethylbutyl)benzene",0.8533,0.8098,3.985,1.408,0.128,0.12,370.0,410.0,285.0,333.0,57.95276407931996,76.30788668742164,53.850143975063645,71.97089279509557
Cc1cc(C)c(C(C)C)cc1C(C)C,"1,3-dimethyl-4,6-bis(1-methylethyl)benzene",0.8584,0.816,1.864,0.833,0.097,0.09,380.0,420.0,287.0,335.0,58.81230721865955,71.89775967008421,54.34721190447912,67.46685050324673
CCCCC(CC)Cc1ccccc1,(2-ethylhexyl)benzene,0.8543,0.811,3.043,1.245,0.146,0.136,407.0,442.0,284.0,332.0,70.49708754989497,88.16277855202209,63.710456523109144,81.34373835090459
CCCC(CCC)Cc1ccccc1,(2-propylpentyl)benzene,0.836,0.7925,2.392,1.009,0.14,0.131,380.0,419.0,284.0,332.0,71.88818499506908,89.80588402152318,66.23428343203409,84.11474459339499
CCCC(C)(C)CCc1ccccc1,"(3,3-dimethylhexyl)benzene",0.8496,0.8063,4.355,1.538,0.13,0.122,381.0,420.0,285.0,333.0,57.55494238386715,75.73920257107429,53.04155980273818,70.95193855480011
O=C(OC(=O)C1CCCCC1)C1CCCCC1,cyclohexanecarboxylic anhydride,1.15,1.1,9.565,3.182,0.17,0.159,418.0,459.0,296.0,350.0,56.120473407787415,74.83933911211169,50.928255039161314,69.34391800782953
O=C(OOC(=O)OC1CCCCC1)OC1CCCCC1,peroxydicarbonic acid dicyclohexyl ester,,,,,,,,,333.0,389.0,,,,
CCCCc1ccccc1CCCC,"1,2-dibutylbenzene",0.8505,0.8082,2.234,1.027,0.133,0.124,377.0,415.0,285.0,332.0,69.92139924177461,84.99914139993493,64.62984999987673,79.82772492688737
CCc1c(C)c(C)c(C)c(C)c1CC,"1,2-diethyl-3,4,5,6-tetramethylbenzene",0.9166,0.875,5.564,1.566,0.078,0.074,360.0,399.0,290.0,335.0,36.2151681172962,51.27518187501862,34.07808398981913,48.814476723401064
Cc1cc(C(C)C)c(C(C)C)cc1C,"1,2-dimethyl-4,5-bis(1-methylethyl)benzene",,,,,,,,,287.0,335.0,,,,
CCCCc1cccc(CCCC)c1,"1,3-dibutylbenzene",0.917,0.87,2.181,1.0,0.136,0.127,398.0,433.0,285.0,332.0,74.8168595817608,90.82168843266716,68.10832908676171,84.28332671597249
CC(C)(C)c1ccc(C(C)(C)C)cc1,"1,4-bis(1,1-dimethylethyl)benzene",,,,,,,,,286.0,336.0,,,,
CC(C)(C)c1cc(O)c(O)c(C(C)(C)C)c1,"4,6-di-tert-butylpyrocatechol",1.021,0.979,156.709,22.472,0.109,0.102,436.0,477.0,327.0,379.0,18.24410947077442,30.806897740665768,16.825865108071387,28.87699227872793
CC(C)=C1C(=C(C)C)C(C)(C)C1(C)C,"1,1,2,2-tetramethyl-3,4-bis(1-methylethylidene)cyclobutane",0.8262,0.777,0.968,0.541,0.066,0.0612,389.0,431.0,305.0,354.0,56.114559145387666,64.43347534654754,52.40301530011713,60.96319476060605
C=C(C)C1C(C)(C)C=C(C)CC1(C)C,"1,3,3,5,5-pentamethyl-4-(1-methylethenyl)cyclohexene",0.852,0.8058,1.185,0.633,0.084,0.079,386.0,428.0,296.0,346.0,61.80260883095311,72.62265253210316,57.35537948507345,68.4051944514882
CCC(CC)=C1CCC1=C(CC)CC,"1,2-bis(1-ethylpropylidene)cyclobutane",0.8397,0.7929,1.131,0.618,0.098,0.091,391.0,432.0,303.0,351.0,70.46412944028212,81.44289214681113,65.58712291375426,76.82215779271301
CC12CC3(C)CC(C)(C1)CC(C)(C2)C3,"1,3,5,7-tetramethyl-tricyclo[3.3.1.13,7]decane",,,,,,,,,270.7,323.6,,,,
C1CCC2CC3CCCCC3CC2C1,"anthracene, 1,2,3,4,4a.alpha.,5,6,7,8,8a.beta.,9,9a.beta.,10,10a.alpha.-tetradecahydro-",,,,,,,,,246.5,301.4,,,,
C1CCC2CC3CCCCC3CC2C1,"anthracene, tetradecahydro-, (4a.alpha.,8a.alpha.,9a.beta.,10a.beta.)-",,,,,,,,,256.0,309.0,,,,
CCCCC1=CCCC(CCCC)=C1,"1,3-dibutyl-1,3-cyclohexadiene",0.899,0.85,2.002,0.965,0.128,0.119,408.0,445.0,294.0,343.0,74.53740746241373,88.99740772281812,67.97382097243445,82.7126474330351
C1CC[C@@H]2[C@H](C1)CC[C@@H]1CCCC[C@H]12,hydrophenanthrene,0.954,0.912,,,,,325.0,373.0,245.9,301.1,,,,
C1CCC2CC3CCCCC3CC2C1,perhydroanthracene,,,,,,,,,256.0,309.0,,,,
CCC1CCCC=C1C1CCCCC1,1-cyclohexyl-6-ethyl-1-cyclohexene,0.9133,0.8695,3.066,1.403,0.121,0.114,350.0,395.0,270.0,322.0,58.92662509373861,72.77682160772167,54.77821224754019,68.71161848655997
CC12CC3(C)CC(C)(C1)CC(C)(C2)C3,"1,3,5,7-tetramethyl-tricyclo[3.3.1.13,7]decane",,,,,,,,,310.0,367.0,,,,
CC1C2CCCCC2C2CCCCC12,9-methylperhydrofluorene,0.953,0.909,4.617,1.43,0.1083,0.1032,338.0,384.0,258.0,311.0,48.08216399010167,66.9429186066828,44.56443048896987,63.08785579294479
O=C1CCCCCCC(=O)CCCCCC1,"1,8-cyclotetradecanedione",,,,,,,,,303.0,359.0,,,,
C1CCC2CC3CCCCC3CC2C1,"anthracene, tetradecahydro-, stereoisomer",0.954,0.91,3.983,1.44,0.119,0.113,326.0,373.0,245.8,301.0,53.09104226397388,70.73241741385368,49.036992089984714,66.59131053237647
C1CCC2(CCCCC3(C1)OCCO3)OCCO2,"1,4,11,14-tetraoxadispiro[4.4.4.4]octadecane",,,,,,,,,310.0,369.0,,,,
CCCCC1=CCCC(CCCC)=C1,"1,3-dibutyl-1,3-cyclohexadiene",0.8806,0.8382,5.235,1.741,0.123,0.116,362.0,412.0,278.0,333.0,51.31209383061677,69.5394618497371,47.63923917553916,65.4974363443255
C1CC[C@@H]2[C@H](C1)CC[C@@H]1CCCC[C@H]12,perhydrophenanthrene,0.931,0.8913,4.791,1.741,0.12,0.113,337.0,382.0,256.0,309.0,49.72321493845179,65.58106077871551,46.02298806693853,61.783048493430215
C1CCC(CCC2CCCCC2)CC1,"1,2-dicyclohexylethane",0.861,0.819,5.11,1.716,0.128,0.121,369.0,417.0,278.0,332.0,53.151708142260624,71.81449474740263,49.08202929792099,67.35409110417456
CC(C)=C1C(=C(C)C)C(C)(C)C1(C)C,"1,1,2,2-tetramethyl-3,4-bis(1-methylethylidene)cyclobutane",0.8435,0.803,5.453,1.868,0.174,0.164,455.0,487.0,331.0,376.0,68.52299608874007,90.47787977249624,62.65638761563236,84.12805704649888
C=COC(=O)CCCCC(=O)OCCCCCC,vinyl hexyl adipate,1.1,1.045,5.273,1.818,0.175,0.163,505.0,542.0,355.0,409.0,71.90540490198595,94.04128384061318,65.11857784168463,86.88050100820463
CC1=CC(C)(C)C(C(C)C)C(C)(C)C1,"(.+-.)-1,3,3,5,5-pentamethyl-4-(1-methylethyl)cyclohexene",0.8517,0.805,1.526,0.683,0.086,0.08,375.0,423.0,304.0,357.0,58.07158216754639,71.50168746697544,54.74204307551016,68.16984637446873
C1CCCC(C2CCCCCC2)CC1,"1,1'-bicycloheptyl",0.8938,0.8534,10.629,3.75,0.13,0.123,369.0,414.0,274.0,329.0,43.265133277568346,57.57007030617451,39.78989218784306,53.96619147898809
C1CCC2CC3CCCCC3CC2C1,"anthracene, tetradecahydro-, (4a.alpha.,8a.alpha.,9a.beta.,10a.beta.)-",0.8239,0.7789,1.238,0.629,0.078,0.073,374.0,421.0,302.0,356.0,56.94518340171646,67.9144842982251,53.62090842539215,64.78504102818279
C1CCC2CC3CCCCC3CC2C1,"anthracene, tetradecahydro-, stereoisomer",0.85413,0.813,3.594,1.454,0.13,0.122,380.0,423.0,280.0,334.0,59.65631272746201,75.76755862149524,54.74555150736495,70.89630963283344
CCCCC1=C(CCCC)CCCC1,"1,2-dibutylcyclohexene",0.861,0.817,1.742,0.894,0.118,0.11,394.0,437.0,303.0,354.0,70.03106917642548,82.70428716641804,65.04403593014919,77.94624750305645
C=CCCCCCCCCCCC=C,"1,13-tetradecadiene",0.765,0.692,1.961,0.968,0.146,0.136,440.0,477.0,322.0,372.0,93.89059401051637,111.32361325853228,85.99608999074249,103.80393160579578
CCCCCCCCC1=CCCCC1,1-octylcyclohexene,0.8284,0.7868,2.897,1.296,0.133,0.124,399.0,440.0,302.0,353.0,65.34169107057762,80.08298413087304,60.41748563706127,75.27071381684563
CC(C)(C)C1=CC(C(C)(C)C)CCC1,"1,3-bis(1,1-dimethylethyl)cyclohexene",0.8196,0.7746,4.026,1.472,0.094,0.087,388.0,435.0,303.0,358.0,47.08067916385957,61.034502072980665,43.91715174776285,57.77975198118221
C1CCC(CCCCC2CCCC2)C1,"1,4-dicyclopentylbutane",0.8474,0.806,2.242,1.179,0.132,0.124,388.0,430.0,283.0,336.0,69.20586894709521,81.60220274970634,63.32746242687439,76.13186070564757
C=CCC=CCCCCCCCCC,"1,4-tetradecadiene",0.7793,0.7374,1.796,0.868,0.147,0.137,425.0,463.0,321.0,369.0,81.92734589762776,97.8885483746274,75.70820429181815,91.8350511602151
CC(C)(C)C1=CCCC(C(C)(C)C)C1,"1,5-bis(1,1-dimethylethyl)cyclohexene",0.8203,0.7753,4.023,1.47,0.094,0.087,389.0,436.0,303.0,358.0,47.12466165496036,61.09730135401186,43.92636172964689,57.801854707608975
CCC1CCC2(C)CCCC(C)C2C1,"1,5-dimethyl-8-ethylbicyclo[4.4.0]decane",0.8565,0.8127,1.296,0.738,0.107,0.1,371.0,417.0,284.0,338.0,69.6584104592896,80.33898912241594,64.61407453413717,75.7297212716598
CC1CC(C)C(C2CCCC2)C(C)C1,"1-cyclopentyl-2,4,6-trimethylcyclohexane",0.8639,0.8222,2.315,1.046,0.111,0.105,362.0,408.0,281.0,335.0,59.50508787779525,73.93960742666752,55.412847496909315,69.95093771929578
CC(C)C1CCC(C)C2CCCCC12,1-isopropyl-4-methyldecahydronaphthalene,0.8684,0.8254,2.188,0.981,0.114,0.107,384.0,428.0,283.0,338.0,63.201725315172446,78.0191322946173,58.00214904355105,73.00628533508556
CCCCCCCCCC1CCCC1,1-nonylcyclopentane,0.877,0.831,1.938,0.903,0.133,0.124,407.0,448.0,304.0,355.0,75.685367031212,91.65689951365827,69.72128023474698,85.84991956880806
CCC(C)C1CCCC2CCCCC21,1-sec-butyldecahydronaphthalene,0.898,0.854,3.341,1.288,0.1032,0.0989,356.0,404.0,283.0,338.0,51.46487781751008,67.62795208566612,48.247585669975166,64.3184287030889
CC(C)(C)C1CCCC2CCCCC21,1-tert-butyldecahydronaphthalene,0.8838,0.8425,4.809,1.688,0.107,0.1,362.0,410.0,283.0,339.0,47.05516065731355,62.316443329349944,43.90662588751902,59.07064792481313
C#CCCCCCCCCCCCC,1-tetradecyne,0.838,0.794,5.251,1.889,0.1,0.093,428.0,466.0,322.5,371.8,46.65991768086603,60.476203466428096,43.08918164406322,56.75388440175966
CC(C)C(C)CC=C(C=O)C(C)C(C)C,"2-heptenal, 2-(1,2-dimethylpropyl)-5,6-dimethyl-",0.849,0.8046,3.534,1.33,0.138,0.128,420.6,455.0,335.0,390.0,64.14501483713937,81.78538622845358,60.16772475780304,78.31475200956427
CO/C1=C/CCCCCCCCCCC1,(Z)-1-methoxycyclotridecene,0.922,0.878,7.484,3.303,0.146,0.137,401.0,444.0,302.0,355.0,53.229238157752114,65.86581837188105,49.14866110849435,61.84868901173354
CCCCCC/C=C(\C=O)CCCCC,2-pentyl-2-nonenal,0.8339,0.7906,3.118,1.353,0.163,0.152,429.5,469.7,336.0,386.0,74.80392752214665,92.26564461693792,69.81216400637986,87.3099833755718
C=C(C)C(=O)OCCCCCCCCCC,decyl 2-methyl-2-propenoate,0.961,0.911,2.289,1.032,0.143,0.133,472.0,511.0,345.0,397.0,77.79876391729982,94.4852548366998,71.23301458727552,88.00857904587666
CC(C)CCCC(C)C1CCCC(=O)C1,"3-(1,5-dimethylhexyl)cyclohexanone",0.948,0.901,7.173,2.22,0.148,0.139,420.0,465.0,315.0,371.0,56.1429901154068,76.81167281197106,51.7785962619266,72.08378596182182
CCCCCCC(=O)C=CC(CC)CC,3-ethyl-4-dodecen-6-one,0.8369,0.7958,3.585,1.42,0.169,0.158,455.0,493.0,336.0,386.0,73.93202799254807,93.4896674601431,67.88803715733543,87.27156929779454
CC(C)(C)[C@H]1CCC(=O)[C@@H](C(C)(C)C)C1,"cis-2,4-bis(1,1-dimethylethyl)cyclohexanone",0.921,0.876,12.161,3.196,0.119,0.112,401.0,449.0,317.0,373.0,40.34250555310232,58.064223048984694,37.76124684428117,55.11291953649308
CCCCCCC(=O)OC(=O)CCCCCC,heptanoic anhydride,0.9023,0.8577,4.987,1.865,0.182,0.17,494.0,531.0,360.0,412.0,71.51087179541445,91.63605021980524,65.4206078969463,85.32334235703723
CO/C1=C/CCCCCCCCCCC1,"cyclotridecene, 1-methoxy-, (E)-",0.906,0.863,7.726,3.36,0.143,0.135,387.0,432.0,302.0,355.0,51.12485131434183,63.94753823005882,47.67985396415468,60.511997324430595
CC(C)(C)[C@@H]1CCC[C@H](C(C)(C)C)C1=O,"cis-2,6-bis(1,1-dimethylethyl)cyclohexanone",0.921,0.876,12.161,3.196,0.119,0.112,401.0,449.0,317.0,373.0,40.34250555310232,58.064223048984694,37.76124684428117,55.11291953649308
CC(C)(C)[C@@H]1CCC(=O)[C@@H](C(C)(C)C)C1,"trans-2,4-bis(1,1-dimethylethyl)cyclohexanone",0.921,0.876,12.161,3.196,0.119,0.112,401.0,449.0,317.0,373.0,40.34250555310232,58.064223048984694,37.76124684428117,55.11291953649308
C=CC(=O)OC(C)CCC(CC)CCCC,4-ethyl-1-methyloctyl 2-propenoate,0.8614,0.8164,3.251,1.213,0.142,0.132,451.0,495.0,343.0,398.0,67.21848234161575,86.3989501788316,62.23677461227344,81.25743912694988
CC(C)(C)[C@H]1CCC[C@H](C(C)(C)C)C1=O,"trans-2,6-bis(1,1-dimethylethyl)cyclohexanone",0.921,0.876,12.161,3.196,0.119,0.112,401.0,449.0,317.0,373.0,40.34250555310232,58.064223048984694,37.76124684428117,55.11291953649308
C=C(C)C(=O)OCCCCCCCCCC,"2-methyl-2-propenoic acid, decanyl ester",0.98,0.929,2.245,1.012,0.143,0.133,472.0,511.0,345.0,397.0,78.66166391835893,95.53754732928392,72.0230910006764,88.98874010035051
CCOC(=O)C(=C(O)CC(C)(C)C)C(C)(C)C,"5,5-dimethyl-2-(1,1-dimethylethyl)-3-hydroxy-2-hexenoic acid, ethyl ester",1.043,0.992,37.392,6.653,0.114,0.105,,,362.0,419.0,,,27.58269994355703,44.02911022025724
CCOC(=O)C(C(=O)CC(C)(C)C)C(C)(C)C,"5,5-dimethyl-2-(1,1-dimethylethyl)-3-oxohexanoic acid, ethyl ester",1.053,0.999,7.028,2.302,0.142,0.133,493.0,536.0,360.0,417.0,57.29460872685583,76.60305003082043,52.44496657852685,71.37995647315654
O=C(O)CCCCCCCCCCCCC(=O)O,tetradecanedioic acid,,,,,,,,,371.0,424.0,,,,
CC(C)CCOC(=O)CCC(=O)OCCC(C)C,bis(3-methylbutyl) butanedioate,0.9421,0.8939,9.235,2.685,0.157,0.147,504.0,547.0,365.0,422.0,54.58817195408868,75.41781316446185,49.85145331577844,70.10976201027259
CCCCOC(=O)CCCCC(=O)OCCCC,dibutyl hexanedioate,0.9461,0.8986,6.765,2.337,0.17,0.159,511.0,550.0,365.0,420.0,63.07395266828472,82.75731336444387,57.37784479769066,76.7118372283802
CCOC(=O)CCCCCCCCC(=O)OCC,diethyl decanedioate,0.94769,0.9003,3.751,1.442,0.177,0.166,543.0,577.0,365.0,420.0,77.91636968382839,99.0403602550208,69.67909481181773,90.57607153866437
CCCCOC(=O)C(CCC)C(=O)OCCCC,dibutyl propylpropanedioate,0.9188,0.8719,10.775,3.097,0.164,0.153,508.0,548.0,365.0,421.0,53.641103662853446,74.02934228443897,48.877752210425236,68.73777550262866
CCCCCOC(=O)CCC(=O)OCCCCC,dipentyl butanedioate,0.9446,0.8974,6.458,2.229,0.169,0.158,504.0,544.0,365.0,420.0,63.27369820875443,83.08131649955367,57.78332007569852,77.25016658310388
CCCOC(=O)CCCCCCC(=O)OCCC,dipropyl octanedioate,0.9457,0.8973,7.085,2.34,0.172,0.16,519.0,557.0,365.0,420.0,63.39358326536555,83.83873297639443,57.4171597630104,77.43827414346676
CCCCCCOC(=O)C(=O)OCCCCCC,dihexyl ethanedioate,0.934,0.888,7.281,2.477,0.173,0.161,524.0,561.0,365.0,420.0,62.4423292955106,81.86521962208327,56.403257518436725,75.46337139005588
CCCCCC(C(=O)OCCC)C(=O)OCCC,dipropyl pentylpropanedioate,0.931,0.885,10.634,3.051,0.164,0.153,508.0,548.0,365.0,421.0,53.54757076723225,73.93752628285966,48.792525073332186,68.65252244607903
CC(C)COC(=O)CCCCC(=O)OCC(C)C,"hexanedioic acid, bis(2-methylpropyl) ester",0.9338,0.8823,3.886,1.465,0.157,0.147,504.0,547.0,365.0,422.0,70.94782006423851,91.1121053208088,64.79154390374714,84.69945961396368
CCCCCCCCOC(=O)CCCCC(=O)O,monooctyl adipate,1.12,1.07,19.643,5.047,0.175,0.165,514.0,551.0,368.0,422.0,48.49023660595836,69.46990067529988,44.14010574590952,64.44824947106997
CC(C)(C)CC(C)(C)C1CCCCC1,"(1,1,3,3-tetramethylbutyl)cyclohexane",0.8278,0.7826,6.161,2.096,0.099,0.093,401.0,450.0,311.0,368.0,43.68658756010316,58.4304848172577,40.6721478778817,55.215854950772545
CC(C)CCC(C)(C)C1CCCCC1,"(1,1,4-trimethylpentyl)cyclohexane",0.8363,0.7911,4.185,1.643,0.111,0.103,408.0,455.0,310.0,367.0,53.13967284308783,67.5484446952358,49.1881192128734,63.58538596710642
CCCCC(C(=O)OCC)(C(=O)OCC)C(=O)OCC,"1,1,1-pentanetricarboxylic acid, triethyl ester",,,,,,,,,,,,,,
CCCC(CC)(CC)C1CCCCC1,"(1,1-diethylbutyl)cyclohexane",0.8399,0.7953,7.025,2.263,0.118,0.11,415.0,460.0,310.0,366.0,48.04783807166249,64.67357539817736,44.26260460128042,60.64574315907485
CCCC(C)(CCC)C1CCCCC1,(1-methyl-1-propylbutyl)cyclohexane,0.8336,0.7894,7.078,2.28,0.118,0.11,415.0,460.0,310.0,366.0,47.82500366835044,64.37421589904817,44.05732520721793,60.36502759348807
CC(C)CCCC(C)C1CCCCC1,"(1,5-dimethylhexyl)cyclohexane",0.834,0.791,3.957,1.542,0.119,0.111,390.0,439.0,310.0,366.0,55.25565369736546,70.83444183292865,51.80006344605753,67.30176221414764
CCCCC(CCC)C1CCCCC1,(1-propylpentyl)cyclohexane,0.8141,0.7713,4.422,1.685,0.128,0.119,410.0,455.0,310.0,364.0,57.16096140274569,73.27162534368024,52.837647141401774,68.81372042760108
C=CCCCCCCCCCCCC,1-tetradecene,0.75754,0.7152,1.848,0.909,0.141,0.131,433.0,474.0,324.9,377.1,79.29186133442455,94.18882126878354,73.13744109895245,88.3202189416326
CC1(C)CCCCCCC(C)(C)CC1,"1,1,4,4-tetramethylcyclodecane",0.799,0.759,9.887,3.162,0.1,0.094,361.0,413.0,303.0,359.0,36.13546414619171,49.46898277618806,34.398275693876485,47.5569834005108
CC(C)C1C(C(C)C)C(C)(C)C1(C)C,"1,1,2,2-tetramethyl-3,4-bis(1-methylethyl)cyclobutane",0.7888,0.7453,1.648,0.738,0.081,0.076,400.0,449.0,322.0,377.0,54.17808667074752,67.01923054320272,50.97110453353785,63.803920234690615
CCCCCCC(C)C1CCCCC1,2-cyclohexyloctane,0.80962,0.76738,2.841,1.174,0.13,0.121,435.0,476.0,310.0,364.0,66.31500892715714,82.8297252854859,60.28716322919797,76.80919338851574
CC1(C)CCCCCC(C)(C)CCC1,"1,1,5,5-tetramethylcyclodecane",0.794,0.756,9.95,3.175,0.099,0.093,358.0,410.0,303.0,359.0,35.21557973195555,48.23213073634672,33.601398892895645,46.46312515674618
CCCCCCCCCCCCC(C)=O,2-tetradecanone,0.834,0.793,2.638,1.185,0.17,0.158,478.0,515.0,348.0,399.0,81.79164180760996,99.25126883469493,74.80525365233409,92.3758333981037
CCCCC1CCCCC1CCCC,"1,2-dibutylcyclohexane",0.8108,0.7682,2.097,1.054,0.127,0.118,408.0,452.0,311.0,364.0,69.92440173770704,82.8397798730454,64.78337250694224,77.94465043961205
CC(C)(C)C1CCCC(C(C)(C)C)C1,"1,3-di-tert-butylcyclohexane",0.8166,0.7713,2.572,1.063,0.087,0.081,350.0,406.0,311.0,368.0,49.02177915879282,62.25327630090231,47.41941869093108,60.55595126824189
CCC(C)C1CCC(C(C)CC)CC1,"1,4-bis(1-methylpropyl)cyclohexane",0.852,0.806,2.582,1.129,0.116,0.108,405.0,452.0,310.0,366.0,63.01045020780503,77.90800911675052,58.446098963007486,73.41738202290963
CCC(C)C1CCC(C(C)CC)CC1,"1,4-di-sec-butylcyclohexane",0.8182,0.7785,3.178,1.323,0.113,0.106,383.0,433.0,310.0,366.0,55.08637717316498,69.68437279012579,51.905148839516855,66.46585250989348
CC1CCC(C(C)C)C(C(C)(C)C)C1,1-tert-butyl-2-isopropyl-5-methylcyclohexane,0.802,0.762,2.618,1.142,0.097,0.091,373.0,425.0,311.0,367.0,51.85112629533775,64.88224889970365,49.2663057172194,62.25878664420786
CCCCCCCCC1(O)CCCCC1,1-octylcyclohexanol,0.922,0.877,11.931,3.763,0.133,0.124,,,328.0,383.0,,,41.40928089315546,56.90331967863591
C/C(=C\C(C)(C)C(C)(C)C)C(C)(C)C,"2,2,3,5,5,6,6-heptamethyl-3-heptene",0.78668,0.7439,2.533,1.102,0.077,0.072,385.0,438.0,332.0,389.0,45.582220685502335,56.92105237314582,43.722150935064185,55.052757434858165
C=C(C)CCCCCCCCCCC,2-methyl-1-tridecene,0.7617,0.7204,1.234,0.694,0.125,0.116,423.0,466.0,333.0,384.0,80.36697210876044,92.02255455478462,75.13661467650981,87.146449965134
CCCCCCCCCCC=C(C)C,2-methyl-2-tridecene,0.7595,0.7189,1.264,0.723,0.128,0.12,423.0,466.0,331.0,382.0,80.8085494977716,92.76546578449997,75.421537357575,87.72104469539417
CCCCCCCCCCCC(=O)CC,3-tetradecanone,0.813,0.773,2.46,1.151,0.166,0.155,460.0,498.0,346.2,397.0,80.55743128260414,97.09384754999598,74.36773156600718,91.09632702373152
CCCCCCCCCCC(=O)CCC,4-tetradecanone,0.813,0.772,2.337,1.153,0.166,0.156,462.0,500.0,346.2,397.0,82.39836464172241,98.28633579314464,75.9744399961621,92.11124487559644
CCCCCCCCCCCCCC=O,tetradecanal,0.93,0.884,3.548,1.471,0.172,0.161,486.0,523.0,347.0,398.0,78.74793682704333,98.20539211841972,71.62804255149987,90.94271535046008
CC(C)(C)OC(=O)CCCCC(=O)OC(C)(C)C,"hexanedioic acid bis(1,1-dimethylethyl) ester",,,,,,,,,,,,,,
CC1(C)CC(C)(C)C(C)(C)CC1(C)C,"1,1,2,2,4,4,5,5-octamethylcyclohexane",,,,,,,,,314.0,369.0,,,,
CCC(C)CCCCCCCCCC(=O)O,11-methyltridecanoic acid,0.97,0.921,14.433,3.909,0.155,0.145,490.0,529.0,356.0,410.0,49.22507307770593,69.23170483436364,44.99425824886982,64.44259858754678
CC1(C)CCCCCCC(C)(C)CC1,"1,1,4,4-tetramethylcyclodecane",0.911,0.864,23.052,5.093,0.103,0.095,,,329.0,387.0,,,29.655384146185995,44.78798471753339
CC(C)C1C(C(C)C)C(C)(C)C1(C)C,"1,1,2,2-tetramethyl-3,4-bis(1-methylethyl)cyclobutane",0.911,0.864,23.052,5.093,0.103,0.095,,,329.0,387.0,,,29.655384146185995,44.78798471753339
CC(C)(C)C1CC(O)CC(C(C)(C)C)C1,"cis-1,3-bis(1,1-dimethylethyl)-5-hydroxycyclohexane",0.909,0.862,23.102,5.104,0.103,0.095,,,329.0,387.0,,,28.99149017567619,43.785430635306334
CCCCCCCC(=O)CCCCCC,7-tetradecanone,0.814,0.773,2.334,1.151,0.167,0.156,466.0,504.0,348.0,399.0,82.98571384229282,98.55500578088572,76.44210135750929,92.28660154981723
CC(C)CCCCCCCCCCC(=O)O,12-methyltridecanoic acid,,,,,,,,,356.0,410.0,,,,
CCCCCCCCCCCCC1CO1,dodecyloxirane,0.831,0.789,2.407,1.09,0.156,0.146,486.0,523.0,343.0,396.0,79.80883131293093,97.07727850944867,72.35664219559932,89.7707231000879
CCCCCCC(C)OC(=O)CCCCC,1-methylheptyl hexanoate,0.8381,0.7896,4.176,1.558,0.147,0.137,476.0,518.0,353.0,408.0,66.42915189538567,85.33941034719979,61.07126229873669,79.79714994111382
CCCCC(CC)CC(C)CC(C)C(=O)O,"2,4-dimethyl-6-ethyldecanoic acid",0.8783,0.837,13.663,3.704,0.142,0.133,487.0,529.0,356.0,412.0,44.6587793804345,62.95605942245313,40.89100987461917,58.68134276499092
CCCCCCCCC(C)CC(C)C(=O)O,"2,4-dimethyldodecanoic acid",0.874,0.833,14.874,3.962,0.148,0.139,490.0,530.0,356.0,411.0,44.90648842482219,63.66840577822529,41.04684891065066,59.27326873523155
CCCCC(CC)C(=O)OCC(CC)CC,2-ethylbutyl 2-ethylhexanoate,0.937,0.886,3.308,1.253,0.14,0.131,473.0,518.0,353.0,409.0,69.33684105407022,89.11019092336544,63.85790071526008,83.3804393699979
CCCCCC(C)COC(=O)CC(C)(C)C,"2-methylheptyl 3,3-dimethylbutanoate",0.8334,0.788,3.96,1.51,0.129,0.12,472.0,517.0,354.0,411.0,60.11412678024087,76.79160163832628,55.441028235120534,71.9917184695981
COC(=O)CCCCCCCCCCCCO,methyl 13-hydroxytridecanoate,,,,,,,,,371.0,426.0,,,,
CC(O)CCC(C)OCCC1CCCCC1,5-(2-cyclohexylethoxy)-2-hexanol,1.024,0.975,30.273,7.077,0.159,0.146,,,343.0,399.0,,,36.81894020893505,54.38527512577017
CCC(C)CCCCCCCCCC(=O)O,11-methyltridecanoic acid,0.8744,0.834,29.735,6.595,0.143,0.134,490.0,530.0,357.0,411.0,35.904976880905735,53.51020980789491,32.84490902664513,49.8163101031613
CCCCCCCCCC(=O)OCC(C)C,2-methylpropyl decanoate,0.96,0.909,3.646,1.353,0.147,0.137,476.0,519.0,353.0,408.0,69.99708356086072,90.10746006345532,64.35141994623076,84.20984619620106
CCCCCCCC(C)CC(C)CC(=O)O,"3,5-dimethyldodecanoic acid",0.8781,0.838,14.805,4.057,0.148,0.139,486.0,527.0,356.0,411.0,44.58247569664146,62.75151055947353,40.84475387300994,58.51302665524379
CCCCCCCCCC(=O)OCCCC,butyl decanoate,0.84632,0.8007,2.599,1.211,0.154,0.143,484.0,524.0,354.0,407.0,77.5124018979406,93.16172309086478,70.98372926174875,86.76978648903798
CCCCCCCCCC(=O)OC(C)(C)C,"decanoic acid, 1,1-dimethylethyl ester",0.8757,0.8289,5.938,1.93,0.133,0.124,461.0,506.0,354.0,410.0,54.934363269144264,73.56144831460706,51.00111165443662,69.3344108752892
CC1(C)OCCCCOC(C)(C)OCCCCO1,"2,2,9,9-tetramethyl-1,3,8,10-tetraoxacyclotetradecane",,,,,,,,,356.0,417.0,,,,
CC(C)CCCCCCCCC(C)C,"2,11-dimethyldodecane",0.75527,0.7129,1.336,0.616,0.127,0.118,455.0,499.0,342.0,397.0,81.49215566789437,98.63500035114984,75.20361958116119,92.4900760464341
CCCCCCCCCC(=O)OC(C)CC,"decanoic acid, 1-methylpropyl ester",0.96,0.909,3.646,1.353,0.147,0.137,476.0,518.0,353.0,408.0,69.99708356086072,90.05858762017675,64.35141994623076,84.20984619620106
CC(C)(C)C(C)(C)C(C)(C)C(C)(C)C,"2,2,3,3,4,4,5,5-octamethylhexane",,,,,,,,,343.0,403.0,,,,
CCCCCCCCCCCCCC(=O)OO,peroxytetradecanoic acid,1.019,0.973,14.72,3.7,0.165,0.153,,,371.0,426.0,,,45.63705225457233,66.27274619513412
CC(C)CC(C)(CC(C)C)C(C)(C)C,"2,4,6-trimethyl-4-(1,1-dimethylethyl)heptane",0.7861,0.7441,2.163,1.008,0.09,0.084,416.0,469.0,342.0,401.0,54.0436843358296,65.93838379077032,51.1464550664037,63.09600893970624
CCCCCCCCC(C)CC(C)C,"2,4-dimethyldodecane",0.7479,0.7061,1.966,0.928,0.126,0.117,445.0,492.0,343.3,399.9,71.95866611609861,86.68259042926736,66.89358539901366,81.77320654083785
CCCCCCCCCCCC(C)C,2-methyltridecane,0.7466,0.7046,2.036,0.937,0.133,0.124,449.0,493.0,336.9,392.2,74.36373327302563,90.30690507081326,68.59150359597365,84.67921146615068
CCCCCCCC(C)CC(C)CC,"3,5-dimethyldodecane",0.7524,0.7102,1.728,0.831,0.125,0.116,441.0,487.0,342.0,397.0,74.20282114792634,88.84965685162156,69.08144060285694,83.88679995620433
CCC(CC)CCCCC(CC)CC,"3,8-diethyldecane",0.7633,0.72,2.358,1.097,0.125,0.116,438.0,484.0,342.0,397.0,68.35253791405961,82.6262713123086,63.75724180173151,78.14675052937827
CC(C)C(C)(C)CC(C)(C)C(C)(C)C,"2,2,3,3,5,5,6-heptamethylheptane",0.79,0.749,2.532,1.202,0.08,0.075,424.0,476.0,343.0,402.0,47.43750352932586,57.693596745520594,44.69120309070236,55.01556375367392
CCCCCCCCCCC(C)CC,3-methyltridecane,0.7523,0.7107,1.994,0.929,0.132,0.123,446.0,490.0,335.6,391.2,74.05662653110133,89.60378827791543,68.36278458959026,84.103875651309
CCCCC(CCC)(CCC)CCC,"4,4-dipropyloctane",0.7672,0.7267,2.998,1.17,0.115,0.108,418.0,466.0,342.0,397.0,58.2795330703012,74.84215831453257,55.08086085021424,71.5433240464912
CC(CC(C)(C)C(C)(C)C)C(C)(C)C,"2,2,3,3,5,6,6-heptamethylheptane",0.78715,0.74594,3.619,1.42,0.08,0.074,422.0,475.0,343.0,402.0,42.90735167654622,54.5686927942576,40.47711525406475,52.0665050347147
CCC(CC(C)C)C(CC)CC(C)C,"4,5-diethyl-2,7-dimethyloctane",0.7628,0.7187,1.442,0.696,0.111,0.102,424.0,475.0,341.0,399.0,71.78381979834575,85.60531480476523,67.51687857368645,81.50804787116736
CCCC(C)(CC)C(C)(CC)CCC,"4,5-diethyl-4,5-dimethyloctane",0.7857,0.7463,4.2,1.595,0.102,0.096,420.0,469.0,343.0,399.0,48.3175947953417,62.65374546689264,45.64187927996408,59.86869523220694
CC(C)(C)CCCCCCC(C)(C)C,"2,2,9,9-tetramethyldecane",0.796,0.75,2.889,1.173,0.102,0.095,434.0,482.0,343.0,399.0,56.59050579877835,71.36456303536242,52.96585053811461,67.66984078304311
CCCCCCCCCCC(C)(C)C,"2,2-dimethyldodecane",0.812,0.766,2.833,1.149,0.12,0.111,441.0,487.0,338.7,394.8,64.24158242535401,80.51050529801887,59.64481140869799,75.8947170503858
CC(C)CC(C)(C)C(C)(C)CC(C)C,"2,4,4,5,5,7-hexamethyloctane",0.7776,0.7378,2.315,1.098,0.09,0.085,422.0,474.0,342.0,401.0,52.43541069298684,64.13672443673514,49.42490293518975,61.189209212005466
CC(C)CC(C)CC(C(C)C)C(C)C,"2,5,7-trimethyl-3-(1-methylethyl)octane",0.7613,0.7177,1.576,0.766,0.108,0.1,439.0,489.0,341.0,400.0,69.09922652046413,82.55965231574041,64.35936096777036,78.02337796198834
CCCCCCCC(C)CCC(C)C,"2,5-dimethyldodecane",0.7473,0.7051,1.74,0.823,0.125,0.116,441.0,486.0,342.0,397.0,74.0585095022838,89.04026317052447,68.9470891560719,84.11538207556596
CC(C)CCC(CC(C)C)CC(C)C,"2,7-dimethyl-4-(2-methylpropyl)octane",0.795,0.748,1.384,0.682,0.112,0.103,433.0,483.0,341.0,399.0,74.84932017064592,88.68482244322627,69.98542781037692,84.04437435141348
CCC(CC)(CC)C(CC)(CC)CC,"3,3,4,4-tetraethylhexane",0.845,0.804,5.207,1.841,0.105,0.098,451.0,490.0,343.0,399.0,47.91372109243286,62.52793450994237,44.362731150490255,59.01679232577409
CCCCCCCCCCCCC(O)C(=O)O,.alpha.-hydroxymyristic acid,,,,,,,,,374.0,428.0,,,,
CCCCCCCCCCOCCCC,1-butoxydecane,0.7876,0.7459,2.412,1.099,0.153,0.143,472.0,512.0,358.0,410.0,77.64896359457006,94.40734465329642,71.83946255266439,88.68787344033515
CCCCCCCCCCC(C)(C)CO,"1-dodecanol, 2,2-dimethyl-",0.8234,0.7826,145.737,14.056,0.133,0.123,471.0,515.0,360.0,415.0,22.00067363654659,41.178249647840424,20.398728182929812,38.751939043175966
CCCCCCCCCCCCOCC,1-ethoxydodecane,0.7891,0.747,2.661,1.178,0.156,0.145,488.0,526.0,358.0,410.0,77.52344901353878,94.47618925815304,71.05389431291515,88.08159626139282
CCCCCCC(CC)OCCCCC,1-ethylheptyl pentyl ether,0.7876,0.7432,3.555,1.332,0.147,0.137,471.0,513.0,358.0,411.0,68.8122739009757,88.31599954382158,63.70190551214531,82.97687566012287
CCCCCCCC(CO)CCCCC,"1-nonanol, 2-pentyl-",0.8274,0.7867,105.149,11.313,0.147,0.136,485.0,526.0,359.0,414.0,26.111495741787873,47.29679258003542,23.992785286614215,44.21611654532372
CCCCCCCCCCCCCCO,1-tetradecanol,0.8222,0.77881,15.227,2.889,,,515.0,605.9,348.6,405.1,,,,
CC(C)CCCCCCCCCCCO,"1-tridecanol, 12-methyl-",0.905,0.862,143.646,13.921,0.149,0.138,490.0,530.0,359.0,414.0,24.598331166303097,45.88667572475333,22.53728284555288,42.80652662493706
CCC(C)CCCCCCCCCCO,"1-tridecanol, 11-methyl-",0.8246,0.784,117.633,12.372,0.15,0.137,495.0,535.0,359.0,414.0,25.80027044183431,46.55416352853104,23.57110183928318,43.31464953932785
CCCCCCCCCC(O)CC(C)C,2-methyl-4-tridecanol,0.892,0.847,35.874,5.313,0.141,0.13,,,359.0,415.0,,,32.412869230304246,54.49982627504231
CCC(CC(C)C)C(CC)CC(C)C,"4,5-diethyl-2,7-dimethyloctane",0.898,0.854,56.793,7.728,0.15,0.138,,,359.0,414.0,,,30.24379187620115,51.96303763747486
CCCCCC(C)(O)CCCC(C)(C)C,"2,2,6-trimethyl-6-undecanol",0.884,0.836,45.249,6.22,0.118,0.108,482.0,526.0,360.0,417.0,29.55626787275702,49.67196934947907,27.226784604379915,46.53099734384747
CCCC(C)(CC)C(C)(CC)CCC,"4,5-diethyl-4,5-dimethyloctane",0.8153,0.7721,85.858,10.491,0.143,0.13,517.0,555.0,360.0,415.0,28.677759919575355,49.34893309720821,25.90169757817992,45.474201442430115
CCC(C)(O)CCCCCCC(C)(C)C,"3,10,10-trimethyl-3-undecanol",0.918,0.868,57.734,7.488,0.122,0.112,506.0,547.0,360.0,417.0,28.98747595880405,49.49558840370637,26.34030227636871,45.85798087847406
CCCC(O)(C(C)(C)CC)C(C)(C)CC,"3,3,5,5-tetramethyl-4-propyl-4-heptanol",0.8731,0.826,42.378,6.053,0.101,0.093,488.0,534.0,361.0,419.0,26.872059291910087,44.905030161093215,24.687392908713026,41.94367131935952
CCCCC(O)(C(C)(C)C)C(C)(C)CC,"3,3-dimethyl-4-(1,1-dimethylethyl)-4-octanol",0.8584,0.8118,43.103,6.159,0.101,0.093,489.0,534.0,361.0,419.0,26.679326599736008,44.552317490136986,24.496219076383863,41.614219044465386
CCCCC(O)(CC(C)C)C(C)(C)CC,"3,3-dimethyl-4-isobutyl-4-octanol",0.8426,0.7982,30.857,5.011,0.111,0.102,477.0,523.0,360.0,418.0,30.727766184544844,49.48255027909762,28.389102506671517,46.459489946163785
CCCCCCCCCCCCOCC,1-ethoxydodecane,,,,,,,,,376.0,435.0,,,,
CCCCCC(O)(C(C)(C)C)C(C)(C)C,"3-(1,1-dimethlyethyl)-2,2-dimethyl-3-octanol",0.8466,0.8002,41.342,5.999,0.101,0.093,485.0,531.0,361.0,419.0,26.89936434433199,44.7581594447508,24.75538256304499,41.87279345980561
CCCCCCCC(O)(C(C)C)C(C)C,"3-decanol, 2-methyl-3-(1-methylethyl)-",0.8422,0.798,30.872,4.887,0.122,0.113,479.0,524.0,359.0,417.0,32.87944038429574,53.59960063880076,30.31755021740431,50.26410281874645
CCCCC(CC)CCOCCC(C)C,3-methylbutyl 3-ethylheptyl ether,0.7697,0.728,3.378,1.291,0.141,0.131,467.0,510.0,358.0,412.0,66.40357172968642,84.62517935353296,61.61974500890573,79.69493091071647
CCCCCCCCCCCC(O)CC,3-tetradecanol,0.8156,0.7748,50.27,7.099,0.148,0.136,,,359.0,414.0,,,29.692870814715445,50.4440629191568
CCCCCCCCCCCCC(O)CO,"tetradecane, 1,2-dihydroxy-",,,,,,,,,377.0,432.0,,,,
CCCCCCCCCCCOCC(O)CO,"3-(undecyloxy)-1,2-propanediol",1.07,1.02,,,,,575.0,609.0,393.0,448.0,,,,
CCCCCCCCCCOCCCC,1-butoxydecane,1.04,0.99,16.346,4.04,0.242,0.22,573.0,605.0,377.0,431.0,70.03919060186647,98.39854188533108,62.258269521529805,89.44567217891367
CCCCCOCCCCOCCCCC,"1,4-dipentoxybutane",0.8267,0.784,3.508,1.556,0.168,0.157,483.0,523.0,374.0,425.0,74.21337523798,90.8612366075109,69.06160030303127,85.70968996493728
O=C1c2ccccc2C(=O)c2c(O)ccc(O)c21,"1,4-dihydroxy-9,10(9H,10H)anthracenedione",,,,,0.323,0.29,,,254.0,294.0,,,,
O=C1c2ccccc2C(=O)c2ccccc21,"9,10(9H,10H)-anthracenedione",,,,,,,,,217.0,255.0,,,,
O=C1C(=O)c2ccccc2-c2ccccc21,"9,10-phenanthrenedione",,,,,,,,,217.0,255.0,,,,
CCCCCCC(O)C(CO)CCCCC,"2-pentyl-1,3-nonanediol",0.8878,0.849,168.957,18.846,0.174,0.16,546.0,583.0,376.0,433.0,25.784809818198905,45.829675083726734,23.216245250861636,42.15103655782394
CCCCC(CC)COCCCCCCO,6-(2-ethylhexyloxy)-1-hexanol,0.964,0.917,9.129,2.508,0.167,0.154,518.0,556.0,375.0,429.0,59.1623400897839,81.89076886468682,54.023084598942944,76.12996779970214
CC(C)CC(C)(OOC(C)(C)C)OOC(C)(C)C,"2,2-bis(tert-butyldioxy)-4-methylpentane",1.016,0.951,3.839,1.577,0.142,0.129,544.0,587.0,407.0,463.0,71.93856317234706,88.1002981377095,66.30048360836332,82.41142296440233
CCCCCCCCOCCOCCOCCO,2-[2-[2-(octyloxy)ethoxy]ethoxy]ethanol,0.939,0.896,13.845,4.353,0.219,0.199,594.0,622.0,408.0,459.0,62.48107063592228,81.81605770462488,56.21614227028736,75.11267389641544
CCCCOCCOCCOCCOCCCC,"5,8,11,14-tetraoxaoctadecane",1.058,1.007,2.647,1.152,0.209,0.196,556.0,589.0,406.0,456.0,99.0954387996184,121.5309695441514,90.70735421231358,113.0889939151544
CCCCCCOCCOCCOCCOCCO,"3,6,9,12-tetraoxaoctadecan-1-ol",0.974,0.93,16.427,4.946,0.235,0.214,609.0,637.0,424.0,474.0,62.44410465096473,82.87199294833712,56.39707938786224,76.26052808065047
COCCOCCOCCOCCOCCOC(C)C,"18-Methyl-2,5,8,11,14,17-hexaoxanonadecane",1.159,1.106,15.531,4.702,0.239,0.225,603.0,633.0,438.0,488.0,66.42186489962539,90.2345729759478,60.709194738327945,83.86690181287923
CCCCOCCOCCOCCOCCOCCO,pentaethylene glycol monobutyl ether,1.017,0.972,20.649,6.173,0.265,0.239,654.0,677.0,440.0,490.0,64.51716018842679,84.95326399764437,57.710715714767176,77.56890029002075
C1=Cc2ccc3c4c(ccc1c24)C=C3,cyclopent[fg]acenaphthylene,1.326,1.281,2.489,1.093,0.314,0.301,312.0,333.0,182.0,218.0,123.9903868466225,154.41384764742585,106.5467996023688,137.06623815073652
O=C1C=CC(=O)c2c1cc1ccccc1c2O,"9-hydroxy-1,4-anthraquinone",,,,,,,,,235.0,274.0,,,,
Cc1ccc2c(c1)C(=O)c1ccccc1C2=O,"2-methyl-9,10(9H,10H)-anthracenedione",,,,,,,,,242.0,284.0,,,,
c1cc2c3c(c1)ccc1cccc(c13)C2,benzo[def]fluorene,1.243,1.2,21.722,4.583,0.241,0.231,306.0,335.0,200.2,241.7,53.561049916451786,82.56034355469149,47.53543670208796,75.3168432271108
O=c1cc(-c2ccccc2)oc2ccccc12,flavone,,,,,,,,,237.0,280.0,,,,
O=c1cc(-c2ccccc2)oc2cc(O)cc(O)c12,chrysin,,,,,,,,,274.0,318.0,,,,
O=c1cc(-c2ccc(O)c(O)c2)oc2cc(O)cc(O)c12,"5,7,3',4'-tetrahydroxyflavone",,,,,,,,,311.0,356.0,,,,
O=C(C#Cc1ccccc1)c1ccccc1,"1,3-diphenyl-2-propyn-1-one",1.131,1.088,30.062,6.801,0.193,0.184,353.0,378.0,239.0,277.0,42.40508121400757,63.45057393116122,37.99900319811147,58.13754257063909
O=c1c2ccccc2ccc2ccccc12,"5H-dibenzo[a,d]cyclohepten-5-one",1.271,1.228,20.456,5.619,0.235,0.225,343.0,371.0,224.0,265.0,54.00029161221172,76.95992476510092,47.90078566023186,70.00979694482176
O=c1c(-c2ccccc2)c1-c1ccccc1,diphenylcyclopropenone,1.127,1.093,10.648,3.385,0.214,0.206,269.0,308.0,235.0,275.0,53.03502786768362,73.99739644045493,51.05695082098954,71.67561199256431
O=c1cc(-c2ccccc2)oc2c(O)c(O)ccc12,"7,8-dihydroxyflavone",,,,,0.205,0.198,,,274.0,318.0,,,,
Cc1ccc2c(ccc3ccccc32)c1,2-methylphenanthrene,,,,,,,,,222.0,263.0,,,,
COc1c2c(cc3ccccc13)C(=O)C=CC2=O,"1,4-anthracenedione, 9-methoxy-",,,,,,,,,258.0,299.0,,,,
Cc1cccc2c1ccc1ccccc12,1-methylphenanthrene,1.141,1.099,9.641,3.003,0.258,0.246,337.0,365.0,222.0,263.0,71.94279675174347,98.7118324983798,63.97261702998162,90.01808786470426
C1=CC(c2ccccc2)c2ccccc21,"1H-indene, 1-phenyl-",1.0744,1.0338,8.842,2.805,0.178,0.169,296.0,330.0,218.0,259.0,53.91534495306304,73.97116585382031,49.47044779585485,69.09803799756935
Cc1c2ccccc2cc2ccccc12,9-methylanthracene,,,,,,,,,222.0,263.0,,,,
Cc1ccc2cc3ccccc3cc2c1,2-methylanthracene,1.152,1.109,9.549,2.885,0.258,0.246,347.0,374.0,222.0,263.0,73.21595721982186,101.18519217659995,64.571392938397,91.64351351152204
C1=C(c2ccccc2)Cc2ccccc21,2-phenyl-1H-indene,1.0667,1.027,14.062,4.382,0.208,0.198,342.0,369.0,218.0,260.0,54.771576840564634,74.97260128508782,48.25491024930076,67.94070757819152
O=C(C=Cc1ccccc1)c1ccccc1,"1,3-diphenyl-2-propene-1-one",,,,,,,,,245.0,286.0,,,,
O=C1c2ccccc2CCc2ccccc21,"10,11-dihydro-5H-dibenzo[a,d]cyclohepten-5-one",1.21,1.169,21.488,5.902,0.162,0.155,326.0,360.0,233.0,276.0,39.54195531317625,56.65725521761547,35.97719090384134,52.57694678756595
Cc1cccc2ccc3ccccc3c12,4-methylphenanthrene,,,,,,,,,222.0,263.0,,,,
Cc1cc2ccccc2c2ccccc12,9-methylphenanthrene,1.132,1.089,9.717,2.847,0.256,0.244,324.0,354.0,222.0,263.0,71.06695406665851,99.42019884970846,63.8970020644521,91.4478631596722
Cc1cccc2cc3ccccc3cc12,"anthracene, 1-methyl-",1.088,1.0468,10.11,3.057,0.259,0.247,353.0,378.0,222.0,263.0,71.73136767816764,98.94279698565296,62.95774707867676,89.34480224458099
Cc1ccc2c(ccc3ccc(O)cc32)c1,3-hydroxy-7-methylphenanthrene,,,,,,,,,242.0,284.0,,,,
O=Cc1c2ccccc2cc2ccccc12,anthracene-9-carboxaldehyde,,,,,,,,,,,,,,
O=C1Cc2ccccc2-c2ccccc2C1,"6H-Dibenzo(a,c)cyclohepten-6-one, 5,7-dihydro-",,,,,,,,,233.0,276.0,,,,
O=C(O)c1ccc2cc3ccccc3cc2c1,2-anthracenecarboxylic acid,,,,,,,,,,,,,,
Cc1ccc2ccc3ccccc3c2c1,"phenanthrene, 3-methyl-",1.133,1.091,9.709,2.841,0.257,0.245,330.0,359.0,222.0,263.0,71.17905286937098,99.50565439037976,63.66831045309929,91.1660721497888
O=C1c2cccc(O)c2C(=O)c2cccc(O)c21,"1,5-dihydroxyanthraquinone",,,,,,,,,254.0,294.0,,,,
O=C(O)c1c2ccccc2cc2ccccc12,9-carboxyanthracene,,,,,,,,,,,,,,
O=C1c2cccc(O)c2C(=O)c2c(O)cccc21,"anthraquinone, 1,8-dihydroxy-",,,,,,,,,254.0,294.0,,,,
O=C(O)C(=Cc1ccccc1)c1ccccc1,"2,3-diphenylpropenoic acid",,,,,,,,,254.0,298.0,,,,
O=C1CC(c2ccccc2)Oc2ccccc21,"2,3-dihydroflavone",,,,,,,,,246.0,290.0,,,,
c1ccc(Cc2cc3ccccc3o2)cc1,2-benzylbenzofuran,1.082,1.04,11.091,2.885,0.177,0.168,289.0,328.0,234.0,276.0,49.39931643522792,72.01257219829897,46.55119101633214,68.59946618390725
Cc1ccc(C(=O)c2ccccc2C(=O)O)cc1,2-(4-methylbenzoyl)benzoic acid,,,,,,,,,273.0,316.0,,,,
O=C1CC(c2ccc(O)cc2)Oc2cc(O)cc(O)c21,"4',5,7-trihydroxyflavanone",,,,,,,,,301.0,348.0,,,,
COc1c2ccccc2cc2ccccc12,"anthracene, 9-methoxy-",1.206,1.163,7.297,2.494,0.277,0.264,356.0,384.0,238.0,278.0,81.8478904020039,109.24688051431431,73.08288846646965,99.75771031378562
CC=C(c1ccccc1)c1ccccc1,"1,1-diphenyl-1-propene",,,,,,,,,240.0,283.0,,,,
CC(=Cc1ccccc1)c1ccccc1,"1,2-diphenyl-1-propene",,,,,,,,,240.0,283.0,,,,
O=c1c(O)c(-c2ccccc2)oc2ccccc12,"flavone, 3-hydroxy-",,,,,,,,,256.0,299.0,,,,
C(=Cc1ccccc1)Cc1ccccc1,"1,3-diphenyl-1-propene",0.9904,0.952,8.683,2.836,0.167,0.158,335.0,368.0,239.0,282.0,52.60888617445162,71.11268365074234,47.84178030622584,65.98255844779486
O=C(/C=C/c1ccccc1)Oc1ccccc1,phenyl cinnamate,1.109,1.065,10.821,2.563,0.181,0.172,358.0,391.0,250.0,294.0,53.2727134207976,78.94342840734593,48.154629634902896,72.8589260650856
O=Cc1c2ccccc2cc2ccccc12,anthracene-9-carboxaldehyde,0.9928,0.9506,8.763,2.525,0.153,0.145,317.0,354.0,240.0,285.0,48.987857450245485,68.99611755880017,45.29955098495386,64.91392882586146
CC=Cc1ccccc1-c1ccccc1,"1,1'-biphenyl, 2-(1-propenyl)-",0.999,0.958,18.018,4.384,0.211,0.201,319.0,354.0,240.0,282.0,50.9210175639146,75.3585711254241,47.00393064663531,70.689207332447
c1ccc(C2(c3ccccc3)CC2)cc1,"1,1-diphenylcyclopropane",1.0191,0.976,12.756,3.484,0.146,0.138,336.0,370.0,237.0,281.0,44.31938417058216,62.998648772427714,40.17456547173888,58.30652750198178
c1ccc(C2Cc3ccccc3C2)cc1,"2,3-dihydro-2-phenyl-1H-indene",1.122,1.076,9.804,2.974,0.147,0.139,346.0,377.0,227.0,270.0,49.251359253125216,67.79000099040321,43.7447750734573,61.713964350388245
c1ccc(C2CC2c2ccccc2)cc1,"1,2-diphenylcyclopropane",1.0185,0.9765,11.782,3.379,0.151,0.143,342.0,374.0,236.0,280.0,46.32458185000134,64.91331907248237,41.73400950675208,59.837106990506825
CC1(O)CC=Cc2c1ccc1ccccc21,1-hydroxy-1-methylphenanthrene,,,,,,,,,,,,,,
C1=C(c2cccc3ccccc23)CCC1,1-(1-cyclopenten-1-yl)naphthalene,1.0508,1.011,13.323,4.154,0.229,0.218,324.0,357.0,227.0,271.0,58.55982186110245,80.62316659912106,52.982629607836344,74.6085404499545
C=Cc1ccc(Cc2ccccc2)cc1,1-ethenyl-4-(phenylmethyl)benzene,0.9877,0.9459,3.037,1.247,0.148,0.14,333.0,366.0,242.0,285.0,66.27182684780497,83.99863330112673,60.58047051436754,78.2911819757732
c1ccc(C2CC2c2ccccc2)cc1,"cis-1,2-diphenylcyclopropane",1.049,1.006,9.438,2.684,0.147,0.139,312.0,349.0,236.0,280.0,47.44502858203334,66.99352077533297,43.86167087340531,62.96824133695849
Cc1cccc(/C=C/c2ccccc2)c1,1-methyl-3-(2-phenylethenyl)benzene,1.0083,0.9647,3.769,1.555,0.151,0.144,325.0,359.0,240.0,282.0,63.59043196189558,81.07558628833972,58.3918732530279,75.75252330352112
CC(=Cc1ccccc1)c1ccccc1,"1-propene, 1,2-diphenyl-, cis-",1.014,0.971,7.495,2.472,0.152,0.144,328.0,362.0,240.0,283.0,52.58971661486885,71.05311193085775,48.165818036505826,66.29883651682538
CC(=Cc1ccccc1)c1ccccc1,trans-.alpha.-methylstilbene,,,,,,,,,240.0,283.0,,,,
c1ccc(C2CC2c2ccccc2)cc1,"trans-1,2-diphenylcyclopropane",1.0212,0.979,9.694,2.758,0.147,0.139,312.0,349.0,236.0,280.0,46.84107641638492,66.13264195389772,43.30333311063742,62.15908808209672
C=C(Cc1ccccc1)c1ccccc1,"2,3-diphenyl-1-propene",1.035,0.99,6.57,2.222,0.149,0.141,338.0,372.0,242.0,285.0,54.95331516905117,73.60718337367469,50.02382448511549,68.29270730060055
O=C(Cc1ccccc1)Cc1ccccc1,"1,3-diphenyl-2-propanone",1.051,1.011,25.69,6.528,0.182,0.173,343.0,378.0,257.0,300.0,41.076145564541896,59.84106399894906,37.87264489888616,56.07445645229341
C=C(C)c1ccccc1-c1ccccc1,2-isopropenylbiphenyl,0.995,0.952,3.618,1.576,0.194,0.183,323.0,359.0,243.0,286.0,76.5865241039323,95.57997157794348,70.69435471164373,89.65914514622878
CCC1c2ccccc2-c2ccccc21,9-ethyl-9H-fluorene,1.0409,1.0,8.454,2.6,0.197,0.187,349.0,379.0,232.0,275.0,61.46076243341148,84.42336388503011,54.79146605586291,77.13930644351835
CC1(C)c2ccccc2-c2ccccc21,"9H-fluorene, 9,9-dimethyl-",1.068,1.029,8.427,2.624,0.179,0.171,315.0,350.0,233.0,276.0,55.048819430242254,76.18784866507515,50.572039838948314,71.2634911578987
CCc1ccc(C(=O)c2ccccc2)cc1,4-ethylbenzophenone,1.07,1.029,5.981,2.235,0.172,0.164,355.0,388.0,258.0,300.0,60.42664296736646,78.97257102587649,55.2379884681624,73.46020257853587
O=C(CC(=O)c1ccccc1)c1ccccc1,dibenzoylmethane,,,,,,,,,263.0,304.0,,,,
CO/C(=C/c1ccccc1)c1ccccc1,"(E)-1-methoxy-1,2-diphenylethylene",1.077,1.031,7.521,2.522,0.167,0.158,351.0,384.0,256.0,298.0,57.10892474965617,76.53770169486062,52.25730320123488,71.2689037504105
Cc1cc(C)c(C(=O)c2ccccc2)c(O)c1,"(2-hydroxy-4,6-dimethylphenyl)phenylmethanone",,,,,,,,,279.0,323.0,,,,
CO/C(=C\c1ccccc1)c1ccccc1,"(Z)-1-methoxy-1,2-diphenylethylene",1.077,1.031,7.521,2.522,0.167,0.158,351.0,384.0,256.0,298.0,57.10892474965617,76.53770169486062,52.25730320123488,71.2689037504105
Cc1ccc(C(=O)c2ccccc2)cc1C,"3,4-dimethylbenzophenone",1.079,1.038,6.117,2.216,0.161,0.152,363.0,395.0,259.0,301.0,57.6203144139087,75.33319463900929,52.40046172316697,69.78858246123696
Cc1ccc(C(=O)c2ccc(C)cc2)cc1,"4,4'-dimethylbenzophenone",1.079,1.036,6.117,2.317,0.16,0.152,360.0,392.0,259.0,301.0,58.00102061284221,75.23651130620155,52.869958054361376,69.84865274999775
Cc1oc2cc3ccccc3c-2c(C)c1C,"4,5,6-trimethyl-2,3-benzoxalene",1.138,1.086,2.021,0.866,0.203,0.19,352.0,385.0,251.0,294.0,98.51471356273966,122.27103331164932,89.57501004897158,113.33905396183384
O=C(O)CC(O)(c1ccccc1)c1ccccc1,"3,3-diphenyl-3-hydroxypropionic acid",,,,,,,,,283.0,330.0,,,,
C1=C(c2cccc3ccccc23)CCC1,1-(1-cyclopenten-1-yl)naphthalene,1.086,1.043,4.604,1.726,0.168,0.16,353.0,385.0,256.0,298.0,66.1677907699638,86.27388463468529,60.449889614622336,80.27610368602308
Cc1ccccc1C(O)(C(=O)O)c1ccccc1,"benzilic acid, 2-methyl-",,,,,,,,,284.0,331.0,,,,
COc1ccc(C=Cc2ccccc2)cc1,cis-4-methoxystilbene,1.088,1.046,4.596,1.721,0.169,0.161,358.0,388.0,256.0,298.0,64.8466140518776,84.44701380578753,59.00895331286144,78.40485706889012
Cc1ccccc1C(C=O)c1ccccc1,"ethanal, 2-phenyl-2-o-tolyl-",1.0922,1.0469,7.599,2.388,0.169,0.161,365.0,398.0,256.0,301.0,57.818138145648255,79.23508776029543,52.32738379482168,73.24722742858931
COc1ccc(C(=O)c2ccc(OC)cc2O)c(O)c1,"2,2'-dihydroxy-4,4'-dimethoxybenzophenone",,,,,,,,,332.0,375.0,,,,
COc1ccc(C=Cc2ccccc2)cc1,"stilbene, 4-methoxy-, trans-",1.086,1.043,4.604,1.726,0.168,0.16,353.0,385.0,256.0,298.0,64.71110659323419,84.3745647216289,59.11908505454862,78.50882494438468
c1ccc(C2(c3ccccc3)OCCO2)cc1,"2,2-diphenyl-1,3-dioxolane",,,,,,,,,253.0,300.0,,,,
Cc1cc(C)c(C(=O)c2ccccc2)c(O)c1,"(2-hydroxy-4,6-dimethylphenyl)phenylmethanone",0.9786,0.936,3.27,1.239,0.146,0.137,348.0,382.0,252.0,296.0,62.67928898253869,80.76333468241819,57.23896762190714,75.1716662341576
O=C(O)C(Cc1ccccc1)c1ccccc1,"propionic acid, 2,3-diphenyl-",,,,,,,,,265.0,311.0,,,,
c1ccc(-c2ccccc2OCC2CO2)cc1,"3-(o-biphenylyloxy)-1,2-epoxypropane",1.228,1.179,11.401,3.393,0.241,0.229,390.0,421.0,269.0,313.0,67.92083467265422,94.07408814787424,61.18230809739043,86.54781060466892
CCc1ccc(Cc2ccccc2)cc1,(4-ethylphenyl)phenylmethane,0.9644,0.9227,2.302,1.105,0.147,0.139,356.0,390.0,252.0,296.0,72.38854181843034,87.7020215102858,65.68420019129158,81.15541225462113
O=C(O)Cc1ccc(OCc2ccccc2)cc1,4-(benzyloxy)phenyl acetic acid,,,,,,,,,279.0,324.0,,,,
CCC(c1ccccc1)c1ccccc1,"1,1-diphenylpropane",0.9762,0.933,3.493,1.233,0.152,0.143,338.0,376.0,250.0,296.0,65.63673956334469,86.76127887217687,60.29804845582257,81.11477399743126
CCOc1ccc(C(=O)C=Cc2ccco2)cc1,"acrylophenone, 4'-ethoxy-3-(2-furyl)-",1.221,1.175,13.923,4.085,0.208,0.198,414.0,443.0,289.0,331.0,56.60523495713826,78.62354824954981,51.16169974552894,72.43473672110959
c1ccc2c(c1)CCc1ccccc1C2,"10,11-dihydro-5H-dibenzo[a,d]cycloheptene",,,,,,,,,,,,,,
CC(Cc1ccccc1)c1ccccc1,"1,2-diphenylpropane",0.9632,0.9161,3.779,1.279,0.152,0.143,337.0,375.0,250.0,296.0,65.72489012602767,87.91946410264013,60.42937493978344,82.25918360534472
c1ccc(CCCc2ccccc2)cc1,"1,3-diphenylpropane",0.972,0.928,3.374,1.336,0.162,0.153,339.9,387.0,251.0,295.0,69.85467564478,90.23741308497269,64.14378979627472,83.60350306240663
CO/C(=C\c1ccccc1)c1ccccc1,"(Z)-1-methoxy-1,2-diphenylethylene",0.9793,0.936,2.349,0.972,0.132,0.125,349.0,383.0,253.0,297.0,65.67094083774012,83.0848566839199,59.98936270860605,77.34895472917724
Cc1cccc(Cc2ccccc2)c1C,"1,2-dimethyl-3-(phenylmethyl)benzene",1.006,0.962,2.386,0.988,0.133,0.125,350.0,384.0,253.0,297.0,67.38061771170871,84.76403822388214,61.50160501899322,78.85434968279459
Cc1ccc(Cc2ccccc2)cc1C,"1,2-dimethyl-4-(phenylmethyl)benzene",0.9786,0.9358,2.452,1.015,0.133,0.125,352.0,385.0,253.0,297.0,66.4537633097176,83.53288742042426,60.558475216203085,77.65220270950307
Cc1ccc(CCc2ccccc2)cc1,1-(4-methylphenyl)-2-phenylethane,1.09,1.042,3.945,1.536,0.156,0.147,407.0,434.0,252.0,296.0,70.13820103209764,89.22572181913418,61.29000930948951,80.11956218387114
CC(C)(c1ccccc1)c1ccccc1,"2,2-diphenylpropane",0.9852,0.9419,4.263,1.486,0.142,0.134,343.0,381.0,251.0,297.0,59.38064638202441,78.90990088818177,54.38697482253066,73.57049726124899
Cc1cccc(C)c1Cc1ccccc1,"1,3-dimethyl-2-(phenylmethyl)benzene",1.006,0.962,2.386,0.988,0.133,0.125,350.0,384.0,253.0,297.0,67.38061771170871,84.76403822388214,61.50160501899322,78.85434968279459
C=C(C)c1ccc(C)c2ccc(C)cc12,"1,6-dimethyl-4-(1-methylethenyl)naphthalene",0.9602,0.92,2.916,1.174,0.167,0.158,364.0,396.0,258.0,302.0,73.9333076112203,93.97007787707804,67.11057194342787,87.073075424163
CC(C(=O)O)(c1ccccc1)c1ccccc1,"2,2-diphenylpropionic acid",,,,,,,,,,,,,,
CC(C)=C(C)c1cccc2ccccc12,"1-(1,2-dimethyl-1-propenyl)naphthalene",0.9905,0.951,4.644,1.788,0.186,0.176,368.0,400.0,255.0,300.0,69.95356594477714,90.02292931163949,63.095243290678326,83.02480686478779
CC=C(CC)c1cccc2ccccc12,1-(1-ethyl-1-propenyl)naphthalene,1.0212,0.9801,4.211,1.632,0.199,0.188,363.0,396.0,254.0,298.0,76.03849373405305,97.6599183006145,68.77197491452237,90.15332231790948
O=C(O)C(Cc1ccccc1)c1ccccc1,"propionic acid, 2,3-diphenyl-",1.092,1.043,3.663,1.438,0.156,0.147,409.0,435.0,252.0,296.0,69.30555290683878,87.89807505763824,60.47894938457913,78.87632986860112
CCc1ccccc1Cc1ccccc1,(2-ethylphenyl)phenylmethane,0.9979,0.958,4.309,1.67,0.198,0.188,361.0,394.0,254.0,298.0,74.5341915928195,96.08725687319448,67.51627819772028,88.82797119875485
Cc1ccc(C(C)c2ccccc2)cc1,1-(4-methylphenyl)-1-phenylethane,0.9735,0.931,5.547,1.826,0.14,0.132,343.0,380.0,251.0,297.0,54.296849212340696,73.226314767541,49.730704378931385,68.32197963485442
Cc1ccccc1-c1c(C)cccc1C,"2,2',6-trimethyl-1,1'-biphenyl",0.981,0.941,15.291,3.719,0.178,0.169,333.0,370.0,254.0,298.0,47.2966094094856,69.8598808650395,43.827446657089666,65.7339500993443
CCc1ccccc1C(O)c1ccccc1,(2-ethylphenyl)phenylmethanol,1.116,1.071,47.491,9.337,0.158,0.148,,,269.0,315.0,,,30.05534418079818,47.37081179241148
Cc1cc(C)c(-c2ccccc2)c(C)c1,"2,4,6-trimethyl-1,1'-biphenyl",0.9643,0.9207,3.111,1.369,0.18,0.17,347.0,382.0,254.0,298.0,77.34027936715609,96.06988100246711,70.84199446920906,89.58800464774922
CCc1ccc(C(O)c2ccccc2)cc1,(4-ethylphenyl)phenylmethanol,1.119,1.074,48.257,9.311,0.158,0.148,,,269.0,315.0,,,29.920369364008067,47.407984334922574
OC(Cc1ccccc1)Cc1ccccc1,"1,3-diphenyl-2-propanol",1.072,1.03,93.284,15.534,0.163,0.154,,,268.0,315.0,,,24.904994124172315,41.42834242803067
CC(C)=C(C)c1cccc2ccccc12,"1-(1,2-dimethyl-1-propenyl)naphthalene",,,,,,,,,287.0,335.0,,,,
CC(C)(c1ccccc1)c1ccc(O)cc1,4-(1-methyl-1-phenylethyl)phenol,,,,,,,,,271.0,319.0,,,,
COc1ccc(C(C)c2ccccc2)cc1,1-(4-methoxyphenyl)-1-phenylethane,1.0285,0.9855,6.417,2.131,0.154,0.146,360.0,396.0,267.0,312.0,55.52528968177024,74.84379989586193,51.04821460130111,69.98901161628903
CCCCC(=O)c1cccc2ccccc12,"1-pentanone, 1-(1-naphthalenyl)-",1.038,0.9979,8.96,3.307,0.235,0.224,396.0,425.0,271.0,315.0,68.98235565719946,89.98629134107924,62.00127587554011,82.71519655757662
CC/C=C(\C)c1cccc2ccccc12,1-(1-methyl-1-butenyl)naphthalene,,,,,,,,,292.0,341.0,,,,
CC(CO)(c1ccccc1)c1ccccc1,"2,2-diphenylpropan-1-ol",1.088,1.045,156.25,22.01,0.155,0.146,,,268.0,316.0,,,20.91406415127244,36.41980833608389
CC(C)(c1ccccc1)c1ccccc1O,2-phenyl-2-(2-hydroxyphenyl)propane,1.044,1.003,124.521,17.946,0.138,0.131,,,271.0,319.0,,,20.297817344177687,35.29992787742411
O=C(OCc1ccccc1)OCc1ccccc1,dibenzyl carbonate,,,,,,,,,,,,,,
CC(C)(c1ccccc1)c1ccc(O)cc1,"4-(.alpha.,.alpha.-dimethylbenzyl)phenol",1.056,1.014,142.045,19.724,0.14,0.132,,,271.0,319.0,,,19.897508993116887,34.797685661554866
CCOC(c1ccccc1)c1ccccc1,ethoxydiphenylmethane,1.031,0.986,9.699,2.84,0.165,0.156,349.0,387.0,266.0,312.0,52.158430352634134,72.8604078442237,48.32222521386772,68.57632234207364
CCCOC(=O)Cc1cccc2ccccc12,"1-naphthaleneacetic acid, propyl ester",1.0683,1.0248,6.178,2.244,0.226,0.215,425.0,454.0,277.0,324.0,76.14970238726981,99.5132221655694,67.51059930975536,90.50389881489062
CCCCOC(=O)c1cccc2ccccc12,"1-naphthalenecarboxylic acid, butyl ester",1.063,1.02,7.056,2.549,0.228,0.216,431.0,460.0,277.0,324.0,73.87279608181314,96.3721809397314,65.23424498987114,87.32412058176851
COc1ccc2cc(CCC(C)=O)ccc2c1,"2-butanone, 4-(6-methoxy-2-naphthalenyl)-",1.121,1.079,26.762,6.395,0.235,0.224,408.0,437.0,288.0,331.0,50.75599964445362,74.78093906241375,46.01885286569418,69.15938154197018
CCCCOC(=O)c1ccc2ccccc2c1,"2-naphthalenecarboxylic acid, butyl ester",1.056,1.014,8.049,2.86,0.234,0.222,458.0,483.0,277.0,324.0,73.29171318663083,95.83532663500384,63.624293590924,85.65399245987264
COC(OC)(c1ccccc1)c1ccccc1,benzophenone dimethyl ketal,,,,,,,,,283.0,328.0,,,,
CCCOC(=O)Cc1ccc2ccccc2c1,propyl (2-naphthyl)acetate,1.059,1.015,7.082,2.562,0.233,0.221,452.0,478.0,277.0,324.0,76.45865880129507,99.53386783056712,66.62017863987101,89.22039156044735
CC1=CCCc2cc3c(cc21)CCCC3,"1,2,3,4,5,6-hexahydro-8-methylanthracene",1.0095,0.969,9.113,2.993,0.14,0.133,353.0,389.0,248.0,296.0,46.827311862825056,63.44200576184557,42.40035188578065,58.74872429395266
CCCCCc1cccc2ccccc12,1-pentylnaphthalene,0.9531,0.9124,4.617,1.469,0.203,0.192,374.0,407.0,265.5,311.7,75.37100183819219,102.3403282911076,68.44549320673295,94.94149388034867
CC1=CCCc2c1ccc1c2CCCC1,"1,2,3,4,5,6-hexahydro-8-methylphenanthrene",1.0204,0.979,8.918,2.86,0.14,0.132,354.0,390.0,248.0,296.0,47.443030586710655,64.35362543318156,42.9236913661774,59.54988165805051
CCC(O)c1ccccc1-c1ccccc1,1-(2-biphenyl)-1-propanol,,,,,,,,,,,,,,
CCc1ccc(CC)c2c(C)cccc12,"1,4-diethyl-5-methylnaphthalene",0.95,0.91,7.895,2.088,0.169,0.16,340.0,379.0,267.0,312.0,55.04085142684638,79.31496885740523,51.42303933472305,75.09130217290304
CCCc1cccc2c(C)ccc(C)c12,"1,4-dimethyl-5-propylnaphthalene",1.09,1.044,2.661,1.054,0.178,0.168,377.0,411.0,267.0,312.0,83.06803965496859,105.94386892364784,75.38531563827405,98.0410178795068
Cc1ccc(C(C)C)c2c(C)cccc12,"1,5-dimethyl-4-(1-methylethyl)naphthalene",0.914,0.877,3.173,1.14,0.159,0.151,318.0,361.0,267.0,313.0,65.3600092578706,87.04602576619669,62.22386363093698,83.62166175106888
Cc1ccc2c(C)cc(C(C)C)cc2c1,"1,6-dimethyl-3-(1-methylethyl)naphthalene",0.9517,0.9106,4.623,1.537,0.171,0.162,372.0,407.0,267.0,313.0,66.6871682127751,89.67746498702145,60.74718600223484,83.29156799350115
Cc1ccc2c(C)ccc(C(C)C)c2c1,"1,6-dimethyl-4-(1-methylethyl)naphthalene",0.9637,0.9213,4.67,1.628,0.172,0.162,381.0,415.0,267.0,313.0,67.81898670876863,89.50321432231503,61.364149427483035,82.67578456813534
CCC(C)(C)c1cccc2ccccc12,"1-(1,1-dimethylpropyl)naphthalene",0.9585,0.9192,12.52,3.264,0.184,0.174,353.0,392.0,265.0,313.0,51.6801481503786,74.6315483490161,47.67533898500722,70.05315562157865
CC(C)(O)c1ccccc1-c1ccccc1,2-(2-biphenyl)-2-propanol,,,,,,,,,,,,,,
CC(C)CCc1cccc2ccccc12,1-(3-methylbutyl)naphthalene,0.99,0.946,4.848,1.691,0.196,0.185,364.0,401.0,265.0,312.0,73.53606089695766,97.49243184524306,67.25454013027891,90.84731135931568
CCc1cc(CC)c2ccccc2c1C,"2,4-diethyl-1-methylnaphthalene",0.9694,0.928,2.785,1.153,0.177,0.168,377.0,410.0,267.0,312.0,79.29388651791147,100.21647450728165,71.96022306734066,92.80443031202232
CCCCCc1ccc2ccccc2c1,2-pentylnaphthalene,0.943,0.9014,3.934,1.514,0.204,0.192,407.0,466.0,295.5,367.2,81.52631030015522,106.06466531562484,74.50521989668844,99.18840104255491
CCC(C)(C)c1ccc2ccccc2c1,"2-(1,1-dimethylpropyl)naphthalene",0.9618,0.9224,12.477,3.361,0.184,0.174,355.0,393.0,265.0,313.0,51.84951869431939,74.12530494816724,47.75562771307914,69.5281206886352
CCC(CC)c1ccc2ccccc2c1,2-(1-ethylpropyl)-naphthalene,0.974,0.933,5.647,1.929,0.193,0.183,351.0,389.0,265.0,312.0,67.60492172555209,90.60500601673662,62.4658259486006,85.15400093763814
CCCC(C)c1ccc2ccccc2c1,2-(1-methylbutyl)naphthalene,0.9519,0.9121,6.198,2.083,0.196,0.186,362.0,399.0,265.0,312.0,66.61308229255334,89.60166385324816,61.017424586277855,83.61189877095745
CC(C)CCc1ccc2ccccc2c1,2-(3-methylbutyl)naphthalene,0.9595,0.919,6.462,2.067,0.199,0.188,374.0,409.0,265.0,312.0,67.50236530444748,91.56942013208769,61.26737502344195,84.85518502335893
CCc1cc2ccccc2cc1C(C)C,2-ethyl-3-(1-methylethyl)naphthalene,0.992,0.948,5.444,1.899,0.182,0.172,362.0,399.0,266.0,313.0,67.3800188888006,89.42228535855554,61.78536432425787,83.51965880896633
CCCc1cc2ccccc2cc1CC,2-ethyl-3-propylnaphthalene,0.994,0.951,3.421,1.367,0.188,0.178,366.0,401.0,266.0,312.0,78.33313746388659,100.02486878298258,71.60733264646402,93.20713645164544
CC1(C)C2CC3C(C2)C31c1ccccc1,"2-phenyl-3,3-dimethyltricyclo[2.2.1.0(2,6)]heptane",0.985,0.94,1.117,0.617,0.105,0.099,337.0,377.0,250.0,299.0,69.87888909324333,81.69452065727529,64.24868236818702,76.53752465733075
CC1(c2ccc(C(=O)O)cc2C(=O)O)CCCCC1,"1-(1-methylcyclohexyl)-2,4-benzenedicarboxylic acid",,,,,,,,,308.0,360.0,,,,
CC1=C2[C@H]3OC(=O)[C@H](C)[C@H]3CC[C@]2(C)C=CC1=O,santonin,1.33,1.281,6.617,2.03,0.175,0.167,438.0,473.0,294.0,346.0,63.44573475023977,87.40623766218015,56.715513428184366,80.0471906501655
CCc1cc(C)c2ccc(C)cc2c1C,"3-ethyl-1,4,6-trimethylnaphthalene",0.9953,0.9544,3.316,1.362,0.166,0.158,388.0,419.0,268.0,313.0,72.43068259537755,91.7489343051626,65.2707392068608,84.52182114176999
CCCCCCC=C=Cc1ccccc1,"(1,2-nonadienyl)benzene",0.8827,0.844,2.719,1.197,0.328,0.309,407.0,439.0,289.0,334.0,124.33379175057668,153.26450744656503,112.91739077490112,141.9208505903222
CC(=C=C(C)C(C)(C)C)c1ccccc1,"(1,3,4,4-tetramethyl-1,2-pentadienyl)benzene",0.8991,0.8595,6.562,2.094,0.267,0.253,361.0,402.0,291.0,339.0,81.44937198396158,111.3679893524668,76.65739590354185,106.1540982129906
CCC/C=C(/C=C/c1ccccc1)CC,"(3-ethyl-1,3-heptadienyl)benzene",0.893,0.852,2.352,1.08,0.153,0.144,382.0,419.0,286.0,333.0,74.74650522148605,91.4209814570808,68.90206423709606,85.69996362832191
CC1=CC(C)(C)c2c(C)cc(C)c(C)c21,"1,1,3,4,5,7-hexamethylindene",0.983,0.938,2.34,0.97,0.108,0.102,385.0,421.0,281.0,327.0,59.95535390618961,75.59433370070676,54.87303171463577,70.40783216264447
C=C1CCCC(C)(C)C1c1ccccc1,"1,1-dimethyl-2-phenyl-3-methylenecyclohexane",0.9207,0.8778,4.779,1.709,0.117,0.111,358.0,399.0,270.0,320.0,50.2172769236907,66.57254342611631,46.38616734890299,62.566255373250314
CCC1=C(C)c2cc(C)ccc2C(C)C1,"1,2-dihydro-3-ethyl-1,4,6-trimethylnaphthalene",0.9497,0.9067,2.422,1.026,0.132,0.125,384.0,420.0,276.0,324.0,67.6679943314214,84.96814380965566,61.66498861096581,78.98641757407215
CC1=Cc2c(C)ccc(C(C)C)c2C1C,"1,2,4-trimethyl-7-(1-methylethyl)indene",0.981,0.936,3.568,1.25,0.126,0.119,384.0,421.0,278.0,327.0,59.441287870670195,78.63610671101314,54.27822513708938,73.24091016071817
Cc1ccc(C)c2c1C=C(C(C)C)C2C,"1,4,7-trimethyl-2-(1-methylethyl)indene",0.983,0.937,3.662,1.281,0.127,0.119,385.0,422.0,278.0,327.0,59.75601142905572,78.6328753384451,54.525706250565584,73.1890393812297
CCc1cc(CC)c2ccccc2c1C,"2,4-diethyl-1-methylnaphthalene",0.9198,0.8775,3.479,1.595,0.14,0.132,357.0,398.0,268.0,318.0,62.349048794654394,76.73971567005898,57.51731185988009,72.04532858424867
c1ccc2c(c1)CCC2C1CCCCC1,"1-cyclohexyl-2,3-dihydro-1H-indene",0.9792,0.9402,17.361,4.467,0.128,0.121,340.0,382.0,252.0,303.0,35.756819331439715,51.98489981442948,32.86758788695202,48.70489357932126
CCCCCCC1C=Cc2ccccc21,1-hexylindene,0.982,0.938,4.684,1.599,0.171,0.162,380.0,416.0,276.0,323.0,67.94133765798838,90.702240514326,62.096724469659726,84.47062950327079
CC12CCCCC1c1ccccc1CC2,"10a-methyl-1,2,3,4,4a,9,10,10a-octahydrophenanthrene",0.9917,0.9518,13.109,3.677,0.117,0.111,342.0,384.0,255.0,306.0,36.57093255969923,52.018074331851906,33.67241335868365,48.799495789798605
CCCCCC=C=Cc1ccc(C)cc1,"1-methyl-4-(1,2-octadienyl)benzene",0.8762,0.8378,3.31,1.397,0.309,0.292,393.0,427.0,290.0,335.0,111.35468597361584,139.49755513325974,102.2300162697072,130.2933765934952
CCCCC1=Cc2ccccc2C1CC,2-butyl-1-ethylindene,0.97,0.926,2.474,1.037,0.156,0.148,370.0,407.0,277.0,324.0,75.54429152156834,95.41982837037511,69.6363607798416,89.490314660223
CC(=Cc1ccccc1)C1CCCCC1,2-cyclohexyl-1-phenyl-1-propene,0.9533,0.9103,4.406,1.868,0.138,0.131,359.0,399.0,266.0,315.0,57.93380906550619,73.18479714934973,53.24799011860235,68.47656342273226
CC1CCc2cc3c(cc2C1)CCCC3,"2-methyl-1,2,3,4,5,6,7,8-octahydroanthracene",0.9771,0.936,8.597,2.885,0.108,0.102,355.0,394.0,257.0,306.0,39.61601231055566,53.23002520950047,36.17476427698664,49.57663227225028
C=C(C=C(C)C(C)(C)C)c1ccccc1,"2-phenyl-4,5,5-trimethyl-1,3-hexadiene",0.8855,0.8462,6.211,2.009,0.114,0.108,369.0,411.0,289.0,339.0,45.05222816112376,61.36174209006919,42.059327200603775,58.12582788115278
CC=CCCC=CCCc1ccccc1,"3,7-nonadienylbenzene",0.8744,0.8326,1.944,0.901,0.162,0.152,373.0,411.0,285.0,331.0,82.06438524209679,100.01507171286076,76.0818186207816,94.10644352279226
CC1=Cc2c(C(C)C)ccc(C)c2C1C,"4-(1-methyl-ethyl)-1,2,7-trimethyl-1H-indene",0.9442,0.9005,3.707,1.299,0.126,0.119,384.0,421.0,278.0,327.0,58.32275278580009,77.1513063211784,53.2568458679792,71.8579814208947
C=C1CCCC2(C)CC3(O)OC(=O)C(C)=C3CC12,atractylenolide III,1.35,1.3,34.074,6.923,0.144,0.134,,,308.0,362.0,,,31.606933061926647,49.17548868484392
CCCCCC/C(C=O)=C/c1ccccc1,"octanal, 2-(phenylmethylene)-",0.993,0.948,3.726,1.477,0.173,0.163,414.0,450.0,302.0,350.0,73.71317137832396,93.79743408484109,67.45417786421042,87.39540892244838
CCOC(=O)C(CC)(C(=O)OCC)c1ccccc1,diethyl ethyl(phenyl)malonate,1.0386,0.9924,32.736,6.852,0.163,0.154,473.0,512.0,332.0,387.0,37.88655946150699,57.74276324085512,34.295952748614326,53.370714548113774
CCCC=C(CCCC)c1ccccc1,(1-butyl-1-pentenyl)benzene,0.8739,0.8334,2.289,1.068,0.142,0.134,384.0,425.0,298.0,347.0,71.04530736866312,86.88817666180053,66.15460172768128,82.07096858990869
CCCCC=C(CCC)c1ccccc1,(1-propyl-1-hexenyl)benzene,0.8739,0.8334,2.517,1.152,0.146,0.137,402.0,440.0,298.0,347.0,71.48295381934294,87.26889553436486,65.70988944110016,81.63021173376823
CC1=Cc2c(C)ccc(C(C)C)c2C1C,"1,2,4-trimethyl-7-(1-methylethyl)indene",0.9482,0.9066,2.742,1.169,0.089,0.084,375.0,416.0,285.0,335.0,48.44535343373016,60.81814418668448,44.846132131302625,57.22388169868186
CCC1=C(C)c2cc(C)ccc2C(C)C1,"1,2-dihydro-3-ethyl-1,4,6-trimethylnaphthalene",0.9299,0.8891,2.688,1.136,0.088,0.083,367.0,409.0,285.0,335.0,47.76925490822408,60.16555482591386,44.48931946529138,56.880743386582274
CCC(C)c1ccc2c(c1)C(C)(C)CC2,"1,1-dimethyl-6-(1-methylpropyl)indan",0.917,0.876,3.49,1.244,0.099,0.094,358.0,403.0,286.0,337.0,47.9020688340405,63.77743931722523,44.969984741701865,60.64808046630388
Cc1ccc(C(C)C)c2c1CCC(C)C2,"1,2,3,4-tetrahydro-2,5-dimethyl-8-(1-methylethyl)naphthalene",0.9193,0.8793,5.656,1.933,0.1,0.094,379.0,420.0,284.0,335.0,42.50641179979944,56.60491247907072,39.19238427151453,53.11646962991325
Cc1cc(C)c2c(c1)C(C)CC(C)C2C,"1,2,4,6,8-pentamethyl-1,2,3,4-tetrahydronaphthalene",0.9257,0.8846,2.593,1.085,0.095,0.09,389.0,428.0,285.0,335.0,51.78672999679457,65.38094558247475,47.447520838901006,61.02688029881467
Cc1ccc(CC2CCCCC2)cc1C,"1,2-dimethyl-4-(cyclohexylmethyl)benzene",0.9373,0.8961,3.627,1.562,0.119,0.112,376.0,417.0,279.0,329.0,54.91240385290989,68.59777554728853,50.49153540939426,64.1730922418388
Cc1ccc(C)c2c1CC(C(C)C)C2C,"1,4,7-trimethyl-2-(1-methylethyl)indan",0.971,0.927,4.119,1.402,0.096,0.09,393.0,432.0,287.0,337.0,46.83040577556903,62.173217883332775,42.86743263056768,57.97811064849081
Cc1ccc(C)c(CC2CCCCC2)c1,"1,4-dimethyl-3-(cyclohexylmethyl)benzene",0.9165,0.8767,3.819,1.597,0.118,0.112,374.0,415.0,279.0,329.0,53.193639300855054,67.42050670957073,48.984579553876095,63.15711577954438
Cc1ccc(CC(C)C)c2c1CCC2C,"1,4-dimethyl-7-(2-methylpropyl)indan",0.972,0.928,4.012,1.379,0.101,0.095,394.0,433.0,286.0,337.0,48.96675481314336,64.98041260195447,44.74700791453625,60.55649223558285
Cc1ccc2c(c1)[C@@H](C(C)C)CC[C@H]2C,"1,6-dimethyl-4-(1-methylethyl)-1,2,3,4-tetrahydronaphthalene",0.9149,0.8748,3.607,1.28,0.104,0.098,352.0,398.0,283.0,335.0,48.63268738339299,64.55833048747643,45.73759682625863,61.50356454928292
CCC(C)C=Cc1ccc(C(C)C)cc1,1-(1-methylethyl)-4-(3-methyl-1-pentenyl)benzene,0.8647,0.8243,4.048,1.444,0.13,0.122,389.0,431.0,297.0,348.0,56.96484091616977,74.85809094368173,52.80079422674739,70.48659516797606
Cc1cc(C)c(C2CCCCC2)cc1C,"1-cyclohexyl-2,4,5-trimethylbenzene",0.9254,0.8845,3.782,1.583,0.105,0.099,375.0,416.0,280.0,330.0,49.462162622442875,62.37095701728984,45.55999414553024,58.43720357958435
CCC=C(C#CC1=CCCCC1)CCC,1-(3-propyl-3-hexen-1-ynyl)cyclohexene,0.8662,0.8241,6.35,2.063,0.135,0.127,411.0,448.0,298.0,346.0,52.983365718835394,71.27788667205094,48.401951659069944,66.2815133918587
CC1=Cc2c(C(C)C)ccc(C)c2C1C,"4-(1-methyl-ethyl)-1,2,7-trimethyl-1H-indene",0.8757,0.8346,7.08,2.157,0.108,0.101,390.0,432.0,301.0,352.0,42.96110381371095,58.864974899454765,39.941991283456375,55.56967239093507
c1ccc(CCCCC2CCCC2)cc1,1-cyclopentyl-4-phenylbutane,0.9109,0.8705,3.733,1.608,0.145,0.137,379.0,419.0,279.0,330.0,62.57577151449866,78.31434941293122,57.40946047688117,73.2268767366356
CCCCCC1CCCc2ccccc21,1-pentyltetralin,0.9141,0.8738,4.846,1.442,0.131,0.124,377.0,417.0,282.0,332.0,53.9369410835284,75.01471671978,49.706886969493496,70.35554705034873
CCC1(CC)Cc2cc(C)cc(C)c2C1,"1H-indene, 2,2-diethyl-2,3-dihydro-4,6-dimethyl-",0.967,0.923,2.482,1.062,0.096,0.09,392.0,430.0,287.0,337.0,53.963468761281305,67.13791252169462,49.43228261406276,62.68959273332425
CC(C)(C)c1cc(C(=O)O)cc(C(C)(C)C)c1,"3,5-di-tert-butylbenzoic acid",,,,,,,,,326.0,379.0,,,,
Cc1ccc2c(c1)C(C)(C)C(C)(C)C2C,"1H-indene, 2,3-dihydro-1,1,2,2,3,6-hexamethyl-",0.954,0.91,2.411,1.022,0.086,0.082,380.0,421.0,288.0,338.0,49.83253491267524,63.09833864937984,46.09427205675159,59.31870193614079
Cc1ccc(C)c(OCCCC(C)(C)C(=O)O)c1,gemfibrozil,,,,,,,,,341.0,393.0,,,,
CC(=O)C(C(C)=O)C12CC3CC(CC(C3)C1)C2,"3-(1-adamantyl)pentane-2,4-dione",1.077,1.036,10.214,2.51,0.153,0.146,379.0,425.0,302.0,355.0,47.21358968960915,69.96854770113711,44.29164034891687,66.51449364621145
CC(=O)C(C(C)=O)C1C2CC3CC(C2)CC1C3,"3-(2-adamantyl)pentane-2,4-dione",1.224,1.172,3.84,1.365,0.171,0.161,441.0,478.0,301.0,354.0,75.13512650730829,98.45471633225264,67.48126293662992,90.4790590678966
CCC1(c2ccccc2)OCC(C(C)C)CO1,"cis-2-ethyl-5-(1-methylethyl)-2-phenyl-1,3-dioxane",1.076,1.027,9.201,3.213,0.154,0.145,427.0,469.0,308.0,363.0,53.113465837233754,70.21065896641082,48.45009097525161,65.32867683892631
Cc1ccc(CC(C)C)c2c1CCC2C,"1,4-dimethyl-7-(2-methylpropyl)indan",,,,,,,,,327.0,387.0,,,,
CCCCCCCCOC(=O)c1ccccc1,octyl benzoate,0.9506,0.908,3.787,1.542,0.162,0.153,428.0,468.0,320.0,372.0,68.02221961046519,86.19686104117454,62.679331489476965,80.8062627444173
CCCCCCCOC(=O)Cc1ccccc1,heptyl phenylethanoate,0.9476,0.905,3.377,1.436,0.158,0.149,409.0,452.0,320.0,372.0,68.12374629442186,85.44242466718747,63.57984213332587,80.8866504463996
CCCCCCCCOc1ccc(C(=O)O)cc1,4-n-octyloxybenzoic acid,,,,,,,,,340.0,390.0,,,,
CCC1(c2ccccc2)OCC(C(C)C)CO1,"trans-2-ethyl-5-(1-methylethyl)-2-phenyl-1,3-dioxane",1.076,1.027,9.201,3.213,0.154,0.145,427.0,469.0,308.0,363.0,53.113465837233754,70.21065896641082,48.45009097525161,65.32867683892631
CCCCCCCC(C)c1ccccc1,(1-methyloctyl)benzene,0.8482,0.8054,2.712,1.117,0.139,0.13,392.0,436.0,308.0,360.0,67.95326572678185,85.64063781298351,63.49627949754494,81.14845153742034
CCC(CC)(CC(C)C)c1ccccc1,"(1,1-diethyl-3-methylbutyl)benzene",0.8571,0.8163,3.384,1.372,0.124,0.116,392.0,438.0,309.0,362.0,58.03325934153682,73.5710743760293,54.2763847363508,69.73088092942346
CC(C)CC(C)(C)C(C)c1ccccc1,"(1,2,2,4-tetramethylpentyl)benzene",0.883,0.8386,2.945,1.204,0.12,0.112,406.0,451.0,308.0,363.0,60.9585392331823,76.84487961181446,56.40082993388296,72.2930931446121
CCC=C(C#CC1=CCCCC1)CCC,1-(3-propyl-3-hexen-1-ynyl)cyclohexene,0.8633,0.8222,3.359,1.362,0.124,0.116,392.0,438.0,309.0,362.0,58.437149131999455,74.081021591347,54.654128083992546,70.21421040168133
CCCCCCCc1ccc(C)c(C)c1,"1,2-dimethyl-4-heptylbenzene",0.8589,0.8175,1.281,0.709,0.119,0.112,397.0,438.0,311.0,360.0,74.61694743594622,86.73383548316797,69.66444893165539,82.07856936727227
C=C(C)CCC(C)(C)c1ccc(C)cc1,"1-methyl-4-(1,1,4-trimethyl-4-pentenyl)benzene",0.8571,0.8169,5.95,1.959,0.13,0.122,396.0,440.0,309.0,361.0,51.30085033739184,69.00716797865145,47.84298060809108,65.2706206750776
CC(C)c1cc(C(C)C)cc(C(C)C)c1,"1,3,5-tris(1-methylethyl)benzene",0.8393,0.7933,3.105,0.99,0.102,0.096,391.0,437.0,310.0,364.0,53.403607548463754,72.75801514826038,50.02779002001551,69.1116455925961
Cc1cc(C(C)(C)C)cc(C(C)(C)C)c1,"1,3-bis(1,1-dimethylethyl)-5-methylbenzene",0.883,0.838,2.605,1.038,0.086,0.08,404.0,449.0,311.0,365.0,49.78225475807831,63.06864720440154,46.25013261919642,59.498991246809055
C=CC1(C)CCC(C(=C)C)CC1C(=C)C,"(1.alpha.,2.beta.,4.beta.)-1-ethenyl-1-methyl-2,4-bis(1-methylethenyl)cyclohexane",0.8684,0.8226,1.175,0.62,0.092,0.086,384.0,431.0,308.0,361.0,64.7649409243097,76.29527652433589,60.869105109774175,72.58484791761873
CCCCCCCc1ccc(C)cc1C,"1,3-dimethyl-4-heptylbenzene",0.8558,0.8146,1.402,0.724,0.12,0.113,402.0,443.0,311.0,360.0,73.34325878456963,86.93616041618841,68.23464105518838,82.00776588657078
C=C1CCC(C(C)C)C2C=C(C)CCC12,"(1.alpha.,4a.beta.,8a.alpha.)-1,2,3,4,4a,5,6,8a-octahydro-7-methyl-4-methylene-1-(1-methylethyl)naphthalene",0.9015,0.8572,2.773,1.05,0.103,0.096,381.0,426.0,292.0,346.0,54.53374971925617,70.3035985745004,50.60149651569138,66.30812413456205
CCC(C)(Cc1ccccc1)CC(C)C,"(2-ethyl-2,4-dimethylpentyl)benzene",0.8747,0.8308,3.887,1.565,0.132,0.123,448.0,486.0,309.0,362.0,61.87584895965364,77.72620308817883,55.736794162281576,71.54534650255685
C=CC(C)=CCC=C(C)CCC=C(C)C,"(E,E)-3,7,11-trimethyl-1,3,6,10-dodecatetraene",0.842,0.8,1.425,0.738,0.123,0.115,413.0,454.0,324.0,374.0,75.28820429569353,88.65078829969585,70.31961765650121,83.94630252301661
C/C1=C\CC/C(C)=C/CC(C)(C)/C=C/C1,"(E,E,E)-2,6,6,9-tetramethyl-1,4,8-cycloundecatriene",0.8799,0.8377,7.728,2.865,0.116,0.109,391.0,435.0,299.0,352.0,44.237021077002574,57.62489788914326,41.02162472619874,54.29321908849067
CC(C)=CCCC(C)C1C=CC(C)=CC1,.alpha.-zingiberene,0.88,0.834,2.045,0.911,0.123,0.115,394.0,439.0,307.0,359.0,68.85843085511138,84.91092025091737,64.19128352218732,80.23915501622132
CC1=C[C@@H]2C(=C(C)CC[C@@H]2C(C)C)CC1,.delta.-cadinene,0.902,0.857,2.993,1.132,0.099,0.093,383.0,428.0,292.0,346.0,52.183135630934686,67.66576393700599,48.3491176547567,63.736170167748405
Cc1ccc(C(C)(C)CC(C)C)cc1C,"1,2-dimethyl-4-(1,1,3-trimethylbutyl)benzene",0.8675,0.8267,1.96,0.871,0.096,0.091,381.0,428.0,311.0,364.0,55.85127393288372,69.76430297036116,52.751205075446094,66.65702805387471
Cc1ccc(O)c(C(C)(C)CC(C)(C)C)c1,"2-(1,1,3,3-tetramethylbutyl)-4-methylphenol",,,,,,,,,331.0,385.0,,,,
Cc1cc(C(C)(C)CC(C)(C)C)ccc1O,"4-(1,1,3,3-tetramethylbutyl)-2-methylphenol",,,,,,,,,331.0,385.0,,,,
CCCCC(CC)COC(=O)c1ccccc1,2-ethylhexyl benzoate,,,,,,,,,,,,,,
CCCCc1ccc(C)c(CCCC)c1,"1,3-dibutyl-4-methylbenzene",,,,,,,,,311.0,360.0,,,,
Cc1ccc(C(C)(C)CC(C)C)c(C)c1,"1,3-dimethyl-4-(1,1,3-trimethylbutyl)benzene",0.8709,0.83,1.952,0.855,0.096,0.09,380.0,427.0,311.0,364.0,55.91273514883643,69.57650879357001,52.84831067132447,66.52135560860141
CCCCCCC(OCC)c1ccccc1,1-ethoxy-1-phenylheptane,0.8863,0.8433,4.4,1.577,0.157,0.147,417.0,459.0,324.0,375.0,64.56747685891003,84.4400579322277,60.1431062544746,79.77294214319706
Cc1cc(C(C)(C)C)cc(C(C)(C)C)c1O,"2,4-bis(1,1-dimethylethyl)-6-methylphenol",0.9185,0.8769,55.525,9.009,0.09,0.084,453.0,495.0,332.0,386.0,21.51225118137039,35.00720355191336,19.711586441503016,32.641641161043204
CCCCCCCCCOc1ccccc1,nonyloxybenzene,0.8809,0.8367,3.292,1.195,0.164,0.154,414.0,456.0,325.0,374.0,72.7028321437368,94.9547444635037,67.91753615941177,89.80461199661775
CCCC(CC)(CCC)c1ccccc1,(1-ethyl-1-propylbutyl)benzene,0.9195,0.878,52.202,9.453,0.157,0.145,479.0,514.0,329.0,380.0,33.85606488047306,52.74627262260699,30.46108050758983,48.44968697320154
CC(C)c1cc(C(C)C)cc(C(C)C)c1,"1,3,5-tris(1-methylethyl)benzene",0.9227,0.8831,104.042,15.853,0.104,0.097,440.0,483.0,331.0,385.0,19.986163287234188,33.12996348474842,18.44819192058638,31.082556556154525
Cc1cc(O)ccc1C(C)(C)CC(C)(C)C,"3-methyl-4-(1,1,3,3-tetramethylbutyl)phenol",0.9311,0.8902,91.29,13.48,0.104,0.097,439.0,483.0,331.0,385.0,20.472122582142305,34.25848848652424,18.908854430212845,32.141339558100164
Cc1cc(CC(C)C)c(O)c(CC(C)C)c1,"4-methyl-2,6-bis(2-methylpropyl)phenol",0.9011,0.862,36.622,6.729,0.111,0.104,436.0,478.0,330.0,384.0,27.33662401602595,43.11484121102307,25.276404770941873,40.539286155647225
CCCCCCCC(C)c1ccc(O)cc1,4-(1-methyloctyl)phenol,0.9207,0.8808,81.46,12.489,0.143,0.134,441.0,481.0,329.0,381.0,26.42473398535822,43.79485534884665,24.33421018311269,41.015676768770966
CC(C)CC(C)CC(C)c1ccc(O)cc1,4-nonylphenol,0.9357,0.8938,148.552,4.699,0.153,0.142,465.0,501.0,329.0,380.0,24.107748556322157,61.64426557790632,21.872042624150566,57.03237486435153
Cc1ccc(CC(C)C)c(O)c1CC(C)C,"5-methyl-2,6-bis(2-methylpropyl)phenol",0.9099,0.8704,35.169,6.434,0.111,0.103,433.0,476.0,330.0,384.0,27.67519209373607,43.43291874210671,25.639205900145026,40.88655815658926
Cc1cc(O)c(C(C)(C)C)cc1C(C)(C)C,"m-cresol, 4,6-di-tert-butyl-",0.9393,0.8973,54.296,8.804,0.09,0.084,436.0,480.0,332.0,386.0,21.47417551867179,35.02508833511066,19.88955616672706,32.94223704888519
CC(C)c1cc(C(C)C)c(O)c(C(C)C)c1,"phenol, 2,4,6-tris(1-methylethyl)-",0.9392,0.8958,31.942,6.028,0.111,0.102,480.0,518.0,330.0,385.0,30.056652485847422,46.19234995546086,27.04988488681793,42.49317663536861
CCCCOC(OCCCC)c1ccccc1,(dibutoxymethyl)benzene,0.989,0.938,4.55,1.706,0.173,0.161,445.0,485.0,340.0,391.0,71.85062773273819,92.1193733882073,66.61191436120106,86.70240531857198
COc1cc(C(C)(C)CC(C)(C)C)ccc1O,"phenol, 2-methoxy-4-(1,1,3,3-tetramethylbutyl)-",1.003,0.957,94.716,12.539,0.117,0.109,455.0,498.0,347.0,401.0,22.573138769323585,38.86366362042883,20.91645241138044,36.56601527912662
CC1=CCCC(C)CCC(C)(C)C=CC1,"(E,E)-2,6,6,9-tetramethyl-1,4-cycloundecadiene",0.8623,0.8163,4.059,1.838,0.118,0.11,414.0,459.0,307.0,362.0,55.73185421009152,68.1686066197219,51.23577637215497,63.76483342030957
C1CCC(C2CCC(C3CCCC3)C2)C1,"1,1':3',1''-tercyclopentane",0.8966,0.8567,3.185,1.414,0.123,0.116,373.0,417.0,278.0,335.0,57.35346856291234,71.3011746411792,52.80168653699545,67.04208565702913
CCCC1=C(CC)C2CCCCC2CC1,"1,2,4a,5,6,7,8,8a-octahydro-3-propyl-4-ethylnaphthalene",0.8781,0.8358,2.05,0.897,0.11,0.103,390.0,436.0,300.0,355.0,61.67409420950396,76.59085060975113,57.28626594703474,72.28839445611922
CCCC1C(CC)=CC(CC)=CC1CC,"1,3,5-triethyl-6-propyl-1,3-cyclohexadiene",0.8382,0.7951,1.909,0.843,0.115,0.108,414.0,457.0,319.0,371.0,66.41523001890386,82.1473273574713,61.71941546607569,77.46827615475958
CC1=CCCC2(C)CCC(C(C)C)CC12,"1,4a-dimethyl-7-(1-methylethyl)-3,4,4a,5,6,7,8,8a-octahydronaphthalene",0.8739,0.8309,2.746,1.035,0.101,0.094,381.0,430.0,300.0,356.0,53.32150298660451,68.93945089753163,49.85427394578195,65.37264060155469
Cc1cc(C(C)(C)C)c(O)c(C(C)(C)C)c1,"2,6-bis(1,1-dimethylethyl)-4-methylphenol",,,,,,,,,332.0,386.0,,,,
C=C(C)C1CCC2(C)CCCC(C)C2C1,"1,5-dimethyl-8-(1-methylethenyl)bicyclo[4.4.0]decane",0.893,0.8479,1.904,0.885,0.098,0.092,388.0,436.0,300.0,356.0,58.921839086774845,72.17732442637104,54.80903279945272,68.17672166245866
C=C(C)CCC1CCC2CC1(C)C2(C)C,"1,7,7-trimethyl-2-(3-methyl-3-butenyl)bicyclo[3.1.1]heptane",0.874,0.8302,1.716,0.795,0.087,0.081,395.0,442.0,312.0,367.0,55.517052952750504,67.58542673335621,51.952844209773424,64.14109056275689
CC1=CCC(C(C)C)C2CC(C)CCC12,"2,8-dimethyl-5-(1-methylethyl)bicyclo[4.4.0]-2-decene",0.8843,0.8404,2.827,1.047,0.107,0.1,387.0,435.0,300.0,356.0,55.69327204326394,72.49624204153866,51.84344448822304,68.52220838002181
Cc1cc(O)ccc1C(C)(C)CC(C)(C)C,"3-methyl-4-(1,1,3,3-tetramethylbutyl)phenol",0.911,0.872,15.368,4.243,0.12,0.113,374.0,424.0,294.0,351.0,35.3274573345117,50.33992536973283,33.01487846718708,47.73417750611797
C1CCC(CCCC2CCCCC2)CC1,"1,1'-(1,3-propanediyl)biscyclohexane",0.8588,0.8187,5.636,1.979,0.13,0.123,398.0,446.0,302.0,360.0,51.696500371803864,68.85786995267367,47.83436236018518,64.83112857532409
CC(CC1CCCCC1)C1CCCCC1,"1,1'-(1-methyl-1,2-ethanediyl)biscyclohexane",0.8694,0.8308,5.912,1.938,0.1146,0.1089,396.0,453.0,302.0,361.0,46.02484452513816,63.05990739129307,42.64681746848142,59.15884417119802
C1=CC(CCCCCC2C=CCC2)CC1,"1,5-bis(2-cyclopentenyl)pentane",,,,,,,,,,,,,,
C=CC(C)CCC(C)C1C=CC(C)CC1,"3-(1,4-dimethyl-5-hexenyl)-6-methylcyclohexene",0.8447,0.8005,2.604,1.062,0.131,0.122,433.0,477.0,315.0,371.0,68.16455455259941,85.6518380122335,62.32887877878064,79.80578020148874
C=C1CCCC2(C)CCC(C(C)C)CC12,7-methylene-1-methyl-4-(1-methylethyl)bicyclo[4.4.0]decane,0.8879,0.8433,2.703,1.02,0.098,0.092,390.0,438.0,300.0,357.0,53.300889473145034,69.2235464243161,49.50877623268866,65.35408625733271
CCCCC#CC(=O)CCCCCCCC,5-pentadecyn-7-one,0.8428,0.8033,6.407,2.116,0.176,0.166,484.0,519.0,355.0,404.0,64.04425296839348,85.52555242993715,58.69652624463056,79.70661913371528
CCCCCCCCCCC1=CCCC1,1-decylcyclopentene,0.8159,0.7747,2.451,1.097,0.134,0.125,435.0,479.0,329.0,383.0,68.99412872680777,84.54630723327314,63.7811451944763,79.39078179851927
CCC(C1CCCCC1)C1CCCCC1,"1,1'-propylidenebiscyclohexane",0.8833,0.845,5.638,1.858,0.123,0.116,389.0,440.0,302.0,361.0,48.72328187923048,66.08562876614235,45.374271339105626,62.50727473127593
CC(C)(C1CCCCC1)C1CCCCC1,"2,2-dicyclohexylpropane",0.8945,0.8559,9.055,2.419,0.112,0.106,381.0,433.0,303.0,362.0,39.7217203665225,57.37572473379446,37.2429149688074,54.556796341283395
C=CCCCCCCCCCCCC=C,"1,14-pentadecadiene",0.7732,0.733,2.328,1.05,0.149,0.138,474.0,513.0,347.0,399.0,76.86143188771742,93.04690412504875,70.40551905692467,86.69610543526272
CC1CCC(CC2CCCCC2)CC1C,"1,2-dimethyl-4-(cyclohexylmethyl)cyclohexane",0.8643,0.8239,2.661,1.456,0.111,0.105,380.0,432.0,303.0,362.0,56.37457490030592,66.53875722856479,52.89565090787757,63.31080389113851
C(CCC1CCCC1)CCC1CCCC1,"1,5-dicyclopentylpentane",0.8473,0.806,2.478,1.365,0.136,0.127,430.0,474.0,307.0,364.0,69.33966161726127,80.23441512359923,63.06945329337156,74.49070127212275
CC(C)C1CCC2(C)CCCC(C)C2C1,"1,5-dimethyl-8-(1-methylethyl)bicyclo[4.4.0]decane",0.8763,0.8348,2.739,1.234,0.096,0.09,387.0,439.0,309.0,367.0,51.021156109778225,63.156188302106735,47.89084732897287,60.0525156750023
CC(C)C1CCCCC1C1CCCCC1,"2-(1-methylethyl)-1,1'-bicyclohexyl (high boiling isomer)",0.891,0.8515,5.948,1.938,0.118,0.111,386.0,438.0,302.0,362.0,46.8886138574795,63.740727146156615,43.760909382822256,60.41364887871849
CC(C)C1C(=O)CC(=O)C2CCCC(C)C21C,"4-isopropyl-5,10-dimethyldecalin-1,3-dione",,,,,,,420.0,496.0,,,,,,
CC1=C(CCCC2CCCCC2)CCC1,1-(3-cyclohexylpropyl)-2-methylcyclopentene,0.8514,0.8121,2.584,1.355,0.125,0.117,400.0,448.0,305.0,363.0,62.32180428143947,73.57061043610173,57.74496033606985,69.34283412268107
CC(C)=CCC1CC(C(C)C)CCC1C,1-(3-methyl-2-butenyl)-2-methyl-5-(1-methylethyl)cyclohexane,0.853,0.807,2.462,1.041,0.109,0.102,410.0,460.0,324.0,381.0,60.26227841877217,75.60424555886286,56.40086440748078,71.70122930134877
CCC12CCCC1C(C)CC(C(C)C)C2,1-ethyl-5-methyl-3-(1-methylethyl)bicyclo[4.3.0]nonane,0.855,0.8122,1.637,0.751,0.099,0.093,379.0,432.0,310.0,369.0,60.45803636595151,74.66627159866945,57.13508426173576,71.42782148338964
CCCCCCCCCC1=CCCCC1,1-nonylcyclohexene,0.876,0.832,2.854,1.286,0.133,0.124,428.0,472.0,326.0,381.0,66.66961047755026,81.54594640885334,61.75482514958602,76.77798125131783
C#CCCCCCCCCCCCCC,1-pentadecyne,0.819,0.7809,7.937,2.561,0.098,0.092,431.0,475.0,346.0,399.2,38.62958719923939,52.15108877997785,36.314805106106505,49.662018142759706
C=C(C)/C=C(\C)CC(C)(C)C(C)(C)CC,"2,4,6,6,7,7-hexamethyl-1,3-nonadiene",0.8192,0.7769,3.906,1.467,0.088,0.082,432.0,482.0,347.0,404.0,44.9783081645087,58.073563579932184,42.28985722514961,55.2601962210698
CC1CCC2C(C)CCC(C(C)C)C2C1,"2,8-dimethyl-5-(1-methylethyl)bicyclo[4.4.0]decane",0.8703,0.8276,1.838,0.858,0.107,0.1,394.0,444.0,308.0,366.0,62.519680941029655,76.30707233304219,58.33550775698729,72.27085474966313
CC1CCC2C(C(C)C)CCC(C)C2C1,"2,9-dimethyl-5-(1-methylethyl)bicyclo[4.4.0]decane",0.8688,0.8261,1.842,0.859,0.107,0.1,394.0,444.0,308.0,366.0,62.48146046947429,76.2820733050066,58.29984521710649,72.2471780304705
O=C1CCCCCCCCCCCCCC1,cyclopentadecanone,,,,,,,,,319.0,380.0,,,,
CC(C)CCC1(C)C=CC(C(C)C)CC1,2-isopentyl-5-isopropyl-2-methylcyclohexene,,,,,,,,,,,,,,
CC(C)C1CCCCC1C1CCCCC1,"2-isopropyl-1,1'-bicyclohexyl",0.8837,0.84,6.111,1.905,0.118,0.111,399.0,453.0,302.0,362.0,48.3232228991218,66.52327075917161,44.68154370676885,62.45653560913709
COC1CCC(C(C)C2CCCCC2)CC1,1-(4-methoxycyclohexyl)-1-cyclohexylethane,0.9194,0.8775,8.157,2.849,0.133,0.126,412.0,461.0,318.0,377.0,47.42069392156717,63.2891201006377,44.08898155416478,59.80738436900704
CC(C)=CCC/C(C)=C/COC1CCCCO1,"2H-pyran, 2-[[(2E)-3,7-dimethyl-2,6-octandienyl]oxy]tetrahydro-",,,,,,,,,,,,,,
CCCCC#CC(O)CCCCCCCC,5-pentadecyn-7-ol,0.8408,0.801,190.295,18.727,0.159,0.146,,,366.0,419.0,,,21.1916800061338,39.74851065993179
CCCCCCCCCCCCC=CC(=O)O,2-pentadecenoic acid,0.976,0.932,10.246,3.433,0.169,0.159,,,369.0,423.0,,,50.93036463317691,68.89816430037594
CCCCCC(=O)C=CC(CC)CCCC,9-ethyl-7-tridecen-6-one,0.8329,0.793,4.322,1.639,0.171,0.16,486.0,526.0,360.0,414.0,70.17953671741051,89.86214796809634,64.4982019667831,84.00897800515285
CC(C)C1COC(C)(Cc2ccccc2)OC1,"cis-2-benzyl-2-methyl-5-(1-methylethyl)-1,3-dioxane",1.034,0.985,9.284,3.249,0.14,0.132,456.0,505.0,334.0,396.0,50.03490614844534,66.32009013902959,45.83910825675157,61.93567840525216
CCC(CC)(CC(C)C)C1CCCCC1,"(1,1-diethyl-3-methylbutyl)cyclohexane",0.8222,0.7793,5.108,1.925,0.112,0.105,439.0,488.0,334.0,394.0,49.889357219129465,64.56713271002972,46.19686664514818,60.795592031124514
C=CC(=O)OCCCCCCCCCCCC,dodecyl 2-propenoate,0.972,0.923,2.572,1.094,0.16,0.149,505.0,546.0,368.0,424.0,81.32716371603803,100.45548191010948,74.39996877508895,93.55766333598062
C=CC(=O)OCCCCCCCCCCCC,dodecyl acrylate,0.861,0.819,3.136,1.331,0.164,0.153,528.0,566.0,368.0,424.0,75.91549579121508,93.72372198176102,68.58458287797636,86.40925891672376
CCCC/C=C\CCCCCCCC(=O)OC,"myristoleic acid, methyl ester",1.03,0.979,2.748,1.205,0.171,0.16,548.0,583.0,366.0,422.0,86.65091554023421,105.99789128135184,77.35019519387957,96.78655980567436
CC(C)C1COC(C)(Cc2ccccc2)OC1,"trans-2-benzyl-2-methyl-5-(1-methylethyl)-1,3-dioxane",1.034,0.985,9.284,3.249,0.14,0.132,456.0,505.0,334.0,396.0,50.03490614844534,66.32009013902959,45.83910825675157,61.93567840525216
O=C(O)CCCCCCCCCCCCCCO,oxacyclohexadecan-2-one,0.954,0.921,104.822,23.887,0.175,0.166,472.8,508.9,332.0,394.0,26.848418699802775,40.00408092114713,24.306816548371597,37.225597382430074
O=C(O)CCCCCCCCCCCCCC(=O)O,"1,15-pentadecanedioic acid",1.13,1.09,22.124,6.33,0.185,0.175,567.0,603.0,395.0,452.0,46.42346890021909,64.53396363230364,41.935076309857294,59.50802294680221
CC(C)CCOC(=O)CCCC(=O)OCCC(C)C,bis(3-methylbutyl) pentanedioate,0.9296,0.8821,11.833,3.288,0.159,0.149,536.0,581.0,389.0,450.0,51.290805338477206,71.78963318451612,46.86820120424959,66.81095326555912
CCC(C)CC(C)(CC)C1CCCCC1,"(1-ethyl-1,3-dimethylpentyl)cyclohexane",0.865,0.819,4.971,1.832,0.112,0.105,437.0,487.0,334.0,394.0,51.20294648823101,66.73195899491336,47.47417279490086,62.870232247649106
C=CCCCCCCCCCCCCC,1-pentadecene,0.76173,0.7202,2.195,1.018,0.1429,0.1264,466.0,509.0,348.5,404.8,75.95715423528098,88.49555966780903,69.99602372641947,82.97333030541874
CCC(C)(CCC(C)C)C1CCCCC1,"(1-ethyl-1,4-dimethylpentyl)cyclohexane",0.8571,0.8123,5.017,1.847,0.112,0.105,439.0,489.0,334.0,394.0,50.75726667008542,66.16206988111556,47.00053899934926,62.26150133700506
CCCC(CC)(CCC)C1CCCCC1,(1-ethyl-1-propylbutyl)cyclohexane,0.868,0.823,8.295,2.552,0.118,0.11,439.0,488.0,335.0,393.0,45.80394477892666,62.50646682099525,42.449513479193065,58.81323653310179
CCCC(CCC)CCC1CCCCC1,(3-propylhexyl)cyclohexane,0.8153,0.7737,4.906,1.822,0.127,0.118,427.0,477.0,334.0,392.0,54.327882229958895,70.24540164997752,50.70062299810565,66.4725058149664
CC1CCCC(C)CCC(C)(C)CCC1,"1,1,4,8-tetramethylcycloundecane",0.8458,0.8033,3.783,1.867,0.107,0.1,390.0,445.0,324.0,384.0,50.67986191340633,61.10925162688588,48.10445075162772,58.6267294751331
CC(C)CCC1CCC(CCC(C)C)C1,"1,3-bis(3-methylbutyl)cyclopentane",0.87,0.823,2.299,0.972,0.118,0.11,444.0,492.0,336.0,396.0,66.73613140905047,83.20696821384426,61.70373268615993,78.27833336132136
CC(C)CCCC(C)C1CCC(C)CC1,"1-(1,5-dimethylhexyl)-4-methylcyclohexane",0.8122,0.7698,3.447,1.416,0.118,0.11,444.0,493.0,334.0,394.0,57.84909847794941,72.75470233594473,53.397097024101285,68.30874667782045
CCCCCC1CCCCC1CCCC,1-butyl-2-pentylcyclohexane,0.8118,0.7705,2.71,1.324,0.133,0.125,467.0,510.0,335.0,392.0,67.91940701887228,81.45143891163121,61.860033561917795,75.63984688103088
CCC1(C)CCC(C(C)C)CC1C(C)C,"1-ethyl-2,4-diisopropyl-1-methylcyclohexane",0.8338,0.7889,2.399,1.052,0.1,0.093,430.0,481.0,335.0,395.0,57.2795303246379,70.75389584241412,53.39491209877413,66.94000044987241
CCC(C)C1CC(C(C)C)CCC1(C)C,"1-sec-butyl-3-isopropyl-6,6-dimethylcyclohexane",0.8272,0.7829,2.418,1.073,0.1,0.093,428.0,479.0,335.0,395.0,56.86206518864978,70.013715607988,53.075317508734294,66.31740275413864
CC(C)CCC1CC(C(C)C)CCC1C,1-isopentyl-3-isopropyl-6-methylcyclohexane,0.8126,0.7694,2.83,1.196,0.114,0.106,449.0,497.0,334.0,394.0,60.155986160570606,74.85116416827734,55.3518111844806,70.11752764650605
C=C(C)CCCCCCCCCCCC,"1-tetradecene, 2-methyl-",0.7664,0.7262,1.435,0.757,0.127,0.119,460.0,505.0,357.0,412.0,77.64513438780261,91.06279339074229,72.3012885114146,85.9954929935418
CCC(C)(C)C(C)(C)CC(C)=CC(C)C,"2,4,6,6,7,7-hexamethyl-3-nonene",0.8041,0.7632,2.736,1.232,0.092,0.086,447.0,498.0,356.0,415.0,51.19802546653395,62.93235881336641,48.02248064885729,59.786113964471085
CC1CCCC(C)CCC(C)(C)CCC1,"2,6,6,9-tetramethylcycloundecane",0.81,0.77,3.951,1.948,0.107,0.1,390.0,445.0,324.0,384.0,49.21763801346726,59.36249677564272,46.7165330476952,56.95093536218157
C/C=C/CCCCCCCCCCCC,2-pentadecene,0.7655,0.726,2.351,1.033,0.146,0.136,460.0,504.0,355.0,409.0,74.33168172108219,91.3387051508658,69.10658246582155,86.12691814252962
CCCCCCCCCCCCCC(C)=O,2-pentadecanone,0.8176,0.78,,,,,511.0,551.0,372.0,427.0,,,,
CCC(C)CC(C)(CC)C1CCCCC1,"3,5-dimethyl-5-cyclohexylheptane",0.8376,0.7941,5.611,2.141,0.114,0.106,450.0,498.0,334.0,394.0,49.74833863331407,63.701972998726376,45.74670123800048,59.63968716592781
C#CC(C)(O)CCCC(C)CCCC(C)C,"1-dodecyn-3-ol, 3,7,11-trimethyl-",,,,,,,,,370.0,427.0,,,,
CC(C)(C)C1CCC(OC2CCCCO2)CC1,"2H-pyran, 2-[[4-(1,1-dimethylethyl)cyclohexyl]oxy]tetrahydro-",,,,,,,,,,,,,,
C=CC(C)CCCCCCCCCCC,3-methyl-1-tetradecene,0.7606,0.7206,2.104,0.971,0.135,0.126,461.0,506.0,356.0,412.0,72.79256863149581,88.38914685635751,67.6878716789728,83.42418806615537
CCCCCCCC(=O)CCCCCCC,diheptyl ketone,,,,,,,,,372.0,427.0,,,,
CCCCCCCCCCCCCCC=O,pentadecanal,0.93,0.882,3.548,1.395,0.173,0.161,511.0,551.0,371.0,426.0,79.71911357568644,100.547967140343,72.85318491918255,93.52770334833784
CCCCC(/C=C/C(C)(C)C)(CC)CC,"5,5-diethyl-2,2-dimethyl-3-nonene",0.751,0.717,3.862,1.464,0.105,0.099,399.0,455.0,355.0,413.0,46.9837349087848,61.39462053191414,45.464571015897214,59.74457321164653
CC(C)CCCC(C)C1(O)CCC(C)CC1,"1-(1,5-dimethylhexyl)-4-methylcyclohexanol",0.8724,0.8293,21.779,5.547,0.122,0.112,480.0,527.0,352.0,413.0,35.48669162733894,50.33503445072285,32.52181715280722,46.99934371985316
CCCCCCCCCCC(=O)C(C)(C)C,"2,2-dimethyl-3-tridecanone",0.8409,0.7987,7.254,2.379,0.152,0.142,500.0,543.0,373.0,429.0,56.93880305895284,75.93580797199644,52.433610732578295,71.06531125418397
CCC(CC)CCC(=O)CCC(CC)CC,"3,9-diethyl-6-undecanone",0.915,0.869,3.497,1.358,0.157,0.146,495.0,538.0,372.0,429.0,73.10631216256485,92.6863290088892,67.46152634590055,86.96747553959526
CCCCCCCCCCCCC(=O)CC,3-pentadecanone,0.877,0.834,2.509,1.175,0.169,0.158,497.0,538.0,372.0,427.0,83.13033382373038,100.25685673112156,76.62459663385492,93.94731910513956
CCCCCCCCCCCC(=O)CCC,4-pentadecanone,0.877,0.834,2.509,1.175,0.169,0.158,495.0,535.0,369.7,424.2,83.03609456037182,100.0992789598078,76.49103242560686,93.7736149139102
CCCC(C)CCCC(C)CCCC(C)=O,"6,10-dimethyl-2-tridecanone",0.8311,0.7897,3.85,1.507,0.157,0.147,497.0,540.0,372.0,429.0,69.15560455991542,87.90416003614787,63.74352249817669,82.39432497051234
CCCCCCCCCCC1COC(C)(C)O1,"1,3-dioxolane, 4-decyl-2,2-dimethyl-",0.981,0.932,3.772,1.609,0.15,0.141,492.0,537.0,369.0,428.0,69.04061167955679,86.01397166195638,63.67359398713641,80.69606676974914
CCCCCCCCCCCC(C)OC(C)=O,1-methyldodecyl ethanoate,0.8413,0.7939,5.111,1.763,0.149,0.139,506.0,551.0,378.0,436.0,62.99060379138291,82.8002923775479,58.02921213519064,77.52351841586888
CCCCCCCCCCCC(=O)OC(C)C,1-methylethyl dodecanoate,0.8377,0.7933,2.937,1.235,0.149,0.139,509.0,553.0,378.0,436.0,72.39217902061209,89.94390672340397,66.57947714962347,84.12609250952833
CCCCC(CC)C(=O)OCC(C)(CC)CC,"2,2-diethylpropyl 2-ethylhexanoate",0.924,0.874,4.113,1.487,0.129,0.12,490.0,540.0,378.0,438.0,60.73316524024379,78.88866913770472,56.45757262871836,74.37704710947429
CCCCCCCCCC(C)CC(C)C(=O)O,"2,4-dimethyltridecanoic acid",0.873,0.833,17.182,4.562,0.149,0.14,516.0,560.0,380.0,439.0,42.934468239799195,61.00453524256768,39.394070067269595,56.96683619003571
CCCCCCCCCC(CCCC)C(=O)O,2-butylundecanoic acid,0.8667,0.8255,18.461,4.967,0.155,0.146,518.0,560.0,380.0,438.0,43.695917446798454,61.89855428675448,40.04912450438014,57.76461471351532
CCCCCCCCCCCC(CC)C(=O)O,2-ethyltridecanoic acid,0.8675,0.8271,18.444,4.957,0.155,0.146,518.0,560.0,380.0,438.0,43.46682353621334,61.59297793542591,39.8391504133363,57.47944649911271
CCCCCCCC(CCCCCC)C(=O)O,2-hexylnonanoic acid,0.8663,0.8238,18.469,4.977,0.157,0.147,528.0,569.0,380.0,438.0,44.72195723968518,62.9953327489912,40.76965208587891,58.52507258802093
CCCCCCCCCCCCC(C)C(=O)O,2-methyltetradecanoic acid,0.868,0.8269,18.433,4.958,0.155,0.146,518.0,560.0,380.0,438.0,43.68470553966606,61.88782011743562,40.038848325484864,57.754597433433126
CCCCCCC(=O)OC(C)CCCCCC,2-octyl heptanoate,0.8379,0.7901,3.819,1.418,0.14,0.131,461.0,513.0,378.0,436.0,63.83772984723988,82.8764147500476,60.370782846821086,79.17033630497748
CCCCCCCCCCC(C)CCC(=O)O,4-methyltetradecanoic acid,1.02,0.978,21.569,5.317,0.164,0.153,558.0,596.0,380.0,438.0,44.71833589602005,64.25989544718983,40.13752225158504,58.92639993790869
CCCCCCCCC(CCCCC)C(=O)O,2-pentyldecanoic acid,0.8675,0.825,18.444,4.97,0.155,0.146,518.0,560.0,380.0,438.0,44.09086630902465,62.43123985363984,40.41111155214996,58.26172449078144
CCCCCCCC(CCCCC)COC=O,2-pentylnonyl methanoate,0.8554,0.8123,9.703,2.831,0.166,0.155,517.0,559.0,387.0,442.0,55.67931435876443,76.6163785933845,51.323005787208146,71.71862642743403
CCCCCCCCCCC(CCC)C(=O)O,2-propyldodecanoic acid,0.8665,0.8249,18.465,4.97,0.155,0.146,518.0,560.0,380.0,438.0,43.81216977342582,62.056475728224136,40.15567459361198,57.9119892576644
CCCC(CC(C)(C)C)OC(=O)CC(C)(C)C,"3,3-dimethyl-1-propylbutyl 3,3-dimethylbutanoate",0.896,0.846,3.571,1.395,0.109,0.101,475.0,528.0,378.0,441.0,55.50196131492357,70.51309021755921,52.04785802665004,67.030645362181
CCCCCCCCCCC1COC(C)(C)O1,"1,3-dioxolane, 4-decyl-2,2-dimethyl-",0.9006,0.859,8.328,4.075,0.164,0.151,,,395.0,455.0,,,52.88949295532769,63.41425735852928
CCCCCCCCCCC(C)(C)CC(=O)O,"3,3-dimethyltridecanoic acid",0.8796,0.8398,38.654,8.216,0.145,0.137,527.0,568.0,381.0,439.0,33.66862165699551,51.03262453716742,30.732239354653856,47.46516411008295
CCCCCCCCC(C)CC(C)CC(=O)O,"3,5-dimethyltridecanoic acid",0.8767,0.837,17.11,4.659,0.149,0.14,512.0,556.0,380.0,439.0,42.800482955605496,60.39434906757092,39.35719651523405,56.51087546894541
CCCCCC(CCC)(CCCC)CC(=O)O,3-butyl-3-propyloctanoic acid,1.021,0.974,41.136,8.419,0.151,0.141,557.0,595.0,381.0,439.0,36.253987205775715,54.93337238831211,32.58073716971361,50.43010919058528
CCCCCC(CC(CC)CCCC)C(=O)O,4-ethyl-2-pentyloctanoic acid,0.8739,0.834,17.164,4.556,0.149,0.14,516.0,560.0,380.0,439.0,42.91689944695228,60.98416814845707,39.377950006051115,56.94781713007151
CCCCCCCCCCC(C)C(C)C,"2,3-dimethyltridecane",0.76,0.7203,2.526,1.055,0.128,0.119,469.0,518.0,357.8,418.2,66.55081923375465,83.02345951443428,61.67249406973221,78.17271432949826
CC(C)(C)C1OC(C(C)(C)C)C(C(C)(C)C)O1,"anti-2,4,5-tris(1,1-dimethylethyl)-1,3-dioxolane",0.939,0.887,6.283,2.029,0.102,0.094,471.0,525.0,369.0,433.0,45.53282413125016,60.83823663116487,42.51168543143121,57.62883642942192
CCCCCCCCCCCC(=O)OC(CO)CO,"dodecanoic acid, 2-hydroxy-1-(hydroxymethyl)ethyl ester",1.14,1.1,105.263,15.455,0.207,0.189,,,412.0,473.0,,,29.60328742691531,49.453161340468114
CCCCCCCCCCCC(=O)OCC(O)CO,"dodecanoic acid, 2,3-dihydroxypropyl ester",1.14,1.09,87.719,14.679,0.206,0.188,611.0,648.0,412.0,473.0,36.94076923646502,58.15003751352133,33.064589035288016,53.22214685455821
CCCCCCCCCCCCC(C)C,2-methyltetradecane,0.7531,0.7143,2.39,1.064,0.132,0.123,478.0,524.0,360.5,419.7,69.03033760850042,84.5449730327425,63.76382809627056,79.42781780931766
CCC(CC)CCCCCC(CC)CC,"3,9-diethylundecane",0.7688,0.728,2.406,1.213,0.127,0.118,472.0,520.0,366.0,424.0,67.72815958712107,80.04374701469067,63.051673728603625,75.57770249629989
CCCCCCCCCCCC(C)(C)C,"2,2-dimethyltridecane",0.825,0.78,3.394,1.321,0.121,0.113,470.0,519.0,362.3,422.5,60.965455652943426,77.82662250532395,56.661571960581675,73.45082195893669
CCC(C)(C)C(C)(C)CC(C)(C)C(C)C,"2,3,3,5,5,6,6-heptamethyloctane",0.814,0.774,3.808,1.279,0.08,0.075,442.0,498.0,367.0,430.0,41.68529653815398,55.93702262976423,39.56090106433417,53.67393165149301
CCCCCCCCCCC(C)(C)CC(=O)O,"3,3-dimethyltridecanoic acid",0.7566,0.7168,2.379,1.06,0.134,0.125,480.0,526.0,359.2,418.5,67.88694211669349,83.18147191271986,62.57043810820716,78.00029491661144
CC(C)CC(C)(C)CC(C)(C)CC(C)C,"2,4,4,6,6,8-hexamethylnonane",0.772,0.7302,2.073,1.041,0.09,0.084,445.0,500.0,366.0,429.0,54.606039369857406,65.17682398607708,51.68496614093177,62.42853850208954
CCCCCCCCC(C)CCC(C)C,"2,5-dimethyltridecane",0.7534,0.7132,1.991,0.939,0.125,0.116,461.0,511.0,366.0,424.0,69.8640488489714,84.20310850869816,65.4729500824624,79.89642385052257
CCC(C)(C)C(C)(C)CC(C)CC(C)C,"2,4,6,6,7,7-hexamethylnonane",0.7899,0.75,2.152,1.0,0.087,0.082,425.0,483.0,366.0,429.0,51.379378853004255,63.32445051930711,49.26406821186753,61.247355030652976
CCC(C)CCCC(C)CCCC(C)C,"2,6,10-trimethyldodecane",0.7602,0.7184,2.105,0.947,0.121,0.113,472.0,522.0,365.0,425.0,68.38316743931848,83.84617199859261,63.61247768967008,79.13495016240792
CCCCCCCCCCC(C)CCC,4-methyltetradecane,0.7572,0.716,2.219,0.978,0.134,0.125,479.0,525.0,366.0,423.0,72.50877151456694,89.12175216108496,67.22323317740776,83.86725903752834
CCC(C)C(C)(C)CC(C)(C)C(C)CC,"3,4,4,6,6,7-hexamethylnonane",0.7975,0.7577,2.884,1.188,0.09,0.084,440.0,496.0,366.0,429.0,48.92526458088109,61.799530082851966,46.45550381031062,59.32754992530367
CCCCC(CC)(CCCC)CCCC,5-butyl-5-ethylnonane,0.7734,0.7321,3.362,1.284,0.117,0.109,456.0,506.0,367.0,425.0,57.752689512287326,74.09156762786017,54.33078344081158,70.54350747508568
CCC(C)(CC(C)(CC)C(C)C)C(C)C,"3,5-diethyl-2,3,5,6-tetramethylheptane",0.8143,0.7746,3.807,1.381,0.092,0.086,447.0,502.0,366.0,429.0,46.14164089925793,60.40886710939186,43.618302292347664,57.796690614682234
CCCC(C)(CC)CC(C)(CC)C(C)C,"3,5-diethyl-2,3,5-trimethyloctane",0.8028,0.763,3.114,1.298,0.097,0.091,455.0,508.0,367.0,428.0,51.00743042307849,64.27925860370543,48.01483091542631,61.25429262604674
CCCCCCCCCC(C)CCCC,5-methyltetradecane,0.7561,0.716,2.315,1.034,0.134,0.125,480.0,525.0,366.0,423.0,71.14839484268188,87.07136116366885,65.92333591004962,81.93775620866005
CCCC(C)(CC)CC(C)(CC)CCC,"4,6-diethyl-4,6-dimethylnonane",0.7941,0.7539,3.274,1.592,0.104,0.098,463.0,513.0,367.0,427.0,53.28590694504219,64.36915548299925,49.91430094170008,61.13095179434528
CCCCCC(CCC)CC(C)CCC,4-methyl-6-propylundecane,0.7641,0.7229,1.963,0.899,0.125,0.116,465.0,514.0,366.0,424.0,70.80130448332307,85.97323698035363,66.1902426396726,81.44180094339539
CCCCC(C)(C)CC(C)(C)CCCC,"5,5,7,7-tetramethylundecane",0.7754,0.7345,3.095,1.525,0.104,0.097,462.0,513.0,367.0,427.0,54.36582518368212,64.98875700540094,50.956871949551406,61.71938317135231
CCCCCCCCCCCC(=O)OCC(O)CO,"dodecanoic acid monoester with 1,2,3-propanetriol",,,,,,,,,,,,,,
CCCCCCOC(CC)CCCCCC,1-ethylheptyl hexyl ether,0.7914,0.7462,4.423,1.608,0.15,0.14,503.0,547.0,382.0,439.0,66.03166862032207,85.52131593691296,61.1132840156922,80.3903296407449
CCCCCC(C)CC(C)CCCCC,"6,8-dimethyltridecane",0.76,0.7196,1.974,0.931,0.125,0.116,458.0,508.0,366.0,424.0,70.00193119014826,84.38404947234685,65.72275978039329,80.20083980486626
CCCCCCCCCCCCCCCO,1-pentadecanol,,,,,0.185,0.1661,,,372.2,432.6,,,,
CC(C)CCC(O)(CCC(C)C)CC(C)C,"2,8-dimethyl-5-isobutyl-5-nonanol",0.8221,0.7794,32.843,5.132,0.114,0.106,,,383.0,446.0,,,28.11314748397688,46.94345948524657
CCC(C)CCCCCCCCCCCO,12-methyl-1-tetradecanol,0.911,0.867,164.654,16.148,0.151,0.139,519.0,562.0,383.0,442.0,24.015017475692193,44.46713428291869,22.047540262239934,41.56191987064323
CCC(C)CCC(C)(O)CCCCC(C)C,"2,7,10-trimethyl-7-dodecanol",0.899,0.854,52.28,7.494,0.127,0.116,513.0,561.0,383.0,445.0,29.372084849661665,48.741071524717746,27.054067822361297,45.66626480857569
CCCCCCCCCCCCCC(C)O,2-pentadecanol,0.912,0.869,97.588,12.658,0.154,0.141,,,383.0,442.0,,,25.739290103437888,44.67808811147713
CCC(C)CCCCCCCCCCCO,2-methyl-1-tetradecanol,0.917,0.873,174.482,17.182,0.152,0.14,524.0,567.0,383.0,442.0,23.803006020261616,44.0327975943303,21.794039342051686,41.05354350306736
CCCCCCCCCCCCC(C)(C)O,2-methyl-2-tetradecanol,0.8237,0.782,169.965,19.182,0.151,0.137,568.0,606.0,384.0,443.0,24.047349060310005,42.1823709006298,21.53978648628872,38.62378269839543
CCCCC(O)(C(C)(C)CC)C(C)(C)CC,"3,3,5,5-tetramethyl-4-butyl-4-heptanol",0.8703,0.8247,70.091,9.215,0.102,0.094,519.0,567.0,385.0,447.0,23.266640639024917,39.80323011081361,21.391793989059092,37.22776031808773
CCC(CC)CCC(O)CCC(CC)CC,"3,9-diethyl-6-undecanol",0.893,0.848,49.272,6.958,0.137,0.126,,,383.0,444.0,,,29.048872232528662,49.453507003999306
CCCCC(CCCC)(CCCC)C(C)O,"3,3-dibutyl-2-heptanol",0.908,0.862,63.877,8.933,0.134,0.123,519.0,564.0,384.0,444.0,29.12804297573221,48.75980799860916,26.761293575680163,45.58647425877999
CCCCC(CC)(CC)CC(O)C(C)(C)C,"3-nonanol, 5,5-diethyl-2,2-dimethyl-",0.873,0.829,43.528,6.755,0.111,0.103,,,384.0,446.0,,,25.713295482348983,42.92475039412567
CCC(C)(O)CCCC(C)CCCC(C)C,"3-dodecanol, 3,7,11-trimethyl-",0.8255,0.7837,48.455,7.146,0.124,0.114,499.0,548.0,383.0,445.0,28.665738342814517,47.46785355862453,26.609778776099933,44.76764962977954
CCCCCCCCCCCCC(O)CC,3-pentadecanol,0.819,0.7788,78.144,10.401,0.152,0.139,,,383.0,442.0,,,26.633987454564178,45.85658706955102
CCCCCCC(O)(C(C)(C)C)C(C)(C)C,"3-nonanol, 2,2-dimethyl-3-tert-butyl-",0.846,0.8011,67.376,8.988,0.102,0.094,516.0,564.0,385.0,447.0,23.38631655693918,39.84991684704072,21.53691857612552,37.32708827564715
CCC(CC)(CC)C(O)C(CC)(CC)CC,"4-heptanol, 3,3,5,5-tetraethyl-",0.906,0.86,51.876,7.674,0.114,0.105,522.0,569.0,384.0,446.0,27.541404213078955,45.53162184359189,25.262582228856115,42.516542063403534
CCCCCC(C)CC(C)CCCCC,"6,8-dimethyltridecane",,,,,,,,,401.0,459.0,,,,
CCCCCCCCCCCCC(O)CCO,"1,3-pentadecanediol",,,,,,,,,401.0,460.0,,,,
CCCCCCCCCCCC(O)CCC,4-pentadecanol,0.97,0.923,97.938,11.918,0.163,0.148,,,383.0,442.0,,,27.463364174197977,48.24403666451289
OCCCCCCCC(O)CCCCCCCO,"1,8,15-pentadecanetriol",,,,,,,,,418.0,478.0,,,,
CC(O)CCC(O)CCCCCC(O)CCCCO,"1,5,11,14-pentadecanetetrol",,,,,,,,,435.0,499.0,,,,
CCCCCCCCCCCCOCC(O)CO,"3-dodecyloxy-1,2-propanediol",,,,,,,,,417.0,475.0,,,,
CCCCC(CC)CC(CC)C(O)CCC,"5,7-diethyl-4-undecanol",0.848,0.805,33.019,4.969,0.129,0.119,,,383.0,444.0,,,30.739384698814064,51.51489058012549
C(C#Cc1ccccc1)#Cc1ccccc1,"1,4-diphenyl-1,3-butadiyne",,,,,,,,,240.0,278.0,,,,
CCCC(C)CCCC(C)CCCC(C)O,"6,10-dimethyl-2-tridecanol",0.832,0.791,51.683,7.332,0.136,0.125,,,383.0,444.0,,,27.773701178943913,47.199915492760915
c1ccc2c(c1)-c1cccc3cccc-2c13,benzo(jk)fluorene,,,,,,,,,217.4,259.7,,,,
c1ccc2c(c1)ccc1oc3ccccc3c12,"benzo[b]naphtho[1,2-d]furan",,,,,,,,,228.0,271.0,,,,
c1ccc2c(c1)ccc1c3ccccc3oc21,"benzo[b]naphtho[2,1-d]furan",,,,,,,,,228.0,271.0,,,,
CC(C)OC(C)COC(C)COC(C)COC(C)CO,tetrapropylene glycol monoisopropyl ether,1.13,1.07,12.389,3.551,0.202,0.181,,,447.0,507.0,,,59.81778384742692,81.3977814666116
c1ccc2cc3c(cc2c1)oc1ccccc13,"benzo[b]naphtho[2,3-d]furan",,,,,,,,,228.0,271.0,,,,
CCCCCCCOCCOCCOCCOCCO,"3,6,9,12-tetraoxa-1-nonadecanol",0.968,0.925,22.727,6.595,0.253,0.228,666.0,694.0,448.0,502.0,60.392823527527376,80.29558781247346,54.01899986693752,73.30358558898868
OCCCCCCCC(O)CCCCCCCO,"1,8,15-pentadecanetriol",,,,,,,,,231.0,275.0,,,,
CCCCC(CCCC)(CCCC)C(C)O,"3,3-dibutyl-2-heptanol",1.267,1.226,4.104,1.713,0.323,0.31,341.0,368.0,213.9,256.1,102.07107145429472,129.45801294413909,89.52146083977084,116.9072809576597
c1cc2ccc3cccc4ccc(c1)c2c34,benzo(def)phenanthrene,,,,,,,,,212.6,255.2,,,,
C1=Cc2cc3ccccc3c3cccc1c23,benzoacenaphthylene,1.267,1.226,4.104,1.713,0.323,0.31,343.0,370.0,216.7,258.8,105.79836227951624,134.16923160273356,92.97749062709056,121.33459288372016
O=C1OC(=O)[C@H](c2ccccc2)[C@H]1c1ccccc1,"2,5-Furandione, dihydro-3,4-diphenyl-, trans-",,,,,,,,,272.0,321.0,,,,
c1ccc(-c2cccc3ccccc23)cc1,1-phenylnaphthalene,1.0854,1.045,15.662,4.689,0.275,0.262,330.0,363.0,231.0,275.0,63.52069478814171,88.46661018104297,57.45678461103903,81.8204643075069
C(=C\c1ccccc1)\C=C\c1ccccc1,"(E,E)-1,4-diphenyl-1,3-butadiene",,,,,,,,,251.0,296.0,,,,
c1ccc2c3c4c(cccc4cc2c1)CC3,cyclopent[de]anthracene,1.234,1.192,3.728,1.594,0.251,0.241,350.0,380.0,224.3,269.3,91.5587815400244,115.57213662371666,80.7870850502792,104.9024189667748
C(C=Cc1ccccc1)=Cc1ccccc1,".beta.,.beta.-bistyryl",,,,,,,,,251.0,296.0,,,,
c1ccc2c(c1)-c1cccc3c1C2CCC3,"1,2,3,10b-tetrahydrofluoranthene",,,,,,,,,232.0,278.0,,,,
CCc1ccc2c(c1)C(=O)c1ccccc1C2=O,"2-ethyl-9,10-anthracenedione",1.3,1.258,25.385,6.28,0.179,0.172,390.0,422.0,266.0,312.0,41.42577430903795,60.96700827698605,37.198323345739034,56.00156696360017
C1=CC2=c3ccccc3=C3CCCC(=C23)C1,"1,2,3,4-tetrahydrofluoranthene",,,,,,,,,233.0,278.0,,,,
O=C(/C=C/C(=O)c1ccccc1)c1ccccc1,"trans-1,2-dibenzoylethylene",1.243,1.197,21.722,5.931,0.236,0.224,443.0,467.0,275.0,318.0,56.1403745463599,79.07172287684274,49.0937519914502,70.97005013060368
C(=C\c1ccccc1)\C=C\c1ccccc1,"(E,Z)-1,4-diphenyl-1,3-butadiene",0.9943,0.9544,7.644,2.515,0.171,0.162,332.0,369.0,251.0,296.0,54.9883316094163,74.49203243874756,50.82795279850525,70.01315766775951
C(=C\c1ccccc1)\C=C\c1ccccc1,"(Z,Z)-1,4-diphenyl-1,3-butadiene",1.0112,0.9704,7.516,2.473,0.171,0.162,332.0,369.0,251.0,296.0,55.59792705274119,75.3168667229076,51.39142667582862,70.78839833305021
Cc1ccc(C)c2c1ccc1ccccc12,"1,4-dimethylphenanthrene",,,,,,,,,247.0,291.0,,,,
C=CC=C(c1ccccc1)c1ccccc1,"1,1-diphenyl-1,3-butadiene",1.0048,0.965,9.952,3.212,0.159,0.151,361.0,394.0,254.0,299.0,49.57358625630546,67.2944883964092,44.90588774644802,62.26911793802787
CCc1cccc2cc3ccccc3cc12,1-ethylanthracene,,,,,,,,,246.0,290.0,,,,
Cc1cc(C)c2cc3ccccc3cc2c1,"1,3-dimethylanthracene",1.141,1.099,14.023,3.913,0.25,0.239,374.0,403.0,247.0,291.0,63.900824733454286,90.4728794930086,56.862157592776946,82.55420532775706
Oc1ccc2ccc3cccc4ccc1c2c34,1-hydroxypyrene,,,,,,,,,235.0,278.0,,,,
CC(O)CCC(O)CCCCCC(O)CCCCO,"1,5,11,14-pentadecanetetrol",,,,,,,,,,,,,,
Cc1ccc(C)c2cc3ccccc3cc12,"1,4-dimethylanthracene",1.138,1.096,14.06,3.923,0.25,0.238,372.0,402.0,247.0,291.0,63.757237972725406,90.07294652567292,56.820024766772626,82.24673736118622
c1ccc2oc3cc4ccccc4c-3cc2c1,"benz[b]indeno[1,2-e]pyran",,,,,,,,,228.0,271.0,,,,
Cc1ccc2cc3cccc(C)c3cc2c1,"1,7-dimethylanthracene",1.141,1.099,14.023,3.913,0.25,0.239,374.0,403.0,247.0,291.0,63.900824733454286,90.4728794930086,56.862157592776946,82.55420532775706
Cc1cccc2c1ccc1c(C)cccc12,"1,8-dimethylphenanthrene",1.127,1.087,14.197,4.048,0.248,0.237,363.0,394.0,247.0,291.0,61.92774417979174,87.30356376446166,55.57112383054743,80.17001830053351
COc1cccc2c1ccc1c(C)cccc12,8-methoxy-1-methylphenanthrene,,,,,,,,,263.0,307.0,,,,
Cc1cc2cc3ccccc3cc2cc1C,"2,3-dimethylanthracene",1.141,1.099,14.023,3.913,0.25,0.239,374.0,403.0,247.0,291.0,63.900824733454286,90.4728794930086,56.862157592776946,82.55420532775706
C=C(C(=C)c1ccccc1)c1ccccc1,"2,3-diphenyl-1,3-butadiene",1.0009,0.9603,7.393,2.395,0.138,0.131,346.0,383.0,257.0,303.0,48.37231155503452,65.83562354535194,44.490667584363656,61.636355234704354
Cc1ccc2c(ccc3ccc(C)cc32)c1,"2,6-dimethylphenanthrene",1.133,1.093,15.004,4.117,0.249,0.238,367.0,398.0,247.0,291.0,61.33748888762245,87.40079272607039,54.87203683486842,80.03157454992365
Cc1ccc2cc3ccc(C)cc3cc2c1,"2,7-dimethylanthracene",1.144,1.102,13.986,3.993,0.251,0.239,375.0,405.0,247.0,291.0,64.18025867713823,90.08463551042472,57.067930086236494,82.08555246086419
Cc1ccc2c(ccc3cc(C)ccc32)c1,"2,7-dimethylphenanthrene",1.133,1.093,15.004,4.117,0.249,0.238,367.0,398.0,247.0,291.0,61.33748888762245,87.40079272607039,54.87203683486842,80.03157454992365
Cc1ccc2c(c1)cc(C)c1ccccc12,"2,9-dimethylphenanthrene",1.13,1.09,14.159,4.037,0.248,0.237,365.0,396.0,247.0,291.0,62.07031407513555,87.49494616193066,55.61303709846243,80.23140734362389
O=C(O)C=Cc1ccc(OC(=O)c2ccccc2)cc1,p-benzoyloxycinnamic acid,,,,,,,,,,,,,,
CCc1ccc2c(ccc3ccccc32)c1,2-ethylphenanthrene,1.118,1.077,7.513,2.786,0.26,0.248,371.0,411.0,246.0,290.0,77.63553415065137,102.09713760783669,69.16170804639464,92.55767113695336
c1ccc2c(c1)cc1c3c(cccc32)CC1,cyclopenta[jk]phenanthrene,,,,,,,,,223.0,268.1,,,,
O=C(CCC(=O)c1ccccc1)c1ccccc1,"1,4-diphenyl-1,4-butadione",,,,,,,,,287.0,332.0,,,,
O=C1OC(c2ccccc2)=CC1c1ccccc1,"3,5-diphenyl-2-furanone",1.25,1.207,18.4,5.551,0.196,0.187,381.0,417.0,267.0,316.0,48.29345699983532,67.08850633409108,43.69700957688385,62.05343496910349
O=C(/C=C/c1ccccc1)OCc1ccccc1,"3-phenylpropenoic acid, benzyl ester",1.092,1.049,10.989,2.86,0.183,0.174,389.0,424.0,274.0,322.0,53.45370358398303,77.12726110644981,48.43554730821518,71.3821706962561
O=C(O)C=Cc1cccc(OCc2ccccc2)c1,3-(3-benzyloxyphenyl)propenoic acid,,,,,,,,,295.0,340.0,,,,
COc1c2ccccc2c(OC)c2ccccc12,"anthracene, 9,10-dimethoxy-",1.26,1.217,11.111,3.369,0.29,0.273,418.0,445.0,279.0,322.0,75.70331247408257,103.20260157239515,67.56572748755787,94.22514857406289
O=C1OC(c2ccccc2)=CC1c1ccccc1,"cis-3,5-diphenyl-2-furanone",1.25,1.207,18.4,5.551,0.196,0.187,381.0,417.0,267.0,316.0,48.29345699983532,67.08850633409108,43.69700957688385,62.05343496910349
Cc1ccc(OC(=O)C=Cc2ccccc2)cc1,p-cresyl cinnamate,1.087,1.044,6.716,2.969,0.17,0.161,390.0,425.0,276.0,323.0,58.27023794670814,72.22527909176698,52.869845631984795,66.85934108831198
O=C(CCCc1ccccc1)c1ccccc1,(3-phenylpropyl) phenyl ketone,,,,,,,,,281.0,327.0,,,,
CC(=O)C(Cc1ccccc1)c1ccccc1,"3,4-diphenyl-2-butanone",1.071,1.028,15.873,4.669,0.181,0.171,387.0,424.0,281.0,328.0,48.571568272463864,67.49793173996767,44.38948633240821,62.7953900292009
Cc1ccc(C(=O)OC(=O)c2ccc(C)cc2)cc1,4-methylbenzoic acid anhydride,1.253,1.206,15.962,4.561,0.177,0.169,424.0,456.0,295.0,342.0,48.463904317520694,68.06217798932533,43.76241862299381,62.771220905271306
Cc1ccc2c(c1C)Cc1ccccc1C2=O,"1,2-dimethyl-10-anthrone",,,,,,,,,,,,,,
Cc1cc(C)c(C(=O)c2ccccc2O)c(C)c1,"methanone, (2-hydroxyphenyl)(2,4,6-trimethylphenyl)-",,,,,,,,,304.0,352.0,,,,
O=C(O)CC(O)(Cc1ccccc1)c1ccccc1,beta-hydroxy-beta-phenylbenzenebutanoic acid,,,,,,,,,307.0,358.0,,,,
Cc1cc(C)c(C(=O)c2ccccc2)c(C)c1,"2',4',6'-trimethylbenzophenone",1.038,0.998,4.817,1.804,0.145,0.138,374.0,410.0,284.0,330.0,56.21270889705061,73.38435504737075,52.02405281000134,69.03754734988505
COc1ccc(C(=O)C(O)c2ccc(OC)cc2)cc1,anisoin,,,,,,,,,332.0,379.0,,,,
CC(C)(OOC(=O)c1ccccc1)c1ccccc1,"benzenecarboperoxoic acid, 1-methyl-1-phenylethyl ester",,,,,,,,,303.0,353.0,,,,
CC1C(=O)OC1(c1ccccc1)c1ccccc1,"3-methyl-4,4-diphenyl-2-oxetanone",,,,,,,,,,,,,,
COC(OC)(C(=O)c1ccccc1)c1ccccc1,"ethanone, 2,2-dimethoxy-1,2-diphenyl-",,,,,,,,,313.0,360.0,,,,
CC(C)c1ccc(C(=O)c2ccccc2)cc1,"methanone, [4-(1-methylethyl)phenyl]phenyl-",1.066,1.024,11.257,3.516,0.167,0.159,381.0,418.0,282.0,329.0,49.94034031914385,68.64574539825654,45.8872864124274,64.17471420338404
CC(C)(Cc1ccccc1)c1ccccc1,"1,1'-(1,1-dimethyl-1,2-ethanediyl)bisbenzene",0.9565,0.914,4.705,1.729,0.141,0.133,362.0,403.0,275.0,325.0,56.91975576855336,74.54839648065766,52.684467376498425,70.17118106332657
Cc1ccccc1C(=O)OOC(=O)c1ccccc1C,bis(2-methylbenzoyl) peroxide,,,,,,,,,,,,,,
CC(C)C(c1ccccc1)c1ccccc1,"1,1-diphenyl-2-methylpropane",0.9618,0.9196,11.437,3.154,0.149,0.14,413.0,419.0,274.0,325.0,47.77631632290784,65.9024213205602,42.56818616841378,61.35717505892079
Cc1ccc(C)c(C(C)c2ccccc2)c1,".alpha.-phenyl-.alpha.-(2,5-dimethylphenyl)ethane",0.9724,0.9314,4.422,1.503,0.126,0.119,362.0,403.0,277.0,326.0,52.88643922829098,70.8671873445528,49.051146822169834,66.76379235683929
c1ccc(CCCCc2ccccc2)cc1,"1,4-diphenylbutane",,,,,,,,,275.0,323.0,,,,
Cc1cccc(OC(=O)/C=C/c2ccccc2)c1,m-cresyl cinnamate,,,,,,,,,,,,,,
CCc1cc(CC)cc(-c2ccccc2)c1,"1,1'-biphenyl, 3,5-diethyl-",1.008,0.965,4.861,1.969,0.198,0.187,382.0,419.0,277.0,325.0,73.32400926685965,93.13318855551,66.98558255768003,86.70985434966309
CC(C(=O)O)c1cccc(C(=O)c2ccccc2)c1,ketoprofen,0.986,0.943,4.361,1.485,0.126,0.12,367.0,407.0,277.0,326.0,51.20888425304981,68.92294441972159,47.31232697826584,64.75197599059554
Cc1ccccc1OC(=O)/C=C/c1ccccc1,o-cresyl cinnamate,,,,,,,,,,,,,,
Cc1ccccc1C(C)c1ccccc1C,"1,1-di-o-tolylethane",0.971,0.929,4.119,1.389,0.125,0.118,359.0,400.0,277.0,326.0,53.88354212930437,72.35669239035332,50.09306759044793,68.31048066808297
Cc1ccc(C(C)c2ccc(C)cc2)cc1,"1,1-di-p-tolylethane",0.9665,0.9216,4.139,1.411,0.131,0.123,400.0,435.0,277.0,326.0,58.46101025817287,77.43129565940386,52.72012114622988,71.3966129390319
CC1(C)CCCc2c1ccc1ccccc21,"1,1-dimethyl-1,2,3,4-tetrahydrophenanthrene",1.0211,0.9799,9.793,3.164,0.177,0.168,369.0,407.0,264.0,313.0,54.35364036604096,73.95073633140339,49.467652847000544,68.68473349696033
Cc1ccc(C(=O)OOC(=O)c2ccc(C)cc2)cc1,4-methylbenzoyl peroxide,,,,,,,,,300.0,351.0,,,,
CCC(Cc1ccccc1)c1ccccc1,"1,2-diphenylbutane",0.953,0.902,4.512,1.552,0.152,0.144,360.0,401.0,274.0,324.0,63.88870620417416,85.52656576410821,59.1664392349806,80.5476423554592
Cc1ccccc1C(=O)OC(=O)c1ccccc1C,2-methylbenzoic acid anhydride,,,,,,,,,,,,,,
CC(Cc1ccccc1)Cc1ccccc1,"1,3-diphenyl-2-methylpropane",0.994,0.949,11.066,3.161,0.153,0.145,369.0,409.0,274.0,324.0,48.48373870390847,68.30944349814631,44.58931684124232,63.97632541904804
CC(CCc1ccccc1)c1ccccc1,"1,3-diphenylbutane",0.9575,0.9165,4.073,1.56,0.153,0.145,369.0,409.0,274.0,324.0,62.56467191871597,81.16762662108916,57.53920910037228,76.0188669132329
CCCc1ccc(Cc2ccccc2)cc1,1-(phenylmethyl)-4-propylbenzene,0.9532,0.9127,3.053,1.304,0.149,0.14,386.0,422.0,276.0,324.0,67.18606038574062,83.6858191093542,61.13640423665071,77.69047741555093
CC(C)(Cc1ccccc1)c1ccccc1,"1,1'-(1,1-dimethyl-1,2-ethanediyl)bisbenzene",0.9589,0.92,5.944,2.391,0.18,0.17,377.0,415.0,277.0,326.0,62.6719742097254,79.83966491229386,57.4669453296089,74.59846425783046
CC(C(=O)O)C(O)(c1ccccc1)c1ccccc1,"2-methyl-3,3-diphenyl-hydracrylic acid",,,,,,,,,,,,,,
CCCC(c1ccccc1)c1ccccc1,"1,1-diphenylbutane",,,,,0.152,0.143,442.0,471.0,274.0,324.0,,,,
OCC(c1ccccc1)C(CO)c1ccccc1,"2,3-diphenyl-1,4-butanediol",,,,,,,,,309.0,362.0,,,,
Cc1ccc(C(C)c2ccccc2C)cc1,1-(2-methylphenyl)-1-(4-methylphenyl)-ethane,0.984,0.941,4.37,1.488,0.126,0.12,365.0,406.0,277.0,326.0,53.903416186732784,72.61179198582144,49.878440481798414,68.26481105190898
CC(CCO)(c1ccccc1)c1ccccc1,"3,3-diphenyl-1-butanol",,,,,,,,,293.0,344.0,,,,
Cc1ccc(C(C)c2cccc(C)c2)cc1,1-(3-methylphenyl)-1-(4-methylphenyl)ethane,0.985,0.942,4.365,1.486,0.126,0.12,366.0,406.0,277.0,326.0,53.96229300294519,72.63926954418088,49.894505812431106,68.290643637475
Cc1cc(C)c(C)c(Cc2ccccc2)c1,"1-benzyl-2,3,5-trimethylbenzene",1.0006,0.9592,3.298,1.251,0.122,0.116,390.0,426.0,278.0,326.0,57.46340016767504,74.62121909516212,52.24378664464133,69.21138348413807
CCc1ccc(Cc2ccccc2)c(C)c1,1-benzyl-2-methyl-4-ethylbenzene,0.9942,0.9511,2.615,1.104,0.134,0.127,383.0,419.0,277.0,325.0,66.02789478276783,83.0430980287906,60.2758293249896,77.31567067017612
CCc1ccc(C(C)c2ccccc2)cc1,1-ethyl-4-(1-phenylethyl)benzene,0.9632,0.9223,5.814,1.952,0.139,0.132,362.0,403.0,276.0,325.0,52.512191991437376,70.88826334799727,48.65451537480952,66.7259578674872
Cc1ccccc1OC(=O)/C=C/c1ccccc1,o-cresyl cinnamate,1.05,1.007,6.952,2.483,0.228,0.216,450.0,483.0,301.0,352.0,74.18803913302798,97.2483411212274,66.2530639403901,88.9672824742291
CCCCCOC(=O)c1cccc2ccccc12,"1-naphthalenecarboxylic acid, pentyl ester",1.047,1.004,9.36,3.187,0.238,0.226,495.0,522.0,301.0,352.0,71.94348050909423,95.26867223285608,62.54891162501301,85.2730606685881
CCCCOC(=O)Cc1ccc2ccccc2c1,"2-naphthaleneacetic acid, butyl ester",1.042,1.0,7.294,2.6,0.23,0.218,458.0,490.0,301.0,352.0,73.18488163240845,95.93282298915408,65.03403059723234,87.40927507491207
CCCCCOC(=O)c1ccc2ccccc2c1,"2-naphthoic acid, pentyl ester",1.041,0.999,9.606,3.303,0.241,0.228,506.0,531.0,301.0,352.0,72.0347989727952,94.74281177883768,62.24229009165153,84.39556637110167
CC(O)C(C)(c1ccccc1)c1ccccc1,"3,3-diphenyl-2-butanol",1.131,1.083,106.101,17.544,0.161,0.15,,,292.0,345.0,,,24.87019875183835,41.09870243440864
CCCCCC(=O)c1cccc2ccccc12,"1-hexanone, 1-(1-naphthalenyl)-",1.023,0.9839,9.775,3.659,0.237,0.225,423.0,455.0,295.0,343.0,67.28274303213097,87.22494199628305,60.79600982867112,80.56015987225176
CC(C)c1ccc(C(O)c2ccccc2)cc1,[4-(1-methylethyl)phenyl]phenylmethanol,1.097,1.053,53.783,10.446,0.153,0.144,,,293.0,344.0,,,28.350675907870855,45.024058643169965
c1ccc(OCCOCCOc2ccccc2)cc1,bis(2-phenoxyethyl) ether,,,,,,,,,323.0,369.0,,,,
COc1ccc(C(C)(C)c2ccccc2)cc1,"4-(.alpha.,.alpha.-dimethylbenzyl)anisole",1.035,0.992,14.493,3.931,0.144,0.136,382.0,422.0,292.0,341.0,42.017811423682176,59.8630455375049,38.95930490156196,56.37963009986292
c1ccc(CCCCOc2ccccc2)cc1,"benzene, 4-phenylbutoxy-",1.0096,0.966,9.212,2.899,0.184,0.174,438.0,469.0,291.0,338.0,59.38941636961887,80.51259478650915,52.93653220822294,73.42554361959697
CC(OC(C)c1ccccc1)c1ccccc1,"ether, bis(1-phenylethyl)-",1.006,0.964,11.928,3.32,0.158,0.15,366.0,409.0,290.0,340.0,46.56790070693879,66.32564292243075,43.616618007555,62.96637931844204
COc1cc(C)cc2c(C(C)=O)c(C)cc(OC)c12,"1'-acetonaphthone, 4',5'-dimethoxy-2',7'-dimethyl-",1.248,1.201,52.885,9.992,0.223,0.212,504.0,528.0,332.0,377.0,42.694853272654186,66.65624176861556,37.96452394451854,60.630161198436355
CC(c1ccccc1)C(CO)c1ccccc1,"2,3-diphenyl-1-butanol",1.179,1.134,13.571,3.968,0.178,0.169,451.0,484.0,325.0,372.0,52.901101514879485,73.47213797692632,48.24337064671148,68.22906288977187
CCCCCC=C(C)C#Cc1ccccc1,(3-methyl-3-nonen-1-ynyl)benzene,0.8873,0.8476,6.086,2.006,0.151,0.143,403.0,440.0,304.0,352.0,56.08213515563635,75.53559124955066,51.806537761852496,70.93994481764904
c1cc2c3c4c1CCCC4CCC3CCC2,"1,2,3,3a,4,5,5a,6,7,8-decahydropyrene",1.0471,1.008,3.247,1.389,0.109,0.104,383.0,421.0,258.0,310.0,51.97157746007685,65.52452785615917,46.50511332954084,60.11922745767766
CCCCCCc1ccc2ccccc2c1,2-hexylnaphthalene,0.9345,0.8932,4.505,1.605,0.208,0.197,407.0,442.0,286.5,335.1,77.90543114615907,102.5111459522515,70.57940380037871,94.82991703908736
CC(C)c1ccc(C(C)C)c2ccccc12,"1,4-bis(1-methylethyl)naphthalene",0.9939,0.9518,6.137,1.996,0.178,0.168,387.0,428.0,290.0,341.0,63.29548789266344,85.67312592669353,58.3609313818807,80.36802348692265
CC12C=C(c3ccccc3)C(CC1)C2(C)C,"1,7,7-trimethyl-3-phenylbicyclo[2.2.1]hept-2-ene",0.9608,0.9186,6.141,1.742,0.138,0.131,357.0,401.0,274.0,326.0,51.55605859239596,73.14004875652567,47.85787077772412,69.00154966218398
CC1=CC(c2ccccc2)=C(C(C)C)CC1,"1-(1-methylethyl)-4-methyl-2-phenyl-1,3-cyclohexadiene",0.9455,0.9046,8.355,2.764,0.182,0.172,376.0,419.0,286.0,337.0,58.01792361586445,78.39538934420317,53.72019819277875,73.73675270716183
CCCCCCc1cccc2ccccc12,1-hexylnaphthalene,0.9449,0.905,4.445,1.768,0.207,0.196,412.0,447.0,289.2,338.5,77.44263611585049,98.74774025338448,70.10429391392427,91.31886698715807
C=C1C2CCC(c3ccccc3)(C2)C1(C)C,"2,2-dimethyl-3-methylene-1-phenylbicyclo[2.2.1]heptane",0.9784,0.9359,6.132,1.71,0.104,0.098,358.0,402.0,275.0,327.0,42.206251673526054,59.84133520649463,39.18806102394796,56.464406710075885
CCCc1cc2ccccc2cc1CCC,"2,3-dipropylnaphthalene",0.9497,0.9094,3.896,1.649,0.19,0.18,394.0,432.0,290.0,339.0,74.83397339357367,94.0823966520208,68.65280319160956,87.88038870816531
CC(C)c1ccc2ccc(C(C)C)cc2c1,"2,7-bis(1-methylethyl)naphthalene",0.9553,0.9144,6.176,2.078,0.178,0.169,389.0,431.0,290.0,341.0,62.76185782920113,84.54715759683042,57.78505416746673,79.15609522405144
CC1CCC2=C(C1)CC(C)c1ccccc12,"2,9-dimethyl-1,2,3,4,9,10-hexahydrophenanthrene",0.9889,0.9486,8.191,2.635,0.14,0.133,361.0,403.0,272.0,323.0,47.567894975177346,65.05871942898081,43.92698439456298,61.13245976994314
CCCc1cc2ccccc2cc1C(C)C,2-(1-methylethyl)-3-propylnaphthalene,0.978,0.936,6.135,2.03,0.182,0.173,384.0,424.0,290.0,340.0,64.1368717050944,86.79554716750854,59.26631932579668,81.56887062234355
CCCCC(C)c1ccc2ccccc2c1,2-(1-methylpentyl)naphthalene,0.9637,0.924,7.575,2.381,0.199,0.189,395.0,434.0,289.0,340.0,63.942882249499355,87.61745149690941,58.562553978541565,81.8031025107418
CCCCc1cc2ccccc2cc1CC,2-butyl-3-ethylnaphthalene,0.9146,0.876,4.592,1.826,0.194,0.184,411.0,447.0,290.0,339.0,72.51318708323853,92.64398393520308,65.73790294614098,85.70988086424987
CC1(C)C2CC3(C)C1C3(c1ccccc1)C2,"2-phenyl-1,5,5-trimethyltricyclo[2.2.1.0(2,6)]heptane",0.957,0.912,1.139,0.625,0.095,0.089,362.0,406.0,275.0,328.0,64.73177832144741,75.52433464327294,59.91521251542609,71.12525671016061
CC(OC(C)c1ccccc1)c1ccccc1,"ether, bis(1-phenylethyl)-",0.966,0.9234,5.797,1.733,0.104,0.098,357.0,401.0,275.0,327.0,42.11087772388821,58.55454474836623,39.13028501185603,55.28895474781347
CCc1cc(C(C)CC)c2ccccc2c1,3-ethyl-1-(1-methylpropyl)naphthalene,0.965,0.9243,6.839,2.272,0.185,0.175,395.0,434.0,290.0,340.0,62.88526244250687,84.59269419862528,57.64991503060474,78.97907000221376
c1cc2c3c(c1)C1CCCCC1C3CCC2,"4,5,6,6a,6b,7,8,9,10,10a-decahydrofluoranthene",1.0242,0.989,20.504,4.449,0.112,0.107,343.0,387.0,257.0,310.0,29.702143329419037,45.70268945205889,27.38569336510367,42.93769311064122
CC1(C)C2CC=C(Cc3ccccc3)C1C2,"4-(phenylmethyl)-7,7-dimethylbicyclo[3.1.1]hept-3-ene",0.9578,0.9155,5.742,1.638,0.118,0.111,361.0,404.0,279.0,330.0,47.12677822786824,66.24697536365878,43.83181326055346,62.58192932260785
CCCCCCCC=C=Cc1ccccc1,"(1,2-decadienyl)benzene",0.8826,0.8444,2.833,1.279,0.328,0.31,425.0,462.0,313.0,362.0,121.61906950043382,149.5330023240419,111.5918538454918,139.61689854134275
CC(C)=CCCC(C)C=Cc1ccccc1,"(3,7-dimethyl-1,6-octadienyl)benzene",0.883,0.8429,4.077,1.542,0.147,0.138,423.0,463.0,310.0,362.0,62.427516767024855,80.44059718737674,57.20138694149359,75.0606073618792
COc1ccc(C(C)(C)c2ccccc2)cc1,"p-(.alpha.,.alpha.-dimethylbenzyl)-anisole",,,,,,,,,,,,,,
C=C(C)CCCC(C)C=Cc1ccccc1,"(3,7-dimethyl-1,7-octadienyl)benzene",0.8802,0.8406,3.636,1.428,0.141,0.133,413.0,455.0,312.0,364.0,61.92964092713182,79.37381736440412,57.2318124626794,74.54465015298965
c1cc(C2CCCC2)cc(C2CCCC2)c1,"1,3-dicyclopentylbenzene",0.9662,0.9261,17.595,4.859,0.128,0.121,364.0,410.0,274.0,329.0,35.90756957982954,51.21211241231695,33.15029708509502,48.13752944794419
CC(C)C1C=CC(C(C)C)c2ccccc21,"1,4-dihydro-1,4-diisopropylnaphthalene",0.9324,0.8926,10.725,3.025,0.124,0.117,397.0,441.0,297.0,352.0,41.25134928305306,58.17879064432159,38.0176070951953,54.60426496614502
C=C(C)C1CCC(C)CC1c1ccccc1,1-(1-methylethenyl)-2-phenyl-4-methylcyclohexane,0.9298,0.8872,3.764,1.578,0.124,0.116,385.0,430.0,292.0,346.0,55.96478352080805,70.27582150852794,51.777004486055695,66.10789995071228
CC1C2CCC(c3ccccc3)(C2)C1(C)C,"1-phenyl-2,2,3-trimethylbicyclo[2.2.1]heptane",0.9684,0.9266,4.131,1.392,0.109,0.103,371.0,417.0,282.0,337.0,48.91744245826071,65.91153608454403,45.28495455128198,62.0782480540573
CCCCCCCC1C=Cc2ccccc21,"1H-indene, 1-heptyl-",0.975,0.932,5.744,1.931,0.172,0.163,403.0,443.0,300.0,351.0,63.84606527321153,85.72284944946064,58.75922202161071,80.28938334020208
c1ccc(C2CCCC3CCCCC32)cc1,2-phenylbicyclo[4.4.0]decane,0.9635,0.924,9.756,3.247,0.136,0.129,365.0,411.0,274.0,329.0,44.12125736931518,59.849041680276,40.7018482756114,56.21739305046707
Cc1ccc(C)c2c1C=C(C(C)C)CC2C,"5,6-dihydro-7-(1-methylethyl)-1,4,5-trimethylnaphthalene",0.9291,0.888,4.951,1.689,0.128,0.12,410.0,451.0,300.0,353.0,53.41267941717788,70.88082815301692,48.91955240014798,66.16037322289493
CC1=C(C(C)C)CCc2c(C)ccc(C)c21,"5,6-dihydro-7-(1-methylethyl)-1,4,8-trimethylnaphthalene",0.9404,0.8996,5.317,1.779,0.12,0.114,412.0,452.0,301.0,353.0,49.94438813555068,67.22828682731064,45.723226095044744,62.711996502751035
CCCCC#CCC#CCC#CCCCC,"5,8,11-hexadecatriyne",0.9,0.859,6.111,1.863,0.16,0.151,454.0,486.0,338.0,382.0,60.77618462418588,83.00545100662019,55.93554695014411,77.56936836663841
c1ccc(C2CCC3CCCCC3C2)cc1,decahydro-2-phenylnaphthalene,0.9712,0.9309,9.164,3.008,0.136,0.129,363.0,409.0,274.0,329.0,45.08933183275552,61.411714600801666,41.65923583824062,57.76445264797794
CCCCCCCC1=Cc2ccccc2C1,"indene, 2-heptyl-",1.065,1.018,3.756,1.473,0.177,0.167,467.0,498.0,300.0,351.0,78.49607149156702,99.74761329773064,69.30798815752324,90.3996586719142
CC1(C)C2CC=C(Cc3ccccc3)C1C2,"4-(phenylmethyl)-7,7-dimethylbicyclo[3.1.1]hept-3-ene",1.13,1.084,29.204,5.812,0.153,0.145,480.0,525.0,356.0,415.0,39.87402207007732,61.95827045648131,36.65892870287188,57.99297704365651
CCCCOC(=O)c1cccc(C(=O)OCCCC)c1,"1,3-benzenedicarboxylic acid, dibutyl ester",1.182,1.133,17.766,4.325,0.168,0.159,501.0,541.0,357.0,413.0,46.82525368558107,68.43608976448988,42.56781474186331,63.43129035262535
CCCCCCCC=C=Cc1ccccc1,"(1,2-decadienyl)benzene",1.133,1.087,15.887,3.864,0.153,0.145,481.0,527.0,356.0,415.0,47.22431970963611,69.38740126403904,43.391152439818065,64.87721908737576
CC1(c2ccc(C3(C)CCC3)cc2)CCC1,"1,4-di(1-methylcyclobutyl)-benzene",,,,,,,,,,,,,,
CCCCOC(=O)c1ccccc1C(=O)OCCCC,"dibutyl 1,2-benzenedicarboxylate",1.02976,0.9814,8.604,2.384,0.15,0.1403,484.6,532.2,357.0,413.0,52.24122250055291,73.34801650122574,47.938070234434555,68.29835798006322
CCCCOC(=O)c1ccc(C(=O)OCCCC)cc1,"dibutyl benzene-1,4-dicarboxylate",1.19,1.137,17.647,4.31,0.168,0.159,501.0,541.0,357.0,413.0,47.96095633958183,70.03195806869809,43.60025720340268,64.9104512181444
CC(C)COC(=O)c1ccc(C(=O)OCC(C)C)cc1,diisobutyl terephthalate,1.18,1.131,29.661,5.836,0.156,0.148,501.0,544.0,356.0,415.0,38.435515949764685,59.83818508966617,34.913327916099895,55.45125399520751
CC(C)COC(=O)c1ccccc1C(=O)OCC(C)C,"diisobutyl 1,2-benzenedioate",1.022,0.98,17.417,1.755,0.154,0.145,482.0,527.0,356.0,415.0,41.89767414247118,78.46370292444873,38.47438329849555,73.36356099669136
C=C(C)C1CCC(C)CC1c1ccccc1,1-(1-methylethenyl)-2-phenyl-4-methylcyclohexane,1.17,1.122,27.35,5.526,0.153,0.144,477.0,523.0,356.0,415.0,40.92435945253816,63.04962440562295,37.69099087624249,59.07788081133656
CC(C)C1C=CC(C(C)C)c2ccccc21,"1,4-dihydro-1,4-diisopropylnaphthalene",1.2,1.15,29.167,5.739,0.156,0.148,500.0,543.0,356.0,415.0,41.77582132284928,65.04078816053975,37.96886536619172,60.30364075653209
CC1C2CCC(c3ccccc3)(C2)C1(C)C,"1-phenyl-2,2,3-trimethylbicyclo[2.2.1]heptane",0.8655,0.824,3.582,1.396,0.137,0.128,449.0,490.0,324.0,378.0,63.19449492159454,80.40156461352097,57.65256880536797,74.7413238825
CC(C)c1ccc2c(c1)C(C)(C)CC2(C)C,"1,1,3,3-tetramethyl-5-(1-methylethyl)indan",0.931,0.889,4.082,1.406,0.085,0.081,396.0,442.0,311.0,366.0,41.75444753914546,56.142723407984185,39.01077547027327,53.24065880091857
c1ccc(C2CCCC3CCCCC32)cc1,2-phenylbicyclo[4.4.0]decane,0.965,0.922,4.56,1.518,0.077,0.073,419.0,462.0,312.0,367.0,38.6578263961114,52.10707929280492,35.580685751732716,48.839758400016756
CCCC(C=Cc1ccc(C)cc1C)CC,"1,3-dimethyl-4-(3-propyl-1-pentenyl)benzene",0.9018,0.8612,2.772,1.161,0.124,0.117,425.0,468.0,323.0,376.0,61.708482080756106,77.67882736641312,57.12388381687212,73.04034959082773
CC(C)(C)C1=CC=C(C(C)(C)C)C=CC=C1,"1,4-bis(1,1-dimethylethyl)cyclooctatetraene",0.84,0.804,6.548,2.114,0.104,0.098,374.0,427.0,321.0,377.0,39.8220323447229,54.435931303052705,38.14648311427406,52.56190753437767
CC(C)C1CCCC(C)C1c1ccccc1,1-(1-methylethyl)-2-phenyl-3-methylcyclohexane,0.9228,0.8813,7.261,2.496,0.129,0.122,399.0,446.0,301.0,357.0,47.864043664928374,64.06974400797176,44.21569600410086,60.181174914459056
Cc1ccc(C(C)C)cc1C1CCCCC1,1-cyclohexyl-2-methyl-5-(1-methylethyl)benzene,0.926,0.885,7.019,2.373,0.111,0.105,385.0,433.0,303.0,358.0,42.79557392436839,57.66255652646952,40.00723739062517,54.658428813753275
CCCCOC(=O)c1cccc(C(=O)OCCCC)c1,"1,3-benzenedicarboxylic acid, dibutyl ester",0.9056,0.866,4.417,1.848,0.147,0.139,411.0,454.0,303.0,357.0,56.05642674157221,70.75650292429945,51.44954253351694,66.13054744908109
CCc1ccc2c(c1)CC(=C1CC13CC3)CC2,"7-ethyl-1,2,3,4-tetrahydronaphthalene-2,2-spiropentane",,,,,,,,,,,,,,
CCCCCCCC/C=C/c1ccccc1,1-decenylbenzene,0.86,0.8204,2.791,1.255,0.163,0.153,437.0,477.0,321.0,373.0,75.02781986423342,92.00350671785424,68.79149763647857,85.85366810859237
CCC1(C)CCc2c(C)ccc(C(C)C)c21,"1-ethyl-1,4-dimethyl-7-(1-methylethyl)indan",0.964,0.922,4.772,1.627,0.09,0.085,418.0,461.0,311.0,366.0,42.273560347829054,56.44759104254303,38.89962688661029,52.8997441673191
Cc1ccc2c(c1)C(C)(C)C(C)(C)C2(C)C,"1H-indene, 2,3-dihydro-1,1,2,2,3,3,5-heptamethyl-",0.949,0.908,2.95,1.2,0.076,0.072,405.0,450.0,313.0,367.0,42.19385891095806,53.8433674365934,39.24359367899385,50.84217219260595
CCCCCCCC1Cc2ccccc2C1,"2,3-dihydro-2-heptyl-1H-indene",0.889,0.85,7.199,2.353,0.135,0.128,422.0,463.0,309.0,362.0,49.48839136175731,66.96150675942738,45.33444099486585,62.483019059658815
CCCCCCCC1CCc2ccccc21,"2,3-dihydro-1-hetpyl-1H-indene",0.896,0.858,7.924,2.564,0.133,0.126,413.0,455.0,309.0,362.0,47.02352965872482,63.84334846132723,43.33849199602836,59.8662109775275
CCC1C(C)(C)c2ccc(C)cc2C1(C)C,"2,3-dihydro-2-ethyl-1,1,3,3,5-pentamethyl-1H-indene",0.9053,0.866,2.872,1.189,0.087,0.082,411.0,454.0,312.0,366.0,46.48767088256194,58.71621466324505,43.019937052313495,55.26312854659286
CCC1(C)c2cc(C)ccc2C(C)(C)C1C,"2,3-dihydro-3-ethyl-1,1,2,3,5-pentamethyl-1H-indene",0.9012,0.862,2.885,1.195,0.087,0.082,411.0,454.0,312.0,366.0,46.39538653020067,58.59112808028969,42.93453662346593,55.14539827475973
Cc1ccc2c(c1)C(C)(C(C)C)CC2(C)C,"2,3-dihydro-3-(1-methylethyl)-1,1,3,5-tetramethyl-1H-indene",0.8872,0.8484,4.847,1.65,0.087,0.082,406.0,452.0,311.0,366.0,39.84207216807732,53.28743820901622,36.96383661907451,50.21594380817507
CCCCCCCCCOc1ccc(C(=O)O)cc1,4-nonyloxybenzoic acid,1.052,1.014,123.574,15.976,0.163,0.156,,,364.0,417.0,,,22.925095937430875,41.033689132086344
CCCC1(C)CC(C)(C)c2ccc(C)cc21,"2,3-dihydro-3-propyl-1,1,3,5-tetramethyl-1H-indene",0.8847,0.846,2.826,1.194,0.092,0.087,411.0,455.0,312.0,365.0,48.40303972183103,60.969007289521365,44.79242952898493,57.30381033192945
CC(=O)C(C)(C(C)=O)C12CC3CC(CC(C3)C1)C2,"3-(1-adamantyl)3-methylpentane-2,4-dione",1.164,1.117,9.45,2.507,0.151,0.143,443.0,488.0,327.0,384.0,51.062596352352486,73.28889146657511,46.88261288548737,68.5106409059935
CCCCCCCCc1ccc(C(C)=O)cc1,p-octylphenyl methyl ketone,0.9164,0.877,12.003,3.535,0.172,0.163,495.0,528.0,340.0,392.0,52.44170246853675,72.46503023882202,47.183413742151934,66.64121799247253
Cc1ccc(C(C)(C)CC(C)(C)C)cc1C,"1,2-dimethyl-4-(1,1,3,3-tetramethylbutyl)benzene",,,,,,,,,335.0,393.0,,,,
CCCCC(CC)(CCC)c1ccccc1,(1-ethyl-1-propylpentyl)benzene,0.8569,0.8174,7.119,2.324,0.131,0.123,424.0,471.0,333.0,389.0,48.694670733501134,65.67791598017044,45.4953469117571,62.23739483648611
CCC(C)(C)c1ccc(C(C)(C)CC)cc1,"1,4-di-tert-pentylbenzene",0.849,0.802,8.245,2.494,0.099,0.093,406.0,457.0,334.0,392.0,39.633399048713166,54.8378622254233,37.5156804397929,52.521540966930914
CCCCCc1ccc(CCCCC)cc1,"1,4-dipentylbenzene",0.8432,0.803,3.083,1.333,0.136,0.128,438.0,481.0,334.0,388.0,64.19849610964702,79.88707506771442,59.48508252033359,75.20166824237963
CCCC(C)(Cc1ccccc1)CC(C)C,"(2,4-dimethyl-2-propylpentyl)benzene",0.8675,0.8251,3.919,1.576,0.128,0.12,447.0,492.0,333.0,390.0,58.65220757324408,74.32690264753764,53.99038439451883,69.62460203162304
CC(C)CCCC(C)CCc1ccccc1,"(3,7-dimethyloctyl)benzene",0.8593,0.8176,3.258,1.296,0.138,0.129,435.0,481.0,332.0,389.0,64.41284750126924,81.81255535014897,59.69825179392976,77.07000205837862
CC(CCCc1ccccc1)CC(C)(C)C,"(4,6,6-trimethylheptyl)benzene",0.8427,0.8015,3.679,1.472,0.126,0.118,433.0,480.0,333.0,390.0,58.03558829856545,73.74220444702226,53.90312065025149,69.55837540493653
CCCCCC(CCCC)c1ccccc1,(5-decyl)benzene,0.8433,0.8027,3.795,1.458,0.145,0.136,445.0,489.0,332.0,388.0,63.86871689211724,81.97352575305979,58.81670123524241,76.80852005461422
CCCCCCCCc1ccc(C(C)O)cc1,1-(p-octylphenyl)ethanol,1.03,0.979,53.398,9.704,0.155,0.142,,,351.0,407.0,,,31.140016100688698,49.24754811932325
CCCCCCCCc1ccc(C)c(C)c1,"1,2-dimethyl-4-octylbenzene",0.8661,0.8218,1.27,0.718,0.123,0.114,445.0,487.0,335.0,388.0,79.12524973910763,90.21696504583213,73.05106080708482,84.63006621980027
CCc1cc(C(C)(C)C)cc(C(C)(C)C)c1,"1,3-bis(1,1-dimethylethyl)-5-ethylbenzene",0.845,0.8057,4.024,1.452,0.086,0.081,405.0,456.0,335.0,393.0,41.64824537175141,54.94392063499448,39.483415635833005,52.69330758812341
CCC(CC)c1cccc(C(CC)CC)c1,"1,3-bis(1-ethylpropyl)benzene",0.907,0.863,4.3,1.506,0.125,0.117,440.0,486.0,333.0,390.0,56.51246657754925,74.44238390351966,52.25220092658736,69.97388126043727
CCCC(C)c1ccc(C(C)CCC)cc1,"1,4-bis(1-methylbutyl)benzene",0.8487,0.807,3.77,1.4,0.122,0.114,422.0,470.0,333.0,390.0,56.100908051471144,72.77468554056631,52.484741344259525,69.05349812574897
CCCCCc1cccc(CCCCC)c1,"1,3-dipentylbenzene",0.8612,0.821,3.019,1.328,0.136,0.128,441.0,484.0,334.0,388.0,64.70256851439363,80.11156451609601,59.83713994046549,75.28120766152234
CCC1C(C)(C)c2ccc(C)cc2C1(C)C,"2,3-dihydro-2-ethyl-1,1,3,3,5-pentamethyl-1H-indene",0.9508,0.909,13.673,4.84,0.126,0.119,387.0,437.0,301.0,360.0,39.12857719219712,52.04382057539368,36.45790567333139,49.2821488579087
CCCC(C)c1cccc(C(CC)CC)c1,1-(1-ethylpropyl)-3-(1-methylbutyl)benzene,0.907,0.863,4.3,1.506,0.125,0.117,440.0,486.0,333.0,390.0,56.51246657754925,74.44238390351966,52.25220092658736,69.97388126043727
CCCCCCc1ccccc1CCCC,1-butyl-2-hexylbenzene,0.849,0.8088,3.062,1.335,0.136,0.128,439.0,482.0,334.0,388.0,64.36332185962623,79.90005593390873,59.59956115946501,75.16995943716039
CCCCCCC(C)c1ccc(CC)cc1,1-ethyl-4-(1-methylheptyl)benzene,0.8481,0.8075,4.834,1.734,0.13,0.122,438.0,483.0,333.0,389.0,54.91663345505331,71.95786000493496,50.841786374696255,67.70749309414124
Cc1c(C(C)C)cc(C(C)C)cc1C(C)C,"1-methyl-2,4,6-tris(1-methylethyl)benzene",0.8563,0.8147,2.336,1.007,0.092,0.086,437.0,484.0,335.0,392.0,52.88402742687567,65.69813459866887,49.07408352952252,61.91521837333733
CC(CC(C)c1ccccc1)CC(C)(C)C,"2,2,4-trimethyl-6-phenylheptane",0.8425,0.8007,3.323,1.361,0.12,0.112,430.0,479.0,332.0,391.0,57.78510127416969,72.86470448171168,53.73006242573251,68.82055169666113
CCC(C)(C)c1ccc(O)c(C(C)(C)CC)c1,"2,4-bis(1,1-dimethylpropyl)phenol",1.039,0.992,115.496,16.129,0.111,0.102,,,355.0,413.0,,,19.331241468893342,33.02590185010023
CCCCCCCCCCOc1ccccc1,decyloxybenzene,,,,,,,,,349.0,402.0,,,,
CCC(C)(C)c1cccc(C(C)(C)CC)c1O,"2,6-bis(1,1-dimethylpropyl)phenol",0.9224,0.8832,130.095,19.248,0.106,0.098,472.0,517.0,355.0,413.0,18.619281192844944,30.90570165111302,17.18550356740214,29.013523057849262
CCCCCCC(Cc1ccccc1)OCC,2-ethoxy-1-phenyloctane,0.8942,0.852,4.585,1.631,0.155,0.146,429.0,476.0,348.0,403.0,62.31794201190279,82.20801566581528,58.75557865627761,78.44687342122744
CCCCCCCC(CC)c1cccc(O)c1,3-(1-ethyloctyl)phenol,0.969,0.928,56.76,9.914,0.145,0.135,469.0,513.0,353.0,409.0,29.770485569396055,47.38097707193108,27.483625507558184,44.45552711167768
CCCCCCC(CCC)c1cccc(O)c1,3-(1-propylheptyl)phenol,0.969,0.928,56.76,9.914,0.145,0.135,469.0,513.0,353.0,409.0,29.770485569396055,47.38097707193108,27.483625507558184,44.45552711167768
COCc1cc(C(C)(C)C)c(O)c(C(C)(C)C)c1,"2,6-bis(1,1-dimethylethyl)-4-(methoxymethyl)phenol",,,,,,,,,372.0,430.0,,,,
CCCCCCCC(CC)c1ccc(O)cc1,4-(1-ethyloctyl)phenol,1.011,0.965,92.977,13.472,0.151,0.139,500.0,540.0,353.0,409.0,28.056053099699845,46.51333463233341,25.438724809372328,43.016282732199485
CCCCCCCCC(C)c1ccc(O)cc1,4-(1-methylnonyl)phenol,0.966,0.925,97.308,14.054,0.144,0.135,467.0,511.0,353.0,409.0,25.424341492720725,42.90377344864886,23.499569124185268,40.29901749635087
CCCCCC(CCCC)c1ccc(O)cc1,4-(5-decyl)phenol,0.966,0.925,97.308,14.054,0.144,0.135,467.0,511.0,353.0,409.0,25.424341492720725,42.90377344864886,23.499569124185268,40.29901749635087
CCCCCC(CCCC)c1cccc(O)c1,"phenol, 3-(1-butylhexyl)-",0.969,0.928,56.76,9.914,0.145,0.135,469.0,513.0,353.0,409.0,29.770485569396055,47.38097707193108,27.483625507558184,44.45552711167768
CCCCCCCCC(C)c1cccc(O)c1,"phenol, 3-(1-methylnonyl)-",0.969,0.928,56.76,9.914,0.145,0.135,469.0,513.0,353.0,409.0,29.770485569396055,47.38097707193108,27.483625507558184,44.45552711167768
CCCCCCC(CCC)c1ccc(O)cc1,"phenol, 4-(1-propylheptyl)-",0.966,0.925,97.308,14.054,0.144,0.135,467.0,511.0,353.0,409.0,25.424341492720725,42.90377344864886,23.499569124185268,40.29901749635087
CCCCCC(CCCC)c1ccccc1O,"phenol, o-(1-butylhexyl)-",0.969,0.928,101.135,14.009,0.145,0.135,469.0,513.0,353.0,409.0,25.30575247046192,42.98970894861743,23.361856912408097,40.33538963932776
CCCCCCCC(CC)c1ccccc1O,"phenol, o-(1-ethyloctyl)-",0.969,0.928,101.135,14.009,0.145,0.135,469.0,513.0,353.0,409.0,25.30575247046192,42.98970894861743,23.361856912408097,40.33538963932776
CC(C)c1ccc(C(C)(C)OOC(C)(C)C)cc1,"1,1-dimethyl-1-methyl-1-[(4-methylethyl)phenyl]ethyl peroxide",0.9075,0.863,10.138,3.129,0.125,0.117,461.0,509.0,366.0,423.0,43.424676273870055,59.26659506753557,40.69534630282228,56.26001069924557
CCCCCCC(CCC)c1ccccc1O,"phenol, o-(1-propylheptyl)-",0.969,0.928,101.135,14.009,0.145,0.135,469.0,513.0,353.0,409.0,25.30575247046192,42.98970894861743,23.361856912408097,40.33538963932776
CCCCCCCC(CC)c1cccc(O)c1,3-(1-ethyloctyl)phenol,0.9233,0.8832,5.74,1.857,0.123,0.116,410.0,462.0,301.0,364.0,48.219126419972895,65.67246337070883,44.20424673695718,61.41257937355191
CC(C)c1ccc(C(C)(C)OOC(C)(C)C)cc1,dimethyl(p-isopropylphenyl)methyl tert-butyl peroxide,0.971,0.922,9.475,2.928,0.125,0.117,463.0,510.0,366.0,423.0,45.52988803331191,62.07680896631151,42.61631352346102,58.89513734353815
O=C1CCCCCCCC(=O)CCCCCCC1,"1,9-cyclohexadecanedione",,,,,,,,,347.0,411.0,,,,
C1CCC2(CCCCCC3(CC1)OCCO3)OCCO2,"1,4,12,15-tetraoxadispiro[4.5.4.5]eicosane",,,,,,,,,354.0,421.0,,,,
CCC(C)(C)c1ccc(O)c(C(C)(C)CC)c1,"2,4-bis(1,1-dimethylpropyl)phenol",0.9192,0.8788,3.264,1.365,0.107,0.101,406.0,456.0,305.0,366.0,51.09748136364506,64.72628536727066,47.147065357290565,60.844468638102185
CC1CCCC2CCC3CCCC(C)C3C12,"1,3-dimethyltricyclo[8.4.0.0(2,6)]tetradecane",0.9429,0.9026,11.666,2.77,0.113,0.107,406.0,457.0,305.0,366.0,37.760144036962984,56.24914578178458,34.8408557780313,52.84315432725966
C1CCC(CCCCC2CCCCC2)CC1,"1,1'-(1,4-butanediyl)biscyclohexane",0.8607,0.824,6.925,2.197,0.132,0.125,429.0,480.0,327.0,388.0,48.24423799226317,66.13241850769668,44.696909726009174,62.29018343064132
CCC(C)(C1CCCCC1)C1CCCCC1,"1,1'-(1-methylpropylidene)biscyclohexane",0.901,0.8627,8.213,2.399,0.114,0.107,419.0,473.0,327.0,390.0,41.60820915071676,58.15085658377292,38.80543016147954,55.0787596408881
CCCC(C1CCCCC1)C1CCCCC1,"1,1'-butylidenebiscyclohexane",0.8794,0.846,8.722,2.104,0.125,0.118,420.0,474.0,326.0,389.0,42.08739821059001,62.32516142820306,39.1922470955734,58.95488375548803
CCCCCCC(Cc1ccccc1)OCC,2-ethoxy-1-phenyloctane,0.952,0.91,8.613,2.857,0.121,0.114,385.0,438.0,299.0,361.0,42.31505085199243,57.340634934042846,39.410420543307055,54.305348638973
CC(C)CC(C)OC(=O)C=CC(=O)OC(C)CC(C)C,"bis(1,3-dimethylbutyl) (Z)-2-butenedioate",1.08,1.027,10.185,2.824,0.156,0.146,550.0,599.0,400.0,467.0,54.160094582626705,75.88195371131664,49.51934198351546,70.75011944209061
C#CCCCCCCCCCCCCCC,1-hexadecyne,0.7794,0.7369,9.751,3.121,0.1,0.094,474.0,520.0,369.6,426.7,38.467235475041086,52.03169190493678,35.8672045475659,49.21638451965323
CC(C)COC(=O)C1CCCCC1C(=O)OCC(C)C,diisobutyl hexahydrophthalate,1.112,1.06,14.388,3.868,0.149,0.139,525.0,575.0,381.0,448.0,46.680272249149894,65.92474775916139,42.6546874355768,61.45516901305491
C1CCCC(C2CCCCCCC2)CCC1,"1,1'-bicyclooctyl",0.9155,0.8766,15.292,5.248,0.128,0.121,395.0,451.0,317.0,381.0,37.50471215125959,50.51083134654642,35.254214619118734,48.17024452946245
C=CCCCCCCCCCCCCC=C,"1,15-hexadecadiene",0.7782,0.739,2.57,1.15,0.149,0.139,497.0,540.0,371.0,427.0,73.85492415387358,90.17214898117004,68.02354875198674,84.40912853431698
CCC1(CCC2(CC)CCCC2)CCCC1,"1,2-bis(1-ethylcyclopentyl)ethane",0.8685,0.8263,2.188,1.162,0.107,0.101,425.0,478.0,333.0,394.0,59.50826100864215,70.50744827040505,55.56163486163102,66.77670987609545
CC(CCC1CCCCC1)C1CCCCC1,"1,3-dicyclohexylbutane",0.8679,0.8304,8.065,2.408,0.125,0.118,412.0,465.0,326.0,389.0,44.20946397068178,61.65657434014617,41.391653256959344,58.6378041641236
CCCCCCC1=C(CCCC)CCCC1,1-butyl-2-hexylcyclohexene,0.886,0.843,2.37,1.115,0.121,0.114,459.0,506.0,351.0,410.0,65.2968109360109,79.49129342302402,60.55067020385553,74.92351123415428
CC1=CCCCCCCCCCCCCC1,1-methylcyclopentadecene,0.8591,0.8217,11.058,4.625,0.129,0.122,411.0,465.0,330.0,392.0,41.3204780727991,52.51972291597618,38.84629504605352,50.05636182033369
CCCCCCCCCCCC1=CCCC1,1-undecylcyclopentene,0.886,0.842,2.483,1.116,0.135,0.126,462.0,509.0,353.0,411.0,70.30386543511493,86.09532564891829,65.17851191208563,81.06876655775346
CCCCCCCCCC=C(C)C=C(C)C,"2,4-dimethyl-2,4-tetradecadiene",0.7991,0.7601,1.752,0.908,0.127,0.119,466.0,514.0,369.0,426.0,71.91662099821608,84.87791475287843,67.34677943427775,80.51071736526552
CC(C)C(C#CC(C)(C)C)(C(C)C)C(C)C,"2,6,6-trimethyl-3,3-diisopropyl-4-heptyne",0.8073,0.764,2.973,1.099,0.087,0.081,421.0,481.0,373.0,435.0,47.26347046353713,61.67018305959396,45.6811205655286,59.95078243434607
CC=CC=CCCCCCCCCCCC,"2,4-hexadecadiene",0.7876,0.748,2.793,1.243,0.159,0.149,500.0,541.0,367.0,423.0,75.93893938828292,93.05132020588124,69.61211498257327,86.82877899430535
CCCCCCC(C)=C(C)CCC=C(C)C,"2,6,7-trimethyl-2,6-tridecadiene",0.7891,0.747,1.647,0.897,0.117,0.109,508.0,551.0,370.0,427.0,72.22167147359494,83.31489634081066,66.06070711621686,77.54897729981519
CCC(CC1CCCCC1)C1CCCCC1,"1,2-dicyclohexylbutane",,,,,0.125,0.118,424.0,477.0,326.0,389.0,,,,
CCCCC1CCCCC1C1CCCCC1,"2-butyl-1,1'-bicyclohexyl",0.8723,0.833,6.695,1.825,0.125,0.118,423.0,475.0,327.0,389.0,47.55607548532171,67.94744654031453,44.23425785177484,64.23504771913487
CCC1CCC(C(C)C)CC2C(C)CCC12,2-ethyl-8-methyl-5-(1-methylethyl)bicyclo[5.3.0]decane,0.902,0.857,1.996,0.898,0.108,0.101,424.0,477.0,332.0,394.0,62.55491520991757,77.14597783289857,58.39552499611686,73.10703242791823
CCCCCCC=CCCCCCCCC(=O)O,cis-9-hexadecenoic acid,0.964,0.922,12.448,3.796,0.168,0.158,520.0,564.0,393.0,451.0,51.36146505252171,70.22513663168374,47.4709897930578,65.94435763246557
CCCCCCC(=O)C=CC(CC)CCCC,10-ethyl-8-tetradecen-7-one,0.8351,0.795,4.431,1.635,0.172,0.161,514.0,558.0,385.0,442.0,69.98966395196274,90.41449119029204,64.52530798344475,84.67732438907446
CCC(C)(CC)C(=O)C=C(C)C(C)(CC)CC,"3,7-diethyl-3,6,7-trimethyl-5-nonen-4-one",0.8573,0.814,8.165,2.58,0.129,0.12,518.0,563.0,386.0,447.0,49.07888344382426,65.95429969736449,45.18150791708824,61.80969607831771
COC1=CCCCCCCCCCCCCC1,"cyclopentadecene, 1-methoxy-, (E)-",0.932,0.89,11.803,4.944,0.149,0.14,454.0,505.0,346.0,408.0,46.88451871383576,59.00597029612139,43.435193176439846,55.569795111498
COC1=CCCCCCCCCCCCCC1,"cyclopentadecene, 1-methoxy-, (Z)-",0.92,0.88,11.957,5.0,0.147,0.139,445.0,496.0,346.0,408.0,45.37546623318839,57.42818149894641,42.27460281596191,54.35816312023274
C(CCCOCC1CCC1)CCOCC1CCC1,"1,6-bis(cyclobutylmethoxy)hexane",1.083,1.031,3.878,1.552,0.171,0.16,536.0,575.0,378.0,435.0,77.34497318035874,97.30538270242997,70.10782293846066,89.95997546992623
O=C(O)CCCCCCCCCCCCCCC(=O)O,hexadecanedioic acid,,,,,,,,,419.0,480.0,,,,
C=C(C)C(=O)OCCCCCCCCCCCC,"2-propenoic acid, 2-methyl-, dodecyl ester",0.977,0.929,3.173,1.292,0.147,0.137,533.0,578.0,393.0,453.0,71.65992171842723,89.73332402371507,65.7734450808167,83.78839647336785
C=CC(=O)OCCCCCCCCCCCCC,"2-propenoic acid, tridecyl ester",0.985,0.938,3.249,1.279,0.162,0.152,539.0,582.0,392.0,452.0,76.12155693781902,96.5805409897878,69.59901823234016,89.95125766641355
CCCCCCOC(=O)C=CC(=O)OCCCCCC,dihexyl (Z)-2-butenedioate,,,,,,,,,,,,,,
CCCCCCC(O)=C(CCCCC)C(=O)OCC,"3-hydroxy-2-pentyl-2-nonenoic acid, ethyl ester",1.044,0.997,24.904,5.817,0.154,0.141,,,410.0,471.0,,,37.6716434739901,55.34680265962226
CCCCC=CCCCCCCCCC(=O)OC,methyl cis 10-pentadecenoate,1.029,0.979,3.79,1.532,0.173,0.161,563.0,602.0,390.0,450.0,78.71874588522942,98.28349457027235,70.99481453109838,90.558407563518
CC1=CCCCCCCCCCCCCC1,1-methylcyclopentadecene,0.96,0.926,19.792,7.883,0.175,0.167,434.0,492.0,354.0,420.0,43.176559055704026,56.03121685263421,40.77150896318108,53.592040909211335
CCCCCCCCCCCCOC(=O)CCC(=O)O,monododecyl succinate,,,,,,,,,416.0,478.0,,,,
CCCCCCC(=O)C(CCCCC)C(=O)OCC,3-oxo-2-pentylnonanoic acid ethyl ester,1.0,0.953,11.0,3.148,0.182,0.171,559.0,602.0,408.0,469.0,58.32494152708283,80.9646524683367,53.3809224547197,75.47374214056917
CCCC(CCC)(CCC)C1CCCCC1,"(1,1-dipropylbutyl)cyclohexane",0.8246,0.7833,8.732,2.681,0.115,0.108,443.0,498.0,359.0,421.0,42.59261149345713,58.652297356133175,40.1466183194674,55.9454752060107
CCCCC(CC)C(=O)OC(=O)C(CC)CCCC,"hexanoic acid, 2-ethyl-, anhydride",1.027,0.978,9.445,2.761,0.175,0.164,557.0,602.0,408.0,470.0,59.82532356700007,82.4832268128174,54.80935529834001,76.93541079213189
CCCCOC(=O)CCCCCCC(=O)OCCCC,dibutyl octanedioate,0.932,0.888,4.614,1.684,0.175,0.164,578.0,621.0,413.0,476.0,70.59182084395371,91.28356135794638,64.22303611723443,84.7045508783705
CCC(CC1CCCCC1)C1CCCCC1,"1,2-dicyclohexylbutane",0.9235,0.8788,10.395,3.3,0.176,0.165,581.0,624.0,413.0,476.0,60.91997644512399,81.94320021420246,55.3431316139034,75.93435907535293
CCCCCC1CCC(CCCCC)CC1,"1,4-dipentylcyclohexane",0.8086,0.769,2.844,1.326,0.13,0.122,469.0,519.0,359.0,420.0,64.04410697472201,78.0278167414132,59.40545437143378,73.51786779684372
CCCCCOC(=O)CCCCC(=O)OCCCCC,dipentyl hexanedioate,0.933,0.889,8.36,2.7,0.168,0.158,541.0,590.0,413.0,476.0,56.92711953284939,76.70621549721731,52.76398257780699,72.21056135274426
CCCCC1CCCCC1C1CCCCC1,"2-butyl-1,1'-bicyclohexyl",0.9339,0.8876,10.065,3.155,0.175,0.164,578.0,621.0,413.0,476.0,61.74281318989086,83.33215302170969,56.17238476167815,77.32621832920086
CC(C)CC(C)(CC(C)C)C1CCCCC1,"(1-isobutyl-1,3-dimethylbutyl)cyclohexane",0.8254,0.7829,6.058,2.171,0.109,0.101,472.0,525.0,358.0,423.0,46.614474827373144,60.68703028211448,43.12689653216912,57.1090083562206
CCCCCCC(C(C)C)C1CCCCC1,(1-isopropylheptyl)cyclohexane,0.8406,0.7983,4.64,1.716,0.119,0.112,437.0,493.0,358.0,421.0,52.30063617053243,68.52303171492858,49.44778459541626,65.54646651876931
CCCCCCCCCCC1CCCCC1,decylcyclohexane,0.80515,0.7651,3.999,1.537,0.138,0.129,463.9,516.8,362.6,425.2,60.74707050418799,78.07016194840583,56.6796556696126,73.90107271786009
CCCCCCC1CCCCC1CCCC,1-butyl-2-hexylcyclohexane,0.8135,0.7731,2.827,1.332,0.13,0.122,471.0,520.0,359.0,420.0,64.5914302593749,78.4109101951184,59.84146106132747,73.83882548947793
C=CCCCCCCCCCCCCCC,1-hexadecene,0.76749,0.7261,2.61,1.168,0.146,0.136,495.24,543.48,372.1,432.3,73.32459477415112,89.67852722319097,67.65884444127808,84.08677897444603
CCCCCCCCC(C)C=CC(C)(C)C,"2,2,5-trimethyl-3-tridecene",0.7697,0.7307,2.858,1.232,0.124,0.116,483.0,534.0,379.0,440.0,62.06668753936619,77.10932458176309,57.974291500275655,73.02184155896902
CC(=CCCC(C)(C)C)CCCC(C)(C)C,"2,2,6,10,10-pentamethyl-5-undecene",0.821,0.778,4.507,1.671,0.098,0.092,474.0,527.0,380.0,442.0,47.14033226985771,61.35316106088107,44.29853027464983,58.391401849355454
C/C=C/CCCCCCCCCCCCC,2-hexadecene,0.7707,0.732,2.725,1.175,0.148,0.139,493.0,539.0,379.0,437.0,71.69111486810378,89.0323842846595,66.5792203969994,83.93044243849798
CCCCCCC(O)=C(CCCCC)C(=O)OCC,"3-hydroxy-2-pentyl-2-nonenoic acid, ethyl ester",0.854,0.811,1.522,0.789,0.131,0.122,499.0,546.0,382.0,440.0,75.87814364616214,88.95343331661803,70.38424200109175,83.71314586199267
C=C(C)CCCCCCCCCCCCC,2-methylpentadec-1-ene,0.7717,0.7333,1.555,0.832,0.129,0.12,488.0,536.0,382.0,440.0,75.66897292886706,87.94460514778451,70.63171757993919,83.19522218209978
CC=C(CC)CCCCCCCCCCC,3-ethyl-2-tetradecene,0.7784,0.7393,1.67,0.879,0.132,0.123,480.0,529.0,380.0,438.0,75.43358144720577,88.26815321542928,70.63577156061734,83.70330897157879
CCCCC/C=C/CCCCCCCCC,6-hexadecene,0.7694,0.731,2.729,1.176,0.149,0.139,496.0,542.0,379.0,437.0,71.9744658153847,88.95521932694544,66.72839276386993,83.7268714733619
C1CCCCCCCCCCCCCCC1,cyclohexadecane,,,,,,,,,335.0,401.0,,,,
CCCCCCCCCCCC(=O)CCCC,5-hexadecanone,0.903,0.861,3.322,1.394,0.176,0.165,543.0,585.0,397.0,455.0,79.20140621363892,98.57777218448972,72.52261744333197,91.84947109464456
CCCCCCCCCCCCC1CCC1,dodecylcyclobutane,0.879,0.835,2.275,1.006,0.136,0.128,478.0,526.0,366.7,426.0,72.95041306200694,90.25752611450258,67.70883587106479,85.05954516187664
CC1CCCCCCCCCCCCCC1,methylcyclopentadecane,0.8465,0.8099,11.577,4.815,0.129,0.122,415.0,472.0,338.0,403.0,40.55097719790661,51.69939867999162,38.27618654254201,49.45132323346413
CCCCCCCCCC1CCCCCC1,nonylcycloheptane,0.81644,0.7751,5.267,2.193,0.137,0.128,470.0,519.0,356.0,417.0,56.634015613808224,70.96188354307249,52.37681831315545,66.72565243662184
CCCCCCCCCCCC1CCCC1,"undecane, 1-cyclopentyl-",0.893,0.849,3.135,1.343,0.138,0.129,503.0,548.0,381.0,439.5,68.33444866259532,84.64886828591074,63.19792457451879,79.55482373855133
CCCCCCCCCCCCCCCC=O,hexadecanal,0.93,0.886,4.409,1.58,0.174,0.163,537.0,581.0,395.0,454.0,73.26698418795756,95.39297928545292,67.20310076150913,88.99866211977769
CCCCCCCCCCCCCC(=O)CC,3-hexadecanone,0.885,0.842,2.825,1.271,0.171,0.16,528.0,571.0,397.0,455.0,81.09383685363582,98.94064518994132,74.8429153421118,92.81787187177284
CCC(C)CCCCCCCCCCCC(=O)O,13-methylpentadecanoic acid,,,,,,,,,405.0,466.0,,,,
CC(C)CCCCCCCCCCCCC(=O)O,14-methylpentadecanoic acid,,,,,,,,,405.0,466.0,,,,
CCCCCCCCCCCCC(=O)CCC,4-hexadecanone,0.885,0.842,2.825,1.271,0.171,0.16,525.0,568.0,393.4,451.9,80.96395944144628,98.79414058848243,74.65137834140718,92.63954459101288
CCCCC(CC)CCC(=O)C(C)CCCC,9-ethyl-5-methyl-6-tridecanone,0.909,0.864,3.74,1.389,0.156,0.146,513.0,561.0,396.0,457.0,70.48358706417658,91.06335040043754,65.53354162798193,85.9596817696515
CCCCCCCCCCCCCCC(C)=O,2-oxohexadecane,,,,,0.165,0.156,628.0,657.0,397.0,455.0,,,,
CCCCCCCCCCCCCCC1CO1,"oxirane, tetradecyl-",0.972,0.926,2.881,1.21,0.158,0.148,539.0,582.0,392.0,452.0,78.10313448904571,97.189560880953,71.41080266850562,90.5184744638424
CCCCCCCCCCCC(=O)OC(C)(C)C,"1,1-dimethylethyl dodecanoate",0.951,0.903,9.253,2.658,0.138,0.129,533.0,582.0,402.0,465.0,50.56388784508495,70.13303385295416,46.706882863078015,65.84219586019442
CCCCCCCC(=O)OC(C)CCCCCC,1-methylheptyl octanoate,0.8372,0.7906,6.211,2.15,0.151,0.141,539.0,586.0,402.0,464.0,60.03304781317226,78.85305357023623,55.279392500892016,73.84148541852815
CCCCCCCCCCCC(=O)OC(C)CC,1-methylpropyl dodecanoate,0.8397,0.7938,6.193,2.142,0.151,0.141,539.0,586.0,402.0,464.0,59.82681832023458,78.60042401799168,55.08949307881303,73.60491193717606
CCCCC(CC(C)(C)C)OC(=O)CC(C)(C)C,"2,2-dimethyl-4-octyl 3,3-dimethylbutanoate",0.903,0.854,4.319,1.616,0.11,0.103,503.0,560.0,402.0,468.0,52.672263250074984,68.27663830254006,49.45380297811104,64.91528921524163
CCCCCCCCCCC(C)CC(C)C(=O)O,"2,4-dimethyltetradecanoic acid",0.8719,0.833,19.498,5.162,0.15,0.141,539.0,587.0,404.0,467.0,41.16180828183449,58.608676500262966,37.95540272727127,54.95697943840869
CC(C)CCC(C)COC(=O)C(C)CCC(C)C,"2,5-dimethylhexyl 2,5-dimethylhexanoate",0.95,0.9,4.105,1.444,0.132,0.123,532.0,585.0,401.0,467.0,62.23200840672324,81.51037294149413,57.475053870858574,76.50516807294156
CCCCCCCCCCC(CC(C)C)C(=O)O,2-(2-methylpropyl)dodecanoic acid,0.8669,0.828,19.61,5.193,0.15,0.141,540.0,587.0,404.0,467.0,41.116974350259746,58.510046542729945,37.894297676200416,54.864494760851954
CCCCCCCCCCC(CCCC)C(=O)O,2-butyldodecanoic acid,0.8696,0.8309,21.849,5.536,0.156,0.147,542.0,588.0,405.0,466.0,41.008771959044914,59.156431453724196,37.78155799392461,55.41062953458502
CCCCCCCCCCCCCCCC=O,hexadecanal,0.8684,0.8316,21.879,5.532,0.15,0.142,,,405.0,466.0,,,36.86299238776613,54.27505398939622
CC1(C)OCCCCCOC(C)(C)OCCCCCO1,"2,2,10,10-tetramethyl-1,3,9,11-tetraoxacyclohexadecane",,,,,,,,,400.0,469.0,,,,
CCCCCCCCCCCCC(CC)C(=O)O,2-ethyltetradecanoic acid,0.8714,0.833,21.804,5.522,0.156,0.147,542.0,588.0,405.0,466.0,40.942835522633125,59.06913164343261,37.72081047145081,55.328857572895785
CCCCCCCC(CCCCCCC)C(=O)O,2-heptylnonanoic acid,0.8678,0.829,21.894,5.549,0.156,0.147,542.0,588.0,405.0,466.0,41.014807614683434,59.16034437122568,37.7871186694251,55.41429468504703
CCCCCCCCCCCCCC(=O)CC,3-hexadecanone,0.8672,0.829,21.91,5.549,0.156,0.147,542.0,588.0,405.0,466.0,41.573616679220336,59.978702738685264,38.301951864147846,56.18083436993834
CC1(C)CCOCOCCC(C)(C)CCOCOCC1,"6,6,14,14-tetramethyl-1,3,9,11-tetraoxacyclohexadecane",,,,,,,,,400.0,469.0,,,,
CCCCCCCC(CCCCC)COC(C)=O,2-pentylnonyl ethanoate,0.8489,0.807,5.772,1.983,0.148,0.139,526.0,576.0,402.0,464.0,58.22523037827344,77.1163787042043,53.98420554308937,72.56568358210832
CCCCCCCCCC(CCCCC)C(=O)O,2-pentylundecanoic acid,0.8771,0.84,21.662,5.476,0.156,0.147,542.0,588.0,405.0,466.0,40.62268705080079,58.63744603764391,37.42585630732028,54.92450642138181
CC(C)(C)CC(=O)OC(CC(C)(C)C)C(C)(C)C,"3,3-dimethyl-1-(1,1-dimethylethyl)butyl 3,3-dimethylbutanoate",0.8413,0.798,5.349,2.005,0.093,0.087,492.0,552.0,403.0,471.0,42.19320956892909,54.747254042285206,39.89009667012427,52.357109197673346
CCCCCCCCCCCC(CCC)C(=O)O,2-propyltridecanoic acid,0.8698,0.8288,21.844,5.55,0.156,0.147,542.0,588.0,405.0,466.0,41.68288104167498,60.082281228044,38.40261759124818,56.277854240146326
CC(C)(C)C(C)(C)CCC(C)(C)C(C)(C)C,"2,2,3,3,6,6,7,7-octamethyloctane",,,,,,,,,392.0,459.0,,,,
CCCCCCCCCCCC(C)(C)CC(=O)O,"3,3-dimethyltetradecanoic acid",0.958,0.916,37.578,7.969,0.143,0.135,537.0,584.0,405.0,467.0,33.75484232504407,51.29571207137738,31.179662873887533,48.169037399632984
CCCCCCCCCCCC(C)C(C)C,"2,3-dimethyltetradecane",0.7647,0.7255,2.982,1.241,0.13,0.121,505.0,556.0,381.4,445.6,64.17896971588526,80.14089167922472,59.30608613737415,75.30310970521694
CCCCCCCCCCCCCCCC(=O)OO,perhexadecanoic acid,1.036,0.989,25.097,5.763,0.175,0.161,,,419.0,482.0,,,41.37300370952961,61.31219290748261
CC1(C)OCCCCCOC(C)(C)OCCCCCO1,"2,2,10,10-tetramethyl-1,3,9,11-tetraoxacyclohexadecane",0.75704,0.7156,2.914,1.233,0.138,0.128,528.0,575.0,384.1,447.2,64.79251147453691,80.08223008840721,59.24505070514428,74.61527583949218
CCCCCCCCCCCC(=O)OOC(C)(C)C,"dodecaneperoxoic acid, 1,1-dimethylethyl ester",1.07,1.024,58.879,10.742,0.162,0.153,589.0,631.0,418.0,481.0,33.6841097385799,53.191814546295,30.58641164839616,49.281504409318664
CC(C)CCCCCCCCCCC(C)C,"2,13-dimethyltetradecane",0.7679,0.7281,2.474,1.099,0.129,0.12,504.0,555.0,390.0,452.0,67.51678062142967,82.74562720063396,62.81805563661115,78.10266944960023
CC(CCCC(C)(C)C)CCCC(C)(C)C,"2,2,6,10,10-pentamethylundecane",0.849,0.804,2.827,1.281,0.102,0.095,514.0,566.0,391.0,456.0,57.17669080412526,69.74382217540224,52.942496029578955,65.63043647042387
CCCCCCCCCCCCC(C)CC,3-methylpentadecane,0.7611,0.7214,2.799,1.206,0.135,0.126,488.0,541.0,382.9,446.1,66.72285895675567,82.83137878298497,62.32238493020788,78.45701562433696
CCCCCCC(CCC)(CCC)CCC,"4,4-dipropyldecane",0.7753,0.7356,4.127,1.523,0.119,0.111,477.0,531.0,391.0,452.0,54.28477371926676,70.44374196625074,51.33223025768471,67.32304806630049
CCCCCCCCCCCC(C)CCC,4-methylpentadecane,0.7614,0.7213,2.614,1.109,0.136,0.127,509.0,558.0,390.0,451.0,69.39113550773425,86.2800960134131,64.38293281449485,81.26476443434626
CCCCCCCCCC(C)CCC(C)C,"2,5-dimethyltetradecane",0.7586,0.7194,2.373,1.056,0.126,0.118,490.0,543.0,390.0,452.0,66.3532198432579,81.81801115601156,62.22663533820036,77.70342608365117
CCC(C)CCCCC(C)CCCC(C)C,"2,6,11-trimethyltridecane",0.858,0.813,2.331,1.021,0.125,0.117,518.0,568.0,390.0,453.0,70.0168621315762,86.43039977076243,64.64399025272317,81.1014761806299
CCCCCCC(C)OC(=O)C(C(C)C)C(C)C,1-methylheptyl 3-methyl-2-(1-methylethyl)butanoate,,,,,,,,,,,,,,
CC(C)CCCC(C)C(C)CCCC(C)C,"2,6,7,11-tetramethyldodecane",0.838,0.794,2.148,0.957,0.117,0.109,503.0,557.0,389.0,454.0,67.33047309321452,82.6672741394762,62.63447112681516,78.04666724150752
CCC(C)(C)CCCCCCC(C)(C)CC,"3,3,10,10-tetramethyldodecane",0.823,0.781,4.982,1.793,0.105,0.098,492.0,545.0,391.0,454.0,48.225007951348786,62.96276965396011,45.20660015681474,59.80882896439519
CCCCC(CC)CCC(CC)CCCC,"5,8-diethyldodecane",0.7696,0.7299,2.209,1.014,0.125,0.117,482.0,536.0,390.0,452.0,67.24520007826284,82.24584069597196,63.35583691341702,78.39535490955507
CCC(CC)(CC)CCC(CC)(CC)CC,"3,3,6,6-tetraethyloctane",0.769,0.733,5.072,1.842,0.1,0.094,451.0,510.0,391.0,454.0,43.29066431715958,56.995664038194604,41.58662832494892,55.16100100726193
CCCCC(CCCC)(CCCC)C(C)C,5-butyl-5-(1-methylethyl)nonane,0.7858,0.7479,2.545,1.15,0.11,0.103,459.0,516.0,391.0,453.0,57.388052092955824,70.73670059583998,54.85710659492257,68.19253921411638
CC(C)C(CCC(C(C)C)C(C)C)C(C)C,"3,6-di(1-methylethyl)-2,7-dimethyloctane",0.7838,0.7428,2.424,0.889,0.102,0.095,480.0,539.0,389.0,456.0,57.0524888663967,74.26587897592655,53.77671354558679,70.85332182082077
CCCCCCCCCCCC(CC)CC,3-ethyltetradecane,0.7664,0.727,2.871,1.252,0.137,0.128,518.0,565.0,390.0,451.0,67.93972746550165,83.7362369831306,62.72624831143213,78.59267542388484
CCCC(CCC)CCC(CCC)CCC,"4,7-dipropyldecane",0.7701,0.7305,2.467,1.054,0.126,0.118,489.0,542.0,390.0,452.0,65.7819561827218,82.05321593227836,61.72636122244669,77.96722004600366
CCCCC(C)CCCCC(C)CCCC,"5,10-dimethyltetradecane",0.833,0.79,2.281,1.013,0.128,0.119,498.0,550.0,390.0,452.0,69.9664550513861,85.78863989226991,65.31692491027985,81.18133701727116
CCCCCC(CC)CC(CC)CCCC,"5,7-diethyldodecane",0.7731,0.7333,2.328,1.036,0.126,0.118,487.0,540.0,390.0,452.0,66.88156422420337,82.482874867148,62.83056990211427,78.45703049216783
CCCCCCCCCCCCCCCCO,1-hexadecanol,,,,,,,,,395.8,460.0,,,,
CC(CCCC(C)(C)C)CCCC(C)(C)C,"2,2,6,10,10-pentamethylundecane",0.903,0.86,199.336,19.767,0.14,0.128,537.0,587.0,407.0,472.0,21.673977148841292,39.91808149025424,20.048216882726095,37.543231097836575
CCCCCCCCCCCCCCC(C)O,2-hexadecanol,0.932,0.888,128.755,15.766,0.16,0.146,,,408.0,470.0,,,24.65583269343761,43.36896340882989
CCCCCCCCCCCC(C)CCC,4-methylpentadecane,0.7977,0.7548,5.641,1.987,0.152,0.142,533.0,580.0,406.0,467.0,62.506694530260965,81.7490136209273,57.89973053921281,76.91464946484965
CCCCCCCCCCCCCCC(O)CO,"1,2-hexadecanediol",,,,,,,,,425.0,488.0,,,,
CCCCCCCCCCCCC(C)(CO)CO,"2-dodecyl-2-methyl-1,3-propanediol",,,,,,,,,426.0,489.0,,,,
CCCCCCCCCCCCC(O)CCC,4-hexadecanol,0.923,0.879,119.177,14.79,0.155,0.142,,,408.0,470.0,,,24.629394818488407,43.282794672245195
CCCCCCCCCCCCCC(O)CC,3-hexadecanol,0.816,0.778,134.804,15.424,0.151,0.139,,,408.0,470.0,,,22.40425531606843,40.42150809510877
CCCCCCCC(O)(C(C)(C)C)C(C)(C)C,"3-decanol, 3-tert-butyl-2,2-dimethyl-",0.8517,0.808,129.153,14.851,0.106,0.097,558.0,607.0,409.0,475.0,19.972967790094454,35.25897783711006,18.301731010036388,32.90884585795881
CCCCCCCCCCCC(O)CCCC,5-hexadecanol,0.913,0.87,120.482,14.943,0.152,0.14,,,408.0,470.0,,,24.055495360269504,42.444557905613586
CCCCCCCCCCCCCOCC(O)CO,"3-(tridecyloxy)-1,2-propanediol",,,,,,,,,441.0,503.0,,,,
CC(C)CCC(O)(CCC(C)C)CCC(C)C,"5-nonanol, 2,8-dimethyl-5-(3-methylbutyl)-",0.872,0.828,52.752,7.729,0.117,0.108,,,407.0,474.0,,,25.289186336289553,42.77653427805707
OCCCCCCCCCCCCCCCCO,"1,16-hexadecanediol",1.01,0.973,41.584,9.147,0.24,0.22,604.0,645.0,425.0,487.0,47.369753198778895,69.4004370304361,42.9102690115157,64.12611866903663
C#CC(=O)Oc1cccc2c(OC(=O)C#C)cccc12,"2-Propynoic acid, 1,5-naphthalenediyl ester",,,,,,,,,287.0,330.0,,,,
CCCCCCCCCCCCCOCCCO,3-(tridecyloxy)-1-propanol,1.0,0.955,11.0,3.455,0.185,0.169,593.0,633.0,424.0,484.0,60.032709975126295,79.3609221854831,54.62678970972285,73.5900066791473
CCCCCCCCCCCCOCCCCO,4-(dodecyloxy)-1-butanol,1.0,0.955,11.0,3.455,0.185,0.169,593.0,633.0,424.0,484.0,60.032709975126295,79.3609221854831,54.62678970972285,73.5900066791473
C#CC(=O)Oc1ccc2cccc(OC(=O)C#C)c2c1,"2-Propynoic acid, 1,7-naphthalenediyl ester",,,,,,,,,287.0,330.0,,,,
CCCCCCCCCCCCCCOCCO,tetradecylglycol,1.0,0.955,11.0,3.455,0.185,0.169,593.0,633.0,424.0,484.0,60.032709975126295,79.3609221854831,54.62678970972285,73.5900066791473
C#CC(=O)Oc1ccc2ccc(OC(=O)C#C)cc2c1,"2-Propynoic acid, 2,7-naphthalenediyl ester",,,,,,,,,287.0,330.0,,,,
O=C1c2ccccc2-c2cccc3cccc1c23,7H-benz[de]anthracen-7-one,,,,,,,,,243.0,287.0,,,,
CCCCOC(C)CC(OCCCC)OCCCC,"1,1,3-tributoxybutane",0.8554,0.814,9.002,3.071,0.175,0.164,555.0,603.0,438.0,498.0,57.53289998676735,76.06248116078447,53.826149913374415,72.07718922273425
CCCCC(CC)C(CC(OCC)OCC)OCC,"1,1,3-triethoxy-4-ethyloctane",0.973,0.927,8.736,2.913,0.172,0.161,563.0,611.0,438.0,499.0,59.26569937331686,78.76667632950885,55.2245352300332,74.4054608986954
O=C1c2ccccc2-c2ccc3ccccc3c21,benzo[a]fluorenone,,,,,,,,,243.0,287.0,,,,
CCCCCCOCCOCCOCCCCCC,"hexane, 1,1'-[oxybis(2,1-ethanediyloxy)]bis-",0.859,0.82,7.334,2.805,0.195,0.183,584.0,625.0,439.0,496.0,65.71347854675196,83.85639283238005,60.643993546102834,78.57676112818746
CCCCCCCCCCCCCCC(C)O,2-hexadecanol,1.03,0.969,8.641,2.89,0.134,0.124,606.0,654.0,456.0,520.0,56.86315324214441,74.77221541285216,52.49140532844077,70.10192896585956
O=C(c1ccccc1)c1ccc2ccccc2c1O,(1-hydroxy-2-naphthalenyl)phenylmethanone,,,,,,,,,282.0,329.0,,,,
c1ccc2c(c1)Cc1cc3ccccc3cc1-2,benzo[b]fluorene,,,,,,,,,237.0,282.0,,,,
O=C(c1ccccc1)c1cccc2ccccc12,1-naphthyl phenyl ketone,,,,,,,,,262.0,307.0,,,,
O=C(c1ccccc1)c1c(O)ccc2ccccc12,(2-hydroxy-1-naphthalenyl)phenylmethanone,,,,,,,,,282.0,329.0,,,,
O=C(c1ccccc1)c1ccc(O)c2ccccc12,(4-hydroxy-1-naphthalenyl)phenylmethanone,,,,,,,,,282.0,329.0,,,,
CCCCCCCCCCCC(O)(CC)CC,3-ethyl-3-tetradecanol,1.226,1.187,5.139,2.106,0.292,0.28,357.0,390.0,235.0,282.0,87.52777460247917,111.89995960860526,77.81471069064902,102.14533332601756
CCCCCCCC(O)(C(C)(C)C)C(C)(C)C,"3-decanol, 3-tert-butyl-2,2-dimethyl-",,,,,,,,,237.0,282.0,,,,
O=C(Oc1ccc2ccccc2c1)c1ccccc1,.beta.-naphthyl benzoate,,,,,,,,,267.0,316.0,,,,
O=C(Oc1cccc2ccccc12)c1ccccc1,"benzoic acid, 1-naphthyl ester",,,,,,,,,267.0,316.0,,,,
Cc1ccccc1-c1cccc2ccccc12,1-(2-methylphenyl)naphthalene,,,,,,,,,257.0,304.0,,,,
c1ccc(Cc2cccc3ccccc23)cc1,1-(phenylmethyl)naphthalene,,,,,,,,,256.0,303.0,,,,
c1ccc(Cc2ccc3ccccc3c2)cc1,2-(phenylmethyl)naphthalene,,,,,,,,,256.0,303.0,,,,
C1=Cc2c(c3ccccc3c3ccccc23)C1,1H-cyclopenta[l]phenanthrene,1.223,1.183,5.151,2.113,0.291,0.279,355.0,387.0,235.2,281.9,90.60408229441494,115.7199770329681,80.69634183759827,105.85149328921943
C1=Cc2cc3cc4ccccc4cc3cc2C1,1H-cyclopent[b]anthracene,1.237,1.196,4.689,2.007,0.261,0.25,364.0,395.0,233.1,280.4,87.24546017312609,109.88945680727126,76.96524567285556,99.79142347174904
c1ccc2c(c1)cc1c3c(cccc32)CCC1,"5,6-dihydro-4H-benz[de]anthracene",,,,,,,,,246.0,293.0,,,,
Cc1ccc(-c2ccc3ccccc3c2)cc1,"naphthalene, 2-(4-methylphenyl)-",,,,,,,,,257.0,304.0,,,,
O=C(c1ccccc1)c1ccc2ccccc2c1O,(1-hydroxy-2-naphthalenyl)phenylmethanone,,,,,,,,,281.0,328.0,,,,
Cc1ccc2c(C)c3ccccc3cc2c1C,"1,2,10-trimethylanthracene",,,,,,,,,272.0,320.0,,,,
Cc1ccc(C)c2c1ccc1cccc(C)c12,"1,4,5-trimethylphenanthrene",,,,,,,,,272.0,320.0,,,,
COC(=O)C1=Cc2c(ccc3ccccc23)OC1C(=O)OC,"dimethyl-3H-naphtho[2,1-b]pyran-2,3-dicarboxylate",1.395,1.347,58.065,11.878,0.265,0.253,462.0,499.0,318.0,372.0,44.37957904800535,68.54800446264147,39.95325246942361,63.11213351865002
Cc1ccc2c(ccc3c(C)cccc32)c1C,"1,2,8-trimethylphenanthrene",1.121,1.082,14.273,3.882,0.238,0.227,397.0,430.0,272.0,320.0,60.00600523544923,85.55460104811525,53.95096022460773,78.73129280330218
O=Cc1ccc2ccc3cccc4ccc1c2c34,"pyrene, 1-formyl-",,,,,,,,,245.0,289.0,,,,
Cc1ccccc1C1=CCCc2ccccc21,"1,2-dihydro-4-(2-methylphenyl)naphthalene",1.006,0.969,19.881,5.676,0.227,0.217,371.0,408.0,266.0,315.0,51.07788356922232,72.26418240485181,46.51437795373835,67.19224446565669
Cc1cc(C)c2ccc3ccccc3c2c1C,"1,3,4-trimethylphenanthrene",1.121,1.082,14.273,3.882,0.238,0.227,397.0,430.0,272.0,320.0,60.00600523544923,85.55460104811525,53.95096022460773,78.73129280330218
Cc1ccc2cc3c(C)cc(C)cc3cc2c1,"1,3,6-trimethylanthracene",1.142,1.101,14.011,3.633,0.241,0.23,412.0,444.0,272.0,320.0,62.374679112834286,90.04587549785654,55.498592643265425,82.12089698285614
Cc1ccc2c(ccc3c(C)cc(C)cc32)c1,"1,3,7-trimethylphenanthrene",1.131,1.091,14.147,3.85,0.24,0.229,404.0,437.0,272.0,320.0,61.251714224103154,87.30886027507589,54.80086357206271,79.98150642806513
Cc1cc(C)c2ccc3c(C)cccc3c2c1,"1,3,8-trimethylphenanthrene",1.128,1.088,14.184,3.768,0.239,0.228,402.0,435.0,272.0,320.0,60.938198664292536,87.45044843712998,54.59653191389982,80.21465163872125
Cc1ccc(C)c2c1c(C)cc1ccccc12,"1,4,10-trimethylphenanthrene",1.125,1.085,14.222,3.779,0.238,0.228,400.0,433.0,272.0,320.0,60.624019796782875,87.26557063744632,54.39130600329495,80.14890190143504
Cc1cccc2c1ccc1c(C)ccc(C)c12,"1,4,8-trimethylphenanthrene",1.125,1.085,14.222,3.779,0.238,0.228,400.0,433.0,272.0,320.0,60.624019796782875,87.26557063744632,54.39130600329495,80.14890190143504
Cc1cc(C)c2c(ccc3c(C)cccc32)c1,"1,5,7-trimethylphenanthrene",1.128,1.088,14.184,3.768,0.239,0.228,402.0,435.0,272.0,320.0,60.938198664292536,87.45044843712998,54.59653191389982,80.21465163872125
Cc1cccc2c(C)c3c(C)cccc3cc12,"1,5,9-trimethylanthracene",1.125,1.085,14.222,3.779,0.238,0.228,400.0,433.0,272.0,320.0,60.624019796782875,87.26557063744632,54.39130600329495,80.14890190143504
Cc1ccc2cc(C)c3c(C)cccc3c2c1,"1,6,10-trimethylphenanthrene",1.128,1.088,14.184,3.768,0.239,0.228,402.0,435.0,272.0,320.0,60.938198664292536,87.45044843712998,54.59653191389982,80.21465163872125
Cc1cc2cccc3ccc4cccc1c4c32,4-methylpyrene,,,,,,,,,240.0,285.0,,,,
Cc1ccc2ccc3cccc4ccc1c2c34,"pyrene, 1-methyl-",,,,,,,,,240.0,285.0,,,,
O=C(C=Cc1ccccc1)C=Cc1ccccc1,dibenzalacetone,1.128,1.088,14.184,3.768,0.239,0.228,402.0,435.0,272.0,320.0,59.892439983862715,85.94971379834593,53.65960239478392,78.83809030137407
c1ccc2c(c1)Cc1cc3ccccc3cc1-2,benzo[b]fluorene,,,,,,,,,337.0,389.0,,,,
Cc1ccc2c(c1)cc(C)c1c(C)cccc12,"1,7,10-trimethylphenanthrene",1.128,1.088,14.184,3.768,0.239,0.228,402.0,435.0,272.0,320.0,60.938198664292536,87.45044843712998,54.59653191389982,80.21465163872125
Cc1cc2ccc3cccc4ccc(c1)c2c34,2-methylpyrene,,,,,,,,,240.0,285.0,,,,
Cc1c(C)c2c(C)cccc2c2ccccc12,"1,9,10-trimethylphenanthrene",1.118,1.079,14.311,3.8,0.237,0.227,395.0,429.0,272.0,320.0,59.69509733262496,86.01360008268075,53.74773093087698,79.20554342170034
CC(C)c1cccc2c1ccc1ccccc12,1-(1-methylethyl)phenanthrene,1.091,1.052,22.915,5.323,0.254,0.242,375.0,413.0,270.0,319.0,54.16284918370793,81.04407510686468,49.38205208055248,75.36519721962924
C1=CC(c2ccccc2)C(c2ccccc2)C1,"1-cyclopentene, 3,4-diphenyl-",1.0231,0.9827,13.684,4.274,0.181,0.172,353.0,394.0,261.0,312.0,48.73586922926133,67.2227797896409,44.76727571080477,62.95193262655149
O=Cc1ccc2ccc3cccc4ccc1c2c34,"pyrene, 1-formyl-",1.121,1.081,16.949,4.625,0.251,0.24,396.0,430.0,271.0,319.0,59.045827194590856,84.31927150341019,53.07033351229459,77.52619839949847
CC1CC=C(c2ccccc2)c2ccccc21,"1-methyl-4-phenyl-1,2-dihydronaphthalene",1.0401,1.0012,15.383,4.594,0.231,0.22,356.0,396.0,265.0,314.0,55.73098897990947,77.89634687067426,51.290027255526205,72.97460369090719
Cc1cccc2c(C3=CCCCC3)cccc12,1-(5-methyl-1-naphthyl)cyclohexene,,,,,,,,,274.0,326.0,,,,
Cc1cccc2cccc(C3=CCCCC3)c12,1-(8-methyl-1-naphthyl)-cyclohexene,,,,,,,,,274.0,326.0,,,,
O=C(CC(=O)OCc1ccccc1)OCc1ccccc1,dibenzyl malonate,1.31,1.261,32.824,7.534,0.193,0.184,459.0,498.0,322.0,377.0,42.21816273221938,63.14717566661769,38.2112528943003,58.39129924220358
CCCC=C(c1ccccc1)c1ccccc1,"1,1-diphenyl-1-pentene",0.9667,0.922,8.586,2.82,0.154,0.146,384.0,425.0,288.0,339.0,51.98698046966866,70.41376764340104,47.94566279926277,66.07496654345056
CC(C)C=C(c1ccccc1)c1ccccc1,"1,1-diphenyl-3-methyl-1-butene",0.9655,0.9237,17.607,4.655,0.151,0.143,400.0,440.0,288.0,340.0,41.572941095622035,59.70205440325549,37.90341854732548,55.52531836427947
c1ccc(C2CCC(c3ccccc3)C2)cc1,"1,3-diphenylcyclopentane",1.01,0.9698,21.782,5.671,0.15,0.143,360.0,403.0,270.0,322.0,37.41980493313959,54.49687468116653,34.51089740411567,51.163370168594625
C(=C/Cc1ccccc1)\CCc1ccccc1,"1,5-diphenyl-2-pentene",0.9642,0.925,11.408,3.676,0.172,0.163,404.0,441.0,287.0,337.0,50.79753694276701,68.88521139374767,46.13916752229128,63.865705113995055
CC1=C(c2cccc3ccccc23)CCCC1,1-(2-methyl-1-cyclohexenyl)naphthalene,1.021,0.983,17.63,5.29,0.22,0.209,380.0,419.0,274.0,326.0,52.26483744361958,72.6436961034595,47.671159084675814,67.69198338423115
C1=C(CCc2cccc3ccccc23)CCC1,1-[2-(1-cyclopentenyl)ethyl]naphthalene,1.0172,0.978,13.763,4.09,0.204,0.194,396.0,433.0,276.0,327.0,54.16630080912822,75.36951140795715,48.93563703060143,69.64564061860725
CC1(c2ccccc2)CCCc2ccccc21,"1-methyl-1-phenyl-1,2,3,4-tetrahydronaphthalene",1.0328,0.9944,17.428,5.229,0.133,0.127,370.0,411.0,273.0,325.0,36.35395822676208,50.8222157438398,33.37406530952681,47.574329965571394
c1ccc(CCC2CC2c2ccccc2)cc1,1-phenyl-2-(2-phenylethyl)cyclopropane,0.9904,0.9499,10.097,2.737,0.15,0.142,372.0,415.0,285.0,336.0,46.98327132898872,67.24704536558006,43.59105524533457,63.36880489450024
c1ccc(CCc2cccc3c2CCC3)cc1,"2,3-dihydro-4-(2-phenylethyl)-1H-indene",1.0106,0.971,12.864,3.913,0.139,0.132,391.0,429.0,276.0,327.0,41.87194976144045,57.87890464072422,37.96396699443254,53.62315342573381
CCC(=C(C)c1ccccc1)c1ccccc1,"2,3-diphenyl-2-pentene",1.0135,0.9716,9.867,3.191,0.142,0.135,396.0,435.0,289.0,340.0,46.713323203922975,63.539976416448354,42.75231847187551,59.285029551152725
Cc1cc(C)c(/C=C/c2ccccc2)c(C)c1,"2,4,6-Trimethyl-trans-stilbene",1.018,0.98,4.519,1.633,0.129,0.123,394.0,432.0,290.0,340.0,52.761674991111704,69.67090321780051,48.403642422861346,65.13207018271277
CC1(C)C(=O)OC1(c1ccccc1)c1ccccc1,"3,3-dimethyl-4,4-diphenyloxetan-2-one",,,,,,,,,,,,,,
c1ccc(CC2CCc3ccccc3C2)cc1,"2-(phenylmethyl)-1,2,3,4-tetrahydronaphthalene",1.024,0.987,11.719,3.647,0.145,0.138,375.0,415.0,273.0,324.0,42.96366861456515,59.24416611921404,39.29333719544491,55.2592482923236
CCC(=Cc1ccccc1)Cc1ccccc1,2-benzyl-1-phenyl-1-butene,0.966,0.923,10.352,3.359,0.154,0.146,385.0,425.0,288.0,339.0,48.82300922520293,66.3060189184983,44.99471936234876,62.22033173763516
C=C(C)C(C)(c1ccccc1)c1ccccc1,"2-methyl-3,3-diphenyl-1-butene",0.9934,0.9539,24.159,5.451,0.129,0.123,357.0,404.0,290.0,343.0,32.37456893549196,49.24213130372761,30.535918101766946,47.026212263740426
Cc1cc(C)c(/C=C\c2ccccc2)c(C)c1,"Stilbene, 2,4,6-trimethyl-, (Z)-",1.018,0.98,4.519,1.633,0.129,0.123,394.0,432.0,290.0,340.0,52.761674991111704,69.67090321780051,48.403642422861346,65.13207018271277
c1ccc(Cc2ccc3c(c2)CCCC3)cc1,"6-(phenylmethyl)-1,2,3,4-tetrahydronaphthalene",1.0243,0.984,14.644,4.268,0.138,0.131,385.0,424.0,273.0,325.0,40.18725846385494,56.26599789734544,36.483024047139274,52.21085432561911
CCCCC1c2ccccc2-c2ccccc21,9-butyl-9H-fluorene,1.0108,0.974,11.872,3.593,0.195,0.186,379.0,418.0,281.0,331.0,53.04243513074984,73.7655635268356,48.76108177297056,69.07873740696908
O=C(/C=C/c1ccccc1)OCCc1ccccc1,"2-propenoic acid, 3-phenyl-, 2-phenylethyl ester",,,,,,,,,,,,,,
CC(C)(C)c1ccc(C(=O)c2ccccc2)cc1,4-tert-butyl-benzophenone,1.083,1.042,26.777,6.334,0.158,0.15,411.0,452.0,306.0,358.0,37.51465055403891,55.68227512001243,34.52714257637232,52.14753994773092
C=C(C)C(Cc1ccccc1)c1ccccc1,"1,1'-(1-(1-methylethenyl)-1,2-ethanediyl)bis-benzene",,,,,,,,,,,,,,
Cc1cc(C)c(/C=C/c2ccccc2)c(C)c1,"2,4,6-Trimethyl-trans-stilbene",0.943,0.89,4.348,1.798,0.173,0.163,467.0,499.0,299.0,351.0,75.86570114388599,94.93717950306667,66.92262116201805,85.99150174080799
CCC(C)(Cc1ccccc1)c1ccccc1,"(+)-1,2-diphenyl-2-methylbutane",0.9625,0.9222,24.935,5.639,0.142,0.134,384.0,429.0,299.0,353.0,35.201731156982426,52.91902054946585,32.809374718545456,50.09456223921944
CCCCc1ccccc1Cc1ccccc1,(2-butylphenyl)phenylmethane,0.9536,0.913,4.195,1.643,0.149,0.141,412.0,452.0,300.0,352.0,61.49440612731341,78.96705231231307,56.24439295662267,73.6034101811688
CCCCc1ccc(Cc2ccccc2)cc1,(4-butylphenyl)phenylmethane,0.9441,0.904,4.449,1.77,0.15,0.142,416.0,455.0,300.0,352.0,60.730690829948024,77.59791522415057,55.395116036738706,72.19280209146453
CC1Cc2c(ccc3ccccc23)CC1(C)C,"1,2,3,4-tetrahydro-2,2,3-trimethylphenanthrene",0.924,0.888,12.987,3.829,0.172,0.164,393.0,435.0,288.0,341.0,47.32895964065864,66.35497101426782,43.36620720355973,61.96268700489649
CC1CCC(C)(C)c2ccc3ccccc3c21,"1,2,3,4-tetrahydro-1,1,4-trimethylphenanthrene",0.927,0.891,15.102,4.377,0.174,0.165,401.0,441.0,288.0,341.0,46.000752622338354,64.43226510173594,41.910952597228714,59.93584474664677
CC(C)C(Cc1ccccc1)c1ccccc1,"1,2-diphenyl-3-methylbutane",0.9533,0.913,14.686,4.053,0.15,0.142,398.0,442.0,298.0,353.0,42.92580284773365,61.0525559982582,39.57020985525028,57.31068388413121
Cc1ccc(CC(C)c2ccc(C)cc2)cc1,"1,2-bis(4-methylphenyl)propane",0.9589,0.9176,5.11,1.635,0.128,0.121,400.0,443.0,301.0,354.0,51.97463084341287,70.78277756204108,47.97916583176217,66.45518174221584
CC(C)(C)C(c1ccccc1)c1ccccc1,"2,2-dimethyl-1,1-diphenylpropane",,,,,,,,,299.0,354.0,,,,
CCCC(Cc1ccccc1)c1ccccc1,"1,2-diphenylpentane",0.9521,0.9118,12.604,3.51,0.151,0.143,380.0,425.0,299.0,352.0,44.444225062574056,63.19393746619236,41.54593312593153,59.93107409851617
CC(=Cc1cccc2ccccc12)CC(C)C,"1-(2,4-dimethyl-1-pentenyl)naphthalene",0.9507,0.914,10.519,3.282,0.195,0.186,414.0,454.0,302.0,355.0,56.07398267365745,77.1918996792825,51.31273461849452,72.03128348235016
CC(C)=C(c1cccc2ccccc12)C(C)C,1-[2-methyl-1-(1-methylethyl)-1-propenyl]naphthalene,0.961,0.924,12.487,3.571,0.184,0.175,423.0,463.0,303.0,357.0,51.67824722108191,72.71548762213065,47.04874477408166,67.587215925951
C=C(C)CCC=C(C)C1C=Cc2ccccc21,"1-(1,5-dimethyl-1,5-hexadienyl)-1H-indene",0.9576,0.9165,6.161,1.964,0.158,0.149,412.0,453.0,304.0,357.0,57.76734889823712,78.45752120124011,53.03275504335476,73.3735831055683
CCC1(C)CCCc2c1ccc1ccccc21,"1-ethyl-1-methyl-1,2,3,4-tetrahydrophenanthrene",1.0196,0.9802,11.769,3.571,0.175,0.166,381.0,424.0,288.0,341.0,50.094710568320494,69.5144647293577,46.30253651244219,65.38241747836067
C[C@@H](C(=O)O)[C@@](O)(Cc1ccccc1)c1ccccc1,"(R-(R*,S*))-beta-hydroxy-alpha-methyl-beta-phenyl-benzenebutanoic acid",,,,,,,,,,,,,,
OC(CCc1ccccc1)CCc1ccccc1,"1,5-diphenyl-3-pentanol",,,,,,,,,316.0,370.0,,,,
CCC(C)(C)c1ccc(-c2ccccc2)cc1,"4-(1,1-dimethylpropyl)-1,1'-biphenyl",0.9721,0.932,,,0.2,0.19,409.0,450.0,300.0,354.0,,,,
C[C@@H](C(=O)O)[C@](O)(Cc1ccccc1)c1ccccc1,"(S-(R*,R*))-beta-hydroxy-alpha-methyl-beta-phenyl-benzenebutanoic acid",,,,,,,,,,,,,,
CC(C)(C(=O)O)C(O)(c1ccccc1)c1ccccc1,"2,2-dimethyl-3,3-diphenyl-3-hydroxypropanoic acid",,,,,,,,,,,,,,
CCOC(OCC)(c1ccccc1)c1ccccc1,"1,1'-(diethoxymethylene)bis- benzene",,,,,,,,,331.0,384.0,,,,
CCCCc1ccccc1Cc1ccccc1,(2-butylphenyl)phenylmethane,1.01,0.973,13.861,4.522,0.246,0.234,477.0,510.0,320.0,371.0,63.95474888964358,86.15446076977078,57.16158557476199,78.77767494196259
CCC1(C)CCCc2c1ccc1ccccc21,"1-ethyl-1-methyl-1,2,3,4-tetrahydrophenanthrene",0.9306,0.89,5.609,1.876,0.219,0.206,472.0,506.0,310.3,362.6,77.65441472965108,103.12502598914224,69.01197877722437,93.89740081858028
Cc1ccc(C(C)C)cc1Cc1ccccc1,2-benzyl-1-methyl-4-(1-methylethyl)benzene,0.9513,0.91,,,,,402.0,445.0,301.0,354.0,,,,
CC(c1ccccc1)C(C)(C)c1ccccc1,"2-methyl-2,3-diphenylbutane",0.995,0.953,,,,,398.0,442.0,299.0,354.0,,,,
Cc1ccc(-c2cccc(C)c2C(C)C)cc1,"3,4'-dimethyl-2-(1-methylethyl)-1,1'-biphenyl",0.9528,0.9148,,,,,407.0,448.0,302.0,355.0,,,,
CCCCCOC(=O)Cc1cccc2ccccc12,"1-naphthaleneacetic acid, pentyl ester",1.035,0.993,8.889,3.122,0.235,0.223,500.0,533.0,325.0,379.0,70.92805658079271,93.34579152242976,62.83340390822203,84.8081497788539
CCCCCCOC(=O)c1cccc2ccccc12,"1-naphthalenecarboxylic acid, hexyl ester",1.033,0.993,8.519,2.92,0.229,0.218,474.0,511.0,325.0,379.0,68.46285227655054,91.21754577772812,61.56747327509353,83.86307717441893
CCCCCOC(=O)Cc1ccc2ccccc2c1,"2-naphthaleneacetic acid, pentyl ester",1.029,0.989,8.455,2.932,0.232,0.22,488.0,523.0,325.0,379.0,69.82239633121641,92.31315207618611,62.27805538740249,84.31799387505536
CCCCCCOC(=O)c1ccc2ccccc2c1,"2-naphthalenecarboxylic acid, hexyl ester",1.028,0.988,10.7,3.441,0.238,0.226,512.0,543.0,325.0,379.0,67.46226848058073,90.92653200157436,59.36576793653546,82.17933920452273
CCC(C)c1ccc(Cc2ccccc2)cc1,1-sec-butyl-4-(phenylmethyl)benzene,,,,,,,,,,,,,,
CC(=Cc1cccc2ccccc12)CC(C)C,"1-(2,4-dimethyl-1-pentenyl)naphthalene",0.9556,0.915,11.511,2.951,0.161,0.152,415.0,459.0,313.0,368.0,49.04357724913095,70.99489349782132,45.30246492040151,66.71633718957585
CC(C)=C(c1cccc2ccccc12)C(C)C,1-[2-methyl-1-(1-methylethyl)-1-propenyl]naphthalene,0.9377,0.8997,5.865,2.223,0.212,0.201,445.0,483.0,313.0,366.0,72.32572060333854,93.58205365347794,65.50971656507045,86.5576531776157
C=C(C)CCC=C(C)C1C=Cc2ccccc21,"1-(1,5-dimethyl-1,5-hexadienyl)-1H-indene",0.9363,0.897,5.127,2.007,0.197,0.186,443.0,481.0,315.0,367.0,71.84168344370768,91.84903416207996,65.2706429973017,85.11924204438493
C[C@@H](C(=O)O)[C@@](O)(Cc1ccccc1)c1ccccc1,"(R-(R*,S*))-beta-hydroxy-alpha-methyl-beta-phenyl-benzenebutanoic acid",0.9502,0.9091,7.262,2.09,0.119,0.113,391.0,437.0,303.0,357.0,42.06768488043028,59.367199946910354,39.156070483893224,56.084739482804366
CCC(C)(C)c1ccc(-c2ccccc2)cc1,"4-(1,1-dimethylpropyl)-1,1'-biphenyl",0.8782,0.841,3.644,1.546,0.342,0.323,477.0,514.0,337.0,390.0,118.19135149341898,147.44126897746713,107.18666779322496,136.42426059668955
C[C@@H](C(=O)O)[C@](O)(Cc1ccccc1)c1ccccc1,"(S-(R*,R*))-beta-hydroxy-alpha-methyl-beta-phenyl-benzenebutanoic acid",0.877,0.838,5.131,1.909,0.15,0.142,464.0,505.0,334.0,390.0,56.64349591103168,73.65061374023908,51.640260259981424,68.48681655093131
CC(C)(C(=O)O)C(O)(c1ccccc1)c1ccccc1,"2,2-dimethyl-3,3-diphenyl-3-hydroxypropanoic acid",0.9506,0.912,6.627,2.083,0.105,0.1,403.0,450.0,305.0,362.0,39.091893763074545,53.91672487039731,36.14497637172298,50.71536368628331
CCOC(OCC)(c1ccccc1)c1ccccc1,"1,1'-(diethoxymethylene)bis- benzene",1.017,0.978,9.833,2.965,0.093,0.088,408.0,454.0,306.0,363.0,32.75328866788441,45.44844797878999,30.207142631673396,42.6767146710608
C=C(/C=C(\C)C(C)(C)C)c1ccc(CC)cc1,"1,3-hexadiene, 2-(p-ethylphenyl)-4,5,5-trimethyl-",0.8837,0.8443,11.203,3.079,0.104,0.098,440.0,487.0,339.0,395.0,36.20733088116436,51.337603637872895,33.646387943555766,48.40123674021628
Cc1ccc(C2=C(C(C)C)CCC(C)C2)cc1,1-methyl-3-(4-methylphenyl)-4-(1-methylethyl)-3-cyclohexene,0.9174,0.8776,8.938,2.963,0.139,0.131,414.0,462.0,319.0,376.0,46.85179172687048,63.17012496350917,43.53918819670893,59.61400354566434
CC(C)C1CCC(C)C2Cc3ccccc3C12,"1-methyl-4-(1-methylethyl)-1,2,3,4,4a,9a-hexahydrofluorene",0.9725,0.9333,19.537,4.179,0.113,0.108,404.0,452.0,306.0,364.0,32.04141439880299,49.398286079537904,29.632619064946923,46.47926571855082
CC(c1ccccc1)C(C)(C)c1ccccc1,"2-methyl-2,3-diphenylbutane",0.9294,0.8893,6.779,2.249,0.121,0.114,415.0,463.0,318.0,375.0,46.19602170891624,62.25403563571429,42.86278600653653,58.66979527644443
Cc1ccc(-c2cccc(C)c2C(C)C)cc1,"3,4'-dimethyl-2-(1-methylethyl)-1,1'-biphenyl",0.9672,0.928,14.475,4.418,0.123,0.116,404.0,451.0,299.0,357.0,37.23843579890927,51.41944424916787,34.21548161013497,48.1474273314226
CC(C)(C)C=C=C(c1ccccc1)C(C)(C)C,"[1-(1,1-dimethylethyl)-4,4-dimethyl-1,2-pentadienyl]benzene",0.8694,0.8337,12.652,3.718,0.275,0.261,428.0,475.0,339.0,396.0,67.92314768549561,95.07078011360883,63.6118236957369,90.32850054369273
CCCCCC(=CCC(C)C)c1ccccc1,(4-methyl-1-pentyl-1-pentenyl)benzene,0.859,0.8196,4.424,1.708,0.137,0.129,443.0,491.0,346.0,403.0,57.29043483572577,73.81399027246727,53.44300343131798,69.8248110275294
CCCCCCCC1CCCc2ccccc21,1-heptyltetralin,0.976,0.934,9.426,2.998,0.136,0.128,448.0,493.0,331.0,388.0,47.05036760571814,63.86741169652917,43.21018545161331,59.70625648032291
CCc1cc(CC)c2c(c1)CC(CC)(CC)C2,"1H-indene, 2,2,4,6-tetraethyl-2,3-dihydro-",0.976,0.932,3.176,1.288,0.097,0.092,455.0,498.0,336.0,393.0,50.99858080239859,64.91293046482977,46.82941402383253,60.729992278397525
CC(C)CCCC(C)C1CCc2ccccc21,"2,3-dihydro-1-(1,5-dimethylhexyl)-1H-indene",0.895,0.8569,13.408,3.618,0.123,0.116,440.0,488.0,332.0,392.0,38.37488861495985,54.756770523892776,35.45194223317601,51.48452388672169
CCc1cc2c(cc1CC)CC(CC)(CC)C2,"2,3-dihydro-2,2,5,6-tetraethyl-1H-indene",0.9083,0.868,3.413,1.382,0.097,0.092,455.0,498.0,336.0,393.0,48.756767768686096,62.086146730780136,44.77087064737039,58.08536426496117
Cc1ccc2c(c1)C(C)(CC(C)C)CC2(C)C,"2,3-dihydro-3-(2-methylpropyl)-1,1,3,5-tetramethyl-1H-indene",0.8799,0.842,5.455,1.781,0.086,0.082,430.0,479.0,335.0,394.0,37.91158511405656,51.741406394386395,35.34047404399768,48.97482992223404
CCc1cc(C)c2c(c1C)CC(CC)(CC)C2,"2,3-dihydro-4,7-dimethyl-2,2,5-triethyl-1H-indene",0.9034,0.864,3.321,1.389,0.083,0.079,456.0,500.0,337.0,393.0,43.67478463103654,55.278746006595746,40.11310246985008,51.65835170402283
CCCCC(CC)Cc1ccc2c(c1)CCC2,"2,3-dihydro-5-(2-ethylhexyl)-1H-indene",0.9097,0.871,7.695,2.411,0.122,0.116,453.0,498.0,333.0,391.0,45.16502212915573,62.00261042671245,41.41954902687376,57.92401832170598
CCCCCCCCC=C(C)c1ccccc1,2-phenyl-2-undecene,0.942,0.9,3.079,1.333,0.151,0.142,468.0,511.0,346.0,402.0,70.34668792642557,87.31243919599167,64.61682322323644,81.61427190113719
CCc1ccc2c(c1)C(C)(C)C(C)(C)C2(C)C,"2,3-dihydro-5-ethyl-1,1,2,2,3,3-hexamethyl-1H-indene",0.908,0.8701,3.524,1.379,0.076,0.072,436.0,484.0,337.0,394.0,39.37863643286571,50.78857542817278,36.626499628463165,47.93272487401477
Cc1ccc(C2(O)CC(C)CCC2C(C)C)cc1,1-methyl-3-(4-methylphenyl)-4-(1-methylethyl)-3-cyclohexanol,1.05,1.005,,,,,,,344.0,406.0,,,,
CC(C)CC=C(CCC(C)C)c1ccccc1,"2,8-dimethyl-5-phenyl-4-nonene",0.859,0.8194,3.958,1.464,0.13,0.123,436.0,486.0,345.0,404.0,56.75220464722584,74.38286831566829,53.13536879263138,70.61504120358016
CCCCCCCC1CCc2ccccc2C1,2-heptyltetralin,0.976,0.934,9.426,2.998,0.136,0.128,448.0,493.0,331.0,388.0,47.05036760571814,63.86741169652917,43.21018545161331,59.70625648032291
OC(CCc1ccccc1)CCc1ccccc1,"1,5-diphenyl-3-pentanol",,,,,,,,,,,,,,
CC(C)c1cc(C(C)C)c2c(c1)C(C)(C)CC2,"4,6-bis(1-methylethyl)-2,3-dihydro-1,1-dimethyl-1H-indene",0.8852,0.846,5.31,1.773,0.085,0.08,442.0,490.0,335.0,395.0,38.53854663250023,51.710045348005806,35.647834455312875,48.668226919911795
CC(C)(C)c1ccc2c(c1)C(C)(C)CC2(C)C,"5-(1,1-dimethylethyl)-1,1,3,3-tetramethylindan",0.939,0.896,7.987,2.232,0.075,0.071,428.0,478.0,336.0,395.0,31.939505849558948,45.33898858407645,29.837490874886075,42.97061044885922
CC1=C(Cc2ccccc2)CC(C(C)C)CC1,1-methyl-4-(1-methylethyl)-2-(phenylmethyl)-1-cyclohexene,0.9182,0.879,5.663,2.162,0.114,0.108,456.0,499.0,332.0,389.0,47.2650120834774,61.13780961707759,43.22839448021156,57.00159584663637
c1cc2c(cc1CC1CCCCC1)CCCC2,"6-cyclohexylmethyl-1,2,3,4-tetrahydronaphthalene",0.9018,0.863,5.544,2.202,0.129,0.121,457.0,500.0,331.0,388.0,51.848024962515446,65.84730959649121,47.35059112506465,61.31350414962084
Cc1cc(C(C)C)ccc1C1(C)CCCCC1,"benzene, 1-isopropyl-3-methyl-4-(1-methylcyclohexyl)-",0.9085,0.8683,8.476,2.879,0.101,0.096,415.0,467.0,327.0,387.0,37.84197202618559,51.10503222027138,35.38825218973021,48.47389551412579
CCCCCCCCCCc1ccc(C)cc1,1-decyl-4-methylbenzene,0.8442,0.805,3.303,1.338,0.143,0.134,514.0,554.0,358.0,415.0,66.62456304562433,83.73303456053586,60.17938480406372,77.19771816394022
C=Cc1ccc(CCCCCCCCC)cc1,p-nonylvinylbenzene,0.8709,0.832,3.904,1.563,0.144,0.136,474.0,516.0,348.0,404.0,62.461882425692615,79.42867560785459,57.26178240545568,74.1453702378697
CCCCCCCCCCOc1ccc(C(=O)O)cc1,4-decyloxybenzoic acid,,,,,,,,,388.0,445.0,,,,
CCCCOC(=O)c1c(CC)cc(CC)cc1CC,"butyl 2,4,6-triethylbenzoate",1.012,0.966,2.964,1.139,0.123,0.115,487.0,533.0,372.0,430.0,61.371385478579086,78.49470163216192,56.89285916957842,73.8935711282357
CCCCCCCCCC(C)c1ccccc1,2-phenylundecane,0.8468,0.807,4.606,1.735,0.148,0.139,481.0,527.0,357.0,416.0,61.3036933079668,79.12983808303476,56.372175985425855,74.036504291764
CCCC(CCC)(CC(C)C)c1ccccc1,"(1,1-dipropyl-3-methylbutyl)benzene",0.8602,0.821,4.534,1.705,0.126,0.118,446.0,498.0,357.0,418.0,53.46817688915704,69.27516418650666,50.223046081208494,65.94529839119797
CCCCC(CCCC)CCc1ccccc1,(3-butylheptyl)benzene,0.8443,0.8046,4.264,1.616,0.145,0.136,466.0,513.0,357.0,416.0,61.14238610832639,78.81587358945337,56.727153805763095,74.30339074367521
CCCCC(CC)CC(C)(C)c1ccccc1,"(3-ethyl-1,1-dimethylheptyl)benzene",0.8499,0.8113,4.706,1.726,0.126,0.118,446.0,498.0,357.0,418.0,52.68200300980423,68.73812734339964,49.484587258263545,65.43407542577256
CCC(C)c1c(C)cc(C)c(C(C)CC)c1C,"1,3,5-trimethyl-2,4-bis(1-methylpropyl)benzene",0.8829,0.8423,2.945,1.199,0.085,0.08,455.0,505.0,361.0,420.0,46.20348301571032,58.65043326800149,43.29152511065092,55.68720047539885
CCCCCC(C)(C)c1ccc(C(C)C)cc1,"1-(1,1-dimethylhexyl)-4-(1-methylethyl)benzene",0.8503,0.8116,6.939,2.341,0.115,0.108,463.0,513.0,358.0,419.0,44.72968090736007,59.740134222532994,41.60783922527376,56.43375961091417
CCCC(C)c1ccc(C)c(C(C)CCC)c1,"1-methyl-2,4-bis(1-methylbutyl)benzene",0.8524,0.8124,2.698,1.145,0.111,0.104,459.0,509.0,358.0,418.0,57.26997044668653,71.60397209689144,53.40308497448888,67.74453881099163
Cc1ccc(CCC(C)C)cc1CCC(C)C,"1-methyl-2,4-bis(3-methylbutyl)benzene",,,,,,,,,358.0,418.0,,,,
CCCCCCCCCCCc1ccccc1,undecylbenzene,0.84249,0.801,3.086,1.373,0.155,0.145,477.0,522.0,347.2,406.5,71.5973711087853,87.90927758696063,65.47792837670947,81.93750421280126
CCCCCCCCC(CC)c1ccccc1,3-phenylundecane,0.925,0.882,4.108,1.587,0.147,0.138,477.0,523.0,357.0,416.0,64.23573134713016,82.31823705349383,59.20726804823651,77.18492557507999
CC(C)CC(C1CCCCC1)C1CCCCC1,"1,1-dicyclohexyl-3-methylbutane",0.8775,0.839,6.724,2.741,0.121,0.114,456.0,514.0,350.0,418.0,46.31480986768861,59.07102860648928,42.993164869610055,55.73365128901152
CCCCCCCC(CCC)c1ccccc1,4-phenylundecane,0.923,0.879,4.117,1.593,0.147,0.138,476.0,522.0,357.0,416.0,64.57456565236419,82.71986203766275,59.55472547561179,77.60327377920241
CCCCCCC(CCCC)c1ccccc1,5-phenylundecane,0.922,0.878,4.013,1.481,0.147,0.138,475.0,521.0,357.0,416.0,65.00253495585751,84.38819548797576,59.98490153643356,79.21112886330616
C1CCC(CCCCCC2CCCCC2)CC1,"1,5-dicyclohexylpentane",0.8567,0.8189,7.821,2.528,0.133,0.126,457.0,511.0,351.0,416.0,47.29303260531093,64.49694786493806,43.90941269289468,60.87112356343957
CCCCCCCCCCCCC1=CCCC1,1-dodecylcyclopentene,0.8168,0.778,4.407,1.799,0.149,0.139,566.0,606.0,377.0,438.0,64.51399812794489,80.49505177366733,57.54551975481379,73.46936769496207
CCCCCC(CCCCC)c1ccccc1,6-phenylundecane,0.951,0.906,4.416,1.656,0.151,0.141,496.0,540.0,357.0,416.0,65.71277102120317,84.42502518831566,59.90683213976456,78.45123561273758
CCCCC(C)(Cc1ccccc1)CC(C)C,[2-methyl-2-(2-methylpropyl)hexyl]benzene,0.87,0.8285,4.943,1.931,0.132,0.124,492.0,538.0,357.0,418.0,56.36658037512848,71.98726016495202,51.503586643303535,67.05381293847768
CCCCCCCCC(C)(C)c1ccccc1,"benzene, (1,1-dimethylnonyl)-",0.8542,0.816,12.878,3.676,0.142,0.134,510.0,552.0,357.0,417.0,44.78176805784644,62.49280602270563,40.506742100080615,57.75197426676042
CCCCC1=C(CCC)C2CCCCC2CC1,"1,2,4a,5,6,7,8,8a-octahydro-3-butyl-4-propylnaphthalene",0.8724,0.8323,2.866,1.177,0.113,0.106,455.0,506.0,349.0,410.0,56.79390243940595,71.7865142546953,52.71083521992538,67.66146927060316
C1CCC(C2(C3CCCC3)CCCCC2)CC1,cyclopentylbicyclohexyl,0.9163,0.8791,13.751,4.436,0.115,0.109,415.0,481.0,322.0,388.0,35.30072865420994,48.67475234648054,32.86900799288527,45.819959920141606
O=C1CCCCCCCC=CCCCCCCC1,9-cycloheptadecen-1-one,0.998,0.956,37.074,11.506,0.182,0.172,491.0,542.0,354.0,421.0,39.556044243462665,54.273499787394115,36.07831514773939,50.550375025518136
CCCC(CC1CCCCC1)C1CCCCC1,"1,2-dicyclohexylpentane",0.9001,0.8603,7.555,2.441,0.124,0.117,440.0,498.0,350.0,417.0,45.58499955839368,62.20666010327077,42.743005630949625,59.17667270875887
C#CCCCCCCCCCCCCCCC,1-heptadecyne,0.859,0.82,11.059,3.293,0.101,0.095,504.0,553.0,393.2,454.2,36.504422651492206,50.41540431461857,34.0421165535091,47.69999050988071
CCC(C)(C)c1cc(C)cc(C(C)(C)CC)c1O,"2,6-bis(1,1-dimethylpropyl)-4-methylphenol",,,,,,,,,417.0,479.0,,,,
CCCCCCCCCCCC1=CCCCC1,1-undecylcyclohexene,0.885,0.842,3.729,1.544,0.135,0.127,481.0,532.0,375.0,437.0,61.935668327771175,78.14616470698938,57.746865262845425,73.93943956185025
CCCCC(C1CCCCC1)C1CCCCC1,"cyclohexane, 1,1'-pentylidenebis-",0.8757,0.838,12.219,2.494,0.126,0.119,452.0,508.0,350.0,417.0,39.97102097762012,61.98829823942203,37.1964198168324,58.64007591350267
CCCCC(C)(C)C1CCCC2CCCCC21,"2-(1,1-dimethylpentyl)bicyclo[4.4.0]decane",0.8676,0.8287,7.607,2.534,0.11,0.103,452.0,508.0,356.0,422.0,41.791085627123636,56.120870489195184,39.07653940449722,53.26786972368616
CC#CCCCCCCCCCCCCCC,2-heptadecyne,0.871,0.829,7.003,2.171,0.149,0.14,518.0,564.0,397.0,456.0,56.484375688732065,76.90444600949039,52.41156659616124,72.44083477896801
CCCCC1CCC2CCCCC2C1CCC,3-butyl-2-propylbicyclo[4.4.0]decane,0.867,0.8275,1.845,0.943,0.118,0.111,441.0,498.0,356.0,421.0,65.30056780893713,78.10406946774455,61.48359693662114,74.49954185706456
CCC#CCCCCCCCCCCCCC,3-heptadecyne,0.871,0.829,7.003,2.171,0.149,0.14,518.0,564.0,397.0,456.0,56.484375688732065,76.90444600949039,52.41156659616124,72.44083477896801
CCCCCCCCCCCCC1C=CCC1,3-dodecylcyclopentene,0.8123,0.773,3.324,1.41,0.148,0.138,505.0,553.0,376.0,438.0,67.55214442792179,83.8810323133431,62.17325663000728,78.55645094350466
C=CC(=O)OCCCCCCCCCCCCCC,tetradecyl 2-propenoate,0.861,0.827,4.878,1.814,0.17,0.159,597.0,640.0,416.0,480.0,65.05470227188101,83.51101535073862,58.7689685058948,77.01911028217273
CCCCCCCCCCCCC1CC=CC1,4-dodecylcyclopentene,0.942,0.896,3.079,1.317,0.152,0.142,527.0,572.0,376.0,438.0,74.43158119153479,92.10352148689392,67.68809004291003,85.44121188983985
CCC(CC1CCCCC1)CC1CCCCC1,"cyclohexane, 1,1'-(2-ethyl-1,3-propanediyl)bis-",0.8643,0.824,8.446,2.318,0.126,0.119,446.0,503.0,350.0,417.0,45.01698115541427,64.29680256231414,42.04988504939744,60.9933622379391
CCC1(CC2(CC)CCCCC2)CCCCC1,"methane, bis(ethylcyclohexyl)-",0.8596,0.8207,6.864,2.681,0.108,0.102,454.0,513.0,352.0,418.0,42.50616264710395,55.003039193262374,39.56986235081216,51.92393054946605
CCCCCCCCCCCCC1=CCCC1,1-dodecylcyclopentene,0.964,0.923,40.456,11.918,0.173,0.163,494.0,548.0,363.0,432.0,37.63030362704788,52.35221846370813,34.505956096542185,48.96409104816332
C=CCCCCCCCCCCCCCCC,1-heptadecene,0.7718,0.7311,3.046,1.279,0.147,0.138,525.0,575.0,395.7,459.8,70.1741307229989,87.8175792973374,64.80899687808954,82.46459819512908
C=CC(=O)OC(CCC(CC)CCCC)CC(C)C,4-ethyl-1-(2-methylpropyl)octyl 2-propenoate,0.8554,0.815,5.845,1.963,0.142,0.133,542.0,595.0,415.0,483.0,55.497458937762275,73.88074512624559,51.48207332704036,69.67130933171147
CCCCCCC/C=C/CCCCCCCC,8-heptadecene,0.79,0.752,3.038,1.263,0.149,0.139,523.0,572.0,403.0,465.0,69.48071142865469,86.76572046955812,64.56869976999333,81.85537267087072
CCCCC(C1CCCCC1)C1CCCCC1,"cyclohexane, 1,1'-pentylidenebis-",,,,,,,,,357.0,427.0,,,,
CCCCCCCCC(C)(C)c1ccccc1,"benzene, (1,1-dimethylnonyl)-",0.85366,0.809,3.117,1.351,0.169,0.158,570.0,615.0,414.0,477.0,81.54959226443778,100.42278323003433,74.5343370622094,93.49511145920178
CCCCC(C)(Cc1ccccc1)CC(C)C,[2-methyl-2-(2-methylpropyl)hexyl]benzene,0.8592,0.817,6.634,2.203,0.145,0.136,554.0,604.0,415.0,480.0,57.66834433319185,76.94290302829053,53.16736239382643,72.12669582290575
O=C1CCCCCCCCCCCCCCCCO1,oxacyclooctadecane-2-one,0.967,0.933,24.819,9.646,0.178,0.17,464.0,525.0,376.0,446.0,39.636147653495485,51.7944779399628,37.35943248948873,49.47212254618056
CCCCCCCCCCCCC1CCCC1,dodecylcyclopentane,0.804,0.763,4.602,1.835,0.142,0.133,538.0,586.0,407.7,469.6,61.49608634271664,77.83530308061646,56.88100561652366,73.13480919484554
CCCCC(CCCC)CCC1CCCCC1,(3-butylheptyl)cyclohexane,0.8224,0.7826,6.445,2.3,0.127,0.119,474.0,531.0,382.0,448.0,49.40290149719922,65.04251594999332,46.4933064462018,62.00586189766352
CCCC(CCC)(CC(C)C)C1CCCCC1,"(3-methyl-1,1-dipropylbutyl)cyclohexane",0.8304,0.7893,7.948,2.787,0.116,0.108,506.0,560.0,383.0,450.0,44.85121789794159,58.86853045075335,41.47157365789447,55.3562398866748
CCCCCCCCCCCC1CCCCC1,"undecane, 1-cyclohexyl-",0.811,0.773,4.932,2.07,0.138,0.129,500.0,554.0,386.3,452.7,56.65479502545732,70.9219002618792,52.68880282486552,67.00551642494236
CCCCCCCCCCCCCCCC(C)=O,2-heptadecanone,,,,,,,,,421.0,482.0,,,,
C=C(C)CCCCCCCCCCCCCC,2-methyl-1-hexadecene,0.853,0.811,1.524,0.826,0.13,0.121,520.0,570.0,406.0,468.0,78.53961288298572,90.93656700914242,73.25805584982555,86.03023643891346
CCCCCCCCCCC1CCCCCC1,decylcycloheptane,0.81816,0.7774,6.111,2.573,0.138,0.13,500.0,552.0,380.0,445.0,54.40219515156562,68.35027808064521,50.3604135190674,64.33043592567653
CCCCCCCCCCCCCCCCC=O,heptadecanal,0.93,0.888,4.516,1.689,0.175,0.164,560.0,607.0,419.0,482.0,71.8258415720677,92.47264906742392,66.19790356820383,86.66494228123938
CCCCCCCCCC(=O)CCCCCCC,8-heptadecanone,,,,,,,,,421.0,482.0,,,,
CCCCCCCCCCCCCC1CCC1,tridecylcyclobutane,0.883,0.84,2.605,1.107,0.137,0.128,503.0,554.0,390.4,453.4,69.94870569415609,87.0796404330657,65.13588495118584,82.30677414129558
CCCCCCCCCCCCCCC1CC1,tetradecylcyclopropane,0.78351,0.7413,3.063,1.295,0.14,0.131,531.0,580.0,400.0,463.0,68.56572470966991,85.3734047585092,63.31366550437733,80.13057145733005
CCCCCCCCCC1CCCCCCC1,nonylcyclooctane,0.82932,0.789,6.994,2.915,0.137,0.129,490.0,544.0,378.0,443.0,51.64929612111017,65.15900834172204,48.013204571915274,61.5012388167673
CCCCCCCCC(=O)CCCCCCCC,pelargonone,,,,,,,,,421.0,482.0,,,,
CCCCC(CC)CCC(=O)CCC(CC)CC,"3,9-diethyl-6-tridecanone",0.891,0.848,4.602,1.651,0.16,0.149,552.0,602.0,420.0,485.0,67.16183133396747,87.24049691998358,62.19208152238061,82.09501541082341
CCCCCCCCCCCCCCC(=O)CC,3-heptadecanone,0.893,0.85,3.024,1.365,0.173,0.162,557.0,604.0,421.0,482.0,80.15046796143635,97.8300409264436,74.0811216829992,91.81373950291535
CCCCCCCC(C)(CCC)CC(=O)CCC,6-methyl-6-propyl-4-tridecanone,0.8238,0.784,10.197,3.061,0.155,0.145,557.0,605.0,421.0,485.0,51.483790714849995,70.4632978532206,47.58521143611945,66.21468685882685
CCCCCCCCCCCCCC(=O)CCC,4-heptadecanone,0.893,0.85,3.024,1.365,0.173,0.162,557.0,604.0,421.0,482.0,80.15046796143635,97.8300409264436,74.0811216829992,91.81373950291535
CCCCCC(C)CCCC(C)CCCC(C)=O,"6,10-dimethyl-14-pentadecanone",0.8304,0.79,4.817,1.772,0.16,0.15,556.0,606.0,420.0,485.0,65.28400952942378,84.59697093095893,60.33055298213585,79.4592414725444
CCCCCCCCCCCCC(=O)OC(C)(C)C,"1,1-dimethylethyl tridecanoate",0.973,0.926,11.305,3.132,0.14,0.131,564.0,615.0,426.0,493.0,48.04962143867172,67.34986672381046,44.4025670432748,63.28838434919248
CCCCCCCCCC(C)OC(=O)CCCCC,1-methyldecyl hexanoate,0.8398,0.7944,7.383,2.518,0.153,0.143,571.0,621.0,426.0,492.0,57.37625476785872,75.7366925143033,52.83763607102032,70.93481680458318
CCCCCCCCCCCCCC(=O)OC(C)C,1-methylethyl tetradecanoate,0.838,0.797,3.938,1.631,0.155,0.145,579.0,628.0,426.0,492.0,67.42403429057612,84.25794307684312,61.8480733115038,78.66736227160187
CCCCCCCCC(=O)OC(C)CCCCCC,1-methylheptyl nonanoate,0.8414,0.7958,7.369,2.513,0.153,0.143,571.0,621.0,426.0,492.0,57.477924033191854,75.87280893331301,52.931263019363584,71.06230313816879
CCCCCCCCCCC(=O)OC(C)CCCC,1-methylpentyl undecanoate,0.841,0.8,7.372,2.5,0.153,0.143,571.0,621.0,426.0,492.0,55.777704518973735,73.74440465862752,51.36553551943222,69.0688444552141
CCCCCCCCCCCC1CCCCC1,"undecane, 1-cyclohexyl-",0.996,0.949,3.916,1.581,0.16,0.15,579.0,626.0,426.0,491.0,74.38349262121905,93.68591753924642,68.23198512530817,87.49821197963925
CCCCCCCCCCCCCCCC(C)=O,2-heptadecanone,0.925,0.878,5.514,1.936,0.13,0.121,540.0,596.0,426.0,494.0,56.02814204134018,73.44048087068686,52.41272944195671,69.66331383956378
CCCCCCCCCCCCCCC1CC1,tetradecylcyclopropane,1.0,0.96,55.0,10.417,0.15,0.141,595.0,642.0,429.0,495.0,32.52096587111768,50.74712208861088,29.66211057026821,47.16765194465456
C=C(C)CCCCCCCCCCCCCC,2-methyl-1-hexadecene,0.915,0.867,5.137,1.845,0.112,0.104,535.0,594.0,427.0,496.0,52.469756084208655,68.33700534266596,49.24503921942591,64.95742669604248
CCCCCCCCCCCCCCOC(=O)C(C)O,tetradecyl 2-hydroxypropanoate,0.893,0.855,11.31,3.977,0.173,0.158,,,443.0,510.0,,,48.440303655879006,63.35605634515763
CCCCCCCC(CCCCCC)COC(C)=O,2-heptyloctyl ethanoate,0.8467,0.806,7.323,2.481,0.153,0.143,569.0,619.0,426.0,492.0,55.71209834408136,73.68342594918158,51.355783075991575,69.07438298902754
CCCCCCCCCCC(CCCCC)C(=O)O,2-pentyldodecanoic acid,0.867,0.829,25.375,6.273,0.157,0.147,566.0,615.0,429.0,494.0,39.18779866134621,56.686766918382254,36.24881738121982,53.29868679430264
CCCCCCCCCCCCCC1CCC1,tridecylcyclobutane,0.8655,0.8273,25.419,6.286,0.157,0.147,566.0,615.0,429.0,494.0,40.640895183553575,58.783145920833064,37.59293550650599,55.269768475758454
CCCCCCCCCC(=O)CCCCCCC,8-heptadecanone,0.85,0.809,6.824,2.225,0.15,0.141,557.0,609.0,426.0,492.0,56.77184639852433,76.31941415574671,52.647393277861426,71.87402509980342
CCCCCCCCCC1CCCCCCC1,nonylcyclooctane,0.8713,0.8333,24.102,6.0,0.15,0.141,560.0,612.0,428.0,495.0,39.74506832424227,57.63624842559163,36.85047481926991,54.29689213677114
CCCCCCCCCCCC(CCC)CC(=O)O,3-propyltetradecanoic acid,0.8673,0.8294,25.366,6.39,0.156,0.147,563.0,613.0,429.0,494.0,38.9249988133868,56.29946145289814,36.05959401569251,52.983055449693495
CCCCCCCCCCCCCCC(C)C,2-methylhexadecane,0.7619,0.722,3.413,1.371,0.138,0.129,542.0,594.0,407.7,474.6,65.01276205686482,82.14158378306837,60.00859521819324,77.11661121954099
CCCCCCCCCCCCC(=O)OCCCC,butyl tridecanoate,0.8429,0.803,4.627,1.868,0.16,0.15,579.0,626.0,426.0,491.0,65.41905405669246,82.39584870762444,60.00890474501112,76.95382215199895
CCCCCCCCCCC(CCC)CCC,4-propyltetradecane,0.7724,0.734,3.314,1.322,0.136,0.127,534.0,587.0,414.0,479.0,63.90576882858549,80.91008887367029,59.49012814480608,76.4122803239014
CCCCC(CCCC)(CCCC)CCCC,"5,5-dibutylnonane",0.764,0.719,4.319,1.613,0.118,0.11,497.0,555.0,415.0,480.0,54.88745785318086,71.01837855526432,52.1729020044425,68.17643634885727
CCCCCCCCCCCC(=O)OC(C)CCC,"dodecanoic acid, 1-methylbutyl ester",0.8436,0.7982,7.349,2.506,0.153,0.143,571.0,621.0,426.0,492.0,57.45080206167581,75.83853531587386,52.9062864699828,71.03020254473691
CCCCCCCCCCC(C)CCC(=O)OCC,ethyl 4-methyltetradecanoate,0.991,0.943,6.862,2.227,0.156,0.146,586.0,634.0,426.0,492.0,60.77215610146729,81.30633609414205,55.55817425233174,75.70881804024084
CCCCCCCCCCCCOC(=O)CCCC,dodecyl pentanoate,0.996,0.949,3.916,1.581,0.16,0.15,579.0,626.0,426.0,491.0,71.79493627608699,90.4256340038837,65.85750213435101,84.45326149632471
CCCCCCCCCCCCCCC(=O)OCC,ethyl pentadecanoate,1.0,0.949,4.0,1.581,0.161,0.15,578.0,626.0,426.0,491.0,73.3183858637043,92.52730769887287,67.28767378620253,86.4161252362156
CC(C)CCC(C)(C)CC(C)(C)CCC(C)C,"2,5,5,7,7,10-hexamethylundecane",0.7801,0.741,3.589,1.35,0.093,0.087,508.0,569.0,415.0,484.0,47.12859865413137,61.06228911323916,44.52275128725896,58.34545095358224
CCC(C)(CC(C)(CC)C(C)(C)CC)C(C)C,"3,5-diethyl-2,3,5,6,6-pentamethyloctane",0.8345,0.797,7.118,2.02,0.08,0.076,501.0,563.0,415.0,486.0,34.34257866731711,48.747177708822775,32.57057900534805,46.77160224535697
CCCCCCCCCCCCCC(C)CC,"hexadecane, 3-methyl-",0.765,0.726,3.438,1.405,0.138,0.129,545.0,596.0,406.5,473.5,64.56455298972658,81.13230275409354,59.45310556532942,76.04742987163989
CCCCCCCCCCCCC(C)C(C)C,"pentadecane, 2,3-dimethyl-",0.7694,0.7307,3.509,1.369,0.132,0.124,534.0,587.0,405.0,473.1,61.68618811546142,78.92670065147817,57.069974220222875,74.2797297368821
CCCCCCCCCCCC(C)CC(C)C,"pentadecane, 2,4-dimethyl-",0.7642,0.7248,3.324,1.352,0.13,0.121,564.0,616.0,414.0,482.2,63.22761845634926,79.28432348878098,57.960778212438846,74.00653715071762
CCCCCCC(CCCCC)CCCCC,6-pentyldodecane,0.7872,0.7482,3.176,1.337,0.137,0.128,545.0,596.0,414.0,479.0,65.67619441137296,81.81357457497184,60.78855775865131,76.9355344759912
CCCCCCCCC(C)CC(C)CC(C)C,"tetradecane, 2,4,6-trimethyl-",0.7645,0.7234,3.152,1.161,0.123,0.114,562.0,614.0,414.0,481.0,62.351673472877195,80.15982521029974,57.21494496149303,74.83976389596481
CCCCCCC(CCCC)CCCCCC,7-butyltridecane,0.7658,0.728,3.003,1.291,0.134,0.126,528.0,581.0,414.0,479.0,64.51346232397184,80.3998112463504,60.24702743978929,76.15013244842189
CCCCCCCCCCCCCC(O)CCC,4-heptadecanol,0.92,0.879,,,,,,,432.0,498.0,,,,
CCCCCCCCCCCCCCCCC,heptadecane,0.76433,0.72313,3.451,1.408,0.1465,0.1356,543.22,590.84,407.8,473.3,68.31151710076351,85.14306105733579,63.01791862690876,79.9927594627186
CCCCCCCCCCCCC(C)CCC,4-methylhexadecane,,,,,,,,,,,,,,
CCCCCCCCCCCCCC(C)(C)C,"pentadecane, 2,2-dimethyl-",0.836,0.794,5.024,1.763,0.123,0.115,518.0,574.0,409.5,477.3,53.775147497988435,70.8053027576593,50.33472180376781,67.22454931011586
CCCCCCCCCCCC(O)CCCCC,6-heptadecanol,,,,,,,,,432.0,498.0,,,,
CCCCCCCCCC(O)CCCCCCC,8-heptadecanol,,,,,,,,,432.0,498.0,,,,
CCCCCCCCCCC(O)CCCCCC,7-heptadecanol,,,,,,,,,432.0,498.0,,,,
CCCCCCCCC(O)CCCCCCCC,9-heptadecanol,,,,,,,,,432.0,498.0,,,,
CCCCCCCC(CCC)(CCC)CCC,"undecane, 4,4-dipropyl-",0.842,0.8,4.988,1.75,0.122,0.114,527.0,581.0,415.0,480.0,53.829027513312134,70.74972660749401,50.33013987586028,67.04944387005014
CCCCCCCCCCCCCCCCOC,1-methoxyhexadecane,0.92,0.877,4.022,1.596,0.161,0.151,572.0,619.0,431.0,494.0,70.61688292196578,89.42459816554941,65.2125971605402,83.92663458216587
CCCCCCCCCCCCCCCCCO,1-heptadecanol,,,,,,,,,419.4,487.4,,,,
CCCCC(CC)CCC(O)CCC(CC)CC,"3,9-diethyl-6-tridecanol",0.8339,0.7956,131.91,16.34,0.136,0.126,,,431.0,500.0,,,20.94665704699757,37.20186788415448
CCCCCCCCCCCC(=O)OC(C)CCC,"dodecanoic acid, 1-methylbutyl ester",0.792,0.753,6.818,2.258,0.154,0.144,564.0,613.0,430.0,495.0,56.28874125247552,74.92875336682683,52.153252916213866,70.55508477583575
CCCCCCCC(CCCCC)COC(C)C,2-propyl 2-pentylnonyl ether,0.8131,0.7736,5.165,1.81,0.142,0.133,533.0,588.0,430.0,496.0,57.56469893296948,75.82596679454521,54.190424151328784,72.28215801329569
CCCCCCCCCOCCCCCCCC,nonyl octyl ether,0.7945,0.756,3.776,1.587,0.16,0.149,567.0,615.0,431.0,494.0,69.19856874865859,85.8399616956183,64.06084361255533,80.70944034322895
CCCCCCCCCCCC(C)CCCC,"hexadecane, 5-methyl-",,,,,,,,,,,,,,
CCCCCCCCCCCCCCOCC(O)CO,"3-tetradecyloxy-1,2-propanediol",,,,,,,,,465.0,531.0,,,,
O=C1c2ccccc2C(=O)c2cc3ccccc3cc21,"5,12-naphthacenedione",,,,,,,,,270.0,319.0,,,,
O=C1c2ccccc2C(=O)c2c1ccc1ccccc21,"benz[.alpha.]anthracene-7,12-dione",,,,,,,,,270.0,319.0,,,,
c1ccc2cc3c(ccc4ccccc43)cc2c1,benz[a]anthracene,,,,,,,,,252.5,301.5,,,,
CCCCCCCCCCCCCCCOCC,ethyl pentadecyl ether,0.919,0.875,3.808,1.486,0.161,0.151,571.0,618.0,431.0,494.0,72.14111383216964,91.78935057013554,66.65297863310921,86.18518730878914
c1ccc2c(c1)c1ccccc1c1ccccc21,triphenylene,,,,,,,,,236.0,287.9,,,,
C1=Cc2c3ccccc3c3c4c(ccc1c24)C=C3,cyclopent[fg]aceanthrylene,,,,,0.381,0.367,387.0,414.0,235.9,281.6,,,,
O=C1OC(=O)C2C3c4ccccc4C(c4ccccc43)C12,"17-oxapentacyclo[6.6.5.0(2,7).0(9,14).0(15,19)]nonadeca-2,4,6,9,11,13-hexaene-16,18-dione",,,,,,,,,282.0,335.0,,,,
c1ccc(-c2ccccc2-c2ccccc2)cc1,"1,1':2',1''-terphenyl",,,,,,,,,254.4,304.6,,,,
C(C#CCc1ccccc1)#CCc1ccccc1,"1,6-diphenyl-2,4-hexadiyne",,,,,,,,,288.0,334.0,,,,
c1ccc2c(c1)Cc1cc3ccccc3cc1C2,"5,12-dihydrotetracene",,,,,,,,,259.0,308.0,,,,
C1=CC(=C(c2ccccc2)c2ccccc2)C=C1,"5-(diphenylmethylene)-1,3-cyclopentadiene",,,,,,,,,267.0,317.0,,,,
c1ccc(-c2cccc(-c3ccccc3)c2)cc1,m-terphenyl,,,,,,,,,255.5,305.1,,,,
c1ccc(-c2ccc(-c3ccccc3)cc2)cc1,"1,1':4',1''-terphenyl",,,,,,,,,255.3,305.4,,,,
CCCCCCCCCCCCCCCCC,heptadecane,,,,,,,,,229.1,275.7,,,,
C#CC(=O)Oc1ccc(-c2ccc(OC(=O)C#C)cc2)cc1,"2-Propynoic acid, [1,1'-biphenyl]-4,4'-diyl ester",,,,,,,,,,,,,,
O=C1c2ccccc2C(=O)c2c1c(O)c1ccccc1c2O,"6,11-dihydroxy-5,12-naphthacenedione",,,,,,,,,307.0,357.0,,,,
c1ccc2c(c1)ccc1ccc3ccccc3c12,benzo[c]phenanthrene,,,,,,,,,251.4,300.5,,,,
CC(=O)c1ccc2ccc3cccc4ccc1c2c34,1-acetylpyrene,,,,,,,,,271.0,317.0,,,,
c1ccc(-c2cccc(-c3ccccc3)c2)cc1,terphenyl,1.219,1.172,18.868,5.631,0.289,0.275,374.0,411.0,266.0,316.0,65.28042393939705,90.89311640087146,59.31347773202802,84.41493024520521
C1=Cc2cc3cccc4ccc5ccc1c2c5c43,"cyclopenta[c,d]pyrene",,,,,,,,,232.6,278.7,,,,
O=C(C=Cc1ccccc1)OC(=O)C=Cc1ccccc1,"3-phenyl-2-propenoic acid, anhydride",,,,,,,,,317.0,369.0,,,,
CCc1ccc2ccc3cccc4ccc1c2c34,1-ethylpyrene,,,,,,,,,264.0,313.0,,,,
Cc1c(C)c2cccc3ccc4cccc1c4c32,"4,5-dimethylpyrene",,,,,,,,,266.0,314.0,,,,
c1ccc2cc3cc4ccccc4cc3cc2c1,"2,3-benzanthracene",,,,,,,,,246.0,295.1,,,,
[2H]c1c([2H])c([2H])c2c(c1[2H])c([2H])c([2H])c1c3c([2H])c([2H])c([2H])c([2H])c3c([2H])c([2H])c21,chrysene,,,,,,,,,246.6,296.6,,,,
c1ccc(-c2ccc3c4ccccc4cc-3o2)cc1,"indeno[2,1-b]pyran, 2-phenyl-",,,,,,,,,263.0,312.0,,,,
C(=CC=Cc1ccccc1)C=Cc1ccccc1,"1,6-diphenyl-1,3,5-hexatriene",,,,,,,,,288.0,338.0,,,,
Oc1c(-c2ccccc2)cccc1-c1ccccc1,"1,1':3',1''-terphenyl-2'-ol",,,,,,,,,287.0,338.0,,,,
c1ccc(C(=C2CCCC2)c2ccccc2)cc1,(cyclopentylidenephenylmethyl)benzene,,,,,,,,,285.0,339.0,,,,
C1=C(CCc2ccccc2)c2ccccc2CC1,"1,2-dihydro-4-(2-phenylethyl)naphthalene",,,,,,,,,289.0,342.0,,,,
Cc1ccc(-c2ccc3cccc(C)c3c2)cc1,1-methyl-7-(4-methylphenyl)naphthalene,1.0374,0.999,20.243,5.706,0.259,0.246,403.0,439.0,282.0,332.0,56.931265653986934,80.24709436194013,51.49126999566762,74.18228209552953
Cc1ccccc1-c1c(C)ccc2ccccc12,2-methyl-1-(2-methylphenyl)naphthalene,1.103,1.063,18.132,5.08,0.256,0.244,395.0,433.0,282.0,332.0,58.57418589212596,83.05845810011878,53.27685406329043,77.07898059797874
Cc1cc2ccc3cccc4ccc(c1C)c2c34,"pyrene, 1,2-dimethyl-",,,,,,,,,266.0,314.0,,,,
Cc1cc(C)c2ccc3cccc4ccc1c2c43,"pyrene, 1,3-dimethyl-",,,,,,,,,266.0,314.0,,,,
Cc1ccc2ccc3c(C)ccc4ccc1c2c43,"pyrene, 1,6-dimethyl-",,,,,,,,,266.0,314.0,,,,
Cc1ccc2ccc3ccc(C)c4ccc1c2c34,"pyrene, 1,8-dimethyl-",,,,,,,,,266.0,314.0,,,,
c1ccc2c(c1)CCC2C1CCc2ccccc21,"1,1'-biindanyl",1.0576,1.022,4.444,1.957,0.128,0.122,368.0,413.0,275.0,329.0,50.02603144709679,62.87806323231408,46.090067817987816,58.98201600842451
Cc1cc2ccc3cc(C)cc4ccc(c1)c2c34,"pyrene, 2,7-dimethyl-",,,,,,,,,266.0,314.0,,,,
Cc1c(C)c(C)c2c(ccc3ccccc32)c1C,"1,2,3,4-tetramethylphenanthrene",1.115,1.077,17.04,4.364,0.227,0.217,429.0,465.0,298.0,349.0,55.02169446207865,79.93351025574857,49.661605961049226,73.73457175709672
Cc1cc(C(C)C)cc2c1ccc1ccccc12,1-methyl-3-(1-methylethyl)phenanthrene,,,,,,,,,295.0,348.0,,,,
Cc1cc2cc3c(C)cccc3cc2c(C)c1C,"1,2,3,5-tetramethylanthracene",1.128,1.089,15.957,4.224,0.229,0.219,439.0,473.0,298.0,349.0,57.18505333963794,82.19268607882356,51.28074147477811,75.45560875999607
Cc1cc2cccc3cc(C)c4cccc1c4c23,"pyrene, 4,10-dimethyl-",,,,,,,,,266.0,314.0,,,,
CCc1cc2cccc3ccc4cccc1c4c32,"pyrene, 4-ethyl-",,,,,,,,,264.0,313.0,,,,
Cc1ccc(C)c2cc3c(C)ccc(C)c3cc12,"1,4,5,8-tetramethylanthracene",1.128,1.089,15.957,4.224,0.229,0.219,439.0,473.0,298.0,349.0,57.18505333963794,82.19268607882356,51.28074147477811,75.45560875999607
C(=C/c1ccccc1)\CC/C=C/c1ccccc1,"1,6-diphenyl-1,5-hexadiene",0.9788,0.9432,16.347,4.665,0.176,0.168,397.0,439.0,300.0,352.0,44.538921084525775,63.05175469524371,41.16367416385464,59.253547819894195
Cc1cccc2c1ccc1cc(C(C)C)ccc12,1-methyl-7-(1-methylethyl)phenanthrene,,,,,,,,,295.0,348.0,,,,
C(#CC1=CCCc2ccccc21)C1=CCCCC1,"1-[2-(1-cyclohexenyl)ethynyl]-3,4-dihydronaphthalene",1.0321,0.9941,49.414,10.059,0.168,0.16,388.0,429.0,289.0,341.0,31.93364359852329,49.63098987200784,29.394134205548166,46.527156086893285
Cc1cc2c(C)c3ccccc3c(C)c2cc1C,"2,3,9,10-tetramethylanthracene",,,,,,,,,298.0,349.0,,,,
CC(=O)C(C(C)=O)C(c1ccccc1)c1ccccc1,"2,4-pentanedione, 3-(diphenylmethyl)-",,,,,,,,,335.0,390.0,,,,
O=C(CCCCC(=O)c1ccccc1)c1ccccc1,"1,4-dibenzoylbutane",,,,,,,,,335.0,387.0,,,,
O=C(O)C1(O)c2ccccc2-c2ccccc21,butyl flurenol,,,,,,,,,334.0,391.0,,,,
CCC(=C(CC)c1ccc(O)cc1)c1ccc(O)cc1,"(E)-4,4'-(1,2-diethyl-1,2-ethenediyl)bisphenol",,,,,,,,,350.0,406.0,,,,
Cc1cc(C)c(C(=O)c2c(C)cc(C)cc2O)c(C)c1,"methanone, (2-hydroxy-4,6-dimethylphenyl)(2,4,6-trimethylphenyl)-",,,,,,,,,355.0,409.0,,,,
Cc1cc(C)c2c(ccc3cc(C)cc(C)c32)c1,"2,4,5,7-tetramethylphenanthrene",1.131,1.092,16.799,4.304,0.229,0.219,441.0,475.0,298.0,349.0,56.43594383082814,81.85713029419794,50.54430769812235,75.05841608701493
CC(C)(C)c1ccc2cc3ccccc3cc2c1,2-(tert-butyl)anthracene,1.099,1.058,63.694,11.342,0.25,0.238,420.0,459.0,295.0,348.0,41.330428216797976,66.46191962981435,37.420605685001526,61.48245686963054
CCC(c1ccccc1)c1c(O)c2ccccc2oc1=O,4-hydroxy-3-(1-phenylpropyl)-2H-1-benzopyran-2-one,,,,,,,,,328.0,384.0,,,,
Cc1ccc2ccc3ccc(C)c(C)c3c2c1C,"3,4,5,6-tetramethylphenanthrene",1.122,1.083,16.934,4.247,0.228,0.218,434.0,469.0,298.0,349.0,55.88011067142932,81.60255327152151,50.272262578611546,75.09302847174575
CCc1cc2c(ccc3c(C)cccc32)cc1C,"6-ethyl-1,7-dimethylphenanthrene",1.124,1.084,16.904,4.336,0.242,0.231,434.0,469.0,296.0,348.0,58.77155874224324,85.1809196565188,52.773476742918504,78.32269908185162
O=C(/C=C/c1ccccc1)OOC(=O)/C=C/c1ccccc1,dicinnamoyl peroxide,,,,,,,,,322.0,377.0,,,,
CC(C)Cc1c2ccccc2cc2ccccc12,9-(2-methylpropyl)anthracene,1.101,1.06,27.248,6.132,0.26,0.248,417.0,456.0,294.0,347.0,53.87276868860541,81.23628593104978,48.82824641924107,75.22772539011741
CC(C)Cc1cc2ccccc2c2ccccc12,9-isobutylphenanthrene,1.096,1.056,27.372,6.25,0.259,0.247,414.0,454.0,294.0,347.0,53.17568532943229,79.91103387047895,48.29442547044815,74.09205140270507
Cc1c(C)c(C)c2cc3ccccc3cc2c1C,"anthracene, 1,2,3,4-tetramethyl-",1.126,1.087,15.986,4.232,0.228,0.218,436.0,471.0,298.0,349.0,56.86656567939462,81.78164732911789,51.09359798076516,75.16780452952769
CC(CCC(C)c1ccccc1)c1ccccc1,"1,1'-(1,4-dimethyl-1,4-butanediyl)bisbenzene",0.9477,0.9082,15.828,4.184,0.148,0.14,412.0,462.0,323.0,381.0,41.09084084732105,59.284090380636336,38.37188295145792,56.15501772123479
CCCCCC(c1ccccc1)c1ccccc1,"1,1-diphenylhexane",0.9435,0.903,8.691,2.658,0.159,0.15,438.0,483.0,323.0,380.0,52.4675381610072,72.17454056781418,48.159579837080265,67.46566816540016
c1ccc(CCCCCCc2ccccc2)cc1,"1,6-diphenylhexane",0.9378,0.8959,5.374,1.797,0.171,0.161,495.0,530.0,323.0,379.0,66.13417625131501,87.8601861244891,58.65056167318398,79.95111532906013
[2H]c1c([2H])c([2H])c2c(c1[2H])c([2H])c([2H])c1c3c([2H])c([2H])c([2H])c([2H])c3c([2H])c([2H])c21,chrysene,,,,,,,,,299.0,354.0,,,,
CC(C)c1cccc(-c2cccc(C(C)C)c2)c1,"1,1'-biphenyl, 3,3'-bis(1-methylethyl)-",0.982,0.94,10.081,3.191,0.187,0.177,423.0,471.0,325.0,383.0,56.56915554033305,77.46182276835754,52.52704140498536,73.08373701552941
O=C(CCCCC(=O)c1ccccc1)c1ccccc1,"1,4-dibenzoylbutane",0.982,0.941,10.081,3.188,0.187,0.177,423.0,471.0,325.0,383.0,54.460727100002785,74.59442325964662,50.56926941905366,70.37840083670287
CC(C)c1cc(-c2ccccc2)cc(C(C)C)c1,"1,1'-biphenyl, 3,5-bis(1-methylethyl)-",0.982,0.94,10.081,3.191,0.187,0.177,423.0,471.0,325.0,383.0,56.56915554033305,77.46182276835754,52.52704140498536,73.08373701552941
CCc1ccc(C(C)c2ccc(CC)cc2)cc1,"1,1-(4,4'-diethyl)diphenylethane",0.9519,0.912,6.093,1.974,0.129,0.122,426.0,472.0,325.0,382.0,49.29439483258662,66.9271522866935,45.6811899722597,63.060423954425566
CCC1(CC)CCCc2c1ccc1ccccc21,"1,1-diethyl-1,2,3,4-tetrahydrophenanthrene",1.0179,0.9797,14.736,4.491,0.177,0.168,411.0,457.0,312.0,369.0,47.200267406335655,65.43011138318221,43.67937765268013,61.60950923454047
CC(C)(C)c1ccc2cc3ccccc3cc2c1,2-(tert-butyl)anthracene,0.9485,0.9089,6.115,1.98,0.129,0.122,426.0,472.0,325.0,382.0,49.37638461845761,67.0492066371438,45.75717003037539,63.175426592695715
CCC(c1ccccc1)c1c(O)c2ccccc2oc1=O,4-hydroxy-3-(1-phenylpropyl)-2H-1-benzopyran-2-one,0.9387,0.899,21.306,5.339,0.159,0.151,442.0,486.0,323.0,380.0,38.83409853134008,56.723949309170926,35.55450309290101,52.93084210055446
CCCC(Cc1ccccc1)Cc1ccccc1,"1,3-diphenyl-2-propylpropane",0.9407,0.9009,6.697,1.931,0.158,0.149,435.0,479.0,323.0,380.0,55.82027678567074,78.01660271526552,51.33618923328341,73.09737487597964
Cc1cc(C)c(-c2c(C)cc(C)cc2C)c(C)c1,"2,2',4,4',6,6'-hexamethyl-1,1'-biphenyl",,,,,,,,,330.0,384.0,,,,
CCC(c1ccc(C)cc1)c1ccc(C)cc1C,"1-(2,4-dimethylphenyl)-1-(4-methylphenyl)propane",0.951,0.9135,7.992,2.408,0.116,0.11,430.0,475.0,326.0,382.0,41.69286821829711,57.8363652094738,38.56871834762049,54.397820925446446
CCc1ccc(CCC(C)c2ccccc2)cc1,1-(4-ethylphenyl)-3-phenylbutane,0.9591,0.9186,7.924,2.504,0.143,0.135,431.0,476.0,324.0,381.0,49.6713101053212,67.76510364553342,45.83987979852797,63.651620789976555
CCCCc1c2ccccc2cc2ccccc12,9-butylanthracene,,,,,,,,,294.0,346.0,,,,
Cc1cc(C)c(-c2cc(C)c(C)cc2C)cc1C,"2,2'-4,4'-5,5'-hexamethyl-1,1'-biphenyl",,,,,,,,,330.0,384.0,,,,
CCCc1ccc(C(C)c2ccc(C)cc2)cc1,1-(4-methylphenyl)-1-(4-propylphenyl)ethane,0.992,0.95,6.25,2.0,0.129,0.122,430.0,475.0,325.0,382.0,49.78489631884961,67.77103831068919,46.01460728916594,63.741848102040905
CC1(C)C(=O)OC1(Cc1ccccc1)c1ccccc1,"3,3-dimethyl-4-phenyl-4-(phenylmethyl)-2-oxetanone",,,,,,,,,,,,,,
c1ccc(C2(C3(c4ccccc4)OCCO3)OCCO2)cc1,"2,2'-bi-1,3-dioxolane, 2,2'-diphenyl-",,,,,,,,,,,,,,
CCCCC(O)C(c1ccccc1)c1ccccc1,"1,1-diphenyl-2-hexanol",,,,,,,,,340.0,399.0,,,,
CC(C)c1ccccc1-c1ccccc1C(C)C,"2,2'-diisopropyl-1,1'-biphenyl",,,,,,,,,325.0,383.0,,,,
OC(CCCc1ccccc1)CCc1ccccc1,"1,6-diphenyl-3-hexanol",1.11,1.068,198.198,29.026,0.183,0.17,,,340.0,398.0,,,22.2495727870804,37.8665548440088
CC(C)(OOC(C)(C)c1ccccc1)c1ccccc1,bis(dimethylphenylmethyl) peroxide,1.083,1.039,,,,,472.0,518.0,356.0,414.0,,,,
CCC(C)(c1ccc(C)cc1)c1ccc(C)cc1,"2,2-bis(4-methylphenyl)butane",0.974,0.934,13.347,3.426,0.117,0.111,417.0,465.0,326.0,383.0,36.662462529842166,53.3623640331193,34.209401072657,50.52826205337956
CCCCc1ccc(CCCC)c2ccccc12,"1,4-dibutylnaphthalene",0.9289,0.888,4.952,1.914,0.2,0.188,477.0,518.0,339.0,395.0,74.26902493917072,94.99483199621514,67.46611111961204,88.02008438632066
CCCCCCCC(=O)c1cccc2ccccc12,1'-octanonaphthone,0.9964,0.958,16.058,5.219,0.251,0.239,517.0,550.0,344.0,399.0,62.11676337677203,83.71065119683287,55.39082308720194,76.48396100211889
CC(C)CC(C)(C)Cc1cccc2ccccc12,"1-(2,2,4,4-tetramethylbutyl)naphthalene",0.9452,0.9078,9.628,2.974,0.18,0.17,422.0,473.0,338.0,397.0,53.80208353930934,74.2017790226666,50.545555031087495,70.63430047281625
CCCCCCOC(=O)Cc1cccc2ccccc12,"1-naphthaleneacetic acid, hexyl ester",1.025,0.985,9.366,3.249,0.234,0.222,514.0,552.0,349.0,407.0,68.23479286221773,90.28816992633358,61.19398627290478,82.87094572273702
CCCCCCCOC(=O)c1cccc2ccccc12,"1-naphthalenecarboxylic acid, heptyl ester",1.0192,0.978,10.793,3.681,0.238,0.226,533.0,568.0,349.0,407.0,67.61096562767689,89.75435859497121,60.018559441639184,81.7214884576146
CC12CCC3c4ccc(O)cc4CCC3C1CCC2=O,estrovarin,,,,,,,,,327.0,389.0,,,,
CCCCCCOC(=O)Cc1ccc2ccccc2c1,"2-naphthaleneacetic acid, hexyl ester",1.016,0.976,9.449,3.279,0.234,0.222,515.0,553.0,349.0,407.0,68.10287867533073,90.10089406009962,61.04229997814376,82.65695996111535
CCCCCCCOC(=O)c1ccc2ccccc2c1,"2-naphthoic acid, heptyl ester",1.013,0.974,10.859,3.696,0.239,0.227,534.0,569.0,349.0,407.0,66.69694534941212,88.60282318988297,59.17596940264023,80.63310558854631
CCC(C)(CC(C)C)c1cccc2ccccc12,"(1,3-dimethyl-1-ethylbutyl)naphthalene",0.9606,0.9239,13.533,3.897,0.184,0.175,441.0,489.0,338.0,397.0,50.01943985264623,70.50118212259,46.41330732238631,66.48651763938858
c1ccc2c(c1)C1CCCCC1C1CCCCC21,"1,2,3,4,4a,4b,5,6,7,8,8a,12b-dodecahydrotriphenylene",0.935,0.902,7.166,2.55,0.122,0.116,398.0,449.0,300.0,362.0,41.979454949241514,56.008680559721746,38.77072268255828,52.716087108012665
C=C(C)CCCC(C)C=CC=Cc1ccccc1,"(5,9-dimethyl-1,3,9-decatrienyl)benzene",0.9151,0.8767,5.245,1.825,0.152,0.144,462.0,507.0,348.0,406.0,58.41400875362122,77.61886021665428,53.93857454507489,72.91668151279036
CC(C)Cc1ccc(CC(C)C)c2ccccc12,"1,4-bis(2-methylpropyl)naphthalene",0.9199,0.882,9.458,2.948,0.185,0.175,462.0,507.0,338.0,397.0,56.78233447039452,77.7387557220689,52.00363765536144,72.57024941043916
CCCCc1ccc(CC(C)C)c2ccccc12,1-butyl-4-isobutylnaphthalene,,,,,,,,,338.0,396.0,,,,
CCCCC(C)(CC)c1cccc2ccccc12,1-(1-ethyl-methylpentyl)naphthalene,0.9493,0.9122,11.587,3.508,0.203,0.193,453.0,498.0,337.0,395.0,56.673747882718686,78.55151080323404,52.14873773360818,73.59472575037027
CCCCCCC(C)c1cccc2ccccc12,1-(1-methylheptyl)naphthalene,0.9282,0.8914,11.851,3.478,0.205,0.194,458.0,503.0,337.0,395.0,56.75954952319478,79.0761341226257,52.06666634494172,73.87833823155566
CCCC(C)(CCC)c1cccc2ccccc12,1-(1-methyl-1-propylbutyl)naphthalene,0.991,0.953,26.236,6.086,0.191,0.182,448.0,494.0,338.0,396.0,43.26081347451615,64.78485882060957,39.96450554419657,60.87791665916741
CCCCC(CC)Cc1cccc2ccccc12,1-(2-ethylhexyl)naphthalene,0.935,0.8981,11.765,3.563,0.205,0.195,462.0,506.0,337.0,395.0,57.05879093391835,79.02389144129829,52.21329106731291,73.70613441349703
Cc1ccccc1-c1ccc(C(C)C)c(C)c1C,"2,2',3-trimethyl-4-(1-methylethyl)-1,1'-biphenyl",,,,,,,,,,,,,,
CCC(CCCc1ccccc1)c1ccccc1,"1,4-diphenylhexane",,,,,,,,,,,,,,
CC(C)(C)c1ccc2cc(C(C)(C)C)ccc2c1,"2,6-bis(1,1-dimethylethyl)naphthalene",,,,,,,,,339.0,399.0,,,,
CCCCCCOC(=O)Cc1ccc2ccccc2c1,"2-naphthaleneacetic acid, hexyl ester",0.9249,0.8883,3.784,1.418,0.216,0.204,480.0,519.0,334.0,389.4,79.52979652875096,102.83565246705916,71.81688968989565,94.85178540726668
CC12CCC3c4ccc(O)cc4CCC3C1CCC2O,"(17.beta.)-estra-1,3,5(10)-triene-3,17diol",,,,,,,,,339.0,402.0,,,,
C=C(C)C1CC(=C)C(C)C(Cc2ccccc2)C1,1-methylene-2-methyl-3-(phenylmethyl)-5-(1-methylethenyl)cyclohexane,0.9322,0.8897,5.042,1.686,0.115,0.108,434.0,483.0,334.0,393.0,48.8683072987902,65.5120248906103,45.39743509506083,61.82004539752808
CCCCCCCCc1cccc2ccccc12,1-octylnaphthalene,0.9292,0.8926,6.027,2.241,0.208,0.197,446.0,490.0,336.7,392.7,68.74942170897475,89.67414401216841,63.522070037091574,84.26057413714
CCCCc1cc2ccccc2cc1CCCC,"2,3-dibutylnaphthalene",0.9377,0.899,5.972,2.225,0.199,0.188,471.0,512.0,339.0,395.0,68.87495892169402,89.3569461756686,62.78931523407427,83.06794010300247
c1cc(C2CCCCC2)ccc1C1CCCCC1,"1,4-dicyclohexylbenzene",,,,,,,,,318.0,381.0,,,,
Cc1cc2cccc(CCCC(C)C)c2cc1C,"2,3-dimethyl-5-(4-methylpentyl)naphthalene",0.9354,0.897,8.125,2.453,0.178,0.168,467.0,511.0,340.0,397.0,58.029526161027114,79.96746036350434,53.07319161787075,74.48593506640849
CCCCCCCCC1CCc2ccccc2C1,"1,2,3,4-tetrahydro-2-ocytlnaphthalene",0.859,0.823,12.806,4.131,0.138,0.13,480.0,527.0,355.0,416.0,41.88503906376827,56.63047041402561,38.47733641435589,52.98534873094264
CCCCC(CCC)c1ccc2ccccc2c1,2-(1-propylpentyl)naphthalene,0.9245,0.8882,11.898,3.49,0.204,0.194,457.0,501.0,337.0,395.0,56.24589171989374,78.60798560620874,51.62721173954939,73.52331462847944
CCCCCC(CC)c1ccc2ccccc2c1,2-(1-ethylhexyl)naphthalene,0.927,0.8905,11.866,3.481,0.204,0.194,457.0,501.0,337.0,395.0,56.37558608567006,78.78678289488334,51.74625614045792,73.69054661144611
CCCCCCCOC(=O)c1ccc2ccccc2c1,"2-naphthoic acid, heptyl ester",0.9446,0.904,9.104,2.434,0.12,0.114,422.0,470.0,327.0,385.0,40.43426181017088,58.21839965879904,37.63495570063008,55.04137048025678
C=CC(OC(C=C)C1CC=CCC1)C1CC=CCC1,bis[1-(3-cyclohexen-1-yl)allyl] ether,0.945,0.905,14.815,4.53,0.169,0.16,498.0,544.0,353.0,416.0,47.651842207513134,65.54655332613522,43.255178197853304,60.78225990760322
CC(C)=CCCC(C)CC=CCc1ccccc1,"(5,9-dimethyl-2,8-decadienyl)benzene",0.8722,0.832,5.847,2.043,0.157,0.147,527.0,566.0,358.0,418.0,60.81390905537207,79.55043016322941,54.54624887045687,73.04864397085835
CC(C)Cc1ccc(CC(C)C)c2ccccc12,"1,4-bis(2-methylpropyl)naphthalene",0.9184,0.881,13.066,3.973,0.18,0.17,479.0,522.0,346.0,405.0,51.16522086331344,70.31943170871472,46.69158102515457,65.47443174188031
Cc1ccc2c(c1)CCC1C2CCCC1C(C)C,"1-(1-methylethyl)-7-methyl-1,2,3,4,4a,9,10,10a-octahydrophenanthrene",0.9471,0.91,16.894,3.956,0.107,0.101,435.0,486.0,328.0,391.0,31.729474908441237,47.24406375365359,29.306986837386816,44.440177633832946
CCCCCCCC1=Cc2ccccc2C1CC,"1H-indene, 1-ethyl-2-heptyl-",0.979,0.938,3.779,1.493,0.162,0.153,462.0,508.0,349.0,408.0,68.14534781214925,87.22566179732408,62.975150981675625,82.009377398469
CCCCCC1C(CCCC)=Cc2ccccc21,"1H-indene, 2-butyl-1-pentyl-",0.979,0.938,3.779,1.493,0.162,0.153,462.0,508.0,349.0,408.0,68.14534781214925,87.22566179732408,62.975150981675625,82.009377398469
c1cc2c(cc1CCC1CCCCC1)CCCC2,"6-(2-cyclohexylethyl)-1,2,3,4-tetrahydronaphthalene",0.9586,0.921,17.734,5.212,0.124,0.118,437.0,486.0,323.0,385.0,34.97474952083734,49.074217895759375,32.12372165570367,45.961342702826045
CC(C)CC1CCC(CC(C)C)c2ccccc21,"1,4-bis(2-methylpropyl)-1,2,3,4-tetrahydronaphthalene",0.9009,0.8625,16.65,4.29,0.118,0.112,467.0,519.0,354.0,418.0,35.12781801641285,51.04273024742982,32.4942826092086,48.02796735925189
CCCCC(=Cc1ccc(C)cc1C)CCCC,"1-(2-butyl-1-hexenyl)-2,4-dimethylbenzene",0.881,0.8419,2.043,1.021,0.12,0.113,498.0,544.0,372.0,432.0,65.65400058658493,78.34910091635315,60.481744550544995,73.42967814843296
CCCCCCCCCCCC(=O)c1ccccc1,dodecanophenone,,,,,,,,,387.0,447.0,,,,
O=C(O)CCCCCCCCCCCc1ccccc1,12-phenyldodecanoic acid,,,,,,,,,395.0,457.0,,,,
CCCCCCCCC1CCCc2ccccc21,"1-octyl-1,2,3,4-tetrahydronaphthalene",0.9024,0.864,14.406,4.398,0.142,0.134,504.0,548.0,355.0,416.0,42.70115712567655,58.54853828814402,38.69235552230331,54.18112768058114
CC1C(C)(C)c2ccc(C(C)(C)C)cc2C1(C)C,"5-(1,1-dimethylethyl)-1,1,2,3,3-pentamethylindan",0.944,0.903,9.958,2.658,0.07,0.066,458.0,511.0,361.0,423.0,28.254387042182213,40.50009093931435,26.424769455978243,38.40314079427662
CCCCCCCCc1ccc2c(c1)CCCC2,"6-octyl-1,2,3,4-tetrahydronaphthalene",0.8981,0.861,6.792,2.555,0.13,0.123,487.0,533.0,355.0,416.0,48.56675724120041,63.027658838837624,44.434105916800064,58.78327327525563
CCCCc1cc2c(cc1CCCC)CCCC2,"6,7-dibutyl-1,2,3,4-tetrahydronaphthalene",0.9106,0.873,6.809,2.52,0.116,0.109,488.0,534.0,356.0,417.0,44.91119804398935,58.25917589928372,41.09841080538149,54.34395647108893
CCCCCCC[C@H]1Cc2ccccc2[C@H]1CC,"cis-2,3-dihydro-1-ethyl-2-heptyl-1H-indene",0.893,0.855,8.959,2.69,0.133,0.126,492.0,537.0,357.0,418.0,46.111225494530096,63.76818784330889,42.13300650280976,59.42910596893789
CCCCC[C@@H]1c2ccccc2C[C@@H]1CCCC,"cis-2-butyl-2,3-dihydro-1-pentyl-1H-indene",0.891,0.853,8.979,2.696,0.133,0.126,492.0,537.0,357.0,418.0,46.08231028490722,63.72823453033926,42.106585935973705,59.39187126381947
CC(C)(C)c1ccc(C(C)(C)C)c(C(C)(C)C)c1,"1,2,4-tris(1,1-dimethylethyl)benzene",,,,,,,,,384.0,450.0,,,,
CC(C)(C)c1cc(C(C)(C)C)cc(C(C)(C)C)c1,"1,3,5-tri-tert-butylbenzene",,,,,,,,,384.0,450.0,,,,
CCCCCCCCC1CCc2ccccc2C1,"1,2,3,4-tetrahydro-2-ocytlnaphthalene",0.8615,0.824,4.759,1.82,0.147,0.138,512.0,555.0,372.0,432.0,59.64590398626405,76.40817354181497,54.52010882669229,71.20849061778337
CCCCCCCCCCCOc1ccc(C(=O)O)cc1,4-undecyloxybenzoic acid,1.095,1.052,136.986,17.11,0.176,0.167,548.0,593.0,413.0,473.0,26.57267481255908,46.97066873498769,24.540479896776738,44.076276319855246
CCCCCCc1ccc(CCCCCC)cc1,"1,4-di-n-hexylbenzene",0.8444,0.806,4.619,1.861,0.142,0.133,517.0,563.0,382.0,443.0,59.089217480229536,74.56612741277364,54.2672448336166,69.70387871200836
CC(C)CCCC(C)CCC(C)c1ccccc1,"(1,4,8-trimethylnonyl)benzene",0.8426,0.803,4.866,1.743,0.138,0.13,515.0,565.0,380.0,446.0,57.47927740883792,75.44243556522224,52.76829380316188,70.58661700076786
CCCCCCC(C)CC(C)(C)c1ccccc1,"(1,1,3-trimethylnonyl)benzene",0.8516,0.8137,5.636,2.089,0.127,0.12,479.0,534.0,381.0,446.0,50.28331137611132,65.80458095393227,47.14761037402761,62.55422790109906
CCCCCCC(Cc1ccccc1)CC(C)C,(2-hexyl-4-methylpentyl)benzene,0.8531,0.8134,4.572,1.721,0.141,0.132,496.0,547.0,380.0,445.0,58.823836435697515,75.90766182630485,54.57672552972924,71.62645386273904
CCCCCCCCC(C)CCc1ccccc1,(3-methylundecyl)benzene,0.8488,0.8098,4.83,1.729,0.146,0.137,491.0,542.0,381.0,443.0,58.92674489524709,77.27312882708353,54.86879509687388,73.01092761977326
CCC1CCC2CCC3CCCC4CCC1C2C34,3-ethylperhydropyrene,1.021,0.98,15.377,3.571,0.1023,0.0975,451.0,498.0,330.0,398.0,32.62460611896764,48.86784971301214,29.880192231242905,45.881723529682745
CCCC(CC)c1ccc(C(CC)CCC)cc1,"1,4-bis(1-ethylbutyl)benzene",0.9026,0.8607,6.758,2.208,0.13,0.122,515.0,564.0,381.0,445.0,51.00844609185794,68.4829047437897,46.86244196838567,64.06650490470346
CCCCCCCCC(CCC)c1ccccc1,4-phenyldodecane,0.841,0.805,5.113,1.863,0.148,0.139,507.0,556.0,381.0,443.0,57.77526031294338,75.29566570406952,53.313521234404355,70.63400091423867
CC(C)(C)c1cc(C(C)(C)C)c(O)c(C(C)(C)C)c1,"2,4,6-tris(1,1-dimethylethyl)phenol",,,,,,,,,405.0,472.0,,,,
Cc1ccc(C)c(CCC(C)CCCC(C)C)c1,"1,4-dimethyl-2-(3,7-dimethyloctyl)benzene",0.8457,0.8049,3.193,1.292,0.112,0.105,491.0,543.0,383.0,446.0,55.41667299511721,70.1983952565942,51.67649388411919,66.41801438618127
CC(C)(C)CC(C)(C)c1ccc(C(C)(C)C)cc1,"1-(1,1-dimethylethyl)-4-(1,1,3,3-tetramethylbutyl)benzene",,,,,,,,,383.0,450.0,,,,
CCCCCCCCC(C)(C)c1ccc(C)cc1,"1-(1,1-dimethylnonyl)-4-methylbenzene",0.8535,0.816,17.575,4.534,0.124,0.117,513.0,561.0,382.0,445.0,36.48402984394329,52.530781404840326,33.58004018264226,49.21690268992776
CC(CC(C)(C)C)c1ccc(CC(C)(C)C)cc1,"1-(2,2-dimethylpropyl)-4-(1,3,3-trimethylbutyl)benzene",0.8367,0.798,6.573,2.256,0.097,0.091,479.0,535.0,382.0,449.0,39.90948229594659,53.12469609285841,37.44830266869969,50.56935745920225
CCCCCCCCCCc1c(C)cccc1C,"1-decyl-2,6-dimethylbenzene",0.8556,0.817,2.104,1.053,0.128,0.121,524.0,569.0,383.0,444.0,68.77848792591472,82.13485944922711,62.973603857776,76.59902950873898
CC/C=C/C/C=C/C/C=C/CCCCCCCC(=O)O,"9,12,15-octadecatrienoic acid",0.997,0.955,14.042,4.188,0.187,0.176,547.0,594.0,418.0,480.0,53.02997912650635,73.02480934277794,49.16573198124786,68.7760872795858
CCCC(C)c1ccc(CC)c(C(C)CCC)c1,"1-ethyl-2,4-bis(1-methylbutyl)benzene",0.8543,0.8151,2.926,1.202,0.11,0.103,476.0,530.0,383.0,446.0,54.9549537483457,69.39015275498478,51.69515311643802,66.1023557607669
CCCCCCCCCCC(C)c1ccccc1,2-phenyldodecane,0.8414,0.8004,4.058,1.382,0.15,0.14,514.0,562.0,381.0,443.0,64.82273020022474,85.64320577557896,59.586460544793475,80.09869822876837
CCCCCCCCCC(CC)c1ccccc1,3-phenyldodecane,0.84,0.797,5.357,1.882,0.149,0.14,508.0,557.0,381.0,443.0,60.26929827458256,79.37690248460788,55.5841371457853,74.42493247094991
C1CCC(C2CCCCC2C2CCCCC2)CC1,o-tercyclohexyl,0.92758,0.8887,38.379,4.951,0.11,0.1066,432.0,500.0,343.0,413.0,25.80585823015487,46.76980900245181,24.18438038525509,44.32125849943466
C=Cc1ccc(CCCCCCCCCC)cc1,p-decylstyrene,0.8417,0.8015,5.109,1.871,0.148,0.139,503.0,553.0,381.0,443.0,59.61482275842159,77.63721310840909,55.13373043825102,72.94150605971042
CC(C)(C)c1cc(C(C)(C)C)cc(C(C)(C)C)c1,"1,3,5-tri-tert-butylbenzene",0.8417,0.8016,5.109,1.871,0.148,0.139,506.0,555.0,381.0,443.0,59.535080057847395,77.48242290623777,54.96795718242183,72.72218930300835
CCCCCCCCCCCOc1ccc(C(=O)O)cc1,4-undecyloxybenzoic acid,1.01,0.966,58.416,9.731,0.112,0.104,556.0,604.0,403.0,469.0,24.663746695900976,39.62787406209076,22.52899517527167,36.9059172765176
CC(C)CCCC(C)CCC(C)c1ccccc1,"(1,4,8-trimethylnonyl)benzene",0.9523,0.914,178.515,22.976,0.133,0.125,,,402.0,466.0,,,18.774023849152904,33.320552109430444
CCC1(CCC2(CC)CCCCC2)CCCCC1,"1,2-bis(1-ethylcyclohexyl)ethane",0.8908,0.852,13.471,3.521,0.122,0.115,594.0,638.0,376.0,446.0,40.701198539503025,58.05195858569632,35.78832824809348,52.490258988497715
C1CCC(C2CCCC(C3CCCCC3)C2)CC1,"1,3-dicyclohexylcyclohexane",0.9229,0.8844,37.816,4.557,0.125,0.119,455.0,506.0,343.0,413.0,28.744922864840284,51.8442014431392,26.548548253614864,48.96541036628957
C(CCCC1CCCCC1)CCC1CCCCC1,"1,6-dicyclohexylhexane",0.8478,0.815,9.578,2.688,0.136,0.128,493.0,549.0,375.0,444.0,43.84206726554414,61.85095878719979,40.59459204018665,58.2657800758461
C=C(CC(C)(C)C)C1CC=C(C(C)(C)CC)CC1,"cyclohexene, 1-(1,1-dimethylpropyl)-4-(3,3-dimethyl-1-methylenebutyl)-",0.8313,0.7908,8.421,2.656,0.086,0.081,486.0,545.0,391.0,459.0,34.63940896575269,47.40690645755358,32.583596017393575,45.17115430371156
C1CCC(C2CCC(C3CCCCC3)CC2)CC1,p-tercyclohexyl,1.019,0.977,20.608,6.141,0.128,0.121,487.0,538.0,343.0,413.0,36.2292046030344,50.301232043974274,32.82729807150399,46.69563846913712
CC(C)C1CCC2C(CCC3C(C)CCCC32)C1,tetradecahydro-1-methyl-7-(1-methylethyl)phenanthrene,0.946,0.905,3.171,1.215,0.107,0.101,448.0,508.0,353.0,422.0,52.31612608532481,68.10411926478064,48.923790420201705,64.64192948220865
CC(=O)C=CC=C(C)CCCC(C)CCCC(C)C,"6,10,14-trimethyl-3,5-pentadecadien-2-one",0.85173,0.8094,5.988,2.1,0.135,0.131,567.6,609.0,422.0,486.0,54.79099831038886,73.43972055611422,50.407769713684445,68.9237587772262
CC1CCCCC1(C)C(C)C1(C)CCCCC1C,"1,1-bis(dimethylcyclohexyl)ethane",0.8805,0.8417,15.105,3.564,0.092,0.086,471.0,538.0,377.0,448.0,30.14274963209615,44.751485101094765,28.31306636454712,42.505282150076305
CC(=CC(C)C(C)C=C(C)C(C)(C)C)C(C)(C)C,"2,2,3,5,6,8,9,9-octamethyl-3,7-decadiene",0.8279,0.7891,3.865,1.647,0.082,0.076,510.0,571.0,417.0,488.0,41.63962284731542,51.736970112034726,39.34699489341752,49.50074669249834
CCC1(C(C)C2(CC)CCCCC2)CCCCC1,"1,1-bis(ethylcyclohexyl)ethane",0.783,0.75,0.779,0.787,0.103,0.097,472.0,534.0,376.0,447.0,71.96321417167833,71.15518473460595,67.50423330644632,67.68317157451483
CCCCCCCCC(C)(C)c1ccc(C)cc1,"1-(1,1-dimethylnonyl)-4-methylbenzene",0.786,0.748,4.071,1.604,0.16,0.15,603.0,645.0,419.0,483.0,69.45558621953558,87.81602157379045,62.694973905366034,80.95411661369765
CCCCC(C)(CC)C1CCCC2CCCCC21,1-(1-ethyl-1-methylpentyl)decahydronaphthalene,0.8737,0.8351,9.042,2.874,0.111,0.104,482.0,542.0,380.0,450.0,40.055359260993534,54.53641839267758,37.46386891540315,51.75607024671734
CCCCC(CC)CC1CCCC2CCCCC21,1-(2-ethylhexyl)decahydronaphthalene,0.862,0.8234,4.64,1.822,0.123,0.116,490.0,548.0,380.0,449.0,52.265911915115694,67.2660227693634,48.65858782269653,63.59949607720076
CCCC(CC1CCCCC1)CC1CCCCC1,1-cyclohexyl-2-(cyclohexylmethyl)pentane,0.8599,0.8223,10.932,2.517,0.127,0.12,477.0,537.0,375.0,445.0,41.40198479399959,62.11797516555512,38.692691179339015,58.91951934502549
CCCCCCCCCCCCC1=CCCCC1,1-dodecylcyclohexene,0.888,0.847,4.167,1.771,0.136,0.127,507.0,561.0,399.0,464.0,59.46329503230625,74.09267510019913,55.58836591587211,70.23984268768592
CC#CCCCCCCCCCCCCCCC,2-octadecyne,0.7958,0.7621,11.812,3.412,0.148,0.14,524.0,576.0,421.0,483.0,45.022412657461736,63.00165923380363,42.33420677890224,59.956941492837906
C1CCC(C2CCCCC2C2CCCCC2)CC1,o-tercyclohexyl,0.7856,0.742,15.275,4.447,0.101,0.095,528.0,580.0,416.8,481.6,34.36684638774422,47.78062992321852,32.15499335759951,45.34603122922571
CCCCCCCCCCCCCC1=CCCC1,1-tridecylcyclopentene,0.891,0.849,3.367,1.413,0.137,0.128,513.0,566.0,401.0,466.0,64.11500693666207,80.13830878281364,59.82300035661381,75.87345649076948
CC1CC(C)C(C2C(C)CC(C)CC2C)C(C)C1,"2,2',4,4',6,6'-hexamethylbicyclohexyl",0.8806,0.8389,2.839,1.168,0.1,0.094,489.0,547.0,377.0,446.0,52.8211071376369,66.94089187279508,49.094149365019064,63.205308459770386
CCCCCCC#CCCCCCCCCCC(=O)O,11-octadecynoic acid,,,,,,,,,436.0,498.0,,,,
O=C(O)CCCCCCCCCCCCC1C=CCC1,13-(2-cyclopenten-1-yl)tridecanoic acid,,,,,,,,,415.0,480.0,,,,
CCCCCC=CCC=CCCCCCCCC(=O)O,"(Z,Z)-9,12-octadecadienoic acid",1.04,1.0,13.452,4.0,0.182,0.171,603.0,646.0,430.0,493.0,53.25639244109711,73.02913512987087,48.42427874880736,67.68237478660114
CC(C)(C1CCCCC1)C(C)(C)C1CCCCC1,"2,3-dicyclohexyl-2,3-dimethylbutane",0.92,0.8818,15.217,4.876,0.097,0.092,462.0,526.0,376.0,448.0,30.941258091980323,42.550608760153224,29.199439935699704,40.67213714547642
O=C1CCCCCCCCC(=O)CCCCCCCC1,"1,10-cyclooctadecanedione",,,,,,,,,390.0,463.0,,,,
CCC1(CC)CCCC(CC)(CC)CCC(=O)CC1,"4,4,8,8-tetraethylcyclodecanone",,,,,,,,,405.0,475.0,,,,
CC(CCC(C)C1CCCCC1)C1CCCCC1,"2,5-dicyclohexylhexane",0.8779,0.8396,10.707,2.978,0.123,0.116,490.0,549.0,374.0,446.0,41.22031379209059,58.48473502866812,38.203919205244,55.16437751616789
CCCCCCC(C)C1CCCC2CCCCC21,2-(1-methylheptyl)bicyclo[4.4.0]decane,0.8589,0.821,4.774,1.949,0.123,0.116,490.0,548.0,380.0,449.0,51.582764982365674,65.66412141725147,48.022590787439434,62.08491093353879
CCCCC/C=C/C/C=C/CCCCCCCCO,"9,12-octadecadien-1-ol",0.8496,0.813,12.241,5.043,0.185,0.169,594.0,639.0,433.0,497.0,54.520323349046976,66.92402108365191,49.88113663763243,62.356206717232254
CCCCCCCCC1CCCC2CCCCC12,2-octylbicyclo[4.4.0]decane,0.8575,0.82,2.915,1.341,0.13,0.122,495.0,551.0,380.0,448.0,61.658331607969245,75.52976020531712,57.23905464640719,71.25849840937056
CCCCCCCCC=CCCCCCCCC(=O)O,(E)-9-octadecenoic acid,,,,,,,,,441.0,507.0,,,,
CCCCCCCCCCCCCCC/C=C\C(=O)O,(Z)-Octadecenoic acid,0.968,0.928,15.496,4.634,0.172,0.162,,,441.0,507.0,,,44.911128901117735,62.830660648581734
CC=C(CC)CCCCCCCCC(=CC)CC,"3,12-diethyl-2,12-tetradecadiene",0.8,0.7619,3.184,1.418,0.13,0.122,535.0,587.0,417.0,482.0,61.75056715096004,76.02710447811157,57.5704075797302,71.92695657384915
CCCCCCCCC=CCCCCCCCC(=O)O,(Z)-9-octadecenoic acid,0.87696,0.837,19.431,4.516,0.182,0.171,565.0,702.0,441.0,507.0,47.043161228177205,72.08290852846709,43.87588048434872,65.77735582059144
CCC(=CCCCCCCC=C(CC)CC)CC,"3,12-diethyl-3,11-tetradecadiene",0.804,0.765,2.239,1.15,0.137,0.128,579.0,625.0,417.0,482.0,72.86766942939249,85.51870109543762,66.44123121744754,79.49158909368556
CCCCCCCCCCCCCCCC=CC(=O)O,"2-octadecenoic acid, (2E)-",,,,,,,,,441.0,507.0,,,,
CCCCCC=CCC=CCCCCCCCC(=O)O,"(Z,Z)-9,12-octadecadienoic acid",,,,,,,,,441.0,507.0,,,,
CCCCCC/C=C\CCCCCCCCCC(=O)O,"11-octadecenoic acid, (Z)-",0.969,0.928,15.48,4.634,0.172,0.162,576.0,627.0,441.0,507.0,48.76666652050377,67.16466761433219,45.23731298767323,63.2686036453261
CCCCCCCCCCCCCCC/C=C/C(=O)O,trans-Octadecenoic acid,,,,,,,,,441.0,507.0,,,,
CCC(OC(CC)C1CCCCC1)C1CCCCC1,bis(1-cyclohexylpropyl) ether,1.002,0.957,13.972,4.389,0.141,0.133,527.0,583.0,390.0,461.0,44.2841367825732,60.508671772173,40.688279994695286,56.64141910078564
CCCCCCCCCCCC=CCCCCC(=O)O,trans-6-octadecenoic acid,,,,,,,,,441.0,507.0,,,,
CCCCCCC/C=C/CCCCCCCCC(=O)O,trans-vaccenic acid,,,,,,,,,441.0,507.0,,,,
CCCCCCCCCCCC=CCCCCC(=O)O,(Z)-6-octadecenoic acid,0.98,0.942,15.306,4.565,0.172,0.162,576.0,627.0,441.0,507.0,47.88737906436626,66.02229789825891,44.42166154586915,62.19250010234898
CCCCCCCC/C=C/CCCCCCCCO,(E)-9-octadecen-1-ol,0.8338,0.798,46.774,10.15,0.173,0.159,592.0,642.0,444.0,511.0,35.30398309054802,52.24478713045937,32.559553438920446,48.99617304440569
C(CCCOC1CCCCC1)CCOC1CCCCC1,"1,6-bis(cyclohexyloxy)hexane",1.13,1.08,12.389,4.444,0.18,0.17,607.0,650.0,407.0,475.0,57.56690678344419,75.1529427329926,51.44472178083719,68.80616869951047
C(CCCOCC1CCCC1)CCOCC1CCCC1,"1,6-bis(cyclopentylmethoxy)hexane",1.038,0.992,7.225,2.722,0.168,0.159,547.0,599.0,412.0,478.0,60.480685927339515,78.48423507339344,55.84592129686569,73.6572214508017
CCCCCCCCCCCCCC(=O)CCCC,5-octadecanone,,,,,,,,,445.0,510.0,,,,
CCCCCCCCCC(=O)CCCCCCCC,9-octadecanone,,,,,,,,,445.0,510.0,,,,
CCCCCCCCC=CCCCCCCCCO,"9-octadecen-1-ol, (Z)-",0.8368,0.8,17.041,3.438,0.172,0.158,587.0,637.0,444.0,511.0,46.95658112342612,70.91535313108972,43.409761555468194,66.65222423826783
CCCCCCC=CCCCCCCCCC(=O)OC,methyl cis-10-heptadecenoate,1.003,0.957,4.686,1.776,0.171,0.16,599.0,647.0,439.0,505.0,70.97901480638335,90.84944541653935,65.03768457522459,84.73264647606148
CCCCCCCCCCCCCCCCC(C)=O,methyl n-hexadecyl ketone,0.8265,0.788,4.477,1.65,0.182,0.17,620.0,666.0,445.0,510.0,73.2540047039756,94.23878100578854,66.72909899191853,87.42302899881928
CCCCCCCCCCCCCCCCCC=O,octadecanal,,,,,,,,,443.0,510.0,,,,
CCCC(CCC)(CCC(C)C)C1CCCCC1,"(4-methyl-1,1-dipropylpentyl)cyclohexane",0.836,0.7958,9.569,2.89,0.114,0.107,516.0,576.0,407.0,478.0,41.34029818486935,57.055812114813016,38.670888551298106,54.13973355547054
CC(C)(C)C(=O)C(C(C)(C)C)(C(C)(C)C)C(C)(C)C,"2,2,5,5-tetramethyl-4,4-di-tert-butyl-3-hexanone",0.8672,0.826,14.991,4.6,0.086,0.08,595.0,652.0,447.0,521.0,30.651797442771738,41.62807044206838,28.28237202947627,39.08272921797441
C/C=C/CCCCCCCCCCCCCCC,(E)-2-octadecene,0.7816,0.744,3.582,1.452,0.152,0.142,558.0,609.0,427.0,492.0,67.23581935847135,84.59765198165397,62.3608265437889,79.67007909030171
CCC/C=C\CCCCCCCCCCCCC,(E)-4-octadecene,0.7763,0.74,3.607,1.486,0.152,0.142,558.0,609.0,427.0,492.0,66.44348613446732,83.22082565904971,61.62594214409771,78.37344898951264
CC(=O)CCCC(C)CCCC(C)CCCC(C)C,"2,6,10-trimethyl-14-pentadecanone",0.8234,0.781,5.222,1.921,0.142,0.136,618.0,667.0,444.0,513.0,60.249860462557685,79.0630616276477,54.898416388847906,73.43499093900695
CCCCC/C=C\CCCCCCCCCCC,(E)-6-octadecene,0.7771,0.74,3.603,1.486,0.152,0.142,556.0,607.0,427.0,492.0,66.80553549876487,83.65526933177726,62.02435717796633,78.85552116569521
CCCCCCCCCCCCCCC(=O)CCC,4-octadecanone,0.9,0.858,3.444,1.515,0.175,0.164,588.0,637.0,445.0,510.0,77.40915030704603,95.19924350954412,71.57314972246485,89.4269801887152
CCCCCCCCCCCCCCCC(=O)CC,3-octadecanone,0.797,0.7573,3.89,1.717,0.175,0.164,588.0,637.0,445.0,510.0,73.62665731681882,90.46121802946178,68.07582497416486,84.97623777605648
CCCCCC/C=C\CCCCCCCCCC,(E)-7-octadecene,0.7762,0.74,3.736,1.486,0.151,0.141,555.0,606.0,427.0,492.0,65.32865507083517,82.62012646965526,60.68389699375625,77.91589966452054
CCCCCCCC/C=C/CCCCCCCC,(E)-9-octadecene,0.7777,0.741,4.243,1.619,0.153,0.143,550.0,602.0,427.0,492.0,63.71395964463636,81.63504352270346,59.33486147700098,77.13045956919638
CCC/C=C\CCCCCCCCCCCCC,(Z)-4-octadecene,0.7789,0.742,3.595,1.482,0.152,0.142,559.0,610.0,427.0,492.0,66.84686525981274,83.70753112321073,61.96885415107077,78.7954307142635
CCCCCCCCCCCCCCCCC1CO1,hexadecyloxirane,0.983,0.939,4.069,1.491,0.163,0.153,597.0,646.0,440.0,507.0,71.41443605604064,92.5360516707926,65.5401860014751,86.43931104450384
CCCC/C=C\CCCCCCCCCCCC,(Z)-5-octadecene,0.7779,0.741,3.599,1.484,0.152,0.142,558.0,609.0,427.0,492.0,66.7923079424693,83.63717170374896,61.949472317018255,78.76554405992093
CCCCC/C=C\CCCCCCCCCCC,(Z)-6-octadecene,0.7786,0.742,3.725,1.482,0.152,0.142,560.0,610.0,427.0,492.0,66.0636228835721,83.51553076458045,61.211983944519304,78.61469726349073
CCCCCC/C=C\CCCCCCCCCC,(Z)-7-octadecene,0.7791,0.742,3.722,1.482,0.153,0.143,560.0,611.0,427.0,492.0,66.64463776092778,84.29763370637369,61.75032973592256,79.31435098190717
CCCCCCCCC=CCCCCCCCC,(Z)-9-octadecene,0.7786,0.737,3.982,1.628,0.156,0.145,583.0,631.0,427.0,492.0,69.25966461185646,86.41571212439842,63.45081151496388,80.57387265754296
C=CCCCCCCCCCCCCCCCC,1-octadecene,0.7763,0.7365,3.568,1.521,0.149,0.139,555.0,609.0,419.3,487.3,67.32018279157664,83.5542300994374,62.21454283207438,78.47525361387557
CCCCCCC(C)C=CC(C)CCCCCC,"7,10-dimethyl-8-hexadecene",0.832,0.791,2.764,1.188,0.136,0.127,522.0,580.0,426.0,494.0,67.1402995797949,83.49163448696439,63.40966846046344,79.80609472282207
C/C=C\CCCCCCCCCCCCCCC,"2-octadecene, (Z)-",0.7803,0.743,3.717,1.467,0.153,0.143,562.0,613.0,427.0,492.0,66.83774422738173,84.74503144253602,61.8671798637784,79.66203511691515
CC/C=C/CCCCCCCCCCCCCC,"3-octadecene, (E)-",0.776,0.74,3.995,1.622,0.153,0.143,552.0,604.0,427.0,492.0,64.51832981786463,81.22748199116167,60.02262918226348,76.67381684823663
CC1(C)CCCCCCCCCCCCCCC1,"1,1-dimethylcyclohexadecane",0.846,0.81,11.82,5.309,0.12,0.113,465.0,531.0,385.0,458.0,38.052165301260814,47.38218457001968,36.08402393713942,45.45141939793477
CC(C)CCCCCCCCCCCCCCC(=O)O,16-methylheptadecanoic acid,,,,,,,,,453.0,522.0,,,,
CCCCCC[C@H](O)C/C=C\CCCCCCCC(=O)O,[R]-12-hydroxy-cis-9-octadecenoic acid,,,,,,,,,459.0,526.0,,,,
CCC(C)CCCCCCCCCCCCCC(=O)O,15-methylheptadecanoic acid,,,,,,,,,453.0,522.0,,,,
CCCCCC/C=C\CCCCCCCC(=O)OCC,ethyl cis-9-hexadecenoate,,,,,,,,,,,,,,
C=C(C)CCCCCCCCCCCCCCC,"1-heptadecene, 2-methyl-",0.878,0.835,1.822,0.898,0.133,0.124,561.0,613.0,430.0,496.0,76.83419522494906,91.4007037922047,71.29613225416682,86.11442458021325
C=CCCCC(CCCC)(CCCC)CCCC,"1-decene, 6,6-dibutyl-",0.7864,0.748,5.214,1.872,0.126,0.117,533.0,590.0,429.0,497.0,52.49930310138691,68.32431547353542,49.3895888484452,65.10579862267782
CC(C)CCCC(C)CCC1C(C)CCCC1C,"1,3-dimethyl-2-(3,7-dimethyloctyl)cyclohexane",0.8118,0.774,5.174,1.938,0.115,0.108,517.0,577.0,407.0,478.0,48.63335133618,63.199397280645286,45.46824751377634,59.940070249798346
CCCCCCCCCCCCCCC=C(C)C,2-methyl-2-heptadecene,0.7822,0.7445,2.301,1.155,0.14,0.131,576.0,625.0,428.0,494.0,72.477539450492,85.83040047610959,66.668660380684,80.33512629156678
CCCCCCCCCC(C)OC(=O)CCCCCC,1-methyldecyl heptanoate,0.8402,0.7945,8.807,2.895,0.154,0.145,601.0,654.0,450.0,520.0,54.96704928548372,73.71391371693666,50.67032795031166,69.10972899021505
CCCCCCCCCCCCCC(=O)OC(C)CC,1-methylpropyl tetradecanoate,0.8416,0.7963,8.793,2.888,0.154,0.145,601.0,654.0,450.0,520.0,54.85582839299072,73.58193765595638,50.567801087931315,68.9859961784888
CCCCCCCCCCCC(=O)OC(C)CCCC,1-methylpentyl dodecanoate,0.8434,0.7985,8.774,2.88,0.154,0.145,601.0,654.0,450.0,520.0,54.752444632268805,73.45588135997848,50.472498736274986,68.86781338214459
CCCCCCCCCCC(=O)OC(C)CCCCC,1-methylhexyl undecanoate,0.8384,0.793,8.826,2.9,0.154,0.145,601.0,654.0,450.0,520.0,54.83205618982818,73.54176346846728,50.54588713500851,68.9483312782037
CCCCCCC(O)CC=CCCCCCCCCO,12-hydroxy-cis-9-octadecenol,1.05,1.004,140.952,26.892,0.207,0.188,664.0,707.0,462.0,530.0,32.11022781381167,48.60034004411027,28.9955461768462,44.81634440248392
CCCCCCCCCCC(CCCC)COC(C)=O,2-butyldodecyl ethanoate,0.8451,0.8009,8.756,2.872,0.155,0.145,602.0,654.0,450.0,520.0,54.82241234021709,73.18916420771279,50.51336831303779,68.6177554326928
CCCCCCCCCCCCC(CCCC)C(=O)O,2-butyltetradecanoic acid,0.8653,0.828,28.892,7.005,0.157,0.148,589.0,643.0,453.0,522.0,37.47236016567703,54.840929558349856,34.804711599321124,51.71729162698229
CCCCCCCCCCCCC(CC)COC(C)=O,2-ethyltetradecyl ethanoate,0.847,0.8024,8.737,2.866,0.155,0.145,602.0,654.0,450.0,520.0,54.99511777429845,73.41805749279415,50.6724990923854,68.83235200072197
CCCCCCCCCCCCCCC(CC)C(=O)O,2-ethylhexadecanoic acid,0.8677,0.83,28.812,6.988,0.157,0.148,589.0,643.0,453.0,522.0,37.6142941545759,55.04333950515799,34.93654134070719,51.90817267753305
CCCCCCCCCC(CCCCCCC)C(=O)O,2-heptylundecanoic acid,0.8657,0.828,28.878,7.005,0.157,0.148,589.0,643.0,453.0,522.0,37.59009186386889,55.00573027947043,34.91406200542176,51.87270560379064
C/C=C\CCCCCCCCCCCCCCC,"2-octadecene, (Z)-",0.846,0.806,8.747,2.854,0.155,0.145,602.0,654.0,450.0,520.0,55.13953355371332,73.72150254310868,50.805563785170655,69.11684381689645
CC(C)CCCC(C)CCC1C(C)CCCC1C,"1,3-dimethyl-2-(3,7-dimethyloctyl)cyclohexane",0.766,0.7256,4.047,1.571,0.14,0.131,566.0,622.0,431.3,502.1,62.7385806224714,80.15369224610255,58.120707007150294,75.46795586664204
CCCCCCCCCCCCCC(=O)OC(C)CC,1-methylpropyl tetradecanoate,0.7746,0.7336,3.331,1.228,0.13,0.122,563.0,619.0,438.0,508.0,60.92065088470686,79.14683807752952,56.766640174565445,74.86700367275941
CCCCCCCCCCCC(=O)OC(C)CCCC,1-methylpentyl dodecanoate,0.7786,0.7408,2.826,1.215,0.126,0.118,531.0,591.0,438.0,508.0,59.98168975717147,74.7731840646587,56.81935176828035,71.65686082507324
CCCCCCCCC(CCCCCC)COC(C)=O,2-hexyldecyl ethanoate,0.8464,0.806,8.743,2.854,0.155,0.145,602.0,654.0,450.0,520.0,53.47581980024645,71.48792009249513,49.27261800608301,67.0227713405393
CCCCCCCCCCC(CCCCCC)C(=O)O,2-hexyldodecanoic acid,0.8651,0.828,28.898,7.005,0.157,0.148,589.0,643.0,453.0,522.0,37.413545509187635,54.75805250984952,34.75008394448765,51.63913510190161
CCCCCC[C@H](O)C/C=C\CCCCCCCC(=O)O,[R]-12-hydroxy-cis-9-octadecenoic acid,0.841,0.7976,8.799,2.884,0.155,0.145,602.0,654.0,450.0,520.0,53.736128207109026,71.753669772257,49.51246616068862,67.27192224599935
CCCCCCCCCCCCCC(=O)OCC(C)C,2-methylpropyl tetradecanoate,0.978,0.932,4.642,2.039,0.155,0.145,602.0,654.0,450.0,520.0,66.27673246976481,81.50260641742244,61.06737837535741,76.41193849961142
CCCCCCC(CC)C(CC)CCCCCC,"7,8-diethyltetradecane",0.7752,0.7375,2.709,1.166,0.124,0.116,521.0,583.0,438.0,508.0,61.53885114087608,76.7460725226928,58.60701468664812,73.83003214762316
CCCCCCCC(CCCCC)COC(=O)C(C)C,2-pentylnonyl 2-methylpropanoate,0.8359,0.796,7.178,2.387,0.144,0.135,578.0,635.0,450.0,521.0,52.81835962322016,70.57233706073127,49.22699078083123,66.75144973605097
CCCCCCCC(CCC)CCCCCCC,8-propylpentadecane,0.7791,0.742,3.851,1.617,0.139,0.13,574.0,628.0,439.0,507.0,61.90059464730747,77.23195102671481,57.403473873463504,72.71930126780262
CCC(CC)CCCCCCCCC(CC)CC,"3,12-diethyltetradecane",0.7802,0.742,3.679,1.497,0.137,0.128,596.0,648.0,438.0,508.0,63.22918704049477,79.392139320916,57.98123911295539,74.13800884531041
C=CCCCC(CCCC)(CCCC)CCCC,"1-decene, 6,6-dibutyl-",0.8467,0.807,8.74,2.85,0.155,0.145,602.0,654.0,450.0,520.0,55.035280995142195,73.59457716709703,50.70950548229994,68.99784622341863
CCCCCCCCCCCC(CCCCC)C(=O)O,2-pentyltridecanoic acid,0.8739,0.836,28.607,6.938,0.157,0.148,589.0,643.0,453.0,522.0,37.7460613243283,55.23678910219004,35.058928036426764,52.09060374326077
CCCCCCCCC(C)CCCCCCCC,9-methylheptadecane,0.775,0.739,4.258,1.624,0.141,0.132,576.0,630.0,439.0,507.0,60.34316452907552,77.40092384863785,55.90446642643218,72.81324508759904
CCC(C)(C)CCCC(C)CCCC(C)(C)CC,"3,3,7,11,11-pentamethyltridecane",0.7772,0.74,4.889,2.027,0.103,0.096,569.0,627.0,439.0,511.0,46.58439346217489,58.302957125096285,43.306454976684805,55.04248372759933
CCCCCCCCCCCCCCC(C)CC,"heptadecane, 3-methyl-",0.769,0.732,3.199,1.421,0.14,0.13,576.0,630.0,430.1,501.0,65.56752973843413,80.1015893954565,60.39556681593058,75.10191122839387
CCCCCCCCCCCCCC(C)C(C)C,"hexadecane, 2,3-dimethyl-",0.7732,0.7349,4.152,1.538,0.134,0.125,565.0,622.0,428.6,500.5,59.295889701840856,76.62854481600853,54.86174736551967,72.08413831819168
CCCCCCCCCCCCC(C)CC(C)C,"hexadecane, 2,4-dimethyl-",0.7682,0.7299,3.905,1.507,0.132,0.123,602.0,655.0,437.7,509.7,60.75372530882628,77.29638038155655,55.54377369880609,72.03077476508682
CCCCCCCCC(CCCCCC)COC(C)=O,2-hexyldecyl ethanoate,0.7685,0.7292,3.696,1.289,0.123,0.115,583.0,638.0,438.0,509.0,56.73833310397428,74.57403716067253,52.35289177907538,69.98279927757778
CCCCCCCCCCOCCCCCCCC,1-(octyloxy)decane,0.798,0.762,5.263,1.969,0.162,0.152,598.0,649.0,455.0,521.0,62.40313082888349,80.43201374891827,57.78550886236596,75.6120408816848
CCCCCCCCCCCCC(CC)COC(C)=O,2-ethyltetradecyl ethanoate,0.835,0.794,3.473,1.511,0.094,0.088,544.0,606.0,439.0,512.0,47.23526796816955,58.686448996092736,44.470056633686625,55.96879063386847
CCCCCCCCCCCCCCC(C)(C)C,"hexadecane, 2,2-dimethyl-",0.879,0.836,6.598,2.153,0.127,0.119,571.0,627.0,433.1,504.8,51.894888567123715,69.67251218259841,48.01258649629456,65.55073762272339
CCCCCCCCCCCCC(C)CCCC,5-methylheptadecane,,,,,,,,,,,,,,
CC(C)CCCCCCCCCCCCCCCO,16-methyl-1-heptadecanol,,,,,,,,,456.0,525.0,,,,
CCCCCCCCCCCCCCCCCC,octadecane,0.77,0.7327,3.896,1.501,0.1476,0.1369,574.9,624.3,431.3,500.8,64.54481860785853,81.84049128707714,59.53214485001218,76.92006736825218
CCCCCCCCCCCCCC(C)COC(C)=O,2-methylpentadecyl ethanoate,0.796,0.759,8.417,2.635,0.155,0.145,590.0,643.0,455.0,522.0,52.432435642617456,70.98622280165928,48.73690738731193,66.94297882433301
CCCCCCC(CC)C(CC)CCCCCC,"7,8-diethyltetradecane",,,,,,,,,443.0,514.9,,,,
CCCCCCCCCCCCCC(C)CCC,"heptadecane, 4-methyl-",,,,,,,,,,,,,,
CC(C)CCCC(C)CCCC(C)CCCC(C)O,"6,10,14-trimethyl-2-pentadecanol",0.933,0.889,192.926,22.497,0.141,0.129,607.0,663.0,455.0,528.0,21.787857235575785,38.34953608484087,20.091027494475167,35.970401176538424
OCCCCCCCCCCCCCCCCCCO,"1,18-octadecanediol",,,,,,,,,474.0,543.0,,,,
CCCCCCCC(C)OC(C)CCCCCCC,bis(1-methyloctyl) ether,0.976,0.93,7.787,2.473,0.157,0.147,638.0,685.0,454.0,523.0,59.62349553771543,80.11014339331462,54.181520467387315,74.25441422956948
CCCCCCCCCC(CO)CCCCCCC,"1-undecanol, 2-heptyl-",,,,,,,,,474.0,547.0,,,,
CCCCCCCC(CCCCC)COCCCC,butyl 2-pentylnonyl ether,0.8009,0.764,7.242,2.356,0.149,0.14,560.0,617.0,455.0,522.0,53.100367506368386,71.56126242682488,50.087671298212925,68.27339341851439
CCCCCCCCC(O)C(O)CCCCCCCC,"9,10-octadecanediol",,,,,,,,,473.0,545.0,,,,
CCCCCCCCCCCCCCCCOCC,cetyl ethyl ether,0.8062,0.769,4.962,1.951,0.16,0.15,586.0,638.0,455.0,521.0,63.10344395279554,80.2295123810201,58.76815664084473,75.78522551680123
CCCCCCCCCCCCCCCCCOC,heptadecanol 1-methyl ether,0.926,0.884,4.752,1.81,0.162,0.153,599.0,649.0,455.0,521.0,67.09964769214908,86.4159991283129,62.10530238247512,81.23742965479975
CCOCCCC(C)CCCC(C)CCCC(C)C,"ethyl 4,8,12-trimethyltridecyl ether",0.927,0.883,7.012,2.265,0.145,0.136,602.0,656.0,454.0,524.0,56.348263170332984,75.758080733107,52.0486959148597,71.11837170550848
CCCCCCCCCOCCCCCCCCC,"nonane, 1,1'-oxybis-",0.8,0.764,4.75,1.832,0.1542,0.1444,578.0,631.0,455.0,521.0,61.40128642038399,78.48616484816172,57.40447839489448,74.36889027254676
CCCCCCCCCCCCCC(O)(CC)CC,3-ethyl-3-hexadecanol,,,,,,,,,473.0,544.0,,,,
CCCCCCOCCCCCCOCCCCCC,"1,6-bis(hexyloxy)hexane",0.828,0.792,7.488,2.778,0.176,0.166,595.0,647.0,471.0,537.0,58.93418154281841,76.46839359560308,55.18441147546142,72.56318874702062
CCCCCCCCCC(C)(O)CCCC(C)(C)C,"2,2,6-trimethyl-6-pentadecanol",0.988,0.945,35.425,8.36,0.18,0.165,,,472.0,541.0,,,38.72175168738426,56.737356956712745
CCCCCCOC(C)CCC(C)OCCCCCC,"2,5-bis(hexyloxy)hexane",0.947,0.903,10.348,3.212,0.165,0.155,603.0,657.0,470.0,539.0,54.55693873075355,74.25688127310126,50.863689683051554,70.23466033603606
CCCCCCCCCCCCCCCCOCCO,2-(hexadecyloxy)ethanol,,,,,,,,,472.0,540.0,,,,
CCCCCCCCCCCCCCCOCCCO,3-(pentadecyloxy)-1-propanol,0.992,0.95,20.161,5.895,0.188,0.171,639.0,686.0,472.0,540.0,49.83131107879148,67.11384243497365,45.76092626214422,62.74462020698212
CCC(C)(C)CCCC(C)(O)CCCC(C)(C)CC,"3,3,7,11,11-pentamethyl-7-tridecanol",,,,,,,,,255.0,305.0,,,,
CCCCCCCCC(CCCCCC)CC(C)O,4-hexyl-2-dodecanol,,,,,,,,,261.0,310.0,,,,
CCC(=O)c1ccc2ccc3cccc4ccc1c2c34,"pyrene, 1-propionyl",,,,,,,,,295.0,345.0,,,,
Cc1ccc2ccc3c4ccccc4ccc3c2c1,3-methylchrysene,,,,,,,,,275.0,326.0,,,,
O=C(O)c1c2ccccc2cc2c1ccc1ccccc12,benz[a]anthracene-7-carboxylic acid,,,,,,,,,290.0,341.0,,,,
COc1c2ccccc2cc2c1ccc1ccccc12,7-methoxybenz[a]anthracene,,,,,,,,,291.0,341.0,,,,
OCc1c2ccccc2cc2c1ccc1ccccc12,benz[a]anthracene-7-methanol,,,,,,,,,293.0,344.0,,,,
Cc1cc2ccccc2c2ccc3ccccc3c12,5-methylchrysene,,,,,,,,,275.0,326.0,,,,
Cc1cccc2c1ccc1c3ccccc3ccc21,1-methylchrysene,,,,,,,,,275.0,326.0,,,,
Cc1cc2c3ccccc3ccc2c2ccccc12,6-methylchrysene,,,,,,,,,275.0,326.0,,,,
Cc1c2ccccc2cc2ccc3ccccc3c12,12-methylbenz[a]anthracene,,,,,,,,,275.0,326.0,,,,
Cc1ccc2ccc3ccc4ccccc4c3c2c1,"2-methyl-3,4-benzophenanthrene",,,,,,,,,275.0,326.0,,,,
Cc1ccc2ccc3cc4ccccc4cc3c2c1,2-methylbenz[a]anthracene,,,,,,,,,275.0,326.0,,,,
Cc1ccc2c3ccccc3c3ccccc3c2c1,2-methyltriphenylene,,,,,,,,,275.0,326.0,,,,
Cc1ccc2c(ccc3c4ccccc4ccc23)c1,2-methylchrysene,,,,,,,,,275.0,326.0,,,,
Cc1cccc2c1ccc1cc3ccccc3cc12,4-methylbenz[a]anthracene,,,,,,,,,275.0,326.0,,,,
Cc1cc2ccccc2c2c1ccc1ccccc12,"6-methyl-3,4-benzophenanthrene",,,,,,,,,275.0,326.0,,,,
Cc1cccc(-c2ccc(-c3ccccc3)cc2)c1,"3-methyl-1,1':4',1''-terphenyl",,,,,,,,,292.0,345.0,,,,
Cc1cc2ccccc2c2cc3ccccc3cc12,6-methyltetraphene,,,,,,,,,275.0,326.0,,,,
Cc1c2ccccc2cc2c1ccc1ccccc12,7-methylbenz[a]anthracene,,,,,,,,,275.0,326.0,,,,
c1ccc(C2c3ccccc3-c3ccccc32)cc1,9-phenyl-9H-fluorene,1.2052,1.163,5.31,2.236,0.213,0.204,397.0,434.0,271.0,323.0,72.83738483117232,92.34808367116682,65.41974340618503,84.98469035452491
Cc1cccc2cc3ccc4ccccc4c3cc12,"8-methyl-1,2-benzanthracene",,,,,,,,,275.0,326.0,,,,
c1ccc(Cc2ccc(-c3ccccc3)cc2)cc1,"4-(phenylmethyl)-1,1'-biphenyl",1.144,1.103,26.224,7.162,0.231,0.22,416.0,455.0,291.0,344.0,49.40144505978324,70.47213241886818,44.676773020041615,65.14074137910285
OC(c1ccccc1)(c1ccccc1)c1ccccc1,triphenylmethanol,,,,,,,,,307.0,364.0,,,,
CC1(C(c2ccccc2)c2ccccc2)C(=O)CCC1=O,"1,3-cyclopentanedione, 2-(diphenylmethyl)-2-methyl-",,,,,,,,,329.0,390.0,,,,
Cc1cccc2cc3c(ccc4ccccc43)cc12,8-methylbenz[a]anthracene,,,,,,,,,275.0,326.0,,,,
COc1ccc(C=CC(=O)C=Cc2ccc(OC)cc2)cc1,"1,5-Bis(4-methoxyphenyl)-1,4-pentadien-3-one",,,,,,,,,364.0,416.0,,,,
Cc1c2ccccc2cc2c1ccc1ccccc12,7-methylbenz[a]anthracene,1.307,1.254,7.498,2.871,0.221,0.211,404.0,453.0,311.0,370.0,72.72492905161465,95.1684815655669,67.56499137502439,89.90169104368869
Cc1ccc2cc3c(ccc4ccccc43)cc2c1,9-methylbenz[a]anthracene,,,,,,,,,275.0,326.0,,,,
Cc1coc2c1C(=O)C(=O)c1c-2ccc2c1CCCC2(C)C,"phenanthro[1,2-b]furan-10,11-dione, 6,7,8,9-tetrahydro-1,6,6-trimethyl-",1.44,1.39,10.417,3.525,0.191,0.182,531.0,567.0,341.0,400.0,60.047042147137816,80.1337046800858,53.013482876554086,72.64266729990774
CCCc1ccc2ccc3cccc4ccc1c2c34,"pyrene, 1-propyl-",,,,,,,,,289.0,341.0,,,,
CC(C)(C)C=C=C(c1ccccc1)c1ccccc1,"4,4-dimethyl-1,1-diphenyl-1,2-pentadiene",0.9535,0.914,36.707,7.659,0.307,0.291,426.0,472.0,329.0,386.0,54.674312186267336,84.14921967305264,50.84141323469623,79.52015495149011
Cc1cccc2ccc3cc4ccccc4cc3c12,"benz[a]anthracene, 1-methyl-",,,,,,,,,275.0,326.0,,,,
CC(C)CCc1c2ccccc2cc2ccccc12,9-isopentylanthracene,1.099,1.058,32.757,7.183,0.264,0.251,450.0,491.0,318.0,375.0,51.980640906228,78.72436093868143,47.143920817390274,72.97648071640867
Cc1ccc2cc3ccc4ccccc4c3cc2c1,"benz[a]anthracene, 10-methyl-",,,,,,,,,275.0,326.0,,,,
Cc1ccc2c(ccc3cc4ccccc4cc32)c1,"benz[a]anthracene, 3-methyl-",,,,,,,,,275.0,326.0,,,,
Cc1cc2ccc3cccc4cc(C)c(c1C)c2c34,"pyrene, 1,2,10-trimethyl-",,,,,,,,,291.0,342.0,,,,
CCCCCc1cc2ccccc2c2ccccc12,9-pentylphenanthrene,1.104,1.064,18.116,4.887,0.27,0.258,453.0,493.0,319.0,374.0,62.08880004103407,88.96638507773874,56.25604046605327,82.31460296985755
Cc1ccc2ccc3c(C)cc(C)c4ccc1c2c34,"pyrene, 1,3,6-trimethyl-",,,,,,,,,291.0,342.0,,,,
Cc1ccc2cc(C)c3ccc(C)c4ccc1c2c43,"pyrene, 1,4,8-trimethyl-",,,,,,,,,291.0,342.0,,,,
CCCCc1c2ccccc2c(C)c2ccccc12,"anthracene, 9-butyl-10-methyl-",1.114,1.075,25.135,6.326,0.258,0.247,460.0,498.0,320.0,375.0,54.65099091698632,79.8428270165527,49.34724956733552,73.7191445976791
Cc1c(C)c2cccc3c(C)cc4cccc1c4c32,"pyrene, 4,5,9-trimethyl-",,,,,,,,,291.0,342.0,,,,
CC(C)c1cc2cccc3ccc4cccc1c4c32,"pyrene, 4-(1-methylethyl)-",,,,,,,,,288.0,342.0,,,,
CCc1cc2cccc3cc(C)c4cccc1c4c32,"pyrene, 4-ethyl-10-methyl-",,,,,,,,,290.0,342.0,,,,
c1ccc(C(c2ccccc2)c2ccccc2)cc1,triphenylmethane,,,,,,,,,283.3,338.3,,,,
CCCCCc1c2ccccc2cc2ccccc12,"anthracene, 9-pentyl-",1.02,0.9819,19.608,5.296,0.271,0.259,456.0,496.0,319.0,374.0,60.1671868476891,86.1807608088131,54.413819941047734,79.60129072923927
CCc1c(C)c2cccc3ccc4cccc1c4c32,"pyrene, 4-ethyl-5-methyl-",,,,,,,,,290.0,342.0,,,,
CCc1cc2cccc3c(C)cc4cccc1c4c23,"pyrene, 4-ethyl-9-methyl-",,,,,,,,,290.0,342.0,,,,
CCCc1cc2cccc3ccc4cccc1c4c32,"pyrene, 4-propyl-",,,,,,,,,289.0,341.0,,,,
CCc1ccc2c(ccc3ccc(C)cc32)c1CC,"phenanthrene, 1,2-diethyl-6-methyl-",1.117,1.078,19.696,5.009,0.244,0.234,463.0,501.0,321.0,376.0,56.33367596058731,82.15073540845721,50.81828729866202,75.7787512069147
Cc1ccc2c(ccc3ccc(C(C)C)cc32)c1C,"phenanthrene, 1,2-dimethyl-6-(1-methylethyl)-",1.098,1.061,38.251,7.917,0.236,0.225,451.0,492.0,320.0,377.0,44.63079292928309,68.83329391225918,40.52410485758092,63.86656974528918
CC(C)(C)C=C=C(c1ccccc1)c1ccccc1,"4,4-dimethyl-1,1-diphenyl-1,2-pentadiene",1.098,1.061,38.251,7.917,0.236,0.225,451.0,492.0,320.0,377.0,44.63079292928309,68.83329391225918,40.52410485758092,63.86656974528918
Cc1ccc(C)c2c1ccc1cc(C(C)C)ccc12,"phenanthrene, 1,4-dimethyl-7-(1-methylethyl)-",1.102,1.063,37.205,7.714,0.236,0.226,454.0,495.0,320.0,377.0,45.73652364364693,70.71801278381464,41.45071526276845,65.5031865303874
CC(C)CCc1c2ccccc2cc2ccccc12,9-isopentylanthracene,1.102,1.063,37.205,7.714,0.236,0.226,454.0,495.0,320.0,377.0,45.73652364364693,70.71801278381464,41.45071526276845,65.5031865303874
Cc1cc2c(C)c(C(C)C)ccc2c2ccccc12,"phenanthrene, 1,9-dimethyl-2-(1-methylethyl)-",1.095,1.058,38.356,7.75,0.235,0.225,449.0,490.0,320.0,377.0,44.40494751172941,69.16803962062731,40.36947990068073,64.25073962959877
Cc1cc2c(C)cccc2c2ccc(C(C)C)cc12,"phenanthrene, 1,9-dimethyl-7-(1-methylethyl)-",1.102,1.063,37.205,7.714,0.236,0.226,454.0,495.0,320.0,377.0,45.73652364364693,70.71801278381464,41.45071526276845,65.5031865303874
CCCCc1c(C)ccc2c1ccc1ccccc12,"phenanthrene, 1-butyl-2-methyl-",1.113,1.075,26.056,6.512,0.258,0.246,459.0,498.0,320.0,375.0,53.67381016674804,78.38917625013336,48.49458043939816,72.37698406744165
CCc1cccc2c1ccc1ccc(C(C)C)cc12,"phenanthrene, 1-ethyl-6-(1-methylethyl)-",1.098,1.06,45.537,9.434,0.25,0.239,450.0,491.0,319.0,376.0,44.59729704502344,68.90204786270627,40.483325164587576,63.91918766200568
CCc1cccc2c1ccc1cc(C(C)C)ccc12,"phenanthrene, 1-ethyl-7-isopropyl-",1.098,1.06,45.537,9.434,0.25,0.239,450.0,491.0,319.0,376.0,44.59729704502344,68.90204786270627,40.483325164587576,63.91918766200568
CCCCc1c2ccccc2c(C)c2ccccc12,"anthracene, 9-butyl-10-methyl-",1.094,1.056,47.532,9.47,0.249,0.238,446.0,488.0,319.0,376.0,43.825659821440745,68.50296816070234,39.88291443453257,63.658622136083274
Cc1cccc2c1ccc1ccc(CC(C)C)cc12,"phenanthrene, 1-methyl-6-(2-methylpropyl)-",1.11,1.072,49.55,10.261,0.252,0.241,459.0,499.0,319.0,376.0,44.04503702731069,68.0051740396775,39.75990976742205,62.801007880691245
Cc1ccc2c(ccc3c(C)cccc32)c1C(C)C,"phenanthrene, 2,8-dimethyl-1-(1-methylethyl)-",1.095,1.058,38.356,7.75,0.235,0.225,449.0,490.0,320.0,377.0,44.40494751172941,69.16803962062731,40.36947990068073,64.25073962959877
CCCc1cccc2c1ccc1cc(C)c(C)cc12,"phenanthrene, 6,7-dimethyl-1-propyl-",1.122,1.084,19.608,5.074,0.246,0.235,468.0,505.0,321.0,376.0,56.49395981656892,81.68936790898803,50.809125934536496,75.18479358368525
Cc1cc2ccc3c(C(C)C)cccc3c2cc1C,"phenanthrene, 6,7-dimethyl-1-(1-methylethyl)-",1.102,1.063,37.205,7.714,0.236,0.226,454.0,495.0,320.0,377.0,45.73652364364693,70.71801278381464,41.45071526276845,65.5031865303874
CC1Cc2c(ccc3ccccc23)C2(C)C3CCCC3C12,"1,2-cyclopentano-1,3-dimethyl-1,2,3,4-tetrahydrophenanthrene",1.0295,0.994,3.788,1.61,0.169,0.162,413.0,462.0,311.0,372.0,64.72901100847905,82.43637416601429,59.76483425319121,77.56196853942635
C=C(CCCc1ccccc1)CCc1ccccc1,"1,6-diphenyl-3-methylenehexane",0.902,0.865,12.195,3.815,0.154,0.146,453.0,498.0,338.0,397.0,45.24819984736896,62.01393334263388,41.67015822306729,58.18331124327453
c1ccc(C(c2ccccc2)C2CCCCC2)cc1,cyclohexyldiphenylmethane,,,,,,,,,315.0,377.0,,,,
CCCCOc1ccc(/C=C/c2ccc(OC)cc2)cc1,(E)-1-(4-methoxyphenyl)-2-(4-butoxyphenyl)ethene,,,,,,,,,370.0,425.0,,,,
CC(C)=C(c1ccc(C)cc1)c1ccc(C)cc1C,"1-(2,4-dimethylphenyl)-1-(4-methylphenyl)-2-methyl-1-propene",0.9566,0.922,7.422,2.495,0.106,0.101,483.0,524.0,341.0,398.0,39.74877536942693,53.37985128997696,36.04070119229252,49.405645368750626
CCCCCC=C(c1ccccc1)c1ccccc1,"1-heptene, 1,1-diphenyl-",0.94757,0.9046,8.232,2.321,0.16,0.152,459.0,504.0,337.0,394.0,54.3781254149901,76.82582450250801,49.85154410092469,71.68472229671458
CC(C)CCC1c2ccccc2Cc2ccccc21,"9-(3-methylbutyl)-9,10-dihydroanthracene",1.0094,0.97,40.618,8.866,0.128,0.122,437.0,484.0,326.0,386.0,28.45622806890342,43.411883058144205,26.20462901187277,40.73508557701776
CCCCCCC(c1ccccc1)c1ccccc1,"1,1-diphenylheptane",0.93555,0.89311,7.482,2.105,0.161,0.152,474.0,521.0,347.0,408.0,56.29529152965011,79.24970794781262,51.56681476342993,73.98265671091998
CCCCCCC1c2ccccc2-c2ccccc21,9-hexyl-9H-fluorene,0.9815,0.946,17.32,4.757,0.199,0.19,441.0,486.0,329.0,387.0,48.35256667305622,69.13754466974969,44.52727966787021,64.8464586968424
Cc1cc(C)c(C)c(CCCc2ccccc2)c1C,"1-(3-phenylpropyl)-2,3,5,6-tetramethylbenzene",,,,,,,,,352.0,410.0,,,,
C=C(CCCc1ccccc1)CCc1ccccc1,"1,6-diphenyl-3-methylenehexane",,,,,,,,,354.0,412.0,,,,
CCCCCCCc1ccccc1-c1ccccc1,"1,1'-biphenyl, 2-heptyl-",1.022,0.98,6.164,1.867,0.221,0.209,479.0,523.0,348.0,408.0,74.64876197807047,102.86049846329416,68.2323722739227,95.9208024672471
CCCCCCCc1ccc(-c2ccccc2)cc1,"1,1'-biphenyl, 4-heptyl-",1.036,0.994,7.529,2.314,0.224,0.212,489.0,532.0,348.0,408.0,71.66671390921644,98.30123499739078,65.12701160265318,91.2302228641448
CC(C)c1ccc(Cc2ccc(C(C)C)cc2)cc1,"1,1'-methylenebis[(1-methylethyl)benzene]",0.974,0.931,34.908,7.626,0.129,0.122,445.0,498.0,348.0,411.0,30.692496434689023,46.68741686303011,28.64143572496954,44.23264768131343
Cc1ccc(CC(C)c2ccc(C)c(C)c2)cc1C,"1,2-bis(3,4-dimethylphenyl)propane",0.9601,0.9228,9.27,2.709,0.102,0.097,458.0,507.0,351.0,411.0,36.46384002647505,51.154275790268834,33.83419401983161,48.22107701735466
Cc1ccc(C(c2ccc(C)cc2)C(C)(C)C)cc1,"2,2-dimethyl-1,1-bis(4-methylphenyl)propane",0.95,0.9118,8.211,2.522,0.112,0.106,444.0,496.0,349.0,412.0,40.271190814910646,55.66057496907836,37.63417802343396,52.82983806971729
Cc1ccc2c(ccc3c(C)cccc32)c1C(C)C,"phenanthrene, 2,8-dimethyl-1-(1-methylethyl)-",0.9398,0.9014,21.281,5.436,0.138,0.131,438.0,491.0,347.0,410.0,35.87163231340934,52.3826573730837,33.59689587358392,49.79232453046093
CCCCCCCCCc1ccc2ccccc2c1,2-nonylnaphthalene,0.9198,0.882,7.491,2.347,0.226,0.212,533.0,572.0,357.8,417.4,71.67908043505024,96.79259312822292,64.0771353533834,88.58251874676105
CCCC(CC)C(c1ccccc1)c1ccccc1,3-diphenylmethylhexane,0.974,0.934,22.587,5.46,0.15,0.142,442.0,494.0,347.0,409.0,37.81211517739164,55.921658615227905,35.32387741803706,53.02887573602553
Cc1cc2ccc3c(C(C)C)cccc3c2cc1C,"phenanthrene, 6,7-dimethyl-1-(1-methylethyl)-",1.039,1.0,5.871,2.0,0.084,0.079,496.0,537.0,354.0,412.0,37.51556072941556,49.6956357755765,34.11984613774274,46.12613559839413
CC1Cc2c(ccc3ccccc23)C2(C)C3CCCC3C12,"1,2-cyclopentano-1,3-dimethyl-1,2,3,4-tetrahydrophenanthrene",1.07,1.026,8.692,2.329,0.23,0.217,514.0,553.0,348.0,408.0,72.23939809600607,102.4325978476529,64.73310436343101,94.03473644284269
CCCCCCCOC(=O)Cc1cccc2ccccc12,"1-naphthaleneacetic acid, heptyl ester",1.01,0.971,10.891,3.708,0.238,0.226,552.0,592.0,373.0,435.0,66.11632773927332,87.97016146135564,59.21380315446646,80.66559117263981
CCCCCCCOC(=O)Cc1ccc2ccccc2c1,"2-naphthaleneacetic acid, heptyl ester",1.004,0.965,10.956,3.627,0.237,0.225,546.0,587.0,373.0,435.0,65.6043104320952,88.02647455822103,58.936152278206094,80.91004428958888
CC(C)CC(CC(C)C)c1cccc2ccccc12,1-(3-methyl-1-(2-methylpropyl)butyl]naphthalene,0.9472,0.9101,11.613,3.406,0.193,0.183,476.0,528.0,361.0,425.0,54.50832230092493,76.27301444024714,50.42881410083787,71.75625993270387
CCCCCC(C)(CC)c1cccc2ccccc12,1-(1-ethyl-1-methylhexyl)naphthalene,0.9662,0.9299,34.154,7.635,0.194,0.185,481.0,530.0,362.0,424.0,40.26252984815078,60.94647628484364,37.16878550467922,57.23844340071519
CCCCCCCCCc1cccc2ccccc12,1-nonylnaphthalene,0.9249,0.889,9.515,3.262,0.222,0.211,529.0,568.0,360.4,420.0,65.06981409773458,86.49498874330096,58.4110542340662,79.45345463018737
CC=CCCC=CCCC=CCCc1ccccc1,"3,7,11-tridecatrienylbenzene",0.8841,0.8443,2.715,1.184,0.177,0.167,477.0,525.0,370.0,429.0,78.67544139366113,97.90082280247174,73.24991297749627,92.4944695468446
CC1(C)C2CC=C(CCCCc3ccccc3)C1C2,"7,7-dimethyl-4-(4-phenylbutyl)bicyclo[3.1.1]hept-3-ene",0.9397,0.9,11.706,2.889,0.121,0.115,453.0,504.0,351.0,413.0,39.08234826887001,57.553887223968395,36.376014818584785,54.41864214996295
c1ccc(C(=C2CCCCC2)C2CCCCC2)cc1,cyclohexylcyclohexylidenephenylmethane,0.9715,0.9328,36.027,8.898,0.131,0.124,440.0,493.0,333.0,398.0,29.699945734708432,43.687085558061405,27.460976772428577,41.13413252323837
CC(C)(C)C(C(=O)O)C(O)(c1ccccc1)c1ccccc1,"2-(hydroxydiphenylmethyl)-3,3-dimethyl-butyric acid",,,,,,,,,,,,,,
CC(C)c1cc2c(c3c1CCC3(C)C)CCC2(C)C,"4-isopropyl-1,1,6,6-tetramethyl-as-hydrindacene",,,,,,,,,360.0,426.0,,,,
CCCc1ccc2c(c1)CCC1C(C)CCCC21C,"1,4a-dimethyl-1,2,3,4,4a,9,10,10a-octahydro-7-propylphenanthrene",0.9618,0.9248,10.397,3.136,0.102,0.097,467.0,519.0,354.0,419.0,35.26146774234244,49.08351720522595,32.617912604187794,46.215526239152595
CC1CCC(c2cccc(C3CCCCC3)c2)CC1,1-cyclohexyl-3-(4-methylcyclohexyl)benzene,0.9432,0.906,40.288,9.823,0.126,0.12,452.0,507.0,343.0,410.0,27.825709461229017,41.27275345957136,25.747439150454568,38.87951181981642
CCCCCC1=Cc2ccccc2C1CCCCC,"1H-indene, 1,2-dipentyl-",0.983,0.943,4.374,1.591,0.164,0.155,493.0,542.0,373.0,435.0,65.68225863575898,86.09079856635302,60.72561678320693,80.92631496931858
CC12CCC(=O)C=C1CCC1C2CCC2(C)C1CC[C@H]2O,17.beta.-hydroxyandrost-4-en-3-one,,,,,,,,,369.0,439.0,,,,
CCCCCCCC1=Cc2ccccc2C1CCC,"1H-indene, 2-heptyl-1-propyl-",0.983,0.943,4.374,1.591,0.164,0.155,493.0,542.0,373.0,435.0,65.68225863575898,86.09079856635302,60.72561678320693,80.92631496931858
CCCCCCC1=Cc2ccccc2C1CCCC,"1H-indene, 1-butyl-2-hexyl-",0.983,0.943,4.374,1.591,0.164,0.155,493.0,542.0,373.0,435.0,65.68225863575898,86.09079856635302,60.72561678320693,80.92631496931858
CC12CCC3C(CCC4CC(=O)CCC43C)C1CCC2=O,"5.alpha.-androstan-3,17-dione",,,,,,,,,365.0,436.0,,,,
CC12CCC3C(CCC4CC(=O)CCC43C)C1CCC2=O,"5.beta.-androstan-3,17-dione",,,,,,,,,365.0,436.0,,,,
Cc1cc(C)c(C2CCCC2)c(C)c1C1CCCC1,"2,4-dicyclopentyl-1,3,5-trimethylbenzene",0.9745,0.935,12.314,3.743,0.091,0.086,467.0,520.0,350.0,415.0,31.549832723484904,43.64891920755832,29.091396082677935,40.965539963531434
CCCCCCCCCc1ccc2ccccc2c1,2-nonylnaphthalene,0.898,0.861,8.987,2.114,0.163,0.154,500.0,548.0,373.0,435.0,52.56888181676953,77.80350356270834,48.40945256565249,72.9100189287888
Cc1cc(C)c(Cc2cc(C)c(C)cc2C)cc1C,"benzene, 1,2,4-trimethyl-5-[(2,4,5-trimethylphenyl)methyl]-",0.9464,0.91,22.189,6.374,0.125,0.119,467.0,519.0,348.0,413.0,32.96819539653463,46.561474051401895,30.35027135285739,43.66333385404309
CC1(C)C2=C(CC3=C4CC(CC3)C4(C)C)CCC1C2,"bis(7,7-dimethylbicyclo[3.1.1]-1-heptenyl)methane",0.939,0.899,1.704,0.834,0.064,0.06,445.0,501.0,356.0,421.0,42.30522309728346,51.05271147132402,39.731339126010646,48.614409421277294
c1ccc(C(C2CCCCC2)C2CCCCC2)cc1,dicyclohexylphenylmethane,0.9647,0.927,34.208,8.414,0.134,0.128,414.0,475.0,341.0,409.0,29.82282708596327,44.50297306933857,28.23907203951557,42.66904075962859
CCCCCCCCCCC1C=Cc2ccccc21,"indene, 1-decyl-",0.984,0.943,9.451,2.863,0.178,0.169,493.0,542.0,372.0,435.0,56.482068042725146,78.19700490960186,52.18028901758871,73.50606051231414
CCCCCC1=Cc2ccccc2C1CCCCC,"1H-indene, 1,2-dipentyl-",0.879,0.842,6.394,1.97,0.124,0.117,510.0,560.0,382.0,446.0,47.68860854096668,65.39340597076897,43.965253764260645,61.33756929724673
CCCCCCCCCCC1Cc2ccccc2C1,"2-decyl-2,3-dihydro-1H-indene",0.881,0.843,5.63,1.922,0.142,0.134,521.0,570.0,381.0,446.0,55.10312195198471,73.34256944288443,50.45961693761424,68.45204380169444
CCCCCCC=C(CCCCC)c1ccccc1,(1-pentyl-1-octenyl)benzene,0.863,0.826,4.519,1.937,0.158,0.148,552.0,597.0,394.0,458.0,63.84972800820874,79.03496460123726,58.07171823527697,73.3565913325434
CC12CCC3C(CCC4CC(=O)CCC43C)C1CCC2=O,"5.alpha.-androstan-3,17-dione",0.888,0.849,6.34,2.061,0.13,0.123,514.0,564.0,382.0,446.0,48.665370617630046,65.85097463510266,44.76726203633317,61.64321638030425
CCCCCCCCCCC1CCc2ccccc21,"1-decyl-2,3-dihydro-1H-indene",0.865,0.83,13.873,4.096,0.138,0.13,506.0,556.0,381.0,446.0,40.59452436309606,56.28272548396145,37.48039097055553,52.898514560305024
CCCCC[C@H]1Cc2ccccc2[C@H]1CCCCC,"1H-indene, 2,3-dihydro-1,2-dipentyl-, cis-",1.0,0.958,9.4,2.818,0.134,0.127,522.0,570.0,381.0,446.0,47.08852615658299,65.1760389195392,43.097152906761046,60.83006233392986
Cc1ccc(C(C2CCC(C)CC2)C(C)(C)C)cc1,"2,2-dimethyl-1-(4-methylcyclohexyl)-1-(4-methylphenyl)propane",0.9065,0.8711,26.475,6.543,0.105,0.099,465.0,525.0,375.0,444.0,27.244518112332536,40.0410449360023,25.644817376314695,38.19736635137061
CCc1cc2c(c(CC)c1CC)CC(CC)(CC)C2,"2,3-dihydro-2,2,4,5,6-pentaethyl-1H-indene",0.9074,0.869,4.298,1.611,0.084,0.079,518.0,567.0,385.0,449.0,40.81878020809642,52.79939048932114,37.54993281561495,49.445057966585736
Cc1ccc2c(c1)C(C)(CCCC(C)C)CC2(C)C,"2,3-dihydro-3-(4-methylpentyl)-1,1,3,5-tetramethyl-1H-indene",0.877,0.84,7.754,2.381,0.087,0.083,493.0,547.0,384.0,450.0,34.60563875155834,48.01699672824085,32.256809165443485,45.45146001478407
CCCCCCC1c2ccccc2CC1CCCC,"2-butyl-2,3-dihydro-1-hexyl-1H-indene",0.884,0.846,9.468,2.104,0.13,0.123,498.0,549.0,381.0,446.0,44.116229555438466,66.52453853922749,40.91494478352596,62.74773676016393
CC12CCC3C(CCC4CCCCC43C)C1CCC2=O,5.alpha.-androstan-17-one,,,,,,,,,359.0,431.0,,,,
CCCCCCCC1=Cc2ccccc2C1CCC,"1H-indene, 2-heptyl-1-propyl-",0.987,0.946,14.184,4.228,0.139,0.131,509.0,559.0,379.0,444.0,42.56192468005208,58.86211225857816,39.173534331946875,55.16933264769885
CCCCCCC1=Cc2ccccc2C1CCCC,"1H-indene, 1-butyl-2-hexyl-",0.888,0.85,8.176,2.176,0.115,0.109,518.0,567.0,383.0,447.0,42.660070238416495,61.1016178575027,39.18631451485168,57.14803492866584
CCCCCC(CCC)c1ccc2c(c1)CCCC2,"6-(1-propylhexyl)-1,2,3,4-tetrahydronaphthalene",0.8995,0.863,13.341,3.94,0.123,0.116,502.0,554.0,379.0,445.0,38.14918424710187,52.995641735697205,35.249138722179126,49.82812322163235
CCCCCC=C(CCCCCC)c1ccccc1,7-phenyl-6-tridecene,0.8635,0.8264,3.358,1.452,0.145,0.137,486.0,540.0,394.0,458.0,63.009981798415936,78.88457936354905,59.39797767823346,75.31321865560673
CCCCCCCCCc1ccc2c(c1)CCCC2,"6-nonyl-1,2,3,4-tetrahydronaphthalene",0.8961,0.86,7.923,2.907,0.131,0.124,519.0,567.0,380.0,444.0,46.50863354936954,60.77007527367854,42.603975654476976,56.730379567329855
CCCCCCCCCCCCc1ccc(C)cc1,1-dodecyl-4-methylbenzene,0.8438,0.805,4.518,1.645,0.147,0.138,571.0,617.0,406.0,471.0,61.89427086742707,80.32023430878755,56.23246054238575,74.44551373517588
CCCCCC[C@H]1Cc2ccccc2[C@H]1CCCC,"cis-1-butyl-2,3-dihydro-2-hexyl-1H-indene",0.891,0.854,10.55,3.162,0.134,0.127,522.0,570.0,381.0,446.0,43.98758969418949,60.88807019063762,40.25906168195765,56.82801788033806
CCCCCCC[C@H]1Cc2ccccc2[C@H]1CCC,"cis-2,3-dihydro-2-heptyl-1-propyl-1H-indene",0.889,0.852,10.574,3.169,0.134,0.127,522.0,570.0,381.0,446.0,43.95948192552919,60.85020651497568,40.23333641717037,56.79267897682552
CCCCCC[C@@H]1c2ccccc2C[C@@H]1CCCC,"cis-2-butyl-2,3-dihydro-1-hexyl-1H-indene",0.89,0.853,10.562,3.165,0.134,0.127,522.0,570.0,381.0,446.0,43.97352558040743,60.871829762842154,40.24618968719298,56.81286037381411
CCCCCCCCCC1CCCc2ccccc21,"naphthalene, 1,2,3,4-tetrahydro-1-nonyl-",0.981,0.942,16.31,4.565,0.138,0.131,505.0,556.0,379.0,444.0,39.96457004523301,56.590457807038305,36.86468184279589,53.12054204380912
CCCCCCCCCCCCOC(=O)c1ccccc1,"benzoic acid, dodecyl ester",0.997,0.955,5.717,2.094,0.165,0.156,528.0,583.0,417.0,483.0,61.059969316614456,79.99370922411401,57.137854866237575,75.86956577337367
CCCCCCC(CCCCCC)c1ccccc1,7-phenyltridecane,0.8401,0.7997,5.511,1.649,0.15,0.141,532.0,585.0,405.0,471.0,58.881443455030954,81.2215706493802,54.53265015741639,76.41721740607136
CCCCCCCCCCc1ccc2c(c1)CCC2,"5-decyl-2,3-dihydro-1H-indene",0.8472,0.809,8.144,2.596,0.135,0.127,530.0,583.0,406.0,472.0,48.19815882643421,65.35545163406144,44.71672816805723,61.585594755053094
CCCCCCCCCCCCCc1ccccc1,tridecylbenzene,0.84,0.803,4.048,1.743,0.157,0.148,536.0,588.0,394.4,461.4,64.87558415484708,80.89224364102623,59.51196328315536,75.55897633999811
CC/C=C\C/C=C\C/C=C\CCCCCCCC(=O)OC,"methyl (Z,Z,Z)-9,12,15-octadecatrienoate",0.8842,0.8422,3.347,1.471,0.188,0.177,599.0,647.0,439.0,506.0,80.62358126315874,99.42523856908812,73.87494827621552,92.78265759894012
OC(C1CCCCC1)(C1CCCCC1)C1CCCCC1,tricyclohexylmethanol,,,,,,,,,385.0,461.0,,,,
CCCCC[C@H]1Cc2ccccc2[C@H]1CCCCC,"1H-indene, 2,3-dihydro-1,2-dipentyl-, cis-",0.946,0.903,5.603,1.993,0.151,0.142,542.0,593.0,405.0,471.0,60.37730069815239,79.24250538293047,55.62586682971221,74.27090125055986
CCCc1ccc(C(C)CCC)cc1C(C)CCC,"2,4-bis(1-methylbutyl)-1-propylbenzene",0.8585,0.82,3.494,1.463,0.113,0.106,517.0,572.0,407.0,474.0,53.43939010277939,67.08191579136046,49.96150479909074,63.62772593115058
CCCCCC=CCC=CCCCCCCCC(=O)OC,"methyl (Z,Z)-9,12-octadecadienate",0.8707,0.8288,3.675,1.548,0.14101,0.13323,676.0,687.0,,,65.90417108678488,81.05778137937,,
CCCCCCCCCCC(CC)c1ccccc1,3-phenyltridecane,0.942,0.9,5.52,2.0,0.151,0.142,539.0,591.0,405.0,471.0,60.00604026426021,78.39587895400845,55.37020704385584,73.54725301143958
CCCCCCCCCC(CCC)c1ccccc1,4-phenyltridecane,0.942,0.899,5.52,2.002,0.151,0.142,539.0,590.0,405.0,471.0,60.40454540431625,78.85675313051178,55.73792522715491,74.01487357327231
C1CCC(C(C2CCCCC2)C2CCCCC2)CC1,tricyclohexylmethane,,,,,,,,,367.0,442.0,,,,
CCCCCCCCC(CCCC)c1ccccc1,5-phenyltridecane,0.938,0.895,5.437,1.899,0.15,0.141,535.0,587.0,405.0,471.0,60.24715695838236,79.51755770329413,55.70930451441503,74.74220672074422
CCCCCCC(C1CCCCC1)C1CCCCC1,"1,1-dicyclohexylheptane",0.8771,0.841,17.102,3.008,0.124,0.1142,534.0,596.0,399.0,473.0,36.06195766580196,57.15940767320252,33.22351812819578,53.56108742430036
CCCCCCCC(CCCCC)c1ccccc1,6-phenyltridecane,0.937,0.894,5.443,1.902,0.15,0.141,535.0,587.0,405.0,471.0,60.228467732432485,79.48225647497472,55.692022972311726,74.70902547397615
CCCCCCC(C)(Cc1ccccc1)CC(C)C,[2-methyl-2-(2-methylpropyl)octyl]benzene,0.863,0.8235,5.91,2.186,0.13,0.123,524.0,579.0,405.0,473.0,51.54302907594449,67.38934137012569,47.94012306355429,63.663156945288854
CCC(CCC(C)C)(CCC(C)C)c1ccccc1,[1-ethyl-4-methyl-1-(3-methylbutyl)pentyl]benzene,0.8823,0.8433,5.327,1.897,0.12,0.114,494.0,555.0,405.0,475.0,49.10385607982133,65.38362892868294,46.435198403780376,62.582558990652174
CCCCC=CC=CC=CCCCCCCCC(=O)OC,methyl alpha-eleostearate,1.008,0.963,6.052,1.661,0.186,0.175,591.0,640.0,439.0,506.0,68.7934873956411,96.87436645398289,63.273963138927094,90.67926451973804
CCCCCCCCCCCCCCC1=CCCC1,1-tetradecylcyclopentene,0.8215,0.784,4.017,1.658,0.137,0.129,537.0,595.0,425.0,494.0,58.94939396910536,74.53107954099667,55.19546343412423,70.73122505394093
CCCCCC=CCC=CCCCCCCCC(=O)OC,"9,12-octadecadienoic acid, methyl ester, (E,E)-",1.004,0.96,5.279,1.979,0.179,0.168,608.0,658.0,451.0,520.0,69.52613316894387,89.50985033596878,63.92281034040429,83.77522977297757
CCCCCC=C(CCCCCC)c1ccccc1,"benzene, (1 hexyl-1-heptenyl)-",,,,,,,,,,,,,,
C=C1C(CCC)(CCC)CCCC1(CCC)CCC,"1-methylene-2,2,6,6-tetrapropylcyclohexane",0.8469,0.8071,2.716,1.239,0.099,0.092,539.0,598.0,426.0,496.0,53.042098203233294,64.61087170433476,49.64524929314133,61.299728774149074
C#CCCCCCCCCCCCCCCCCC,1-nonadecyne,0.9,0.859,14.444,4.191,0.104,0.098,580.0,632.0,440.5,509.1,35.353243338806614,49.151087550774626,32.72042629488712,46.2503612068546
CCCCCCCCCCC/C=C/CCCCC(=O)OC,"6-octadecenoic acid, methyl ester (methyl petroselaidate)",1.0,0.954,5.28,1.813,0.172,0.161,621.0,674.0,463.0,533.0,68.68396900096585,90.5361094146512,63.23924104540529,84.75165012750664
CCCCCCCCCCCCCc1ccccc1,tridecylbenzene,0.89,0.849,4.719,1.885,0.136,0.128,532.0,590.0,423.0,492.0,57.56403259954164,73.44787673225188,53.96868219872103,69.78922218297075
CC#CCCCCCCCCCCCCCCCC,2-nonadecyne,0.908,0.868,12.115,3.226,0.155,0.146,591.0,640.0,446.0,511.0,49.40133029916951,70.21826760220303,45.640351588058834,65.90987424942942
CCCCCCC1C(CCCC)CC2CCCCC21,2-butyl-1-hexylhexahydroindan,0.954,0.911,1.887,0.955,0.126,0.118,539.0,595.0,407.0,478.0,71.4218947847416,84.84613142879289,65.99550482222071,79.7780635054255
CCCCCCCC/C=C/CCCCCCCC(=O)OC,"9-octadecenoic acid, methyl ester, (E)-",1.0,0.952,5.2,1.838,0.171,0.16,620.0,672.0,463.0,533.0,69.48692163620196,90.79048643552063,64.00755274956164,85.06085237198535
CCCCCCC1CC2CCCC2CC1CCCC,3-butyl-4-hexylbicyclo[4.3.0]nonane,0.856,0.819,8.329,2.125,0.125,0.118,528.0,586.0,407.0,478.0,44.5735903890312,64.6694803089813,41.42662973471331,61.06787934370685
CCCc1ccc(C(C)CCC)cc1C(C)CCC,"2,4-bis(1-methylbutyl)-1-propylbenzene",0.848,0.811,7.795,2.466,0.138,0.13,611.0,658.0,406.0,478.0,51.023179368590206,68.98922710423928,45.48126105025008,63.05759501533603
CCC#CCCCCCCCCCCCCCCC,3-nonadecyne,0.906,0.865,11.038,3.121,0.155,0.145,590.0,639.0,446.0,511.0,51.04135448734506,70.98603723123482,47.177988006494495,66.65985126935782
CCCCCCCC1CCC(C2CCCCC2)CC1,4-heptylbicyclohexyl,0.8598,0.8234,11.282,3.401,0.127,0.12,491.0,553.0,399.0,472.0,40.37250200001164,56.15806184299747,38.08361065627605,53.71102193265126
C=CCOC(=O)CCCCCCCCCCCCCCC,allyl palmitate,1.0,0.952,4.8,1.786,0.167,0.156,622.0,675.0,465.0,535.0,69.93380029246941,89.98876114373267,64.43894321014531,84.29290875495082
CCCCCCC1CCC2CC(CCCC)CC2C1,8-butyl-3-hexylbicyclo[4.3.0]nonane,0.8453,0.8055,7.82,2.235,0.132,0.124,624.0,669.0,407.0,478.0,50.4788037156158,70.00176138939469,44.76128403806359,63.685368822076654
CCCCCCCCCCC1CC2CCCCC2C1,8-decylbicyclo[4.3.0]nonane,0.853,0.815,8.054,2.098,0.138,0.13,585.0,635.0,406.0,478.0,50.10063106052951,71.70668994733805,45.20855483540873,66.20068662176426
CCCCCCCCCCCCCCC1=CCCC1,tetradecylcyclopentene,0.8213,0.783,4.018,1.66,0.137,0.129,538.0,595.0,425.0,494.0,59.32736271601042,74.94953682907237,55.52029882194353,71.12834792939941
CCCCCCC=CCCCCCCCCCC(=O)OC,(E)-methyl 11-octadecenoate,0.999,0.954,5.405,1.992,0.171,0.161,622.0,674.0,463.0,533.0,67.55980010592947,87.62619272495095,62.17603930789685,82.02765146244191
CCCCCCCCC=CCCCCCCCC(=O)OC,methyl cis-9-octadecenoate,0.8593,0.8171,4.504,1.768,0.1413,0.13454,669.0,697.0,,,62.15417013700656,78.96199219098179,,
CCCCCC/C=C\CCCCCCCCCC(=O)OC,"(Z)-11-octadecenoic acid, methyl ester",0.999,0.954,4.304,1.782,0.171,0.161,622.0,674.0,463.0,533.0,72.03034889197247,90.41566819040357,66.29033533324113,84.63890403576092
CCCCCCCCCCC/C=C\CCCCC(=O)OC,methyl petroselinate,0.999,0.954,4.625,1.751,0.171,0.161,621.0,674.0,463.0,533.0,70.55556697251394,90.86311873270164,64.96247336561609,85.0577664328243
CCCCC(CCCC)(CCCC)C1CCCCC1,"(1,1-dibutylpentyl)cyclohexane",0.8173,0.779,19.577,5.263,0.122,0.114,562.0,621.0,431.0,505.0,35.31870160084965,50.06295952869913,32.77799314191429,47.23410790330879
CCCCCCCCCCCCC1CCCCC1C,1-dodecyl-2-methylcyclohexane,0.812,0.774,4.31,1.938,0.137,0.128,573.0,629.0,431.0,503.0,58.95166890148613,72.16460006948026,54.41337516660626,67.7664689432583
CCCCCCCCCCCCC1CCCC(C)C1,1-dodecyl-3-methylcyclohexane,0.813,0.775,4.551,2.065,0.141,0.132,597.0,650.0,431.0,503.0,59.95763533970942,73.14532829651111,54.70680770081686,68.05579952174394
CC(C)CC(CC(C)C)(CC(C)C)C1CCCCC1,"[1,1,1-tris(2-methylpropyl)methyl)cyclohexane",0.8345,0.7942,13.182,3.022,0.105,0.098,557.0,621.0,430.0,508.0,35.860046741524336,53.24855091291457,33.34236960836143,50.323471031278416
C=CC(=O)OCCCCCCCCCCCCCCCC,hexadecyl acrylate,0.857,0.82,5.951,2.195,0.17,0.16,642.0,692.0,465.0,535.0,62.52501450231808,80.93568656009234,57.10165731784738,75.28425024187054
CCC(CCC(C)C)(CCC(C)C)C1CCCCC1,(1-ethyl-4-methyl-1-(3-methylbutyl)pentyl)cyclohexane,0.8555,0.8148,9.819,3.314,0.111,0.104,557.0,620.0,431.0,507.0,40.657862823082105,54.27462844783256,37.828048392355726,51.288006126895326
CCCCCCC(CCCCCC)C1CCCCC1,(dihexylmethyl)cyclohexane,0.8181,0.778,6.906,1.932,0.136,0.127,569.0,626.0,431.0,504.0,52.039011532433456,72.81859089404688,48.12762317763834,68.51089178871442
CCCCCCCC1CCCC1CCCCCCC,"1,2-diheptylcyclopentane",0.8187,0.781,2.931,1.357,0.134,0.125,558.0,616.0,434.0,505.0,64.04469455844686,77.79288166654469,59.67340498020461,73.56422594380234
CCCCCCC(CCCCCC)CC1CCCC1,1-cyclopentyl-2-hexyloctane,0.81,0.772,5.086,1.665,0.135,0.127,572.0,629.0,433.0,506.0,55.650274013140454,74.89018947406976,51.458349155395155,70.44368123581731
C=CCCCCCCCCCCCCCCCCC,1-nonadecene,0.7809,0.746,4.61,1.743,0.152,0.143,595.0,647.0,442.9,514.7,61.50519494064418,79.23529693989423,56.60384912953384,74.29703853078777
C=C(C)CCCCCCCCCCCCCCCC,2-methyl-1-octadecene,0.898,0.856,2.116,1.04,0.136,0.127,598.0,651.0,454.0,524.0,74.57004303269876,88.78591633926104,69.00938579466182,83.52791489296169
CC=C(C)CCCCCCCCCCCCCCC,3-methyl-2-octadecene,0.788,0.751,2.538,1.265,0.145,0.136,630.0,678.0,452.0,522.0,72.64952859253876,86.1524980065115,66.17115965383857,80.04305832477148
CCCCCCCCCCCCCCC1CCCC1,tetradecylcyclopentane,0.8107,0.775,4.687,1.935,0.133,0.126,539.0,601.0,460.9,529.6,54.43802750666452,69.24802318946182,52.0929591189497,66.82770656421302
CCCCCCCCCCCCCC1CCCCC1,tridecylcyclohexane,0.818,0.782,7.213,2.685,0.143,0.134,573.0,632.0,433.8,507.7,51.80363741020541,67.10722267475421,47.902801119350386,63.097891397793845
C=CC(=O)OCCCCCCCCCCCCCCCC,hexadecyl 2-propenoate,,,,,0.167,0.157,625.0,677.0,465.0,535.0,,,,
CCCCCC=C(CCCCCC)CCCCCC,"6-tridecene, 7-hexyl-",0.784,0.747,2.296,1.151,0.139,0.13,590.0,645.0,452.0,522.0,71.1656843200746,84.45519313093499,66.02682296313598,79.57523395954031
C1CCCCCCCCCCCCCCCCCC1,cyclononadecane,0.96,0.92,43.75,13.043,0.137,0.13,487.0,557.0,401.0,479.0,29.769173988667244,41.84614042010749,28.185737282840975,40.10741959931814
CCCCCCCCCCCCC1CCCCCC1,dodecylcycloheptane,0.82,0.783,8.293,3.193,0.142,0.133,563.0,620.0,429.0,501.0,49.695912114411954,63.718774396453625,46.0376228571376,60.011154766326555
CCCCCCC1=C(CCCC)Cc2ccccc21,8-butyl-7-hexylbicyclo[4.3.0]nonane,,,,,,,,,,,,,,
CCCCCCCCC1CC1CCCCCCCC(=O)O,dihydrosterculic acid,,,,,,,,,,,,,,
CCCCCCCCCC(=O)CCCCCCCCC,10-nonadecanone,,,,,,,,,469.0,538.0,,,,
CCCCCCCCCCCCCCCCC1CC1,hexadecylcyclopropane,0.78894,0.748,4.183,1.604,0.141,0.132,579.0,635.0,449.0,519.0,62.159766556062465,79.67120771111283,57.868841819587,75.2762072682556
CCCCCCCCCCCCCCCCCC(C)=O,2-oxononadecane,,,,,,,,,469.0,538.0,,,,
CCCCC(CCCC)(CCCC)C1CCCCC1,"(1,1-dibutylpentyl)cyclohexane",0.923,0.88,3.575,1.364,0.142,0.133,578.0,633.0,438.0,508.3,66.17432602228952,84.93171624220155,61.20767642994793,79.8484744901069
CCCCCCCCCCCCCCCC(=O)OC(C)C,1-methylethyl hexadecanoate,0.837,0.798,5.173,1.955,0.159,0.148,649.0,702.0,474.0,548.0,62.98236595805503,80.40967822278277,57.65420465152559,74.9985152378435
CCCCCCCCC(C)CCCCCCCCC(=O)O,10-methyloctadecanoic acid,0.955,0.916,30.366,7.205,0.157,0.148,609.0,667.0,477.0,550.0,37.26288532309019,54.91707979882961,34.788111675826315,52.016947519909344
CCCCCCCCCCCCCCC1CCCC1,tetradecylcyclopentane,,,,,,,,,477.0,550.0,,,,
CCCCCCCCCCCCCC1CCCCC1,tridecylcyclohexane,,,,,,,,,477.0,550.0,,,,
CCCCCCCCCCCCCCC(C)(C)CC(=O)O,"3,3-dimethylheptadecanoic acid",,,,,,,,,478.0,551.0,,,,
CCCCCCCCCCCC1CCCCCCC1,undecylcyclooctane,0.8326,0.7932,9.488,3.656,0.14,0.132,550.0,609.0,426.0,499.0,47.89294713459719,61.781755366650216,44.5718292620447,58.41482534712742
CCCCCCCCCCCCCCC(=O)OCCCC,butyl pentadecanoate,0.99,0.944,5.354,2.013,0.163,0.153,634.0,689.0,475.0,547.0,66.08200367926432,85.1120463605963,60.92694565609246,79.76195684360528
CCCCCCCCCCCCCCCCC(=O)CC,3-nonadecanone,0.908,0.866,3.634,1.617,0.177,0.166,618.0,670.0,469.0,538.0,76.84870695515849,94.27700883930652,71.11028629380874,88.63393020186841
CCC(C)CCCC(C)CCCC(C)CCCC(C)=O,"3,7,11-trimethyl-15-hexadecanone",0.8264,0.787,5.808,2.033,0.158,0.147,616.0,672.0,468.0,541.0,60.91239539449169,79.62571790763104,56.381520362118046,74.91396351434425
CCCCCC(C)CCCC(C)CCC/C(C)=C/CO,"3,7,11-trimethyl-2-hexadecen-1-ol",0.8444,0.807,95.926,17.348,0.148,0.135,619.0,675.0,469.0,542.0,26.057283519802517,40.43256801578352,24.10057917501509,38.01212719329044
CCCCCCCCCCCCCCCC(=O)CCC,4-nonadecanone,0.796,0.7591,4.146,1.844,0.177,0.166,618.0,670.0,469.0,538.0,71.40328841901791,87.60761737675868,66.0714862093712,82.36374423968986
CCCCCCCCCCCCCCCCCCC=O,nonadecanal,0.965,0.922,5.699,2.169,0.182,0.171,634.0,684.0,468.0,538.0,70.04205869909954,89.78211335461476,64.30894023063267,83.91847762052973
CCCCCCCCCCCCC(C)C(C)C(C)C(=O)O,"2,3,4-trimethylhexadecanoic acid",0.954,0.913,27.254,6.681,0.144,0.136,608.0,668.0,477.0,552.0,36.5945557140998,53.55893529710831,34.179965658150316,50.76095436226535
CCCCCCCCCCCCCCCCCC(=O)OC,methyl octadecanoate,0.8502,0.8065,5.857,2.06,0.144,0.13632,650.0,692.0,,,58.50698894974993,76.80793720271538,,
CCCCCCCCCCCCCC(CCC)CC(=O)O,3-propylhexadecanoic acid,0.861,0.8246,33.682,8.125,0.157,0.148,609.0,667.0,477.0,550.0,35.49657349529473,52.07123846593219,33.13910751023623,49.32139306206891
CCCCCCCCCCCCC(CCC)CCC(=O)O,4-propylhexadecanoic acid,0.862,0.825,33.643,8.121,0.157,0.148,609.0,667.0,477.0,550.0,35.67182230056833,52.31851293770233,33.30271735837473,49.55560914326256
CCCCCCCCCCCC(=O)OC(C)CCCCC,"dodecanoic acid, 1-methylhexyl ester",0.8395,0.7999,10.482,3.25,0.156,0.147,633.0,688.0,474.0,548.0,50.79417807356293,69.2632988801742,46.82475579323994,64.9693490971687
CCCCCCCCCCCCCCCCC(=O)OCC,"heptadecanoic acid, ethyl ester",0.8454,0.807,6.388,2.354,0.163,0.153,634.0,689.0,475.0,547.0,59.76540602417264,77.41261263300575,55.10310587164699,72.54650466074492
CCCCCCCCCCCCCCCCCOC(C)=O,heptadecyl ethanoate,0.953,0.911,4.722,1.756,0.156,0.146,598.0,657.0,475.0,547.0,63.60229519204613,82.2501173043953,59.61295599471423,78.1180191793038
CCCCCCCCCCCC(=O)OCCCCCCC,heptyl dodecanoate,0.8472,0.809,5.43,2.101,0.157,0.148,605.0,663.0,475.0,547.0,60.01168331646008,77.08937695270913,56.06372298981643,73.02954839204384
CC(C)CCCC(C)CCCC(C)CCCC(C)C,"2,6,10,14-tetramethylpentadecane",0.7686,0.7275,4.567,1.597,0.12,0.112,584.4,646.0,462.0,538.0,54.09205413583491,71.1551374693532,50.63160335350389,67.58602565934736
CCCCCCCCCCCCCCCCC(C)C,2-methyloctadecane,0.768,0.732,4.635,1.721,0.141,0.132,606.0,664.0,454.9,529.6,58.87247008907104,76.12475886671912,54.30933206601197,71.43262585180503
CCOC(=O)CCCCCCCCCCCCC(C)CC,"hexadecanoic acid, 14-methyl-, ethyl ester",0.988,0.942,8.907,2.76,0.156,0.147,633.0,688.0,474.0,548.0,55.4635345742652,75.64328122539777,51.12921520471644,70.95380705574352
CCCC(CCC)CCCCCC(CCC)CCC,"4,10-dipropyltridecane",0.7787,0.7417,4.02,1.483,0.129,0.121,575.0,637.0,462.0,536.0,57.07850321798242,74.27219130477998,53.67126098775956,70.75153562378698
CCCCC(C)CCCCCCCCCCCC(=O)OC,methyl 13-methylheptadecanoate,0.991,0.945,9.485,2.857,0.157,0.147,634.0,689.0,474.0,548.0,54.76633440422471,74.94246484317792,50.46408616292054,70.26772238884419
CCCCCCC(CCCC)(CCCC)CCCC,"5,5-dibutylundecane",0.7896,0.7536,7.092,2.389,0.119,0.112,550.0,614.0,463.0,536.0,44.994259270919855,60.3408295543654,42.86679506919836,58.07825631020146
CCC(C)CCCCCCCCCCCCCC(=O)OC,methyl 15-methylheptadecanoate,1.004,0.958,9.861,3.027,0.159,0.149,644.0,698.0,474.0,548.0,54.90693861291606,74.72573498368037,50.3714071108132,69.8091959747909
CCCCCCCCCCCCCCC(C)(C)CC(=O)O,"3,3-dimethylheptadecanoic acid",0.987,0.942,8.511,2.654,0.144,0.135,631.0,689.0,474.0,550.0,52.66331966477585,71.52650557139641,48.59106528488169,67.13360447265032
COC(=O)CCCCCCCCCCCCCCC(C)C,methyl 16-methylheptadecanoate,1.002,0.956,9.78,2.929,0.158,0.149,643.0,697.0,474.0,548.0,54.76155390335117,75.39033622885977,50.259997646847026,70.45848014714645
CCCCCCCCCCCCCCCCCCOC=O,"formic acid, octadecyl ester",,,,,0.184,0.173,647.0,697.0,484.0,553.0,,,,
CCCCCCCCCCC(CCCC)CCCC,5-butylpentadecane,0.7777,0.742,4.115,1.617,0.137,0.128,586.0,645.0,463.0,535.0,58.93113893300762,74.98376168701556,55.15224152627455,71.14166003723102
CCCCCCC(CCCCCC)CCCCCC,7-hexyltridecane,0.77377,0.73313,4.226,1.491,0.138,0.129,597.0,654.0,463.0,535.0,61.30109303136647,80.32173670243021,57.070880334708185,75.90964989698966
CCCCCCCCCCCCCC(CCC)CC(=O)O,3-propylhexadecanoic acid,0.7757,0.74,4.641,1.757,0.141,0.132,607.0,663.0,463.0,535.0,57.01671604000511,73.25870247974578,52.83468881318945,68.96891371339878
CCCCCCCCCCC(C)CCCCCCC,8-methyloctadecane,0.7745,0.739,4.648,1.759,0.141,0.132,607.0,663.0,463.0,535.0,58.62230107976016,75.32948966317653,54.32250838313893,70.91844240744483
CCCCCCCCCC(C)CCCCCCCC,9-methyloctadecane,0.7741,0.738,4.651,1.762,0.141,0.132,607.0,663.0,463.0,535.0,58.88864694930842,75.64920793539518,54.56931847869732,71.2194390287724
CC(C)CCCC(C)CCC(CC(C)C)CC(C)C,"2,6,11-trimethyl-9-isobutyldodecane",0.822,0.782,2.676,1.151,0.109,0.102,555.0,623.0,462.0,539.0,57.386072614413145,71.66056834050337,54.50052365486408,68.79972152143371
CCCCC(C)CCCC(C)CCCC(C)CCC,"4,8,12-trimethylhexadecane",0.7904,0.753,4.302,1.726,0.134,0.125,634.0,689.0,462.0,537.0,59.33433148192246,74.70339352338382,54.28028671981835,69.64517439891407
CCCCCCCCCCCCCCC(C)C(C)C,"heptadecane, 2,3-dimethyl-",0.7768,0.739,4.763,1.719,0.136,0.127,594.0,654.0,452.2,528.0,57.38944256461902,74.76906061430473,53.15086849523891,70.40067547289213
CCCCCCCCCCCCCC(C)CC(C)C,"heptadecane, 2,4-dimethyl-",0.7721,0.7344,4.533,1.634,0.133,0.124,631.0,688.0,461.2,537.1,58.20694185424295,75.56551431133212,53.29403261244872,70.48140116989521
CCCCCCCCCCCCCCCC(C)CC,"octadecane, 3-methyl-",0.7741,0.736,4.702,1.753,0.141,0.132,612.0,669.0,453.6,528.5,59.74325420530201,77.11129988292932,54.915864860461475,72.16360379520053
CCCCCCCCCCC(C)CC(C)CC(C)C,"hexadecane, 2,4,6-trimethyl-",0.7722,0.7352,4.261,1.496,0.122,0.114,610.0,668.0,462.0,537.0,54.84846445908595,71.9390756952956,50.72417342009121,67.65454867273962
CCCCCCCCCCCCCCC(C)CCC,"octadecane, 4-methyl-",0.7743,0.738,4.404,1.653,0.141,0.132,598.0,656.0,463.0,535.0,59.641441944777974,76.91020067620985,55.49962191074889,72.62310502783525
CCCCCCCCCCCCCC(C)CCCC,"octadecane, 5-methyl-",0.7739,0.737,4.38,1.628,0.141,0.132,600.0,657.0,463.0,535.0,60.06568064960348,77.63089389991988,55.8419260017772,73.27222293992227
CCCCCCCCCCCCC(C)CCCCC,"octadecane, 6-methyl-",0.7745,0.739,4.648,1.759,0.141,0.132,607.0,663.0,463.0,535.0,58.62230107976016,75.32948966317653,54.32250838313893,70.91844240744483
CCCCCCCCCCCCCCCCC(=O)OCC,"heptadecanoic acid, ethyl ester",0.889,0.847,7.987,2.597,0.129,0.12,600.0,659.0,456.8,532.3,47.902036385425,64.04552712239436,44.36505049497669,60.31205845724651
CCCCCCCCCCCCCCCCCCC,nonadecane,0.7719,0.7306,4.495,1.547,0.142,0.1338,608.6,658.7,454.8,528.2,62.110771864764935,82.14380253210615,57.224135929395224,77.19712958425563
CCCCCCCCCCCCCCCCCCCO,1-nonadecanol,,,,,,,,,466.6,542.4,,,,
CCCCCCCCCCCCCCCCCOCC,ethyl heptadecyl ether,0.93,0.889,5.376,2.025,0.163,0.154,625.0,678.0,479.0,549.0,64.51175798418515,83.39412979172619,59.85993044708268,78.58728203684636
CCCCCCCCCCCCCCCCCCOC,"octadecane, 1-methoxy-",0.931,0.89,5.585,2.022,0.163,0.154,625.0,679.0,479.0,549.0,63.82332808816632,83.46351260161948,59.22114200012264,78.62006367792036
c1ccc2c3c(ccc2c1)-c1cccc2cccc-3c12,benzo[j]fluoranthene,,,,,,,,,268.0,320.0,,,,
c1ccc2cc3c(cc2c1)-c1cccc2cccc-3c12,benzo[k]fluoranthene,,,,,,,,,266.3,318.9,,,,
CCCCCCCCCCCCCCCC(O)CCC,4-nonadecanol,,,,,,,,,285.0,338.0,,,,
CCCCCCCCCCCCCCCC(C)(O)CC,3-methyl-3-octadecanol,,,,,,,,,481.0,554.0,,,,
c1ccc2cc(-c3ccc4ccccc4c3)ccc2c1,"2,2'-binaphthyl",,,,,,,,,285.0,338.0,,,,
C1=Cc2c3ccc4ccccc4c3cc3cccc1c23,benz[j]aceanthrylene,,,,,0.395,0.381,424.0,457.0,266.6,318.8,,,,
c1ccc(-c2c3ccccc3cc3ccccc23)cc1,9-phenylanthracene,,,,,,,,,285.0,338.0,,,,
CCCCCCCCCCCCCCCCC(C)CO,2-methyl-1-octadecanol,,,,,,,,,480.0,553.0,,,,
c1ccc2c(c1)C1c3ccccc3C2c2ccccc21,tribenzobicyclo[2.2.2]octatriene,,,,,,,,,276.0,330.0,,,,
O=C(c1ccccc1)c1cccc(C(=O)c2ccccc2)c1,m-dibenzoylbenzene,,,,,,,,,327.0,380.0,,,,
c1ccc2c(c1)cc1ccc3cccc4ccc2c1c34,benzo[a]pyrene,,,,,,,,,272.0,324.4,,,,
O=C(c1ccccc1)c1ccc(C(=O)c2ccccc2)cc1,"methanone, 1,4-phenylenebis[phenyl-",,,,,,,,,327.0,380.0,,,,
O=C(c1ccccc1)c1ccccc1C(=O)c1ccccc1,o-dibenzoylbenzene,,,,,,,,,327.0,380.0,,,,
C(=C1c2ccccc2-c2ccccc21)c1ccccc1,"9H-fluorene, 9-(phenylmethylene)-",1.143,1.106,5.337,2.26,0.269,0.258,376.0,419.0,286.0,339.0,80.5334856067987,102.60087830665324,74.56790140572254,96.66459795575868
c1cc2ccc3ccc4ccc5ccc1c1c2c3c4c51,"dibenzo[ghi,mno]fluoranthene",,,,,,,,,248.7,300.0,,,,
c1ccc(-c2oc(-c3ccccc3)c3ccccc23)cc1,"1,3-diphenylisobenzo[c]furan",1.246,1.208,30.498,9.106,0.3,0.284,425.0,466.0,298.0,353.0,54.68323440622367,75.7992413027207,49.48635010943525,70.10305186253844
c1ccc2c(c1)-c1cccc3c1c-2cc1ccccc13,benz[e]acephenanthrylene,,,,,,,,,268.0,320.0,,,,
c1cc2ccc3ccc4ccc5c6ccc1c6c2c3c45,"Dicyclopenta[cd,fg]pyrene",,,,,,,,,250.9,300.6,,,,
[2H]c1c([2H])c2c([2H])c([2H])c([2H])c3c4c([2H])c([2H])c([2H])c5c([2H])c([2H])c([2H])c(c(c1[2H])c23)c54,perylene,,,,,,,,,275.4,326.6,,,,
c1cc2cc3ccc4ccc5cc6ccc1c2c6c3c45,"dicyclopenta[cd,jk]pyrene",,,,,,,,,252.9,302.7,,,,
Oc1ccc2ccc3c4ccccc4cc4ccc1c2c43,3-hydroxybenzo[a]pyrene,,,,,,,,,289.0,341.0,,,,
c1cc2cc3ccc4cc5ccc6cc(c1)c2c(c34)c65,"dicyclopenta[cd,mn]pyrene",,,,,,,,,251.0,300.8,,,,
c1ccc2c(c1)c1cccc3ccc4cccc2c4c31,benzo[e]pyrene,,,,,,,,,266.7,320.0,,,,
c1cc2c3c(c4ccc5ccccc5c4cc3c1)CC2,cholanthrene,,,,,,,,,275.3,330.5,,,,
Cc1ccc2cc3c(C)c4ccccc4cc3cc2c1,"2,6-dimethyl-2,3-benzanthracene",,,,,,,,,300.0,355.0,,,,
CCc1c2ccccc2cc2ccc3ccccc3c12,12-ethylbenz[a]anthracene,,,,,,,,,299.0,354.0,,,,
Cc1c(C)c2c3ccccc3ccc2c2ccccc12,"5,6-dimethylchrysene",,,,,,,,,300.0,355.0,,,,
O=C(O)C(c1ccccc1)(c1ccccc1)c1ccccc1,triphenylacetic acid,,,,,,,,,328.0,388.0,,,,
Cc1ccc2cc3c(ccc4cc(C)ccc43)cc2c1,"3,9-dimethylbenz[a]anthracene",,,,,,,,,300.0,355.0,,,,
CCc1cc2ccccc2c2ccc3ccccc3c12,5-ethylchrysene,,,,,,,,,299.0,354.0,,,,
Cc1cccc2c1ccc1c(C)c3ccccc3cc12,"4,7-dimethylbenz[a]anthracene",,,,,,,,,300.0,355.0,,,,
Cc1cc2ccccc2c2c(C)c3ccccc3cc12,"4,9-dimethyl-1,2-benzanthracene",,,,,,,,,300.0,355.0,,,,
Cc1cc2cc3ccccc3c(C)c2c2ccccc12,"5,12-dimethylbenz[a]anthracene",,,,,,,,,300.0,355.0,,,,
Cc1c(C)c2cc3ccccc3cc2c2ccccc12,"5,6-dimethylbenz[a]anthracene",,,,,,,,,300.0,355.0,,,,
Cc1cc2cc(C)c3ccccc3c2c2ccccc12,"5,8-dimethylbenzo[c]phenanthrene",,,,,,,,,300.0,355.0,,,,
O=C(c1ccccc1)C(c1ccccc1)c1ccccc1,"1,2,2-triphenylethanone",,,,,,,,,319.0,376.0,,,,
Cc1cc2cc3ccc4ccccc4c3cc2cc1C,"7,12-dimethylbenz[a]anthracene",,,,,,,,,300.0,355.0,,,,
CC(c1ccccc1)(c1ccccc1)c1ccccc1,"1,1,1-triphenylethane",,,,,,,,,309.3,367.8,,,,
c1ccc(Cc2ccccc2Cc2ccccc2)cc1,"1,2-bis(phenylmethyl)benzene",,,,,,,,,315.0,372.0,,,,
c1ccc(CC(c2ccccc2)c2ccccc2)cc1,"1,1,2-triphenylethane",,,,,,,,,312.8,372.5,,,,
Cc1cccc2cc3c(cc12)c(C)cc1ccccc13,"6,8-dimethylbenz[a]anthracene",,,,,,,,,300.0,355.0,,,,
c1ccc(Cc2cccc(Cc3ccccc3)c2)cc1,"1,3-bis(phenylmethyl)benzene",1.0412,1.004,20.169,5.378,0.166,0.158,443.0,486.0,315.0,372.0,40.893686160023,58.75447111041586,37.15332189126673,54.4984144965396
CCc1cc2c3ccccc3ccc2c2ccccc12,6-ethylchrysene,,,,,,,,,299.0,354.0,,,,
Cc1cccc2c(C)c3ccc4ccccc4c3cc12,"7,11-dimethylbenz[a]anthracene",,,,,,,,,300.0,355.0,,,,
c1ccc(Cc2ccc(Cc3ccccc3)cc2)cc1,"1,4-bis(phenylmethyl)benzene",,,,,,,,,315.0,372.0,,,,
C(C=Cc1ccccc1)=C/C=C/C=Cc1ccccc1,"1,8-diphenyl-1,3,5,7-octatetraene",,,,,,,,,324.0,380.0,,,,
C(C#CCCc1ccccc1)#CCCc1ccccc1,"1,8-diphenyl-3,5-octadiyne",,,,,,,,,336.0,389.0,,,,
CCc1c2ccccc2cc2c1ccc1ccccc12,7-ethylbenz[a]anthracene,,,,,,,,,299.0,354.0,,,,
Cc1cccc2ccc3cc4ccccc4c(C)c3c12,"benz[a]anthracene, 1,12-dimethyl-",,,,,,,,,300.0,355.0,,,,
Cc1cc2cccc(C)c2c2cc3ccccc3cc12,"benz[a]anthracene, 1,6-dimethyl-",,,,,,,,,300.0,355.0,,,,
Cc1ccc(C(c2ccccc2)c2ccccc2)cc1,1-(diphenylmethyl)-4-methylbenzene,,,,,,,,,314.0,373.0,,,,
Cc1c2ccccc2cc2c1ccc1cccc(C)c12,"benz[a]anthracene, 1,7-dimethyl-",,,,,,,,,300.0,355.0,,,,
Cc1cccc(C(c2ccccc2)c2ccccc2)c1,1-(diphenylmethyl)-3-methylbenzene,1.038,1.001,32.755,7.293,0.153,0.147,409.0,457.0,314.0,373.0,32.85097355853146,50.249322937800855,30.496976712429337,47.45887965127051
Cc1ccc2cc3c(ccc4cccc(C)c43)cc2c1,"benz[a]anthracene, 1,9-dimethyl-",,,,,,,,,300.0,355.0,,,,
OCc1c2ccccc2c(CO)c2c1ccc1ccccc12,"benz[a]anthracene-7,12-dimethanol",,,,,,,,,335.0,391.0,,,,
COC(c1ccccc1)(c1ccccc1)c1ccccc1,"benzene, 1,1',1''-(methoxymethylidyne)tris-",1.18,1.138,62.712,13.181,0.179,0.171,477.0,518.0,330.0,388.0,32.59290408256892,50.058622622362854,29.384195839034827,46.150488109411626
Cc1c2ccccc2c(C)c2c1ccc1c(O)cccc12,"benz[a]anthracen-4-ol, 7,12-dimethyl-",,,,,,,,,321.0,376.0,,,,
Cc1c2ccccc2c(CO)c2c1ccc1ccccc12,"benz[a]anthracene-12-methanol, 7-methyl-",,,,,,,,,318.0,373.0,,,,
Cc1c2ccccc2c(CO)c2ccc3ccccc3c12,"benz[a]anthracene-7-methanol, 12-methyl-",,,,,,,,,318.0,373.0,,,,
Cc1ccc(C)c(-c2ccc3c(C)ccc(C)c3c2)c1,"2-(2,5-dimethylphenyl)-5,8-dimethylnaphthalene",1.0483,1.013,27.664,6.91,0.24,0.23,481.0,521.0,332.0,390.0,49.07035504632443,71.90510523517165,44.210755176021685,66.27958013607739
Cc1ccc(-c2ccc3ccc(C)c(C)c3c2)cc1C,"2-(3,4-dimethylphenyl)-7,8-dimethylnaphthalene",1.0464,1.011,28.67,7.122,0.24,0.229,479.0,518.0,332.0,390.0,48.56149361338497,71.01466378065123,43.80359944361041,65.56522376866887
C1=CC(c2ccccc2)C(c2ccccc2)C=CCC1,"3,4-diphenyl-1,5-cyclooctadiene",1.0033,0.966,59.803,13.458,0.17,0.162,424.0,473.0,318.0,378.0,30.222250919118633,45.79857673924974,27.872860445283845,42.99935946931016
CC(C)c1c2ccccc2c(C(C)C)c2ccccc12,"9,10-diisopropylanthracene",1.075,1.038,47.442,9.634,0.243,0.232,466.0,513.0,343.0,405.0,42.63203593751904,66.34007469067338,39.1108586736004,62.0721858769961
CCc1c2ccccc2c(CC)c2cc(C)c(C)cc12,"anthracene, 9,10-diethyl-2,3-dimethyl-",1.12,1.082,22.321,5.36,0.234,0.223,499.0,539.0,346.0,405.0,52.684697027320766,77.68820464269395,47.528149999857035,71.68631619396257
CC(c1ccccc1)(c1ccccc1)c1ccc(O)cc1,"p-(.alpha.,.alpha.-diphenylethyl)-phenol",,,,,,,,,,,,,,
CC1(C2c3ccccc3-c3ccccc32)C(=O)CCCC1=O,"1,3-cyclohexanedione, 2-(9H-fluoren-9-yl)-2-methyl-",,,,,,,,,333.0,395.0,,,,
CCc1cc2ccc3cccc4ccc(c1CC)c2c34,"pyrene, 1,2-diethyl-",,,,,,,,,314.0,369.0,,,,
Cc1cc(C)c2ccc3c(C)cc(C)c4ccc1c2c43,"pyrene, 1,3,6,8-tetramethyl-",,,,,,,,,316.0,371.0,,,,
CCc1cc2cccc3cc(CC)c4cccc1c4c23,"pyrene, 4,10-diethyl-",,,,,,,,,314.0,369.0,,,,
CCc1c(CC)c2cccc3ccc4cccc1c4c32,"pyrene, 4,5-diethyl-",,,,,,,,,314.0,369.0,,,,
CCc1cc2cccc3c(CC)cc4cccc1c4c23,"pyrene, 4,9-diethyl-",,,,,,,,,314.0,369.0,,,,
CCc1c(C)c2cccc3cc(C)c4cccc1c4c32,"pyrene, 4-ethyl-5,10-dimethyl-",,,,,,,,,315.0,370.0,,,,
CCc1c(C)c2cccc3c(C)cc4cccc1c4c32,"pyrene, 4-ethyl-5,9-dimethyl-",,,,,,,,,315.0,370.0,,,,
CCCc1c2ccccc2c(CCC)c2ccccc12,"anthracene, 9,10-dipropyl-",1.112,1.074,28.777,7.169,0.262,0.25,492.0,534.0,344.0,403.0,52.99073377599503,77.5109137923032,47.91638434787061,71.61068215498173
CCCCCc1c2ccccc2c(C)c2ccccc12,"anthracene, 9-methyl-10-pentyl-",1.114,1.076,29.623,7.342,0.262,0.25,493.0,534.0,344.0,403.0,52.59061428827872,76.99273910508018,47.52742609077273,71.13195159934779
Cc1ccc2c(ccc3c(C)c(C(C)C)ccc32)c1C,"phenanthrene, 1,2,8-trimethyl-7-(1-methylethyl)-",1.093,1.057,48.49,9.366,0.224,0.214,483.0,526.0,346.0,406.0,40.05759789709896,63.05576062609213,36.46974120038677,58.62594446341727
Cc1cccc2c1ccc1c(C)c(CC(C)C)ccc12,"phenanthrene, 1,8-dimethyl-2-(2-methylpropyl)-",1.106,1.069,49.729,9.355,0.24,0.23,490.0,533.0,345.0,405.0,42.29043922979124,67.19486349094021,38.315857542961325,62.19920161059361
CCCCc1cccc2c1ccc1cc(C)c(C)cc12,"phenanthrene, 1-butyl-6,7-dimethyl-",1.121,1.083,24.086,5.91,0.249,0.238,500.0,540.0,345.0,404.0,53.95414859107835,79.24414446437376,48.6063592996833,73.0331267531566
C1C2C3C4C1C15C6CC7C8C6C6CC8C8(C3CC4C618)C275,"2,7,8b,3,4b,6-ethanediylidynedipentaleno[1,6-ab:1',6'-ef]pentalene, hexadecahydro-",,,,,,,,,,,,,,
CCc1cc(C)c2ccc3cc(C(C)C)ccc3c2c1,"phenanthrene, 3-ethyl-1-methyl-7-(1-methylethyl)-",1.103,1.065,45.331,8.92,0.24,0.229,487.0,530.0,345.0,405.0,43.657838918252594,68.29068130143473,39.623136337762034,63.31399846895242
CCc1ccc(C)c2ccc3cc(C(C)C)ccc3c12,"phenanthrene, 4-ethyl-1-methyl-7-(1-methylethyl)-",1.101,1.063,44.505,8.843,0.239,0.229,485.0,529.0,345.0,405.0,43.70215381663635,68.4210733591031,39.70929728439515,63.46859732855229
CCc1cc2c(ccc3c(C)cccc32)cc1C(C)C,"phenanthrene, 6-ethyl-1-methyl-7-(1-methylethyl)-",1.101,1.063,44.505,8.843,0.239,0.229,485.0,529.0,345.0,405.0,43.70215381663635,68.4210733591031,39.70929728439515,63.46859732855229
CCCc1c(CCC)c2ccccc2c2ccccc12,"phenanthrene, 9,10-dipropyl-",1.109,1.071,29.757,7.283,0.26,0.249,488.0,530.0,344.0,403.0,52.08584693800825,76.7831453158406,47.20642633770193,71.08850904703823
C#CC1(O)CCC2C3CCc4cc(O)ccc4C3CCC21C,"19-nor-17.alpha.-pregna-1,3,5(10)-trien-20-yne-3,17-diol",,,,,,,,,375.0,442.0,,,,
C=C1CC2C(CCC3(C)C(=O)CCC23)C2(C)C=CC(=O)C=C12,exemestane,,,,,,,,,364.0,433.0,,,,
CCCCCCC=C(c1ccccc1)c1ccccc1,"1,1-diphenyl-1-octene",0.9813,0.943,18.343,5.196,0.162,0.153,490.0,537.0,361.0,422.0,42.529332063939954,59.72194536846527,39.0268213722419,55.8075004944342
CCCCCOc1ccc(C=Cc2ccc(OC)cc2)cc1,trans-1-(4-methoxyphenyl)-2-(4-pentoxyphenyl)ethene,,,,,,,,,394.0,453.0,,,,
CCC(C)(CC)C(=Cc1ccccc1)c1ccccc1,"1,2-diphenyl-3-ethyl-3-methyl-1-pentene",0.9703,0.9334,64.928,11.785,0.139,0.132,459.0,512.0,361.0,424.0,25.938114084016348,41.65162896620493,24.24360857745133,39.49956987528238
Cc1cc(C)c2ccc3c(C)cc(C)c4ccc1c2c43,"pyrene, 1,3,6,8-tetramethyl-",0.989,0.95,14.156,4.211,0.142,0.135,464.0,515.0,362.0,424.0,41.456556824962114,57.89943826293531,38.66040878931013,54.81772302228818
C=CC(CCCCC)(c1ccccc1)c1ccccc1,"3,3-diphenyl-1-octene",0.991,0.953,58.527,11.542,0.15,0.143,465.0,517.0,362.0,425.0,28.547328657931743,44.8680012474422,26.605760677704986,42.46172560647381
CC=C(CC(C)(CC)c1ccccc1)c1ccccc1,"5-methyl-3,5-diphenyl-2-heptene",0.9764,0.9385,54.281,10.655,0.139,0.132,459.0,512.0,361.0,424.0,27.48436961688556,43.17306782193622,25.688849113373703,40.942398928659586
c1ccc(CCCCc2ccc3c(c2)CCCC3)cc1,"6-(4-phenylbutyl)-1,2,3,4-tetrahydronaphthalene",1.0067,0.969,26.82,7.224,0.143,0.136,483.0,529.0,346.0,409.0,34.645917704922745,49.58513510891819,31.542771376212183,46.12338651026713
CCCCCCCC1c2ccccc2-c2ccccc21,9-heptyl-9H-fluorene,0.9743,0.94,20.528,5.426,0.201,0.192,472.0,520.0,353.0,414.0,46.15517263711924,66.72794764979912,42.53334317299865,62.58326587933226
CCCCCCCC(c1ccccc1)c1ccccc1,"1,1-diphenyloctane",0.933,0.895,45.016,9.944,0.17,0.161,542.0,586.0,371.0,436.0,35.0339489329864,52.66535036257326,31.49053028915046,48.46217792801112
Cc1cc(C)c(CCc2c(C)cc(C)cc2C)c(C)c1,"1,2-bis(2,4,6-trimethylphenyl)ethane",,,,,,,,,378.0,440.0,,,,
Cc1ccc(CCCCCCc2ccc(C)cc2)cc1,"1,6-bis(4-methylphenyl)hexane",,,,,,,,,374.0,436.0,,,,
Cc1cc(C)c(C(C=O)c2c(C)cc(C)cc2C)c(C)c1,"benzeneacetaldehyde, 2,4,6-trimethyl-.alpha.-(2,4,6-trimethylphenyl)-",1.073,1.031,11.184,3.201,0.105,0.1,516.0,563.0,382.0,444.0,36.6596286859228,51.57538558407805,33.68636303820201,48.242888345936365
CC(C)(C)c1cccc(-c2cccc(C(C)(C)C)c2)c1,"1,1'-biphenyl, 3,3'-bis(1,1-dimethylethyl)-",0.966,0.925,27.95,7.135,0.166,0.157,469.0,525.0,374.0,441.0,38.62708506352816,56.244583176598105,36.24430672256822,53.55258827687674
CC(C)c1ccc(C(C)c2ccc(C(C)C)cc2)cc1,"1,1-bis[4-(1-methylethyl)phenyl]ethane",0.9531,0.9142,8.394,2.516,0.12,0.113,485.0,540.0,373.0,439.0,42.68128664862304,59.12800146551473,39.64240976303019,55.782259917200506
CC(C)(C)c1ccc(C(C)(C)C)c(-c2ccccc2)c1,"2,5-di(1,1-dimethylethyl)-1,1'-biphenyl",,,,,,,,,374.0,441.0,,,,
CC(C)(C)c1ccc(-c2ccc(C(C)(C)C)cc2)cc1,"4,4'-bis(1,1-dimethylethyl)-1,1'-biphenyl",,,,,,,,,374.0,441.0,,,,
CCCCc1ccc(-c2ccc(CCCC)cc2)cc1,"4,4'-dibutyl-1,1'-biphenyl",,,,,,,,,374.0,436.0,,,,
c1ccc(CCCCCCCCc2ccccc2)cc1,"1,8-diphenyloctane",0.9273,0.8895,12.941,4.047,0.162,0.154,474.0,526.0,371.0,435.0,46.208004781056765,63.62631073533143,43.13061489574252,60.3157149777354
CCCCCC(CCO)(c1ccccc1)c1ccccc1,"3,3-diphenyl-1-octanol",,,,,,,,,389.0,455.0,,,,
CCCCCCCCc1ccc(-c2ccccc2)cc1,"4-octyl-1,1'-biphenyl",,,,,,,,,373.0,435.0,,,,
Cc1cc(C)c(C)c(-c2c(C)c(C)cc(C)c2C)c1C,"2,2',3,3',5,5',6,6'-octamethylbiphenyl",,,,,,,,,380.0,441.0,,,,
CC(C)(C)c1cccc(-c2cccc(C(C)(C)C)c2)c1,"1,1'-biphenyl, 3,3'-bis(1,1-dimethylethyl)-",,,,,,,,,380.0,449.0,,,,
CCCCCCC(C)(c1ccccc1)c1ccccc1,"2,2-diphenyloctane",0.99,0.952,61.616,11.555,0.148,0.14,483.0,536.0,372.0,437.0,28.10633406610647,44.53102080370488,26.115816294270115,42.04516136952083
COCc1cc(C(C)c2ccccc2)c(O)c(C(C)(C)C)c1,"2-(1,1-dimethylethyl)-4-(methoxymethyl)-6-(1-phenylethyl)phenol",,,,,,,,,410.0,476.0,,,,
CCCCCC(c1ccccc1)C(C)c1ccccc1,"2,3-diphenyloctane",0.975,0.936,24.615,5.983,0.151,0.143,472.0,527.0,371.0,437.0,36.94222188774667,54.550022239112245,34.522958727999296,51.75079598799852
CCCc1ccc(C(C)(CC)c2ccc(C)cc2)cc1,2-(4-methylphenyl)-2-(4-propylphenyl)butane,0.982,0.944,19.348,4.555,0.119,0.113,480.0,533.0,374.0,438.0,33.226270419189106,49.525243856739834,30.973994505362516,46.86460123477146
CC(C)(C)c1ccc(-c2cccc(C(C)(C)C)c2)cc1,"3,4'-bis(1,1-dimethylethyl)-1,1'-biphenyl",0.967,0.927,27.921,7.12,0.166,0.157,469.0,526.0,374.0,441.0,38.37091317655255,55.91826149760916,36.00393724011898,53.21339235500851
CCCCCC(Cc1ccccc1)Cc1ccccc1,2-benzyl-1-phenylheptane,0.893,0.856,27.996,6.893,0.161,0.152,492.0,543.0,371.0,436.0,37.1922988013977,54.42162585985726,34.35327291994465,51.16345565242998
CC(C)(C)c1cc(-c2ccccc2)cc(C(C)(C)C)c1,"3,5-di-tert-butylbiphenyl",0.966,0.925,27.95,7.135,0.166,0.157,469.0,525.0,374.0,441.0,38.62708506352816,56.244583176598105,36.24430672256822,53.55258827687674
CCC(CC(C)(CC)c1ccccc1)c1ccccc1,"3-methyl-3,5-diphenylheptane",0.9543,0.9162,28.293,6.876,0.141,0.133,475.0,530.0,372.0,438.0,33.65464540509408,49.54650556384289,31.41845578386779,46.9592222024516
CCC(C)c1ccc(-c2ccc(C(C)CC)cc2)cc1,"4,4'-di(1-methylpropyl)-1,1'-biphenyl",0.9379,0.9,18.126,5.333,0.197,0.186,506.0,556.0,373.0,438.0,49.30735638844301,68.54140971823732,45.253885374801854,64.09293518751274
C1=CC2C(C1)C1CC2C2C3CC(C4C5C=CC(C5)C34)C12,tetra-cyclopentadiene,,,,,,,,,,,,,,
C1Cc2c3c4c(c5c2C(C1)CCC5)CCCC4CCC3,"perylene, 1,2,3,3a,4,5,6,7,8,9,9a,10,11,12-tetradecahydro-",1.16,1.121,5.948,2.409,0.083,0.08,465.0,516.0,329.0,396.0,35.679790931200564,46.13870004868815,32.370916190900196,42.828084306342866
CCCCCCCCCCc1ccc2ccccc2c1,2-decylnaphthalene,0.9113,0.874,8.834,2.622,0.227,0.214,561.0,603.0,381.5,444.8,68.34333422987154,94.08090042726128,61.31790730225253,86.36284837893082
CCCCCCCCc1cccc2c(C)ccc(C)c12,"1,4-dimethyl-5-octylnaphthalene",0.9376,0.8981,13.332,2.807,0.197,0.186,625.0,659.0,388.0,452.0,57.59345685234979,86.94669923670439,50.36518829022965,78.19717686163422
CCCCCCC(C)(CC)c1cccc2ccccc12,1-(1-ethyl-1-methylheptyl)naphthalene,0.9725,0.9365,42.159,9.183,0.196,0.187,513.0,564.0,386.0,452.0,38.2539435035242,58.314587983903415,35.31239762804237,54.79397929314972
Cc1cc(C)c(C(=CO)c2c(C)cc(C)cc2C)c(C)c1,"2,2-dimesitylvinyl alcohol",,,,,,,,,385.0,446.0,,,,
CCCCCCCCCCc1cccc2ccccc12,1-decylnaphthalene,0.9186,0.884,9.035,3.054,0.216,0.205,522.0,570.0,384.2,448.2,62.87263275252112,84.21763697270015,57.6788933922916,78.71082903353842
CCCCCc1cc2ccccc2cc1CCCCC,"2,3-dipentylnaphthalene",0.9199,0.883,8.044,2.831,0.204,0.193,534.0,581.0,387.0,451.0,63.893001397101784,84.34049053821491,58.3605033033885,78.54042333568309
CCCCCCCCc1cc2cc(C)ccc2cc1C,"2,6-dimethyl-3-octylnaphthalene",0.921,0.884,13.344,2.756,0.192,0.182,568.0,610.0,388.0,452.0,54.02172785733399,82.65720170068595,48.52981640636534,75.97275186602589
CCC(C)(CCCC(C)C)c1ccc2ccccc2c1,"2-(1,5-dimethyl-1-ethylhexyl)naphthalene",0.9382,0.903,20.252,5.426,0.19,0.181,509.0,562.0,386.0,453.0,45.58715167160043,65.56879626970954,42.17448174721636,61.710179474836586
CCCCCCC(CCC)c1ccc2ccccc2c1,2-(1-propylheptyl)naphthalene,0.9136,0.879,18.608,5.006,0.21,0.199,521.0,571.0,386.0,451.0,50.25398982006222,71.77484811108687,46.18820712533431,67.16614243494948
CCCCCCc1cc2ccccc2cc1CCCC,2-butyl-3-hexylnaphthalene,0.92,0.883,11.467,2.522,0.202,0.191,526.0,574.0,387.0,451.0,57.220380156801426,86.24905726361425,52.488062688471715,80.5920685023355
CCCCCCc1cccc2ccc(CCCC)cc12,7-butyl-1-hexylnaphthalene,0.916,0.879,10.644,2.485,0.2,0.19,522.0,570.0,387.0,451.0,57.89099627584414,86.11268832705952,53.217369713344254,80.6230849444277
C1C2CC3CC1CC(C14CC5CC(CC(C5)C1)C4)(C2)C3,"1,1'-biadamantane",,,,,,,,,334.0,408.0,,,,
Cc1ccc(C)c2c1CCC1(C(C)C)CC(C)CCC21,"10a-(1-methylethyl)-2,5,8-trimethyl-1,2,3,4,4a,9,10,10a-octahydrophenanthrene",0.9482,0.911,22.147,5.269,0.082,0.078,497.0,553.0,379.0,448.0,24.465561129376553,36.42537438427557,22.6694685333095,34.33048588389387
CCCCCCCC1=Cc2ccccc2C1CCCC,"1H-indene, 1-butyl-2-heptyl-",0.988,0.949,5.061,1.791,0.166,0.157,524.0,575.0,398.0,463.0,63.279032911125746,83.58219989136701,58.567818825520135,78.64066289548981
CCCCCCCC1C(CCCC)=Cc2ccccc21,"1H-indene, 2-butyl-1-heptyl-",0.988,0.949,5.061,1.791,0.166,0.157,524.0,575.0,398.0,463.0,63.279032911125746,83.58219989136701,58.567818825520135,78.64066289548981
c1cc2c(cc1CCCCC1CCCCC1)CCCC2,"6-(4-cyclohexylbutyl)-1,2,3,4-tetrahydronaphthalene",0.9406,0.905,26.579,7.403,0.127,0.12,502.0,556.0,372.0,441.0,31.525887595295647,44.6283727732144,28.976978337095144,41.81211039285478
C1CC1C(C1CC1)(C1CC1)C(C1CC1)(C1CC1)C1CC1,hexacyclopropylethane,1.177,1.129,7.816,2.303,0.093,0.088,539.0,597.0,401.0,474.0,39.45814712538263,55.03723637394141,36.30824691208511,51.57882998686298
C=CC(OC(C=C)C1CC=CCC1C)C1CC=CCC1C,bis[1-(6-methyl-3-cyclohexen-1-yl)allyl] ether,0.938,0.899,13.859,4.004,0.158,0.149,560.0,612.0,402.0,473.0,46.11814308197357,64.2837818448197,42.01218885887328,59.78974241834659
CC(C)c1cc(C(C)C)c2c(c1C(C)C)CCC2(C)C,"1,1-dimethyl-4,5,7-tris(1-methylethyl)indan",0.97,0.928,7.216,2.263,0.065,0.062,531.0,589.0,408.0,480.0,29.856531017036406,41.17378715383117,27.723557694165653,38.870537204395255
CC1(C)CCCC#CCCC#CCCCC(C)(C)CC1,"10,10,13,13-tetramethylcyclohexadeca-1,5-diyne",,,,,,,,,408.0,477.0,,,,
CCCCC(C)c1cc2c(cc1C(C)C)C(C)(C)CC2,"1,1-dimethyl-6-(1-methylethyl)-5-(1-methylpentyl)indan",0.979,0.938,8.172,2.452,0.086,0.082,537.0,593.0,408.0,478.0,35.127896974816196,48.97455605642771,32.51539900239295,46.092821115634905
CCCCCCCCc1cc2c(cc1C)CCC(C)C2,"1,2,3,4-tetrahydro-2,6-dimethyl-7-octylnaphthalene",0.891,0.853,11.897,2.696,0.112,0.106,549.0,600.0,405.0,473.0,37.638774647083665,56.319800593315165,34.55181564375191,52.675128122722256
CCCCCc1cc2c(cc1CCCCC)CCCC2,"1,2,3,4-tetrahydro-6,7-dipentylnaphthalene",0.8973,0.862,9.696,3.364,0.117,0.111,550.0,601.0,405.0,473.0,40.31604699893851,53.60479807170002,36.99056938122321,50.112343652394784
CCCCCCCCCCC1CCCc2ccccc21,1-decyltetralin,0.987,0.948,18.237,5.274,0.139,0.132,536.0,590.0,403.0,472.0,39.00383319469723,54.736097065838216,35.99693671946547,51.4059086736432
CCCCCCCCCCc1cccc2ccccc12,1-decylnaphthalene,0.975,0.934,8.164,2.409,0.132,0.125,524.0,580.0,399.0,468.0,47.67949737498164,66.50226467054232,44.16085295299384,62.607202562331565
CCCCCCCC1Cc2ccccc2C1CCCC,"1H-indene, 1-butyl-2-heptyl-2,3-dihydro-",1.006,0.964,10.934,3.216,0.135,0.128,553.0,604.0,406.0,474.0,45.43171665113514,63.24376764659317,41.64941836772974,59.07564759325643
CCCCCCCc1ccc(CCCCCCC)cc1,"1,4-diheptylbenzene",0.8444,0.808,6.158,2.351,0.146,0.137,585.0,635.0,430.0,499.0,55.00946605963708,70.50719318313497,50.44651404442577,65.88535051763446
CCCCCCC[C@@H]1c2ccccc2C[C@@H]1CCCC,"1H-indene, 2-butyl-1-heptyl-2,3-dihydro-, cis-",1.006,0.964,10.934,3.216,0.135,0.128,553.0,604.0,406.0,474.0,45.43171665113514,63.24376764659317,41.64941836772974,59.07564759325643
CCCCCCCCCCC1CCc2ccccc2C1,2-decyltetralin,0.991,0.951,17.154,4.942,0.14,0.133,539.0,592.0,403.0,472.0,40.23452151691486,56.50399047841099,37.074493858220464,53.01574982133395
CC(C)C1CCc2cc(C(C)(C)C)cc(C(C)(C)C)c21,"5,7-bis(1,1-dimethylethyl)-2,3-dihydro-1-(1-methylethyl)-1H-indene",0.8869,0.85,10.599,3.176,0.068,0.064,521.0,581.0,408.0,480.0,26.547053488269576,36.78222886775544,24.782697574133937,34.858480847086085
CCCCCCCCC1CCCc2c(C)ccc(C)c21,"5,8-dimethyl-1-octyl-1,2,3,4-tetrahydronaphthalene",0.9084,0.8689,14.751,3.016,0.114,0.108,606.0,650.0,405.0,473.0,37.298259515842474,57.18750155698415,33.30091105706567,52.295826955603225
CCCCCCCc1cc2c(cc1CCC)CCCC2,"6-heptyl-7-propyl-1,2,3,4-tetrahydronaphthalene",0.899,0.863,9.677,3.36,0.117,0.111,550.0,601.0,405.0,473.0,40.56172735357155,53.91975170638875,37.215984740122266,50.40677745951372
CCCCCCC1CCCc2ccc(CCCC)cc21,"7-butyl-1-hexyl-1,2,3,4-tetrahydronaphthalene",0.8899,0.8503,10.451,2.486,0.121,0.115,511.0,568.0,404.0,473.0,40.91357346193234,60.86212747444575,38.29690627917255,57.807925081354576
CCCCCCCCCCc1ccc2c(c1)CCCC2,"naphthalene, 6-decyl-1,2,3,4-tetrahydro-",0.8887,0.8497,8.664,2.507,0.137,0.129,592.0,637.0,404.0,472.0,48.93838785555766,67.81375954612616,43.95119022057944,62.32944845838074
C=Cc1ccc(CCCCCCCCCCCC)cc1,p-dodecylvinylbenzene,0.8739,0.836,5.607,2.033,0.152,0.143,578.0,627.0,421.0,488.0,58.724970465942654,76.49829393247205,53.715925107156664,71.29070119081551
CCCCCCc1cc2c(cc1CCCC)CCCC2,"naphthalene, 6-butyl-7-hexyl-1,2,3,4-tetrahydro-",0.8951,0.8549,13.663,2.854,0.118,0.111,545.0,597.0,405.0,473.0,38.10639189646137,58.12366708681983,35.053112887732354,54.43896580264195
CC(C)C1CCC(C)C2CC3=C(CCCC3(C)C)CC12,"1,2,3,4,5,6,7,8,8a,9,10,10a-dodecahydro-8-(1-methylethyl)-4,4,5-trimethylanthracene",0.9246,0.884,11.897,3.054,0.082,0.078,505.0,568.0,395.0,470.0,29.874410666802863,43.669572772533854,27.87958116307962,41.40396032562201
CCCCCCCCCCCCc1ccc(C)c(C)c1,"1,2-dimethyl-4-dodecylbenzene",0.8663,0.8286,2.078,1.026,0.122,0.115,529.0,587.0,432.0,500.0,64.43082204887597,77.5493489260957,60.86213314887088,74.12769916282679
CC1(C)CCCC#CCCC#CCCCC(C)(C)CC1,"10,10,13,13-tetramethylcyclohexadeca-1,5-diyne",0.868,0.8297,3.917,1.567,0.113,0.106,541.0,600.0,431.0,502.0,51.67732899616752,65.75221592136414,48.47637361219826,62.53517974912065
CCCCCCCCCCC(C)c1ccc(CC)cc1,1-ethyl-4-(1-methylundecyl)benzene,0.8466,0.809,9.45,2.967,0.135,0.128,557.0,613.0,430.0,500.0,45.88164389852812,62.841928275300134,42.66036628815941,59.341310546505774
CC1=C(C2=C(C)CCC(C(C)C)C2)CC(C(C)C)CC1,2-methyl-5-(1-methylethyl)-1-[2-methyl-5-(1-methylethyl)-1-cyclohexenyl]-1-cyclohexene,0.9319,0.8895,8.477,2.811,0.079,0.075,500.0,565.0,409.0,483.0,32.2965396434225,43.92571798829877,30.522035800709368,42.03024954132078
CCCCCCCCCCCCC(C)c1ccccc1,"benzene, (1-methyltridecyl)-",0.843,0.805,6.762,2.36,0.153,0.144,572.0,626.0,429.0,499.0,55.73575220029406,73.59225544453001,51.40301584581717,69.04487327954774
CCCCCCCCCCCCCCc1ccccc1,tetradecylbenzene,0.8434,0.8047,5.253,1.939,0.162,0.152,572.0,626.0,418.0,488.9,62.66919086857846,81.27228202649928,57.37668762333406,75.81300147772352
CCCCCCCCCCCC(CC)c1ccccc1,3-phenyltetradecane,0.949,0.907,6.428,2.205,0.152,0.143,569.0,623.0,429.0,499.0,57.790972384246786,76.66485818157791,53.37736830033068,72.02487821089288
CCCCCCCCCCCCCC(=O)c1ccccc1,myristophenone,,,,,,,,,435.0,503.0,,,,
CCCCCCCCCCC1CCCc2ccccc21,1-decyltetralin,0.946,0.904,6.342,2.212,0.152,0.143,566.0,621.0,429.0,499.0,58.04438961287784,76.68613729051303,53.691213871550055,72.11006368244104
C=CCCCCCCCCCCCCCCCCC=C,"1,19-eicosadiene",0.98,0.93,4.898,1.72,0.167,0.155,679.0,725.0,468.0,539.0,73.37624307384147,95.09042316419844,66.08313878418238,87.48218435589618
CCCCCCCC(CCCCCC)c1ccccc1,7-phenyltetradecane,0.944,0.902,6.356,2.217,0.152,0.143,565.0,620.0,429.0,499.0,57.85944501504109,76.44403089236654,53.54676909782925,71.91499929889369
CCCCCCCC(C)(Cc1ccccc1)CC(C)C,[2-methyl-2-(2-methylpropyl)nonyl]benzene,0.8594,0.821,7.447,2.558,0.134,0.126,568.0,624.0,429.0,501.0,49.36055964365218,65.49367168008665,45.613366279819004,61.57129181939605
CCCC(CCCC(C)CC)(c1ccccc1)C(C)C,[5-methyl-1-(1-methylethyl)-1-propylheptyl]benzene,0.856,0.8189,6.308,2.32,0.121,0.114,521.0,585.0,429.0,502.0,46.45658673826461,60.925517034010696,43.9856569566288,58.35878398082176
CCCCCCCCCCC(C)c1ccc(CC)cc1,1-ethyl-4-(1-methylundecyl)benzene,0.944,0.906,5.403,2.428,0.137,0.129,548.0,611.0,423.0,500.0,54.1789523764874,66.99841670202542,50.37338983763467,63.32444751598428
C1CCC(CC(C2CCCCC2)C2CCCCC2)CC1,"1,1,2-tricyclohexylethane",0.955,0.89,16.754,6.18,0.132,0.125,538.0,600.0,391.0,470.0,44.30035490791446,58.15195493012624,40.49649844127778,54.29145739318663
CC1CCC2(C)CCC3C(C(C)C)CCCC3(C)C2C1,"1,3-dimethyl-7-(1-methylethyl)-2,3-(3-methylcyclohexano]bicyclo[4.4.0]decane",0.959,0.918,3.858,1.525,0.097,0.092,518.0,582.0,402.0,479.0,46.635849199207186,60.23142192109819,43.42578887653297,57.02019002426725
C1CCC(CC2(CC3CCCCC3)CCCCC2)CC1,"cyclohexane, bis(cyclohexylmethyl)-",0.9066,0.87,50.96,8.046,0.118,0.112,509.0,586.0,392.0,470.0,25.03678624370033,42.17002288019402,23.263242076370837,39.63285557668576
CC1CC(C)C(CCC2C(C)CC(C)CC2C)C(C)C1,"1,2-bis(2,4,6-trimethylcyclohexyl)ethane",0.8632,0.8237,10.426,3.072,0.102,0.096,557.0,619.0,425.0,502.0,36.84533039964573,51.243441387837656,34.14594959516048,48.31073715853397
CCCCCCCCC(CCCCC)c1ccccc1,"benzene, (1-pentylnonyl)-",,,,,0.152,0.143,563.0,618.0,429.0,499.0,,,,
C1CC2CCCC3C4CCCC5CCCC(C(C1)C23)C54,perhydroperylene,,,,,,,,,,,,,,
C#CCCCCCCCCCCCCCCCCCC,1-eicosyne,0.818,0.785,20.782,5.605,0.106,0.1,617.0,671.0,464.1,536.5,30.524830542695874,43.33181620701855,28.174997047638165,40.68907448531105
CCCCCCCCCCCCCCCC1=CCCC1,1-pentadecylcyclopentene,0.899,0.858,4.116,1.632,0.138,0.13,566.0,626.0,449.0,522.0,60.36549095853413,77.17409830573416,56.55856353291406,73.32902600324041
CCCCCCCCCCCCCCC1=CCCCC1,1-tetradecylcyclohexene,0.892,0.852,5.269,2.113,0.137,0.129,557.0,618.0,447.0,520.0,55.382641855080784,70.61831114918908,52.059034392181175,67.2703999324513
CCCCCc1ccc(C2CCC(CCC)CC2)cc1,1-pentyl-4-(4-propylcyclohexyl)-benzene,,,,,,,,,,,,,,
CC(C)CC(C)(CC1CCCCC1)CC1CCCCC1,"2,2-bis(cyclohexylmethyl)-4-methylpentane",0.8701,0.8327,9.194,3.603,0.11,0.104,530.0,598.0,423.0,503.0,39.13531990121762,50.61196814366238,36.72989031394394,48.20790485095184
CCCCCCCCCCCCCC(=O)c1ccccc1,myristophenone,0.847,0.809,4.486,1.731,0.101,0.095,552.0,617.0,429.0,507.0,45.31228558406838,58.483715256017454,42.210329524127495,55.34093294729521
CCCCCCCCC1CCCC2C(C)CCC(C)C12,"2,5-dimethyl-7-octylbicyclo[4.4.0]decane",0.8625,0.8242,10.133,2.595,0.122,0.115,563.0,623.0,429.0,505.0,42.00400705347847,60.762578864791024,38.91194573035701,57.27730492813188
CC(C)CC(=CC=C(CC(C)C)CC(C)C)CC(C)C,"2,9-dimethyl-4,7-bis(2-methylpropyl)-4,6-decadiene",0.7812,0.7466,3.456,1.473,0.099,0.094,531.0,602.0,464.0,541.0,46.76701118621309,59.33082025067944,45.025861880977416,57.574244820664866
CCCCCCCCC=CCCCCCCC=C(C)C,"2-methyl-2,10-nonadecadiene",0.794,0.758,2.393,1.174,0.147,0.138,599.0,655.0,465.0,536.0,72.07732215749154,86.2971060730202,67.1217071594864,81.56458104464919
CC#CCCCCCCCCCCCCCCCCC,2-eicosyne,0.921,0.881,14.115,3.859,0.157,0.148,623.0,675.0,470.0,539.0,47.77525439415216,67.45289032744931,44.134137953168334,63.31597983221955
CCC(C)(C1CCCCC1)C(C)(CC)C1CCCCC1,"3,4-dicyclohexyl-3,4-dimethylhexane",0.9155,0.8787,21.846,6.487,0.099,0.094,524.0,593.0,424.0,504.0,28.221803930670102,39.61489542058302,26.58978922511169,37.843555995889005
CCCCCCC1CCCC2CCC(CCCC)CC12,3-butyl-10-hexylbicyclo[4.4.0]decane,0.8582,0.8194,12.083,2.726,0.128,0.12,570.0,630.0,428.0,504.0,41.67428902626434,62.208996782112685,38.44729010866546,58.42415113035383
C1CCC(C2C3CCCCC3CC3CCCCC32)CC1,"anthracene, 9-cyclohexyltetradecahydro-",,,,,,,,,,,,,,
CCCCCCC1CC2CCCCC2CC1CCCC,3-butyl-4-hexylbicyclo[4.4.0]decane,0.863,0.827,13.928,2.773,0.125,0.118,559.0,620.0,428.0,504.0,38.33313608828898,59.62297927313005,35.55924583842881,56.24806683256408
CCC#CCCCCCCCCCCCCCCCC,3-eicosyne,0.919,0.878,14.146,3.645,0.157,0.147,622.0,674.0,470.0,539.0,48.05685710344514,68.65778329791083,44.41434451110295,64.47385947533809
CCCCCCCCCCC1CCC2CCCCC2C1,3-decylbicyclo[4.4.0]decane,0.855,0.819,10.269,2.821,0.136,0.128,564.0,624.0,428.0,504.0,44.48570180979007,63.02210904748551,41.16335520777325,59.34733445073363
CCCCCCCCCCCCC(C)C1CCCCC1,(1-methyltridecyl)cyclohexane,0.8372,0.799,11.945,3.88,0.136,0.127,589.0,651.0,455.0,532.0,43.79403113634246,58.836285136395816,40.726782029442205,55.58835906133211
CC1(C)CCCCCCCCCCCCC(C)(C)CC1,"1,1,4,4-tetramethylcyclohexadecane",0.851,0.815,12.926,5.399,0.104,0.098,518.0,591.0,434.0,515.0,33.50433235272343,42.59072290188278,31.877618407618368,40.973100284618226
CCCCCCCCCCCCCCCC1C=CCC1,3-pentadecylcyclopentene,0.947,0.904,4.541,1.77,0.153,0.144,602.0,657.0,449.0,522.0,65.21423147181017,83.40695291059244,60.05079804892531,78.18110952507546
CC(C)CCCC(C)C1CCC2CCCC(C)(C)C2C1,"2,2-dimethyl-9-(1,5-dimethylhexyl)bicyclo[4.4.0]decane",0.858,0.823,17.483,7.169,0.121,0.114,515.0,588.0,428.0,510.0,34.0560197027928,43.52065248677825,32.32865578177924,41.81278031404497
CC1(C)CCCCCCCC(C)(C)CCCCCCC1,"1,1,9,9-tetramethylcyclohexadecane",,,,,,,,,434.0,515.0,,,,
CC1CCC(C(C)C)(C2(C(C)C)CCC(C)CC2)CC1,"4,4'-dimethyl-1,1'-bis(1-methylethyl)-1,1'-bicyclohexyl",0.879,0.8413,6.826,2.734,0.087,0.082,521.0,591.0,425.0,505.0,35.86071808938707,46.060131359875555,33.86400629981309,44.06699928432851
CCCCCCCCC1CCC(C2CCCCC2)CC1,4-octylbicyclohexyl,0.8601,0.824,4.999,2.306,0.13,0.123,544.0,607.0,424.0,500.0,52.241086959634146,64.36450499650843,48.70418153797549,60.94747487836337
CCCCCCCCCCCCCCC=C(CC)CC,3-ethyl-3-octadecene,0.892,0.853,2.578,1.219,0.139,0.131,613.0,671.0,476.0,550.0,69.6554459535446,84.52762658359964,64.87140160598715,79.9292346374745
CCC(OC(CC)C1CCCCC1C)C1CCCCC1C,bis[1-(2-methylcyclohexyl)propyl] ether,1.005,0.962,16.915,4.99,0.132,0.125,582.0,644.0,439.0,518.0,39.505166836880655,55.099877313653735,36.49272834444249,51.82651410071393
CCCCCCCCCCCCCCC1CCCCC1,"tetradecane, 1-cyclohexyl-",0.816,0.78,8.333,2.949,0.144,0.135,639.0,696.0,457.6,535.3,50.81057355754683,66.55035194805492,46.25529149407646,61.81285199093736
CCCCCCCCCCCCCCCC1(O)CCCC1,1-pentadecylcyclopentanol,0.98,0.939,29.592,7.348,0.152,0.138,,,476.0,552.0,,,34.76530335336937,50.034632848169174
CC(C)CCCC1CCC(C(C)CCCC(C)C)CC1,"1-(1,5-dimethylhexyl)-4-(4-methylpentyl)cyclohexane",0.821,0.783,7.186,2.554,0.118,0.111,592.0,656.0,455.0,534.0,45.62092488478672,60.11677596297379,42.365135069472935,56.735905048270176
C=CCCCCCCCCCCCCCCCCCC,1-eicosene,0.813,0.778,5.289,1.928,0.153,0.144,621.0,677.0,466.6,542.2,59.35822053726245,77.33757801416169,54.77196975884471,72.65492280842231
CCCCCCCCCCCCCCCCCC(=O)CC,3-eicosanone,,,,,,,,,493.0,566.0,,,,
C=C(C)CCCCCCCCCCCCCCCCC,2-methyl-1-nonadecene,0.785,0.75,2.803,1.32,0.137,0.129,629.0,685.0,478.0,552.0,65.78646943872569,79.75806235623548,60.897465844171336,75.05891797578003
CC=C(CC)CCCCCCCCCCCCCCC,3-ethyl-2-octadecene,0.784,0.746,3.978,1.466,0.142,0.134,630.0,685.0,476.0,550.0,62.632056411573586,81.44693287699292,57.88326369789057,76.5700624170309
CCC(C)(C1CCCCC1)C(C)(CC)C1CCCCC1,"3,4-dicyclohexyl-3,4-dimethylhexane",0.788,0.753,2.919,1.461,0.141,0.132,624.0,680.0,476.0,550.0,66.38521842492614,78.80207871631211,61.51723388880265,74.23640651658229
C1CCCCCCCCCCCCCCCCCCC1,cycloeicosane,,,,,,,,,423.0,505.0,,,,
CCCCCCCCCCCCCCCCC1CCC1,hexadecylcyclobutane,0.934,0.891,4.069,1.571,0.144,0.135,611.0,667.0,461.7,535.7,64.52966685591193,82.52640185111319,59.63901517230458,77.59111134212021
CCCCCCCCCCCCCCCC1CCCC1,pentadecylcyclopentane,0.89,0.849,4.831,1.885,0.138,0.13,603.0,662.0,487.6,559.7,58.62406884243802,75.13020479809113,55.22363827636451,71.66499057521482
CC(C)CCCC(C)CCC(C)C(C)CCCC(C)C,"2,6,7,10,14-pentamethylpentadecane",0.875,0.833,3.543,1.441,0.115,0.108,617.0,683.0,486.0,567.0,56.74440187828221,71.88568119273009,53.05991971753007,68.21859380423966
CCCCCCCCCCCCCCCCC(=O)CCC,4-eicosanone,0.915,0.874,3.934,1.716,0.179,0.168,646.0,702.0,493.0,566.0,75.16272432514415,92.83681556788684,69.65975522932891,87.38016643495315
CC(C)CC(CCC(CC(C)C)CC(C)C)CC(C)C,"2,9-dimethyl-4,7-bis(2-methylpropyl)decane",0.778,0.7401,4.37,1.324,0.105,0.098,588.0,660.0,485.0,568.0,48.025148950428566,66.0581424373113,45.492733174223034,63.326696743177905
CCCCCCCCCCCCCCCCCC(C)C,2-methylnonadecane,0.7587,0.7017,5.694,2.166,0.143,0.134,630.0,692.0,478.5,557.1,63.655146089780715,81.86330708146964,58.915533259820656,77.01909979041581
CCCCCCCCCCCCCCCC(CC)CC,3-ethyloctadecane,0.7832,0.748,4.092,1.459,0.142,0.133,634.0,693.0,487.0,563.0,60.79846983378519,79.49036273377321,56.45037583362144,74.97806555245516
C=C(C)CCCCCCCCCCCCCCCCC,2-methyl-1-nonadecene,0.776,0.739,5.245,1.813,0.145,0.135,646.0,706.0,477.3,556.0,58.796225455355646,77.2098311334494,53.997676129992286,72.19271568914645
CC(C)(C)CCCCCCCCCCCCC(C)(C)C,"2,2,15,15-tetramethylhexadecane",0.93,0.885,10.0,3.164,0.115,0.108,662.0,719.0,488.0,566.0,44.07475616308549,59.60215980733738,40.45154017227623,55.7226064839196
CC(CCC(C)CC(C)(C)C)CCC(C)CC(C)(C)C,"2,2,4,7,10,12,12-heptamethyltridecane",0.7765,0.74,5.538,2.162,0.091,0.085,614.0,682.0,487.0,569.0,40.60251700328617,51.88064319812832,38.04022621310448,49.30317499739629
CC(C)CCCC(C)CCCCC(C)CCCC(C)C,"2,6,11,15-tetramethylhexadecane",0.7728,0.7325,5.318,1.769,0.127,0.118,633.0,697.0,486.0,566.0,54.12130365436357,71.88856211224434,50.24399550615757,67.79937317700391
CCCCCCCCCCCC(CCCC)CCCC,5-butylhexadecane,0.7772,0.7374,4.864,1.66,0.14,0.131,627.0,687.0,487.0,563.0,59.15612859557704,78.29965729487056,55.097295533822354,74.03582881154378
CCCCCCCCCCCCC(C)CCCC(C)C,"2,6-dimethyloctadecane",0.899,0.856,3.671,1.519,0.136,0.127,636.0,696.0,487.0,564.0,64.34548477337626,80.53089690160743,59.69081206788445,75.90517202668293
CCCCCCCCCCCCCCCCCCCC=O,eicosanaldehyde,,,,,0.184,0.173,667.0,719.0,492.0,565.0,,,,
CCCCCCCCCCCC(C)(CC)CCC(C)C,"5-ethyl-2-5,dimethylhexadecane",0.9137,0.871,4.487,1.837,0.124,0.116,640.0,700.0,487.0,565.0,56.895125349838494,71.50029587921563,52.6864004780251,67.31827652661975
CCCCCCCCCCCCCCCCCCC(C)=O,methyl octadecyl ketone,,,,,0.179,0.168,647.0,702.0,493.0,566.0,,,,
CCCCCCCCC(CC)(CCCC)CCCCC,6-butyl-6-ethyltetradecane,0.7898,0.7546,9.496,3.048,0.123,0.115,592.0,657.0,488.0,564.0,42.4462666728957,57.332920690954566,40.20109643302328,54.92344120364053
CCCCCCCCCCCCCCC(C)CCCC,5-methylnonadecane,0.7765,0.7387,5.151,1.895,0.143,0.134,643.0,701.0,487.0,563.0,58.66694250020476,76.0007741815764,54.25572924038472,71.45548137060808
CCCCCCC(C)C(C)C(C)C(C)CCCCCC,"7,8,9,10-tetramethylhexadecane",0.7993,0.7621,4.129,1.575,0.119,0.112,607.0,673.0,486.0,566.0,53.58873326575229,69.26322137194933,50.34000971495498,65.97042939468031
CCCCC(C)CCCCCCCCC(C)CCCC,"5,14-dimethyloctadecane",0.911,0.867,3.732,1.499,0.137,0.128,645.0,704.0,487.0,564.0,65.06038413992539,82.07947703093197,60.11590261571798,77.11648101783868
CCCCCCC(CCC)C(CCC)CCCCCC,"7,8-dipropyltetradecane",0.7823,0.745,3.963,1.611,0.131,0.123,609.0,673.0,487.0,564.0,58.1840027833338,73.67353487563294,54.63773000337284,70.10123712073828
CCCCCCCCCCCCCCCC(=O)CCCC,5-eicosanone,,,,,,,,,493.0,566.0,,,,
CCCCCCCCC(C)C(C)CCCCCCCC,"9,10-dimethyloctadecane",0.8013,0.7635,4.118,1.572,0.133,0.125,621.0,683.0,487.0,564.0,58.72950826939342,75.64295068683717,54.84810082532542,71.67715012587409
CCCCCC(CC)CC(CC)CC(CC)CCCC,"5,7,9-triethyltetradecane",0.787,0.75,4.066,1.6,0.125,0.117,604.0,670.0,486.0,565.0,55.595754393692545,70.95884904164458,52.2981973268742,67.63678390931338
CCCCC(CCCC)CCC(CCCC)CCCC,"5,8-dibutyldodecane",0.7803,0.743,4.87,1.48,0.131,0.122,607.0,671.0,487.0,564.0,54.85598332966379,74.94821206840844,51.56023907996687,71.37383688340158
CC(=CCC(C)CC(C)(C)C)CCC(C)CC(C)(C)C,"2,2,4,7,10,12,12-heptamethyl-6-tridecene",,,,,,,,,,,,,,
CCCCCCCCCCCCCCCC(O)CCCC,5-eicosanol,,,,,,,,,504.0,581.0,,,,
CCCCCCCCCCCCCCCC(C)CCC,4-methylnonadecane,,,,,,,,,,,,,,
CCCCCCCCCCCCCCCCCCCCO,1-eicosanol,,,,,,,,,490.4,569.9,,,,
CC(C)CCCCCCCCCCCCCCCCCO,"1-nonadecanol, 18-methyl-",,,,,,,,,504.0,581.0,,,,
CCCCCCCCCCCCOCCCCCCCC,dodecyl octyl ether,0.8,0.765,6.75,2.484,0.168,0.157,655.0,712.0,503.0,577.0,59.12666069472219,76.37788086276299,54.89411003057939,71.99191707303757
c1ccc2c3c(ccc2c1)-c1c(ccc2ccccc12)C3,"13H-Dibenzo[a,g]fluorene",,,,,,,,,290.0,346.0,,,,
CCCCCCCCCCCCCCCCCCOCC,ethyl octadecyl ether,,,,,0.169,0.159,656.0,713.0,503.0,577.0,,,,
CCCCCCCCCCOCCCCCCCCCC,"decane, 1,1'-oxybis-",0.8074,0.7731,6.936,2.587,0.162,0.152,626.0,686.0,503.0,577.0,56.119107473179255,72.59208407396439,52.76980260097357,69.14329110693444
CCCCCCCCCCC(O)CCCCCCCCC,10-eicosanol,,,,,0.17,0.154,,,504.0,581.0,,,,
CCCCCCCCCCCCCCCCCCCOC,methyl nonadecyl ether,0.916,0.878,6.769,2.392,0.164,0.155,635.0,694.0,503.0,577.0,58.90834293001004,77.71325891970932,55.17059041449954,73.78013724515009
c1ccc2c(c1)Cc1cc3ccccc3c3cccc-2c13,8H-benzo[fg]naphthacene,,,,,,,,,290.0,346.0,,,,
c1ccc2c(c1)Cc1cccc3c1c-2cc1ccccc13,"8H-dibenz[a,de]anthracene",,,,,,,,,290.0,346.0,,,,
c1ccc2cc(Cc3cccc4ccccc34)ccc2c1,1-(2-naphthylmethyl)naphthalene,,,,,,,,,309.0,366.0,,,,
c1ccc2c(Cc3cccc4ccccc34)cccc2c1,"naphthalene, 1,1'-methylenebis-",,,,,,,,,309.0,366.0,,,,
CC(=C(c1ccccc1)c1ccccc1)c1ccccc1,"1,1,2-triphenylpropene",1.03,0.9958,46.602,11.046,0.161,0.154,466.0,510.0,328.0,388.0,30.91405144548447,46.04393863974881,28.006206015764327,42.6354980268444
C(Cc1ccccc1)=C(c1ccccc1)c1ccccc1,"1,1,3-triphenylpropene",1.091,1.055,31.164,8.057,0.17,0.163,439.0,486.0,327.0,387.0,35.914185918463,52.45962814261506,33.05849207380951,49.20367256099892
C1=Cc2cccc3cc4ccc5ccccc5c4c(c23)C1,"1H-dibenz[a,kl]anthracene",,,,,,,,,290.0,346.0,,,,
Cc1cc2ccc3cc4ccccc4c4ccc(c1)c2c34,2-methylbenzo[a]pyrene,,,,,,,,,294.0,348.0,,,,
Cc1ccc2ccc3c4ccccc4cc4ccc1c2c43,3-methylbenzo[a]pyrene,,,,,,,,,294.0,348.0,,,,
Cc1cc2cccc3c4ccccc4c4cccc1c4c23,4-methylbenzo[e]pyrene,,,,,,,,,294.0,348.0,,,,
C1=Cc2cc3ccc4ccccc4c3c3cccc(c23)C1,"4H-dibenz[a,kl]anthracene",,,,,,,,,290.0,346.0,,,,
Cc1cccc2c1cc1ccc3cccc4ccc2c1c34,7-methylbenzo[a]pyrene,,,,,,,,,294.0,348.0,,,,
C1=Cc2ccc3c(ccc4c5ccccc5ccc34)c2C1,1H-cyclopenta[a]chrysene,,,,,,,,,286.9,343.9,,,,
C1=Cc2cc3ccc4ccccc4c3c3cccc(c23)C1,"dibenz[a,kl]anthracene",,,,,,,,,290.0,346.0,,,,
Cc1ccc2cc3c(ccc4ccccc43)c3c2c1CC3,"1,2-dihydro-3-methylbenz[j]aceanthrylene",,,,,,,,,303.0,359.0,,,,
Cc1cc2cccc3ccc4c5ccccc5cc1c4c32,5-methylbenzo[a]pyrene,,,,,,,,,294.0,348.0,,,,
c1ccc2c(c1)ccc1cc3c4c(ccc3cc12)CCC4,"1,2-benzo-5,6-cyclopentanoanthracene",,,,,,,,,299.0,357.0,,,,
CCc1c2ccccc2c(C)c2ccc3ccccc3c12,12-ethyl-7-methylbenz[a]anthracene,,,,,,,,,325.0,383.0,,,,
CC(C)c1ccc2cc3cc4ccccc4cc3cc2c1,2-(1-methylethyl)naphthacene,,,,,,,,,323.0,383.0,,,,
CC(C)c1c2ccccc2cc2cc3ccccc3cc12,"6-isopropyl-2,3-benzanthracene",,,,,,,,,323.0,383.0,,,,
c1ccc2c(c1)Cc1cc3ccccc3c3cccc-2c13,8H-benzo[fg]naphthacene,,,,,,,,,326.0,384.0,,,,
Cc1cc2cc3c(C)cc4ccccc4c3cc2cc1C,"6,9,10-trimethyl-1,2-benzanthracene",,,,,,,,,326.0,384.0,,,,
CC(C)c1cc2c3ccccc3ccc2c2ccccc12,6-(1-methylethyl)chrysene,,,,,,,,,323.0,383.0,,,,
CCc1c2ccccc2c(C)c2ccc3ccccc3c12,12-ethyl-7-methylbenz[a]anthracene,,,,,,,,,337.0,401.0,,,,
Cc1ccc2c(C)c3ccc4ccccc4c3c(C)c2c1,"7,10,12-trimethylbenz[a]anthracene",,,,,,,,,326.0,384.0,,,,
Cc1cccc2c(C)c3c(ccc4ccccc43)c(C)c12,"7,8,12-trimethylbenz[a]anthracene",,,,,,,,,326.0,384.0,,,,
CC(C)c1ccc2cc3cc4ccccc4cc3cc2c1,2-(1-methylethyl)naphthacene,1.0353,0.999,53.125,11.011,0.171,0.163,451.0,501.0,338.0,400.0,31.35040635464476,48.572819826042455,28.90730341931553,45.591978569741954
CC(C)c1c2ccccc2cc2cc3ccccc3cc12,"6-isopropyl-2,3-benzanthracene",1.0265,0.99,24.355,6.364,0.167,0.159,476.0,521.0,339.0,400.0,39.02984009714332,56.372606814464014,35.475711246365435,52.33366405033296
CCCc1cccc(-c2cccc(-c3ccccc3)c2)c1,"3-propyl-1,1':3',1''-terphenyl",1.101,1.064,45.413,11.278,0.287,0.274,468.0,514.0,340.0,401.0,48.19217930434696,70.81639985087344,44.04954501012731,66.03959953893161
CCCc1ccc(-c2ccccc2)cc1-c1ccccc1,"4'-propyl-1,1':3',1''-terphenyl",1.08,1.044,41.667,10.536,0.282,0.27,453.0,501.0,340.0,401.0,47.93813436536593,70.36894221438119,44.22071124558639,66.09691389639345
Cc1ccc2c(C)c3c(ccc4ccccc43)c(C)c2c1,"7,9,12-trimethylbenz[a]anthracene",,,,,,,,,326.0,384.0,,,,
Cc1cccc2cc3c(ccc4cccc(C)c43)c(C)c12,"benz[a]anthracene, 1,7,8-trimethyl-",,,,,,,,,326.0,384.0,,,,
CC(C)c1ccc2cc3ccc4ccccc4c3cc2c1,"benz[a]anthracene, 10-(1-methylethyl)-",,,,,,,,,323.0,383.0,,,,
CC(C)c1ccc(-c2cccc(-c3ccccc3)c2)cc1,"4-(1-methylethyl)-1,1':3',1''-terphenyl",1.119,1.079,109.026,6.58,0.285,0.272,480.0,525.0,340.0,402.0,38.58502241809806,84.29160951788666,35.017941769209095,78.19380074846484
Cc1ccc2ccc3c(C)c4ccccc4c(C)c3c2c1,"benz[a]anthracene, 2,7,12-trimethyl-",,,,,,,,,326.0,384.0,,,,
c1ccc2c(c1)CCC(Cc1cccc3ccccc13)C2,"naphthalene, 1,2,3,4-tetrahydro-2-(1-naphthalenylmethyl)-",1.179,1.139,8.058,2.722,0.213,0.203,475.0,520.0,326.0,388.0,64.93583230259085,87.32144658763401,58.411533744304286,80.41694039285338
c1ccc(CCC(c2ccccc2)c2ccccc2)cc1,"propane, 1,1,3-triphenyl-",,,,,,,,,338.0,400.0,,,,
CCCc1ccc2c(ccc3cc4ccccc4cc32)c1,"benz[a]anthracene, 3-propyl-",,,,,,,,,324.0,382.0,,,,
Cc1cc2cc3cc(C)c4ccccc4c3cc2cc1C,"benz[a]anthracene, 5,9,10-trimethyl-",,,,,,,,,326.0,384.0,,,,
c1ccc(CC(Cc2ccccc2)c2ccccc2)cc1,"1,2,3-triphenylpropane",,,,,,,,,354.0,416.0,,,,
CC(C)c1cc2cc3ccccc3cc2c2ccccc12,"benz[a]anthracene, 5-(1-methylethyl)-",,,,,,,,,323.0,383.0,,,,
Cc1ccc(C)c2cc3c(cc12)c(C)cc1ccccc13,"benz[a]anthracene, 6,8,11-trimethyl-",,,,,,,,,326.0,384.0,,,,
Cc1c2cccc(C)c2c(C)c2c1ccc1ccccc12,"benz[a]anthracene, 7,11,12-trimethyl-",,,,,,,,,326.0,384.0,,,,
CC(C)c1c2ccccc2cc2c1ccc1ccccc12,"benz[a]anthracene, 7-(1-methylethyl)-",,,,,,,,,323.0,383.0,,,,
Cc1c2ccccc2c(CCO)c2ccc3ccccc3c12,12-methylbenz[a]anthracene-7-ethanol,,,,,,,,,342.0,401.0,,,,
CC1(C)CCc2c3c(c4c(c21)CCC4(C)C)C(C)(C)CC3,"1,1,4,4,9,9-hexamethyltrindan",,,,,,,,,386.0,457.0,,,,
c1ccc(CCc2ccc(Cc3ccccc3)cc2)cc1,1-benzyl-4-(2-phenylethyl)benzene,1.03,0.99,20.388,5.657,0.163,0.155,521.0,570.0,385.0,450.0,42.35107201968787,60.08447951208508,38.89627926369053,56.21903499486176
CCc1c2ccccc2c(CO)c2c1ccc1ccccc12,7-ethyl-12-(hydroxymethyl)benz[a]anthracene,,,,,,,,,342.0,401.0,,,,
c1cc2ccc1CCCCCCCCc1ccc(cc1)C2,"[1,8]-paracyclophane",1.025,0.987,42.927,12.158,0.138,0.131,462.0,520.0,359.0,427.0,28.860536378890924,40.98448787098554,26.883677626020063,38.774582770303546
CC(=O)C(c1c(C)cc(C)cc1C)c1c(C)cc(C)cc1C,"1,1-bis(2,4,6-trimethylphenyl)-2-propanone",1.09,1.048,9.174,2.767,0.105,0.099,549.0,597.0,408.0,473.0,38.90458468193259,53.494055424567335,35.78802951455301,50.102844501409955
CC(C)c1ccc(CCCc2ccc(C(C)C)cc2)cc1,"1,2-bis(4-isopropylphenyl)propane",0.9676,0.9279,7.234,2.263,0.116,0.11,490.0,551.0,397.0,467.0,43.18141297727245,59.569507681849096,40.69906774864789,56.86131571124174
CCCCCCC(Cc1ccccc1)Cc1ccccc1,2-benzyl-1-phenyloctane,0.8932,0.8573,19.033,4.899,0.149,0.142,460.0,523.0,395.0,464.0,37.605170971449354,55.17052828873663,36.027701222117116,53.343821565801534
CCCCCCCCCCCCCCc1ccc(C)cc1,1-methyl-4-tetradecylbenzene,0.844,0.808,6.102,2.116,0.151,0.142,635.0,687.0,455.0,527.0,56.83875192249593,74.8970806468387,51.75149377870715,69.51432114532798
CCCCCCCCCCCc1cccc2ccccc12,1-undecylnaphthalene,,,,,0.207,0.197,613.0,657.0,410.0,478.0,,,,
CCCCCCCCC(c1ccccc1)c1ccccc1,"benzene, 1,1'-nonylidenebis-",1.049,1.007,41.945,9.235,0.168,0.159,555.0,604.0,395.0,464.0,36.16442972769519,54.48971900281195,32.86508561694317,50.594159482580686
CCCCCCCCCCCc1ccc2ccccc2c1,2-undecylnaphthalene,0.9111,0.877,14.268,4.447,0.234,0.223,622.0,663.0,410.0,478.0,60.40004231626103,82.45710599739421,53.718033605798674,75.20719654681649
O=C(C12CC3CC(CC(C3)C1)C2)C12CC3CC(CC(C3)C1)C2,"1,1'-biadamantyl ketone",,,,,,,,,364.0,440.0,,,,
CCc1c(CC)c(CC)c2c(c1CC)CC(CC)(CC)C2,"2,3-dihydro-2,2,4,5,6,7-hexaethyl-1H-indene",0.9118,0.876,6.909,2.397,0.069,0.066,574.0,629.0,435.0,506.0,30.398921452014427,40.69011779601271,28.11792627283018,38.27419462548744
CCCCCCCCc1cc2c(cc1CCC)CCCC2,"6-octyl-7-propyl-1,2,3,4-tetrahdryonaphthalene",0.8967,0.862,11.152,3.828,0.118,0.112,579.0,633.0,429.0,501.0,38.82335337486129,51.7998080929116,35.68303625853365,48.50177576451653
CCCCCCCCCCCCCCCc1ccccc1,"pentadecane, 1-phenyl-",0.8421,0.8021,4.156,1.745,0.154,0.145,556.0,619.0,441.6,516.4,63.730263895445,80.2932751207039,59.73142198928146,76.30264992044215
C=CCCCCCCCCCCCCCCCCCC=C,"1,20-heneicosadiene",0.98,0.936,5.612,1.816,0.166,0.155,691.0,743.0,492.0,567.0,67.23212589033952,89.71768162930071,61.10566187893976,83.14799929978255
CCCCCCCCCCCC1CCCC2CCCCC12,2-undecylbicyclo[4.4.0]decane,0.86,0.824,11.279,2.949,0.137,0.129,611.0,672.0,452.0,532.0,43.936168946356005,63.03064162856682,40.36446817792035,59.02169720670878
Cc1c2ccccc2c(CCO)c2ccc3ccccc3c12,12-methylbenz[a]anthracene-7-ethanol,0.985,0.942,7.919,2.548,0.158,0.149,620.0,674.0,453.0,527.0,57.10103435690349,77.10320202919681,52.27627300276579,71.94750059662199
C1CCC2C(C1)CCC1C2CC2C3CCCCC3CCC21,"perhydrodibenzo[a,i]fluorene",0.986,0.949,,,0.114,0.108,540.0,599.0,373.0,452.0,,,,
CC(C)CCC(CCC(C)C)(CC(C)C)c1ccccc1,[4-methyl-1-(3-methylbutyl)-1-(2-methylpropyl)pentyl]benzene,0.8862,0.8481,6.319,2.24,0.115,0.108,542.0,611.0,453.0,531.0,44.97263559293099,59.52281513668833,42.75971134555242,57.218854528186256
CCCCCCCCC(CCCCCC)c1ccccc1,"benzene, (1-hexylnonyl)-",0.981,0.938,7.849,2.559,0.157,0.148,617.0,671.0,453.0,527.0,56.78618487671602,76.38140351698114,52.05900936224913,71.36346281965116
C1CCC2C(C1)CCCC2CC1CCCC2CCCCC21,"1,1'-didecahydronaphthylmethane",0.959,0.9241,,,0.118,0.113,517.0,583.0,393.0,474.0,,,,
CCc1c2ccccc2c(CO)c2c1ccc1ccccc12,7-ethyl-12-(hydroxymethyl)benz[a]anthracene,1.017,0.979,2.36,1.124,0.084,0.08,471.0,544.0,402.0,482.0,45.568414594944166,56.4492195831949,43.58247869573807,54.560093198680306
CCCCCCC(C)C(C1CCCCC1)C1CCCCC1,"1,1-dicyclohexyl-2-methyloctane",0.8975,0.8607,11.142,4.183,0.125,0.118,569.0,638.0,447.0,530.0,40.70878212416313,53.13365083865959,38.03702443914717,50.43272127881955
C#CCCCCCCCCCCCCCCCCCCC,1-heneicosyne,0.93,0.89,22.581,5.955,0.107,0.101,658.0,713.0,498.0,572.0,31.827324596422145,45.43898668260533,29.428207093915272,42.70808082249212
CCCCCCCCCCCCCCCC1=CCCCC1,1-pentadecylcyclohexene,0.931,0.888,5.693,2.14,0.142,0.133,610.0,671.0,471.0,548.0,57.41741869548275,74.09383062822793,53.38892332503516,69.99128620013111
CCc1c(CC)c2cccc3c(C)cc4cccc1c4c32,"pyrene, 4,5-diethyl-9-methyl-",,,,,,,,,339.0,398.0,,,,
CCCCCCCCCCCCCCCCC1C=CCC1,3-hexadecylcyclopentene,0.958,0.915,4.906,1.858,0.155,0.146,634.0,691.0,473.0,550.0,64.45782767293042,83.12683349260477,59.35897536448009,77.95789202023666
CCCCCCCCCC1CCC(C2CCCCC2)CC1,4-nonylbicyclohexyl,0.8724,0.8369,14.787,4.182,0.129,0.122,552.0,621.0,448.0,528.0,37.74364210150467,53.470092178656,35.591053895896124,51.084740085630685
C1CCCCCCCCCCCCCCCCCCCC1,cycloheneicosane,,,,,,,,,445.0,531.0,,,,
CCCCCCCCC(C1CCCCC1)C1CCCCC1,"cyclohexane, 1,1'-nonylidenebis-",0.95,0.911,11.579,4.061,0.132,0.124,576.0,643.0,447.0,529.0,42.7152234223747,56.56053030183209,39.77473949901635,53.53919124812237
CC(C)CCC(CCC(C)C)(CC(C)C)C1CCCCC1,(4-methyl-1-(2-methylpropyl)-1-(3-methylbutyl)pentyl)cyclohexane,0.8673,0.8273,12.683,3.868,0.105,0.099,607.0,678.0,479.0,564.0,36.03192172548699,49.76362724632006,33.70969526414071,47.25218845828068
CCCCCCCCCCCCCCCC1CCCCC1,"cyclohexane, pentadecyl-",0.8151,0.7747,11.655,3.743,0.156,0.146,687.0,745.0,481.3,562.8,50.924212471359354,68.37712964130661,46.07358150763453,63.18993542126973
CC(O)=C(c1c(C)cc(C)cc1C)c1c(C)cc(C)cc1C,"1,1-bis(2,4,6-trimethylphenyl)-1-propen-2-ol",,,,,,,,,410.0,475.0,,,,
CCCCCCCCCCCCCCCCC1CCCC1,hexadecylcyclopentane,0.8118,0.776,7.268,2.577,0.143,0.135,648.0,709.0,514.2,589.7,51.945975496771595,68.42944901000027,48.674030411266514,64.97328028186138
CCCCCCCCC1CCCC1CCCCCCCC,"1,2-dioctylcyclopentane",0.8178,0.781,4.035,1.665,0.138,0.13,631.0,693.0,482.0,561.0,59.76585409810899,75.40550985026168,55.40462291100084,71.05392524361451
CCCCCCCCCCCCCCCCC(C)C(C)C,"2,3-dimethylnonadecane",0.7824,0.745,6.391,2.148,0.138,0.13,659.0,724.0,511.0,592.0,53.29876572593778,71.24828214457708,49.61848318924994,67.32618948327051
CCCCCCCCCCCCCCCCC1=CCCC1,1-hexadecylcyclopentene,,,,,,,,,474.0,550.0,,,,
CCCCCCCC=C(CCCCCC)CCCCCC,7-hexyl-7-pentadecene,,,,,0.144,0.135,663.0,720.0,501.0,577.0,,,,
CCCCCCCCCCCCC1CCCC1CCCC,1-butyl-2-dodecylcyclopentane,0.8121,0.776,3.94,1.675,0.137,0.129,622.0,685.0,482.0,561.0,59.29151723001033,74.21583196290817,55.18746689877941,70.16169225450817
CCCCCCCCCCCCCCCC(C)CC(C)C,"2,4-dimethylnonadecane",0.7779,0.7406,5.913,2.025,0.136,0.127,708.0,766.0,511.0,592.0,54.96575768053258,72.31908677372785,50.14835167070838,67.26257302409951
CCCCCCCCCCC1CCCC1CCCCCC,1-decyl-2-hexylcyclopentane,0.8158,0.779,3.923,1.669,0.137,0.129,624.0,686.0,482.0,561.0,59.739175768376015,74.72387593252245,55.55394865025514,70.61300111939244
CCCCCCCCCCC(C)CCCCCCCCC,"eicosane, 10-methyl-",0.78,0.744,5.744,1.952,0.142,0.134,659.0,722.0,511.0,591.0,55.46439578442964,73.94758006855635,51.63457637992434,69.8980421018861
C=CCCCCCCCCCCCCCCCCCCC,1-heneicosene,,,,,,,,,502.0,578.0,,,,
CCCCCCCCCCCCCCCCCC1CCC1,heptadecylcyclobutane,0.945,0.902,4.656,1.663,0.146,0.137,643.0,702.0,485.5,563.1,62.788099819077054,82.13305109244976,58.01664690112747,77.19390935038949
CCCCCCCCCCCCCCCCCCC(C)C,"eicosane, 2-methyl-",0.776,0.741,5.928,2.159,0.145,0.135,677.0,738.0,511.0,591.0,55.787686716615134,72.13856826912064,51.543340328294775,67.7689602403864
CCCCCCCCCCCCCCCCCC(C)CC,"eicosane, 3-methyl-",0.7796,0.742,6.144,2.129,0.146,0.136,679.0,739.0,511.0,591.0,56.67945860371902,74.31901298332286,52.32382987864772,69.79074126366116
CCCCCCCCCCCCC(C)CC(C)CC(C)C,"octadecane, 2,4,6-trimethyl-",0.7786,0.741,5.69,1.876,0.13,0.121,698.0,758.0,511.0,593.0,53.696526110779125,71.31486260155046,49.1867875088472,66.55633323577618
CCc1c(CC)c2cccc3c(C)cc4cccc1c4c32,"pyrene, 4,5-diethyl-9-methyl-",0.875,0.835,4.114,1.557,0.126,0.118,639.0,707.0,511.0,593.0,58.47590680104454,75.43246503805821,54.912140503080344,71.7921408581356
CCCCCCCCC(CCCCCC)CCCCCC,7-hexylpentadecane,0.7799,0.746,5.514,2.011,0.138,0.13,635.0,701.0,511.0,591.0,53.48268910150435,69.96458097823489,50.31202362857763,66.68456421289264
CC(O)=C(c1c(C)cc(C)cc1C)c1c(C)cc(C)cc1C,"1,1-bis(2,4,6-trimethylphenyl)-1-propen-2-ol",,,,,,,,,511.0,590.0,,,,
CCCCCCCC(CCCCCC)CCCCCCC,"pentadecane, 8-hexyl-",0.7791,0.74,5.455,1.761,0.141,0.132,651.0,715.0,511.0,591.0,57.11029160864787,76.86193276365671,53.34980603972377,72.85218299487008
CCCCCCCCCCCCCCCCC1CC=CC1,4-hexadecylcyclopentene,,,,,,,,,473.0,550.0,,,,
CCCCCCCCCCCCCCCCC(C)CCC,4-methyleicosane,,,,,,,,,,,,,,
CCCCCCCCCCCCCCCC(C)CCCC,5-methyleicosane,,,,,,,,,,,,,,
c1ccc2c(c1)-c1ccc3c4c(ccc-2c14)-c1ccccc1-3,"indeno[1,2,3-cd]fluoranthene",,,,,,,,,278.0,334.8,,,,
CC(C)CCC(CCC(C)C)(CC(C)C)c1ccccc1,[4-methyl-1-(3-methylbutyl)-1-(2-methylpropyl)pentyl]benzene,,,,,,,,,482.0,561.0,,,,
C=C(c1cccc2ccccc12)c1cccc2ccccc12,"1,1-bis(1-naphthyl)ethene",,,,,,,,,324.0,384.0,,,,
C=C(c1ccc2ccccc2c1)c1ccc2ccccc2c1,"1,1-bis(2-naphthyl)ethene",,,,,,,,,324.0,384.0,,,,
C=C(c1ccc2ccccc2c1)c1cccc2ccccc12,1-(1-naphthyl)-1-(2-naphthyl)ethene,,,,,,,,,324.0,384.0,,,,
c1ccc2c(c1)ccc1c2ccc2c3ccccc3ccc21,benzo[a]chrysene,,,,,,,,,296.1,357.1,,,,
c1ccc2cc3cc4c(ccc5ccccc54)cc3cc2c1,benzo[a]naphthacene,,,,,,,,,309.0,368.7,,,,
c1ccc2cc3c(ccc4c5ccccc5ccc34)cc2c1,benzo[b]chrysene,,,,,,,,,301.8,362.1,,,,
c1ccc2c(c1)ccc1c2ccc2ccc3ccccc3c21,benzo[c]chrysene,,,,,,,,,300.6,361.0,,,,
C(=C/c1cccc2ccccc12)\c1cccc2ccccc12,"ethylene, trans-1,2-bis(1-naphthyl)-",,,,,,,,,321.0,381.0,,,,
C(=C/c1ccc2ccccc2c1)\c1ccc2ccccc2c1,"ethylene, trans-1,2-bis(2-naphthyl)-",,,,,,,,,321.0,381.0,,,,
c1ccc2cc3c4ccccc4c4ccccc4c3cc2c1,"dibenzo[a,c]anthracene",,,,,,,,,291.7,353.8,,,,
c1ccc2cc3cc4cc5ccccc5cc4cc3cc2c1,pentacene,,,,,,,,,299.1,358.5,,,,
c1ccc2c(c1)ccc1c3ccccc3c3ccccc3c21,benzo[g]chrysene,,,,,,,,,290.8,352.7,,,,
c1ccc2c(c1)ccc1cc3c(ccc4ccccc43)cc12,"dibenz[a,h]anthracene",,,,,,,,,310.7,369.7,,,,
c1cc2ccc3ccc4ccc5cccc6c(c1)c2c3c4c56,benzo[ghi]perylene,,,,,,,,,285.7,342.0,,,,
CC(c1ccc2ccccc2c1)c1ccc2ccccc2c1,"1,1-bis(2-naphthyl)ethane",1.1,1.066,16.364,5.159,0.264,0.254,419.0,472.0,333.0,395.0,56.67053726800192,78.86386994520434,53.124161491804514,75.01031053449597
c1cc2ccc3cc4cccc5ccc6cc(c1)c2c3c6c54,"dibenzo[def,mno]chrysene",,,,,,,,,285.2,341.7,,,,
c1ccc2c(c1)ccc1cc3ccc4ccccc4c3cc12,"dibenz[a,j]anthracene",,,,,,,,,310.7,369.7,,,,
c1ccc2c(c1)ccc1ccc3ccc4ccccc4c3c12,"dibenzo[c,g]phenanthrene",,,,,,,,,307.0,366.6,,,,
c1ccc2cc3c(ccc4ccc5ccccc5c43)cc2c1,"naphth[1,2-a]anthracene",,,,,,,,,299.2,358.1,,,,
c1ccc2cc3c(ccc4cc5ccccc5cc43)cc2c1,pentaphene,,,,,,,,,309.0,368.7,,,,
c1ccc2c(c1)-c1ccc3ccc4cccc5cc-2c1c3c45,"indeno[1,2,3-cd]pyrene",,,,,,,,,287.0,342.0,,,,
CCCC(c1ccccc1)(c1ccccc1)c1ccccc1,"benzene, 1,1',1''-butylidynetris-",,,,,,,,,362.0,429.0,,,,
Cc1ccc(C(c2ccc(C)cc2)c2ccc(C)cc2)cc1,tris(4-methylphenyl)methane,,,,,,,,,365.0,430.0,,,,
c1ccc(C2(C3(c4ccccc4)CCCC3)CCCC2)cc1,"1,1'-diphenyl-1,1'-bicyclopentyl",,,,,,,,,362.0,434.0,,,,
CC(C)Cc1c2ccccc2c(CC(C)C)c2ccccc12,"9,10-bis(2-methylpropyl)anthracene",,,,,,,,,392.0,461.0,,,,
CC(C)c1ccc(-c2ccc3cccc(C(C)C)c3c2)cc1,2-[4-(1-methylethyl)phenyl]-8-(1-methylethyl)naphthalene,1.029,0.992,60.253,13.105,0.253,0.241,502.0,555.0,378.0,446.0,40.799308643992795,62.247277357444666,37.66979801855686,58.534058883781825
CCc1c2ccccc2c(CC)c2c1ccc1ccccc12,"7,12-diethylbenz[a]anthracene",,,,,,,,,349.0,411.0,,,,
CCCCc1c2ccccc2cc2c1ccc1ccccc12,7-butylbenz[a]anthracene,,,,,,,,,348.0,410.0,,,,
CCCc1c2ccc(C)cc2cc2c1ccc1ccccc12,"benz[a]anthracene, 10-methyl-7-propyl-",,,,,,,,,349.0,411.0,,,,
c1ccc2cc3c(ccc4c5ccccc5ccc34)cc2c1,benzo[b]chrysene,,,,,,,,,351.0,412.0,,,,
Cc1c2ccccc2cc2c1ccc1cc(C(C)C)ccc12,"benz[a]anthracene, 7-methyl-3-(1-methylethyl)-",,,,,,,,,348.0,412.0,,,,
CCCCc1cccc2cc3c(ccc4ccccc43)cc12,"benz[a]anthracene, 8-butyl-",,,,,,,,,348.0,410.0,,,,
CCc1cccc2c(C)c3c(ccc4ccccc43)c(C)c12,"benz[a]anthracene, 8-ethyl-7,12-dimethyl-",,,,,,,,,350.0,411.0,,,,
Cc1cc(C)c2c(c1)c(C)cc1cc(C)c3ccccc3c12,"benzo[c]phenanthrene, 1,3,5,8-tetramethyl-",,,,,,,,,351.0,412.0,,,,
Cc1cc2cc(C)c3cccc(C)c3c2c2c(C)cccc12,"benzo[c]phenanthrene, 1,5,8,12-tetramethyl-",,,,,,,,,351.0,412.0,,,,
Cc1cccc2c1ccc1cc(C(C)C)c3ccccc3c12,"benzo[c]phenanthrene, 4-methyl-8-(1-methylethyl)-",,,,,,,,,348.0,412.0,,,,
CCc1cc2cc(CC)c3ccccc3c2c2ccccc12,"benzo[c]phenanthrene, 5,8-diethyl-",,,,,,,,,349.0,411.0,,,,
Cc1ccc2c(ccc3c4ccc(C)c(C)c4ccc23)c1C,"chrysene, 1,2,7,8-tetramethyl-",,,,,,,,,351.0,412.0,,,,
Cc1c(C)c(C)c2cc3c(C)c(C)c(C)c(C)c3cc2c1C,"anthracene, 1,2,3,4,5,6,7,8-octamethyl-",1.128,1.087,20.39,5.06,0.18,0.172,574.0,617.0,399.0,464.0,46.21972656550532,67.56536757399756,41.72526773903158,62.36033435677218
CC(C)Cc1c2ccccc2c(CC(C)C)c2ccccc12,"9,10-bis(2-methylpropyl)anthracene",1.113,1.076,41.33,9.294,0.268,0.256,555.0,602.0,392.0,459.0,48.53933844651926,73.11834694536132,44.0165102418009,67.7475789586614
CC(C)Cc1ccc2c(ccc3c4ccccc4ccc23)c1,"chrysene, 2-isobutyl-",,,,,,,,,347.0,411.0,,,,
CCc1cc2c3ccccc3c(CC)cc2c2ccccc12,"chrysene, 6,12-diethyl-",,,,,,,,,349.0,411.0,,,,
CCCCc1cc2c3ccccc3ccc2c2ccccc12,"chrysene, 6-butyl-",,,,,,,,,348.0,410.0,,,,
CC(C)Cc1cc2c3ccccc3ccc2c2ccccc12,"chrysene, 6-isobutyl-",,,,,,,,,347.0,411.0,,,,
CCCCCCCCc1cc2ccccc2c2ccccc12,"phenanthrene, 9-octyl-",1.101,1.062,28.156,7.062,0.28,0.267,545.0,593.0,391.0,458.0,56.34651378037565,82.28129358903347,51.32134584143854,76.51424277023995
CCCCCCCCC=C(c1ccccc1)c1ccccc1,"1,1-diphenyl-1-decene",1.032,0.993,24.225,6.445,0.165,0.156,551.0,603.0,409.0,478.0,40.24053757579131,57.535119861323416,37.00458990813652,53.8955402422438
CCCC1(c2ccccc2)CCC1(CCC)c1ccccc1,"1,2-diphenyl-1,2-dipropylcyclobutane",0.95,0.915,56.842,12.022,0.136,0.129,523.0,580.0,399.0,470.0,26.33575895295765,40.4092746841619,24.405347116858607,38.088150813996066
CCC(C)(C)c1ccc(-c2ccc(C(C)(C)CC)cc2)cc1,"4,4'-bis(1,1'-dimethylpropyl)-1,1'-biphenyl",,,,,,,,,423.0,496.0,,,,
CCCCCCCCCCc1ccc(-c2ccccc2)cc1,"4-decyl-1,1'-diphenyl",,,,,,,,,421.0,491.0,,,,
c1ccc(CCCCCCCCCCc2ccccc2)cc1,"benzene, 1,1'-(1,10-decanediyl)bis-",0.916,0.8754,8.515,2.513,0.181,0.171,602.0,651.0,420.0,490.0,59.72708798311589,82.61876306282282,53.97477908447939,76.27294472283486
CCCCCCCCCC(c1ccccc1)c1ccccc1,"1,1-diphenyldecane",0.997,0.959,39.117,8.759,0.162,0.154,544.0,601.0,420.0,491.0,34.26280673236194,51.76175874985018,31.858035466901537,48.90045037776184
Cc1ccc(C(C)C)cc1CCc1cc(C(C)C)ccc1C,"1,2-bis(2-methyl-5-isopropylphenyl)ethane",0.925,0.89,16.216,4.382,0.1,0.095,562.0,618.0,424.0,496.0,30.60200060250331,43.77223692162398,28.270078162817317,41.146479116030534
CCc1ccc(C(C)(C)C(C)(C)c2ccc(CC)cc2)cc1,"2,3-bis(4-ethylphenyl)-2,3-dimethylbutane",0.9361,0.9001,28.843,6.666,0.101,0.096,527.0,589.0,423.0,496.0,25.94713692761922,38.975004618977074,24.391227838529904,37.13571058726584
CCCCCCCCCCCCc1ccc2ccccc2c1,2-dodecylnaphthalene,0.9041,0.8708,16.591,4.708,0.232,0.22,626.0,674.0,434.0,506.0,56.479691433740726,79.10832840992805,50.94972172560052,72.97896826904666
CCCCC(C)C(c1ccccc1)C(C)Cc1ccccc1,"2,4-dimethyl-1,3-diphenyloctane",0.983,0.946,34.588,7.822,0.149,0.141,534.0,595.0,419.0,493.0,32.97779153094807,49.63866227426746,30.803000106007932,47.08106572978478
CC(C)CC1c2ccccc2C(CC(C)C)c2ccccc21,"9,10-bis(2-methylpropyl)-9,10-dihydroanthracene",0.9787,0.9434,,,0.115,0.11,503.0,563.0,399.0,471.0,,,,
CCC(C)(C)c1ccc(-c2ccc(C(C)(C)CC)cc2)cc1,"4,4'-bis(1,1-dimethylpropyl)-1,1'-biphenyl",1.001,0.962,50.949,11.435,0.173,0.165,549.0,608.0,423.0,496.0,33.6770833791149,50.99906957942073,31.295530442523027,48.16029868477763
CCCCCCCCCCCCc1cccc2ccccc12,1-dodecylnaphthalene,0.9086,0.8709,13.207,4.248,0.222,0.211,592.0,644.0,434.0,506.0,59.47670700244903,80.78751408909058,54.502783186245985,75.48874244157211
CCCCCCc1ccc2cc(CCCCCC)ccc2c1,"2,6-dihexylnaphthalene",0.9035,0.8645,10.625,3.586,0.207,0.197,592.0,644.0,435.0,507.0,60.70555817913226,81.42418154101993,55.66489428504594,76.1259186095156
CCc1cc2c3ccccc3c(CC)cc2c2ccccc12,"chrysene, 6,12-diethyl-",0.9057,0.873,26.499,6.873,0.214,0.204,582.0,637.0,434.0,507.0,46.07271899658351,66.74264901894323,42.422559588686774,62.59184545705624
CCCCCCCCC(CCC)c1ccc2ccccc2c1,2-(1-propylnonyl)naphthalene,0.906,0.873,26.49,6.873,0.214,0.204,582.0,637.0,434.0,507.0,45.65754552016502,66.134893460423,42.04027866568955,62.0218869289827
CCCCCCc1cc2ccccc2cc1CCCCCC,"naphthalene, 2,3-dihexyl-",0.9097,0.875,10.553,3.543,0.207,0.196,589.0,642.0,435.0,507.0,58.77148704412871,78.70221364320975,53.96849099472836,73.64547767644741
c1ccc(C2c3ccccc3-c3ccc4ccccc4c32)cc1,"1,2-benzo-9-phenylfluorene",1.2188,1.1829,10.666,3.889,0.267,0.257,431.0,481.0,324.0,386.0,65.31574456339617,87.04975614967309,60.27757015848648,81.82521548685816
C=CC(Cc1ccccc1)(Cc1ccccc1)c1ccccc1,"3-benzyl-3,4-diphenyl-1-butene",1.05,1.015,200.0,30.542,0.161,0.155,474.0,532.0,377.0,445.0,20.18561943054029,34.42455133845746,18.926506372858046,32.738065830099835
Cc1ccc(C=C(c2ccc(C)cc2)c2ccc(C)cc2)cc1,"ethylene, tri-p-tolyl-",1.134,1.097,35.273,8.022,0.135,0.129,536.0,583.0,379.0,445.0,30.468972328786332,45.7991160498822,27.638531282516137,42.44809480221944
Cc1ccccc1C=C(c1ccccc1C)c1ccccc1C,tris(2-methylphenyl)ethene,1.126,1.09,34.636,7.798,0.134,0.128,530.0,578.0,379.0,445.0,30.132907384838767,45.44523882432205,27.420378442080622,42.22228765520006
O=CC=O,glyoxal,1.38,1.27,0.536,0.323,0.336,0.297,294.7,280.0,62.48,69.29,346.75627765139967,360.693786939972,224.14530641729985,243.5194959780782
CC(=O)O,ethanoic acid,1.02691,0.95869,0.83,0.48,0.148,0.122,126.67,141.73,65.89,75.47,116.14437970072598,121.70978372318582,96.63845869338576,101.93825961204688
COC=O,methyl methanoate,0.9439,0.8444,0.305,0.206,0.175,0.151,121.6,132.6,68.88,77.73,190.86382468041916,196.42885411259033,162.66248679195428,169.02711623847466
c1ccc(Cc2ccc3ccc4cccc5ccc2c3c45)cc1,"pyrene, 1-benzyl-",,,,,,,,,327.0,389.0,,,,
O=CCO,glycolaldehyde,1.1,1.019,1.764,0.687,0.154,0.144,,,73.9,81.8,,,87.18542358947245,111.45506445402656
CCCCc1c2ccccc2c(C)c2c1ccc1ccccc12,7-butyl-12-methylbenz[a]anthracene,,,,,,,,,373.0,438.0,,,,
CC(C)CCc1c2ccccc2cc2c1ccc1ccccc12,"benz[a]anthracene, 7-(3-methylbutyl)-",,,,,,,,,372.0,439.0,,,,
CCCCCc1c2ccccc2cc2c1ccc1ccccc12,"benz[a]anthracene, 7-pentyl-",,,,,,,,,372.0,438.0,,,,
CCCCCc1cccc2cc3c(ccc4ccccc43)cc12,"benz[a]anthracene, 8-pentyl-",,,,,,,,,372.0,438.0,,,,
CC(O)O,"1,1-ethanediol",1.105,1.042,32.579,4.798,0.195,0.183,,,86.6,97.5,,,43.90450858813668,74.3318944262864
OCCO,"1,2-ethanediol",1.0994,1.0557,8.705,1.951,0.2579,0.2537,,,85.55,97.14,,,69.95622984238821,109.1265984598384
CCCCCc1cccc2ccc3cc4ccccc4cc3c12,pentylbenz[a]anthracene,,,,,,,,,372.0,438.0,,,,
COOC,dimethyl peroxide,0.803,0.704,0.244,0.176,0.152,0.126,116.3,131.8,84.2,90.6,179.43631314842716,178.05342711342948,163.85249350923732,160.2353356198212
O=COC=O,methanoic anhydride,,,,,,,,,72.69,80.15,,,,
O=C(O)C(=O)O,ethanedioic acid,,,,,,,,,100.6,109.9,,,,
C#CCO,2-propyn-1-ol,0.929,0.86,1.625,0.64,0.131,0.123,,,80.5,88.6,,,79.29388204355207,101.18565646660883
C=CC=O,2-propenal,0.8154,0.7402,0.319,0.184,0.162,0.144,121.7,132.6,73.85,83.67,168.04889516132826,184.6607788026388,146.01935221068507,162.2265922908585
O=c1c(O)c1O,deltic acid,1.56,1.454,1.474,0.447,0.22,0.206,,,99.0,109.5,,,125.4174221504394,172.15391671379876
C#CC=O,propargyl aldehyde,0.85,0.79,0.412,0.259,0.129,0.118,93.9,102.5,67.6,73.9,117.02810149931533,128.1994284637853,106.694819776197,116.92816823889537
O=c1occo1,vinylene carbonate,1.337,1.277,2.019,0.728,0.21,0.199,109.7,119.8,74.1,85.4,97.3676174072478,127.93763253532956,87.1935340564582,116.31815528937224
O=C(O)CO,glycolic acid,,,,,,,,,83.8,92.8,,,,
O=C1CCO1,"1,3-propiolactone",1.283,1.215,1.255,0.486,0.194,0.181,123.79,133.62,74.34,86.43,118.43591014679208,150.3373126447238,102.60909523408108,132.99731289133055
O=C1CC1,cyclopropanone,1.104,0.991,0.241,0.144,0.167,0.145,154.9,164.0,67.2,78.07,223.04812932628352,236.69853846227304,176.35025740876213,192.0948852889388
CC(=O)OO,peroxyethanoic acid,,,,,,,,,85.22,95.66,,,,
O=COC=O,methanoic anhydride,0.75,0.649,0.293,0.208,0.111,0.091,128.1,143.7,79.2,85.6,133.70459669866116,131.8358204648498,116.78959750887223,113.95823322484902
O=C1OCCO1,ethylene carbonate,1.3218,1.266,1.513,0.79,0.22,0.208,138.71,150.6,85.16,99.03,113.54045813542082,133.99142888788737,98.98081266838584,119.08691610241772
CC(=O)C=O,acetylformaldehyde,1.0216,0.9516,0.401,0.224,0.161,0.148,115.1,125.4,86.8,95.7,141.03255859058285,160.19578154584048,130.27002456411287,148.46719609285384
O=CCC=O,propanedial,1.001,0.942,1.289,0.552,0.169,0.158,159.8,164.4,78.16,89.4,109.90220837720636,133.99013027141388,89.87457020888569,112.88880436682116
C=CC(=O)O,propenoic acid,,,,,0.152,0.13,,,84.9,96.43,,,,
C=COC=O,vinyl methanoate,0.9183,0.8176,0.293,0.192,0.16,0.137,148.0,158.8,86.9,95.2,182.3263983816706,187.3490277949429,156.96441136185138,162.2343347308204
O=c1cc1,2-cyclopropen-1-one,,,,,,,,,58.1,66.3,,,,
CC1CO1,methyloxirane,0.8046,0.7189,0.323,0.179,0.115,0.1,125.6,141.8,75.6,87.68,135.66365941588336,149.889717076761,117.61045310497724,130.93122715794365
C1COC1,oxetane,0.8744,0.794,0.377,0.214,0.122,0.108,117.2,130.6,65.0,77.65,130.54649638573738,144.58557595403622,110.59828962202288,124.9128008407873
CCC=O,propanal,0.7778,0.703,0.35,0.218,0.155,0.137,136.6,145.0,82.82,92.02,161.9799349900247,172.2106345481877,140.711754350823,151.53299917291332
CC1CO1,(R)-methyloxirane,0.903,0.81,0.207,0.123,0.116,0.1,124.7,139.6,77.3,89.0,157.99027462308217,169.70146138690643,138.1045580031074,149.51773966532016
C#CC(=O)O,propynoic acid,,,,,,,,,77.5,84.9,,,,
C[C@@H]1CO1,(S)-methyloxirane,0.902,0.809,0.206,0.124,0.116,0.1,124.3,139.2,77.3,89.0,158.0627225633884,169.17875272915973,138.29281640829555,149.17756390966244
C=CCO,2-propenol,0.7681,0.7108,1.185,0.508,0.161,0.151,,,79.0,90.56,,,93.94324328046314,118.30735546684656
OC1CC1,cyclopropanol,0.93,0.86,0.441,0.252,0.122,0.116,,,78.82,92.7,,,107.4537336097538,126.95884451218596
C=COC,methoxyethene,0.705,0.607,0.196,0.135,0.138,0.112,132.0,151.6,82.4,91.6,187.4365047042969,186.2764929210599,164.1674509120954,161.66222960097272
CC(C)=O,propanone,0.76766,0.6938,0.348,0.244,0.14907,0.12578,126.7,138.2,,,153.90378465505077,154.24528947819437,,
CCOC=O,ethyl methanoate,,,,,0.15,0.137,146.2,158.4,91.67,103.9,,,,
COC(C)=O,methyl ethanoate,0.90696,0.8181,0.353,0.225,0.148,0.128,146.8,173.7,88.83,100.2,156.35436599532517,167.63722186919185,135.74999003535876,143.60146023046804
CCC(=O)O,propanoic acid,0.97205,0.90736,0.867,0.499,0.1417,0.1303,157.41,178.68,90.6,102.3,109.77393684759568,125.11032152550608,93.97540593910256,106.94542063616598
O=C(CO)CO,"1,3-dihydroxy-2-propanone",,,,,,,,,117.1,128.7,,,,
C1COCO1,"1,3-dioxacyclopentane",1.04006,0.9598,0.477,0.287,0.139,0.125,125.2,141.3,77.4,91.2,127.60569156648992,141.11671880474606,111.4594203299709,124.76421193216218
OC1COC1,3-hydroxyoxetane,1.427,1.315,1.752,0.684,0.157,0.142,,,86.9,99.8,,,95.72801393995326,120.64508152855426
COC(=O)OC,dimethyl carbonate,1.04291,0.959,0.462,0.285,0.15975,0.1369,166.6,176.3,,,147.79064441466713,153.95602070034073,,
C1OCOCO1,"1,3,5-trioxane",,,,,,,,,86.5,103.1,,,,
CC=C=O,"ketene, methyl-",,,,,,,,,73.36,80.82,,,,
CC(=O)CO,acetol,1.052,0.984,2.757,0.986,0.2,0.187,,,99.7,110.4,,,90.58033431772344,118.61176335494623
CC(O)C(=O)O,(S)-2-hydroxypropanoic acid,,,,,,,,,111.4,126.6,,,,
O=CC(O)CO,glyceraldehyde,1.21,1.13,5.868,1.77,0.205,0.19,,,115.2,129.0,,,76.92700638267128,105.34289155881372
CC(=O)C(=O)O,2-oxopropanoic acid,,,,,,,,,96.7,106.6,,,,
COC(C)=O,methyl ethanoate,0.7874,0.73239,1.742,0.587,0.1504,0.1372,,,89.08,102.2,,,76.64810127247175,101.2754291542046
CCC(=O)O,propanoic acid,0.76789,0.70499,1.744,0.46,0.1322,0.1209,,,93.01,106.5,,,73.40922782618685,104.04487532105668
OC1COC1,3-hydroxyoxetane,1.04068,1.0005,20.554,3.518,0.2252,0.2159,,,111.0,124.4,,,49.830049857227074,82.0155385699814
C[C@H](O)CO,"1,2-propanediol",1.02139,0.97285,17.134,2.015,0.2006,0.1912,197.9,223.7,110.7,125.4,59.43898882883526,108.5311130250936,50.47774396679751,92.22407597350237
O=C(O)CC(=O)O,propanedioic acid,,,,,,,,,117.2,131.5,,,,
OCC1CO1,"2,3-epoxy-1-propanol",,,,,0.151,0.14,,,94.7,107.3,,,,
COC(=O)CO,methyl hydroxyethanoate,1.151,1.0767,1.998,0.827,0.186,0.175,,,105.1,119.0,,,92.7041644303832,117.76316315132549
COCOC,dimethoxymethane,0.8331,0.7425,0.327,0.211,0.1371,0.1134,163.96,175.1,108.4,118.4,155.65857425874003,156.4901038871063,138.5546199249989,140.17943972588972
O=C(CO)CO,"1,3-dihydroxy-2-propanone",0.673,0.5765,0.232,0.16,0.109,0.087,146.7,170.4,96.41,108.5,136.78005729126338,134.69307501541928,121.54568126320578,118.6312912262837
C[C@@H](O)CO,"D-(-)-1,2-propanediol",1.0005,0.945,35.982,5.185,0.152,0.142,,,110.7,125.4,,,34.8524337405322,59.27780260408747
C[C@H](O)CO,"L-(+)-1,2-propanediol",1.014,0.958,36.489,5.324,0.152,0.142,,,110.7,125.4,,,34.80321953237209,58.98693572693793
COCCO,2-methoxyethanol,0.9462,0.88786,1.23,0.573,0.1841,0.1566,180.01,194.3,109.7,121.4,120.21695518936524,135.5571006943671,104.58295432823978,118.75874221976656
CC(C)C,2-methylpropane,0.53119,0.4296,0.244,0.158,0.08405,0.06657,146.1,182.7,,,128.24151302042858,130.51341141948683,,
CCC(C)O,(RS)-2-butanol,0.78946,0.72795,2.279,0.563,0.1311,0.118,,,117.2,133.6,,,71.7621800643807,102.29435175004512
CCCOO,n-propyl hydroperoxide,0.8791,0.797,1.103,0.615,0.143,0.132,,,109.7,121.4,,,99.00541515865996,113.3501077478018
COCC(=O)O,methoxyacetic acid,,,,,0.179,0.165,,,106.7,117.7,,,,
CCCOC,1-methoxypropane,0.7024,0.6237,0.3,0.216,0.117,0.1,169.44,190.1,116.3,131.4,139.0718155968042,140.74137808033555,125.1020750989922,126.85424530536388
CCCCO,1-butanol,0.79411,0.74228,2.192,0.756,0.1489,0.1382,,,112.8,130.3,,,74.95411729991812,99.81338525388406
CC(C)CO,2-methyl-1-propanol,0.78621,0.7328,2.693,0.708,0.129,0.1199,194.38,249.76,117.5,135.0,74.9931396786262,111.17949270636234,65.09168278342628,93.51136347363064
CCC(C)O,S(+)-2-butanol,0.79019,0.7301,2.329,0.534,0.125,0.116,,,117.5,135.0,,,68.52222218367055,102.18727732473596
OCC(O)CO,"1,2,3-propanetriol",0.68977,0.60952,0.282,0.191,0.1197,0.0942,176.01,197.4,122.9,136.5,137.53999830893449,133.43354331557026,124.3226631660931,120.2809032658322
CCCC,butane,0.55492,0.4671,0.248,0.166,0.09872,0.07823,146.3,174.4,,,137.60323225738722,136.9379170878171,,
CC(O)C(=O)O,2-hydroxypropanoic acid,,,,,,,,,107.7,121.7,,,,
COCCOC,"1,2-dimethoxyethane",0.84495,0.77395,0.423,0.271,0.1403,0.1183,190.6,210.8,132.5,146.3,136.7321020097797,141.0378870067965,123.43867353461364,127.26653504192018
CC(C)(C)O,2-methyl-2-propanol,0.76481,0.6968,2.72,0.508,0.1088,0.104,,,118.4,135.5,,,61.60355676791594,99.30884288251232
CC(O)C(C)O,"2,3-butanediol, (.+-.)-",0.9766,0.9252,17.622,2.057,0.147,0.137,,,134.6,154.3,,,41.005497524515825,74.12106811149927
OCCCCO,"1,4-butanediol",1.00371,0.9658,35.219,5.063,0.2056,0.1964,208.34,242.15,135.2,152.3,44.58078028773837,77.65856824546266,39.47486557013811,68.16161938326918
CCC(C)O,l-sec-butyl alcohol,0.7886,0.7212,2.283,0.541,0.125,0.116,,,117.5,135.0,,,71.16942743045728,105.15520195690316
CC(O)CCO,"(R)-1,3-butanediol",1.02,0.962,44.118,5.925,0.154,0.144,,,134.9,153.3,,,33.906074524854915,58.913569235033464
CC(C)(C)OO,"1,1-dimethylethyl hydroperoxide",0.8749,0.8084,1.612,0.693,0.129,0.121,,,134.2,151.4,,,78.58826385169594,98.45570074409297
COC(C)C,isopropyl methyl ether,0.6967,0.616,0.294,0.205,0.111,0.093,165.9,186.9,115.0,130.9,134.82241810951805,135.8775893990814,121.61681519658042,122.92472901089953
CCC(O)CO,"1,2-butanediol",0.98736,0.9383,20.661,1.78,0.15,0.141,239.1,268.5,134.9,153.3,46.15438333152402,90.9026323765498,39.29080070973271,77.64391744636688
CC(O)C(=O)O,"propanoic acid, 2-hydroxy-, (R)-",,,,,,,,,107.7,121.7,,,,
C[C@H](O)CCO,"1,3-butanediol",0.99024,0.94609,40.303,3.934,0.1746,0.1535,230.0,264.9,134.9,153.3,40.9600976253717,74.76068890235514,35.25163820757871,64.0993090227077
COCC(C)O,1-methoxy-2-propanol,0.90177,0.839,1.326,0.542,0.137,0.129,,,133.6,150.3,,,85.19198784345048,108.46889197843362
C[C@H](O)[C@@H](C)O,"2,3-butanediol",0.98665,0.9308,38.514,1.504,0.147,0.137,,,134.6,154.3,,,33.68732973017728,82.85874544195181
C[C@H](O)[C@H](C)O,"2,3-butanediol, [R-(R*,R*)]-",0.9722,0.9092,20.572,3.3,0.147,0.136,,,134.6,154.3,,,41.57127071355481,68.35502036343031
C[C@H](O)[C@@H](C)O,"meso-2,3-butanediol",0.982,0.924,47.862,3.788,0.145,0.136,,,134.6,154.3,,,31.71455138161796,64.24206044417988
CC(C)C(O)O,"2-methyl-1,1-propanediol",1.023,0.965,45.943,6.114,0.149,0.139,,,134.6,154.3,,,32.71534323240976,57.03522578637718
CC(CO)CO,"2-methyl-1,3-propanediol",1.002,0.952,39.92,6.092,0.152,0.143,,,134.9,153.3,,,33.13453321295457,55.78436135418448
CCOCC,diethyl ether,0.91135,0.8518,1.457,0.642,0.1691,0.1454,216.52,232.0,133.9,149.3,115.08633233314076,132.5713638249786,100.53366923956617,117.11188676578573
CC(C)(O)CO,"2-methyl-1,2-propanediol",0.9765,0.92,92.166,6.848,0.138,0.13,229.1,239.7,135.5,154.4,29.345112555348617,59.15766089787914,25.314843436745623,52.272931944568015
COCCCO,3-methoxy-1-propanol,0.9271,0.863,1.133,0.603,0.141,0.133,200.2,212.2,133.9,149.3,102.4641763577512,119.26244174737742,91.50263190626951,108.03220624064846
C[C@@H](O)[C@@H](C)O,"[S-(R*,R*)]-2,3-butanediol",0.9723,0.9112,18.307,2.524,0.146,0.136,,,134.6,154.3,,,42.381087387028145,73.07680476714157
OCCOCCO,"3-oxa-1,5-pentanediol",1.10212,1.05752,13.229,2.714,0.2128,0.205,251.9,270.6,151.3,167.6,63.4744831883288,98.44709214584567,54.994895412105144,86.03543622866194
COC(C)OC,"3-methyl-2,4-dioxapentane",0.8291,0.7538,0.47,0.293,0.13,0.113,190.6,206.7,132.2,147.4,127.75652802779548,134.98249828746603,115.26220892650404,122.73559376022531
CCOOCC,ethyl peroxide,0.798,0.718,0.426,0.259,0.129,0.112,177.3,194.2,132.5,146.3,130.17902920774998,138.7866308441421,119.93849300988536,128.1581869502251
O=C=C=C=O,carbon suboxide,,,,,,,,,68.57,73.18,,,,
OCC(O)C(O)CO,"(R*,S*)-1,2,3,4-butanetetrol",,,,,,,,,169.4,191.0,,,,
COCC(O)CO,1-O-methyl-rac-glycerol,1.147,1.084,6.103,2.214,0.17,0.158,,,151.0,168.7,,,64.0765528400796,83.41929059179053
O=C1C=CC(=O)O1,(Z)-butenedioic acid anhydride,,,,,0.284,0.228,,,88.3,101.9,,,,
O=C1C=CC1,cyclobutenone,1.01,0.95,0.347,0.196,0.143,0.132,111.2,123.4,74.5,86.6,129.9855809627825,148.39264638406996,116.13509043104628,134.32263679877025
COC(OC)OC,"orthoformaic acid, trimethyl ester",0.9454,0.8692,0.719,0.403,0.149,0.134,214.9,227.1,148.3,162.7,123.92853318688856,137.25363671468216,111.64909613203196,124.96353417170567
C#CC#C,"1,3-butadiyne",,,,,,,138.6,174.0,75.56,81.97,,,,
Oc1ccco1,2-hydroxyfuran,,,,,,,,,88.7,102.2,,,,
O=c1c(O)c(O)c1=O,"3,4-dihydroxy-3-cyclobutene-1,2-dione",,,,,,,,,117.1,130.2,,,,
Oc1ccoc1,3-hydroxyfuran,,,,,,,,,88.7,102.2,,,,
O=C1CC(=O)C1,"Cyclobutane-1,3-dione",,,,,,,,,89.0,102.8,,,,
c1ccoc1,furan,0.9104,0.818,0.308,0.196,0.129,0.111,117.77,132.6,69.01,82.89,143.2398030356353,150.96060863462512,123.2445190522111,132.27165778844338
C#CC=C,1-buten-3-yne,0.658,0.57,0.269,0.179,0.091,0.0745,121.0,139.5,75.72,85.11,124.09666886892188,125.44655726806428,108.76634695070118,109.16754972256852
C1=CC=C1,[4]annulene,0.787,0.7,0.21,0.149,0.131,0.111,105.6,121.8,63.63,74.64,165.84481941010932,168.79188636247503,143.81869662223303,147.0706135680175
C=C1C=C1,methylenecyclopropene,0.783,0.706,0.201,0.127,0.119,0.103,101.2,116.1,69.4,79.6,149.60618918301336,159.4957673330541,134.54473308741643,143.42957279384063
O=C1C=CCO1,2(5H)-furanone,1.39,1.323,2.158,0.756,0.172,0.162,150.5,159.0,82.7,96.7,93.95506518300128,122.76563854599009,79.39140368641748,106.73928348644075
O=C1CCC(=O)O1,"butanedioic acid, anhydride",,,,,,,,,97.2,112.9,,,,
C=C1CC(=O)O1,4-methylene-2-oxetanone,1.0721,1.002,0.672,0.299,0.149,0.137,152.5,162.4,87.98,101.6,119.61427002035168,143.9434169208842,102.46708805908396,126.15171498753833
C#CC(=O)OC,methyl propiolate,0.974,0.89,0.524,0.299,0.125,0.112,159.5,171.0,98.7,111.1,120.48594658287143,132.9557030258245,105.26917701387497,117.767248861045
C=C=CC,"1,2-butadiene",0.6304,0.5507,0.22,0.145,0.231,0.191,127.17,144.5,82.21,92.92,250.27864379743153,254.45596873154105,221.3750582516642,224.73511442643647
C=CC=C,"1,3-butadiene",0.59495,0.5012,0.199,0.124,0.114,0.089,128.46,160.6,83.2,97.02,162.67387457830023,165.62067402433303,143.9633974835341,143.72833759204153
O=C1COCC(=O)O1,"1,4-dioxan-2,6-dione",,,,,,,,,110.5,127.6,,,,
O=C1C=CC(=O)O1,(Z)-butenedioic acid anhydride,,,,,,,,,110.5,127.6,,,,
C#CCC,1-butyne,0.6317,0.552,0.31,0.199,0.089,0.0747,138.6,150.8,84.25,95.33,117.31147762355278,119.98539860101693,101.98242248406584,105.46330710276033
O=C1C=C(O)C(=O)O1,"2,5-furandione, 3-hydroxy-",1.6,1.51,2.312,0.861,0.228,0.213,,,114.9,131.6,,,103.78931761766576,135.56992339555393
C=C1CC1,methylenecyclopropane,0.669,0.583,0.203,0.136,0.11,0.091,116.9,139.4,76.01,89.62,149.85686846593933,153.7906086144973,132.766763379785,135.8188994007033
O=C(O)C#CC(=O)O,2-butynedioic acid,,,,,,,,,111.6,122.2,,,,
C#CCCO,1-hydroxy-3-butyne,0.906,0.844,2.395,0.865,0.102,0.0961,,,104.7,116.5,,,58.27930254353095,76.62653603270458
CC=CC=O,(E)-2-butenal,0.8319,0.76695,0.625,0.314,0.177,0.161,146.3,157.1,97.08,109.1,140.67610772917055,162.72099266926844,125.34780067296953,146.85858062060984
CC1=CC1,1-methylcyclopropene,0.731,0.652,0.189,0.121,0.114,0.097,114.3,131.1,77.34,88.5,152.20728729033104,159.68539172208938,136.3688360253139,142.97453503810266
C/C=C\C=O,2-butenal,0.8366,0.78,0.622,0.306,0.177,0.161,149.7,162.1,93.1,105.6,136.39660684377174,159.07898254306215,119.33812752890094,141.01246444224336
[C-]#C[C+]=C,"1,2,3-butatrienylidene",,,,,,,,,,,,,,
C#CC=C,1-buten-3-yne,0.6692,0.597,0.27,0.169,0.125,0.108,125.8,134.3,80.53,90.37,148.92553493477908,155.79994869818927,131.36355869359525,139.3699546014102
C1C2CC12,bicyclo[1.1.0]butane,0.88,0.78,0.136,0.103,0.108,0.091,99.4,121.4,69.73,84.41,165.00521767273375,166.88541507004308,149.34367677479395,150.6684327570938
C1=CCC1,cyclobutene,0.686,0.605,0.201,0.149,0.121,0.102,105.3,125.9,67.97,82.0,153.65633160314093,155.4652927974546,135.85393048981297,137.8008980622604
C=C=CCO,(hydroxymethyl)allene,0.885,0.822,1.514,0.657,0.268,0.251,183.8,189.5,100.3,111.6,156.23100125442673,190.12165857570423,131.75672078818698,163.8128854860153
C=C=COC,1-methoxyallene,0.78,0.702,0.295,0.177,0.246,0.215,152.1,163.6,99.0,108.6,234.3174047973978,250.65325903680812,207.65566379483252,223.3649592731738
O=C1COCC(=O)O1,"1,4-dioxan-2,6-dione",0.9202,0.843,0.489,0.265,0.131,0.118,129.8,145.1,79.62,94.82,106.93735359256816,121.6086705253048,93.20147781499672,107.89205217030693
C1=COCC1,"2,3-dihydrofuran",0.9008,0.8219,0.433,0.238,0.129,0.114,126.7,143.5,77.1,91.5,126.04245771015805,141.3376545314027,109.60596692780064,124.53263973760346
CC#CCO,2-butyn-1-ol,0.95,0.878,2.316,0.82,0.143,0.132,,,100.3,111.4,,,77.28476645824145,100.64178797167612
C=COC=C,divinyl ether,0.749,0.661,0.231,0.15,0.12,0.101,146.5,162.9,96.8,108.0,153.38322739855718,157.6481713406164,136.50686281982004,140.43573735740597
C=CC1CO1,ethenyloxirane,0.8519,0.775,0.374,0.196,0.125,0.11,154.8,168.3,91.6,105.4,134.86999911671646,151.06612587230126,116.3627513418216,132.4325354458385
O=C(O)C=CC(=O)O,"cis-1,4-butenedioic acid",,,,,,,,,117.4,131.2,,,,
C12C3C1C23,"tricyclo[1.1.0.02,4]butane",,,,,,,,,60.13,71.93,,,,
C#CC(C)O,3-butyn-2-ol,0.824,0.758,2.136,0.462,0.094,0.0883,,,104.4,117.5,,,57.7151165706312,87.7523572387299
O=C(O)C=CC(=O)O,trans-2-butenedioic acid,,,,,,,,,117.4,131.2,,,,
O=C1CCCO1,.gamma.-butyrolactone,1.10958,1.05034,1.118,0.574,0.175,0.154,144.43,158.97,90.27,107.0,108.56675722874604,122.73252109775068,95.12170073902357,109.79823362576076
O=C1CCC1,cyclobutanone,,,,,0.14,0.128,130.6,143.5,78.05,92.65,,,,
C=C(C)C=O,2-methyl-2-propenal,0.8,0.709,0.412,0.236,0.155,0.139,146.3,159.7,96.0,109.1,158.08972274801533,175.25639242111677,140.4214026159346,157.4433410192393
C=CC(C)=O,3-buten-2-one,0.8246,0.7554,0.437,0.234,0.169,0.151,154.0,165.3,96.23,108.4,155.42018806236698,174.30649497720188,136.16424772089522,154.79864447865052
OCC#CCO,"2-butyne-1,4-diol",,,,,,,,,117.7,129.7,,,,
C#CC(O)CO,"3-butyne-1,2-diol",1.15,1.09,,,,,,,121.8,135.8,,,,
O=C1COC(=O)CO1,"1,4-dioxane-2,5-dione",,,,,,,,,110.5,127.6,,,,
C=C1COCO1,"1,3-dioxolane, 4-methylene-",1.093,1.009,0.613,0.304,0.134,0.121,152.6,166.4,94.3,109.7,118.89814996880796,137.90485493662413,103.84159398499813,122.65330372868723
C=C(C)C(=O)O,2-methyl-2-propenoic acid,,,,,0.17,0.156,,,105.9,120.1,,,,
C=COC(C)=O,ethenyl ethanoate,0.90612,0.8222,0.377,0.225,0.156,0.138,165.9,180.4,102.7,117.4,155.63376728144013,168.70529304233824,135.99276612982,149.5020016728268
CC(=O)C(C)=O,"2,3-butanedione",0.981,0.893,0.499,0.262,0.198,0.178,191.2,199.5,112.6,124.2,180.05573712240405,202.33428191764247,155.13942241950406,177.0809892854365
C=CC(=O)OC,methyl propenoate,0.9288,0.85,0.387,0.204,0.158,0.141,164.1,176.5,102.0,117.1,152.70683614592448,171.9692426146015,133.58806640653387,153.22391202054962
CC1=COCO1,"4-methyl-1,3-dioxole",1.083,0.994,0.536,0.276,0.135,0.121,152.5,166.5,93.8,108.9,126.14728170719911,144.0526365332446,110.0283874122765,127.83604585878008
CC1CC(=O)O1,4-methyl-2-oxetanone,1.274,1.205,1.319,0.498,0.159,0.148,158.7,169.6,92.07,107.9,103.6844545998047,131.96114571829173,88.96061809554995,116.19769655621344
C=CC1CO1,ethenyloxirane,1.37,1.29,0.584,0.24,0.142,0.132,163.7,175.7,102.5,118.1,133.9460980108527,166.50137813372336,117.4180318487174,148.89750899307342
CC=CC(=O)O,butenoic acid,,,,,,,,,103.0,116.6,,,,
O=C1COCCO1,"1,4-dioxan-2-one",1.45,1.39,5.931,1.799,0.183,0.173,184.0,194.3,104.9,122.4,71.79764315046157,97.94112501800988,61.30008538102976,86.00240622038574
CC(=O)OC(C)=O,ethanoic anhydride,1.05668,0.9811,0.653,0.377,0.201,0.184,199.7,205.7,104.3,121.8,156.0071167139303,172.30135230419123,129.9545341365346,148.6854467027251
C=CCOC=O,"formic acid, 2-propenyl ester",0.9266,0.8492,0.442,0.264,0.171,0.153,170.7,181.8,111.1,123.1,156.65021614628122,170.16529604533363,138.8235269047871,152.48840639747976
CC1COC(=O)O1,"(R)-4-methyl-1,3-dioxolan-2-one",1.1845,1.122,1.773,0.963,0.194,0.181,261.0,261.3,107.5,124.6,117.36635964482272,132.6179030944022,91.44876832066744,107.67876505443937
OCC#CCO,"2-butyne-1,4-diol",1.1846,1.122,1.773,0.963,0.194,0.181,261.0,261.4,107.5,124.6,123.18633294501984,139.20915401841728,95.98353783701648,113.01834906736724
CC(=O)C(C)=O,"2,3-butanedione",,,,,,,,,123.3,141.5,,,,
CC(C)=C=O,2-methyl-1-propen-1-one,,,,,,,,,97.77,108.3,,,,
CC1COC(=O)O1,"1,2-propanediyl carbonate",1.1837,1.1223,1.614,0.774,0.204,0.179,169.72,183.85,112.1,128.9,110.14476866649004,126.09802918229936,98.0153363444105,114.11134499100903
CC=CC(=O)O,(E)-2-butenoic acid,,,,,,,,,112.2,126.5,,,,
C=CCC(=O)O,vinylacetic acid,,,,,0.182,0.17,,,104.9,118.7,,,,
C=C(C)C(=O)O,2-methyl-2-propenoic acid,1.114,1.036,0.853,0.386,0.2,0.184,198.0,207.5,118.0,132.9,152.25665408664256,181.6121169232614,131.6269361273299,160.21943873549836
O=C(O)COCC(=O)O,"2,2'-oxydiacetic acid",1.296,1.252,5.324,1.917,0.168,0.161,,,145.2,160.2,,,55.26824156279539,73.44988852902094
CC=CC(=O)O,butenoic acid,1.7,1.62,24.706,5.432,0.184,0.171,,,146.3,164.2,,,51.458312811242344,77.22139830835222
C/C=C/C,(E)-2-butene,0.5801,0.4908,0.26,0.177,0.10117,0.08136,134.5,158.8,,,136.95823930916572,136.72143358297205,,
O=C(O)C[C@H](O)C(=O)O,l-malic acid,1.55,1.48,27.097,5.946,0.184,0.171,,,146.3,164.2,,,42.63098056440681,64.0099616726387
CC=CC(=O)O,(Z)-2-butenoic acid,,,,,,,,,103.0,116.6,,,,
CC=CC,(Z)-2-butene,0.5971,0.5102,0.267,0.182,0.10339,0.08289,129.4,151.7,,,135.53980636984213,134.68905120783785,,
C=COC(C)=O,ethenyl ethanoate,,,,,,,,,133.2,151.3,,,,
O=C(O)C1CC1,cyclopropanecarboxylic acid,,,,,,,143.9,173.7,100.2,115.0,,,,
O=C(O)[C@@H](O)[C@H](O)C(=O)O,"(2R,3R)-(+)-2,3-dihydroxybutanedioic acid",1.66,1.58,36.747,8.228,0.201,0.185,,,163.4,183.5,,,43.26519488907743,64.15723496606532
CC(C)=C=O,2-methyl-1-propen-1-one,1.79,1.71,34.078,7.602,0.201,0.185,,,163.4,183.5,,,54.748259710982225,81.2704403186284
C=C(C)C,2-methylpropene,0.5691,0.4719,0.238,0.161,0.09584,0.07695,137.4,165.6,,,139.141973660227,139.79627243368498,,
CC1CC1,methylcyclopropane,0.6131,0.521,0.199,0.138,0.109,0.088,131.9,160.0,86.3,102.2,156.28148488311635,156.82752003794067,138.70193018912263,138.24895611843164
O=C(O)C[C@H](O)C(=O)O,.alpha.-isomalic acid,,,,,,,,,146.3,164.2,,,,
C1=COCCO1,"p-dioxin, 2,3-dihydro-",,,,,,,,,,,,,,
C=CCC,1-butene,0.5688,0.4731,0.24,0.163,0.09563,0.07667,133.36,160.5,,,136.8375227969573,137.1285815035774,,
C/C=C/C,2-butene,0.574,0.489,0.218,0.149,0.116,0.093,135.6,162.4,88.6,102.0,156.95448129174628,156.7906536795203,139.2458226520101,137.5629720705288
CC(C)C=O,2-methylpropanal,0.771,0.6941,0.722,0.458,0.1305,0.119,148.2,164.7,104.6,120.3,113.29492157737516,124.14182739957111,102.71765741892604,113.6425435495492
CC(C(=O)O)C(=O)O,"propanedioic acid, methyl-",,,,,,,,,128.9,145.8,,,,
O=C(O)C[C@H](O)C(=O)O,hydroxybutanedioic acid,0.675,0.598,0.271,0.196,0.117,0.098,114.4,140.0,74.61,90.62,107.7924097286476,110.0348832463118,95.58081898875312,97.36249577673073
C/C=C\CO,(Z)-2-buten-1-ol,0.774,0.719,1.021,0.501,0.132,0.125,,,106.0,120.3,,,85.81379540993946,104.46832286306376
CC=COC,(E)-1-methoxy-1-propene,0.738,0.659,0.312,0.19,0.124,0.107,158.4,174.1,104.7,117.3,141.96690451743984,150.76513855625691,126.35923360788172,134.91423267667713
CC=COC,(Z)-1-methoxy-1-propene,0.742,0.665,0.323,0.192,0.125,0.108,159.2,174.5,104.7,117.3,140.58661833137634,150.33943585999623,124.95349337119028,134.4464663700284
CC1(C)CO1,"1,1-dimethyloxirane",0.816,0.735,0.294,0.169,0.111,0.096,156.0,173.5,102.2,117.9,133.6802684875277,145.00486972357672,118.68611020889772,130.07219746483443
C=CC(C)O,1-buten-3-ol,0.8145,0.7473,1.977,0.468,0.1375,0.126,,,107.7,123.5,,,77.98116695659782,114.15056015604642
CCCC=O,butanal,0.783,0.7171,0.501,0.318,0.1363,0.122,166.3,185.9,106.4,119.5,128.12806844751734,138.73684815989338,113.0019581938064,122.52003814201336
CCC(C)=O,butanone,0.78413,0.7178,0.421,0.261,0.1408,0.1232,161.06,173.0,106.4,119.3,136.74763944541374,145.00645488482087,121.69504051930384,130.61225364693505
CC1OC1C,"cis-2,3-epoxybutane",0.8041,0.734,0.323,0.177,0.116,0.103,148.7,164.6,100.6,115.7,127.29631864493533,142.43293595518537,114.04482437793396,128.98653872810058
CC1OC1C,"2,3-epoxybutane",0.861,0.789,0.286,0.161,0.115,0.103,141.3,158.5,101.8,117.3,130.0191723348487,145.82730890201609,118.5637308847002,133.98746161784976
CC1CCO1,2-methyloxetane,0.856,0.775,0.339,0.195,0.118,0.103,139.9,157.8,93.7,109.4,130.1513824372806,142.65293610856764,116.273463514069,128.6852553662111
C=CCCO,3-buten-1-ol,0.846,0.779,1.229,0.565,0.134,0.125,,,107.9,122.5,,,87.47421450363977,107.30563396666062
CC1COC1,3-methyloxetane,0.847,0.773,0.331,0.193,0.117,0.103,130.6,148.9,93.7,109.4,124.52721219911544,137.21639544703504,113.42265181925757,125.81902076838271
C=COCC,ethoxyethene,0.7292,0.6463,0.267,0.167,0.119,0.101,159.0,176.2,106.6,119.5,146.12259855824644,152.54693328567683,130.57874115002792,136.76205319838368
CC1COC(=O)O1,"1,2-propanediyl carbonate",,,,,,,,,163.4,183.5,,,,
CCC1CO1,ethyloxirane,0.8079,0.736,0.334,0.182,0.1395,0.1218,152.0,169.1,99.24,115.2,145.9093232196676,161.78127781888415,129.41911512717772,145.223883714517
OCC=CCO,"(E)-2-butene-1,4-diol",1.08,1.023,9.259,2.933,0.168,0.158,,,123.4,138.6,,,54.69225948722541,74.7139279146594
COC1CC1,methoxycyclopropane,0.7868,0.711,0.268,0.162,0.117,0.102,149.4,165.4,101.9,115.7,138.17314248097563,148.431596280388,124.07326468633536,134.23568838114545
OCC=CCO,"(Z)-2-butene-1,4-diol",1.0564,1.001,9.371,2.997,0.17,0.159,,,123.4,138.6,,,54.534648355356175,74.00404121601828
C=CCOC,allyl methyl ether,0.7562,0.6774,0.294,0.177,0.122,0.105,158.6,174.1,106.6,119.5,142.63162154091188,151.621361358515,127.54946341329516,136.39149481138836
OC1CCC1,cyclobutanol,0.9861,0.9181,1.095,0.512,0.129,0.121,,,98.89,116.3,,,86.15326817934269,106.65213151006012
O=C(O)C(O)C(O)C(=O)O,"(R*,R*)-2,3-dihydroxybutanedioic acid",,,,,,,,,163.4,183.5,,,,
O=C(O)[C@@H](O)[C@H](O)C(=O)O,"(R*,S*)-tartaric acid",,,,,,,,,163.4,183.5,,,,
CC1OC1C,"cis-2,3-epoxybutane",0.999,0.94,3.303,1.021,0.149,0.141,,,123.6,139.3,,,71.6609331317654,99.10508947114424
C=CC(C)O,1-buten-3-ol,1.009,0.9,1.15,0.567,0.143,0.131,144.2,164.6,94.18,113.0,116.18972190735408,138.1550467076193,103.06835933543044,124.28422506191627
CCOC(C)=O,ethyl ethanoate,0.87597,0.7977,0.413,0.268,0.1371,0.1192,171.45,190.7,116.5,130.6,135.93438378641926,143.05151281071505,121.93374981941577,128.60108143235752
C1COCCO1,"1,4-dioxane",1.01085,0.9407,0.928,0.493,0.16,0.1416,157.3,167.2,97.01,116.2,114.4809358428366,127.44748828853938,99.92746358455295,115.04755702687152
CCC(C)=O,butanone,0.8534,0.785,0.469,0.268,0.1284,0.111,163.1,180.9,118.1,135.0,125.67426256882014,136.4002167870721,114.76433447108845,125.62048933132262
OCC=CCO,"2-butene-1,4-diol",1.059,1.005,9.348,2.985,0.168,0.158,,,123.4,138.6,,,53.72197109936708,73.22331364577849
CC(C)C(=O)O,2-methylpropanoic acid,,,,,0.138,0.126,,,114.5,131.3,,,,
CC(O)CC=O,3-hydroxybutyraldehyde,0.904,0.855,10.509,1.626,0.147,0.14,,,122.0,138.6,,,45.80437240610798,77.48902123949797
CCC(=O)OC,methyl propanoate,0.89456,0.814,0.413,0.262,0.1374,0.1253,176.46,196.7,120.1,134.4,138.3736274938468,151.75529795000136,124.17871946249738,136.33752619030184
CCCOC=O,propyl methanoate,0.8811,0.8033,0.478,0.29,0.1396,0.121,175.1,191.6,121.0,134.6,132.72448434949928,141.37470618501686,119.6195539145032,128.0071520120858
CC1COCO1,"4-methyl-1,3-dioxolane",1.024,0.941,0.674,0.34,0.136,0.122,159.5,176.0,101.9,119.5,117.306382903964,135.21883260271437,103.41522002606165,121.26572301603652
CCCC(=O)O,butanoic acid,0.93799,0.87961,1.173,0.625,0.146,0.1422,,,114.8,130.2,,,87.21970608705067,105.84590486709
COC=COC,"cis-1,2-Dimethoxyethene",0.886,0.808,0.553,0.301,0.143,0.127,181.6,192.9,120.7,132.7,131.04574971960707,145.2342869445146,116.82018990558636,130.72805261466743
COC=COC,"cis-1,2-dimethoxyethylene",0.887,0.809,0.552,0.302,0.144,0.127,182.2,193.4,120.7,132.7,131.8931193992813,145.20454432643058,117.46652945282008,130.60613989424888
COCC(C)=O,methoxyacetone,0.941,0.868,0.68,0.332,0.154,0.139,202.9,211.3,122.6,135.3,132.05460658236467,151.81390570330916,114.606034349505,133.92183614920114
COCC1CO1,methoxymethyloxirane,1.055,0.979,0.455,0.245,0.141,0.129,179.9,191.9,117.5,132.2,135.6857721816544,154.27170152549795,120.36374617609086,138.91837276057487
COC(=O)C(C)O,(RS)-methyl 2-hydroxypropanoate,1.14,1.062,1.816,0.678,0.138,0.129,,,129.0,147.9,,,79.22973531966385,103.49168701195124
CCOC(=O)OC,ethyl methyl carbonate,1.029,0.946,0.544,0.304,0.141,0.127,187.8,209.3,127.9,143.9,127.74336069658482,143.8903741696394,114.65960802175248,129.4976416506639
COC(=O)C(C)O,(S)-methyl 2-hydroxypropanoate,1.09,1.016,2.11,0.778,0.139,0.13,,,129.0,147.9,,,75.22793592147993,98.64538046977928
CC(=O)OCCO,2-hydroxyethyl ethanoate,1.08963,1.0283,3.396,1.225,0.149,0.14,,,129.3,146.9,,,65.65444398404229,86.69149032624564
C1OCOCOCO1,"1,3,5,7-tetraoxacyclooctane",,,,,,,,,125.9,146.6,,,,
OCC=CCO,"2-butene-1,4-diol",1.106,1.034,2.17,0.861,0.145,0.136,,,129.3,146.9,,,80.06917740228623,102.79805550018352
COC1OCCO1,"2-methoxy-1,3-dioxolane",1.078,1.007,1.002,0.516,0.156,0.143,196.2,203.4,118.0,134.8,112.08333822507078,128.19203439844816,97.14607005328716,114.18358770999797
C=COCCO,2-(ethenyloxy)ethanol,,,,,,,,,124.0,137.8,,,,
COC(=O)CCO,methyl .beta.-hydroxypropionate,1.17,1.1,2.393,0.927,0.146,0.137,,,129.3,146.9,,,74.10266984570139,95.81249458106788
COC(=O)C(C)O,methyl 2-hydroxypropanoate,1.071,0.999,1.634,0.711,0.139,0.13,,,129.0,147.9,,,80.21669170220649,100.3994058295456
CC1OCCO1,"2-methyl-1,3-dioxolane",,,,,,,203.2,215.5,101.9,119.5,,,,
COC(=O)C(O)CO,methyl glycerate,1.35,1.27,8.148,2.441,0.172,0.158,,,146.4,166.2,,,60.99975595451107,83.47977842290695
COCC(=O)OC,methyl methoxyacetate,1.0283,0.9539,0.652,0.346,0.144,0.131,203.5,215.2,127.9,143.9,122.24502849695637,138.65453078502205,107.27406075895752,123.81351042779076
CCOCC(=O)O,ethoxyacetic acid,,,,,0.163,0.151,,,130.9,145.6,,,,
CC=CCC,(E)-2-pentene,0.62726,0.5557,0.304,0.185,0.111,0.094,161.57,184.5,113.0,129.4,130.17168174850713,137.88585556929485,117.71603080205892,124.7906512328156
CC=CCC,(Z)-2-pentene,0.6332,0.56,0.303,0.184,0.112,0.095,155.87,176.8,103.0,120.5,130.64682005536207,138.37098171774386,116.27486757319971,124.22526119440528
CC=CCC,1-methyl-2-ethylethylene,0.6304,0.5583,0.269,0.181,0.111,0.094,163.3,185.0,112.8,129.9,135.41884516729007,139.1358982358736,122.03394243530262,125.96272377096524
C=C(C)CC,2-methyl-1-butene,0.6286,0.5543,0.283,0.177,0.098,0.082,162.03,185.9,114.3,131.4,122.83428388581326,128.1755457260677,111.34963758733268,116.25663787877228
CC=C(C)C,2-methyl-2-butene,0.6378,0.561,0.285,0.212,0.102,0.086,157.32,182.2,109.2,126.2,126.29469570694064,126.53618055178876,113.96770880397892,114.11703010322364
C=CC(C)C,3-methyl-1-butene,0.6107,0.538,0.255,0.164,0.101,0.083,161.37,189.0,118.7,135.6,128.32190413496568,131.9072843842456,117.70183380759502,120.14472968501316
C[C@@H]1C[C@@H]1C,"cis-1,2-dimethylcyclopropane",0.6733,0.605,0.284,0.172,0.101,0.087,150.1,172.0,107.7,126.0,119.85891682149406,128.8248437718118,109.1733752186932,118.02654839932794
CC1(C)CC1,"cyclopropane, 1,1-dimethyl-",0.6391,0.568,0.249,0.16,0.094,0.08,148.7,173.8,111.4,130.8,119.1468869971432,125.55480438912568,109.8500929069566,115.90684735322272
C[C@H]1C[C@@H]1C,ethylcyclopropane,0.6653,0.601,0.286,0.17,0.104,0.089,159.0,181.1,110.0,128.2,122.0712656018341,131.05334689056662,110.05358607125412,118.91716800973336
C[C@H]1C[C@@H]1C,"trans-1,2-dimethylcyclopropane",0.6483,0.577,0.267,0.166,0.099,0.084,152.9,176.5,110.4,129.1,122.31448767762686,129.35734192565775,111.60695909879789,118.46371504517656
C=CCCC,1-pentene,0.619,0.5448,0.284,0.178,0.1065,0.0783,159.49,182.7,112.5,130.0,129.64502267370074,123.14582634306817,117.52117658569132,111.90381920072916
CC(C)(O)C(=O)O,2-hydroxy-2-methylpropanoic acid,,,,,,,,,132.5,150.7,,,,
CC(O)C1CC1,.alpha.-methylcyclopropanemethanol,0.869,0.804,1.174,0.498,0.125,0.117,,,127.2,147.6,,,83.26409692792633,105.37862271205536
C1CCCC1,cyclopentane,0.72539,0.6597,0.484,0.291,0.12163,0.1018,131.7,155.3,,,112.41347422319024,119.5525645657588,,
CC1CCC1,methylcyclobutane,0.6728,0.604,0.285,0.172,0.104,0.09,147.8,170.2,103.5,122.2,122.0061271400839,131.88247346803,110.37099139261174,120.14654623420417
C/C=C/CCO,(E)-3-penten-1-ol,0.856,0.794,1.565,0.668,0.14,0.13,,,130.2,148.2,,,82.75354759218577,103.39089246123744
CC[C@@H](C)C=O,(S)-2-methylbutanal,0.7933,0.729,0.529,0.305,0.133,0.119,191.3,209.0,128.8,148.2,121.82647979731956,134.62024825095722,108.99701552034468,122.21171440666647
C/C=C\CCO,(Z)-3-penten-1-ol,0.855,0.795,1.649,0.692,0.14,0.131,,,130.2,148.2,,,80.7966769409947,101.9896299472582
CC(O)CC(=O)O,3-hydroxybutanoic acid,,,,,,,,,131.9,149.6,,,,
CC1(CO)CC1,1-methylcyclopropanemethanol,0.875,0.812,1.063,0.505,0.12,0.113,,,128.2,147.6,,,82.60162402798285,101.47791497580818
CC1(C)COC1,.beta.-.beta.'-dimethyltrimethylene oxide,0.8092,0.736,0.556,0.287,0.115,0.103,179.7,198.6,118.6,138.2,110.27238658884733,126.20422612613773,98.10754830849442,113.96651004557944
CC1CCOC1,.beta.-methyltetramethylene oxide,0.8444,0.779,0.675,0.347,0.124,0.112,154.7,175.2,110.5,130.8,102.38258567258092,118.835968196335,93.1365779722486,109.45699586438528
C=COCCC,1-(ethenyloxy)- propane,0.7463,0.674,0.375,0.214,0.126,0.11,188.1,205.6,130.8,147.4,132.7895564233153,144.60188891585744,119.88921328604609,131.6797239149034
C=C(C)COC,"1-propene, 3-methoxy-2-methyl-",0.7555,0.6845,0.397,0.225,0.116,0.102,185.9,204.0,131.8,148.8,122.10540457747912,134.06375347770876,110.84568702231934,122.67769656296733
C[C@H]1C[C@@H]1C,"trans-1,2-dimethylcyclopropane",0.775,0.699,0.439,0.242,0.132,0.115,198.4,214.2,128.8,145.2,143.26732204735288,156.75927581894712,126.87264799513564,140.51896482055628
CCC=COC,"1-butene, 1-methoxy-, (E)-",0.765,0.696,0.458,0.251,0.131,0.116,187.9,204.1,128.8,145.2,127.36400510166447,141.47062078069445,114.52767294513446,128.54897887814548
C=C(CC)OC,1-ethylvinyl methyl ether,0.744,0.669,0.363,0.215,0.114,0.099,188.7,207.3,131.8,148.8,126.11495397388435,135.58249652054516,114.00506725244888,123.5086706418018
C=C(C)OCC,2-ethoxy-1-propene,0.7485,0.6761,0.314,0.222,0.115,0.1,185.5,204.0,131.8,148.8,130.2591570278412,133.3999807285304,118.31922742076505,122.07029814394566
C=CC(O)CC,1-penten-3-ol,0.813,0.7485,3.075,0.641,0.13,0.121,,,131.8,151.4,,,65.83594010136042,101.0575283538601
CC1CCCO1,2-methyltetrahydrofuran,0.83346,0.7652,0.496,0.324,0.124,0.111,162.1,184.1,110.5,130.8,114.50054163269502,123.5404996989007,102.80006465289377,112.21514664013633
CC(C)(C)C=O,"2,2-dimethylpropanal",0.7628,0.701,0.628,0.354,0.12,0.108,191.5,201.8,129.4,149.2,106.65030036550684,117.89838338859016,95.51577800864742,108.29656887614657
CC1OC1(C)C,"2,3-epoxy-3-methylbutane",0.804,0.737,0.386,0.208,0.11,0.098,175.0,194.8,126.7,146.2,114.58421476130869,129.3303975657538,104.63313832481874,119.2995858952398
C=COC(C)C,2-(ethenyloxy)propane,0.736,0.663,0.322,0.208,0.119,0.104,182.6,202.6,130.5,148.4,132.278745124353,139.80492598832208,120.35139697957068,128.0823111496884
CCC1(C)CO1,2-ethyl-2-methyloxirane,0.802,0.736,0.449,0.234,0.116,0.104,180.3,199.3,126.4,145.8,114.56179294164691,130.8615277668807,103.66917821226176,119.84656049125331
CCC(O)=CCO,"(Z)-2-pentene-1,4-diol",0.9982,0.9445,10.018,2.859,0.164,0.153,,,147.3,167.5,,,52.128280833295655,73.16265461376095
CO/C=C(\C)OC,"(E)-1,2-dimethoxypropene",0.879,0.804,0.705,0.364,0.136,0.121,213.3,227.4,145.9,162.0,117.19425115930149,132.13186008059665,105.31977783437264,120.10994438818298
CO/C=C(\C)OC,"(Z)-1,2-dimethoxypropene",0.879,0.804,0.705,0.364,0.136,0.121,213.3,227.4,145.9,162.0,117.19425115930149,132.13186008059665,105.31977783437264,120.10994438818298
CC(=O)OC(C)C,1-methylethyl ethanoate,0.8531,0.82,0.481,0.287,0.121,0.108,201.6,226.0,142.8,162.7,93.82506376830229,103.24889836922276,85.15119115207949,94.13216367669686
CCC=COC,"1-butene, 1-methoxy-, (1Z)-",0.883,0.809,0.702,0.36,0.147,0.132,213.7,227.2,144.9,160.6,129.74979115214197,147.42888121164825,116.31646426255712,133.72146567675992
OC1CCCC1O,"1,2-cyclopentanediol, cis-",1.033,0.988,4.356,1.619,0.141,0.135,,,130.0,151.3,,,54.29963818197862,72.55623586299015
CCOCC1CO1,(ethoxymethyl)oxirane,1.031,0.956,0.553,0.292,0.144,0.132,218.2,232.1,141.7,160.1,131.57965690167515,150.5189122394162,116.5330862402082,135.5882126401524
CC(C)(C)OC=O,"1,1-dimethylethyl methanoate",0.824,0.76,0.716,0.355,0.124,0.111,184.7,205.9,137.1,158.3,100.28092442844384,116.3139966193324,92.21675315442651,108.02255113192798
CC1OCCCO1,"1,3-dioxane, 2-methyl-",0.9474,0.8747,1.151,0.537,0.14,0.127,195.8,214.2,123.8,145.5,100.8801924199426,119.53600737600549,88.67502310619716,107.21426927138256
C1CCOCOC1,"1,3-dioxepan",0.9821,0.9165,1.578,0.72,0.145,0.133,176.4,196.3,121.2,143.3,89.31212398319681,107.86131380029651,80.36365006108737,98.72321247838084
CC(C)C(=O)CO,1-hydroxy-3-methyl-2-butanone,1.015,0.957,6.108,1.609,0.156,0.146,,,147.8,167.2,,,59.12002343263664,84.93613075800111
CC1COC(C)O1,"1,3-dioxolane, 2,4-dimethyl-, cis-",0.9035,0.824,0.742,0.364,0.134,0.119,205.1,223.7,126.4,147.7,114.91122278655416,132.10514407043686,100.28314781820656,117.5453412241158
CCOC(=O)OCC,diethyl carbonate,0.95216,0.8814,0.648,0.377,0.145,0.131,224.5,243.5,152.1,171.8,120.38452583428172,133.3443417700197,107.89627626290726,120.88278237499676
CC1COC(C)O1,"2,4-dimethyl-1,3-dioxolane",0.97,0.897,0.742,0.368,0.133,0.121,180.5,200.7,126.4,147.7,107.64526889597182,126.21523584983628,97.37990818651652,115.78490419044562
CC1OC1(C)C,"2,3-epoxy-3-methylbutane",,,,,0.13,0.119,205.6,244.1,139.3,160.2,,,,
CCOC(=O)C(C)O,L-(+)-ethyl 2-hydroxypropanoate,1.0121,0.9409,1.63,0.733,0.14,0.131,,,153.1,175.8,,,81.45524401618648,101.08916801635252
CCOC(=O)C(C)O,L-ethyl 2-hydroxypropanoate,1.0125,0.9444,2.37,0.847,0.14,0.131,,,153.1,175.8,,,72.4023016952114,95.85315833705492
CO/C=C(\C)OC,"(Z)-1,2-dimethoxypropene",1.117,1.044,1.226,0.623,0.157,0.144,208.0,224.9,139.9,160.9,109.58529474907904,127.35635544991509,98.01658948552462,115.9071437369956
C1COCOCCO1,"1,3,6-trioxocane",1.135,1.067,2.996,1.172,0.163,0.151,204.5,223.1,134.5,158.0,81.99358319073504,103.56383894970509,72.8771559256076,93.9847628944995
COCCOC(C)=O,2-methoxyethyl ethanoate,0.9841,0.9172,0.752,0.392,0.143,0.131,215.8,232.3,152.1,171.8,111.26793502302452,128.1157663474419,100.84034108351936,117.69146009371345
CCOC(=O)CCO,ethyl 3-hydroxypropanoate,1.0398,0.975,1.443,0.615,0.139,0.131,,,153.4,174.8,,,81.71483354528121,103.262901225045
COC(=O)C(C)(C)O,methyl 2-hydroxy-2-methylpropanoate,1.03,0.959,2.136,0.709,0.129,0.12,,,153.8,176.9,,,71.21358409605129,95.8991257548616
C1CCOCOC1,"1,3-dioxepan",0.9915,0.9235,0.837,0.422,0.147,0.134,233.1,247.4,152.1,171.8,117.78509276494675,135.87061777085435,104.45605858613976,122.6236475664582
CC(C)OCC(=O)O,isopropoxyacetic acid,,,,,0.159,0.147,,,154.7,174.5,,,,
CCC(C)OC=O,1-methylpropyl methanoate,,,,,,,,,144.9,163.5,,,,
C1OCOCOCOCO1,"1,3,5,7,9-pentoxecane",,,,,,,,,161.1,187.3,,,,
CC1COC(C)O1,"2,4-dimethyl-1,3-dioxolane",,,,,,,,,181.0,204.1,,,,
COC(=O)C(C)(O)CO,"methyl 2,3-dihydroxyisobutyrate",1.38,1.29,9.42,2.481,0.167,0.151,,,171.2,195.2,,,60.0358874038193,84.33244902913766
O=C[C@@H](O)[C@H](O)[C@@H](O)CO,D-(+)-xylose,,,,,,,,,198.0,223.0,,,,
O=CC(O)C(O)C(O)CO,D-(-)-arabinose,1.38,1.31,86.957,14.504,0.219,0.204,,,198.0,223.0,,,36.71086032929873,59.70004688188814
O=C[C@H](O)[C@@H](O)[C@@H](O)CO,D-arabinose,1.38,1.31,86.957,14.504,0.219,0.204,,,198.0,223.0,,,36.71086032929873,59.70004688188814
COC(=O)C(OC)OC,methyl dimethoxyacetate,1.115,1.04,1.345,0.587,0.157,0.144,255.9,269.7,167.9,188.2,105.62348829424398,127.2011004988009,93.8160396497612,114.95677121850164
O=C(O)C(CO)(CO)CO,tris(hydroxymethyl)ethanoic acid,,,,,,,,,191.0,215.2,,,,
CCC(C)C,2-methylbutane,0.5994,0.5279,0.312,0.207,0.10204,0.08302,169.6,196.2,,,122.30209446400237,123.30172918405164,,
CCCCC,pentane,0.6057,0.5374,0.317,0.222,0.10584,0.08587,172.0,196.6,,,123.88737134936022,122.35249584004424,,
COC(C)(C)C,"1,1-dimethylethyl methyl ether",0.71901,0.64903,0.388,0.253,0.109,0.094,192.61,216.2,139.2,159.2,117.44820921595952,123.0241224033118,107.19436623501844,112.87608915678982
CCCCCO,1-pentanol,0.79986,0.75033,2.852,0.862,0.149,0.1397,220.95,275.59,136.2,158.0,79.1164498053922,112.54392294578317,69.04955871586071,96.24056811635984
CC(C)(C)C,"2,2-dimethylpropane",0.5673,0.4844,0.36,0.216,0.08828,0.07095,172.7,204.5,,,110.92401018311942,114.78035050645794,,
CCC(C)CO,(S)-(-)-2-methyl-1-butanol,0.8007,0.7425,3.235,0.818,0.129,0.12,,,141.7,162.9,,,63.58012515544777,92.41688144438386
CC(C)[C@H](C)O,(S)-3-methyl-2-butanol,0.7951,0.7308,3.144,0.67,0.123,0.114,,,141.4,163.9,,,63.65890250291445,97.06183477122802
C1COCOCCO1,"1,3,6-trioxocane",,,,,,,,,198.0,223.0,,,,
COCCOC(C)=O,2-methoxyethyl ethanoate,,,,,,,,,198.0,223.0,,,,
CC(CO)(CO)C(=O)O,"2,2-bis(hydroxymethyl)propanoic acid",,,,,,,,,174.0,196.9,,,,
CC(C)(C)CO,"2,2-dimethyl-1-propanol",,,,,,,,,142.3,163.9,,,,
CCC(C)OC,2-methoxybutane,0.7206,0.6504,0.389,0.249,0.118,0.103,194.1,215.4,140.4,159.9,124.62925649455292,131.94924130561785,113.7765572734599,121.3409679816432
OC1COC(O)C(O)C1O,"xylopyranose, .alpha.-D-",,,,,,,,,,,,,,
O=C[C@@H](O)[C@H](O)[C@@H](O)CO,L-xylose,,,,,,,,,198.0,223.0,,,,
CCC(C)CO,2-methyl-1-butanol,0.80339,0.7518,3.376,0.805,0.1323,0.1243,,,141.7,162.9,,,61.83943196927134,92.0384123649729
CCC(C)(C)O,2-methyl-2-butanol,0.79004,0.7273,2.671,0.467,0.112,0.107,,,136.8,157.9,,,61.30486421935916,100.88078735858146
CCCCOC,butyl methyl ether,0.7245,0.6579,0.455,0.26,0.124,0.109,196.98,218.01,140.7,158.9,122.27081909205388,134.22646510612498,111.22873681385803,122.80071340708734
CCC[C@H](C)O,2-pentanol,0.79265,0.7353,2.517,0.612,0.127,0.118,,,141.7,162.9,,,67.19022445079138,98.66254000093276
CC(C)CCO,3-methyl-1-butanol,0.79541,0.7459,2.982,0.871,0.1361,0.129,,,141.7,162.9,,,64.60071285222355,91.3901214731684
CC(C)[C@H](C)O,3-methyl-2-butanol,0.80029,0.7408,2.749,0.621,0.121,0.113,,,141.4,163.9,,,63.921287548564344,96.40020865007008
CCCC(C)O,D-sec-amyl alcohol,0.7989,0.743,3.38,0.7,0.127,0.118,,,141.7,162.9,,,61.39906568493836,94.32153896614663
CCCOCC,ethyl propyl ether,0.7106,0.6353,0.365,0.244,0.123,0.106,201.46,224.33,140.7,158.9,134.7310148227391,139.75798258699967,121.79077465600363,126.83764267476168
CCC(O)CC,3-pentanol,0.80241,0.7451,2.799,0.554,0.126,0.117,,,141.7,162.9,,,64.8305884817298,100.82645839361544
CCOC(C)C,"ether, ethyl isopropyl",0.7006,0.6258,0.371,0.244,0.116,0.1,196.9,219.0,140.4,159.9,127.51930324500604,132.87329549977468,115.94685645957978,121.6223385566584
C[C@H](CO)CCO,"(R)-(+)-2-methyl-1,4-butanediol",0.981,0.93,39.755,5.914,0.154,0.144,,,159.1,181.2,,,33.866570894457894,57.211583778288805
CCC(C)(C)O,2-methyl-2-butanol,1.07,0.98,1.963,0.806,0.145,0.129,,,158.4,179.3,,,92.83489868710608,113.52835537050694
COCC(C)C,methyl 2-methylpropyl ether,0.7112,0.6419,0.354,0.245,0.118,0.103,195.8,216.7,140.4,159.9,127.82834452828727,132.29519784518106,116.41116163462274,121.45336200545032
OCCCCCO,"1,5-pentanediol",0.981,0.9416,46.075,6.054,0.2006,0.1961,,,159.4,180.2,,,36.556546436172,65.88881484284973
CCC(OC)OC,"1,1-dimethoxypropane",0.8426,0.7705,0.605,0.363,0.135,0.12,217.9,235.7,156.4,175.2,120.4180842781867,130.59526796639898,109.6929591147283,120.14033348636812
CCCC(O)CO,"1,2-pentanediol",0.9567,0.903,20.403,1.262,0.154,0.144,,,159.1,181.2,,,41.45390731592924,89.63723783066882
CCC(C)(O)CO,"1,2-butanediol, 2-methyl-",0.977,0.921,174.002,10.858,0.143,0.134,275.0,286.0,159.7,182.3,25.384075659793417,53.45329961065851,21.785460260405785,47.093182837975675
CCC(O)CCO,"1,3-pentanediol",0.9642,0.9119,76.748,8.883,0.158,0.147,,,159.1,181.2,,,28.872839820464357,52.15491390256273
C[C@@H](CO)CCO,"1,4-butanediol, 2-methyl-, (S)-(-)-",0.995,0.941,39.196,5.845,0.155,0.145,,,159.1,181.2,,,34.71397497603739,58.62200063438874
CC(CO)CCO,"1,4-butanediol, 2-methyl-",1.01,0.957,49.505,7.106,0.157,0.147,,,159.1,181.2,,,32.63597519007348,55.74259377735623
CC(O)C(C)CO,"1,3-butanediol, 2-methyl-",0.9763,0.924,51.214,6.385,0.147,0.138,269.0,281.5,158.8,182.2,35.60766060660962,61.90586680414268,30.70106001235839,54.77542961227123
CC(C)(O)CCO,"1,3-butanediol, 3-methyl-",0.9662,0.915,196.647,12.022,0.142,0.133,261.6,274.5,159.7,182.3,23.46249521698571,49.80053371582165,20.421252435053376,44.38449923309411
CCOCC(C)O,1-ethoxy-2-propanol,0.8777,0.8155,1.39,0.638,0.139,0.13,,,157.8,178.2,,,85.25406191360736,104.66663788415651
CCOCCOC,1-ethoxy-2-methoxyethane,0.824,0.758,0.68,0.369,0.138,0.124,219.2,225.1,156.7,174.2,115.66505545221968,128.15579720702917,105.24382709850472,119.23997452760804
CC(O)C(C)(C)O,"2,3-butanediol, 2-methyl-",,,,,,,,,159.4,183.3,,,,
CCC(O)C(C)O,"2,3-pentanediol",0.9657,0.909,44.527,5.831,0.152,0.141,,,158.8,182.2,,,33.4622428085326,58.378791822711264
CC(CO)(CO)CO,"1,1,1-tris(hydroxymethyl)ethane",,,,,,,,,177.0,200.6,,,,
CCOCCOC,1-ethoxy-2-methoxyethane,,,,,,,,,211.0,238.0,,,,
COC(C)(OC)OC,"1,1,1-trimethoxyethane",0.968,0.887,0.971,0.485,0.143,0.128,259.5,273.7,173.1,191.7,114.54356755672056,130.5258948662054,102.21316367619488,118.084495696472
OCCCCCO,"1,5-pentanediol",1.095,1.038,6.393,2.216,0.17,0.159,305.0,312.3,175.0,196.5,75.33203865042334,97.3701209208249,64.43365669663035,85.47232088937673
CC(C)[C@@H](O)CO,"1,2-butanediol, 3-methyl-, (S)-(+)-",1.111,1.053,6.841,2.279,0.172,0.16,,,175.0,196.5,,,64.06395170955501,85.60170333114591
OC[C@@H](O)[C@@H](O)[C@@H](O)CO,"1,2,3,4-pentanepentol",,,,,,,,,211.0,238.0,,,,
COC(CO)CCO,"2-Methoxy-1,4-butanediol",1.113,1.057,7.727,2.554,0.172,0.161,,,175.0,196.5,,,58.88307872517599,79.20716833162948
COCCOCCO,2-(2-methoxyethoxy)ethanol,1.00224,0.9471,2.524,1.109,0.1812,0.1622,265.0,275.9,174.1,192.6,93.70138550350114,110.2971127916595,83.2575530084117,99.6906673396228
CCCCOC,butyl methyl ether,,,,,,,,,158.8,182.2,,,,
CC(C)(C)COCO,tert-butylperoxymethanol,1.085,1.007,3.41,1.231,0.156,0.142,,,174.4,194.6,,,75.77219489805164,97.28008092667338
OCC(CO)(CO)CO,"2,2-bis(hydroxymethyl)-1,3-propanediol",,,,,,,,,194.0,219.0,,,,
OCCOCC(O)CO,"3-(2-Hydroxyethoxy)propane-1,2-diol",1.201,1.153,18.318,5.204,0.184,0.175,,,193.0,214.9,,,46.07305233520384,65.26293661815907
CC(O)CC(C)O,"(R,R)-2,4-pentanediol",,,,,,,,,,,,,,
OCC(O)C(O)C(O)CO,xylitol,,,,,,,,,211.0,238.0,,,,
CC(O)CCCO,"1,4-pentanediol",,,,,,,,,159.1,181.2,,,,
O=Cc1ccco1,furfural,1.1377,1.0726,1.037,0.522,0.1688,0.1567,162.4,174.8,102.4,119.0,111.18782261063816,130.5231798495171,97.66000777621936,117.14185637961158
OC[C@@H](O)[C@@H](O)[C@@H](O)CO,"1,2,3,4-pentanepentol",1.2213,1.1564,2.456,0.822,0.186,0.175,202.7,211.7,113.6,130.6,87.41103669665556,115.22955309662538,74.27219108514285,100.58967751896638
OCC(O)C(O)C(O)CO,L-(-)-arabitol,,,,,0.187,0.181,,,211.0,238.0,,,,
C=C1CC(=O)OC1=O,itaconic anhydride,,,,,,,,,114.1,131.5,,,,
CC(C)(C)COCO,tert-butylperoxymethanol,0.777,0.695,0.335,0.226,0.12,0.105,126.2,145.5,79.65,96.18,111.6035680227407,117.88784556680112,98.05136474641996,104.92945507510254
CC(CO)(CO)CO,"1,1,1-tris(hydroxymethyl)ethane",0.7176,0.649,0.502,0.277,0.088,0.0772,148.0,158.5,93.29,102.6,79.27315152770088,86.94988061841578,69.62193912592747,76.93722358268893
OCC(O)C(O)C(O)CO,D-arabinitol,1.27,1.202,2.756,0.965,0.183,0.171,188.9,196.5,95.7,111.8,83.08029425523289,107.48567267179388,68.6158589620853,91.71795680636568
O=Cc1ccoc1,3-furaldehyde,1.205,1.137,0.946,0.449,0.163,0.152,166.6,176.5,98.0,112.9,113.45092024702775,135.2362655267279,97.71983868945786,119.26326332045228
O=c1ccocc1,4H-pyran-4-one,1.1956,1.135,1.497,0.599,0.168,0.158,130.2,145.6,95.7,111.8,92.03956171434822,117.59167098312892,84.40438312572263,109.17066262368722
CC(C)(CO)CO,"2,2-dimethyl-1,3-propanediol",,,,,,,,,159.7,182.3,,,,
C#CC=CC,(Z)-3-penten-1-yne,0.694,0.628,0.432,0.255,0.0862,0.0755,142.8,158.2,99.6,112.4,94.3904563941072,102.44082119261044,85.29300060194153,93.05009738438476
CC(C)[C@@H](O)CO,"1,2-butanediol, 3-methyl-",0.6969,0.6299,0.317,0.184,0.237,0.208,141.1,156.8,96.29,109.6,187.61179091870625,205.05210210580407,168.49210965831168,185.40100693273797
C#CCC=C,1-penten-4-yne,0.702,0.626,0.399,0.235,0.0831,0.072,149.9,165.9,101.6,114.6,99.16702422768516,106.82599967345928,88.8901178498978,96.26819082615847
C=CC#CC,1-penten-3-yne,0.7202,0.654,0.361,0.197,0.119,0.105,147.7,161.0,97.2,109.4,126.4738529297014,140.43026305544453,112.4306020363851,125.96681921094124
O=C1CCC(=O)C1,"1,3-cyclopentanedione",,,,,,,,,105.8,124.3,,,,
OCc1ccco1,2-hydroxymethylfuran,1.1146,1.0489,3.14,0.896,0.153,0.143,,,110.9,127.6,,,67.92350993129696,95.77695296391492
C#CC(=C)C,2-methyl-1-buten-3-yne,0.6835,0.6067,0.38,0.227,0.0719,0.0613,150.9,168.7,102.6,116.0,91.0401910285726,96.83117270069692,81.67772445130585,87.14846683622463
C#C/C=C/C,"3-penten-1-yne, (E)-",0.7008,0.6363,0.471,0.272,0.087,0.0771,142.4,157.3,99.6,112.4,92.06637667767292,101.30445031819195,83.25858841778816,92.16569409196632
C#CC=CC,propenylacetylene,0.709,0.641,0.437,0.254,0.0865,0.0759,142.7,158.0,99.6,112.4,95.09728260393008,103.77550937219088,85.94863730667647,94.29598437028932
C=C=CC(C)=O,"1,2-pentadien-4-one",0.8854,0.8228,0.632,0.304,0.28,0.255,175.5,184.9,113.2,125.5,194.27665806993252,226.47076588421737,171.73249119847637,203.0819270405865
C=COC(=O)C=C,"2-propenoic acid, ethenyl ester",0.921,0.8485,0.434,0.236,0.133,0.12,179.0,194.2,116.3,133.4,126.05940951479552,142.18484852951494,111.65939865591776,127.93080932914587
O=C1C=CCC1,2-cyclopenten-1-one,1.047,0.99,0.659,0.333,0.149,0.138,130.9,146.8,91.3,108.1,109.43029515699766,129.59657378214126,98.88328319682898,118.90733572218164
Cc1ccco1,2-methylfuran,0.8937,0.823,0.392,0.21,0.126,0.112,147.14,162.7,93.75,109.8,123.2729045225939,138.87883098863333,108.59266425925507,124.33522133786866
C=C(CC(=O)O)C(=O)O,methylenebutanedioic acid,,,,,,,,,144.5,162.6,,,,
CC(=CC(=O)O)C(=O)O,methylmaleic acid,,,,,,,,,142.5,160.5,,,,
Cc1ccoc1,3-methylfuran,0.82,0.75,0.439,0.235,0.126,0.112,147.2,163.8,94.27,110.4,119.0879814482058,134.4319593048624,105.05742081917218,120.31041625554369
O=C(O)CCC(=O)C(=O)O,2-oxopentanedioic acid,,,,,,,,,159.4,177.0,,,,
CC1CC(=O)OC1=O,methylsuccinic anhydride,1.214,1.148,1.236,0.645,0.197,0.183,259.0,263.9,121.7,141.2,128.98482391275974,147.66401116880866,104.29647516693537,123.84322735683918
OCc1ccco1,2-hydroxymethylfuran,0.65551,0.5868,0.313,0.186,0.116,0.099,153.5,172.4,103.0,118.4,118.16358253621084,126.12145794859272,105.61910273384848,113.47100064793158
C#CC(=C)C,2-methyl-1-buten-3-yne,0.67026,0.601,0.313,0.183,0.116,0.1,150.6,170.2,101.2,116.6,131.6306606881545,142.41213370081115,117.70425821955628,128.03843953122592
C#CCOC(C)=O,2-propynyl ethanoate,0.9805,0.91,0.928,0.462,0.1,0.0914,185.8,198.8,122.9,139.0,83.14865474362384,96.6622022972206,74.02247700094605,87.40619630079672
C=C=CCC,"1,2-pentadiene",0.67232,0.6054,0.314,0.183,0.233,0.202,154.4,171.5,104.8,120.0,214.70168320934857,232.3077028068123,192.52919441963743,210.10616539084305
C#CC(=O)OCC,ethyl propiolate,0.962,0.895,0.894,0.447,0.099,0.0908,184.9,198.1,122.9,139.0,82.1229008349924,95.6272252230152,73.20923574593672,86.55616667975501
O=C(O)c1ccco1,2-furancarboxylic acid,,,,,,,,,107.9,123.9,,,,
O=C(O)c1ccoc1,3-furoic acid,,,,,,,,,107.9,123.9,,,,
C=CCC=C,"1,4-pentadiene",0.6375,0.5596,0.262,0.164,0.109,0.091,151.2,173.5,102.5,118.8,135.77986332368593,141.42936621567773,121.71499109763369,127.13657760477568
CC(C)(CO)CO,"2,2-dimethyl-1,3-propanediol",,,,,,,,,119.1,139.0,,,,
C#CCCC,1-pentyne,0.673,0.606,0.446,0.264,0.08,0.0696,148.4,167.4,106.7,122.3,89.24826187076114,96.80794866837012,81.3388563391963,88.62610660084216
COC(=O)CC(=O)C(=O)O,"butanedioic acid, oxo-, 4-methyl ester",1.6,1.52,4.25,1.447,0.209,0.196,,,156.5,175.3,,,81.25892028860768,108.4704212916485
C=CC(=C)C,"2-methyl-1,3-butadiene",0.6613,0.587,0.277,0.193,0.112,0.0871,155.6,176.7,106.9,122.8,135.59153466572667,129.84590639153987,122.00333609094844,117.21201217550936
CC=C=CC,"2,3-pentadiene",0.67436,0.6061,0.329,0.19,0.237,0.206,155.6,171.8,103.4,117.2,216.1799414726295,234.54904253337008,192.70266644324647,210.6255182582775
CC#CCC,2-pentyne,0.6927,0.636,0.375,0.215,0.115,0.104,133.3,150.0,103.3,117.5,112.6040130404662,126.63448790657417,104.81068703981995,118.22768319566885
C=C=C(C)C,"3-methyl-1,2-butadiene",0.66428,0.594,0.304,0.178,0.221,0.192,156.1,173.3,108.8,122.6,212.13292846854793,229.54135703575443,191.64944195798768,208.24725160562372
CC1=C(C)C1,"1,2-dimethylcyclopropene",0.74,0.668,0.266,0.159,0.095,0.083,145.0,163.6,103.0,118.5,118.39650751567405,128.46977926548655,107.53681857784684,117.3277406822122
C=C/C=C/C,"1,3-pentadiene",0.6618,0.5916,0.31,0.184,0.116,0.1,152.5,171.2,102.9,118.4,131.83843519944958,141.76651862305002,118.02681226240146,127.79765961428772
C=CC1CC1,ethenylcyclopropane,0.709,0.65,0.281,0.16,0.108,0.092,157.7,177.7,100.2,116.7,123.76532372958948,133.6413319308395,108.94141625743,118.7328120609438
CC1=CCC1,1-methylcyclobutene,0.7027,0.632,0.276,0.166,0.104,0.091,134.9,154.3,94.1,110.2,121.90902822086016,132.70379728137613,110.1626232444088,120.71512760248665
C=C1CCC1,methylenecyclobutane,0.7215,0.659,0.286,0.17,0.103,0.09,136.45,154.7,91.95,110.4,116.14677210889224,126.4099253120812,103.94083239067878,114.9647633905118
C#CC(C)C,3-methyl-1-butyne,0.6464,0.579,0.399,0.273,0.0742,0.0641,143.9,163.9,108.5,123.9,86.63189853552207,90.00509453532216,80.01689890540212,83.1930394006807
C=C=C(C)C,"3-methyl-1,2-butadiene",0.9613,0.9011,3.485,0.832,0.136,0.128,,,103.4,121.6,,,64.24592434391825,96.32102861417977
C=C/C=C/OC,"1-methoxy-1,3-butadiene",0.8109,0.7461,0.432,0.247,0.137,0.123,173.1,187.0,119.0,133.7,129.2299876748976,143.0372126983604,116.30053108975922,130.15497095083362
C1C2CC1C2,bicyclo[1.1.1]pentane,0.851,0.753,0.2,0.141,0.1,0.085,128.3,154.1,80.44,100.9,140.25036701228095,144.9661194378076,122.98981237753158,128.68627100554386
C1CC2CC12,bicyclo[2.1.0]pentane,0.771,0.706,0.278,0.186,0.105,0.094,109.4,131.2,81.86,100.7,112.79107573144448,122.75183776993327,103.955206770815,113.94765844502729
CC1C=CC1,"cyclobutene, 3-methyl-",0.746,0.673,0.272,0.16,0.111,0.097,138.9,157.9,93.4,109.7,130.50644062753412,142.57362723096432,116.720833355184,128.6898900546009
CC=C1CC1,ethylidenecyclopropane,0.683,0.617,0.287,0.173,0.105,0.092,136.8,156.1,100.4,116.4,119.55093873157948,130.09529165094926,109.5871581543604,119.7870627237274
C#CCCC(=O)O,4-pentynoic acid,,,,,,,,,125.8,140.7,,,,
C1=CCCC1,cyclopentene,0.75,0.6804,0.373,0.25,0.1259,0.1001,127.68,150.4,85.91,104.0,125.96585304160875,125.18864336975464,112.68003306789262,112.84870902008892
C=CO/C=C/C,(E)-1-(ethenyloxy)-1-propene,0.776,0.702,0.348,0.198,0.131,0.115,175.3,190.9,119.0,133.7,138.53584867295734,151.4300288826231,124.2332013907961,136.99416271843862
C=C/C=C/OC,"(E)-1-methoxy-1,3-butadiene",0.823,0.746,0.45,0.236,0.138,0.122,194.7,207.3,119.0,133.7,139.34317353472292,155.6433907358476,121.32167996094712,137.57897345792483
C/C=C(/C)C=O,(E)-2-methyl-2-butenal,0.8477,0.786,0.755,0.363,0.137,0.125,190.2,203.0,118.3,134.9,111.86095503508508,131.06542489360098,97.87397217781864,116.8320146521598
COC(=O)CC(=O)C(=O)O,"butanedioic acid, oxo-, 4-methyl ester",0.829,0.766,0.7,0.339,0.148,0.134,187.9,199.9,118.9,134.2,103.66752637847456,120.43973712494947,91.14561682914764,107.66832150106517
C#CCC(C)O,(R)-4-pentyn-2-ol,0.862,0.798,5.8,0.99,0.097,0.0911,209.9,221.6,128.6,145.4,51.089996320779605,81.53717702767435,44.51263018938566,72.42295925792754
C1=COCCC1,"2,3-dihydro-4H-pyran",0.9063,0.8354,0.772,0.395,0.134,0.121,149.6,167.6,99.0,117.6,106.33918075181204,123.19269150171486,94.67977847383538,111.5070286230797
C=C(C)C(C)=O,3-methyl-3-buten-2-one,0.8322,0.7673,0.553,0.287,0.13,0.118,181.8,196.0,121.8,137.7,117.76208711610153,134.92433371559835,105.21419051256426,122.16892899952012
C=CC(=C)OC,"2-methoxy-1,3-butadiene",0.775,0.709,0.387,0.219,0.12,0.107,169.4,185.5,121.9,137.3,121.07383871185236,134.2483134816782,110.3696876430633,123.35319923203332
CCC#CCO,2-pentyn-1-ol,0.8889,0.829,2.587,0.869,0.141,0.132,,,124.4,139.2,,,71.07585192760128,95.0913248465579
CC(=O)C1CC1,acetylcyclopropane,0.88,0.79,0.761,0.38,0.138,0.126,175.6,189.6,116.2,132.6,121.9959893544862,141.95880046373688,108.61837272769,128.37424168214335
C=C=CC(C)O,"3,4-pentadien-2-ol",0.8856,0.818,3.275,0.672,0.264,0.246,,,124.2,140.5,,,107.95754693364906,165.8693854028288
CCC=CC=O,2-pentenal,0.8363,0.7779,0.825,0.386,0.15,0.137,183.4,196.2,117.3,133.5,113.49565952128728,134.18903235608755,100.0872027683134,120.41446811178496
C#CC(C)C,3-methyl-1-butyne,0.767,0.694,0.326,0.193,0.127,0.111,172.4,188.9,120.9,135.9,145.1890843120099,156.71508941211184,131.39612359272726,142.85037941436912
CC=CCC=O,3-pentenal,0.8324,0.7689,0.649,0.325,0.146,0.132,180.3,194.2,117.3,133.5,121.33961315213622,139.9920089529848,107.5188322468852,125.98435556079892
C=CCCC=O,4-pentenal,0.809,0.752,0.606,0.305,0.141,0.129,171.8,186.8,119.2,135.6,115.45390686742276,134.50795994132096,104.1725102631075,122.91767090589998
C#CCCCO,4-pentyn-1-ol,0.8954,0.839,3.127,1.061,0.103,0.0972,213.8,222.8,128.9,144.4,61.56691798533401,80.97298620849362,53.39866418815052,71.67337667761014
CC1=CCCO1,"5-methyl-2,5-dihydrofuran",0.8831,0.8113,0.566,0.283,0.124,0.111,157.4,174.6,102.3,120.3,111.72617586891116,129.10282519529872,98.97272319877464,116.2592247424244
CCC(=O)C(C)=O,"2,3-pentanedione",0.91,0.839,0.725,0.355,0.162,0.146,208.1,220.2,136.8,152.1,129.6634195179005,149.45066341554465,115.23079383218963,134.67788406385012
CC(=O)CC(C)=O,"2,4-pentanedione",0.9541,0.899,0.639,0.423,0.167,0.153,214.5,227.8,136.8,152.1,128.96105610781146,138.3175199847334,113.63421123686147,123.46113922037226
C/C=C\C(=O)OC,"(Z)-2-butenoic acid, methyl ester",0.975,0.899,0.574,0.289,0.135,0.122,190.1,206.0,124.2,142.8,120.69872944622236,139.23331428235073,107.07829168607958,125.59644786005352
O=CCCCC=O,"1,5-pentanedial",1.077,1.007,0.975,0.536,0.183,0.168,280.6,283.1,133.6,150.7,141.07593603210128,157.37498101665466,114.49729761642718,131.79783106997297
C1=CCCC1,cyclopentene,,,,,0.159,0.147,,,127.2,144.5,,,,
C=C(C)OC(C)=O,1-methylvinyl ethanoate,0.9101,0.844,0.527,0.273,0.119,0.107,190.7,208.0,127.2,146.4,108.6672801029948,124.13168665835398,96.96798508998124,112.45483824936692
O=C1CCCCO1,1-oxacyclohexan-2-one,1.0663,1.016,2.195,1.22,0.17,0.161,175.46,193.2,113.3,133.7,85.0314706028786,99.110762135002,75.18777917814204,89.36095000912938
COC1=COCC1,"2,3-dihydro-4-methoxyfuran",1.037,0.958,0.579,0.324,0.139,0.126,183.1,197.8,118.4,135.6,122.99945592355256,137.91584230641206,108.80348171255427,124.0196074105065
COC1=CCOC1,"2,5-dihydro-3-methoxyfuran",1.048,0.971,0.639,0.35,0.14,0.128,184.3,198.5,118.4,135.6,119.60797756422863,135.6433598063065,105.60918815450388,121.85494481834554
CC(O)C#CCO,"2-pentyne-1,4-diol",1.0513,0.995,19.024,4.121,0.166,0.154,,,141.6,158.6,,,44.24858447744237,66.55756191399537
CCC=CC(=O)O,"2-pentenoic acid, (Z)-",,,,,0.154,0.142,,,127.2,144.5,,,,
C=CCOC(C)=O,2-propenyl ethanoate,0.9044,0.8263,0.564,0.278,0.131,0.118,189.1,207.2,123.4,143.9,119.43932284554153,138.71332171837986,105.9256066335387,125.19305464197438
C=CCCOC=O,3-butenyl methanoate,0.921,0.851,0.608,0.329,0.145,0.132,200.9,213.9,135.3,151.0,124.07395971976158,140.29650492903608,111.01622528122589,127.205173185645
O=C1OCCCCO1,butylene carbonate,1.1304,1.0805,7.343,2.129,0.181,0.171,200.5,215.5,131.7,152.5,62.92681356962411,87.33027096618716,55.910122673894755,79.23551707536994
COC=CC(=O)OC,(E)-3-methoxyacrylic acid methyl ester,1.13,1.052,0.796,0.39,0.154,0.142,220.8,232.9,140.3,158.1,121.95773804070708,142.74669534786966,107.35190254059732,128.00909311141845
CC=C(C)C(=O)O,(E)-2-methyl-2-butenoic acid,,,,,,,,,128.2,145.9,,,,
CCC1COC(=O)O1,"(R)-4-ethyl-1,3-dioxolan-2-one",1.35,1.291,7.259,2.091,0.182,0.173,219.8,231.9,131.7,152.5,68.17947271265,94.71523284467928,59.03107987567544,84.18108861976272
CCC1COC(=O)O1,"(S)-4-ethyl-1,3-dioxolan-2-one",1.35,1.291,7.259,2.091,0.182,0.173,219.8,231.9,131.7,152.5,68.17947271265,94.71523284467928,59.03107987567544,84.18108861976272
CC(=O)C1CC1,acetylcyclopropane,,,,,,,,,128.2,145.9,,,,
COC=CC(=O)OC,"2-propenoic acid, 3-methoxy-, methyl ester, (Z)-",1.13,1.052,0.796,0.39,0.154,0.142,220.8,232.9,140.3,158.1,121.95773804070708,142.74669534786966,107.35190254059732,128.00909311141845
C#CCCCO,4-pentyn-1-ol,,,,,0.143,0.132,,,128.2,145.9,,,,
COC(O)=CC(C)=O,"3-Buten-2-one, 4-hydroxy-4-methoxy-",1.24,1.17,5.565,1.624,0.177,0.164,,,153.3,169.2,,,68.27945348225244,93.97177696436704
COC(=O)C=C(C)O,3-hydroxy-2-butenoic acid methyl ester,1.18,1.11,2.797,1.027,0.144,0.135,,,142.6,162.5,,,69.99908262050452,91.89823255821626
CC1(C(=O)O)CC1,1-methylcyclopropanecarboxylic acid,,,,,,,,,125.2,143.8,,,,
COC(=O)CC(=O)OC,"dimethyl 1,3-propanedioate",1.13771,1.067,1.266,0.581,0.151,0.14,,,147.5,169.4,,,88.37684730787781,108.34128771171832
CCOC(=O)C(C)=O,ethyl pyruvate,1.077,1.007,1.133,0.487,0.159,0.146,229.5,241.4,142.1,160.7,110.80399112483964,134.04804580431366,96.82599025582478,119.54977424878146
CC(CC(=O)O)C(=O)O,dl-methylsuccinic acid,,,,,,,,,153.0,173.7,,,,
C=C=CC(C)O,"3,4-pentadien-2-ol",,,,,,,,,128.8,147.6,,,,
CC=C(C)C(=O)O,(Z)-2-methyl-2-butenoic acid,,,,,,,,,128.2,145.9,,,,
CCC(C(=O)O)C(=O)O,"propanedioic acid, ethyl-",,,,,,,,,153.0,173.7,,,,
C=C(C)C1CC1,(1-methylethenyl)cyclopropane,0.731,0.665,0.41,0.217,0.103,0.091,182.8,203.8,125.4,146.0,109.77779904718332,123.84163110497845,98.73513257966884,112.75089190653276
C/C=C\C=C/C,"(E,E)-2,4-hexadiene",0.69676,0.6379,0.502,0.259,0.127,0.113,179.8,198.5,125.1,144.1,116.18537104582876,132.3212567579658,104.91500156087426,120.9210091925204
O=C1OC(CO)C(O)C1O,"D-ribonic acid, .gamma.-lactone",1.62,1.56,33.951,7.692,0.212,0.2,,,169.0,191.8,,,42.956075714040914,64.81627011048748
O=C(O)CCCC(=O)O,"1,5-pentanedioic acid",,,,,,,,,144.0,167.6,,,,
COC(=O)CCC(=O)O,monomethyl succinate,1.33,1.26,2.256,0.937,0.163,0.152,,,150.4,171.0,,,79.57434236490872,100.45943784771836
CC(=O)OCOC(C)=O,methylene glycol diacetate,1.106,1.0369,1.139,0.53,0.15,0.138,210.2,240.1,147.5,169.4,99.458210327101,120.59352944874983,90.0254402125807,109.3233754578084
C=C/C=C/CC,"1,3-hexadiene, (E)-",0.68628,0.6216,0.437,0.235,0.122,0.107,188.5,208.1,127.1,146.2,122.1369198396517,136.07212427264923,109.31959717063656,123.2080047306674
C=C(C)/C=C/C,"(E)-2-methyl-1,3-pentadiene",0.6994,0.6373,0.458,0.242,0.112,0.099,182.7,202.5,128.1,147.7,111.0780245528338,125.20528824185806,100.5205055983227,114.57029872485056
C[C@@H]1C=CCC1,(R)-3-methylcyclopentene,0.743,0.677,0.485,0.254,0.118,0.105,167.9,188.5,110.2,131.2,112.73007879428988,128.45905148252012,100.1379582753074,116.00972964855588
CC1=C(C)CC1,"1,2-dimethylcyclobutene",0.791,0.728,0.518,0.253,0.104,0.093,179.9,197.8,119.4,138.9,101.70178031732596,117.91437049092966,90.62533110660478,106.75308243606122
CC(=O)CCC(=O)O,4-oxopentanoic acid,,,,,,,,,145.1,162.4,,,,
C=C(C)CC(=O)O,3-methyl-3-butenoic acid,,,,,,,,,130.1,148.0,,,,
C=C=CCCC,"1,2-hexadiene",0.6966,0.6365,0.459,0.244,0.245,0.218,181.4,199.6,131.3,149.0,192.66849549216377,217.39090219126192,175.9235199162928,200.22739778065107
COC(=O)CC(C)=O,methyl 3-oxobutanoate,1.05539,0.9889,,,,,267.1,273.8,142.1,160.7,,,,
C=C=CC(C)C,"1,2-pentadiene, 4-methyl-",0.6892,0.6286,0.435,0.234,0.238,0.212,175.7,196.1,131.0,150.1,190.29858973372043,215.0272753464676,175.2143568245235,199.450667248324
CC12CC1(C)C2,"1,3-dimethylbicyclo[1.1.0]butane",0.848,0.77,0.283,0.16,0.09,0.0792,178.8,200.6,130.9,151.1,115.18519287450567,127.414728146286,105.51174231934678,117.65246629560512
CC1=CC(C)C1,"1,3-dimethylcyclobutene",0.744,0.681,0.349,0.195,0.104,0.092,159.3,180.9,118.6,138.5,109.82867791603483,122.77005031781457,101.08168689888224,113.88454374932287
C=CCCC=C,"1,5-hexadiene",0.6725,0.6068,0.337,0.222,0.116,0.101,180.3,201.9,129.0,148.4,125.69826847451472,132.1069170621815,114.40014707401252,121.14767045034344
CC=C(C)C(=O)O,(Z)-2-methyl-2-butenoic acid,0.6865,0.6242,0.437,0.237,0.122,0.107,182.3,201.8,127.1,146.2,113.242998655254,125.95877347645842,102.31709812534784,115.04130407894608
C=C(C)C=CC,"1,3-pentadiene, 2-methyl-, (Z)-",0.695,0.629,0.417,0.223,0.111,0.097,185.9,206.1,128.1,147.7,115.83725222693629,129.07300723673774,104.3166243364678,117.52547710625176
C#CCCCC,1-hexyne,0.69508,0.6334,0.428,0.272,0.0838,0.0746,185.8,205.1,133.7,152.1,92.17081020444304,99.02608415440812,84.02172853365397,91.03881863864092
C=C/C(C)=C/C,"1,3-pentadiene, 3-methyl-, (Z)-",0.685,0.627,0.496,0.26,0.113,0.1,179.3,199.2,128.1,147.7,106.66594980050924,120.6822155435545,97.03920717144474,110.94300326974997
C=CC/C=C\C,"1,4-hexadiene",0.6806,0.616,0.411,0.224,0.12,0.105,180.1,200.5,127.1,146.2,121.18843157429212,134.59844926279155,109.87055057065902,123.1558307177536
O=C1O[C@@H](CO)[C@H](O)[C@H]1O,"D-arabinonic acid, gamma-lactone",,,,,,,,,,,,,,
C=CCC(=C)C,"1,4-pentadiene, 2-methyl-",0.6731,0.6047,0.371,0.208,0.105,0.091,182.6,204.6,130.0,149.8,115.6001001847283,126.73126227657468,105.06312346252592,116.09071342827488
C=CC(C)C=C,"1,4-pentadiene, 3-methyl-",0.6651,0.594,0.361,0.205,0.111,0.095,184.4,207.8,128.8,149.4,122.90490249578848,133.26346372955544,111.10407628020876,121.4513170713602
CC(C)(C(=O)O)C(=O)O,dimethylmalonic acid,,,,,,,,,153.7,174.8,,,,
OCC1=CCCC1,1-cyclopentenemethanol,,,,,,,,,128.3,150.0,,,,
C=CC/C=C\C,"1,cis-4-hexadiene",0.672,0.614,0.417,0.226,0.12,0.106,171.3,191.9,127.1,146.2,115.45278753469698,129.53609465484166,106.15601821944855,119.99454547801206
CC=CC=CCO,"2,4-hexadien-1-ol",0.882,0.826,1.927,0.763,0.148,0.139,,,142.5,162.4,,,78.04710820863406,100.44475403822808
C=C1CCC1C,1-methyl-2-methylenecyclobutane,0.747,0.679,0.348,0.194,0.101,0.089,166.0,187.8,119.1,139.3,111.24835179974345,123.95846517290968,101.32839385409342,113.96698795799284
C=C(/C=C/C)OC,"(E)-2-methoxy-1,3-pentadiene",0.797,0.731,0.514,0.268,0.127,0.114,206.3,223.7,144.2,163.0,117.84459961316912,133.98478506447802,106.5511104303701,122.56961323529578
C=C/C(=C\C)OC,"(E)-3-methoxy-1,3-pentadiene",0.797,0.731,0.514,0.268,0.127,0.114,206.3,223.7,144.2,163.0,117.84459961316912,133.98478506447802,106.5511104303701,122.56961323529578
C=C/C=C(\C)OC,"(E)-4-methoxy-1,3-pentadiene",0.797,0.731,0.514,0.268,0.127,0.114,206.3,223.7,144.2,163.0,117.84459961316912,133.98478506447802,106.5511104303701,122.56961323529578
C/C=C/O/C=C/C,"(E,E)-1,1'-oxybis-1-propene",0.796,0.73,0.528,0.274,0.141,0.126,203.1,219.9,141.2,159.4,125.53270835772064,142.39550428409683,113.33044590461402,130.07333772452543
C=C(/C=C\C)OC,"(Z)-2-methoxy-1,3-pentadiene",0.797,0.731,0.514,0.268,0.127,0.114,206.3,223.7,144.2,163.0,117.84459961316912,133.98478506447802,106.5511104303701,122.56961323529578
C=CCC(O)C=C,"1,5-hexadien-3-ol",0.857,0.794,2.077,0.579,0.134,0.125,,,146.1,167.8,,,74.0660985743317,104.92760369997114
C=C/C(=C/C)OC,"(Z)-3-methoxy-1,3-pentadiene",0.797,0.731,0.514,0.268,0.127,0.114,206.3,223.7,144.2,163.0,117.84459961316912,133.98478506447802,106.5511104303701,122.56961323529578
C=C/C=C(/C)OC,"(Z)-4-methoxy-1,3-pentadiene",0.797,0.731,0.514,0.268,0.127,0.114,206.3,223.7,144.2,163.0,117.84459961316912,133.98478506447802,106.5511104303701,122.56961323529578
C=CC(=O)CCC,1-hexen-3-one,0.82,0.762,0.817,0.381,0.147,0.134,213.3,228.9,145.0,164.2,111.84945199640828,132.29706618963394,100.3417225027186,120.49424916444664
CC1CCCC1=O,2-methylcyclopentanone,0.9016,0.8453,0.854,0.438,0.141,0.131,182.4,202.2,124.7,147.4,101.73315398397968,119.85716378288625,91.41205168019036,109.65945948581214
OC1C=CCCC1,2-cyclohexen-1-ol,0.978,0.92,2.761,1.098,0.139,0.131,,,125.3,147.7,,,65.67683595052804,85.43857656386758
COC1=CCCC1,1-methoxycyclopentene,0.9,0.833,0.678,0.336,0.129,0.117,189.0,206.6,127.0,147.0,108.0172195090871,125.79415864173302,96.5882449956676,114.30906772862396
CCC=C(C)C=O,2-Methyl-3-ethylacrolein,0.84,0.781,1.012,0.461,0.14,0.128,215.4,231.3,142.5,162.8,102.4568882109428,122.2727122050096,91.21521113028815,110.7708078530574
O=C1O[C@@H](CO)[C@H](O)[C@H]1O,"D-arabinonic acid, gamma-lactone",0.89,0.823,0.73,0.352,0.126,0.114,186.0,205.8,126.5,148.2,92.23373394236232,108.42251009448388,82.75492784800515,98.85687425169488
CCCC#CCO,2-hexyn-1-ol,0.8726,0.818,3.323,1.027,0.143,0.134,,,148.6,167.1,,,65.6278597060029,90.07091050913316
CC=C(C=O)CC,2-ethyl-2-butenal,0.8577,0.797,0.863,0.402,0.138,0.126,210.5,227.3,142.5,162.8,106.21028924233616,126.03276276294008,95.17083881744526,114.7388302895272
C=CCC(=C)OC,"2-methoxy-1,4-pentadiene",0.782,0.715,0.46,0.248,0.122,0.109,203.5,222.1,146.1,165.2,118.16818857902376,132.88980134040827,107.65086266476922,122.27390091419056
C=C1CCCC1O,2-methylenecyclopentanol,1.078,1.013,2.876,1.086,0.135,0.125,,,129.1,151.2,,,66.20384002544061,86.12798304921846
O=C1CCCCC1O,2-hydroxycyclohexanone,,,,,,,,,139.8,163.9,,,,
C[C@@H]1CCCC(=O)O1,(S)-tetrahydro-6-methyl-2H-pyran-2-one,1.0231,0.975,5.767,1.795,0.165,0.156,216.1,233.2,138.0,162.1,64.00601441494784,87.2176273293697,56.41964979157074,78.7361527082672
CCC=CC(=O)OC,(Z)-2-pentenoic acid methyl ester,0.922,0.856,0.889,0.409,0.14,0.127,220.7,238.8,148.4,170.7,105.82540981412794,125.50159098062517,94.64609911121292,114.19194387932085
CCC1CCC(=O)O1,.gamma.-caprolactone,1.132,1.077,3.622,1.179,0.164,0.154,216.4,233.4,140.3,163.9,75.45577190208253,101.02052066102942,66.79622560281943,91.45846173647055
C=C/C(=C\C)OC,"(E)-3-methoxy-1,3-pentadiene",0.93,0.857,0.753,0.362,0.151,0.136,245.4,258.5,161.2,179.1,129.48106815370173,149.7549200159949,115.04462828878496,135.067771928059
C=CC(C)OC(C)=O,1-buten-3-yl acetate,0.878,0.8104,0.558,0.308,0.128,0.116,217.2,238.3,150.1,173.8,113.36807645804546,128.14159891513054,102.17578876886569,117.25493937803098
C=CC(=O)OC(C)C,1-methylethyl 2-propenoate,0.873,0.8052,0.527,0.294,0.127,0.115,214.0,235.6,150.1,173.8,114.17557704852057,128.71813967134565,103.33411147465311,118.1606434560742
CCC(=O)CC(C)=O,"2,4-hexanedione",0.933,0.871,1.297,0.563,0.17,0.156,243.4,256.4,161.0,180.0,110.50193522959928,133.30718528098922,98.37347782956545,120.67938131433893
CC(=O)C(C)C(C)=O,"2,4-pentanedione, 3-methyl-",0.948,0.887,1.424,0.598,0.167,0.154,241.1,255.4,160.7,181.0,105.50033177618396,129.120178715727,94.12262185260823,117.20006820389143
CC(=O)C(C)=C(C)O,2-hydroxy-3-methyl-2-penten-4-one,1.053,0.996,5.223,1.526,0.146,0.137,,,162.5,183.2,,,58.35185173171526,81.50048861375473
CC(=O)CCC(C)=O,"2,5-hexanedione",0.9562,0.9099,1.475,0.604,0.162,0.153,184.7,204.4,161.0,180.0,87.74589655822102,111.38911354004524,84.42086486438797,107.47628063521373
CC(C)(O)C#CCO,"2-methyl-3-pentyne-2,5-diol",1.001,0.945,62.937,6.138,0.148,0.139,,,166.3,187.6,,,29.300943693096063,55.767729393365144
CC/C=C/C(=O)OC,"2-pentenoic acid, methyl ester, (E)-",0.968,0.899,0.847,0.389,0.14,0.127,220.7,238.8,148.4,170.7,108.62579330582206,128.88569425108938,97.15065235574856,117.27108676287467
C=CC1OCCCO1,"2-vinyl-1,3-dioxane",1.009,0.945,1.606,0.677,0.147,0.135,200.4,220.8,138.1,161.9,89.5409096432881,110.36113325589,80.63696174732924,101.13706630823054
COC1CCC=CO1,"3,4-dihydro-2-methoxy-2H-pyran",1.002,0.934,0.938,0.493,0.149,0.136,202.1,220.7,139.6,161.2,107.2440912523031,123.37223380130958,96.64376434417048,112.93735620412536
CC(=O)C(C)=C(C)O,3-methyl-2-hydroxy-2-penten-4-one,1.053,0.996,5.223,1.526,0.146,0.137,,,162.5,183.2,,,58.35185173171526,81.50048861375473
C=CCCOC(C)=O,3-buten-1-yl ethanoate,0.915,0.847,0.754,0.354,0.135,0.123,221.8,240.5,150.4,172.8,109.04720996605792,129.0675645084278,97.75869445099816,117.60627548828
CC12COC(OC1)OC2,"4-methyl-2,6,7-trioxabicyclo[2.2.2]octane",,,,,,,,,141.5,167.2,,,,
CO/C=C/CC(=O)OC,(E)-4-methoxy-3-butenoic acid methyl ester,1.036,0.971,1.023,0.484,0.157,0.145,249.2,264.3,164.5,186.0,109.68722090748864,130.00382205684778,97.59207191727285,117.76986569561534
COCC=CC(=O)OC,(E)-4-methoxycrotonic acid methyl ester,1.043,0.979,1.112,0.521,0.158,0.146,250.4,265.1,164.5,186.0,107.30978192466604,127.51961925841871,95.34785889931553,115.42126828349596
C/C=C(/OC)C(=O)OC,"2-butenoic acid, 2-methoxy-, methyl ester, (E)-",1.037,0.968,1.013,0.486,0.145,0.133,249.2,264.9,165.5,187.4,105.64134865187653,124.18297913020749,94.15271560539288,112.66245331697424
CCOC(=O)C=C(C)O,"2-butenoic acid, 3-hydroxy-, ethyl ester",1.14,1.08,3.158,1.093,0.146,0.136,,,166.8,190.4,,,66.21447491792082,88.02262144587644
O=CCCCC(O)C=O,"2-hydroxy-1,6-hexanediol",1.2,1.14,33.333,4.912,0.2,0.183,,,175.0,198.0,,,43.365635659301525,72.1835048325855
CCOC(O)=CC(C)=O,"3-Buten-2-one, 4-ethoxy-4-hydroxy-",1.18,1.11,5.932,1.712,0.177,0.164,,,178.0,197.1,,,67.73382617136842,93.59756927013676
CO/C=C\CC(=O)OC,"3-butenoic acid, 4-methoxy-, methyl ester, (Z)-",1.036,0.971,1.023,0.484,0.157,0.145,249.2,264.3,164.5,186.0,109.68722090748864,130.00382205684778,97.59207191727285,117.76986569561534
COC=CCC(=O)OC,"4-methoxy-3-butenoic acid, methyl ester",1.081,1.013,0.981,0.464,0.157,0.145,249.2,264.3,164.5,186.0,112.40607594566056,133.2366923977273,100.01112031892484,120.69850809883818
COCC=CC(=O)OC,"4-methoxy-2-butenoic acid, methyl ester",1.089,1.022,1.065,0.499,0.158,0.146,250.4,265.1,164.5,186.0,110.03011315751002,130.7507506180579,97.76495223318042,118.34584790260824
CC12COC(OC1)OC2,"4-methyl-2,6,7-trioxabicyclo[2.2.2]octane",,,,,,,,,177.0,202.6,,,,
COC/C=C\C(=O)OC,"crotonic acid, 4-methoxy-, methyl ester, (Z)-",1.043,0.979,1.112,0.521,0.158,0.146,250.4,265.1,164.5,186.0,107.30978192466604,127.51961925841871,95.34785889931553,115.42126828349596
CCC(=O)OC(=O)CC,methylacetic anhydride,0.98912,0.9214,0.845,0.467,0.161,0.148,254.9,270.2,166.3,188.6,119.98665766686676,135.65053160362368,106.40403830024032,122.60220740435616
C=C(C)C(=O)OCCO,ethylene glycol methacrylate,1.053,0.9926,3.458,1.048,0.142,0.132,,,168.8,192.6,,,63.600891164450935,87.62496088506681
CCOC(=O)CC(C)=O,ethyl 3-oxobutanoate,1.00717,0.9442,1.221,0.572,0.162,0.15,254.0,269.0,166.3,188.6,106.360613927955,126.59203684649134,94.41437024646078,114.55840234223852
O=COCCCCOC=O,"1,4-butanediol, diformate",1.187,1.115,2.106,0.924,0.186,0.172,313.0,320.3,190.0,209.3,107.40616261961335,128.84465295425136,93.33530828738787,114.31036649191628
CC(C)(CC(=O)O)C(=O)O,"2,2-dimethyl-1,4-butanedioic acid",,,,,,,,,178.0,202.7,,,,
O=C(O)CCCCC(=O)O,"1,6-hexanedioic acid",,,,,,,,,174.1,200.7,,,,
O=CCCCC(O)C=O,"2-hydroxy-1,6-hexanediol",,,,,,,,,177.0,202.6,,,,
CC(CCC(=O)O)C(=O)O,2-methylpentanedioic acid,,,,,,,,,177.0,201.6,,,,
CC=C(OC)C(=O)OC,methyl (Z)-2-methoxy-2-butenoate,1.037,0.968,1.013,0.486,0.145,0.133,249.2,264.9,165.5,187.4,105.64134865187653,124.18297913020749,94.15271560539288,112.66245331697424
CCCC=CC(=O)O,2-hexenoic acid,,,,,,,,,,,,,,
CC(C)=C(C)C(=O)O,"2-butenoic acid, 2,3-dimethyl",,,,,,,,,153.3,175.2,,,,
COC(=O)C(C)C(C)=O,methyl 2-methyl-3-oxobutanoate,1.0093,0.9469,1.407,0.613,0.158,0.145,260.2,276.0,166.0,189.7,100.80697055452164,121.7293155102928,88.83437013649235,109.54379826584758
CCCC(C(=O)O)C(=O)O,2-propylmalonic acid,,,,,,,,,177.0,201.6,,,,
CC(C)C=CC(=O)O,"2-pentenoic acid, 4-methyl-",,,,,,,,,,,,,,
OC1C=CC(O)C(O)C1O,"5-(1a,2b,3b,4a,)-1,2,3,4-Cyclohexenetetrol",,,,,,,,,178.0,203.8,,,,
CCC(CC(=O)O)C(=O)O,Ethyl succinic acid,,,,,,,,,177.0,201.6,,,,
C[C@H](C(=O)O)[C@@H](C)C(=O)O,"Meso-2,3-dimethyl-butanedioic acid",,,,,,,,,177.0,202.6,,,,
CC(=O)OCCOC(C)=O,"1,2-ethanediol, diethanoate",1.0812,1.0146,1.572,0.651,0.152,0.14,272.7,287.0,172.0,197.3,94.92601495206632,116.3220903620261,83.38370189966427,104.68374951017633
CC(C(=O)O)C(C)C(=O)O,"meso-2,3-dimethyl-1,4-butanedioic acid",,,,,,,,,177.0,202.6,,,,
CCOC(=O)C(=O)OCC,diethyl ethanedioate,1.0544,0.985,1.29,0.623,0.156,0.143,270.5,285.9,172.0,197.3,103.20189405878672,120.840584210275,90.86009094274851,108.86769386763336
COC(=O)CCC(=O)OC,dimethyl butanedioate,1.0978,1.0332,1.64,0.687,0.153,0.142,265.0,282.2,172.0,197.3,92.69033701162898,114.21644267131607,82.07852607287873,103.27761306935216
OC1C(O)C(O)C2OC2C1O,a-Epoxyconduritol-e,,,,,,,,,193.0,220.0,,,,
O=C1OC(CO)C(O)C(O)C1O,.delta.-gluconolactone,,,,,,,,,209.0,237.0,,,,
O=C1OC(C(O)CO)C(O)C1O,"D-galactono-1,4-lactone",,,,,,,,,210.0,239.0,,,,
O=C1OC(C(O)CO)C(O)C1O,D-gulonic acid .gamma.-lactone,,,,,,,,,210.0,239.0,,,,
O=C1OC(C(O)CO)C(O)C1O,"L-galactono-1,4-lactone",,,,,,,,,210.0,239.0,,,,
CCOC(=O)C=C(C)O,"2-butenoic acid, 3-hydroxy-, ethyl ester, (Z)-",,,,,,,,,,,,,,
O=C1OC(C(O)CO)C(O)C1O,"L-gulono-1,4-lactone",,,,,,,,,210.0,239.0,,,,
CCOC(=O)CCC(=O)O,butanedioic acid ethyl ester,1.32,1.25,3.864,1.312,0.164,0.153,305.0,316.0,175.0,198.9,81.46840027357923,106.07323918486748,69.68226307017606,93.12146920768316
CC(O)C(=O)OC(C)C(=O)O,2-(2-hydroxypropanoyloxy)propanoic acid,1.42,1.35,33.803,5.704,0.169,0.157,,,191.0,219.0,,,38.50623210310592,62.60888732057987
O=C1O[C@H]([C@H](O)CO)[C@H](O)[C@@H]1O,"L-mannono-1,4-lactone",,,,,,,,,210.0,239.0,,,,
COC(=O)C(C)C(=O)OC,dimethyl methylpropanedioate,1.0768,1.0089,1.579,0.654,0.145,0.134,263.6,282.9,171.0,198.3,91.27293854150474,112.72814130648396,80.81126331000839,102.0058026870302
CC(=O)OC(C)OC(C)=O,ethylidene diethanoate,1.0043,0.939,1.494,0.639,0.145,0.133,297.0,300.0,171.0,198.3,94.82146477779672,113.48250204612802,81.18243557668585,101.00702341790031
COC(=O)C(O)C(O)C(=O)OC,"dimethyl [2S,3S]-2,3-dihydroxybutanedioate",,,,,,,,,206.0,236.0,,,,
COC(=O)C(OC)C(=O)OC,dimethyl methoxymalonate,1.32,1.25,2.652,0.856,0.162,0.15,291.0,307.8,187.0,213.6,86.04181869896817,113.68185548794771,75.977592468498,102.57889655933128
CC(C)C1CC1,(1-methylethyl)cyclopropane,0.6782,0.612,0.369,0.211,0.104,0.091,184.9,210.1,133.9,157.2,113.55465935918916,125.146614109966,103.7000538798711,115.3407458743574
CC=CCCC,(E)-2-hexene,0.65874,0.5956,0.44,0.237,0.118,0.103,194.3,214.2,137.2,157.2,118.41380767581884,131.36071582788526,107.37239962272533,120.4115343508402
CCC=CCC,(E)-3-hexene,0.6576,0.5938,0.441,0.237,0.118,0.103,195.7,217.3,138.1,158.9,118.92481616502404,132.27911198276956,107.8163117902886,121.13022446618368
C/C=C(\C)CC,(E)-3-methyl-2-pentene,0.67839,0.6143,0.442,0.239,0.108,0.094,193.0,214.9,132.1,153.6,111.22762199368572,123.34534812745724,99.97590493034475,112.226784650647
COC(=O)C(C)C(=O)OC,dimethyl methylpropanedioate,0.66094,0.5987,0.424,0.234,0.118,0.103,183.3,206.6,129.2,151.3,100.3778273449823,111.2854682729601,90.97212406012918,101.94853510987608
CC=CCCC,(Z)-2-hexene,0.6681,0.6057,0.434,0.236,0.118,0.104,183.25,206.6,131.2,152.7,116.54304055927012,130.6604672620676,106.0881460055169,120.0084896036876
CC1CC1(C)C,"1,1,2-trimethylcyclopropane",0.6753,0.6118,0.349,0.201,0.095,0.084,179.6,204.1,135.3,157.5,105.95481361855514,117.41956502781473,97.8404385716494,109.16329877191863
CC(CC(=O)O)CC(=O)O,3-methylpentanedioic acid,,,,,,,,,,,,,,
C=C[C@H](C)CC,(-)-(R)-3-methyl-1-pentene,0.63,0.563,0.381,0.215,0.108,0.093,192.0,217.2,138.6,160.9,117.25890767155144,128.06727687536144,106.98704816046728,117.7019675403803
CCC1(C)CC1,1-ethyl-1-methylcyclopropane,0.6824,0.62,0.366,0.206,0.1,0.088,178.0,202.3,135.0,157.1,107.66938974673292,119.6855785361542,99.61207662324388,111.467828940526
CC1OC(=O)C(C)OC1=O,"3,6-dimethyl-2,5-dioxo-1,4-dioxane",,,,,,,,,,,,,,
C=C(C)C(C)C,"2,3-dimethyl-1-butene",0.65844,0.5931,0.364,0.211,0.1003,0.0815,200.0,222.0,148.9,169.4,113.12476696381076,116.98716290735126,104.1149843717902,108.41826630462576
CC=CCCC,(E)-2-hexene,0.654,0.5924,0.353,0.23,0.11221,0.0947,187.61,211.5,136.1,157.5,119.4855895807749,123.40662089358636,109.16990021372143,113.58570399878226
CC=CC(C)C,(E)-4-methyl-2-pentene,0.64875,0.5829,0.385,0.22,0.112,0.097,203.1,225.0,146.6,166.6,121.33115755678617,131.816245488023,110.69984821143352,121.13152136748796
CC(O)C(=O)OC(C)C(=O)O,2-(2-hydroxypropanoyloxy)propanoic acid,0.6467,0.5786,0.371,0.213,0.108,0.093,191.9,216.9,138.6,160.9,98.676387237778,107.22419702320492,90.04554830096374,98.58417486684688
C[C@H]1C[C@@H](C)C1,"1,3-dimethylcyclobutane",0.714,0.652,0.35,0.199,0.104,0.092,166.3,190.7,126.8,149.0,109.82550304377264,122.50118292826758,101.75919378410283,114.28649923116583
COC(=O)[C@H](O)[C@@H](O)C(=O)OC,"dimethyl (R*,R*)-2,3-dihydroxybutanedioate",,,,,,,,,206.0,236.0,,,,
C=C(CC)CC,2-ethyl-1-butene,0.67008,0.6058,0.418,0.226,0.104,0.091,193.1,215.0,138.7,160.4,110.0723344772379,122.53211626965972,100.28909960256703,112.83893619826256
C=C(C)CCC,2-methyl-1-pentene,0.66015,0.595,0.357,0.22,0.104,0.09,194.9,218.0,141.2,162.1,115.80448981771364,123.43077008644276,105.7669126555558,113.56057660555663
CCC=C(C)C,2-methyl-2-pentene,0.66725,0.6039,0.45,0.245,0.108,0.094,187.5,209.9,132.1,153.6,109.41338741419578,121.28271236451026,99.14827636849832,111.08326877136103
O=C1OC(C(O)CO)C(O)C1O,"D-mannonic acid, gamma-lactone",,,,,,,,,,,,,,
C1OC[C@@H]2OCOC[C@@H]2O1,"cis-1,3,5,7-tetraoxadecalin",,,,,,,,,,,,,,
CCC1CC1C,1-ethyl-2-methylcyclopropane,0.6763,0.61,0.37,0.208,0.104,0.091,186.7,210.5,134.6,156.5,113.82621042843766,125.77238979280656,103.81730624077984,115.71013001979745
CC(C)=C(C)C,"2,3-dimethyl-2-butene",0.68999,0.6298,0.493,0.262,0.11618,0.0938,179.46,202.4,132.7,153.1,109.42190952696802,115.94236357653917,100.51405091902136,107.18614577947672
CC1CCCC1O,(-)-trans-2-methylcyclopentanol,0.9066,0.8469,1.985,0.838,0.129,0.12,,,136.8,160.9,,,70.17669548091148,88.87801287793042
OC1C2COC(O2)C(O)C1O,levoglucosan,,,,,,,,,178.0,205.8,,,,
CC1OC(=O)C(C)OC1=O,"3,6-dimethyl-2,5-dioxo-1,4-dioxane",0.8358,0.7816,2.393,0.896,0.146,0.135,,,154.3,176.1,,,65.87793590115454,85.2015656021727
C=C[C@H](C)CC,(-)-(R)-3-methyl-1-pentene,0.775,0.71,0.581,0.299,0.135,0.121,216.4,234.9,153.0,173.1,125.36013061947052,142.94348606846864,113.7117306099951,131.1800952563149
CCC1(C)CC1,1-ethyl-1-methylcyclopropane,0.769,0.702,0.481,0.282,0.13,0.115,214.7,235.1,152.7,174.1,129.47734415656825,141.3343023210476,117.64225743506248,129.88258067023514
CCC=CCCO,(E)-3-hexen-1-ol,0.849,0.791,1.767,0.695,0.141,0.132,,,154.3,176.1,,,79.31316613076848,102.07046252515332
CCC=CCCO,(Z)-3-hexen-1-ol,0.858,0.8,1.865,0.725,0.142,0.132,,,154.3,176.1,,,78.51575814823488,100.86426473879877
CCC[C@H](C)C=O,(R)-2-methylpentanal,0.809,0.746,0.705,0.375,0.139,0.125,228.3,247.6,153.0,176.0,116.17184060634938,131.52257556460523,103.80227140992864,119.48158172335208
C=CC(O)CCC,1-hexen-3-ol,0.8179,0.7612,2.323,0.657,0.13,0.122,,,156.0,179.3,,,69.04620781600691,97.86113406277052
C/C=C(/CC)OC,(Z)-3-methoxy-2-pentene,0.772,0.706,0.583,0.312,0.124,0.11,216.7,236.0,154.0,174.5,112.71557840995511,126.29629591733674,102.38973312152366,116.01323092995052
CC1(C)CCCO1,"2,2-dimethyltetrahydrofuran",0.819,0.756,0.806,0.397,0.116,0.105,187.1,210.8,135.4,159.7,92.89071057963044,109.13342882691204,84.8129675085781,100.9352055223246
C=C(CC)CC,2-ethyl-1-butene,0.769,0.702,0.481,0.282,0.13,0.115,214.7,235.1,152.7,174.1,129.47734415656825,141.3343023210476,117.64225743506248,129.88258067023514
CCCC=COC,1-methoxy-1-pentene,0.781,0.717,0.615,0.307,0.136,0.122,217.4,235.5,153.0,173.1,117.73969354622118,135.41406577145958,106.66096093963426,124.18115636959602
CCC=CCOC,1-methoxy-2-pentene,0.78,0.716,0.615,0.307,0.136,0.122,217.2,235.4,153.0,173.1,117.70921412512892,135.39788836569335,106.66096093963426,124.18115636959602
CC=CCCOC,1-methoxy-3-pentene,0.778,0.714,0.591,0.308,0.135,0.121,216.7,235.1,153.0,173.1,118.328233750457,134.42803266773004,107.29141419647247,123.33588188061748
CC1(O)CCCC1,1-methylcyclopentanol,0.90246,0.8426,,,0.12,0.113,253.9,273.0,137.2,161.5,,,,
C/C=C/OC(C)C,"1-propene, 1-(1-methylethoxy)-, (E)-",0.76,0.69,0.447,0.267,0.128,0.113,213.7,234.8,152.7,174.1,125.8432460642141,136.57865580268373,114.49059732891926,125.55735405624569
CCC(C)(C)C=O,"2,2-dimethylbutanal",0.7872,0.7274,0.788,0.399,0.126,0.114,214.3,235.8,153.6,177.1,101.5676930073625,117.58068279129624,92.48491469733588,108.48339996800742
CC1(C)OC1(C)C,"2,3-dimethyl-2,3-epoxybutane",0.805,0.762,0.621,0.302,0.115,0.103,225.9,247.4,150.1,174.8,94.07791971164764,109.21132939926022,83.85847465169135,99.04470508503424
C/C=C/OC(C)OC,(E)-1-methoxy-1-(1-propenoxy)ethane,0.873,0.801,0.699,0.387,0.145,0.13,239.9,257.9,168.8,189.5,121.22704649990476,135.07734548600183,109.8137907784857,123.8604709037301
C/C=C/OCCOC,(E)-1-methoxy-2-(1-propenoxy)ethane,0.892,0.822,0.964,0.462,0.152,0.138,245.1,260.5,169.1,188.4,114.3468222508566,133.46449110643016,103.00981880273112,121.83702272595929
COC/C=C(\C)OC,"(E)-2,4-dimethoxy-2-butene",0.89,0.822,1.045,0.487,0.141,0.128,243.6,259.5,170.1,189.9,104.86464033142012,123.43466316788984,94.78811244538475,113.0548944503196
C=C[C@H](C)CC,(S)-3-methyl-1-pentene,,,,,,,,,,,,,,
C/C=C\OC(C)OC,(Z)-1-methoxy-1-(1-propenoxy)ethane,0.873,0.801,0.699,0.387,0.145,0.13,239.9,257.9,168.8,189.5,121.22704649990476,135.07734548600183,109.8137907784857,123.8604709037301
C/C=C\OCCOC,(Z)-1-methoxy-2-(1-propenoxy)ethane,0.892,0.822,0.964,0.462,0.152,0.138,245.1,260.5,169.1,188.4,114.3468222508566,133.46449110643016,103.00981880273112,121.83702272595929
CC(C)(O)/C=C\CO,"(Z)-4-methyl-2-pentene-1,4-diol",0.9694,0.913,61.894,7.01,0.156,0.144,,,172.0,196.5,,,30.775314966680636,55.66445661719759
OC1CCCCC1O,"1,2-cyclohexanediol, (1R,2R)-(-)-",,,,,,,,,151.9,177.4,,,,
OC1CCCCC1O,"1,2-cyclohexanediol",1.108,1.039,6.498,2.31,0.15,0.141,,,151.9,177.4,,,57.64583549575743,77.04851244500496
CCCOCC1CO1,(propoxymethyl)oxirane,1.021,0.951,0.735,0.368,0.149,0.136,256.8,272.2,165.9,188.0,123.26311282219396,142.54997971725686,109.0076156731663,128.4558048102405
CC(=O)OC(C)(C)C,"1,1-dimethylethyl ethanoate",0.8448,0.7773,0.687,0.347,0.114,0.102,235.8,255.0,166.7,191.2,100.1490743798367,114.5340972202988,90.84077961936448,105.62277833069346
CCC(C)CC(=O)O,(S)-3-methylpentanoic acid,,,,,0.142,0.132,269.3,283.6,162.8,187.0,,,,
C[C@@H]1OCC[C@H](C)O1,"1,3-dioxane, 2,4-dimethyl-, cis-",0.9117,0.841,1.283,0.583,0.139,0.125,230.1,251.1,148.3,173.8,97.47540205270006,115.5555619855524,86.14496445376189,104.1933435333508
C[C@@H]1C[C@H](C)OCO1,"1,3-dioxane, 4,6-dimethyl-, cis-",0.977,0.9,1.136,0.522,0.137,0.124,222.9,244.7,148.3,173.8,101.34025225504588,120.52014900581834,90.3650773176158,109.4618856492268
OC1CCCC(O)C1O,"1,2,3-cyclohexanetriol",,,,,,,,,170.0,196.1,,,,
C[C@@H]1C[C@@H](C)OCO1,"1,3-dioxane, 4,6-dimethyl-, trans-",0.987,0.914,1.378,0.602,0.14,0.127,223.2,244.4,148.3,173.8,96.0721348386186,115.99371566551858,85.63509254852488,105.38713385531663
CC1(C)COCOC1,"1,3-dioxane, 5,5-dimethyl-",0.9356,0.8726,1.582,0.699,0.133,0.122,210.8,233.4,148.7,174.4,84.08921935254315,102.33454846743524,76.2266079912172,94.28064241089731
C=COCCCCO,"1,4-butanediol monovinyl ether",0.9257,0.8653,1.62,0.74,0.156,0.144,,,172.4,193.6,,,87.48051447723208,106.36972530009704
CCCC1OCCO1,"1,3-dioxolane, 2-propyl-",0.921,0.8582,1.466,0.629,0.144,0.132,156.0,209.0,150.3,175.2,83.49861373274695,108.05002870688156,82.6288820684367,102.81911920055622
OC1CCC(O)CC1,"1,4-cyclohexanediol",1.08,1.025,6.667,2.341,0.15,0.141,,,151.9,177.4,,,53.69415447925355,72.0164096394243
COCC(C)OC(C)=O,1-methoxy-2-propyl acetate,0.946,0.8807,0.888,0.466,0.143,0.131,256.1,275.5,176.0,200.7,107.22935024497605,123.21079106011904,96.49188119172612,112.70653930580669
CCCCC(O)C(=O)O,2-hydroxyhexanoic acid,1.26,1.19,19.841,4.118,0.169,0.155,,,180.0,205.4,,,46.59650244384918,70.72651268532474
C[C@H]1O[C@@H](C)O[C@@H](C)O1,"2,4,6-trimethyl-1,3,5-trioxane",0.9706,0.8976,0.861,0.403,0.144,0.1344,253.0,274.2,164.2,190.7,111.78687070682156,134.71962911486628,98.98684089316444,121.63684716573547
COC(C)CCC(=O)O,4-methoxypentanoic acid,1.0009,0.946,6.194,1.797,0.162,0.151,,,179.0,202.4,,,58.480050561550286,81.51670442388925
CCOCCOC(C)=O,2-ethoxyethyl ethanoate,0.9516,0.8839,1.051,0.509,0.15,0.137,265.6,284.9,176.0,199.7,108.01931822958548,126.5763235042146,96.2118995201186,114.53648232624748
CCCCOC(=O)CO,butyl hydroxyethanoate,1.0043,0.9444,2.888,1.038,0.148,0.139,,,178.0,202.7,,,69.49858407845186,91.89208069188858
OCC1CCC(CO)O1,"erythro-hexitol, 2,5-anhydro-3,4-dideoxy-",1.24,1.181,17.742,4.572,0.173,0.162,,,170.0,195.8,,,45.86134651170304,66.65913593821595
CC1(C)OOC(C)(C)OO1,"3,3,6,6-tetramethyl-1,2,4,5-tetroxane",,,,,,,,,181.0,208.8,,,,
CCOC(=O)CC(C)O,ethyl 3-hydroxybutyrate,0.9903,0.9275,3.231,1.046,0.144,0.134,,,177.0,203.7,,,66.80379022732258,90.63224111923464
CCOCOC(=O)CC,ethoxymethyl propionate,0.9436,0.8778,0.922,0.467,0.148,0.135,258.4,276.4,176.0,199.7,109.2633854586296,126.21331518721207,98.07526342997978,115.18525117116955
OCC1OCC(O)C(O)C1O,1-Deoxy-D-glucopyranose,,,,,,,,,203.0,231.0,,,,
OCC1OC(O)CC(O)C1O,2-deoxy-D-glucose,,,,,,,,,203.0,231.0,,,,
CCCOC(=O)C(C)O,isopropyl (S)-2-hydroxypropionate,0.9723,0.9105,2.263,0.791,0.134,0.126,,,177.0,204.7,,,69.80377832314808,93.5068253201328
O=C[C@@H](O)C[C@@H](O)[C@@H](O)CO,3-deoxy-D-glucose,,,,,,,,,222.0,251.0,,,,
COC1CCC(OC)O1,"furan, 2,5-dimethoxytetrahydro-",1.06,0.994,1.189,0.594,0.153,0.141,231.9,250.8,167.1,189.8,101.1410422085046,118.51893284022115,92.23411803115512,109.58260516220628
CO[C@@H]1OCC[C@H](C)O1,"m-dioxane, 2-methoxy-4-methyl-, cis-",1.074,1.005,1.341,0.657,0.154,0.142,235.3,255.5,164.4,189.1,99.87860395820611,117.8629602168698,90.29597574124308,108.29579908026598
C=COCCOCCO,2-[2-(ethenyloxy)ethoxy]ethanol,,,,,,,,,188.0,208.9,,,,
COC(=O)CC(C)OC,methyl 3-methoxybutanoate,0.9576,0.8922,1.159,0.504,0.144,0.131,258.9,277.9,176.0,200.7,100.33814278108748,120.87001564549176,90.01496683640285,110.29588404284588
CCC(C)OC(=O)CO,1-methylpropyl hydroxyethanoate,,,,,,,,,,,,,,
COC1OCC(O)C(O)C1O,methyl .beta.-d-xylopyranoside,1.256,1.21,29.459,7.025,0.178,0.17,,,202.0,228.0,,,37.373909754525386,55.993351130692304
COC1OCC(O)C(O)C1O,"xylopyranoside, methyl-, .alpha.-D-,",1.397,1.334,29.349,6.972,0.195,0.183,,,202.0,228.0,,,43.64327136672892,64.6371678110733
OCC1OC(O)C(O)C(O)C1O,.alpha.-D-glucose,,,,,,,,,221.0,250.0,,,,
OC1C(O)C(O)C(O)C(O)C1O,"1,2,3,4,5,6-cyclohexanehexol",1.56,1.5,115.385,24.667,0.23,0.216,,,223.0,252.0,,,33.03355791748702,50.4393603544308
O=C[C@H](O)[C@@H](O)[C@@H](O)[C@H](O)CO,D-(+)-galactose,,,,,,,,,239.0,271.0,,,,
CCOCOC(=O)CC,ethoxymethyl propionate,,,,,,,,,241.0,270.0,,,,
OC[C@H]1O[C@H](O)[C@H](O)[C@@H](O)[C@H]1O,alpha -D-Galactopyranose,,,,,0.201,0.194,,,221.0,250.0,,,,
C[C@H]1O[C@@H](C)O[C@@H](C)O1,"2,4,6-trimethyl-1,3,5-trioxane",,,,,,,,,222.0,252.0,,,,
CCCC(C)C,2-methylpentane,0.63456,0.5734,0.373,0.247,0.100009,0.08344,198.8,226.0,,,109.1348026972764,111.54474145635456,,
CCCCCC,hexane,0.64074,0.5806,0.398,0.261,0.12113,0.10323,199.6,224.8,,,122.54025338978086,127.18601505822215,,
CCC(C)CC,3-methylpentane,0.64588,0.5854,0.39,0.253,0.1023,0.0918,196.43,223.4,146.3,170.7,108.8320826637948,117.90731917726625,100.17533656666212,109.31278501367396
OCC1(O)OCC(O)C(O)C1O,fructose,,,,,0.221,0.207,,,221.0,251.0,,,,
COC1CC(O)C(CO)O1,".alpha.,.beta.-methyl-2-deoxy-D-ribofuranoside",,,,,,,,,,,,,,
OCC1OCC(O)C(O)C1O,1-Deoxy-D-glucopyranose,,,,,,,,,239.0,271.0,,,,
OCC1OC(O)CC(O)C1O,2-deoxy-D-glucose,,,,,,,,,239.0,271.0,,,,
CC(C)C(C)C,"2,3-dimethylbutane",0.64314,0.58269,0.47,0.264,0.0976,0.076,194.77,223.1,146.0,171.1,99.58291543737562,101.66285382261223,91.82791813920844,94.35015009109304
C[C@@H](O)C(C)(C)C,"(+)-3,3-dimethyl-2-butanol",0.7963,0.738,3.265,0.691,0.112,0.105,,,166.2,192.9,,,57.509386671233145,88.61456451514405
CCCCCCO,1-hexanol,0.80432,0.75787,3.608,1.021,0.1505,0.1437,256.2,313.5,159.8,185.4,73.26015132572537,106.98304503506452,64.15058929779647,92.28744030312112
CC(C)[C@H](C)CO,"(R)-2,3-dimethyl-1-butanol",0.8106,0.7551,4.688,1.02,0.125,0.117,253.6,273.4,165.6,191.8,62.43559092993729,93.39034946651826,55.38175502309178,84.52708488784542
CCCC[C@H](C)O,(R)-2-hexanol,0.824,0.764,2.67,0.746,0.128,0.119,,,165.9,190.8,,,67.497227686209,95.36517811153536
CC(C)C(C)(C)O,"2,3-dimethyl-2-butanol",0.8048,0.7434,2.954,0.687,0.113,0.105,,,166.2,192.9,,,60.40477732985207,90.06240716176954
CCC(C)(C)C,"2,2-dimethylbutane",,,,,0.0896,0.0765,195.58,223.7,147.7,172.4,,,,
CC[C@@H](C)[C@@H](C)O,"(R*,R*)-3-methyl-2-pentanol",0.796,0.736,3.518,0.72,0.122,0.114,,,165.6,191.8,,,60.30931879624682,93.53284769604764
CC[C@H](C)CCO,(R)-3-methyl-1-pentanol,0.8089,0.7548,5.687,1.179,0.131,0.122,258.0,275.9,165.9,190.8,61.01635427136152,91.97225481435586,53.88903666217942,82.90869439126142
CCOC(C)CC,1-ethoxy-1-methylpropane,0.723,0.6571,0.484,0.292,0.122,0.107,223.7,247.0,164.5,187.8,117.73574370269314,126.99863640378256,107.98284323492194,117.57743289081772
OC1C(O)C(O)C(O)C(O)C1O,"cis-1,2,3,5-trans-4,6-cyclohexanehexol",,,,,,,,,223.0,252.0,,,,
CCC(C)(C)CO,"2,2-dimethyl-1-butanol",0.81199,0.75914,5.329,0.997,0.12,0.112,,,166.5,191.8,,,51.245238016244976,81.31542307361647
CC(C)C(C)CO,"2,3-dimethyl-1-butanol",0.8127,0.7563,4.184,0.939,0.125,0.116,252.9,273.0,165.6,191.8,64.70752942671307,95.39321881298652,57.441660302760624,86.37543799375624
CCCC[C@H](C)O,2-hexanol,0.79797,0.74393,2.996,0.757,0.129,0.12,,,165.9,190.8,,,63.805812081383294,92.7753121815057
OCC1OC(O)(CO)C(O)C1O,beta-levulose,,,,,,,,,,,,,,
CC(O)C(C)(C)C,"3,3-dimethyl-2-butanol",0.8012,0.7433,3.245,0.686,0.112,0.105,,,166.2,192.9,,,57.49741185735121,88.62397474435816
O=C(O)[C@H](O)[C@@H](O)[C@@H](O)[C@H](O)CO,D-galactonic acid,,,,,,,,,249.0,282.0,,,,
O=C(O)C(O)C(O)C(O)C(O)CO,D-gluconic acid,,,,,,,,,249.0,282.0,,,,
CCCC(C)OC,2-methoxypentane,0.7366,0.6737,0.529,0.31,0.123,0.11,224.4,246.9,164.5,187.8,114.09980205238392,125.71308972765536,104.55616148896172,116.40051096037766
CC[C@@H](O)[C@@H](O)CC,"(R*,S*)-3,4-hexanediol",0.956,0.901,14.644,2.775,0.148,0.138,,,183.0,210.1,,,44.695324711969754,70.55166366824464
CCCC(C)CO,2-methyl-1-pentanol,0.80899,0.7593,3.941,0.909,0.135,0.125,,,165.9,190.8,,,59.60806986248405,88.6272723331944
CCC(O)C(C)C,2-methyl-3-pentanol,0.80671,0.7464,2.464,0.596,0.122,0.114,,,165.6,191.8,,,66.7603312619859,98.78354030691804
CCCC(C)(C)O,2-methyl-2-pentanol,0.796,0.7385,1.775,0.575,0.118,0.11,,,166.5,191.8,,,70.6342768872925,95.95978090866411
O[C@H]1[C@H](O)[C@@H](O)[C@H](O)[C@@H](O)[C@@H]1O,scyllo-inositol,,,,,,,,,223.0,252.0,,,,
CC(C)[C@H](C)CO,"(R)-2,3-dimethyl-1-butanol",0.7947,0.739,6.921,1.313,0.122,0.113,,,166.5,191.8,,,48.89846402123719,76.86506542869292
CC(C)C(C)(C)O,"2,3-dimethyl-2-butanol",0.80137,0.74514,3.656,0.601,0.128,0.119,,,165.9,190.8,,,60.66832267609364,99.50982044189426
CCCCC(O)CO,"(.+-.)-1,2-hexanediol",0.9364,0.8893,25.267,1.867,0.152,0.143,,,183.0,209.1,,,37.411444247462015,77.35832350298607
C[C@H](CO)[C@H](C)CO,"(R*,R*)-(.+-.)-2.3-dimethyl-1,4-butanediol",0.9581,0.9086,56.362,7.594,0.154,0.144,,,183.0,210.1,,,30.559213180528268,53.20264223233523
CCC(C)(C)C,"2,2-dimethylbutane",0.80912,0.7603,5.191,1.105,0.13,0.121,252.9,271.4,165.9,190.8,63.09894174501907,94.46177082114303,56.04222356575875,85.54769835989514
CCOCCOCC,"1,2-diethoxyethane",0.82057,0.7548,0.598,0.367,0.149,0.132,261.2,277.0,181.0,202.1,128.3489377080827,137.21458503587786,115.76644798159248,125.57018136378048
CC(O)CCCCO,"(S)-1,5-hexanediol",1.024,0.97,32.227,5.567,0.162,0.151,,,183.0,209.1,,,38.00752678812498,61.47931240883825
CCCC(OC)OC,"1,1-dimethoxybutane",0.8247,0.7596,0.837,0.461,0.14,0.126,254.4,273.6,181.0,203.1,110.50842959339776,123.66929774157992,100.41727416204758,113.72604578097254
CCC(O)(CC)CO,"1,2-butanediol, 2-ethyl-",0.951,0.897,18.927,3.344,0.143,0.133,293.0,309.2,184.0,210.2,46.073658203683806,72.30467359483106,40.42184088398325,64.86621907907632
CCCC(O)CCO,"1,3-hexanediol",0.9438,0.8942,33.905,5.927,0.162,0.15,,,183.0,209.1,,,36.583504038943886,58.697076761475195
CCC(C)(O)CCO,"1,3-pentanediol, 3-methyl-",0.9506,0.8973,26.299,4.458,0.149,0.138,,,184.0,210.2,,,37.81509945263821,61.20917277572384
CCCC(C)(O)CO,"1,2-dihydroxy-2-methylpentane",0.945,0.888,14.815,2.703,0.142,0.132,291.0,307.5,184.0,210.2,49.76861065997296,77.39986193858103,43.747745096782346,69.54500385371436
OCCCCCCO,"1,6-hexanediol",,,,,,,,,184.0,208.1,,,,
CCC(CC)CO,2-ethyl-1-butanol,,,,,,,,,165.9,190.8,,,,
CC(CO)C(C)CO,"1,4-butanediol, 2,3-dimethyl-",0.9612,0.9115,80.108,10.093,0.16,0.148,,,183.0,210.1,,,28.48479594900899,50.14449452296997
CCC(O)C(C)CO,"1,3-pentanediol, 2-methyl-",0.9578,0.907,39.674,4.961,0.146,0.137,281.0,299.2,183.0,210.1,36.893068475257245,64.37962912266967,32.70025818745598,58.285284943758455
CCC(CO)CCO,"1,4-butanediol, 2-ethyl-",0.9668,0.9175,68.266,8.828,0.161,0.15,,,183.0,209.1,,,29.861590706449743,52.38448865487198
CC(C)C(CO)CO,"1,3-propanediol, 2-isopropyl-",0.9613,0.913,55.134,7.338,0.151,0.142,299.0,314.0,183.0,210.1,34.567949942955266,59.13530308283611,30.10889455150889,52.81520448091519
COCCOCCOC,"2,5,8-trioxanonane",0.92388,0.86349,0.856,0.486,0.151,0.142,275.78,291.1,197.0,217.5,112.05562502405392,127.64723646385852,101.93814007179328,117.59900160404707
CCC(O)CCCO,"1,4-hexanediol",0.9629,0.9123,27.002,4.823,0.158,0.147,,,183.0,209.1,,,38.52403506720796,61.64963613160029
COCCCCOC,"1,4-dimethoxybutane",0.9924,0.9372,0.625,0.437,0.148,0.135,255.6,272.3,181.0,202.1,119.35591338670318,125.7747261465671,108.31336709230524,115.65656320646193
CC(O)CCCCO,"1,5-hexanediol",0.9535,0.9042,36.707,6.193,0.161,0.15,,,183.0,209.1,,,35.555827365105095,57.877798971608534
CC(CCO)CCO,"1,5-pentanediol, 3-methyl-",0.959,0.914,59.854,6.521,0.161,0.151,,,183.0,209.1,,,30.201546538384367,55.863993973399374
CC(O)CC(C)CO,"1,4-pentanediol, 2-methyl-",0.963,0.911,48.806,5.818,0.149,0.139,297.0,312.5,183.0,210.1,36.107976442426306,63.38266667729004,31.50969887284107,56.68493390793207
OCCCCC(O)CO,"1,2,6-hexanetriol",1.09102,1.0523,137.486,17.105,0.172,0.163,,,201.0,227.0,,,23.803974746606254,42.59415702169332
CC[C@@H](C)CCO,3-methyl-1-pentanol,1.09,1.043,183.486,23.011,0.189,0.176,,,201.0,227.0,,,26.777300039855284,47.20888186316262
CCC(O)C(O)C(C)O,"2,3,4-hexanetriol",1.091,1.038,52.246,8.189,0.168,0.156,,,200.0,229.0,,,33.51598828014561,55.5980243197988
CC(O)C(C)(O)C(C)O,"3-methyl-2,3,4-pentanetriol",,,,,,,,,201.0,231.0,,,,
CCCC(O)CCO,"1,3-hexanediol",,,,,,,,,201.0,228.0,,,,
CC(O)COC(C)CO,2-(2-hydroxypropoxy)-1-propanol,1.0063,0.9541,5.267,1.782,0.1624,0.1563,,,199.0,225.0,,,62.01725342474412,84.7148736598968
OCC(O)CCC(O)CO,"1,2,5,6-hexanetetrol",,,,,,,,,218.0,247.0,,,,
COCCC(O)COC,"2-Butanol, 1,4-dimethoxy- (7CI)",0.994,0.936,3.119,1.175,0.157,0.147,,,198.0,221.0,,,72.14775119929564,93.4052288551036
OCCOCCOCCO,"3,6-dioxa-1,8-octanediol",1.10826,1.0608,17.153,3.281,0.1981,0.192,339.7,366.6,216.0,239.0,56.263808373149224,89.50438682183584,49.53518486596762,79.35609926465351
CCOCCOCCO,"3,6-dioxa-1-octanol",0.9704,0.9186,2.648,0.971,0.193,0.1702,296.7,302.0,198.0,220.0,95.11721553918925,115.80966594545384,84.88835554151456,105.93570372981893
CC(O)COCC(C)O,"4-oxaheptane-2,6-diol",0.994,0.943,4.728,1.697,0.157,0.148,,,199.0,225.0,,,61.987654032937954,82.04612164029155
CC(C)(C)OOCCO,tert-butyl 2-hydroxyethyl peroxide,0.968,0.901,2.583,0.977,0.145,0.135,,,199.0,223.0,,,74.93398537307586,96.6181171038532
CC(O)(CCO)CCO,"3-methyl-1,3,5-pentanetriol",1.097,1.046,127.621,16.252,0.17,0.159,345.0,356.0,201.0,228.0,30.32129696792057,52.05595671517931,26.04643644154682,45.92346201690321
OCCCOCCCO,"4-oxa-1,7-heptanediol",1.007,0.9589,29.494,3.047,0.1575,0.1537,,,200.0,223.0,,,36.56862516752987,70.16277965317613
CCOCOCOCC,bis(ethoxymethyl) ether,0.8915,0.8279,1.413,0.64,0.16,0.146,273.0,289.0,197.0,217.5,102.65098279534944,122.03855357114348,93.64916480246757,112.66104588521168
CC(OCCO)OCCO,"1,1-bis(2-hydroxyethoxy)ethane",1.0955,1.04,9.128,2.981,0.19,0.176,,,215.0,240.0,,,59.91023915888592,80.12442380328449
CC(C)(C)OOC(O)CO,"1,2-ethanediol, 1-[(1,1-dimethylethyl)dioxy]-",1.187,1.132,14.322,4.152,0.176,0.165,,,216.0,242.0,,,49.8932664252693,69.6708577022882
OCC(O)C(O)C(O)C(O)CO,dulcitol,,,,,,,,,252.0,285.0,,,,
OCC(O)C(O)C(O)C(O)CO,D-glucitol,,,,,,,,,252.0,285.0,,,,
C#CC#CC#C,"1,3,5-hexatriyne",0.81,0.74,0.877,0.432,0.0634,0.0563,191.0,196.2,106.4,115.1,66.27235446011485,74.82504467016659,56.215540905409526,64.4007972530877
C1=C=CC=CC=1,o-benzyne,0.906,0.844,0.552,0.257,0.138,0.127,143.0,154.0,85.7,99.0,116.73341919931238,139.22417970267904,101.07568292368452,122.9524732499107
C#CCCC#C,"1,5-hexadiyne",0.776,0.72,0.915,0.472,0.0562,0.0513,153.8,168.1,117.7,131.4,52.278758490695495,60.47562647017819,48.48907141602526,56.427271967999296
OCC(O)=C(O)C(O)=C(O)CO,D-(-)-mannitol,,,,,,,,,252.0,285.0,,,,
C#Cc1ccco1,2-ethynylfuran,0.9698,0.8999,0.691,0.367,0.102,0.0927,158.5,172.1,104.5,119.7,88.98549685272756,101.5874427834946,79.14589772234253,91.72395104009917
[2H]c1c([2H])c([2H])c([2H])c([2H])c1[2H],benzene,0.85739,0.7907,0.583,0.333,0.1366,0.1191,138.8,154.0,,,114.65941188707228,125.23724309686924,,
O=C(O)c1ccc(C(=O)O)o1,"2,5-furandicarboxylic acid",,,,,,,,,147.5,167.2,,,,
C#CC=CC=C,"(E)-1,3-hexadien-5-yne",0.7595,0.6977,0.619,0.312,0.094,0.0848,167.8,182.0,114.0,128.8,88.98255347825473,102.51253454664204,79.81384285349321,93.01183705103875
C#CCC#CC,"1,4-hexadiyne",0.791,0.736,0.632,0.337,0.09,0.0823,140.9,156.2,118.1,131.3,78.99625160647822,91.01301230501356,75.1695098204267,86.67400854647367
C=CC#CC=C,"1,5-hexadien-3-yne",0.753,0.692,0.478,0.246,0.127,0.114,166.8,180.3,111.5,125.8,118.16234940549244,134.72052655611614,105.50518170377325,121.74814083814614
CC#CC#CC,"2,4-hexadiyne",,,,,,,,,111.5,123.8,,,,
C#C/C=C/C=C,"3,5-hexadien-1-yne",0.7525,0.6919,0.625,0.319,0.095,0.0851,168.9,182.9,114.0,128.8,89.09064351153133,101.71283052297048,79.76405240623392,92.15827926010466
C=Cc1ccco1,2-ethenylfuran,0.9221,0.854,0.564,0.269,0.135,0.123,163.5,179.9,107.8,125.7,114.7047257725138,135.72143783912588,102.02213867728804,122.7018750258134
C1=CC1C1C=C1,bi-2-cyclopropen-1-yl,0.955,0.886,0.335,0.176,0.12,0.11,140.8,158.3,101.9,118.9,123.75537012828016,143.99581160905112,112.99559791510816,132.85702838845265
Oc1ccccc1,phenol,,,,,,,,,108.3,127.7,,,,
Oc1cccc(O)c1O,"1,2,3-benzenetriol",,,,,,,,,151.2,171.8,,,,
O=C1CCCC(=O)C1=O,"1,2,3-cyclohexanetrione",,,,,,,,,133.3,155.5,,,,
C1=C(CCC2=CCC2)CC1,"cyclobutene, 3,4-dimethylene-",0.871,0.796,0.459,0.224,0.11,0.098,174.8,188.3,102.6,118.6,115.75614938973554,133.11315023850767,99.64440550193676,116.88144968154542
C#CC#CCC,ethyldiacetylene,0.7629,0.701,0.852,0.411,0.094,0.0845,189.6,200.0,118.1,131.3,84.21593080145638,97.21246366491884,73.71607889975627,86.35949206452572
C=C1C=CC=C1,fulvene,0.797,0.738,0.326,0.182,0.116,0.105,121.7,140.8,93.7,110.5,111.7820774262842,127.73052156154802,103.85568721415144,119.3137697422053
O=C1C=CC(=O)C=C1,"1,4-benzoquinone",,,,,,,,,111.9,129.1,,,,
Oc1ccccc1O,"1,2-benzenediol",,,,,,,,,125.7,146.8,,,,
Oc1ccc(O)c(O)c1,"1,2,4-benzenetriol",,,,,,,,,151.2,171.8,,,,
Oc1ccc(O)cc1,"1,4-benzenediol",,,,,,,,,129.2,149.1,,,,
C1=C(CCC2=CCC2)CC1,"cyclobutene, 3,4-dimethylene-",,,,,,,,,122.0,141.9,,,,
CC(=O)c1ccco1,2-furyl methyl ketone,1.12,1.055,1.696,0.692,0.163,0.151,192.0,205.0,123.8,141.5,95.20612058363054,118.117906755397,84.15008341169077,106.42095879478003
O=C1C=CC=CC1=O,"1,2-benzoquinone",,,,,,,,,109.9,128.3,,,,
Oc1cccc(O)c1,"1,3-benzenediol",,,,,,,,,129.3,150.2,,,,
O=C1C=CC(=O)C=C1,"1,4-benzoquinone",,,,,,,,,160.3,183.7,,,,
Oc1ccc(O)c(O)c1,"1,2,4-benzenetriol",,,,,,,,,181.0,202.9,,,,
C=C1C=CC=C1,fulvene,1.221,1.153,3.112,1.162,0.163,0.153,,,124.4,141.5,,,79.2403427316786,103.57840313830695
Oc1ccc(O)cc1,"1,4-benzenediol",,,,,,,,,181.0,202.9,,,,
c1coc(C2CO2)c1,2-furyloxirane,1.119,1.049,1.412,0.572,0.152,0.14,203.4,216.5,118.7,138.4,98.93401925638167,122.37566601673744,85.02556339418149,107.90270773576272
C#CC#CCC,ethyldiacetylene,1.168,1.102,1.37,0.517,0.156,0.145,207.8,218.9,123.2,141.6,110.79291111517848,140.31385456002442,95.6416532202804,124.13193225444589
CC#CC#CC,"2,4-hexadiyne",,,,,,,,,151.2,171.8,,,,
C1=CC2C3C1C23,benzvalene,,,,,,,,,98.0,114.8,,,,
C=C/C=C/C=C,"1,3,5-hexatriene",0.7172,0.6564,0.474,0.245,0.126,0.112,173.3,191.5,118.9,137.3,118.08492427225082,134.3554250330622,106.21089669646749,122.35109259374003
C1=CC2C=CC12,"bicyclo[2.2.0]hexa-2,5-diene",,,,,,,,,90.9,107.5,,,,
C12C3C1C1C2C31,prismane,,,,,,,,,86.0,107.4,,,,
O=C1C=CC(O)C=C1,benzoquinone,0.7249,0.6631,0.455,0.24,0.126,0.112,168.5,186.6,115.4,133.6,108.87377517023072,123.24520705076502,97.87667850323012,112.18943252209172
CC1=CC=CC1,"1-methyl-1,3-cyclopentadiene",0.7503,0.683,0.373,0.201,0.115,0.102,151.9,171.6,102.1,120.6,117.29058771676084,132.51063084230535,104.88898961178144,119.995236868685
CC(=O)c1ccco1,2-furyl methyl ketone,0.75859,0.6992,0.461,0.235,0.126,0.113,169.1,187.1,115.0,133.3,107.37361170643038,123.47640269454284,96.33743241410322,112.2443096164958
O=C1C=CC=CC1=O,"1,2-benzoquinone",0.766,0.704,0.405,0.216,0.1,0.0898,152.6,171.7,111.5,129.6,93.22920496717624,106.45692940103832,85.35255194931635,98.35780727881546
C=CC=C=CC,"1,3,4-hexatriene",0.7434,0.6766,0.444,0.234,0.253,0.224,178.3,194.0,119.5,135.4,205.4664230618703,230.83388196648707,183.5927720847203,208.6244760007256
Oc1cccc(O)c1,"1,3-benzenediol",0.775,0.715,0.374,0.206,0.099,0.0893,146.9,166.6,111.5,129.6,92.30588201822592,105.02076652279824,85.41704944440004,97.85742734249912
C=CC(=C)C=C,"1,3-butadiene, 2-vinyl-",0.711,0.6333,0.338,0.188,0.108,0.092,183.6,204.0,120.2,138.3,126.5927054750125,137.05553738704762,112.37208117377556,122.8601100462434
Oc1ccccc1O,"1,2-benzenediol",,,,,,,,,,,,,,
C1=CCCC=C1,"1,3-cyclohexadiene",0.8223,0.761,0.596,0.355,0.12799,0.1101,148.2,168.1,99.87,120.1,107.39680393063584,115.52783090569052,96.11094270169724,105.10173116873672
CC1C=CC=C1,"1,3-cyclopentadiene, 5-methyl-",0.79,0.726,0.456,0.237,0.123,0.11,148.0,167.3,101.3,120.2,113.86480852856648,130.7520562884115,102.34646257276894,119.13962975881353
COC(=O)c1ccco1,methyl furoate,,,,,,,,,,,,,,
C1=CCC=CC1,"1,4-cyclohexadiene",0.83581,0.7725,0.646,0.375,0.13949,0.1194,149.7,169.0,100.1,120.1,113.02570744038265,121.86954381413295,100.92748414359797,110.70471123550634
C#CCCC=C,1-hexen-5-yne,0.7354,0.669,0.558,0.296,0.087,0.077,179.7,196.8,125.8,142.4,89.50617973021357,100.531033006407,80.96341372382108,91.7853241874581
C=C1C=C(C)C1,1-methyl-3-methylenecyclobutene,0.831,0.759,0.469,0.232,0.107,0.095,181.6,197.2,111.0,128.7,111.9032237936168,128.16563978004942,97.43223504610168,113.66813674608612
CC#C/C=C/C,2-hexen-4-yne,0.7441,0.683,0.497,0.252,0.127,0.114,175.4,190.4,119.4,135.1,117.74597698266795,134.9695276354192,105.6724730398707,122.55153809256966
CC1=CCC=C1,"2-methyl-1,3-cyclopentadiene",0.7885,0.724,0.482,0.242,0.12,0.107,163.5,180.7,102.1,120.6,113.50803411991286,130.50610080336915,99.4266938116318,116.47466864138988
C#C/C=C/CC,3-hexen-1-yne,0.7227,0.6586,0.609,0.323,0.09,0.08,179.7,196.2,123.8,140.3,88.60194680575553,99.7438154373326,79.78499235896231,90.7647195949258
C#C/C(C)=C/C,"3-penten-1-yne, 3-methyl-",0.7219,0.664,0.596,0.328,0.0787,0.0708,160.0,178.6,124.8,141.7,76.13584602392872,86.09299232783597,70.99624668236983,80.66662529638053
C1=CC2CCC12,bicyclo[2.2.0]hex-2-ene,0.913,0.839,0.35,0.185,0.115,0.104,149.5,168.1,99.8,118.5,122.09197718551572,140.45008744089822,108.972265696916,127.29366422084613
C1CC1=C1CC1,cyclopropylidene-cyclopropane,0.835,0.775,0.539,0.259,0.107,0.097,168.8,185.4,112.3,130.8,100.14851079618464,117.76420785361864,89.30102693195748,106.75686367531134
C#CCC(O)C=C,1-hexen-5-yn-3-ol,0.8982,0.837,4.565,1.016,0.102,0.0951,,,142.9,161.8,,,48.36521204497649,72.67868704498485
C1C2C1C1CC21,"trans-tricyclo[3.1.0.02,4]hexane",0.8411,0.776,0.345,0.215,0.098,0.0904,130.2,151.4,107.3,126.4,101.385197314689,114.02013019985633,96.0156845611445,108.37611429442744
C=C=CC(=O)CC,"1,2-hexadien-4-one",0.8752,0.8179,0.903,0.403,0.289,0.265,206.4,218.1,137.4,153.3,175.56508490819027,210.22111617636224,156.57628412434923,190.37306719393624
Cc1ccoc1C,"2,3-dimethylfuran",0.916,0.845,0.502,0.296,0.121,0.109,176.5,194.4,118.7,138.0,112.58674256275656,124.5152087468303,100.69802537698884,113.0733163593555
Cc1ccc(C)o1,"2,5-dimethylfuran",,,,,0.122,0.11,159.8,197.0,118.8,137.6,,,,
Cc1coc(C)c1,"2,4-dimethylfuran",0.922,0.848,0.51,0.295,0.121,0.109,179.6,197.2,118.7,138.0,113.95639785742762,126.60148251589683,101.42507295540642,114.50632180379549
O=C1C=CCCC1,2-cyclohexen-1-one,0.9731,0.9197,1.449,0.674,0.155,0.146,174.6,194.7,113.2,134.2,91.86632820031502,112.53910836789458,81.32354723329185,101.3541674339442
CCc1ccco1,2-ethylfuran,0.8794,0.807,0.58,0.289,0.131,0.118,179.9,198.2,118.3,138.3,115.70294524886378,134.1713700907773,102.8335329264252,121.25450333705146
CC1=CCCC1=O,2-methyl-2-cyclopenten-1-one,0.9593,0.9031,0.876,0.421,0.144,0.134,185.9,201.3,116.5,136.8,103.6494351197557,123.69178250568515,90.8816346752644,110.95595440960436
O=C1CCCC(=O)C1,"1,3-cyclohexanedione",,,,,,,,,127.7,150.3,,,,
CC1C=CCC1=O,2-methyl-3-cyclopenten-1-one,0.9541,0.903,1.08,0.487,0.153,0.143,179.1,195.2,115.8,136.4,98.34206424069482,120.0764909092986,86.98908235883887,108.55986599626824
O=C1CC=CCC1,3-cyclohexen-1-one,1.018,0.962,1.11,0.541,0.153,0.143,168.5,186.4,113.2,134.2,98.42951074045835,118.07622203662709,88.00954442823107,107.6521722957622
CCc1ccoc1,3-ethylfuran,0.78,0.72,0.577,0.294,0.129,0.116,175.8,195.2,119.0,139.1,107.996312595581,124.5704045042071,96.7690503693088,113.24546642961892
CC1=CC(=O)CC1,3-methyl-2-cyclopenten-1-one,0.924,0.877,0.768,0.376,0.139,0.13,150.7,170.6,116.5,136.8,93.99962363130142,113.4061685237478,87.43399846020776,106.57663325667194
C=CC#CCCO,hex-5-en-3-yn-1-ol,0.915,0.863,4.153,1.182,0.146,0.138,,,138.8,155.6,,,60.89339489391799,85.99178140363703
CC(O)c1ccco1,.alpha.-methyl-2-furanmethanol,1.119,1.05,3.485,1.076,0.147,0.138,,,134.8,156.5,,,66.1151253131287,91.70413628189571
C=CC=COC(C)=O,"1,3-butadienyl acetate",0.998,0.93,0.752,0.344,0.142,0.13,207.7,224.3,138.5,159.2,111.65307334897923,133.42945525260888,99.62437657215465,121.16300114013266
CC1(C)CC(=O)OC1=O,"2,2-dimethylsuccinic anhydride",1.254,1.186,1.116,0.607,0.182,0.169,257.0,269.4,146.7,170.1,122.13244449244414,139.2687032054057,104.31185126248214,122.37136731845256
O=C1CCC(=O)CC1,"1,4-cyclohexanedione",,,,,,,,,127.7,150.3,,,,
OCCc1ccco1,2-furanethanol,0.912,0.858,4.276,1.469,0.156,0.145,,,135.1,155.5,,,60.83940286941121,81.1090958273062
CCC1CC(=O)OC1=O,"Dihydro-3-ethyl-2,5-furandione",,,,,,,,,145.9,169.1,,,,
C[C@H]1C(=O)OC(=O)[C@@H]1C,"trans-3,4-Dihydro-3,4-dimethyl-2,5-furandione",,,,,,,,,146.2,169.5,,,,
O=C1OC(C(O)CO)C(O)=C1O,L-ascorbic acid,,,,,,,,,203.0,229.0,,,,
O=C1CC=CCC1,3-cyclohexen-1-one,1.1355,1.0649,1.585,0.695,0.16,0.149,257.0,271.7,159.9,183.6,110.52101189041024,134.50112810483776,96.71041296094762,120.4602875780106
CCc1ccoc1,3-ethylfuran,,,,,,,,,159.9,183.6,,,,
O=CC1CCC=CO1,"3,4-dihydro-2H-pyran-2-carboxaldehyde",0.98,0.928,1.327,0.647,0.159,0.148,174.8,194.3,128.0,149.5,91.18862154439282,109.2044519888699,83.53566061039632,101.44239929459164
O=C1OC(C(O)C(=O)O)C(O)C1O,"D-glucaric acid, 6,3-lactone",,,,,,,,,207.0,235.0,,,,
C=C=CC(=O)CC,"1,2-hexadien-4-one",,,,,0.115,0.108,,,150.0,168.5,,,,
C=CCC(C(=O)O)C(=O)O,"3-butene-1,1-dicarboxylic acid",1.2,1.149,10.0,2.959,0.161,0.153,,,167.4,190.1,,,47.72868747697193,67.16973694121523
C[C@@H]1C(=O)OC(=O)[C@@H]1C,"cis-3,4-Dihydro-3,4-dimethyl-2,5-furandione",,,,,,,,,146.2,169.5,,,,
O=COCC(COC=O)OC=O,glycerol triformate,1.2897,1.2316,6.436,2.111,0.224,0.207,395.0,394.0,210.0,229.0,85.50713730775635,110.46952290329068,71.58464763474511,94.83117077875993
C=C/C=C/C=C\C,"(E,E)-1,3,5-heptatriene",0.7433,0.6901,0.807,0.362,0.136,0.124,201.7,220.0,139.5,160.5,103.16797655836392,123.954186604168,93.00362325202444,113.4325845492691
C=C/C=C/C=C\C,"(E,Z)-1,3,5-heptatriene",0.7497,0.6963,0.8,0.359,0.136,0.124,198.6,217.2,139.5,160.5,103.08024222197466,123.92856852694922,93.33028534337144,113.81850935484042
C[C@@H]1C=CC=CC1,"(R)-5-methyl-1,3-cyclohexadiene",0.8093,0.751,0.865,0.413,0.128,0.116,171.4,193.5,123.2,146.2,94.93804731532188,112.67989711542312,86.5170781479501,104.13645299019726
C1=CCCCCC=1,"1,2-cycloheptadiene",0.836,0.7812,1.112,0.499,0.262,0.241,172.5,192.9,124.1,146.0,145.73132699338774,177.4288366719011,132.83794485229444,164.0562226289208
C=C/C=C(\C)C=C,"1,3,5-hexatriene, 3-methyl-, (E)-",0.717,0.664,0.6,0.297,0.117,0.106,188.5,209.9,142.4,164.0,98.64076496233452,115.42055295209104,91.15777316306162,107.68039154649496
C1=CCCC=CC1,"1,4-cycloheptadiene",0.892,0.832,1.11,0.589,0.136,0.124,185.5,205.6,120.6,144.0,95.29397927675484,109.70271948347047,84.42349304536431,99.24562288048271
C1=CCCCC=C1,"1,3-cycloheptadiene",0.8461,0.7874,0.934,0.521,0.132,0.12,171.7,194.4,123.6,147.7,95.2177693894846,108.50520686298088,86.80843267095742,100.4354557201206
C=CC1=CCCC1,1-ethenylcyclopentene,0.805,0.7499,0.683,0.316,0.119,0.109,175.6,197.0,125.2,148.0,95.4124527638298,114.92567288844648,86.75138417888004,106.04210162679612
C=CC#CCCC,1-hepten-3-yne,0.7421,0.6859,0.687,0.321,0.128,0.115,205.9,223.5,145.5,165.2,105.56247018117143,123.89608394767484,95.73954825801948,113.79732051239604
CC1=CC=CCC1,"1-methyl-1,3-cyclohexadiene",0.798,0.738,0.702,0.339,0.12,0.109,175.5,197.4,123.9,146.7,97.54462557328377,115.47544960108472,88.44415772968168,106.22464785499078
CCC1=CCC=C1,"2-ethyl-1,3-cyclopentadiene",0.8042,0.7437,0.597,0.284,0.121,0.11,180.1,201.2,126.2,148.5,103.69584953029188,123.11476025964532,93.8238744279979,113.03325273463514
CC1=CCC=CC1,"2-methyl-1,4-cyclohexadiene",0.8272,0.77,0.882,0.403,0.123,0.112,179.7,200.4,123.9,146.7,92.48593274605912,111.13256225098182,83.30139326325857,101.79683857150312
CC1=CCCC=C1,"2-methyl-1,3-cyclohexadiene",0.8111,0.753,0.814,0.385,0.122,0.111,178.7,199.7,123.9,146.7,94.30937379384336,112.22869957222548,85.07719897594102,102.90213179681164
O=CC1CC=CCC1,"1,2,3,6-tetrahydrobenzaldehyde",0.9539,0.9006,1.688,0.7,0.15,0.14,195.8,216.4,136.6,160.9,85.38888671676062,107.05859247669008,77.16435388511285,98.49583772182122
O=C(O)CC(O)(CC(=O)O)C(=O)O,"2-hydroxy-1,2,3-propanetricarboxylic acid",,,,,,,,,210.0,236.0,,,,
CC=CC=CC(=O)O,sorbic acid,,,,,,,,,139.5,158.7,,,,
C#C/C(C)=C/CC,"3-hexen-1-yne, 3-methyl-",0.7462,0.685,0.804,0.394,0.0818,0.0732,207.1,226.7,149.0,169.6,75.10402682172472,86.93087033749211,68.46034107578491,80.1166914592377
C=C1C=CCCC1,3-methylenecyclohexene,0.804,0.749,0.771,0.36,0.118,0.108,173.0,195.0,124.4,147.5,91.2264781039818,109.68464491857756,83.14411461671486,101.40054583309508
C1CC2CC1[C@H]1O[C@@H]21,"2,3-epoxybicyclo[2.2.1]heptane",,,,,,,,,126.4,151.7,,,,
C=C1CC=CCC1,4-methylenecyclohexene,0.832,0.77,0.817,0.377,0.12,0.109,192.8,212.7,124.4,147.5,96.86373252064286,115.51428458447998,85.6315027614743,104.2115590408484
CC1C=CC=CC1,"5-methyl-1,3-cyclohexadiene",0.8093,0.7511,0.865,0.413,0.128,0.116,171.4,193.5,123.2,146.2,94.89221103742344,112.6254950371858,86.47530753069927,104.08617570376056
C=C=CC(=O)CCC,"1,2-heptadien-4-one",0.8671,0.8102,0.703,0.42,0.303,0.278,260.9,272.4,161.6,181.2,199.9496654228767,219.90796857152236,174.74351882060395,196.08172023972915
O=C1CC2CCC1C2,2-norbornanone,,,,,,,,,126.0,151.5,,,,
COC1=CCCC=C1,"1,3-cyclohexadiene, 2-methoxy-",0.879,0.827,0.842,0.411,0.132,0.122,176.1,198.1,140.0,162.0,91.30597513020491,109.1208167504206,85.59983126970131,103.1170733766092
COC1=CC=CCC1,"1-methoxy-1,3-cyclohexadiene",0.881,0.829,0.84,0.41,0.132,0.122,177.0,198.9,140.0,162.0,91.4981894014085,109.31948449293016,85.65711378997818,103.18775982728964
CC1=CC(C)CC1=O,"2,4-dimethyl-2-cyclopenten-1-one",1.018,0.954,0.796,0.377,0.142,0.131,220.7,238.8,141.1,165.1,110.43378788627552,131.4821201786029,97.37608760683904,118.51624834892804
COC1=CCC=CC1,"2,5-dihydroanisole",0.907,0.853,1.058,0.481,0.136,0.126,190.2,210.2,140.0,162.0,90.35247125228742,109.80370790455324,82.89034262688241,102.04623772187657
C1CC(C2CC2)C1,1-cyclopropyl-cyclobutane,,,,,,,,,,,,,,
CCC1=CCCC1=O,2-ethylcyclopent-2-en-1-one,0.9417,0.8858,1.115,0.508,0.149,0.138,231.4,247.7,140.7,164.7,101.43832346119189,122.072860933962,88.19049508892168,108.833763320896
C#C/C(C)=C/CC,"3-hexen-1-yne, 3-methyl-",,,,,,,,,126.0,151.5,,,,
C1CC2CC1C1OC21,"exo-2,exo-3-epoxybicyclo[2.2.1]heptane",,,,,,,,,126.4,151.7,,,,
C#CCC(C)(O)C=C,3-methyl-1-hexen-5-yn-3-ol,0.8896,0.836,12.702,1.663,0.092,0.0864,,,167.7,190.7,,,32.660246023296985,57.34575843056578
C=C=CC(=O)C(C)C,"5-methyl-1,2-hexadien-4-one",0.8576,0.8027,1.073,0.461,0.289,0.266,236.5,252.4,161.3,182.3,165.2453084150597,201.09531618736585,148.380894357478,183.50736995777496
C1CC2CCC(C1)O2,"8-oxatricyclo[3.2.1.0(1,5)]octane",1.165,1.093,0.627,0.265,0.113,0.104,192.9,214.7,132.3,157.5,99.74631577514732,123.39112974424768,89.70728070386552,113.09270906868912
O=C(C1CC1)C1CC1,dicyclopropyl ketone,1.019,0.961,0.805,0.343,0.139,0.129,200.9,221.6,150.0,173.1,102.69612698106148,127.18995521133064,94.5932789906241,118.65253114565056
O=C1CC2CCCC12,bicyclo[3.2.0]heptan-6-one,0.9773,0.921,0.829,0.391,0.143,0.133,198.7,219.0,131.1,156.1,102.76396457963908,123.85312018635472,91.41962340601432,112.60152159274188
Cc1coc(C)c1C,"furan, 2,3,4-trimethyl-",0.92,0.855,0.707,0.316,0.114,0.104,209.0,228.5,144.0,166.7,96.443879478751,116.11712108264726,86.84901363049438,106.26054882500026
CC1CC(=O)CC(=O)C1,"5-methyl-1,3-cyclohexanedione",,,,,,,,,152.2,178.6,,,,
COC(=O)C1C=CCC1,2-cyclopentene-1-carboxylic acid methyl ester,1.024,0.959,1.104,0.469,0.138,0.128,215.6,237.2,145.8,172.0,94.77492467284112,117.34505665890543,84.8990917540583,107.20108731093934
OCCCc1ccco1,2-furanpropanol,0.928,0.875,5.711,1.817,0.159,0.148,,,159.2,183.4,,,57.29912564212958,78.15652009624382
CCCCC#CC(=O)O,2-heptynoic acid,1.05,0.993,5.619,1.813,0.159,0.148,,,169.8,191.3,,,59.826792818894845,80.7747154860221
O=C(O)C1CC=CCC1,3-cyclohexene-1-carboxylic acid,1.26,1.19,3.333,1.328,0.161,0.15,,,146.4,171.8,,,71.05368287899286,91.50838469092234
C=CCOC(=O)C(=C)C,2-propenyl 2-methylpropenoate,0.91212,0.8474,0.877,0.389,0.129,0.118,240.1,260.4,165.7,190.6,99.17132430436436,119.61767101837049,89.34643319858499,109.56557075821388
CC1C(=O)CCCC1=O,"2-methyl-1,3-cyclohexanedione",,,,,,,,,152.2,178.6,,,,
COC(=O)C1C(C)=C1C,"methyl 2,3-dimethyl-2-cyclopropene-1-carboxylate",1.049,0.975,0.582,0.277,0.113,0.103,228.3,249.6,163.1,187.6,103.5997873209277,122.47232547364824,94.24850069770535,113.01952033298814
CCCC#CC(=O)OC,methyl 2-hexynoate,0.957,0.894,1.097,0.492,0.143,0.131,248.6,265.4,166.9,189.6,100.49870719121574,120.434953187085,89.84273748535452,109.56330966453356
C=C/C=C/CC(=O)OC,"methyl 3,5-hexadienoate",0.933,0.8735,1.115,0.469,0.146,0.135,240.6,259.4,162.7,187.0,99.00877448274244,121.9587489441275,88.69079438419473,111.23264170878905
COC(=O)C1=CCCC1,methyl cyclopentene-1-carboxylate,1.063,0.998,1.505,0.601,0.136,0.126,232.4,251.4,146.6,172.5,87.79095458040773,109.99066476500954,77.11893715306613,98.9331527409913
COC(OC)c1ccco1,(dimethoxymethyl)furan,1.128,1.062,1.95,0.772,0.164,0.152,250.3,267.5,174.0,196.8,92.5936504523722,115.92658781250675,83.5912217444669,106.33742288822808
C1C2CC3CC1OC(O2)O3,"2,4,10-trioxaadamantane",1.353,1.288,1.256,0.427,0.151,0.141,197.0,221.8,142.4,170.7,91.92332941195332,122.5549470684376,83.9024719809862,113.851604248203
O=C(O)C1CCCC1C(=O)O,"trans-1,2-cyclopentanedicarboxylic acid",,,,,,,,,172.0,199.7,,,,
C=CCOC(=O)CC(C)=O,"butanoic acid, 3-oxo-, 2-propenyl ester",0.9703,0.914,1.35,0.656,0.169,0.157,281.0,296.1,181.0,205.0,103.655728338764,122.22684128546928,91.59192840411885,110.21668016987432
C=C(C)C(=O)OCC1CO1,glycidyl methacrylate,1.185,1.114,0.92,0.422,0.14,0.13,262.7,282.5,177.0,203.4,105.63229564242636,127.27880282165718,94.52734924764056,116.04427323184554
CC1CC(=O)CC(=O)C1,"5-methyl-1,3-cyclohexanedione",1.1011,1.039,1.816,0.77,0.149,0.138,285.0,303.3,185.0,212.9,92.97064347253554,113.98042211180962,82.32910323446781,103.17996246210328
O=C(O)CCC(CC(=O)O)C(=O)O,"1,2,4-butanetricarboxylic acid",,,,,,,,,216.0,244.0,,,,
COC(=O)C(C(=O)OC)C(=O)OC,trimethyl methanetricarboxylate,1.33,1.26,5.489,1.508,0.167,0.155,332.0,351.0,207.0,239.0,71.11557352363154,98.47447584647834,62.26600928279277,88.38368719604351
C=CC(OC(C)=O)OC(C)=O,allylidene diacetate,1.21,1.13,1.322,0.522,0.149,0.137,277.9,299.4,186.0,214.7,101.71317128893152,126.99738357692318,90.85008506413024,115.65635405805436
COC(=O)[C@H]1C[C@H]1C(=O)OC,"cis-1,2-cyclopropanedicarboxylic acid, dimethyl diester",1.222,1.149,0.908,0.4,0.143,0.133,267.2,288.7,182.0,210.3,105.79322269479177,129.25122581323208,94.96133990463132,118.2294523011183
COC(=O)C=C(C)C(=O)OC,dimethyl citraconate,1.0926,1.0314,1.83,0.776,0.149,0.138,285.0,303.3,185.0,212.9,86.69780150048803,106.28756366765369,76.77425887714372,96.21605733885632
COC(=O)[C@@H]1C[C@H]1C(=O)OC,"trans-1,2-cyclopropanedicarboxylic acid, dimethyl ester",1.222,1.149,0.908,0.4,0.143,0.133,267.2,288.7,182.0,210.3,105.79322269479177,129.25122581323208,94.96133990463132,118.2294523011183
C=C/C=C/CC(=O)OC,"methyl 3,5-hexadienoate",0.7796,0.7218,0.962,0.443,0.123,0.112,196.1,218.6,132.1,157.2,85.44241800475214,102.43187946834982,76.45564312089742,93.358454176175
C#CC(C)C(C)C,"(.+-.)-3,4-dimethyl-1-pentyne",0.712,0.658,0.702,0.395,0.0767,0.0692,206.0,228.6,159.7,182.6,71.38619114420891,80.25372371144053,66.45276168572117,75.3385431075699
COC(=O)C1=CCCC1,methyl cyclopentene-1-carboxylate,0.7815,0.7236,0.755,0.373,0.119,0.108,176.3,201.4,132.1,157.2,86.72873371805494,102.39882964287368,79.96541448561521,95.5047924413853
CC#CC(C)CC,(.+-.)-4-methyl-2-hexyne,0.711,0.653,0.577,0.314,0.119,0.107,212.7,232.9,153.5,175.0,106.4886528026388,120.09974383860612,97.1526441620558,110.82147012005964
CC1(C)CC(=O)OC(=O)C1,"3,3-dimethylglutaric anhydride",,,,,,,,,,,,,,
CC=C(C)C1CC1,(1-methyl-1-propenyl)cyclopropane,0.82,0.754,0.451,0.28,0.114,0.102,228.4,248.7,147.6,171.8,117.08190381032873,126.59305921937784,103.55058463531316,114.08231131312996
CC1=C(C)CCC1,"1,2-dimethylcyclopentene",0.7773,0.7215,0.618,0.292,0.103,0.0945,177.5,200.5,132.5,156.3,88.51603499355069,106.32045277589108,81.52705985008528,99.12716911008005
C=C(C)C1CCC1,(1-methylethenyl)cyclobutane,0.7569,0.7013,0.647,0.304,0.108,0.098,196.2,219.4,141.8,166.4,92.89947200972364,110.56417785187234,84.78978614288684,102.29043093434504
C=CCOC(=O)CC(C)=O,"butanoic acid, 3-oxo-, 2-propenyl ester",0.724,0.668,0.718,0.329,0.106,0.096,219.7,240.7,153.3,176.9,82.49289196238723,98.17040169595592,74.55087448790476,90.02376729792641
C#CCC(C)CC,(RS)-4-methyl-1-hexyne,0.706,0.653,0.722,0.413,0.0809,0.073,201.2,224.5,156.4,179.8,72.72079851619627,81.51031067797116,67.74650368342989,76.57512767444685
O=C(O)C1CCC(C(=O)O)C1,"1,3-cyclopentanedicarboxylic acid, cis-",,,,,,,,,,,,,,
C=C(C)C(C)=CC,"(Z)-2,3-dimethyl-1,3-pentadiene",0.747,0.684,0.455,0.297,0.108,0.096,238.3,257.8,153.3,176.9,112.21107815859986,118.84845061192708,99.11599618088248,106.90191383058485
C=C(/C=C\C)CC,"(Z)-2-ethyl-1,3-pentadiene",0.719,0.66,0.598,0.291,0.115,0.103,212.1,234.1,152.3,175.5,103.2778656298841,120.13221993085943,94.09029861349418,110.78017297042352
CC1(C2CC2)CC1,"1,1'-bicyclopropyl, 1-methyl-",0.858,0.794,0.478,0.236,0.103,0.0934,196.2,220.5,144.6,169.7,101.71638118811128,119.49249134356596,93.34907350983887,111.00672265433532
CC=CC=C(C)C,"1,1,4-trimethyl-1,3-butadiene",0.71,0.652,0.62,0.302,0.119,0.106,209.1,230.9,150.3,173.4,103.85726970526754,120.31451302695748,94.64547890289842,111.00214602491364
C=CC(OC(C)=O)OC(C)=O,allylidene diacetate,0.7402,0.683,0.554,0.367,0.276,0.249,263.9,277.6,155.5,176.9,181.44459463605511,191.9123287262259,156.36044363614323,169.06543261394884
COC(=O)[C@H]1C[C@H]1C(=O)OC,"cis-1,2-cyclopropanedicarboxylic acid, dimethyl diester",0.764,0.707,0.537,0.264,0.109,0.098,179.2,203.7,132.3,157.1,84.11119559073774,98.63915434139255,77.22974653966685,91.68842755133772
C=CC=CCCC,"1,3-heptadiene",0.7135,0.6561,0.631,0.305,0.127,0.114,212.2,233.6,151.3,174.1,108.42366025459748,126.46504269998246,98.58237565359828,116.42755568732689
C=C/C(C)=C/CC,"1,3-hexadiene, 3-methyl-",0.7236,0.6653,0.622,0.299,0.116,0.104,213.2,234.9,152.3,175.5,102.5832192537597,119.76246082481588,93.32155511085732,110.3332656333532
CC1=CCC(C)C1,"1,4-dimethylcyclopentene",0.7535,0.6942,0.531,0.266,0.109,0.098,183.8,207.1,131.5,155.8,98.83783186530655,115.01379181006084,89.95320322962115,106.16410050026538
C=CCC=CCC,"1,4-heptadiene",0.6985,0.64,0.573,0.289,0.125,0.112,210.0,232.0,151.3,174.1,110.40653044888924,127.2062187831582,100.67999032281996,117.33653726154049
C=CC/C(C)=C/C,"1,4-hexadiene, 4-methyl-",0.7127,0.6522,0.561,0.282,0.115,0.102,210.7,233.2,152.3,175.5,105.69832475798913,121.073443500962,96.47499240428776,111.76916555895905
C/C=C/O/C=C/CC,"(E,E)-1-(1-propenyloxy)-1-butene",0.802,0.744,0.748,0.363,0.145,0.132,225.1,244.7,165.4,187.3,111.01859806689671,130.1977066989014,101.79971207618806,120.76622077978467
C=C=CC(O)CCC,"1,2-heptadien-4-ol",0.8516,0.794,3.523,0.869,0.275,0.255,,,173.0,196.3,,,105.4009797024724,153.36033310099535
C=CCC(O)CC=C,"1,6-heptadien-4-ol",0.846,0.794,3.31,0.793,0.135,0.127,,,170.0,195.6,,,62.19476635433434,92.55194257307156
C/C=C/O/C=C\CC,"(Z,E)-1-(1-propenyloxy)-1-butene",0.812,0.751,0.739,0.36,0.146,0.132,232.8,251.6,165.4,187.3,114.62777548845976,133.40598977600172,104.11938420164576,122.77792914225874
C=C=CCCCC,"1,2-heptadiene",0.8535,0.796,8.202,1.219,0.088,0.0825,,,178.0,202.3,,,38.55005271990401,65.22393782580114
C/C=C\O/C=C\CC,"(Z,Z)-1-(1-propenyloxy)-1-butene",0.812,0.751,0.739,0.36,0.146,0.132,232.8,251.6,165.4,187.3,114.62777548845976,133.40598977600172,104.11938420164576,122.77792914225874
C/C=C\O/C=C/CC,"1-butene, 1-(1-propenyloxy)-, (E,Z)-",0.812,0.751,0.739,0.36,0.146,0.132,232.8,251.6,165.4,187.3,114.62777548845976,133.40598977600172,104.11938420164576,122.77792914225874
C=COC(=C)C(C)C,"1-butene, 2-(ethenyloxy)-3-methyl-",0.779,0.71,0.436,0.258,0.118,0.105,231.9,255.3,170.0,194.1,117.99808326360429,129.20678585611012,108.12873787929588,119.61992121044467
C#CC(C)(O)CCC,"1-hexyn-3-ol, 3-methyl-",0.846,0.788,7.92,1.18,0.0881,0.0825,,,178.0,202.3,,,37.403460722036094,63.188425553657936
OCC1=CCCCC1,1-cyclohexene-1-methanol,0.959,0.906,3.65,1.391,0.134,0.126,235.0,253.5,150.2,176.0,66.27824213566966,84.97080762881981,58.43685621579382,76.6820047518502
C=C(C)C(C)=CC,"(Z)-2,3-dimethyl-1,3-pentadiene",0.839,0.78,1.073,0.474,0.151,0.138,249.6,267.0,169.2,192.1,111.5531402012616,134.0991851687366,99.99675809795542,122.2375871742645
C#CCC(O)CCC,1-heptyn-4-ol,0.8673,0.811,6.342,1.307,0.099,0.0925,256.4,275.0,177.0,201.2,47.57918276301464,72.06652688251553,42.86898675696555,66.00241941013044
CC1(C=O)CCCC1,1-methylcyclopentanecarboxaldehyde,0.893,0.84,1.333,0.583,0.132,0.123,205.7,228.8,148.5,174.7,83.84302238652155,103.62381411327635,76.49988293990948,96.05093330668014
C/C=C/OC=C(C)C,"1-propene, 2-methyl-1-(1-propenyloxy)-, (E)-",0.807,0.748,0.768,0.361,0.134,0.121,230.7,250.3,166.4,188.7,105.35074723728596,123.87176660541829,96.09986143558666,114.40893157046771
C/C=C\OC=C(C)C,"1-propene, 2-methyl-1-(1-propenyloxy)-, (Z)-",0.811,0.749,0.764,0.36,0.134,0.121,233.8,253.2,166.4,188.7,107.39037343554486,126.11816039989677,97.5932592997521,116.1068716442342
OCCC1=CCCC1,2-(1-cyclopentenyl)ethanol,0.973,0.916,2.98,1.135,0.136,0.127,252.6,268.9,152.5,177.9,73.87253956258692,93.90277825392177,64.09620786324928,83.60053240717009
OCCC1C=CCC1,2-(2-cyclopenten-1-yl)ethanol,0.968,0.913,2.893,1.128,0.142,0.133,,,151.8,177.4,,,65.91763940937425,85.63786961648766
CC(C)C1=CCCO1,2-(1-methylethyl)-(4H)furan,0.877,0.814,0.73,0.393,0.124,0.113,210.1,234.5,150.4,177.1,100.28037363194213,115.1579926812382,91.28035306142397,106.4135139312436
C=COC(C)=C(C)C,2-(ethenyloxy)-3-methyl-2-butene,0.784,0.716,0.548,0.284,0.116,0.103,232.2,254.1,169.3,192.3,108.8885808919646,123.36551824409688,99.62916694478416,114.06419711567
COC(C)=C(C)C(C)=O,(E)-4-methoxy-3-methylpent-3-en-2-one,0.978,0.913,0.992,0.515,0.145,0.134,268.9,285.5,185.0,208.1,107.21552089898525,123.89054457695522,96.5093019638554,113.34597396270422
C/C=C/OCO/C=C/C,"(E,E)-bis(1-propenoxy)methane",0.92,0.855,0.815,0.468,0.162,0.148,264.2,280.0,181.0,202.7,122.10032597921494,135.9470562684444,109.77718907127316,124.13727659430434
CC/C=C\CCOC=O,(Z)-3-hexenyl formate,0.9027,0.8554,0.517,0.329,0.158,0.145,270.0,286.4,182.0,204.6,125.41105305760784,136.13121319174397,112.240933272064,123.84228591636264
C/C=C\OCO/C=C/C,"(Z,E)-bis(1-propenoxy)methane",0.92,0.855,0.815,0.468,0.162,0.148,264.2,280.0,181.0,202.7,122.10032597921494,135.9470562684444,109.77718907127316,124.13727659430434
COC(C)=C(C)C(C)=O,(Z)-4-methoxy-3-methylpent-3-en-2-one,0.978,0.913,0.992,0.515,0.145,0.134,268.9,285.5,185.0,208.1,107.21552089898525,123.89054457695522,96.5093019638554,113.34597396270422
C/C=C\OCO/C=C\C,"(Z,Z)-bis(1-propenoxy)methane",0.92,0.855,0.815,0.468,0.162,0.148,264.2,280.0,181.0,202.7,122.10032597921494,135.9470562684444,109.77718907127316,124.13727659430434
COC1=C(OC)CCC1,"1,2-dimethoxycyclopentene",1.007,0.942,1.341,0.573,0.136,0.125,245.1,262.4,168.3,191.1,91.6448973511547,111.68431225368508,82.44863642734097,102.15421242530866
C1CCC2(C1)OCCO2,"1,4-dioxaspiro[4.4]nonane",1.011,0.95,2.077,0.832,0.139,0.129,242.0,256.1,147.5,176.3,80.56662771235384,100.35379957808524,70.0921075331227,90.34809115120404
C=CC1(C)CCOCO1,"1,3-dioxane, 4-ethenyl-4-methyl-",0.983,0.923,2.035,0.823,0.139,0.129,226.8,250.7,163.0,190.8,79.19662865416345,99.59549678462776,72.16933066653564,92.23256437763597
CC(=O)CCCC(C)=O,"2,6-heptanedione",0.941,0.8869,1.031,0.575,0.177,0.163,276.0,290.7,185.0,207.9,117.0980410203104,131.9790308386705,104.63508033058514,120.10202094519497
C=CC(=O)OC(C)CC,1-methylpropyl 2-propenoate,0.8728,0.8138,0.745,0.381,0.13,0.119,235.4,259.9,174.0,201.7,100.708968001729,117.35237219881402,92.50080076914132,109.2749548538436
CCC/C=C/OC(C)=O,1-penten-1-yl acetate,0.8828,0.8229,1.121,0.486,0.142,0.13,250.9,271.7,173.0,198.6,97.80252463826172,118.74755474656786,88.09127552438798,108.72685388218976
CCCC1CCC(=O)O1,"2(3H)-furanone, dihydro-5-propyl-",1.101,1.048,4.995,1.546,0.167,0.157,247.0,266.8,164.5,191.8,69.43165845849319,94.40133058756416,61.929753928199375,86.0314722597519
COC1=CCCC1OC,"2,3-dimethoxycyclopentene",0.987,0.922,1.135,0.499,0.141,0.129,237.5,256.3,167.6,190.6,97.70233260347572,117.98952198209324,88.57660655161943,108.5577990006296
CC(=O)CC(=O)C(C)C,"2,4-hexanedione, 5-methyl-",0.967,0.906,1.158,0.585,0.172,0.158,288.0,302.8,185.0,208.9,116.21930035222984,134.3758184710171,102.6139857841148,121.05163487327674
CC(=O)OCC=C(C)C,"2-buten-1-ol, 3-methyl-, acetate",0.8986,0.8382,1.146,0.501,0.13,0.119,248.3,269.9,174.0,200.0,91.16746659949423,110.53990864471456,82.48964582564912,101.60181534833698
CC12COC(C)(OC1)OC2,"1,4-dimethyl-2,6,7-trioxabicyclo[2.2.2]octane",,,,,,,,,166.0,196.1,,,,
C=CC(=O)OCCOCC,2-ethoxyethyl propenoate,1.056,0.989,1.042,0.485,0.156,0.143,280.6,298.9,191.0,216.1,110.05477911050976,130.495544934756,98.76806195147572,119.1155968830276
C=COC(C)=C(C)C,2-(ethenyloxy)-3-methyl-2-butene,0.874,0.814,0.881,0.442,0.137,0.125,249.6,271.9,172.0,199.6,105.7917374371784,123.1852622859217,95.27106085454731,112.92617068186176
COC(=O)C/C(C)=C(/C)OC,"(Z)-3-methoxy-2-methyl-2-butenecarboxylic acid, methyl ester",1.05,0.983,1.181,0.549,0.134,0.124,278.3,297.5,191.0,217.0,95.02924386582282,113.6008904702487,85.48115762053972,103.95274791936428
COC(=O)C/C=C(\C)OC,(E)-4-methoxypent-3-en-1-oic acid methyl ester,1.016,0.952,1.22,0.567,0.147,0.135,278.0,296.6,190.0,215.3,99.32549091311868,118.0327918066271,89.24097511605606,107.86144187030358
COC(=O)C(C)=C(C)OC,(Z)-3-methoxy-2-methyl-2-butenoic acid methyl ester,1.012,0.948,1.225,0.57,0.134,0.124,278.3,297.5,191.0,217.0,92.85217319037515,110.9684254800738,83.52282864738952,101.5438586193119
COC(C)=C(C)C(C)=O,(Z)-4-methoxy-3-methylpent-3-en-2-one,1.12,1.06,4.018,1.311,0.137,0.127,,,192.0,220.0,,,61.76244073915416,83.2768585863271
C=C(C)C(=O)OCC(C)O,2-hydroxypropyl 2-methyl-2-propenoate,1.067,1.005,3.843,1.144,0.138,0.128,,,193.0,221.0,,,61.47590316797939,85.07626937539395
C=CCOC(=O)C(C)(C)O,2-propenyl 2-methyl-2-hydroxypropanoate,0.9827,0.9252,2.646,0.854,0.143,0.134,,,192.0,220.0,,,68.48054891882657,93.33912573240244
C/C=C/CC(=O)OCC,(E)-3-Pentenoic acid ethyl ester,,,,,,,,,,,,,,
CCOC(=O)C(C)C(C)=O,2-methyl-3-oxobutanoic acid ethyl ester,1.11,1.05,1.622,0.676,0.16,0.148,285.0,304.0,190.0,218.0,96.3540730291944,118.670813476264,85.96775914686538,108.07354367771904
C=COCCOCC1CO1,2-vinyloxyethyl glycidyl ether,1.017,0.963,1.967,0.82,0.173,0.161,289.0,304.3,196.0,220.0,94.08579090033923,115.95238035960377,84.35000442642088,105.84012144685995
CC(=O)OC(C)(C)C(C)=O,3-acetoxy-3-methyl-2-butanone,0.9232,0.868,2.166,0.841,0.145,0.135,266.2,288.5,191.0,219.0,79.30261205380445,100.55109192929832,72.23225175378195,93.04964106561891
C/C=C/O/C=C\CC,"(Z,E)-1-(1-propenyloxy)-1-butene",,,,,,,,,,,,,,
C#CC(O)(CC)CC,"1-pentyn-3-ol, 3-ethyl-",,,,,,,,,,,,,,
C=C(OC)C(C)C(=O)OC,"3-butenoic acid, 3-methoxy-2-methyl-, methyl ester",1.079,1.008,1.297,0.546,0.141,0.129,298.0,315.7,191.0,218.0,99.48195558443577,120.98401475389512,87.78129126240427,109.01590485529056
CC(O)=CC(=O)OC(C)C,3-hydroxy-2-butenoic acid 1-methylethyl ester,1.12,1.05,4.732,1.371,0.143,0.133,,,191.0,219.0,,,61.3684614132855,85.7770469769921
CCCOC(=O)C=C(C)O,"3-hydroxy-2-butenoic acid, propyl ester",1.12,1.06,3.75,1.226,0.148,0.138,,,191.0,218.0,,,64.30655975663436,86.92706829631277
C=C(CCC(=O)OC)OC,"4-methoxypent-4-en-1-oic acid, methyl ester",1.05,0.983,1.067,0.498,0.143,0.131,279.3,298.3,192.0,217.0,102.56200432465134,121.55186104089016,92.299506909789,111.14444858172428
CCCC(=O)OCC1CO1,"R(-)-2,3-epoxypropyl butanoate",1.0216,0.96,1.194,0.542,0.151,0.139,277.9,298.1,185.0,213.5,100.77640501614675,120.94066719664,89.87696959105557,110.10168355152
CCCC(=O)OCC1CO1,S-(-)-glycidyl butyrate,1.0151,0.954,1.202,0.545,0.151,0.139,277.9,298.1,185.0,213.5,100.3569352735392,120.47650534453508,89.50286744586923,109.67912096325472
C=COCCOCC1CO1,[[2-(ethenyloxy)ethoxy]methyl]oxirane,1.101,1.034,1.244,0.571,0.167,0.155,277.0,294.2,196.0,220.0,109.56006978001338,131.48258175423967,99.40182865820351,121.16091394897371
CCOC(=O)C(C)C(C)=O,ethyl 2-methylacetoacetate,1.033,0.973,1.742,0.73,0.16,0.148,285.0,304.0,190.0,218.0,94.43881672613496,116.13288217066064,84.2589544498803,105.7622489138887
C/C=C/CC(=O)OCC,(E)-3-Pentenoic acid ethyl ester,,,,,,,,,202.0,231.0,,,,
CC(CCCC(=O)O)C(=O)O,2-methylhexanedioic acid,,,,,,,,,201.0,230.0,,,,
CC(C(=O)O)C(C)(C)C(=O)O,"butanedioic acid, trimethyl-",,,,,,,,,202.0,232.0,,,,
CCCC(=O)OCC1CO1,glycidyl butyrate,1.164,1.094,1.048,0.475,0.151,0.139,277.9,298.1,185.0,213.5,108.37012502489486,130.10963885516605,96.64939357462484,118.44891066246764
COC(=O)/C(OC)=C(/C)OC,"(E)-2,3-dimethoxy-2-butenoic acid methyl ester",1.142,1.072,1.751,0.774,0.15,0.139,304.0,321.1,207.0,232.0,92.94733540635636,112.43047167023018,83.4232419452847,102.60721141361488
CCOC(=O)CC(=O)OCC,"diethyl 1,3-propanedioate",1.03345,0.9685,1.355,0.681,0.154,0.142,303.71,327.6,196.0,225.0,99.65727518388442,116.54354798893776,88.10588114635985,104.85543362712578
CC(=O)OCC(C)OC(C)=O,"1,2-propanediyl diethanoate",1.113,1.044,1.797,0.709,0.149,0.137,301.0,322.2,196.0,226.0,91.20354782909784,113.69369457710764,80.83558961850876,102.89905116227196
CC(=O)OCCCOC(C)=O,"1,3-propandiol diacetate",1.0346,0.9715,1.431,0.648,0.151,0.139,286.0,308.2,196.0,225.0,94.36945745562213,113.47591620160732,84.85302431791841,103.86375513296616
O=C(O)CCCCCC(=O)O,"1,7-heptanedioic acid",,,,,,,,,202.0,228.0,,,,
COC(=O)/C(OC)=C(\C)OC,"2-butenoic acid, 2,3-dimethoxy-, methyl ester, (Z)-",1.142,1.072,1.751,0.774,0.15,0.139,304.0,321.1,207.0,232.0,92.94733540635636,112.43047167023018,83.4232419452847,102.60721141361488
CC(C)(CC(=O)O)CC(=O)O,"3,3-dimethylglutaric acid",1.162,1.111,20.654,4.95,0.154,0.145,315.0,331.0,202.0,231.0,43.71523817593236,63.44654497108531,38.57921889785061,57.34088776874377
CC/C=C\C(=O)OCC,(Z)-2-Pentenoic acid ethyl ester,1.134,1.074,2.734,1.034,0.184,0.171,315.0,329.5,207.0,232.0,97.79274667165934,123.5154096993064,86.89891291834587,111.90775517877816
C=C(OC)C(OC)C(=O)OC,"3-butenoic acid, 2,3-dimethoxy-, methyl ester",1.121,1.052,2.23,0.846,0.156,0.144,316.0,332.9,207.0,234.0,89.93088095398114,113.1616030516596,79.84161803271454,102.47847197961332
C1OCC2(CO1)COCOC2,pentaerythritol diformal,,,,,,,,,174.0,205.7,,,,
CCC(C(=O)OC)C(=O)OC,dimethyl ethylmalonate,1.046,0.9836,2.199,0.824,0.148,0.137,295.0,316.5,196.0,226.0,82.89028394183035,105.41670301295709,73.88466815889353,95.88816491621832
C/C=C(\C)C(C)C,"(E)-3,4-dimethyl-2-pentene",0.6985,0.6398,0.587,0.292,0.107,0.095,221.8,247.3,161.8,188.1,99.10050782211512,114.1690475636396,90.68648210613397,105.7109564617236
CC/C=C(\C)CC,(E)-3-methyl-3-hexene,0.6919,0.6345,0.621,0.309,0.112,0.1,221.1,245.5,162.1,187.0,100.07597537925956,115.61571204901789,91.70837124780422,107.0938215355026
CC(=O)OCC(C)OC(C)=O,"1,2-propanediyl diethanoate",0.67014,0.6098,0.507,0.31,0.106,0.094,215.4,242.2,161.4,187.7,89.34145177604648,97.26969027414818,82.37477727322988,90.53882367759591
CC(=O)OCCCOC(C)=O,"1,3-propandiol diacetate",0.68,0.62,0.559,0.281,0.117,0.104,221.7,247.2,160.8,186.7,93.92348634978303,107.97852354659364,85.81013389267596,99.78051654036524
COC(=O)CCCC(=O)OC,dimethyl pentanedioate,1.069,1.0106,1.777,0.831,0.154,0.144,290.0,310.6,196.0,225.0,88.46198710902831,106.42353697528074,79.23111481990824,97.19644095177286
CCOC(=O)CCC(=O)OC,ethyl methyl butanedioate,1.0568,0.996,1.798,0.783,0.154,0.143,297.0,317.0,196.0,225.0,89.7749972212693,109.53250122169416,79.86944085021995,99.46355485220494
COC(=O)CCCCC(=O)O,monomethyl adipate,1.1054,1.049,10.693,2.536,0.167,0.156,339.0,352.0,199.0,227.0,58.56238265822317,84.47862947345993,50.41281321809005,74.67143232708698
CC(=O)OCC(O)COC(C)=O,"2-hydroxypropane-1,3-diyl diacetate",1.1548,1.092,17.319,3.663,0.178,0.162,,,213.0,244.0,,,47.13531353332824,70.84948587556063
CC=C(C)C(C)C,"(Z)-3,4-dimethyl-2-pentene",0.6949,0.6366,0.59,0.294,0.107,0.095,223.9,249.2,161.8,188.1,99.03050833579871,113.97619539679454,90.3825205794551,105.30542880834554
COCCOC(=O)CC(C)=O,3-Oxo-butanoic acid 2-methoxyethyl ester,0.68161,0.6236,0.513,0.314,0.107,0.095,213.1,240.0,161.4,187.7,88.39427090072888,96.33598778152368,81.74794737460708,89.90019471543748
CC1(C)CC1(C)C,"1,1,2,2-tetramethylcyclopropane",0.6998,0.64,0.457,0.244,0.09,0.0802,205.1,232.3,160.3,186.4,92.33373954759412,105.01511766762044,86.14940545086509,98.7094232870325
CCC=CC(C)C,(E)-2-methyl-3-hexene,0.6711,0.6114,0.566,0.285,0.117,0.104,224.4,249.5,160.8,186.7,107.62198592860112,123.5692196565882,97.9910785038497,113.89043586865884
CCC1(CC)CC1,"1,1-diethylcyclopropane",0.696,0.639,0.546,0.277,0.105,0.094,213.1,238.7,159.2,185.0,97.84831637329296,112.92073308285268,90.142462252021,105.10883213438802
O=C(O)C1(O)CC(O)C(O)C(O)C1,"hexahydro-1,3,4,5-tetrahydroxybenzoic acid",,,,,0.215,0.2,,,227.0,258.0,,,,
CC1CCC(C)C1,"1,3-dimethylcyclopentane",0.7278,0.6691,0.605,0.3,0.109,0.098,195.2,222.1,143.6,170.5,96.06369420689668,112.41409183301224,88.11601663110716,104.35679095622557
CC/C=C\C(C)C,(Z)-2-methyl-3-hexene,0.6757,0.6157,0.548,0.278,0.117,0.103,221.5,246.9,160.8,186.7,108.36088968254975,123.38581067414393,99.0255346709514,114.0569970021245
CC/C=C(/C)CC,(Z)-3-methyl-3-hexene,0.6952,0.6377,0.633,0.314,0.112,0.1,221.9,245.6,162.1,187.0,99.68860536812176,115.16440556909193,91.26062385494431,106.66356030835652
C=C(C)C(C)(C)C,"2,3,3-trimethyl-1-butene",0.68652,0.6278,0.495,0.298,0.093,0.083,214.8,242.3,164.4,191.3,93.16564328552084,102.4380487794139,86.4147195711368,95.84933479832348
CC=CCC(C)C,(Z)-5-methyl-2-hexene,0.6827,0.6235,0.571,0.285,0.117,0.104,221.5,246.6,160.8,186.7,106.7111856518784,122.87245239300242,97.51795362243254,113.62130466591
CC(=O)OC(C)(C)OC(C)=O,"2,2-diacetoxypropane",,,,,,,,,,,,,,
CC1(C)CCCC1,"1,1-dimethylcyclopentane",0.73608,0.6776,0.693,0.354,0.104,0.094,193.32,220.2,140.8,169.2,89.0576458463323,103.77310944535348,81.4598258993365,96.36056557704404
CC1CCCC1C,"1,2-dimethylcyclopentane",0.7458,0.6878,0.63,0.31,0.11,0.099,193.5,219.9,143.6,170.5,95.04490802392743,111.50696586584712,87.39629904085831,103.80496126391571
CCC1CC1(C)C,"1-ethyl-2,2-dimethylcyclopropane",0.692,0.632,0.491,0.255,0.099,0.088,210.9,237.2,159.5,185.4,97.7591139076603,111.6329569304632,90.371417828288,104.15783271873664
C=CCCCCC,1-heptene,0.67896,0.6231,0.604,0.299,0.11691,0.1004,217.59,243.0,159.7,185.0,102.76267443510751,115.80012497467374,94.1992054649079,107.24903434053807
CC(C)C1(C)CC1,1-methyl-1-isopropylcyclopropane,0.7041,0.645,0.497,0.256,0.099,0.089,209.0,236.4,158.9,186.0,96.76570121338176,111.8361132122414,89.586062757108,104.54157103712448
CCCC(C)CC=O,(.+-.)-3-methylhexanal,0.8009,0.7457,0.961,0.483,0.142,0.13,247.4,270.1,,,102.70172947555076,119.89180636486267,,
CC(C)C1CC1C,1-isopropyl-2-methylcyclopropane,0.743,0.68,0.471,0.243,0.103,0.092,209.7,236.9,158.4,185.4,103.00640838061834,118.40272349045992,95.18965161806572,110.51362065348437
CCCCC(C(=O)O)C(=O)O,n-butylmalonic acid,,,,,,,,,201.0,230.0,,,,
CC1CCC(O)CC1,(.+-.)-4-methyl-1-cyclohexanol,0.936,0.877,2.564,1.06,0.129,0.121,,,158.7,187.0,,,65.40524276562863,83.86609787545822
CC1(C)CC1(C)C,"1,1,2,2-tetramethylcyclopropane",0.778,0.714,0.733,0.364,0.123,0.11,243.2,266.8,178.0,203.1,108.20561851132382,124.79994103238106,99.11089685179545,115.58117600036412
CCC=CC(C)C,(E)-2-methyl-3-hexene,0.782,0.718,0.575,0.32,0.132,0.119,243.6,266.4,177.0,202.0,121.9414748862748,136.8727182755555,111.4638406866102,126.62208380439296
CC1CCC(C)(O)C1,"1,3-dimethylcyclopentanol",0.8735,0.8202,2.061,0.89,0.117,0.11,,,161.7,189.8,,,63.341879876079645,80.27790260069946
CO/C(C)=C/C(C)C,(E)-2-methoxy-4-methyl-2-pentene,0.781,0.717,0.602,0.335,0.122,0.109,244.4,267.8,178.0,203.4,109.12268114886,121.7649449363586,99.81258578111245,112.6985386022632
C/C=C(/OC)C(C)C,(E)-3-methoxy-4-methyl-2-pentene,0.781,0.717,0.602,0.335,0.122,0.109,244.4,267.8,178.0,203.4,109.12268114886,121.7649449363586,99.81258578111245,112.6985386022632
CCC(C)CC(C)=O,(S)-4-methyl-2-hexanone,0.792,0.738,1.035,0.474,0.139,0.128,240.2,263.2,179.0,204.6,97.62408648971756,117.59843923404269,89.87302400614078,109.55517374191298
C/C=C\OC(C)(C)C,"(Z)-1-(1,1-dimethylethoxy)-1-propene",0.778,0.714,0.733,0.364,0.123,0.11,243.2,266.8,178.0,203.1,103.707090591635,119.6115226597165,94.99047184275082,110.77601750322292
CCC/C=C\CCO,(Z)-3-hepten-1-ol,0.8316,0.7799,2.285,0.859,0.145,0.135,,,179.0,204.0,,,73.24034095019393,95.04731968959396
C/C=C\OC(C)CC,(Z)-1-(1-methylpropoxy)-1-propene,0.782,0.718,0.575,0.32,0.132,0.119,243.6,266.4,177.0,202.0,116.87189405589922,131.18238765245712,106.82985581352352,121.357911878019
CC(C)C(=O)C(C)C,"2,4-dimethyl-3-pentanone",0.7885,0.733,0.634,0.382,0.133,0.121,240.79,264.2,178.0,205.6,109.47284214198493,121.06543149745931,100.55291032639413,112.81941795276984
C/C=C(\OC)C(C)C,(Z)-3-methoxy-4-methyl-2-pentene,0.781,0.717,0.602,0.335,0.122,0.109,244.4,267.8,178.0,203.4,109.12268114886,121.7649449363586,99.81258578111245,112.6985386022632
CC(O)C1CCCC1,.alpha.-methylcyclopentanemethanol,0.9031,0.8503,2.436,0.988,0.131,0.123,230.7,253.6,160.6,188.4,72.2453978491389,91.40105263158767,65.2470858416272,84.07062388302613
C=CCC(C)(O)CC,"1-hexen-4-ol, 4-methyl-",0.8069,0.7419,2.726,0.553,0.12,0.111,,,181.0,208.2,,,65.08022802395065,100.2544402901625
C=C(C)OCCCC,1-[(1-methylethenyl)oxy]butane,0.7703,0.71,0.558,0.338,0.124,0.112,249.4,271.0,180.0,204.6,111.54795481675144,122.20350506682844,101.77070818742222,112.9138341216644
O=C1OC(C(O)C(O)CO)C(O)C1O,"D-glycero-D-gulo-Heptonic acid, gamma-lactone",,,,,,,,,,,,,,
C=CCOC(C)(C)C,"1-propene, 3-(1,1-dimethylethoxy)-",0.7582,0.6953,0.659,0.331,0.119,0.106,239.6,264.2,179.0,205.2,103.40716158314304,118.71545291370605,95.26393887012937,110.56891392909354
CCC(=O)C(C)(C)C,"2,2-dimethyl-3-pentanone",0.7897,0.73,0.95,0.479,0.128,0.117,240.0,263.7,179.0,205.7,96.92829484657535,113.12642786531516,89.25338747134003,105.49177518997534
CC=COC(C)(C)C,1-tert-butoxy-1-propene,0.858,0.788,0.664,0.33,0.123,0.11,243.2,266.8,178.0,203.1,109.35382286756408,126.09577026326686,100.16259421355674,116.7812844712693
CC1CC(C)OC(C)O1,"(2.alpha.,4.alpha.,6.alpha.)-2,4,6-trimethyl-1,3-dioxane",0.991,0.918,0.928,0.534,0.139,0.126,267.3,290.0,173.0,202.1,108.83264918793031,121.22227060427176,96.29567073733892,109.51299633750271
CC[C@H](O)[C@@H](C)C(C)=O,"(R*,S*)-4-hydroxy-3-methyl-2-hexanone",0.9233,0.8682,4.874,1.302,0.152,0.142,,,196.0,224.0,,,61.62608066852881,88.32801233219311
CCC(C)CCC(=O)O,(S)-4-methylhexanoic acid,1.006,0.949,3.877,1.349,0.149,0.138,,,187.0,215.0,,,64.5505467373301,85.50262646714252
C/C=C/OC(C)CC,(E)-1-(1-methylpropoxy)-1-propene,0.8451,0.7815,0.757,0.397,0.123,0.111,258.7,285.3,184.0,214.0,104.38898402496764,119.5143754677924,94.8480243257776,110.2272956560185
CCC[C@@H](C)C(=O)OC,(S)-methyl 2-methylpentanoate,0.8607,0.7998,0.883,0.45,0.13,0.118,261.6,286.1,184.0,213.2,99.34931199473252,114.8741784099054,89.98634687512484,105.75277794031489
CCCC(O)/C=C\CO,"(Z)-2-heptene-1,4-diol",0.9595,0.911,10.422,2.634,0.166,0.155,,,196.0,223.0,,,51.1482775435045,74.3408746079233
CC(=O)OC(C)C(C)C,"1,2-dimethylpropyl ethanoate",0.851,0.7857,0.753,0.395,0.123,0.11,258.1,285.0,184.0,214.0,101.442887431731,115.42165009313536,92.2314189657296,106.4841121381798
CCC(C)(C)OC(C)=O,"1,1-dimethylpropyl acetate",0.8568,0.7918,0.98,0.455,0.118,0.107,243.0,278.4,185.0,214.0,89.77418217814909,107.88366181812972,83.14493917363028,100.18797962013277
CC1COC(C(C)C)O1,"1,3-cis-2-isopropyl-4-methyldioxolane",0.938,0.876,1.013,0.525,0.134,0.123,236.2,263.2,174.0,204.5,95.4012092910571,111.2598256857807,87.54205744690105,103.63584302297988
CC1(C)OCCCCO1,"1,3-dioxepane, 2,2-dimethyl-",0.953,0.896,2.518,1.027,0.136,0.126,233.5,259.6,171.0,200.5,72.65446637493861,91.18664404738745,66.55872936461256,84.79536190488919
CC1CC(C)OC(C)O1,"1,3-dioxane, 2,4,6-trimethyl-, (2.alpha.,4.alpha.,6.beta.)-",0.92,0.858,1.25,0.548,0.132,0.121,227.3,254.7,173.0,202.1,88.0004885408686,107.63977492158423,81.49595075341158,100.85853201076677
CC1CC(C)OC(C)O1,"1,3-dioxane, 2,4,6-trimethyl-, trans-2,4,trans-2,6-r-2,t-4,t-6-trimethyl-1,3-dioxane",0.9047,0.8378,0.995,0.573,0.138,0.125,266.3,289.1,173.0,202.1,103.4834561227446,115.19767349149808,91.65926797181788,104.16137015962283
CC[C@@H]1OCC[C@H](C)O1,"1,3-dioxane, 2-ethyl-4-methyl-, cis-",0.984,0.915,1.087,0.623,0.143,0.13,259.4,282.5,172.0,201.7,103.69189791076384,115.98972574154652,92.37388784702844,105.50226904047094
CC[C@H]1OC[C@H](C)CO1,"1,3-dioxane, 2-ethyl-5-methyl-, trans-",0.954,0.893,1.887,0.784,0.141,0.13,238.8,264.0,172.0,201.7,82.94718659429623,103.0406591106838,75.63359738972363,95.52679621201383
CCC1COC(C)OC1,"1,3-dioxane, 5-ethyl-2-methyl-, cis-",0.971,0.905,1.854,0.773,0.142,0.13,248.6,272.8,172.0,201.7,86.63646495961892,106.7493174461712,78.10887977079459,98.05637993779791
CCC1COC(C)OC1,"1,3-dioxane, 5-ethyl-2-methyl-, trans-",0.955,0.894,1.885,0.783,0.141,0.13,238.8,264.0,172.0,201.7,82.97193370594425,103.07766044478662,75.65616250803319,95.56109935926575
CC(C)C1(C)OCCO1,"1,3-dioxolane, 2-methyl-2-(1-methylethyl)-",0.912,0.85,1.404,0.706,0.134,0.122,253.0,283.0,175.0,205.1,88.73023218765194,103.8636394330784,79.99086966059244,94.87066665357716
CC(C)[C@H]1CO[C@@H](C)O1,"1,3-dioxolane, 2-methyl-4-(1-methylethyl)-, cis-",0.967,0.896,0.993,0.513,0.137,0.124,257.2,282.1,174.0,204.5,103.72074456180592,119.3223213960506,92.92293250249104,108.99870408481016
CCCC1(C)OCCO1,"1,3-dioxolane, 2-methyl-2-propyl-",0.9421,0.8831,1.804,0.725,0.135,0.124,209.0,250.0,175.0,204.1,77.69043367642828,99.3318356142252,73.90554067686641,93.82245094429126
CC1(O)CCCCC1,1-methylcyclohexanol,,,,,,,,,159.1,187.6,,,,
CC1CC(C)OC(C)O1,"(2.alpha.,4.alpha.,6.alpha.)-2,4,6-trimethyl-1,3-dioxane",0.967,0.896,0.993,0.513,0.137,0.124,257.2,282.1,174.0,204.5,103.72074456180592,119.3223213960506,92.92293250249104,108.99870408481016
CCCCOC(=O)C(C)O,butyl lactate,0.9642,0.904,2.199,0.896,0.145,0.135,,,201.0,232.0,,,74.47573992278133,94.82371279068734
CC(C)(C)OOCC1CO1,"2,3-epoxy-1-(1,1-dimethylethylperoxy)propane",1.009,0.943,1.606,0.626,0.144,0.132,267.6,291.3,206.0,233.0,90.04228561044586,112.91583965760036,83.6537698320735,106.0408281042888
CC(=O)OC(C)(C)C(C)O,"2-butanol, 3-acetoxy-3-methyl-",0.982,0.922,4.379,1.323,0.133,0.123,317.0,338.4,202.0,234.0,65.48674070616089,88.30001581633242,57.690027472017,79.59621993742256
CCCOCCOC(C)=O,2-Propoxyethyl acetate,0.989,0.926,1.244,0.583,0.152,0.14,289.7,309.8,200.0,228.0,101.51650989882307,120.6850318754984,91.46823619042075,110.71316858236416
CCCCOC(C)C(=O)O,2-butoxypropanoic acid,0.9662,0.9097,5.278,1.638,0.162,0.15,,,203.0,230.0,,,62.10344944119865,84.5850506519061
CC1(C)OCC(CCO)O1,"4-(2-Hydroxyethyl)-2,2-dimethyl-1,3-dioxolane",1.125,1.062,6.222,1.977,0.151,0.14,,,193.0,223.0,,,57.3057294703522,78.03802222751145
CC(C)COC(=O)C(C)O,R-(+)-isobutyl lactate,0.981,0.9668,3.058,0.931,0.139,0.129,,,201.0,233.0,,,43.8608447942159,60.54931968855784
CCCCOC(=O)CCO,butyl 3-hydroxypropanoate,0.9867,0.9303,3.953,1.301,0.154,0.143,,,202.0,231.0,,,64.83415245455313,87.26311766171561
CCCOC(=O)OCCC,"carbonic acid, dipropyl ester",0.981,0.916,1.131,0.535,0.151,0.138,286.9,307.5,200.0,228.0,104.4099501065409,123.1874872165116,94.33264738151183,113.2459910390338
COC1OC(CO)C(O)C(O)C1O,.alpha.-methyl-D-mannopyranoside,,,,,,,,,244.0,275.0,,,,
COC1OC(CO)C(O)C(O)C1O,".beta.-D-Glucopyranoside, methyl",,,,,,,,,244.0,275.0,,,,
CC(C)[C@H]1CO[C@@H](O)OC1,"cis-2-hydroxy-5-(1-methylethyl)-1,3-dioxane",1.162,1.097,10.327,2.644,0.157,0.146,,,190.0,221.0,,,51.32939150928944,74.57725287779787
CCOC1OCCC(C)O1,"cis-2-ethoxy-4-methyl-1,3-dioxane",1.052,0.985,1.616,0.772,0.156,0.144,265.6,288.5,189.0,217.0,95.40966041301742,113.49070490421047,86.70131796244901,104.75322399506862
COC1OC(C)CC(C)O1,"cis-4,6-dimethyl-2-methoxy-1,3-dioxane",1.044,0.977,1.427,0.686,0.151,0.139,262.4,285.9,189.0,217.0,96.19194195162557,114.09134596015792,87.71075965836316,105.57614128067333
CO[C@H]1CCC[C@@H](CO)O1,cis-6-hydroxymethyl-2-methoxytetrahydropyran,1.122,1.064,8.378,2.444,0.16,0.15,,,190.0,219.0,,,53.44479166269788,75.096760077044
COC1OC(CO)C(O)C(O)C1O,methyl .alpha.-D-galactopyranoside,,,,,,,,,244.0,275.0,,,,
COC1OC(CO)C(O)C(O)C1O,methyl .alpha.-D-glucoside,,,,,,,,,244.0,275.0,,,,
C[C@@H](O)C(=O)OC(C)(C)C,"propanoic acid, 2-hydroxy-, 1,1-dimethylethyl ester, (S)-",0.9679,0.9079,3.719,1.157,0.131,0.121,,,202.0,234.0,,,59.74882096724575,81.68731017767837
COC1OC(CO)C(O)C(O)C1O,methyl .beta.-D-galactopyranoside,,,,,,,,,244.0,275.0,,,,
CC(C)[C@H]1CO[C@H](O)OC1,"trans-2-hydroxy-5-(1-methylethyl)-1,3-dioxane",1.162,1.097,10.327,2.644,0.157,0.146,,,190.0,221.0,,,51.32939150928944,74.57725287779787
CCOCCC(=O)OCC,ethyl 4-oxahexanoate,0.9286,0.8688,0.991,0.529,0.151,0.139,284.0,304.9,200.0,228.0,105.54988431673031,121.05263280396736,95.635481854527,111.54955149051185
CCOC1OCCC(C)O1,"trans-2-ethoxy-4-methyl-1,3-dioxane",1.052,0.985,1.616,0.772,0.156,0.144,265.6,288.5,189.0,217.0,95.40966041301742,113.49070490421047,86.70131796244901,104.75322399506862
CCCC(=O)OCC(O)CO,glycerol .alpha.-monobutyrate,1.016,0.967,25.591,5.688,0.188,0.173,,,219.0,250.0,,,42.25629689747839,63.071960640019384
COCCOC(=O)OCCOC,"ethanol, 2-methoxy-, carbonate (2:1)",1.2,1.136,2.5,1.056,0.187,0.173,344.0,359.0,233.0,258.0,96.53416437559426,117.7308436126494,86.51359761445272,107.28297567772518
CO[C@H]1[C@H](O)[C@H](O)[C@@H](O)[C@@H](O)[C@@H]1O,D-pinitol,1.48,1.42,67.568,16.197,0.224,0.209,,,246.0,277.0,,,37.92392881620973,55.75334576213884
CC[C@@H](C)C(C)C,"2,3-dimethylpentane",0.67795,0.6245,0.473,0.312,0.1011,0.0803,224.58,252.1,168.7,198.6,98.25269206549486,96.69485677767256,90.65489250190574,90.41958186633718
CC(C)CC(C)C,"2,4-dimethylpentane",0.65557,0.6001,0.441,0.268,0.0996,0.091,231.54,262.3,178.5,207.8,101.04088524003056,112.82260406957352,93.9103960209449,105.66760198122272
C[C@@H](O)C(=O)OC(C)(C)C,"propanoic acid, 2-hydroxy-, 1,1-dimethylethyl ester, (S)-",0.66672,0.6127,0.495,0.314,0.1274,0.11268,230.3,256.8,,,104.03794614719244,111.62995546852864,,
CCC[C@H](C)CC,3-methylhexane,0.67056,0.6199,0.446,0.281,0.1067,0.0911,225.3,254.8,170.9,199.5,102.37496813188945,107.7275669886,94.7179736924662,100.56269217488295
COC1OC(CO)C(O)C(O)C1O,methyl .alpha.-D-galactopyranoside,0.68058,0.6237,0.441,0.273,0.1103,0.1019,226.0,254.7,172.7,199.7,90.28830966579112,100.94865770629195,83.70880711026741,94.27161691606383
CCC[C@H](C)CC,(S)-(+)-3-methylhexane,0.6695,0.6123,0.612,0.307,0.112,0.099,232.0,259.0,173.0,200.3,101.17727026524815,115.95876546437808,93.16087453157122,107.87112559667688
CC[C@@H](C)C(C)C,"(S)-2,3-dimethylpentane",0.6816,0.6243,0.572,0.288,0.107,0.095,226.1,254.9,172.0,201.3,99.1179083409526,114.15618467863476,91.77862196815168,106.82154733683728
COC1OC(CO)C(O)C(O)C1O,".beta.-D-Glucopyranoside, methyl",0.65663,0.60168,0.468,0.329,0.09378,0.0799,228.31,259.2,174.4,204.1,78.47903977886142,80.04124641615296,72.75245310794308,74.83713542177519
COC1OC(CO)C(O)C(O)C1O,.alpha.-methyl-D-mannopyranoside,0.67332,0.6212,0.668,0.375,0.0912,0.0788,220.09,248.8,170.9,200.3,67.86372894031227,74.39379065692627,63.20254903734951,69.99174617392288
COC1OC(C)CC(C)O1,"cis-4,6-dimethyl-2-methoxy-1,3-dioxane",0.66109,0.6046,0.467,0.303,0.1041,0.08,229.28,258.6,171.7,199.9,92.50850569430736,89.44190191487314,85.28085490566329,83.19309121822427
CO[C@H]1CCC[C@@H](CO)O1,cis-6-hydroxymethyl-2-methoxytetrahydropyran,0.67512,0.613,0.518,0.343,0.09595,0.0821,221.65,251.79,173.4,202.9,86.20752200183792,89.70700915110643,80.45505527190511,84.4214278912946
CC[C@H](C)C(C)C,"pentane, 2,3-dimethyl-, (R)-",0.6821,0.624,0.557,0.282,0.106,0.095,226.1,255.0,172.0,201.3,99.57759211284662,115.2957362467258,92.20426798744045,107.87597850199928
CCC[C@H](O)C(C)C,(R)-2-methyl-3-hexanol,0.824,0.768,5.704,1.016,0.125,0.116,,,190.0,220.0,,,52.67129209784224,84.51521741713088
CCC(C)(CC)OC,(1-ethyl-1-methylpropyl) methyl ether,0.761,0.701,0.828,0.414,0.117,0.106,251.7,277.1,189.0,217.0,95.38608069231844,110.9410047901768,88.0005246665549,103.56775525694448
CCCC(CC)OC,(1-ethylbutyl) methyl ether,0.76,0.7,0.645,0.357,0.127,0.114,250.8,275.9,189.0,216.0,108.4323155556598,121.72189687727304,100.13746729026168,113.62322151723484
CCC[C@@](C)(O)CC,(R)-3-methyl-3-hexanol,0.9,0.835,4.778,1.066,0.125,0.115,,,191.0,220.0,,,57.818106292349775,86.41135745844778
CCC[C@H](C)CC,(S)-(+)-3-methylhexane,0.8082,0.76178,4.495,1.181,0.1541,0.14,,,183.4,212.9,,,64.09957452897015,90.86866728935024
CC[C@@H](O)CC(C)C,(R)-5-methyl-3-hexanol,0.809,0.754,6.057,1.048,0.124,0.116,,,190.0,220.0,,,51.23065237724917,83.35760282821813
CCCCC[C@@H](C)O,(S)-2-heptanol,0.85,0.791,3.647,0.923,0.132,0.122,,,190.0,219.0,,,63.03726716734959,91.24782814536336
COC(C(O)C=O)C(O)C(O)CO,3-O-methylglucose,,,,,,,,,,,,,,
CCCC[C@@H](C)CO,(S)-2-methyl-1-hexanol,0.848,0.793,6.958,1.337,0.132,0.123,287.4,308.0,190.0,219.0,57.89770259643804,89.2455856742615,51.535013290744224,81.08198212758062
CCC(O)C(C)(C)C,"2,2-dimethyl-3-pentanol",0.8094,0.752,4.324,0.838,0.114,0.106,,,190.0,221.0,,,53.66332037335852,84.31359531481688
CCC[C@H](C)CC,3-methylhexane,0.832,0.775,7.452,1.239,0.127,0.118,,,190.0,220.0,,,51.77620732802941,84.7788662376252
CC[C@@H](C)CCCO,(S)-4-methyl-1-hexanol,0.855,0.801,7.953,1.486,0.133,0.124,291.0,310.9,190.0,219.0,55.97158888506433,86.9178973967998,49.64641870625777,78.75931536869248
CC(C)(C)C(C)(C)O,"2,3,3-trimethyl-2-butanol",0.8192,0.75665,2.93,0.74,0.105,0.098,,,191.0,222.0,,,57.901748869110115,84.65380766028872
CCC(CC)CC,3-ethylpentane,0.74707,0.6866,0.75,0.379,0.116,0.104,256.1,283.9,189.0,217.0,102.34341354203625,118.01824074172566,93.95999594026004,109.42582628151058
CC(C)C(C)(C)CO,"2,2,3-trimethyl-1-butanol",0.829,0.7729,5.308,1.113,0.117,0.109,,,190.0,221.0,,,51.278831184668235,78.91135447755161
CC(C)OC(C)(C)C,"1-methylethyl 1,1-dimethylethyl ether",0.7213,0.6561,0.539,0.338,0.11,0.097,252.1,279.7,188.1,213.9,105.44419059510838,113.1020251368092,97.10593720714148,104.8827543939316
CCC(C)OC(C)C,1-methylethyl 1-methylpropyl ether,0.7249,0.6614,0.552,0.321,0.12,0.106,254.1,281.3,188.0,217.0,110.91940322212412,121.60138416225666,101.90613138974574,113.04027253821586
CC[C@H](C)C(C)C,"pentane, 2,3-dimethyl-, (R)-",0.815,0.7598,6.135,1.263,0.118,0.109,,,190.0,221.0,,,51.40745199529157,79.03410469001253
CCC(C)(C)CC,"3,3-dimethylpentane",0.7187,0.6595,0.807,0.409,0.117,0.104,253.1,278.9,189.0,217.0,99.94422329021818,114.25592345251702,92.06198237191524,106.46826596766978
CCCCCC(O)CO,"1,2-heptanediol",0.986,0.934,25.355,4.39,0.16,0.149,,,207.0,237.0,,,39.99751482558265,64.65066918134644
CCOC(CC)OCC,"1,1-diethoxypropane",0.855,0.785,0.865,0.471,0.141,0.127,282.5,305.0,205.0,231.0,112.08812054483288,126.05017390353802,102.41992598455008,116.57192127019611
CCC(C)C(OC)OC,"1,1-dimethoxy-2-methylbutane",0.8304,0.7711,1.012,0.532,0.137,0.125,272.1,296.3,204.0,232.0,99.20968943760076,114.00123485903232,91.48795444549204,106.41998961776048
CCCCC(O)CCO,"1,3-heptanediol",0.967,0.918,26.887,4.575,0.158,0.147,,,207.0,237.0,,,38.34246892448909,62.2375792354134
CCOCCCOCC,"1,3-diethoxypropane",0.8176,0.7601,0.807,0.566,0.148,0.135,289.2,304.0,205.0,230.0,112.71821053312286,118.2310084052263,102.31878349213618,109.30828864617186
CCC(C)C(CO)CO,"1,3-propanediol, 2-sec-butyl-",0.982,0.934,69.246,8.565,0.155,0.145,,,207.0,238.0,,,28.81408650544278,51.423792837889266
CCCC(O)CCCO,"1,4-heptanediol",0.938,0.8899,31.983,5.281,0.161,0.15,,,207.0,237.0,,,36.819910413685754,60.33394489855896
CCCC(C)(C)CO,"2,2-dimethyl-1-pentanol",0.8202,0.7643,5.608,1.073,0.12,0.112,,,191.0,220.0,,,51.443304922460186,81.11386523699733
CC(C)(CO)CCCO,"1,5-dihydroxy-2,2-dimethylpentane",1.04,0.98,75.0,8.469,0.148,0.138,,,208.0,238.0,,,29.058848247246143,53.0100040999407
CCC(O)CCCCO,"1,5-heptanediol",0.9537,0.905,45.088,6.961,0.168,0.155,,,207.0,237.0,,,34.588175755457414,57.35447913409667
CC(O)CCCCCO,"1,6-heptanediol",0.9505,0.9019,31.562,5.211,0.16,0.149,,,207.0,237.0,,,36.89947326330485,60.44598209183741
COCCCCCOC,"1,5-dimethoxypentane",0.8391,0.7832,0.894,0.6,0.149,0.137,283.2,301.0,205.0,230.0,108.53738958401802,116.28821233661849,99.10644599024404,107.81246589107172
C[C@H](CO)C[C@H](C)CO,"1,5-pentanediol, 2,4-dimethyl-, (R*,R*)-(.+-.)-",0.969,0.92,46.44,6.196,0.153,0.143,330.0,347.6,207.0,238.0,36.63126812367181,62.39903011515146,32.127463620413025,56.09229362032165
CCOC(C)(C)OCC,"2,2-diethoxypropane",0.823,0.745,0.571,0.373,0.131,0.114,304.4,327.0,205.0,232.0,125.80016386886696,130.93784515867492,112.56013062763348,118.88708448148552
CCCCOCC(C)O,1-butoxy-2-propanol,0.86139,0.8058,2.171,0.757,0.144,0.134,,,206.0,234.0,,,75.33069961801093,99.7216384428445
CC(O)COC(C)(C)C,"1-(1,1-dimethylethoxy)-2-propanol",0.864,0.805,2.894,0.609,0.127,0.119,284.7,309.3,206.0,236.0,70.7041550648182,107.07009099061268,64.55302393730352,99.2257629023732
CCCCOCCOC,1-butoxy-2-methoxyethane,0.8278,0.7691,1.015,0.572,0.151,0.137,283.6,306.0,205.0,230.0,107.24495377750686,120.0487870834839,97.88743891752462,110.78434122139352
CCOCCCOCC,"1,3-diethoxypropane",,,,,,,,,225.0,257.0,,,,
CCOCCOC(C)C,1-ethoxy-2-(1-methylethoxy)ethane,0.8067,0.7449,1.016,0.537,0.143,0.129,287.1,308.7,205.0,231.0,104.96668404381896,119.0286869563225,95.47795355042274,109.70566109113138
CCCOCCOCC,1-ethoxy-2-propoxyethane,0.8185,0.7563,0.892,0.529,0.149,0.134,282.8,307.0,205.0,230.0,111.87333945116492,122.87634111832584,102.19315482335224,113.28966332745055
CCOCC(C)(C)C,"2,2-dimethylpropyl ethyl ether",0.8241,0.7655,0.849,0.562,0.15,0.137,283.4,306.0,205.0,230.0,116.30117294020144,125.04393926129012,106.17453783387973,115.39400581495616
CCCCC(O)CCO,"1,3-heptanediol",1.062,1.006,6.026,1.988,0.166,0.155,,,240.0,270.0,,,65.49212412964799,88.03505811462351
COCCOCCOCCO,2-[2-(2-methoxyethoxy)ethoxy]ethanol,1.0306,0.9778,3.949,1.37,0.187,0.174,372.0,383.0,239.0,264.0,84.11476281951498,108.4613056411158,74.27143674627821,97.68282199576244
CCOCOCOCOCC,"3,5,7,9-tetraoxaundecane",1.045,0.978,1.464,0.798,0.183,0.168,336.0,351.3,237.0,261.0,113.76582365293211,128.4965046984116,103.1262644173827,118.19334546343914
CCC(O)OOC(C)(C)C,"1-[(1,1-dimethylethyl)dioxy]-1-propanol",1.026,0.969,4.386,1.548,0.15,0.14,,,222.0,251.0,,,63.39344838563294,83.70285449911746
CCOC(OCC)OCC,ethyl orthomethanoate,0.8771,0.8138,1.3,0.651,0.158,0.144,296.2,325.0,221.0,246.0,103.48064515339011,120.70555269672114,95.29712496246518,111.61035902332408
CCCCOCC(O)CO,"3-butoxypropane-1,2-diol",1.071,1.017,7.003,2.163,0.178,0.165,,,224.0,252.0,,,62.05694158888712,84.534785199179
CCOCCOCCOC,1-ethoxy-2-(2-methoxyethoxy)ethane,0.97,0.905,1.196,0.663,0.168,0.153,317.0,333.3,221.0,245.0,113.69184192036488,127.273175983731,102.7209148556774,116.71743300855736
CCC(O)C(C)(O)C(C)O,"3-methyl-2,3,4-hexanetriol",1.076,1.021,40.892,6.562,0.16,0.148,,,225.0,258.0,,,35.214776380529216,57.89382676104529
COCC(C)(CO)COC,3-methoxy-2-(methoxymethyl)-2-methyl-1-propanol,1.024,0.965,5.566,1.762,0.155,0.144,346.0,361.7,223.0,250.0,69.43807476747034,92.1642670311424,61.36683463740354,83.06913008568262
CC(C)OCCOCCO,diethylene glycol isopropyl ether,0.9456,0.8926,3.807,1.367,0.161,0.15,,,222.0,249.0,,,68.00494482698664,89.04295990942846
COCC(C)OCC(C)O,dipropylene glycol monomethyl ether,0.9382,0.8827,2.984,1.303,0.158,0.146,,,222.0,250.0,,,72.78760899503902,89.77211948301783
OCCCCCCCO,"1,7-heptanediol",,,,,,,,,208.0,236.0,,,,
O=c1cccccc1,"2,4,6-cycloheptatriene-1-one",1.077,1.025,1.458,0.673,0.164,0.155,159.1,178.2,117.3,138.2,89.81099930496036,110.66429328474364,82.43150668819838,103.02724612913563
O=Cc1ccccc1,benzaldehyde,1.0282,0.9722,1.101,0.576,0.16,0.149,175.62,191.27,117.0,137.7,100.243193503295,117.05753221115444,89.42046380339774,106.72206511361172
O=CC=Cc1ccco1,.beta.-(2-furyl)acrolein,,,,,,,,,134.5,155.0,,,,
O=c1cccccc1O,"2-hydroxy-2,4,6-cycloheptatrien-1-one",,,,,,,,,137.8,159.8,,,,
CCOC(OCC)OCC,ethyl orthomethanoate,1.1345,1.08,17.717,2.593,0.176,0.166,,,140.0,160.9,,,41.64633159371596,71.29948470237564
C#CC#CC1CC1,"4-cyclopropyl-1,3-butadiyne",0.9054,0.843,1.436,0.652,0.111,0.101,340.0,333.3,127.7,143.9,92.97466067102177,107.87604061274207,70.58803332126219,85.17534978016413
CCCOCCOCCO,propyl carbitol,0.9497,0.8951,2.948,1.24,0.166,0.155,332.7,362.0,222.0,248.0,84.40810517480858,104.97688643129048,75.3285816071734,94.38179322864542
O=Cc1cccc(O)c1,3-hydroxybenzaldehyde,,,,,,,,,140.0,160.9,,,,
CCC(O)C(C)(O)C(C)O,"3-methyl-2,3,4-hexanetriol",,,,,,,,,140.0,160.9,,,,
C=C=C1C=CC=C1,"5-ethenylidene-1,3-cyclopentadiene",0.846,0.783,0.461,0.23,0.252,0.229,157.3,174.3,110.2,127.5,186.24724667808655,217.62022204224075,168.5061492496765,199.29771024359965
c1ccc2c(c1)C2,"bicyclo[4.1.0]hepta-1,3,5-triene",1.023,0.964,0.674,0.332,0.124,0.116,163.9,179.2,105.9,124.5,99.8504308996527,119.10844157273792,88.30638721983308,107.51020747933389
C#CC1(C#C)CC1,"cyclopropane, 1,1-diethynyl-",0.865,0.804,0.705,0.398,0.0465,0.0424,186.3,201.9,132.9,150.1,50.984137173152774,57.318780081021416,46.36302615580131,52.73245381031831
C#CC#CCC=C,"hept-1-en-4,6-diyne",0.75,0.705,0.773,0.383,0.094,0.0865,155.7,172.7,132.4,147.7,71.91005819642129,84.9741350577871,68.70462028674,81.3173376738779
COCCCOCC(C)O,1-(3-methoxypropoxy)-2-propanol,,,,,,,,,,,,,,
CC1=CC(=O)C=CC1=O,methylquinone,,,,,,,,,135.2,157.1,,,,
O=C(O)c1ccc(O)cc1O,"2,4-dihydroxybenzoic acid",,,,,,,,,170.3,193.5,,,,
O=C(O)c1ccccc1,benzoic acid,,,,,,,,,129.4,150.3,,,,
O=C(O)c1c(O)cccc1O,"benzoic acid, 2,6-dihydroxy-",,,,,,,,,170.3,193.5,,,,
O=C(O)c1cccc(O)c1,3-hydroxybenzoic acid,,,,,,,,,149.9,171.9,,,,
O=C(O)c1ccc(O)cc1,4-hydroxybenzoic acid,,,,,,,,,149.9,171.9,,,,
c1ccc2c(c1)OCO2,benzodioxole,1.279,1.207,2.189,0.82,0.151,0.141,200.1,215.4,121.9,143.6,84.82384662153142,108.66445658282214,73.78532583635115,96.95116706178712
O=C(O)C=Cc1ccco1,furan-2-acrylic acid,,,,,,,,,144.4,166.0,,,,
O=COc1ccccc1,phenyl formate,1.095,1.036,1.352,0.618,0.159,0.149,187.8,203.9,135.6,154.7,93.63140411483649,113.98129216080088,85.43495951704537,105.462517874548
O=C(O)/C=C/c1ccoc1,3-furanacrylic acid,,,,,,,,,144.4,166.0,,,,
O=Cc1ccc(O)c(O)c1,"benzaldehyde, 3,4-dihydroxy-",1.2,1.161,150.0,17.227,0.198,0.19,,,160.5,182.5,,,23.977037035081633,44.361300307161365
C#CCCCC#C,"1,6-heptadiyne",0.7882,0.7359,1.269,0.584,0.0573,0.0526,187.3,204.6,146.7,164.4,47.8593527446658,57.39291002132614,44.68057311184403,53.96767047520629
C1=CC=CCC=C1,"1,3,5-cycloheptatriene",0.8718,0.8112,0.941,0.505,0.14,0.128,167.14,186.2,111.8,133.5,99.86630229868832,114.9942749307988,89.18527035973162,104.71980292741704
C=C1C=CC=CC1,"1,3-cyclohexadiene, 5-methylene-",0.821,0.76,0.572,0.283,0.122,0.111,164.7,185.0,115.5,136.5,103.82117648915212,122.16877996564408,93.95812654004038,112.15474298358858
C=C1C=CCC=C1,"1,4-cyclohexadiene, 3-methylene-",0.838,0.782,0.74,0.345,0.125,0.115,167.3,186.6,115.5,136.5,96.35505203568366,115.98803984607645,86.81792350483731,106.22300414426525
C#CCCC#CC,"1,5-heptadiyne",0.7829,0.725,0.984,0.455,0.094,0.0856,201.0,216.0,142.3,159.2,77.01821421544116,91.28492340121834,69.8877296036475,83.77680603703455
O=C(O)c1cc(O)ccc1O,"benzoic acid, 2,5-dihydroxy-",,,,,,,,,170.3,193.5,,,,
O=C(O)c1ccccc1O,2-hydroxybenzoic acid,,,,,,,,,149.9,171.9,,,,
C#CC1=CCCC1,1-ethynyl-1-cyclopentene,0.8417,0.7875,0.915,0.483,0.086,0.0795,169.9,188.5,122.0,142.1,69.04132641822211,80.41259126649682,62.899725380175674,74.2683349499627
C=CC#CC(=C)C,"2-methyl-1,5-hexadien-3-yne",0.745,0.696,0.711,0.328,0.119,0.109,182.5,200.1,136.7,155.1,92.83581005419458,111.19404307082716,85.58821509129776,103.5046388551733
O=CC=Cc1ccco1,3-(2-furyl)-2-propenal,,,,,,,,,,,,,,
O=C(O)c1cccc(O)c1O,"2,3-dihydroxybenzoic acid",,,,,,,,,170.3,193.5,,,,
O=C(O)c1ccc(O)c(O)c1,"3,4-dihydroxybenzoic acid",,,,,,,,,170.3,193.5,,,,
C#CC(C)(C)C#C,"3,3-dimethylpenta-1,4-diyne",0.7354,0.6799,1.645,0.735,0.046,0.0416,228.5,243.3,147.0,166.5,40.855105590047984,48.52355219437483,36.08760115504494,43.61286689555616
[2H]C([2H])([2H])c1ccccc1,toluene,0.84812,0.7899,0.549,0.34,0.12628,0.1094,161.2,180.8,,,105.61837929506564,112.59183672741564,,
O=C(O)c1cc(O)cc(O)c1,"3,5-dihydroxybenzoic acid",,,,,,,,,170.3,193.5,,,,
C#CC1C=CCC1,3-ethynylcyclopentene,0.7833,0.7254,0.728,0.414,0.09,0.0821,173.5,192.7,121.2,141.6,77.95758995033107,88.09685078387096,70.47462083434345,80.78249282557563
C1=CC2C=CC1C2,bicyclo[2.2.1]heptadiene,0.8857,0.82,0.44,0.217,0.13155,0.1122,166.4,188.6,111.6,134.8,120.832670031017,136.20097140655938,107.98958709921676,123.9230502890526
O=C(O)c1cc(O)c(O)c(O)c1,"3,4,5-trihydroxybenzoic acid",,,,,,,,,191.0,215.2,,,,
Cc1ccc(O)cc1,4-methylphenol,1.0181,0.9701,6.63,1.278,0.153,0.145,228.1,248.0,130.9,153.2,60.057253485712366,94.00396251451768,51.37122797053448,82.09187846358499
OCc1ccccc1,benzyl alcohol,1.03047,0.9822,3.552,1.11,0.152,0.141,221.4,231.3,132.5,154.0,70.76288328440208,94.1458413017695,61.24722032791865,83.96689890910581
C=C1C=CCC=C1,"1,4-cyclohexadiene, 3-methylene-",0.9497,0.895,11.056,2.011,0.0687,0.0647,,,163.8,183.7,,,28.923074871987517,46.21067136265367
COc1ccccc1,methoxybenzene,0.97525,0.91813,0.812,0.463,0.146,0.135,195.2,211.4,131.1,151.0,105.36696407401593,119.29580919847729,94.20503876979264,108.52239530957708
C#CCCC#COC,"1-methoxy-1,5-hexadiyne",0.8923,0.8312,1.569,0.722,0.117,0.107,274.6,280.8,158.3,174.6,83.76102550680852,98.33424636989366,71.73804007484999,86.03154713670627
C/C=C/c1ccco1,2-(1-propenyl)furan,0.9265,0.8656,0.95,0.416,0.143,0.132,193.1,211.1,130.0,151.4,100.82203214227796,123.12396807696618,90.20220584545996,112.13300797326475
Cc1ccccc1O,2-methylphenol,1.0287,0.9766,4.083,1.024,0.151,0.143,235.4,247.4,133.0,155.0,70.39527818777395,101.29735531714536,59.950642152401734,88.81270123404808
COc1ccccc1O,2-methoxyphenol,1.1143,1.0556,7.808,1.8,0.148,0.14,,,151.6,172.7,,,50.81991047194301,76.53709257815869
Cc1cccc(O)c1,3-methylphenol,1.018,0.96856,2.937,1.858,0.153,0.145,229.4,248.4,130.7,153.3,76.2678034220025,85.35691845991397,65.1050435980353,74.52047137683631
Cc1cc(=O)cc(C)o1,"2,6-dimethyl-4-pyrone",,,,,,,,,146.2,169.2,,,,
O=C1CC2C=CC1C2,"bicyclo[2.2.1]hept-5-en-2-one, (1S)-",1.166,1.097,0.626,0.301,0.1472,0.14,184.5,203.4,117.2,140.5,118.36892407900318,144.19643515264568,104.18429523168734,129.94415579392788
Cc1ccccc1O,tricresol,1.0234,0.9695,4.495,1.392,0.156,0.147,226.9,249.1,135.5,157.3,70.0847675729026,95.87089672077124,60.6236272233082,84.24160830976903
COc1ccc(O)cc1,4-methoxyphenol,,,,,,,,,151.6,172.7,,,,
Cc1ccc(O)c(O)c1,"1,2-dihydroxy-4-methylbenzene",1.1555,1.1039,13.847,3.442,0.185,0.175,276.0,286.0,156.0,178.9,57.96137979165904,83.21475517648443,49.36702318443303,72.92624690191344
Cc1ccc(O)cc1O,"1,3-benzenediol, 4-methyl-",,,,,,,,,156.0,178.9,,,,
Cc1c(O)cccc1O,"2,6-dihydroxytoluene",,,,,,,,,156.0,178.9,,,,
CCc1occc(=O)c1O,"4H-pyran-4-one, 2-ethyl-3-hydroxy-",,,,,,,,,163.6,187.6,,,,
COc1cccc(O)c1,3-methoxyphenol,1.1251,1.069,15.11,3.087,0.157,0.147,282.0,288.8,151.6,172.7,51.771885026079886,77.71112950674008,43.47800310116273,67.24617193352675
Cc1ccccc1C,"1,2-dimethylbenzene",0.86295,0.81093,0.75,0.432,0.12578,0.112,192.66,213.84,138.2,160.7,94.42798961146848,104.47639955534288,86.00303774627818,96.40874807256736
Cc1cccc(O)c1O,3-methylcatechol,1.176,1.123,13.605,3.384,0.183,0.174,267.0,279.0,156.0,178.9,57.69262261286809,83.31648034992875,49.59850811283581,73.52613572784742
C1C2C3C2C2C1C32,"tetracyclo[3.2.0.0(2,7).0(4,6)]heptane",,,,,,,,,110.8,132.2,,,,
C1=CC=CCCC=C1,"1,3,5-cyclooctatriene",0.8844,0.8272,1.515,0.762,0.145,0.133,195.6,217.8,133.6,159.1,88.51904371590543,104.0311663421559,79.51773711427091,95.2352242522713
C1=C\C/C=C\C\C=C/1,"1,3,6-cyclooctatriene",0.8803,0.8222,1.465,0.742,0.144,0.133,200.7,222.3,133.6,159.1,89.95563313066752,105.88109307051842,80.22526223695644,96.37273114415676
OCc1ccc(O)cc1,"benzyl alcohol, 4-hydroxy-",1.141,1.091,21.034,4.675,0.155,0.147,,,152.9,175.6,,,38.092302284329854,58.20175387759038
Cc1cccc(C)c1,"1,3-dimethylbenzene",0.84705,0.7949,0.585,0.363,0.12591,0.1111,186.86,209.31,132.0,155.8,100.54201089736776,108.50477803177844,91.17745510630388,99.8573109413598
Cc1cc(O)cc(O)c1,"5-methyl-1,3-benzenediol",,,,,,,,,156.0,178.9,,,,
COc1cccc(O)c1O,"1,2-benzenediol, 3-methoxy-",1.249,1.196,26.421,5.351,0.16,0.151,,,172.0,194.3,,,37.117569961841234,57.74149918341923
Cc1cc(O)ccc1O,p-toluhydroquinol,,,,,,,,,156.0,178.9,,,,
CC(=O)OCc1ccco1,furfuryl ethanoate,1.25,1.175,1.2,0.545,0.155,0.144,238.9,256.5,153.3,178.0,104.6994782901865,126.49625604840271,92.41560753003478,114.1417538325406
Cc1ccc(C)cc1,"1,4-dimethylbenzene",0.84366,0.7895,0.604,0.37,0.12344,0.109,187.36,209.84,132.4,156.8,99.35861494769564,107.66841029757047,90.11324174694629,99.19550084745048
C=C/C=C\C=C/C=C,"1,3,5,7-octatetraene, (E,E)-",0.822,0.765,0.56,0.366,0.147,0.134,245.3,262.1,151.7,175.6,125.93000978682004,135.29426965036942,110.0065540593221,120.87858699175372
C=C/C=C/C=C/C=C,"1,3,5,7-octatetraene",0.778,0.724,0.835,0.373,0.139,0.127,213.2,233.7,153.8,176.8,102.35724283089247,123.48157029894756,93.3730524687049,114.16032798453612
CC1=CC=CCC=C1,"1,3,5-cycloheptatriene, 3-methyl-",0.918,0.858,1.59,0.641,0.135,0.125,213.5,233.0,136.9,161.8,86.17186292917123,107.89598233102072,76.0459602939419,97.37639888732936
CC#CCCC#CC,"2,6-octadiyne",0.821,0.777,1.084,0.438,0.13,0.122,183.1,204.3,162.0,182.0,81.98395451506764,104.23076274131084,79.20839351380708,100.89636165639284
C#CC#CCCCC,"1,3-octadiyne",0.799,0.745,1.289,0.564,0.096,0.0877,222.6,241.0,166.5,187.1,70.27800508508277,84.97218733926469,64.76560438877281,79.13156597306879
CC(C)=C1C=CC=C1,"6,6'-dimethylfulvene",0.8653,0.812,1.098,0.443,0.122,0.113,205.7,226.2,141.1,165.5,85.10999903640648,106.79607336062786,76.5472738397317,97.81025548981935
COCc1ccccc1,(methoxymethyl)benzene,0.9469,0.891,1.162,0.539,0.149,0.138,220.2,239.5,155.3,178.9,96.04037741338657,115.5118879341234,87.05543259294735,106.4111970468607
CC1=CC=CC=CC1,"1-methyl-1,3,5-cycloheptatriene",0.879,0.822,1.661,0.669,0.135,0.125,213.5,233.0,136.9,161.8,83.90003955672645,105.07894899975588,74.04109485291289,94.83401913029108
C#CCCCCC#C,"1,7-octadiyne",0.798,0.748,2.381,0.963,0.0605,0.0558,243.8,260.2,170.9,192.2,42.60416477057625,52.81437820876656,38.55225782399261,48.500482213436065
CC1=CC=CCC=C1,"1-methyl-1,3,6-cycloheptatriene",0.918,0.858,1.59,0.641,0.135,0.125,213.5,233.0,136.9,161.8,86.17186292917123,107.89598233102072,76.0459602939419,97.37639888732936
C#CC#CC(C)(C)C,"2,2-dimethyl-3,5-hexadiyne",0.758,0.708,1.346,0.593,0.0812,0.0745,219.5,240.0,166.8,189.2,60.00084688058908,72.83265737166647,55.54124317848459,68.11937397069248
CC1=CCC=CC=C1,"2-methyl-1,3,5-cycloheptatriene",0.918,0.858,1.59,0.641,0.135,0.125,213.5,233.0,136.9,161.8,86.17186292917123,107.89598233102072,76.0459602939419,97.37639888732936
CCC#CC#CCC,"3,5-octadiyne",0.7959,0.7479,1.508,0.588,0.138,0.128,230.9,246.2,162.0,182.0,85.3110245807041,107.25622191063584,77.21658297401828,98.51701585199216
CC1=CCC=CC=C1,"5-methyl-1,3,5-cycloheptatriene",0.909,0.85,1.507,0.612,0.134,0.124,209.8,229.7,136.9,161.8,86.17981502818131,107.73536622938188,76.42790673387202,97.62237322852998
CC(O)c1ccccc1,1-phenylethanol,0.9944,0.9343,4.777,1.113,0.143,0.135,,,156.3,182.9,,,58.0627510115615,87.71943235128717
CC1C=CC=CC=C1,"7-methyl-1,3,5-cycloheptatriene",0.838,0.783,1.372,0.587,0.138,0.126,193.9,216.4,136.2,161.3,86.66566894125005,106.31250395144572,78.46852266840071,97.87776152016708
CC(O)c1ccccc1,(R)-(+)-1-phenylethanol,0.9989,0.9424,4.805,1.539,0.146,0.137,,,156.3,182.9,,,57.82529456537564,79.53324644879218
COc1ccc(C)cc1,1-methoxy-4-methylbenzene,0.9704,0.954,0.897,0.409,0.137,0.128,225.4,243.8,156.4,179.8,69.3278905099622,84.18371979952964,62.55482995311045,77.27301733126858
CC(O)c1ccccc1,(S)-(-)-1-phenylethanol,0.9988,0.9423,4.806,1.539,0.146,0.137,,,156.3,182.9,,,57.82190973979254,79.53324644879218
C=CC#CCC(O)C=C,"1,7-octadien-5-yn-3-ol",0.9067,0.8572,9.595,1.587,0.145,0.136,,,177.0,200.9,,,47.26277000987188,77.59232068020445
Cc1cc(C=O)oc1C,"4,5-dimethyl-2-furaldehyde",,,,,,,,,,,,,,
Cc1cccc(O)c1C,"2,3-dimethylphenol",,,,,,,,,170.5,195.0,,,,
Cc1ccc(O)c(C)c1,"2,4-dimethylphenol",1.003,0.9523,4.686,1.449,0.125,0.118,243.0,261.8,162.9,188.6,57.1989749685379,77.96372478387318,51.11290942466386,71.09312363184681
C#CCCCCC#C,"1,7-octadiyne",,,,,,,,,163.8,189.2,,,,
COC1=CC=CC=CC1,"1-methoxy-1,3,5-cycloheptatriene",0.891,0.842,1.324,0.582,0.142,0.132,188.8,212.6,153.0,177.1,82.52774500758179,102.029385212313,77.78830678104836,96.9182594246879
Cc1cccc(C)c1O,"2,6-dimethylphenol",,,,,,,,,162.7,187.9,,,,
OCCc1ccccc1,2-phenylethanol,1.00416,0.9534,6.005,1.395,0.148,0.14,,,156.6,181.9,,,53.24458600000485,80.45510043938759
CCc1ccccc1O,2-ethylphenol,1.0044,0.948,5.675,1.551,0.136,0.128,237.0,255.8,157.5,183.2,58.92251229019142,83.01486365610693,52.524214582133176,75.57434146430361
Cc1cc(C(=O)O)c(C)o1,"2,5-dimethyl-3-furancarboxylic acid",,,,,,,,,,,,,,
COc1ccccc1C,2-methoxytoluene,0.9622,0.9079,0.956,0.441,0.137,0.127,225.1,243.6,156.4,179.8,95.32934387909113,114.74680176462834,86.0482762082749,105.35147216785576
Cc1cc(C)cc(O)c1,"3,5-dimethylphenol",,,,,,,,,159.7,185.8,,,,
OCc1ccccc1CO,"1,2-benzenedimethanol",,,,,,,,,175.0,201.1,,,,
CCc1cccc(O)c1,3-ethylphenol,0.9962,0.9469,7.428,1.901,0.137,0.13,243.0,261.6,155.2,181.7,53.24754745727317,76.81369753453139,46.93819712150128,69.32880522576436
COc1cccc(C)c1,3-methoxytoluene,0.9567,0.9095,0.993,0.451,0.138,0.128,227.6,245.6,156.4,179.8,91.4297715675888,110.49152942709524,82.27234497984163,101.21155231703162
C=CC#CCC(O)C=C,"1,7-octadien-5-yn-3-ol",1.0652,1.0124,1.69,0.721,0.155,0.145,258.0,273.5,172.0,195.1,91.49520315074376,112.66186373251692,81.63264240187793,102.44958514560388
CC(O)c1cccc(O)c1,1-(3-hydroxyphenyl)ethanol,,,,,,,,,177.0,204.6,,,,
COc1cccc(OC)c1,"1,3-dimethoxybenzene",1.0398,0.99,2.02,0.818,0.156,0.146,262.2,276.6,172.0,195.1,83.44618718114404,104.15922127371564,74.11383305000908,94.41784354659084
CCC#CC#CCC,"3,5-octadiyne",1.027,0.971,5.648,1.74,0.139,0.131,262.0,276.9,157.7,182.8,64.00357752452769,86.75632749716985,55.48634935118914,77.1915238867046
COc1ccc(OC)cc1,"1,4-dimethoxybenzene",,,,,,,,,172.0,195.1,,,,
OCCc1ccc(O)cc1,2-(p-hydroxyphenyl)ethanol,,,,,,,,,177.0,203.5,,,,
Cc1ccc(O)cc1C,"3,4-dimethylphenol",,,,,,,,,170.2,195.3,,,,
OCCOc1ccccc1,2-phenoxyethanol,1.0909,1.039,6.325,2.021,0.165,0.156,289.0,289.0,173.0,197.3,65.52480310543206,86.75233756469476,56.71755883906201,77.92016647152647
COc1ccc(C)cc1O,3-hydroxy-4-methoxytoluene,1.0736,1.0188,,,,,,,177.0,201.4,,,,
COc1ccc(CO)cc1,4-methoxybenzyl alcohol,1.0921,1.0406,9.157,2.499,0.157,0.148,295.0,307.0,174.0,198.1,57.18148209181528,79.86381380358756,49.29024514593033,70.60437672104548
OCc1ccc(CO)cc1,"1,4-benzenedimethanol",1.171,1.1161,18.787,4.659,0.163,0.153,,,175.0,201.1,,,42.18738810947578,62.05113187243785
CC(O)c1cccc(O)c1,1-(3-hydroxyphenyl)ethanol,,,,,,,,,174.0,201.3,,,,
COc1cc(C)ccc1O,2-methoxy-4-methylphenol,1.0721,1.0166,5.783,1.505,0.138,0.13,,,177.0,201.4,,,52.46541378427504,76.11369644968713
C=C1C2C=CCCC12,7-methylene-bicyclo[4.1.0]hept-2-ene,,,,,,,,,,,,,,
CCOc1cccc(O)c1,3-ethoxyphenol,1.149,1.091,17.406,3.483,0.158,0.148,304.0,314.7,176.0,200.6,49.99908529447143,75.74211549220605,42.87384500862446,66.73055967661064
COc1cc(CO)ccc1O,"benzyl alcohol, 4-hydroxy-3-methoxy-",,,,,,,,,194.0,220.0,,,,
COc1ccccc1CO,o-anisyl alcohol,1.0284,0.977,5.737,1.74,0.15,0.141,,,174.0,198.1,,,54.37638959505936,75.45638606185372
CCOc1ccccc1O,"catechol, monoethyl ether",1.088,1.031,9.835,2.134,0.15,0.142,,,176.0,200.6,,,48.26039471264051,73.98296480402588
COC(=O)/C=C/C=C/C(=O)OC,"2,4-hexadienedioic acid, dimethyl ester, (E,E)-",,,,,,,,,196.0,226.0,,,,
CCOc1ccc(O)cc1,4-ethoxyphenol,1.136,1.079,16.725,3.336,0.157,0.147,295.0,307.7,176.0,200.6,49.666084013824666,75.44258215890942,42.94985472525682,66.8885790412268
Cc1cc(O)c(C)cc1O,p-xylohydroquinine,,,,,,,,,181.0,207.7,,,,
COc1cccc(OC)c1O,"1,3-dimethyl ether pyrogallol",1.151,1.103,16.507,3.445,0.151,0.144,,,193.0,216.8,,,39.7453900581544,61.67314276955307
C1=C/CC/C=C/CC/1,"(E,E)-1,5-cyclooctadiene",0.8694,0.818,1.702,0.844,0.137,0.127,196.7,221.6,142.5,170.1,79.51136915703287,94.84671489354398,72.61898706542557,88.04620555473029
COc1cc(O)cc(OC)c1,"3,5-dimethoxyphenol",1.202,1.146,14.975,3.316,0.157,0.148,,,193.0,216.8,,,43.87131023069508,66.3961118735412
COC1=CC=CCC=C1,"1-methoxy-1,3,6-cycloheptatriene",,,,,,,,,153.0,177.1,,,,
COc1cccc(O)c1OC,"2,3-dimethoxyphenol",1.255,1.193,14.343,3.269,0.162,0.151,335.0,343.0,193.0,216.8,54.58032874835526,79.18255012898092,46.737805184431544,69.59607112764525
O=C1OC(=O)C2CCCCC12,"cis-cyclohexane-1,2-dicarboxylic acid anhydride",1.298,1.239,,,,,267.0,288.0,167.0,197.5,,,,
C1=CCCC=CCC1,"(Z,Z)-1,5-cyclooctadiene",0.8653,0.8135,1.687,0.836,0.137,0.127,199.8,226.3,145.7,175.3,80.23577677286869,95.87311238702348,73.41616989710872,89.22774435855531
CCOc1c(OCC)c(=O)c1=O,"3,4-diethoxy-cyclobut-3-ene-1,2-dione",1.1476,1.1007,5.054,1.272,0.181,0.172,238.0,262.3,211.0,236.0,64.73751003356804,94.54834329649664,62.58143941542877,91.77958945773806
CCOC(=O)C#CC(=O)OCC,diethyl acetylenedicarboxylate,1.053,0.995,3.419,1.126,0.162,0.151,311.0,328.6,202.0,230.0,76.36975355803325,100.78289630171824,67.63994284424633,91.1595748107018
C1=CCCCCC=C1,"(E,Z)-cycloocta-1,3-diene",0.899,0.842,1.591,0.796,0.138,0.127,208.5,232.2,142.5,170.1,85.24902109943768,100.58136331496075,76.59368909898083,92.15047965741184
C1=C\CCCC/C=C/1,"(Z,Z)-1,3-cyclooctadiene",0.886,0.831,1.546,0.77,0.137,0.126,204.5,229.5,145.9,174.2,84.17720220634753,99.6126873194553,76.55000296827974,92.17928404381144
C=C(C1CC1)C1CC1,"1,1-dicyclopropylethylene",0.882,0.819,0.601,0.278,0.106,0.097,215.8,241.2,159.2,186.5,96.31836340092303,115.82338889279065,88.41928693973975,107.7396322952977
C1=CCCC/C=C\C1,"1,4-cyclooctadiene",0.8588,0.8065,1.619,0.806,0.136,0.126,197.3,222.2,142.5,170.1,80.67575539888702,96.08019651522687,73.61933884075358,89.12343228615838
CC1=CCC(C)=C1C,"1,2,3-trimethyl-1,3-cyclopentadiene",0.8125,0.7602,0.923,0.395,0.102,0.0941,207.4,230.6,152.6,178.1,77.92889595601677,96.20085631972258,71.48486672886675,89.45783356678717
C1=CCCCCCC=1,"1,2-cyclooctadiene",0.815,0.768,1.939,0.807,0.268,0.249,197.1,220.9,146.0,172.1,121.13155854713531,151.81836823827908,111.32543891225365,141.52306421419075
C=C1CCCCC1=C,"1,2-dimethylenecyclohexane",0.81,0.755,0.84,0.371,0.106,0.097,206.9,231.5,150.2,177.1,83.38174971497986,101.60993550507489,76.19822070894523,94.23491908280006
Cc1cc(C=O)oc1C,"4,5-dimethyl-2-furaldehyde",,,,,,,,,,,,,,
C=C(C)C=CC(=C)C,"1,3,5-hexatriene, 2,5-dimethyl-, (E)-",0.749,0.696,0.814,0.374,0.11,0.1,224.3,248.1,167.6,193.3,87.46077996624655,104.5669692583229,80.57741887499164,97.47719702473142
C=CC=CCCC=C,"1,3,7-octatriene",0.7441,0.6888,0.806,0.363,0.133,0.12,229.4,251.8,165.6,190.5,102.3810608471896,122.16516179979853,93.41279560049996,112.94444007653848
CC(=O)c1cc(C)oc1C,"3-acetyl-2,5-dimethylfuran",,,,,,,,,,,,,,
Cc1cc(O)c(C)cc1O,p-xylohydroquinine,0.806,0.75,0.955,0.427,0.123,0.112,204.9,229.3,148.1,174.6,83.7438841347329,101.34253982017498,76.43521387939491,93.86359163238666
COc1cccc(OC)c1O,"1,3-dimethyl ether pyrogallol",0.806,0.755,1.092,0.477,0.124,0.114,199.5,224.1,148.1,174.6,76.03774285900815,93.36298590449717,69.92499061646488,87.032705259103
C1=C/CC/C=C/CC/1,"(E,E)-1,5-cyclooctadiene",0.7932,0.7392,1.185,0.528,0.121,0.111,199.9,225.2,148.1,175.1,82.0158648462487,100.06738381332596,75.38004073573568,93.2290913642496
C1=CCCCC/C=C\1,"1,3-cyclooctadiene",0.8514,0.7995,1.586,0.801,0.136,0.126,198.0,223.7,146.1,174.2,81.05011126299372,96.22282310036462,74.40768676100606,89.68584370759713
CC1=CCCC(C)=C1,"1,3-dimethyl-1,3-cyclohexadiene",0.8154,0.7615,0.944,0.486,0.114,0.105,213.0,235.8,149.2,175.4,85.23206060858467,99.64750954711764,77.11004840862063,91.68861261398888
C1=C\CC/C=C/CC/1,"1,5-cyclooctadiene",0.864,0.815,1.725,0.847,0.137,0.127,205.1,229.5,145.7,174.8,79.07812931801615,94.4118375427976,71.82598966413163,87.45108125859863
C#CC1(O)CCCCC1,1-ethynyl-1-cyclohexanol,0.93,0.881,6.774,2.043,0.092,0.0873,,,170.0,198.0,,,36.88768232048325,51.949203352935335
CC1=CC=C(C)CC1,"1,4-dimethyl-1,3-cyclohexadiene",0.8156,0.7629,0.687,0.38,0.109,0.1,181.0,207.9,149.2,175.4,85.6621153320605,98.89188603401487,81.13065485672482,94.2743865797184
CC1=CC=CC(C)C1,"1,5-dimethyl-1,3-cyclohexadiene",0.8019,0.7483,0.998,0.428,0.121,0.111,210.8,234.2,148.4,175.0,87.18811188894804,107.10835068488356,78.99085734652336,98.67909152840018
CC=CC1=CCCC1,1-(1-propenyl)cyclopentene,0.8177,0.7664,1.26,0.509,0.128,0.118,212.5,234.8,147.5,173.7,84.16967405944787,105.36376141295445,75.95402137691762,96.7987126882756
COC1=CC(C)=CCC1,"1,3-cyclohexadiene, 1-methoxy-3-methyl-",0.901,0.837,0.644,0.335,0.126,0.115,232.2,254.3,165.3,190.8,105.4966223996864,121.80837870414987,95.87859646538136,112.35177217901844
C1=CCCC2OC2CC1,(Z)-cis-9-oxabicyclo[6.1.0]non-4-ene,0.9195,0.8975,3.502,2.228,0.142,0.132,229.6,253.0,157.3,186.4,52.70414407218781,58.36542017239038,47.385248603307765,53.55922050024758
COC1=CCCC(C)=C1,"1,3-cyclohexadiene, 3-methoxy-1-methyl-",0.864,0.815,0.671,0.344,0.123,0.114,201.3,226.6,165.3,190.8,91.332961727686,107.89386896438032,86.40849499008823,102.7989907473531
CC(=O)C1=CCCCC1,1-acetyl-1-cyclohexene,0.9494,0.8989,3.792,1.413,0.15,0.14,245.3,265.0,163.1,189.9,68.99621760770917,88.5785423713911,61.51296515869581,80.65263069477056
C=C(C)C#CC(C)(C)O,"2,5-dimethyl-5-hexen-3-yn-2-ol",0.8687,0.8149,10.936,1.387,0.12,0.111,,,188.0,214.9,,,41.210956393368555,72.32376817079626
COC1=CC=CCCC1,"1-methoxy-1,3-cycloheptadiene",0.903,0.845,1.462,0.639,0.139,0.128,223.8,246.6,161.9,188.1,86.5365043739478,105.78661748568572,79.0032296145171,98.02766270913956
C=C1C=C(OC)CCC1,1-methoxy-3-methylenecyclohexene,0.875,0.828,1.086,0.471,0.121,0.113,202.2,227.5,165.7,191.6,78.00863027062688,97.10756471613608,73.76015761908815,92.5277603908499
CC12CCC(CC1=O)C2,1-methylnorcamphor,0.9705,0.914,0.896,0.416,0.134,0.125,224.6,248.6,151.0,180.4,96.12030457861856,116.74823895092374,85.96264904587862,106.67808447548632
CC1=C(C)C(C)CC1=O,"2,3,4-trimethyl-2-cyclopenten-1-one",0.986,0.934,1.268,0.546,0.132,0.123,237.5,259.4,166.3,193.8,85.58178190957764,105.69401068968982,77.4183907833588,97.3718096150416
CC1(C)CCC(=O)CC1=O,"1,3-cyclohexanedione, 4,4-dimethyl-",,,,,,,,,177.0,207.5,,,,
CC(C)Cc1ccco1,2-isobutylfuran,0.8595,0.799,0.768,0.401,0.132,0.121,228.9,254.2,165.7,194.0,101.77166806282072,118.21249206901292,92.92957541455908,109.55851029897312
CCCCc1ccco1,2-butylfuran,0.8679,0.8089,1.164,0.494,0.139,0.127,234.0,257.1,166.0,192.9,93.88141492022496,114.97597465538207,85.23846316534129,106.04967484196084
CCCc1cc(C)co1,2-propyl-4-methylfuran,0.92,0.856,0.902,0.456,0.128,0.118,240.4,262.5,167.1,193.8,98.00175851811385,114.79438893757776,88.47086621425612,105.40281325998224
COC1=CCCCC=C1,"2-methoxy-1,3-cycloheptadiene",0.896,0.845,1.674,0.71,0.138,0.128,214.3,238.0,161.9,188.1,78.95708180751504,98.06404233254804,72.96854569680343,91.78342538335544
CC(C)(C)c1ccco1,2-tert-butylfuran,0.8256,0.767,0.981,0.469,0.122,0.111,257.0,271.0,166.0,195.0,91.91374819037704,107.28103045477252,81.27981272998136,97.79472076941062
C=C=CC(C)(O)CC=C,"4-methyl-1,2,6-heptatrien-4-ol",0.8851,0.8338,12.089,1.643,0.267,0.251,,,188.0,213.7,,,70.23930721321628,122.11332456125574
O=C1CCCC(=O)CCC1,"1,5-cyclooctanedione",,,,,,,,,171.0,202.5,,,,
CC1=CC(=O)CC(C)C1,"3,5-dimethyl-2-cyclohexen-1-one",0.892,0.85,1.323,0.588,0.137,0.129,202.3,229.1,162.9,191.2,78.18245902251755,97.40840613752782,73.56073925843884,92.5771746490304
C=CC=C=CC(C)(C)O,"6-methyl-1,3,4-heptatrien-6-ol",0.8663,0.8154,17.315,2.33,0.277,0.259,,,186.0,211.6,,,64.84881381142867,112.64578850626928
CC1CC=CCC1C=O,6-methyl-3-cyclohexene-1-carboxaldehyde,0.9317,0.874,1.61,0.675,0.15,0.139,249.6,270.6,161.1,189.1,91.59814888731955,113.28711604584468,80.98372926349467,102.42360089004526
COC(=O)C1=CCCCC1,1-(carbomethoxy)cyclohexene,1.03,0.971,2.33,0.896,0.136,0.126,249.2,272.6,168.0,198.5,74.79427376651945,95.00526712277464,66.94203145169004,86.89490107373233
CCCCCC#CC(=O)O,2-octynoic acid,0.999,0.954,10.41,2.935,0.159,0.15,,,194.0,219.0,,,47.43337781302015,67.20100379326075
CCC1C(=O)CCCC1=O,"2-ethyl-1,3-cyclohexanedione",,,,,,,,,176.0,206.5,,,,
COC1=CCCC(C)=C1,"1,3-cyclohexadiene, 3-methoxy-1-methyl-",1.053,0.989,1.273,0.516,0.122,0.113,246.2,270.1,172.0,201.2,86.51127373843472,108.34073553245088,78.20914361048317,99.72739248509843
CC(=O)C1=C(O)CCCC1,2-acetyl-1-hydroxycyclohexene,1.096,1.042,11.861,3.167,0.151,0.142,,,182.0,209.1,,,45.55146799001378,65.70475644289357
CC1=CC(C)(C)COC1=O,"2H-pyran-2-one, 5,6-dihydro-3,5,5-trimethyl-",1.0,0.954,3.5,1.572,0.155,0.146,282.0,301.0,179.0,208.7,70.74168916334455,86.44788123698271,62.25122601031461,77.98575181146391
C#CC(C)(CC)OC(C)=O,1-ethynyl-1-methylpropyl ethanoate,0.9119,0.8545,2.413,0.854,0.087,0.0805,254.5,280.4,196.0,225.0,53.624409732712,69.80070231038924,49.82578884813786,65.60981009264304
C=C(C)C#CC(C)(C)O,"2,5-dimethyl-5-hexen-3-yn-2-ol",0.8931,0.8349,0.806,0.443,0.15,0.138,267.3,289.2,185.0,212.8,113.72049843861222,129.58418946953935,102.53670436151816,118.87084659615434
COC(=O)C1=CCCCC1,2-(methoxycarbonyl)cyclohexene,1.075,1.013,2.233,0.859,0.136,0.126,249.2,272.6,168.0,198.5,76.75775848982747,97.489706046474,68.69938063744327,89.1672495554181
C1C2CC3CC(CC1O3)O2,"2,6-dioxaadamantane",,,,,,,,,151.0,182.1,,,,
CC(=O)C1CCCCC1=O,2-acetylcyclohexanone,1.095,1.038,4.475,1.58,0.176,0.165,268.0,288.0,177.0,205.6,75.73302594462794,98.88255936425612,67.3916162026229,89.93857304163954
OCCCCc1ccco1,2-furanbutanol,0.87,0.822,2.759,1.034,0.144,0.137,,,183.0,211.3,,,64.28858162092213,85.12269313206939
CC1(C)CCC(=O)CC1=O,"1,3-cyclohexanedione, 4,4-dimethyl-",1.025,0.973,4.488,1.49,0.15,0.141,283.0,302.5,191.0,220.0,66.75366414813402,88.71719281996921,59.76435974405012,81.1153866130577
COC(=O)C1=CCCCC1,1-(carbomethoxy)cyclohexene,,,,,,,,,194.0,226.0,,,,
COC(=O)C1C=CCCC1,"2-cyclohexene-1-carboxylic acid, methyl ester",1.066,1.003,1.97,0.768,0.142,0.132,246.0,270.3,168.0,198.1,82.08850544548469,104.25062929218036,73.73807640250537,95.52432895569063
COC(=O)C1CCC=C1C,"2-methyl-1-cyclopentene-3-carboxylic acid, methyl ester",1.049,0.983,1.096,0.458,0.128,0.118,245.8,270.2,171.0,200.7,91.01291212367336,112.68664762900144,82.18151328104392,103.64442522951478
COC(=O)C1=C(C)CCC1,"2-methyl-1-cyclopenteneformic acid, methyl ester",1.053,0.989,1.273,0.516,0.122,0.113,246.2,270.1,172.0,201.2,83.6118548462631,104.70970385507307,75.58796999084132,96.3850363580513
COC(=O)C1CCC=C1C,"2-methyl-2-cyclopenteneformic acid, methyl ester",1.049,0.983,1.096,0.458,0.128,0.118,245.8,270.2,171.0,200.7,91.01291212367336,112.68664762900144,82.18151328104392,103.64442522951478
C=C(C)COC(=O)C(=C)C,2-methyl-2-propenyl 2-methylpropenoate,0.9037,0.842,0.741,0.416,0.121,0.11,284.7,306.6,191.0,220.0,99.78974611976156,111.92302881067044,89.1910772600229,101.94600427887546
COC(=O)C1CCC1C(=O)OC,"1,2-cyclobutanedicarboxylic acid, dimethyl ester, trans-",1.189,1.125,1.514,0.622,0.146,0.136,292.0,315.9,198.0,231.0,89.71513817341163,111.945601306369,80.42766350552107,102.51036352670464
CCOC(=O)C(C(C)=O)=C(C)O,3-ethoxycarbonyl-2-hydroxy-2-penten-4-one,1.24,1.18,16.935,3.39,0.166,0.155,,,222.0,252.0,,,45.35044605909393,70.33609516387179
CCOC(=O)C(C(C)=O)C(C)=O,"3-ethoxycarbonyl-2,4-pentandione",1.23,1.17,3.577,1.248,0.193,0.181,337.0,354.0,220.0,250.0,88.01678819347113,114.5990749558685,78.06686255133069,103.91710009856526
CC1(C)C(=O)OC(=O)C1(C)C,"Dihydro-3,3,4,4-tetramethyl-2,5-furandione",,,,,,,,,196.0,227.0,,,,
C#CCCCCCC(=O)O,7-octynoic acid,,,,,,,,,,,,,,
C=COC(=O)CCCC(=O)OC,Vinyl methyl glutarate,1.125,1.06,1.689,0.717,0.16,0.148,319.0,340.4,210.0,242.0,95.67132224418128,117.2343454986636,85.05615468021114,106.50585051122388
O=C(O)C1CCCCC1C(=O)O,"trans-1,2-cyclohexanedicarboxylic acid",1.39,1.34,15.827,4.701,0.165,0.157,,,194.0,226.0,,,42.09377656568232,59.656950198951066
COC(=O)C1CC(C(=O)OC)C1,"cis-1,3-cyclobutanedicarboxylic acid, dimethyl diester",1.27,1.2,1.339,0.558,0.146,0.136,292.0,316.0,198.0,231.0,95.2400061298334,118.37456254127213,85.38058705842953,108.38781481746148
CCOC(=O)C=CC(=O)OCC,diethyl fumarate,1.039,0.98,2.021,0.837,0.163,0.151,317.0,337.9,208.0,239.0,89.54806120125411,110.58111602541425,79.53887299462956,100.31737971292048
COC(=O)[C@H]1CC[C@H]1C(=O)OC,"dimethyl cis-1,2-cyclobutanedicarboxylate",1.189,1.125,1.514,0.622,0.146,0.136,292.0,315.9,198.0,231.0,89.71513817341163,111.945601306369,80.42766350552107,102.51036352670464
CCOC(=O)C=CC(=O)OCC,"maleic acid, diethyl ester",1.0507,0.993,2.189,0.896,0.164,0.153,320.0,339.8,208.0,239.0,87.62715361683092,109.00075308459054,77.62671926958105,98.72785302245892
COC(=O)C1CC(C(=O)OC)C1,"trans-1,3-cyclobutanedicarboxylic acid dimethyl diester",1.27,1.2,1.339,0.558,0.146,0.136,292.0,316.0,198.0,231.0,95.2400061298334,118.37456254127213,85.38058705842953,108.38781481746148
COC(=O)C1CCC=C1OC,"1-cyclopentene-3-carboxylic acid, 2-methoxy-, methyl ester",1.099,1.035,1.256,0.551,0.145,0.134,269.0,291.3,187.0,216.0,94.50082098853964,115.13307913875512,85.31301867012127,105.8432048642028
OCCCCc1ccco1,2-furanbutanol,1.25,1.19,1.44,0.748,0.185,0.173,307.0,326.1,195.0,226.0,113.82468228620814,132.64664321309172,100.18233687274812,119.64688281365542
CC=CC(C(=O)OCC)=C(C)O,ethyl 2-propenyl-3-hydroxy-2-butenoate,1.13,1.07,4.336,1.318,0.142,0.132,,,206.0,236.0,,,59.84938018642112,82.48154996185464
COC(=O)C1=C(OC)CCC1,2-methoxy-1-cyclopentene-1-carboxylic acid methyl ester,1.156,1.09,1.384,0.587,0.139,0.129,272.0,293.9,188.0,217.0,90.2617059389808,111.28679121388345,81.35418668191888,102.18454134377996
COC(=O)C1CCC=C1OC,2-methoxy-2-cyclopenteneformic acid methyl ester,1.146,1.078,1.204,0.529,0.145,0.134,269.0,291.3,187.0,216.0,97.2763948245376,118.46343306974369,87.81873851481461,108.90483872325302
CC=CC(C(C)=O)C(=O)OCC,ethyl 2-propenyl-3-oxobutanoate,1.13,1.06,1.858,0.726,0.166,0.154,307.0,326.6,205.0,234.0,99.29003625008184,124.69439766079994,88.62780742049371,113.53103859175344
CC[C@@H]1C(=O)OC(=O)[C@@H]1CC,"cis-Dihydro-3,4-diethyl-2,5-furandione",1.238,1.176,1.212,0.629,0.189,0.177,297.0,317.6,195.0,225.0,117.6869815021714,137.5862918506943,104.55113960065964,124.87201661669351
CC/C=C(\C)C1CC1,(1-methyl-1-butenyl)cyclopropane,0.7709,0.7195,0.882,0.389,0.114,0.104,226.2,252.3,172.0,199.7,86.73417827444393,105.41020471684536,80.3018687071973,98.70057525130508
CC[C@@H]1C(=O)OC(=O)[C@H]1CC,"trans-dihydro-3,4-diethyl-2,5-furandione",1.26,1.2,1.27,0.658,0.192,0.18,310.0,328.8,195.0,225.0,117.8042716225956,137.57601035382086,103.40171218176218,123.65131389461756
C#CCCCCCC(=O)O,7-octynoic acid,0.8326,0.7823,1.718,0.856,0.13,0.12,204.6,233.6,151.0,183.1,73.83023852583855,88.01395692659601,67.78330386971503,82.1853422804256
CC=C(CC)C1CC1,(1-ethyl-1-propenyl)cyclopropane,0.76,0.705,0.592,0.367,0.118,0.107,257.7,280.1,172.0,199.7,105.16189024256698,114.7918697866196,93.85686631883397,104.37062930924098
C1=C\CCCCCC/1,(Z)-cyclooctene,0.8327,0.7825,1.705,0.843,0.13,0.12,204.8,232.0,151.3,181.1,76.49489630032353,91.1868810336137,70.2496290140077,85.04975193241239
CC1=C(C)CCCC1,"1,2-dimethylcyclohexene",0.8072,0.7539,1.177,0.504,0.107,0.099,215.3,241.1,158.1,186.4,76.13120822705957,94.351783600448,69.79703461695256,87.76360881668562
CC1=CCC(C)(C)C1,"1,4,4-trimethylcyclopentene",0.7502,0.6919,0.626,0.299,0.102,0.092,219.3,246.4,160.4,188.8,90.56526991218848,106.96937820075202,82.93760810221686,99.24995103992654
CC1=CCC(C)CC1,"1,4-dimethylcyclohexene",0.7826,0.725,1.048,0.455,0.113,0.103,212.0,238.6,157.3,186.0,83.24637700744479,101.8153872496476,76.543242111081,94.9267722556701
CC(C)=C1CCCC1,(1-methylethylidene)cyclopentane,0.8006,0.7483,1.174,0.508,0.107,0.099,215.5,241.6,158.8,187.5,75.80085415812512,93.6965530779117,69.56241104021765,87.24764348852298
C=C/C=C/C(C)(C)C,"(E)-1-(1,1-dimethylethyl)-1,3-butadiene",0.742,0.686,0.566,0.316,0.113,0.102,230.9,258.0,176.0,204.1,100.60441274138944,113.60913497584446,93.207013222059,106.36125841639168
CC1=CCCC1(C)C,"1,5,5-trimethylcyclopentene",0.764,0.7069,0.668,0.314,0.102,0.093,218.3,245.2,160.4,188.8,88.2936048165125,105.56418525026082,80.96129013222397,98.08076688046872
CC1=C(C)[C@@H](C)CC1,"(R)-1,2,3-trimethylcyclopentene",0.7795,0.7257,0.641,0.305,0.099,0.0903,197.9,226.2,160.7,188.7,83.63604303993215,100.17225139681923,78.87793668463614,95.1926247344704
CC=C(C)C(C)=CC,"(E,E)-3,4-dimethyl-2,4-hexadiene",0.73,0.678,1.055,0.457,0.112,0.102,234.4,259.2,175.0,202.7,82.5188681103934,100.42784702426398,76.00650981609569,93.71661359114738
CC1=C(C)C(C)CC1,"1,2,3-trimethyl-1-cyclopentene",0.7795,0.7242,0.783,0.345,0.102,0.0926,217.3,243.3,160.7,188.7,83.56984775013348,101.34574745714468,76.76919313490333,94.35358160417056
CC1=C(C)CC(C)C1,"1,2,4-trimethylcyclopentene",0.7691,0.714,0.754,0.35,0.101,0.0921,216.7,242.8,160.7,188.7,83.71526165660325,100.38384471288715,76.96261107083883,93.51214226690848
CC1CC2CC2(C)C1,"1,3-dimethylbicyclo[3.1.0]hexane",0.7868,0.727,0.648,0.303,0.101,0.0914,222.7,249.5,158.6,187.7,90.08445034586704,107.20735442090482,81.88067634700704,98.95873457302984
CC1=CC(C)CCC1,"1,3-dimethylcyclohexene",0.7868,0.7335,1.017,0.45,0.113,0.103,212.0,238.6,157.3,186.0,82.14007698999856,99.92746322606168,75.52602318664292,93.16658120140912
C=CCC=CCCC,"1,4-octadiene",0.7208,0.6662,0.819,0.375,0.13,0.117,240.7,264.7,175.0,202.0,100.74098921626825,119.49879556716384,92.10083974233658,110.74858461422758
COC(=O)C1CCC=C1OC,2-methoxy-2-cyclopenteneformic acid methyl ester,0.7314,0.675,0.779,0.356,0.107,0.096,237.5,263.0,177.0,204.8,80.96103687248649,96.05992773437866,74.53440120638572,89.5335529959786
COC(=O)C1=C(OC)CCC1,2-methoxy-1-cyclopentene-1-carboxylic acid methyl ester,0.7112,0.653,0.675,0.323,0.123,0.11,234.9,261.5,175.0,203.0,93.70706193043294,109.66203908259465,86.26001549039792,102.12220070694777
CC/C=C(\C)C1CC1,(1-methyl-1-butenyl)cyclopropane,0.7871,0.7339,1.042,0.463,0.113,0.104,212.5,239.0,157.3,186.0,81.591829101596,99.8151745597092,74.97222339026975,93.01805030418792
C=CO/C(C)=C\C(C)C,(Z)-2-(ethenyloxy)-4-methyl-2-pentene,0.803,0.739,0.598,0.325,0.126,0.114,261.0,285.8,192.0,220.0,110.81758815394036,125.58925448404986,101.64835501789612,116.6771141202552
C=CCCCCC1CO1,"1,2-epoxy-7-octene",0.833,0.781,1.056,0.563,0.14,0.129,268.6,291.4,188.0,217.0,96.86432234858428,111.53585180504793,87.61468974271902,102.65963168462896
C=COC1CCCCC1,(ethenyloxy)cyclohexane,0.8708,0.8154,1.47,0.638,0.136,0.125,231.8,257.2,171.0,200.0,84.41950029324916,103.46434513106956,77.49580155622861,96.39649181806102
C/C=C/O/C=C\C(C)C,"1-butene, 3-methyl-1-(1-propenyloxy)-, (E,Z)-",0.818,0.757,0.721,0.37,0.143,0.13,260.6,283.8,189.0,216.0,113.55564526334597,131.03298521812658,103.74420166431956,121.34729224520768
C/C=C\O/C=C/C(C)C,"1-butene, 3-methyl-1-(1-propenyloxy)-, (Z,E)-",0.818,0.757,0.721,0.37,0.143,0.13,260.6,283.8,189.0,216.0,113.55564526334597,131.03298521812658,103.74420166431956,121.34729224520768
CC1=C(C)[C@@H](C)CC1,"(R)-1,2,3-trimethylcyclopentene",0.961,0.904,4.37,1.471,0.131,0.122,,,174.0,204.9,,,58.43188854630267,78.96271747156692
C/C=C\O/C=C\C(C)C,"1-butene, 3-methyl-1-(1-propenyloxy)-, (Z,Z)-",0.818,0.757,0.721,0.37,0.143,0.13,260.6,283.8,189.0,216.0,113.55564526334597,131.03298521812658,103.74420166431956,121.34729224520768
CCC1(C=O)CCCC1,1-ethylcyclopentanecarboxaldehyde,0.901,0.844,1.509,0.64,0.135,0.124,244.6,269.7,173.0,202.6,85.30706850300685,104.99706766550072,77.38817173720972,96.87864031472192
CC1=CCCC1(C)C,"1,5,5-trimethylcyclopentene",0.972,0.921,5.247,1.857,0.138,0.13,278.0,297.0,174.0,203.9,63.71031896757031,83.2799679258725,55.84270945625084,74.9192162849267
CC=C(C)C(C)=CC,"(E,E)-3,4-dimethyl-2,4-hexadiene",0.8642,0.8127,1.747,0.714,0.146,0.135,259.0,281.6,189.0,216.0,88.8579666872489,110.60607504703412,81.32121394270474,102.65477534573697
C=CC(=O)CCCCC,1-octene-3-one,0.845,0.79,0.757,0.443,0.154,0.142,277.5,297.7,193.0,220.0,116.792350490368,130.6571860020385,105.4512644143704,120.00043334424764
CC1=CC(C)CCC1,"1,3-dimethylcyclohexene",0.8305,0.7774,1.252,0.579,0.139,0.128,259.0,283.1,192.0,220.0,95.01656422240748,114.0644918253542,87.34352886715493,106.25350982956576
CC1CCC(C)C(=O)C1,"2,5-dimethylcyclohexanone",1.1,1.04,2.273,0.913,0.158,0.147,333.0,346.2,171.0,201.7,94.1889513070991,116.85739836719624,78.08690405118632,100.38233172384122
C=C(C)CC=C(C)C,"1,4-hexadiene, 2,5-dimethyl-",0.8976,0.8461,1.159,0.555,0.138,0.128,223.1,251.2,171.0,201.7,91.83518437261282,110.65714387649057,85.21537882085673,104.03218076944766
CC1=CCCC(C)C1,"1,5-dimethylcyclohexene",0.8213,0.7679,1.169,0.56,0.14,0.129,266.2,290.1,191.0,220.0,98.27764665534586,116.76910063212496,89.51553462276671,108.0281053387443
CCCC=CCOC(C)=O,(E)-2-hexenyl acetate,0.8833,0.8274,0.753,0.416,0.145,0.133,281.1,304.6,197.0,226.0,109.20470974548115,124.04478127531236,98.81210755761252,114.05543389230763
CO/C(C)=C/C=C(\C)OC,"(E,E)-2,5-dimethoxy-2,4-hexadiene",0.907,0.843,0.926,0.534,0.14,0.127,291.1,311.3,208.0,233.0,105.39625093872426,116.91041631714806,95.88734783159278,107.7603866454884
C=COC1CCCCC1,(ethenyloxy)cyclohexane,0.907,0.843,0.926,0.534,0.14,0.127,291.1,311.3,208.0,233.0,108.99512468707056,120.9024542164528,99.1615293687548,111.43998647144012
C/C=C/O/C=C\C(C)C,"1-butene, 3-methyl-1-(1-propenyloxy)-, (E,Z)-",0.8855,0.8294,0.744,0.411,0.145,0.133,281.1,304.6,197.0,226.0,113.4301613778498,128.8468982288703,102.63543882372925,118.47083554894036
CO/C(C)=C\C=C(\C)OC,"(Z,Z)-2,5-dimethoxy-2,4-hexadiene",0.907,0.843,0.926,0.534,0.14,0.127,291.1,311.3,208.0,233.0,105.39625093872426,116.91041631714806,95.88734783159278,107.7603866454884
C/C=C\O/C=C\C(C)C,"1-butene, 3-methyl-1-(1-propenyloxy)-, (Z,Z)-",1.126,1.069,2.664,0.842,0.154,0.145,294.0,315.4,199.0,230.0,84.16297752001523,113.66357371839656,75.41232975776023,104.00292503804724
CCCCC(=O)C1CC1,1-cyclopropyl-1-pentanone,0.888,0.8274,0.912,0.508,0.161,0.146,305.0,322.7,210.0,235.0,120.7595060259473,134.82631292956978,108.72466310894076,123.31925682033618
COC1=C(OC)CCCC1,"1,2-dimethoxycyclohexene",0.992,0.931,2.016,0.827,0.138,0.127,269.7,290.6,190.0,217.0,80.92731316858445,100.03336706262404,73.33337950268793,92.1437653418434
C1CCC2(CC1)OCCO2,"1,4-dioxaspiro[4.5]decane",1.013,0.956,3.258,1.224,0.141,0.132,263.7,282.1,169.0,202.4,70.00573649161167,89.61623034613451,61.77032401599732,81.62539566057303
C=C(C/C=C(/C)OC)OC,"1,4-hexadiene, 2,5-dimethoxy-, (Z)-",0.912,0.849,0.943,0.53,0.138,0.126,293.6,313.7,210.0,236.0,103.56961195173398,116.23011148928838,94.25249587284,107.28753487620835
COC1=CCCCC1OC,"1,6-dimethoxycyclohexene",0.99,0.929,2.02,0.818,0.145,0.134,268.2,289.4,189.0,217.0,83.67884818274564,104.1651989061929,75.83312377497813,96.06147150532924
C=COC(C)OCC=CC,1-(2-butenyloxy)-1-vinyloxyethane,0.8765,0.8149,1.278,0.614,0.163,0.148,323.0,339.6,207.0,234.0,109.38982839238189,127.21042696311666,96.52075928990767,114.5570765613588
C=COCCOCC(=C)C,1-(2-methyl-2-propenyloxy)-2-vinyloxyethane,0.8578,0.7995,0.933,0.525,0.147,0.134,296.4,316.0,211.0,236.0,106.6454372189243,119.42934828003244,96.9222742761606,110.01432348518456
C=CC(C)(CC)OC(C)=O,1-ethenyl-1-methylpropyl ethanoate,0.884,0.825,1.188,0.521,0.123,0.113,265.8,293.7,199.0,231.0,85.29705556679473,104.07830046670136,78.6274326296754,97.279843139086
C=CC(=O)OC(CC)CC,1-ethylpropyl 2-propenoate,0.8708,0.8154,0.965,0.466,0.133,0.123,266.1,293.2,198.0,230.0,94.01045967147274,112.0875769010442,86.50933448594644,104.6883361292727
CC1(C(=O)O)CCCCC1,1-methyl-1-cyclohexanecarboxylic acid,1.066,1.019,6.004,2.159,0.135,0.127,260.0,283.7,180.0,212.0,53.89962707998707,70.48976125121264,48.6028697979248,64.94339469280095
CCOC(=O)C(CC)=C(C)O,"2-butenoic acid, 2-ethyl-3-hydroxy-, ethyl ester",1.1,1.05,4.636,1.438,0.139,0.129,,,216.0,248.0,,,55.48457715640539,75.98963484331941
CCC(C)OC(=O)CC(C)=O,1-methylpropyl 3-oxobutanoate,1.1,1.03,2.182,0.845,0.163,0.151,315.0,336.5,214.0,245.0,94.00518663621914,118.37077897526936,84.31841839590847,108.26199489448732
CC(O)=CC(=O)OC(C)(C)C,"2-butenoic acid, 3-hydroxy-, 1,1-dimethylethyl ester",1.084,1.024,8.764,2.051,0.135,0.126,,,215.0,248.0,,,47.74953822231519,71.17134323565944
CCCC(=O)OC(=O)CCC,butyric anhydride,0.9475,0.88828,0.573,0.341,0.165,0.153,320.3,340.2,215.0,244.0,132.40882497874227,147.6106643590526,118.3637465857954,134.43539632302912
CCCCOC(=O)C=C(C)O,"2-butenoic acid, 3-hydroxy-, butyl ester",1.13,1.07,4.336,1.346,0.154,0.142,,,215.0,246.0,,,63.97914062925514,87.11337454846219
CCOC(=O)C(CC)=C(C)O,2-ethyl-3-hydroxy-2-butenoic acid ethyl ester,1.1,1.05,4.636,1.438,0.139,0.129,,,216.0,248.0,,,55.48457715640539,75.98963484331941
CC(C=O)CCC(C)(O)C=O,"2-hydroxy-2,5-dimethyl-1,6-hexanedial",1.2,1.13,125.0,11.504,0.188,0.172,,,224.0,256.0,,,30.303925749290062,57.742166555378105
C=C(C)COC(=O)C(C)(C)O,2-methyl-2-propenyl 2-hydroxy-2-methylpropanoate,0.9589,0.9052,3.233,0.983,0.133,0.125,,,217.0,249.0,,,60.77424422375175,84.45165251475507
O=C(O)C(O)C1CCCCC1,cyclohexylhydroxyethanoic acid,,,,,,,,,197.0,230.0,,,,
CCOC(=O)C(CC)C(C)=O,"2-ethyl-3-oxobutanoic acid, ethyl ester",1.1,1.03,2.091,0.835,0.163,0.151,315.0,336.9,214.0,245.0,95.13844892446522,118.807546381762,85.33490362605238,108.62515572195328
CCC(C)OC(=O)C=C(C)O,"3-hydroxy-2-butenoic acid, 1-methylpropyl ester",1.1,1.04,6.0,1.635,0.145,0.135,,,215.0,247.0,,,55.919297826544195,79.62318054192649
CC(O)=CC(=O)OCC(C)C,"3-hydroxy-2-butenoic acid, 2-methylpropyl ester",1.1,1.04,5.545,1.5,0.145,0.135,,,215.0,247.0,,,57.1736804419622,81.57697469096773
CCOC(=O)C(C)=C(O)CC,"3-hydroxy-2-methyl-2-pentenoic acid, ethyl ester",1.1,1.05,4.636,1.438,0.139,0.129,,,216.0,248.0,,,55.48457715640539,75.98963484331941
C=COCCCCOC=C,"1,4-divinyloxybutane",1.1,1.04,2.273,0.885,0.164,0.152,316.0,337.8,214.0,245.0,92.18279894206206,115.96284578213424,82.6101305632523,105.94472205220404
CCCCOC(=O)CC(C)=O,butyl acetoacetate,1.064,1.006,1.692,0.785,0.169,0.157,316.0,336.5,215.0,244.0,98.38276228092052,117.87753011590186,88.28196159299534,107.68690268821702
CC(=O)O[C@H]1C[C@@H](C)CCO1,cis-2-acetoxy-4-methyltetrahydropyran,1.117,1.052,1.88,0.846,0.146,0.135,281.0,306.6,193.0,226.0,85.8944289779999,104.164193790182,77.28072364558629,95.59967477808284
O=COCCCCCCOC=O,"1,6-hexanediyl diformate",1.16,1.09,3.276,1.349,0.194,0.18,377.0,390.0,238.0,265.0,97.28139291329695,119.45011008091689,85.47439915247956,107.14678509295572
O=C(O)C(O)C1CCCCC1,cyclohexylhydroxyethanoic acid,,,,,,,,,225.0,258.0,,,,
CC(=O)O[C@H]1CCC[C@@H](C)O1,cis-2-acetoxy-6-methyltetrahydropyran,1.119,1.055,1.966,0.863,0.146,0.135,281.0,306.6,193.0,226.0,84.45132288895465,103.13208612104552,75.98233579685477,94.65242837876674
C=COCCOCCOC=C,bis(2-vinyloxyethyl) ether,,,,,0.178,0.164,360.0,370.9,226.0,250.0,,,,
CCOC(=O)/C=C(\C)OCC,"2-butenoic acid, 3-ethoxy-, ethyl ester",,,,,,,,,,,,,,
CCC(COC(C)=O)OC(C)=O,"1,2-butanediol diacetate",1.09,1.024,2.294,0.859,0.15,0.139,325.0,349.5,220.0,254.0,84.32461614076801,107.41473825568032,75.55880549374041,98.1910506974061
CC(O)=CC(=O)OCC(C)C,"3-hydroxy-2-butenoic acid, 2-methylpropyl ester",1.02141,0.9602,1.742,0.792,0.158,0.146,334.4,351.0,220.0,253.0,95.90667348026592,114.65912375091088,85.25036095061726,104.5710645496811
CC(=O)OCCC1(C)OCCO1,"1,3-dioxolane-2-ethanol, 2-methyl-, acetate",1.175,1.109,2.383,1.037,0.156,0.145,309.0,334.5,211.0,245.0,84.60162380786839,103.72632016699404,75.9930776153891,95.02738128357858
COC(=O)CCC1(C)OCCO1,"1,3-dioxolane-2-propanoic acid, 2-methyl-, methyl ester",1.191,1.127,4.87,1.863,0.178,0.165,427.0,435.0,211.0,245.0,82.602798403622,103.03441342868634,67.74481388162191,87.66933141934732
CCCCOC(=O)CC(C)=O,butyl acetoacetate,1.04247,0.9837,2.11,0.935,0.158,0.147,324.0,347.0,220.0,253.0,89.04419012799282,108.36559672051682,79.85696066300177,99.15041770190052
CCC(CC)(CC(=O)O)C(=O)O,"2,2-Diethylbutanedioic acid",1.24,1.19,22.581,5.294,0.161,0.151,,,226.0,258.0,,,38.937743782221254,58.04184509416883
CCC(C)OC(=O)C=C(C)O,"3-hydroxy-2-butenoic acid, 1-methylpropyl ester",1.28,1.22,11.719,3.279,0.167,0.157,,,225.0,258.0,,,51.9304267322646,73.87018337168625
CC(CC(=O)O)C(C)CC(=O)O,"hexanedioic acid, 3,4-dimethyl-",,,,,,,,,225.0,258.0,,,,
CCOC(=O)[C@@H](O)[C@H](O)C(=O)OCC,(+)-diethyl L-tartrate,1.188,1.14,15.993,3.246,0.204,0.181,,,254.0,292.0,,,49.55400979575395,74.06223578231102
CCOC(=O)C(C)C(=O)OCC,diethyl methylpropanedioate,1.0026,0.9413,2.394,0.892,0.149,0.138,318.0,343.6,220.0,254.0,80.71769338768496,103.06230792818228,72.7711929004627,94.66465044104832
CCOC(=O)C(C)C(=O)CC,2-methyl-3-oxopentanoic acid ethyl ester,0.9744,0.912,2.155,0.833,0.144,0.132,320.0,346.6,219.0,255.0,83.92128132622955,105.33915528020944,75.42934677990169,96.62640251771823
CC(C)/C=C/C(C)C,"(E)-2,5-dimethyl-3-hexene",0.6804,0.6248,0.676,0.328,0.115,0.103,245.3,274.9,185.0,216.0,97.88060250892052,114.43683472156768,90.41284200144602,106.93203275903716
CC=CCCCCC,(E)-2-octene,0.7031,0.6505,0.91,0.4,0.128,0.116,255.6,280.7,185.0,213.5,96.84099898394224,116.73363365281313,88.42352032600482,108.08490299651224
CCCC(C(=O)OC)C(=O)OC,dimethyl propylpropanedioate,1.0223,0.9618,2.543,0.925,0.15,0.139,325.0,349.6,220.0,254.0,79.93471793864028,102.66573240451234,71.62525109915921,93.8422890181845
CCCOC(=O)C(=O)OCCC,dipropyl oxalate,0.9995,0.9381,1.801,0.789,0.156,0.145,331.0,353.1,220.0,253.0,91.44585663576362,111.44608755897386,81.51920170006494,101.47031330828897
CC(=O)O[C@@H](C)[C@@H](C)OC(C)=O,"meso-2,3-butanediol diacetate",1.074,1.008,1.955,0.754,0.143,0.132,318.0,345.3,219.0,255.0,84.70575108595845,107.0006325406696,76.26882898062374,98.25426253377394
CCC=CCCCC,(E)-3-octene,0.6991,0.6471,0.887,0.402,0.127,0.115,251.9,277.5,185.0,213.5,96.28434638817532,115.1017722447006,88.27660253297825,106.91822880974102
CC(=O)OCCOCCOC(C)=O,diethylene glycol diacetate,1.24,1.17,2.984,1.043,0.172,0.159,349.0,370.3,236.0,268.0,87.43868266273829,112.93493930712238,78.3261824298343,103.116575378847
CCC(COC(C)=O)OC(C)=O,"1,2-butanediol diacetate",0.7466,0.6924,0.844,0.39,0.112,0.102,222.6,251.6,168.0,198.4,77.02428990423172,92.62119599749694,71.16203789309743,86.63411707559634
CCCC=CCCC,(E)-4-octene,0.6978,0.6446,0.889,0.403,0.128,0.115,252.6,278.2,185.0,213.5,97.46637743854122,115.8439806817712,89.29059803626149,107.53143377954176
CC/C=C\C(C)(C)C,"(Z)-2,2-dimethyl-3-hexene",0.69568,0.6419,0.676,0.374,0.11,0.099,241.6,270.7,186.0,216.0,93.51889284197055,105.7358965256954,86.88567540336193,99.23053796610472
CC(C)C(C)C1CC1,"(1,2-dimethylpropyl)cyclopropane",0.7332,0.679,0.764,0.353,0.108,0.098,239.9,270.0,182.0,214.0,89.18866059585217,106.84333231150946,82.52113916628434,100.0806672649276
CCC(C)C1CCC1,(1-methylpropyl)cyclobutane,0.7445,0.6915,0.833,0.376,0.113,0.103,232.9,261.6,174.0,205.4,88.61745231020184,107.1449517072087,81.63962226499473,100.09784342143848
C/C=C\CCCCC,(Z)-2-octene,0.7076,0.6551,0.919,0.412,0.128,0.116,252.1,277.5,185.0,213.5,96.14795419661804,115.3324991620576,88.13187577239474,107.13255142929285
C[C@@H]1CCC[C@@H](C)C1,"(1R-trans)-1,3-dimethylcyclohexane",0.7657,0.7118,1.162,0.52,0.113,0.103,219.7,248.9,165.0,196.5,79.75967041452012,96.90311511929836,73.58762545069268,90.66899911993428
CC=C(CC)C(C)C,(E)-3-ethyl-4-methyl-2-pentene,0.7177,0.6638,0.536,0.331,0.109,0.099,245.9,273.8,186.0,216.0,99.73011160431656,109.85175246928604,92.19766497371243,102.76347981573883
CCCC=C(C)CC,(E)-3-methyl-3-heptene,0.728,0.675,1.044,0.444,0.117,0.107,254.5,279.7,186.0,215.0,87.42369287037542,107.08492256568728,80.04296440302407,99.44631043220916
CCCC(C(=O)OC)C(=O)OC,dimethyl propylpropanedioate,0.7032,0.6496,0.882,0.4,0.127,0.115,251.4,277.2,185.0,213.5,85.8978397194971,102.69229644492988,78.79794608998863,95.42007527625684
CCCC=CCCC,(Z)-4-octene,0.7041,0.6508,0.881,0.4,0.127,0.115,250.7,276.5,185.0,213.5,97.01036347535616,115.9489740931139,89.06179109447926,107.81462885333896
CC1CCCC1(C)C,"1,1,2-trimethylcyclopentane",0.75558,0.7003,0.834,0.386,0.103,0.093,222.7,252.1,169.0,199.4,82.81820836083338,98.97241292851568,76.63314759896896,92.65404898122594
CC1CCC(C)(C)C1,"1,1,3-trimethylcyclopentane",0.73075,0.6748,0.643,0.356,0.102,0.092,222.1,252.4,169.0,199.4,88.71501174398252,100.84188832191236,82.15188537042808,94.37260017453563
CC=C(C)CC(C)C,"(Z)-3,5-dimethyl-2-hexene",0.7079,0.6525,0.777,0.368,0.11,0.099,247.6,275.7,186.0,216.0,91.30834786425784,107.6613508305318,84.24854724914016,100.51868593968098
CC/C=C/C(C)(C)C,"(E)-2,2-dimethyl-3-hexene",,,,,,,,,186.0,216.0,,,,
CC=C(CC)C(C)C,(Z)-3-ethyl-4-methyl-2-pentene,0.722,0.6675,0.512,0.33,0.11,0.099,248.5,276.1,186.0,216.0,102.30823109430074,110.54802851310568,94.3016415228949,103.17176538958152
CCCC=C(C)CC,(Z)-3-methyl-3-heptene,0.728,0.675,1.044,0.444,0.117,0.107,254.5,279.7,186.0,215.0,87.42369287037542,107.08492256568728,80.04296440302407,99.44631043220916
CCC(C)(C)OCC1CO1,"((1,1-Dimethylpropoxy)-methyl)oxirane",0.969,0.907,1.858,0.662,0.136,0.126,297.0,321.8,215.0,246.0,84.24716434717294,109.04103342013292,76.92789370558985,101.105795706851
CCOC1CC(C)CCO1,"(2R,4R)-rel-2-ethoxytetrahydro-4-methyl-2H-pyran",0.95,0.891,1.579,0.741,0.144,0.133,269.6,295.9,197.0,228.0,88.18397483025625,105.77507142262208,80.7349378724175,98.29633401392984
CCC(O)(/C=C\CO)CC,"(Z)-4-ethyl-2-hexene-1,4-diol",0.9537,0.9027,82.835,8.087,0.156,0.145,,,220.0,252.0,,,27.79363444852236,52.71634643135235
CCOC1CC(C)CCO1,"(2R,4S)-rel-2-ethoxytetrahydro-4-methyl-2H-pyran",0.95,0.891,1.579,0.741,0.144,0.133,269.6,295.9,197.0,228.0,88.18397483025625,105.77507142262208,80.7349378724175,98.29633401392984
CC[C@@H](C)CCOC(C)=O,(S)-(+)-3-methylpentyl ethanoate,0.8596,0.8009,1.059,0.512,0.132,0.121,290.5,317.7,208.0,241.0,94.52167784361524,111.71019534542556,86.04380948577463,103.3562545351087
CCC(CC)(CC)OC=O,"1,1-diethylpropyl methanoate",0.8881,0.832,2.252,0.829,0.136,0.125,288.0,313.7,218.0,248.0,76.92801942450136,98.24034729655727,71.13203870961304,91.95590285704678
CC(C)C(=O)OC(C)(C)C,"1,1-dimethylethyl 2-methylpropanoate",0.882,0.817,1.032,0.514,0.117,0.106,288.5,318.2,209.0,243.0,89.66973594925234,104.46065670360991,81.89625126126307,96.83095992164134
CCCCC(C)(C)OC=O,"1,1-dimethylpentyl methanoate",0.8848,0.829,2.034,0.772,0.134,0.124,280.7,307.3,218.0,248.0,77.64386625014112,98.92640615786854,72.31433116664358,93.13654895940694
OC1CCCCCCC1O,"1,2-cyclooctanediol, trans-",1.074,1.022,14.898,4.697,0.158,0.148,332.0,351.0,196.0,230.0,51.30492997420498,68.79674153043422,44.235871631439274,61.08393654534294
CCC(=O)OC(C)C(C)C,"1,2-dimethylpropyl propanoate",0.914,0.846,0.864,0.437,0.126,0.114,288.0,317.2,208.0,242.0,100.6431275257901,116.57814323903328,91.83922992711456,108.03373058169856
CC(=O)OC(C)CC(C)C,"1,3-dimethylbutyl ethanoate",0.88,0.814,0.875,0.442,0.126,0.114,287.7,317.0,208.0,242.0,99.41781245753604,115.2134488117121,90.74770192595268,106.7880039851716
CC1OCC(C)C(C)(C)O1,"1,3-dioxane, 2,4,4,5-tetramethyl-, trans-",0.93,0.87,1.828,0.759,0.127,0.117,263.0,292.5,198.0,231.0,77.1462100870291,95.95897195942965,71.22508260312655,89.7942296931787
CC1OCC(C)(C)C(C)O1,"1,3-dioxane, 2,4,5,5-tetramethyl-, cis-",0.966,0.897,1.056,0.602,0.13,0.118,287.8,314.6,198.0,231.0,97.66122796331156,109.40222320614286,87.90870037520065,100.29762980178349
CC(C)(C)C1OCCCO1,"1,3-dioxane, 2-(1,1-dimethylethyl)-",0.946,0.881,2.008,0.885,0.132,0.121,271.4,301.2,197.0,231.0,79.71008909070875,97.0899770451915,72.84037869726828,90.10658822720995
CC1(C)CCC[C@@H](O)C1,"(S)-3,3-dimethylcyclohexanol",0.8933,0.8396,3.47,1.358,0.122,0.114,,,184.0,216.0,,,56.708741284764834,73.56636145379233
CC1CCCCC1(C)O,"1,2-dimethylcyclohexanol",0.9014,0.8486,2.773,1.131,0.118,0.111,,,184.0,216.0,,,58.691179144546325,75.61992028262824
CC/C=C/OCC(C)C,(E)-1-(2-methylpropoxy)-1-butene,0.7746,0.7184,0.826,0.432,0.138,0.125,276.0,300.6,201.0,230.0,105.33095479155892,120.58398481865036,96.34237476014825,111.83696497809018
CC1CCC(C)(O)CC1,"1,4-dimethylcyclohexanol",0.8928,0.8413,3.136,1.26,0.119,0.112,,,184.0,216.0,,,56.64120744269691,73.31533625730745
CC1CCCC(C)(O)C1,"1,3-dimethylcyclohexanol",0.8875,0.8319,2.817,1.154,0.12,0.112,,,184.0,216.0,,,60.00786459169774,76.78718317868682
C=COCCCCCC,1-(ethenyloxy)hexane,0.7797,0.7247,0.693,0.4,0.14,0.127,279.5,302.6,203.0,231.0,111.53162944976356,124.1136563493071,101.93644388039344,115.0363760137582
CC/C=C/OCC(C)C,"1-butene, 1-(2-methylpropoxy)-, (Z)-",0.768,0.7143,0.82,0.42,0.138,0.125,277.4,301.9,201.0,230.0,104.35319105879891,120.14323446296956,95.31229759145832,111.29300434254944
CCOC=CC(C)(C)C,"1-butene, 1-ethoxy-3,3-dimethyl-, (E)-",0.791,0.732,0.961,0.451,0.126,0.114,268.9,295.0,202.0,231.0,95.15325382961376,112.4403316453808,87.79607310016766,104.96517513856362
CC(C)C(=O)C(C)(C)C,"2,2,4-trimethyl-3-pentanone",0.7904,0.7363,0.987,0.53,0.128,0.117,281.3,307.7,203.0,235.0,94.4045844662684,108.11050365215996,86.1271893455857,100.2164502377042
CCC1(O)CCCCC1,1-ethylcyclohexanol,0.9133,0.861,3.285,1.312,0.123,0.116,,,183.0,215.0,,,57.41141858611038,74.56302028111891
CCO/C=C\C(C)(C)C,"1-butene, 1-ethoxy-3,3-dimethyl-, (Z)-",0.791,0.732,0.961,0.451,0.126,0.114,268.9,295.0,202.0,231.0,95.15325382961376,112.4403316453808,87.79607310016766,104.96517513856362
C=C(OC(C)C)C(C)C,"1-butene, 3-methyl-2-(1-methylethoxy)-",0.778,0.712,0.566,0.323,0.114,0.102,272.1,300.7,204.0,234.0,106.41429225090066,118.31008729680455,98.13180523988058,110.25118401837082
CCCCOC=C(C)C,1-butoxy-2-methylpropylene,0.81,0.748,0.704,0.401,0.131,0.119,280.4,303.9,202.0,230.0,109.58807188829223,122.5648324405845,99.93064076458342,113.32553295537843
CC(=O)O[C@@H](C)C(C)(C)C,"(S)-1,2,2-trimethylpropyl ethanoate",,,,,,,,,,,,,,
CCC(O)C1CCCC1,"1-propanol, 1-cyclopentyl-",0.8907,0.8389,4.042,1.359,0.129,0.121,,,185.0,217.0,,,56.064055508123296,76.09448033913559
CC1(O)CCCCCC1,1-methylcycloheptanol,0.91,0.857,4.176,1.622,0.124,0.117,263.6,289.5,181.0,214.0,60.0365659031936,77.13673948258788,54.01182887571632,70.85082797168658
C=C(CC(C)(C)C)OC,"1-pentene, 2-methoxy-4,4-dimethyl-",0.775,0.719,0.877,0.417,0.11,0.1,262.7,290.7,205.0,235.0,86.69327432936826,102.6670221857145,80.85141943534886,96.70418472007908
CCCC1(O)CCCC1,1-propylcyclopentanol,0.8857,0.834,2.823,1.127,0.122,0.115,,,186.0,217.0,,,59.64081640794471,77.28784741268684
CCCCOCCOC(C)=O,2-butoxyethyl acetate,0.9227,0.8662,1.333,0.67,0.156,0.144,328.0,349.8,225.0,255.0,99.28303480206948,115.8224096516609,89.29531506621497,105.96826838333484
CC1(C)CCC(C)(C)O1,"2,2,5,5-tetramethyltetrahydrofuran",0.792,0.7356,1.061,0.489,0.106,0.096,233.5,264.6,185.0,217.0,77.55867107101461,93.02677075413614,72.64181144864986,87.97910642987026
CCCC(=O)C(C)(C)C,"2,2-dimethyl-3-hexanone",0.7989,0.7448,1.214,0.564,0.131,0.12,270.4,296.6,204.0,234.0,89.55851708948052,107.07442289337916,82.73368698701383,100.16694293795568
C/C=C/C(O)C(C)(C)C,"2,2-dimethyl-4-hexen-3-ol",0.819,0.767,8.303,1.33,0.122,0.114,,,203.0,235.0,,,45.20008262255768,75.09206350793134
CC(C)[C@H]1OC[C@@H](CO)CO1,"1,3-dioxane-5-methanol, 2-(1-methylethyl)-, cis-",1.144,1.081,13.112,3.33,0.16,0.148,,,214.0,249.0,,,48.59876409983299,70.50720196400869
COCCC1COC(C)(C)O1,"1,3-Dioxolane, 4-(2-methoxyethyl)-2,2-dimethyl- (7CI)",1.039,0.974,1.636,0.77,0.149,0.138,299.0,324.2,216.0,248.0,91.90415300938992,109.98920447716104,83.87077804526587,102.00409777675522
CC(C)[C@H]1OC[C@H](CO)CO1,"1,3-dioxane-5-methanol, 2-(1-methylethyl)-, trans-",1.144,1.081,13.112,3.33,0.16,0.148,,,214.0,249.0,,,48.59876409983299,70.50720196400869
CO[C@H]1CO[C@H](C(C)C)OC1,"1,3-dioxane, 5-methoxy-2-(1-methylethyl)-, trans-",1.038,0.975,2.697,1.067,0.154,0.143,293.0,320.3,212.0,246.0,80.5885358392747,101.69734096901038,73.57693314823787,94.42053928096732
C=C(CC(C)(C)C)OC,"1-pentene, 2-methoxy-4,4-dimethyl-",0.9685,0.9304,2.592,0.967,0.146,0.136,,,226.0,259.0,,,67.38025199045777,87.79953667046658
CCCCOC(C)OC(C)=O,1-butoxyethyl ethanoate,0.894,0.8364,1.421,0.598,0.143,0.131,291.1,319.2,224.0,256.0,89.05981495105918,109.4765609097726,82.7316114437791,102.88833976829795
COCCOC1CCCCO1,2-(2-Methoxyethoxy)-tetrahydro-2H-pyran,1.054,0.995,2.846,1.216,0.167,0.155,301.0,324.1,213.0,243.0,83.22926380742375,102.3101766640618,75.51417471328705,94.34868856813908
CC(C)C1COC(C)(O)OC1,"cis-2-hydroxy-2-methyl-5-(1-methylethyl)-1,3-dioxane",1.117,1.051,8.505,2.379,0.146,0.135,,,215.0,250.0,,,52.141105525589744,73.58578577953081
CCCCC(O)C(=O)OCC,ethyl 2-hydroxyhexanoate,1.08,1.02,4.907,1.363,0.151,0.14,,,226.0,259.0,,,61.564931559205434,86.86969181844557
CCCC(O)CC(=O)OCC,"hexanoic acid, 3-hydroxy-, ethyl ester",1.006,0.948,4.076,1.192,0.146,0.136,,,226.0,259.0,,,62.711775667933885,87.5096599947413
CO[C@H]1CO[C@@H](C(C)C)OC1,"cis-5-methoxy-2-(1-methylethyl)-1,3-dioxane",1.038,0.975,2.697,1.067,0.154,0.143,293.0,320.3,212.0,246.0,80.5885358392747,101.69734096901038,73.57693314823787,94.42053928096732
C1COCCOCCOCCO1,"1,4,7,10-tetraoxacyclododecane",1.146,1.09,6.021,2.752,0.19,0.178,313.0,342.0,213.0,251.0,71.74268312357017,87.47558603277484,64.38047479860431,80.1850741025328
CO[C@H]1O[C@@H](C)CC(C)(C)O1,"cis-2-methoxy-4,6,6-trimethyl-1,3-dioxane",1.021,0.959,1.763,0.792,0.143,0.132,289.0,315.8,214.0,246.0,85.39730308406934,103.5271073157783,78.4763845792566,96.50270659439612
CCCCCCOC(=O)CO,hexyl hydroxyethanoate,0.9779,0.9242,3.988,1.298,0.153,0.143,,,226.0,258.0,,,63.859035326106614,86.58263613824889
CCCCCCCC(=O)OO,octaneperoxoic acid,1.06,1.004,4.623,1.394,0.159,0.147,,,226.0,258.0,,,63.72378936014279,87.58875251638723
CCCCOC(C)C(=O)OC,methyl 2-butoxypropanoate,0.9152,0.8538,1.453,0.609,0.146,0.133,308.0,334.4,224.0,256.0,92.9267470994163,113.5825905230578,84.96424174465452,105.35946833553987
CCCCOC(=O)CCOC,"propanoic acid, 3-methoxy-, butyl ester",1.037,0.975,1.639,0.728,0.158,0.146,330.0,351.1,225.0,255.0,97.20668162427496,117.42400543873188,87.2784628390373,107.32155358827494
CC(C)C1COC(C)(O)OC1,"trans-2-hydroxy-2-methyl-5-(1-methylethyl)-1,3-dioxane",1.117,1.051,8.505,2.379,0.146,0.135,,,215.0,250.0,,,52.141105525589744,73.58578577953081
CCC(C)C(C)(C)C,"2,2,3-trimethylpentane",0.7001,0.6515,0.688,0.382,0.1,0.0906,251.0,284.8,194.8,229.4,84.94067801624232,96.74239673795272,79.09497221141002,91.03107513378396
C=COCCOCCOCCO,2-[2-[2-(ethenyloxy)ethoxy]ethoxy]ethanol,1.036,0.984,4.923,1.829,0.194,0.18,,,253.0,280.0,,,71.0926439921591,91.57927508709868
CO[C@H]1O[C@H](C)CC(C)(C)O1,"trans-2-methoxy-4,6,6-trimethyl-1,3-dioxane",1.021,0.959,1.763,0.792,0.143,0.132,289.0,315.8,214.0,246.0,85.39730308406934,103.5271073157783,78.4763845792566,96.50270659439612
CC(C)CC(C)(C)C,"2,2,4-trimethylpentane",0.67533,0.6225,0.598,0.365,0.09134,0.0801,247.0,279.9,197.1,230.4,84.37297102687052,91.37056033409316,79.18319779527278,86.50290511433074
CCCCC(C)(C)C,"2,2-dimethylhexane",0.67846,0.62538,0.671,0.416,0.105,0.094,257.2,289.2,196.7,229.7,91.443816463771,99.84918625099571,84.7993039538413,93.5845247413232
CCOCCOCCOC(C)=O,diethylene glycol monoethyl ether ethanoate,1.099,1.036,2.366,1.004,0.172,0.159,345.0,365.3,241.0,271.0,92.27907424417286,112.79258287065132,83.42113830164216,103.70541900674807
CCC(C)(C)C(C)C,"2,3,3-trimethylpentane",0.71033,0.6605,0.732,0.419,0.101,0.0914,253.8,284.0,196.2,230.8,84.92916093581385,95.45006147030053,78.99681303872963,90.0401054941711
CC(C)CCC(C)C,"2,5-dimethylhexane",0.67741,0.6244,0.589,0.328,0.0929,0.085,256.9,288.5,194.1,227.2,86.80771100931803,99.19945566170014,80.2256501376883,92.75299309448698
CC(C)C(C)C(C)C,"2,3,4-trimethylpentane",0.70336,0.65482,0.62,0.402,0.09992,0.0873,256.0,288.8,200.6,233.9,87.86957676001217,93.18679043586468,82.0439049003553,87.8206335953617
CC[C@@H](C)CC(C)C,"(S)-2,4-dimethylhexane",0.6872,0.6326,0.757,0.354,0.11,0.099,258.3,289.2,197.0,229.0,92.23855449683695,109.31660016489828,85.47030275285724,102.37001311174502
CCCCCC(C)C,2-methylheptane,0.68163,0.63096,0.609,0.361,0.1075,0.084,259.09,289.93,195.3,227.4,94.52808654923642,94.66568714110905,87.30351706846899,88.41270609530662
CCCC(C)(C)CC,"3,3-dimethylhexane",0.69453,0.6487,0.58,0.39,0.105,0.095,255.0,289.7,199.9,234.3,91.19436693490698,98.35612229893027,85.15828352088151,92.6557191888241
CCCC[C@H](C)CC,(S)-3-methylheptane,0.6895,0.6369,0.856,0.393,0.116,0.104,262.4,291.4,197.0,228.0,92.0108945119161,109.0595714129077,84.8824833009173,101.7864456985118
COCCOC1CCCCO1,2-(2-Methoxyethoxy)-tetrahydro-2H-pyran,,,,,,,,,195.9,229.5,,,,
CCC(CC)C(C)C,3-ethyl-2-methylpentane,0.70347,0.6555,0.556,0.334,0.0983,0.098,260.7,290.1,200.2,231.5,89.70698878405017,106.459913260531,83.28516501603913,99.91245419410971
CCC(C)(CC)CC,3-ethyl-3-methylpentane,0.71197,0.6639,0.642,0.398,0.106,0.096,253.8,285.7,196.8,230.4,90.31767623522131,99.47645927568892,84.08112658568267,93.63518832408708
CC[C@@H](C)CC(C)C,"2,4-dimethylhexane",0.681,0.6246,0.568,0.325,0.11,0.098,262.8,294.2,201.0,234.1,101.40900289759782,112.72383000144583,94.04266970464413,105.7058861589604
CCCC[C@H](C)CC,3-methylheptane,0.68944,0.6393,0.59,0.36,0.1126,0.1036,257.11,287.16,194.0,226.2,98.10217558095832,109.53013700154662,90.62975365705351,102.4193779521416
CCCC(C)CCC,4-methylheptane,0.68838,0.6386,0.561,0.346,0.116,0.104,258.6,290.9,195.4,228.2,101.6124677208185,111.24557751282308,93.90996405669,103.9024613505717
CCC(C)C(C)CC,"3,4-dimethylhexane",0.70357,0.6547,0.569,0.351,0.111,0.1,253.1,285.4,191.4,225.9,96.95820914371222,106.58651685437913,89.62904535546754,99.8021056991107
C=COCCOCCOCCO,2-[2-[2-(ethenyloxy)ethoxy]ethoxy]ethanol,0.69702,0.64776,0.524,0.326,0.116,0.104,261.6,290.2,197.5,228.5,91.71798637683716,99.77586013951148,84.74538177202281,93.2874858604564
CCOCCOCCOC(C)=O,diethylene glycol monoethyl ether ethanoate,0.8056,0.7572,5.586,1.241,0.134,0.124,,,214.0,247.0,,,49.16764348867832,73.92189452768761
CCCCCC(O)CC,(R)-3-octanol,0.826,0.774,4.843,1.111,0.132,0.123,,,214.0,247.0,,,56.2506854150433,84.23056848138081
CCC(C)(C)C(C)C,"2,3,3-trimethylpentane",0.829,0.776,4.946,1.134,0.133,0.123,,,214.0,247.0,,,58.64797748873296,87.35885979554052
CCCC(C)(C)OCC,"1,1-dimethylbutyl ethyl ether",0.782,0.724,1.113,0.511,0.121,0.11,284.3,311.9,214.0,245.0,89.2596913188856,106.49417233670869,82.40495839059432,99.5019832784732
CCOC(C)C(C)CC,"1,2-dimethylbutyl ethyl ether",0.798,0.736,0.752,0.394,0.126,0.114,286.5,314.8,213.0,245.0,104.7808871866626,120.0931617794328,96.3975722408092,111.91634817791676
CCCC(C)C(C)OC,"1,2-dimethylpentyl methyl ether",0.803,0.741,0.785,0.405,0.127,0.114,287.4,315.4,213.0,245.0,104.20436422236745,119.2303704927069,95.78263137974167,111.05280176379492
CCCOC(C)C(C)C,"1,2-dimethylpropyl propyl ether",0.798,0.736,0.752,0.394,0.126,0.114,286.6,314.9,213.0,245.0,104.79117380702704,120.103891878165,96.3975722408092,111.91634817791676
CCOC(C)CC(C)C,"1,3-dimethylbutyl ethyl ether",0.79,0.727,0.696,0.371,0.125,0.112,284.8,313.6,213.0,245.0,106.77676059617356,121.01246071616012,98.3983522060294,112.8942772826639
CCC(C)CC(C)OC,"1,3-dimethylpentyl methyl ether",0.795,0.733,0.742,0.396,0.125,0.113,285.6,314.1,213.0,245.0,104.48310540701851,119.09066319335496,96.20872782353004,111.05162625374588
CC(C)(C)C(C)(C)C,"2,2,3,3-tetramethylbutane",0.795,0.733,0.742,0.396,0.125,0.113,285.7,314.2,213.0,245.0,108.41822460822048,123.57483891331889,99.82238065061291,115.22278652415382
CCC(C)(OC)C(C)C,"1-ethyl-1,2-dimethylpropyl methyl ether",0.77,0.713,0.831,0.449,0.114,0.103,277.9,307.6,213.0,246.0,91.8002984753571,104.42013948152568,85.18270507681439,98.058164505045
CCC(OC)C(C)(C)C,"1-ethyl-2,2-dimethylpropyl methyl ether",0.763,0.708,0.852,0.452,0.114,0.104,273.2,303.4,213.0,246.0,89.81477829368981,103.50070902905608,83.74115857119752,97.57136684029886
COCCC1COC(C)(C)O1,"1,3-Dioxolane, 4-(2-methoxyethyl)-2,2-dimethyl- (7CI)",,,,,,,,,,,,,,
CC(C)[C@H]1OC[C@H](CO)CO1,"1,3-dioxane-5-methanol, 2-(1-methylethyl)-, trans-",,,,,,,,,192.2,226.4,,,,
CCC(C)C(CC)OC,1-ethyl-2-methylbutyl methyl ether,0.802,0.741,0.786,0.405,0.126,0.114,287.3,315.3,213.0,245.0,103.09413100011672,118.67565945016428,94.77140367623656,110.5459968301335
CCC(CC(C)C)OC,1-ethyl-3-methylbutyl methyl ether,0.795,0.733,0.742,0.396,0.125,0.113,285.6,314.1,213.0,245.0,104.48310540701851,119.09066319335496,96.20872782353004,111.05162625374588
CCCCCC(C)C,"(3RS,4RS)-dimethylhexane",,,,,,,,,190.7,225.3,,,,
CCCC(C)CCC,4-methylheptane,0.781,0.723,0.832,0.429,0.131,0.118,282.2,309.4,213.0,244.0,106.19315415424074,121.79721855424197,98.11333001350498,113.9270273555111
CCC(CC)OC(C)C,1-ethylpropyl 1-methylethyl ether,0.787,0.723,0.673,0.36,0.124,0.111,284.6,313.6,213.0,245.0,107.62499143268874,121.7956118695146,99.19962631359022,113.6248903363759
CCCCCCC(O)CO,"1,2-octanediol",0.949,0.901,32.666,2.375,0.158,0.148,,,232.0,265.0,,,36.223121880748664,75.0008933010778
CC(C)C(O)C(C)(C)CO,"1,3-pentanediol, 2,2,4-trimethyl-",,,,,,,,,232.0,268.0,,,,
CCCOC(CC)CC,1-ethylpropyl propyl ether,0.777,0.719,0.798,0.417,0.13,0.118,282.1,309.5,213.0,244.0,102.97819047434028,118.33939979210838,95.1524665262182,110.68258118549991
CCCCC(C)CCO,"1-heptanol, 3-methyl-",0.7731,0.72603,9.701,1.722,0.133,0.124,307.0,331.4,214.0,247.0,50.06480847619253,79.104473203871,45.23201430813169,72.82685176944476
CCCCC(C)COC,1-methoxy-2-methylhexane,0.787,0.73,0.864,0.438,0.131,0.119,285.1,311.9,213.0,244.0,101.06406862605064,117.10621791983672,93.1063374993824,109.29145012265587
CCCCCOC(C)C,1-isopropoxypentane,0.7462,0.6895,0.831,0.435,0.131,0.118,288.7,315.5,213.0,244.0,102.3864785934026,116.82691418649324,93.99226356044451,108.67937764616045
OCCCCCCCCO,"1,8-octanediol",,,,,,,,,232.0,264.0,,,,
CCOC(OCC)C(C)C,"1,1-diethoxy-2-methylpropane",0.858,0.792,1.037,0.53,0.139,0.126,307.4,334.1,229.0,260.0,103.21819732836887,118.92768407126866,95.01384523661577,110.82774887163414
CCCC(OCC)OCC,"1,1-diethoxybutane",0.864,0.801,1.111,0.562,0.145,0.131,312.0,336.7,229.0,259.0,103.43256474864208,118.99571730267844,94.814187468315,110.52971908761218
CCCOCCOCCC,"1,2-dipropoxyethane",0.8218,0.7655,1.168,0.653,0.154,0.14,316.0,340.0,229.0,258.0,103.55253848552788,116.249599040851,94.58461370890711,107.56601201420922
CCCC(O)CCCCO,"1,5-octanediol",0.9334,0.888,32.141,5.068,0.16,0.149,,,232.0,265.0,,,36.14831845280398,59.94715831255579
CCCCC(C)(CO)CO,"1,3-propanediol, 2-butyl-2-methyl-",0.955,0.907,90.052,9.482,0.148,0.139,350.0,372.0,232.0,266.0,29.169494590955747,53.43071196950556,25.98330155203221,48.62016592684349
CCC(CO)(CO)C(C)C,"1,3-propanediol, 2-ethyl-2-isopropyl-",0.885,0.841,29.379,4.162,0.135,0.128,304.0,332.7,232.0,267.0,35.093682057276126,60.031626935999,32.52433069922599,56.4292500382993
CCC(O)CCCCCO,"1,6-octanediol",0.9349,0.89,33.159,5.169,0.161,0.15,,,232.0,265.0,,,35.88149533413874,59.716284975409
CC(O)CCCCCCO,"1,7-octanediol",0.9318,0.8856,27.903,4.517,0.158,0.147,,,232.0,265.0,,,37.46020069467094,61.62341776170075
COCCCCCCOC,"1,6-dimethoxyhexane",0.8396,0.7883,2.144,0.863,0.152,0.14,303.0,326.2,229.0,258.0,83.25006349255246,103.49103390139828,76.9443053458126,96.88316365109566
CCCCOCCOCC,1-butoxy-2-ethoxyethane,0.8233,0.7666,1.142,0.639,0.153,0.14,318.0,339.9,229.0,258.0,104.1149778494616,117.1839455126208,94.92971639125582,108.43953760380091
CCOCCOC(C)CC,1-ethoxy-2-(1-methylpropoxy)ethane,0.8147,0.7573,1.313,0.647,0.147,0.134,315.0,339.1,229.0,259.0,97.3466625294661,113.47162085579448,88.9954962321239,105.18826089006362
CCCCOCCCOC,1-butoxy-3-methoxypropane,0.8248,0.7698,0.958,0.572,0.154,0.141,320.0,341.4,229.0,258.0,109.15836680510851,120.62591387743012,99.35278866804248,111.48648233650584
CCOCCOCC(C)C,1-ethoxy-2-(2-methylpropoxy)ethane,0.8125,0.7533,1.231,0.611,0.146,0.132,316.0,340.0,229.0,259.0,99.59285240945896,115.15518538631486,90.96784696044293,106.66936336511802
CCOCCCCCOC,1-ethoxy-5-methoxypentane,0.8302,0.7749,1.024,0.658,0.154,0.141,320.0,341.4,229.0,258.0,107.29570162719348,116.14318473357888,97.6574446903232,107.3433949396872
CCOCCOCCOCC,"3,6,9-trioxaundecane",0.88758,0.8297,1.089,0.575,0.174,0.159,363.0,380.0,245.0,273.0,117.34503473604636,133.33337009175898,105.0595179483447,121.48937090899288
CCCOCCCCOC,1-methoxy-4-propoxybutane,0.8276,0.7725,1.003,0.66,0.154,0.141,320.0,341.4,229.0,258.0,107.81299598867368,115.92586113726313,98.12827105828336,107.14253724250464
CCOCCC(C)CCO,"1-pentanol, 5-ethoxy-3-methyl-",0.881,0.8294,4.654,1.206,0.152,0.141,346.0,366.7,230.0,262.0,69.60223498057958,98.00564473910238,62.04904748647768,89.161750090801
CCOC(C)COC(C)CO,"1-propanol, 2-(2-ethoxypropoxy)-",1.0,0.942,3.5,1.253,0.16,0.148,,,246.0,278.0,,,71.34670806593792,93.2121366054711
CCOCCOC(C)(C)C,1-tert-butoxy-2-ethoxyethane,0.868,0.805,1.555,0.683,0.136,0.124,314.0,339.4,230.0,260.0,90.02492159422334,108.52871207543096,82.47654923737517,100.6902483351393
COCCOCCOCCOC,"2,5,8,11-tetraoxadodecane",0.96607,0.90859,1.537,0.741,0.158,0.147,370.07,385.5,261.0,289.0,97.11366234282102,114.51921250278458,88.02844936297674,105.60397297952906
CC(C)CCOCC(O)CO,"3-(isopentyloxy)propane-1,2-diol",0.984,0.932,3.963,1.395,0.16,0.15,,,247.0,281.0,,,66.88845462183004,88.82143806445242
CCCCCOCC(O)CO,"3-(pentyloxy)propane-1,2-diol",0.967,0.918,4.447,1.416,0.165,0.155,,,248.0,280.0,,,65.1797591029459,88.9676088893614
CCCCOCCOCCO,"3,6-dioxa-1-decanol",0.93673,0.883,3.467,1.121,0.1594,0.1479,362.1,380.0,247.0,276.0,77.84750674675132,102.73113811738072,69.90558858919412,93.89375302326695
OCCOCCOCCOCCO,"3,6,9-trioxa-1,11-undecanediol",1.10891,1.0635,20.516,3.827,0.1881,0.1839,431.3,457.6,280.0,310.0,50.644967268903656,81.255506029944,44.84958072723296,72.82460329280174
COCC(O)COOC(C)(C)C,1-(Tert-butyldioxy)-3-methoxy-2-propanol,0.993,0.939,3.827,1.395,0.155,0.146,,,263.0,295.0,,,66.14480582405258,86.92435838639804
C#Cc1ccccc1O,o-ethynylphenol,1.085,1.035,23.963,4.444,0.107,0.101,,,146.6,167.7,,,28.193752964258852,45.12469721839041
C#Cc1ccccc1,1-phenylethyne,0.9107,0.8549,1.109,0.55,0.1,0.093,184.5,203.2,120.6,141.7,73.06977655904909,86.80722088993541,64.83298207376228,78.43632794813458
CCOC(C)(OCC)OCC,triethyl orthoacetate,0.91,0.847,1.758,0.779,0.147,0.135,317.0,342.2,246.0,275.0,89.56256766961042,108.22454367638429,83.39665104407312,101.7693696666946
CCOCCOCCOCCO,2-(2-(2-ethoxyethoxy)ethoxy)ethanol,1.0041,0.9553,4.223,1.424,0.178,0.168,,,263.0,292.0,,,69.06884865206025,92.6442854361601
O=Cc1cccc(C=O)c1,isophthalaldehyde,,,,,,,,,149.3,171.6,,,,
O=Cc1cccc(C(=O)O)c1,3-Formylbenzoic acid,,,,,,,,,159.2,182.6,,,,
O=Cc1ccc2c(c1)OCO2,"3,4-(methylenedioxy)benzaldehyde",1.389,1.326,,,,,255.0,269.0,151.6,176.0,,,,
CCOCOCOCOCOCC,"3,5,7,9,11-pentaoxatridecane",0.9938,0.9376,2.616,1.269,0.203,0.188,379.0,396.0,277.0,304.0,97.76704835903102,114.80757282539612,89.51397706609345,106.57889636969784
O=Cc1ccc(C(=O)O)cc1,4-carboxybenzaldehyde,,,,,,,,,159.2,182.6,,,,
O=Cc1ccccc1C(=O)O,3-hydroxyphthalide,,,,,,,,,159.2,182.6,,,,
C#CC#CC#CC#C,"1,3,5,7-octatetrayne",0.93,0.88,2.903,1.08,0.0745,0.0694,222.3,225.9,137.5,148.2,46.620696276508376,58.77659553944503,40.72763890248037,52.204433959233086
O=C(O)C(=O)c1ccccc1,benzoylformic acid,,,,,,,,,159.7,182.5,,,,
c1ccc2occc2c1,"2,3-benzofuran",1.0533,0.9954,1.434,0.663,0.172,0.16,185.9,203.8,121.6,144.0,97.5602148302665,118.07986524151696,86.5797385986011,107.08880741859224
CCOCCCOCC(C)O,1-(3-ethoxypropoxy)-2-propanol,,,,,,,,,,,,,,
O=C1OCc2ccccc21,phthalide,1.281,1.234,11.71,2.998,0.169,0.162,209.8,226.9,136.1,160.2,50.23558887721842,73.08570531283729,44.4776574319526,66.26859505845597
C=Cc1ccccc1O,2-hydroxystyrene,1.18,1.12,4.407,1.188,0.135,0.129,,,149.8,173.7,,,56.54804535764834,82.50178295516285
C=Cc1ccc(O)cc1,4-hydroxystyrene,,,,,,,,,149.8,173.7,,,,
O=C(O)c1ccc(C(=O)O)cc1,"1,4-benzenedicarboxylic acid",,,,,,,,,177.3,204.6,,,,
O=Cc1ccc(C(=O)O)cc1,4-carboxybenzaldehyde,1.01145,0.959,1.264,0.594,0.162,0.151,209.4,228.3,145.4,167.9,91.02809290431344,109.6579275122748,82.15123038931213,100.57709360258524
CCOC(C)(OCC)OCC,triethyl orthoacetate,1.098,1.044,2.641,0.91,0.147,0.139,204.9,224.5,140.3,164.8,67.64933681833858,89.97520080416213,60.81267584731937,82.48134401402454
COCC(C)OCC(C)OC,dipropylene glycol dimethyl ether,,,,,,,,,,,,,,
C#Cc1ccccc1O,o-ethynylphenol,1.556,1.492,35.347,7.038,0.174,0.165,303.0,312.0,161.5,187.0,47.128689639011064,72.01920189365117,39.48339468790979,62.36079755383001
c1ccc2c(c1)CCO2,"2,3-dihydrobenzo[b]furan",1.0564,1.001,1.799,0.809,0.14,0.131,202.5,221.3,130.5,155.0,79.48905768368587,97.28553423947152,70.24755698472647,88.01269166889281
C#CC#CC#CC#C,"1,3,5,7-octatetrayne",1.21,1.16,9.091,2.155,0.144,0.136,,,149.8,173.7,,,48.59526774803114,72.89474592207705
Cc1ccccc1C=O,2-methylbenzaldehyde,1.0195,0.9655,1.187,0.518,0.15,0.14,223.5,240.1,144.8,168.0,95.84438439968504,117.51320620456588,84.82797510775632,106.28252460038846
O=C1OC(=O)c2ccccc21,"1,2-benzenedicarboxylic acid, anhydride",,,,,,,,,141.7,165.4,,,,
CCOCOCOCOCOCC,"3,5,7,9,11-pentaoxatridecane",1.0011,0.9499,1.329,0.568,0.15,0.141,221.3,238.0,144.8,168.0,79.68465279959713,98.80954276945349,70.72217513487018,89.58747423529233
Cc1cccc(C=O)c1,m-methylbenzaldehyde,1.0045,0.951,1.493,0.62,0.154,0.144,246.1,259.6,144.8,168.0,93.84096659272542,116.2315172546327,80.83454014450861,102.83939171808905
CC(C)(CCC(C)(C)OO)OO,"2,5-bis(hydroperoxy)-2,5-dimethylhexane",,,,,,,,,265.0,299.0,,,,
C1=C\C=C/C=C\C=C/1,"1,3,5,7-cyclooctatetraene",0.9004,0.8458,1.076,0.538,0.147,0.137,189.0,205.2,128.7,152.0,96.7340399757905,114.3710087728905,86.82305551363355,105.1121846626348
c1ccc2occc2c1,"2,3-benzofuran",1.012,0.9559,1.235,0.638,0.166,0.155,237.2,252.2,143.7,167.2,105.28214837137726,122.7822071873001,91.43817860450572,109.3757157829176
C=COc1ccccc1,phenyl vinyl ether,0.9604,0.9056,1.77,0.674,0.156,0.145,238.9,252.6,145.5,167.4,90.14334747587756,113.99226005641744,78.40700025694136,101.53441549823864
C=Cc1ccc(O)cc1,4-hydroxystyrene,,,,,,,,,132.4,155.1,,,,
c1ccc2c(c1)COC2,phthalan,1.068,1.0124,1.966,0.849,0.14,0.132,194.8,214.5,130.5,155.0,76.76563145235633,95.75325078395448,68.58461281632061,87.39032112193479
OCCOCCOCCOCCO,"3,6,9-trioxa-1,11-undecanediol",,,,,,,,,178.6,206.4,,,,
C=CC#C/C=C/C=C,"1,3,7-octatrien-5-yne",0.827,0.771,1.064,0.441,0.143,0.131,223.2,238.1,148.1,167.9,100.40386968304593,122.99463509256658,89.46226997991852,111.4834785416299
CC(=O)c1ccccc1O,2'-hydroxyacetophenone,1.098,1.0456,20.947,4.208,0.16,0.152,,,165.8,189.5,,,39.408814247189774,61.94193042255939
C=Cc1cccc(O)c1,m-vinylphenol,,,,,,,,,165.8,189.5,,,,
Cc1cccc(C=O)c1,m-methylbenzaldehyde,,,,,,,,,165.3,189.7,,,,
C=Cc1ccccc1,styrene,0.8884,0.8447,0.643,0.378,0.135,0.125,185.8,205.8,126.3,149.8,98.31216781281933,111.16716936704242,88.19611943590992,101.66602365282412
O=C(O)c1ccc(C(=O)O)cc1,"1,4-benzenedicarboxylic acid",0.844,0.783,0.604,0.285,0.116,0.106,185.9,207.1,132.4,155.1,86.43196423240431,103.15416132962672,78.56211751678133,95.09646852235892
O=C(O)c1cccc(C(=O)O)c1,m-phthalic acid,,,,,,,,,177.4,204.6,,,,
C=C1C=CC=CC=C1,"7-methylene-1,3,5-cycloheptatriene",0.831,0.785,0.806,0.369,0.129,0.12,158.9,182.4,128.6,151.6,86.6911694032595,106.58577860211612,81.6823442813883,101.18209365397436
C1=C\C=C/C=C\C=C/1,"1,3,5,7-cyclooctatetraene",,,,,,,,,159.6,185.0,,,,
Cc1cccc(C(=O)O)c1,3-methylbenzoic acid,,,,,,,,,155.9,182.1,,,,
c1ccc2c(c1)CC2,"bicyclo[4.2.0]octa-1,3,5-triene",0.992,0.937,1.018,0.48,0.126,0.117,185.0,203.5,122.2,144.9,87.60168222012443,105.40746437487807,77.95611167025599,95.80335840076484
CC(=O)c1ccc(O)cc1,4'-hydroxyacetophenone,,,,,,,,,165.8,189.5,,,,
Cc1ccc(C=O)c(O)c1,2-hydroxy-4-methylbenzaldehyde,1.132,1.083,47.703,6.556,0.151,0.144,,,165.3,189.7,,,29.404583303673316,51.62665354927369
Cc1cc(O)ccc1C=O,4-hydroxy-2-methylbenzaldehyde,,,,,,,,,165.3,189.7,,,,
Cc1cc(C=O)ccc1O,4-hydroxy-3-methylbenzaldehyde,,,,,,,,,165.3,189.7,,,,
c1ccc2c(c1)OCCO2,"2,3-dihydro-1,4-benzodioxin",1.202,1.144,4.908,1.573,0.155,0.146,216.3,236.1,143.8,169.7,64.24665535523734,86.87437498101129,57.276530010419854,79.16793082731535
Cc1ccc(C(=O)O)cc1,4-methylbenzoic acid,,,,,,,,,155.9,182.1,,,,
COc1ccccc1C=O,2-methoxybenzaldehyde,1.1175,1.0704,3.221,1.046,0.166,0.157,235.0,251.3,160.9,183.4,73.35047867831516,98.53729478000324,65.93648290916067,90.18217803186596
O=CCc1ccccc1,phenylethanal,1.1031,1.0501,2.357,0.828,0.167,0.156,261.0,273.6,160.9,183.4,88.70336445439814,114.87750978194352,77.4182469733383,102.65225347327272
C=c1ccccc1=C,"5,6-bis(methylene)-1,3-cyclohexadiene",1.06939,1.01079,1.25,0.634,0.149,0.139,221.02,241.6,153.7,178.8,99.82574021745684,117.86041010689785,90.12915434158154,108.29134888593435
O=C(O)C(O)c1ccccc1,(S)-2-hydroxy-2-phenylacetic acid,,,,,,,,,171.0,197.5,,,,
Cc1ccc(C(=O)O)c(O)c1,2-hydroxy-4-methylbenzoic acid,,,,,,,,,175.0,200.6,,,,
Cc1ccc(O)c(C(=O)O)c1,2-hydroxy-5-methylbenzoic acid,,,,,,,,,175.0,200.6,,,,
CC(=O)C=Cc1ccco1,4-(2-furyl)-3-buten-2-one,1.111,1.056,3.87,1.335,0.178,0.166,243.0,259.2,160.3,183.6,77.23172232833919,100.90675533834823,68.70248961278966,91.5781995477271
COc1ccccc1C(=O)O,2-methoxybenzoic acid,,,,,,,,,170.8,194.4,,,,
O=C(O)C(O)c1ccccc1,2-phenylglycolic acid,,,,,,,,,171.0,197.5,,,,
COc1ccc(C=O)cc1O,3-hydroxy-p-anisaldehyde,,,,,,,,,181.0,205.0,,,,
Cc1ccc(C(=O)O)cc1O,3-hydroxy-p-toluic acid,,,,,,,,,175.0,200.6,,,,
O=C1OC(=O)C2=C1CCCC2,"3,4,5,6-tetrahydrophthalic anhydride",,,,,,,,,159.5,187.4,,,,
COc1cccc(C=O)c1O,3-methoxysalicylaldehyde,,,,,,,,,181.0,205.0,,,,
O=COCc1ccccc1,benzyl methanoate,1.118,1.056,1.878,0.786,0.168,0.157,254.0,268.2,159.8,182.5,95.08797706670651,117.5013463270205,83.46646691871808,105.4412715970384
Cc1ccc2c(c1)OCO2,"5-methyl-1,3-benzodioxole",1.208,1.143,2.732,0.954,0.143,0.134,226.0,244.5,147.1,172.4,74.73914259226271,98.04050098769842,66.23489500659032,88.86292599870333
CC1=CC(=O)C(C)=CC1=O,p-xyloquinone,1.22,1.161,1.967,0.784,0.176,0.164,278.0,291.9,160.4,185.8,98.16578625934746,122.53356708877229,84.09580572245036,107.9113892555674
Cc1cccc(C(=O)O)c1O,3-methylsalicylic acid,,,,,,,,,175.0,200.6,,,,
Cc1cc(C(=O)O)ccc1O,4-Hydroxy-3-methylbenzoic acid,,,,,,,,,175.0,200.6,,,,
CC(=O)Oc1ccccc1,phenyl ethanoate,1.05553,0.9959,1.876,0.743,0.15,0.14,229.7,248.9,150.7,176.5,84.30165874578121,106.47803056378996,74.87637142571464,96.66460779475833
COc1ccc(C(=O)O)cc1,4-methoxybenzoic acid,,,,,,,,,170.8,194.4,,,,
O=C(O)Cc1ccc(O)cc1,4-hydroxyphenylethanoic acid,,,,,,,,,174.0,199.8,,,,
O=C(O)c1ccc(CO)cc1,"benzoic acid, 4-(hydroxymethyl)-",,,,,,,,,172.0,197.3,,,,
O=C1OC(=O)[C@@H]2CC=CC[C@H]12,"cis-4-cyclohexene-1,2-dicarboxylic anhydride",,,,,,,,,158.0,186.5,,,,
COC(=O)c1ccccc1O,methyl 2-hydroxybenzoate,1.16295,1.10095,11.178,2.362,0.1395,0.1335,,,171.0,198.1,,,43.679333521692485,68.30097317448747
O=C(O)Cc1ccccc1O,o-hydroxyphenylacetic acid,,,,,,,,,174.0,199.8,,,,
COC(=O)c1ccc(O)cc1,methyl 4-hydroxybenzoate,,,,,,,,,171.0,198.1,,,,
COc1cc(C(=O)O)ccc1O,4-hydroxy-3-methoxybenzoic acid,,,,,,,,,191.0,216.0,,,,
COc1ccc(C=O)cc1,4-methoxybenzaldehyde,,,,,,,321.0,325.0,160.9,183.4,,,,
C12C3C4C1C1C2C3C41,"pentacyclo[4.2.0.02,5.03,8.04,7]octane",,,,,,,,,108.0,138.0,,,,
C1=CC2C3C=CC2C13,"tricyclo[3.3.0.02,6]octa-3,7-diene",,,,,,,,,136.5,161.1,,,,
COc1cccc(C(=O)O)c1,m-anisic acid,,,,,,,,,170.8,194.4,,,,
CC(=O)c1c(O)cc(C)oc1=O,3-acetyl-4-hydroxy-6-methyl-2H-pyran-2-one,1.343,1.289,6.552,2.327,0.22,0.209,311.0,324.0,190.0,217.0,77.93060435522575,101.66394672679948,67.84345156639299,90.82319537293556
COC(=O)c1cc(O)c(O)c(O)c1,"gallic acid, methyl ester",1.43,1.374,76.923,13.828,0.168,0.159,341.0,356.0,212.0,241.0,32.45088194885149,51.162518704964825,28.389711252524343,45.84483627486689
C1=CC2C3C=CC2C13,"tricyclo[3.3.0.02,6]octa-3,7-diene",0.8932,0.8411,2.378,0.628,0.126,0.117,212.1,236.4,147.7,175.8,70.62304070459622,100.3988573304993,63.787745914868054,92.37310548994442
CC=Cc1ccccc1,(E)-1-propenylbenzene,0.897,0.853,1.784,0.657,0.142,0.133,215.2,236.8,150.4,176.7,77.10179576341265,100.08023335225404,69.71011189970096,92.16847016537804
COc1cc(C=O)ccc1O,3-methoxy-4-hydroxybenzaldehyde,,,,,,,,,181.0,205.0,,,,
CC=Cc1ccccc1,(Z)-1-propenylbenzene,0.8957,0.847,1.552,0.59,0.141,0.131,205.3,228.2,143.0,170.3,81.0071416682691,103.9055533419923,73.17189866744003,95.69411942457972
C=Cc1cccc(C)c1,1-ethenyl-3-methylbenzene,0.8859,0.8361,1.535,0.574,0.126,0.118,213.0,235.5,147.0,174.3,76.20584515380928,98.61700404958609,68.65646960889022,90.61241727691171
C=Cc1ccccc1C,1-ethenyl-2-methylbenzene,0.89503,0.8436,1.508,0.569,0.126,0.118,212.8,235.5,146.5,174.0,77.26380700854901,99.7597227860317,69.56131916037086,91.61797611953482
C=Cc1ccc(C)cc1,1-ethenyl-4-methylbenzene,0.8761,0.823,1.587,0.608,0.126,0.118,204.5,227.4,144.2,171.2,75.99440213714789,97.83274314269596,68.88116782974126,90.32410817616147
C=CCc1ccccc1,2-propenylbenzene,0.8873,0.837,1.228,0.49,0.136,0.126,212.5,235.5,153.6,180.0,85.90541083511991,108.38688497553636,78.40906947758658,100.494859463653
CC=Cc1ccccc1,1-propenylbenzene,0.8928,0.8424,1.77,0.653,0.142,0.133,215.0,236.9,151.6,177.8,80.26087051355718,104.16850271629352,72.74775782127584,96.0897521892022
C=CC#C/C=C(\C)C=C,"3-methyl-1,3,7-octatrien-5-yne",0.8228,0.7714,1.483,0.57,0.135,0.124,257.1,274.6,173.0,197.2,86.01713574036962,107.87366083790204,76.94592620577723,98.28025426676946
C#C/C=C1\CC=CCC1,4-(2-propynylidene)-cyclohexene,0.916,0.8602,1.747,0.825,0.099,0.0917,254.8,272.4,157.7,183.7,67.09630158282697,79.91140527268978,58.62525429344852,71.52846669735908
CC(=O)c1ccc(C)cc1,(4-methylphenyl) methyl ketone,0.9925,0.9444,1.471,0.868,0.152,0.143,247.0,266.2,171.0,196.6,87.91923576503365,99.6832400900744,79.27934570455673,91.53689217681692
c1ccc(C2CC2)cc1,cyclopropylbenzene,0.9255,0.875,1.729,0.651,0.133,0.124,212.0,235.1,148.9,176.2,76.81659436032831,98.9809291134256,69.54918573517422,91.26822878085454
c1ccc2c(c1)CCC2,indane,0.9449,0.8898,1.132,0.612,0.126,0.118,196.7,223.3,138.2,167.6,83.5262311946584,98.1696471471475,75.6311374537785,90.55722640278856
CC(=O)c1ccc(C)cc1,(4-methylphenyl) methyl ketone,,,,,,,,,156.8,185.1,,,,
C=Cc1ccc(O)c(C)c1,4-vinyl-2-methylphenol,,,,,,,,,175.0,202.4,,,,
c1ccc2c(c1)CCCO2,"3,4-dihydro-2H-1-benzopyran",1.0475,0.9959,3.055,1.265,0.143,0.134,220.24,246.17,152.4,181.1,67.65824318903653,85.3776614971266,61.00110292990334,78.3145171258121
C=CCc1ccccc1O,2-allylphenol,1.0118,0.962,13.837,3.119,0.151,0.141,,,174.0,201.6,,,42.62280736647919,64.30583036169189
C/C=C\Oc1ccccc1,(Z)-1-phenoxy-1-propene,0.969,0.915,1.858,0.699,0.157,0.146,238.8,258.9,167.7,193.2,86.23096399337216,110.2286980728636,78.06984853787549,101.515985627843
C=Cc1ccc(OC)cc1,1-methoxy-4-ethenylbenzene,1.152,1.091,1.215,0.504,0.145,0.136,257.4,275.1,171.0,196.2,97.00422302000696,120.89601583700708,86.46259467933004,109.93083209677948
Oc1cccc2c1CCC2,"2,3-dihydro-1H-inden-4-ol",1.0866,1.039,8.191,2.502,0.132,0.125,261.0,279.3,155.6,185.0,49.62904487933611,67.90330251570646,42.90888613477358,60.473701227022175
c1ccc(C2CC2)cc1,cyclopropylbenzene,1.0136,0.959,1.875,0.813,0.137,0.128,233.4,255.2,155.0,183.3,80.5536711282234,99.51112164370365,71.7924665859859,90.66584016518304
CC1(c2ccccc2)CO1,2-methyl-2-phenyloxirane,1.0049,0.954,3.284,1.111,0.139,0.13,233.0,256.2,165.3,193.7,65.74258304388407,87.28789940425402,59.69111573996015,80.68453428770418
C=CC(O)c1ccccc1,"2-propene, 1-hydroxy-1-phenyl-",0.852,0.806,6.808,2.109,0.151,0.141,,,171.0,199.3,,,50.63691243875189,69.97703147502537
CC(C=O)c1ccccc1,2-phenylpropanal,0.9837,0.9313,1.83,0.773,0.159,0.148,241.0,266.4,168.0,196.1,86.8790786123292,108.15887716487656,78.49343108599176,99.22779504218173
CC(=O)c1ccccc1C,2-methylacetophenone,0.9984,0.9476,2.204,0.918,0.151,0.142,252.9,271.6,171.0,196.6,79.83320763880862,99.70459914987872,71.51149862751735,91.04074251051011
Cc1cccc(C(=O)O)c1C,"2,3-dimethylbenzoic acid",,,,,,,,,182.7,210.8,,,,
Cc1cc(C)cc(C=O)c1,"3,5-dimethylbenzaldehyde",1.011,0.959,2.374,0.845,0.141,0.132,257.0,276.1,170.0,196.8,75.25515922909092,97.92751013920991,66.99576846273975,89.03115166719866
Cc1ccc(C)c(C(=O)O)c1,"2,5-dimethylbenzoic acid",,,,,,,,,180.1,208.5,,,,
Cc1ccc(C(=O)O)cc1C,"3,4-dimethylbenzoic acid",,,,,,,,,180.9,209.5,,,,
Oc1ccc2c(c1)CCC2,5-indanol,1.0819,1.035,8.319,2.512,0.131,0.124,254.0,273.2,154.1,183.9,48.56650122749975,66.74041172817259,42.19742747588796,59.708161998213015
c1ccc(C2OCCO2)cc1,"1,3-dioxolane, 2-phenyl-",1.093,1.039,2.745,1.347,0.168,0.158,225.0,264.0,165.0,195.3,77.28347382784297,94.49978119846467,70.82652367702117,86.81767664512509
CCc1ccccc1C(=O)O,2-ethylbenzoic acid,,,,,,,,,184.0,213.5,,,,
COc1ccccc1C(C)=O,2'-methoxyacetophenone,1.0628,1.0142,8.28,2.071,0.165,0.156,261.0,279.9,187.0,212.0,56.60346848240534,81.87991721142366,51.53604817030448,75.72403668618489
CC1=CC(=O)C(C)=C(C)C1=O,"2,3,5-trimethyl-1,4-benzoquinone",1.0779,1.0257,1.763,0.692,0.158,0.149,267.0,288.7,186.0,214.5,87.05423696109533,110.98876770784614,78.63688227109027,102.09062150671552
C=Cc1ccc(OC)cc1,1-methoxy-4-ethenylbenzene,,,,,,,,,180.1,210.2,,,,
O=C(O)CCc1ccccc1,3-phenylpropanoic acid,,,,,,,,,178.0,206.1,,,,
CC(=O)c1ccc(O)c(C)c1,4-hydroxy-3-methylacetophenone,,,,,,,,,191.0,218.0,,,,
COc1ccc(C(C)=O)cc1,4'-methoxyacetophenone,1.0827,1.0316,,,,,291.0,306.0,187.0,212.0,,,,
Cc1ccc(C(=O)O)c(C)c1,"2,4-dimethylbenzoic acid",,,,,,,,,180.1,208.5,,,,
COC(=O)c1ccc(C)cc1,"benzoic acid, 4-methyl-, methyl ester",,,,,0.141,0.131,249.11,275.5,176.5,204.5,,,,
COc1cccc(C(C)=O)c1,3'-methoxyacetophenone,1.0779,1.0262,10.112,2.534,0.169,0.16,279.0,294.8,187.0,212.0,56.44199702184632,81.34309854048811,50.433946456186035,74.13800740947039
COc1ccc(CC(=O)O)cc1,(4-methoxyphenyl)ethanoic acid,,,,,,,,,195.0,222.0,,,,
C/C=C\Oc1ccccc1,(Z)-1-phenoxy-1-propene,,,,,,,,,178.1,206.8,,,,
CC(=O)OCc1ccccc1,benzyl ethanoate,1.0367,0.98028,1.503,0.712,0.152,0.142,177.0,222.0,175.0,204.4,80.62559657405363,100.96753148645776,80.36827824580111,98.6485989418336
CCOc1cc(C=O)ccc1O,3-ethoxy-4-hydroxybenzaldehyde,,,,,,,,,206.0,233.0,,,,
CCc1ccc(C(=O)O)cc1,4-ethylbenzoic acid,,,,,,,,,180.1,210.2,,,,
O=C(O)CCc1ccc(O)cc1,3-(4-hydroxyphenyl)propanoic acid,,,,,,,,,198.0,228.0,,,,
CCOc1cccc(C=O)c1O,3-ethoxysalicylaldehyde,,,,,,,,,206.0,233.0,,,,
COCC(=O)c1ccccc1,"acetophenone, 2-methoxy-",1.067,1.016,6.748,2.067,0.179,0.169,266.0,284.5,186.0,211.1,64.78354809569232,88.364381461265,58.581369028655246,81.24982590286736
CC(=O)c1ccccc1C,2-methylacetophenone,,,,,,,,,181.1,209.4,,,,
CC1=CCC2C(=O)OC(=O)C2C1,"4-methyl-cyclohex-4-ene-1, 2-dicarboxylic acid anhydride",,,,,,,,,183.0,215.0,,,,
c1ccc2c(c1)OCCCO2,"2H-1,5-benzodioxepin, 3,4-dihydro-",,,,,0.157,0.147,268.0,287.4,166.0,195.7,,,,
CCOC(=O)c1ccccc1O,ethyl 2-hydroxybenzoate,1.1102,1.0542,1.824,0.782,0.151,0.142,313.0,331.7,195.0,226.0,86.5220001524391,106.78291121601548,75.73849388519498,95.85764598051504
COc1ccccc1CC(=O)O,2-methoxyphenylacetic acid,1.203,1.151,31.588,5.734,0.165,0.157,,,195.0,222.0,,,35.444495784938226,57.32445769504387
COc1ccc(C(=O)O)c(OC)c1,"2,4-dimethoxybenzoic acid",,,,,,,,,212.0,238.0,,,,
COc1cccc(CC(=O)O)c1,3-methoxyphenylacetic acid,1.226,1.172,30.995,5.546,0.167,0.158,,,195.0,222.0,,,36.327480667284334,58.74960606541874
CCOC(=O)C=Cc1ccco1,ethyl 2-furanacrylate,1.224,1.162,2.288,0.904,0.169,0.159,297.0,316.1,190.0,220.0,89.25109597491225,112.88455801855652,78.71192913604196,101.94299915433552
COCC(=O)c1ccccc1,"acetophenone, 2-methoxy-",,,,,,,,,213.0,248.0,,,,
CCOC(=O)c1cccc(O)c1,ethyl 3-hydroxybenzoate,1.147,1.0957,32.258,5.75,0.153,0.145,300.0,319.5,195.0,226.0,37.530852910191506,59.70414414504148,33.247650557575405,54.16360066135193
Cc1cccc(C)c1C,"1,2,3-trimethylbenzene",0.87848,0.8285,1.56,0.579,0.125,0.1126,222.4,248.5,162.3,190.2,76.063741713481,96.20770829933794,69.61314751029582,89.23731046524827
CCOC(=O)c1ccc(O)cc1,ethyl 4-hydroxybenzoate,1.158,1.106,31.088,5.425,0.153,0.144,297.0,317.3,195.0,226.0,37.960305714714565,60.501192880100035,33.723298630015535,54.99346827540083
COC(=O)c1ccc(OC)cc1,methyl 4-methoxybenzoate,1.2,1.144,4.0,1.241,0.159,0.15,308.0,323.8,192.0,221.0,71.67033533204919,96.88245700963712,62.74841432867496,87.01253361595862
COc1cccc(C(=O)O)c1OC,"2,3-dimethoxybenzoic acid",,,,,,,,,212.0,238.0,,,,
CCOc1cc(C=O)ccc1O,3-ethoxy-4-hydroxybenzaldehyde,,,,,,,,,212.0,238.0,,,,
COc1cc(OC)cc(C(=O)O)c1,"3,5-dimethoxybenzoic acid",,,,,,,,,212.0,238.0,,,,
COc1ccc(C(=O)O)cc1OC,veratric acid,,,,,,,,,212.0,238.0,,,,
C#CCCCCCC#C,"1,8-nonadiyne",0.801,0.754,2.185,0.968,0.0595,0.0552,254.5,276.0,195.0,220.0,41.42597732280043,50.49260041307578,38.43611860842618,47.37219552714689
Cc1ccc(C)c(C)c1,"1,2,4-trimethylbenzene",0.85961,0.8099,1.443,0.543,0.12419,0.1109,219.44,241.3,156.8,184.4,76.97934509232974,95.95113665158516,70.0346439656747,88.96010667996657
CCc1ccc(C)cc1,1-ethyl-4-methylbenzene,0.8446,0.7944,0.65,0.441,0.123,0.114,224.2,248.0,155.6,183.9,96.52016086341764,104.86200644927838,87.09566487707617,96.40193382499668
OCC1COc2ccccc2O1,"1,4-benzodioxane-2-methanol",,,,,,,,,,,,,,
C1=C\C/C=C\C/C=C\C/1,"1,4,7-cyclononatriene, (1Z,4Z,7Z)-",0.879,0.826,1.308,0.702,0.137,0.127,193.6,223.0,155.5,185.1,83.47157335334694,97.98961992125628,78.48124491272357,92.9872364392439
Cc1cc(C)cc(C)c1,"1,3,5-trimethylbenzene",0.84887,0.7964,0.634,0.372,0.13188,0.118,215.04,240.7,154.6,181.3,102.2651244151702,113.21972212385104,93.19970013929684,104.54425274808872
CC(C)c1ccccc1,1-methylethylbenzene,0.84491,0.79265,0.722,0.429,0.1168,0.1069,221.51,248.6,167.7,198.0,91.00785225458326,102.12347137310212,84.1551832695794,95.79062803373576
C=C1CCC12CCC2=C,"1,5-dimethylenespiro[3.3]heptane",0.81,0.759,0.914,0.382,0.095,0.0876,216.5,243.0,164.7,193.3,72.4458640756577,90.23765916668437,67.0818758730799,84.61235768387917
CC#CCCCC#CC,"2,7-nonadiyne",0.82,0.781,1.439,0.602,0.134,0.126,214.0,237.9,186.0,209.9,75.46291793114332,95.04210723144166,72.5441156595008,91.75260410372952
CCOc1ccc(C(=O)O)cc1,4-ethoxybenzoic acid,,,,,,,,,195.0,222.0,,,,
CCc1ccccc1C,1-ethyl-2-methylbenzene,0.86399,0.8117,1.62,0.628,0.124,0.114,228.0,249.8,161.3,187.7,76.31639310467887,96.22754210502303,69.23701109480847,88.79369752532573
CCc1cccc(C)c1,1-ethyl-3-methylbenzene,0.84797,0.796,1.557,0.616,0.123,0.114,221.8,245.2,155.1,182.9,76.00081443639266,96.08062446477634,68.72557202215698,88.47578515494511
C1=C[C@H]2CC=C[C@H]2CC1,"1H-indene, 3a,4,5,7a-tetrahydro-, (3aR,7aR)-rel-",0.918,0.868,1.362,0.518,0.132,0.123,201.3,228.2,146.4,176.5,79.91678211970647,103.2814442679324,73.06904639855055,96.08097459705506
CC(C)Oc1ccccc1,(1-methylethoxy)benzene,0.92225,0.8673,1.345,0.611,0.144,0.134,235.3,260.7,179.0,207.8,88.44292974942557,107.9238988269782,81.89425379021995,101.2536867739262
C=C(C)C#CC(C)=CC,"2,5-dimethyl-1,5-heptadien-3-yne",0.7833,0.7364,1.494,0.57,0.117,0.109,241.8,264.7,184.0,210.1,73.83487450789545,94.390098643523,68.37361441232987,88.45129685058254
C=C1C=CC(C)(C)C=C1,"3,3-dimethyl-6-methylene-1,4-cyclohexadiene",0.8224,0.7694,0.912,0.39,0.114,0.105,216.3,243.1,165.0,193.7,83.51705622854358,103.31333827794728,77.39305899863781,96.9180456806654
C=C/C=C1\CC=CCC1,4-allylidene-cyclohexene,0.8752,0.8205,1.6,0.634,0.134,0.124,247.0,268.9,161.0,189.6,83.8738857627936,105.41154842861091,74.36031652366542,95.54329688859094
c1ccc(CC2OCOO2)cc1,allylbenzene ozonide,,,,,,,,,,,,,,
C=CC1CC2C=CC1C2,5-ethenylbicyclo[2.2.1]-2-heptene,0.871,0.817,0.93,0.392,0.121,0.112,210.6,242.6,150.4,180.0,86.49854533343006,108.56948465747166,78.68279553313056,99.826570417526
C1=CC[C@@H]2C=CC[C@@H]2C1,"bicyclo[4.3.0]nona-3,7-diene",0.9107,0.8596,1.241,0.489,0.129,0.121,189.2,217.7,146.4,176.5,79.78358458329669,103.00247192081164,74.23049133686364,97.09958149342836
CC=C1CC2C=CC1C2,cis-5-ethylidenebicyclo[2.2.1]hept-2-ene,0.8796,0.8261,1.012,0.412,0.122,0.113,206.7,236.9,150.4,180.0,84.30139000148466,106.74854626189064,77.08844330875922,98.81092695462516
C1=C[C@@H]2CCC[C@@H]2C=C1,"cis-bicyclo[4.3.0]nona-2,4-diene",0.9075,0.8533,1.069,0.434,0.13,0.12,199.2,226.7,146.4,176.5,86.30535757785837,108.88754869830176,79.14333946820871,101.4843314865711
Cc1ccc(C(C)O)cc1,1-(4-methylphenyl)ethanol,1.003,0.948,8.175,2.11,0.135,0.126,,,182.0,211.7,,,47.29090149900472,68.7341193768058
COC(C)c1ccccc1,(1-methoxyethyl)benzene,0.943,0.888,1.389,0.619,0.146,0.136,251.8,275.1,179.0,207.8,90.24573175888922,110.36515468971896,81.98553834286648,101.98985270500128
COCCc1ccccc1,(2-methoxyethyl)benzene,0.943,0.889,2.015,0.754,0.151,0.141,251.1,273.0,179.0,206.8,82.7760731895549,106.37058525563644,75.25848949700665,98.3769517127208
CCOc1ccccc1C,1-ethoxy-2-methylbenzene,0.9367,0.8827,1.1,0.498,0.139,0.129,258.9,279.8,181.0,207.7,93.27060629740303,112.91151925988083,84.33653175783446,103.83287437319844
Cc1cc(C)c(C)c(O)c1,"2,3,5-trimethylphenol",,,,,,,,,186.0,215.0,,,,
CCOc1ccc(C)cc1,1-ethoxy-4-methylbenzene,0.9433,0.8906,1.251,0.55,0.141,0.131,262.9,283.1,181.0,207.7,90.6536151348716,110.6272920436635,81.61744947425323,101.39732152897707
Cc1cccc(CO)c1C,"2,3-dimethylbenzenemethanol",,,,,,,,,183.0,211.5,,,,
Cc1ccc(C)c(O)c1C,"2,3,6-trimethylphenol",,,,,,,,,186.0,215.0,,,,
Cc1cc(C)c(O)c(C)c1,"2,4,6-trimethylphenol",,,,,,,,,186.0,215.0,,,,
CCc1cc(C)ccc1O,2-ethyl-4-methylphenol,0.9791,0.9291,6.945,1.937,0.13,0.121,,,185.0,213.9,,,47.12721411908608,66.77351741681112
CC[C@H](O)c1ccccc1,1-phenyl-1-propanol,0.999,0.944,5.706,1.801,0.146,0.137,,,181.0,210.8,,,55.26888380787477,76.22919002802858
C=CC1CC2C=CC1C2,5-ethenylbicyclo[2.2.1]-2-heptene,0.978,0.914,9.611,2.188,0.131,0.124,266.0,289.0,184.0,214.1,53.18163915081347,79.35053385663859,47.94416597436504,72.92925184272556
CCc1ccc(OC)cc1,1-ethyl-4-methoxybenzene,0.964,0.909,1.234,0.539,0.141,0.131,261.7,282.0,181.0,207.7,91.98488048339732,112.47952511391352,82.92266369658208,103.20798198118648
COc1ccc(C)cc1C,"1-methoxy-2,4-dimethylbenzene",0.9473,0.8956,1.583,0.614,0.127,0.119,253.6,274.9,182.0,208.5,77.49063884637737,98.74065351550531,70.5862547100838,91.35255057989522
COc1cc(C)ccc1C,"2,5-dimethylanisole",0.961,0.907,1.665,0.628,0.128,0.12,261.4,281.7,182.0,208.5,78.44148739882932,100.61351769831974,70.84608257522403,92.44763972803646
CCC#CC#CC(C)(C)O,"2-methyl-3,5-octadiyn-2-ol",0.855,0.808,90.058,7.55,0.144,0.133,,,204.0,230.0,,,24.91928109289555,48.89092785520453
CC(CO)c1ccccc1,2-phenyl-1-propanol,1.021,0.966,7.933,1.863,0.149,0.139,,,181.0,210.8,,,51.11797458471555,76.29746380567752
c1ccc(CC2OCOO2)cc1,allylbenzene ozonide,0.942,0.889,1.412,0.551,0.126,0.117,253.2,274.7,182.0,208.5,75.73229921716255,95.73465296323742,69.0152212147486,88.58960410839188
OCC(CO)c1ccccc1,"2-phenyl-1,3-propanediol",,,,,,,,,198.0,229.0,,,,
CCc1ccc(OC)c(O)c1,5-ethylguaiacol,1.096,1.041,10.036,2.305,0.144,0.135,313.0,330.0,201.0,229.0,52.78799763581884,77.36988887968738,46.604474717688205,69.8129071065916
COc1ccc(C)cc1OC,"1,2-dimethoxy-4-methylbenzene",1.0356,0.9811,1.11,0.55,0.145,0.136,293.0,310.2,198.0,224.0,96.49447717107736,114.09220980237671,86.4220400229204,104.107477302334
CC(O)COc1ccccc1,1-phenoxy-2-propanol,1.091,1.036,8.433,2.413,0.161,0.151,,,197.0,226.0,,,52.73061015330324,74.42014574987523
OCCC(O)c1ccccc1,"1-phenyl-1,3-propanediol",1.152,1.101,28.646,6.721,0.175,0.164,,,198.0,229.0,,,38.912504581732065,58.17156674981068
CCOc1ccccc1OC,1-ethoxy-2-methoxybenzene,1.0312,0.9778,2.521,1.012,0.162,0.151,313.0,327.5,197.0,223.0,84.03658731498591,104.60638157842588,73.77430635985532,93.88741846162596
COc1cccc(OC)c1C,"1,3-dimethoxy-2-methylbenzene",0.995,0.95,2.412,0.842,0.14,0.132,252.0,274.2,198.0,224.0,68.69427849020214,90.66541992045866,64.18868998045772,85.65211098842472
CC(C)(O)c1ccccc1,".alpha.,.alpha.-dimethylbenzyl alcohol",,,,,,,,,181.0,211.9,,,,
CC(C)(OO)c1ccccc1,2-phenyl-2-propyl hydroperoxide,1.0424,0.9834,9.21,2.441,0.152,0.142,,,197.0,227.0,,,50.34046274079293,72.47963400475588
COc1cccc(CCO)c1,2-(3-methoxyphenyl)ethanol,1.129,1.074,10.629,2.793,0.16,0.15,332.0,345.0,198.0,226.0,56.96489685092534,80.06228854404772,49.25644797417332,71.08045391942194
COc1ccc(CCO)cc1,2-(4-methoxyphenyl)ethanol,1.131,1.076,10.61,2.695,0.161,0.15,334.0,347.0,198.0,226.0,57.346161793414446,81.00237305685859,49.50241566699318,71.79823445135068
CC(C)c1cccc(O)c1O,"3-isopropyl-1,2-dihydroxybenzene",1.121,1.071,31.222,6.162,0.146,0.137,326.0,345.0,204.0,236.0,38.15183231283099,58.45471711700798,33.43845906748297,52.53287848094783
CCCOc1cccc(O)c1,3-propoxy-phenol,1.125,1.07,24.0,4.486,0.16,0.149,330.0,345.0,200.0,228.0,45.223902430260594,69.73517980991711,39.281657254923736,62.0655325341264
Cc1cc(O)c(C)c(C)c1O,trimethylhydroquinone,,,,,,,,,206.0,236.0,,,,
COC(=O)C1CC2=CCC1C2,endo-5-methoxycarbonylbicyclo[2.2.1]heptene,1.088,1.028,1.324,0.506,0.134,0.125,238.9,266.8,172.0,204.4,84.16813582308652,108.25554125072142,76.73785537289496,100.43899022896746
CCC(C)=C1C=CC=C1,"cyclopentadiene, 5-sec-butylidene-",,,,,,,,,165.2,193.4,,,,
OCc1cc(CO)cc(CO)c1,"1,3,5-tris(hydroxymethyl)benzene",,,,,,,,,218.0,248.0,,,,
COc1cc(O)cc(OC)c1OC,"3,4,5-trimethoxyphenol",,,,,,,,,234.0,261.0,,,,
CCC#CC#CC(C)(C)O,"2-methyl-3,5-octadiyn-2-ol",1.105,1.05,13.575,3.143,0.153,0.143,,,198.0,227.0,,,45.93898254573066,68.63071900348861
COC(=O)C1CC2=CCC1C2,exo-5-methoxycarbonylbicyclo[2.2.1]heptene,1.088,1.028,1.324,0.506,0.134,0.125,238.9,266.8,172.0,204.4,84.16813582308652,108.25554125072142,76.73785537289496,100.43899022896746
COC(OC)c1ccccc1,"toluene, .alpha.,.alpha.-dimethoxy-",0.995,0.9418,2.211,0.956,0.161,0.151,303.0,311.6,195.0,223.0,85.9290732181882,104.70664926366804,75.90966110519594,95.30231657633512
COc1ccc(OC)c(OC)c1,"1,2,4-trimethoxybenzene",1.147,1.09,1.656,0.761,0.162,0.152,317.0,332.2,214.0,239.0,93.9981593357756,113.22486396373496,84.16214068635698,103.2084894281622
COc1cc(OC)cc(OC)c1,"1,3,5-trimethoxybenzene",1.146,1.09,1.658,0.752,0.162,0.152,317.0,332.0,214.0,239.0,93.49956465569088,113.02105465810904,83.71571922547643,103.04016422633704
C#CCCCCC(C(=O)O)C(=O)O,"2-(5-hexynyl)-1,3-propanedioic acid",1.25,1.2,,,0.137,0.129,,,237.0,268.0,,,,
COc1cccc(OC)c1OC,"benzene, 1,2,3-trimethoxy-",,,,,,,316.0,332.0,214.0,239.0,,,,
COc1cccc(OC)c1C,"1,3-dimethoxy-2-methylbenzene",,,,,,,283.0,306.4,191.0,223.0,,,,
CC(C)(O)c1ccccc1,".alpha.,.alpha.-dimethylbenzyl alcohol",,,,,,,256.8,283.5,188.0,219.0,,,,
COC1=CC(C)=CC(C)C1,"1,3-cyclohexadiene, 1-methoxy-3,5-dimethyl-",,,,,,,255.9,281.7,190.0,219.0,,,,
CC(C)=CC(=O)C=C(C)C,"2,6-dimethyl-2,5-heptadiene-4-one",,,,,,,286.0,308.8,206.0,235.0,,,,
COC1=CC(C)CC(C)=C1,"1,3-cyclohexadiene, 3-methoxy-1,5-dimethyl-",,,,,,,255.9,281.7,190.0,219.0,,,,
COC1=CC(C)C=C(C)C1,"1,4-cyclohexadiene, 1-methoxy-3,5-dimethyl-",,,,,,,,,190.0,219.0,,,,
CC(C)OC1=CCC=CC1,"1-(1-methylethoxy)-1,4-cyclohexadiene",,,,,,,,,188.0,219.0,,,,
CC(=O)C1=CCC(C)CC1,1-acetyl-4-methyl-1-cyclohexene,,,,,,,,,188.0,218.0,,,,
CCC(=O)C1=CCCCC1,1-cyclohexenyl ethyl ketone,,,,,,,,,187.0,218.0,,,,
CC1=CC(C)(C)CCC1=O,"2,4,4-trimethyl-2-cyclohexenone",,,,,,,,,,,,,,
COc1ccc(OC)c(OC)c1,"1,2,4-trimethoxybenzene",,,,,,,,,,,,,,
C=C1C=C(OC)CC(C)C1,1-methoxy-5-methyl-3-methylenecyclohexene,0.902,0.855,1.53,0.596,0.122,0.114,,,,,,,,
COc1cccc(OC)c1OC,"benzene, 1,2,3-trimethoxy-",0.9437,0.8925,6.464,2.017,0.143,0.134,,,188.0,221.0,,,49.07623490822501,68.01718415404812
CC1=CCC(C)C(C)C1=O,"2,5,6-trimethyl-2-cyclohexen-1-one",,,,,,,,,,,,,,
C#CCCCCC(C(=O)O)C(=O)O,"2-(5-hexynyl)-1,3-propanedioic acid",0.973,0.923,1.953,0.802,0.135,0.127,262.0,288.2,188.0,220.0,70.0923796441523,88.50701888610266,63.84446533612724,82.03313283505597
CC(C)OC1=CC=CCC1,"1,3-cyclohexadiene, 1-(1-methylethoxy)-",0.8079,0.7573,2.104,0.792,0.272,0.251,250.7,274.8,172.0,201.7,122.0067508645462,155.55334599473696,109.73771164875036,142.59284063412707
CCCCCCC#CC=O,2-nonynal,,,,,0.166,0.155,,,,,,,,
CC(C)=CC(=O)C=C(C)C,"2,6-dimethyl-2,5-heptadiene-4-one",0.8115,0.7597,1.171,0.474,0.108,0.099,238.6,265.3,,,73.5340617899406,91.78614244923894,,
COC1=CC(C)=CC(C)C1,"1,3-cyclohexadiene, 1-methoxy-3,5-dimethyl-",0.8306,0.7795,0.999,0.487,0.112,0.103,237.0,263.2,174.0,203.7,78.48072948660753,93.15404898440477,71.94702241370558,86.6751283579408
COC1=CC(C)CC(C)=C1,"1,3-cyclohexadiene, 3-methoxy-1,5-dimethyl-",0.8159,0.7643,1.532,0.602,0.131,0.12,254.1,277.9,172.0,201.6,79.64124930984839,99.7271892821182,71.36157126063637,91.1173155449292
CC(C)OC1=CCC=CC1,"1-(1-methylethoxy)-1,4-cyclohexadiene",0.8046,0.7524,0.82,0.412,0.111,0.102,239.2,266.4,175.0,206.2,83.14120612397916,97.87373152435686,76.14430113027272,91.06946192604912
COC1=CC(C)C=C(C)C1,"1,4-cyclohexadiene, 1-methoxy-3,5-dimethyl-",0.832,0.782,1.791,0.703,0.113,0.105,237.8,264.7,172.0,203.4,66.67647716844677,84.79953356066441,60.86931362342682,78.74298998911591
CC(=O)C1=CCC(C)CC1,1-acetyl-4-methyl-1-cyclohexene,0.8269,0.7772,1.669,0.656,0.124,0.115,232.0,259.1,171.0,202.0,72.08324365701363,91.5997365250759,66.15525637617105,85.40458396491975
CCC(=O)C1=CCCCC1,1-cyclohexenyl ethyl ketone,0.8197,0.7631,1.183,0.511,0.114,0.104,237.8,264.5,173.0,203.3,78.07911188430181,95.37421311050558,71.39517132579465,88.5689854004726
COc1cc(OC)cc(OC)c1,"1,3,5-trimethoxybenzene",0.8993,0.8415,1.012,0.547,0.147,0.135,,,,,,,,
C1C2CC3CC1CC(C2)O3,"2-oxatricyclo[3.3.1.1(3,7)]decane",0.916,0.862,1.496,0.568,0.12,0.112,226.1,253.0,156.0,187.9,73.78340922658296,95.16281371621932,66.46911855374545,87.52358034900338
OCC1C2C=CC(C2)C1CO,"(endo,endo)-bicyclo[2.2.1]hept-5-ene-2,3-dimethanol",,,,,,,,,195.0,229.0,,,,
C=C1CC2CCC1CC2,2-Methylene-bicyclo[2.2.2]-octane,0.8906,0.8411,1.157,0.452,0.108,0.101,202.4,232.7,159.2,191.0,72.00080699822293,92.95858861149576,67.29873979420685,87.93552986107309
CCCCCCC#CC(=O)O,2-nonynoic acid,0.935,0.894,13.904,3.691,0.161,0.151,,,218.0,247.0,,,43.23696907715651,62.104869383786045
COC(=O)C1=C(C)CCCC1,2-methyl-1-cyclohexene-1-carboxylic acid methyl ester,,,,,,,,,194.0,227.0,,,,
CC#CCC1CCCC1,2-butynylcyclopentane,0.8308,0.7799,1.204,0.577,0.128,0.118,238.1,263.4,174.0,203.3,84.87027922582425,101.2893297568408,77.7033453177443,94.17237551202189
C=C(C)C=C=CCCC,"2-methyl-1,3,4-octatriene",0.788,0.735,0.622,0.395,0.272,0.249,272.7,294.6,193.0,220.0,184.599446302303,201.1692546643268,167.4940699947742,185.30619413476072
CCCC=C=C=C(C)C,"2-methyl-2,3,4-octatriene",0.7726,0.7172,0.647,0.418,0.423,0.384,296.4,314.6,195.0,221.0,259.91659482613005,278.79996420659074,231.03693123651323,252.43567618434224
CC1=CC2CCC1CC2,2-methylbicyclo[2.2.2]oct-2-ene,0.8808,0.8305,1.169,0.458,0.112,0.105,209.5,238.5,158.7,190.1,74.74787290546223,96.33137808989832,69.13087615480251,90.37700818211812
CC1(C)C2C=CC1CC2,"2-norbornene, 7,7-dimethyl-",0.8377,0.785,1.039,0.433,0.11,0.102,219.0,247.5,161.0,192.5,78.2508657833665,98.12888303260506,71.76328999911829,91.43122030375056
O=C1CCCCCCCC1=O,"1,2-cyclononanedione",1.1,1.05,4.727,1.81,0.18,0.169,273.0,301.2,193.0,229.0,71.48369993076037,92.0047278148446,64.83981118617868,85.17849525929532
C=CC(=O)OC1CCCCC1,"2-propenoic acid, cyclohexyl ester",1.054,0.993,1.442,0.745,0.141,0.131,276.0,303.2,191.0,225.0,88.85024806521338,104.19810365653863,80.10979236381307,95.8116533166508
CC(=O)OC1CC2CCC1C2,bicyclo[2.2.1]hept-2-yl ethanoate,1.053,0.992,1.149,0.454,0.127,0.118,249.2,279.3,181.0,215.0,85.36674939732876,108.57144370967094,78.02338080593856,100.86739325639066
COC(=O)C1=C(OC)CCCC1,"1-cyclohexene-1-carboxylic acid, 2-methoxy-, methyl ester",,,,,,,,,210.0,243.0,,,,
COC(=O)C=CCC=C(C)C,"methyl 6-methyl-2,5-heptadienoate",0.915,0.8614,1.158,0.604,0.143,0.132,300.0,324.6,210.0,242.0,94.2405572457068,109.24409595751396,85.24402035195808,100.58260982199263
COC(=O)CC=CC=C(C)C,"methyl 6-methyl-3,5-heptadienoate",0.9288,0.8757,1.206,0.628,0.144,0.133,301.0,325.3,210.0,242.0,93.47872025095997,108.42052630403072,84.47579557321984,99.7638651330564
C1COC2(O1)C1CCC2CC1,"spiro[bicyclo[2.2.1]heptane-7,2'-[1,3]dioxolane]",1.013,0.96,2.369,0.813,0.136,0.127,260.0,285.0,173.0,208.8,71.16572130659071,93.92316389525634,63.46016859673542,86.05280726961455
CCOC(OCC)c1ccco1,(diethoxymethyl)furan,1.079,1.015,2.41,0.936,0.168,0.155,315.0,337.3,222.0,253.0,89.23864354496368,112.0243175221934,80.87369636761227,103.31874271374689
COC(=O)C1CCCC=C1OC,"2-cyclohexene-1-carboxylic acid, 2-methoxy-, methyl ester",1.129,1.066,2.037,0.854,0.148,0.138,297.0,322.6,209.0,242.0,83.64118791060704,103.96452420389464,75.76889494884963,95.88819586754948
CCOC(=O)CC(C(C)=O)=C(C)O,3-ethoxycarbonylmethyl-2-hydroxy-2-penten-4-one,1.25,1.19,20.0,3.866,0.169,0.157,,,246.0,280.0,,,44.13901189755311,68.93376517465813
CC1=CC(C)(C)CCC1=O,"2,4,4-trimethyl-2-cyclohexenone",,,,,,,,,,,,,,
CCOC(=O)C1CCC=C1OC,"2-cyclopentene-1-carboxylic acid, 2-methoxy-, ethyl ester",1.13,1.066,1.504,0.657,0.149,0.138,311.0,334.2,211.0,244.0,93.13919220284632,113.54363373867967,83.51021931152864,103.92799140781976
COC(=O)C1CCC(C)=C1OC,2-methoxy-3-methyl-2-cyclopentene-1-carboxylic acid methyl ester,1.115,1.051,1.193,0.514,0.134,0.124,303.0,327.6,212.0,245.0,91.43887790212663,112.02740901022445,82.69882788842942,103.2358348171802
CC1(C)C2C=CC1CC2,"2-norbornene, 7,7-dimethyl-",1.23,1.17,3.659,1.274,0.194,0.181,363.0,384.0,245.0,278.0,98.71129838484646,128.37417875638428,88.37665307010666,117.22361385386688
C=COC(=O)CCCCC(=O)OC,Vinyl methyl adipate,1.116,1.053,2.151,0.855,0.163,0.151,351.0,375.0,234.0,269.0,90.22627956707458,112.78577644641044,80.5005001520781,102.72322708319729
COC(=O)C1CCCC1C(=O)OC,"cis-1,2-cyclopentanedicarboxylic acid dimethyl diester",1.175,1.114,2.468,0.969,0.149,0.139,319.0,346.4,215.0,252.0,78.50332618815726,99.422476610649,70.25652706206289,90.91076048578068
CCOC(=O)C1(C(=O)OCC)CC1,"diethyl 1,1-cyclopropanedicarboxylate",1.0384,0.981,1.637,0.693,0.142,0.132,305.0,346.0,230.0,267.0,82.62460138742756,103.45188895031356,76.31850822590565,96.1776001377602
CCOC(=O)/C=C(/C)C(=O)OCC,diethyl citraconate,1.0228,0.9646,2.542,1.026,0.152,0.141,344.0,369.0,233.0,269.0,79.61190361687865,99.298240609794,71.34792370536675,90.85029737414322
CCOC(=O)/C=C(\C)C(=O)OCC,diethyl mesaconate,1.0286,0.972,2.528,1.019,0.152,0.141,344.0,369.0,233.0,269.0,79.11286757860198,98.7125417639952,70.90068926469142,90.31442771536838
CC=COC(=O)C(C)(C)OC(C)=O,propenyl 2-acetoxy-2-methylpropanoate,1.014,0.9567,2.761,0.993,0.154,0.143,336.0,363.2,234.0,270.0,77.65751215663916,100.34420210908782,70.1430514694166,92.31364217419434
COC(=O)C1CCCC1C(=O)OC,"trans-1,2-cyclopentanedicarboxylic acid, dimethyl ester",1.175,1.114,2.468,0.969,0.149,0.139,319.0,346.4,215.0,252.0,78.50332618815726,99.422476610649,70.25652706206289,90.91076048578068
C=C(CCCC)C1CC1,(1-butylethenyl)cyclopropane,0.7684,0.7178,1.184,0.488,0.113,0.104,264.1,292.3,198.0,230.0,79.76965766997486,99.22192405286036,73.56075788367261,92.75216142623664
CC(=O)C(O)C1CC=CCC1,1-(3-cyclohexen-1-yl)-1-hydroxy-2-propanone,,,,,,,,,,,,,,
COC(=O)C1CCCC=C1OC,"2-cyclohexene-1-carboxylic acid, 2-methoxy-, methyl ester",0.7779,0.729,1.234,0.494,0.116,0.107,259.1,287.2,196.0,228.0,72.44048609228916,91.03197856993036,66.97066408812252,85.30878820133356
C/C=C\CCC/C=C\C,"(E,E)-2,7-nonadiene",0.7349,0.6853,0.762,0.423,0.138,0.126,269.5,295.3,198.0,228.0,104.25465047809992,118.2425975850769,95.59411849211448,109.94511216683044
COOC(=O)C=CC(=O)OC(C)(C)C,(E)-4-Tert-butoxy-4-oxo-2-buteneperoxoic acidmethyl ester,1.177,1.114,9.346,2.244,0.166,0.154,367.0,391.0,249.0,285.0,59.83232822694346,86.20816925847812,53.647095656716715,78.8709296094919
CCC(CC)=C1CCC1,(1-ethylpropylidene)cyclobutane,0.7929,0.7416,0.719,0.431,0.113,0.103,275.5,300.6,190.0,222.0,93.24272462166844,103.24405757136763,83.98894700509291,94.80600732377404
CC(C)=C1CCCCC1,(1-methylethylidene)cyclohexane,0.82,0.7705,2.061,0.805,0.11,0.101,242.1,271.3,181.0,214.0,64.92501425529784,82.13539552294615,59.82453098506145,76.8327398341956
C1=C/CCCCCCC/1,(E)-cyclononene,0.8453,0.7939,2.484,1.171,0.135,0.124,245.4,274.3,173.0,207.1,72.40748593368265,86.84144649812296,65.62572648009633,80.24086299999306
C1=C\CCCCCCC/1,(Z)-cyclononene,0.8611,0.8129,2.555,1.181,0.132,0.123,228.9,259.6,173.0,207.1,68.07223492608621,83.28734944316618,62.916422010040755,78.1585680902586
C/C=C\CCC/C=C\C,"(Z,Z)-2,7-nonadiene",0.7424,0.6924,0.754,0.433,0.138,0.126,269.7,295.4,198.0,228.0,104.82302909437348,117.74489643971152,96.09522616195048,109.47190948208952
CC(=O)OCC(COC(C)=O)OC(C)=O,glyceryl triethanoate,1.1368,1.0771,,,0.171,0.159,389.5,411.1,255.0,295.0,,,,
C=C1CCCC(C)(C)C1,"1,1-dimethyl-3-methylenecyclohexane",0.7775,0.7261,1.26,0.537,0.102,0.0932,241.0,271.3,183.0,216.0,71.2861437033,87.80189620225687,65.97375741124023,82.34861673013692
CC1=C(C)C(C)CCC1,"1,2,3-trimethylcyclohexene",0.8139,0.7621,1.229,0.499,0.104,0.096,245.2,273.9,183.0,215.0,73.31065131771429,92.0071005774948,67.51844979451815,85.94916168130351
CC1=C(C)CC(C)CC1,"1,2,4-trimethylcyclohexene",0.7974,0.7471,1.392,0.549,0.106,0.097,250.3,278.2,183.0,215.0,71.58512915648782,89.88825959576707,65.54857691277242,83.6026899159375
CCC1=C(CC)CCC1,"1,2-diethylcyclopentene",0.7967,0.7448,1.167,0.47,0.109,0.101,253.0,280.5,185.0,216.0,77.66205279774418,97.75249026385112,71.11586067368803,90.82515653958944
CC1=C(C)CCCCC1,"1,2-dimethylcycloheptene",0.8202,0.7703,2.012,0.792,0.109,0.101,241.1,270.1,180.0,212.0,65.0097844794346,82.59638119922641,59.8790369248161,77.15630693955603
CC1=CC(C)(C)CCC1,"1,3,3-trimethylcyclohexene",0.785,0.73,1.248,0.534,0.105,0.0964,248.1,277.2,182.0,215.0,74.99619211509443,92.38972211592188,68.73671700433304,86.01632134819937
CC1=CC(C)C(C)CC1,"1,3,4-trimethylcyclohexene",0.7959,0.743,1.106,0.458,0.111,0.102,245.4,274.4,182.0,214.0,79.62477069372066,99.08504421843514,73.20395793865517,92.39235832426937
CC1=C[C@@H](C)C[C@@H](C)C1,"1,3,5-trimethylcyclohexene",0.7812,0.7284,1.075,0.453,0.111,0.101,245.9,275.0,182.0,214.0,80.26732938673852,98.69829480266732,73.7524617312984,91.97520344733168
CC1CC2(C)CC2(C)C1,"1,3,5-trimethylbicyclo[3.1.0]hexane",0.7816,0.725,0.832,0.372,0.094,0.0854,255.3,284.7,183.0,217.0,78.89146959259637,95.22140658538586,71.83798521792441,88.21887619838596
C=C1CC(C)CC(C)C1,"1,3-dimethyl-5-methylenecyclohexane",0.7706,0.7174,1.012,0.432,0.107,0.097,245.8,275.5,182.0,215.0,79.67710769082409,97.41806741677532,73.21852229516641,90.85487633064486
CC1=CCC(C)(C)CC1,"1,4,4-trimethylcyclohexene",0.7881,0.7371,1.243,0.529,0.104,0.096,236.3,266.7,182.0,215.0,72.00539897112468,89.44027228645413,66.90642079756479,84.17977820506066
CC(O)C1(C)CC=CCC1,".alpha.,1-dimethyl-3-cyclohexene-1-methanol",0.9391,0.8841,5.324,1.731,0.129,0.121,,,198.0,233.0,,,52.445615680330256,71.92325087257662
CC1=CCC(C)C(C)C1,"1,4,5-trimethylcyclohexene",0.7884,0.7362,1.116,0.462,0.111,0.102,244.9,274.0,182.0,214.0,79.08097913429471,98.43288059503742,72.7457413363166,91.82191708461104
CC(O)C12CCC(CC1)C2,.alpha.-methylbicyclo[2.2.1]heptane-1-methanol,1.002,0.946,3.094,1.015,0.118,0.111,,,187.0,222.0,,,56.678161567450445,77.88472561062294
CCCCC#CC(C)(C)O,2-methyl-3-octyn-2-ol,0.8339,0.7812,22.785,2.432,0.131,0.121,,,221.0,253.0,,,35.90064598512663,66.09560850401283
CC1CCC=C(C(C)O)C1,1-(1-methyl-3-cyclohexen-3-yl)ethanol,0.944,0.89,4.767,1.551,0.126,0.118,,,199.0,233.0,,,52.99548461612762,72.47784443220165
CC1=CC(C)CC(C)(O)C1,"1-cyclohexen-5-ol, 1,3,5-trimethyl-",0.933,0.876,2.68,1.05,0.116,0.108,,,200.0,234.0,,,59.7038252301775,77.15290876325588
C=CCCC(=O)C(C)(C)C,"2,2-dimethyl-6-hepten-3-one",0.8198,0.7682,1.452,0.638,0.138,0.127,295.0,321.5,218.0,250.0,87.17708993569265,106.0349975377957,80.06620538362982,98.79153789290098
CC1C(=O)CC(C)(C)C1C,"2,3,4,4-tetramethyl-1-cyclopentanone",0.957,0.898,1.118,0.501,0.131,0.121,284.0,311.4,199.0,233.0,92.8578243805456,112.81007087159948,84.01704939957864,103.97156189941612
CC1CC(C)(C)CCC1=O,"2,4,4-trimethylcyclohexanone",0.8865,0.8377,1.794,0.788,0.133,0.124,264.3,293.8,196.0,231.0,76.34903172445246,94.26880208503918,70.19064519653348,88.10266983945267
CC(=O)OCC(COC(C)=O)OC(C)=O,glyceryl triethanoate,0.8807,0.8321,1.567,0.685,0.139,0.13,266.1,295.2,196.0,230.0,72.34543756896734,89.59613098036728,66.38311954953647,83.52174629682129
CC(C)C#CC(O)C(C)C,"2,6-dimethyl-3-heptyn-5-ol",0.8326,0.7833,7.687,1.366,0.129,0.12,,,220.0,254.0,,,47.243486018090415,75.92521423471243
CC/C(C)=C/C(=O)C(C)C,"2,5-dimethyl-4-hepten-3-one",0.8333,0.7827,1.26,0.626,0.142,0.131,302.0,327.4,216.0,248.0,92.70903819654676,108.96295569790853,84.36804054290994,100.77353697214107
CCCC(O)C#CC(C)C,2-methyl-3-octyn-5-ol,0.8365,0.7881,9.564,1.637,0.134,0.126,,,221.0,253.0,,,45.480375156090034,74.26298529507174
CC(C)/C=C/C(=O)C(C)C,"2,6-dimethyl-4-hepten-3-one",0.8348,0.7856,1.234,0.598,0.149,0.138,298.0,323.7,215.0,248.0,95.41837552202637,113.3185906212179,87.04622113578013,105.13741161767692
CCCCCCC#CCO,2-nonyn-1-ol,0.883,0.837,7.022,1.708,0.147,0.138,,,221.0,251.0,,,52.27042681477265,77.05439978019923
CCC=CC(=O)CC(C)C,2-methyl-5-octen-4-one,0.827,0.7761,1.197,0.593,0.155,0.143,305.0,329.5,215.0,247.0,100.61435496175343,118.23753029021772,91.18876653134504,109.03056769141494
C=C(C)O/C(C)=C/C(C)C,"2-pentene, 4-methyl-2-[(1-methylethenyl)oxy]-, (E)-",0.81,0.748,0.728,0.374,0.117,0.106,289.9,318.0,217.0,249.0,98.5192303528342,113.59893454582702,90.81063458921554,106.0455345442043
C=C(C)O/C(C)=C\C(C)C,"2-pentene, 4-methyl-2-[(1-methylethenyl)oxy]-, (Z)-",0.81,0.748,0.728,0.374,0.117,0.106,289.9,318.0,217.0,249.0,98.5192303528342,113.59893454582702,90.81063458921554,106.0455345442043
CCCC1CCCCC1=O,2-propylcyclohexanone,0.907,0.859,2.205,0.966,0.149,0.139,267.0,296.0,195.0,229.0,78.03368117782841,96.38764578792926,71.43173737785828,89.67445292651503
CC1CCC(=O)CC1(C)C,"3,3,4-trimethylcyclohexanone",0.932,0.881,1.824,0.772,0.134,0.125,264.9,294.4,196.0,231.0,77.40687975072315,96.60894919667024,71.1177878949322,90.23794646893344
C/C=C/OC(C)(C)O/C=C/C,"(E,E)-2,2-bis(1-propenoxy)propane",0.91,0.847,1.758,0.732,0.152,0.138,319.0,343.3,230.0,261.0,92.88423792741688,113.18469320464096,84.71878981979764,104.78608914654932
C/C=C\OC(C)(C)O/C=C/C,"(Z,E)-2,2-bis(1-propenoxy)propane",0.91,0.847,1.758,0.732,0.152,0.138,319.0,343.3,230.0,261.0,92.88423792741688,113.18469320464096,84.71878981979764,104.78608914654932
C/C=C\OC(C)(C)O/C=C\C,"(Z,Z)-2,2-bis(1-propenoxy)propane",0.91,0.847,1.758,0.732,0.152,0.138,319.0,343.3,230.0,261.0,92.88423792741688,113.18469320464096,84.71878981979764,104.78608914654932
CCCCC1CCCC(=O)O1,.delta.-nonanolactone,1.065,1.017,2.817,1.377,0.171,0.162,303.0,329.0,211.0,246.0,80.83440839713634,97.32417208579788,73.0108000529583,89.68164329054869
O=C1CCCCCCCCO1,2-oxecanone,0.975,0.938,14.359,4.051,0.165,0.156,242.0,277.0,201.0,238.0,43.47234925388617,61.91560516474568,41.26053915924928,59.328266787397105
CC1CC(C)C(C)CC1=O,"2,4,5-trimethylcyclohexanone",1.038,0.989,21.195,3.943,0.158,0.148,,,233.0,267.0,,,41.6867414118843,66.3275538579663
C=CC(=O)OC(C)CC(C)C,"1,3-dimethylbutyl 2-propenoate",0.8555,0.8025,1.087,0.511,0.13,0.12,290.0,321.6,222.0,259.0,88.12824137164523,105.92039575142252,81.74696517645417,99.66273848160462
C=C(C)CC(C)(C)CC(=O)O,"3,3,5-trimethyl-5-hexenoic acid",1.0,0.939,7.0,2.023,0.128,0.118,353.0,375.0,227.0,262.0,56.745582960985445,77.19288335586656,50.11792835868077,69.78633982302443
CCCCCC1CCC(=O)O1,"2(3H)-furanone, dihydro-5-pentyl-",1.068,1.02,2.154,1.059,0.172,0.162,315.0,339.0,213.0,248.0,88.50019482701211,105.67142664992068,79.27616819982468,96.77688819361497
CCC(=O)CC(=O)C(C)(C)C,"2,2-dimethyl-3,5-heptanedione",0.953,0.899,2.728,1.057,0.166,0.154,336.0,358.4,234.0,266.0,84.97169749702013,107.0456342423512,76.74948611481662,98.43384401395669
CC(C)C(=O)CC(=O)C(C)C,"2,6-dimethyl-3,5-heptanedione",0.952,0.898,1.681,0.768,0.171,0.159,334.0,357.1,233.0,266.0,99.30208807938848,119.70662314847202,89.73579613265814,110.18883700872864
CCC(C)C(C(C)=O)=C(C)O,2-hydroxy-3-(1-methylpropyl)-2-penten-4-one,1.024,0.971,11.719,2.575,0.148,0.138,,,235.0,268.0,,,46.71027261387029,70.59218288528214
C=CC(=O)OCC(CC)CC,2-ethylbutyl 2-propenoate,0.8741,0.8201,1.281,0.585,0.138,0.127,309.0,336.7,223.0,258.0,89.89369712317209,108.15402104071129,82.01288321287666,100.35009900259556
CC(=O)C(CC(C)C)=C(C)O,2-hydroxy-3-(2-methylpropyl)-2-penten-4-one,1.023,0.97,11.73,2.474,0.147,0.137,,,235.0,268.0,,,46.47096143766763,71.0190543606844
CCCC(=O)C(C)(C)C(C)=O,"3,3-dimethyl-2,4-heptanedione",0.917,0.865,2.508,0.983,0.161,0.15,314.0,339.1,234.0,266.0,82.62605183275471,104.43557431954754,76.06609330452511,97.54083218081612
CCC(C)C(C(C)=O)C(C)=O,"3-(1-methylpropyl)-2,4-pentanedione",0.956,0.903,1.778,0.797,0.171,0.159,335.0,358.5,233.0,266.0,97.31648989172648,117.9735147745626,87.86755711138541,108.4740666977462
CC(=O)C(CC(C)C)C(C)=O,"3-(2-methylpropyl)-2,4-pentanedione",0.953,0.899,1.679,0.768,0.171,0.159,335.0,358.4,233.0,266.0,99.41891994907166,119.8290492684,89.76585197736345,110.18883700872864
CCCC12OCC(C)(CO1)CO2,"4-methyl-1-propyl-2,6,7-trioxabicyclo[2.2.2]octane",1.148,1.085,,,,,312.0,340.0,215.0,252.0,,,,
O=C1CCCCCCCCO1,2-oxecanone,1.12,1.06,5.268,1.604,0.143,0.132,,,240.0,275.0,,,59.441868598906986,81.4731970391328
CCCC(C(C)=O)C(=O)OCC,"2-propyl-3-oxobutanoic acid, ethyl ester",1.08,1.02,2.685,1.02,0.166,0.154,345.0,370.0,239.0,273.0,86.17970748811472,109.33870072849636,77.72483947376475,100.37633085811724
CCOC(=O)C(C(C)=O)C(C)C,ethyl 2-acetyl-3-methylbutanoate,1.08,1.02,2.407,0.912,0.159,0.148,342.0,368.5,238.0,274.0,85.9494857996049,109.53332302931511,77.61628236159073,100.77356678869124
CCCC(C(C)=O)C(=O)OCC,ethyl 2-acetylpentanoate,0.9256,0.8591,3.025,1.152,0.166,0.154,350.0,374.0,239.0,273.0,86.13161825102658,109.09025919509342,77.36768383502047,99.84578700726472
CCOC(=O)C(C)(C)C(=O)OCC,diethyl dimethylpropanedioate,1.14,1.07,3.86,1.206,0.141,0.13,355.0,383.0,245.0,283.0,71.05304705995658,94.97922217416227,64.01413639918287,87.22928603656948
CCCC12OCC(C)(CO1)CO2,"4-methyl-1-propyl-2,6,7-trioxabicyclo[2.2.2]octane",1.0082,0.955,3.174,1.215,0.16,0.149,360.0,385.0,244.0,281.0,78.33912984461955,99.37098916076653,70.22044995312089,90.94746481298878
O=C(O)CCCCCCCC(=O)O,"1,9-nonanedioic acid",,,,,,,,,250.0,284.0,,,,
CCCOC(=O)CC(=O)OCCC,"dipropyl 1,3-propanedioate",1.14,1.08,2.281,0.907,0.158,0.147,351.0,377.0,244.0,281.0,85.34216764035584,107.16067299613532,77.04448132467694,98.65786170559592
C=C(C)C(=O)OCCOCCOC,"2-propenoic acid, 2-methyl-, 2-(2-methoxyethoxy)ethyl ester",1.078,1.018,2.69,1.081,0.165,0.153,364.0,386.0,256.0,289.0,84.91585475700187,105.673026136237,76.91107268922843,97.4109320433554
CCCOC(=O)CCCCC(=O)O,Hexanedioic acid monopropyl ester,1.044,0.993,12.069,2.81,0.17,0.159,388.0,407.0,247.0,283.0,55.31819321344019,80.51597355620326,48.71865336272208,72.69267749497166
CCC(=O)CC(=O)C(C)(C)C,"3,5-Heptanedione, 2,2-dimethyl-",,,,,,,,,,,,,,
COC(=O)[C@H]1CO[C@@H](C(C)C)OC1,"cis-5-methoxycarbonyl-2-(1-methylethyl)-1,3-dioxane",1.139,1.078,4.565,1.577,0.158,0.147,332.0,361.5,232.0,271.0,69.44231767644189,91.06483105771468,62.78267768384981,83.97482017433407
CCOC(=O)C(CC)C(=O)OCC,diethyl .alpha.-ethylmalonate,0.9857,0.9279,3.145,1.132,0.152,0.141,351.0,379.0,244.0,282.0,75.03711289772255,96.83646168688496,67.7413710379264,89.10924761355886
CC(CC(=O)O)CC(C)CC(=O)O,"meso-3,5-dimethylheptanedioic acid",,,,,,,,,249.0,286.0,,,,
COC(=O)CCCCCC(=O)OC,dimethyl heptanedioate,1.13,1.07,2.743,1.065,0.157,0.147,343.0,370.0,244.0,281.0,80.13697938016603,101.88898614405936,72.81611275007546,94.30032371357328
CC(C)(C)C1CCCC1,"(1,1-dimethylethyl)cyclopentane",0.77532,0.7262,1.328,0.62,0.105,0.0973,243.0,277.1,192.0,228.0,70.65315982755688,85.99198712603669,66.12309610224801,81.40131159779693
CC(C)C1CCCCC1,(1-methylethyl)cyclohexane,0.78666,0.7377,1.068,0.664,0.116,0.107,250.4,283.0,189.0,225.0,81.30430192360213,90.76503740577265,75.11841147408687,85.09420966219545
CCOC(=O)CCCCCC(=O)O,heptanedioic acid ethyl ester,1.21,1.15,7.851,2.348,0.17,0.159,,,247.0,283.0,,,57.5547893300848,80.0366377459801
CC1CCCC(C)C1C,"(1.alpha.,2.alpha.,3.beta.)-1,2,3-trimethylcyclohexane",0.7868,0.7355,1.436,0.585,0.112,0.103,253.8,285.2,190.0,225.0,74.1893205685942,92.92898236295343,68.3866436759773,86.93337958209285
CCCOC(=O)CCCCC(=O)O,hexanedioic acid propyl ester,1.21,1.15,7.851,2.348,0.17,0.159,388.0,407.0,247.0,283.0,65.35129230309633,88.65030193348589,57.5547893300848,80.0366377459801
COC(=O)[C@H]1CO[C@@H](C(C)C)OC1,"cis-5-methoxycarbonyl-2-(1-methylethyl)-1,3-dioxane",0.7649,0.7153,1.503,0.615,0.116,0.107,252.1,284.8,191.0,227.0,66.37269589174964,83.33918893893238,61.38774814410472,78.18748530693571
CCOC(=O)CCCC(=O)OCC,"pentanedioic acid, diethyl ester",1.0048,0.9508,2.787,1.115,0.159,0.148,357.0,382.0,244.0,281.0,79.04158546700617,99.00704270520616,71.01708334874382,90.81398897330716
COC(=O)[C@H]1CO[C@H](C(C)C)OC1,"trans-5-methoxycarbonyl-2-(1-methylethyl)-1,3-dioxane",1.139,1.078,4.565,1.577,0.158,0.147,332.0,361.5,232.0,271.0,69.44231767644189,91.06483105771468,62.78267768384981,83.97482017433407
COOC(=O)CCC(=O)OC(C)(C)C,4-Tert-butoxy-4-oxobutane-peroxoic acid methyl ester,1.151,1.087,8.775,2.116,0.158,0.147,378.0,404.0,261.0,298.0,59.36637281016428,85.68624869671218,53.49251861279929,78.6562228134149
CCC(C)C1CCCC1,(1-methylpropyl)cyclopentane,0.779,0.7308,1.617,0.643,0.116,0.107,245.7,278.7,191.0,227.0,71.64969872486695,90.79521752944024,66.74951036028048,85.70299867676471
CCC1C(C)CCC1C,"(1.alpha.,2.alpha.,3.alpha.)-2-ethyl-1,3-dimethylcyclopentane",0.78,0.726,1.013,0.427,0.111,0.101,256.0,287.3,192.0,227.0,82.69750228138578,101.77826055875684,76.26883736857773,95.252259469856
CC1CC(C)C(C)C1C,"(1.alpha.,2.alpha.,3.beta.,4.beta.)-1,2,3,4-tetramethylcyclopentane",0.769,0.716,0.91,0.391,0.105,0.0957,250.6,282.8,193.0,227.0,80.97650338206284,99.39819192883805,75.24071547931453,93.43883210479991
CCC1CC(C)CC1C,"(1.alpha.,2.beta.,4.beta.)-1-ethyl-2,4-dimethylcyclopentane",0.767,0.715,0.939,0.406,0.11,0.1,248.4,280.7,192.0,227.0,82.34598198820412,100.75355898611669,76.59120563609333,94.91172767487464
C/C=C\CCCCCC,(E)-2-nonene,0.71649,0.6659,0.782,0.436,0.131,0.12,281.9,309.5,209.0,241.0,101.07072888418077,114.82400378987457,92.9117848712714,107.02155046006946
CC1CCCCC1(C)C,"1,1,2-trimethylcyclohexane",0.783,0.7328,1.609,0.669,0.106,0.097,245.7,278.3,190.0,225.0,68.02185547462807,84.60313125092296,63.27627308759114,79.69183267765789
CC/C=C\CCCCC,(E)-3-nonene,0.71617,0.6653,0.768,0.436,0.131,0.12,281.4,309.2,209.0,241.0,101.69269599333026,114.9710516922499,93.53023898505404,107.18784287185302
CCC/C=C/CCCC,(E)-4-nonene,0.71595,0.6651,0.754,0.436,0.131,0.119,282.0,309.7,209.0,241.0,102.27028801357189,114.3209690254272,94.0051301687966,106.53333679725628
C/C=C\CCCCCC,(Z)-2-nonene,0.72259,0.6726,0.775,0.446,0.131,0.12,282.3,309.9,209.0,241.0,101.0274859140488,113.75292153051484,92.83499661070002,105.98473644803605
CC/C=C\CCCCC,(Z)-3-nonene,0.71768,0.6666,0.752,0.435,0.131,0.119,282.3,310.0,209.0,241.0,102.5073920642086,114.57135003679107,94.1948946739966,106.73758690814677
CCC/C=C\CCCC,(Z)-4-nonene,0.71815,0.6668,0.752,0.435,0.131,0.119,282.4,310.0,209.0,241.0,102.66975024779096,114.74138389993054,94.3346881024959,106.89599478444698
CC1(C)CCCC1(C)C,"1,1,2,2-tetramethylcyclopentane",0.754,0.709,1.167,0.508,0.095,0.0873,234.6,268.7,193.0,228.0,65.86903637206154,81.37398552668738,62.34983556216169,77.69975783372468
CC1CCC(C)(C)C1C,"1,1,2,3-tetramethylcyclopentane",0.7608,0.7082,0.894,0.395,0.1,0.0912,246.8,279.6,193.0,228.0,78.07377449925819,95.2327137605649,72.85607233990696,89.92124837462812
CCCOC(=O)CCCCC(=O)O,hexanedioic acid propyl ester,0.7479,0.6937,0.896,0.389,0.101,0.0913,257.2,289.0,193.0,228.0,71.65481433052261,87.07685052145769,66.09421118756505,81.45902769156042
CC(C)OC(=O)CC(=O)OC(C)C,diisopropyl malonate,,,,,,,,,,,,,,
CCCCC=CC(C)(C)O,(Z)-2-methyl-3-octen-2-ol,0.8218,0.7715,12.533,1.737,0.128,0.12,,,227.0,262.0,,,41.374179033660944,71.70185956236294
CC(O)C1(C)CCCCC1,".alpha.,1-dimethylcyclohexanemethanol",0.9147,0.862,4.81,1.636,0.119,0.112,,,207.0,244.0,,,50.745238083208015,68.91490376663899
CC1CC(C)CC(C)(O)C1,"1,3,5-trimethylcyclohexanol",0.8707,0.8195,3.331,1.293,0.116,0.108,,,208.0,244.0,,,54.87491845305388,71.15062268515705
CC(C)C1(O)CCCCC1,1-(1-methylethyl)cyclohexanol,0.924,0.874,5.844,1.876,0.119,0.113,,,207.0,244.0,,,47.33496488590928,65.75661074540037
CC1(O)CCCCCCC1,1-methylcyclooctanol,0.884,0.838,6.109,2.267,0.124,0.117,,,203.0,240.0,,,46.77787634151769,62.15315593653037
C=COCCCCCCC,1-(ethenyloxy)-heptane,0.7857,0.7337,0.853,0.463,0.144,0.131,311.0,336.2,228.0,259.0,105.76055413329075,119.93831483365712,96.91640422865838,111.45183688141448
CC(C)(C)C(=O)C(C)(C)C,"2,2,4,4-tetramethyl-3-pentanone",0.808,0.753,1.448,0.664,0.118,0.108,294.8,326.6,228.0,264.0,79.03852477115521,95.05213310174663,73.52716451382501,89.52952916814394
CCCCC1(O)CCCC1,1-butylcyclopentanol,0.881,0.832,3.746,1.43,0.124,0.117,,,210.0,245.0,,,55.16318259942061,72.44243626726126
CCC1(O)CCCCC1C,1-ethyl-2-methylcyclohexanol,0.8891,0.8368,4.049,1.53,0.122,0.114,,,208.0,244.0,,,54.18323624755168,70.97255163247914
C=C(OC(C)CC)C(C)C,"1-butene, 3-methyl-2-(1-methylpropoxy)-",0.797,0.735,0.728,0.381,0.118,0.106,302.0,332.8,228.0,262.0,99.86863086038608,114.00460606436611,92.27630915754764,106.58605401870138
CCC1(O)CCCC(C)C1,1-ethyl-3-methylcyclohexanol,0.8904,0.838,4.043,1.527,0.122,0.114,,,208.0,244.0,,,54.2349787162591,71.04991517144794
CCC1(O)CCC(C)CC1,1-ethyl-4-methylcyclohexanol,0.8937,0.8455,3.916,1.502,0.119,0.112,,,208.0,244.0,,,52.50499499386371,68.84128207559282
CCCCCC=COCC,"1-heptene, 1-ethoxy-, (Z)-",0.828,0.772,0.882,0.479,0.147,0.135,307.0,332.6,226.0,257.0,108.18007832412574,123.57591591021622,99.24896133348402,114.92944199467036
CCCC1(O)CCCCC1,1-propylcyclohexanol,0.9146,0.865,4.373,1.653,0.124,0.117,,,207.0,243.0,,,52.78027770709296,69.62647114384175
C=CCC(C)(O)CCCC,"1-octene-4-ol, 4-methyl-",0.886,0.829,14.673,1.93,0.129,0.119,341.0,365.7,229.0,264.0,46.22636839617069,78.71586956460776,41.328314183565375,71.82116255662748
CC(C)OC(=O)CC(=O)OC(C)C,diisopropyl malonate,0.842,0.785,1.045,0.548,0.129,0.118,304.0,333.8,227.0,262.0,86.97690978715451,100.43094634092068,80.1164519962086,93.8164516540616
CC(C)(C)OC(=O)C(C)(C)C,"1,1-dimethylethyl 2,2-dimethylpropanoate",0.863,0.807,1.854,0.768,0.107,0.099,302.0,336.4,233.0,272.0,67.48817937550051,84.29821869016348,62.73920047276704,79.40686332321688
CCC(C)(C)OC(=O)C(C)C,"1,1-dimethylpropyl 2-methylpropanoate",0.919,0.857,1.317,0.618,0.12,0.11,320.0,352.0,233.0,271.0,84.39256122839461,100.7450487972223,77.1867400667315,93.5999295474464
CCC(C)C(=O)OC(C)(C)C,"1,1-dimethylpropyl butanoate",0.835,0.78,1.76,0.731,0.123,0.113,318.0,346.0,233.0,270.0,76.41638288644575,94.26951302588786,70.01497669026837,87.9167821169004
CC(=O)OC(C)CC(C)(C)C,"1,3,3-trimethylbutyl ethanoate",0.8404,0.7846,1.416,0.663,0.119,0.109,320.0,351.5,233.0,271.0,79.79322353748275,95.22287224341416,72.98011477108767,88.5047833881732
CC(C)(C)[C@H]1OC[C@H](C)CO1,"1,3-dioxane, 2-(1,1-dimethylethyl)-5-methyl-, trans-",0.95,0.889,2.632,1.069,0.131,0.121,302.0,334.2,221.0,260.0,72.44915252679631,90.71943278712516,66.35671884275034,84.53359052613148
CCCCCC1(C)OCCO1,"1,3-dioxolane, 2-methyl-2-pentyl-",0.885,0.831,1.706,0.915,0.143,0.132,299.0,337.0,224.0,260.0,83.99445046822791,97.72169687994308,77.4406617299613,90.84493349202288
CC(=O)OC(C)CCC(C)C,"1,4-dimethylpentyl ethanoate",0.8434,0.7872,1.198,0.572,0.128,0.117,316.0,347.6,232.0,270.0,87.99992813074068,104.32631161442885,80.67372516851161,97.16967309550397
CCC1(O)CCCCC1C,1-ethyl-2-methylcyclohexanol,0.88,0.818,1.159,0.562,0.118,0.107,317.0,349.4,233.0,271.0,88.82638746322,104.30692169537616,81.45753243064192,97.11149908597024
C=C(OC(C)CC)C(C)C,"1-butene, 3-methyl-2-(1-methylpropoxy)-",0.859,0.8015,1.187,0.561,0.129,0.118,319.0,350.3,232.0,270.0,92.25885076200515,109.694092647155,84.35357465855218,101.94709532676156
C=COCCOCCC(C)C,1-(3-methylbutoxy)-2-vinyloxyethane,0.8356,0.7809,1.424,0.679,0.151,0.139,326.0,351.7,243.0,275.0,94.50394345711454,112.03442894176744,87.00673365277034,104.54361282431574
CCC(CC)OC(=O)C(C)C,1-ethylpropyl 2-methylpropanoate,0.916,0.854,1.114,0.527,0.129,0.118,319.0,350.3,232.0,270.0,93.09915416440944,110.66357059705976,85.12187596737074,102.8481052042401
CCCC(=O)OC(CC)CC,1-ethylpropyl butanoate,0.931,0.872,1.386,0.619,0.136,0.125,323.0,352.6,232.0,269.0,89.99396165473816,108.9119275022192,81.99483024478803,100.92859957983792
CCCC(C)OC(=O)C(C)C,1-methylbutyl 2-methylpropanoate,0.916,0.854,1.114,0.527,0.129,0.118,319.0,350.3,232.0,270.0,93.09915416440944,110.66357059705976,85.12187596737074,102.8481052042401
CC(C)OC(=O)CC(C)(C)C,"1-methylethyl 3,3-dimethylbutanoate",0.8206,0.7653,1.389,0.653,0.119,0.109,319.0,350.9,233.0,271.0,79.95322226029006,95.34317724161482,73.19086379879076,88.65919841122363
CCCCCC(=O)OC(C)C,1-methylethyl hexanoate,0.8375,0.7843,1.001,0.544,0.133,0.123,313.0,343.5,232.0,269.0,93.43793803456514,107.64245171797168,85.88916763906312,100.48857899357114
CCCCCCOC(=O)C(C)O,hexyl 2-hydroxypropanoate,0.9377,0.886,3.093,1.016,0.148,0.137,,,250.0,287.0,,,66.57938774713324,89.55711576883567
CO[C@@H]1OCC[C@@H](C(C)(C)C)O1,"1,3-dioxane, 4-(1,1-dimethylethyl)-2-methoxy-, trans-",1.014,0.955,4.635,1.518,0.145,0.135,316.0,347.7,237.0,275.0,64.90665058424855,86.7025438824327,59.86099508429071,81.16620625046707
COC[C@H]1CO[C@H](C(C)C)OC1,"1,3-dioxane, 5-(methoxymethyl)-2-(1-methylethyl)-, trans-",1.04,0.98,3.558,1.316,0.159,0.147,332.0,360.9,237.0,274.0,76.11164886933571,97.42318487655209,69.2263920059161,90.15890458227275
CC(C)(C)OC(=O)OC(C)(C)C,"carbonic acid, bis(1,1-dimethylethyl) ester",0.957,0.893,2.612,0.929,0.124,0.113,343.0,373.4,249.0,288.0,71.36338368893956,91.44224453004892,65.21508644115238,85.00047449051281
CCOC1CCCC(OCC)O1,"cis-2,6-diethoxytetrahydro-2H-pyran",1.039,0.979,2.695,1.154,0.163,0.151,333.0,358.4,237.0,272.0,83.85167040886277,102.8587075499116,76.20173601135353,95.17909630753311
CCC(C)(C)OC(=O)C(C)C,"1,1-dimethylpropyl 2-methylpropanoate",1.121,1.062,17.841,4.143,0.151,0.14,377.0,401.0,239.0,278.0,49.38665578650674,71.76527025801457,43.44383210818602,64.73805000702306
COC1(C)OCC(C(C)C)CO1,"cis-2-methoxy-2-methyl-5-(1-methylethyl)-1,3-dioxane",1.021,0.962,3.33,1.247,0.146,0.135,320.0,350.3,237.0,275.0,71.84017042257744,91.82617349423168,66.02149810339141,85.78271022965872
COC[C@H]1CO[C@@H](C(C)C)OC1,"cis-5-(methoxymethyl)-2-(1-methylethyl)-1,3-dioxane",1.04,0.98,3.558,1.316,0.159,0.147,332.0,360.9,237.0,274.0,76.11164886933571,97.42318487655209,69.2263920059161,90.15890458227275
CO[C@@H]1OCC[C@H](C(C)(C)C)O1,"cis-4-(1,1-dimethylethyl)-2-methoxy-1,3-dioxane",1.014,0.955,4.635,1.518,0.145,0.135,316.0,347.7,237.0,275.0,64.90665058424855,86.7025438824327,59.86099508429071,81.16620625046707
CCO[C@H]1CO[C@@H](C(C)C)OC1,"cis-5-ethoxy-2-(1-methylethyl)-1,3-dioxane",1.026,0.966,3.314,1.232,0.157,0.145,324.0,353.6,237.0,274.0,76.41864599184724,97.7120208013981,69.98415719087333,90.94749271446553
CCCCCCCOC(=O)CO,heptyl hydroxyethanoate,0.9691,0.9176,4.953,1.504,0.157,0.145,,,250.0,286.0,,,60.78125695888163,83.36690240702731
COC[C@H]1CO[C@@H](C(C)C)OC1,"cis-5-methoxymethyl-2-(1-methylethyl)-1,3-dioxane",1.04,0.98,3.558,1.316,0.159,0.147,332.0,360.9,237.0,274.0,76.11164886933571,97.42318487655209,69.2263920059161,90.15890458227275
CCCCOC(C)C(=O)OCC,ethyl 2-butoxypropanoate,0.8952,0.8337,1.787,0.732,0.151,0.138,357.0,384.0,249.0,284.0,91.48615897608808,112.5118421305524,82.66862255688754,103.35805091801876
CCCCOC(=O)OCCCC,dibutyl carbonate,0.90595,0.84882,1.463,0.708,0.158,0.146,358.0,383.0,249.0,283.0,98.01126186709564,115.75424402043552,88.49516871920451,106.30914667936938
CC1(C)OOC(C)(C)OOC(C)(C)OO1,TATP (triacetone triperoxide),,,,,,,,,279.0,321.0,,,,
CC(C)COC(=O)OCC(C)C,isobutyl carbonate,0.999,0.936,1.902,0.748,0.146,0.134,345.0,374.0,248.0,285.0,87.4968962762279,109.41985550616928,79.7376430350773,101.3666780879861
CCCCCCCCC(=O)OO,nonaneperoxoic acid,1.05,0.998,5.429,1.603,0.162,0.149,,,250.0,286.0,,,60.74704741334323,83.72975810293035
CCOC1CCCC(OCC)O1,"trans-2,6-diethoxytetrahydro-2H-pyran",1.039,0.979,2.695,1.154,0.163,0.151,333.0,358.4,237.0,272.0,83.85167040886277,102.8587075499116,76.20173601135353,95.17909630753311
COC1(C)OCC(C(C)C)CO1,"trans-2-methoxy-2-methyl-5-(1-methylethyl)-1,3-dioxane",1.021,0.962,3.33,1.247,0.146,0.135,320.0,350.3,237.0,275.0,71.84017042257744,91.82617349423168,66.02149810339141,85.78271022965872
COC[C@H]1CO[C@@H](C(C)C)OC1,"cis-5-methoxymethyl-2-(1-methylethyl)-1,3-dioxane",0.72364,0.6745,1.147,0.489,0.098,0.0894,277.1,313.4,217.8,256.3,66.40862890120383,81.79904004821347,62.05925237717426,77.29947485298698
CCCCCCC(C)C,"(3RS,4RS)-dimethylheptane",0.716,0.666,1.089,0.465,0.113,0.103,278.4,313.9,214.4,252.9,81.87252656956458,100.65612293728516,76.07225130287587,94.72013467304642
CC(C)(C)CC(C)(C)C,"2,2,4,4-tetramethylpentane",0.70361,0.6522,0.91,0.506,0.093,0.0839,275.06,311.38,224.2,261.0,75.19689740253186,85.29262702734891,70.99418537617703,81.16144819974024
CCCCCCC(C)C,"(3RS,4SR)-dimethylheptane",0.716,0.666,1.089,0.465,0.113,0.103,280.7,315.9,216.6,254.9,82.062232705984,100.83611640308416,76.29102692351363,94.93025246717438
CCC(C)CC(C)(C)C,"2,2,4-trimethylhexane",0.70021,0.6512,0.785,0.491,0.102,0.0927,279.0,314.4,218.5,255.9,82.9813697632301,91.4237112350572,77.46755112959868,86.27941278172624
CCCCCCC(C)C,"(3RS,5RS)-dimethylheptane",0.712,0.66,1.011,0.439,0.112,0.102,287.3,321.1,223.8,260.3,84.73815154339965,103.36803811653682,78.98867262067819,97.44088935178686
CCCCCCC(C)C,"(3RS,5SR)-dimethylheptane",0.712,0.66,1.011,0.439,0.112,0.102,285.9,320.2,222.4,259.5,84.62179171265039,103.2864557840081,78.84936297697989,97.3565545140782
CC(C)CCC(C)(C)C,"2,2,5-trimethylhexane",0.69131,0.641,1.085,0.484,0.102,0.0924,281.8,317.3,217.6,255.4,76.5348541466715,92.49564334386449,71.16628652158852,87.01797715245976
CCCCCC(C)(C)C,"2,2-dimethylheptane",0.6944,0.6433,0.965,0.497,0.108,0.098,288.5,322.8,221.1,258.1,83.32836848182603,96.6611304131432,77.31907923251704,90.76634228406552
CC[C@H](C)[C@@H](C)C(C)C,"(R*,R*)-(.+-.)-2,3,4-trimethylhexane",0.708,0.658,1.031,0.456,0.107,0.098,280.3,316.1,221.5,259.5,80.09880544887059,97.84738070870256,74.96581939497531,92.56470337263524
COC[C@H]1CO[C@@H](C(C)C)OC1,"cis-5-(methoxymethyl)-2-(1-methylethyl)-1,3-dioxane",0.708,0.658,1.031,0.456,0.107,0.098,283.1,318.0,224.3,261.4,73.69034088255638,89.91901502947319,69.0189193179206,85.09555060759527
CC(C)C(C)(C)C(C)C,"2,3,3,4-tetramethylpentane",0.73989,0.6925,1.27,0.534,0.099,0.0905,288.0,323.3,228.0,266.1,70.90253236976687,87.62129657043481,66.39291126651983,82.95120778945838
CCCCCCCOC(=O)CO,heptyl hydroxyethanoate,0.74164,0.6925,1.106,0.563,0.094,0.086,280.29,315.6,222.2,261.1,65.32246395681904,76.60994135188857,61.19129461474488,72.63160920137042
CCCC(C)(C)C(C)C,"2,3,3-trimethylhexane",0.7187,0.6681,1.252,0.539,0.104,0.0944,287.7,324.3,222.7,262.0,75.10416602605244,91.83840042689106,69.88403006422425,86.48944046422979
CCCC(C)C(C)(C)C,"2,2,3-trimethylhexane",0.7177,0.671,1.198,0.507,0.103,0.0939,281.9,317.2,218.0,256.2,73.40873411581899,90.4358916913782,68.28790698067317,85.16263882115643
CC(C)CC(C)C(C)C,"2,3,5-trimethylhexane",0.7057,0.6545,0.992,0.428,0.108,0.098,284.9,321.0,221.3,259.6,82.43781775663358,100.70881717560708,76.78294627981705,94.87057621623306
CC[C@@H](C)[C@@H](C)C(C)C,"2,3,4-trimethylhexane",0.7225,0.6726,1.08,0.461,0.108,0.099,285.0,319.9,223.4,261.0,79.91789466809742,98.53739447096432,74.62653387216687,93.05539210554252
CCCCCCOC(=O)CCO,hexyl 3-hydroxypropanoate,,,,,,,,,,,,,,
CO[C@@H]1OCC[C@@H](C(C)(C)C)O1,"1,3-dioxane, 4-(1,1-dimethylethyl)-2-methoxy-, trans-",,,,,,,,,,,,,,
CCC(C)(CC)C(C)C,"2,3-dimethyl-3-ethylpentane",0.715,0.667,1.343,0.57,0.103,0.0947,282.2,317.1,221.8,259.5,71.65955700427278,88.71473041589111,66.96554597411757,83.85058063060384
CCCCCC[C@H](O)CC,(S)-(+)-3-nonanol,0.864,0.812,7.639,1.564,0.137,0.127,,,238.0,274.0,,,50.879840055825305,78.31697567515218
CCCCC[C@H](C)CCO,(R)-3-methyl-1-octanol,0.867,0.816,14.994,2.328,0.138,0.128,351.0,376.0,238.0,274.0,46.93749247185973,76.5595413175661,42.07809704030599,70.03872240154985
CCCC[C@@H](O)CC(C)C,(S)-2-methyl-4-octanol,0.837,0.786,5.376,1.17,0.129,0.12,,,238.0,275.0,,,53.49500358718253,81.22517457141228
CCC[C@H](C)CCCCO,(R)-5-methyl-1-octanol,0.856,0.807,14.019,2.23,0.137,0.127,344.0,369.9,238.0,274.0,46.785967429543874,75.84375968437716,42.1806067192557,69.7038817702759
CCCCCOC(C)(C)C,"1,1-dimethylethyl pentyl ether",0.7538,0.7003,1.393,0.614,0.123,0.112,313.0,343.2,238.0,273.0,82.74540635005553,99.96238193567784,76.6087487242553,93.73023352751296
COC(C)CCCC(C)C,"1,5-dimethylhexyl methyl ether",0.7774,0.7226,0.965,0.484,0.128,0.116,312.0,343.0,237.0,272.0,94.96617101161642,110.33572706674406,87.89819366025297,103.367058526885
CC(C)CCOCC(C)C,1-(2-methylpropoxy)-3-methylbutane,0.7469,0.6941,1.018,0.504,0.129,0.117,315.0,345.8,237.0,272.0,93.34542846704794,108.86790313464574,86.16581585625852,101.7589510472557
CCC(C)(CC(C)C)OC,"1-ethyl-1,3-dimethylbutyl methyl ether",0.7963,0.742,1.118,0.553,0.118,0.108,310.0,342.1,237.0,274.0,85.56460569256673,100.62120708125929,79.33974833975488,94.53040019744093
CCCC(O)(CC)CCC,1-ethyl-1-propyl-1-butanol,0.8179,0.7655,7.214,1.424,0.124,0.115,338.0,365.8,239.0,276.0,53.23648510423038,81.38971346015163,48.291248717828495,75.18942976619135
CO[C@@H]1OCC[C@H](C(C)(C)C)O1,"cis-4-(1,1-dimethylethyl)-2-methoxy-1,3-dioxane",,,,,,,,,221.4,259.5,,,,
CC(C)CC(C)CCCO,"1-heptanol, 4,6-dimethyl-",0.879,0.827,14.79,2.297,0.135,0.124,,,238.0,275.0,,,41.806293783996594,69.16455737823394
CCCCCC(C)(C)CO,"1-heptanol, 2,2-dimethyl-",0.857,0.804,14.002,2.114,0.126,0.117,349.0,375.8,239.0,276.0,45.23646246713217,74.5362068548693,40.666347953717896,68.33759199029606
CCCCC(CC)CCO,"1-heptanol, 3-ethyl-",0.8212,0.7737,14.613,2.326,0.137,0.127,346.0,371.7,238.0,274.0,45.915138563016235,74.39872621383464,41.32804775880398,68.2825239803886
CCC(CC)CCCCO,"1-heptanol, 5-ethyl-",0.8364,0.788,12.793,2.03,0.135,0.126,337.0,364.1,238.0,274.0,47.06399965054738,76.82384683661765,42.67736911086882,70.91921280586288
CC(C)(C)CCCCCO,"1-heptanol, 6,6-dimethyl-",0.8279,0.7777,16.91,2.443,0.126,0.117,346.0,372.6,239.0,276.0,42.14534115305111,70.31061141719863,37.979635868977425,64.61866560697085
CCCCCCCCCO,1-nonanol,0.81421,0.7701,6.816,1.467,0.1615,0.1503,356.5,418.0,230.6,267.8,63.25346811480024,96.7717930963208,55.95801718624147,85.37977662591672
CCCCC(C)(CC)CO,"1-hexanol, 2-ethyl-2-methyl-",0.853,0.802,16.413,2.369,0.125,0.117,344.0,371.1,239.0,276.0,42.37700195531738,71.15694935798236,38.25072473093976,65.47073854993637
CCC(C)CC(CC)CO,"1-hexanol, 2-ethyl-4-methyl-",0.8136,0.7658,10.202,1.724,0.129,0.12,328.0,357.9,238.0,275.0,48.008266162475074,77.02041607842665,43.86638109742126,71.51826686353844
CCC(C)(C)C(C)CCO,"1-hexanol, 3,4,4-trimethyl-",0.859,0.806,10.244,1.774,0.121,0.112,351.0,378.6,239.0,277.0,48.053657331501405,76.04371857777463,43.129545820935384,69.64512135819706
CCCCCC(O)CCCO,"1,4-nonanediol",0.9153,0.8711,39.331,5.74,0.164,0.152,,,256.0,293.0,,,34.56969410829011,58.42345630606822
CCCC(CC)C(C)CO,"1-hexanol, 3-ethyl-2-methyl-",0.8347,0.7856,9.584,1.629,0.128,0.12,326.0,355.9,238.0,275.0,48.8710895030971,78.72704393864049,44.73165927305181,73.21830461897743
CCCCCCOC(C)C,1-isopropoxyhexane,0.755,0.7017,1.073,0.527,0.134,0.122,319.0,348.4,237.0,271.0,95.11022242519252,111.32082806416408,87.48378969651522,103.72515850281896
CCC(OC(C)C)OC(C)C,"1,1-bis(1-methylethoxy)propane",0.864,0.801,1.169,0.587,0.137,0.124,338.0,369.1,253.0,289.0,97.56962655556876,113.0075377587226,89.93488373758392,105.49220152397385
CCCCC(O)CCCCO,"1,5-nonanediol",0.9227,0.878,54.189,7.517,0.171,0.158,,,256.0,293.0,,,32.65619187097262,55.859354535148434
CCOCCCCCOCC,"1,5-diethoxypentane",0.826,0.7729,1.247,0.763,0.158,0.145,352.0,376.5,253.0,286.0,102.33169878697704,112.5754877425677,93.2535846907696,104.197407448214
CCC(O)CCCCCCO,"1,7-nonanediol",0.9332,0.8881,43.935,6.306,0.166,0.154,,,256.0,293.0,,,33.99521911048042,57.76185113399536
CCCC(O)CCCCCO,"1,6-nonanediol",0.926,0.8816,36.717,5.445,0.162,0.151,,,256.0,293.0,,,34.979940067578674,59.09139559696656
CC(C)CCOCC(C)C,1-(2-methylpropoxy)-3-methylbutane,0.969,0.921,66.047,7.818,0.147,0.137,390.0,414.0,256.0,295.0,32.77675268160389,57.752210831510624,29.11637823544419,52.50097289541886
OCCCCCCCCCO,"1,9-nonanediol",,,,,,,,,256.0,292.0,,,,
CCCCOCCCCOC,1-butoxy-4-methoxybutane,0.8282,0.776,1.123,0.644,0.158,0.145,352.0,376.0,253.0,286.0,104.8859256795502,117.4647803052399,95.58121939897327,108.76348006606754
CCOCCOCCC(C)C,1-ethoxy-2-(3-methylbutoxy)ethane,0.889,0.83,1.575,0.747,0.151,0.138,349.0,374.6,253.0,287.0,95.31564767401792,112.41967574391394,87.06933214570844,104.30374244490817
CCOCCOCCC(C)C,1-ethoxy-2-(3-methylbutyoxy)ethane,0.8202,0.7647,1.609,0.758,0.15,0.137,348.0,374.0,253.0,287.0,92.61033579810756,109.42575472675746,84.66638560610478,101.57175268552476
CC(C)(O)C(C)(C)C(C)(C)O,"2,3,3,4-tetramethyl-2,4-pentanediol",,,,,,,,,257.0,298.0,,,,
CCCCCOCCOCC,1-ethoxy-2-pentoxyethane,0.8237,0.7689,1.335,0.728,0.156,0.143,351.0,375.3,253.0,286.0,100.27799929977448,113.84268842281864,91.45523526300536,105.46496627556468
CCCC(CO)(CO)CCC,"2,2-dipropyl-1,3-propanediol",,,,,,,,,256.0,294.0,,,,
CCOCCCCCCOC,1-ethoxy-6-methoxyhexane,0.8315,0.7791,1.275,0.77,0.158,0.145,352.0,376.0,253.0,286.0,101.31557288036744,111.82646663980552,92.32760198539344,103.54282912403065
CCC(O)(C(C)(C)O)C(C)(C)O,"3-ethyl-2,4-dimethyl-2,3,4-pentanetriol",,,,,,,,,274.0,316.0,,,,
CCCCCCOCC(O)CO,"3-(hexyloxy)-1,2-propanediol",1.039,0.989,6.737,1.921,0.18,0.167,411.0,432.0,272.0,308.0,69.91597972816122,95.62197108290358,62.251092260135486,86.94115997093483
CCCC(C)(OCC)OCC,"2,2-diethoxypentane",0.865,0.802,1.734,0.736,0.137,0.124,340.0,368.3,254.0,288.0,87.47160722055816,105.97599548414205,80.5826994037477,98.89220673652328
CC(C)C(C)(O)CC(C)(C)O,"2,4,5-trimethyl-2,4-hexanediol",0.9105,0.8559,10.873,2.103,0.126,0.116,,,256.0,297.0,,,43.58253115924568,67.97684092147945
CCCOC(C)(C)OCCC,"2,2-dipropoxypropane",0.858,0.797,1.748,0.765,0.137,0.124,332.0,361.1,254.0,288.0,85.90820051574569,103.30780337370447,79.67429030028032,96.93924246330972
CCOCC(O)COC(C)(C)C,1-Tert-butoxy-3-ethoxy-2-propanol,0.967,0.912,3.723,1.338,0.149,0.138,371.0,399.0,271.0,307.0,71.97330349148326,92.71339110390409,65.88716445812065,86.1233303954804
CCCOCC(C)OCC(C)O,"2-propanol, 1-(1-methyl-2-propoxyethoxy)-",0.90243,0.8501,2.914,1.153,0.16,0.148,,,270.0,306.0,,,73.18685783480194,93.0375576430467
O=C(O)c1ccc2c(c1)C(=O)OC2=O,"1,2,4-benzenetricarboxylic acid 1,2-anhydride",,,,,,,,,181.0,208.7,,,,
COCCOCCOC(C)(C)C,"2,2-dimethyl-3,6,9-trioxadecane",0.928,0.871,3.125,1.194,0.153,0.142,349.0,376.0,270.0,303.0,76.51147618117238,97.06932844880052,71.18236537135112,91.35061924682002
O=C1CC(=O)c2ccccc21,"1,3-indandione",,,,,,,,,150.3,176.7,,,,
CCCCOCCOCC(C)O,"4,7-dioxaundecan-2-ol",1.001,0.946,4.296,1.469,0.168,0.156,400.0,421.0,271.0,305.0,76.9729395632343,100.1280520450144,68.98788938647613,91.44895739172637
OCCCCCCCCCO,"1,9-nonanediol",1.006,0.951,4.871,1.577,0.169,0.157,401.0,422.0,271.0,305.0,76.69636127622613,101.34410009512474,68.69173876141585,92.49784675785226
O=c1ccoc2ccccc12,4H-1-benzopyran-4-one,,,,,,,,,149.1,175.2,,,,
CCCCCOCCOCCO,diethylene glycol monopentyl ether,0.928,0.8798,3.987,1.523,0.174,0.162,390.0,411.0,271.0,304.0,77.12485061967344,97.46878803357164,69.61809310496092,89.54146599454282
O=c1ccc2ccccc2o1,o-hydroxycinnamic acid lactone,,,,,,,,,149.1,175.2,,,,
O=C(O)C#Cc1ccccc1,phenylpropiolic acid,,,,,,,,,160.3,183.5,,,,
COCCOCCOCCOCCO,"3,6,9,12-tetraoxatridecanol",1.05,1.003,7.143,2.493,0.2,0.187,,,303.0,335.0,,,63.84550305706878,84.14272267684511
CCOC(OCC)(OCC)OCC,"ethane, 1,1',1'',1'''-[methanetetrayltetrakis(oxy)]tetrakis-",0.8937,0.835,3.469,1.341,0.171,0.156,397.0,420.0,286.0,319.0,82.11146006635524,102.03334606864402,74.87550597602774,94.43618251129988
O=C(O)c1cc(C(=O)O)cc(C(=O)O)c1,"1,3,5-benzenetricarboxylic acid",,,,,,,,,221.8,252.9,,,,
C1=Cc2ccccc2C1,1H-indene,0.9796,0.9277,1.296,0.623,0.161,0.15,192.5,215.2,131.3,158.2,94.1801524297299,113.49451765486472,84.57010913360506,104.08379924103772
O=CC=Cc1ccccc1,(E)-3-phenyl-2-propanal,1.0348,0.985,2.397,0.954,0.181,0.169,245.1,282.0,156.1,181.4,87.91938214868738,112.81313578567011,77.44022223226213,99.64586112525272
O=C1CCc2ccccc21,1-indanone,,,,,,,,,144.7,171.6,,,,
O=C(O)c1cccc(C(=O)O)c1C(=O)O,"1,2,3-benzenetricarboxylic acid",,,,,,,,,224.4,256.3,,,,
O=C1Cc2ccccc2C1,2-indanone,,,,,,,,,144.7,171.6,,,,
CCCOCCCOCC(C)O,1-(3-propoxypropoxy)-2-propanol,,,,,,,,,,,,,,
O=C(O)c1ccc(C(=O)O)c(C(=O)O)c1,"1,2,4-benzenetricarboxylic acid",1.45,1.41,82.759,14.894,0.166,0.16,,,222.7,253.8,,,24.505704754586947,40.11064754722036
O=C1CCOc2ccccc21,"2,3-dihydro-4H-1-benzopyran-4-one",1.28,1.224,,,,,239.0,260.0,158.0,186.2,,,,
C#CCc1ccccc1,3-phenyl-1-propyne,0.9195,0.8662,1.74,0.785,0.106,0.098,229.9,247.3,150.3,174.0,67.99117929248088,82.05633766164637,60.32956898858323,74.33009523527247
C#Cc1ccc(C)cc1,"benzene, 1-ethynyl-4-methyl-",0.8981,0.8505,2.561,1.046,0.094,0.088,227.3,244.6,151.4,174.8,54.016458461255944,67.6536987432726,48.181919100277305,61.552493200465285
O=C(O)/C=C\c1ccccc1,3-phenyl-2-propenoic acid,,,,,,,,,166.0,192.4,,,,
CC#Cc1ccccc1,"benzene, 1-propynyl-",0.9225,0.8742,1.355,0.606,0.142,0.133,206.8,225.5,145.9,168.9,84.97599885476957,104.16925355680694,77.03368378248445,96.03546623345676
OCC#Cc1ccccc1,"2-propyn-1-ol, 3-phenyl-",1.042,0.998,17.274,4.008,0.157,0.15,,,163.3,187.2,,,39.23462182275799,59.51067280435651
Cc1cc2ccccc2o1,2-methylcumarone,1.109,1.049,2.254,0.791,0.165,0.154,223.7,243.2,146.8,172.7,85.9633891578529,112.43935935719608,76.35764535838429,102.11678768312244
O=CC=Cc1ccccc1,trans-cinnamaldehyde,1.019,0.972,3.435,1.142,0.17,0.161,229.7,248.6,156.1,181.4,73.37733405134986,98.35096870622988,65.82207629508379,90.00752986006438
O=C(O)/C=C/c1ccc(O)cc1,3-(4-hydroxyphenyl)-2-propenoic acid,,,,,,,,,186.0,214.0,,,,
O=C1CCc2ccccc2O1,E-(2-hydroxyphenyl)-propenoic acid,,,,,,,,,186.0,214.0,,,,
O=c1oc2ccccc2cc1O,3-hydroxycoumarin,,,,,,,,,,,,,,
O=c1cc(O)c2ccccc2o1,4-hydroxycoumarin,,,,,,,,,,,,,,
O=C1CCc2ccccc2O1,dihydrocoumarin,1.25,1.203,17.6,4.323,0.174,0.165,249.0,268.0,158.0,186.2,46.67782829264243,68.08216785365916,41.071636182895766,61.453177219044456
COC(=O)c1ccc(C(=O)O)cc1,"1,4-benzenedicarboxylic acid, monomethyl ester",,,,,,,,,190.0,220.0,,,,
c1coc(Cc2ccco2)c1,"furan, 2,2'-methylenebis-",1.0758,1.013,1.58,0.74,0.16,0.148,236.6,258.1,159.1,186.6,92.5920701892009,111.05364885301184,82.8119992129331,101.36880133362064
O=c1ccc2ccc(O)cc2o1,umbelliferone,,,,,,,,,,,,,,
Cc1c(C(=O)O)cccc1C(=O)O,"2-methylbenzene-1,3-dicarboxylic acid",,,,,,,,,194.0,222.0,,,,
O=C1OC(=O)[C@H]2[C@@H]1[C@H]1C=C[C@H]2C1,"3a.alpha.,4.alpha.,7.alpha.,7a.alpha.-3a,4,7,7a-tetrahydro-4,7-methanoisobenzofuran-1,3-dione",,,,,,,,,162.0,192.9,,,,
CC(=O)Oc1cccc(C(=O)O)c1,3-acetoxybenzoic acid,,,,,,,,,190.0,220.0,,,,
COc1cccc(C(=O)O)c1C(=O)O,3-methoxyphthalic acid,,,,,,,,,210.0,238.0,,,,
COC(=O)c1ccccc1C(=O)O,methyl hydrogen phthalate,,,,,,,,,190.0,220.0,,,,
CC(=O)Oc1ccccc1C(=O)O,2-acetoxybenzoic acid,,,,,,,,,190.0,220.0,,,,
CC(=O)Oc1ccc(C(=O)O)cc1,"benzoic acid, 4-(acetyloxy)-",1.325,1.269,38.491,6.619,0.166,0.157,,,190.0,220.0,,,33.36559335264052,54.81292858550531
O=C(O)/C=C/c1ccc(O)c(O)c1,"trans-3,4-dihydroxycinnamic acid",,,,,,,,,207.0,236.0,,,,
O=C1Cc2ccccc2CO1,"3H-2-benzopyran-3-one, 1,4-dihydro-",,,,,,,,,,,,,,
O=C(O)C=Cc1ccccc1,"cinnamic acid, (E)-",,,,,,,,,166.0,192.4,,,,
O=COO,peroxyformic acid,1.371,1.262,0.751,0.365,0.279,0.26,,,,,,,,
O=C(O)C1COc2ccccc2O1,"1,4-benzodioxan-2-carboxylic acid",,,,,,,,,,,,,,
O=C(O)O,carbonic acid,,,,,,,,,59.7,64.9,,,,
